player_id,player_name,position,team,salary,site_player_id,season_avg,recent_form,matchup_factor,vegas_factor,final_projection,opponent,implied_total,over_under,games_played,participation_effective,sigma,sigma_source,statline_p10,statline_p90,proj_pass_att,proj_pass_yd,proj_pass_td,proj_rush_att,proj_rush_yd,proj_rush_td,proj_targets,proj_rec,proj_rec_yd,proj_rec_td,engine_projection,stack_delta,dk_avg_ppg,ffc_own_pct,chalk_score,estimated_ownership_pct,estimated_ownership_pct_heuristic,roster_role,slate_format,ownership_available
00-0039139,Jahmyr Gibbs,RB,DET,8000,43727325,18.4319,18.4319,1.0,1.2670100600628522,23.3534605989352,NO,28.39,49.83,17.0,1.0,10.7844,statline_mc+recal_10_4b,0.8326768276169592,53.42576144815619,0.0,0.0,0.0,19.34575,119.70078035910443,1.116,5.011,3.99875,39.06840345045469,0.2475,29.41191838095591,-6.05845778202071,22.3,49.5,97.9875,44.832829833020085,37.0044793668345,,classic,True
00-0036442,Joe Burrow,QB,CIN,6900,43727235,18.4314,18.4314,1.0,1.2076538297041486,22.258742678658656,TB,27.06,50.44,8.0,1.0,8.2643,statline_mc+recal_10_4b,7.646406751572888,39.672092242056856,36.53675,308.9377187602557,2.61825,1.676,8.065888211999017,0.0835,0.0,0.0,0.0,0.0,24.541597571610133,-2.2828548929514767,18.2,16.1,95.79737432108121,9.61277464693196,13.028552582405398,,classic,True
00-0034857,Josh Allen,QB,BUF,7000,43727234,21.1256,21.1256,1.0,1.017981665024081,21.505452086602773,HOU,22.81,44.5,16.0,1.0,8.1763,statline_mc+recal_10_4b,7.816547401993171,37.84995209814749,32.473,261.88381097840414,1.74625,4.7965,23.52152435924038,0.402,0.0,0.0,0.0,0.0,22.238754875060202,-0.7333027884574292,23.3,,81.02631205001896,4.087794933153776,4.536099151548678,,classic,True
00-0033106,Jared Goff,QB,DET,6000,43727241,16.8338,16.8338,1.0,1.2670100600628522,21.328565497964952,NO,28.39,49.83,17.0,1.0,8.3273,statline_mc+recal_10_4b,5.283277908127326,39.5673160444917,37.35275,369.11281010009765,2.6245,2.1335,9.594935901999696,0.1005,0.0,0.0,0.0,0.0,27.85525599420388,-6.526690496238928,19.3,9.1,95.04941897183276,10.875106821635043,12.350763949362882,,classic,True
00-0034796,Lamar Jackson,QB,BAL,6800,43727236,18.6147,18.6147,1.0,1.1407107127582423,21.23401555556132,IND,25.56,48.17,13.0,1.0,8.1821,statline_mc+recal_10_4b,7.632160519121975,37.838073477245146,30.8725,291.649814433977,2.20575,2.5235,13.726924002467658,0.11075,0.0,0.0,0.0,0.0,22.828934977605844,-1.5949194220445229,17.3,6.0,91.12953138815207,9.228696342227058,9.33458154142069,,classic,True
00-0036355,Justin Herbert,QB,LAC,6100,43727240,16.573,16.573,1.0,1.2580843111367315,20.850248047447916,ARI,28.19,47.17,16.0,1.0,8.2965,statline_mc+recal_10_4b,5.524516143420982,38.12587478611244,34.867,320.6998541439593,2.23275,4.1395,28.694231270747856,0.17725,0.0,0.0,0.0,0.0,26.17341729283316,-5.323169245385245,19.1,14.7,91.24526335733232,11.560189597960168,9.412066331378915,,classic,True
00-0036963,Amon-Ra St. Brown,WR,DET,7500,43727633,16.2184,16.2184,1.0,1.2670100600628522,20.548931128097152,NO,28.39,49.83,17.0,1.0,10.2164,statline_mc+recal_10_4b,3.849945735429216,45.253021428317126,0.0,0.0,0.0,0.0,0.0,0.0,10.39225,6.926,101.82779246311844,0.75875,22.563279246311847,-2.014348118214695,19.9,35.4,97.70381773399015,31.899229572962756,16.866113058294584,,classic,True
00-0038542,Bijan Robinson,RB,ATL,7700,43727327,26.691,26.691,1.0,0.7662755453074735,20.45265981174864,PIT,17.17,40.78,17.0,1.0,9.2341,statline_mc+recal_10_4b,6.404737318604244,39.62731708629802,0.0,0.0,0.0,19.918,74.32025103226051,0.405,6.071,4.609,33.9042582213255,0.15825,19.6277009253586,0.8249588863900392,23.2,25.3,69.99110448970147,17.91806096165647,2.9034860599888384,,classic,True
00-0036389,Jalen Hurts,QB,PHI,6600,43727237,18.0954,18.0954,1.0,1.1170574781040223,20.213613997820758,WAS,25.03,44.17,16.0,1.0,8.1094,statline_mc+recal_10_4b,7.371239075570708,35.67524660641355,33.53725,266.75440723644897,1.983,3.502,15.372135025009019,0.23175,0.0,0.0,0.0,0.0,21.72763979195886,-1.514025794138103,19.1,11.9,82.59607490210936,8.73747250336518,5.0743241467230575,,classic,True
00-0039918,Caleb Williams,QB,CHI,6300,43727239,16.9038,16.9038,1.0,1.1130408910872678,18.814629635417056,CAR,24.94,46.94,17.0,1.0,8.0842,statline_mc+recal_10_4b,6.483276228563801,33.77093496537972,35.01275,269.9326097834363,1.813,2.55725,13.63640881972286,0.11625,0.0,0.0,0.0,0.0,20.372945273309735,-1.5583156378926795,19.8,,83.86545566502463,1.6043837486304946,5.55591650840341,,classic,True
00-0036971,Trevor Lawrence,QB,JAX,5800,43727243,17.252,17.252,1.0,1.0898339438793538,18.801780220194452,CLE,24.42,40.11,17.0,1.0,8.2507,statline_mc+recal_10_4b,4.38003555705645,35.728489473829335,32.94225,256.5448110636133,1.81325,6.35425,30.50125885876725,0.48025,0.0,0.0,0.0,0.0,23.351918328421256,-4.550138108226804,21.0,7.4,76.44609700644183,8.654142286582562,3.270389881424276,,classic,True
00-0036900,Ja'Marr Chase,WR,CIN,7800,43727631,15.2849,15.2849,1.0,1.2076538297041486,18.4588778777502,TB,27.06,50.44,16.0,1.0,8.9907,statline_mc+recal_10_4b,7.179339785431813,34.816505560966164,0.0,0.0,0.0,0.059,0.5237531245475578,0.00275,7.67275,5.0975,69.08206404590169,0.3995,15.064831717044925,3.394046160705276,21.0,53.7,96.88190918277125,34.036789898082155,16.070075896700978,,classic,True
00-0036223,Jonathan Taylor,RB,IND,7300,43727329,17.5752,17.5752,1.0,1.0090559160979602,17.734355919257183,BAL,22.61,48.17,17.0,1.0,9.0288,statline_mc+recal_10_4b,5.033953849292408,35.73298590859506,0.0,0.0,0.0,12.7455,63.19293412966063,0.63025,3.088,2.45025,21.145673614692935,0.09575,15.834110774435358,1.9002451448218256,22.3,18.6,86.99803189848029,16.89742542066518,13.62622731423437,,classic,True
00-0036322,Justin Jefferson,WR,MIN,7300,43727635,16.5541,16.5541,1.0,1.0635029845472972,17.605315443916297,GB,23.83,46.06,17.0,1.0,8.2862,statline_mc+recal_10_4b,8.409917843201708,31.980788753865173,0.0,0.0,0.0,0.2505,1.729323898311171,0.011,7.4325,4.42925,57.30737358820502,0.22975,12.24816974865162,5.357145695264677,12.4,8.1,87.80356353416698,17.539269980707925,9.42097484862128,,classic,True
00-0034855,Baker Mayfield,QB,TB,5900,43727242,16.6183,16.6183,1.0,1.0438663369098313,17.347264442722945,CIN,23.39,50.44,17.0,1.0,8.0552,statline_mc+recal_10_4b,5.432239321384908,31.91436519244329,34.6435,249.24382206325384,1.752,3.17425,18.576639264235148,0.114,0.0,0.0,0.0,0.0,19.46541680895367,-2.1181523662307242,17.2,5.6,84.85577515157256,4.597590971999579,5.9631597719896785,,classic,True
00-0039910,Jayden Daniels,QB,WAS,6500,43727238,19.6809,19.6809,1.0,0.8541941722297637,16.81128040414105,PHI,19.14,44.17,7.0,1.0,7.8476,statline_mc+recal_10_4b,7.37782199885511,27.943191806960407,30.68375,181.00833539804796,1.12875,5.80425,23.250171016501533,0.20225,0.0,0.0,0.0,0.0,14.645350517572071,2.1659298865689802,17.0,,64.62098964254136,1.0557711250126338,1.4053110716684083,,classic,True
00-0032764,Derrick Henry,RB,BAL,6700,43727341,14.666,14.666,1.0,1.1407107127582423,16.729672958547127,IND,25.56,48.17,17.0,1.0,9.5137,statline_mc+recal_10_4b,2.3407548945472243,38.74317543425285,0.0,0.0,0.0,15.26325,88.0253017289581,0.83825,0.943,0.6965,6.830908041569121,0.02675,16.144370977052724,0.5853019814944034,18.0,14.0,92.08395047442721,20.052587411654827,21.635871369370403,,classic,True
00-0037239,Chris Olave,WR,NO,6700,43727639,17.4076,17.4076,1.0,0.9568402848801533,16.656320076883247,DET,21.44,49.83,16.0,1.0,9.2038,statline_mc+recal_10_4b,5.175142122060251,33.06641887280629,0.0,0.0,0.0,0.0,0.0,0.0,9.048,5.742,67.0425072545881,0.4705,15.826750725458808,0.8295693514244391,17.4,7.0,83.35006947075912,17.387704248595007,7.249759756801492,,classic,True
00-0037744,Trey McBride,TE,ARI,6800,43728217,19.4686,19.4686,1.0,0.8466072856425609,16.482286306278677,LAC,18.97,47.17,17.0,1.0,7.3472,statline_mc+recal_10_4b,6.1633160081712095,30.52115555782143,0.0,0.0,0.0,0.0,0.0,0.0,8.83575,6.43825,54.8074120539943,0.466,15.126241205399431,1.3560451008792462,19.1,,76.66124484927347,3.865727058474589,2.9661218662792512,,classic,True
00-0039064,Zay Flowers,WR,BAL,6400,43727645,14.4302,14.4302,1.0,1.1407107127582423,16.460740524353454,IND,25.56,48.17,17.0,1.0,8.8735,statline_mc+recal_10_4b,5.152801394575375,33.319419268536805,0.0,0.0,0.0,0.178,1.2499352737074927,0.01,6.4685,4.51075,70.23017601118339,0.329,14.303511128489088,2.1572293958643662,15.0,11.6,92.57641783503853,18.494197308622258,12.474601605465647,,classic,True
00-0038597,Chase Brown,RB,CIN,7100,43727333,13.6183,13.6183,1.0,1.2076538297041486,16.446245759804718,TB,27.06,50.44,17.0,1.0,8.4815,statline_mc+recal_10_4b,5.005919422396197,32.65711140558521,0.0,0.0,0.0,11.15925,57.96548490304424,0.3575,3.48525,2.68925,21.84641453817195,0.17075,14.41393994412162,2.032305815683099,17.2,4.6,94.10041319524801,14.178232393612772,25.988845885796973,,classic,True
00-0040743,Tyler Shough,QB,NO,5600,43727245,16.9812,16.9812,1.0,0.9568402848801533,16.248288275418815,DET,21.44,49.83,11.0,1.0,8.0371,statline_mc+recal_10_4b,4.458943608692402,30.259944432218337,35.63725,248.67429385894604,1.14975,6.6025,26.137941196607454,0.3075,0.0,0.0,0.0,0.0,18.788265874018588,-2.539977598599773,15.6,,75.21820133889099,0.6870285856687354,2.995773236979195,,classic,True
00-0035710,Daniel Jones,QB,IND,5400,43727247,16.0112,16.0112,1.0,1.0090559160979602,16.156225821802387,BAL,22.61,48.17,13.0,1.0,8.0612,statline_mc+recal_10_4b,4.068656027044014,30.713092499215673,34.96325,284.550684625679,1.69525,1.7875,7.240200428611124,0.11375,0.0,0.0,0.0,0.0,19.783547427888276,-3.6273216060858893,18.7,,78.46453833522799,2.3987046717980793,3.777579982073462,,classic,True
00-0034844,Saquon Barkley,RB,PHI,6900,43727337,14.3988,14.3988,1.0,1.1170574781040223,16.084284975111103,WAS,25.03,44.17,16.0,1.0,8.4436,statline_mc+recal_10_4b,5.605057937112051,31.346419204897288,0.0,0.0,0.0,14.3625,63.738898041442766,0.42875,1.81325,1.342,12.1044846194227,0.07275,12.460338266086548,3.6239467090245547,15.4,23.2,83.12634999614285,14.94108336637774,9.583331934124,,classic,True
00-0040666,Omarion Hampton,RB,LAC,6800,43727339,12.6615,12.6615,1.0,1.2580843111367315,15.929283083673548,ARI,28.19,47.17,9.0,1.0,8.8023,statline_mc+recal_10_4b,3.6043990371704058,33.699269415095614,0.0,0.0,0.0,10.94725,59.403918639370644,0.4055,3.89575,3.218,28.65786778765801,0.15375,16.00417864270287,-0.07489555902932032,13.9,4.9,90.84442258736402,12.380531547445594,19.330193343277127,,classic,True
00-0036264,Jordan Love,QB,GB,5700,43727244,16.0406,16.0406,1.0,0.9916507056920244,15.906653841751645,MIN,22.22,46.06,15.0,1.0,7.9385,statline_mc+recal_10_4b,5.347455791364974,29.431388561886518,31.02425,237.04888826353795,1.603,2.5875,10.799088799285228,0.07425,0.0,0.0,0.0,0.0,17.415114410470043,-1.508460568718398,17.6,,72.44797587469999,0.702653247117555,2.4579535826142167,,classic,True
00-0036973,Travis Etienne Jr.,RB,NO,5900,43727355,16.0554,16.0554,1.0,0.9568402848801533,15.362477280100707,DET,21.44,49.83,17.0,1.0,9.6255,statline_mc+recal_10_4b,0.0,37.49265148668879,0.0,0.0,0.0,25.974,103.69371300436946,0.679,2.37,1.69525,13.115335376418821,0.12225,19.135654838078825,-3.7731775579781175,15.7,25.6,80.14444958728689,17.59862736708553,7.307808815753198,,classic,True
00-0040122,Ashton Jeanty,RB,LV,6600,43727343,15.5639,15.5639,1.0,0.9679974710378043,15.065822338509602,MIA,21.69,40.39,17.0,1.0,8.2032,statline_mc+recal_10_4b,5.397163688557073,29.49274298024838,0.0,0.0,0.0,13.42875,49.867263176141364,0.298,3.4355,2.58,17.194878294559206,0.1525,12.373964147070058,2.691858191439543,14.8,17.5,70.28933310190543,8.661999259148404,2.9832812839059466,,classic,True
00-0037248,James Cook III,RB,BUF,7200,43727331,14.7595,14.7595,1.0,1.017981665024081,15.024867968463854,HOU,22.81,44.5,17.0,1.0,7.9505,statline_mc+recal_10_4b,6.109075844967195,27.846520974781058,0.0,0.0,0.0,9.015,46.82121423693256,0.341,2.2855,1.79525,14.957369751361112,0.07975,10.869858398829368,4.155009569634485,18.8,,77.84576776209211,2.918815931426281,5.9296927698729105,,classic,True
00-0023459,Aaron Rodgers,QB,PIT,5300,43727249,14.2557,14.2557,1.0,1.0536846607285644,15.020967329704696,ATL,23.61,40.78,16.0,1.0,7.9714,statline_mc+recal_10_4b,3.969099281204584,28.635960973664364,35.2215,246.47176337693648,1.735,1.45175,5.8213838495286305,0.06525,0.0,0.0,0.0,0.0,17.82125892003032,-2.8002915903256245,14.1,,71.09830901856763,0.6222142313862876,2.232058717548636,,classic,True
00-0038128,Malik Willis,QB,MIA,5300,43727248,17.7165,17.7165,1.0,0.8341112371459919,14.777506342511792,LV,18.69,40.39,4.0,1.0,7.9036,statline_mc+recal_10_4b,4.177030323080082,27.812721432511932,30.74375,241.6219345449247,1.39175,3.4945,13.360451255897098,0.13375,0.0,0.0,0.0,0.0,17.2714225073867,-2.493916164874907,13.0,,57.62086333207022,0.8950116136523344,0.8523565612544717,,classic,True
00-0035228,Kyler Murray,QB,MIN,5500,43727246,13.8448,13.8448,1.0,1.0635029845472972,14.724003375672275,GB,23.83,46.06,5.0,1.0,7.852,statline_mc+recal_10_4b,4.887366646194679,26.62404898577492,31.57875,207.7413947889278,1.35675,3.4455,17.469877535505038,0.14575,0.0,0.0,0.0,0.0,15.947393545107618,-1.2233901694353424,16.4,,74.20637552103068,1.3071049522653007,2.786897866667413,,classic,True
00-0039150,Bryce Young,QB,CAR,5200,43727251,14.7961,14.7961,1.0,0.9818323818732916,14.527241938800104,CHI,22.0,46.94,16.0,1.0,7.9984,statline_mc+recal_10_4b,3.41238643814616,28.150821145309173,33.33475,208.004073052498,1.52325,5.14675,21.36906700039152,0.21075,0.0,0.0,0.0,0.0,17.30781962213907,-2.780577683338967,15.4,9.8,70.45065207780725,4.145821726444832,2.1311529860339533,,classic,True
00-0039163,C.J. Stroud,QB,HOU,5200,43727250,14.9535,14.9535,1.0,0.9679974710378043,14.474969976299118,BUF,21.69,44.5,14.0,1.0,7.9555,statline_mc+recal_10_4b,3.6671335350497047,28.13888897131179,33.34125,233.30599439653636,1.48125,3.381,14.455279617651689,0.1185,0.0,0.0,0.0,0.0,17.18976773762662,-2.714797761327503,15.0,,65.4538098395857,1.379178860413049,1.4914455814695935,,classic,True
00-0036554,Nico Collins,WR,HOU,7000,43727637,14.8926,14.8926,1.0,0.9679974710378043,14.416029055129354,BUF,21.69,44.5,15.0,1.0,7.9292,statline_mc+recal_10_4b,6.337519269464485,27.134795015797287,0.0,0.0,0.0,0.07825,0.3835868157023198,0.002,5.66275,3.3835,48.46091014198665,0.2695,10.250449695768896,4.165579359360457,15.1,,75.52706991284577,1.176766456271626,4.575847313617883,,classic,True
00-0039040,De'Von Achane,RB,MIA,7000,43727335,16.7098,16.7098,1.0,0.8341112371459919,13.937848960208434,LV,18.69,40.39,16.0,1.0,7.537,statline_mc+recal_10_4b,6.1509459155338115,24.77962376540549,0.0,0.0,0.0,8.4795,38.64172696874637,0.2235,3.13625,2.439,15.491619188186037,0.09425,10.028584615693243,3.909264344515192,20.9,17.2,63.85178006634266,6.486986553268423,1.661617794184943,,classic,True
00-0040126,Colston Loveland,TE,CHI,5300,43728219,12.5108,12.5108,1.0,1.1130408910872678,13.92508496816853,CAR,24.94,46.94,16.0,1.0,7.5802,statline_mc+recal_10_4b,3.1021466995232747,30.057487012588027,0.0,0.0,0.0,0.0,0.0,0.0,6.85,4.7255,62.84153144641743,0.47925,14.422903144641744,-0.49781817647321347,11.4,5.6,89.77688408154413,10.27223851274333,6.415798862805962,,classic,True
00-0038117,Wan'Dale Robinson,WR,TEN,4800,43727699,15.5413,15.5413,1.0,0.8952526172899195,13.913370642832264,NYJ,20.06,39.22,16.0,0.8,8.2125,statline_mc+recal_10_4b,4.589543444321661,27.639585412203463,0.0,0.0,0.0,0.26175,1.3152222081921048,0.00875,8.0565,5.23425,53.96455381848401,0.27275,12.884727602667612,1.0286430401646527,14.2,,58.06298076923077,6.249790755554619,1.638027092615487,,classic,True
00-0036912,DeVonta Smith,WR,PHI,6600,43727641,12.3031,12.3031,1.0,1.1170574781040223,13.743315233916402,WAS,25.03,44.17,17.0,1.0,8.3587,statline_mc+recal_10_4b,4.418330681455714,28.278935076491457,0.0,0.0,0.0,0.0,0.0,0.0,5.868,3.91,57.22884300717182,0.275,11.739134300717181,2.004180933199221,12.4,6.3,82.70596501199948,10.475805056839302,6.9802158038303155,,classic,True
00-0037238,Drake London,WR,ATL,6500,43727643,17.7018,17.7018,1.0,0.7662755453074735,13.56443753077974,PIT,17.17,40.78,12.0,1.0,7.7262,statline_mc+recal_10_4b,5.736083304176227,25.28784602958246,0.0,0.0,0.0,0.0,0.0,0.0,6.6165,4.03775,41.98181406469208,0.27625,10.189681406469209,3.3747561243105313,18.2,9.8,66.60860332196538,10.329030511092693,2.7079075230405114,,classic,True
00-0033119,Jacoby Brissett,QB,ARI,5100,43727253,15.9631,15.9631,1.0,0.8466072856425609,13.514438304873128,LAC,18.97,47.17,14.0,1.0,7.8765,statline_mc+recal_10_4b,3.372848000816407,25.841870886180995,35.02725,206.1988309550475,1.4315,3.78725,13.273819996112145,0.129,0.0,0.0,0.0,0.0,15.622085237813117,-2.107646932939989,18.0,,62.786408993305535,1.2192828889920202,1.2327127228629058,,classic,True
00-0039361,Bucky Irving,RB,TB,5700,43727359,12.8445,12.8445,1.0,1.0438663369098313,13.407963031841279,CIN,23.39,50.44,10.0,1.0,8.4433,statline_mc+recal_10_4b,3.003237591914823,29.218131200561153,0.0,0.0,0.0,15.97975,61.07350915551626,0.25875,2.698,2.16425,19.916377348005422,0.11625,13.05423865035217,0.35372438148910845,14.3,9.5,85.77159511687108,12.218539878909848,12.188613079185865,,classic,True
00-0037240,Jameson Williams,WR,DET,6000,43727653,10.5319,10.5319,1.0,1.2670100600628522,13.344040269057256,NO,28.39,49.83,17.0,1.0,9.3081,statline_mc+recal_10_4b,1.6109707281310026,31.311356072238368,0.0,0.0,0.0,0.103,0.5919922771877645,0.00375,5.94875,3.76225,75.12230314413017,0.416,14.503679542131794,-1.1596392730745375,13.6,,93.93220285461663,5.3227354099602024,13.510224452912242,,classic,True
00-0038606,Parker Washington,WR,JAX,5600,43727669,12.1003,12.1003,1.0,1.0898339438793538,13.187338242735883,CLE,24.42,40.11,16.0,1.0,8.7878,statline_mc+recal_10_4b,2.630459002994936,28.908281157879767,0.0,0.0,0.0,0.35875,1.9379576577921234,0.01575,6.6305,4.0355,64.05764982791207,0.362,13.44156074857042,-0.2542225058345373,12.8,,77.85635341669824,4.028787503764234,5.247798017797232,,classic,True
00-0035640,DK Metcalf,WR,PIT,5400,43727675,12.4428,12.4428,1.0,1.0536846607285644,13.110811736121876,ATL,23.61,40.78,15.0,1.0,9.0744,statline_mc+recal_10_4b,1.375317015269104,30.663424790912593,0.0,0.0,0.0,0.15625,1.0307367456402041,0.008,8.064,4.83975,71.43102617530747,0.46725,15.546176292094765,-2.435364555972889,12.5,,78.6624115826702,4.516533090699735,5.502616738172751,,classic,True
00-0035659,Terry McLaurin,WR,WAS,5700,43727663,15.293,15.293,1.0,0.8541941722297637,13.063163454245514,PHI,19.14,44.17,10.0,1.0,8.0495,statline_mc+recal_10_4b,4.481525918112842,25.836723926482613,0.0,0.0,0.0,0.0,0.0,0.0,6.6035,4.088,50.047148574423275,0.2785,11.138214857442327,1.924948596803187,11.4,,70.59168561323733,3.4554020381918145,3.422855565068198,,classic,True
00-0037740,Garrett Wilson,WR,NYJ,5800,43727661,15.1199,15.1199,1.0,0.8555330345686819,12.935532815673021,TEN,19.17,39.22,7.0,1.0,7.2547,statline_mc+recal_10_4b,6.507098780222966,21.566697657773666,0.0,0.0,0.0,0.0,0.0,0.0,5.27,3.211,32.87784982167593,0.24675,8.162534982167594,4.772997833505427,14.2,36.8,65.9775641025641,18.766055728446222,2.6092328497811192,,classic,True
00-0035261,Tony Pollard,RB,TEN,5600,43727361,14.3728,14.3728,1.0,0.8952526172899195,12.867287175834692,NYJ,20.06,39.22,17.0,1.0,8.4761,statline_mc+recal_10_4b,2.8602098198930923,27.72666437584595,0.0,0.0,0.0,17.05975,65.83322386408386,0.35,2.31875,1.81725,11.421354434376333,0.04825,12.464457829846019,0.4028293459886729,11.6,,63.55372020365656,2.2453108899870022,1.6171985326361722,,classic,True
00-0036275,D'Andre Swift,RB,CHI,6100,43727351,11.4543,11.4543,1.0,1.1130408910872678,12.749132108734205,CAR,24.94,46.94,16.0,1.0,8.373,statline_mc+recal_10_4b,2.6034711874440593,28.11875904234165,0.0,0.0,0.0,10.8035,58.3987323457884,0.43525,1.922,1.3975,13.681766773060707,0.0635,12.076799911884912,0.6723321968492932,14.7,,82.13007694978015,2.643724350983386,8.75351256336374,,classic,True
00-0038124,Christian Watson,WR,GB,5900,43727655,12.8269,12.8269,1.0,0.9916507056920244,12.719806662018648,MIN,22.22,46.06,10.0,1.0,8.1898,statline_mc+recal_10_4b,3.943542649904976,26.41125943003756,0.0,0.0,0.0,0.069,0.354501373571895,0.00225,5.31525,3.3155,50.40555751414423,0.3535,10.925005888771613,1.7948007732470348,13.5,,78.1439465706707,3.232841821124593,5.3373314937032985,,classic,True
00-0040124,Tetairoa McMillan,WR,CAR,6100,43727651,12.9495,12.9495,1.0,0.9818323818732916,12.714275921228053,CHI,22.0,46.94,17.0,1.0,8.074,statline_mc+recal_10_4b,4.091388341144125,26.10214246630489,0.0,0.0,0.0,0.0,0.0,0.0,5.947,3.4855,49.35745537933909,0.3135,10.70174553793391,2.012530383294143,12.9,20.4,78.27116489832007,13.212390812727973,5.377422869287909,,classic,True
00-0037228,Jaylen Warren,RB,PIT,5400,43727369,11.9377,11.9377,1.0,1.0536846607285644,12.578541575115114,ATL,23.61,40.78,16.0,1.0,8.7118,statline_mc+recal_10_4b,1.2031642105938642,28.98864954578032,0.0,0.0,0.0,13.0515,62.81665886571468,0.4065,2.98175,2.455,20.319979425477694,0.10375,14.397913829119238,-1.819372254004124,13.5,,74.3998061791252,3.8908069516368764,4.334920051003561,,classic,True
00-0038120,Breece Hall,RB,NYJ,6200,43727349,14.6743,14.6743,1.0,0.8555330345686819,12.554337579351955,TEN,19.17,39.22,16.0,1.0,7.3968,statline_mc+recal_10_4b,5.14355024507481,23.691671728614324,0.0,0.0,0.0,12.641,46.515096147292816,0.22775,1.95975,1.4725,10.83895213261847,0.0425,9.14890482799113,3.4054327513608253,13.9,8.8,62.288870246085004,6.968520821768455,1.4415356826985437,,classic,True
00-0036410,Tee Higgins,WR,CIN,6300,43727647,10.2408,10.2408,1.0,1.2076538297041486,12.367298674618919,TB,27.06,50.44,15.0,0.8,7.8409,statline_mc+recal_10_4b,4.602138473660963,24.599764553438348,0.0,0.0,0.0,0.0,0.0,0.0,4.01525,2.43575,40.427014770442355,0.3635,8.966701477044236,3.400597197574683,14.3,6.7,78.97778159340658,4.006574821358595,5.605649490380902,,classic,True
00-0038559,Michael Wilson,WR,ARI,5300,43727681,14.5452,14.5452,1.0,0.8466072856425609,12.314049328291599,LAC,18.97,47.17,17.0,1.0,8.2648,statline_mc+recal_10_4b,2.85836400286884,26.549609587187604,0.0,0.0,0.0,0.0,0.0,0.0,8.01975,4.93975,53.480686530504684,0.34475,12.772318653050467,-0.4582693247588683,13.5,,73.61058481748135,3.1837747867333297,4.0880066081172215,,classic,True
00-0029604,Kirk Cousins,QB,LV,5000,43727254,12.6708,12.6708,1.0,0.9679974710378043,12.265333109692083,MIA,21.69,40.39,10.0,1.0,7.7707,statline_mc+recal_10_4b,3.3042591867066324,23.76381855107691,31.09525,197.0785654418236,1.21925,1.7025,5.550407918426739,0.075,0.0,0.0,0.0,0.0,13.40268340951562,-1.1373502998235363,11.3,,58.52777251484148,0.4637746281314003,0.9093992036913707,,classic,True
00-0039919,Rome Odunze,WR,CHI,5400,43727677,10.9296,10.9296,1.0,1.1130408910872678,12.165045706749485,CAR,24.94,46.94,12.0,1.0,7.9196,statline_mc+recal_10_4b,3.8374999791233946,25.497570389082778,0.0,0.0,0.0,0.0,0.0,0.0,5.66375,3.01075,46.96784508638934,0.3565,10.214284508638933,1.950761198110552,11.8,,85.3844440760389,4.355667319533252,8.171376898929491,,classic,True
00-0036139,Rico Dowdle,RB,PIT,5200,43727375,11.5247,11.5247,1.0,1.0536846607285644,12.143426418164074,ATL,23.61,40.78,17.0,1.0,8.1825,statline_mc+recal_10_4b,2.4560673262169788,26.375734960503358,0.0,0.0,0.0,10.08225,49.06587180378903,0.30125,3.5415,2.72175,20.882750635262852,0.0955,12.517612243905187,-0.3741858257411135,12.7,,73.76222228650775,2.9608523163896026,4.090801821967095,,classic,True
00-0031588,Stefon Diggs,WR,WAS,5200,43824688,14.1791,14.1791,1.0,0.8541941722297637,12.111674510212042,PHI,19.14,44.17,17.0,1.0,8.3601,statline_mc+recal_10_4b,2.6130137562301896,26.431924858895442,0.0,0.0,0.0,0.0,0.0,0.0,6.7155,5.20375,56.55374521409419,0.24925,12.78612452140942,-0.6744500111973775,12.2,,69.30963433118605,4.356841937323485,3.174215076999108,,classic,True
00-0036970,Kyle Pitts Sr.,TE,ATL,4700,43728223,15.7722,15.7722,1.0,0.7662755453074735,12.08587932066154,PIT,17.17,40.78,17.0,1.0,6.9265,statline_mc+recal_10_4b,3.7336458390582443,23.446429095232524,0.0,0.0,0.0,0.0,0.0,0.0,7.39125,5.33,46.088500001112564,0.2895,11.974100000111255,0.11177932055028528,12.6,,68.92424365647365,2.78831073896645,1.8816284776298973,,classic,True
00-0033293,Aaron Jones Sr.,RB,MIN,5300,43727371,11.1486,11.1486,1.0,1.0635029845472972,11.856560146716818,GB,23.83,46.06,12.0,1.0,7.8521,statline_mc+recal_10_4b,3.113750067407644,24.70330678344865,0.0,0.0,0.0,11.27675,49.743945443239745,0.25525,2.96075,2.13225,16.680660534800452,0.0835,11.20121059780402,0.655349548912799,10.0,,77.29214880814625,2.3971536584608164,5.6386428458716225,,classic,True
00-0040735,Luther Burden III,WR,CHI,5500,43727673,10.5619,10.5619,1.0,1.1130408910872678,11.755858253055141,CAR,24.94,46.94,15.0,0.8,7.7902,statline_mc+recal_10_4b,4.0775436306258745,23.29869112652459,0.0,0.0,0.0,0.392,2.7969235397652445,0.013,3.96475,2.82575,43.79590885432053,0.197,9.077783239408578,2.6780750136465628,8.6,,72.78767170329671,2.8156793199442975,3.8948330493452556,,classic,True
00-0040676,Cam Ward,QB,TEN,5100,43727252,13.0656,13.0656,1.0,0.8952526172899195,11.697038750507488,NYJ,20.06,39.22,17.0,1.0,7.5683,statline_mc+recal_10_4b,4.16054383496832,21.13452181910947,32.525,172.95690924832317,0.90725,2.3955,8.733629653390974,0.09575,0.0,0.0,0.0,0.0,11.517639335272026,0.1793994152354621,11.8,,53.88191549829481,0.43665989774552333,0.6525822833487914,,classic,True
00-0035700,Josh Jacobs,RB,GB,6300,43727347,11.6777,11.6777,1.0,0.9916507056920244,11.580213498342271,MIN,22.22,46.06,15.0,0.8,7.0811,statline_mc+recal_10_4b,5.289375883487267,20.58919066526819,0.0,0.0,0.0,7.363,29.354236937337568,0.33675,1.3355,1.05325,8.505381869945788,0.036,7.199961880728336,4.3802516176139354,15.4,,64.17378355704697,0.7970474212265278,1.710977333315557,,classic,True
00-0040128,Tyler Warren,TE,IND,4900,43728221,11.3572,11.3572,1.0,1.0090559160979602,11.460032240908435,BAL,22.61,48.17,17.0,1.0,6.8516,statline_mc+recal_10_4b,3.342560976279722,22.71918190689191,0.0,0.0,0.0,0.0,0.0,0.0,6.3935,4.28575,47.27906481154351,0.28425,11.03815648115435,0.42187575975408365,11.1,10.2,84.20543266102797,9.64583678788915,4.622941007440655,,classic,True
00-0037664,Alec Pierce,WR,IND,5700,43727665,11.343,11.343,1.0,1.0090559160979602,11.44567820294394,BAL,22.61,48.17,15.0,1.0,8.5734,statline_mc+recal_10_4b,1.8623502748474734,26.48798696058458,0.0,0.0,0.0,0.0,0.0,0.0,5.64425,3.29275,59.75855904171637,0.32425,11.706855904171636,-0.26117770122769635,12.6,,80.44256031324997,3.2647430042769034,6.110070923455111,,classic,True
00-0039338,Brock Bowers,TE,LV,6900,43728215,11.7683,11.7683,1.0,0.9679974710378043,11.391699454059221,MIA,21.69,40.39,12.0,0.6,5.9858,statline_mc+recal_10_4b,6.1847515771017605,18.881786444659284,0.0,0.0,0.0,0.0,0.0,0.0,3.367,2.42075,24.609719189217888,0.2265,6.328721918921789,5.062977535137432,15.2,,50.870887551507266,0.8609631486101504,0.6506232623090324,,classic,True
00-0040129,Emeka Egbuka,WR,TB,6200,43727649,10.8254,10.8254,1.0,1.0438663369098313,11.300262075646497,CIN,23.39,50.44,17.0,1.0,7.261,statline_mc+recal_10_4b,4.9240225041707655,21.032475952232666,0.0,0.0,0.0,0.0,0.0,0.0,4.61325,2.42625,35.33951279695295,0.23725,7.609201279695295,3.691060795951202,12.0,,83.38105500821017,1.2328167813063104,7.262985789040742,,classic,True
00-0034351,Dallas Goedert,TE,PHI,4100,43728233,10.0819,10.0819,1.0,1.1170574781040223,11.262056658727978,WAS,25.03,44.17,15.0,1.0,7.3425,statline_mc+recal_10_4b,0.9702952201277779,25.736829248849133,0.0,0.0,0.0,0.0,0.0,0.0,6.1795,4.39675,50.17367199500897,0.60825,13.418867199500895,-2.1568105407729163,13.0,32.6,84.54714270223378,14.098621121779283,4.716805053322415,,classic,True
00-0034960,Jakobi Meyers,WR,JAX,5000,43727691,10.3263,10.3263,1.0,1.0898339438793538,11.253966002467363,CLE,24.42,40.11,16.0,1.0,7.7249,statline_mc+recal_10_4b,3.580069648520814,22.9955010635619,0.0,0.0,0.0,0.63325,3.9603733763194886,0.02825,5.1405,3.41475,41.89949823503365,0.21575,9.777487161135314,1.4764788413320495,10.5,,74.8160603764052,3.2154115522635527,4.388413605822812,,classic,True
00-0034827,DJ Moore,WR,BUF,5600,43727667,11.0331,11.0331,1.0,1.017981665024081,11.231467268343852,HOU,22.81,44.5,17.0,1.0,7.7692,statline_mc+recal_10_4b,3.4742201461565014,23.715727740134653,0.0,0.0,0.0,0.14125,0.9763765384760025,0.0065,5.3545,3.2035,42.729125420612725,0.3125,9.799300195908872,1.4321670724349804,10.8,,75.66001168371858,2.881049333250086,4.611771197454642,,classic,True
00-0036919,Kenny Gainwell,RB,TB,5200,43727377,10.6988,10.6988,1.0,1.0438663369098313,11.168125036864927,CIN,23.39,50.44,17.0,1.0,7.8014,statline_mc+recal_10_4b,2.2852921227640186,23.51714259854751,0.0,0.0,0.0,6.3725,30.878074142326216,0.24175,4.214,3.4685,24.994288622667824,0.1425,11.619736276499404,-0.45161123963447736,12.8,,81.04005149271002,2.5721489274159266,7.9276910933298375,,classic,True
00-0039915,Ladd McConkey,WR,LAC,5900,43727657,8.8233,8.8233,1.0,1.2580843111367315,11.10041403878333,ARI,28.19,47.17,16.0,0.8,7.3363,statline_mc+recal_10_4b,4.684911991857774,21.148041436656275,0.0,0.0,0.0,0.0,0.0,0.0,3.7065,2.306,35.243790474653466,0.24725,7.548129047465347,3.5522849913179826,11.4,7.7,74.82623626373626,3.615699119563211,4.391041215835334,,classic,True
DST_JAX,Jaguars,DST,JAX,3400,43728526,11.049392187,11.049392187,1.5223521764446706,1.4522439481943792,11.049392187,CLE,24.42,40.11,,,6.1135,dst_simulated_session_10_4+recal_10_4b,0.0,0.0,0.0,0.0,0.0,0.0,0.0,0.0,0.0,0.0,0.0,0.0,11.049392187,0.0,8.2,,78.6278735632184,10.503041014202282,16.21305976605737,,classic,True
00-0035685,David Montgomery,RB,HOU,6000,43727353,11.3482,11.3482,1.0,0.9679974710378043,10.984993019360056,BUF,21.69,44.5,17.0,1.0,8.1166,statline_mc+recal_10_4b,1.7372454045338925,24.995114949681017,0.0,0.0,0.0,12.81475,54.01177979609367,0.48875,1.34875,1.06375,7.784426203361856,0.025,10.740870599945552,0.24412241941450397,10.1,,68.99500019285658,1.3787248344082084,2.6521142938823763,,classic,True
00-0040663,Harold Fannin Jr.,TE,CLE,4200,43728231,15.5531,15.5531,1.0,0.7002250032541792,10.890635165335944,JAX,15.69,40.11,16.0,1.0,5.9849,statline_mc+recal_10_4b,5.236356011214865,18.657669762383428,0.0,0.0,0.0,0.0,0.0,0.0,5.38225,3.635,26.132868868670958,0.21275,7.616786886867096,3.273848278468848,11.9,13.3,64.69692040772067,5.834975545720781,1.4673697904315641,,classic,True
00-0040784,Quinshon Judkins,RB,CLE,5500,43727363,15.4986,15.4986,1.0,0.7002250032541792,10.852494131221308,JAX,15.69,40.11,14.0,1.0,6.7132,statline_mc+recal_10_4b,4.992825819356949,19.01481470102786,0.0,0.0,0.0,9.17125,23.741896581770924,0.195,3.15225,2.323,11.8644343228258,0.05525,7.463633090459672,3.3888610407616353,12.3,,56.70928797346293,1.5021350932599218,0.8680328144242644,,classic,True
00-0039917,Michael Penix Jr.,QB,ATL,4800,43727258,14.0303,14.0303,1.0,0.7662755453074735,10.751105556274533,PIT,17.17,40.78,9.0,1.0,7.5455,statline_mc+recal_10_4b,3.5085165744771687,20.090328133686782,32.40775,177.54757590841595,0.9055,1.89825,5.749702037501828,0.055,0.0,0.0,0.0,0.0,11.186123240086822,-0.4350176838122888,14.3,,50.857687571049645,0.478748493260551,0.5258000227051626,,classic,True
00-0038997,Josh Downs,WR,IND,5200,43727685,10.6333,10.6333,1.0,1.0090559160979602,10.729630024389946,BAL,22.61,48.17,16.0,1.0,7.3178,statline_mc+recal_10_4b,3.8843742439250084,21.207363107470446,0.0,0.0,0.0,0.38925,2.0554653869282764,0.01,5.20825,3.3515,35.36770782279208,0.23975,8.821067320972036,1.9085627034179105,8.6,,79.65501452570419,2.503158183712443,5.833470802264203,,classic,True
00-0039893,Brian Thomas Jr.,WR,JAX,5500,43727671,9.8245,9.8245,1.0,1.0898339438793538,10.707065027824726,CLE,24.42,40.11,14.0,1.0,7.2021,statline_mc+recal_10_4b,4.273628050240854,20.33088704941625,0.0,0.0,0.0,0.17175,1.1846130592812019,0.00825,4.4595,2.49025,37.38821410335567,0.17575,7.702282716263688,3.004782311561038,9.9,,72.59994316028799,1.897411468794782,3.852059576203707,,classic,True
00-0030279,Keenan Allen,WR,IND,4700,43950117,10.5302,10.5302,1.0,1.0090559160979602,10.625541488948134,BAL,22.61,48.17,17.0,1.0,7.5098,statline_mc+recal_10_4b,3.20104039079494,21.070154496797983,0.0,0.0,0.0,0.0,0.0,0.0,5.86025,3.84,39.99755096230502,0.24325,9.573755096230503,1.0517863927176307,10.6,,80.00299987368953,4.060100892706278,5.954110875495169,,classic,True
00-0030565,Geno Smith,QB,NYJ,4600,43727261,12.2648,12.2648,1.0,0.8555330345686819,10.492975304231908,TEN,19.17,39.22,15.0,1.0,7.6423,statline_mc+recal_10_4b,2.59666781042628,20.293521133472776,31.77275,184.1501282700309,1.17525,1.11975,3.2884933745387914,0.0295,0.0,0.0,0.0,0.0,11.806354468255115,-1.3133791640232069,13.0,,49.60393772893773,0.45230541157970494,0.48075962031631886,,classic,True
00-0037261,Khalil Shakir,WR,BUF,4800,43727701,10.2222,10.2222,1.0,1.017981665024081,10.405969936323302,HOU,22.81,44.5,16.0,0.8,7.2394,statline_mc+recal_10_4b,3.599534286832854,20.801889236059335,0.0,0.0,0.0,0.0,0.0,0.0,4.6375,3.2935,36.093165057662,0.22375,8.4818165057662,1.9241534305571015,11.4,,65.52146291208791,2.7378566732503358,2.540159232560264,,classic,True
00-0033921,Chris Godwin Jr.,WR,TB,5200,43727683,9.8094,9.8094,1.0,1.0438663369098313,10.23966889014867,CIN,23.39,50.44,9.0,1.0,7.4797,statline_mc+recal_10_4b,3.3347333114861732,20.33976736374393,0.0,0.0,0.0,0.0,0.0,0.0,4.817,3.059,37.10665766573994,0.237,8.451165766573993,1.7885031235746762,9.6,,82.37372900088417,1.171371138719911,6.845123760352335,,classic,True
00-0038996,Tucker Kraft,TE,GB,4500,43728227,10.3055,10.3055,1.0,0.9916507056920244,10.219408682807277,MIN,22.22,46.06,8.0,1.0,7.1561,statline_mc+recal_10_4b,1.560553988721057,22.655666132246715,0.0,0.0,0.0,0.0,0.0,0.0,5.2135,3.63075,48.69934153595896,0.405,11.270934153595896,-1.0515254707886186,15.4,,77.84848731294728,1.6018416513186193,3.1806739955067074,,classic,True
00-0039065,Sam LaPorta,TE,DET,4400,43728229,7.9875,7.9875,1.0,1.2670100600628522,10.1202347857899,NO,28.39,49.83,9.0,1.0,7.3807,statline_mc+recal_10_4b,1.0225062530443765,23.247951991113244,0.0,0.0,0.0,0.0,0.0,0.0,4.81875,3.6105,53.71087696147811,0.358,11.52858769614781,-1.4083529103579089,11.9,29.8,92.96980047711992,8.437396387841382,7.7413967677024464,,classic,True
00-0036212,Tua Tagovailoa,QB,ATL,4800,43727257,13.2028,13.2028,1.0,0.7662755453074735,10.11698287079679,PIT,17.17,40.78,14.0,1.0,7.4804,statline_mc+recal_10_4b,3.1872586809626804,18.54179667951459,26.68225,141.81922380387823,1.02875,1.86025,4.869908861949154,0.05625,0.0,0.0,0.0,0.0,9.754009838350045,0.36297303244674417,12.8,,50.14340185676393,0.44188371247457825,0.49964634957385434,,classic,True
00-0036555,Chuba Hubbard,RB,CAR,5500,43727365,10.2008,10.2008,1.0,0.9818323818732916,10.015429619127753,CHI,22.0,46.94,15.0,1.0,7.0915,statline_mc+recal_10_4b,3.8102883761593773,19.006054725489683,0.0,0.0,0.0,8.0705,31.38286020723476,0.1485,2.033,1.54,12.704743163574545,0.0885,7.557010337080931,2.4584192820468216,9.1,,70.89463762246393,0.7589874628673898,3.152045100470456,,classic,True
00-0037809,Chig Okonkwo,TE,WAS,4000,43728235,11.6118,11.6118,1.0,0.8541941722297637,9.918731180001362,PHI,19.14,44.17,17.0,1.0,6.9089,statline_mc+recal_10_4b,1.6134290686370196,21.254731878036942,0.0,0.0,0.0,0.0,0.0,0.0,7.65375,5.31475,44.61619143359657,0.29475,11.828619143359658,-1.9098879633582957,7.3,,70.72991216655822,1.1687187449991412,2.09248720384043,,classic,True
00-0033537,Deshaun Watson,QB,CLE,4700,43727259,14.0967,14.0967,1.0,0.7002250032541792,9.870836892015875,JAX,15.69,40.11,0.0,0.0,7.4478,statline_mc+recal_10_4b,3.0989874535615356,18.08723231742451,31.1805,156.68752665969754,0.9605,0.73425,2.227070072586633,0.01875,0.0,0.0,0.0,0.0,9.799708073646565,0.07112881836930995,0.0,,15.966732979664013,0.20620178578833895,0.0434977804752785,,classic,True
00-0036252,Michael Pittman Jr.,WR,PIT,4900,43727697,9.2452,9.2452,1.0,1.0536846607285644,9.741576585877175,ATL,23.61,40.78,17.0,1.0,7.756,statline_mc+recal_10_4b,2.1611191778764067,20.974278799415753,0.0,0.0,0.0,0.0,0.0,0.0,5.13775,3.5795,40.30988049015136,0.303,9.700488049015137,0.04108853686203773,12.1,,72.50856542882406,2.1637451185346785,3.8314096850146115,,classic,True
00-0039491,Jalen Coker,WR,CAR,4600,43727707,9.8771,9.8771,1.0,0.9818323818732916,9.69761320122155,CHI,22.0,46.94,11.0,1.0,7.6235,statline_mc+recal_10_4b,2.29944310103076,20.822348794101792,0.0,0.0,0.0,0.0,0.0,0.0,5.0255,3.50525,41.054150300143995,0.258,9.445165030014401,0.25244817120714913,10.2,,74.24186086901604,2.5957685434641604,4.242663919049354,,classic,True
DST_TEN,Titans,DST,TEN,3100,43728531,9.6909051285,9.6909051285,1.3351838964905405,1.1886128089290457,9.6909051285,NYJ,20.06,39.22,,,6.0867,dst_simulated_session_10_4+recal_10_4b,0.0,0.0,0.0,0.0,0.0,0.0,0.0,0.0,0.0,0.0,0.0,0.0,9.6909051285,0.0,4.8,,60.553160919540225,6.185416572686896,4.8590173832500865,,classic,True
00-0038994,Jordan Addison,WR,MIN,5800,43727659,8.8812,8.8812,1.0,1.0635029845472972,9.445176339250313,GB,23.83,46.06,14.0,1.0,6.5464,statline_mc+recal_10_4b,4.4781698560627206,16.553929413754783,0.0,0.0,0.0,0.1665,1.1110210106034204,0.0065,3.22475,1.817,26.247555996074848,0.144,5.601357700667826,3.843818638582487,10.1,,75.94630226095742,1.0580371635109236,4.690093944655737,,classic,True
00-0040583,Woody Marks,RB,HOU,5000,43727387,9.7337,9.7337,1.0,0.9679974710378043,9.422163578528338,BUF,21.69,44.5,16.0,0.8,6.6561,statline_mc+recal_10_4b,4.070278635378194,17.383678032077142,0.0,0.0,0.0,8.2045,29.60046733453125,0.1445,1.56925,1.1145,8.505383065862432,0.05975,6.270085040039368,3.1520785384889694,9.8,,57.42732802013422,0.6117286655952118,0.9265850943492372,,classic,True
00-0039032,Tyjae Spears,RB,TEN,5100,43727383,10.45,10.45,1.0,0.8952526172899195,9.355356030998134,NYJ,20.06,39.22,13.0,1.0,7.0319,statline_mc+recal_10_4b,2.774965502184611,17.910551716998388,0.0,0.0,0.0,6.21225,22.454724455744007,0.16675,3.77975,3.1635,18.908396177871857,0.06125,8.797062063361587,0.5582939676365477,8.6,,57.31210946540153,0.5753544914068358,0.9169303107749095,,classic,True
00-0039146,Jayden Reed,WR,GB,4900,43727695,9.4291,9.4291,1.0,0.9916507056920244,9.350341989625399,MIN,22.22,46.06,5.0,0.8,6.6812,statline_mc+recal_10_4b,3.948593218649772,17.04271007832308,0.0,0.0,0.0,0.3825,2.33754290615847,0.01275,3.0455,2.12525,25.338321650743158,0.1495,6.005336455690163,3.345005533935236,8.0,,62.45611263736264,0.8493760207571337,2.1210516924216054,,classic,True
00-0038544,Quentin Johnston,WR,LAC,4700,43727703,7.3202,7.3202,1.0,1.2580843111367315,9.209410011821413,ARI,28.19,47.17,13.0,0.6,7.3626,statline_mc+recal_10_4b,2.8860434103219914,18.62718592412977,0.0,0.0,0.0,0.0,0.0,0.0,3.05575,1.87525,32.862698970304095,0.265,6.96501989703041,2.2443901147910035,12.0,8.8,61.63944360237464,6.359656578483423,2.021566471872344,,classic,True
00-0038611,Chris Rodriguez Jr.,RB,JAX,5100,43727385,8.4313,8.4313,1.0,1.0898339438793538,9.18873714922239,CLE,24.42,40.11,12.0,0.6,7.2395,statline_mc+recal_10_4b,2.761899156886655,19.009641838678974,0.0,0.0,0.0,7.9855,37.75832289255346,0.3465,0.56825,0.429,3.859440737993088,0.01675,6.972776363054654,2.215960786167736,7.1,,49.312283036334186,0.45906526427664834,0.4430907154207047,,classic,True
DST_PIT,Steelers,DST,PIT,3300,43728527,9.168019785,9.168019785,1.2631423192493247,1.327065087196844,9.168019785,ATL,23.61,40.78,,,5.7746,dst_simulated_session_10_4+recal_10_4b,0.0,0.0,0.0,0.0,0.0,0.0,0.0,0.0,0.0,0.0,0.0,0.0,9.168019785,0.0,7.8,,71.21048850574712,6.917332311079822,9.888028062042483,,classic,True
00-0038563,Tre Tucker,WR,LV,4000,43727735,9.4363,9.4363,1.0,0.9679974710378043,9.134299108024914,MIA,21.69,40.39,17.0,1.0,7.5182,statline_mc+recal_10_4b,1.781754677091627,19.983110645922444,0.0,0.0,0.0,0.88875,4.618201069892347,0.02375,5.35875,3.28725,37.77029283714881,0.25125,9.434599390704115,-0.30030028267920095,9.7,29.8,66.29334028040925,9.0353403129432,2.6581524668182137,,classic,True
00-0040242,Jacory Croskey-Merritt,RB,WAS,5300,43727373,10.5905,10.5905,1.0,0.8541941722297637,9.04636707918798,PHI,19.14,44.17,17.0,1.0,7.2229,statline_mc+recal_10_4b,3.1114805349881514,18.45633338244706,0.0,0.0,0.0,10.46025,39.43609559023977,0.357,0.0,0.0,0.0,0.0,6.294859559023978,2.7515075201640027,8.7,,59.950291213453674,0.6023883951338885,1.1654542180629193,,classic,True
00-0040236,Kyle Monangai,RB,CHI,5100,43727381,8.067,8.067,1.0,1.1130408910872678,8.978930575046803,CAR,24.94,46.94,17.0,1.0,7.3075,statline_mc+recal_10_4b,2.124587655213963,19.09794433930397,0.0,0.0,0.0,7.2135,36.301701999487285,0.239,2.02975,1.39025,12.704804591121002,0.054,8.275150659060829,0.7037799159859741,8.9,,74.44551319139087,0.826922583556132,4.3529699110816855,,classic,True
00-0037263,Tyler Allgeier,RB,ARI,4900,43727395,10.5925,10.5925,1.0,0.8466072856425609,8.967676296348483,LAC,18.97,47.17,17.0,1.0,8.017,statline_mc+recal_10_4b,0.17183098006967534,21.97266628808451,0.0,0.0,0.0,14.4395,45.61534442875438,0.533,1.5745,1.2285,7.844144572253561,0.0365,10.276448900100792,-1.3087726037523097,7.2,,62.6525495641441,1.1346257433568574,1.489991995572028,,classic,True
00-0034753,Mark Andrews,TE,BAL,3900,43728237,7.7744,7.7744,1.0,1.1407107127582423,8.868337958628812,IND,25.56,48.17,17.0,1.0,6.1038,statline_mc+recal_10_4b,3.226787273810466,17.296648736260792,0.0,0.0,0.0,0.0,0.0,0.0,3.696,2.51,26.587801383223393,0.253,6.80453013832234,2.0638078203064723,7.7,14.7,88.66485577965734,4.11320406024161,6.009551326313452,,classic,True
00-0038933,Dalton Kincaid,TE,BUF,4600,43728225,8.6643,8.6643,1.0,1.017981665024081,8.820147609305518,HOU,22.81,44.5,12.0,1.0,6.5038,statline_mc+recal_10_4b,2.2807043756805268,18.515900508229205,0.0,0.0,0.0,0.0,0.0,0.0,3.60675,2.65925,35.70814559288173,0.25175,7.957564559288173,0.8625830500173457,11.7,,76.07019898069834,0.8451138813225632,2.8647695957239385,,classic,True
00-0040719,Bhayshul Tuten,RB,JAX,5800,43727357,8.0476,8.0476,1.0,1.0898339438793538,8.770585165002725,CLE,24.42,40.11,15.0,1.0,7.441,statline_mc+recal_10_4b,1.9996000465916137,19.744896703768823,0.0,0.0,0.0,9.553,39.82447557024278,0.41375,0.361,0.273,2.403550574194409,0.02,7.312552614443719,1.4580325505590057,5.9,,66.97379078916917,0.6106675873019991,2.2069486479778546,,classic,True
DST_LV,Raiders,DST,LV,2900,43728535,8.722147292999999,8.722147292999999,1.2017113421308174,1.2191389805869346,8.722147292999999,MIA,21.69,40.39,,,5.809,dst_simulated_session_10_4+recal_10_4b,0.0,0.0,0.0,0.0,0.0,0.0,0.0,0.0,0.0,0.0,0.0,0.0,8.722147292999999,0.0,4.4,,57.60057471264368,6.486028329182432,3.99082171175476,,classic,True
00-0036259,Jauan Jennings,WR,MIN,4300,43727721,8.1879,8.1879,1.0,1.0635029845472972,8.707898269217266,GB,23.83,46.06,15.0,1.0,7.3993,statline_mc+recal_10_4b,2.115783549013356,18.702285008250037,0.0,0.0,0.0,0.0,0.0,0.0,4.0535,2.469,32.2185792349702,0.3,7.68910792349702,1.0187903457202454,11.1,,75.8180971327523,0.8143403190503654,4.654856741052231,,classic,True
00-0037197,Isiah Pacheco,RB,DET,5000,43727389,6.8469,6.8469,1.0,1.2670100600628522,8.675038800581053,NO,28.39,49.83,13.0,0.8,7.3745,statline_mc+recal_10_4b,1.6990981899062079,18.862665291851815,0.0,0.0,0.0,8.34075,42.021770939635594,0.2035,1.5615,1.15875,10.253249134718518,0.0625,8.249752007435411,0.42528679314564144,6.7,,70.82810402684564,0.7003627979249517,3.133037470138144,,classic,True
DST_LAC,Chargers,DST,LAC,3500,43728525,8.619927259500002,8.619927259500002,1.1876277719360648,1.2011443092867586,8.619927259500002,ARI,28.19,47.17,,,5.9353,dst_simulated_session_10_4+recal_10_4b,0.0,0.0,0.0,0.0,0.0,0.0,0.0,0.0,0.0,0.0,0.0,0.0,8.619927259500002,0.0,6.7,,71.35057471264368,3.5214707796176072,9.98080570631907,,classic,True
00-0038129,Cade Otton,TE,TB,3700,43728243,8.2368,8.2368,1.0,1.0438663369098313,8.598127512205306,CIN,23.39,50.44,15.0,1.0,6.4752,statline_mc+recal_10_4b,1.6713047796078562,18.43931479722609,0.0,0.0,0.0,0.0,0.0,0.0,5.2835,3.74525,39.51456098995827,0.2145,9.230706098995826,-0.6325785867905207,7.6,,85.37566417263066,1.3015703120685815,4.952379816215568,,classic,True
DST_NYJ,Jets,DST,NYJ,2500,43728542,8.581216229999999,8.581216229999999,1.1822942821825668,1.1358777441261123,8.581216229999999,TEN,19.17,39.22,,,5.8687,dst_simulated_session_10_4+recal_10_4b,0.0,0.0,0.0,0.0,0.0,0.0,0.0,0.0,0.0,0.0,0.0,0.0,8.581216229999999,0.0,2.8,,58.95833333333333,7.302165235744429,4.368913686469869,,classic,True
00-0036040,Juwan Johnson,TE,NO,3700,43728241,8.7421,8.7421,1.0,0.9568402848801533,8.364832208275965,DET,21.44,49.83,17.0,1.0,6.499,statline_mc+recal_10_4b,1.6396291748342655,17.87832319919712,0.0,0.0,0.0,0.0,0.0,0.0,4.72425,3.4245,37.71437924138514,0.204,8.629687924138514,-0.26485571586254864,10.7,20.4,77.26360876165691,6.431264129512292,3.07310515615399,,classic,True
00-0034383,Dalton Schultz,TE,HOU,3400,43728251,8.5258,8.5258,1.0,0.9679974710378043,8.252929521979855,BUF,21.69,44.5,17.0,1.0,6.2979,statline_mc+recal_10_4b,2.034904031573676,17.115916169237494,0.0,0.0,0.0,0.0,0.0,0.0,4.506,3.356,32.5503282184257,0.1915,7.92378282184257,0.32914670013728475,9.9,6.3,73.55284916504012,5.5387850835563475,2.4704702710895106,,classic,True
DST_DET,Lions,DST,DET,3200,43728528,8.14418262,8.14418262,1.122081099764647,1.0627662102224724,8.14418262,NO,28.39,49.83,,,6.0092,dst_simulated_session_10_4+recal_10_4b,0.0,0.0,0.0,0.0,0.0,0.0,0.0,0.0,0.0,0.0,0.0,0.0,8.14418262,0.0,5.7,,74.97844827586206,4.593494044544707,12.711690180228718,,classic,True
DST_GB,Packers,DST,GB,3000,43728532,8.131251663,8.131251663,1.1202995112211955,0.9561774044133367,8.131251663,MIN,22.22,46.06,,,6.2265,dst_simulated_session_10_4+recal_10_4b,0.0,0.0,0.0,0.0,0.0,0.0,0.0,0.0,0.0,0.0,0.0,0.0,8.131251663,0.0,4.6,,60.22270114942529,4.25624990096278,4.753140614741878,,classic,True
00-0038935,Brenton Strange,TE,JAX,3600,43728245,7.4367,7.4367,1.0,1.0898339438793538,8.104805112626712,CLE,24.42,40.11,12.0,1.0,6.7309,statline_mc+recal_10_4b,0.6144842800070958,19.264564992858364,0.0,0.0,0.0,0.0,0.0,0.0,4.58575,3.3315,41.08991339152382,0.27975,9.374241339152382,-1.26943622652567,9.3,,73.56891129906745,1.2426523451468539,2.4728055520571206,,classic,True
00-0038555,Tank Bigsby,RB,PHI,4900,43727397,7.2355,7.2355,1.0,1.1170574781040223,8.082474582084856,WAS,25.03,44.17,15.0,1.0,7.1776,statline_mc+recal_10_4b,1.855346328424831,17.384633112078994,0.0,0.0,0.0,6.59925,37.06262657348594,0.23025,1.1095,0.83275,7.374686549415628,0.0335,7.0749813122901575,1.0074932697946988,3.3,,68.79749093574017,0.5792504668877708,2.604919523466583,,classic,True
DST_MIA,Dolphins,DST,MIA,2700,43728539,8.062013754,8.062013754,1.1107601193999295,1.0505167149455883,8.062013754,LV,18.69,40.39,,,5.9548,dst_simulated_session_10_4+recal_10_4b,0.0,0.0,0.0,0.0,0.0,0.0,0.0,0.0,0.0,0.0,0.0,0.0,8.062013754,0.0,5.6,,46.13505747126436,4.393214040082773,1.8582391325749643,,classic,True
00-0036407,Jerry Jeudy,WR,CLE,4100,43727729,11.504,11.504,1.0,0.7002250032541792,8.055356693918865,JAX,15.69,40.11,17.0,1.0,6.0445,statline_mc+recal_10_4b,4.021315612014524,13.908964688198875,0.0,0.0,0.0,0.24975,1.2175255062777728,0.00725,4.3655,2.245,19.51616464108177,0.10625,5.066869014735955,2.98848767918291,7.2,,54.7950612605785,0.9587626580568746,1.3515633588394984,,classic,True
00-0036894,Pat Freiermuth,TE,PIT,3400,43728253,7.6286,7.6286,1.0,1.0536846607285644,8.038128191930564,ATL,23.61,40.78,15.0,1.0,7.0666,statline_mc+recal_10_4b,0.0,19.917973037266744,0.0,0.0,0.0,0.0,0.0,0.0,5.12425,3.69575,46.21538147635925,0.323,10.580788147635925,-2.5426599557053606,6.6,,75.2710230969421,1.2564798543828928,2.733212290037272,,classic,True
DST_PHI,Eagles,DST,PHI,3200,43728529,8.030586618,8.030586618,1.1064301826867307,1.190475838410126,8.030586618,WAS,25.03,44.17,,,5.839,dst_simulated_session_10_4+recal_10_4b,0.0,0.0,0.0,0.0,0.0,0.0,0.0,0.0,0.0,0.0,0.0,0.0,8.030586618,0.0,7.8,,59.21695402298851,4.1085562442964925,4.4448928955390965,,classic,True
00-0037525,Jordan Mason,RB,MIN,5400,43727367,7.3597,7.3597,1.0,1.0635029845472972,7.827062361219418,GB,23.83,46.06,16.0,0.8,6.4149,statline_mc+recal_10_4b,3.7388159073812677,14.318426677591333,0.0,0.0,0.0,5.293,26.870912142660206,0.19425,0.252,0.207,1.3777676418921105,0.00625,4.348367978455232,3.4786943827641856,8.3,,61.171686241610736,0.5787648769501723,1.302319375034215,,classic,True
00-0039890,Adonai Mitchell,WR,NYJ,4000,43727737,9.0794,9.0794,1.0,0.8555330345686819,7.7676915669711635,TEN,19.17,39.22,16.0,1.0,6.432,statline_mc+recal_10_4b,2.873289768716746,14.689972608000598,0.0,0.0,0.0,0.10525,0.5565486595774353,0.0025,4.47725,2.2735,25.356308130507777,0.15925,5.9567856790085205,1.810905887962643,5.7,,56.89331501831501,0.875650444783236,1.5291142675168263,,classic,True
00-0031610,Darren Waller,TE,CAR,3200,43950121,7.9089,7.9089,1.0,0.9818323818732916,7.765257254516925,CHI,22.0,46.94,9.0,0.8,5.7137,statline_mc+recal_10_4b,2.838513492658178,14.37990539677523,0.0,0.0,0.0,0.0,0.0,0.0,2.588,1.772,19.442437618587473,0.192,4.926743761858747,2.838513492658178,9.9,,66.01456367924528,1.4265035919278808,1.58562708717814,,classic,True
00-0040667,Matthew Golden,WR,GB,4700,43727705,7.7584,7.7584,1.0,0.9916507056920244,7.693650276918753,MIN,22.22,46.06,14.0,1.0,6.1385,statline_mc+recal_10_4b,3.4600479580104264,13.11742684283394,0.0,0.0,0.0,0.36475,2.0390980764309448,0.0145,2.3605,1.51125,19.060903462006564,0.082,4.274250153843751,3.4194001230750013,5.9,,69.0413824681066,0.8141634864850402,3.1245205911270597,,classic,True
00-0038608,Kayshon Boutte,WR,HOU,4500,43950119,7.8508,7.8508,1.0,0.9679974710378043,7.599568890906998,BUF,21.69,44.5,14.0,0.8,6.4546,statline_mc+recal_10_4b,2.7296036545803624,14.329608694711053,0.0,0.0,0.0,0.0,0.0,0.0,2.34425,1.559,22.682152363266347,0.155,4.869965236326635,2.7296036545803624,8.8,,57.59811126373625,0.5344706965187475,1.5938416917104303,,classic,True
00-0040727,Tre' Harris,WR,LAC,3800,43727747,6.0256,6.0256,1.0,1.2580843111367315,7.5806902898676665,ARI,28.19,47.17,16.0,1.0,7.4836,statline_mc+recal_10_4b,0.6482601036220017,18.26488640281596,0.0,0.0,0.0,0.26075,2.0087986969212293,0.0145,3.893,2.55225,38.09002175071645,0.21425,8.20263204476377,-0.6219417548961044,4.1,,81.08042819249715,0.5978725992188824,6.343686211355292,,classic,True
00-0033526,Samaje Perine,RB,CIN,4600,43727419,6.2228,6.2228,1.0,1.2076538297041486,7.5149523334697195,TB,27.06,50.44,15.0,1.0,7.0035,statline_mc+recal_10_4b,1.4531948807257107,16.57313554259269,0.0,0.0,0.0,5.1965,28.432454564114103,0.21675,1.84025,1.42025,11.22614777678365,0.05675,7.1906102340897755,0.32434209937994396,5.3,,76.81109214687959,0.7246093557574758,5.397365599772328,,classic,True
00-0039855,Jalen McMillan,WR,TB,4400,43727717,7.193,7.193,1.0,1.0438663369098313,7.508518184278299,CIN,23.39,50.44,4.0,0.8,6.7293,statline_mc+recal_10_4b,2.0922202142689086,14.902302488721404,0.0,0.0,0.0,0.15475,0.9772319092859808,0.00575,2.994,1.99275,27.73456834403259,0.13225,5.856180025331857,1.652338158946442,8.2,,67.82503434065933,0.5986651161510029,2.9087719177935694,,classic,True
00-0037252,Greg Dulcich,TE,MIA,3500,43728247,8.9882,8.9882,1.0,0.8341112371459919,7.4971456491380195,LV,18.69,40.39,9.0,1.0,6.1278,statline_mc+recal_10_4b,1.7649551894011013,15.458660202382696,0.0,0.0,0.0,0.0,0.0,0.0,4.10875,2.9825,29.280777469505598,0.1775,7.104327746950559,0.3928179021874607,6.4,,61.53993168510084,0.7215641865392357,1.2186775811489916,,classic,True
00-0040130,Jayden Higgins,WR,HOU,4500,43727711,7.7437,7.7437,1.0,0.9679974710378043,7.495851569150995,BUF,21.69,44.5,17.0,1.0,6.3607,statline_mc+recal_10_4b,2.710526754150749,14.094858117871729,0.0,0.0,0.0,0.0,0.0,0.0,2.80625,1.711,20.990940474109994,0.16825,4.918344047410999,2.577507521739996,7.8,,65.6552750410509,0.5665158822454585,2.560232489947286,,classic,True
00-0039405,Jawhar Jordan,RB,HOU,4500,43727423,7.6946,7.6946,1.0,0.9679974710378043,7.448346834404091,BUF,21.69,44.5,4.0,0.8,6.6364,statline_mc+recal_10_4b,2.2962232774868574,15.430618188283548,0.0,0.0,0.0,7.42975,31.38162010937759,0.1615,1.00425,0.79825,5.509080583820971,0.03225,5.796820069319856,1.6515267650842347,8.2,,50.858536073825505,0.32410567008549246,0.5099654520020315,,classic,True
00-0040202,Devin Neal,RB,NO,4400,43727435,7.7188,7.7188,1.0,0.9568402848801533,7.385690673872031,DET,21.44,49.83,9.0,0.4,6.6219,statline_mc+recal_10_4b,2.378696684323823,15.20692725414707,0.0,0.0,0.0,7.56875,27.962646831997983,0.232,0.81125,0.6465,4.423734086547162,0.018,5.492138091854515,1.8935525820175165,6.0,,38.161939751600706,0.24415513911169318,0.16079125210906284,,classic,True
00-0036924,Michael Carter,RB,TEN,4000,43727529,8.1984,8.1984,1.0,0.8952526172899195,7.339625612155906,NYJ,20.06,39.22,13.0,1.0,7.0606,statline_mc+recal_10_4b,0.8484353589418561,16.32444349218685,0.0,0.0,0.0,8.27675,27.671250719946283,0.1585,3.4035,2.53475,18.331922438208863,0.06675,8.636317315815514,-1.296691703659608,7.6,,54.12419000231428,0.6533126977727558,0.6862353276447684,,classic,True
00-0040189,Oronde Gadsden II,TE,LAC,3500,43728249,5.7678,5.7678,1.0,1.2580843111367315,7.256347610867293,ARI,28.19,47.17,15.0,1.0,6.4978,statline_mc+recal_10_4b,0.6405371186680362,17.13568230344004,0.0,0.0,0.0,0.0,0.0,0.0,3.472,2.44325,37.98495313861781,0.23,7.862995313861782,-0.606647702994489,8.8,,85.39931685100845,0.6156040671129012,4.959275026402784,,classic,True
00-0037291,Jalen Nailor,WR,LV,4300,43727719,7.4652,7.4652,1.0,0.9679974710378043,7.226249188294067,MIA,21.69,40.39,17.0,1.0,6.2366,statline_mc+recal_10_4b,2.5271755569162893,13.381819133375885,0.0,0.0,0.0,0.0925,0.45232315813872664,0.00375,2.7835,1.609,21.363338353568796,0.1565,4.830566151170753,2.3956830371233133,6.1,,61.62301061007957,0.4993767568014833,2.0196132756816527,,classic,True
DST_CHI,Bears,DST,CHI,2800,43728536,7.2188007795,7.2188007795,0.9945847601392872,1.0357139794168095,7.2188007795,CAR,24.94,46.94,,,5.8882,dst_simulated_session_10_4+recal_10_4b,0.0,0.0,0.0,0.0,0.0,0.0,0.0,0.0,0.0,0.0,0.0,0.0,7.2188007795,0.0,6.4,,57.28807471264367,4.764223947901092,3.9085396733624482,,classic,True
00-0037256,Rachaad White,RB,WAS,5200,43727379,8.3687,8.3687,1.0,0.8541941722297637,7.148521520412399,PHI,19.14,44.17,17.0,1.0,6.0967,statline_mc+recal_10_4b,2.7802915037334257,13.474247126142878,0.0,0.0,0.0,4.51875,15.990759553186814,0.11875,2.27825,1.8885,10.541623276167524,0.04575,5.551488282935434,1.597033237476965,8.4,,55.5207610121114,0.5233048234585859,0.7791328831297035,,classic,True
DST_BAL,Ravens,DST,BAL,3000,43728533,7.038503955000001,7.038503955000001,0.969744003422681,1.007771231630686,7.038503955000001,IND,25.56,48.17,,,5.9012,dst_simulated_session_10_4+recal_10_4b,0.0,0.0,0.0,0.0,0.0,0.0,0.0,0.0,0.0,0.0,0.0,0.0,7.038503955000001,0.0,5.7,,55.69683908045977,1.8536399842596447,3.515147346331925,,classic,True
DST_MIN,Vikings,DST,MIN,2800,43728537,7.032529525499999,7.032529525499999,0.9689208644120987,1.0254593855611975,7.032529525499999,GB,23.83,46.06,,,5.9387,dst_simulated_session_10_4+recal_10_4b,0.0,0.0,0.0,0.0,0.0,0.0,0.0,0.0,0.0,0.0,0.0,0.0,7.032529525499999,0.0,8.0,,48.872126436781606,4.747986122568205,2.230220815046347,,classic,True
00-0038454,Keaton Mitchell,RB,LAC,4800,43727401,5.5791,5.5791,1.0,1.2580843111367315,7.018961993928491,ARI,28.19,47.17,13.0,1.0,6.7971,statline_mc+recal_10_4b,2.1003210068043408,14.776805173312862,0.0,0.0,0.0,4.77725,32.32199020950177,0.15275,0.60575,0.45775,4.256945334984874,0.02075,5.323893554448665,1.6950684394798259,4.3,,74.09945614441102,0.6485310804571432,4.218158332858283,,classic,True
00-0039066,Michael Mayer,TE,LV,2900,43728277,7.2374,7.2374,1.0,0.9679974710378043,7.005769808741845,MIA,21.69,40.39,13.0,1.0,6.1569,statline_mc+recal_10_4b,1.1330414462068816,15.267190869122931,0.0,0.0,0.0,0.0,0.0,0.0,4.43025,3.01725,29.55776980122472,0.1965,7.297526980122473,-0.2917571713806284,5.7,7.4,65.8513608761657,3.1801878894422737,1.5704776406358258,,classic,True
DST_CIN,Bengals,DST,CIN,2700,43728538,6.996110058000001,6.996110058000001,0.9639030992106056,0.9741644953899021,6.996110058000001,TB,27.06,50.44,,,5.7919,dst_simulated_session_10_4+recal_10_4b,0.0,0.0,0.0,0.0,0.0,0.0,0.0,0.0,0.0,0.0,0.0,0.0,6.996110058000001,0.0,4.6,,65.82255747126437,3.850411918719862,6.904195956396694,,classic,True
00-0039880,Malik Washington,WR,MIA,4200,43727723,8.3284,8.3284,1.0,0.8341112371459919,6.946814302873544,LV,18.69,40.39,17.0,1.0,6.0126,statline_mc+recal_10_4b,2.8057233851300927,12.946390368401381,0.0,0.0,0.0,0.622,2.8110737266114203,0.0215,3.246,2.172,16.81398617735702,0.1225,5.051255990396845,1.895558312476699,6.9,,55.075075786282675,0.48027699837422405,1.3740099133196615,,classic,True
00-0039391,Kimani Vidal,RB,LAC,4800,43727403,5.5161,5.5161,1.0,1.2580843111367315,6.939774077827508,ARI,28.19,47.17,13.0,0.8,6.3122,statline_mc+recal_10_4b,2.7287670773837838,13.043811124977054,0.0,0.0,0.0,4.084,22.621707397010603,0.1325,0.83275,0.61925,6.070405342118102,0.03075,4.548711273912871,2.391062803914637,9.6,,63.97021812080537,0.6703039559277321,1.6796052548405507,,classic,True
00-0040705,Chimere Dike,WR,TEN,3400,43727787,7.7317,7.7317,1.0,0.8952526172899195,6.921814903563808,NYJ,20.06,39.22,17.0,1.0,6.8488,statline_mc+recal_10_4b,0.9600451618312227,14.820563472054221,0.0,0.0,0.0,0.37775,1.5153462939249658,0.00725,4.654,2.9345,27.32631332789059,0.222,7.321665962181556,-0.39985105861774795,7.5,,56.06140267778199,1.014427082153725,1.4560869080968635,,classic,True
00-0035229,T.J. Hockenson,TE,MIN,3300,43728257,6.4267,6.4267,1.0,1.0635029845472972,6.834854656528767,GB,23.83,46.06,15.0,1.0,5.8416,statline_mc+recal_10_4b,1.9593018256664252,13.84347209935375,0.0,0.0,0.0,0.0,0.0,0.0,3.28725,2.42225,23.932037248306713,0.1825,5.996203724830671,0.8386509316980959,7.5,9.1,76.75734656256776,4.097378132815982,2.98293696108173,,classic,True
DST_BUF,Bills,DST,BUF,3100,43728530,6.7581968175,6.7581968175,0.931124125186468,1.0505167149455883,6.7581968175,HOU,22.81,44.5,,,5.7752,dst_simulated_session_10_4+recal_10_4b,0.0,0.0,0.0,0.0,0.0,0.0,0.0,0.0,0.0,0.0,0.0,0.0,6.7581968175,0.0,6.1,,38.32255747126437,2.709515496450799,1.1038410963931524,,classic,True
00-0040170,Elic Ayomanor,WR,TEN,3600,43727769,7.4208,7.4208,1.0,0.8952526172899195,6.643448859394429,NYJ,20.06,39.22,16.0,1.0,6.6686,statline_mc+recal_10_4b,1.3828565651708185,14.321878166784757,0.0,0.0,0.0,0.0,0.0,0.0,4.768,2.4325,27.085241946473694,0.1935,6.436274194647369,0.20717466474705937,7.3,,54.980816597195904,0.5157106553581772,1.3664125797848539,,classic,True
00-0039811,MarShawn Lloyd,RB,GB,4800,43727399,6.6731,6.6731,1.0,0.9916507056920244,6.617378170802312,MIN,22.22,46.06,0.0,0.0,5.9326,statline_mc+recal_10_4b,2.800638810133279,12.376984973064271,0.0,0.0,0.0,4.0785,17.26621077980957,0.1155,1.11575,0.81775,6.597647950789357,0.0355,4.140385873059893,2.4769922977424192,0.0,9.5,21.494891711023683,0.9862679292469972,0.035336653480236645,,classic,True
00-0039875,Ray Davis,RB,BUF,4600,43727417,6.4947,6.4947,1.0,1.017981665024081,6.611528784571518,HOU,22.81,44.5,17.0,1.0,6.567,statline_mc+recal_10_4b,1.3019337675536788,14.455211145063785,0.0,0.0,0.0,5.32325,24.268077497417824,0.1165,1.8395,1.3935,11.271606829982415,0.08075,6.237218432740025,0.3743103518314932,3.8,,60.42966037954178,0.4803424438449144,1.2173664925026038,,classic,True
00-0037742,Treylon Burks,WR,WAS,3400,43727789,7.6727,7.6727,1.0,0.8541941722297637,6.5540123522630696,PHI,19.14,44.17,8.0,1.0,6.4205,statline_mc+recal_10_4b,1.8363805722763642,12.629563658522056,0.0,0.0,0.0,0.0,0.0,0.0,3.524,1.95025,21.92814971522561,0.14975,5.134064971522561,1.419947380740509,3.6,,57.661282682834404,0.8066949716800338,1.5997753708206692,,classic,True
00-0039451,Isaiah Williams,WR,NYJ,3000,43728063,7.6475,7.6475,1.0,0.8555330345686819,6.542664275887965,TEN,19.17,39.22,15.0,1.0,6.4259,statline_mc+recal_10_4b,1.6399902825636636,13.419212137479681,0.0,0.0,0.0,0.221,1.0984208803884485,0.0055,4.05675,2.70025,23.09671203580974,0.133,6.05051329161982,0.49215098426814485,4.0,,56.05082417582417,0.8331993161988582,1.45518111828736,,classic,True
DST_HOU,Texans,DST,HOU,2900,43728534,6.4563653655,6.4563653655,0.8895386913367884,0.9989350086440075,6.4563653655,BUF,21.69,44.5,,,5.8588,dst_simulated_session_10_4+recal_10_4b,0.0,0.0,0.0,0.0,0.0,0.0,0.0,0.0,0.0,0.0,0.0,0.0,6.4563653655,0.0,10.6,,30.50646551724138,1.8623958920017947,0.6555525613507678,,classic,True
00-0039344,Jonathon Brooks,RB,CAR,5000,43727391,6.5708,6.5708,1.0,0.9818323818732916,6.451407318129308,CHI,22.0,46.94,0.0,0.0,6.4961,statline_mc+recal_10_4b,1.470201944690828,13.32218287907879,0.0,0.0,0.0,5.5965,23.543168383061342,0.1655,1.4175,1.06575,8.470753454585418,0.04275,5.599392183764675,0.8520151343646329,0.0,,21.747686926251635,0.27746482939004313,0.036158141970829345,,classic,True
00-0038618,Xavier Hutchinson,WR,HOU,3200,43727809,6.6358,6.6358,1.0,0.9679974710378043,6.423412644468798,BUF,21.69,44.5,16.0,1.0,7.0625,statline_mc+recal_10_4b,0.22238734635494928,15.364542785158218,0.0,0.0,0.0,0.252,1.375728380546726,0.00725,4.37125,2.667,32.37367809240784,0.20325,7.504940647295457,-1.0815280028266585,5.8,,62.578351964127826,1.0093086992928986,2.136358182851016,,classic,True
00-0035689,Dawson Knox,TE,BUF,3100,43728267,6.2532,6.2532,1.0,1.017981665024081,6.365609458346198,HOU,22.81,44.5,16.0,1.0,6.2786,statline_mc+recal_10_4b,0.3874462509557415,15.14647264158666,0.0,0.0,0.0,0.0,0.0,0.0,3.6925,2.622,29.88135307371571,0.24575,7.227385307371571,-0.8617758490253724,6.1,,71.7305763391889,1.0503555655356882,2.219353653683673,,classic,True
00-0041027,Jeremiyah Love,RB,ARI,6400,43727345,7.4713,7.4713,1.0,0.8466072856425609,6.325246389246001,LAC,18.97,47.17,0.0,0.0,7.0473,statline_mc+recal_10_4b,0.1401875343907948,15.184591416168434,0.0,0.0,0.0,9.97175,36.32455782070594,0.24325,1.595,1.19925,7.525686207489361,0.04,7.45602440281953,-1.1307780135735293,0.0,,20.612956105839697,0.28332304208340964,0.03261410303771846,,classic,True
00-0040669,Isaac TeSlaa,WR,DET,3900,43727739,4.9863,4.9863,1.0,1.2670100600628522,6.31765339131424,NO,28.39,49.83,14.0,1.0,7.152,statline_mc+recal_10_4b,0.06672725789982473,15.718853086211332,0.0,0.0,0.0,0.0,0.0,0.0,2.72975,1.6555,28.75732017596734,0.2875,6.4357320175967345,-0.11807862628249488,4.5,,80.89190981432361,0.605679755226793,6.273727681101861,,classic,True
00-0039424,Devaughn Vele,WR,NO,3500,43727779,6.5481,6.5481,1.0,0.9568402848801533,6.265521763734492,DET,21.44,49.83,9.0,0.4,5.696,statline_mc+recal_10_4b,2.784676339437552,11.20669174284506,0.0,0.0,0.0,0.0,0.0,0.0,2.089,1.32825,15.658454242969398,0.08925,3.48084542429694,2.784676339437552,5.1,27.4,41.03438486800555,1.7810079364043083,0.6015837088096341,,classic,True
00-0035537,Ty Johnson,RB,BUF,4200,43727453,6.0609,6.0609,1.0,1.017981665024081,6.169855762570262,HOU,22.81,44.5,17.0,1.0,6.8289,statline_mc+recal_10_4b,0.46629911476720376,14.444839360496438,0.0,0.0,0.0,4.40275,18.232389096769882,0.16575,2.33225,1.74875,16.280693522877712,0.08525,6.796308261964759,-0.6264524993944969,5.9,,57.54375433927332,0.33558253577716374,0.9364443505230017,,classic,True
00-0039874,Jaylen Wright,RB,MIA,4500,43727425,7.3633,7.3633,1.0,0.8341112371459919,6.141791344477351,LV,18.69,40.39,9.0,1.0,6.053,statline_mc+recal_10_4b,1.96227990968205,12.026044233551666,0.0,0.0,0.0,5.207,17.644849903005884,0.1335,1.56575,1.112,7.534541297482313,0.0375,4.701939120048821,1.4398522244285301,5.2,,45.395404227416485,0.2504475432033332,0.31034811919722327,,classic,True
DST_CLE,Browns,DST,CLE,2100,43728547,6.13579221,6.13579221,0.8453710816867898,0.9330756571322608,6.13579221,JAX,15.69,40.11,,,5.8645,dst_simulated_session_10_4+recal_10_4b,0.0,0.0,0.0,0.0,0.0,0.0,0.0,0.0,0.0,0.0,0.0,0.0,6.13579221,0.0,7.8,,40.337643678160916,6.214984534392004,1.2625520177901717,,classic,True
00-0038393,Dontayvion Wicks,WR,PHI,4100,43727727,5.4911,5.4911,1.0,1.1170574781040223,6.1338341043353495,WAS,25.03,44.17,13.0,0.6,5.7523,statline_mc+recal_10_4b,2.726148490815711,11.316313246688303,0.0,0.0,0.0,0.05025,0.34215444131479855,0.00275,1.82325,1.1595,15.57720169388159,0.09775,3.4076856135196385,2.726148490815711,5.4,,51.76944707591259,0.4269373640771259,1.1312063855055792,,classic,True
00-0037741,Jahan Dotson,WR,ATL,3700,43727749,8.0039,8.0039,1.0,0.7662755453074735,6.133159930138696,PIT,17.17,40.78,15.0,0.8,6.1438,statline_mc+recal_10_4b,1.9713488851562762,11.81762327794899,0.0,0.0,0.0,0.0,0.0,0.0,3.465,1.965,20.661528631261405,0.11,4.766652863126141,1.366507067012555,2.8,,46.58849587912087,0.3500917271267645,0.8340372827663064,,classic,True
00-0037231,Kevin Austin Jr.,WR,NO,3000,43728055,6.3946,6.3946,1.0,0.9568402848801533,6.118603262669201,DET,21.44,49.83,5.0,0.8,6.6331,statline_mc+recal_10_4b,0.8624462860030824,13.889188898609184,0.0,0.0,0.0,0.0,0.0,0.0,3.98475,2.36925,27.328986275545446,0.186,6.345148627554545,-0.22654536488534394,4.1,,59.65576923076923,0.8785416019354692,1.798919063547842,,classic,True
00-0040729,Jack Bech,WR,LV,3600,43727759,6.1937,6.1937,1.0,0.9679974710378043,5.995510735588299,MIA,21.69,40.39,14.0,0.8,6.1468,statline_mc+recal_10_4b,1.984774212592109,11.298277228821933,0.0,0.0,0.0,0.0,0.0,0.0,2.3945,1.53525,18.5848652299619,0.09175,4.01073652299619,1.984774212592109,2.7,,50.64828296703296,0.3679314256266645,1.0590092816315473,,classic,True
00-0039342,Xavier Legette,WR,CAR,3700,43727767,6.0882,6.0882,1.0,0.9818323818732916,5.977610582775418,CHI,22.0,46.94,15.0,1.0,6.2373,statline_mc+recal_10_4b,1.6507174042718904,11.618214208745263,0.0,0.0,0.0,0.0,0.0,0.0,2.99375,1.70975,19.443907539295868,0.13375,4.530140753929587,1.447469828845831,5.7,,65.1026667298219,0.5304578933528696,2.478346736842589,,classic,True
DST_ATL,Falcons,DST,ATL,2600,43728540,5.976774175500001,5.976774175500001,0.8234620529530786,0.9650871472752991,5.976774175500001,PIT,17.17,40.78,,,5.729,dst_simulated_session_10_4+recal_10_4b,0.0,0.0,0.0,0.0,0.0,0.0,0.0,0.0,0.0,0.0,0.0,0.0,5.976774175500001,0.0,7.1,,23.02801724137931,1.3560227632194692,0.39818442076768973,,classic,True
00-0037614,John Metchie III,WR,CAR,3200,43727819,6.029,6.029,1.0,0.9818323818732916,5.919516082382175,CHI,22.0,46.94,13.0,1.0,6.5624,statline_mc+recal_10_4b,1.1378997729025266,12.619034284362508,0.0,0.0,0.0,0.139,0.737954724920692,0.00475,3.49075,2.275,23.248443784647524,0.164,5.796639850956821,0.12287623142535331,4.5,,64.15028577744096,0.503931830816058,2.3433213200004293,,classic,True
DST_ARI,Cardinals,DST,ARI,2000,43728548,5.9162114655,5.9162114655,0.815117904078685,0.8082904415455767,5.9162114655,LAC,18.97,47.17,,,5.9928,dst_simulated_session_10_4+recal_10_4b,0.0,0.0,0.0,0.0,0.0,0.0,0.0,0.0,0.0,0.0,0.0,0.0,5.9162114655,0.0,4.3,,44.43247126436781,5.081749542427912,1.658848337946618,,classic,True
00-0036290,Cole Kmet,TE,CHI,3300,43728255,5.1618,5.1618,1.0,1.1130408910872678,5.745310167860781,CAR,24.94,46.94,16.0,1.0,5.6582,statline_mc+recal_10_4b,1.1395341340873433,11.692938060647618,0.0,0.0,0.0,0.0,0.0,0.0,2.48625,1.625,20.037760337734383,0.1525,4.605776033773438,1.1395341340873433,5.1,,77.81873509000216,0.44708692461194915,3.175112268399399,,classic,True
00-0040584,Gunnar Helm,TE,TEN,3200,43728259,6.3779,6.3779,1.0,0.8952526172899195,5.709841481853846,NYJ,20.06,39.22,16.0,1.0,5.838,statline_mc+recal_10_4b,0.9529185034440626,12.102981693295067,0.0,0.0,0.0,0.0,0.0,0.0,3.56725,2.6575,22.747677753563906,0.1555,5.950017775356391,-0.24017629350254577,5.7,,58.86290934721318,0.3654118841206979,1.0411172535035809,,classic,True
DST_IND,Colts,DST,IND,2400,43728544,5.5931012235000015,5.5931012235000015,0.7706007422461106,0.8914596066967845,5.5931012235000015,BAL,22.61,48.17,,,5.7779,dst_simulated_session_10_4+recal_10_4b,0.0,0.0,0.0,0.0,0.0,0.0,0.0,0.0,0.0,0.0,0.0,0.0,5.5931012235000015,0.0,5.8,,48.297413793103445,3.4109497732767156,2.146387989628144,,classic,True
00-0038685,Chris Brooks,RB,GB,4500,43727431,5.5861,5.5861,1.0,0.9916507056920244,5.539416297582661,MIN,22.22,46.06,17.0,1.0,6.1407,statline_mc+recal_10_4b,1.3052292247997888,12.080329102780974,0.0,0.0,0.0,6.0375,24.136516930603626,0.137,0.9105,0.67925,5.309303648083704,0.02525,4.685082057868732,0.8543342397139284,2.0,,57.2193454447273,0.27130739403752113,0.9092302656148079,,classic,True
00-0039912,Ben Sinnott,TE,WAS,2800,43728285,6.4753,6.4753,1.0,0.8541941722297637,5.531167358094609,PHI,19.14,44.17,9.0,1.0,5.6131,statline_mc+recal_10_4b,1.0783928355360177,11.806899908505123,0.0,0.0,0.0,0.0,0.0,0.0,3.0405,2.16175,20.23035942158568,0.15425,5.168035942158568,0.36313141593604126,1.8,,60.25821405335069,0.2880545626850762,1.130173506101455,,classic,True
DST_WAS,Commanders,DST,WAS,2300,43728545,5.5218991185,5.5218991185,0.7607907293802696,0.9103358988082225,5.5218991185,PHI,19.14,44.17,,,5.6612,dst_simulated_session_10_4+recal_10_4b,0.0,0.0,0.0,0.0,0.0,0.0,0.0,0.0,0.0,0.0,0.0,0.0,5.5218991185,0.0,4.5,,33.304597701149426,1.3237756908810687,0.7899902714065583,,classic,True
00-0037746,Brian Robinson Jr.,RB,ATL,4700,43727407,7.1658,7.1658,1.0,0.7662755453074735,5.490994501527181,PIT,17.17,40.78,17.0,1.0,5.7373,statline_mc+recal_10_4b,2.4771466965189113,10.547160447780035,0.0,0.0,0.0,5.48075,18.98810814480534,0.1185,0.46375,0.33875,1.8258480716469077,0.00925,3.2213956216452253,2.269598879881956,3.4,,46.400500462855824,0.35430921235051377,0.34004127850811605,,classic,True
00-0037005,Tommy Tremble,TE,CAR,2900,43728279,5.5875,5.5875,1.0,0.9818323818732916,5.485994709219337,CHI,22.0,46.94,15.0,1.0,5.8242,statline_mc+recal_10_4b,0.7529288694921508,12.330740562434514,0.0,0.0,0.0,0.0,0.0,0.0,3.33125,2.3395,23.103190469552427,0.185,5.835819046955243,-0.3498243377359058,3.8,,69.18069561917154,0.3754564340494636,1.910228795248821,,classic,True
00-0040162,Dylan Sampson,RB,CLE,4700,43727413,7.8282,7.8282,1.0,0.7002250032541792,5.481467540418261,JAX,15.69,40.11,15.0,0.6,5.2201,statline_mc+recal_10_4b,2.64369969446779,9.70412611266024,0.0,0.0,0.0,3.19675,7.3187010066764575,0.04375,1.456,1.16675,6.77139644009166,0.03475,3.0452597446768115,2.436207795741449,5.9,,31.63467175808069,0.36406434127423204,0.08882951345860633,,classic,True
00-0040718,Travis Hunter,WR,JAX,3400,43727791,5.0244,5.0244,1.0,1.0898339438793538,5.475744848467199,CLE,24.42,40.11,0.0,0.0,5.569,statline_mc+recal_10_4b,2.433664377096533,10.46725363153276,0.0,0.0,0.0,0.1335,0.8457510659349373,0.00425,1.59875,0.98625,13.697553647771725,0.0895,3.0420804713706664,2.433664377096533,9.5,,21.47408267020336,0.40771270079505645,0.19036812180830365,,classic,True
00-0038977,Tank Dell,WR,HOU,3700,43727751,5.6507,5.6507,1.0,0.9679974710378043,5.469827861527189,BUF,21.69,44.5,0.0,0.0,5.4599,statline_mc+recal_10_4b,2.431034605123195,10.118828464964416,0.0,0.0,0.0,0.08875,0.46217334712438574,0.00225,1.77525,1.1085,13.445759216915551,0.0815,3.0387932564039937,2.431034605123195,0.0,,21.261397546419097,0.2217741766100225,0.1880012837432081,,classic,True
00-0034829,Mike Gesicki,TE,CIN,3100,43728263,4.4194,4.4194,1.0,1.2076538297041486,5.337097623162139,TB,27.06,50.44,12.0,1.0,5.6706,statline_mc+recal_10_4b,0.47932622386043455,11.697219450739162,0.0,0.0,0.0,0.0,0.0,0.0,2.4915,1.687,21.447713993017047,0.157,4.857771399301704,0.47932622386043455,5.4,,83.88466438950337,0.5045644934052496,4.536529817499234,,classic,True
00-0039901,Keon Coleman,WR,BUF,4000,43727733,5.2159,5.2159,1.0,1.017981665024081,5.3097154973259695,HOU,22.81,44.5,12.0,0.4,5.5408,statline_mc+recal_10_4b,2.3598735543670974,10.07419596430094,0.0,0.0,0.0,0.0,0.0,0.0,1.7095,1.079,13.050919429588717,0.08925,2.949841942958872,2.3598735543670974,7.9,,39.2258672003284,0.4172789198032242,0.540871809786081,,classic,True
00-0033307,Kendrick Bourne,WR,ARI,3600,43727765,6.2513,6.2513,1.0,0.8466072856425609,5.292393168506105,LAC,18.97,47.17,14.0,1.0,5.9227,statline_mc+recal_10_4b,1.3551048500963088,10.439036539176117,0.0,0.0,0.0,0.0,0.0,0.0,2.2765,1.5235,19.135383184097954,0.06975,3.937288318409796,1.3551048500963088,5.5,,58.75710496400151,0.4848315006331859,1.7062933058361878,,classic,True
DST_TB,Buccaneers,DST,TB,2600,43728541,5.225878413,5.225878413,0.7200058827874575,0.8420438857047232,5.225878413,CIN,23.39,50.44,,,5.7965,dst_simulated_session_10_4+recal_10_4b,0.0,0.0,0.0,0.0,0.0,0.0,0.0,0.0,0.0,0.0,0.0,0.0,5.225878413,0.0,5.8,,34.184626436781606,1.4288930859209588,0.8377244376786154,,classic,True
DST_CAR,Panthers,DST,CAR,2500,43728543,5.092967817,5.092967817,0.701693858771221,0.9136209922682361,5.092967817,CHI,22.0,46.94,,,5.6047,dst_simulated_session_10_4+recal_10_4b,0.0,0.0,0.0,0.0,0.0,0.0,0.0,0.0,0.0,0.0,0.0,0.0,5.092967817,0.0,5.9,,29.184626436781606,1.363430255083564,0.6002557892295489,,classic,True
00-0037157,Bam Knight,RB,ARI,4000,43727583,6.0079,6.0079,1.0,0.8466072856425609,5.08634448058641,LAC,18.97,47.17,12.0,0.4,5.3063,statline_mc+recal_10_4b,2.4076934645384944,9.862533502516962,0.0,0.0,0.0,3.004,9.232237791703144,0.101,0.976,0.72,4.599050102921554,0.02175,2.8311287894624697,2.2552156911239405,7.8,,33.44859214687958,0.27526717814186363,0.10475463510905969,,classic,True
00-0038951,Sean Tucker,RB,TB,4700,43727411,4.8294,4.8294,1.0,1.0438663369098313,5.041215569752242,CIN,23.39,50.44,17.0,1.0,5.5985,statline_mc+recal_10_4b,2.3107089387338666,10.300368791588753,0.0,0.0,0.0,3.40025,13.384685406024364,0.18275,0.24675,0.188,1.3604624367694254,0.0085,2.819264784279379,2.221950785472863,5.6,,65.63736692895162,0.5783096306023654,1.9544675062328127,,classic,True
DST_NO,Saints,DST,NO,2200,43728546,5.031750375,5.031750375,0.6932595028819694,0.8025962503406062,5.031750375,DET,21.44,49.83,,,5.8135,dst_simulated_session_10_4+recal_10_4b,0.0,0.0,0.0,0.0,0.0,0.0,0.0,0.0,0.0,0.0,0.0,0.0,5.031750375,0.0,6.9,,35.589080459770116,1.7650525204966936,0.9199501476930246,,classic,True
00-0036415,Van Jefferson,WR,WAS,3000,43728151,5.8821,5.8821,1.0,0.8541941722297637,5.024418423834878,PHI,19.14,44.17,14.0,0.8,6.3144,statline_mc+recal_10_4b,0.6149818758443937,11.147030487853774,0.0,0.0,0.0,0.0,0.0,0.0,3.66425,2.1285,23.119016658244366,0.13025,5.313651665824437,-0.28923324198955846,4.4,,47.902678571428574,0.40982566320896807,0.9010700208374566,,classic,True
00-0033858,Jonnu Smith,TE,GB,3000,44034624,5.062,5.062,1.0,0.9916507056920244,5.019741488968281,MIN,22.22,46.06,17.0,1.0,4.9403,statline_mc+recal_10_4b,1.8318641665919944,9.984613035803653,0.0,0.0,0.0,0.0,0.0,0.0,2.09,1.4305,11.021273223762867,0.1085,3.1878773223762864,1.8318641665919944,4.8,,68.13150618087182,0.39569807032289706,1.7958994758630977,,classic,True
00-0033955,Jeremy McNichols,RB,WAS,4300,43727445,5.8648,5.8648,1.0,0.8541941722297637,5.009635842642385,PHI,19.14,44.17,16.0,1.0,5.981,statline_mc+recal_10_4b,0.9103999083484067,10.656758082096175,0.0,0.0,0.0,2.5735,10.165800166091463,0.06025,2.47975,1.93275,12.594931884822891,0.053,4.924323205091436,0.08531263755094898,4.3,,45.923445575869785,0.242981819471748,0.3256093635439822,,classic,True
00-0039849,Marvin Harrison Jr.,WR,ARI,5000,43727693,5.9062,5.9062,1.0,0.8466072856425609,5.000245530209836,LAC,18.97,47.17,12.0,0.4,5.2669,statline_mc+recal_10_4b,2.222331346759927,9.253589204824245,0.0,0.0,0.0,0.0,0.0,0.0,1.8545,1.0675,12.521641834499087,0.07175,2.7779141834499086,2.222331346759927,10.7,,36.568024504231396,0.6454797235003973,0.46258883411726615,,classic,True
00-0039041,Elijah Higgins,TE,ARI,2500,43728457,5.8434,5.8434,1.0,0.8466072856425609,4.947050609658248,LAC,18.97,47.17,17.0,1.0,5.5445,statline_mc+recal_10_4b,0.8060516832836745,10.556330057708625,0.0,0.0,0.0,0.0,0.0,0.0,3.09325,2.257,20.436077741570607,0.11475,5.044357774157061,-0.0973071644988126,3.5,,60.560615918455866,0.3392414989428148,1.1504572950066727,,classic,True
00-0038619,Andrei Iosivas,WR,CIN,3300,43727797,4.0729,4.0729,1.0,1.2076538297041486,4.918636524656606,TB,27.06,50.44,15.0,1.0,6.4791,statline_mc+recal_10_4b,0.14526302914144296,11.168608963489923,0.0,0.0,0.0,0.0,0.0,0.0,2.497,1.49125,23.526234955151615,0.13375,4.773373495515163,0.14526302914144296,5.3,,76.05378457749147,0.6172843449509954,4.71984095147774,,classic,True
00-0040311,Theo Wease Jr.,WR,LAC,3000,43728013,3.9086,3.9086,1.0,1.2580843111367315,4.917379601507474,ARI,28.19,47.17,3.0,0.6,6.3608,statline_mc+recal_10_4b,0.6951635025317104,11.086575055344849,0.0,0.0,0.0,0.00325,0.024410027618911045,0.0,1.875,1.1295,22.21025096213873,0.12475,4.222216098975764,0.6951635025317104,8.6,,54.88999305292409,0.6101393216808605,1.3591319026916668,,classic,True
00-0041438,Carnell Tate,WR,TEN,5300,43727679,5.4277,5.4277,1.0,0.8952526172899195,4.859128556711888,NYJ,20.06,39.22,0.0,0.0,6.2929,statline_mc+recal_10_4b,0.5831245144991957,11.168170184423845,0.0,0.0,0.0,0.1175,0.5856338100307453,0.0035,3.28675,2.002,22.9438885963705,0.128,5.238202240640125,-0.3790736839282367,0.0,,18.236875552608307,0.34464766072181113,0.15735993055511074,,classic,True
00-0035359,David Sills V,WR,TB,3000,43728141,4.644,4.644,1.0,1.0438663369098313,4.847708593281952,CIN,23.39,50.44,12.0,1.0,5.9599,statline_mc+recal_10_4b,0.8874962441094882,10.38602580577236,0.0,0.0,0.0,0.0,0.0,0.0,2.52025,1.3905,17.107123491724643,0.135,3.960212349172464,0.8874962441094882,2.9,,70.76200738916256,0.49751203830104657,3.457321274944673,,classic,True
00-0038558,Darnell Washington,TE,PIT,3000,43728273,4.581,4.581,1.0,1.0536846607285644,4.8268853401433365,ATL,23.61,40.78,13.0,0.8,5.563,statline_mc+recal_10_4b,0.25653483483054346,10.7057774627322,0.0,0.0,0.0,0.0,0.0,0.0,2.49425,1.743,21.25790790243043,0.1235,4.677040790243043,0.14984454990029317,4.7,,58.12635613207547,0.3434097207778417,0.9969723516256115,,classic,True
00-0035208,Olamide Zaccheaus,WR,ATL,3500,43727771,6.2625,6.2625,1.0,0.7662755453074735,4.798780981275123,PIT,17.17,40.78,14.0,0.6,5.0463,statline_mc+recal_10_4b,2.132791547233388,8.596637157543306,0.0,0.0,0.0,0.0,0.0,0.0,2.09575,1.27675,9.567394340417348,0.07,2.665989434041735,2.132791547233388,5.3,,36.59109905898699,0.361431715530143,0.46321714463108776,,classic,True
00-0040867,Makai Lemon,WR,PHI,5100,43727689,4.2394,4.2394,1.0,1.1170574781040223,4.73559827140117,WAS,25.03,44.17,0.0,0.0,6.9448,statline_mc+recal_10_4b,0.0,12.767706010793749,0.0,0.0,0.0,0.06025,0.3883672157505364,0.00175,3.1815,1.9445,28.447265402060335,0.177,6.068063261781088,-1.3324649903799175,0.0,,23.543241600353664,0.3425611047871739,0.2150079301890415,,classic,True
00-0035249,Josh Oliver,TE,MIN,2800,43728281,4.4398,4.4398,1.0,1.0635029845472972,4.721712537647264,GB,23.83,46.06,12.0,1.0,5.4677,statline_mc+recal_10_4b,0.6291405739939782,10.848736655936865,0.0,0.0,0.0,0.0,0.0,0.0,2.00875,1.40125,16.650719636532845,0.16425,4.092571963653286,0.6291405739939782,3.7,,70.81395033615269,0.3833860763119435,2.102856860251525,,classic,True
00-0032464,Kalif Raymond,WR,CHI,3300,43727795,4.1306,4.1306,1.0,1.1130408910872678,4.5975276396927,CAR,24.94,46.94,15.0,0.8,6.2641,statline_mc+recal_10_4b,0.7019475162734481,10.025551780502198,0.0,0.0,0.0,0.0,0.0,0.0,1.9165,1.3385,18.850801234192517,0.098,3.895580123419252,0.7019475162734481,4.5,,58.510748626373626,0.46205117693338094,1.6817447750515162,,classic,True
00-0040138,Jaylin Noel,WR,HOU,3600,43727761,4.748,4.748,1.0,0.9679974710378043,4.596035017839065,BUF,21.69,44.5,17.0,1.0,5.382,statline_mc+recal_10_4b,1.7505423859953053,9.323565779501259,0.0,0.0,0.0,0.31875,1.798308044105037,0.0125,1.4755,0.99675,11.279118274332559,0.0725,2.8454926318437597,1.7505423859953053,3.6,,58.127802513578374,0.42787983764433724,1.6442848846764673,,classic,True
00-0039798,Isaiah Davis,RB,NYJ,4200,43727455,5.3023,5.3023,1.0,0.8555330345686819,4.536313834453591,TEN,19.17,39.22,16.0,0.8,5.2266,statline_mc+recal_10_4b,1.8636413990042566,8.653121782642561,0.0,0.0,0.0,2.6495,10.92601684798978,0.06325,0.98675,0.7315,5.096892660856167,0.0175,2.824790950884595,1.7115228835689962,4.5,,34.86447147651006,0.22726260449255498,0.11914450805308828,,classic,True
00-0038794,Jaleel McLaughlin,RB,CLE,4000,44034598,6.382,6.382,1.0,0.7002250032541792,4.468860294326829,JAX,15.69,40.11,8.0,1.0,5.0739,statline_mc+recal_10_4b,2.105700907778282,8.62267703954222,0.0,0.0,0.0,3.2825,10.652113387042307,0.06325,0.8065,0.591,3.3273882481067414,0.0205,2.482700163514905,1.9861601308119239,3.6,,42.07841549024145,0.21917759474198187,0.229556733082658,,classic,True
00-0039920,Malachi Corley,WR,CLE,3000,43727917,6.33,6.33,1.0,0.7002250032541792,4.432412607890848,JAX,15.69,40.11,12.0,1.0,5.5115,statline_mc+recal_10_4b,1.3863114893570871,8.842658267571785,0.0,0.0,0.0,1.26675,5.931187163915992,0.0275,1.6395,1.09425,8.527742169431969,0.05175,3.048392933334796,1.3840196745560522,2.4,,45.45440191991915,0.3429314246815856,0.7802127941981648,,classic,True
00-0040024,Darius Cooper,WR,PHI,3000,43728083,3.944,3.944,1.0,1.1170574781040223,4.405723398003111,WAS,25.03,44.17,6.0,0.8,6.0642,statline_mc+recal_10_4b,0.16732112520529085,10.069476677078228,0.0,0.0,0.0,0.0,0.0,0.0,2.2605,1.4995,20.05652272797821,0.10775,4.238402272797821,0.16732112520529085,1.4,,56.243200549450535,0.3664148270480181,1.4717418482126754,,classic,True
00-0037276,Ty Chandler,RB,NO,4000,43727563,4.5959,4.5959,1.0,0.9568402848801533,4.397504269081302,DET,21.44,49.83,3.0,0.4,5.6004,statline_mc+recal_10_4b,1.3657209217448052,9.570650135059868,0.0,0.0,0.0,4.40725,16.44413284174195,0.116,0.61275,0.46725,3.2512360581037667,0.01575,3.2352868899845717,1.16221737909673,2.9,,35.910261899251715,0.20949287327696198,0.13102772819069822,,classic,True
00-0039144,Luke Musgrave,TE,GB,3000,43728269,4.3366,4.3366,1.0,0.9916507056920244,4.3004158879569525,MIN,22.22,46.06,13.0,0.6,4.7645,statline_mc+recal_10_4b,1.91129595020309,8.059230243347193,0.0,0.0,0.0,0.0,0.0,0.0,1.369,0.981,10.453699377538621,0.0585,2.3891199377538626,1.91129595020309,2.8,,48.834924636738236,0.2648640734788328,0.577188119767699,,classic,True
00-0041029,Jordyn Tyson,WR,NO,5100,43727687,4.46,4.46,1.0,0.9568402848801533,4.2675141918085515,DET,21.44,49.83,0.0,0.0,5.9547,statline_mc+recal_10_4b,0.049366434521954834,10.229464035639026,0.0,0.0,0.0,0.13025,0.8931531060755314,0.0045,2.47625,1.5195,18.651115295341,0.11625,4.270176840141653,-0.0026626483331018136,0.0,,22.255857648099028,0.34296431873126937,0.19932695057995387,,classic,True
00-0038679,Tyrell Shavers,WR,BUF,3000,43727855,4.15,4.15,1.0,1.017981665024081,4.224603881375493,HOU,22.81,44.5,11.0,0.6,5.6788,statline_mc+recal_10_4b,1.1616246632202536,8.846555517713085,0.0,0.0,0.0,0.0,0.0,0.0,1.6515,1.04875,15.169792181552392,0.07325,3.062979218155239,1.1616246632202536,2.7,,44.99683355437666,0.347877100754059,0.7594928510935232,,classic,True
00-0038115,Daniel Bellinger,TE,TEN,2700,43728289,4.6867,4.6867,1.0,0.8952526172899195,4.1957803877178765,NYJ,20.06,39.22,13.0,0.6,4.9196,statline_mc+recal_10_4b,1.2082960147019564,9.02344098826901,0.0,0.0,0.0,0.0,0.0,0.0,1.659,1.145,13.0223437301592,0.087,2.98748437301592,1.2082960147019564,3.7,,39.11389882888744,0.2553825222488027,0.3258193858318959,,classic,True
00-0032104,Ameer Abdullah,RB,JAX,4000,43727617,3.8033,3.8033,1.0,1.0898339438793538,4.144922977752499,CLE,24.42,40.11,13.0,1.0,5.9971,statline_mc+recal_10_4b,0.05457557896554399,9.762512433188924,0.0,0.0,0.0,2.2645,10.332941107345857,0.085,1.8495,1.48725,11.773630691708213,0.0495,4.538407179905407,-0.3934842021529086,2.8,,55.06103911131682,0.2709839711191822,0.7472417143648207,,classic,True
00-0033217,Mo Alie-Cox,TE,IND,2500,43728387,4.0122,4.0122,1.0,1.0090559160979602,4.048565430889754,BAL,22.61,48.17,11.0,0.8,5.2294,statline_mc+recal_10_4b,0.32482731257262865,9.587085063658062,0.0,0.0,0.0,0.0,0.0,0.0,2.1875,1.46125,15.167381183171251,0.1205,3.7237381183171254,0.32482731257262865,1.8,,58.0747641509434,0.2820289096146422,0.9939513040713579,,classic,True
00-0039623,Mason Tipton,WR,NO,3000,43728047,4.2287,4.2287,1.0,0.9568402848801533,4.046227255685628,DET,21.44,49.83,8.0,0.6,5.6972,statline_mc+recal_10_4b,0.9101823400858451,8.862744331546983,0.0,0.0,0.0,0.8345,4.585530816689521,0.02675,1.5855,0.98825,10.627418339308305,0.07075,3.136044915599783,0.9101823400858451,1.5,,45.57795250726285,0.32070241260376353,0.7859037874874175,,classic,True
00-0040277,Jahdae Walker,WR,CHI,3100,43727823,3.6093,3.6093,1.0,1.1130408910872678,4.0172982137452475,CAR,24.94,46.94,6.0,0.6,5.5006,statline_mc+recal_10_4b,1.4472117874305135,8.749482645689012,0.0,0.0,0.0,0.0,0.0,0.0,1.3285,0.80575,11.683364263147345,0.09325,2.570086426314734,1.4472117874305135,3.0,,47.78900862068966,0.36666940065718084,0.8950651433384985,,classic,True
00-0040238,LeQuint Allen Jr.,RB,JAX,4300,43727447,3.6629,3.6629,1.0,1.0898339438793538,3.9919143206986973,CLE,24.42,40.11,16.0,1.0,5.382,statline_mc+recal_10_4b,1.448611930785524,8.523440491378135,0.0,0.0,0.0,3.41825,14.978103506544128,0.09675,0.3505,0.2825,2.3051627600105595,0.0115,2.6673266266554694,1.324587694043228,1.5,,50.29593844017588,0.22935440256414263,0.4845389124832391,,classic,True
00-0036755,Jaret Patterson,RB,LAC,4000,43727595,3.1494,3.1494,1.0,1.2580843111367315,3.9621701658901594,ARI,28.19,47.17,6.0,0.4,5.1263,statline_mc+recal_10_4b,1.7496785819665512,8.085140878032247,0.0,0.0,0.0,1.84875,9.374922576970032,0.06225,0.53975,0.407,3.83749326226605,0.01775,2.212491583923608,1.7496785819665512,3.7,,41.20905750983568,0.21883756945889163,0.2121126832553794,,classic,True
00-0040187,Mitchell Evans,TE,CAR,2600,43728303,4.021,4.021,1.0,0.9818323818732916,3.9479559473415105,CHI,22.0,46.94,14.0,1.0,5.3071,statline_mc+recal_10_4b,0.045053073338323646,9.59316064508103,0.0,0.0,0.0,0.0,0.0,0.0,2.203,1.541,15.081528740031864,0.13775,3.902902874003187,0.045053073338323646,2.7,,63.67755096508349,0.32579997661019117,1.3819680847514118,,classic,True
00-0040184,KeAndre Lambert-Smith,WR,LAC,3000,43728123,3.1125,3.1125,1.0,1.2580843111367315,3.9158380703819935,ARI,28.19,47.17,10.0,0.8,5.9711,statline_mc+recal_10_4b,0.20164285264279025,9.341516643090143,0.0,0.0,0.0,0.0,0.0,0.0,1.93125,1.0895,17.541952177392027,0.13275,3.7141952177392032,0.20164285264279025,1.6,,61.903708791208786,0.3997784758570847,2.053237268816925,,classic,True
00-0036849,Tutu Atwell,WR,MIA,3700,43727755,4.6376,4.6376,1.0,0.8341112371459919,3.8682863461368693,LV,18.69,40.39,8.0,0.6,4.9629,statline_mc+recal_10_4b,1.7192383760608307,7.1504274890918165,0.0,0.0,0.0,0.0,0.0,0.0,1.3965,0.78475,10.22797970076038,0.054,2.1490479700760385,1.7192383760608307,2.8,,35.30720443349753,0.300766426188224,0.42952189833126075,,classic,True
00-0040556,Corey Kiner,RB,ARI,4000,43727585,4.5582,4.5582,1.0,0.8466072856425609,3.859003238336302,LAC,18.97,47.17,4.0,0.8,5.5184,statline_mc+recal_10_4b,0.6851137992489174,8.694751212917883,0.0,0.0,0.0,4.13625,14.802769120183223,0.09225,1.01075,0.749,4.888525694952404,0.023,3.4173794815135623,0.4416237568227399,2.3,,44.46476510067114,0.2130397643372594,0.2851715918046781,,classic,True
00-0036550,Rashod Bateman,WR,BAL,3900,43727741,3.371,3.371,1.0,1.1407107127582423,3.845370111096166,IND,25.56,48.17,13.0,0.6,5.0648,statline_mc+recal_10_4b,1.7090533827094072,7.72711440860329,0.0,0.0,0.0,0.0,0.0,0.0,1.2745,0.7165,9.643167283867585,0.07275,2.136316728386759,1.7090533827094072,4.3,,52.744278135657446,0.40864960619569396,1.1979690499029187,,classic,True
00-0037091,Bo Melton,WR,GB,3000,43727949,3.8477,3.8477,1.0,0.9916507056920244,3.8155952944628386,MIN,22.22,46.06,13.0,1.0,5.1673,statline_mc+recal_10_4b,1.4109695654274383,7.762534222047233,0.0,0.0,0.0,0.10725,0.5695274289362273,0.00375,1.4445,0.78225,11.189229861417774,0.06725,2.4046257290354003,1.4109695654274383,0.2,,59.05969748642162,0.34845604394789875,1.7369364846684048,,classic,True
00-0037805,Jeremy Ruckert,TE,NYJ,2500,43728433,4.3592,4.3592,1.0,0.8555330345686819,3.7294085322668953,TEN,19.17,39.22,14.0,0.8,4.6111,statline_mc+recal_10_4b,1.2999197259524862,7.485163900367558,0.0,0.0,0.0,0.0,0.0,0.0,1.5355,1.11975,8.892388063144091,0.07,2.429488806314409,1.2999197259524862,2.8,,42.313325471698114,0.2509026317053043,0.3932890209598016,,classic,True
00-0040237,Tez Johnson,WR,TB,3100,43727835,3.5259,3.5259,1.0,1.0438663369098313,3.6805384074854044,CIN,23.39,50.44,15.0,0.8,5.5252,statline_mc+recal_10_4b,0.7577547162738854,8.793270863135064,0.0,0.0,0.0,0.24675,1.4306336286132346,0.00825,1.49875,0.93625,11.579703283501953,0.1005,2.922783691211519,0.7577547162738854,5.8,,57.260748626373626,0.5051777118253216,1.562523901235222,,classic,True
00-0040466,Raheim Sanders,RB,CLE,4000,43727505,5.2212,5.2212,1.0,0.7002250032541792,3.655986449509174,JAX,15.69,40.11,4.0,0.6,4.7509,statline_mc+recal_10_4b,1.6969389960552004,7.023703359167966,0.0,0.0,0.0,2.862,7.4102741919883846,0.06625,0.7185,0.5465,2.845761638618138,0.01275,2.031103583060652,1.6248828664485218,4.1,,29.126618066805523,0.22368108309764062,0.07071898547179689,,classic,True
00-0037475,Stone Smartt,TE,NO,2500,43728445,3.7784,3.7784,1.0,0.9568402848801533,3.6153487690435253,DET,21.44,49.83,6.0,0.8,4.817,statline_mc+recal_10_4b,0.8266310158867118,8.100045626828178,0.0,0.0,0.0,0.0,0.0,0.0,1.6735,1.1355,11.244677531568136,0.087,2.7887177531568135,0.8266310158867118,0.8,,54.33349056603774,0.24578869324736602,0.7976048495678238,,classic,True
00-0039325,Carson Steele,RB,PHI,4000,43727581,3.2292,3.2292,1.0,1.1170574781040223,3.6072228916237146,WAS,25.03,44.17,0.0,0.0,5.2635,statline_mc+recal_10_4b,1.11591964423874,7.6532486512592985,0.0,0.0,0.0,1.6445,7.544900636975378,0.052,0.88025,0.653,6.0006318368743665,0.028,2.4913032473849746,1.11591964423874,0.0,,20.48516209596544,0.17806650472298893,0.032237396674941535,,classic,True
00-0039359,Cade Stover,TE,HOU,2500,43728325,3.7017,3.7017,1.0,0.9679974710378043,3.5832237233252764,BUF,21.69,44.5,6.0,0.6,4.4483,statline_mc+recal_10_4b,1.5925438770334561,6.7986905846361,0.0,0.0,0.0,0.0,0.0,0.0,1.23475,0.8505,7.611798462918204,0.06325,1.9906798462918203,1.5925438770334561,2.3,,42.21212725005422,0.2397791495088331,0.3909547902343591,,classic,True
00-0038098,Pierre Strong Jr.,RB,GB,4000,43727523,3.6091,3.6091,1.0,0.9916507056920244,3.578994172039469,MIN,22.22,46.06,0.0,0.0,5.1107,statline_mc+recal_10_4b,1.239758940354197,7.565593542949966,0.0,0.0,0.0,2.075,8.733374489841157,0.06,0.745,0.57425,4.358791263093091,0.0215,2.3727165752934254,1.2062775967460437,0.0,,18.96972392578878,0.1781584668287173,0.028088494938414053,,classic,True
00-0038809,Ben Sims,TE,MIA,2500,43728409,4.2284,4.2284,1.0,0.8341112371459919,3.526965537090661,LV,18.69,40.39,3.0,0.6,4.4109,statline_mc+recal_10_4b,1.5675402387069604,6.498117136990627,0.0,0.0,0.0,0.0,0.0,0.0,1.35125,0.8595,7.736752983837006,0.0545,1.9594252983837006,1.5675402387069604,0.5,,35.04458089351551,0.18642988963629958,0.25645970413664876,,classic,True
00-0039796,Rasheen Ali,RB,BAL,4200,43727457,3.0896,3.0896,1.0,1.1407107127582423,3.5242954991541358,IND,25.56,48.17,15.0,1.0,5.5913,statline_mc+recal_10_4b,0.7111358271872201,7.925376874504396,0.0,0.0,0.0,0.28625,1.3203726266139855,0.0105,1.5035,1.1475,10.463724093055168,0.067,2.8131596719669156,0.7111358271872201,1.6,,59.62720820797655,0.27737251617388553,1.1317212631169091,,classic,True
00-0032392,Austin Hooper,TE,ATL,2700,43728309,4.5856,4.5856,1.0,0.7662755453074735,3.513863851080656,PIT,17.17,40.78,13.0,0.6,4.4257,statline_mc+recal_10_4b,1.5617172671469581,6.430384152655291,0.0,0.0,0.0,0.0,0.0,0.0,1.202,0.85525,7.483965839336976,0.0575,1.9521465839336978,1.5617172671469581,3.2,,36.99513527434395,0.2381966590940788,0.2876401001397711,,classic,True
00-0039236,Johnny Wilson,WR,PHI,3000,43728081,3.1186,3.1186,1.0,1.1170574781040223,3.483643135596261,WAS,25.03,44.17,0.0,0.0,5.0199,statline_mc+recal_10_4b,1.5482858380427829,6.614272501116474,0.0,0.0,0.0,0.03375,0.21414355304494495,0.0015,1.048,0.645,9.10442942248984,0.05425,1.9353572975534783,1.5482858380427829,0.0,,21.94067749778956,0.21766945241080707,0.19566547393839448,,classic,True
00-0039746,Will Shipley,RB,PHI,4100,43727463,3.1112,3.1112,1.0,1.1170574781040223,3.475371622411542,WAS,25.03,44.17,14.0,1.0,5.3965,statline_mc+recal_10_4b,0.5203217423451115,7.811784911702461,0.0,0.0,0.0,1.00925,4.403531178693774,0.028,1.49975,1.13525,9.418771798647867,0.04475,2.973730297734164,0.5016413246773777,1.3,,51.750511069968375,0.23298464714015615,0.5530407115568341,,classic,True
00-0034613,Tanner Hudson,TE,CIN,2500,43728339,2.8762,2.8762,1.0,1.2076538297041486,3.473428637063809,TB,27.06,50.44,10.0,0.8,4.9671,statline_mc+recal_10_4b,0.795484380013531,8.268074845924097,0.0,0.0,0.0,0.0,0.0,0.0,1.33375,0.95825,11.214442570502783,0.09675,2.677944257050278,0.795484380013531,3.2,,64.49852594339623,0.3462168841132916,1.4503447362884312,,classic,True
00-0038397,Evan Hull,RB,ARI,4000,43727485,4.1014,4.1014,1.0,0.8466072856425609,3.4722747925761563,LAC,18.97,47.17,6.0,1.0,5.3558,statline_mc+recal_10_4b,1.1576679479033496,8.118263810904685,0.0,0.0,0.0,5.33675,16.60083475478884,0.115,0.07425,0.05775,0.3587814593185738,0.0015,2.4557116214107415,1.0165631711654148,1.1,,49.330401913137386,0.21953614368047894,0.44382116284908274,,classic,True
00-0038040,Zamir White,RB,NO,4000,44034604,3.6007,3.6007,1.0,0.9568402848801533,3.4452564638350935,DET,21.44,49.83,5.0,0.6782676359463131,4.9963,statline_mc+recal_10_4b,1.3037448053871448,7.134879858893797,0.0,0.0,0.0,2.41425,9.003697545984705,0.0555,0.65975,0.4895,3.740678503970221,0.01825,2.2081876049954925,1.237068858839601,1.6,,43.45307303422196,0.200805159190772,0.2601137589010429,,classic,True
00-0040782,Isaiah Bond,WR,CLE,3300,43727799,4.824,4.824,1.0,0.7002250032541792,3.3778970628107223,JAX,15.69,40.11,15.0,1.0,4.7601,statline_mc+recal_10_4b,1.501287583471432,6.139580532802601,0.0,0.0,0.0,0.389,1.7637270055603416,0.01225,1.35525,0.69175,7.312367787832559,0.033,1.8766094793392902,1.501287583471432,3.4,,41.93791840343564,0.34526213081988205,0.6344222384399159,,classic,True
00-0038891,Shedrick Jackson,WR,LV,3000,43727993,3.4841,3.4841,1.0,0.9679974710378043,3.3725756296735825,MIA,21.69,40.39,3.0,0.6,5.1591,statline_mc+recal_10_4b,1.4989225020771477,6.283070061315632,0.0,0.0,0.0,0.17325,1.07489371200458,0.006,0.9315,0.591,8.034137563959767,0.053,1.8736531275964348,1.4989225020771477,3.2,,38.07904982948086,0.32869268480769603,0.5055881752184772,,classic,True
00-0039603,British Brooks,RB,HOU,4000,43727481,3.4585,3.4585,1.0,0.9679974710378043,3.3478450232844486,BUF,21.69,44.5,8.0,0.8,5.1717,statline_mc+recal_10_4b,1.3530760706644682,7.905574447885851,0.0,0.0,0.0,3.59275,14.78139898429573,0.097,0.0,0.0,0.0,0.0,2.072139898429573,1.2757051248548756,0.5,,42.8592072147651,0.18648549056981106,0.2464431326776898,,classic,True
00-0037132,Britain Covey,WR,PHI,3000,43728085,2.9943,2.9943,1.0,1.1170574781040223,3.344809705481974,WAS,25.03,44.17,6.0,1.0,5.5722,statline_mc+recal_10_4b,0.48650672115229643,7.899880998735075,0.0,0.0,0.0,0.0,0.0,0.0,1.5765,0.968,13.338029843296777,0.08525,2.8583029843296774,0.48650672115229643,0.6,,62.26640457243905,0.37249233104688234,2.097513821964987,,classic,True
00-0037382,Brandon Johnson,WR,PIT,3000,43727997,3.1666,3.1666,1.0,1.0536846607285644,3.336573715632253,ATL,23.61,40.78,0.0,0.0,5.1097,statline_mc+recal_10_4b,1.0946967152819553,7.256425905926003,0.0,0.0,0.0,0.059,0.3706699592001471,0.002,1.2445,0.752,10.345600044302829,0.064,2.2418770003502977,1.0946967152819553,0.0,,20.166459438549953,0.21734378364288637,0.17627418766154668,,classic,True
00-0036842,Kene Nwangwu,RB,NYJ,4000,43727569,3.885,3.885,1.0,0.8555330345686819,3.323761913584162,TEN,19.17,39.22,10.0,0.8,4.9319,statline_mc+recal_10_4b,1.5317956364632788,6.680537623789073,0.0,0.0,0.0,3.1525,10.9777087312296,0.074,0.21825,0.1645,1.1526352331268528,0.005,1.8465343964356453,1.4772275171485165,0.9,,34.514135906040266,0.1870253501870759,0.11540970179378864,,classic,True
00-0035631,Drew Sample,TE,CIN,2600,43728301,2.7258,2.7258,1.0,1.2076538297041486,3.2918330882787243,TB,27.06,50.44,12.0,0.8,4.8286,statline_mc+recal_10_4b,0.7690500269166844,7.95097461969932,0.0,0.0,0.0,0.0,0.0,0.0,1.32975,0.9285,10.425330613620398,0.09025,2.52278306136204,0.7690500269166844,1.9,,65.01833726415093,0.3093267227839155,1.4953770970332971,,classic,True
00-0033854,Dare Ogunbowale,RB,LV,4000,44034600,3.3944,3.3944,1.0,0.9679974710378043,3.2857396114031214,MIA,21.69,40.39,14.0,0.8,5.2312,statline_mc+recal_10_4b,0.6658653714659772,7.0504943118566406,0.0,0.0,0.0,0.98,3.625802207242,0.02925,1.391,1.05425,7.7879401921294376,0.03975,2.619874239937144,0.6658653714659772,1.3,,39.02218959731544,0.1908423995682448,0.1738706243417058,,classic,True
00-0037304,Connor Heyward,RB,LV,4000,43727543,3.3676,3.3676,1.0,0.9679974710378043,3.259849537415576,MIA,21.69,40.39,0.0,0.0,5.0609,statline_mc+recal_10_4b,1.124364674987251,7.0315805759956485,0.0,0.0,0.0,1.694,7.134653376803342,0.058,0.699,0.53225,4.090195247479906,0.02275,2.135484862428325,1.124364674987251,1.5,,15.581132357478976,0.19307928247974787,0.020641555079315203,,classic,True
00-0037329,Brittain Brown,RB,CHI,4000,43727491,2.8972,2.8972,1.0,1.1130408910872678,3.224753328493365,CAR,24.94,46.94,2.0,0.2,4.9918,statline_mc+recal_10_4b,1.40241433220133,6.941718398892997,0.0,0.0,0.0,1.81525,9.307250630780098,0.07175,0.2805,0.202,1.9586393321402495,0.0095,1.822338996292035,1.40241433220133,3.2,,27.857336264753524,0.21201139409763672,0.06301197689643612,,classic,True
00-0039356,Ja'Tavion Sanders,TE,CAR,2700,43728293,3.272,3.272,1.0,0.9818323818732916,3.2125067826455265,CHI,22.0,46.94,12.0,0.6,4.3833,statline_mc+recal_10_4b,1.4277807922869006,5.827877310318844,0.0,0.0,0.0,0.0,0.0,0.0,1.04275,0.7895,6.679759903586259,0.0545,1.784725990358626,1.4277807922869006,4.2,,44.98050721101713,0.2861646380011966,0.46009721649373825,,classic,True
00-0033375,Tim Patrick,WR,NYJ,3000,43728061,3.7388,3.7388,1.0,0.8555330345686819,3.198706801216012,TEN,19.17,39.22,13.0,0.8,4.7077,statline_mc+recal_10_4b,1.4216474672071164,6.0411144755375785,0.0,0.0,0.0,0.0,0.0,0.0,1.13525,0.698,7.3580933400889545,0.05625,1.7770593340088954,1.4216474672071164,3.0,,39.49059065934065,0.3302441626442045,0.5493601670857894,,classic,True
00-0037086,Grant Calcaterra,TE,PHI,2500,43728443,2.8604,2.8604,1.0,1.1170574781040223,3.1952042641145555,WAS,25.03,44.17,9.0,0.6,4.5844,statline_mc+recal_10_4b,1.1082703279831216,6.969968636192301,0.0,0.0,0.0,0.0,0.0,0.0,1.1525,0.76925,8.776839361314334,0.0725,2.086933936131434,1.1082703279831216,1.4,,46.50828182606809,0.23353980888920756,0.5033606455549878,,classic,True
00-0036628,John Bates,TE,WAS,2500,43728493,3.7321,3.7321,1.0,0.8541941722297637,3.1879572375574625,PHI,19.14,44.17,10.0,0.8,4.5624,statline_mc+recal_10_4b,0.9926320149059791,6.670307086115182,0.0,0.0,0.0,0.0,0.0,0.0,1.392,0.932,8.59075222651483,0.067,2.1953252226514834,0.9926320149059791,1.8,,43.642570754716985,0.23304847862574068,0.42527484876110927,,classic,True
00-0040194,Jackson Hawes,TE,BUF,2500,43728317,3.1297,3.1297,1.0,1.017981665024081,3.185941221965318,HOU,22.81,44.5,13.0,0.8,4.6872,statline_mc+recal_10_4b,1.0037730137331846,7.21465074701274,0.0,0.0,0.0,0.0,0.0,0.0,1.1345,0.81875,8.894182082321331,0.07725,2.182168208232133,1.0037730137331846,2.8,,50.997110849056604,0.2798695195371762,0.6554720534942592,,classic,True
00-0038092,Erik Ezukanma,WR,PHI,3000,43728093,2.8464,2.8464,1.0,1.1170574781040223,3.179647121114148,WAS,25.03,44.17,0.0,0.0,4.9443,statline_mc+recal_10_4b,1.250179328090316,6.229000770582347,0.0,0.0,0.0,0.03375,0.2616601126570536,0.001,1.046,0.647,8.868017817581265,0.057,1.9294677930238322,1.250179328090316,0.0,,21.600933908045974,0.2172590065240774,0.1917939307640043,,classic,True
00-0038979,Cedric Tillman,WR,NO,3400,43727783,3.3127,3.3127,1.0,0.9568402848801533,3.169738114391703,DET,21.44,49.83,12.0,0.8,4.7553,statline_mc+recal_10_4b,1.4087724952852014,6.105933816422215,0.0,0.0,0.0,0.0,0.0,0.0,1.089,0.6335,7.732156191065014,0.0575,1.7609656191065015,1.4087724952852014,4.6,,50.7804945054945,0.41609812760602144,1.0672774647202594,,classic,True
00-0041547,KC Concepcion,WR,CLE,4600,43727709,4.474,4.474,1.0,0.7002250032541792,3.1327724122194707,JAX,15.69,40.11,0.0,0.0,5.3215,statline_mc+recal_10_4b,0.0,7.677688883014319,0.0,0.0,0.0,0.06375,0.266302456122955,0.0025,2.28925,1.406,12.726488155075083,0.0735,3.1725290611198043,-0.03975664890033359,0.0,,14.883399646330677,0.33849731041869946,0.12918848269712863,,classic,True
00-0038440,Zavier Scott,RB,CHI,4000,43727553,2.7895,2.7895,1.0,1.1130408910872678,3.104792312852582,CAR,24.94,46.94,11.0,0.8,4.7755,statline_mc+recal_10_4b,1.3799076946011475,5.619212724683844,0.0,0.0,0.0,1.50675,6.596661834791692,0.0355,0.4985,0.38625,3.3871843477226515,0.022,1.7248846182514344,1.3799076946011475,2.5,,50.19947567114094,0.2412966678694238,0.4803084012497316,,classic,True
00-0040208,Tahj Brooks,RB,CIN,4100,43727461,2.5681,2.5681,1.0,1.2076538297041486,3.1013467241699093,TB,27.06,50.44,12.0,0.8834729670696372,4.9172,statline_mc+recal_10_4b,1.378376321853293,6.055861598517673,0.0,0.0,0.0,1.733,8.233594524105674,0.059,0.3225,0.2385,2.3536094990604908,0.01225,1.7229704023166164,1.378376321853293,0.4,,54.80320983987526,0.23599030755080985,0.7299307657861487,,classic,True
00-0036345,K.J. Osborn,WR,TEN,3000,43727965,3.4603,3.4603,1.0,0.8952526172899195,3.0978272018077075,NYJ,20.06,39.22,0.0,0.0,4.7926,statline_mc+recal_10_4b,1.3768120896923144,5.550917807272562,0.0,0.0,0.0,0.0655,0.4891731594928071,0.00275,1.034,0.6365,7.448477961661123,0.044,1.7210151121153932,1.3768120896923144,0.0,,15.942003757736511,0.21728742495352263,0.13748891205383795,,classic,True
00-0035924,Jonathan Ward,RB,BAL,4000,44034612,2.7083,2.7083,1.0,1.1407107127582423,3.089336053680804,IND,25.56,48.17,0.0,0.0,5.1996,statline_mc+recal_10_4b,0.5806894847303252,7.316787399974279,0.0,0.0,0.0,1.59,7.576225567864954,0.053,0.8535,0.64825,6.032740121639834,0.02925,2.508646568950479,0.5806894847303252,0.0,,21.527240993597157,0.17740755244524228,0.03544072601655524,,classic,True
00-0036876,Kylen Granson,TE,TEN,2500,43728379,3.4359,3.4359,1.0,0.8952526172899195,3.0759965009813466,NYJ,20.06,39.22,12.0,1.0,4.8317,statline_mc+recal_10_4b,0.20590023722794193,7.628226986470648,0.0,0.0,0.0,0.0,0.0,0.0,1.813,1.23975,10.980962637534052,0.0875,2.8700962637534047,0.20590023722794193,0.6,,45.93838104532639,0.21558096792369055,0.486765908598589,,classic,True
00-0038840,Brycen Tremayne,WR,CAR,3000,43728167,3.0914,3.0914,1.0,0.9818323818732916,3.0352653242357426,CHI,22.0,46.94,15.0,1.0,5.2101,statline_mc+recal_10_4b,0.639872568355619,6.519287636684624,0.0,0.0,0.0,0.0,0.0,0.0,1.37425,0.9185,11.206427558801236,0.055,2.3953927558801236,0.639872568355619,1.8,,57.410359037514205,0.38101386012648975,1.5763357557313518,,classic,True
00-0038614,Scott Matlock,RB,LAC,4000,43727603,2.3949,2.3949,1.0,1.2580843111367315,3.012997811768941,ARI,28.19,47.17,0.0,0.0,5.2379,statline_mc+recal_10_4b,0.4575963675523214,7.232732838754908,0.0,0.0,0.0,1.63525,8.650427903051085,0.06325,0.7875,0.5955,5.675197112912005,0.024,2.5610625015963087,0.4519353101726322,0.7,,21.48346736866466,0.1842015857958711,0.03529997271077501,,classic,True
00-0036534,Shane Zylstra,TE,BUF,2500,43728319,2.9466,2.9466,1.0,1.017981665024081,2.9996279094671254,HOU,22.81,44.5,1.0,0.2,4.3776,statline_mc+recal_10_4b,1.333167959763167,5.576698897154981,0.0,0.0,0.0,0.0,0.0,0.0,1.00525,0.664,7.022099497039586,0.0495,1.6664599497039585,1.333167959763167,0.8,,27.728789850357842,0.1853184602618308,0.16677254929172777,,classic,True
00-0039244,Chris Collier,RB,LV,4000,43727541,3.0968,3.0968,1.0,0.9679974710378043,2.997715756073085,MIA,21.69,40.39,0.0,0.0,4.9827,statline_mc+recal_10_4b,0.9771575940475339,6.11237520045721,0.0,0.0,0.0,1.6915,7.003527019738016,0.05275,0.6845,0.517,3.8195546005174954,0.018,2.020558162025551,0.9771575940475339,0.0,,14.876434370901796,0.1774689953536785,0.019360653325678098,,classic,True
00-0034418,Cedrick Wilson Jr.,WR,DET,3000,43727933,2.3589,2.3589,1.0,1.2670100600628522,2.9887117594505592,NO,28.39,49.83,6.0,0.6,4.8235,statline_mc+recal_10_4b,1.328316337533582,5.749336137431763,0.0,0.0,0.0,0.0,0.0,0.0,0.88575,0.5275,8.078954219169772,0.0515,1.6603954219169772,1.328316337533582,0.9,,53.015690918277116,0.3372118558312683,1.2172486686632902,,classic,True
00-0040142,Kaleb Johnson,RB,GB,4400,43727439,2.9686,2.9686,1.0,0.9916507056920244,2.94384424156908,MIN,22.22,46.06,10.0,0.9733618653520417,4.8575,statline_mc+recal_10_4b,1.3564267084718074,5.903980757398299,0.0,0.0,0.0,3.281,11.532190230939333,0.08125,0.0,0.0,0.0,0.0,1.6354690230939335,1.3083752184751467,0.9,,44.060455528711415,0.19533755247583245,0.2748802807000009,,classic,True
00-0037422,Kendric Pryor,WR,CIN,3000,43727907,2.433,2.433,1.0,1.2076538297041486,2.938203780259184,TB,27.06,50.44,0.0,0.0,5.0408,statline_mc+recal_10_4b,1.2220488266639529,5.6830652968596205,0.0,0.0,0.0,0.03425,0.2002856386809511,0.00075,0.84025,0.51325,8.286263897271361,0.05475,1.7161549535952312,1.2220488266639529,0.0,,24.823952807250215,0.21811894062327344,0.23183151175623185,,classic,True
00-0034959,Andrew Beck,RB,NYJ,4000,43727575,3.406,3.406,1.0,0.8555330345686819,2.913925546831094,TEN,19.17,39.22,0.0,0.0,4.8377,statline_mc+recal_10_4b,0.8591587627004802,6.00624550424633,0.0,0.0,0.0,2.143,7.742114956126281,0.04875,0.73075,0.55725,3.781101309999953,0.018,2.1028216266126236,0.8111039202184704,1.4,,12.792715324384785,0.19167846856212295,0.016019613627427886,,classic,True
00-0032394,Nick Vannett,TE,BAL,2500,44034644,2.5482,2.5482,1.0,1.1407107127582423,2.9067698040722787,IND,25.56,48.17,0.0,0.0,4.3394,statline_mc+recal_10_4b,1.2877201500735753,5.691827463511548,0.0,0.0,0.0,0.0,0.0,0.0,0.847,0.56725,7.052996539987032,0.05775,1.6190496539987034,1.2877201500735753,0.0,,23.77946757753199,0.17262705783535054,0.13220025137851737,,classic,True
00-0040218,Jimmy Horn Jr.,WR,CAR,3000,43728165,2.9549,2.9549,1.0,0.9818323818732916,2.90118312984158,CHI,22.0,46.94,10.0,0.8,4.7887,statline_mc+recal_10_4b,1.2894147243740357,5.389623196107065,0.0,0.0,0.0,0.16725,1.213696101547976,0.00775,0.87925,0.56125,6.483987953127468,0.03675,1.6117684054675445,1.2894147243740357,1.9,,49.24591346153845,0.34509787453177687,0.9751553447302633,,classic,True
00-0039648,David Martin-Robinson,TE,TEN,2500,43728383,3.2352,3.2352,1.0,0.8952526172899195,2.896288936904584,NYJ,20.06,39.22,11.0,1.0,4.6932,statline_mc+recal_10_4b,0.422793613069139,7.37359007159504,0.0,0.0,0.0,0.0,0.0,0.0,1.482,0.983,9.604953238354451,0.0875,2.473495323835445,0.422793613069139,0.8,,44.77485903274778,0.21592687127054133,0.45456497181762,,classic,True
00-0035125,Alec Ingold,RB,LAC,4000,43727601,2.3015,2.3015,1.0,1.2580843111367315,2.8954763540305337,ARI,28.19,47.17,0.0,0.0,5.2849,statline_mc+recal_10_4b,0.34526799758238713,7.241106108357972,0.0,0.0,0.0,1.67625,8.647999209854762,0.0635,0.762,0.57275,5.5165843546267075,0.0285,2.5502083564481466,0.34526799758238713,0.8,,21.09588347604721,0.18495142614623136,0.0340778390415069,,classic,True
00-0038489,Ben VanSumeren,RB,BUF,4000,43727479,2.8404,2.8404,1.0,1.017981665024081,2.8914469101370908,HOU,22.81,44.5,0.0,0.0,5.2005,statline_mc+recal_10_4b,0.4037183312922806,6.966050515985739,0.0,0.0,0.0,1.70825,7.124271572201121,0.05225,0.93775,0.71025,6.045789279978961,0.03,2.527756085218008,0.3636908249190829,0.0,,17.074877777134922,0.17706861555240583,0.023643809334458445,,classic,True
00-0031595,Michael Burton,RB,CLE,4000,43727513,4.0433,4.0433,1.0,0.7002250032541792,2.8312489535436933,JAX,15.69,40.11,0.0,0.0,4.5333,statline_mc+recal_10_4b,1.2053876439853983,5.030138124223416,0.0,0.0,0.0,1.8095,5.158335713979811,0.03275,0.70275,0.52275,2.9677773816031383,0.01675,1.625861309558295,1.2053876439853983,0.0,,11.391874951785848,0.17764832168404265,0.014104088197298373,,classic,True
00-0037098,Samori Toure,WR,PHI,3000,43728089,2.5226,2.5226,1.0,1.1170574781040223,2.8178437331307675,WAS,25.03,44.17,1.0,0.2,4.7585,statline_mc+recal_10_4b,1.2523749925025633,5.320800412767138,0.0,0.0,0.0,0.02225,0.19243945664439746,0.0005,0.86675,0.52475,7.147247949637645,0.04825,1.5654687406282042,1.2523749925025633,1.3,,28.79776430466085,0.25276729713731844,0.29288044344328185,,classic,True
00-0038046,Charlie Kolar,TE,LAC,2500,43728297,2.2348,2.2348,1.0,1.2580843111367315,2.811622139684051,ARI,28.19,47.17,13.0,0.8,4.5994,statline_mc+recal_10_4b,1.0850950638207122,6.123363918193032,0.0,0.0,0.0,0.0,0.0,0.0,0.78275,0.51075,7.960270758633388,0.06825,1.7265270758633386,1.0850950638207122,2.1,,58.949292452830186,0.2912380621242103,1.046421007918521,,classic,True
00-0026300,Josh Johnson,QB,CIN,4000,43727278,2.3063,2.3063,1.0,1.2076538297041486,2.785259348543084,TB,27.06,50.44,3.0,0.6,6.8093,statline_mc+recal_10_4b,1.2378930437969262,7.317078706120624,0.0,0.0,0.0,1.84725,10.01866304746158,0.10725,0.0,0.0,0.0,0.0,1.5473663047461579,1.2378930437969262,5.5,,54.9922547997979,0.34514351176769137,0.7064462967217792,,classic,True
00-0041040,Antonio Williams,WR,WAS,4200,43727725,3.2466,3.2466,1.0,0.8541941722297637,2.77325631900578,PHI,19.14,44.17,0.0,0.0,6.1074,statline_mc+recal_10_4b,0.0,8.221138999703836,0.0,0.0,0.0,0.05975,0.2566929975621203,0.00075,2.762,1.66775,18.99396034150964,0.1225,4.400315333907176,-1.6270590149013957,0.0,,16.85452586206896,0.21916647373217413,0.14507067610595387,,classic,True
00-0035644,Noah Fant,TE,NO,3200,43728261,2.8883,2.8883,1.0,0.9568402848801533,2.7636069428983316,DET,21.44,49.83,13.0,0.6,4.3222,statline_mc+recal_10_4b,1.2282697523992585,5.213948475574544,0.0,0.0,0.0,0.0,0.0,0.0,0.876,0.66825,6.12587190499073,0.0425,1.5353371904990731,1.2282697523992585,5.2,,46.12161136412925,0.29632725758984246,0.4920407710615391,,classic,True
00-0041037,Denzel Boston,WR,CLE,4400,43727715,3.9185,3.9185,1.0,0.7002250032541792,2.7437992179936774,JAX,15.69,40.11,0.0,0.0,5.2217,statline_mc+recal_10_4b,0.0,6.835317930937492,0.0,0.0,0.0,0.0525,0.2517911110157149,0.0015,2.17825,1.332,11.946586674913618,0.06575,2.982837778592933,-0.23903856059925577,0.0,,14.357758620689653,0.22097016493462301,0.12525509074781135,,classic,True
00-0040039,Amar Johnson,RB,LAC,4000,43727597,2.1649,2.1649,1.0,1.2580843111367315,2.7235933963181607,ARI,28.19,47.17,1.0,0.0,4.6615,statline_mc+recal_10_4b,1.2104859539191826,5.098433067474467,0.0,0.0,0.0,0.98975,5.165540892817349,0.03625,0.456,0.33725,3.2330335311724308,0.02,1.513107442398978,1.2104859539191826,0.4,,20.74353448275862,0.1812682095694881,0.03300356430517505,,classic,True
00-0038678,Jordan Mims,RB,PHI,4000,43727555,2.4264,2.4264,1.0,1.1170574781040223,2.7104241182515127,WAS,25.03,44.17,1.0,0.0,4.5903,statline_mc+recal_10_4b,1.204632941445117,5.160413215418748,0.0,0.0,0.0,0.99525,4.714448060683643,0.03475,0.51925,0.385,3.285963707380314,0.019,1.5057911768063958,1.204632941445117,0.0,,17.983484243616445,0.1773767354037568,0.025679728511346096,,classic,True
00-0038409,Lew Nichols,RB,PIT,4000,43727591,2.5396,2.5396,1.0,1.0536846607285644,2.67595275073532,ATL,23.61,40.78,1.0,0.0,4.8818,statline_mc+recal_10_4b,0.6707441784067445,5.827271076696032,0.0,0.0,0.0,1.6445,7.293685845479196,0.05025,0.6255,0.476,4.080899877806556,0.01525,2.0052085723285753,0.6707441784067445,0.0,,16.221140216385095,0.17699316435219628,0.0218781585656574,,classic,True
00-0039392,Jha'Quan Jackson,WR,TB,3000,43727883,2.5534,2.5534,1.0,1.0438663369098313,2.6654502346656104,CIN,23.39,50.44,0.0,0.0,4.9101,statline_mc+recal_10_4b,0.7968190025668427,5.6530508881675345,0.0,0.0,0.0,0.0525,0.29791285030070025,0.0015,1.02075,0.642,8.623399470686977,0.05075,1.8686312320987677,0.7968190025668427,0.0,,22.426958996463302,0.2162285221401946,0.20134326337830163,,classic,True
00-0040198,Ollie Gordon II,RB,MIA,4500,43727427,3.1949,3.1949,1.0,0.8341112371459919,2.664920430676572,LV,18.69,40.39,17.0,1.0,4.5622,statline_mc+recal_10_4b,1.1844090803006988,4.928811281110972,0.0,0.0,0.0,2.2375,6.09777692227728,0.06175,0.36925,0.28525,1.7098365814814516,0.00925,1.4805113503758733,1.1844090803006988,3.2,,31.368558589832602,0.2090313124037651,0.08670632617112752,,classic,True
00-0039792,Devontez Walker,WR,BAL,3200,43727807,2.3297,2.3297,1.0,1.1407107127582423,2.657545880105187,IND,25.56,48.17,8.0,0.4,4.8964,statline_mc+recal_10_4b,1.1811315022689721,5.264843847668633,0.0,0.0,0.0,0.0,0.0,0.0,0.651,0.41225,7.161643778362151,0.0555,1.476414377836215,1.1811315022689721,3.1,,39.322347480106096,0.32632107712519265,0.5439501523003155,,classic,True
00-0036590,Quintin Morris,TE,JAX,2500,43728509,2.4355,2.4355,1.0,1.0898339438793538,2.654296489264347,CLE,24.42,40.11,11.0,1.0,4.231,statline_mc+recal_10_4b,1.179687328561932,4.903329912173704,0.0,0.0,0.0,0.0,0.0,0.0,0.81875,0.541,6.073591607024148,0.0545,1.4746091607024148,1.179687328561932,1.2,,54.41796790284103,0.2537643335141429,0.8015782156977793,,classic,True
00-0039420,Jaheim Bell,TE,PIT,2500,43728469,2.4859,2.4859,1.0,1.0536846607285644,2.619311046356129,ATL,23.61,40.78,0.0,0.0,4.4932,statline_mc+recal_10_4b,0.7831264166654333,5.535184009436213,0.0,0.0,0.0,0.0,0.0,0.0,1.019,0.6865,7.939346296906954,0.058,1.8361846296906956,0.7831264166654333,0.0,,19.256807769464324,0.17199217087190397,0.10131951280847765,,classic,True
00-0036567,Elijah Mitchell,RB,PHI,4000,43727579,2.342,2.342,1.0,1.1170574781040223,2.6161054082913764,WAS,25.03,44.17,1.0,0.0,4.5924,statline_mc+recal_10_4b,1.1627135147961674,4.8478808764107955,0.0,0.0,0.0,0.99725,4.599916775757487,0.029,0.507,0.37375,3.3815021591946004,0.01775,1.453391893495209,1.1627135147961674,0.0,,17.631135250327855,0.17719515408167724,0.02487019702837857,,classic,True
00-0037708,Maurice Alexander,WR,CHI,3000,43727889,2.3494,2.3494,1.0,1.1130408910872678,2.6150088967531,CAR,24.94,46.94,0.0,0.0,4.8817,statline_mc+recal_10_4b,0.9401202003995242,5.3198571575234945,0.0,0.0,0.0,0.0485,0.2761631513529541,0.00125,0.87775,0.53875,7.742723812182807,0.052,1.674888696353576,0.9401202003995242,0.0,,21.679832559681692,0.2161402059692567,0.19268613382949423,,classic,True
00-0040582,Arian Smith,WR,NYJ,3000,43728065,3.0557,3.0557,1.0,0.8555330345686819,2.6142411571059148,TEN,19.17,39.22,13.0,0.8,4.5498,statline_mc+recal_10_4b,1.1618849587137399,4.769818894365011,0.0,0.0,0.0,0.302,1.4714057555704625,0.01,0.9115,0.51075,5.054656228351287,0.0375,1.452356198392175,1.1618849587137399,0.8,,36.87740384615384,0.2704657333589992,0.471084459321555,,classic,True
00-0036387,Jalen Reagor,WR,MIA,3000,43728017,3.1095,3.1095,1.0,0.8341112371459919,2.5936964666391877,LV,18.69,40.39,0.0,0.0,4.4293,statline_mc+recal_10_4b,1.1527539851729725,4.7954851030090975,0.0,0.0,0.0,0.0235,0.14770249092623192,0.0015,0.95875,0.60125,6.01172232373592,0.03475,1.4409424814662153,1.1527539851729725,0.0,,14.73140473032714,0.21671027839244428,0.12803857257326057,,classic,True
00-0037666,Jalen Tolbert,WR,MIA,3500,43727777,3.0895,3.0895,1.0,0.8341112371459919,2.5769493366992315,LV,18.69,40.39,12.0,0.4,4.4027,statline_mc+recal_10_4b,1.1453108163107697,4.573980983445523,0.0,0.0,0.0,0.0,0.0,0.0,1.063,0.6085,5.921385203884617,0.03775,1.4316385203884618,1.1453108163107697,3.6,,25.29488047871668,0.27743731441897773,0.23834340053190298,,classic,True
00-0036635,Ihmir Smith-Marsette,WR,ARI,3000,44034618,3.0413,3.0413,1.0,0.8466072856425609,2.5748033939053774,LAC,18.97,47.17,0.0,0.0,4.5846,statline_mc+recal_10_4b,1.0543419271811825,4.848580443667907,0.0,0.0,0.0,0.08175,0.3831441760946559,0.004,0.9505,0.57225,6.356470491147292,0.0405,1.520461466724195,1.0543419271811825,0.0,,17.552166224580013,0.21644905027783806,0.15114788274300053,,classic,True
00-0035993,Tyler Huntley,QB,BAL,4300,43727266,2.2206,2.2206,1.0,1.1407107127582423,2.533064601367696,IND,25.56,48.17,5.0,0.6,6.7032,statline_mc+recal_10_4b,1.1258064894967539,5.449076422194777,0.0,0.0,0.0,1.79025,10.35008111870942,0.0765,0.0,0.0,0.0,0.0,1.4072581118709422,1.1258064894967539,8.0,,51.05013894151825,0.3612341402596885,0.5330778544790858,,classic,True
00-0038647,Ronnie Bell,WR,NO,3000,43728049,2.6342,2.6342,1.0,0.9568402848801533,2.520470630957889,DET,21.44,49.83,2.0,0.4,4.6109,statline_mc+recal_10_4b,1.1202091693146174,4.727171884768223,0.0,0.0,0.0,0.027,0.1386352410829552,0.00125,0.81525,0.487,5.9864793753497585,0.048,1.4002614616432716,1.1202091693146174,5.2,,34.107644941265626,0.35957284884871793,0.40025842567646314,,classic,True
00-0039907,Ja'Lynn Polk,WR,NO,3000,43728043,2.6086,2.6086,1.0,0.9568402848801533,2.4959717363935785,DET,21.44,49.83,0.0,0.0,4.4528,statline_mc+recal_10_4b,1.1093207717304794,4.636303515873309,0.0,0.0,0.0,0.07575,0.3996479095531938,0.00325,0.8225,0.50225,6.019361737077796,0.0365,1.3866509646630991,1.1093207717304794,0.0,,19.460985853227232,0.21643675281393698,0.16910878753276143,,classic,True
00-0039386,Bub Means,WR,NO,3000,43728053,2.5813,2.5813,1.0,0.9568402848801533,2.469846908335606,DET,21.44,49.83,0.0,0.0,4.4537,statline_mc+recal_10_4b,1.097709737038047,4.579999209253415,0.0,0.0,0.0,0.076,0.48363343124199343,0.00125,0.8095,0.491,6.037738281733593,0.036,1.3721371712975587,1.097709737038047,0.0,,19.35201149425287,0.21636783316408445,0.16802822388861452,,classic,True
00-0038394,Will Mallory,TE,IND,2500,43728391,2.4316,2.4316,1.0,1.0090559160979602,2.4536610168335393,BAL,22.61,48.17,1.0,0.2,4.0952,statline_mc+recal_10_4b,1.090516007481573,4.6362362443572716,0.0,0.0,0.0,0.0,0.0,0.0,0.80875,0.555,5.823950093519662,0.03775,1.3631450093519664,1.090516007481573,1.3,,28.660117111255694,0.19298094549091627,0.1761639085649217,,classic,True
00-0039052,Trey Palmer,WR,NO,3000,43728051,2.5638,2.5638,1.0,0.9568402848801533,2.453170503614067,DET,21.44,49.83,0.0,0.0,4.4619,statline_mc+recal_10_4b,1.090298001606252,4.638473805522726,0.0,0.0,0.0,0.068,0.4897867723074096,0.0025,0.78275,0.48375,5.76893824777074,0.03875,1.362872502007815,1.090298001606252,0.0,,19.28790893015031,0.216311949991927,0.16739582635315542,,classic,True
00-0039884,Tahj Washington,WR,PHI,3000,43728015,2.1888,2.1888,1.0,1.1170574781040223,2.445015503517843,WAS,25.03,44.17,2.0,0.2,4.5574,statline_mc+recal_10_4b,1.0866735571190413,4.635168471669983,0.0,0.0,0.0,0.0135,0.14733218160201603,0.0005,0.72725,0.4465,6.386087282386001,0.04075,1.3583419463988018,1.0866735571190413,1.0,,27.505456612353164,0.24244408151390712,0.2714414285560381,,classic,True
00-0039266,Kendall Milton,RB,CIN,4000,43727499,2.0065,2.0065,1.0,1.2076538297041486,2.423158697523469,TB,27.06,50.44,1.0,0.0,4.5009,statline_mc+recal_10_4b,1.0769594211215419,4.496682524089394,0.0,0.0,0.0,0.9685,4.654860092224323,0.02975,0.42225,0.32425,2.8946326717949513,0.015,1.3461992764019273,1.0769594211215419,0.2,,21.211063459461542,0.17885266426471266,0.0344365396277685,,classic,True
00-0041489,Germie Bernard,WR,PIT,3900,43727743,2.2949,2.2949,1.0,1.0536846607285644,2.4180560324634075,ATL,23.61,40.78,0.0,0.0,6.2932,statline_mc+recal_10_4b,0.0,8.906626571896078,0.0,0.0,0.0,0.091,0.6729590410765829,0.00375,2.751,1.68725,21.785661608191564,0.12925,4.836112064926815,-2.4180560324634075,0.0,,18.845946618037136,0.21666198831531258,0.16309998905152737,,classic,True
00-0038640,Jalen Brooks,WR,ARI,3000,43728101,2.8263,2.8263,1.0,0.8466072856425609,2.3927297309753155,LAC,18.97,47.17,5.0,0.8,4.4962,statline_mc+recal_10_4b,1.0634354359890292,4.417260152270691,0.0,0.0,0.0,0.0,0.0,0.0,0.85325,0.51275,5.997942949862864,0.035,1.3292942949862863,1.0634354359890292,1.2,,42.402747252747254,0.29864187717060603,0.6520084992378425,,classic,True
00-0032398,Chris Moore,WR,BAL,3000,43728197,2.0936,2.0936,1.0,1.1407107127582423,2.3881874777714884,IND,25.56,48.17,10.0,0.4,4.6464,statline_mc+recal_10_4b,1.0614166567873282,4.563530630018739,0.0,0.0,0.0,0.0,0.0,0.0,0.693,0.3955,6.787708209841603,0.04,1.3267708209841602,1.0614166567873282,2.8,,39.03187128962991,0.3209767285348912,0.5347347214269332,,classic,True
00-0039814,Erick All Jr.,TE,CIN,2500,43728337,1.9667,1.9667,1.0,1.2076538297041486,2.3750842651803983,TB,27.06,50.44,0.0,0.0,4.2531,statline_mc+recal_10_4b,1.0555930067468438,4.536440367065495,0.0,0.0,0.0,0.0,0.0,0.0,0.6935,0.46275,5.994912584335545,0.04275,1.3194912584335545,1.0555930067468438,0.0,,24.296739454565166,0.17177787979798761,0.136284632726167,,classic,True
00-0033319,Nick Mullens,QB,JAX,4000,43727321,2.1587,2.1587,1.0,1.0898339438793538,2.3526287488834106,CLE,24.42,40.11,4.0,0.6,6.6479,statline_mc+recal_10_4b,1.0456127772815158,6.557308153335639,0.0,0.0,0.0,2.485,8.072659716018947,0.10925,0.0,0.0,0.0,0.0,1.3070159716018948,1.0456127772815158,-0.0,,42.38000189465706,0.20788296134310594,0.2869683636768815,,classic,True
00-0036429,Charlie Woerner,TE,ATL,2500,43728311,3.0231,3.0231,1.0,0.7662755453074735,2.31649997955076,PIT,17.17,40.78,7.0,0.6,3.9882,statline_mc+recal_10_4b,1.0295555464670045,4.3062553439850975,0.0,0.0,0.0,0.0,0.0,0.0,0.873,0.619,4.661944330837554,0.034,1.2869444330837554,1.0295555464670045,0.8,,31.340418293211883,0.18451569159986797,0.20624806342622887,,classic,True
00-0040363,Keleki Latu,TE,BUF,2500,43728321,2.273,2.273,1.0,1.017981665024081,2.3138866717868294,HOU,22.81,44.5,3.0,0.4,4.1364,statline_mc+recal_10_4b,1.028394076349702,4.339273020515017,0.0,0.0,0.0,0.0,0.0,0.0,0.72775,0.5115,5.459925954371273,0.038,1.2854925954371275,1.028394076349702,1.5,,33.32043144111906,0.19730012182343878,0.2317249243653951,,classic,True
00-0041511,Omar Cooper Jr.,WR,NYJ,4100,43727731,2.7031,2.7031,1.0,0.8555330345686819,2.312553312709402,TEN,19.17,39.22,0.0,0.0,5.4874,statline_mc+recal_10_4b,0.0,6.71594123576712,0.0,0.0,0.0,0.08125,0.36195752002603454,0.00225,2.12325,1.3075,14.1125066297456,0.08025,3.2829464149771637,-0.9703931022677619,0.0,,14.624198717948715,0.21819409048277547,0.12723367172948868,,classic,True
00-0039521,Xavier Weaver,WR,ARI,3100,43727831,2.7203,2.7203,1.0,0.8466072856425609,2.3030304564617166,LAC,18.97,47.17,7.0,0.4,4.2755,statline_mc+recal_10_4b,1.023569091760763,4.276915701524157,0.0,0.0,0.0,0.0,0.0,0.0,0.90375,0.533,5.472113647009536,0.03275,1.2794613647009536,1.023569091760763,1.4,,28.3676582038651,0.25207842298754013,0.2855634151422983,,classic,True
00-0040476,Ulysses Bentley IV,RB,IND,4000,43727535,2.2619,2.2619,1.0,1.0090559160979602,2.282400837332928,BAL,22.61,48.17,1.0,0.0,4.4146,statline_mc+recal_10_4b,1.014400372147968,4.20825585490945,0.0,0.0,0.0,0.98325,4.0718769468186435,0.0295,0.4445,0.3405,2.715627705030955,0.01275,1.26800046518496,1.014400372147968,0.0,,17.50259874257502,0.17667148851503856,0.024581276691534693,,classic,True
00-0032268,Marcus Mariota,QB,WAS,4500,43727263,2.6396,2.6396,1.0,0.8541941722297637,2.2547593594195514,PHI,19.14,44.17,10.0,0.6,6.5969,statline_mc+recal_10_4b,1.002115270853134,4.708078998081869,0.0,0.0,0.0,2.22275,10.116440885664176,0.06025,0.0,0.0,0.0,0.0,1.2526440885664174,1.002115270853134,12.3,,36.678872994821276,0.3611285627207065,0.19097613751157785,,classic,True
00-0040406,Quentin Skinner,WR,BUF,3000,43727869,2.1798,2.1798,1.0,1.017981665024081,2.2189557162672133,HOU,22.81,44.5,1.0,0.2,4.358,statline_mc+recal_10_4b,0.986202540563206,4.195026723449283,0.0,0.0,0.0,0.01875,0.0947493685431916,0.00025,0.74175,0.4585,5.432782388496882,0.036,1.2327531757040073,0.986202540563206,4.0,,25.371750663129976,0.29331887980082105,0.23942357620932575,,classic,True
00-0038911,Malik Cunningham,WR,DET,3000,43727937,1.7309,1.7309,1.0,1.2670100600628522,2.1930604676063226,NO,28.39,49.83,1.0,0.2,4.5322,statline_mc+recal_10_4b,0.9746935411583657,4.339083601681097,0.0,0.0,0.0,0.148,0.9918198129858934,0.00525,0.56475,0.3375,5.3493494514936755,0.0345,1.2183669264479569,0.9746935411583657,0.1,,32.21712769988632,0.2405032552190804,0.35813267064290677,,classic,True
00-0038817,Evan Deckers,TE,TB,2500,43728491,2.0529,2.0529,1.0,1.0438663369098313,2.1429305087439037,CIN,23.39,50.44,0.0,0.0,4.4033,statline_mc+recal_10_4b,0.5654762222790739,4.64714119998316,0.0,0.0,0.0,0.0,0.0,0.0,0.864,0.5695,6.747042864648296,0.0555,1.5774542864648298,0.5654762222790739,0.0,,21.857897554760353,0.17102845839659558,0.1180707827178032,,classic,True
00-0041032,Kenyon Sadiq,TE,NYJ,3800,43728239,2.4856,2.4856,1.0,0.8555330345686819,2.126519661659806,TEN,19.17,39.22,0.0,0.0,5.0261,statline_mc+recal_10_4b,0.0,6.921635714124591,0.0,0.0,0.0,0.0,0.0,0.0,2.10825,1.419,13.219197610259057,0.097,3.3339197610259057,-1.2074000993660996,0.0,,15.866941823899367,0.17378115474526043,0.08300286601712674,,classic,True
00-0037524,Tay Martin,WR,DET,3000,43727939,1.6766,1.6766,1.0,1.2670100600628522,2.124322623878981,NO,28.39,49.83,2.0,0.0,4.4803,statline_mc+recal_10_4b,0.9441433883906583,4.225986369008157,0.0,0.0,0.0,0.02625,0.22036146960657046,0.0015,0.56525,0.35825,5.966430885276659,0.031,1.180179235488323,0.9441433883906583,1.4,,23.427553050397872,0.23854874302430001,0.21354972365350164,,classic,True
00-0039923,J.J. McCarthy,QB,MIN,4500,43727262,1.9841,1.9841,1.0,1.0635029845472972,2.1101370189682673,GB,23.83,46.06,10.0,0.8,6.573,statline_mc+recal_10_4b,0.9378386750970078,4.983800381295233,0.0,0.0,0.0,1.478,7.130483438712593,0.09125,0.0,0.0,0.0,0.0,1.1722983438712595,0.9378386750970078,13.9,,53.13482142857142,0.48613658748116,0.6186708421822873,,classic,True
00-0031156,Tyler Ott,TE,WAS,2500,43728501,2.4687,2.4687,1.0,0.8541941722297637,2.108733910591397,PHI,19.14,44.17,0.0,0.0,4.2931,statline_mc+recal_10_4b,0.6865506706226663,4.147936223926196,0.0,0.0,0.0,0.0,0.0,0.0,0.888,0.58075,5.644332399687307,0.0465,1.4221832399687306,0.6865506706226663,0.0,,15.7193057362828,0.1710820881730754,0.08228515064239539,,classic,True
00-0029714,Andrew DePaola,TE,MIN,2500,43728421,1.9702,1.9702,1.0,1.0635029845472972,2.095353378447125,GB,23.83,46.06,0.0,0.0,4.1885,statline_mc+recal_10_4b,0.7339249895735305,4.309591185935413,0.0,0.0,0.0,0.0,0.0,0.0,0.7555,0.4995,5.934283888735946,0.045,1.3614283888735945,0.7339249895735305,0.0,,19.964127900672302,0.17118669325732616,0.10562404911970204,,classic,True
00-0040379,William Wagner,TE,CIN,2500,43728347,1.7339,1.7339,1.0,1.2076538297041486,2.0939777001274704,TB,27.06,50.44,0.0,0.0,4.2429,statline_mc+recal_10_4b,0.7387956346858784,4.448980116618695,0.0,0.0,0.0,0.0,0.0,0.0,0.699,0.466,6.1693206544159205,0.04475,1.355182065441592,0.7387956346858784,0.0,,23.526299202992842,0.17110935808359715,0.1302460783563331,,classic,True
00-0040581,Dont'e Thornton Jr.,WR,LV,3300,43727801,2.1318,2.1318,1.0,0.9679974710378043,2.063615921090036,MIA,21.69,40.39,11.0,0.4,4.2908,statline_mc+recal_10_4b,0.9171626315955717,3.9333894499300412,0.0,0.0,0.0,0.0,0.0,0.0,0.8455,0.41375,5.499532894944648,0.03025,1.1464532894944646,0.9171626315955717,1.6,,26.90945039156246,0.24904763431284177,0.2620898001979974,,classic,True
00-0033063,Zach Wood,TE,NO,2500,43728431,2.1456,2.1456,1.0,0.9568402848801533,2.0529926368386975,DET,21.44,49.83,0.0,0.0,4.0636,statline_mc+recal_10_4b,0.883904920290405,3.9230217129712077,0.0,0.0,0.0,0.0,0.0,0.0,0.6875,0.45825,4.6108771654829255,0.042,1.1690877165482925,0.883904920290405,0.0,,18.886602689221426,0.17124223124743343,0.09913695195381628,,classic,True
00-0040629,Dalevon Campbell,WR,LAC,3000,43728127,1.6265,1.6265,1.0,1.2580843111367315,2.0462143738132226,ARI,28.19,47.17,1.0,0.0,4.4393,statline_mc+recal_10_4b,0.9094286105836544,3.999008165362253,0.0,0.0,0.0,0.01875,0.22859082625470298,0.001,0.574,0.347,5.529266806040978,0.03325,1.1367857632295681,0.9094286105836544,0.0,,22.147380636604773,0.21505954930247934,0.19805909457051452,,classic,True
00-0036556,Brevin Jordan,TE,HOU,2500,43728323,2.1109,2.1109,1.0,0.9679974710378043,2.043300231532525,BUF,21.69,44.5,0.0,0.0,3.9996,statline_mc+recal_10_4b,0.9081334362366777,3.842519828680778,0.0,0.0,0.0,0.0,0.0,0.0,0.674,0.45025,4.699167952958472,0.036,1.1351667952958473,0.9081334362366777,0.0,,17.070541232921276,0.17130442469871918,0.08909249527045202,,classic,True
00-0040668,Shedeur Sanders,QB,CLE,4700,43727260,2.8454,2.8454,1.0,0.7002250032541792,1.992404990480793,JAX,15.69,40.11,8.0,1.0,6.5517,statline_mc+recal_10_4b,0.8855133291025747,4.290878136234319,0.0,0.0,0.0,2.19525,8.27391661378218,0.06825,0.0,0.0,0.0,0.0,1.1068916613782183,0.8855133291025747,12.4,,41.93791840343563,0.3695349426935824,0.27804822958594805,,classic,True
00-0039652,Jabari Small,RB,DET,4000,43727519,1.5724,1.5724,1.0,1.2670100600628522,1.99218941328727,NO,28.39,49.83,0.0,0.0,5.9722,statline_mc+recal_10_4b,0.0,7.751320510812417,0.0,0.0,0.0,3.47825,18.90103888191962,0.12175,0.78525,0.587,5.61274938382577,0.027,3.98437882657454,-1.99218941328727,0.0,,21.036011147111008,0.17358741428103866,0.033892859315908096,,classic,True
00-0033246,Johnny Mundt,TE,PHI,2500,43728441,1.7709,1.7709,1.0,1.1170574781040223,1.978250928781343,WAS,25.03,44.17,12.0,0.4,4.0473,statline_mc+recal_10_4b,0.8792226350139303,3.8092356464250923,0.0,0.0,0.0,0.0,0.0,0.0,0.64525,0.3995,5.007782937674128,0.033,1.0990282937674127,0.8792226350139303,1.2,,33.98350547603557,0.19299794360326064,0.2409417859792128,,classic,True
00-0038728,Jared Wayne,WR,HOU,3000,43727877,2.0401,2.0401,1.0,0.9679974710378043,1.9747855850711724,BUF,21.69,44.5,1.0,0.0,4.311,statline_mc+recal_10_4b,0.8776824822538545,3.7212694610861536,0.0,0.0,0.0,0.03675,0.1878087741828203,0.00125,0.6245,0.3865,5.000722253990361,0.02975,1.097103102817318,0.8776824822538545,4.0,,16.81267959770115,0.28827574490252156,0.14471401725991548,,classic,True
00-0040736,Mason Taylor,TE,NYJ,2800,43728283,2.2845,2.2845,1.0,0.8555330345686819,1.9544385541873261,TEN,19.17,39.22,13.0,0.2,3.8527,statline_mc+recal_10_4b,0.8686393574165894,3.632131706700571,0.0,0.0,0.0,0.0,0.0,0.0,0.7765,0.524,4.092991967707365,0.02625,1.0857991967707368,0.8686393574165894,6.8,,19.964150943396223,0.29349738398064695,0.10562419228837573,,classic,True
00-0041044,Zachariah Branch,WR,ATL,3800,43727745,2.5071,2.5071,1.0,0.7662755453074735,1.921098930242235,PIT,17.17,40.78,0.0,0.0,5.6214,statline_mc+recal_10_4b,0.0,7.132917919451551,0.0,0.0,0.0,0.11825,0.47090972047977536,0.0025,2.5615,1.56475,15.480512333381748,0.08675,3.7358922053861523,-1.8147932751439173,0.0,,13.986088085764809,0.21515520354058215,0.12254636046798578,,classic,True
00-0040234,Quinn Ewers,QB,JAX,4000,43727294,1.7603,1.7603,1.0,1.0898339438793538,1.918470404900487,CLE,24.42,40.11,4.0,0.6,6.5181,statline_mc+recal_10_4b,0.8526535132891053,3.8895928263847868,0.0,0.0,0.0,1.70275,7.193168916113816,0.074,0.0,0.0,0.0,0.0,1.0658168916113817,0.8526535132891053,9.0,,41.3228590375142,0.33177352324985576,0.26609723165035365,,classic,True
00-0041104,Demond Claiborne,RB,MIN,4400,43727433,1.8019,1.8019,1.0,1.0635029845472972,1.9163458007702514,GB,23.83,46.06,0.0,0.0,5.8017,statline_mc+recal_10_4b,0.0,7.504041287651956,0.0,0.0,0.0,3.35625,15.019090447818906,0.11475,1.02675,0.771,6.645325567586117,0.03025,3.832691601540503,-1.9163458007702514,0.0,,15.835809129831059,0.1746311844342209,0.021125032561513896,,classic,True
00-0041217,J'Mari Taylor,RB,JAX,4000,43727621,1.747,1.747,1.0,1.0898339438793538,1.903992145719678,CLE,24.42,40.11,0.0,0.0,6.0716,statline_mc+recal_10_4b,0.0,7.48780359769536,0.0,0.0,0.0,4.003,18.096153991471084,0.1395,0.688,0.50775,4.678688922922478,0.02375,3.807984291439356,-1.903992145719678,0.0,,15.160625433927327,0.17303909851588498,0.019867363864224823,,classic,True
00-0034981,Foster Moreau,TE,HOU,2600,43728299,1.9306,1.9306,1.0,0.9679974710378043,1.8688170848330525,BUF,21.69,44.5,7.0,0.4,3.8736,statline_mc+recal_10_4b,0.8305853710369122,3.633690193456796,0.0,0.0,0.0,0.0,0.0,0.0,0.63575,0.43825,4.217317137961404,0.03,1.0382317137961403,0.8305853710369122,1.2,,30.135162518976358,0.1895538580360396,0.19213192342191823,,classic,True
00-0038498,E.J. Jenkins,TE,PHI,2500,43728449,1.6671,1.6671,1.0,1.1170574781040223,1.8622312052091925,WAS,25.03,44.17,1.0,0.0,4.0911,statline_mc+recal_10_4b,0.8276583134263078,3.581545729113036,0.0,0.0,0.0,0.0,0.0,0.0,0.53325,0.35375,4.453228917828847,0.03925,1.0345728917828847,0.8276583134263078,0.0,,19.322632021253522,0.17062662330306172,0.1017125839602962,,classic,True
00-0040876,Elijah Sarratt,WR,BAL,3400,43727793,1.6214,1.6214,1.0,1.1407107127582423,1.849553906515666,IND,25.56,48.17,0.0,0.0,5.9594,statline_mc+recal_10_4b,0.0,7.198942844289835,0.0,0.0,0.0,0.0465,0.34529103279492096,0.003,1.94375,1.191,17.220787097518397,0.1115,3.699107813031332,-1.849553906515666,0.0,,21.523541114058357,0.21271921696795643,0.19092277006909517,,classic,True
00-0040317,Jacoby Jones,WR,WAS,3000,43728153,2.1604,2.1604,1.0,0.8541941722297637,1.845436681155042,PHI,19.14,44.17,1.0,0.0,4.1189,statline_mc+recal_10_4b,0.8201940805133521,3.5948384637998565,0.0,0.0,0.0,0.0225,0.08371480571733186,0.00025,0.64975,0.398,4.711211200699567,0.024,1.02524260064169,0.8201940805133521,3.5,,14.784013041556145,0.2776799999959445,0.12843541529703192,,classic,True
00-0041096,Kaytron Allen,RB,WAS,4600,43727421,2.1496,2.1496,1.0,0.8541941722297637,1.8361444373513542,PHI,19.14,44.17,0.0,0.0,5.5486,statline_mc+recal_10_4b,0.0,6.905465556840268,0.0,0.0,0.0,3.30375,12.266962993224988,0.08675,1.3405,1.0185,6.820925753802095,0.03575,3.6722888747027085,-1.8361444373513542,0.0,,11.715823401218854,0.2666409180639482,0.014525628288555168,,classic,True
00-0040179,DJ Giddens,RB,IND,4300,43727441,1.8169,1.8169,1.0,1.0090559160979602,1.8333621620511809,BAL,22.61,48.17,5.0,0.4192842700633169,4.2095,statline_mc+recal_10_4b,0.8148276275783026,3.251624436999106,0.0,0.0,0.0,1.53625,6.206175161431188,0.03575,0.134,0.09425,0.6766701832975927,0.00475,1.0185345344728782,0.8148276275783026,1.1,,27.475536060408515,0.18668822687643238,0.06086240790266254,,classic,True
00-0038589,Josh Whyle,TE,GB,2500,43728367,1.824,1.824,1.0,0.9916507056920244,1.8087346834151306,MIN,22.22,46.06,6.0,0.6,3.9375,statline_mc+recal_10_4b,0.8038820815178358,3.5548042979175487,0.0,0.0,0.0,0.0,0.0,0.0,0.578,0.3895,3.9360260189729477,0.03675,1.0048526018972948,0.8038820815178358,1.8,,37.66511331598352,0.21296745623524246,0.2992024753858632,,classic,True
00-0040628,Drake Dabney,TE,GB,2500,43728369,1.8042,1.8042,1.0,0.9916507056920244,1.789141736004448,MIN,22.22,46.06,1.0,0.2,3.9595,statline_mc+recal_10_4b,0.7951741048908657,3.372755894491964,0.0,0.0,0.0,0.0,0.0,0.0,0.58775,0.3965,4.062176311135822,0.03125,0.9939676311135822,0.7951741048908657,0.7,,24.174821080026025,0.18141766950813806,0.1353107408275081,,classic,True
00-0036626,Dyami Brown,WR,WAS,3200,43727817,2.0884,2.0884,1.0,0.8541941722297637,1.7838699214645746,PHI,19.14,44.17,11.0,0.4,4.1104,statline_mc+recal_10_4b,0.7928310762064776,3.335377417865344,0.0,0.0,0.0,0.10825,0.607430136462881,0.003,0.6765,0.39175,3.837958316118088,0.022,0.9910388452580969,0.7928310762064776,3.6,,24.80561686876342,0.2774722760423461,0.23158159665546554,,classic,True
00-0036463,Chris Blair,WR,ATL,3000,43727845,2.3124,2.3124,1.0,0.7662755453074735,1.7719439768456209,PIT,17.17,40.78,1.0,0.2,3.931,statline_mc+recal_10_4b,0.7875306563758315,3.489177707221603,0.0,0.0,0.0,0.04,0.17379179796821756,0.001,0.69275,0.42825,3.905341406729676,0.024,0.9844133204697894,0.7875306563758315,0.0,,18.328173550587344,0.2148853161389919,0.15820730076691628,,classic,True
00-0041398,Riley Nowakowski,RB,PIT,4000,43727593,1.6615,1.6615,1.0,1.0536846607285644,1.750716421987372,ATL,23.61,40.78,0.0,0.0,5.6509,statline_mc+recal_10_4b,0.0,6.914069487793281,0.0,0.0,0.0,2.76775,12.323510838951938,0.09575,1.0685,0.803,6.715817600795503,0.034,3.501432843974744,-1.750716421987372,0.0,,15.293287867391806,0.1729277205630852,0.02010841933696545,,classic,True
00-0041490,Eli Heidenreich,RB,PIT,4000,43727587,1.6568,1.6568,1.0,1.0536846607285644,1.745710875168523,ATL,23.61,40.78,0.0,0.0,5.6536,statline_mc+recal_10_4b,0.0,6.963753030389874,0.0,0.0,0.0,2.77225,12.579121182784016,0.09175,1.04225,0.78975,6.685096320586442,0.03475,3.491421750337046,-1.745710875168523,0.0,,15.175838202962277,0.1728967944044298,0.019894859019526423,,classic,True
00-0040878,Mike Washington Jr.,RB,LV,4600,43727415,1.784,1.784,1.0,0.9679974710378043,1.726865027884112,MIA,21.69,40.39,0.0,0.0,5.6148,statline_mc+recal_10_4b,0.0,6.6415470374866805,0.0,0.0,0.0,3.08125,12.968183475571973,0.08925,1.0405,0.81,6.2191170821102615,0.0285,3.453730055768224,-1.726865027884112,0.0,,11.81099812929106,0.2656306973738034,0.014651852902847694,,classic,True
00-0039458,Brenden Bates,TE,CLE,2500,43728357,2.4627,2.4627,1.0,0.7002250032541792,1.7244097526358495,JAX,15.69,40.11,5.0,0.8,3.7826,statline_mc+recal_10_4b,0.766404334504822,3.3474877690871008,0.0,0.0,0.0,0.0,0.0,0.0,0.6645,0.453,3.5550541813102754,0.0255,0.9580054181310275,0.766404334504822,1.0,,29.858018867924528,0.1863298242643826,0.18902507335767071,,classic,True
00-0041051,Zavion Thomas,WR,CHI,3600,43727763,1.5476,1.5476,1.0,1.1130408910872678,1.7225078055203524,CAR,24.94,46.94,0.0,0.0,5.8842,statline_mc+recal_10_4b,0.0,6.996883038257154,0.0,0.0,0.0,0.0785,0.6066359764623992,0.0025,1.79075,1.0935,16.036020133944643,0.10175,3.445015611040705,-1.7225078055203524,0.0,,20.051627431476565,0.2127258293869547,0.17508749900637743,,classic,True
00-0040586,Jaydon Blue,RB,PHI,4000,44034608,1.5349,1.5349,1.0,1.1170574781040223,1.714607349626441,WAS,25.03,44.17,5.0,0.2,4.2463,statline_mc+recal_10_4b,0.7620477109450848,3.114359742783242,0.0,0.0,0.0,1.43925,6.221998296663305,0.04525,0.03925,0.028,0.25609809015025586,0.00125,0.9525596386813561,0.7620477109450848,4.1,,22.633533904188845,0.21936689716179578,0.0391904734921694,,classic,True
00-0037380,Kaden Davis,WR,CHI,3000,43727893,1.5349,1.5349,1.0,1.1130408910872678,1.7084442096093577,CAR,24.94,46.94,1.0,0.0,4.1605,statline_mc+recal_10_4b,0.759308537604159,3.417125381692156,0.0,0.0,0.0,0.03,0.20008278148125475,0.0015,0.52075,0.323,4.491273938570734,0.024,0.9491356720051988,0.759308537604159,0.0,,19.949063328912462,0.21411534822983033,0.17403434430251483,,classic,True
00-0034798,Durham Smythe,TE,BAL,2500,43728517,1.4927,1.4927,1.0,1.1407107127582423,1.7027359460878182,IND,25.56,48.17,7.0,0.8,3.9351,statline_mc+recal_10_4b,0.7567715315945859,3.3387886235472073,0.0,0.0,0.0,0.0,0.0,0.0,0.528,0.346,4.184644144932323,0.03025,0.9459644144932323,0.7567715315945859,0.5,,52.73443396226415,0.23067331575697436,0.7260008209914488,,classic,True
00-0040164,Jaylin Lane,WR,WAS,3100,43727837,1.9719,1.9719,1.0,0.8541941722297637,1.6843850286350526,PHI,19.14,44.17,15.0,0.6,4.0517,statline_mc+recal_10_4b,0.7486155682822456,3.2755169377762727,0.0,0.0,0.0,0.0,0.0,0.0,0.66775,0.37175,4.387694603528069,0.02025,0.935769460352807,0.7486155682822456,3.3,,29.048470064418343,0.2883760853642343,0.29723167360168884,,classic,True
00-0036741,Jack Stoll,TE,CLE,2500,43728351,2.4029,2.4029,1.0,0.7002250032541792,1.6825680745685503,JAX,15.69,40.11,9.0,0.6,3.7704,statline_mc+recal_10_4b,0.747808033141578,3.2093153677716555,0.0,0.0,0.0,0.0,0.0,0.0,0.69,0.43025,3.2526004142697222,0.03,0.9347600414269723,0.747808033141578,1.1,,24.931067013662975,0.18782916402623392,0.1414659387019431,,classic,True
00-0039710,Jeshaun Jones,WR,MIN,3000,43728031,1.5796,1.5796,1.0,1.0635029845472972,1.679877001067615,GB,23.83,46.06,1.0,0.2,4.1532,statline_mc+recal_10_4b,0.7466120004744956,3.3251179816374545,0.0,0.0,0.0,0.0295,0.16222135831310922,0.00075,0.53475,0.3155,4.495428647618084,0.0235,0.9332650005931193,0.7466120004744956,0.0,,25.843236074270557,0.21827656854155364,0.24615679344649394,,classic,True
00-0040244,Moliki Matavao,TE,NO,2500,43728423,1.7429,1.7429,1.0,0.9568402848801533,1.667630600315679,DET,21.44,49.83,1.0,0.2,3.8268,statline_mc+recal_10_4b,0.7411691556958573,3.2598464755188714,0.0,0.0,0.0,0.0,0.0,0.0,0.55975,0.3945,3.702114446198215,0.027,0.9264614446198216,0.7411691556958573,0.5,,24.24124918672739,0.17801236581996346,0.1358405067418368,,classic,True
00-0041550,Brenen Thompson,WR,LAC,3300,43727803,1.3071,1.3071,1.0,1.2580843111367315,1.6443943464057005,ARI,28.19,47.17,0.0,0.0,6.1281,statline_mc+recal_10_4b,0.0,6.914809099787034,0.0,0.0,0.0,0.04675,0.21944982598661927,0.00325,1.5955,0.9615,16.333437102127387,0.09975,3.288788692811401,-1.6443943464057005,0.0,,21.0704575596817,0.21060749595464903,0.18590151185180806,,classic,True
00-0035021,Ashton Dulin,WR,IND,3200,43727813,1.5996,1.5996,1.0,1.0090559160979602,1.6140746832175745,BAL,22.61,48.17,12.0,0.4,4.1423,statline_mc+recal_10_4b,0.7173665258744776,3.1482496226918566,0.0,0.0,0.0,0.033,0.33542965111818024,0.001,0.489,0.28075,4.106651922312788,0.027,0.896708157343097,0.7173665258744776,1.7,,32.05476032588102,0.26642375169038107,0.35472842053889364,,classic,True
00-0040429,Josh Williams,RB,TB,4000,43727605,1.5322,1.5322,1.0,1.0438663369098313,1.5994337779792338,CIN,23.39,50.44,2.0,0.0,4.0058,statline_mc+recal_10_4b,0.7108594568796595,3.010052166734585,0.0,0.0,0.0,0.80625,3.3290041864806907,0.024,0.2845,0.20925,1.7217390245150528,0.0055,0.8885743210995743,0.7108594568796595,0.4,,17.969722720435083,0.17890392712500458,0.025647622037151322,,classic,True
00-0038953,Dylan Drummond,WR,ATL,3000,43727841,2.076,2.076,1.0,0.7662755453074735,1.5907660962662895,PIT,17.17,40.78,6.0,0.8,3.9005,statline_mc+recal_10_4b,0.7070071538961287,2.973217053963728,0.0,0.0,0.0,0.0,0.0,0.0,0.6515,0.397,3.4575894237016085,0.0235,0.8837589423701608,0.7070071538961287,1.2,,32.104429945054946,0.25866304020006387,0.3557663611308337,,classic,True
00-0041483,Eli Stowers,TE,PHI,3100,43728265,1.4128,1.4128,1.0,1.1170574781040223,1.5782162513842624,WAS,25.03,44.17,0.0,0.0,5.0467,statline_mc+recal_10_4b,0.0,6.537127161403996,0.0,0.0,0.0,0.0,0.0,0.0,1.73525,1.14875,13.721825027685242,0.10275,3.1564325027685247,-1.5782162513842624,0.0,,20.038040826284973,0.16946322081960608,0.10608428316575105,,classic,True
00-0041132,Deion Burks,WR,IND,3500,43727775,1.5607,1.5607,1.0,1.0090559160979602,1.5748728393025686,BAL,22.61,48.17,0.0,0.0,5.8953,statline_mc+recal_10_4b,0.0,6.453885009589219,0.0,0.0,0.0,0.04775,0.26395564233578567,0.002,1.79525,1.113,14.378501143715585,0.08675,3.149745678605137,-1.5748728393025686,0.0,,18.731819186560568,0.21123329294597526,0.16200870432293618,,classic,True
00-0041048,Ted Hurst III,WR,TB,3300,43727805,1.5053,1.5053,1.0,1.0438663369098313,1.571364725065302,CIN,23.39,50.44,0.0,0.0,5.5876,statline_mc+recal_10_4b,0.0,6.450212917041537,0.0,0.0,0.0,0.06425,0.36043647481068863,0.002,1.738,1.074,14.661858026495356,0.0865,3.142729450130604,-1.571364725065302,0.0,,19.88208720159151,0.21120388280560065,0.17335003752334607,,classic,True
00-0037755,Jelani Woods,TE,NYJ,2500,43728435,1.8118,1.8118,1.0,0.8555330345686819,1.5500885754226952,TEN,19.17,39.22,2.0,0.4,3.6382,statline_mc+recal_10_4b,0.6889282557434201,3.027861174389368,0.0,0.0,0.0,0.0,0.0,0.0,0.59725,0.38725,3.3791031967927507,0.02325,0.8611603196792751,0.6889282557434201,0.3,,21.937460691823894,0.17475567654081936,0.1186246709073287,,classic,True
00-0041125,Seth McGowan,RB,IND,4300,43727443,1.5168,1.5168,1.0,1.0090559160979602,1.5305145817396397,BAL,22.61,48.17,0.0,0.0,5.3524,statline_mc+recal_10_4b,0.0,6.192191843841181,0.0,0.0,0.0,2.57275,10.551033241157338,0.08175,1.032,0.775,5.919258393635452,0.02425,3.0610291634792794,-1.5305145817396397,0.0,,14.578102098279718,0.17299772326988214,0.018842627281737793,,classic,True
00-0041326,CJ Donaldson,RB,NO,4000,43727567,1.5909,1.5909,1.0,0.9568402848801533,1.5222691224948448,DET,21.44,49.83,0.0,0.0,5.5381,statline_mc+recal_10_4b,0.0,6.426088265023999,0.0,0.0,0.0,3.455,14.26297126608865,0.09725,0.6645,0.504,3.967411183808242,0.01975,3.0445382449896896,-1.5222691224948448,0.0,,15.236798966288665,0.1717568938246531,0.02000542016729372,,classic,True
00-0041453,Luke Altmyer,QB,DET,4000,43727284,1.2015,1.2015,1.0,1.2670100600628522,1.5222539381864009,NO,28.39,49.83,0.0,0.0,6.4207,statline_mc+recal_10_4b,0.6765573058606226,2.834539521894453,0.0,0.0,0.0,0.98875,5.414466323257782,0.05875,0.0,0.0,0.0,0.0,0.8456966323257783,0.6765573058606226,0.0,,24.805758178603003,0.19253281932981456,0.08178295567100922,,classic,True
00-0041191,Cash Jones,RB,ATL,4000,43727471,1.96,1.96,1.0,0.7662755453074735,1.5019229615730623,PIT,17.17,40.78,0.0,0.0,5.3596,statline_mc+recal_10_4b,0.0,6.249695835459234,0.0,0.0,0.0,3.47125,11.709678453812206,0.079,0.96375,0.73475,4.698780777649041,0.0255,3.0038459231461245,-1.5019229615730623,0.0,,10.285477175422354,0.1719548462884119,0.012754486376730623,,classic,True
00-0041485,Miles Davis,RB,CAR,4000,43727615,1.4943,1.4943,1.0,0.9818323818732916,1.4671364789570953,CHI,22.0,46.94,0.0,0.0,5.3561,statline_mc+recal_10_4b,0.0,6.090164921287825,0.0,0.0,0.0,2.68325,11.388641842894033,0.075,0.9005,0.67075,5.104087736247871,0.02725,2.9342729579141906,-1.4671364789570953,0.0,,14.501042630949623,0.17172088942722413,0.01871108830516694,,classic,True
00-0040394,Anthony Tyus III,RB,CAR,4000,43727613,1.4794,1.4794,1.0,0.9818323818732916,1.4525159767627798,CHI,22.0,46.94,0.0,0.0,5.3746,statline_mc+recal_10_4b,0.0,6.072751561733693,0.0,0.0,0.0,2.68225,10.995013167303787,0.0775,0.883,0.672,5.265306367951808,0.02175,2.9050319535255595,-1.4525159767627798,0.0,,14.383592966520093,0.17158024633303418,0.018512368262028824,,classic,True
00-0033949,Joshua Dobbs,QB,DET,4000,44034597,1.1437,1.1437,1.0,1.2670100600628522,1.4491337034387932,NO,28.39,49.83,4.0,0.4,6.3861,statline_mc+recal_10_4b,0.6440594237505748,2.5071216604981217,0.0,0.0,0.0,1.18525,5.100742796882184,0.061,0.0,0.0,0.0,0.0,0.8050742796882184,0.6440594237505748,0.5,,42.8977279904004,0.20986391464022555,0.2977792422031414,,classic,True
00-0036527,DJ Turner,WR,HOU,3000,43727885,1.4948,1.4948,1.0,0.9679974710378043,1.446919923401422,BUF,21.69,44.5,1.0,0.2,3.9869,statline_mc+recal_10_4b,0.6430755215117432,2.882167768927406,0.0,0.0,0.0,0.03425,0.23879417403141937,0.00175,0.49175,0.2885,3.582149844865369,0.02025,0.8038444018896789,0.6430755215117432,0.0,,21.677169382341795,0.21298318916238082,0.1926559504675851,,classic,True
00-0035140,Mecole Hardman Jr.,WR,BUF,3000,43727853,1.393,1.393,1.0,1.017981665024081,1.4180114729669715,HOU,22.81,44.5,2.0,0.2,4.0785,statline_mc+recal_10_4b,0.630227321318654,2.7870129359161173,0.0,0.0,0.0,0.01525,0.12068682525852528,0.001,0.432,0.27375,3.4396546912246486,0.02475,0.7877841516483175,0.630227321318654,2.1,,23.21790450928382,0.24794178448901144,0.21093234370332412,,classic,True
00-0036569,Gary Brightwell,RB,CIN,4000,43727497,1.1651,1.1651,1.0,1.2076538297041486,1.406981830419616,TB,27.06,50.44,2.0,0.0,4.1108,statline_mc+recal_10_4b,0.6253252579642737,2.633131865254079,0.0,0.0,0.0,0.5385,2.6966392429233252,0.01875,0.22675,0.17375,1.7599264816300975,0.00875,0.7816565724553423,0.6253252579642737,0.0,,19.132204399058857,0.1738062577178413,0.028506468083342874,,classic,True
00-0037292,Drew Ogletree,TE,IND,2500,43728389,1.3884,1.3884,1.0,1.0090559160979602,1.4009258341371162,BAL,22.61,48.17,11.0,0.4,3.7587,statline_mc+recal_10_4b,0.6226337040609405,2.8000788496537674,0.0,0.0,0.0,0.0,0.0,0.0,0.45525,0.299,3.1629213007617554,0.02775,0.7782921300761757,0.6226337040609405,0.8,,32.14455920624594,0.1816026232526776,0.2162385166858304,,classic,True
00-0036020,Salvon Ahmed,RB,CHI,4000,43727493,1.2371,1.2371,1.0,1.1130408910872678,1.3769831414627753,CAR,24.94,46.94,0.0,0.0,5.32,statline_mc+recal_10_4b,0.0,6.125034724095952,0.0,0.0,0.0,2.4255,11.025226068459366,0.0795,0.7255,0.55625,4.796936760796138,0.022,2.7539662829255507,-1.3769831414627753,0.0,,16.319352435778754,0.17111687253597538,0.02207436977843824,,classic,True
00-0040352,Coleman Owen,WR,IND,3000,43727981,1.362,1.362,1.0,1.0090559160979602,1.3743188709979346,BAL,22.61,48.17,2.0,0.4,4.0331,statline_mc+recal_10_4b,0.6108083871101931,2.6905932790523694,0.0,0.0,0.0,0.009,0.02916229958741566,0.00025,0.44325,0.25975,3.5809425392899983,0.02325,0.7635104838877415,0.6108083871101931,0.0,,31.920694391815083,0.23443406010259277,0.35194195193441496,,classic,True
00-0041203,Joey Aguilar,QB,JAX,4000,43727322,1.2605,1.2605,1.0,1.0898339438793538,1.3737077954633412,CLE,24.42,40.11,0.0,0.0,6.3148,statline_mc+recal_10_4b,0.6105367979837072,2.4797430243406424,0.0,0.0,0.0,1.1655,5.201709974796339,0.0515,0.0,0.0,0.0,0.0,0.763170997479634,0.6105367979837072,0.0,,18.69844164456233,0.19133005032086975,0.05286978273020093,,classic,True
00-0041376,Gregory Desrosiers,RB,LAC,4000,43727599,1.0599,1.0599,1.0,1.2580843111367315,1.3334777225548478,ARI,28.19,47.17,0.0,0.0,5.3736,statline_mc+recal_10_4b,0.0,6.086602265324771,0.0,0.0,0.0,1.6565,8.971808567861306,0.062,0.78675,0.5895,5.9727458832356515,0.0315,2.6669554451096955,-1.3334777225548478,0.0,,17.842527771349225,0.1706464771156426,0.025352762083386635,,classic,True
00-0033885,David Njoku,TE,LAC,3000,43728271,1.0451,1.0451,1.0,1.2580843111367315,1.314811411046155,ARI,28.19,47.17,11.0,0.2,3.8135,statline_mc+recal_10_4b,0.5843606271316245,2.7062833544452167,0.0,0.0,0.0,0.0,0.0,0.0,0.35525,0.247,2.9970078391453057,0.03075,0.7304507839145306,0.5843606271316245,7.2,,29.91242680546519,0.28814882044519113,0.18963101097532906,,classic,True
00-0037120,Tyler Goodson,RB,ATL,4000,43727467,1.702,1.702,1.0,0.7662755453074735,1.304207087696692,PIT,17.17,40.78,10.0,1.0,3.9728,statline_mc+recal_10_4b,0.5796475945318631,2.146918539955246,0.0,0.0,0.0,1.807,5.333094931648289,0.03325,0.0,0.0,0.0,0.0,0.7245594931648289,0.5796475945318631,0.5,,26.903856167553812,0.17828461532956194,0.05778012214218584,,classic,True
00-0041312,Noah Whittington,RB,HOU,4000,43727483,1.3365,1.3365,1.0,0.9679974710378043,1.29369776288252,BUF,21.69,44.5,0.0,0.0,5.2239,statline_mc+recal_10_4b,0.0,5.741650225781685,0.0,0.0,0.0,2.7055,10.858651919885236,0.08125,0.677,0.517,3.9353033377651605,0.01775,2.58739552576504,-1.29369776288252,0.0,,12.426773557432693,0.17062331816808105,0.015495449340012506,,classic,True
00-0037267,Jerome Ford,RB,WAS,4100,43727465,1.5136,1.5136,1.0,0.8541941722297637,1.2929402733616193,PHI,19.14,44.17,13.0,0.2,3.8342,statline_mc+recal_10_4b,0.5746401214940531,2.614103626595595,0.0,0.0,0.0,0.06525,0.2334824899619269,0.0015,0.52075,0.40875,2.1670190287137356,0.01025,0.7183001518675662,0.5746401214940531,3.4,,11.653992131451052,0.20877105513887034,0.014444208421625892,,classic,True
00-0040998,Roman Hemby,RB,LV,4100,43727459,1.3329,1.3329,1.0,0.9679974710378043,1.2902868756371118,MIA,21.69,40.39,0.0,0.0,5.227,statline_mc+recal_10_4b,0.0,5.539911211551525,0.0,0.0,0.0,2.12175,8.726742766882893,0.06275,0.86675,0.6535,5.098994745859342,0.02775,2.5805737512742235,-1.2902868756371118,0.0,,8.863011552109851,0.17086323115449958,0.011207329968768923,,classic,True
00-0036423,Albert Okwuegbunam Jr.,TE,LV,2500,43728401,1.3282,1.3282,1.0,0.9679974710378043,1.285728662185293,MIA,21.69,40.39,1.0,0.0,3.6847,statline_mc+recal_10_4b,0.5714349609712414,2.6567290537531703,0.0,0.0,0.0,0.0,0.0,0.0,0.4275,0.291,2.9979370121405164,0.0205,0.7142937012140517,0.5714349609712414,8.6,,14.18791341357623,0.35931891468587296,0.07519680628574171,,classic,True
00-0040888,Adam Randall,RB,BAL,4000,43727623,1.1189,1.1189,1.0,1.1407107127582423,1.2763602452048564,IND,25.56,48.17,0.0,0.0,5.2011,statline_mc+recal_10_4b,0.0,5.67112203942232,0.0,0.0,0.0,1.6255,7.928012215880335,0.05175,0.8615,0.646,5.9491926882167885,0.03225,2.5527204904097127,-1.2763602452048564,0.0,,17.263818174805216,0.17051885314415138,0.02405343271271853,,classic,True
00-0041081,Max Bredeson,RB,MIN,4000,43727559,1.1788,1.1788,1.0,1.0635029845472972,1.2536583162713222,GB,23.83,46.06,0.0,0.0,5.1915,statline_mc+recal_10_4b,0.0,5.526217810258165,0.0,0.0,0.0,2.01775,9.264832609876056,0.06575,0.76575,0.56975,4.813333715550394,0.0225,2.5073166325426444,-1.2536583162713222,0.0,,14.52037288822032,0.17033222371194234,0.01874399813565232,,classic,True
00-0040991,Elijah Tau-Tolliver,RB,BAL,4000,43727627,1.0929,1.0929,1.0,1.1407107127582423,1.2467291191987193,IND,25.56,48.17,0.0,0.0,5.1977,statline_mc+recal_10_4b,0.0,5.344952713465752,0.0,0.0,0.0,1.58025,7.537777768729102,0.054,0.8645,0.65375,5.821804615245283,0.029,2.4934582383974386,-1.2467291191987193,0.0,,16.864489315744812,0.17025330092243293,0.023195889706504328,,classic,True
00-0039631,Cam Grandy,TE,MIN,2500,43728343,1.1713,1.1713,1.0,1.0635029845472972,1.2456759489216171,GB,23.83,46.06,2.0,0.2,3.6883,statline_mc+recal_10_4b,0.5536337550762743,2.6695052973224334,0.0,0.0,0.0,0.0,0.0,0.0,0.377,0.2525,2.9379219384534276,0.02425,0.6920421938453428,0.5536337550762743,0.5,,24.511450878334415,0.17606010233415512,0.13801683495456174,,classic,True
00-0040637,Lucas Scott,RB,BAL,4000,43727629,1.0883,1.0883,1.0,1.1407107127582423,1.2414844558076361,IND,25.56,48.17,0.0,0.0,5.1373,statline_mc+recal_10_4b,0.0,5.411874092783913,0.0,0.0,0.0,1.562,7.533063272986568,0.052,0.859,0.64525,6.026625843166152,0.026,2.4829689116152722,-1.2414844558076361,0.0,,16.747039651315283,0.1703408275439966,0.02294953908659781,,classic,True
00-0039489,Hayden Rucci,TE,JAX,2500,44034642,1.1333,1.1333,1.0,1.0898339438793538,1.2350648749094397,CLE,24.42,40.11,1.0,0.0,3.6795,statline_mc+recal_10_4b,0.5489177221819732,2.55451912758645,0.0,0.0,0.0,0.0,0.0,0.0,0.3985,0.254,3.0389715272746654,0.0215,0.6861471527274665,0.5489177221819732,0.0,,15.85446486662329,0.1684308298288269,0.08294196935453332,,classic,True
00-0039466,Ian Wheeler,RB,BUF,4000,43727475,1.2066,1.2066,1.0,1.017981665024081,1.2283283093602755,HOU,22.81,44.5,0.0,0.0,5.1297,statline_mc+recal_10_4b,0.0,5.283663592855027,0.0,0.0,0.0,1.742,7.405628339771814,0.0475,0.923,0.69675,5.670937847433696,0.02725,2.456656618720551,-1.2283283093602755,0.0,,12.881924757000693,0.17023330189033078,0.01615006010980211,,classic,True
00-0039471,Frank Gore Jr.,RB,BUF,4000,43727473,1.2047,1.2047,1.0,1.017981665024081,1.226395303137035,HOU,22.81,44.5,0.0,0.0,5.1881,statline_mc+recal_10_4b,0.0,5.106956065966306,0.0,0.0,0.0,1.721,7.424351301849905,0.0525,0.9265,0.6975,5.421054760890793,0.02475,2.45279060627407,-1.226395303137035,0.8,,12.764475092571164,0.17773151085650987,0.015978539320131265,,classic,True
00-0038710,Blake Whiteheart,TE,CLE,2500,43728353,1.7284,1.7284,1.0,0.7002250032541792,1.210274806198736,JAX,15.69,40.11,9.0,0.6,3.5183,statline_mc+recal_10_4b,0.5378999138661049,2.413975329682329,0.0,0.0,0.0,0.0,0.0,0.0,0.51,0.31575,2.328748923326312,0.021,0.6723748923326311,0.5378999138661049,0.1,,22.83672739102147,0.17012268883200357,0.12506861714214285,,classic,True
00-0040984,Dontae McMillan,RB,BAL,4000,43727625,1.0577,1.0577,1.0,1.1407107127582423,1.2065496614207538,IND,25.56,48.17,0.0,0.0,5.0703,statline_mc+recal_10_4b,0.0,5.478610350772732,0.0,0.0,0.0,1.5535,7.394325180147837,0.0575,0.83325,0.62125,5.504168048267242,0.02625,2.4130993228415076,-1.2065496614207538,0.0,,16.394690658026693,0.17015960573434155,0.02222607449070124,,classic,True
00-0040398,Brady Cook,QB,MIA,4000,43727303,1.4314,1.4314,1.0,0.8341112371459919,1.1939544511583335,LV,18.69,40.39,5.0,1.0,6.2395,statline_mc+recal_10_4b,0.5306464227370371,2.1001680698148157,0.0,0.0,0.0,1.38375,4.908080284212963,0.04225,0.0,0.0,0.0,0.0,0.6633080284212964,0.5306464227370371,7.3,,41.63185234305923,0.2958196614878542,0.27203554146408565,,classic,True
00-0034365,Ian Thomas,TE,LV,2500,43728397,1.2298,1.2298,1.0,0.9679974710378043,1.190419410813049,MIA,21.69,40.39,9.0,0.2,3.6556,statline_mc+recal_10_4b,0.5290752936946885,2.5158670893985215,0.0,0.0,0.0,0.0,0.0,0.0,0.36125,0.27275,2.6934411711836046,0.01975,0.6613441171183605,0.5290752936946885,1.6,,18.748275862068965,0.19359724351289403,0.09833356022743148,,classic,True
00-0041244,Jamal Haynes,RB,CIN,4000,43727503,0.9848,0.9848,1.0,1.2076538297041486,1.189316296804037,TB,27.06,50.44,0.0,0.0,5.1393,statline_mc+recal_10_4b,0.0,5.480615956832435,0.0,0.0,0.0,1.60475,8.377990020367838,0.064,0.70325,0.52925,4.845835915712902,0.02275,2.378632593608074,-1.189316296804037,0.0,,17.487909097045435,0.16982489668059053,0.024548472214755722,,classic,True
00-0041241,Kentrel Bullock,RB,CIN,4000,43727501,0.9826,0.9826,1.0,1.2076538297041486,1.18666824900312,TB,27.06,50.44,0.0,0.0,5.2237,statline_mc+recal_10_4b,0.0,5.51322636826211,0.0,0.0,0.0,1.619,8.251227229357053,0.0595,0.6815,0.51625,5.052137750705346,0.02775,2.37333649800624,-1.18666824900312,0.0,,17.370459432615906,0.16959792693183817,0.024287756569683173,,classic,True
00-0040870,Ja'Kobi Lane,WR,BAL,3100,43727839,1.033,1.033,1.0,1.1407107127582423,1.1783211220884047,IND,25.56,48.17,0.0,0.0,5.2835,statline_mc+recal_10_4b,0.0,5.188954137527865,0.0,0.0,0.0,0.0395,0.2510273826441612,0.002,1.2475,0.766,11.107895059123933,0.0685,2.3566422441768093,-1.1783211220884047,0.0,,19.824823165340405,0.20730958041835837,0.17276709501499463,,classic,True
00-0039050,Payne Durham,TE,TB,2500,43728481,1.115,1.115,1.0,1.0438663369098313,1.1638931656280789,CIN,23.39,50.44,8.0,0.4,3.5776,statline_mc+recal_10_4b,0.5172858513902573,2.4175798430024877,0.0,0.0,0.0,0.0,0.0,0.0,0.3915,0.24525,2.7860731423782155,0.02075,0.6466073142378216,0.5172858513902573,0.1,,33.24204822706571,0.17058730450427564,0.23065895171465398,,classic,True
00-0040651,Damien Martinez,RB,GB,4000,43727525,1.1707,1.1707,1.0,0.9916507056920244,1.1608760653179682,MIN,22.22,46.06,0.0,0.0,5.1135,statline_mc+recal_10_4b,0.0,5.0273703076751906,0.0,0.0,0.0,2.092,8.695335842231646,0.062,0.72525,0.53325,4.292185464127715,0.01975,2.3217521306359363,-1.1608760653179682,0.0,,12.157643388876032,0.16958985468149915,0.015120932027655533,,classic,True
00-0036775,Brandon Smith,WR,PIT,3000,43728117,1.0941,1.0941,1.0,1.0536846607285644,1.1527976060794771,ATL,23.61,40.78,0.0,0.0,5.2194,statline_mc+recal_10_4b,0.0,5.182919522985191,0.0,0.0,0.0,0.059,0.3256476773882758,0.00275,1.26275,0.77225,10.617804444201266,0.067,2.3055952121589542,-1.1527976060794771,0.0,,16.435690207780723,0.20682402306262057,0.141540182730148,,classic,True
00-0040946,Jaden Nixon,RB,GB,4000,43727527,1.1618,1.1618,1.0,0.9916507056920244,1.1520768413389766,MIN,22.22,46.06,0.0,0.0,5.0414,statline_mc+recal_10_4b,0.0,5.1180863756294155,0.0,0.0,0.0,2.084,8.650561287125528,0.06175,0.712,0.53,4.113475539654004,0.0215,2.304153682677953,-1.1520768413389766,0.0,,12.0401937244465,0.16967114213882833,0.014960341033918701,,classic,True
00-0040241,Dominic Lovett,WR,DET,3000,43727931,0.8944,0.8944,1.0,1.2670100600628522,1.1332220914546773,NO,28.39,49.83,2.0,0.0,3.8593,statline_mc+recal_10_4b,0.5036542628687455,2.4057745418424874,0.0,0.0,0.0,0.0225,0.12002715584680029,0.00075,0.328,0.20025,3.0381511300125177,0.01775,0.6295678285859319,0.5036542628687455,0.0,,21.72883510167993,0.21070257891133087,0.19324235335323425,,classic,True
00-0040618,Max Hurleman,WR,PIT,3000,43728113,1.0706,1.0706,1.0,1.0536846607285644,1.1280495429699295,ATL,23.61,40.78,0.0,0.0,5.2464,statline_mc+recal_10_4b,0.0,4.670758147145112,0.0,0.0,0.0,0.0625,0.394957570901911,0.00175,1.27275,0.777,10.14603328849668,0.066,2.256099085939859,-1.1280495429699295,0.0,,16.262613284703804,0.2064022814038011,0.14010647344804394,,classic,True
00-0041486,Anderson Castle,RB,IND,4000,43727537,1.1144,1.1144,1.0,1.0090559160979602,1.1244608339380493,BAL,22.61,48.17,0.0,0.0,5.0954,statline_mc+recal_10_4b,0.0,5.195432665446765,0.0,0.0,0.0,1.66925,7.144221248044799,0.05875,0.75275,0.56175,4.664995430716188,0.02525,2.2489216678760986,-1.1244608339380493,0.0,,13.509310151970995,0.16923483966154956,0.017097954005300724,,classic,True
00-0034054,River Cracraft,WR,WAS,3000,43728161,1.3092,1.3092,1.0,0.8541941722297637,1.1182741586462188,PHI,19.14,44.17,2.0,0.4,3.7583,statline_mc+recal_10_4b,0.49701073717609723,2.28358371984963,0.0,0.0,0.0,0.016,0.09270962911697654,0.00075,0.3715,0.228,2.724924585584239,0.01775,0.6212634214701216,0.49701073717609723,0.0,,23.409096722243277,0.21085892586292213,0.21331800570885806,,classic,True
00-0041397,Kaden Wetjen,WR,PIT,3000,43728111,1.0539,1.0539,1.0,1.0536846607285644,1.1104975954446938,ATL,23.61,40.78,0.0,0.0,5.15,statline_mc+recal_10_4b,0.0,4.62755722490529,0.0,0.0,0.0,0.059,0.3032359586713739,0.0025,1.2095,0.74125,10.319215950222503,0.06225,2.2209951908893877,-1.1104975954446938,0.0,,16.134408156498676,0.20644774107001246,0.13905383774621893,,classic,True
00-0041443,Skyler Bell,WR,BUF,3100,43727821,1.0885,1.0885,1.0,1.017981665024081,1.1081085688752457,HOU,22.81,44.5,0.0,0.0,5.0117,statline_mc+recal_10_4b,0.0,4.925424658465751,0.0,0.0,0.0,0.042,0.28763280883948084,0.00125,1.309,0.7975,10.037038568665437,0.061,2.2162171377504913,-1.1081085688752457,0.0,,15.64767075596817,0.20717632348405576,0.1351289581801284,,classic,True
00-0033757,Robert Tonyan,TE,PIT,2500,43728467,1.0401,1.0401,1.0,1.0536846607285644,1.0958978677313924,ATL,23.61,40.78,2.0,0.0,3.6518,statline_mc+recal_10_4b,0.48706571899173,2.3621692472615012,0.0,0.0,0.0,0.0,0.0,0.0,0.3475,0.2365,2.6933214873966236,0.01725,0.6088321487396624,0.48706571899173,0.1,,15.734795190847972,0.168929196059968,0.08236015846175727,,classic,True
00-0040976,Levi Wentz,WR,PIT,3000,43728121,1.0398,1.0398,1.0,1.0536846607285644,1.095636297952798,ATL,23.61,40.78,0.0,0.0,5.1495,statline_mc+recal_10_4b,0.0,4.564895261049357,0.0,0.0,0.0,0.05375,0.29269430040553196,0.002,1.251,0.7775,10.01753165865043,0.05875,2.191272595905596,-1.095636297952798,0.0,,16.05107482316534,0.20623436135452305,0.13837386923775233,,classic,True
00-0039626,Cole Burgess,WR,PIT,3000,43728115,1.0398,1.0398,1.0,1.0536846607285644,1.0956242693525013,ATL,23.61,40.78,0.0,0.0,5.2054,statline_mc+recal_10_4b,0.0,4.656164960405897,0.0,0.0,0.0,0.05675,0.2900804556868565,0.0015,1.22625,0.7515,10.14240493136317,0.06,2.1912485387050027,-1.0956242693525013,0.0,,15.986972259062778,0.20606001319901754,0.13785307998072904,,classic,True
00-0040206,Riley Leonard,QB,IND,4400,43727265,1.0849,1.0849,1.0,1.0090559160979602,1.0946763370501715,BAL,22.61,48.17,5.0,0.8,6.2661,statline_mc+recal_10_4b,0.4865228164667429,1.7424534082840415,0.0,0.0,0.0,0.81875,3.4565352058342858,0.052,0.0,0.0,0.0,0.0,0.6081535205834286,0.4865228164667429,6.8,,48.95206043956044,0.31427060173272925,0.4588873393069001,,classic,True
00-0041277,Davon Booth,RB,IND,4000,43727509,1.0768,1.0768,1.0,1.0090559160979602,1.0865640199882955,BAL,22.61,48.17,0.0,0.0,4.9424,statline_mc+recal_10_4b,0.0,4.512434410782878,0.0,0.0,0.0,1.707,7.06642830839118,0.04925,0.76825,0.57725,4.617352091374728,0.0225,2.173128039976591,-1.0865640199882955,0.0,,13.391860487541464,0.16918655013002487,0.01691636616272886,,classic,True
00-0041558,Sam Roush,TE,CHI,2800,43728287,0.9754,0.9754,1.0,1.1130408910872678,1.0857086933221451,CAR,24.94,46.94,0.0,0.0,4.6409,statline_mc+recal_10_4b,0.0,4.929365497810949,0.0,0.0,0.0,0.0,0.0,0.0,1.18375,0.794,9.5891738664429,0.0685,2.1714173866442903,-1.0857086933221451,0.0,,19.058884325525916,0.1656608172323855,0.10014673506712952,,classic,True
00-0041178,Robert Henry Jr.,RB,WAS,4000,43727609,1.2578,1.2578,1.0,0.8541941722297637,1.0743739077976515,PHI,19.14,44.17,0.0,0.0,4.7847,statline_mc+recal_10_4b,0.0,4.189260101758867,0.0,0.0,0.0,1.83125,6.4856467029093094,0.0415,0.9015,0.67825,4.586831453043718,0.01975,2.148747815595303,-1.0743739077976515,0.0,,8.756091857594692,0.16945339041760185,0.011098922743828607,,classic,True
00-0040522,Xavier Restrepo,WR,TEN,3000,43727967,1.1845,1.1845,1.0,0.8952526172899195,1.060462048281324,NYJ,20.06,39.22,2.0,0.0,3.7451,statline_mc+recal_10_4b,0.47131646590281073,2.2215232444755895,0.0,0.0,0.0,0.02325,0.19668393823853733,0.00075,0.354,0.214,2.544771885546596,0.01575,0.5891455823785133,0.47131646590281073,3.6,,11.929183244916004,0.27377157856096157,0.10858084478926924,,classic,True
00-0041274,Max Tomczak,WR,BUF,3000,43727865,1.0289,1.0289,1.0,1.017981665024081,1.0473987012492698,HOU,22.81,44.5,0.0,0.0,5.1193,statline_mc+recal_10_4b,0.0,4.545223206566124,0.0,0.0,0.0,0.03425,0.23702319500774655,0.00075,1.145,0.69825,9.67595082997765,0.062,2.0947974024985396,-1.0473987012492698,0.0,,16.115619473916887,0.20559458690779608,0.13890023802944051,,classic,True
00-0041239,Chip Trayanum,RB,NYJ,4000,43727573,1.2206,1.2206,1.0,0.8555330345686819,1.0442535358917058,TEN,19.17,39.22,0.0,0.0,4.8768,statline_mc+recal_10_4b,0.0,4.225483635400383,0.0,0.0,0.0,2.13525,7.567474667469689,0.05125,0.70375,0.539,3.577596050364422,0.02225,2.0885070717834116,-1.0442535358917058,0.0,,7.190366331096197,0.16884656173983809,0.009626400434479291,,classic,True
00-0041561,Carson Beck,QB,ARI,4100,43727269,1.2306,1.2306,1.0,0.8466072856425609,1.0418108517017122,LAC,18.97,47.17,0.0,0.0,6.2006,statline_mc+recal_10_4b,0.463027045200761,1.8348613561332847,0.0,0.0,0.0,1.103,4.027838065009511,0.04075,0.0,0.0,0.0,0.0,0.5787838065009512,0.463027045200761,0.0,,16.47524314765694,0.19036707423904803,0.04510675745963608,,classic,True
00-0041084,Tanner Koziol,TE,JAX,2600,43728305,0.9341,0.9341,1.0,1.0898339438793538,1.0180251128634294,CLE,24.42,40.11,0.0,0.0,4.6894,statline_mc+recal_10_4b,0.0,4.353000543157286,0.0,0.0,0.0,0.0,0.0,0.0,1.09,0.72725,8.965502257268588,0.06675,2.036050225726859,-1.0180251128634294,0.0,,15.744401973541528,0.16421964031961347,0.0824067137409992,,classic,True
00-0039686,Colson Yankoff,TE,WAS,2500,43728495,1.1901,1.1901,1.0,0.8541941722297637,1.0165367315279046,PHI,19.14,44.17,10.0,0.4,3.4868,statline_mc+recal_10_4b,0.45179410290129096,2.1337270344618715,0.0,0.0,0.0,0.0,0.0,0.0,0.35275,0.235,2.1874262862661356,0.01875,0.5647426286266136,0.45179410290129096,0.3,,22.159711830405552,0.1716502986679129,0.12018570389986633,,classic,True
00-0036491,Tarik Black,WR,DET,3000,43727943,0.8008,0.8008,1.0,1.2670100600628522,1.0145724039247546,NO,28.39,49.83,0.0,0.0,5.1608,statline_mc+recal_10_4b,0.0,4.4706102819485105,0.0,0.0,0.0,0.0765,0.6239425626217894,0.004,0.96725,0.585,9.775005515873302,0.0595,2.029144807849509,-1.0145724039247546,0.0,,21.15191202475685,0.2052123762466146,0.18679438499399237,,classic,True
00-0038090,Skyy Moore,WR,GB,3000,43727951,1.0213,1.0213,1.0,0.9916507056920244,1.0127794495768516,MIN,22.22,46.06,17.0,1.0,3.8975,statline_mc+recal_10_4b,0.4501241998119341,2.0946793717423695,0.0,0.0,0.0,0.23725,1.2950949902928388,0.00875,0.2065,0.13425,1.843957507356337,0.00925,0.5626552497649175,0.4501241998119341,0.8,,45.28680371352785,0.2915064723626807,0.7725586880936527,,classic,True
00-0037012,Trey Lance,QB,LAC,4000,43727312,0.8047,0.8047,1.0,1.2580843111367315,1.0123227356134292,ARI,28.19,47.17,4.0,0.2,6.1543,statline_mc+recal_10_4b,0.4499212158281908,1.924860172235829,0.0,0.0,0.0,0.73425,4.201515197852384,0.0315,0.0,0.0,0.0,0.0,0.5624015197852384,0.4499212158281908,3.9,,30.980143993937094,0.23543862565037957,0.12711553715282892,,classic,True
00-0041503,Nate Boerkircher,TE,JAX,2600,43728307,0.9286,0.9286,1.0,1.0898339438793538,1.0120611442730976,CLE,24.42,40.11,0.0,0.0,4.5293,statline_mc+recal_10_4b,0.0,4.76234472989265,0.0,0.0,0.0,0.0,0.0,0.0,1.10825,0.739,8.791222885461954,0.0665,2.024122288546195,-1.0120611442730976,0.0,,15.524276187378005,0.16457636349082055,0.0813465428378885,,classic,True
00-0040656,Hunter Dekkers,QB,NO,4000,43727301,1.0531,1.0531,1.0,0.9568402848801533,1.007634019785303,DET,21.44,49.83,0.0,0.0,6.1388,statline_mc+recal_10_4b,0.4478373421268014,1.7846102111044977,0.0,0.0,0.0,1.017,3.9429667765850165,0.03825,0.0,0.0,0.0,0.0,0.5597966776585017,0.4478373421268014,0.0,,18.922524314765692,0.19005905626619618,0.053722820056441085,,classic,True
00-0040390,Jackson Meeks,WR,DET,3000,43727929,0.7927,0.7927,1.0,1.2670100600628522,1.0043787154525807,NO,28.39,49.83,0.0,0.0,5.059,statline_mc+recal_10_4b,0.0,4.6461368027636185,0.0,0.0,0.0,0.0765,0.5832629578094942,0.0045,0.979,0.6035,9.371811351242123,0.06025,2.0087574309051615,-1.0043787154525807,0.0,,21.023706896551722,0.2052123762466146,0.18539097775872254,,classic,True
00-0041272,Ja'Mori Maclin,WR,BUF,3000,43727867,0.9857,0.9857,1.0,1.017981665024081,1.0033762883369997,HOU,22.81,44.5,0.0,0.0,4.9974,statline_mc+recal_10_4b,0.0,4.424068799519662,0.0,0.0,0.0,0.03425,0.18806423531339067,0.0015,1.12675,0.68775,9.224461531426599,0.0595,2.0067525766739993,-1.0033762883369997,0.0,,15.859209217506631,0.2052783674575107,0.13682093227296047,,classic,True
00-0041446,Kendrick Law,WR,DET,3000,43727947,0.7904,0.7904,1.0,1.2670100600628522,1.0014535234876134,NO,28.39,49.83,0.0,0.0,5.1737,statline_mc+recal_10_4b,0.0,4.633159728194672,0.0,0.0,0.0,0.066,0.37282097580100015,0.00225,0.958,0.5975,9.83624949395127,0.05725,2.002907046975227,-1.0014535234876134,0.0,,20.895501768346595,0.2052123762466146,0.18399811447994302,,classic,True
00-0041069,Colbie Young,WR,CIN,3100,43727825,0.8282,0.8282,1.0,1.2076538297041486,1.000151229369895,TB,27.06,50.44,0.0,0.0,5.1608,statline_mc+recal_10_4b,0.0,4.431368901033452,0.0,0.0,0.0,0.0385,0.3152292474412949,0.00175,1.01275,0.62325,9.617795339956606,0.058,2.00030245873979,-1.000151229369895,0.0,,19.785491268788682,0.2055454542064367,0.17236783603414194,,classic,True
00-0040259,Gage Larvadain,WR,CLE,3000,43727921,1.4267,1.4267,1.0,0.7002250032541792,0.999020156971822,JAX,15.69,40.11,13.0,1.0,3.564,statline_mc+recal_10_4b,0.44400895865414314,2.0766602985731524,0.0,0.0,0.0,0.0,0.0,0.0,0.40575,0.24525,2.1651119831767898,0.0155,0.5550111983176789,0.44400895865414314,1.0,,28.989200454717697,0.24029542891749023,0.2961971953129191,,classic,True
00-0041525,Chris Bell,WR,MIA,3200,43727815,1.1928,1.1928,1.0,0.8341112371459919,0.9949056944257345,LV,18.69,40.39,0.0,0.0,4.8021,statline_mc+recal_10_4b,0.0,3.993564731674318,0.0,0.0,0.0,0.03375,0.17859784747958277,0.0005,1.32425,0.80175,8.627016041035109,0.049,1.989811388851469,-0.9949056944257345,0.0,,10.064738063660478,0.20647078741110417,0.0973022159002512,,classic,True
00-0039437,Cornelius Johnson,WR,BAL,3000,43728203,0.8708,0.8708,1.0,1.1407107127582423,0.9933485356754392,IND,25.56,48.17,0.0,0.0,5.0189,statline_mc+recal_10_4b,0.0,4.397226628512896,0.0,0.0,0.0,0.0345,0.24308827628771462,0.001,1.02575,0.6465,9.38388243722107,0.05875,1.9866970713508785,-0.9933485356754392,0.0,,19.37610521662246,0.2052123762466146,0.16826653539473896,,classic,True
00-0036497,Tim Jones,WR,JAX,3000,43728183,0.9012,0.9012,1.0,1.0898339438793538,0.9821698295283857,CLE,24.42,40.11,2.0,0.0,3.7344,statline_mc+recal_10_4b,0.4365199242348381,2.1256781492389685,0.0,0.0,0.0,0.02775,0.18640050848220602,0.001,0.28625,0.1835,2.4800985444532695,0.01475,0.5456499052935476,0.4365199242348381,0.5,,14.942031388152074,0.2171415993911434,0.12963481345108602,,classic,True
00-0041257,Eric Rivers Jr.,WR,TB,3000,43728147,0.938,0.938,1.0,1.0438663369098313,0.9790977410853893,CIN,23.39,50.44,0.0,0.0,5.0247,statline_mc+recal_10_4b,0.0,4.39963590881708,0.0,0.0,0.0,0.052,0.35632776731475746,0.00125,1.05475,0.64725,9.233127054393032,0.0535,1.9581954821707785,-0.9790977410853893,0.0,,18.426958996463306,0.2052123762466146,0.15912930517575957,,classic,True
00-0040989,Octavian Smith Jr.,WR,BAL,3000,43728209,0.8582,0.8582,1.0,1.1407107127582423,0.9789825152777427,IND,25.56,48.17,0.0,0.0,5.0499,statline_mc+recal_10_4b,0.0,4.070263565187602,0.0,0.0,0.0,0.02925,0.12151072680154557,0.0005,1.03175,0.63,9.628139578753308,0.0545,1.9579650305554854,-0.9789825152777427,0.0,,19.183797524314766,0.2052123762466146,0.1663737935371503,,classic,True
00-0037311,Ko Kieft,TE,TB,2500,43728483,0.937,0.937,1.0,1.0438663369098313,0.9780762486717951,CIN,23.39,50.44,2.0,0.0,3.576,statline_mc+recal_10_4b,0.4347005549652423,2.1155636478607778,0.0,0.0,0.0,0.0,0.0,0.0,0.30275,0.20775,2.2787569370655283,0.01775,0.5433756937065528,0.4347005549652423,0.0,,18.489973026458465,0.1665535026620813,0.09685074582205637,,classic,True
00-0040361,Stephen Gosnell,WR,BUF,3000,43727861,0.9563,0.9563,1.0,1.017981665024081,0.9735367595237828,HOU,22.81,44.5,0.0,0.0,4.922,statline_mc+recal_10_4b,0.0,4.144448410044973,0.0,0.0,0.0,0.03425,0.17882152728489165,0.0015,1.101,0.67475,8.824413663190764,0.058,1.9470735190475656,-0.9735367595237828,0.0,,15.372029730327146,0.2052123762466146,0.13295562025994237,,classic,True
00-0040977,Cortez Braham Jr.,WR,BAL,3000,43728207,0.8482,0.8482,1.0,1.1407107127582423,0.9675953535215218,IND,25.56,48.17,0.0,0.0,4.9755,statline_mc+recal_10_4b,0.0,4.34815673111923,0.0,0.0,0.0,0.03175,0.22719068516440644,0.0015,1.01875,0.626,9.39721638526603,0.0535,1.9351907070430436,-0.9675953535215218,0.0,,19.010720601237843,0.2052123762466146,0.16468853605413683,,classic,True
00-0041380,Devonte Ross,WR,LAC,3000,43728135,0.7653,0.7653,1.0,1.2580843111367315,0.9628374796566745,ARI,28.19,47.17,0.0,0.0,5.1076,statline_mc+recal_10_4b,0.0,4.1832787672691145,0.0,0.0,0.0,0.0325,0.22705605036628265,0.00125,0.95125,0.56575,9.66219354276721,0.05575,1.925674959313349,-0.9628374796566745,0.0,,19.10250884173298,0.2052123762466146,0.1655801450978946,,classic,True
00-0041374,Sincere Brown,WR,LAC,3000,43728137,0.7646,0.7646,1.0,1.2580843111367315,0.961914735203952,ARI,28.19,47.17,0.0,0.0,5.02,statline_mc+recal_10_4b,0.0,4.168046916449982,0.0,0.0,0.0,0.03475,0.20565528790610366,0.002,0.951,0.5865,9.290139416172934,0.05925,1.923829470407904,-0.961914735203952,0.0,,19.03840627763042,0.2052123762466146,0.1649569612466489,,classic,True
00-0038102,Kenny Pickett,QB,CAR,4000,43727319,0.9781,0.9781,1.0,0.9818323818732916,0.9603298747108358,CHI,22.0,46.94,6.0,0.8,6.1077,statline_mc+recal_10_4b,0.42681327764926036,1.7095037814187064,0.0,0.0,0.0,0.9245,3.877665970615754,0.0325,0.0,0.0,0.0,0.0,0.5335165970615754,0.42681327764926036,1.8,,45.18272664835165,0.23137942293896463,0.35057217446239436,,classic,True
00-0035589,Gary Jennings Jr.,WR,LAC,3000,44034620,0.7611,0.7611,1.0,1.2580843111367315,0.9575612149165671,ARI,28.19,47.17,0.0,0.0,5.0175,statline_mc+recal_10_4b,0.0,4.090002653427166,0.0,0.0,0.0,0.03275,0.20196116556606317,0.001,0.95875,0.5855,9.344263132765278,0.0585,1.9151224298331342,-0.9575612149165671,0.0,,18.974303713527853,0.2052123762466146,0.1643361228342977,,classic,True
00-0039259,Dayton Wade,WR,BAL,3000,43728201,0.8314,0.8314,1.0,1.1407107127582423,0.9484302256922453,IND,25.56,48.17,0.0,0.0,4.9434,statline_mc+recal_10_4b,0.0,4.224060600829488,0.0,0.0,0.0,0.0305,0.12048229830604132,0.0005,1.01725,0.6265,8.795622215538867,0.05925,1.8968604513844907,-0.9484302256922453,0.0,,18.754310344827587,0.2052123762466146,0.1622231851958391,,classic,True
00-0040419,Garrett Greene,WR,TB,3000,43728145,0.9063,0.9063,1.0,1.0438663369098313,0.9460253593864751,CIN,23.39,50.44,0.0,0.0,4.8094,statline_mc+recal_10_4b,0.0,3.9784076225540783,0.0,0.0,0.0,0.04825,0.255824253303289,0.00225,1.0615,0.64925,8.724682934426212,0.053,1.8920507187729503,-0.9460253593864751,0.0,,17.869266688771,0.2052123762466146,0.15399369837823343,,classic,True
00-0041472,Marlin Klein,TE,HOU,2700,43728295,0.9767,0.9767,1.0,0.9679974710378043,0.945475306748825,BUF,21.69,44.5,0.0,0.0,4.4237,statline_mc+recal_10_4b,0.0,4.042119479208156,0.0,0.0,0.0,0.0,0.0,0.0,1.13425,0.7575,7.839506134976499,0.058,1.89095061349765,-0.945475306748825,0.0,,14.748214188896117,0.16428897527351577,0.07771650307323066,,classic,True
00-0040099,Xavier Guillory,WR,BAL,3000,43728205,0.8279,0.8279,1.0,1.1407107127582423,0.944388119775052,IND,25.56,48.17,0.0,0.0,4.9759,statline_mc+recal_10_4b,0.0,4.027249313931953,0.0,0.0,0.0,0.033,0.1395079210355848,0.001,1.0225,0.62375,8.993254474465456,0.0545,1.888776239550104,-0.944388119775052,0.0,,18.62610521662246,0.2052123762466146,0.16100438414976012,,classic,True
00-0040265,Ja'seem Reed,WR,CAR,3000,43728175,0.9608,0.9608,1.0,0.9818323818732916,0.9433740703886929,CHI,22.0,46.94,0.0,0.0,5.0169,statline_mc+recal_10_4b,0.0,3.9635870330259704,0.0,0.0,0.0,0.05525,0.30214317434761356,0.0005,1.0765,0.6535,8.690338233426242,0.0525,1.8867481407773858,-0.9433740703886929,0.0,,14.824394893899203,0.2052123762466146,0.1287408638160324,,classic,True
00-0041435,Dean Patterson IV,WR,TB,3000,43728149,0.9017,0.9017,1.0,1.0438663369098313,0.9412713539102713,CIN,23.39,50.44,0.0,0.0,5.1553,statline_mc+recal_10_4b,0.0,3.6224591852174557,0.0,0.0,0.0,0.05475,0.3082440999224782,0.0015,1.02475,0.63275,8.792182978282948,0.05025,1.8825427078205426,-0.9412713539102713,0.0,,17.676958996463302,0.2052123762466146,0.1522615041659879,,classic,True
00-0037828,Danny Gray,WR,PHI,3000,43728091,0.8406,0.8406,1.0,1.1170574781040223,0.9389542571000689,WAS,25.03,44.17,0.0,0.0,4.9972,statline_mc+recal_10_4b,0.0,3.9072375580656047,0.0,0.0,0.0,0.03425,0.20649965544291654,0.0025,0.99325,0.6115,8.84008548655846,0.05425,1.8779085142001377,-0.9389542571000689,0.0,,15.94708775419982,0.2052123762466146,0.13753003544636774,,classic,True
00-0040203,Will Howard,QB,PIT,4000,43727310,0.8871,0.8871,1.0,1.0536846607285644,0.9347582601790584,ATL,23.61,40.78,0.0,0.0,6.1644,statline_mc+recal_10_4b,0.41544811563513706,1.5889912903449877,0.0,0.0,0.0,0.7825,3.5431014454392127,0.0355,0.0,0.0,0.0,0.0,0.5193101445439213,0.41544811563513706,0.0,,17.672869694960212,0.19005905626619618,0.049135255977169806,,classic,True
00-0034270,Tyler Conklin,TE,DET,2500,43728359,0.7324,0.7324,1.0,1.2670100600628522,0.9279152481922313,NO,28.39,49.83,6.0,0.2,3.5978,statline_mc+recal_10_4b,0.41240677697432504,2.1025517985305306,0.0,0.0,0.0,0.0,0.0,0.0,0.24875,0.16575,2.4800847121790617,0.01725,0.5155084712179062,0.41240677697432504,1.3,,27.931164606376058,0.1860547745316581,0.16876974008663242,,classic,True
00-0038181,Lucky Jackson,WR,DET,3000,43727941,0.7323,0.7323,1.0,1.2670100600628522,0.9278391267264603,NO,28.39,49.83,0.0,0.0,5.0161,statline_mc+recal_10_4b,0.0,4.250911210515421,0.0,0.0,0.0,0.06775,0.5194842646640098,0.0015,0.93825,0.56275,8.934798269865198,0.05325,1.8556782534529206,-0.9278391267264603,0.0,,19.67755305039788,0.2052123762466146,0.17127688678326458,,classic,True
00-0039722,JaQuae Jackson,WR,LAC,3000,43728131,0.7355,0.7355,1.0,1.2580843111367315,0.9253258468451011,ARI,28.19,47.17,0.0,0.0,5.0337,statline_mc+recal_10_4b,0.0,3.9255611928540817,0.0,0.0,0.0,0.02775,0.13048286086895033,0.0015,0.9305,0.567,9.066034076033073,0.0555,1.8506516936902022,-0.9253258468451011,0.0,,18.416611405835546,0.2052123762466146,0.15903247553580202,,classic,True
00-0041263,Lake McRee,TE,PIT,2500,43728473,0.8776,0.8776,1.0,1.0536846607285644,0.9247157545926923,ATL,23.61,40.78,0.0,0.0,4.5889,statline_mc+recal_10_4b,0.0,4.072365325837321,0.0,0.0,0.0,0.0,0.0,0.0,1.00025,0.6665,7.949315091853846,0.064,1.8494315091853846,-0.9247157545926923,0.0,,14.854292046193885,0.16298959263032328,0.0782029603947122,,classic,True
00-0041565,Drew Allar,QB,PIT,4000,43727311,0.8741,0.8741,1.0,1.0536846607285644,0.9210490357415717,ATL,23.61,40.78,0.0,0.0,6.0892,statline_mc+recal_10_4b,0.4093551269962541,1.603791063772369,0.0,0.0,0.0,0.781,3.469439087453176,0.03475,0.0,0.0,0.0,0.0,0.5116939087453176,0.4093551269962541,0.0,,17.48056200265252,0.19005905626619618,0.04846493553144837,,classic,True
00-0037282,James Mitchell,TE,CAR,2500,43728505,0.9332,0.9332,1.0,0.9818323818732916,0.9162244332877865,CHI,22.0,46.94,2.0,0.0,3.4981,statline_mc+recal_10_4b,0.40721085923901623,2.020993839473422,0.0,0.0,0.0,0.0,0.0,0.0,0.285,0.1945,2.147635740487701,0.01675,0.5090135740487702,0.40721085923901623,1.0,,15.056010762307526,0.1813864599546788,0.0791364288419791,,classic,True
00-0041047,Chris Brazzell II,WR,CAR,3000,43728163,0.908,0.908,1.0,0.9818323818732916,0.8914847296811721,CHI,22.0,46.94,0.0,0.0,4.7465,statline_mc+recal_10_4b,0.0,3.6865609206296654,0.0,0.0,0.0,0.05225,0.33346121411273005,0.00275,1.07325,0.64675,7.9587333795107105,0.0465,1.7829694593623442,-0.8914847296811721,0.0,,14.459010278514585,0.2052123762466146,0.12600333359493585,,classic,True
00-0026158,Joe Flacco,QB,CIN,4400,43727264,0.7374,0.7374,1.0,1.2076538297041486,0.8904686275803594,TB,27.06,50.44,13.0,0.6,6.1319,statline_mc+recal_10_4b,0.3957638344801597,1.4228587588760204,0.0,0.0,0.0,0.72825,2.9820479310019965,0.04025,0.0,0.0,0.0,0.0,0.49470479310019966,0.3957638344801597,12.7,,44.50214490968801,0.39299735653766743,0.3339374241312502,,classic,True
00-0038400,Tanner McKee,QB,PHI,4000,43727306,0.7968,0.7968,1.0,1.1170574781040223,0.8900233984861288,WAS,25.03,44.17,4.0,0.6,6.1268,statline_mc+recal_10_4b,0.3955659548827239,1.5495544290406464,0.0,0.0,0.0,0.85,3.4620744360340496,0.0345,0.0,0.0,0.0,0.0,0.4944574436034049,0.3955659548827239,3.7,,39.73428224074776,0.23567314593815913,0.2375532961907846,,classic,True
00-0041041,Oscar Delp,TE,NO,2700,43728291,0.9291,0.9291,1.0,0.9568402848801533,0.8890305585630708,DET,21.44,49.83,0.0,0.0,4.3899,statline_mc+recal_10_4b,0.0,3.6882260763216688,0.0,0.0,0.0,0.0,0.0,0.0,1.0635,0.707,7.575611171261416,0.052,1.7780611171261416,-0.8890305585630708,0.0,,16.16804923010193,0.16358581512657924,0.08448612653721818,,classic,True
00-0028986,Case Keenum,QB,CHI,4000,43727276,0.7962,0.7962,1.0,1.1130408910872678,0.8862526300037384,CAR,24.94,46.94,0.0,0.0,6.1297,statline_mc+recal_10_4b,0.3938900577794393,1.5118002054084518,0.0,0.0,0.0,0.67875,3.2836257222429914,0.03425,0.0,0.0,0.0,0.0,0.49236257222429913,0.3938900577794393,0.0,,19.602909482758623,0.19005905626619618,0.056398175366013686,,classic,True
00-0037570,Dennis Houston,WR,TB,3000,43728143,0.8488,0.8488,1.0,1.0438663369098313,0.8859839574397976,CIN,23.39,50.44,0.0,0.0,4.7701,statline_mc+recal_10_4b,0.0,3.733503165339147,0.0,0.0,0.0,0.044,0.23916315187255038,0.00125,1.014,0.62275,8.340515996923402,0.0455,1.7719679148795953,-0.8859839574397976,0.0,,17.31157438107869,0.2052123762466146,0.14902383388159685,,classic,True
00-0038550,Hendon Hooker,QB,TEN,4000,43727290,0.9887,0.9887,1.0,0.8952526172899195,0.8851485787110915,NYJ,20.06,39.22,0.0,0.0,6.1119,statline_mc+recal_10_4b,0.3933993683160407,1.5559188544507552,0.0,0.0,0.0,0.896,3.517492103950508,0.0325,0.0,0.0,0.0,0.0,0.4917492103950508,0.3933993683160407,0.0,,12.89713196286472,0.19005905626619618,0.034933725096499925,,classic,True
00-0040912,Hank Beatty,WR,TEN,3000,43727975,0.9857,0.9857,1.0,0.8952526172899195,0.8824859947825378,NYJ,20.06,39.22,0.0,0.0,4.7473,statline_mc+recal_10_4b,0.0,3.481248905556463,0.0,0.0,0.0,0.0685,0.32058661811216393,0.00125,1.0625,0.651,7.644133277538591,0.0495,1.7649719895650755,-0.8824859947825378,0.0,,10.070208885941643,0.2052123762466146,0.09733353406461677,,classic,True
00-0037055,Lance McCutcheon,WR,TEN,3000,43727969,0.9771,0.9771,1.0,0.8952526172899195,0.8747519546449518,NYJ,20.06,39.22,0.0,0.0,4.6393,statline_mc+recal_10_4b,0.0,3.4867452560797934,0.0,0.0,0.0,0.07175,0.412452187785495,0.00425,1.0835,0.6685,7.347586905113541,0.046,1.7495039092899036,-0.8747519546449518,0.0,,10.006106321839079,0.2052123762466146,0.09696720580359323,,classic,True
00-0036265,AJ Dillon,RB,CAR,4000,43727611,0.8887,0.8887,1.0,0.9818323818732916,0.8725607793762891,CHI,22.0,46.94,6.0,0.2,3.5911,statline_mc+recal_10_4b,0.38780479083390623,1.760845079762793,0.0,0.0,0.0,0.3405,1.4124958654672983,0.0105,0.18625,0.1465,1.0575640199565306,0.005,0.48475598854238283,0.38780479083390623,1.4,,15.908620689655171,0.18404350316484766,0.021265327879506992,,classic,True
00-0036331,Devin Duvernay,WR,ARI,3000,43728097,1.0257,1.0257,1.0,0.8466072856425609,0.8684005873221776,LAC,18.97,47.17,17.0,1.0,3.4665,statline_mc+recal_10_4b,0.3859558165876345,1.9357896065474207,0.0,0.0,0.0,0.0,0.0,0.0,0.324,0.19175,2.0944477073454304,0.01375,0.4824447707345431,0.3859558165876345,0.2,,35.826702033598586,0.24597070922006473,0.44285013102395604,,classic,True
00-0040894,Malik Benson,WR,LV,3100,43727827,0.8962,0.8962,1.0,0.9679974710378043,0.8675370431467551,MIA,21.69,40.39,0.0,0.0,4.7518,statline_mc+recal_10_4b,0.0,3.4671917399638366,0.0,0.0,0.0,0.0445,0.2995118056729644,0.0025,1.0195,0.61975,7.603729057262136,0.049,1.7350740862935101,-0.8675370431467551,0.0,,10.324463969938106,0.2055454542064367,0.09880021267350136,,classic,True
00-0040551,Nick Nash,WR,WAS,3000,43728155,1.0147,1.0147,1.0,0.8541941722297637,0.8667516395589303,PHI,19.14,44.17,0.0,0.0,4.6474,statline_mc+recal_10_4b,0.0,3.499732523443945,0.0,0.0,0.0,0.03975,0.25281550588429763,0.00075,1.09025,0.67875,7.387217285294308,0.04675,1.7335032791178606,-0.8667516395589303,0.0,,11.0404232979664,0.2052123762466146,0.10305007260604036,,classic,True
00-0041185,Vinny Anthony II,WR,ATL,3000,43727843,1.1295,1.1295,1.0,0.7662755453074735,0.8655131835764992,PIT,17.17,40.78,0.0,0.0,4.6449,statline_mc+recal_10_4b,0.0,3.2553365764952855,0.0,0.0,0.0,0.07225,0.3118489135749829,0.0015,1.17425,0.7175,7.183414757954999,0.04125,1.7310263671529984,-0.8655131835764992,0.0,,9.639934239610962,0.2052123762466146,0.09490091075742116,,classic,True
00-0036425,DeeJay Dallas,RB,MIN,4000,43727619,0.8129,0.8129,1.0,1.0635029845472972,0.8645559240439523,GB,23.83,46.06,5.0,0.6,3.5736,statline_mc+recal_10_4b,0.3842470773528677,1.7616519366551584,0.0,0.0,0.0,0.46575,2.028231572847723,0.01475,0.1355,0.09675,0.7723568940631225,0.003,0.4803088466910846,0.3842470773528677,0.4,,26.975384748900716,0.1741432939617194,0.0581570672996974,,classic,True
00-0040692,Jarquez Hunter,RB,MIA,4000,44034602,1.0333,1.0333,1.0,0.8341112371459919,0.8619270740286535,LV,18.69,40.39,0.0,0.0,4.5876,statline_mc+recal_10_4b,0.0,3.233627857879808,0.0,0.0,0.0,1.175,4.0593506265226855,0.02875,0.80925,0.6175,4.154190854050385,0.01875,1.723854148057307,-0.8619270740286535,0.0,,6.797787452750136,0.16792678063443628,0.009288902242428367,,classic,True
00-0039473,Xavier Johnson,WR,CIN,3000,43727909,0.7137,0.7137,1.0,1.2076538297041486,0.8618879903662733,TB,27.06,50.44,0.0,0.0,4.8994,statline_mc+recal_10_4b,0.0,3.6807485921796785,0.0,0.0,0.0,0.03,0.2829115520480944,0.00175,0.871,0.55425,8.27734825527737,0.048,1.7237759807325466,-0.8618879903662733,0.0,,18.939337422634832,0.2052123762466146,0.16399845699955604,,classic,True
00-0034386,Justin Watson,WR,HOU,3000,43727873,0.887,0.887,1.0,0.9679974710378043,0.858592112602826,BUF,21.69,44.5,3.0,0.2,3.4929,statline_mc+recal_10_4b,0.3815964944901449,1.920646175707343,0.0,0.0,0.0,0.00775,0.033452560162018176,0.0005,0.29225,0.1885,2.1240036209647926,0.01175,0.4769956181126811,0.3815964944901449,1.5,,17.334312239484653,0.23263590165509382,0.14922328975972493,,classic,True
00-0040438,Antwane Wells Jr.,WR,ATL,3000,43727847,1.1182,1.1182,1.0,0.7662755453074735,0.85687850616328,PIT,17.17,40.78,0.0,0.0,4.665,statline_mc+recal_10_4b,0.0,3.3696771115987607,0.0,0.0,0.0,0.06325,0.33678173853647286,0.0025,1.146,0.70475,7.123288384729127,0.0405,1.71375701232656,-0.85687850616328,0.0,,9.44762654730327,0.2052123762466146,0.09383342026864111,,classic,True
00-0041176,Jaden Bradley,WR,WAS,3000,43728157,1.0018,1.0018,1.0,0.8541941722297637,0.8557298638335451,PHI,19.14,44.17,0.0,0.0,4.7547,statline_mc+recal_10_4b,0.0,3.342508767189382,0.0,0.0,0.0,0.03925,0.202194914225879,0.0015,1.0635,0.64925,7.5249023624450215,0.045,1.7114597276670902,-0.8557298638335451,0.0,,10.719910477453581,0.2052123762466146,0.1011253985550671,,classic,True
00-0040445,Courtney Jackson,WR,TEN,3000,43727971,0.9554,0.9554,1.0,0.8952526172899195,0.8553182426590431,NYJ,20.06,39.22,0.0,0.0,4.6309,statline_mc+recal_10_4b,0.0,3.438420251281713,0.0,0.0,0.0,0.0645,0.32850082929750957,0.00125,1.04875,0.6385,7.322864023883352,0.049,1.7106364853180862,-0.8553182426590431,0.0,,9.474055039787798,0.2052123762466146,0.0939794087669052,,classic,True
00-0040919,Tyren Montgomery,WR,TEN,3000,43727973,0.9547,0.9547,1.0,0.8952526172899195,0.8546649747201444,NYJ,20.06,39.22,0.0,0.0,4.729,statline_mc+recal_10_4b,0.0,3.4755953636369465,0.0,0.0,0.0,0.069,0.3240244650904508,0.00225,1.036,0.63125,7.611775029312437,0.04375,1.7093299494402887,-0.8546649747201444,0.0,,9.409952475685234,0.2052123762466146,0.09362570422184321,,classic,True
00-0041172,Miller Moss,QB,CHI,4000,43727277,0.765,0.765,1.0,1.1130408910872678,0.8514306471040066,CAR,24.94,46.94,0.0,0.0,6.1178,statline_mc+recal_10_4b,0.37841362093511405,1.4708162577060822,0.0,0.0,0.0,0.66175,3.225170261688926,0.03125,0.0,0.0,0.0,0.0,0.4730170261688926,0.37841362093511405,0.0,,19.218294098143232,0.19005905626619618,0.05486986434895426,,classic,True
00-0041165,Coleman Bennett,RB,MIA,4000,43727495,1.0191,1.0191,1.0,0.8341112371459919,0.8500749944233493,LV,18.69,40.39,0.0,0.0,4.6908,statline_mc+recal_10_4b,0.0,3.138395265339517,0.0,0.0,0.0,1.14075,3.794346725703618,0.028,0.7975,0.6105,4.104653162763371,0.02225,1.7001499888466987,-0.8500749944233493,0.0,,6.680337788320606,0.16792678063443628,0.009190249987454433,,classic,True
00-0040154,Tai Felton,WR,MIN,3000,43728025,0.7986,0.7986,1.0,1.0635029845472972,0.8493187890116082,GB,23.83,46.06,12.0,0.6,3.6383,statline_mc+recal_10_4b,0.37747501733849254,1.9458389188222482,0.0,0.0,0.0,0.0,0.0,0.0,0.2845,0.176,2.303437716731157,0.01075,0.47184377167311564,0.37747501733849254,0.3,,31.465831438676265,0.23297124383391662,0.3426500309713538,,classic,True
00-0040498,Dontae Fleming,WR,MIN,3000,43728033,0.7983,0.7983,1.0,1.0635029845472972,0.8489438711390109,GB,23.83,46.06,0.0,0.0,4.7512,statline_mc+recal_10_4b,0.0,3.7360802069035053,0.0,0.0,0.0,0.0395,0.20422263097354362,0.00175,0.9305,0.57225,7.562154791806675,0.0545,1.6978877422780219,-0.8489438711390109,0.0,,14.81838527851459,0.2052123762466146,0.1286953610901018,,classic,True
00-0041342,Dillon Bell,WR,MIN,3000,43728029,0.7962,0.7962,1.0,1.0635029845472972,0.8467141491941201,GB,23.83,46.06,0.0,0.0,4.821,statline_mc+recal_10_4b,0.0,3.6463622665121513,0.0,0.0,0.0,0.046,0.286840054090928,0.003,0.88225,0.55,7.544942929791474,0.055,1.6934282983882403,-0.8467141491941201,0.0,,14.754282714412025,0.2052123762466146,0.1282109982414392,,classic,True
00-0041251,Jalon Daniels,QB,TB,4000,43727316,0.8102,0.8102,1.0,1.0438663369098313,0.8457527246749659,CIN,23.39,50.44,0.0,0.0,6.0842,statline_mc+recal_10_4b,0.3758900998555404,1.4702886862294198,0.0,0.0,0.0,0.7035,3.1836262481942548,0.03225,0.0,0.0,0.0,0.0,0.4698626248194255,0.3758900998555404,0.0,,19.689779509283817,0.19005905626619618,0.05674921412278185,,classic,True
00-0034487,Trent Sherfield Sr.,WR,BUF,3000,43727857,0.8299,0.8299,1.0,1.017981665024081,0.8448476932017385,HOU,22.81,44.5,4.0,0.2,3.4676,statline_mc+recal_10_4b,0.37548786364521713,1.967004439830411,0.0,0.0,0.0,0.0,0.0,0.0,0.28675,0.1755,2.233598295565213,0.01175,0.46935982955652134,0.37548786364521713,0.4,,18.382739674118987,0.21447904801697018,0.1587159259755428,,classic,True
00-0041266,Keelan Marion,WR,ATL,3000,43727851,1.1021,1.1021,1.0,0.7662755453074735,0.8444871601274548,PIT,17.17,40.78,0.0,0.0,4.6197,statline_mc+recal_10_4b,0.0,3.044044407306403,0.0,0.0,0.0,0.067,0.31153705190538394,0.00125,1.137,0.7,6.948206150643711,0.04175,1.6889743202549097,-0.8444871601274548,0.0,,8.934806034482758,0.2052123762466146,0.09104511681945486,,classic,True
00-0040400,Donovan Edwards,RB,MIA,4000,43727545,1.0066,1.0066,1.0,0.8341112371459919,0.83959991885368,LV,18.69,40.39,0.0,0.0,4.5741,statline_mc+recal_10_4b,0.0,3.1440980537551453,0.0,0.0,0.0,1.12175,3.9424926458517695,0.02775,0.80575,0.606,3.992005731221831,0.0195,1.67919983770736,-0.83959991885368,0.0,,6.562888123891074,0.16792678063443628,0.009092645463111894,,classic,True
00-0041149,Haynes King,QB,CAR,4000,43727320,0.8541,0.8541,1.0,0.9818323818732916,0.8385432914568748,CHI,22.0,46.94,0.0,0.0,6.086,statline_mc+recal_10_4b,0.37268590731416656,1.4371186743155286,0.0,0.0,0.0,0.793,3.2710738414270817,0.03175,0.0,0.0,0.0,0.0,0.4658573841427082,0.37268590731416656,0.0,,16.58080515030946,0.19005905626619618,0.04544815433642065,,classic,True
00-0041194,Jack Strand,QB,ATL,4000,43727270,1.0929,1.0929,1.0,0.7662755453074735,0.8374621830847705,PIT,17.17,40.78,0.0,0.0,6.0618,statline_mc+recal_10_4b,0.37220541470434243,1.3521312580738423,0.0,0.0,0.0,1.00875,3.197567683804281,0.035,0.0,0.0,0.0,0.0,0.46525676838042807,0.37220541470434243,0.0,,11.973267572944298,0.19005905626619618,0.03270285504003341,,classic,True
00-0041248,Noah Thomas,WR,CIN,3000,43727913,0.6914,0.6914,1.0,1.2076538297041486,0.8349764000761006,TB,27.06,50.44,0.0,0.0,4.9223,statline_mc+recal_10_4b,0.0,3.532938567995962,0.0,0.0,0.0,0.036,0.33514193394850433,0.00175,0.82325,0.49675,7.929386067573505,0.0535,1.6699528001522013,-0.8349764000761006,0.0,,18.189337422634836,0.2052123762466146,0.15692051012271577,,classic,True
00-0041436,DJ Herman,RB,MIA,4000,43727551,0.9997,0.9997,1.0,0.8341112371459919,0.833860851434132,LV,18.69,40.39,0.0,0.0,4.6078,statline_mc+recal_10_4b,0.0,3.0559747194290043,0.0,0.0,0.0,1.1065,3.8793009001804313,0.02775,0.797,0.60025,4.012916128502205,0.01875,1.667721702868264,-0.833860851434132,0.0,,6.445438459461544,0.16792678063443628,0.00899607754203751,,classic,True
00-0038740,Jalen Moreno-Cropper,WR,NO,3000,43728057,0.8705,0.8705,1.0,0.9568402848801533,0.8328964195740302,DET,21.44,49.83,2.0,0.0,3.5191,statline_mc+recal_10_4b,0.37017618647734674,1.880313982821242,0.0,0.0,0.0,0.025,0.1079869677832452,0.0005,0.2655,0.1645,1.961715363183589,0.0145,0.4627202330966834,0.37017618647734674,0.0,,13.595601237842619,0.20786250853786067,0.1197635756671519,,classic,True
00-0039152,Will Levis,QB,TEN,4000,43727289,0.9286,0.9286,1.0,0.8952526172899195,0.8313571141651164,NYJ,20.06,39.22,0.0,0.0,6.0462,statline_mc+recal_10_4b,0.3694920507400517,1.403849189908191,0.0,0.0,0.0,0.8975,3.2786506342506465,0.0315,0.0,0.0,0.0,0.0,0.46186506342506467,0.3694920507400517,0.0,,11.93559350132626,0.19005905626619618,0.032614969792687035,,classic,True
00-0040986,Ty Pezza,TE,BAL,2500,43728523,0.7268,0.7268,1.0,1.1407107127582423,0.8291209617559933,IND,25.56,48.17,0.0,0.0,4.498,statline_mc+recal_10_4b,0.0,3.571939402930657,0.0,0.0,0.0,0.0,0.0,0.0,0.8615,0.56825,7.3074192351198635,0.05875,1.6582419235119865,-0.8291209617559933,0.0,,18.57349273476469,0.16288841193896256,0.0973277369284792,,classic,True
00-0040275,JP Richardson,WR,CHI,3000,43727891,0.7398,0.7398,1.0,1.1130408910872678,0.8233996896469905,CAR,24.94,46.94,0.0,0.0,4.8038,statline_mc+recal_10_4b,0.0,3.5098770947607765,0.0,0.0,0.0,0.04925,0.2598009062915858,0.00225,0.878,0.53875,7.908192886648223,0.044,1.646799379293981,-0.8233996896469905,0.0,,15.36572999557913,0.2052123762466146,0.13290635967364833,,classic,True
00-0033439,Pharaoh Brown,TE,IND,2500,44034628,0.8137,0.8137,1.0,1.0090559160979602,0.8210655164907158,BAL,22.61,48.17,5.0,0.6,3.3792,statline_mc+recal_10_4b,0.36491800732920704,1.8477674591147424,0.0,0.0,0.0,0.0,0.0,0.0,0.2815,0.18725,1.8114750916150875,0.015,0.45614750916150876,0.36491800732920704,0.3,,34.01516482324875,0.17237081846564942,0.24139091344950955,,classic,True
00-0035289,Gardner Minshew II,QB,ARI,4100,43727268,0.9696,0.9696,1.0,0.8466072856425609,0.8208844851223595,LAC,18.97,47.17,4.0,0.4,6.0868,statline_mc+recal_10_4b,0.36483754894327086,1.365377636655448,0.0,0.0,0.0,1.02875,3.3154693617908855,0.03275,0.0,0.0,0.0,0.0,0.4560469361790886,0.36483754894327086,0.2,,22.982676518883412,0.19241821916846136,0.07179743401522379,,classic,True
00-0037031,Nikola Kalinic,TE,CHI,2500,43728329,0.7372,0.7372,1.0,1.1130408910872678,0.8205431797878574,CAR,24.94,46.94,2.0,0.2,3.4617,statline_mc+recal_10_4b,0.3646858576834922,1.9025684739469932,0.0,0.0,0.0,0.0,0.0,0.0,0.24425,0.159,2.036073221043652,0.0155,0.4558573221043652,0.3646858576834922,0.0,,23.028464541314246,0.16500911461862264,0.1264872078992454,,classic,True
00-0041373,Jerand Bradley,TE,LAC,2500,43728475,0.6491,0.6491,1.0,1.2580843111367315,0.8166745054306058,ARI,28.19,47.17,0.0,0.0,4.4734,statline_mc+recal_10_4b,0.0,3.697530251628323,0.0,0.0,0.0,0.0,0.0,0.0,0.79875,0.53875,7.380990108612116,0.0585,1.6333490108612116,-0.8166745054306058,0.0,,18.322150834959878,0.16288841193896256,0.0958993493314504,,classic,True
00-0041352,Marcus Sanders Jr.,WR,MIN,3000,43728041,0.7672,0.7672,1.0,1.0635029845472972,0.8158703410145207,GB,23.83,46.06,0.0,0.0,4.8245,statline_mc+recal_10_4b,0.0,3.2102872145360903,0.0,0.0,0.0,0.04275,0.20492493536158363,0.002,0.91825,0.55625,7.58248188492883,0.04475,1.6317406820290414,-0.8158703410145207,0.0,,14.324795534924844,0.2052123762466146,0.12501245580614914,,classic,True
00-0040387,Zach Horton,TE,DET,2500,43728361,0.6435,0.6435,1.0,1.2670100600628522,0.8153121037627965,NO,28.39,49.83,0.0,0.0,4.4186,statline_mc+recal_10_4b,0.0,3.5707178496917407,0.0,0.0,0.0,0.0,0.0,0.0,0.7945,0.52625,7.228742075255931,0.06325,1.630624207525593,-0.8153121037627965,0.0,,19.40892702233789,0.16288841193896256,0.10223020765538184,,classic,True
00-0040785,Dohnte Meyers,WR,CIN,3000,43727911,0.6748,0.6748,1.0,1.2076538297041486,0.8148658744282286,TB,27.06,50.44,0.0,0.0,4.8244,statline_mc+recal_10_4b,0.0,3.3978550747267633,0.0,0.0,0.0,0.0315,0.1844897361565866,0.001,0.83,0.5195,7.690327752407985,0.05075,1.629731748856457,-0.8148658744282286,0.0,,17.93292716622458,0.2052123762466146,0.1545714448897333,,classic,True
00-0035282,Easton Stick,QB,TB,4000,43727291,0.7795,0.7795,1.0,1.0438663369098313,0.8136473551955999,CIN,23.39,50.44,0.0,0.0,6.1067,statline_mc+recal_10_4b,0.36162104675359996,1.3900547297450414,0.0,0.0,0.0,0.693,3.0577630844200003,0.03125,0.0,0.0,0.0,0.0,0.452026308442,0.36162104675359996,0.0,,18.86285643236074,0.19005905626619618,0.05349434108219956,,classic,True
00-0041475,Trayvon Rudolph,WR,MIN,3000,43728035,0.7633,0.7633,1.0,1.0635029845472972,0.8117284987113005,GB,23.83,46.06,0.0,0.0,4.7949,statline_mc+recal_10_4b,0.0,3.1701155703045014,0.0,0.0,0.0,0.04175,0.31023485243329,0.00225,0.9145,0.551,7.539335121792719,0.04325,1.623456997422601,-0.8117284987113005,0.0,,14.196590406719716,0.2052123762466146,0.1240732231574652,,classic,True
00-0038930,Carlos Washington Jr.,RB,MIA,4000,43727547,0.9717,0.9717,1.0,0.8341112371459919,0.8105354590712721,LV,18.69,40.39,0.0,0.0,4.554,statline_mc+recal_10_4b,0.0,2.9413209399657863,0.0,0.0,0.0,1.1575,4.084549437727622,0.0245,0.7625,0.5805,3.8861597436978226,0.01675,1.6210709181425442,-0.8105354590712721,0.0,,6.327988795032014,0.16792678063443628,0.008900535215045559,,classic,True
00-0041106,CJ Williams,WR,JAX,3000,43728181,0.742,0.742,1.0,1.0898339438793538,0.8086169612382746,CLE,24.42,40.11,0.0,0.0,4.6777,statline_mc+recal_10_4b,0.0,3.752765927333871,0.0,0.0,0.0,0.083,0.5716770388073333,0.003,0.83575,0.51525,7.115662185958159,0.051,1.6172339224765493,-0.8086169612382746,0.0,,12.224082670203357,0.2052123762466146,0.1104808313322559,,classic,True
00-0040211,Graham Mertz,QB,HOU,4000,43727274,0.8344,0.8344,1.0,0.9679974710378043,0.8076871998788093,BUF,21.69,44.5,0.0,0.0,6.0471,statline_mc+recal_10_4b,0.35897208883502635,1.4051203636664304,0.0,0.0,0.0,0.804,3.19965111043783,0.0305,0.0,0.0,0.0,0.0,0.448715111043783,0.35897208883502635,0.0,,14.331910366931918,0.19005905626619618,0.038703764510169505,,classic,True
00-0040887,Josh Cuevas,TE,BAL,2500,43728521,0.7064,0.7064,1.0,1.1407107127582423,0.8057880398036946,IND,25.56,48.17,0.0,0.0,4.406,statline_mc+recal_10_4b,0.0,3.4531172429108614,0.0,0.0,0.0,0.0,0.0,0.0,0.854,0.572,7.0907607960738925,0.055,1.6115760796073892,-0.8057880398036946,0.0,,17.946134244198653,0.16288841193896256,0.09380147436029487,,classic,True
00-0041368,Harrison Wallace III,WR,ARI,3000,43728105,0.9502,0.9502,1.0,0.8466072856425609,0.8044739001791938,LAC,18.97,47.17,0.0,0.0,4.6415,statline_mc+recal_10_4b,0.0,3.1281237585165638,0.0,0.0,0.0,0.078,0.41919176507528466,0.00175,1.008,0.6325,6.7052862385085925,0.041,1.6089478003583877,-0.8044739001791938,0.0,,11.129089301503095,0.2052123762466146,0.10358894950991626,,classic,True
00-0041228,Sahmir Hagans,WR,IND,3000,43727985,0.7967,0.7967,1.0,1.0090559160979602,0.8039081863533117,BAL,22.61,48.17,0.0,0.0,4.6826,statline_mc+recal_10_4b,0.0,3.3433247701686795,0.0,0.0,0.0,0.0325,0.2315155883353458,0.001,0.91825,0.56625,7.3591481387308875,0.04375,1.6078163727066235,-0.8039081863533117,0.0,,14.167716622458002,0.2052123762466146,0.1238626688711062,,classic,True
00-0041233,Raylen Sharpe,WR,IND,3000,43727989,0.7939,0.7939,1.0,1.0090559160979602,0.8010559766333963,BAL,22.61,48.17,0.0,0.0,4.6971,statline_mc+recal_10_4b,0.0,3.284459970065643,0.0,0.0,0.0,0.04,0.28844611129787606,0.00125,0.9195,0.56875,7.490173421370049,0.039,1.6021119532667927,-0.8010559766333963,0.0,,14.103614058355438,0.2052123762466146,0.12339649453017283,,classic,True
00-0041252,Kenny Fletcher Jr.,TE,TB,2500,43728489,0.7642,0.7642,1.0,1.0438663369098313,0.797735358906161,CIN,23.39,50.44,0.0,0.0,4.3734,statline_mc+recal_10_4b,0.0,3.4346438450862724,0.0,0.0,0.0,0.0,0.0,0.0,0.8705,0.5695,6.759707178123219,0.05775,1.595470717812322,-0.797735358906161,0.0,,17.01513025916287,0.16288841193896256,0.08880257379173381,,classic,True
00-0041384,Evan Svoboda,TE,LAC,2500,43728477,0.6333,0.6333,1.0,1.2580843111367315,0.7967951924424039,ARI,28.19,47.17,0.0,0.0,4.4197,statline_mc+recal_10_4b,0.0,3.6950037407509075,0.0,0.0,0.0,0.0,0.0,0.0,0.7805,0.51875,7.233403848848082,0.05825,1.5935903848848079,-0.7967951924424039,0.0,,17.881899262632835,0.16288841193896256,0.09344771160446683,,classic,True
00-0040415,Connor Bazelak,QB,TB,4000,43727315,0.7616,0.7616,1.0,1.0438663369098313,0.7950093289520075,CIN,23.39,50.44,0.0,0.0,6.0341,statline_mc+recal_10_4b,0.35333747953422556,1.3493392487978326,0.0,0.0,0.0,0.689,3.0542184941778188,0.02925,0.0,0.0,0.0,0.0,0.4416718494177819,0.35333747953422556,0.0,,18.209010278514587,0.19005905626619618,0.05105342214061777,,classic,True
00-0040558,Isaiah Neyor,WR,GB,3000,43727953,0.801,0.801,1.0,0.9916507056920244,0.7942821296856937,MIN,22.22,46.06,0.0,0.0,4.7618,statline_mc+recal_10_4b,0.0,3.237528371689143,0.0,0.0,0.0,0.0425,0.26458812964507517,0.0005,0.8865,0.55425,7.2860544640687985,0.04425,1.5885642593713873,-0.7942821296856937,0.0,,12.45294540229885,0.2052123762466146,0.1119782378445624,,classic,True
00-0040375,Jordan Moore,WR,CIN,3000,43727905,0.6571,0.6571,1.0,1.2076538297041486,0.7935531896077932,TB,27.06,50.44,0.0,0.0,4.7353,statline_mc+recal_10_4b,0.0,3.4358804903778615,0.0,0.0,0.0,0.03,0.1874729736043769,0.00175,0.836,0.50675,7.611090818551487,0.0465,1.5871063792155864,-0.7935531896077932,0.0,,17.48420921750663,0.2052123762466146,0.15054487951132642,,classic,True
00-0040697,Thomas Gordon,TE,DET,2500,43728363,0.6244,0.6244,1.0,1.2670100600628522,0.7911637405004562,NO,28.39,49.83,0.0,0.0,4.4373,statline_mc+recal_10_4b,0.0,3.349561317728367,0.0,0.0,0.0,0.0,0.0,0.0,0.79375,0.53575,7.350774810009126,0.05075,1.5823274810009125,-0.7911637405004562,0.0,,18.968675450010846,0.16288841193896256,0.09961672345895567,,classic,True
00-0041216,Trebor Pena,WR,JAX,3000,43728193,0.7254,0.7254,1.0,1.0898339438793538,0.7906139617550353,CLE,24.42,40.11,0.0,0.0,4.874,statline_mc+recal_10_4b,0.0,3.171864755859339,0.0,0.0,0.0,0.0845,0.5068625593223973,0.00375,0.812,0.50625,7.292916675778306,0.043,1.5812279235100706,-0.7906139617550353,0.0,,11.839467285587974,0.2052123762466146,0.10800932861019603,,classic,True
00-0041168,Omari Kelly,WR,CHI,3000,43727895,0.7101,0.7101,1.0,1.1130408910872678,0.7903523765221344,CAR,24.94,46.94,0.0,0.0,4.7516,statline_mc+recal_10_4b,0.0,3.365455053403244,0.0,0.0,0.0,0.05225,0.43623153405154846,0.00225,0.85,0.53525,7.305815996391138,0.04125,1.5807047530442688,-0.7903523765221344,0.0,,14.660601790450926,0.2052123762466146,0.12750641638694232,,classic,True
00-0033553,James Conner,RB,ARI,4200,43727451,0.9278,0.9278,1.0,0.8466072856425609,0.7855082823195244,LAC,18.97,47.17,3.0,0.0,3.4959,statline_mc+recal_10_4b,0.34911479214201085,1.5915875344561685,0.0,0.0,0.0,0.50025,1.477247128083979,0.01325,0.1465,0.11675,0.734187773691157,0.00375,0.43639349017751355,0.34911479214201085,11.1,,7.411613823960503,0.303941080658544,0.009821980455232571,,classic,True
00-0040260,Ahmani Marshall,RB,CLE,4000,43727507,1.1206,1.1206,1.0,0.7002250032541792,0.7846943395044164,JAX,15.69,40.11,0.0,0.0,4.4,statline_mc+recal_10_4b,0.0,3.006814513805149,0.0,0.0,0.0,1.7335,5.076957478764231,0.0375,0.664,0.499,2.729429311324093,0.013,1.5693886790088327,-0.7846943395044164,0.0,,5.167042737020751,0.16792678063443628,0.00800903965571739,,classic,True
00-0040323,Chandler Brayboy,WR,JAX,3000,43728187,0.7192,0.7192,1.0,1.0898339438793538,0.7838414610287276,CLE,24.42,40.11,0.0,0.0,4.755,statline_mc+recal_10_4b,0.0,3.413145704573937,0.0,0.0,0.0,0.0765,0.5770954713955998,0.00375,0.835,0.5065,6.819733749178953,0.04775,1.5676829220574553,-0.7838414610287276,0.0,,11.711262157382846,0.2052123762466146,0.10719784236957344,,classic,True
00-0040925,Rocco Underwood,TE,PHI,2500,43728453,0.701,0.701,1.0,1.1170574781040223,0.783103050639209,WAS,25.03,44.17,0.0,0.0,4.3767,statline_mc+recal_10_4b,0.0,3.3782272022008337,0.0,0.0,0.0,0.0,0.0,0.0,0.8355,0.55825,6.9120610127841795,0.05225,1.566206101278418,-0.783103050639209,0.0,,15.019172901756669,0.16288841193896256,0.07896513116722868,,classic,True
00-0040337,Eli Pancol,WR,IND,3000,43727983,0.7754,0.7754,1.0,1.0090559160979602,0.7824072972954239,BAL,22.61,48.17,0.0,0.0,4.6003,statline_mc+recal_10_4b,0.0,3.281534467292899,0.0,0.0,0.0,0.03025,0.18121581011715834,0.00025,0.9115,0.58175,7.151930135791319,0.0405,1.5648145945908478,-0.7824072972954239,0.0,,13.718998673740055,0.2052123762466146,0.12063606298339351,,classic,True
00-0041481,Terrill Davis,WR,MIN,3000,43728039,0.7344,0.7344,1.0,1.0635029845472972,0.7809866212887994,GB,23.83,46.06,0.0,0.0,4.5969,statline_mc+recal_10_4b,0.0,3.2920209173455186,0.0,0.0,0.0,0.038,0.17842783219374134,0.0005,0.8905,0.54925,7.263804593582245,0.043,1.5619732425775987,-0.7809866212887994,0.0,,13.491462201591512,0.2052123762466146,0.11903216740893453,,classic,True
00-0039376,Spencer Rattler,QB,NO,4000,43727299,0.8162,0.8162,1.0,0.9568402848801533,0.7809500201420508,DET,21.44,49.83,9.0,0.2,6.0214,statline_mc+recal_10_4b,0.3470888978409115,1.4235615476150751,0.0,0.0,0.0,0.7245,3.381111223011393,0.02425,0.0,0.0,0.0,0.0,0.4338611223011393,0.3470888978409115,11.8,,21.282758620689656,0.36300779852217896,0.06358807993993135,,classic,True
00-0040534,Ke'Shawn Williams,WR,CIN,3000,43727903,0.6447,0.6447,1.0,1.2076538297041486,0.7786345940900307,TB,27.06,50.44,11.0,0.6,4.207,statline_mc+recal_10_4b,0.3460598195955692,1.5112939299438475,0.0,0.0,0.0,0.2355,1.86095767703143,0.007,0.1035,0.06325,0.9597900679131844,0.00625,0.43257477449446147,0.3460598195955692,0.1,,36.153426960970066,0.2411579020961683,0.45144363312915003,,classic,True
00-0040331,Patrick Herbert,TE,LAC,2500,43728513,0.6187,0.6187,1.0,1.2580843111367315,0.778428014261806,ARI,28.19,47.17,0.0,0.0,4.4204,statline_mc+recal_10_4b,0.0,3.3938947659174756,0.0,0.0,0.0,0.0,0.0,0.0,0.7765,0.5115,7.141060285236119,0.054,1.556856028523612,-0.778428014261806,0.0,,17.55171058338755,0.16288841193896256,0.09165020235584664,,classic,True
00-0041067,Bryce Lance,WR,NO,3100,43727829,0.8103,0.8103,1.0,0.9568402848801533,0.7753207544286006,DET,21.44,49.83,0.0,0.0,4.5599,statline_mc+recal_10_4b,0.0,3.21187833306152,0.0,0.0,0.0,0.08,0.3457879575573553,0.0015,0.9305,0.573,6.778127131014658,0.04225,1.5506415088572012,-0.7753207544286006,0.0,,11.602011494252874,0.2055454542064367,0.10651114330936672,,classic,True
00-0040392,Caden Prieskorn,TE,CAR,2500,43728507,0.7892,0.7892,1.0,0.9818323818732916,0.7748975158045751,CHI,22.0,46.94,0.0,0.0,4.3208,statline_mc+recal_10_4b,0.0,3.4238209615064648,0.0,0.0,0.0,0.0,0.0,0.0,0.87775,0.58975,6.387950316091503,0.053,1.5497950316091502,-0.7748975158045751,0.0,,13.548149127087399,0.16288841193896256,0.07241949760892698,,classic,True
00-0041220,Michael Wortham,WR,JAX,3000,43728195,0.7103,0.7103,1.0,1.0898339438793538,0.774097712113492,CLE,24.42,40.11,0.0,0.0,4.7512,statline_mc+recal_10_4b,0.0,3.1517749905056345,0.0,0.0,0.0,0.08275,0.6868664716135211,0.00175,0.80475,0.51475,6.872587770656318,0.0425,1.548195424226984,-0.774097712113492,0.0,,11.43562113174182,0.2052123762466146,0.10547373275664089,,classic,True
00-0039397,Tejhaun Palmer,WR,ARI,3000,43728103,0.9126,0.9126,1.0,0.8466072856425609,0.7725931414530356,LAC,18.97,47.17,0.0,0.0,4.5482,statline_mc+recal_10_4b,0.0,3.057319757594715,0.0,0.0,0.0,0.07375,0.33082421242719945,0.0015,0.9595,0.588,6.433538616633514,0.04475,1.5451862829060712,-0.7725931414530356,0.0,,10.340627763041555,0.2052123762466146,0.09889419771192608,,classic,True
00-0041100,Josh Cameron,WR,JAX,3000,43728179,0.7085,0.7085,1.0,1.0898339438793538,0.7721022625003784,CLE,24.42,40.11,0.0,0.0,4.7125,statline_mc+recal_10_4b,0.0,3.2837222374475425,0.0,0.0,0.0,0.08,0.42861807005516617,0.00225,0.82375,0.5095,7.103427179952402,0.043,1.5442045250007568,-0.7721022625003784,0.0,,11.307416003536693,0.2052123762466146,0.10468129673300802,,classic,True
00-0041205,Brady Boyd,WR,JAX,3000,43728189,0.6997,0.6997,1.0,1.0898339438793538,0.7625330780169852,CLE,24.42,40.11,0.0,0.0,4.7175,statline_mc+recal_10_4b,0.0,3.2211436044714867,0.0,0.0,0.0,0.08425,0.6391866761178535,0.003,0.8135,0.504,7.051474884221851,0.037,1.5250661560339704,-0.7625330780169852,0.0,,11.243313439434129,0.2052123762466146,0.10428731414763891,,classic,True
00-0040970,Michael Briscoe,WR,MIN,3000,43728037,0.7145,0.7145,1.0,1.0635029845472972,0.759858291270116,GB,23.83,46.06,0.0,0.0,4.6195,statline_mc+recal_10_4b,0.0,3.1625991826082975,0.0,0.0,0.0,0.0385,0.235210722714104,0.001,0.8815,0.52925,6.9594551026882145,0.043,1.519716582540232,-0.759858291270116,0.0,,13.087616047745358,0.2052123762466146,0.11623780257021742,,classic,True
00-0028118,Tyrod Taylor,QB,GB,4000,43727285,0.7648,0.7648,1.0,0.9916507056920244,0.7584434381111541,MIN,22.22,46.06,6.0,0.2,5.975,statline_mc+recal_10_4b,0.3370859724938463,1.3809942069851053,0.0,0.0,0.0,0.665,3.031074656173078,0.0265,0.0,0.0,0.0,0.0,0.4213574656173078,0.3370859724938463,10.9,,20.243160287987877,0.3455576252416756,0.0590372739733298,,classic,True
00-0040948,J. Michael Sturdivant,WR,GB,3000,43727959,0.7642,0.7642,1.0,0.9916507056920244,0.757818276093271,MIN,22.22,46.06,0.0,0.0,4.7337,statline_mc+recal_10_4b,0.0,2.997537605145224,0.0,0.0,0.0,0.04475,0.3577272351743952,0.002,0.87975,0.52275,6.836138286691025,0.0425,1.515636552186542,-0.757818276093271,0.0,,11.60038129973475,0.2052123762466146,0.10650093004130776,,classic,True
00-0041094,Bauer Sharp,TE,TB,2500,43728485,0.7229,0.7229,1.0,1.0438663369098313,0.7545609536882675,CIN,23.39,50.44,0.0,0.0,4.2672,statline_mc+recal_10_4b,0.0,3.1440654106865407,0.0,0.0,0.0,0.0,0.0,0.0,0.86775,0.562,6.371219073765348,0.05175,1.509121907376535,-0.7545609536882675,0.0,,16.354752900672306,0.16288841193896256,0.08541911516749416,,classic,True
00-0037277,Teagan Quitoriano,TE,ARI,2500,43728459,0.8898,0.8898,1.0,0.8466072856425609,0.7533150279003901,LAC,18.97,47.17,2.0,0.2,3.3286,statline_mc+recal_10_4b,0.33480667906684003,1.7430656391077137,0.0,0.0,0.0,0.0,0.0,0.0,0.27325,0.17775,1.6675834883355005,0.01225,0.41850834883355004,0.33480667906684003,0.0,,15.997397527651268,0.1644640893545239,0.08364226900778202,,classic,True
00-0041005,Corey Rucker,WR,LV,3000,43728007,0.7734,0.7734,1.0,0.9679974710378043,0.7486928586967977,MIA,21.69,40.39,0.0,0.0,4.6247,statline_mc+recal_10_4b,0.0,3.1315954123792586,0.0,0.0,0.0,0.03775,0.291476881265174,0.00225,0.868,0.526,6.779880292670778,0.04025,1.4973857173935954,-0.7486928586967977,0.0,,9.042412687886825,0.2052123762466146,0.09162324226575942,,classic,True
00-0040566,CJ Dippre,TE,TB,2500,44034638,0.7164,0.7164,1.0,1.0438663369098313,0.7478508175071791,CIN,23.39,50.44,0.0,0.0,4.2203,statline_mc+recal_10_4b,0.0,3.2359419904973317,0.0,0.0,0.0,0.0,0.0,0.0,0.854,0.56025,6.2945163501435815,0.0515,1.4957016350143582,-0.7478508175071791,0.0,,16.13462711450878,0.16288841193896256,0.0843201894081845,,classic,True
00-0041452,Johnny Pascuzzi,TE,LAC,2500,43728479,0.5937,0.5937,1.0,1.2580843111367315,0.7468930306105882,ARI,28.19,47.17,0.0,0.0,4.3599,statline_mc+recal_10_4b,0.0,3.202704042192728,0.0,0.0,0.0,0.0,0.0,0.0,0.754,0.50725,6.687860612211765,0.05275,1.4937860612211764,-0.7468930306105882,0.0,,17.001396117978747,0.16288841193896256,0.08873085999432496,,classic,True
00-0041158,Donaven McCulley,WR,MIA,3000,43728023,0.8901,0.8901,1.0,0.8341112371459919,0.7424795448475936,LV,18.69,40.39,0.0,0.0,4.5056,statline_mc+recal_10_4b,0.0,2.940094881566387,0.0,0.0,0.0,0.02275,0.07288854211352845,0.00025,0.97925,0.5995,6.404202354838343,0.03825,1.4849590896951872,-0.7424795448475936,0.0,,7.0070457559681705,0.2052123762466146,0.08128467581578887,,classic,True
00-0040753,Will Sheppard,WR,MIA,3000,43727955,0.8867,0.8867,1.0,0.8341112371459919,0.7395716533840544,LV,18.69,40.39,0.0,0.0,4.4844,statline_mc+recal_10_4b,0.0,2.8809045251808296,0.0,0.0,0.0,0.02725,0.1025823981195378,0.0005,0.9665,0.6025,6.371350669561548,0.037,1.4791433067681088,-0.7395716533840544,0.0,,6.942943191865607,0.2052123762466146,0.08097874965965349,,classic,True
00-0041529,Kevin Coleman Jr.,WR,MIA,3000,43728011,0.8838,0.8838,1.0,0.8341112371459919,0.7371854744418195,LV,18.69,40.39,0.0,0.0,4.51,statline_mc+recal_10_4b,0.0,2.894292034648814,0.0,0.0,0.0,0.026,0.12260138452538756,0.0,0.96175,0.5985,6.146108104311004,0.04075,1.474370948883639,-0.7371854744418195,0.0,,6.878840627763043,0.2052123762466146,0.08067397489905569,,classic,True
00-0041523,Caleb Douglas,WR,MIA,3000,43728009,0.883,0.883,1.0,0.8341112371459919,0.7365228076105989,LV,18.69,40.39,0.0,0.0,4.4502,statline_mc+recal_10_4b,0.0,2.9596892294596624,0.0,0.0,0.0,0.02225,0.09913943781821703,0.00075,0.99075,0.611,6.228816714393759,0.03675,1.4730456152211977,-0.7365228076105989,0.0,,6.814738063660477,0.2052123762466146,0.0803703472005586,,classic,True
00-0041309,Daniel Sobkowicz,WR,HOU,3000,43727881,0.7588,0.7588,1.0,0.9679974710378043,0.7345443558096992,BUF,21.69,44.5,0.0,0.0,4.6323,statline_mc+recal_10_4b,0.0,3.064142090611927,0.0,0.0,0.0,0.063,0.3699057332325608,0.00175,0.82725,0.5055,6.520981382961423,0.04275,1.4690887116193985,-0.7345443558096992,0.0,,10.030628315649867,0.2052123762466146,0.09710717904002775,,classic,True
00-0041004,Chase Roberts,WR,LV,3000,43727999,0.7555,0.7555,1.0,0.9679974710378043,0.7313656914858075,MIA,21.69,40.39,0.0,0.0,4.5489,statline_mc+recal_10_4b,0.0,3.1189693495970734,0.0,0.0,0.0,0.041,0.2387427391348878,0.00175,0.853,0.53,6.488571090581263,0.0405,1.462731382971615,-0.7313656914858075,0.0,,8.657797303271442,0.2052123762466146,0.08957359175233447,,classic,True
00-0036841,Austin Trammell,WR,JAX,3000,43728185,0.6709,0.6709,1.0,1.0898339438793538,0.7311998476848739,CLE,24.42,40.11,6.0,0.2,3.505,statline_mc+recal_10_4b,0.3249777100821662,1.6699063921553379,0.0,0.0,0.0,0.0,0.0,0.0,0.252,0.136,2.067221376027077,0.01075,0.4062221376027077,0.3249777100821662,1.3,,14.478741947707464,0.2265129338566911,0.12614966886175635,,classic,True
00-0040302,AJ Henning,WR,MIA,3000,43728021,0.8717,0.8717,1.0,0.8341112371459919,0.7270714200599866,LV,18.69,40.39,0.0,0.0,4.4509,statline_mc+recal_10_4b,0.0,2.812509050618587,0.0,0.0,0.0,0.02075,0.07212200491644186,0.0005,0.96725,0.5875,6.209306396283291,0.03825,1.4541428401199732,-0.7270714200599866,0.0,,6.55832780725022,0.2052123762466146,0.07916722092838473,,classic,True
00-0041179,Chris Hilton Jr.,WR,GB,3000,43728159,0.733,0.733,1.0,0.9916507056920244,0.726886036082454,MIN,22.22,46.06,0.0,0.0,4.5155,statline_mc+recal_10_4b,0.0,2.905474788130575,0.0,0.0,0.0,0.04225,0.180085183747566,0.001,0.86475,0.52475,6.392635537901515,0.043,1.453772072164908,-0.726886036082454,0.0,,10.914483863837312,0.2052123762466146,0.1022894776503599,,classic,True
00-0037317,Nick Muse,TE,ATL,2500,44034622,0.9442,0.9442,1.0,0.7662755453074735,0.7235361391321701,PIT,17.17,40.78,0.0,0.0,4.1186,statline_mc+recal_10_4b,0.0,2.9264188549226184,0.0,0.0,0.0,0.0,0.0,0.0,0.95575,0.64525,5.468222782643401,0.043,1.4470722782643402,-0.7235361391321701,0.0,,8.582604776621123,0.16288841193896256,0.05407568952241956,,classic,True
00-0038573,Derius Davis,WR,LAC,3000,43728125,0.5744,0.5744,1.0,1.2580843111367315,0.7226433579696805,ARI,28.19,47.17,11.0,0.4,3.5441,statline_mc+recal_10_4b,0.32117482576430245,1.6495275751218643,0.0,0.0,0.0,0.0,0.0,0.0,0.20075,0.12775,2.0021853220537804,0.012,0.40146853220537804,0.32117482576430245,0.2,,25.952834091196163,0.21306265400950045,0.24774887858519865,,classic,True
00-0041070,Reggie Virgil,WR,ARI,3000,43728095,0.8469,0.8469,1.0,0.8466072856425609,0.7169548070354306,LAC,18.97,47.17,0.0,0.0,4.4872,statline_mc+recal_10_4b,0.0,2.892537414796843,0.0,0.0,0.0,0.07475,0.4865727512345061,0.003,0.93325,0.567,6.035023389474105,0.032,1.4339096140708611,-0.7169548070354306,0.0,,9.270114942528734,0.2052123762466146,0.09285872259890303,,classic,True
00-0040504,Bryson Nesbit,TE,MIN,2500,43728417,0.6734,0.6734,1.0,1.0635029845472972,0.7161175119849724,GB,23.83,46.06,0.0,0.0,4.2869,statline_mc+recal_10_4b,0.0,3.0459600339546884,0.0,0.0,0.0,0.0,0.0,0.0,0.75775,0.51,6.242350239699448,0.04925,1.4322350239699448,-0.7161175119849724,0.0,,14.163813435263501,0.16288841193896256,0.0750902793769603,,classic,True
00-0040552,Joshua Simon,TE,WAS,2500,43728313,0.837,0.837,1.0,0.8541941722297637,0.7149249592452622,PHI,19.14,44.17,0.0,0.0,4.2184,statline_mc+recal_10_4b,0.0,2.7253899151482077,0.0,0.0,0.0,0.0,0.0,0.0,0.9095,0.61725,5.435999184905244,0.04475,1.4298499184905245,-0.7149249592452622,0.0,,9.698865484710474,0.16288841193896256,0.057745597779792,,classic,True
00-0041180,Quentin Moore,TE,WAS,2500,43728499,0.8342,0.8342,1.0,0.8541941722297637,0.7125616569461763,PHI,19.14,44.17,0.0,0.0,4.1752,statline_mc+recal_10_4b,0.0,2.8141346303766674,0.0,0.0,0.0,0.0,0.0,0.0,0.911,0.601,5.423733138923526,0.04725,1.4251233138923527,-0.7125616569461763,0.0,,9.588802591628712,0.16288841193896256,0.05737294379521636,,classic,True
00-0036176,Mason Kinsey,WR,TEN,3000,43727963,0.7931,0.7931,1.0,0.8952526172899195,0.7100368369651702,NYJ,20.06,39.22,6.0,0.4,3.3143,statline_mc+recal_10_4b,0.3155719275400756,1.7182636748091462,0.0,0.0,0.0,0.0,0.0,0.0,0.2505,0.15475,1.7421490942509457,0.011,0.39446490942509455,0.3155719275400756,0.7,,11.517968453959835,0.2172143556015442,0.105985882728527,,classic,True
00-0041195,Jack Velling,TE,ATL,2500,43728315,0.9176,0.9176,1.0,0.7662755453074735,0.7031581063790252,PIT,17.17,40.78,0.0,0.0,4.1223,statline_mc+recal_10_4b,0.0,2.785674224690824,0.0,0.0,0.0,0.0,0.0,0.0,0.94025,0.62725,5.200662127580503,0.0435,1.4063162127580504,-0.7031581063790252,0.0,,8.14235320429408,0.16288841193896256,0.052693260950484135,,classic,True
00-0035039,Stephen Carlson,TE,CHI,2500,43728331,0.6305,0.6305,1.0,1.1130408910872678,0.7017250356571401,CAR,24.94,46.94,0.0,0.0,4.4068,statline_mc+recal_10_4b,0.0,2.9227299513892455,0.0,0.0,0.0,0.0,0.0,0.0,0.7195,0.47625,6.154500713142801,0.05075,1.4034500713142801,-0.7017250356571401,0.0,,14.700393759488177,0.16288841193896256,0.07749819634727843,,classic,True
00-0041308,Treyvhon Saunders,WR,HOU,3000,43727879,0.7247,0.7247,1.0,0.9679974710378043,0.7014854309902017,BUF,21.69,44.5,0.0,0.0,4.5423,statline_mc+recal_10_4b,0.0,2.8857656704535413,0.0,0.0,0.0,0.06175,0.2782166083925051,0.00175,0.83,0.511,6.306492011411526,0.03575,1.4029708619804033,-0.7014854309902017,0.0,,9.517807802829356,0.2052123762466146,0.09422159433595462,,classic,True
00-0040405,Jamaal Pritchett,WR,NYJ,3000,43728067,0.8198,0.8198,1.0,0.8555330345686819,0.7013693587231699,TEN,19.17,39.22,0.0,0.0,4.5418,statline_mc+recal_10_4b,0.0,2.6666631271444876,0.0,0.0,0.0,0.047,0.25828031608830343,0.00125,0.86275,0.52675,6.0366068583750945,0.0385,1.4027387174463397,-0.7013693587231699,0.0,,6.2139423076923075,0.2052123762466146,0.07757958909153329,,classic,True
00-0041011,E.J. Williams Jr.,WR,LV,3000,43728001,0.7226,0.7226,1.0,0.9679974710378043,0.699513989945023,MIA,21.69,40.39,0.0,0.0,4.5768,statline_mc+recal_10_4b,0.0,2.749361424287015,0.0,0.0,0.0,0.03175,0.25151262541748065,0.00125,0.83525,0.52025,6.446267173482979,0.03175,1.399027979890046,-0.699513989945023,0.0,,8.080874226348364,0.2052123762466146,0.086584766189923,,classic,True
00-0041562,Fernando Mendoza,QB,LV,5000,43727255,0.7151,0.7151,1.0,0.9679974710378043,0.6922017572459009,MIA,21.69,40.39,0.0,0.0,5.9786,statline_mc+recal_10_4b,0.3076452254426226,1.1948955552562275,0.0,0.0,0.0,0.687,2.6555653180327834,0.0265,0.0,0.0,0.0,0.0,0.3845565318032783,0.3076452254426226,0.0,,12.311643457117595,0.1931617060967689,0.03350290294653219,,classic,True
00-0040049,Josh Kelly,WR,HOU,3000,43727875,0.7149,0.7149,1.0,0.9679974710378043,0.6920520043608699,BUF,21.69,44.5,0.0,0.0,4.6139,statline_mc+recal_10_4b,0.0,2.7057575139682775,0.0,0.0,0.0,0.055,0.30661766235730537,0.002,0.8205,0.49975,6.076922424860089,0.037,1.3841040087217398,-0.6920520043608699,0.0,,9.325500110521661,0.2052123762466146,0.09316174512071976,,classic,True
00-0041451,Brock Rechsteiner,WR,NO,3000,43728059,0.7157,0.7157,1.0,0.9568402848801533,0.684808254347598,DET,21.44,49.83,0.0,0.0,4.5392,statline_mc+recal_10_4b,0.0,2.7904608053611164,0.0,0.0,0.0,0.06975,0.435630823206613,0.00375,0.79075,0.484,5.933034263745346,0.03625,1.369616508695196,-0.684808254347598,0.0,,10.96739610963749,0.2052123762466146,0.10260834810235296,,classic,True
00-0041267,Malik McClain,WR,NYJ,3000,43728077,0.8,0.8,1.0,0.8555330345686819,0.6844141017431736,TEN,19.17,39.22,0.0,0.0,4.4035,statline_mc+recal_10_4b,0.0,2.7520823966196564,0.0,0.0,0.0,0.0485,0.3081539184997752,0.00225,0.87675,0.546,5.737628116363697,0.03325,1.3688282034863473,-0.6844141017431736,0.0,,5.957532051282051,0.2052123762466146,0.07641823984928653,,classic,True
00-0041199,Caullin Lacy,WR,NYJ,3000,43728073,0.7977,0.7977,1.0,0.8555330345686819,0.6824724351898838,TEN,19.17,39.22,0.0,0.0,4.354,statline_mc+recal_10_4b,0.0,2.726280399234956,0.0,0.0,0.0,0.04975,0.19424083412746673,0.0005,0.88175,0.54425,6.152707869670207,0.02975,1.3649448703797675,-0.6824724351898838,0.0,,5.893429487179487,0.2052123762466146,0.07613062920015626,,classic,True
00-0041116,Jack Endries,TE,CIN,2500,43728341,0.5636,0.5636,1.0,1.2076538297041486,0.680670091718845,TB,27.06,50.44,0.0,0.0,4.2357,statline_mc+recal_10_4b,0.0,3.0288330723251518,0.0,0.0,0.0,0.0,0.0,0.0,0.7015,0.47625,6.160901834376901,0.04475,1.36134018343769,-0.680670091718845,0.0,,17.285733165256996,0.16288841193896256,0.09022742719304924,,classic,True
00-0040464,DJ Uiagalelei,QB,LAC,4000,43727313,0.5384,0.5384,1.0,1.2580843111367315,0.67733854330195,ARI,28.19,47.17,0.0,0.0,6.0045,statline_mc+recal_10_4b,0.30103935257864445,1.1345229933668528,0.0,0.0,0.0,0.47375,2.382991907233055,0.028,0.0,0.0,0.0,0.0,0.37629919072330553,0.30103935257864445,0.0,,18.55122679045093,0.19005905626619618,0.05231675138765037,,classic,True
00-0039023,Joel Wilson,TE,TEN,2500,43728385,0.7561,0.7561,1.0,0.8952526172899195,0.676902699693188,NYJ,20.06,39.22,0.0,0.0,4.0849,statline_mc+recal_10_4b,0.0,2.67580980896859,0.0,0.0,0.0,0.0,0.0,0.0,0.86925,0.58375,5.36055399386376,0.03975,1.353805399386376,-0.676902699693188,0.0,,7.966798145738452,0.16288841193896256,0.052151909875975344,,classic,True
00-0039650,Bryce Oliver,WR,CLE,3000,43727961,0.9666,0.9666,1.0,0.7002250032541792,0.676823940495983,JAX,15.69,40.11,2.0,0.0,3.2135,statline_mc+recal_10_4b,0.3008106402204369,1.6405179018324831,0.0,0.0,0.0,0.00975,0.04151605179592697,0.00025,0.2735,0.174,1.4786169509595344,0.00825,0.37601330027554614,0.3008106402204369,0.6,,4.780835543766578,0.21534134231085375,0.07130767515378716,,classic,True
00-0040060,Marshall Lang,TE,MIN,2500,43728419,0.6351,0.6351,1.0,1.0635029845472972,0.6754694293338541,GB,23.83,46.06,0.0,0.0,4.1984,statline_mc+recal_10_4b,0.0,2.879337022605567,0.0,0.0,0.0,0.0,0.0,0.0,0.76125,0.50275,5.8343885866770835,0.044,1.3509388586677082,-0.6754694293338541,0.0,,13.393373183691173,0.16288841193896256,0.07176314904983919,,classic,True
00-0040528,JJ Galbreath,TE,IND,2500,43728471,0.668,0.668,1.0,1.0090559160979602,0.6740123328500154,BAL,22.61,48.17,0.0,0.0,4.2313,statline_mc+recal_10_4b,0.0,2.815692724905886,0.0,0.0,0.0,0.0,0.0,0.0,0.7565,0.51575,5.7227466570003065,0.0425,1.3480246657000308,-0.6740123328500154,0.0,,13.446744198655388,0.16288841193896256,0.07198880143804585,,classic,True
00-0040215,Gavin Bartholomew,TE,MIN,2500,43728415,0.6328,0.6328,1.0,1.0635029845472972,0.6729338384143739,GB,23.83,46.06,0.0,0.0,4.1909,statline_mc+recal_10_4b,0.0,2.7743814765463206,0.0,0.0,0.0,0.0,0.0,0.0,0.7465,0.4965,5.801176768287477,0.0445,1.3458676768287479,-0.6729338384143739,0.0,,13.17324739752765,0.16288841193896256,0.07083990870831365,,classic,True
00-0041099,Barion Brown,WR,NO,3000,43728045,0.6967,0.6967,1.0,0.9568402848801533,0.6666174411845174,DET,21.44,49.83,0.0,0.0,4.4419,statline_mc+recal_10_4b,0.0,2.823523058394562,0.0,0.0,0.0,0.0665,0.39300200058220697,0.00275,0.779,0.482,5.7418468231081405,0.03625,1.3332348823690348,-0.6666174411845174,0.0,,10.710985853227232,0.2052123762466146,0.10107232388886736,,classic,True
00-0041170,Hayden Large,TE,CHI,2500,43728335,0.5958,0.5958,1.0,1.1130408910872678,0.6630991470380547,CAR,24.94,46.94,0.0,0.0,4.2277,statline_mc+recal_10_4b,0.0,2.892913572153545,0.0,0.0,0.0,0.0,0.0,0.0,0.704,0.47375,5.949482940761097,0.04275,1.3261982940761095,-0.6630991470380547,0.0,,14.040016400997613,0.16288841193896256,0.07454544475914117,,classic,True
00-0041467,Lewis Bond,WR,HOU,3000,43727871,0.6846,0.6846,1.0,0.9679974710378043,0.6627282382892472,BUF,21.69,44.5,0.0,0.0,4.4058,statline_mc+recal_10_4b,0.0,2.798850552389844,0.0,0.0,0.0,0.06075,0.3334533028576152,0.00175,0.78675,0.47725,5.781111462927328,0.037,1.3254564765784944,-0.6627282382892472,0.0,,8.940884725906278,0.2052123762466146,0.09107767765054241,,classic,True
00-0040853,Carson Towt,TE,IND,2500,43728395,0.656,0.656,1.0,1.0090559160979602,0.6619558196067021,BAL,22.61,48.17,0.0,0.0,4.1953,statline_mc+recal_10_4b,0.0,2.8626793790418716,0.0,0.0,0.0,0.0,0.0,0.0,0.762,0.50225,5.63161639213404,0.043,1.3239116392134043,-0.6619558196067021,0.0,,13.116555519410108,0.16288841193896256,0.07060406408963782,,classic,True
00-0040901,Jaren Kanak,TE,TEN,2500,43728381,0.737,0.737,1.0,0.8952526172899195,0.6597644455803792,NYJ,20.06,39.22,0.0,0.0,4.091,statline_mc+recal_10_4b,0.0,2.5324665546242318,0.0,0.0,0.0,0.0,0.0,0.0,0.8465,0.55725,5.227788911607582,0.03975,1.3195288911607583,-0.6597644455803792,0.0,,7.306420787247887,0.16288841193896256,0.050164874796853984,,classic,True
00-0041246,Josh Kattus,TE,CIN,2500,43728345,0.5414,0.5414,1.0,1.2076538297041486,0.6538488323299865,TB,27.06,50.44,0.0,0.0,4.263,statline_mc+recal_10_4b,0.0,2.9167823309729997,0.0,0.0,0.0,0.0,0.0,0.0,0.67425,0.443,6.06197664659973,0.0425,1.307697664659973,-0.6538488323299865,0.0,,16.405230020602907,0.16288841193896256,0.08567312213916123,,classic,True
00-0039843,Qadir Ismail,TE,CHI,2500,43728333,0.5829,0.5829,1.0,1.1130408910872678,0.648796100885467,CAR,24.94,46.94,0.0,0.0,4.2339,statline_mc+recal_10_4b,0.0,2.75424133376188,0.0,0.0,0.0,0.0,0.0,0.0,0.70825,0.462,5.81842201770934,0.04175,1.297592201770934,-0.648796100885467,0.0,,13.59976482867057,0.16288841193896256,0.07263971311424101,,classic,True
00-0040046,Rivaldo Fairweather,TE,ARI,2500,43728463,0.758,0.758,1.0,0.8466072856425609,0.6417450785486265,LAC,18.97,47.17,0.0,0.0,4.0667,statline_mc+recal_10_4b,0.0,2.713766767837962,0.0,0.0,0.0,0.0,0.0,0.0,0.81725,0.55125,4.972401570972529,0.03975,1.283490157097253,-0.6417450785486265,0.0,,9.57357406202559,0.16288841193896256,0.05732157236233923,,classic,True
00-0041077,Justin Joly,TE,MIA,2500,44034632,0.753,0.753,1.0,0.8341112371459919,0.6281017577739305,LV,18.69,40.39,0.0,0.0,4.0106,statline_mc+recal_10_4b,0.0,2.6712671390012277,0.0,0.0,0.0,0.0,0.0,0.0,0.79375,0.5295,4.87203515547861,0.04075,1.256203515547861,-0.6281017577739305,0.0,,6.559416341357623,0.16288841193896256,0.048008286842272464,,classic,True
00-0039936,Thomas Yassmin,TE,GB,2500,43728377,0.6327,0.6327,1.0,0.9916507056920244,0.6273805431607667,MIN,22.22,46.06,0.0,0.0,4.0912,statline_mc+recal_10_4b,0.0,2.7481747924947904,0.0,0.0,0.0,0.0,0.0,0.0,0.73675,0.4945,5.360110863215335,0.037,1.2547610863215335,-0.6273805431607667,0.0,,10.869612068965518,0.16288841193896256,0.06186252371991976,,classic,True
00-0040094,Tre Watson,TE,MIA,2500,44034634,0.7463,0.7463,1.0,0.8341112371459919,0.6224749367970921,LV,18.69,40.39,0.0,0.0,4.0327,statline_mc+recal_10_4b,0.0,2.5549818799059425,0.0,0.0,0.0,0.0,0.0,0.0,0.80175,0.533,4.971998735941843,0.03625,1.2449498735941842,-0.6224749367970921,0.0,,6.3392905551941015,0.16288841193896256,0.047390655262176486,,classic,True
00-0041524,Will Kacmarek,TE,MIA,2500,43728405,0.7424,0.7424,1.0,0.8341112371459919,0.6192301546932053,LV,18.69,40.39,0.0,0.0,4.0307,statline_mc+recal_10_4b,0.0,2.5597461100299004,0.0,0.0,0.0,0.0,0.0,0.0,0.78675,0.5285,4.782103093864105,0.03875,1.2384603093864106,-0.6192301546932053,0.0,,6.229227662112339,0.16288841193896256,0.04708482560252959,,classic,True
00-0040009,Savion Williams,WR,GB,3200,43727811,0.6238,0.6238,1.0,0.9916507056920244,0.6186322351960818,MIN,22.22,46.06,12.0,0.2,3.3693,statline_mc+recal_10_4b,0.2749476600871475,1.427124735834576,0.0,0.0,0.0,0.18375,0.8442805162162458,0.006,0.13275,0.0945,1.0250652348730973,0.0045,0.3436845751089343,0.2749476600871475,2.2,,13.254149298976886,0.23949520682325995,0.11738207216347156,,classic,True
00-0040598,Mark Redman,TE,GB,2500,44034626,0.6235,0.6235,1.0,0.9916507056920244,0.6183106909968242,MIN,22.22,46.06,0.0,0.0,4.0858,statline_mc+recal_10_4b,0.0,2.6388769942821697,0.0,0.0,0.0,0.0,0.0,0.0,0.72025,0.479,5.328713819936484,0.0375,1.2366213819936485,-0.6183106909968242,0.0,,10.539423389720234,0.16288841193896256,0.06067256993057275,,classic,True
00-0039550,Shawn Bowman,TE,ARI,2500,44034636,0.7303,0.7303,1.0,0.8466072856425609,0.6182842313063629,LAC,18.97,47.17,0.0,0.0,4.043,statline_mc+recal_10_4b,0.0,2.48183478815448,0.0,0.0,0.0,0.0,0.0,0.0,0.78725,0.51875,4.965684626127259,0.037,1.2365684626127258,-0.6182842313063629,0.0,,8.913196703535025,0.16288841193896256,0.055137568452506745,,classic,True
00-0041056,Cade Klubnik,QB,NYJ,4000,43727302,0.7192,0.7192,1.0,0.8555330345686819,0.6153057441466929,TEN,19.17,39.22,0.0,0.0,5.9344,statline_mc+recal_10_4b,0.27346921962075244,1.0645646662337742,0.0,0.0,0.0,0.63925,2.268365245259405,0.0265,0.0,0.0,0.0,0.0,0.3418365245259405,0.27346921962075244,0.0,,9.938301282051283,0.19005905626619618,0.028278665444346523,,classic,True
00-0038108,Bailey Zappe,QB,NYJ,4000,43727282,0.7175,0.7175,1.0,0.8555330345686819,0.6138025090638067,TEN,19.17,39.22,0.0,0.0,5.9477,statline_mc+recal_10_4b,0.27280111513946964,0.9977240948547963,0.0,0.0,0.0,0.61425,2.180013939243371,0.02675,0.0,0.0,0.0,0.0,0.3410013939243371,0.27280111513946964,0.0,,9.74599358974359,0.19005905626619618,0.027892877943130102,,classic,True
00-0041579,Seydou Traore,TE,MIA,2500,43728407,0.733,0.733,1.0,0.8341112371459919,0.6113976295873806,LV,18.69,40.39,0.0,0.0,3.985,statline_mc+recal_10_4b,0.0,2.4732327781399066,0.0,0.0,0.0,0.0,0.0,0.0,0.80225,0.54175,4.780452591747611,0.03425,1.2227952591747613,-0.6113976295873806,0.0,,5.899038982867057,0.16288841193896256,0.04617912755988038,,classic,True
00-0041207,Ethan Conner,TE,MIA,2500,43728515,0.7267,0.7267,1.0,0.8341112371459919,0.6061123223256452,LV,18.69,40.39,0.0,0.0,3.9791,statline_mc+recal_10_4b,0.0,2.5560557913211452,0.0,0.0,0.0,0.0,0.0,0.0,0.80575,0.534,4.784746446512903,0.03325,1.2122246446512903,-0.6061123223256452,0.0,,5.7889760897852955,0.16288841193896256,0.0458811163425571,,classic,True
00-0041366,Jameson Geers,TE,ARI,2500,43728465,0.7112,0.7112,1.0,0.8466072856425609,0.6021223093485543,LAC,18.97,47.17,0.0,0.0,3.9596,statline_mc+recal_10_4b,0.0,2.5207027512818416,0.0,0.0,0.0,0.0,0.0,0.0,0.7835,0.51175,4.797446186971086,0.036,1.2042446186971085,-0.6021223093485543,0.0,,8.583008024289741,0.16288841193896256,0.054076972237381546,,classic,True
00-0037078,Cole Turner,TE,MIA,2500,43728411,0.7178,0.7178,1.0,0.8341112371459919,0.5987013487962506,LV,18.69,40.39,0.0,0.0,4.0936,statline_mc+recal_10_4b,0.0,2.4339755240899907,0.0,0.0,0.0,0.0,0.0,0.0,0.783,0.51125,4.719026975925015,0.035,1.1974026975925012,-0.5987013487962506,0.0,,5.568850303621774,0.16288841193896256,0.045290851031146974,,classic,True
00-0041016,Patrick Gurd,TE,LV,2500,43728403,0.6161,0.6161,1.0,0.9679974710378043,0.5963403730770894,MIA,21.69,40.39,0.0,0.0,4.0344,statline_mc+recal_10_4b,0.0,2.4878490589020785,0.0,0.0,0.0,0.0,0.0,0.0,0.709,0.47275,4.89430746154179,0.03875,1.1926807461541789,-0.5963403730770894,0.0,,7.4300517783561055,0.16288841193896256,0.05053102417695719,,classic,True
00-0038391,Sean Clifford,QB,CIN,4000,43727279,0.4924,0.4924,1.0,1.2076538297041486,0.5946500142890897,TB,27.06,50.44,0.0,0.0,5.918,statline_mc+recal_10_4b,0.2642888952395954,1.0596486797137477,0.0,0.0,0.0,0.45825,2.281111190494942,0.02225,0.0,0.0,0.0,0.0,0.3303611190494943,0.2642888952395954,0.0,,19.029081012378423,0.19005905626619618,0.05413327483528772,,classic,True
00-0035345,Chris Myarick,TE,LV,2500,44034630,0.6118,0.6118,1.0,0.9679974710378043,0.5921975441371006,MIA,21.69,40.39,0.0,0.0,4.0741,statline_mc+recal_10_4b,0.0,2.4594659046040084,0.0,0.0,0.0,0.0,0.0,0.0,0.677,0.458,4.816450882742009,0.0405,1.1843950882742011,-0.5921975441371006,0.0,,7.319988885274345,0.16288841193896256,0.05020492853974448,,classic,True
00-0040792,Layne Pryor,TE,HOU,2500,43728327,0.6043,0.6043,1.0,0.9679974710378043,0.5849709933191768,BUF,21.69,44.5,0.0,0.0,4.0732,statline_mc+recal_10_4b,0.0,2.3237153463798204,0.0,0.0,0.0,0.0,0.0,0.0,0.68275,0.46425,4.781919866383534,0.038,1.1699419866383536,-0.5849709933191768,0.0,,8.518654440468445,0.16288841193896256,0.05387265056668235,,classic,True
00-0041215,Ben Patterson,WR,CLE,3000,43728191,0.8348,0.8348,1.0,0.7002250032541792,0.5845493625165212,JAX,15.69,40.11,0.0,0.0,4.3225,statline_mc+recal_10_4b,0.0,2.3635532519485345,0.0,0.0,0.0,0.03575,0.19938528748535095,0.0005,0.80625,0.4905,4.766601962845074,0.029,1.1690987250330425,-0.5845493625165212,0.0,,4.5692970822281165,0.2052123762466146,0.07042586023719535,,classic,True
00-0037013,Zach Wilson,QB,NO,4000,43727300,0.6008,0.6008,1.0,0.9568402848801533,0.5748843138664159,DET,21.44,49.83,4.0,0.4,5.8996,statline_mc+recal_10_4b,0.25550413949618483,0.966825285406891,0.0,0.0,0.0,0.56075,2.1613017437023108,0.02275,0.0,0.0,0.0,0.0,0.3193801743702311,0.25550413949618483,0.3,,24.935300618921307,0.19321667497345418,0.08254320782626358,,classic,True
00-0041327,Cody Hardy,TE,NO,2500,43728429,0.5991,0.5991,1.0,0.9568402848801533,0.573234077082277,DET,21.44,49.83,0.0,0.0,4.0426,statline_mc+recal_10_4b,0.0,2.3549430464704297,0.0,0.0,0.0,0.0,0.0,0.0,0.67925,0.45275,4.809681541645539,0.03525,1.146468154164554,-0.573234077082277,0.0,,10.114590110605075,0.16288841193896256,0.05917513917582489,,classic,True
00-0035891,Cody White,WR,LV,3000,44034614,0.5893,0.5893,1.0,0.9679974710378043,0.570475378744942,MIA,21.69,40.39,8.0,0.4,3.4629,statline_mc+recal_10_4b,0.2535446127755298,1.3980100388325856,0.0,0.0,0.0,0.0,0.0,0.0,0.17175,0.10675,1.6293076596941223,0.0075,0.3169307659694122,0.2535446127755298,1.8,,12.966593248705317,0.23416947816143796,0.11541324551612361,,classic,True
00-0040617,Luke Floriea,WR,CLE,3000,43727923,0.8121,0.8121,1.0,0.7002250032541792,0.5686525991105748,JAX,15.69,40.11,0.0,0.0,4.1499,statline_mc+recal_10_4b,0.0,2.2862628435490775,0.0,0.0,0.0,0.035,0.1148097408135005,0.001,0.79975,0.48925,4.568242241397995,0.029,1.1373051982211495,-0.5686525991105748,0.0,,4.396220159151193,0.2052123762466146,0.06971249243185111,,classic,True
00-0041237,Chase Curtis,TE,NYJ,2500,43728437,0.6597,0.6597,1.0,0.8555330345686819,0.5643562573398919,TEN,19.17,39.22,0.0,0.0,3.9355,statline_mc+recal_10_4b,0.0,2.386892769717038,0.0,0.0,0.0,0.0,0.0,0.0,0.72,0.47725,4.29962514679784,0.037,1.1287125146797838,-0.5643562573398919,0.0,,5.058765723270441,0.16288841193896256,0.04395208541778306,,classic,True
00-0041287,Kole Wilson,WR,CLE,3000,43727927,0.7988,0.7988,1.0,0.7002250032541792,0.5593571070641251,JAX,15.69,40.11,0.0,0.0,4.065,statline_mc+recal_10_4b,0.0,2.4120770342317512,0.0,0.0,0.0,0.03575,0.09956913073385004,0.00025,0.78725,0.49825,4.462573010548651,0.02725,1.1187142141282502,-0.5593571070641251,0.0,,4.332117595048629,0.2052123762466146,0.06945011979358624,,classic,True
00-0037327,Skylar Thompson,QB,BAL,4000,43727324,0.4854,0.4854,1.0,1.1407107127582423,0.5536512434111378,IND,25.56,48.17,0.0,0.0,5.8835,statline_mc+recal_10_4b,0.246067219293839,0.9217619678027555,0.0,0.0,0.0,0.45175,2.0508402411729874,0.022,0.0,0.0,0.0,0.0,0.3075840241172988,0.246067219293839,0.0,,17.29918213969938,0.19005905626619618,0.047841088066016675,,classic,True
00-0040891,Cole Payton,QB,PHI,4000,43727307,0.4911,0.4911,1.0,1.1170574781040223,0.5486060656014745,WAS,25.03,44.17,0.0,0.0,5.8473,statline_mc+recal_10_4b,0.24382491804509981,0.9906186093764162,0.0,0.0,0.0,0.4605,2.220311475563747,0.01825,0.0,0.0,0.0,0.0,0.3047811475563747,0.24382491804509981,0.0,,14.620164677276746,0.19005905626619618,0.03950891975772332,,classic,True
00-0040494,Max Brosmer,QB,MIN,4000,43727298,0.5157,0.5157,1.0,1.0635029845472972,0.5484409749482961,GB,23.83,46.06,7.0,0.6,5.8785,statline_mc+recal_10_4b,0.24375154442146496,0.8926488951167673,0.0,0.0,0.0,0.51925,2.014394305268312,0.02275,0.0,0.0,0.0,0.0,0.3046894305268312,0.24375154442146496,1.3,,30.55777283061766,0.2041242434246264,0.12333781392686924,,classic,True
00-0036182,Nick Westbrook-Ikhine,WR,IND,3700,43727753,0.5304,0.5304,1.0,1.0090559160979602,0.5351710208641745,BAL,22.61,48.17,13.0,0.6,3.2364,statline_mc+recal_10_4b,0.23785378705074423,1.344875142352669,0.0,0.0,0.0,0.0,0.0,0.0,0.19125,0.108,1.2356723381343018,0.011,0.2973172338134302,0.23785378705074423,1.3,,25.19745800176835,0.2268212937355326,0.23698142420694,,classic,True
00-0040996,Jacob Clark,QB,LV,4000,43727293,0.548,0.548,1.0,0.9679974710378043,0.5304887146800166,MIA,21.69,40.39,0.0,0.0,5.8764,statline_mc+recal_10_4b,0.23577276208000736,0.9285853499202334,0.0,0.0,0.0,0.49925,2.1146595260000924,0.01875,0.0,0.0,0.0,0.0,0.2947159526000092,0.23577276208000736,0.0,,10.388566534040672,0.19005905626619618,0.029202941860141295,,classic,True
00-0039518,Treyton Welch,TE,NO,2500,43728427,0.553,0.553,1.0,0.9568402848801533,0.5291521727507554,DET,21.44,49.83,0.0,0.0,3.9379,statline_mc+recal_10_4b,0.0,2.2132332167618003,0.0,0.0,0.0,0.0,0.0,0.0,0.64675,0.43125,4.388043455015108,0.03175,1.0583043455015109,-0.5291521727507554,0.0,,9.894464324441552,0.16288841193896256,0.05841384488445305,,classic,True
00-0036862,Ben Skowronek,WR,PIT,3000,43728109,0.4966,0.4966,1.0,1.0536846607285644,0.5232518061866046,ATL,23.61,40.78,16.0,0.8,3.3345,statline_mc+recal_10_4b,0.23255635830515758,1.3160405843433944,0.0,0.0,0.0,0.0,0.0,0.0,0.15975,0.09775,1.33445447881447,0.00975,0.290695447881447,0.23255635830515758,0.9,,23.645638736263738,0.21921455705782375,0.2163069087376334,,classic,True
00-0041117,Athan Kaliakmanis,QB,WAS,4000,43727318,0.6085,0.6085,1.0,0.8541941722297637,0.519811156975503,PHI,19.14,44.17,0.0,0.0,5.86,statline_mc+recal_10_4b,0.23102718087800134,0.8484854837217637,0.0,0.0,0.0,0.54325,1.9328397609750159,0.021,0.0,0.0,0.0,0.0,0.2887839760975016,0.23102718087800134,0.0,,9.713500221043324,0.19005905626619618,0.027828214900223906,,classic,True
00-0040981,Joe Fagnano,QB,BAL,4000,43727323,0.4511,0.4511,1.0,1.1407107127582423,0.5146001925687986,IND,25.56,48.17,0.0,0.0,5.8402,statline_mc+recal_10_4b,0.22871119669724382,0.8803390138130686,0.0,0.0,0.0,0.43875,2.083889958715548,0.01775,0.0,0.0,0.0,0.0,0.2858889958715548,0.22871119669724382,0.0,,16.33764367816092,0.19005905626619618,0.044665595719099165,,classic,True
00-0037093,Dareke Young,WR,LV,3000,43727991,0.5283,0.5283,1.0,0.9679974710378043,0.5113825959138801,MIA,21.69,40.39,8.0,0.4,3.2309,statline_mc+recal_10_4b,0.2272811537395023,1.3184257185250392,0.0,0.0,0.0,0.0,0.0,0.0,0.16075,0.104,1.4835144217437783,0.005,0.2841014421743778,0.2272811537395023,0.6,,12.486190318302388,0.21444436725664334,0.1121974348749883,,classic,True
00-0033589,David Moore,WR,CAR,3000,43728169,0.4978,0.4978,1.0,0.9818323818732916,0.48876742611327834,CHI,22.0,46.94,3.0,0.0,3.216,statline_mc+recal_10_4b,0.21722996716145704,1.2507037133197734,0.0,0.0,0.0,0.01,0.07608935686118741,0.00025,0.1605,0.1005,1.2142852326570255,0.00675,0.2715374589518213,0.21722996716145704,0.7,,9.696189765694076,0.2160228140663338,0.09521547215088723,,classic,True
00-0040205,Kalel Mullings,RB,TEN,4000,43727531,0.5419,0.5419,1.0,0.8952526172899195,0.4850961717941717,NYJ,20.06,39.22,4.0,0.6,3.216,statline_mc+recal_10_4b,0.21559829857518742,0.8409759855991217,0.0,0.0,0.0,0.511,1.8849787321898426,0.01375,0.0,0.0,0.0,0.0,0.2694978732189843,0.21559829857518742,0.1,,13.282773084934044,0.16885303354822487,0.016749435039476446,,classic,True
00-0039275,Messiah Swinson,TE,CLE,2500,43728371,0.6746,0.6746,1.0,0.7002250032541792,0.4723644412718875,JAX,15.69,40.11,0.0,0.0,3.744,statline_mc+recal_10_4b,0.0,2.007646697987348,0.0,0.0,0.0,0.0,0.0,0.0,0.677,0.452,3.5072888254377483,0.024,0.944728882543775,-0.4723644412718875,0.0,,3.790148557796573,0.16288841193896256,0.04079157372117761,,classic,True
00-0041087,Joe Royer,TE,CLE,2500,43728349,0.6619,0.6619,1.0,0.7002250032541792,0.4634565632427044,JAX,15.69,40.11,0.0,0.0,3.7026,statline_mc+recal_10_4b,0.0,2.03616734394473,0.0,0.0,0.0,0.0,0.0,0.0,0.6705,0.4375,3.481631264854089,0.024,0.9269131264854088,-0.4634565632427044,0.0,,3.680085664714812,0.16288841193896256,0.04052833040794228,,classic,True
00-0038579,Aidan O'Connell,QB,LV,4000,43727292,0.4749,0.4749,1.0,0.9679974710378043,0.45974013698645766,MIA,21.69,40.39,1.0,0.2,5.8034,statline_mc+recal_10_4b,0.20432894977175897,0.776166071326057,0.0,0.0,0.0,0.44625,1.886611872146987,0.01625,0.0,0.0,0.0,0.0,0.2554111872146987,0.20432894977175897,4.8,,13.455968169761274,0.2473566613249147,0.03635637510187736,,classic,True
00-0041131,Carsen Ryan,TE,CLE,2500,43728355,0.6515,0.6515,1.0,0.7002250032541792,0.4562093921073265,JAX,15.69,40.11,0.0,0.0,3.7068,statline_mc+recal_10_4b,0.0,2.017955735336132,0.0,0.0,0.0,0.0,0.0,0.0,0.65725,0.4275,3.336687842146529,0.0255,0.912418784214653,-0.4562093921073265,0.0,,3.570022771633051,0.16288841193896256,0.04026678590246653,,classic,True
00-0039677,Sam Hartman,QB,WAS,4000,43727317,0.5319,0.5319,1.0,0.8541941722297637,0.4543446254571805,PHI,19.14,44.17,0.0,0.0,5.7849,statline_mc+recal_10_4b,0.20193094464763578,0.7730311855398377,0.0,0.0,0.0,0.527,1.801636808095447,0.0185,0.0,0.0,0.0,0.0,0.25241368080954474,0.20193094464763578,0.0,,9.136577144120247,0.19005905626619618,0.026704754995485337,,classic,True
00-0039305,Jack Westover,TE,WAS,2500,44034640,0.5315,0.5315,1.0,0.8541941722297637,0.45398006010875985,PHI,19.14,44.17,4.0,0.2,2.9595,statline_mc+recal_10_4b,0.20176891560389326,1.3210644447254665,0.0,0.0,0.0,0.0,0.0,0.0,0.16725,0.10975,0.9546114450486659,0.008,0.2522111445048666,0.20176891560389326,0.1,,8.169225764476254,0.16432825295661516,0.05277662110232831,,classic,True
00-0037258,Dameon Pierce,RB,PHI,4000,43727577,0.3934,0.3934,1.0,1.1170574781040223,0.43948417808662177,WAS,25.03,44.17,5.0,0.2,3.1882,statline_mc+recal_10_4b,0.1953263013718319,0.7982650196671065,0.0,0.0,0.0,0.369,1.4882232391650059,0.01125,0.01875,0.013,0.13835552798289252,0.0005,0.24415787671478986,0.1953263013718319,0.7,,16.013399676000926,0.17451855300311164,0.02146885563293369,,classic,True
00-0040488,Carter Runyon,TE,LV,2500,43728399,0.4398,0.4398,1.0,0.9679974710378043,0.42570202419584735,MIA,21.69,40.39,3.0,0.2,2.9899,statline_mc+recal_10_4b,0.1892008996425988,1.205053711047445,0.0,0.0,0.0,0.0,0.0,0.0,0.14175,0.0955,1.0525112455324854,0.006,0.23650112455324854,0.1892008996425988,0.1,,8.680351333767078,0.16432825295661516,0.05438750937715985,,classic,True
00-0040509,Ben Yurosek,TE,MIN,2500,43728413,0.3981,0.3981,1.0,1.0635029845472972,0.4234145502563083,GB,23.83,46.06,6.0,0.2,2.9488,statline_mc+recal_10_4b,0.18818424455835925,1.205578189397969,0.0,0.0,0.0,0.0,0.0,0.0,0.14,0.09725,1.0148030569794908,0.00625,0.23523030569794906,0.18818424455835925,0.3,,13.83975276512687,0.16724613003417169,0.07367243568911909,,classic,True
00-0036898,Davis Mills,QB,HOU,4200,43727267,0.4346,0.4346,1.0,0.9679974710378043,0.4206782078944713,BUF,21.69,44.5,6.0,0.2,5.7672,statline_mc+recal_10_4b,0.1869680923975428,0.6887853631601164,0.0,0.0,0.0,0.37775,1.6071011549692849,0.0165,0.0,0.0,0.0,0.0,0.2337101154969285,0.1869680923975428,11.6,,13.562883668056083,0.3494879538979251,0.0366350851166284,,classic,True
00-0033869,Mitchell Trubisky,QB,TEN,4000,43727288,0.4669,0.4669,1.0,0.8952526172899195,0.41802503595578094,NYJ,20.06,39.22,4.0,0.2,5.7736,statline_mc+recal_10_4b,0.18578890486923597,0.6895079543458371,0.0,0.0,0.0,0.48125,1.5648613108654499,0.01775,0.0,0.0,0.0,0.0,0.23223613108654498,0.18578890486923597,7.8,,10.566616142478212,0.29158753115082525,0.029576711618187857,,classic,True
00-0038416,Tyson Bagent,QB,CHI,4000,43727275,0.3635,0.3635,1.0,1.1130408910872678,0.4045982475692439,CAR,24.94,46.94,2.0,0.0,5.7171,statline_mc+recal_10_4b,0.1798214433641084,0.6942436824619648,0.0,0.0,0.0,0.3375,1.5727680420513548,0.0145,0.0,0.0,0.0,0.0,0.2247768042051355,0.1798214433641084,0.9,,14.025986405835543,0.19968950727426135,0.03786719454469314,,classic,True
00-0041092,Taylen Green,QB,CLE,4000,43727281,0.5611,0.5611,1.0,0.7002250032541792,0.392895147766986,JAX,15.69,40.11,0.0,0.0,5.7722,statline_mc+recal_10_4b,0.17462006567421598,0.627485513522687,0.0,0.0,0.0,0.49,1.5002508209277001,0.01675,0.0,0.0,0.0,0.0,0.21827508209277,0.17462006567421598,0.0,,5.8705791335101685,0.19005905626619618,0.02114822689195562,,classic,True
00-0036679,Shane Buechele,QB,BUF,4000,43727273,0.376,0.376,1.0,1.017981665024081,0.3828035176230527,HOU,22.81,44.5,1.0,0.2,5.7328,statline_mc+recal_10_4b,0.17013489672135676,0.6124160329894808,0.0,0.0,0.0,0.3475,1.3866862090169594,0.01575,0.0,0.0,0.0,0.0,0.21266862090169594,0.17013489672135676,3.9,,15.420102311481621,0.23543862565037957,0.041832136733258,,classic,True
00-0038590,Justin Shorter,WR,LV,3000,43728005,0.3729,0.3729,1.0,0.9679974710378043,0.360949818241264,MIA,21.69,40.39,3.0,0.0,3.0682,statline_mc+recal_10_4b,0.16042214144056177,0.33181586530781715,0.0,0.0,0.0,0.00425,0.03520270067642472,0.0,0.11825,0.0775,0.8425740673305973,0.00575,0.20052767680070221,0.16042214144056177,0.0,,6.991130636604775,0.2052123762466146,0.0812086140535788,,classic,True
00-0038658,Adrian Martinez,QB,NYJ,4000,43727304,0.3978,0.3978,1.0,0.8555330345686819,0.34032028234543027,TEN,19.17,39.22,1.0,0.0,5.6664,statline_mc+recal_10_4b,0.15125345882019123,0.5665668677700797,0.0,0.0,0.0,0.38825,1.32816823525239,0.01375,0.0,0.0,0.0,0.0,0.18906682352523904,0.15125345882019123,-0.1,,6.534455128205128,0.1890179806843223,0.022175227356858496,,classic,True
00-0037340,Zaire Mitchell-Paden,TE,HOU,2500,43728425,0.3358,0.3358,1.0,0.9679974710378043,0.32502014983531746,BUF,21.69,44.5,3.0,0.0,2.9338,statline_mc+recal_10_4b,0.14445339992680778,0.14445339992680778,0.0,0.0,0.0,0.0,0.0,0.0,0.097,0.064,0.6731674990850968,0.00825,0.18056674990850968,0.14445339992680778,0.5,,7.4180255096508345,0.17021568094677914,0.05049528977850832,,classic,True
00-0039589,Kameron Johnson,WR,TB,3000,43728139,0.2963,0.2963,1.0,1.0438663369098313,0.30924756959453115,CIN,23.39,50.44,17.0,1.0,2.9424,statline_mc+recal_10_4b,0.13744336426423606,0.13744336426423606,0.0,0.0,0.0,0.0,0.0,0.0,0.0905,0.05675,0.8405420533029503,0.00525,0.17180420533029508,0.13744336426423606,1.0,,35.54222716938234,0.2555617197006022,0.43550121778433265,,classic,True
00-0040014,Kyle McCord,QB,MIA,4000,43727286,0.3636,0.3636,1.0,0.8341112371459919,0.30329747975070365,LV,18.69,40.39,0.0,0.0,5.5827,statline_mc+recal_10_4b,0.1347988798892016,0.5042584111230025,0.0,0.0,0.0,0.34275,1.1774859986150201,0.0115,0.0,0.0,0.0,0.0,0.16849859986150204,0.1347988798892016,0.0,,6.301917550839964,0.19005905626619618,0.021809942723107312,,classic,True
00-0040222,Cam Miller,QB,MIA,4000,43727295,0.3594,0.3594,1.0,0.8341112371459919,0.2997875810952619,LV,18.69,40.39,0.0,0.0,5.6256,statline_mc+recal_10_4b,0.13323892493122752,0.4829090871184812,0.0,0.0,0.0,0.32675,1.1129865616403436,0.0125,0.0,0.0,0.0,0.0,0.16654865616403436,0.13323892493122752,0.0,,6.109609858532273,0.19005905626619618,0.021512403812673938,,classic,True
00-0041156,Mark Gronowski,QB,MIA,4000,43727296,0.3381,0.3381,1.0,0.8341112371459919,0.28202487335130977,LV,18.69,40.39,0.0,0.0,5.551,statline_mc+recal_10_4b,0.1253443881561377,0.4685286635574671,0.0,0.0,0.0,0.319,1.1443048519517203,0.0105,0.0,0.0,0.0,0.0,0.15668048519517208,0.1253443881561377,0.0,,5.917302166224579,0.19005905626619618,0.021218924032718158,,classic,True
00-0039737,Tip Reiman,TE,ARI,2500,43728455,0.329,0.329,1.0,0.8466072856425609,0.27856357974036167,LAC,18.97,47.17,3.0,0.0,2.7178,statline_mc+recal_10_4b,0.12380603544016075,0.155804947382487,0.0,0.0,0.0,0.0,0.0,0.0,0.108,0.06625,0.6450754430020093,0.004,0.15475754430020092,0.12380603544016075,1.0,,6.932064628063326,0.17787164352922172,0.04907227081123367,,classic,True
00-0039164,Anthony Richardson Sr.,QB,IND,4900,43727256,0.2692,0.2692,1.0,1.0090559160979602,0.27168138799433234,BAL,22.61,48.17,2.0,0.0,5.6123,statline_mc+recal_10_4b,0.1207472835530366,0.3892263832797261,0.0,0.0,0.0,0.25725,0.9418410444129575,0.012,0.0,0.0,0.0,0.0,0.15093410444129574,0.1207472835530366,1.1,,12.15489610963749,0.2025977120475651,0.033129888510433095,,classic,True
00-0034577,Kyle Allen,QB,BUF,4000,43727272,0.2644,0.2644,1.0,1.017981665024081,0.2692014088270871,HOU,22.81,44.5,2.0,0.0,5.5985,statline_mc+recal_10_4b,0.1196450705898165,0.4085044912302774,0.0,0.0,0.0,0.245,1.0080633823727059,0.01,0.0,0.0,0.0,0.0,0.1495563382372706,0.1196450705898165,-0.1,,10.224593832891246,0.1890179806843223,0.028862902414095972,,classic,True
00-0039754,Devin Culp,TE,TB,2500,43728487,0.241,0.241,1.0,1.0438663369098313,0.25152840747394295,CIN,23.39,50.44,4.0,0.2,2.7358,statline_mc+recal_10_4b,0.11179040332175241,0.11179040332175241,0.0,0.0,0.0,0.0,0.0,0.0,0.07875,0.05125,0.5898800415219052,0.005,0.13973800415219054,0.11179040332175241,0.6,,15.636922576447624,0.171720117912316,0.08188735583730793,,classic,True
00-0039816,Anthony Gould,WR,IND,3000,43727977,0.2365,0.2365,1.0,1.0090559160979602,0.23863170384443977,BAL,22.61,48.17,11.0,0.2,2.6755,statline_mc+recal_10_4b,0.10605853504197324,0.10605853504197324,0.0,0.0,0.0,0.0,0.0,0.0,0.0845,0.0505,0.6582316880246653,0.00275,0.13257316880246653,0.10605853504197324,0.2,,14.94649488442592,0.20824479103976185,0.1296688546554901,,classic,True
00-0039577,Kedon Slovis,QB,GB,4000,43727308,0.236,0.236,1.0,0.9916507056920244,0.2340321720553874,MIN,22.22,46.06,2.0,0.0,5.5464,statline_mc+recal_10_4b,0.10401429869128329,0.3196341851599295,0.0,0.0,0.0,0.19975,0.8626787336410411,0.009,0.0,0.0,0.0,0.0,0.13001787336410411,0.10401429869128329,-0.0,,9.895253094606543,0.19005905626619618,0.02819184575734799,,classic,True
00-0040644,Trevor Etienne,RB,CAR,4500,43727429,0.2383,0.2383,1.0,0.9818323818732916,0.23394349738662093,CHI,22.0,46.94,17.0,1.0,2.8546,statline_mc+recal_10_4b,0.10397488772738708,0.10397488772738708,0.0,0.0,0.0,0.0,0.0,0.0,0.09075,0.06875,0.45718609659233833,0.00275,0.12996860965923385,0.10397488772738708,0.7,,27.43826178353776,0.17518821389493494,0.06065652036433954,,classic,True
00-0037487,Deven Thompkins,WR,LV,3000,43728003,0.2379,0.2379,1.0,0.9679974710378043,0.23025139952344212,MIA,21.69,40.39,7.0,1.0,2.7875,statline_mc+recal_10_4b,0.10233395534375206,0.10233395534375206,0.0,0.0,0.0,0.0,0.0,0.0,0.07,0.045,0.5691744417969005,0.00425,0.12791744417969006,0.10233395534375206,0.9,,19.425208412277378,0.21921455705782375,0.16875326297101076,,classic,True
00-0031237,Teddy Bridgewater,QB,DET,4000,43727283,0.1709,0.1709,1.0,1.2670100600628522,0.2165086755865854,NO,28.39,49.83,3.0,0.0,5.5304,statline_mc+recal_10_4b,0.0962260780384824,0.23673623266829036,0.0,0.0,0.0,0.1505,0.81782597548103,0.008,0.0,0.0,0.0,0.0,0.120282597548103,0.0962260780384824,0.7,,14.805758178603005,0.19750825237836567,0.04003616384265859,,classic,True
00-0036630,Tylan Wallace,WR,CLE,3000,43727915,0.268,0.268,1.0,0.7002250032541792,0.1876905381936592,JAX,15.69,40.11,11.0,0.2,2.5476,statline_mc+recal_10_4b,0.08341801697495964,0.08341801697495964,0.0,0.0,0.0,0.0,0.0,0.0,0.0775,0.04775,0.38772521218699546,0.003,0.10427252121869955,0.08341801697495964,1.0,,5.149981053429329,0.22082802311236355,0.07287301524847162,,classic,True
00-0037594,Julius Chestnut,RB,TEN,4000,43727533,0.209,0.209,1.0,0.8952526172899195,0.18712562315955975,NYJ,20.06,39.22,16.0,1.0,2.7533,statline_mc+recal_10_4b,0.083166943626471,0.28327342472091993,0.0,0.0,0.0,0.18975,0.6720867953308876,0.00625,0.0,0.0,0.0,0.0,0.10395867953308875,0.083166943626471,0.2,,16.942981948623004,0.16978438266519236,0.023362000427936135,,classic,True
00-0039407,Dylan Laube,RB,LV,4000,43727539,0.1844,0.1844,1.0,0.9679974710378043,0.1784693592211847,MIA,21.69,40.39,17.0,1.0,2.7117,statline_mc+recal_10_4b,0.07931971520941543,0.24857923551830724,0.0,0.0,0.0,0.17525,0.6139964401176926,0.0065,0.0,0.0,0.0,0.0,0.09914964401176928,0.07931971520941543,0.3,,21.36315860526113,0.17072085588244207,0.03491599489146043,,classic,True
00-0038576,Charlie Jones,WR,CIN,3000,43727901,0.0781,0.0781,1.0,1.2076538297041486,0.09435241799874736,TB,27.06,50.44,14.0,0.4,2.2076,statline_mc+recal_10_4b,0.04193440799944327,0.04193440799944327,0.0,0.0,0.0,0.0,0.0,0.0,0.0335,0.01975,0.23668009999304088,0.0015,0.052418009999304085,0.04193440799944327,0.4,,24.77467672413793,0.21465571015762017,0.23116049949584394,,classic,True
00-0040704,Dillon Gabriel,QB,CLE,4000,43727280,0.1212,0.1212,1.0,0.7002250032541792,0.08483520806754556,JAX,15.69,40.11,10.0,0.2,4.9825,statline_mc+recal_10_4b,0.03770453691890914,0.0919203540817298,0.0,0.0,0.0,0.14225,0.45880671148636426,0.00175,0.0,0.0,0.0,0.0,0.04713067114863642,0.03770453691890914,7.2,,5.413717317165593,0.2821533654782479,0.020469236084647898,,classic,True
00-0035594,Travis Homer,RB,PIT,4000,43727589,0.0365,0.0365,1.0,1.0536846607285644,0.03846700253212081,ATL,23.61,40.78,8.0,0.6,1.9618,statline_mc+recal_10_4b,0.017096445569831472,0.017096445569831472,0.0,0.0,0.0,0.04375,0.1587055696228934,0.001,0.0,0.0,0.0,0.0,0.02137055696228934,0.017096445569831472,-0.0,,20.390084760472117,0.17094672131039282,0.03195995688753657,,classic,True
00-0038824,Ryan Miller,WR,MIA,3000,44034616,0.033,0.033,1.0,0.8341112371459919,0.027515818619739823,LV,18.69,40.39,9.0,0.2,2.0728,statline_mc+recal_10_4b,0.012229252719884365,0.012229252719884365,0.0,0.0,0.0,0.0,0.0,0.0,0.014,0.00775,0.06036565899855459,0.00025,0.015286565899855458,0.012229252719884365,0.9,,6.356915498294808,0.22233762304305746,0.07823479935478446,,classic,True
00-0035100,Jake Browning,QB,TB,4000,43727314,0.0,0.0,1.0,1.0438663369098313,0.0,CIN,23.39,50.44,5.0,0.0,0.0,statline_mc,0.0,0.0,0.0,0.0,0.0,0.0,0.0,0.0,0.0,0.0,0.0,0.0,0.0,0.0,11.3,,11.862856432360742,0.0,0.0,,classic,True
00-0039021,Roschon Johnson,RB,CHI,4000,43727489,0.0,0.0,1.0,1.1130408910872678,0.0,CAR,24.94,46.94,6.0,0.0,0.0,statline_mc,0.0,0.0,0.0,0.0,0.0,0.0,0.0,0.0,0.0,0.0,0.0,0.0,0.0,0.0,0.2,,11.621365858597546,0.0,0.0,,classic,True
00-0039794,Braelon Allen,RB,NYJ,4700,43727409,0.0,0.0,1.0,0.8555330345686819,0.0,TEN,19.17,39.22,4.0,0.0,0.0,statline_mc,0.0,0.0,0.0,0.0,0.0,0.0,0.0,0.0,0.0,0.0,0.0,0.0,0.0,0.0,4.1,,4.7356683445190155,0.0,0.0,,classic,True
00-0034771,Mason Rudolph,QB,PIT,4000,43727309,0.0,0.0,1.0,1.0536846607285644,0.0,ATL,23.61,40.78,5.0,0.0,0.0,statline_mc,0.0,0.0,0.0,0.0,0.0,0.0,0.0,0.0,0.0,0.0,0.0,0.0,0.0,0.0,3.0,,8.634408156498676,0.0,0.0,,classic,True
00-0039364,Sione Vaki,RB,DET,4000,43727515,0.0,0.0,1.0,1.2670100600628522,0.0,NO,28.39,49.83,8.0,0.8,0.0,statline_mc,0.0,0.0,0.0,0.0,0.0,0.0,0.0,0.0,0.0,0.0,0.0,0.0,0.0,0.0,0.0,,35.94052013422819,0.0,0.0,,classic,True
00-0038896,Jacob Saylors,RB,DET,4000,43727517,0.0,0.0,1.0,1.2670100600628522,0.0,NO,28.39,49.83,11.0,0.4,0.0,statline_mc,0.0,0.0,0.0,0.0,0.0,0.0,0.0,0.0,0.0,0.0,0.0,0.0,0.0,0.0,0.1,,25.199675036642752,0.0,0.0,,classic,True
00-0027973,Andy Dalton,QB,PHI,4000,43727305,0.0,0.0,1.0,1.1170574781040223,0.0,WAS,25.03,44.17,4.0,0.0,0.0,statline_mc,0.0,0.0,0.0,0.0,0.0,0.0,0.0,0.0,0.0,0.0,0.0,0.0,0.0,0.0,3.1,,10.197087754199824,0.0,0.0,,classic,True
00-0032950,Carson Wentz,QB,MIN,4000,43727297,0.0,0.0,1.0,1.0635029845472972,0.0,GB,23.83,46.06,5.0,0.0,0.0,statline_mc,0.0,0.0,0.0,0.0,0.0,0.0,0.0,0.0,0.0,0.0,0.0,0.0,0.0,0.0,16.3,,10.222231432360742,0.0,0.0,,classic,True
00-0033906,Alvin Kamara,RB,NO,4900,43727393,0.0,0.0,1.0,0.9568402848801533,0.0,DET,21.44,49.83,11.0,0.0,0.0,statline_mc,0.0,0.0,0.0,0.0,0.0,0.0,0.0,0.0,0.0,0.0,0.0,0.0,0.0,0.0,9.3,,10.139483530047057,0.0,0.0,,classic,True
00-0039355,Luke McCaffrey,WR,WAS,3500,43727781,0.0,0.0,1.0,0.8541941722297637,0.0,PHI,19.14,44.17,9.0,0.0,0.0,statline_mc,0.0,0.0,0.0,0.0,0.0,0.0,0.0,0.0,0.0,0.0,0.0,0.0,0.0,0.0,5.7,,6.091705349248452,0.0,0.0,,classic,True
00-0038551,Kendre Miller,RB,NO,4000,43727561,0.0,0.0,1.0,0.9568402848801533,0.0,DET,21.44,49.83,7.0,0.0,0.0,statline_mc,0.0,0.0,0.0,0.0,0.0,0.0,0.0,0.0,0.0,0.0,0.0,0.0,0.0,0.0,4.8,,9.787134536758465,0.0,0.0,,classic,True
00-0033662,Cooper Rush,QB,ATL,4000,43727271,0.0,0.0,1.0,0.7662755453074735,0.0,PIT,17.17,40.78,4.0,0.0,0.0,statline_mc,0.0,0.0,0.0,0.0,0.0,0.0,0.0,0.0,0.0,0.0,0.0,0.0,0.0,0.0,1.7,,4.530959880636605,0.0,0.0,,classic,True
00-0038564,Cameron Latu,TE,PHI,2500,43728447,0.0,0.0,1.0,1.1170574781040223,0.0,WAS,25.03,44.17,10.0,0.4,0.0,statline_mc,0.0,0.0,0.0,0.0,0.0,0.0,0.0,0.0,0.0,0.0,0.0,0.0,0.0,0.0,0.0,,16.489165853394056,0.0,0.0,,classic,True
00-0036754,Brock Wright,TE,DET,2900,43728275,0.0,0.0,1.0,1.2670100600628522,0.0,NO,28.39,49.83,8.0,0.0,0.0,statline_mc,0.0,0.0,0.0,0.0,0.0,0.0,0.0,0.0,0.0,0.0,0.0,0.0,0.0,0.0,3.3,,14.786285512903927,0.0,0.0,,classic,True
00-0039394,Casey Washington,WR,CAR,3000,43728213,0.0,0.0,1.0,0.9818323818732916,0.0,CHI,22.0,46.94,5.0,0.0,0.0,statline_mc,0.0,0.0,0.0,0.0,0.0,0.0,0.0,0.0,0.0,0.0,0.0,0.0,0.0,0.0,2.2,,8.785933355437665,0.0,0.0,,classic,True
00-0036825,Feleipe Franks,TE,CAR,2500,43728503,0.0,0.0,1.0,0.9818323818732916,0.0,CHI,22.0,46.94,10.0,0.4,0.0,statline_mc,0.0,0.0,0.0,0.0,0.0,0.0,0.0,0.0,0.0,0.0,0.0,0.0,0.0,0.0,0.0,,14.309029359141185,0.0,0.0,,classic,True
00-0040075,LaJohntay Wester,WR,BAL,3000,43728199,0.0,0.0,1.0,1.1407107127582423,0.0,IND,25.56,48.17,14.0,1.0,0.0,statline_mc,0.0,0.0,0.0,0.0,0.0,0.0,0.0,0.0,0.0,0.0,0.0,0.0,0.0,0.0,-0.1,,35.78154604016673,0.0,0.0,,classic,True
00-0036646,Simi Fehoko,WR,ARI,3000,43728099,0.0,0.0,1.0,0.8466072856425609,0.0,LAC,18.97,47.17,7.0,0.0,0.0,statline_mc,0.0,0.0,0.0,0.0,0.0,0.0,0.0,0.0,0.0,0.0,0.0,0.0,0.0,0.0,0.0,,7.122679045092839,0.0,0.0,,classic,True
00-0037004,Hunter Long,TE,ARI,2500,43728511,0.0,0.0,1.0,0.8466072856425609,0.0,LAC,18.97,47.17,7.0,0.0,0.0,statline_mc,0.0,0.0,0.0,0.0,0.0,0.0,0.0,0.0,0.0,0.0,0.0,0.0,0.0,0.0,3.6,,6.546844502277164,0.0,0.0,,classic,True
00-0036980,Elijah Moore,WR,PHI,3000,43728079,0.0,0.0,1.0,1.1170574781040223,0.0,WAS,25.03,44.17,9.0,0.0,0.0,statline_mc,0.0,0.0,0.0,0.0,0.0,0.0,0.0,0.0,0.0,0.0,0.0,0.0,0.0,0.0,3.0,,10.036831343943412,0.0,0.0,,classic,True
00-0034837,Calvin Ridley,WR,TEN,4500,43727713,0.0,0.0,1.0,0.8952526172899195,0.0,NYJ,20.06,39.22,7.0,0.0,0.0,statline_mc,0.0,0.0,0.0,0.0,0.0,0.0,0.0,0.0,0.0,0.0,0.0,0.0,0.0,0.0,7.2,,6.102260167992926,0.0,0.0,,classic,True
00-0040506,Myles Price,WR,MIN,3000,43728027,0.0,0.0,1.0,1.0635029845472972,0.0,GB,23.83,46.06,16.0,0.8,0.0,statline_mc,0.0,0.0,0.0,0.0,0.0,0.0,0.0,0.0,0.0,0.0,0.0,0.0,0.0,0.0,-0.2,,25.011195054945052,0.0,0.0,,classic,True
00-0035544,Tom Kennedy,WR,DET,3000,43727935,0.0,0.0,1.0,1.2670100600628522,0.0,NO,28.39,49.83,6.0,1.0,0.0,statline_mc,0.0,0.0,0.0,0.0,0.0,0.0,0.0,0.0,0.0,0.0,0.0,0.0,0.0,0.0,1.3,,39.64648856890236,0.0,0.0,,classic,True
00-0039379,Jamari Thrash,WR,CLE,3000,43727919,0.0,0.0,1.0,0.7002250032541792,0.0,JAX,15.69,40.11,8.0,0.0,0.0,statline_mc,0.0,0.0,0.0,0.0,0.0,0.0,0.0,0.0,0.0,0.0,0.0,0.0,0.0,0.0,2.3,,3.2103227232537574,0.0,0.0,,classic,True
00-0039739,Roman Wilson,WR,PIT,3100,43727833,0.0,0.0,1.0,1.0536846607285644,0.0,ATL,23.61,40.78,9.0,0.0,0.0,statline_mc,0.0,0.0,0.0,0.0,0.0,0.0,0.0,0.0,0.0,0.0,0.0,0.0,0.0,0.0,3.0,,7.8395363616268785,0.0,0.0,,classic,True
00-0039921,Trey Benson,RB,ARI,4400,43727437,0.0,0.0,1.0,0.8466072856425609,0.0,LAC,18.97,47.17,4.0,0.0,0.0,statline_mc,0.0,0.0,0.0,0.0,0.0,0.0,0.0,0.0,0.0,0.0,0.0,0.0,0.0,0.0,8.9,,6.6834259044974145,0.0,0.0,,classic,True
00-0035500,Greg Dortch,WR,BUF,3400,43727785,0.0,0.0,1.0,1.017981665024081,0.0,HOU,22.81,44.5,12.0,0.0,0.0,statline_mc,0.0,0.0,0.0,0.0,0.0,0.0,0.0,0.0,0.0,0.0,0.0,0.0,0.0,0.0,6.3,,8.94895280725022,0.0,0.0,,classic,True
00-0034975,Justice Hill,RB,BAL,4200,43727449,0.0,0.0,1.0,1.1407107127582423,0.0,IND,25.56,48.17,10.0,0.0,0.0,statline_mc,0.0,0.0,0.0,0.0,0.0,0.0,0.0,0.0,0.0,0.0,0.0,0.0,0.0,0.0,6.5,,11.48529468487233,0.0,0.0,,classic,True
00-0035567,Craig Reynolds,RB,WAS,4000,44034610,0.0,0.0,1.0,0.8541941722297637,0.0,PHI,19.14,44.17,5.0,0.0,0.0,statline_mc,0.0,0.0,0.0,0.0,0.0,0.0,0.0,0.0,0.0,0.0,0.0,0.0,0.0,0.0,0.1,,6.289648904574558,0.0,0.0,,classic,True
00-0032951,Laquon Treadwell,WR,IND,3000,43727979,0.0,0.0,1.0,1.0090559160979602,0.0,BAL,22.61,48.17,6.0,0.4,0.0,statline_mc,0.0,0.0,0.0,0.0,0.0,0.0,0.0,0.0,0.0,0.0,0.0,0.0,0.0,0.0,0.0,,17.821426992547682,0.0,0.0,,classic,True
