Rank,EntryId,EntryName,TimeRemaining,Points,Lineup,,Player,Roster Position,%Drafted,FPTS
1,5276785312,blade39428,0,120.73999,CPT Aaron Rodgers FLEX Jaylen Warren FLEX DK Metcalf FLEX Quinshon Judkins FLEX Roman Wilson FLEX Darnell Washington,,Deshaun Watson,FLEX,57.34%,14.92
1,5277404098,palire16,0,120.73999,CPT Aaron Rodgers FLEX Jaylen Warren FLEX DK Metcalf FLEX Quinshon Judkins FLEX Roman Wilson FLEX Darnell Washington,,Aaron Rodgers,FLEX,52.92%,23.96
1,5277626201,mkp23,0,120.73999,CPT Aaron Rodgers FLEX Jaylen Warren FLEX DK Metcalf FLEX Quinshon Judkins FLEX Roman Wilson FLEX Darnell Washington,,Harold Fannin Jr.,FLEX,52.03%,11.7
4,5277267109,legreat19,0,119.18,CPT Quinshon Judkins FLEX Aaron Rodgers FLEX Deshaun Watson FLEX DK Metcalf FLEX Andre Szmyt FLEX Roman Wilson,,Jaylen Warren,FLEX,50.09%,15.6
5,5277749420,FatKldsLoveCake,0,118.88,CPT Quinshon Judkins FLEX Aaron Rodgers FLEX Deshaun Watson FLEX DK Metcalf FLEX Roman Wilson FLEX Darnell Washington,,Jaylen Warren,CPT,33.36%,23.4
6,5277312275,Lush64,0,118.03999,CPT Aaron Rodgers FLEX DK Metcalf FLEX Quinshon Judkins FLEX Denzel Boston FLEX Roman Wilson FLEX Darnell Washington,,Chris Boswell,FLEX,32.68%,4
7,5275462888,dijj,0,116.84,CPT Aaron Rodgers FLEX DK Metcalf FLEX Quinshon Judkins FLEX Harold Fannin Jr. FLEX Roman Wilson FLEX Darnell Washington,,Denzel Boston,FLEX,28.80%,12.9
8,5275623296,jermgolf24,0,116.659996,CPT Roman Wilson FLEX Aaron Rodgers FLEX Jaylen Warren FLEX DK Metcalf FLEX Quinshon Judkins FLEX KC Concepcion Jr.,,Quinshon Judkins,FLEX,28.34%,21.6
8,5277331712,renobull,0,116.659996,CPT Roman Wilson FLEX Aaron Rodgers FLEX Jaylen Warren FLEX DK Metcalf FLEX Quinshon Judkins FLEX KC Concepcion Jr.,,Roman Wilson,FLEX,25.57%,16.4
8,5277473703,comets1234,0,116.659996,CPT Roman Wilson FLEX Aaron Rodgers FLEX Jaylen Warren FLEX DK Metcalf FLEX Quinshon Judkins FLEX KC Concepcion Jr.,,KC Concepcion Jr.,FLEX,25.33%,11.4
11,5276088321,RAW2WAR,0,116.56,CPT Jaylen Warren FLEX Aaron Rodgers FLEX DK Metcalf FLEX Quinshon Judkins FLEX Roman Wilson FLEX Darnell Washington,,DK Metcalf,FLEX,24.95%,19.5
12,5276860588,Buckeye19,0,116.11,CPT DK Metcalf FLEX Aaron Rodgers FLEX Quinshon Judkins FLEX Denzel Boston FLEX Andre Szmyt FLEX Roman Wilson,,Pat Freiermuth,FLEX,24.76%,10.7
13,5275665279,haigh82,0,115.979996,CPT Roman Wilson FLEX Aaron Rodgers FLEX Deshaun Watson FLEX DK Metcalf FLEX Quinshon Judkins FLEX KC Concepcion Jr.,,Steelers ,FLEX,24.41%,6
13,5277763378,smk5430,0,115.979996,CPT Roman Wilson FLEX Aaron Rodgers FLEX Deshaun Watson FLEX DK Metcalf FLEX Quinshon Judkins FLEX KC Concepcion Jr.,,Andre Szmyt,FLEX,19.51%,12
15,5277479015,jakedasn4ke,0,115.86,CPT Quinshon Judkins FLEX Aaron Rodgers FLEX DK Metcalf FLEX Denzel Boston FLEX Pat Freiermuth FLEX Roman Wilson,,Michael Pittman Jr.,FLEX,14.90%,3.5
16,5276657004,nomamesgueyy,0,115.84,CPT Aaron Rodgers FLEX DK Metcalf FLEX Quinshon Judkins FLEX Harold Fannin Jr. FLEX Pat Freiermuth FLEX Roman Wilson,,Harold Fannin Jr.,CPT,12.13%,17.55
16,5277147206,djclou341,0,115.84,CPT Aaron Rodgers FLEX DK Metcalf FLEX Quinshon Judkins FLEX Harold Fannin Jr. FLEX Pat Freiermuth FLEX Roman Wilson,,Deshaun Watson,CPT,11.30%,22.38
16,5277479493,Bentoni,0,115.84,CPT Aaron Rodgers FLEX DK Metcalf FLEX Quinshon Judkins FLEX Harold Fannin Jr. FLEX Pat Freiermuth FLEX Roman Wilson,,Browns ,FLEX,10.63%,9
19,5276669980,Willis59,0,114.979996,CPT Quinshon Judkins FLEX Aaron Rodgers FLEX Jaylen Warren FLEX Deshaun Watson FLEX Roman Wilson FLEX Darnell Washington,,Darnell Washington,FLEX,10.11%,11.7
19,5276944659,imurhuckleberry,0,114.979996,CPT Quinshon Judkins FLEX Aaron Rodgers FLEX Jaylen Warren FLEX Deshaun Watson FLEX Roman Wilson FLEX Darnell Washington,,Quinshon Judkins,CPT,6.69%,32.4
19,5277192940,Rene8480,0,114.979996,CPT Quinshon Judkins FLEX Aaron Rodgers FLEX Jaylen Warren FLEX Deshaun Watson FLEX Roman Wilson FLEX Darnell Washington,,DK Metcalf,CPT,5.80%,29.25
19,5277359488,Etty022,0,114.979996,CPT Quinshon Judkins FLEX Aaron Rodgers FLEX Jaylen Warren FLEX Deshaun Watson FLEX Roman Wilson FLEX Darnell Washington,,Aaron Rodgers,CPT,5.38%,35.94
19,5277387076,cadezane1,0,114.979996,CPT Quinshon Judkins FLEX Aaron Rodgers FLEX Jaylen Warren FLEX Deshaun Watson FLEX Roman Wilson FLEX Darnell Washington,,Steelers ,CPT,4.78%,9
19,5277506528,blacktillman24,0,114.979996,CPT Quinshon Judkins FLEX Aaron Rodgers FLEX Jaylen Warren FLEX Deshaun Watson FLEX Roman Wilson FLEX Darnell Washington,,Raheim Sanders,FLEX,4.68%,3.6
19,5277766374,sassmandw,0,114.979996,CPT Quinshon Judkins FLEX Aaron Rodgers FLEX Jaylen Warren FLEX Deshaun Watson FLEX Roman Wilson FLEX Darnell Washington,,Denzel Boston,CPT,4.29%,19.35
26,5277267640,Gingerbread2,0,114.95999,CPT Aaron Rodgers FLEX Deshaun Watson FLEX DK Metcalf FLEX Quinshon Judkins FLEX Roman Wilson FLEX Jerry Jeudy,,Jerry Jeudy,FLEX,3.58%,6.6
27,5276791966,gradyad,0,114.81,CPT DK Metcalf FLEX Aaron Rodgers FLEX Quinshon Judkins FLEX Denzel Boston FLEX Pat Freiermuth FLEX Roman Wilson,,KC Concepcion Jr.,CPT,3.40%,17.1
27,5277322722,iugbsteve,0,114.81,CPT DK Metcalf FLEX Aaron Rodgers FLEX Quinshon Judkins FLEX Denzel Boston FLEX Pat Freiermuth FLEX Roman Wilson,,Roman Wilson,CPT,2.76%,24.6
27,5277511050,Damadbowler,0,114.81,CPT DK Metcalf FLEX Aaron Rodgers FLEX Quinshon Judkins FLEX Denzel Boston FLEX Pat Freiermuth FLEX Roman Wilson,,Pat Freiermuth,CPT,2.52%,16.05
27,5277839443,anyelator,0,114.81,CPT DK Metcalf FLEX Aaron Rodgers FLEX Quinshon Judkins FLEX Denzel Boston FLEX Pat Freiermuth FLEX Roman Wilson,,Chris Boswell,CPT,1.80%,6
31,5275453645,prpichknows,0,114.66,CPT Quinshon Judkins FLEX Aaron Rodgers FLEX DK Metcalf FLEX Harold Fannin Jr. FLEX Pat Freiermuth FLEX Roman Wilson,,Michael Pittman Jr.,CPT,1.73%,5.25
31,5277846250,lavamancer86,0,114.66,CPT Quinshon Judkins FLEX Aaron Rodgers FLEX DK Metcalf FLEX Harold Fannin Jr. FLEX Pat Freiermuth FLEX Roman Wilson,,Browns ,CPT,1.68%,13.5
33,5277397836,schmidtsimmons,0,114.479996,CPT Quinshon Judkins FLEX Aaron Rodgers FLEX Deshaun Watson FLEX DK Metcalf FLEX Andre Szmyt FLEX Darnell Washington,,Ben Skowronek,FLEX,1.67%,1.7
34,5277576254,hkb1206,0,114.31,CPT DK Metcalf FLEX Aaron Rodgers FLEX Quinshon Judkins FLEX Harold Fannin Jr. FLEX KC Concepcion Jr. FLEX Roman Wilson,,Germie Bernard,FLEX,1.48%,3.1
34,5277800485,BRONCOMANIAC4EVA,0,114.31,CPT DK Metcalf FLEX Aaron Rodgers FLEX Quinshon Judkins FLEX Harold Fannin Jr. FLEX KC Concepcion Jr. FLEX Roman Wilson,,Blake Whiteheart,FLEX,1.03%,0
34,5277848548,BrooklynBawla,0,114.31,CPT DK Metcalf FLEX Aaron Rodgers FLEX Quinshon Judkins FLEX Harold Fannin Jr. FLEX KC Concepcion Jr. FLEX Roman Wilson,,Travis Homer,FLEX,0.93%,-0.1
37,5276892986,asilletta13,0,114.259995,CPT Roman Wilson FLEX Aaron Rodgers FLEX DK Metcalf FLEX Quinshon Judkins FLEX Denzel Boston FLEX Harold Fannin Jr.,,Darnell Washington,CPT,0.76%,17.55
37,5277150116,Battletank_II,0,114.259995,CPT Roman Wilson FLEX Aaron Rodgers FLEX DK Metcalf FLEX Quinshon Judkins FLEX Denzel Boston FLEX Harold Fannin Jr.,,Andre Szmyt,CPT,0.40%,18
39,5277114980,jlee7337,0,114.10999,CPT DK Metcalf FLEX Aaron Rodgers FLEX Jaylen Warren FLEX Quinshon Judkins FLEX Andre Szmyt FLEX Darnell Washington,,Jaleel McLaughlin,FLEX,0.29%,8.8
39,5277218978,wikkiwikki14,0,114.10999,CPT DK Metcalf FLEX Aaron Rodgers FLEX Jaylen Warren FLEX Quinshon Judkins FLEX Andre Szmyt FLEX Darnell Washington,,Robert Tonyan,FLEX,0.27%,0
39,5277730664,Goliath127,0,114.10999,CPT DK Metcalf FLEX Aaron Rodgers FLEX Jaylen Warren FLEX Quinshon Judkins FLEX Andre Szmyt FLEX Darnell Washington,,Isaiah Bond,FLEX,0.27%,1.2
42,5277371420,uneek78,0,113.45999,CPT Aaron Rodgers FLEX Deshaun Watson FLEX Quinshon Judkins FLEX Denzel Boston FLEX Roman Wilson FLEX Darnell Washington,,Raheim Sanders,CPT,0.25%,5.4
43,5277063851,TY54321,0,113.42999,CPT DK Metcalf FLEX Aaron Rodgers FLEX Deshaun Watson FLEX Quinshon Judkins FLEX Andre Szmyt FLEX Darnell Washington,,Jerry Jeudy,CPT,0.17%,9.9
44,5275556512,rebiii,0,113.11,CPT Pat Freiermuth FLEX Aaron Rodgers FLEX Jaylen Warren FLEX DK Metcalf FLEX Quinshon Judkins FLEX Roman Wilson,,Shedeur Sanders,FLEX,0.13%,0
44,5276702743,dbgator36,0,113.11,CPT DK Metcalf FLEX Aaron Rodgers FLEX Quinshon Judkins FLEX Denzel Boston FLEX Browns  FLEX Roman Wilson,,Lew Nichols,FLEX,0.08%,0
44,5277645809,derelicte01,0,113.11,CPT Pat Freiermuth FLEX Aaron Rodgers FLEX Jaylen Warren FLEX DK Metcalf FLEX Quinshon Judkins FLEX Roman Wilson,,Travis Homer,CPT,0.07%,-0.15
47,5277385075,mtruitt1985,0,112.56,CPT Aaron Rodgers FLEX Deshaun Watson FLEX Quinshon Judkins FLEX Harold Fannin Jr. FLEX Andre Szmyt FLEX Roman Wilson,,Kaden Wetjen,FLEX,0.03%,0
48,5276563655,ballaholick713,0,112.37999,CPT Roman Wilson FLEX Aaron Rodgers FLEX Jaylen Warren FLEX Deshaun Watson FLEX Quinshon Judkins FLEX Darnell Washington,,Blake Whiteheart,CPT,0.03%,0
49,5276972587,skunks20,0,112.34,CPT Aaron Rodgers FLEX DK Metcalf FLEX Quinshon Judkins FLEX Denzel Boston FLEX Pat Freiermuth FLEX Darnell Washington,,Riley Nowakowski,FLEX,0.03%,0
49,5277194374,andy751,0,112.34,CPT Aaron Rodgers FLEX Jaylen Warren FLEX DK Metcalf FLEX Denzel Boston FLEX Andre Szmyt FLEX Roman Wilson,,Malachi Corley,FLEX,0.03%,0
49,5277746165,Jrjoseph25,0,112.34,CPT Aaron Rodgers FLEX DK Metcalf FLEX Quinshon Judkins FLEX Denzel Boston FLEX Steelers  FLEX Roman Wilson,,Shedeur Sanders,CPT,0.03%,0
52,5275797405,zairejesiah,0,112.159996,CPT Quinshon Judkins FLEX Aaron Rodgers FLEX Jaylen Warren FLEX DK Metcalf FLEX Browns  FLEX Darnell Washington,,Mason Rudolph,FLEX,0.03%,0
53,5275487420,tdm85,0,112.079994,CPT Roman Wilson FLEX Aaron Rodgers FLEX Jaylen Warren FLEX Deshaun Watson FLEX Quinshon Judkins FLEX KC Concepcion Jr.,,Rico Dowdle,CPT,0.02%,0
53,5275533253,jeremiah12483,0,112.079994,CPT Roman Wilson FLEX Aaron Rodgers FLEX Jaylen Warren FLEX Deshaun Watson FLEX Quinshon Judkins FLEX KC Concepcion Jr.,,Eric Gray,FLEX,0.02%,0
53,5276130554,Zpriley23,0,112.079994,CPT Roman Wilson FLEX Aaron Rodgers FLEX Jaylen Warren FLEX Deshaun Watson FLEX Quinshon Judkins FLEX KC Concepcion Jr.,,Germie Bernard,CPT,0.02%,4.65
53,5276911538,Jbros22,0,112.079994,CPT Roman Wilson FLEX Aaron Rodgers FLEX Jaylen Warren FLEX Deshaun Watson FLEX Quinshon Judkins FLEX KC Concepcion Jr.,,Eli Heidenreich,FLEX,0.02%,0
53,5277039367,nprice74,0,112.079994,CPT Roman Wilson FLEX Aaron Rodgers FLEX Jaylen Warren FLEX Deshaun Watson FLEX Quinshon Judkins FLEX KC Concepcion Jr.,,Michael Burton,FLEX,0.02%,0
53,5277127471,DrunkenPirates,0,112.079994,CPT Roman Wilson FLEX Aaron Rodgers FLEX Jaylen Warren FLEX Deshaun Watson FLEX Quinshon Judkins FLEX KC Concepcion Jr.,,Dillon Gabriel,FLEX,0.02%,0
53,5277426736,boknowsjackson,0,112.079994,CPT Roman Wilson FLEX Aaron Rodgers FLEX Jaylen Warren FLEX Deshaun Watson FLEX Quinshon Judkins FLEX KC Concepcion Jr.,,Drew Allar,FLEX,0.02%,0
53,5277534527,easton136,0,112.079994,CPT Roman Wilson FLEX Aaron Rodgers FLEX Jaylen Warren FLEX Deshaun Watson FLEX Quinshon Judkins FLEX KC Concepcion Jr.,,Will Howard,FLEX,0.02%,0
53,5277563664,NO87,0,112.079994,CPT Roman Wilson FLEX Aaron Rodgers FLEX Jaylen Warren FLEX Deshaun Watson FLEX Quinshon Judkins FLEX KC Concepcion Jr.,,Taylen Green,FLEX,0.02%,0
53,5277594658,conconpyle,0,112.079994,CPT Roman Wilson FLEX Aaron Rodgers FLEX Jaylen Warren FLEX Deshaun Watson FLEX Quinshon Judkins FLEX KC Concepcion Jr.,,Isaiah Hodgins,FLEX,0.02%,0
53,5277665713,Spingokidd22,0,112.079994,CPT Roman Wilson FLEX Aaron Rodgers FLEX Jaylen Warren FLEX Deshaun Watson FLEX Quinshon Judkins FLEX KC Concepcion Jr.,,Jaleel McLaughlin,CPT,0.02%,13.2
53,5277761636,jbhguru77,0,112.079994,CPT Roman Wilson FLEX Aaron Rodgers FLEX Jaylen Warren FLEX Deshaun Watson FLEX Quinshon Judkins FLEX KC Concepcion Jr.,,Ben Skowronek,CPT,0.02%,2.55
53,5277804444,ThatsVarafied,0,112.079994,CPT Roman Wilson FLEX Aaron Rodgers FLEX Jaylen Warren FLEX Deshaun Watson FLEX Quinshon Judkins FLEX KC Concepcion Jr.,,Jimmy Horn Jr.,FLEX,0.02%,0
53,5277836821,Joey7308,0,112.079994,CPT Roman Wilson FLEX Aaron Rodgers FLEX Jaylen Warren FLEX Deshaun Watson FLEX Quinshon Judkins FLEX KC Concepcion Jr.,,,
53,5277864651,Greenj17,0,112.079994,CPT Roman Wilson FLEX Aaron Rodgers FLEX Jaylen Warren FLEX Deshaun Watson FLEX Quinshon Judkins FLEX KC Concepcion Jr.,,,
68,5277414044,WarrenMoonPies,0,112.06,CPT Quinshon Judkins FLEX Aaron Rodgers FLEX Jaylen Warren FLEX Harold Fannin Jr. FLEX Andre Szmyt FLEX Roman Wilson,,,
68,5277584682,whispygypsy,0,112.06,CPT Quinshon Judkins FLEX Aaron Rodgers FLEX Jaylen Warren FLEX Harold Fannin Jr. FLEX Andre Szmyt FLEX Roman Wilson,,,
68,5277709518,dboyz1054,0,112.06,CPT Quinshon Judkins FLEX Aaron Rodgers FLEX Jaylen Warren FLEX Harold Fannin Jr. FLEX Andre Szmyt FLEX Roman Wilson,,,
71,5276789777,eagleswinitall2,0,112.03999,CPT Aaron Rodgers FLEX Jaylen Warren FLEX DK Metcalf FLEX Denzel Boston FLEX Roman Wilson FLEX Darnell Washington,,,
72,5276710635,bubblehead99,0,111.979996,CPT Jaylen Warren FLEX Aaron Rodgers FLEX Deshaun Watson FLEX Quinshon Judkins FLEX Roman Wilson FLEX Darnell Washington,,,
72,5276887532,JBH3,0,111.979996,CPT Jaylen Warren FLEX Aaron Rodgers FLEX Deshaun Watson FLEX Quinshon Judkins FLEX Roman Wilson FLEX Darnell Washington,,,
72,5277011572,caution8081,0,111.979996,CPT Jaylen Warren FLEX Aaron Rodgers FLEX Deshaun Watson FLEX Quinshon Judkins FLEX Roman Wilson FLEX Darnell Washington,,,
72,5277033801,romansmom92,0,111.979996,CPT Jaylen Warren FLEX Aaron Rodgers FLEX Deshaun Watson FLEX Quinshon Judkins FLEX Roman Wilson FLEX Darnell Washington,,,
72,5277076999,Zarrelli,0,111.979996,CPT Jaylen Warren FLEX Aaron Rodgers FLEX Deshaun Watson FLEX Quinshon Judkins FLEX Roman Wilson FLEX Darnell Washington,,,
72,5277081398,dclinthammer,0,111.979996,CPT Jaylen Warren FLEX Aaron Rodgers FLEX Deshaun Watson FLEX Quinshon Judkins FLEX Roman Wilson FLEX Darnell Washington,,,
72,5277202505,aclifflewis,0,111.979996,CPT Jaylen Warren FLEX Aaron Rodgers FLEX Deshaun Watson FLEX Quinshon Judkins FLEX Roman Wilson FLEX Darnell Washington,,,
72,5277319971,HeartOfALion123,0,111.979996,CPT Jaylen Warren FLEX Aaron Rodgers FLEX Deshaun Watson FLEX Quinshon Judkins FLEX Roman Wilson FLEX Darnell Washington,,,
72,5277332751,haloguitars,0,111.979996,CPT Jaylen Warren FLEX Aaron Rodgers FLEX Deshaun Watson FLEX Quinshon Judkins FLEX Roman Wilson FLEX Darnell Washington,,,
72,5277350967,ShortyB17,0,111.979996,CPT Jaylen Warren FLEX Aaron Rodgers FLEX Deshaun Watson FLEX Quinshon Judkins FLEX Roman Wilson FLEX Darnell Washington,,,
72,5277420502,bmeintz,0,111.979996,CPT Jaylen Warren FLEX Aaron Rodgers FLEX Deshaun Watson FLEX Quinshon Judkins FLEX Roman Wilson FLEX Darnell Washington,,,
72,5277477890,DodgeStratus,0,111.979996,CPT Jaylen Warren FLEX Aaron Rodgers FLEX Deshaun Watson FLEX Quinshon Judkins FLEX Roman Wilson FLEX Darnell Washington,,,
72,5277593265,enniskar,0,111.979996,CPT Jaylen Warren FLEX Aaron Rodgers FLEX Deshaun Watson FLEX Quinshon Judkins FLEX Roman Wilson FLEX Darnell Washington,,,
72,5277615316,xXxPLOSIVE,0,111.979996,CPT Jaylen Warren FLEX Aaron Rodgers FLEX Deshaun Watson FLEX Quinshon Judkins FLEX Roman Wilson FLEX Darnell Washington,,,
72,5277716239,KSteets00,0,111.979996,CPT Jaylen Warren FLEX Aaron Rodgers FLEX Deshaun Watson FLEX Quinshon Judkins FLEX Roman Wilson FLEX Darnell Washington,,,
72,5277719785,yuyeling,0,111.979996,CPT Jaylen Warren FLEX Aaron Rodgers FLEX Deshaun Watson FLEX Quinshon Judkins FLEX Roman Wilson FLEX Darnell Washington,,,
72,5277876941,lafrandaniel84,0,111.979996,CPT Jaylen Warren FLEX Aaron Rodgers FLEX Deshaun Watson FLEX Quinshon Judkins FLEX Roman Wilson FLEX Darnell Washington,,,
89,5277092003,jnevy04,0,111.829994,CPT DK Metcalf FLEX Aaron Rodgers FLEX Jaylen Warren FLEX Deshaun Watson FLEX Roman Wilson FLEX Darnell Washington,,,
89,5277145655,Uniontownunicorns,0,111.829994,CPT DK Metcalf FLEX Aaron Rodgers FLEX Jaylen Warren FLEX Deshaun Watson FLEX Roman Wilson FLEX Darnell Washington,,,
89,5277453635,a_drain11,0,111.829994,CPT DK Metcalf FLEX Aaron Rodgers FLEX Jaylen Warren FLEX Deshaun Watson FLEX Roman Wilson FLEX Darnell Washington,,,
89,5277571081,robbwarren1231,0,111.829994,CPT DK Metcalf FLEX Aaron Rodgers FLEX Jaylen Warren FLEX Deshaun Watson FLEX Roman Wilson FLEX Darnell Washington,,,
89,5277619084,mitchkenady,0,111.829994,CPT DK Metcalf FLEX Aaron Rodgers FLEX Jaylen Warren FLEX Deshaun Watson FLEX Roman Wilson FLEX Darnell Washington,,,
89,5277789378,playtowin24,0,111.829994,CPT DK Metcalf FLEX Aaron Rodgers FLEX Jaylen Warren FLEX Deshaun Watson FLEX Roman Wilson FLEX Darnell Washington,,,
95,5275883321,tmotoill,0,111.63999,CPT Deshaun Watson FLEX Aaron Rodgers FLEX Jaylen Warren FLEX Quinshon Judkins FLEX Roman Wilson FLEX Darnell Washington,,,
95,5277140096,kingemily,0,111.63999,CPT Deshaun Watson FLEX Aaron Rodgers FLEX Jaylen Warren FLEX Quinshon Judkins FLEX Roman Wilson FLEX Darnell Washington,,,
95,5277153310,Tmart2170,0,111.63999,CPT Deshaun Watson FLEX Aaron Rodgers FLEX Jaylen Warren FLEX Quinshon Judkins FLEX Roman Wilson FLEX Darnell Washington,,,
95,5277642618,teedevuci,0,111.63999,CPT Deshaun Watson FLEX Aaron Rodgers FLEX Jaylen Warren FLEX Quinshon Judkins FLEX Roman Wilson FLEX Darnell Washington,,,
95,5277743662,jrost,0,111.63999,CPT Deshaun Watson FLEX Aaron Rodgers FLEX Jaylen Warren FLEX Quinshon Judkins FLEX Roman Wilson FLEX Darnell Washington,,,
100,5277415423,gajendravarma,0,111.46,CPT Jaylen Warren FLEX Aaron Rodgers FLEX DK Metcalf FLEX Quinshon Judkins FLEX Roman Wilson FLEX Jerry Jeudy,,,
100,5277758182,dbeck3232,0,111.46,CPT KC Concepcion Jr. FLEX Aaron Rodgers FLEX DK Metcalf FLEX Quinshon Judkins FLEX Denzel Boston FLEX Roman Wilson,,,
102,5275916663,cedarwacker,0,111.37999,CPT Roman Wilson FLEX Aaron Rodgers FLEX Jaylen Warren FLEX Deshaun Watson FLEX Quinshon Judkins FLEX Pat Freiermuth,,,
102,5277576855,philtnt,0,111.37999,CPT Roman Wilson FLEX Aaron Rodgers FLEX Jaylen Warren FLEX Deshaun Watson FLEX Quinshon Judkins FLEX Pat Freiermuth,,,
104,5277409808,sibobterminator,0,111.36,CPT Aaron Rodgers FLEX Deshaun Watson FLEX DK Metcalf FLEX Denzel Boston FLEX Roman Wilson FLEX Darnell Washington,,,
105,5277333878,spencer719,0,111.28,CPT Quinshon Judkins FLEX Aaron Rodgers FLEX Deshaun Watson FLEX Denzel Boston FLEX Pat Freiermuth FLEX Roman Wilson,,,
105,5277419723,cuttycut25,0,111.28,CPT Quinshon Judkins FLEX Aaron Rodgers FLEX Deshaun Watson FLEX Denzel Boston FLEX Pat Freiermuth FLEX Roman Wilson,,,
105,5277640408,sotajames,0,111.28,CPT Quinshon Judkins FLEX Aaron Rodgers FLEX Deshaun Watson FLEX Denzel Boston FLEX Pat Freiermuth FLEX Roman Wilson,,,
108,5275480877,axelman,0,111.259995,CPT Aaron Rodgers FLEX Deshaun Watson FLEX Quinshon Judkins FLEX Harold Fannin Jr. FLEX Pat Freiermuth FLEX Roman Wilson,,,
108,5276762107,DMBF3448088,0,111.259995,CPT Aaron Rodgers FLEX Deshaun Watson FLEX Quinshon Judkins FLEX Harold Fannin Jr. FLEX Pat Freiermuth FLEX Roman Wilson,,,
108,5276999125,glloyd95,0,111.259995,CPT Aaron Rodgers FLEX Deshaun Watson FLEX Quinshon Judkins FLEX Harold Fannin Jr. FLEX Pat Freiermuth FLEX Roman Wilson,,,
108,5277258508,emorr,0,111.259995,CPT Aaron Rodgers FLEX Deshaun Watson FLEX Quinshon Judkins FLEX Harold Fannin Jr. FLEX Pat Freiermuth FLEX Roman Wilson,,,
108,5277323712,flow124,0,111.259995,CPT Aaron Rodgers FLEX Deshaun Watson FLEX Quinshon Judkins FLEX Harold Fannin Jr. FLEX Pat Freiermuth FLEX Roman Wilson,,,
108,5277498595,gman1973a,0,111.259995,CPT Roman Wilson FLEX Aaron Rodgers FLEX Jaylen Warren FLEX DK Metcalf FLEX Quinshon Judkins FLEX Steelers ,,,
114,5277855448,OttoRebel,0,111.23999,CPT Aaron Rodgers FLEX Jaylen Warren FLEX DK Metcalf FLEX Quinshon Judkins FLEX Andre Szmyt FLEX Jerry Jeudy,,,
115,5277093209,MrRobinson214,0,111.14,CPT Aaron Rodgers FLEX DK Metcalf FLEX Quinshon Judkins FLEX Harold Fannin Jr. FLEX Pat Freiermuth FLEX Darnell Washington,,,
115,5277212245,cdt123,0,111.13999,CPT Deshaun Watson FLEX Aaron Rodgers FLEX DK Metcalf FLEX Quinshon Judkins FLEX Andre Szmyt FLEX Darnell Washington,,,
115,5277248813,Goon55555,0,111.13999,CPT Deshaun Watson FLEX Aaron Rodgers FLEX DK Metcalf FLEX Quinshon Judkins FLEX Andre Szmyt FLEX Darnell Washington,,,
118,5277835666,c_losonic22,0,110.84,CPT Aaron Rodgers FLEX Jaylen Warren FLEX DK Metcalf FLEX Harold Fannin Jr. FLEX Roman Wilson FLEX Darnell Washington,,,
119,5275927719,dcgibson,0,110.78,CPT Quinshon Judkins FLEX Aaron Rodgers FLEX Deshaun Watson FLEX DK Metcalf FLEX Raheim Sanders FLEX Roman Wilson,,,
120,5276835142,NWR80,0,110.76,CPT Quinshon Judkins FLEX Aaron Rodgers FLEX Jaylen Warren FLEX Harold Fannin Jr. FLEX Pat Freiermuth FLEX Roman Wilson,,,
120,5277497216,bigserg75,0,110.76,CPT Quinshon Judkins FLEX Aaron Rodgers FLEX Jaylen Warren FLEX Harold Fannin Jr. FLEX Pat Freiermuth FLEX Roman Wilson,,,
120,5277721465,snookybiz,0,110.76,CPT Quinshon Judkins FLEX Aaron Rodgers FLEX Jaylen Warren FLEX Harold Fannin Jr. FLEX Pat Freiermuth FLEX Roman Wilson,,,
123,5275803214,Wilker4MayorGreenBay,0,110.579994,CPT Roman Wilson FLEX Aaron Rodgers FLEX Jaylen Warren FLEX Deshaun Watson FLEX DK Metcalf FLEX Andre Szmyt,,,
124,5276577709,ZachRuf13,0,110.35999,CPT Roman Wilson FLEX Aaron Rodgers FLEX Jaylen Warren FLEX Quinshon Judkins FLEX Denzel Boston FLEX Harold Fannin Jr.,,,
124,5276986171,jdjay,0,110.35999,CPT Roman Wilson FLEX Aaron Rodgers FLEX Jaylen Warren FLEX Quinshon Judkins FLEX Denzel Boston FLEX Harold Fannin Jr.,,,
124,5277031723,dabears56,0,110.35999,CPT Roman Wilson FLEX Aaron Rodgers FLEX Jaylen Warren FLEX Quinshon Judkins FLEX Denzel Boston FLEX Harold Fannin Jr.,,,
124,5277197523,mitchellbuhd,0,110.35999,CPT Roman Wilson FLEX Aaron Rodgers FLEX Jaylen Warren FLEX Quinshon Judkins FLEX Denzel Boston FLEX Harold Fannin Jr.,,,
124,5277330568,ScottoD12,0,110.35999,CPT Roman Wilson FLEX Aaron Rodgers FLEX Jaylen Warren FLEX Quinshon Judkins FLEX Denzel Boston FLEX Harold Fannin Jr.,,,
124,5277358664,ButterFingerBrady,0,110.35999,CPT Roman Wilson FLEX Aaron Rodgers FLEX Jaylen Warren FLEX Quinshon Judkins FLEX Denzel Boston FLEX Harold Fannin Jr.,,,
124,5277441486,HaiTime,0,110.35999,CPT Roman Wilson FLEX Aaron Rodgers FLEX Jaylen Warren FLEX Quinshon Judkins FLEX Denzel Boston FLEX Harold Fannin Jr.,,,
124,5277480219,Macace,0,110.35999,CPT Roman Wilson FLEX Aaron Rodgers FLEX Jaylen Warren FLEX Quinshon Judkins FLEX Denzel Boston FLEX Harold Fannin Jr.,,,
124,5277589566,daddychaddy,0,110.35999,CPT Roman Wilson FLEX Aaron Rodgers FLEX Jaylen Warren FLEX Quinshon Judkins FLEX Denzel Boston FLEX Harold Fannin Jr.,,,
124,5277662615,Maloneymat16,0,110.35999,CPT Roman Wilson FLEX Aaron Rodgers FLEX Jaylen Warren FLEX Quinshon Judkins FLEX Denzel Boston FLEX Darnell Washington,,,
124,5277671495,Gilballer,0,110.35999,CPT Roman Wilson FLEX Aaron Rodgers FLEX Jaylen Warren FLEX Quinshon Judkins FLEX Denzel Boston FLEX Harold Fannin Jr.,,,
124,5277815226,cleTuswiThaT,0,110.35999,CPT Roman Wilson FLEX Aaron Rodgers FLEX Jaylen Warren FLEX Quinshon Judkins FLEX Denzel Boston FLEX Harold Fannin Jr.,,,
136,5277566012,Geauxgonzo,0,110.26,CPT Quinshon Judkins FLEX Aaron Rodgers FLEX DK Metcalf FLEX Harold Fannin Jr. FLEX Pat Freiermuth FLEX Andre Szmyt,,,
136,5277607204,CrazyLegs_23,0,110.26,CPT Jaylen Warren FLEX Aaron Rodgers FLEX Quinshon Judkins FLEX Denzel Boston FLEX Andre Szmyt FLEX Roman Wilson,,,
136,5277315151,packfan2510,0,110.259995,CPT KC Concepcion Jr. FLEX Aaron Rodgers FLEX DK Metcalf FLEX Quinshon Judkins FLEX Harold Fannin Jr. FLEX Roman Wilson,,,
139,5277232594,RROOAARR,0,110.14,CPT Aaron Rodgers FLEX Jaylen Warren FLEX DK Metcalf FLEX Pat Freiermuth FLEX Andre Szmyt FLEX Roman Wilson,,,
140,5277422228,miseenplace86,0,110.11,CPT DK Metcalf FLEX Aaron Rodgers FLEX Quinshon Judkins FLEX Denzel Boston FLEX Steelers  FLEX Roman Wilson,,,
141,5275423441,jterpstra,0,110.08,CPT Quinshon Judkins FLEX Aaron Rodgers FLEX Deshaun Watson FLEX Harold Fannin Jr. FLEX Pat Freiermuth FLEX Roman Wilson,,,
141,5276146598,madcow1120,0,110.08,CPT Quinshon Judkins FLEX Aaron Rodgers FLEX Deshaun Watson FLEX Harold Fannin Jr. FLEX Pat Freiermuth FLEX Roman Wilson,,,
141,5277214571,nreason,0,110.08,CPT Quinshon Judkins FLEX Aaron Rodgers FLEX Deshaun Watson FLEX Harold Fannin Jr. FLEX Pat Freiermuth FLEX Roman Wilson,,,
141,5277670845,SteveG30,0,110.08,CPT Quinshon Judkins FLEX Aaron Rodgers FLEX Deshaun Watson FLEX Harold Fannin Jr. FLEX Pat Freiermuth FLEX Roman Wilson,,,
145,5276114578,char3933,0,109.90999,CPT Darnell Washington FLEX Aaron Rodgers FLEX Jaylen Warren FLEX DK Metcalf FLEX Quinshon Judkins FLEX Harold Fannin Jr.,,,
145,5277380840,JRH920,0,109.90999,CPT Darnell Washington FLEX Aaron Rodgers FLEX Jaylen Warren FLEX DK Metcalf FLEX Quinshon Judkins FLEX Harold Fannin Jr.,,,
147,5277616655,omega_gt,0,109.88,CPT Quinshon Judkins FLEX Aaron Rodgers FLEX Jaylen Warren FLEX Deshaun Watson FLEX Roman Wilson FLEX Jerry Jeudy,,,
148,5277503931,coopwill11,0,109.70999,CPT Harold Fannin Jr. FLEX Aaron Rodgers FLEX DK Metcalf FLEX Quinshon Judkins FLEX Pat Freiermuth FLEX Roman Wilson,,,
149,5275510903,Nycsourdiesel,0,109.61,CPT Darnell Washington FLEX Aaron Rodgers FLEX Jaylen Warren FLEX DK Metcalf FLEX Quinshon Judkins FLEX KC Concepcion Jr.,,,
149,5277314696,Pokediggy,0,109.60999,CPT DK Metcalf FLEX Aaron Rodgers FLEX Quinshon Judkins FLEX Harold Fannin Jr. FLEX KC Concepcion Jr. FLEX Darnell Washington,,,
149,5277589670,AJHealy98,0,109.60999,CPT DK Metcalf FLEX Aaron Rodgers FLEX Quinshon Judkins FLEX Harold Fannin Jr. FLEX KC Concepcion Jr. FLEX Darnell Washington,,,
149,5277613548,poz1171,0,109.60999,CPT DK Metcalf FLEX Aaron Rodgers FLEX Quinshon Judkins FLEX Harold Fannin Jr. FLEX KC Concepcion Jr. FLEX Darnell Washington,,,
153,5276211300,brake25,0,109.58,CPT Quinshon Judkins FLEX Aaron Rodgers FLEX Deshaun Watson FLEX Denzel Boston FLEX Browns  FLEX Roman Wilson,,,
153,5276224273,ronmexicoburgundy,0,109.58,CPT Quinshon Judkins FLEX Aaron Rodgers FLEX Deshaun Watson FLEX Denzel Boston FLEX Browns  FLEX Roman Wilson,,,
155,5277371695,Orcazcissors,0,109.53999,CPT Aaron Rodgers FLEX Jaylen Warren FLEX DK Metcalf FLEX KC Concepcion Jr. FLEX Pat Freiermuth FLEX Roman Wilson,,,
155,5277796386,zklaiman,0,109.53999,CPT Aaron Rodgers FLEX Jaylen Warren FLEX DK Metcalf FLEX KC Concepcion Jr. FLEX Pat Freiermuth FLEX Roman Wilson,,,
157,5276829501,frichards5,0,109.27999,CPT Roman Wilson FLEX Aaron Rodgers FLEX Jaylen Warren FLEX Deshaun Watson FLEX DK Metcalf FLEX Pat Freiermuth,,,
158,5276241188,cwwest88,0,109.259995,CPT Roman Wilson FLEX Aaron Rodgers FLEX Jaylen Warren FLEX DK Metcalf FLEX Quinshon Judkins FLEX Chris Boswell,,,
159,5277054455,cowboydee76,0,109.229996,CPT Darnell Washington FLEX Aaron Rodgers FLEX Deshaun Watson FLEX DK Metcalf FLEX Quinshon Judkins FLEX Harold Fannin Jr.,,,
159,5277060094,mbviking84,0,109.229996,CPT Darnell Washington FLEX Aaron Rodgers FLEX Deshaun Watson FLEX DK Metcalf FLEX Quinshon Judkins FLEX Harold Fannin Jr.,,,
161,5275481178,sigmaderby1,0,109.21,CPT DK Metcalf FLEX Aaron Rodgers FLEX Quinshon Judkins FLEX Harold Fannin Jr. FLEX Pat Freiermuth FLEX Andre Szmyt,,,
161,5277830039,JBGilmore,0,109.21,CPT DK Metcalf FLEX Aaron Rodgers FLEX Quinshon Judkins FLEX Harold Fannin Jr. FLEX Pat Freiermuth FLEX Andre Szmyt,,,
163,5276651055,Jerry2044,0,109.13,CPT DK Metcalf FLEX Aaron Rodgers FLEX Deshaun Watson FLEX Denzel Boston FLEX Roman Wilson FLEX Darnell Washington,,,
164,5275976751,vtwinrider88307,0,109.06,CPT Quinshon Judkins FLEX Aaron Rodgers FLEX Jaylen Warren FLEX Harold Fannin Jr. FLEX Browns  FLEX Roman Wilson,,,
164,5276340409,kincz,0,109.06,CPT Jaylen Warren FLEX Aaron Rodgers FLEX Quinshon Judkins FLEX Harold Fannin Jr. FLEX Andre Szmyt FLEX Roman Wilson,,,
164,5277808010,kanelindsay,0,109.06,CPT Quinshon Judkins FLEX Aaron Rodgers FLEX Jaylen Warren FLEX Harold Fannin Jr. FLEX Browns  FLEX Roman Wilson,,,
167,5276098815,buggey55,0,108.96,CPT Jaylen Warren FLEX Aaron Rodgers FLEX DK Metcalf FLEX Quinshon Judkins FLEX Harold Fannin Jr. FLEX Jaleel McLaughlin,,,
167,5276743760,Brewcrew116,0,108.96,CPT Jaylen Warren FLEX Aaron Rodgers FLEX DK Metcalf FLEX Quinshon Judkins FLEX Harold Fannin Jr. FLEX Jaleel McLaughlin,,,
167,5276059485,Cedarbug,0,108.95999,CPT Aaron Rodgers FLEX Jaylen Warren FLEX Deshaun Watson FLEX DK Metcalf FLEX Roman Wilson FLEX Jerry Jeudy,,,
167,5277018853,BobMarni915,0,108.95999,CPT Aaron Rodgers FLEX Jaylen Warren FLEX Deshaun Watson FLEX DK Metcalf FLEX Roman Wilson FLEX Jerry Jeudy,,,
167,5277779921,CNOLAN,0,108.95999,CPT Aaron Rodgers FLEX Jaylen Warren FLEX Deshaun Watson FLEX DK Metcalf FLEX Roman Wilson FLEX Jerry Jeudy,,,
172,5276478734,kingofviper01,0,108.909996,CPT DK Metcalf FLEX Aaron Rodgers FLEX Jaylen Warren FLEX Harold Fannin Jr. FLEX Andre Szmyt FLEX Roman Wilson,,,
172,5277155601,jeffn874,0,108.909996,CPT DK Metcalf FLEX Aaron Rodgers FLEX Jaylen Warren FLEX Harold Fannin Jr. FLEX Andre Szmyt FLEX Roman Wilson,,,
172,5277277048,kingzoe500,0,108.909996,CPT DK Metcalf FLEX Aaron Rodgers FLEX Jaylen Warren FLEX Harold Fannin Jr. FLEX Andre Szmyt FLEX Roman Wilson,,,
172,5277654277,TheTomachu,0,108.909996,CPT DK Metcalf FLEX Aaron Rodgers FLEX Quinshon Judkins FLEX KC Concepcion Jr. FLEX Pat Freiermuth FLEX Andre Szmyt,,,
176,5276957778,westbla,0,108.86,CPT Aaron Rodgers FLEX Deshaun Watson FLEX DK Metcalf FLEX KC Concepcion Jr. FLEX Pat Freiermuth FLEX Roman Wilson,,,
177,5276284220,Jaz60,0,108.759995,CPT Jaylen Warren FLEX Aaron Rodgers FLEX Quinshon Judkins FLEX Harold Fannin Jr. FLEX Roman Wilson FLEX Darnell Washington,,,
177,5277385370,Arcani,0,108.759995,CPT Jaylen Warren FLEX Aaron Rodgers FLEX Quinshon Judkins FLEX Harold Fannin Jr. FLEX Roman Wilson FLEX Darnell Washington,,,
179,5276706745,4tot,0,108.53,CPT Pat Freiermuth FLEX Aaron Rodgers FLEX Jaylen Warren FLEX Deshaun Watson FLEX Quinshon Judkins FLEX Roman Wilson,,,
179,5277199189,DONDOUG,0,108.53,CPT Pat Freiermuth FLEX Aaron Rodgers FLEX Jaylen Warren FLEX Deshaun Watson FLEX Quinshon Judkins FLEX Roman Wilson,,,
179,5277273670,BADM00N,0,108.53,CPT Pat Freiermuth FLEX Aaron Rodgers FLEX Jaylen Warren FLEX Deshaun Watson FLEX Quinshon Judkins FLEX Roman Wilson,,,
179,5277416299,dance848,0,108.53,CPT Pat Freiermuth FLEX Aaron Rodgers FLEX Jaylen Warren FLEX Deshaun Watson FLEX Quinshon Judkins FLEX Roman Wilson,,,
179,5277433862,rogeralan60,0,108.53,CPT Pat Freiermuth FLEX Aaron Rodgers FLEX Jaylen Warren FLEX Deshaun Watson FLEX Quinshon Judkins FLEX Roman Wilson,,,
179,5277758685,Elway3,0,108.53,CPT Pat Freiermuth FLEX Aaron Rodgers FLEX Jaylen Warren FLEX Deshaun Watson FLEX Quinshon Judkins FLEX Roman Wilson,,,
179,5277784680,DAWGBITE84,0,108.53,CPT Pat Freiermuth FLEX Aaron Rodgers FLEX Jaylen Warren FLEX Deshaun Watson FLEX Quinshon Judkins FLEX Roman Wilson,,,
179,5277862663,Joeroo1982,0,108.53,CPT Pat Freiermuth FLEX Aaron Rodgers FLEX Jaylen Warren FLEX Deshaun Watson FLEX Quinshon Judkins FLEX Roman Wilson,,,
187,5277426047,NORTHFORK888,0,108.329994,CPT DK Metcalf FLEX Aaron Rodgers FLEX Deshaun Watson FLEX Quinshon Judkins FLEX Andre Szmyt FLEX Jerry Jeudy,,,
188,5276588613,mrdonahue,0,108.259995,CPT Roman Wilson FLEX Aaron Rodgers FLEX Jaylen Warren FLEX DK Metcalf FLEX Denzel Boston FLEX Harold Fannin Jr.,,,
188,5276806922,gator057,0,108.259995,CPT Roman Wilson FLEX Aaron Rodgers FLEX Jaylen Warren FLEX DK Metcalf FLEX Denzel Boston FLEX Harold Fannin Jr.,,,
188,5277018827,bcarney710,0,108.259995,CPT Roman Wilson FLEX Aaron Rodgers FLEX Jaylen Warren FLEX DK Metcalf FLEX Denzel Boston FLEX Harold Fannin Jr.,,,
188,5277141760,RickyBrett,0,108.259995,CPT Roman Wilson FLEX Aaron Rodgers FLEX Jaylen Warren FLEX DK Metcalf FLEX Denzel Boston FLEX Harold Fannin Jr.,,,
188,5277389645,beautyqueen90,0,108.259995,CPT Roman Wilson FLEX Aaron Rodgers FLEX Jaylen Warren FLEX DK Metcalf FLEX Denzel Boston FLEX Harold Fannin Jr.,,,
188,5277431232,miraclebet,0,108.259995,CPT Roman Wilson FLEX Aaron Rodgers FLEX Jaylen Warren FLEX DK Metcalf FLEX Denzel Boston FLEX Harold Fannin Jr.,,,
188,5277666238,N2Deep4U,0,108.259995,CPT Roman Wilson FLEX Aaron Rodgers FLEX Jaylen Warren FLEX DK Metcalf FLEX Denzel Boston FLEX Harold Fannin Jr.,,,
188,5277791982,janxon007,0,108.259995,CPT Roman Wilson FLEX Aaron Rodgers FLEX Jaylen Warren FLEX DK Metcalf FLEX Denzel Boston FLEX Harold Fannin Jr.,,,
188,5277819088,Mtrainor6,0,108.259995,CPT Roman Wilson FLEX Aaron Rodgers FLEX Jaylen Warren FLEX DK Metcalf FLEX Denzel Boston FLEX Harold Fannin Jr.,,,
188,5277849596,ct510,0,108.259995,CPT Roman Wilson FLEX Aaron Rodgers FLEX Jaylen Warren FLEX DK Metcalf FLEX Denzel Boston FLEX Harold Fannin Jr.,,,
198,5275849704,Ryckk,0,108.16,CPT Jaylen Warren FLEX Aaron Rodgers FLEX DK Metcalf FLEX Denzel Boston FLEX Andre Szmyt FLEX Roman Wilson,,,
198,5276977674,EvoJoe2324,0,108.16,CPT Jaylen Warren FLEX Aaron Rodgers FLEX DK Metcalf FLEX Denzel Boston FLEX Andre Szmyt FLEX Roman Wilson,,,
200,5276136353,forhever,0,108.14,CPT Aaron Rodgers FLEX Jaylen Warren FLEX DK Metcalf FLEX Harold Fannin Jr. FLEX Browns  FLEX Roman Wilson,,,
201,5277464740,lupester36,0,108.11,CPT DK Metcalf FLEX Aaron Rodgers FLEX Quinshon Judkins FLEX Denzel Boston FLEX Chris Boswell FLEX Roman Wilson,,,
202,5277003045,dubb22,0,108.079994,CPT Quinshon Judkins FLEX Aaron Rodgers FLEX Deshaun Watson FLEX DK Metcalf FLEX Pat Freiermuth FLEX Jerry Jeudy,,,
203,5277698602,bmroyce24,0,108.03,CPT Pat Freiermuth FLEX Aaron Rodgers FLEX Deshaun Watson FLEX DK Metcalf FLEX Quinshon Judkins FLEX Andre Szmyt,,,
204,5277199354,WaitTilNextYear,0,107.939995,CPT Deshaun Watson FLEX Aaron Rodgers FLEX DK Metcalf FLEX Quinshon Judkins FLEX Harold Fannin Jr. FLEX Jaleel McLaughlin,,,
205,5277587853,obeastone,0,107.93,CPT DK Metcalf FLEX Aaron Rodgers FLEX Deshaun Watson FLEX KC Concepcion Jr. FLEX Andre Szmyt FLEX Roman Wilson,,,
205,5277436882,Parrothead34,0,107.92999,CPT DK Metcalf FLEX Aaron Rodgers FLEX Deshaun Watson FLEX Harold Fannin Jr. FLEX Roman Wilson FLEX Darnell Washington,,,
205,5277771392,dkcasino,0,107.92999,CPT DK Metcalf FLEX Aaron Rodgers FLEX Deshaun Watson FLEX Harold Fannin Jr. FLEX Roman Wilson FLEX Darnell Washington,,,
208,5276678018,skins2111,0,107.84,CPT Aaron Rodgers FLEX DK Metcalf FLEX Denzel Boston FLEX Harold Fannin Jr. FLEX KC Concepcion Jr. FLEX Roman Wilson,,,
209,5275613143,Baller3311,0,107.76,CPT Jaylen Warren FLEX Aaron Rodgers FLEX Quinshon Judkins FLEX Harold Fannin Jr. FLEX Pat Freiermuth FLEX Roman Wilson,,,
209,5276495623,larryoar,0,107.76,CPT Jaylen Warren FLEX Aaron Rodgers FLEX Quinshon Judkins FLEX Harold Fannin Jr. FLEX Pat Freiermuth FLEX Roman Wilson,,,
209,5276498314,Skylinks49,0,107.76,CPT Jaylen Warren FLEX Aaron Rodgers FLEX Quinshon Judkins FLEX Harold Fannin Jr. FLEX Pat Freiermuth FLEX Roman Wilson,,,
209,5276647647,rebelplaya,0,107.76,CPT Jaylen Warren FLEX Aaron Rodgers FLEX Quinshon Judkins FLEX Harold Fannin Jr. FLEX Pat Freiermuth FLEX Roman Wilson,,,
209,5276647861,wrangler24,0,107.76,CPT Jaylen Warren FLEX Aaron Rodgers FLEX Quinshon Judkins FLEX Harold Fannin Jr. FLEX Pat Freiermuth FLEX Roman Wilson,,,
209,5276697880,wurm11,0,107.76,CPT Jaylen Warren FLEX Aaron Rodgers FLEX Quinshon Judkins FLEX Harold Fannin Jr. FLEX Pat Freiermuth FLEX Roman Wilson,,,
209,5276902511,KyCardinals32,0,107.76,CPT Jaylen Warren FLEX Aaron Rodgers FLEX Quinshon Judkins FLEX Harold Fannin Jr. FLEX Pat Freiermuth FLEX Roman Wilson,,,
209,5276923303,jonan,0,107.76,CPT Jaylen Warren FLEX Aaron Rodgers FLEX Quinshon Judkins FLEX Harold Fannin Jr. FLEX Pat Freiermuth FLEX Roman Wilson,,,
209,5277079396,KirkvilleKiller,0,107.76,CPT Jaylen Warren FLEX Aaron Rodgers FLEX Quinshon Judkins FLEX Harold Fannin Jr. FLEX Pat Freiermuth FLEX Roman Wilson,,,
209,5277132796,Disgustipated,0,107.76,CPT Jaylen Warren FLEX Aaron Rodgers FLEX Quinshon Judkins FLEX Harold Fannin Jr. FLEX Pat Freiermuth FLEX Roman Wilson,,,
209,5277293458,rharker,0,107.76,CPT Jaylen Warren FLEX Aaron Rodgers FLEX Quinshon Judkins FLEX Harold Fannin Jr. FLEX Pat Freiermuth FLEX Roman Wilson,,,
209,5277543526,muscott08,0,107.76,CPT Jaylen Warren FLEX Aaron Rodgers FLEX Quinshon Judkins FLEX Harold Fannin Jr. FLEX Pat Freiermuth FLEX Roman Wilson,,,
209,5277693456,NAMBO1956,0,107.76,CPT Jaylen Warren FLEX Aaron Rodgers FLEX Quinshon Judkins FLEX Harold Fannin Jr. FLEX Pat Freiermuth FLEX Roman Wilson,,,
209,5277721458,jagertaker,0,107.76,CPT Jaylen Warren FLEX Aaron Rodgers FLEX Quinshon Judkins FLEX Harold Fannin Jr. FLEX Pat Freiermuth FLEX Roman Wilson,,,
209,5277759832,devc72,0,107.76,CPT Jaylen Warren FLEX Aaron Rodgers FLEX Quinshon Judkins FLEX Harold Fannin Jr. FLEX Pat Freiermuth FLEX Roman Wilson,,,
209,5277866357,c4o2y0,0,107.76,CPT Jaylen Warren FLEX Aaron Rodgers FLEX Quinshon Judkins FLEX Harold Fannin Jr. FLEX Pat Freiermuth FLEX Roman Wilson,,,
225,5277781935,owllover77,0,107.74,CPT Deshaun Watson FLEX Aaron Rodgers FLEX Quinshon Judkins FLEX KC Concepcion Jr. FLEX Andre Szmyt FLEX Roman Wilson,,,
226,5277326580,Jfrow04,0,107.64,CPT Aaron Rodgers FLEX Jaylen Warren FLEX DK Metcalf FLEX Denzel Boston FLEX Andre Szmyt FLEX Darnell Washington,,,
227,5277555650,BlueDevil3331,0,107.62,CPT Roman Wilson FLEX Jaylen Warren FLEX Deshaun Watson FLEX DK Metcalf FLEX Quinshon Judkins FLEX KC Concepcion Jr.,,,
228,5277289531,kafedaiv,0,107.61,CPT DK Metcalf FLEX Aaron Rodgers FLEX Jaylen Warren FLEX Harold Fannin Jr. FLEX Pat Freiermuth FLEX Roman Wilson,,,
228,5277639366,gmemygld,0,107.61,CPT DK Metcalf FLEX Aaron Rodgers FLEX Jaylen Warren FLEX Harold Fannin Jr. FLEX Pat Freiermuth FLEX Roman Wilson,,,
228,5277864079,D1Sparty,0,107.60999,CPT Denzel Boston FLEX Aaron Rodgers FLEX Jaylen Warren FLEX Quinshon Judkins FLEX Pat Freiermuth FLEX Roman Wilson,,,
231,5275456967,elboden,0,107.579994,CPT Roman Wilson FLEX Aaron Rodgers FLEX Deshaun Watson FLEX DK Metcalf FLEX Denzel Boston FLEX Harold Fannin Jr.,,,
231,5275785622,jason0615,0,107.579994,CPT Roman Wilson FLEX Aaron Rodgers FLEX Deshaun Watson FLEX DK Metcalf FLEX Denzel Boston FLEX Harold Fannin Jr.,,,
231,5276351926,MattH4cker,0,107.579994,CPT Roman Wilson FLEX Aaron Rodgers FLEX Deshaun Watson FLEX DK Metcalf FLEX Denzel Boston FLEX Harold Fannin Jr.,,,
231,5276915118,PiscesManifesto,0,107.579994,CPT Roman Wilson FLEX Aaron Rodgers FLEX Deshaun Watson FLEX DK Metcalf FLEX Denzel Boston FLEX Harold Fannin Jr.,,,
231,5276924468,RandumbSportfan,0,107.579994,CPT Roman Wilson FLEX Aaron Rodgers FLEX Deshaun Watson FLEX DK Metcalf FLEX Denzel Boston FLEX Harold Fannin Jr.,,,
231,5276948110,vetterunner,0,107.579994,CPT Roman Wilson FLEX Aaron Rodgers FLEX Deshaun Watson FLEX DK Metcalf FLEX Denzel Boston FLEX Harold Fannin Jr.,,,
231,5277003105,pacman293,0,107.579994,CPT Roman Wilson FLEX Aaron Rodgers FLEX Deshaun Watson FLEX DK Metcalf FLEX Denzel Boston FLEX Harold Fannin Jr.,,,
231,5277143044,jaguar21,0,107.579994,CPT Roman Wilson FLEX Aaron Rodgers FLEX Deshaun Watson FLEX DK Metcalf FLEX Denzel Boston FLEX Harold Fannin Jr.,,,
231,5277252724,BloodyKnucklez,0,107.579994,CPT Roman Wilson FLEX Aaron Rodgers FLEX Deshaun Watson FLEX DK Metcalf FLEX Denzel Boston FLEX Harold Fannin Jr.,,,
231,5277405837,Tonysartori,0,107.579994,CPT Roman Wilson FLEX Aaron Rodgers FLEX Deshaun Watson FLEX DK Metcalf FLEX Denzel Boston FLEX Harold Fannin Jr.,,,
231,5277434128,jmostpa,0,107.579994,CPT Roman Wilson FLEX Aaron Rodgers FLEX Deshaun Watson FLEX DK Metcalf FLEX Denzel Boston FLEX Harold Fannin Jr.,,,
231,5277474247,jbeck524,0,107.579994,CPT Roman Wilson FLEX Aaron Rodgers FLEX Deshaun Watson FLEX DK Metcalf FLEX Denzel Boston FLEX Harold Fannin Jr.,,,
231,5277582396,jlitt88,0,107.579994,CPT Roman Wilson FLEX Aaron Rodgers FLEX Deshaun Watson FLEX DK Metcalf FLEX Denzel Boston FLEX Harold Fannin Jr.,,,
231,5277622326,soinKLINEd28,0,107.579994,CPT Roman Wilson FLEX Aaron Rodgers FLEX Deshaun Watson FLEX DK Metcalf FLEX Denzel Boston FLEX Harold Fannin Jr.,,,
231,5277751670,Chaka06,0,107.579994,CPT Roman Wilson FLEX Aaron Rodgers FLEX Deshaun Watson FLEX DK Metcalf FLEX Denzel Boston FLEX Harold Fannin Jr.,,,
246,5276835595,jltracing01,0,107.52,CPT Jaylen Warren FLEX Deshaun Watson FLEX DK Metcalf FLEX Quinshon Judkins FLEX Roman Wilson FLEX Darnell Washington,,,
247,5276135928,hello35,0,107.46,CPT Jaylen Warren FLEX Aaron Rodgers FLEX Quinshon Judkins FLEX KC Concepcion Jr. FLEX Pat Freiermuth FLEX Roman Wilson,,,
247,5275570485,mdcupito,0,107.45999,CPT Aaron Rodgers FLEX Jaylen Warren FLEX Deshaun Watson FLEX Denzel Boston FLEX Roman Wilson FLEX Darnell Washington,,,
247,5276051724,ilovefootball247,0,107.45999,CPT Aaron Rodgers FLEX Jaylen Warren FLEX Deshaun Watson FLEX Denzel Boston FLEX Roman Wilson FLEX Darnell Washington,,,
247,5277207975,snooppanther_123,0,107.45999,CPT Aaron Rodgers FLEX Jaylen Warren FLEX Deshaun Watson FLEX Denzel Boston FLEX Roman Wilson FLEX Darnell Washington,,,
247,5277814624,moesboyz,0,107.45999,CPT Aaron Rodgers FLEX Jaylen Warren FLEX Deshaun Watson FLEX Denzel Boston FLEX Roman Wilson FLEX Darnell Washington,,,
252,5277352566,charles52,0,107.38,CPT Quinshon Judkins FLEX Aaron Rodgers FLEX Jaylen Warren FLEX Deshaun Watson FLEX Harold Fannin Jr. FLEX Jaleel McLaughlin,,,
253,5276141473,Mnasby12,0,107.26,CPT Quinshon Judkins FLEX Aaron Rodgers FLEX Jaylen Warren FLEX Denzel Boston FLEX Steelers  FLEX Roman Wilson,,,
253,5277577175,NastiN8AK,0,107.26,CPT Quinshon Judkins FLEX Aaron Rodgers FLEX Jaylen Warren FLEX Denzel Boston FLEX Pat Freiermuth FLEX Darnell Washington,,,
253,5277715868,jestermeistr,0,107.26,CPT Quinshon Judkins FLEX Aaron Rodgers FLEX Jaylen Warren FLEX Denzel Boston FLEX Pat Freiermuth FLEX Darnell Washington,,,
256,5275519506,like1999,0,107.240005,CPT Aaron Rodgers FLEX Jaylen Warren FLEX Quinshon Judkins FLEX Harold Fannin Jr. FLEX Steelers  FLEX Roman Wilson,,,
256,5276199741,HulkJuice209,0,107.240005,CPT Aaron Rodgers FLEX Jaylen Warren FLEX Quinshon Judkins FLEX Harold Fannin Jr. FLEX Pat Freiermuth FLEX Darnell Washington,,,
256,5276911962,Dub117,0,107.240005,CPT Aaron Rodgers FLEX Jaylen Warren FLEX Quinshon Judkins FLEX Harold Fannin Jr. FLEX Pat Freiermuth FLEX Darnell Washington,,,
256,5277266398,latecia83,0,107.240005,CPT Aaron Rodgers FLEX Jaylen Warren FLEX Quinshon Judkins FLEX Harold Fannin Jr. FLEX Steelers  FLEX Roman Wilson,,,
256,5277299196,DrewBear69,0,107.240005,CPT Aaron Rodgers FLEX Jaylen Warren FLEX Quinshon Judkins FLEX KC Concepcion Jr. FLEX Pat Freiermuth FLEX Andre Szmyt,,,
256,5277758300,mtkat1963,0,107.240005,CPT Aaron Rodgers FLEX Jaylen Warren FLEX Quinshon Judkins FLEX Harold Fannin Jr. FLEX Steelers  FLEX Roman Wilson,,,
262,5276992112,Drayspencer,0,107.14,CPT Deshaun Watson FLEX Aaron Rodgers FLEX DK Metcalf FLEX Denzel Boston FLEX Andre Szmyt FLEX Roman Wilson,,,
262,5277186566,MSNrube,0,107.14,CPT Deshaun Watson FLEX Aaron Rodgers FLEX DK Metcalf FLEX Denzel Boston FLEX Andre Szmyt FLEX Roman Wilson,,,
262,5277383203,gtrucker47,0,107.14,CPT Deshaun Watson FLEX Aaron Rodgers FLEX DK Metcalf FLEX Denzel Boston FLEX Andre Szmyt FLEX Roman Wilson,,,
262,5277585142,MR_Shankly,0,107.14,CPT Aaron Rodgers FLEX DK Metcalf FLEX Denzel Boston FLEX Harold Fannin Jr. FLEX Pat Freiermuth FLEX Roman Wilson,,,
266,5277652900,thole15,0,107.11,CPT Harold Fannin Jr. FLEX Aaron Rodgers FLEX Jaylen Warren FLEX Quinshon Judkins FLEX Andre Szmyt FLEX Roman Wilson,,,
267,5275608724,Roadbuster21,0,107.05999,CPT Roman Wilson FLEX Aaron Rodgers FLEX Jaylen Warren FLEX DK Metcalf FLEX Harold Fannin Jr. FLEX Darnell Washington,,,
268,5276476563,Lukedoddtpw13,0,107,CPT Quinshon Judkins FLEX Jaylen Warren FLEX DK Metcalf FLEX Harold Fannin Jr. FLEX KC Concepcion Jr. FLEX Roman Wilson,,,
268,5276818783,tt1127,0,107,CPT Quinshon Judkins FLEX Jaylen Warren FLEX DK Metcalf FLEX Harold Fannin Jr. FLEX KC Concepcion Jr. FLEX Roman Wilson,,,
268,5276877633,breezway3,0,107,CPT Quinshon Judkins FLEX Jaylen Warren FLEX DK Metcalf FLEX Harold Fannin Jr. FLEX KC Concepcion Jr. FLEX Roman Wilson,,,
268,5277641956,mightPeck,0,107,CPT Quinshon Judkins FLEX Jaylen Warren FLEX DK Metcalf FLEX Harold Fannin Jr. FLEX KC Concepcion Jr. FLEX Roman Wilson,,,
272,5277167366,himagain60,0,106.96001,CPT Jaylen Warren FLEX Aaron Rodgers FLEX DK Metcalf FLEX Harold Fannin Jr. FLEX Andre Szmyt FLEX Roman Wilson,,,
272,5277391428,TNeidert,0,106.96001,CPT Jaylen Warren FLEX Aaron Rodgers FLEX DK Metcalf FLEX Harold Fannin Jr. FLEX Andre Szmyt FLEX Roman Wilson,,,
272,5277464388,ncrnv,0,106.96001,CPT Jaylen Warren FLEX Aaron Rodgers FLEX DK Metcalf FLEX Harold Fannin Jr. FLEX Andre Szmyt FLEX Roman Wilson,,,
272,5277721239,Paul5074,0,106.96001,CPT Jaylen Warren FLEX Aaron Rodgers FLEX DK Metcalf FLEX Harold Fannin Jr. FLEX Andre Szmyt FLEX Roman Wilson,,,
272,5277742135,jc000000,0,106.96001,CPT Jaylen Warren FLEX Aaron Rodgers FLEX DK Metcalf FLEX Harold Fannin Jr. FLEX Andre Szmyt FLEX Roman Wilson,,,
277,5276975195,everlastr1979,0,106.93,CPT DK Metcalf FLEX Aaron Rodgers FLEX Deshaun Watson FLEX Harold Fannin Jr. FLEX Pat Freiermuth FLEX Roman Wilson,,,
277,5277007944,Epatrick10172020,0,106.93,CPT DK Metcalf FLEX Aaron Rodgers FLEX Deshaun Watson FLEX Harold Fannin Jr. FLEX Pat Freiermuth FLEX Roman Wilson,,,
277,5277101106,mronca,0,106.93,CPT DK Metcalf FLEX Aaron Rodgers FLEX Deshaun Watson FLEX Harold Fannin Jr. FLEX Pat Freiermuth FLEX Roman Wilson,,,
277,5277301760,19KB92,0,106.93,CPT DK Metcalf FLEX Aaron Rodgers FLEX Deshaun Watson FLEX Harold Fannin Jr. FLEX Pat Freiermuth FLEX Roman Wilson,,,
277,5277471093,kelebert2,0,106.93,CPT DK Metcalf FLEX Aaron Rodgers FLEX Deshaun Watson FLEX Harold Fannin Jr. FLEX Pat Freiermuth FLEX Roman Wilson,,,
277,5277545945,james2958,0,106.93,CPT DK Metcalf FLEX Aaron Rodgers FLEX Deshaun Watson FLEX Harold Fannin Jr. FLEX Pat Freiermuth FLEX Roman Wilson,,,
277,5277731953,kylef00,0,106.93,CPT DK Metcalf FLEX Aaron Rodgers FLEX Deshaun Watson FLEX Harold Fannin Jr. FLEX Pat Freiermuth FLEX Roman Wilson,,,
277,5277777218,dvsone504,0,106.93,CPT DK Metcalf FLEX Aaron Rodgers FLEX Deshaun Watson FLEX Harold Fannin Jr. FLEX Pat Freiermuth FLEX Roman Wilson,,,
277,5276910093,nathan_vanthof,0,106.92999,CPT Denzel Boston FLEX Aaron Rodgers FLEX Deshaun Watson FLEX Quinshon Judkins FLEX Pat Freiermuth FLEX Roman Wilson,,,
277,5277127910,IPA75,0,106.92999,CPT Denzel Boston FLEX Aaron Rodgers FLEX Deshaun Watson FLEX Quinshon Judkins FLEX Pat Freiermuth FLEX Roman Wilson,,,
287,5277013457,wonderlab,0,106.88,CPT Jaylen Warren FLEX Aaron Rodgers FLEX Deshaun Watson FLEX Quinshon Judkins FLEX Roman Wilson FLEX Jerry Jeudy,,,
287,5277126253,JPRC33,0,106.88,CPT Jaylen Warren FLEX Aaron Rodgers FLEX Deshaun Watson FLEX Quinshon Judkins FLEX Roman Wilson FLEX Jerry Jeudy,,,
287,5277461047,Greekdonkey,0,106.88,CPT Jaylen Warren FLEX Aaron Rodgers FLEX Deshaun Watson FLEX Quinshon Judkins FLEX Roman Wilson FLEX Jerry Jeudy,,,
290,5277668254,GMEN1986,0,106.84,CPT Deshaun Watson FLEX Aaron Rodgers FLEX DK Metcalf FLEX Denzel Boston FLEX Roman Wilson FLEX Darnell Washington,,,
290,5277829551,pat2222,0,106.84,CPT Deshaun Watson FLEX Aaron Rodgers FLEX DK Metcalf FLEX Denzel Boston FLEX Roman Wilson FLEX Darnell Washington,,,
292,5275419298,gerryred,0,106.759995,CPT Quinshon Judkins FLEX Aaron Rodgers FLEX Jaylen Warren FLEX Harold Fannin Jr. FLEX KC Concepcion Jr. FLEX Darnell Washington,,,
292,5277613553,Dennypyfb,0,106.759995,CPT Quinshon Judkins FLEX Aaron Rodgers FLEX Jaylen Warren FLEX Harold Fannin Jr. FLEX KC Concepcion Jr. FLEX Darnell Washington,,,
292,5277820347,Manlikehershey,0,106.759995,CPT Quinshon Judkins FLEX Aaron Rodgers FLEX Jaylen Warren FLEX Harold Fannin Jr. FLEX KC Concepcion Jr. FLEX Darnell Washington,,,
295,5277340491,Tylermanning9,0,106.740005,CPT Aaron Rodgers FLEX DK Metcalf FLEX Quinshon Judkins FLEX Harold Fannin Jr. FLEX Steelers  FLEX Andre Szmyt,,,
295,5276020840,jgabel605,0,106.74,CPT Deshaun Watson FLEX Aaron Rodgers FLEX Quinshon Judkins FLEX Harold Fannin Jr. FLEX Pat Freiermuth FLEX Roman Wilson,,,
295,5277198699,cmcurrent,0,106.74,CPT Deshaun Watson FLEX Aaron Rodgers FLEX Quinshon Judkins FLEX Harold Fannin Jr. FLEX Pat Freiermuth FLEX Roman Wilson,,,
295,5277264880,mori2014,0,106.74,CPT Deshaun Watson FLEX Aaron Rodgers FLEX Quinshon Judkins FLEX Harold Fannin Jr. FLEX Pat Freiermuth FLEX Roman Wilson,,,
295,5277476961,pacster5,0,106.74,CPT Deshaun Watson FLEX Aaron Rodgers FLEX Quinshon Judkins FLEX Harold Fannin Jr. FLEX Pat Freiermuth FLEX Roman Wilson,,,
295,5277728915,derekburrell,0,106.74,CPT Deshaun Watson FLEX Aaron Rodgers FLEX Quinshon Judkins FLEX Harold Fannin Jr. FLEX Pat Freiermuth FLEX Roman Wilson,,,
301,5277251729,showmethemoneybaby,0,106.729996,CPT DK Metcalf FLEX Aaron Rodgers FLEX Jaylen Warren FLEX Deshaun Watson FLEX Roman Wilson FLEX Jerry Jeudy,,,
302,5275598522,Hammers29,0,106.56,CPT Aaron Rodgers FLEX Jaylen Warren FLEX Deshaun Watson FLEX Harold Fannin Jr. FLEX Andre Szmyt FLEX Roman Wilson,,,
302,5275963761,SleepyW,0,106.56,CPT Aaron Rodgers FLEX Jaylen Warren FLEX Deshaun Watson FLEX Harold Fannin Jr. FLEX Andre Szmyt FLEX Roman Wilson,,,
302,5276610992,ryanscape,0,106.56,CPT Aaron Rodgers FLEX Jaylen Warren FLEX Deshaun Watson FLEX Harold Fannin Jr. FLEX Andre Szmyt FLEX Roman Wilson,,,
302,5276993797,CoreyG78,0,106.56,CPT Aaron Rodgers FLEX Jaylen Warren FLEX Deshaun Watson FLEX Harold Fannin Jr. FLEX Andre Szmyt FLEX Roman Wilson,,,
302,5277301880,thefogducker,0,106.56,CPT Aaron Rodgers FLEX Jaylen Warren FLEX Deshaun Watson FLEX Harold Fannin Jr. FLEX Andre Szmyt FLEX Roman Wilson,,,
302,5277309351,awen419,0,106.56,CPT Aaron Rodgers FLEX Jaylen Warren FLEX Deshaun Watson FLEX Harold Fannin Jr. FLEX Andre Szmyt FLEX Roman Wilson,,,
302,5277496857,kbadamsjr,0,106.56,CPT Aaron Rodgers FLEX Deshaun Watson FLEX Quinshon Judkins FLEX Harold Fannin Jr. FLEX Pat Freiermuth FLEX Darnell Washington,,,
302,5277721826,jbullard69,0,106.56,CPT Aaron Rodgers FLEX Jaylen Warren FLEX Deshaun Watson FLEX Harold Fannin Jr. FLEX Andre Szmyt FLEX Roman Wilson,,,
302,5277771360,imillard1981,0,106.56,CPT Aaron Rodgers FLEX Jaylen Warren FLEX Deshaun Watson FLEX Harold Fannin Jr. FLEX Andre Szmyt FLEX Roman Wilson,,,
302,5277815707,Bluechip11,0,106.56,CPT Aaron Rodgers FLEX Jaylen Warren FLEX Deshaun Watson FLEX Harold Fannin Jr. FLEX Andre Szmyt FLEX Roman Wilson,,,
302,5277836908,8reddirt,0,106.56,CPT Aaron Rodgers FLEX Jaylen Warren FLEX Deshaun Watson FLEX Harold Fannin Jr. FLEX Andre Szmyt FLEX Roman Wilson,,,
313,5277589957,bearcats594,0,106.53999,CPT Aaron Rodgers FLEX Jaylen Warren FLEX Quinshon Judkins FLEX Denzel Boston FLEX Harold Fannin Jr. FLEX Jaleel McLaughlin,,,
314,5276802127,MooseKnucklesNC,0,106.509995,CPT Harold Fannin Jr. FLEX Aaron Rodgers FLEX Jaylen Warren FLEX Quinshon Judkins FLEX KC Concepcion Jr. FLEX Roman Wilson,,,
315,5277464754,LukeMc07,0,106.45999,CPT Roman Wilson FLEX Aaron Rodgers FLEX Jaylen Warren FLEX Quinshon Judkins FLEX Harold Fannin Jr. FLEX Browns ,,,
316,5277211716,defsoad,0,106.35999,CPT KC Concepcion Jr. FLEX Aaron Rodgers FLEX Jaylen Warren FLEX Quinshon Judkins FLEX Harold Fannin Jr. FLEX Roman Wilson,,,
317,5275682424,bussa199x,0,106.259995,CPT Aaron Rodgers FLEX Jaylen Warren FLEX Deshaun Watson FLEX Harold Fannin Jr. FLEX Roman Wilson FLEX Darnell Washington,,,
317,5275688798,gunslingerbach,0,106.259995,CPT Aaron Rodgers FLEX Jaylen Warren FLEX Deshaun Watson FLEX Harold Fannin Jr. FLEX Roman Wilson FLEX Darnell Washington,,,
317,5277445853,lester5225,0,106.259995,CPT Aaron Rodgers FLEX Jaylen Warren FLEX Deshaun Watson FLEX Harold Fannin Jr. FLEX Roman Wilson FLEX Darnell Washington,,,
317,5277814864,SullyWnL,0,106.259995,CPT Aaron Rodgers FLEX Jaylen Warren FLEX Deshaun Watson FLEX Harold Fannin Jr. FLEX Roman Wilson FLEX Darnell Washington,,,
321,5275662513,oldschool24,0,106.24,CPT Deshaun Watson FLEX Aaron Rodgers FLEX Quinshon Judkins FLEX Denzel Boston FLEX Browns  FLEX Roman Wilson,,,
322,5277737021,baccleary,0,106.079994,CPT Quinshon Judkins FLEX Aaron Rodgers FLEX Deshaun Watson FLEX Harold Fannin Jr. FLEX KC Concepcion Jr. FLEX Darnell Washington,,,
323,5277532391,rshigley88,0,106.060005,CPT Quinshon Judkins FLEX Aaron Rodgers FLEX Jaylen Warren FLEX KC Concepcion Jr. FLEX Pat Freiermuth FLEX Andre Szmyt,,,
323,5277724928,robwest26,0,106.060005,CPT Quinshon Judkins FLEX Aaron Rodgers FLEX Jaylen Warren FLEX KC Concepcion Jr. FLEX Pat Freiermuth FLEX Andre Szmyt,,,
323,5277211592,crf_333,0,106.06,CPT Steelers  FLEX Aaron Rodgers FLEX Jaylen Warren FLEX DK Metcalf FLEX Quinshon Judkins FLEX Roman Wilson,,,
326,5275883576,Steeltwn75,0,105.950005,CPT DK Metcalf FLEX Jaylen Warren FLEX Quinshon Judkins FLEX Harold Fannin Jr. FLEX KC Concepcion Jr. FLEX Roman Wilson,,,
326,5276391229,dswartout,0,105.950005,CPT DK Metcalf FLEX Jaylen Warren FLEX Quinshon Judkins FLEX Harold Fannin Jr. FLEX KC Concepcion Jr. FLEX Roman Wilson,,,
326,5277127726,Buktodd,0,105.950005,CPT DK Metcalf FLEX Jaylen Warren FLEX Quinshon Judkins FLEX Harold Fannin Jr. FLEX KC Concepcion Jr. FLEX Roman Wilson,,,
326,5277142250,swibman33,0,105.950005,CPT DK Metcalf FLEX Jaylen Warren FLEX Quinshon Judkins FLEX Harold Fannin Jr. FLEX KC Concepcion Jr. FLEX Roman Wilson,,,
326,5277653781,Stovepipe221,0,105.950005,CPT DK Metcalf FLEX Jaylen Warren FLEX Quinshon Judkins FLEX Harold Fannin Jr. FLEX KC Concepcion Jr. FLEX Roman Wilson,,,
331,5277550427,JJsBack,0,105.909996,CPT DK Metcalf FLEX Aaron Rodgers FLEX Jaylen Warren FLEX Harold Fannin Jr. FLEX Browns  FLEX Roman Wilson,,,
332,5275860608,fssusino,0,105.899994,CPT Roman Wilson FLEX Jaylen Warren FLEX DK Metcalf FLEX Quinshon Judkins FLEX Denzel Boston FLEX Harold Fannin Jr.,,,
332,5277626259,dubdiz15,0,105.899994,CPT Roman Wilson FLEX Jaylen Warren FLEX DK Metcalf FLEX Quinshon Judkins FLEX Denzel Boston FLEX Harold Fannin Jr.,,,
334,5276887800,CarIos_Danger,0,105.88,CPT Quinshon Judkins FLEX Aaron Rodgers FLEX Deshaun Watson FLEX DK Metcalf FLEX Andre Szmyt FLEX Germie Bernard,,,
335,5277038055,jenmac711,0,105.83,CPT Harold Fannin Jr. FLEX Aaron Rodgers FLEX Deshaun Watson FLEX Quinshon Judkins FLEX KC Concepcion Jr. FLEX Roman Wilson,,,
335,5277321514,webdever,0,105.83,CPT Harold Fannin Jr. FLEX Aaron Rodgers FLEX Deshaun Watson FLEX Quinshon Judkins FLEX KC Concepcion Jr. FLEX Roman Wilson,,,
335,5277778543,tonesdubftw,0,105.83,CPT Harold Fannin Jr. FLEX Aaron Rodgers FLEX Deshaun Watson FLEX Quinshon Judkins FLEX KC Concepcion Jr. FLEX Roman Wilson,,,
338,5276854705,Marktrack18,0,105.81,CPT Harold Fannin Jr. FLEX Aaron Rodgers FLEX Jaylen Warren FLEX Quinshon Judkins FLEX Pat Freiermuth FLEX Roman Wilson,,,
338,5277259439,Kinzone,0,105.81,CPT Harold Fannin Jr. FLEX Aaron Rodgers FLEX Jaylen Warren FLEX Quinshon Judkins FLEX Pat Freiermuth FLEX Roman Wilson,,,
338,5277745395,pukens,0,105.81,CPT Harold Fannin Jr. FLEX Aaron Rodgers FLEX Jaylen Warren FLEX Quinshon Judkins FLEX Pat Freiermuth FLEX Roman Wilson,,,
341,5277852377,tyzfanball23,0,105.76,CPT Quinshon Judkins FLEX Aaron Rodgers FLEX Jaylen Warren FLEX KC Concepcion Jr. FLEX Steelers  FLEX Roman Wilson,,,
342,5277758683,redrowdy5,0,105.73999,CPT Aaron Rodgers FLEX Jaylen Warren FLEX DK Metcalf FLEX Quinshon Judkins FLEX KC Concepcion Jr. FLEX Ben Skowronek,,,
343,5277637785,eperrin214,0,105.70999,CPT DK Metcalf FLEX Aaron Rodgers FLEX Jaylen Warren FLEX Quinshon Judkins FLEX Raheim Sanders FLEX Darnell Washington,,,
344,5277281080,stayeduptolate,0,105.68,CPT Quinshon Judkins FLEX Aaron Rodgers FLEX Deshaun Watson FLEX Harold Fannin Jr. FLEX Pat Freiermuth FLEX Andre Szmyt,,,
344,5277476563,nattib77,0,105.68,CPT Quinshon Judkins FLEX Aaron Rodgers FLEX Deshaun Watson FLEX Harold Fannin Jr. FLEX Pat Freiermuth FLEX Andre Szmyt,,,
344,5277628458,imantipoetic,0,105.68,CPT Quinshon Judkins FLEX Aaron Rodgers FLEX Deshaun Watson FLEX Harold Fannin Jr. FLEX Pat Freiermuth FLEX Andre Szmyt,,,
344,5277643428,Duffer11,0,105.68,CPT Quinshon Judkins FLEX Aaron Rodgers FLEX Deshaun Watson FLEX Harold Fannin Jr. FLEX Pat Freiermuth FLEX Andre Szmyt,,,
344,5276689398,LongLiveGus,0,105.67999,CPT KC Concepcion Jr. FLEX Aaron Rodgers FLEX Deshaun Watson FLEX Quinshon Judkins FLEX Harold Fannin Jr. FLEX Roman Wilson,,,
344,5277865447,cr323,0,105.67999,CPT KC Concepcion Jr. FLEX Aaron Rodgers FLEX Deshaun Watson FLEX Quinshon Judkins FLEX Harold Fannin Jr. FLEX Roman Wilson,,,
350,5276042962,Dunn36,0,105.61,CPT DK Metcalf FLEX Aaron Rodgers FLEX Denzel Boston FLEX Harold Fannin Jr. FLEX KC Concepcion Jr. FLEX Roman Wilson,,,
350,5277773563,jgambone,0,105.61,CPT DK Metcalf FLEX Aaron Rodgers FLEX Denzel Boston FLEX Harold Fannin Jr. FLEX KC Concepcion Jr. FLEX Roman Wilson,,,
352,5276829196,crazzzyman1169,0,105.509995,CPT Denzel Boston FLEX Aaron Rodgers FLEX Jaylen Warren FLEX DK Metcalf FLEX Pat Freiermuth FLEX Roman Wilson,,,
352,5277819351,Hanna68,0,105.509995,CPT Denzel Boston FLEX Aaron Rodgers FLEX Jaylen Warren FLEX DK Metcalf FLEX Pat Freiermuth FLEX Roman Wilson,,,
354,5276888757,ProDrafterLX,0,105.479996,CPT Quinshon Judkins FLEX Aaron Rodgers FLEX Jaylen Warren FLEX Deshaun Watson FLEX Andre Szmyt FLEX Jerry Jeudy,,,
354,5277596901,benjihogan,0,105.479996,CPT Browns  FLEX Aaron Rodgers FLEX Deshaun Watson FLEX DK Metcalf FLEX Quinshon Judkins FLEX Andre Szmyt,,,
356,5275442302,Butterbean1419,0,105.38,CPT Quinshon Judkins FLEX Aaron Rodgers FLEX Deshaun Watson FLEX Harold Fannin Jr. FLEX Steelers  FLEX Roman Wilson,,,
356,5277541108,zmen,0,105.38,CPT Quinshon Judkins FLEX Aaron Rodgers FLEX Deshaun Watson FLEX Harold Fannin Jr. FLEX Pat Freiermuth FLEX Darnell Washington,,,
358,5277160709,stilldak,0,105.36,CPT Jaylen Warren FLEX Aaron Rodgers FLEX DK Metcalf FLEX KC Concepcion Jr. FLEX Pat Freiermuth FLEX Roman Wilson,,,
358,5277350343,Justwill276,0,105.36,CPT Jaylen Warren FLEX Aaron Rodgers FLEX DK Metcalf FLEX KC Concepcion Jr. FLEX Pat Freiermuth FLEX Roman Wilson,,,
360,5276877003,josiah48,0,105.31,CPT Pat Freiermuth FLEX Aaron Rodgers FLEX Jaylen Warren FLEX Quinshon Judkins FLEX Harold Fannin Jr. FLEX Roman Wilson,,,
361,5277240221,KodaRj90,0,105.240005,CPT Aaron Rodgers FLEX Jaylen Warren FLEX Quinshon Judkins FLEX Harold Fannin Jr. FLEX Chris Boswell FLEX Roman Wilson,,,
361,5277379602,Todd10528,0,105.240005,CPT Aaron Rodgers FLEX Jaylen Warren FLEX Quinshon Judkins FLEX Harold Fannin Jr. FLEX Chris Boswell FLEX Roman Wilson,,,
361,5277495705,mangorita1970,0,105.240005,CPT Aaron Rodgers FLEX Jaylen Warren FLEX Quinshon Judkins FLEX Harold Fannin Jr. FLEX Chris Boswell FLEX Roman Wilson,,,
364,5277470415,RayRay555,0,105.16,CPT Jaylen Warren FLEX Aaron Rodgers FLEX DK Metcalf FLEX Denzel Boston FLEX Browns  FLEX Roman Wilson,,,
365,5275411447,macdoe913,0,105.14,CPT Aaron Rodgers FLEX Jaylen Warren FLEX DK Metcalf FLEX Harold Fannin Jr. FLEX Steelers  FLEX Roman Wilson,,,
365,5275471719,nickat916,0,105.14,CPT Aaron Rodgers FLEX Jaylen Warren FLEX DK Metcalf FLEX KC Concepcion Jr. FLEX Pat Freiermuth FLEX Andre Szmyt,,,
365,5275837181,jimmyjam5959,0,105.14,CPT Aaron Rodgers FLEX Jaylen Warren FLEX DK Metcalf FLEX Harold Fannin Jr. FLEX Steelers  FLEX Roman Wilson,,,
365,5276040516,jhdw12345,0,105.14,CPT Aaron Rodgers FLEX Jaylen Warren FLEX DK Metcalf FLEX Harold Fannin Jr. FLEX Pat Freiermuth FLEX Darnell Washington,,,
365,5276892586,cyruscyrus,0,105.14,CPT Aaron Rodgers FLEX Jaylen Warren FLEX DK Metcalf FLEX Harold Fannin Jr. FLEX Steelers  FLEX Roman Wilson,,,
365,5277241322,mkleeman20,0,105.14,CPT Aaron Rodgers FLEX Jaylen Warren FLEX DK Metcalf FLEX Harold Fannin Jr. FLEX Pat Freiermuth FLEX Darnell Washington,,,
365,5277262219,dano1177,0,105.14,CPT Aaron Rodgers FLEX Jaylen Warren FLEX DK Metcalf FLEX Harold Fannin Jr. FLEX Pat Freiermuth FLEX Darnell Washington,,,
365,5277342546,meyers2305,0,105.14,CPT Aaron Rodgers FLEX Jaylen Warren FLEX DK Metcalf FLEX Harold Fannin Jr. FLEX Steelers  FLEX Roman Wilson,,,
365,5277363244,kelshane22,0,105.14,CPT Aaron Rodgers FLEX Jaylen Warren FLEX DK Metcalf FLEX Harold Fannin Jr. FLEX Steelers  FLEX Roman Wilson,,,
365,5277478543,elmcgill,0,105.14,CPT Aaron Rodgers FLEX Jaylen Warren FLEX DK Metcalf FLEX Harold Fannin Jr. FLEX Steelers  FLEX Roman Wilson,,,
365,5277624059,boeingjet51,0,105.14,CPT Aaron Rodgers FLEX Jaylen Warren FLEX DK Metcalf FLEX Harold Fannin Jr. FLEX Steelers  FLEX Roman Wilson,,,
365,5277698592,watershed1,0,105.14,CPT Aaron Rodgers FLEX Jaylen Warren FLEX DK Metcalf FLEX Harold Fannin Jr. FLEX Steelers  FLEX Roman Wilson,,,
365,5277817665,orgnl_kj,0,105.14,CPT Aaron Rodgers FLEX Jaylen Warren FLEX DK Metcalf FLEX Harold Fannin Jr. FLEX Steelers  FLEX Roman Wilson,,,
365,5277862169,cubcrazyfool,0,105.14,CPT Aaron Rodgers FLEX Jaylen Warren FLEX DK Metcalf FLEX Harold Fannin Jr. FLEX Steelers  FLEX Roman Wilson,,,
379,5277341806,Timpegoose,0,105.03999,CPT Aaron Rodgers FLEX Jaylen Warren FLEX DK Metcalf FLEX Quinshon Judkins FLEX Pat Freiermuth FLEX Ben Skowronek,,,
380,5276435339,bbarber2020,0,105.03,CPT Darnell Washington FLEX Aaron Rodgers FLEX Jaylen Warren FLEX Deshaun Watson FLEX Quinshon Judkins FLEX KC Concepcion Jr.,,,
380,5276964392,loigwine,0,105.03,CPT Darnell Washington FLEX Aaron Rodgers FLEX Jaylen Warren FLEX Deshaun Watson FLEX Quinshon Judkins FLEX KC Concepcion Jr.,,,
380,5277043846,Mill4rat,0,105.03,CPT Darnell Washington FLEX Aaron Rodgers FLEX Jaylen Warren FLEX Deshaun Watson FLEX Quinshon Judkins FLEX KC Concepcion Jr.,,,
380,5277113202,Itzpcraft,0,105.03,CPT Darnell Washington FLEX Aaron Rodgers FLEX Jaylen Warren FLEX Deshaun Watson FLEX Quinshon Judkins FLEX KC Concepcion Jr.,,,
380,5277357206,kennedy0218,0,105.03,CPT Darnell Washington FLEX Aaron Rodgers FLEX Jaylen Warren FLEX Deshaun Watson FLEX Quinshon Judkins FLEX KC Concepcion Jr.,,,
385,5276050911,DrRexGoodfellow,0,104.95999,CPT Aaron Rodgers FLEX Jaylen Warren FLEX Deshaun Watson FLEX KC Concepcion Jr. FLEX Pat Freiermuth FLEX Roman Wilson,,,
385,5276129529,s9439,0,104.95999,CPT Aaron Rodgers FLEX Jaylen Warren FLEX Deshaun Watson FLEX KC Concepcion Jr. FLEX Pat Freiermuth FLEX Roman Wilson,,,
385,5276543213,mello610,0,104.95999,CPT Aaron Rodgers FLEX Jaylen Warren FLEX Deshaun Watson FLEX KC Concepcion Jr. FLEX Pat Freiermuth FLEX Roman Wilson,,,
385,5277241571,thecoach.joea,0,104.95999,CPT Aaron Rodgers FLEX Jaylen Warren FLEX Deshaun Watson FLEX KC Concepcion Jr. FLEX Pat Freiermuth FLEX Roman Wilson,,,
385,5277482935,Remer,0,104.95999,CPT Aaron Rodgers FLEX Jaylen Warren FLEX Deshaun Watson FLEX KC Concepcion Jr. FLEX Pat Freiermuth FLEX Roman Wilson,,,
385,5277645644,Darkhorse911,0,104.95999,CPT Aaron Rodgers FLEX Jaylen Warren FLEX Deshaun Watson FLEX KC Concepcion Jr. FLEX Pat Freiermuth FLEX Roman Wilson,,,
391,5275619071,slpendy,0,104.84,CPT Aaron Rodgers FLEX Jaylen Warren FLEX DK Metcalf FLEX KC Concepcion Jr. FLEX Pat Freiermuth FLEX Darnell Washington,,,
391,5276042433,mart2676,0,104.84,CPT Aaron Rodgers FLEX Quinshon Judkins FLEX Denzel Boston FLEX Harold Fannin Jr. FLEX Pat Freiermuth FLEX Andre Szmyt,,,
391,5277770199,ceedeeznutz,0,104.84,CPT Aaron Rodgers FLEX Quinshon Judkins FLEX Denzel Boston FLEX Harold Fannin Jr. FLEX Pat Freiermuth FLEX Andre Szmyt,,,
394,5277087258,HuntSessions,0,104.829994,CPT Denzel Boston FLEX Aaron Rodgers FLEX Deshaun Watson FLEX DK Metcalf FLEX Pat Freiermuth FLEX Roman Wilson,,,
394,5277836729,quebee7,0,104.829994,CPT Denzel Boston FLEX Aaron Rodgers FLEX Deshaun Watson FLEX DK Metcalf FLEX Pat Freiermuth FLEX Roman Wilson,,,
396,5277721570,Taunami757,0,104.81,CPT Pat Freiermuth FLEX Aaron Rodgers FLEX DK Metcalf FLEX Quinshon Judkins FLEX Harold Fannin Jr. FLEX Andre Szmyt,,,
397,5275538164,Showmedash,0,104.78,CPT KC Concepcion Jr. FLEX Aaron Rodgers FLEX Deshaun Watson FLEX DK Metcalf FLEX Denzel Boston FLEX Roman Wilson,,,
397,5276970833,Grassman6921,0,104.78,CPT Jaylen Warren FLEX Aaron Rodgers FLEX Deshaun Watson FLEX DK Metcalf FLEX Roman Wilson FLEX Jerry Jeudy,,,
397,5277226782,Kingvisions,0,104.78,CPT Jaylen Warren FLEX Aaron Rodgers FLEX Deshaun Watson FLEX DK Metcalf FLEX Roman Wilson FLEX Jerry Jeudy,,,
397,5277846179,wbwaddell,0,104.78,CPT KC Concepcion Jr. FLEX Aaron Rodgers FLEX Deshaun Watson FLEX DK Metcalf FLEX Denzel Boston FLEX Roman Wilson,,,
401,5276000183,bigballa3232,0,104.76,CPT Quinshon Judkins FLEX Aaron Rodgers FLEX DK Metcalf FLEX Denzel Boston FLEX Chris Boswell FLEX Andre Szmyt,,,
402,5276840141,dpartanen,0,104.75,CPT DK Metcalf FLEX Jaylen Warren FLEX Quinshon Judkins FLEX Denzel Boston FLEX Browns  FLEX Roman Wilson,,,
403,5276887746,jgiles67,0,104.740005,CPT Aaron Rodgers FLEX DK Metcalf FLEX Quinshon Judkins FLEX Harold Fannin Jr. FLEX Chris Boswell FLEX Andre Szmyt,,,
404,5276854961,Jessiski32,0,104.659996,CPT Quinshon Judkins FLEX Aaron Rodgers FLEX Jaylen Warren FLEX Harold Fannin Jr. FLEX Browns  FLEX Andre Szmyt,,,
404,5277029800,darla23,0,104.659996,CPT Andre Szmyt FLEX Aaron Rodgers FLEX Jaylen Warren FLEX DK Metcalf FLEX Quinshon Judkins FLEX Steelers ,,,
404,5277589508,EJCiszewski94,0,104.659996,CPT Quinshon Judkins FLEX Aaron Rodgers FLEX Jaylen Warren FLEX Harold Fannin Jr. FLEX Browns  FLEX Andre Szmyt,,,
407,5276670885,davisluck,0,104.64,CPT Deshaun Watson FLEX Aaron Rodgers FLEX DK Metcalf FLEX Harold Fannin Jr. FLEX Pat Freiermuth FLEX Roman Wilson,,,
407,5276904850,LODEN,0,104.64,CPT Deshaun Watson FLEX Aaron Rodgers FLEX DK Metcalf FLEX Harold Fannin Jr. FLEX Pat Freiermuth FLEX Roman Wilson,,,
407,5277238854,salsurra,0,104.64,CPT Deshaun Watson FLEX Aaron Rodgers FLEX DK Metcalf FLEX Harold Fannin Jr. FLEX Pat Freiermuth FLEX Roman Wilson,,,
410,5276372635,mjellis11,0,104.600006,CPT Jaylen Warren FLEX DK Metcalf FLEX Quinshon Judkins FLEX Harold Fannin Jr. FLEX Andre Szmyt FLEX Roman Wilson,,,
411,5276216422,Meechee,0,104.579994,CPT Roman Wilson FLEX Aaron Rodgers FLEX Jaylen Warren FLEX Deshaun Watson FLEX DK Metcalf FLEX Steelers ,,,
412,5276843951,duckroy,0,104.56,CPT Quinshon Judkins FLEX Aaron Rodgers FLEX Jaylen Warren FLEX DK Metcalf FLEX KC Concepcion Jr. FLEX Ben Skowronek,,,
412,5277823185,oreosnanas,0,104.56,CPT Aaron Rodgers FLEX Deshaun Watson FLEX Quinshon Judkins FLEX Harold Fannin Jr. FLEX Chris Boswell FLEX Roman Wilson,,,
414,5277351778,hacx5nine,0,104.509995,CPT Pat Freiermuth FLEX Aaron Rodgers FLEX DK Metcalf FLEX Quinshon Judkins FLEX KC Concepcion Jr. FLEX Andre Szmyt,,,
415,5276869531,Loop804,0,104.5,CPT Jaylen Warren FLEX DK Metcalf FLEX Quinshon Judkins FLEX Denzel Boston FLEX Pat Freiermuth FLEX Roman Wilson,,,
415,5277745689,Jrockjr77,0,104.5,CPT Jaylen Warren FLEX DK Metcalf FLEX Quinshon Judkins FLEX Denzel Boston FLEX Pat Freiermuth FLEX Roman Wilson,,,
415,5277855412,cookiesox48,0,104.5,CPT Jaylen Warren FLEX DK Metcalf FLEX Quinshon Judkins FLEX Denzel Boston FLEX Pat Freiermuth FLEX Roman Wilson,,,
418,5277773151,Drepone,0,104.45999,CPT Aaron Rodgers FLEX Deshaun Watson FLEX DK Metcalf FLEX Harold Fannin Jr. FLEX Steelers  FLEX Roman Wilson,,,
419,5277450811,jhdawg214,0,104.439995,CPT Deshaun Watson FLEX Aaron Rodgers FLEX Jaylen Warren FLEX DK Metcalf FLEX Roman Wilson FLEX Jerry Jeudy,,,
420,5276627060,Asherlock16,0,104.41,CPT Harold Fannin Jr. FLEX Aaron Rodgers FLEX Jaylen Warren FLEX DK Metcalf FLEX KC Concepcion Jr. FLEX Roman Wilson,,,
420,5277471312,dvebo,0,104.41,CPT Harold Fannin Jr. FLEX Aaron Rodgers FLEX Jaylen Warren FLEX DK Metcalf FLEX KC Concepcion Jr. FLEX Roman Wilson,,,
420,5277522012,billthouse,0,104.41,CPT Harold Fannin Jr. FLEX Aaron Rodgers FLEX Jaylen Warren FLEX DK Metcalf FLEX KC Concepcion Jr. FLEX Roman Wilson,,,
420,5277650267,JPisUSC,0,104.41,CPT Harold Fannin Jr. FLEX Aaron Rodgers FLEX Jaylen Warren FLEX DK Metcalf FLEX KC Concepcion Jr. FLEX Roman Wilson,,,
424,5277419920,bluuedevil,0,104.36,CPT Quinshon Judkins FLEX Aaron Rodgers FLEX Jaylen Warren FLEX Harold Fannin Jr. FLEX Browns  FLEX Darnell Washington,,,
425,5275665700,Rhodesmagoats,0,104.26,CPT Quinshon Judkins FLEX Aaron Rodgers FLEX DK Metcalf FLEX Harold Fannin Jr. FLEX Pat Freiermuth FLEX Steelers ,,,
425,5275906645,Randaddy52,0,104.26,CPT Quinshon Judkins FLEX Aaron Rodgers FLEX DK Metcalf FLEX Harold Fannin Jr. FLEX Pat Freiermuth FLEX Steelers ,,,
425,5276025123,mlprice66,0,104.26,CPT Jaylen Warren FLEX Aaron Rodgers FLEX Quinshon Judkins FLEX Denzel Boston FLEX Steelers  FLEX Roman Wilson,,,
425,5276887680,wmax,0,104.26,CPT Jaylen Warren FLEX Aaron Rodgers FLEX Quinshon Judkins FLEX Denzel Boston FLEX Steelers  FLEX Roman Wilson,,,
425,5277354963,themilman_03,0,104.26,CPT Jaylen Warren FLEX Aaron Rodgers FLEX Quinshon Judkins FLEX Denzel Boston FLEX Steelers  FLEX Roman Wilson,,,
425,5277552430,kgilmore,0,104.26,CPT Jaylen Warren FLEX Aaron Rodgers FLEX Quinshon Judkins FLEX Denzel Boston FLEX Steelers  FLEX Roman Wilson,,,
425,5277621433,freezy187,0,104.26,CPT Jaylen Warren FLEX Aaron Rodgers FLEX Quinshon Judkins FLEX Denzel Boston FLEX Steelers  FLEX Roman Wilson,,,
425,5277801894,coltonc95,0,104.26,CPT Jaylen Warren FLEX Aaron Rodgers FLEX Quinshon Judkins FLEX Denzel Boston FLEX Steelers  FLEX Roman Wilson,,,
425,5277406675,Kelley81,0,104.259995,CPT KC Concepcion Jr. FLEX Aaron Rodgers FLEX Jaylen Warren FLEX DK Metcalf FLEX Harold Fannin Jr. FLEX Roman Wilson,,,
434,5277809657,lups2332,0,104.23999,CPT Aaron Rodgers FLEX Jaylen Warren FLEX Denzel Boston FLEX Harold Fannin Jr. FLEX Roman Wilson FLEX Darnell Washington,,,
435,5277086092,theblackhand666,0,104.229996,CPT Denzel Boston FLEX Aaron Rodgers FLEX Jaylen Warren FLEX Deshaun Watson FLEX Quinshon Judkins FLEX Jaleel McLaughlin,,,
436,5277387207,heyave,0,104.21,CPT DK Metcalf FLEX Aaron Rodgers FLEX Jaylen Warren FLEX Harold Fannin Jr. FLEX Andre Szmyt FLEX Darnell Washington,,,
437,5277035387,Charliewtsj,0,104.17999,CPT Quinshon Judkins FLEX Aaron Rodgers FLEX Deshaun Watson FLEX DK Metcalf FLEX Harold Fannin Jr. FLEX Ben Skowronek,,,
438,5277076021,mrbsbl145,0,104.11,CPT DK Metcalf FLEX Aaron Rodgers FLEX Jaylen Warren FLEX Denzel Boston FLEX Steelers  FLEX Roman Wilson,,,
438,5277121308,October12,0,104.11,CPT DK Metcalf FLEX Aaron Rodgers FLEX Jaylen Warren FLEX Denzel Boston FLEX Steelers  FLEX Roman Wilson,,,
438,5277827011,Nyack87,0,104.11,CPT DK Metcalf FLEX Aaron Rodgers FLEX Jaylen Warren FLEX Denzel Boston FLEX Steelers  FLEX Roman Wilson,,,
441,5277015337,zahramj,0,104.06,CPT Quinshon Judkins FLEX Aaron Rodgers FLEX Jaylen Warren FLEX Harold Fannin Jr. FLEX Chris Boswell FLEX Roman Wilson,,,
441,5277387735,effjee14,0,104.06,CPT Aaron Rodgers FLEX Deshaun Watson FLEX Quinshon Judkins FLEX Michael Pittman Jr. FLEX Roman Wilson FLEX Darnell Washington,,,
443,5275813933,shanecruth,0,104,CPT Jaylen Warren FLEX DK Metcalf FLEX Quinshon Judkins FLEX Harold Fannin Jr. FLEX KC Concepcion Jr. FLEX Roman Wilson,,,
443,5276666841,Ragnor,0,104,CPT Jaylen Warren FLEX DK Metcalf FLEX Quinshon Judkins FLEX Harold Fannin Jr. FLEX KC Concepcion Jr. FLEX Roman Wilson,,,
443,5276841070,J.Sharpe10,0,104,CPT Jaylen Warren FLEX DK Metcalf FLEX Quinshon Judkins FLEX Harold Fannin Jr. FLEX KC Concepcion Jr. FLEX Roman Wilson,,,
443,5276954759,ninja9legs,0,104,CPT Jaylen Warren FLEX DK Metcalf FLEX Quinshon Judkins FLEX Harold Fannin Jr. FLEX KC Concepcion Jr. FLEX Roman Wilson,,,
443,5277007858,THAKZZA,0,104,CPT Jaylen Warren FLEX DK Metcalf FLEX Quinshon Judkins FLEX Harold Fannin Jr. FLEX KC Concepcion Jr. FLEX Roman Wilson,,,
443,5277039799,msouder22,0,104,CPT Jaylen Warren FLEX DK Metcalf FLEX Quinshon Judkins FLEX Harold Fannin Jr. FLEX KC Concepcion Jr. FLEX Roman Wilson,,,
443,5277279892,Artho12,0,104,CPT Jaylen Warren FLEX DK Metcalf FLEX Quinshon Judkins FLEX Harold Fannin Jr. FLEX KC Concepcion Jr. FLEX Roman Wilson,,,
443,5277515086,FreeLQ,0,104,CPT Jaylen Warren FLEX DK Metcalf FLEX Quinshon Judkins FLEX Harold Fannin Jr. FLEX KC Concepcion Jr. FLEX Roman Wilson,,,
443,5277725534,slapmesilly,0,104,CPT Jaylen Warren FLEX DK Metcalf FLEX Quinshon Judkins FLEX Harold Fannin Jr. FLEX KC Concepcion Jr. FLEX Roman Wilson,,,
443,5277867018,ryanbeck,0,104,CPT Jaylen Warren FLEX DK Metcalf FLEX Quinshon Judkins FLEX Harold Fannin Jr. FLEX KC Concepcion Jr. FLEX Roman Wilson,,,
453,5277835274,stlr4307,0,103.98,CPT Quinshon Judkins FLEX Aaron Rodgers FLEX Deshaun Watson FLEX Harold Fannin Jr. FLEX Browns  FLEX Andre Szmyt,,,
454,5277586170,jayman2,0,103.96001,CPT Jaylen Warren FLEX Aaron Rodgers FLEX DK Metcalf FLEX Harold Fannin Jr. FLEX Browns  FLEX Roman Wilson,,,
454,5276933454,seanhackbarth,0,103.96,CPT Quinshon Judkins FLEX Aaron Rodgers FLEX DK Metcalf FLEX KC Concepcion Jr. FLEX Pat Freiermuth FLEX Steelers ,,,
456,5277282878,Supercharged78,0,103.74,CPT Deshaun Watson FLEX Aaron Rodgers FLEX Jaylen Warren FLEX Quinshon Judkins FLEX KC Concepcion Jr. FLEX Jaleel McLaughlin,,,
456,5277502665,cooley174350,0,103.73999,CPT Aaron Rodgers FLEX Jaylen Warren FLEX Quinshon Judkins FLEX Denzel Boston FLEX Steelers  FLEX Darnell Washington,,,
458,5276911760,Paul322,0,103.729996,CPT Harold Fannin Jr. FLEX Aaron Rodgers FLEX Deshaun Watson FLEX DK Metcalf FLEX KC Concepcion Jr. FLEX Roman Wilson,,,
458,5277027358,jefflaw24,0,103.729996,CPT Harold Fannin Jr. FLEX Aaron Rodgers FLEX Deshaun Watson FLEX DK Metcalf FLEX KC Concepcion Jr. FLEX Roman Wilson,,,
458,5277057366,brownkd1,0,103.729996,CPT Harold Fannin Jr. FLEX Aaron Rodgers FLEX Deshaun Watson FLEX DK Metcalf FLEX KC Concepcion Jr. FLEX Roman Wilson,,,
458,5277188317,Shields2323,0,103.729996,CPT Harold Fannin Jr. FLEX Aaron Rodgers FLEX Deshaun Watson FLEX DK Metcalf FLEX KC Concepcion Jr. FLEX Roman Wilson,,,
458,5277284004,caseyt,0,103.729996,CPT Harold Fannin Jr. FLEX Aaron Rodgers FLEX Deshaun Watson FLEX DK Metcalf FLEX KC Concepcion Jr. FLEX Roman Wilson,,,
458,5277347963,WheelsupDFS,0,103.729996,CPT Harold Fannin Jr. FLEX Aaron Rodgers FLEX Deshaun Watson FLEX DK Metcalf FLEX KC Concepcion Jr. FLEX Roman Wilson,,,
458,5277663598,cstorck,0,103.729996,CPT Harold Fannin Jr. FLEX Aaron Rodgers FLEX Deshaun Watson FLEX DK Metcalf FLEX KC Concepcion Jr. FLEX Roman Wilson,,,
458,5277781604,JadedinMaine,0,103.729996,CPT Harold Fannin Jr. FLEX Aaron Rodgers FLEX Deshaun Watson FLEX DK Metcalf FLEX KC Concepcion Jr. FLEX Roman Wilson,,,
458,5277870226,Whit_less,0,103.729996,CPT Harold Fannin Jr. FLEX Aaron Rodgers FLEX Deshaun Watson FLEX DK Metcalf FLEX KC Concepcion Jr. FLEX Roman Wilson,,,
467,5277460284,neil626,0,103.71,CPT DK Metcalf FLEX Aaron Rodgers FLEX Quinshon Judkins FLEX Denzel Boston FLEX Chris Boswell FLEX Andre Szmyt,,,
467,5277760267,sweeptheleg,0,103.71,CPT DK Metcalf FLEX Aaron Rodgers FLEX Quinshon Judkins FLEX Denzel Boston FLEX Chris Boswell FLEX Andre Szmyt,,,
469,5275834601,daniel.riedl,0,103.67999,CPT KC Concepcion Jr. FLEX Aaron Rodgers FLEX Deshaun Watson FLEX DK Metcalf FLEX Quinshon Judkins FLEX Jerry Jeudy,,,
469,5277324656,postalchris,0,103.67999,CPT Roman Wilson FLEX Aaron Rodgers FLEX Jaylen Warren FLEX Deshaun Watson FLEX Denzel Boston FLEX Darnell Washington,,,
471,5277454478,jhodges99,0,103.64,CPT Aaron Rodgers FLEX DK Metcalf FLEX Quinshon Judkins FLEX Michael Pittman Jr. FLEX KC Concepcion Jr. FLEX Darnell Washington,,,
472,5277394493,CROPDUSTERS,0,103.579994,CPT KC Concepcion Jr. FLEX Aaron Rodgers FLEX Deshaun Watson FLEX DK Metcalf FLEX Harold Fannin Jr. FLEX Roman Wilson,,,
472,5277816852,jeepnjer1,0,103.579994,CPT KC Concepcion Jr. FLEX Aaron Rodgers FLEX Deshaun Watson FLEX DK Metcalf FLEX Harold Fannin Jr. FLEX Roman Wilson,,,
474,5277556167,jkwireless,0,103.560005,CPT Quinshon Judkins FLEX Aaron Rodgers FLEX DK Metcalf FLEX Harold Fannin Jr. FLEX Chris Boswell FLEX Andre Szmyt,,,
475,5277671315,calikerd,0,103.43,CPT DK Metcalf FLEX Aaron Rodgers FLEX Deshaun Watson FLEX Denzel Boston FLEX Steelers  FLEX Roman Wilson,,,
476,5275978747,dorksquad,0,103.38,CPT Roman Wilson FLEX Aaron Rodgers FLEX Jaylen Warren FLEX Deshaun Watson FLEX Denzel Boston FLEX KC Concepcion Jr.,,,
476,5276580977,fernbird,0,103.38,CPT Jaylen Warren FLEX Aaron Rodgers FLEX Deshaun Watson FLEX Quinshon Judkins FLEX Roman Wilson FLEX Germie Bernard,,,
476,5277040322,bxr0017,0,103.38,CPT Roman Wilson FLEX Aaron Rodgers FLEX Jaylen Warren FLEX Deshaun Watson FLEX Denzel Boston FLEX KC Concepcion Jr.,,,
476,5277084957,honda4jon,0,103.38,CPT Roman Wilson FLEX Aaron Rodgers FLEX Jaylen Warren FLEX Deshaun Watson FLEX Denzel Boston FLEX KC Concepcion Jr.,,,
476,5277259970,travisleezinn1989,0,103.38,CPT Roman Wilson FLEX Aaron Rodgers FLEX Jaylen Warren FLEX Deshaun Watson FLEX Denzel Boston FLEX KC Concepcion Jr.,,,
476,5277632369,cece1736,0,103.38,CPT Jaylen Warren FLEX Aaron Rodgers FLEX Deshaun Watson FLEX Quinshon Judkins FLEX Roman Wilson FLEX Germie Bernard,,,
476,5277666368,musicman777,0,103.38,CPT Jaylen Warren FLEX Aaron Rodgers FLEX Deshaun Watson FLEX Quinshon Judkins FLEX Roman Wilson FLEX Germie Bernard,,,
476,5277697985,idgaf19,0,103.38,CPT Roman Wilson FLEX Aaron Rodgers FLEX Jaylen Warren FLEX Deshaun Watson FLEX Denzel Boston FLEX KC Concepcion Jr.,,,
476,5277744408,brockstar5,0,103.38,CPT Roman Wilson FLEX Aaron Rodgers FLEX Jaylen Warren FLEX Deshaun Watson FLEX Denzel Boston FLEX KC Concepcion Jr.,,,
476,5277872401,mattmoss12,0,103.38,CPT Roman Wilson FLEX Aaron Rodgers FLEX Jaylen Warren FLEX Deshaun Watson FLEX Denzel Boston FLEX KC Concepcion Jr.,,,
486,5277837522,busterbrown69,0,103.31,CPT Darnell Washington FLEX Aaron Rodgers FLEX Jaylen Warren FLEX Quinshon Judkins FLEX Denzel Boston FLEX Harold Fannin Jr.,,,
487,5276551930,minier49,0,103.3,CPT Jaylen Warren FLEX DK Metcalf FLEX Quinshon Judkins FLEX Harold Fannin Jr. FLEX Pat Freiermuth FLEX Roman Wilson,,,
487,5276963094,jslayer05,0,103.3,CPT Jaylen Warren FLEX DK Metcalf FLEX Quinshon Judkins FLEX Harold Fannin Jr. FLEX Pat Freiermuth FLEX Roman Wilson,,,
487,5277279600,craigtig7,0,103.3,CPT Jaylen Warren FLEX DK Metcalf FLEX Quinshon Judkins FLEX Harold Fannin Jr. FLEX Pat Freiermuth FLEX Roman Wilson,,,
487,5277626236,wildfairy,0,103.3,CPT Jaylen Warren FLEX DK Metcalf FLEX Quinshon Judkins FLEX Harold Fannin Jr. FLEX Pat Freiermuth FLEX Roman Wilson,,,
487,5277798206,goonies08,0,103.3,CPT Jaylen Warren FLEX DK Metcalf FLEX Quinshon Judkins FLEX Harold Fannin Jr. FLEX Pat Freiermuth FLEX Roman Wilson,,,
492,5276776834,H8ter2,0,103.28,CPT Jaylen Warren FLEX Aaron Rodgers FLEX Deshaun Watson FLEX Denzel Boston FLEX Roman Wilson FLEX Darnell Washington,,,
492,5276882667,jaysdrivin100,0,103.28,CPT Jaylen Warren FLEX Aaron Rodgers FLEX Deshaun Watson FLEX Denzel Boston FLEX Roman Wilson FLEX Darnell Washington,,,
492,5277613892,TexasHeat12,0,103.28,CPT Jaylen Warren FLEX Aaron Rodgers FLEX Deshaun Watson FLEX Denzel Boston FLEX Roman Wilson FLEX Darnell Washington,,,
492,5277734356,Flast,0,103.28,CPT Jaylen Warren FLEX Aaron Rodgers FLEX Deshaun Watson FLEX Denzel Boston FLEX Roman Wilson FLEX Darnell Washington,,,
492,5277862634,postalinfl55,0,103.28,CPT Jaylen Warren FLEX Aaron Rodgers FLEX Deshaun Watson FLEX Denzel Boston FLEX Roman Wilson FLEX Darnell Washington,,,
497,5277043916,Boogerfacejones,0,103.26,CPT Quinshon Judkins FLEX Aaron Rodgers FLEX Jaylen Warren FLEX Michael Pittman Jr. FLEX KC Concepcion Jr. FLEX Roman Wilson,,,
497,5277439195,Mark226,0,103.26,CPT Quinshon Judkins FLEX Aaron Rodgers FLEX Jaylen Warren FLEX Michael Pittman Jr. FLEX KC Concepcion Jr. FLEX Roman Wilson,,,
497,5277735260,lorftz,0,103.26,CPT Quinshon Judkins FLEX Aaron Rodgers FLEX Jaylen Warren FLEX Michael Pittman Jr. FLEX KC Concepcion Jr. FLEX Roman Wilson,,,
497,5276354066,Dezperado,0,103.259995,CPT Aaron Rodgers FLEX Deshaun Watson FLEX DK Metcalf FLEX Denzel Boston FLEX Raheim Sanders FLEX Roman Wilson,,,
497,5277542342,dafiidmichel,0,103.259995,CPT Aaron Rodgers FLEX Deshaun Watson FLEX DK Metcalf FLEX Denzel Boston FLEX Raheim Sanders FLEX Roman Wilson,,,
497,5277808598,mariahexp,0,103.259995,CPT Aaron Rodgers FLEX Deshaun Watson FLEX DK Metcalf FLEX Denzel Boston FLEX Raheim Sanders FLEX Roman Wilson,,,
497,5277825351,SteelBowl7,0,103.259995,CPT Aaron Rodgers FLEX Deshaun Watson FLEX Denzel Boston FLEX Harold Fannin Jr. FLEX KC Concepcion Jr. FLEX Roman Wilson,,,
504,5276596225,Riky2015,0,103.240005,CPT Aaron Rodgers FLEX Jaylen Warren FLEX Denzel Boston FLEX Harold Fannin Jr. FLEX Pat Freiermuth FLEX Roman Wilson,,,
504,5277664569,ja_ja,0,103.240005,CPT Aaron Rodgers FLEX Jaylen Warren FLEX Denzel Boston FLEX Harold Fannin Jr. FLEX Pat Freiermuth FLEX Roman Wilson,,,
504,5277734365,kevinobie,0,103.240005,CPT Aaron Rodgers FLEX Jaylen Warren FLEX Denzel Boston FLEX Harold Fannin Jr. FLEX Pat Freiermuth FLEX Roman Wilson,,,
504,5276634880,CeJay71,0,103.23999,CPT Deshaun Watson FLEX Aaron Rodgers FLEX Quinshon Judkins FLEX Denzel Boston FLEX Pat Freiermuth FLEX Darnell Washington,,,
508,5276478319,MJG83,0,103.20999,CPT Pat Freiermuth FLEX Aaron Rodgers FLEX Jaylen Warren FLEX DK Metcalf FLEX Harold Fannin Jr. FLEX Roman Wilson,,,
509,5277208983,Sch00ly,0,103.149994,CPT Denzel Boston FLEX Jaylen Warren FLEX DK Metcalf FLEX Quinshon Judkins FLEX Pat Freiermuth FLEX Roman Wilson,,,
510,5276187557,TimLeeCopeland,0,103.14,CPT Aaron Rodgers FLEX Jaylen Warren FLEX DK Metcalf FLEX Harold Fannin Jr. FLEX Chris Boswell FLEX Roman Wilson,,,
510,5276672191,BEARDOWN21,0,103.14,CPT Aaron Rodgers FLEX Jaylen Warren FLEX DK Metcalf FLEX Harold Fannin Jr. FLEX Chris Boswell FLEX Roman Wilson,,,
510,5277130968,steelsteve112,0,103.14,CPT Aaron Rodgers FLEX Jaylen Warren FLEX DK Metcalf FLEX Harold Fannin Jr. FLEX Chris Boswell FLEX Roman Wilson,,,
510,5277641599,riverrat64,0,103.14,CPT Aaron Rodgers FLEX Jaylen Warren FLEX DK Metcalf FLEX Harold Fannin Jr. FLEX Chris Boswell FLEX Roman Wilson,,,
510,5277750283,CFLIGHT24,0,103.14,CPT Aaron Rodgers FLEX Jaylen Warren FLEX DK Metcalf FLEX Harold Fannin Jr. FLEX Chris Boswell FLEX Roman Wilson,,,
510,5277814815,elmergoot,0,103.14,CPT Aaron Rodgers FLEX DK Metcalf FLEX Quinshon Judkins FLEX KC Concepcion Jr. FLEX Pat Freiermuth FLEX Chris Boswell,,,
510,5277823549,gback78,0,103.14,CPT Aaron Rodgers FLEX Jaylen Warren FLEX DK Metcalf FLEX Harold Fannin Jr. FLEX Chris Boswell FLEX Roman Wilson,,,
517,5276891398,robe0536,0,103.12,CPT Quinshon Judkins FLEX Jaylen Warren FLEX Deshaun Watson FLEX DK Metcalf FLEX Browns  FLEX Darnell Washington,,,
518,5277641526,greasyF5,0,103.11,CPT Harold Fannin Jr. FLEX Aaron Rodgers FLEX Quinshon Judkins FLEX Denzel Boston FLEX Pat Freiermuth FLEX Roman Wilson,,,
519,5275403926,kenswasted,0,103.1,CPT Quinshon Judkins FLEX Jaylen Warren FLEX DK Metcalf FLEX Denzel Boston FLEX Pat Freiermuth FLEX Andre Szmyt,,,
520,5275611297,jcornell1225,0,103.06,CPT Jaylen Warren FLEX Aaron Rodgers FLEX Quinshon Judkins FLEX Harold Fannin Jr. FLEX Steelers  FLEX Roman Wilson,,,
520,5275858780,skylercarlin28,0,103.06,CPT Jaylen Warren FLEX Aaron Rodgers FLEX Quinshon Judkins FLEX Harold Fannin Jr. FLEX Steelers  FLEX Roman Wilson,,,
520,5276099873,CrackinAces,0,103.06,CPT Jaylen Warren FLEX Aaron Rodgers FLEX Quinshon Judkins FLEX Harold Fannin Jr. FLEX Steelers  FLEX Roman Wilson,,,
520,5276115831,fruitjuicers,0,103.06,CPT Chris Boswell FLEX Aaron Rodgers FLEX Jaylen Warren FLEX DK Metcalf FLEX Quinshon Judkins FLEX Roman Wilson,,,
520,5276945971,aefr41,0,103.06,CPT Jaylen Warren FLEX Aaron Rodgers FLEX Quinshon Judkins FLEX Harold Fannin Jr. FLEX Steelers  FLEX Roman Wilson,,,
520,5276952957,JumpShotOfFaith1088,0,103.06,CPT Aaron Rodgers FLEX Jaylen Warren FLEX Deshaun Watson FLEX Denzel Boston FLEX Andre Szmyt FLEX Darnell Washington,,,
520,5276954409,mathyewjoeza,0,103.06,CPT Aaron Rodgers FLEX Deshaun Watson FLEX Quinshon Judkins FLEX Michael Pittman Jr. FLEX Pat Freiermuth FLEX Roman Wilson,,,
520,5277169942,DKT9,0,103.06,CPT Jaylen Warren FLEX Aaron Rodgers FLEX Quinshon Judkins FLEX Harold Fannin Jr. FLEX Steelers  FLEX Roman Wilson,,,
520,5277246058,jpungjerm,0,103.06,CPT Aaron Rodgers FLEX Deshaun Watson FLEX DK Metcalf FLEX Harold Fannin Jr. FLEX Browns  FLEX Andre Szmyt,,,
520,5277246680,BearJay,0,103.06,CPT Jaylen Warren FLEX Aaron Rodgers FLEX Quinshon Judkins FLEX Harold Fannin Jr. FLEX Pat Freiermuth FLEX Darnell Washington,,,
520,5277260133,leo2828,0,103.06,CPT Jaylen Warren FLEX Aaron Rodgers FLEX Quinshon Judkins FLEX Harold Fannin Jr. FLEX Pat Freiermuth FLEX Darnell Washington,,,
520,5277274192,robgr8house,0,103.06,CPT Jaylen Warren FLEX Aaron Rodgers FLEX Quinshon Judkins FLEX Harold Fannin Jr. FLEX Steelers  FLEX Roman Wilson,,,
520,5277751750,Jared6636,0,103.06,CPT Jaylen Warren FLEX Aaron Rodgers FLEX Quinshon Judkins FLEX Harold Fannin Jr. FLEX Steelers  FLEX Roman Wilson,,,
520,5277856994,reeseman34,0,103.06,CPT Jaylen Warren FLEX Aaron Rodgers FLEX Quinshon Judkins FLEX KC Concepcion Jr. FLEX Pat Freiermuth FLEX Andre Szmyt,,,
534,5277365345,NBLEW,0,103.03999,CPT Aaron Rodgers FLEX DK Metcalf FLEX Quinshon Judkins FLEX Harold Fannin Jr. FLEX Pat Freiermuth FLEX Raheim Sanders,,,
535,5276058515,brandolevi,0,103.03,CPT Harold Fannin Jr. FLEX Aaron Rodgers FLEX Deshaun Watson FLEX DK Metcalf FLEX Pat Freiermuth FLEX Roman Wilson,,,
535,5276932019,evansnicholasl,0,103.03,CPT Harold Fannin Jr. FLEX Aaron Rodgers FLEX Deshaun Watson FLEX DK Metcalf FLEX Pat Freiermuth FLEX Roman Wilson,,,
535,5276997983,loosetools,0,103.03,CPT Harold Fannin Jr. FLEX Aaron Rodgers FLEX Deshaun Watson FLEX DK Metcalf FLEX Pat Freiermuth FLEX Roman Wilson,,,
535,5277849736,vogels1,0,103.03,CPT Harold Fannin Jr. FLEX Aaron Rodgers FLEX Deshaun Watson FLEX DK Metcalf FLEX Pat Freiermuth FLEX Roman Wilson,,,
539,5277276115,RINO19,0,103.020004,CPT Quinshon Judkins FLEX Jaylen Warren FLEX Deshaun Watson FLEX Harold Fannin Jr. FLEX Andre Szmyt FLEX Roman Wilson,,,
539,5277465234,Screwballs,0,103.020004,CPT Quinshon Judkins FLEX Jaylen Warren FLEX Deshaun Watson FLEX Harold Fannin Jr. FLEX Andre Szmyt FLEX Roman Wilson,,,
541,5277821167,illone97,0,103.009995,CPT DK Metcalf FLEX Aaron Rodgers FLEX Jaylen Warren FLEX Quinshon Judkins FLEX Steelers  FLEX Jerry Jeudy,,,
542,5275544116,clifnote321,0,102.979996,CPT Deshaun Watson FLEX DK Metcalf FLEX Quinshon Judkins FLEX Harold Fannin Jr. FLEX KC Concepcion Jr. FLEX Roman Wilson,,,
542,5276700259,marvelousmar69,0,102.979996,CPT Deshaun Watson FLEX DK Metcalf FLEX Quinshon Judkins FLEX Harold Fannin Jr. FLEX KC Concepcion Jr. FLEX Roman Wilson,,,
544,5277125332,balcomx,0,102.94,CPT Aaron Rodgers FLEX Jaylen Warren FLEX Denzel Boston FLEX KC Concepcion Jr. FLEX Pat Freiermuth FLEX Roman Wilson,,,
544,5277705285,jwon77,0,102.94,CPT Aaron Rodgers FLEX DK Metcalf FLEX Quinshon Judkins FLEX Michael Pittman Jr. FLEX Steelers  FLEX Roman Wilson,,,
544,5276511320,jessedlewis,0,102.939995,CPT Deshaun Watson FLEX Aaron Rodgers FLEX Jaylen Warren FLEX Denzel Boston FLEX Roman Wilson FLEX Darnell Washington,,,
544,5277181924,bigboirob,0,102.939995,CPT Deshaun Watson FLEX Aaron Rodgers FLEX Jaylen Warren FLEX Denzel Boston FLEX Roman Wilson FLEX Darnell Washington,,,
544,5277591230,txraynard,0,102.939995,CPT Deshaun Watson FLEX Aaron Rodgers FLEX Jaylen Warren FLEX Denzel Boston FLEX Roman Wilson FLEX Darnell Washington,,,
544,5277755995,Thatdude361,0,102.939995,CPT Deshaun Watson FLEX Aaron Rodgers FLEX Jaylen Warren FLEX Denzel Boston FLEX Roman Wilson FLEX Darnell Washington,,,
550,5277485076,jthompjr,0,102.92999,CPT Darnell Washington FLEX Aaron Rodgers FLEX Jaylen Warren FLEX Deshaun Watson FLEX DK Metcalf FLEX KC Concepcion Jr.,,,
551,5276620353,Agent140,0,102.92,CPT Quinshon Judkins FLEX Jaylen Warren FLEX Deshaun Watson FLEX Denzel Boston FLEX Pat Freiermuth FLEX Roman Wilson,,,
551,5277022572,dalewatson1,0,102.92,CPT Quinshon Judkins FLEX Jaylen Warren FLEX Deshaun Watson FLEX Denzel Boston FLEX Pat Freiermuth FLEX Roman Wilson,,,
551,5277069358,hookers9876,0,102.92,CPT Quinshon Judkins FLEX Jaylen Warren FLEX Deshaun Watson FLEX Denzel Boston FLEX Pat Freiermuth FLEX Roman Wilson,,,
551,5277244605,benttu409,0,102.92,CPT Quinshon Judkins FLEX Jaylen Warren FLEX Deshaun Watson FLEX Denzel Boston FLEX Pat Freiermuth FLEX Roman Wilson,,,
551,5277295450,Cashhog,0,102.92,CPT Quinshon Judkins FLEX Jaylen Warren FLEX Deshaun Watson FLEX Denzel Boston FLEX Pat Freiermuth FLEX Roman Wilson,,,
551,5277521698,hammerjr,0,102.92,CPT Quinshon Judkins FLEX Jaylen Warren FLEX Deshaun Watson FLEX Denzel Boston FLEX Pat Freiermuth FLEX Roman Wilson,,,
551,5277544799,SikWitEt,0,102.92,CPT Quinshon Judkins FLEX Jaylen Warren FLEX Deshaun Watson FLEX Denzel Boston FLEX Pat Freiermuth FLEX Roman Wilson,,,
551,5277686989,Brew3877,0,102.92,CPT Quinshon Judkins FLEX Jaylen Warren FLEX Deshaun Watson FLEX Denzel Boston FLEX Pat Freiermuth FLEX Roman Wilson,,,
551,5277815326,cubsin7,0,102.92,CPT Quinshon Judkins FLEX Jaylen Warren FLEX Deshaun Watson FLEX Denzel Boston FLEX Pat Freiermuth FLEX Roman Wilson,,,
560,5276713146,derekdog,0,102.91,CPT DK Metcalf FLEX Aaron Rodgers FLEX Jaylen Warren FLEX KC Concepcion Jr. FLEX Pat Freiermuth FLEX Andre Szmyt,,,
560,5277040057,tonyromeo,0,102.91,CPT DK Metcalf FLEX Aaron Rodgers FLEX Jaylen Warren FLEX KC Concepcion Jr. FLEX Pat Freiermuth FLEX Andre Szmyt,,,
560,5277062121,smoke_401,0,102.91,CPT DK Metcalf FLEX Aaron Rodgers FLEX Jaylen Warren FLEX KC Concepcion Jr. FLEX Pat Freiermuth FLEX Andre Szmyt,,,
560,5277742281,canyoureid,0,102.91,CPT DK Metcalf FLEX Aaron Rodgers FLEX Jaylen Warren FLEX KC Concepcion Jr. FLEX Pat Freiermuth FLEX Andre Szmyt,,,
560,5277843140,Chunkyblue,0,102.91,CPT DK Metcalf FLEX Aaron Rodgers FLEX Jaylen Warren FLEX KC Concepcion Jr. FLEX Pat Freiermuth FLEX Andre Szmyt,,,
560,5276111977,amartin0271,0,102.909996,CPT DK Metcalf FLEX Aaron Rodgers FLEX Jaylen Warren FLEX Harold Fannin Jr. FLEX Steelers  FLEX Roman Wilson,,,
560,5277246288,JacefamouSS,0,102.909996,CPT DK Metcalf FLEX Aaron Rodgers FLEX Jaylen Warren FLEX Harold Fannin Jr. FLEX Steelers  FLEX Roman Wilson,,,
560,5277392643,auglianom,0,102.909996,CPT DK Metcalf FLEX Aaron Rodgers FLEX Jaylen Warren FLEX Harold Fannin Jr. FLEX Steelers  FLEX Roman Wilson,,,
560,5277621418,andybonnot,0,102.909996,CPT DK Metcalf FLEX Aaron Rodgers FLEX Jaylen Warren FLEX Harold Fannin Jr. FLEX Pat Freiermuth FLEX Darnell Washington,,,
560,5277632811,tripod07,0,102.909996,CPT DK Metcalf FLEX Aaron Rodgers FLEX Jaylen Warren FLEX Harold Fannin Jr. FLEX Steelers  FLEX Roman Wilson,,,
560,5277829869,Boltmantom,0,102.909996,CPT DK Metcalf FLEX Aaron Rodgers FLEX Jaylen Warren FLEX Harold Fannin Jr. FLEX Pat Freiermuth FLEX Darnell Washington,,,
560,5277211424,ukgobigblue,0,102.90999,CPT Denzel Boston FLEX Aaron Rodgers FLEX Jaylen Warren FLEX Quinshon Judkins FLEX Pat Freiermuth FLEX Darnell Washington,,,
572,5276067126,AirJordy87,0,102.86,CPT Aaron Rodgers FLEX Jaylen Warren FLEX Deshaun Watson FLEX Quinshon Judkins FLEX Darnell Washington FLEX Germie Bernard,,,
572,5277795826,Wurzburg43,0,102.85999,CPT KC Concepcion Jr. FLEX Aaron Rodgers FLEX DK Metcalf FLEX Quinshon Judkins FLEX Harold Fannin Jr. FLEX Browns ,,,
574,5277745779,lorenzo953,0,102.84,CPT Aaron Rodgers FLEX DK Metcalf FLEX Quinshon Judkins FLEX Denzel Boston FLEX Harold Fannin Jr. FLEX Isaiah Bond,,,
575,5275738905,nachochopstix,0,102.73999,CPT Aaron Rodgers FLEX Jaylen Warren FLEX DK Metcalf FLEX Harold Fannin Jr. FLEX Raheim Sanders FLEX Roman Wilson,,,
576,5277526732,ccmtpleasant,0,102.72,CPT Quinshon Judkins FLEX Jaylen Warren FLEX Deshaun Watson FLEX Harold Fannin Jr. FLEX Roman Wilson FLEX Darnell Washington,,,
577,5277588160,glotellez22,0,102.71,CPT DK Metcalf FLEX Aaron Rodgers FLEX Quinshon Judkins FLEX Denzel Boston FLEX Steelers  FLEX Browns ,,,
578,5276963735,maseratiscotty,0,102.67999,CPT Roman Wilson FLEX Aaron Rodgers FLEX Jaylen Warren FLEX Deshaun Watson FLEX Denzel Boston FLEX Pat Freiermuth,,,
579,5277706431,the803goat,0,102.659996,CPT Roman Wilson FLEX Aaron Rodgers FLEX Jaylen Warren FLEX Quinshon Judkins FLEX Denzel Boston FLEX Chris Boswell,,,
580,5276177131,Leftylongshot,0,102.58,CPT Quinshon Judkins FLEX Aaron Rodgers FLEX Deshaun Watson FLEX Michael Pittman Jr. FLEX KC Concepcion Jr. FLEX Roman Wilson,,,
580,5276461156,JGHolley22,0,102.58,CPT Quinshon Judkins FLEX Aaron Rodgers FLEX Deshaun Watson FLEX Michael Pittman Jr. FLEX KC Concepcion Jr. FLEX Roman Wilson,,,
580,5277162362,KrazyTF,0,102.58,CPT Quinshon Judkins FLEX Aaron Rodgers FLEX Deshaun Watson FLEX Michael Pittman Jr. FLEX KC Concepcion Jr. FLEX Roman Wilson,,,
580,5276240456,luckywvu,0,102.579994,CPT Roman Wilson FLEX Aaron Rodgers FLEX Jaylen Warren FLEX Deshaun Watson FLEX DK Metcalf FLEX Chris Boswell,,,
584,5276522138,meself60,0,102.56,CPT Aaron Rodgers FLEX Deshaun Watson FLEX Denzel Boston FLEX Harold Fannin Jr. FLEX Pat Freiermuth FLEX Roman Wilson,,,
585,5277277735,collincaleb,0,102.509995,CPT Harold Fannin Jr. FLEX Aaron Rodgers FLEX DK Metcalf FLEX Quinshon Judkins FLEX Michael Pittman Jr. FLEX Roman Wilson,,,
585,5277753487,Mdf1976,0,102.509995,CPT DK Metcalf FLEX Aaron Rodgers FLEX Quinshon Judkins FLEX Harold Fannin Jr. FLEX Chris Boswell FLEX Andre Szmyt,,,
585,5277775203,enforcer4,0,102.509995,CPT DK Metcalf FLEX Aaron Rodgers FLEX Quinshon Judkins FLEX Harold Fannin Jr. FLEX Chris Boswell FLEX Andre Szmyt,,,
588,5276150256,coolbreeze1122,0,102.479996,CPT Quinshon Judkins FLEX Aaron Rodgers FLEX Jaylen Warren FLEX Deshaun Watson FLEX Browns  FLEX Jerry Jeudy,,,
588,5277600284,radam42,0,102.479996,CPT Jaylen Warren FLEX Aaron Rodgers FLEX Deshaun Watson FLEX Quinshon Judkins FLEX Andre Szmyt FLEX Jerry Jeudy,,,
588,5277744657,Davidstillwell,0,102.479996,CPT Jaylen Warren FLEX Aaron Rodgers FLEX Deshaun Watson FLEX Quinshon Judkins FLEX Andre Szmyt FLEX Jerry Jeudy,,,
591,5277044236,AckRite13,0,102.46,CPT Quinshon Judkins FLEX Aaron Rodgers FLEX Harold Fannin Jr. FLEX Pat Freiermuth FLEX Andre Szmyt FLEX Darnell Washington,,,
591,5276166428,Birdsack,0,102.45999,CPT Aaron Rodgers FLEX Deshaun Watson FLEX DK Metcalf FLEX Harold Fannin Jr. FLEX Chris Boswell FLEX Roman Wilson,,,
591,5276949273,maxxximus69,0,102.45999,CPT Aaron Rodgers FLEX Deshaun Watson FLEX DK Metcalf FLEX Harold Fannin Jr. FLEX Chris Boswell FLEX Roman Wilson,,,
591,5277460868,exjarhead,0,102.45999,CPT Aaron Rodgers FLEX Deshaun Watson FLEX DK Metcalf FLEX Harold Fannin Jr. FLEX Chris Boswell FLEX Roman Wilson,,,
591,5277723873,Hondo1111,0,102.45999,CPT Aaron Rodgers FLEX Deshaun Watson FLEX DK Metcalf FLEX Harold Fannin Jr. FLEX Chris Boswell FLEX Roman Wilson,,,
596,5276805175,tylertaylor29,0,102.44,CPT Aaron Rodgers FLEX Jaylen Warren FLEX DK Metcalf FLEX Steelers  FLEX Browns  FLEX Roman Wilson,,,
597,5275425269,escalade0709,0,102.420006,CPT Quinshon Judkins FLEX Jaylen Warren FLEX Deshaun Watson FLEX Harold Fannin Jr. FLEX KC Concepcion Jr. FLEX Roman Wilson,,,
597,5276238180,Beezy6662,0,102.420006,CPT Quinshon Judkins FLEX Jaylen Warren FLEX Deshaun Watson FLEX Harold Fannin Jr. FLEX KC Concepcion Jr. FLEX Roman Wilson,,,
597,5276647995,CFree3344,0,102.420006,CPT Quinshon Judkins FLEX Jaylen Warren FLEX Deshaun Watson FLEX Harold Fannin Jr. FLEX KC Concepcion Jr. FLEX Roman Wilson,,,
597,5276800070,marquie007,0,102.420006,CPT Quinshon Judkins FLEX Jaylen Warren FLEX Deshaun Watson FLEX Harold Fannin Jr. FLEX KC Concepcion Jr. FLEX Roman Wilson,,,
597,5276966868,wallyesquire,0,102.420006,CPT Quinshon Judkins FLEX Jaylen Warren FLEX Deshaun Watson FLEX Harold Fannin Jr. FLEX KC Concepcion Jr. FLEX Roman Wilson,,,
597,5277002512,outlawpete5,0,102.420006,CPT Quinshon Judkins FLEX Jaylen Warren FLEX Deshaun Watson FLEX Harold Fannin Jr. FLEX KC Concepcion Jr. FLEX Roman Wilson,,,
597,5277059646,iceit519,0,102.420006,CPT Quinshon Judkins FLEX Jaylen Warren FLEX Deshaun Watson FLEX Harold Fannin Jr. FLEX KC Concepcion Jr. FLEX Roman Wilson,,,
597,5277066061,Luiyopr,0,102.420006,CPT Quinshon Judkins FLEX Jaylen Warren FLEX Deshaun Watson FLEX Harold Fannin Jr. FLEX KC Concepcion Jr. FLEX Roman Wilson,,,
597,5277183748,pjminor,0,102.420006,CPT Quinshon Judkins FLEX Jaylen Warren FLEX Deshaun Watson FLEX Harold Fannin Jr. FLEX KC Concepcion Jr. FLEX Roman Wilson,,,
597,5277220630,Ship1992,0,102.420006,CPT Quinshon Judkins FLEX Jaylen Warren FLEX Deshaun Watson FLEX Harold Fannin Jr. FLEX KC Concepcion Jr. FLEX Roman Wilson,,,
597,5277231121,BigDBoss,0,102.420006,CPT Quinshon Judkins FLEX Jaylen Warren FLEX Deshaun Watson FLEX Harold Fannin Jr. FLEX KC Concepcion Jr. FLEX Roman Wilson,,,
597,5277254808,lilsnupeyvert,0,102.420006,CPT Quinshon Judkins FLEX Jaylen Warren FLEX Deshaun Watson FLEX Harold Fannin Jr. FLEX KC Concepcion Jr. FLEX Roman Wilson,,,
597,5277286389,gator1226,0,102.420006,CPT Quinshon Judkins FLEX Jaylen Warren FLEX Deshaun Watson FLEX Harold Fannin Jr. FLEX KC Concepcion Jr. FLEX Roman Wilson,,,
597,5277394170,tristanbyrd,0,102.420006,CPT Quinshon Judkins FLEX Jaylen Warren FLEX Deshaun Watson FLEX Harold Fannin Jr. FLEX KC Concepcion Jr. FLEX Roman Wilson,,,
597,5277439493,kevinlxd88,0,102.420006,CPT Quinshon Judkins FLEX Jaylen Warren FLEX Deshaun Watson FLEX Harold Fannin Jr. FLEX KC Concepcion Jr. FLEX Roman Wilson,,,
597,5277570858,TElkins24,0,102.420006,CPT Quinshon Judkins FLEX Jaylen Warren FLEX Deshaun Watson FLEX Harold Fannin Jr. FLEX KC Concepcion Jr. FLEX Roman Wilson,,,
597,5277633201,livelife69,0,102.420006,CPT Quinshon Judkins FLEX Jaylen Warren FLEX Deshaun Watson FLEX Harold Fannin Jr. FLEX KC Concepcion Jr. FLEX Roman Wilson,,,
597,5277672199,jakcough17,0,102.420006,CPT Quinshon Judkins FLEX Jaylen Warren FLEX Deshaun Watson FLEX Harold Fannin Jr. FLEX KC Concepcion Jr. FLEX Roman Wilson,,,
597,5277718516,ajfairchild,0,102.420006,CPT Quinshon Judkins FLEX Jaylen Warren FLEX Deshaun Watson FLEX Harold Fannin Jr. FLEX KC Concepcion Jr. FLEX Roman Wilson,,,
616,5275567343,kane_draftking,0,102.38,CPT Jaylen Warren FLEX Aaron Rodgers FLEX Deshaun Watson FLEX Harold Fannin Jr. FLEX Andre Szmyt FLEX Roman Wilson,,,
616,5275860884,DFSqueenie,0,102.38,CPT Jaylen Warren FLEX Aaron Rodgers FLEX Deshaun Watson FLEX Harold Fannin Jr. FLEX Andre Szmyt FLEX Roman Wilson,,,
616,5275982094,KsRenegade,0,102.38,CPT Jaylen Warren FLEX Aaron Rodgers FLEX Deshaun Watson FLEX Harold Fannin Jr. FLEX Andre Szmyt FLEX Roman Wilson,,,
616,5276048463,stambizzle,0,102.38,CPT Jaylen Warren FLEX Aaron Rodgers FLEX Deshaun Watson FLEX Harold Fannin Jr. FLEX Andre Szmyt FLEX Roman Wilson,,,
616,5276050579,jblakesley78,0,102.38,CPT Jaylen Warren FLEX Aaron Rodgers FLEX Deshaun Watson FLEX Harold Fannin Jr. FLEX Andre Szmyt FLEX Roman Wilson,,,
616,5276180022,aclegend89,0,102.38,CPT Jaylen Warren FLEX Aaron Rodgers FLEX Deshaun Watson FLEX Harold Fannin Jr. FLEX Andre Szmyt FLEX Roman Wilson,,,
616,5276309909,Warvet75,0,102.38,CPT Jaylen Warren FLEX Aaron Rodgers FLEX Deshaun Watson FLEX Harold Fannin Jr. FLEX Andre Szmyt FLEX Roman Wilson,,,
616,5276374089,1BostonBoys1,0,102.38,CPT Jaylen Warren FLEX Aaron Rodgers FLEX Deshaun Watson FLEX Harold Fannin Jr. FLEX Andre Szmyt FLEX Roman Wilson,,,
616,5276475150,Kimmykat33,0,102.38,CPT Jaylen Warren FLEX Aaron Rodgers FLEX Deshaun Watson FLEX Harold Fannin Jr. FLEX Andre Szmyt FLEX Roman Wilson,,,
616,5276523652,BudLeeOne,0,102.38,CPT Jaylen Warren FLEX Aaron Rodgers FLEX Deshaun Watson FLEX Harold Fannin Jr. FLEX Andre Szmyt FLEX Roman Wilson,,,
616,5276543122,slimjim9477,0,102.38,CPT Jaylen Warren FLEX Aaron Rodgers FLEX Deshaun Watson FLEX Harold Fannin Jr. FLEX Andre Szmyt FLEX Roman Wilson,,,
616,5276597176,Santang44,0,102.38,CPT Jaylen Warren FLEX Aaron Rodgers FLEX Deshaun Watson FLEX Harold Fannin Jr. FLEX Andre Szmyt FLEX Roman Wilson,,,
616,5276781821,iceberg693,0,102.38,CPT Jaylen Warren FLEX Aaron Rodgers FLEX Deshaun Watson FLEX Harold Fannin Jr. FLEX Andre Szmyt FLEX Roman Wilson,,,
616,5276791941,tikimike1,0,102.38,CPT Jaylen Warren FLEX Aaron Rodgers FLEX Deshaun Watson FLEX Harold Fannin Jr. FLEX Andre Szmyt FLEX Roman Wilson,,,
616,5276899310,BossinBrady,0,102.38,CPT Jaylen Warren FLEX Aaron Rodgers FLEX Deshaun Watson FLEX Harold Fannin Jr. FLEX Andre Szmyt FLEX Roman Wilson,,,
616,5277149025,deadzone,0,102.38,CPT Jaylen Warren FLEX Aaron Rodgers FLEX Deshaun Watson FLEX Harold Fannin Jr. FLEX Andre Szmyt FLEX Roman Wilson,,,
616,5277168733,dakribe,0,102.38,CPT Jaylen Warren FLEX Aaron Rodgers FLEX Deshaun Watson FLEX Harold Fannin Jr. FLEX Andre Szmyt FLEX Roman Wilson,,,
616,5277200421,erin3272002,0,102.38,CPT Jaylen Warren FLEX Aaron Rodgers FLEX Deshaun Watson FLEX Harold Fannin Jr. FLEX Andre Szmyt FLEX Roman Wilson,,,
616,5277251811,dublinking,0,102.38,CPT Jaylen Warren FLEX Aaron Rodgers FLEX Deshaun Watson FLEX Harold Fannin Jr. FLEX Andre Szmyt FLEX Roman Wilson,,,
616,5277288782,sfcdrew,0,102.38,CPT Jaylen Warren FLEX Aaron Rodgers FLEX Deshaun Watson FLEX Harold Fannin Jr. FLEX Andre Szmyt FLEX Roman Wilson,,,
616,5277359124,zagnuts,0,102.38,CPT Jaylen Warren FLEX Aaron Rodgers FLEX Deshaun Watson FLEX Harold Fannin Jr. FLEX Andre Szmyt FLEX Roman Wilson,,,
616,5277381691,hollywoodhussey,0,102.38,CPT Jaylen Warren FLEX Aaron Rodgers FLEX Deshaun Watson FLEX Harold Fannin Jr. FLEX Andre Szmyt FLEX Roman Wilson,,,
616,5277404238,user9420,0,102.38,CPT Jaylen Warren FLEX Aaron Rodgers FLEX Deshaun Watson FLEX Harold Fannin Jr. FLEX Andre Szmyt FLEX Roman Wilson,,,
616,5277407570,malcius,0,102.38,CPT Jaylen Warren FLEX Aaron Rodgers FLEX Deshaun Watson FLEX Harold Fannin Jr. FLEX Andre Szmyt FLEX Roman Wilson,,,
616,5277439488,danweible,0,102.38,CPT Jaylen Warren FLEX Aaron Rodgers FLEX Deshaun Watson FLEX Harold Fannin Jr. FLEX Andre Szmyt FLEX Roman Wilson,,,
616,5277492959,ohbuck63,0,102.38,CPT Jaylen Warren FLEX Aaron Rodgers FLEX Deshaun Watson FLEX Harold Fannin Jr. FLEX Andre Szmyt FLEX Roman Wilson,,,
616,5277514545,mrgolfnmore,0,102.38,CPT Jaylen Warren FLEX Aaron Rodgers FLEX Deshaun Watson FLEX Harold Fannin Jr. FLEX Andre Szmyt FLEX Roman Wilson,,,
616,5277641434,stolzy27,0,102.38,CPT Jaylen Warren FLEX Aaron Rodgers FLEX Deshaun Watson FLEX Harold Fannin Jr. FLEX Andre Szmyt FLEX Roman Wilson,,,
616,5277645588,wbergland,0,102.38,CPT Jaylen Warren FLEX Aaron Rodgers FLEX Deshaun Watson FLEX Harold Fannin Jr. FLEX Andre Szmyt FLEX Roman Wilson,,,
616,5277699019,mosscha,0,102.38,CPT Quinshon Judkins FLEX Aaron Rodgers FLEX Deshaun Watson FLEX KC Concepcion Jr. FLEX Pat Freiermuth FLEX Browns ,,,
616,5277699687,keblankenship54,0,102.38,CPT Quinshon Judkins FLEX Aaron Rodgers FLEX Deshaun Watson FLEX KC Concepcion Jr. FLEX Pat Freiermuth FLEX Browns ,,,
616,5277740921,Fatguyballer,0,102.38,CPT Jaylen Warren FLEX Aaron Rodgers FLEX Deshaun Watson FLEX Harold Fannin Jr. FLEX Andre Szmyt FLEX Roman Wilson,,,
616,5277765855,smbroncos07,0,102.38,CPT Jaylen Warren FLEX Aaron Rodgers FLEX Deshaun Watson FLEX Harold Fannin Jr. FLEX Andre Szmyt FLEX Roman Wilson,,,
616,5277773344,kuehnb24,0,102.38,CPT Jaylen Warren FLEX Aaron Rodgers FLEX Deshaun Watson FLEX Harold Fannin Jr. FLEX Andre Szmyt FLEX Roman Wilson,,,
616,5277788883,Diegoba12,0,102.38,CPT Jaylen Warren FLEX Aaron Rodgers FLEX Deshaun Watson FLEX Harold Fannin Jr. FLEX Andre Szmyt FLEX Roman Wilson,,,
616,5277807478,mill1270,0,102.38,CPT Jaylen Warren FLEX Aaron Rodgers FLEX Deshaun Watson FLEX Harold Fannin Jr. FLEX Andre Szmyt FLEX Roman Wilson,,,
616,5277816017,MarkBeaz,0,102.38,CPT Jaylen Warren FLEX Aaron Rodgers FLEX Deshaun Watson FLEX Harold Fannin Jr. FLEX Andre Szmyt FLEX Roman Wilson,,,
616,5277834678,peky0401,0,102.38,CPT Jaylen Warren FLEX Aaron Rodgers FLEX Deshaun Watson FLEX Harold Fannin Jr. FLEX Andre Szmyt FLEX Roman Wilson,,,
616,5277844132,darryl8282,0,102.38,CPT Jaylen Warren FLEX Aaron Rodgers FLEX Deshaun Watson FLEX Harold Fannin Jr. FLEX Andre Szmyt FLEX Roman Wilson,,,
616,5277851121,rob29g,0,102.38,CPT Jaylen Warren FLEX Aaron Rodgers FLEX Deshaun Watson FLEX Harold Fannin Jr. FLEX Andre Szmyt FLEX Roman Wilson,,,
656,5276916105,DraftKingsEAD,0,102.329994,CPT DK Metcalf FLEX Aaron Rodgers FLEX Jaylen Warren FLEX Deshaun Watson FLEX Andre Szmyt FLEX Jerry Jeudy,,,
656,5277287093,rhawe00,0,102.329994,CPT DK Metcalf FLEX Aaron Rodgers FLEX Jaylen Warren FLEX Deshaun Watson FLEX Andre Szmyt FLEX Jerry Jeudy,,,
656,5277737035,The-Big-House,0,102.329994,CPT DK Metcalf FLEX Aaron Rodgers FLEX Jaylen Warren FLEX Deshaun Watson FLEX Andre Szmyt FLEX Jerry Jeudy,,,
656,5277798402,schwabzilla,0,102.329994,CPT DK Metcalf FLEX Aaron Rodgers FLEX Jaylen Warren FLEX Deshaun Watson FLEX Andre Szmyt FLEX Jerry Jeudy,,,
660,5277497483,rnapolitano,0,102.299995,CPT Quinshon Judkins FLEX Jaylen Warren FLEX DK Metcalf FLEX Harold Fannin Jr. FLEX KC Concepcion Jr. FLEX Darnell Washington,,,
661,5277105893,addiecar,0,102.28,CPT Deshaun Watson FLEX DK Metcalf FLEX Quinshon Judkins FLEX Harold Fannin Jr. FLEX Pat Freiermuth FLEX Roman Wilson,,,
662,5276996522,Tupelojoe,0,102.26,CPT Jaylen Warren FLEX Aaron Rodgers FLEX DK Metcalf FLEX Harold Fannin Jr. FLEX Andre Szmyt FLEX Darnell Washington,,,
663,5275783844,MShields52,0,102.229996,CPT Denzel Boston FLEX Aaron Rodgers FLEX Jaylen Warren FLEX Deshaun Watson FLEX Andre Szmyt FLEX Roman Wilson,,,
663,5276238518,strhnhauler,0,102.229996,CPT DK Metcalf FLEX Aaron Rodgers FLEX Deshaun Watson FLEX Harold Fannin Jr. FLEX Pat Freiermuth FLEX Darnell Washington,,,
663,5277105709,seminolefs,0,102.229996,CPT Denzel Boston FLEX Aaron Rodgers FLEX Jaylen Warren FLEX Deshaun Watson FLEX Andre Szmyt FLEX Roman Wilson,,,
663,5277800010,DAVINATOR12,0,102.229996,CPT DK Metcalf FLEX Aaron Rodgers FLEX Deshaun Watson FLEX Harold Fannin Jr. FLEX Pat Freiermuth FLEX Darnell Washington,,,
663,5277851255,fumble81,0,102.229996,CPT Denzel Boston FLEX Aaron Rodgers FLEX Jaylen Warren FLEX Deshaun Watson FLEX Andre Szmyt FLEX Roman Wilson,,,
663,5277856129,TeeHatch,0,102.229996,CPT Darnell Washington FLEX Aaron Rodgers FLEX Jaylen Warren FLEX Deshaun Watson FLEX DK Metcalf FLEX Pat Freiermuth,,,
663,5276540395,OZRAMS,0,102.22999,CPT Denzel Boston FLEX Aaron Rodgers FLEX Deshaun Watson FLEX Quinshon Judkins FLEX Pat Freiermuth FLEX Darnell Washington,,,
670,5276794890,adistel55,0,102.17999,CPT Roman Wilson FLEX Aaron Rodgers FLEX Jaylen Warren FLEX Deshaun Watson FLEX Harold Fannin Jr. FLEX KC Concepcion Jr.,,,
670,5276878682,MBMuskrats,0,102.17999,CPT Roman Wilson FLEX Aaron Rodgers FLEX Jaylen Warren FLEX Deshaun Watson FLEX Harold Fannin Jr. FLEX KC Concepcion Jr.,,,
670,5276896223,dentiddo,0,102.17999,CPT Roman Wilson FLEX Aaron Rodgers FLEX Jaylen Warren FLEX Deshaun Watson FLEX KC Concepcion Jr. FLEX Darnell Washington,,,
670,5276977242,sirleged7777,0,102.17999,CPT Roman Wilson FLEX Aaron Rodgers FLEX Jaylen Warren FLEX Deshaun Watson FLEX Harold Fannin Jr. FLEX KC Concepcion Jr.,,,
670,5277015110,RavensLazer,0,102.17999,CPT Roman Wilson FLEX Aaron Rodgers FLEX Jaylen Warren FLEX Deshaun Watson FLEX Harold Fannin Jr. FLEX KC Concepcion Jr.,,,
670,5277031361,kingofthahill1976,0,102.17999,CPT Roman Wilson FLEX Aaron Rodgers FLEX Jaylen Warren FLEX Deshaun Watson FLEX Harold Fannin Jr. FLEX KC Concepcion Jr.,,,
670,5277053413,bubbs57,0,102.17999,CPT Roman Wilson FLEX Aaron Rodgers FLEX Jaylen Warren FLEX Deshaun Watson FLEX Harold Fannin Jr. FLEX KC Concepcion Jr.,,,
670,5277071053,Wadz10,0,102.17999,CPT Roman Wilson FLEX Aaron Rodgers FLEX Jaylen Warren FLEX Deshaun Watson FLEX Harold Fannin Jr. FLEX KC Concepcion Jr.,,,
670,5277182885,C64SUTH,0,102.17999,CPT Roman Wilson FLEX Aaron Rodgers FLEX Jaylen Warren FLEX Deshaun Watson FLEX Harold Fannin Jr. FLEX KC Concepcion Jr.,,,
670,5277229143,peterprocter,0,102.17999,CPT Roman Wilson FLEX Aaron Rodgers FLEX Jaylen Warren FLEX Deshaun Watson FLEX Harold Fannin Jr. FLEX KC Concepcion Jr.,,,
670,5277236651,Damaga,0,102.17999,CPT Roman Wilson FLEX Aaron Rodgers FLEX Jaylen Warren FLEX Deshaun Watson FLEX Harold Fannin Jr. FLEX KC Concepcion Jr.,,,
670,5277332215,rohde51,0,102.17999,CPT Quinshon Judkins FLEX Aaron Rodgers FLEX Jaylen Warren FLEX Deshaun Watson FLEX Raheim Sanders FLEX Darnell Washington,,,
670,5277404726,ralloway,0,102.17999,CPT Roman Wilson FLEX Aaron Rodgers FLEX Jaylen Warren FLEX Deshaun Watson FLEX Harold Fannin Jr. FLEX KC Concepcion Jr.,,,
683,5277205005,Buconerrs,0,102.13999,CPT Deshaun Watson FLEX Aaron Rodgers FLEX Jaylen Warren FLEX Quinshon Judkins FLEX Andre Szmyt FLEX Jerry Jeudy,,,
684,5275506598,jayrodd24,0,102.10999,CPT DK Metcalf FLEX Aaron Rodgers FLEX Jaylen Warren FLEX Quinshon Judkins FLEX Harold Fannin Jr. FLEX Robert Tonyan,,,
684,5276399284,donkeykong92211,0,102.10999,CPT DK Metcalf FLEX Aaron Rodgers FLEX Jaylen Warren FLEX Quinshon Judkins FLEX Harold Fannin Jr. FLEX Robert Tonyan,,,
684,5277338872,chaznataz,0,102.10999,CPT DK Metcalf FLEX Aaron Rodgers FLEX Jaylen Warren FLEX Quinshon Judkins FLEX Harold Fannin Jr. FLEX Robert Tonyan,,,
684,5277771712,jakeg0916,0,102.10999,CPT DK Metcalf FLEX Aaron Rodgers FLEX Jaylen Warren FLEX Quinshon Judkins FLEX Harold Fannin Jr. FLEX Robert Tonyan,,,
688,5277871497,CloakedMistborn,0,102.08,CPT Jaylen Warren FLEX Aaron Rodgers FLEX Deshaun Watson FLEX KC Concepcion Jr. FLEX Andre Szmyt FLEX Roman Wilson,,,
688,5277887428,turnintogold,0,102.08,CPT Jaylen Warren FLEX Aaron Rodgers FLEX Deshaun Watson FLEX KC Concepcion Jr. FLEX Andre Szmyt FLEX Roman Wilson,,,
688,5276792927,PSULucky7,0,102.079994,CPT Jaylen Warren FLEX Aaron Rodgers FLEX Deshaun Watson FLEX Harold Fannin Jr. FLEX Roman Wilson FLEX Darnell Washington,,,
688,5276839083,BigMac2828,0,102.079994,CPT Jaylen Warren FLEX Aaron Rodgers FLEX Deshaun Watson FLEX Harold Fannin Jr. FLEX Roman Wilson FLEX Darnell Washington,,,
688,5277014994,MarcoRacin,0,102.079994,CPT Jaylen Warren FLEX Aaron Rodgers FLEX Deshaun Watson FLEX Harold Fannin Jr. FLEX Roman Wilson FLEX Darnell Washington,,,
688,5277047914,Toeknee21,0,102.079994,CPT Jaylen Warren FLEX Aaron Rodgers FLEX Deshaun Watson FLEX Harold Fannin Jr. FLEX Roman Wilson FLEX Darnell Washington,,,
688,5277143095,jakedw7,0,102.079994,CPT Jaylen Warren FLEX Aaron Rodgers FLEX Deshaun Watson FLEX Harold Fannin Jr. FLEX Roman Wilson FLEX Darnell Washington,,,
688,5277647685,Ramsey4513,0,102.079994,CPT Jaylen Warren FLEX Aaron Rodgers FLEX Deshaun Watson FLEX Harold Fannin Jr. FLEX Roman Wilson FLEX Darnell Washington,,,
688,5277830049,VanRob59,0,102.079994,CPT Jaylen Warren FLEX Aaron Rodgers FLEX Deshaun Watson FLEX Harold Fannin Jr. FLEX Roman Wilson FLEX Darnell Washington,,,
697,5275652968,SBPD1016,0,102.03999,CPT Deshaun Watson FLEX Aaron Rodgers FLEX Jaylen Warren FLEX Harold Fannin Jr. FLEX Andre Szmyt FLEX Roman Wilson,,,
697,5275667418,neterka,0,102.03999,CPT Deshaun Watson FLEX Aaron Rodgers FLEX Jaylen Warren FLEX Harold Fannin Jr. FLEX Andre Szmyt FLEX Roman Wilson,,,
697,5276388389,gmscott81,0,102.03999,CPT Deshaun Watson FLEX Aaron Rodgers FLEX Jaylen Warren FLEX Harold Fannin Jr. FLEX Andre Szmyt FLEX Roman Wilson,,,
697,5276430465,GetMoney1976,0,102.03999,CPT Deshaun Watson FLEX Aaron Rodgers FLEX Jaylen Warren FLEX Harold Fannin Jr. FLEX Andre Szmyt FLEX Roman Wilson,,,
697,5276681280,C.Smith24,0,102.03999,CPT Deshaun Watson FLEX Aaron Rodgers FLEX Jaylen Warren FLEX Harold Fannin Jr. FLEX Andre Szmyt FLEX Roman Wilson,,,
697,5277004599,wlee15,0,102.03999,CPT Deshaun Watson FLEX Aaron Rodgers FLEX Jaylen Warren FLEX Harold Fannin Jr. FLEX Andre Szmyt FLEX Roman Wilson,,,
697,5277035128,carterboy5star,0,102.03999,CPT Deshaun Watson FLEX Aaron Rodgers FLEX Jaylen Warren FLEX Harold Fannin Jr. FLEX Andre Szmyt FLEX Roman Wilson,,,
697,5277038871,tmorriso,0,102.03999,CPT Deshaun Watson FLEX Aaron Rodgers FLEX Jaylen Warren FLEX Harold Fannin Jr. FLEX Andre Szmyt FLEX Roman Wilson,,,
697,5277127155,cjayc21,0,102.03999,CPT Deshaun Watson FLEX Aaron Rodgers FLEX Jaylen Warren FLEX Harold Fannin Jr. FLEX Andre Szmyt FLEX Roman Wilson,,,
697,5277158397,Dlhussier,0,102.03999,CPT Deshaun Watson FLEX Aaron Rodgers FLEX Jaylen Warren FLEX Harold Fannin Jr. FLEX Andre Szmyt FLEX Roman Wilson,,,
697,5277186936,Jaegotdat,0,102.03999,CPT Deshaun Watson FLEX Aaron Rodgers FLEX Jaylen Warren FLEX Harold Fannin Jr. FLEX Andre Szmyt FLEX Roman Wilson,,,
697,5277230941,russp420,0,102.03999,CPT Deshaun Watson FLEX Aaron Rodgers FLEX Jaylen Warren FLEX Harold Fannin Jr. FLEX Andre Szmyt FLEX Roman Wilson,,,
697,5277268312,Garrettot13,0,102.03999,CPT Deshaun Watson FLEX Aaron Rodgers FLEX Quinshon Judkins FLEX KC Concepcion Jr. FLEX Pat Freiermuth FLEX Andre Szmyt,,,
697,5277273648,skala009,0,102.03999,CPT Deshaun Watson FLEX Aaron Rodgers FLEX Jaylen Warren FLEX Harold Fannin Jr. FLEX Andre Szmyt FLEX Roman Wilson,,,
697,5277328057,TinyGiant99,0,102.03999,CPT Deshaun Watson FLEX Aaron Rodgers FLEX Jaylen Warren FLEX Harold Fannin Jr. FLEX Andre Szmyt FLEX Roman Wilson,,,
697,5277341176,skylervilt,0,102.03999,CPT Deshaun Watson FLEX Aaron Rodgers FLEX Jaylen Warren FLEX Harold Fannin Jr. FLEX Andre Szmyt FLEX Roman Wilson,,,
697,5277419153,stpeteed,0,102.03999,CPT Deshaun Watson FLEX Aaron Rodgers FLEX Jaylen Warren FLEX Harold Fannin Jr. FLEX Andre Szmyt FLEX Roman Wilson,,,
697,5277470223,AgentStryker,0,102.03999,CPT Deshaun Watson FLEX Aaron Rodgers FLEX Jaylen Warren FLEX Harold Fannin Jr. FLEX Andre Szmyt FLEX Roman Wilson,,,
697,5277573492,FunkyFreak,0,102.03999,CPT Deshaun Watson FLEX Aaron Rodgers FLEX Jaylen Warren FLEX Harold Fannin Jr. FLEX Andre Szmyt FLEX Roman Wilson,,,
697,5277672276,xsabu,0,102.03999,CPT Deshaun Watson FLEX Aaron Rodgers FLEX Jaylen Warren FLEX Harold Fannin Jr. FLEX Andre Szmyt FLEX Roman Wilson,,,
697,5277673692,donjuan32,0,102.03999,CPT Deshaun Watson FLEX Aaron Rodgers FLEX Jaylen Warren FLEX Harold Fannin Jr. FLEX Andre Szmyt FLEX Roman Wilson,,,
697,5277778796,JeBraun,0,102.03999,CPT Deshaun Watson FLEX Aaron Rodgers FLEX Jaylen Warren FLEX Harold Fannin Jr. FLEX Andre Szmyt FLEX Roman Wilson,,,
697,5277828295,Tmurda98,0,102.03999,CPT Deshaun Watson FLEX Aaron Rodgers FLEX Jaylen Warren FLEX Harold Fannin Jr. FLEX Andre Szmyt FLEX Roman Wilson,,,
697,5277845113,ecbryant,0,102.03999,CPT Deshaun Watson FLEX Aaron Rodgers FLEX Jaylen Warren FLEX Harold Fannin Jr. FLEX Andre Szmyt FLEX Roman Wilson,,,
721,5276151003,Yeti_75,0,101.98,CPT Jaylen Warren FLEX Aaron Rodgers FLEX Deshaun Watson FLEX DK Metcalf FLEX KC Concepcion Jr. FLEX Jaleel McLaughlin,,,
721,5277813701,dhiii,0,101.98,CPT Jaylen Warren FLEX Aaron Rodgers FLEX Deshaun Watson FLEX DK Metcalf FLEX KC Concepcion Jr. FLEX Jaleel McLaughlin,,,
721,5277532621,bigntallz,0,101.979996,CPT Andre Szmyt FLEX Aaron Rodgers FLEX Deshaun Watson FLEX DK Metcalf FLEX Quinshon Judkins FLEX Chris Boswell,,,
721,5277696314,rp1381,0,101.979996,CPT Quinshon Judkins FLEX Aaron Rodgers FLEX Jaylen Warren FLEX Deshaun Watson FLEX Andre Szmyt FLEX Germie Bernard,,,
725,5277026332,illinimikey,0,101.96,CPT Jaylen Warren FLEX Aaron Rodgers FLEX DK Metcalf FLEX KC Concepcion Jr. FLEX Andre Szmyt FLEX Darnell Washington,,,
725,5275412824,sportsfanatic89,0,101.95999,CPT KC Concepcion Jr. FLEX Aaron Rodgers FLEX Jaylen Warren FLEX Quinshon Judkins FLEX Harold Fannin Jr. FLEX Andre Szmyt,,,
725,5277845064,GeezyMOB8832,0,101.95999,CPT Aaron Rodgers FLEX Deshaun Watson FLEX DK Metcalf FLEX Michael Pittman Jr. FLEX Roman Wilson FLEX Darnell Washington,,,
728,5276165373,tlynch0,0,101.93,CPT DK Metcalf FLEX Aaron Rodgers FLEX Deshaun Watson FLEX KC Concepcion Jr. FLEX Pat Freiermuth FLEX Darnell Washington,,,
729,5277760301,bernthjs,0,101.92,CPT Quinshon Judkins FLEX Deshaun Watson FLEX DK Metcalf FLEX Harold Fannin Jr. FLEX KC Concepcion Jr. FLEX Andre Szmyt,,,
729,5277844732,DWatts33,0,101.92,CPT Quinshon Judkins FLEX Deshaun Watson FLEX DK Metcalf FLEX Harold Fannin Jr. FLEX KC Concepcion Jr. FLEX Andre Szmyt,,,
731,5276714549,Crutin,0,101.9,CPT Quinshon Judkins FLEX Jaylen Warren FLEX DK Metcalf FLEX Harold Fannin Jr. FLEX Pat Freiermuth FLEX Andre Szmyt,,,
731,5276982046,fairwayhitter,0,101.9,CPT Quinshon Judkins FLEX Jaylen Warren FLEX DK Metcalf FLEX Harold Fannin Jr. FLEX Pat Freiermuth FLEX Andre Szmyt,,,
731,5277201550,aluna1603,0,101.9,CPT Quinshon Judkins FLEX Jaylen Warren FLEX DK Metcalf FLEX Harold Fannin Jr. FLEX Pat Freiermuth FLEX Andre Szmyt,,,
731,5276480181,trevorwms,0,101.899994,CPT KC Concepcion Jr. FLEX Jaylen Warren FLEX DK Metcalf FLEX Quinshon Judkins FLEX Harold Fannin Jr. FLEX Roman Wilson,,,
735,5277777266,kgaah01,0,101.83999,CPT Deshaun Watson FLEX Aaron Rodgers FLEX Jaylen Warren FLEX Quinshon Judkins FLEX Darnell Washington FLEX Jerry Jeudy,,,
736,5277464141,bobbywow1,0,101.81,CPT DK Metcalf FLEX Aaron Rodgers FLEX Jaylen Warren FLEX Quinshon Judkins FLEX KC Concepcion Jr. FLEX Blake Whiteheart,,,
736,5277695544,Dertikev,0,101.81,CPT Darnell Washington FLEX Aaron Rodgers FLEX Jaylen Warren FLEX Quinshon Judkins FLEX Harold Fannin Jr. FLEX KC Concepcion Jr.,,,
738,5277802932,roberturner11,0,101.78,CPT Jaylen Warren FLEX Aaron Rodgers FLEX Deshaun Watson FLEX KC Concepcion Jr. FLEX Roman Wilson FLEX Darnell Washington,,,
739,5277804040,vanrynma11,0,101.76,CPT Quinshon Judkins FLEX Aaron Rodgers FLEX DK Metcalf FLEX Denzel Boston FLEX Chris Boswell FLEX Browns ,,,
740,5277061010,amerine19,0,101.73999,CPT Deshaun Watson FLEX Aaron Rodgers FLEX Jaylen Warren FLEX Harold Fannin Jr. FLEX Roman Wilson FLEX Darnell Washington,,,
741,5276060316,joshf31,0,101.729996,CPT Pat Freiermuth FLEX Aaron Rodgers FLEX Jaylen Warren FLEX Deshaun Watson FLEX DK Metcalf FLEX Darnell Washington,,,
741,5276995758,tylerwhite30,0,101.729996,CPT Pat Freiermuth FLEX Aaron Rodgers FLEX Jaylen Warren FLEX Deshaun Watson FLEX DK Metcalf FLEX Darnell Washington,,,
741,5277644282,Bleau44,0,101.729996,CPT Pat Freiermuth FLEX Aaron Rodgers FLEX Jaylen Warren FLEX Deshaun Watson FLEX DK Metcalf FLEX Darnell Washington,,,
744,5275722819,maddog_36,0,101.72,CPT Quinshon Judkins FLEX Jaylen Warren FLEX Deshaun Watson FLEX Harold Fannin Jr. FLEX Pat Freiermuth FLEX Roman Wilson,,,
744,5277127381,netshound,0,101.72,CPT Quinshon Judkins FLEX Jaylen Warren FLEX Deshaun Watson FLEX Harold Fannin Jr. FLEX Pat Freiermuth FLEX Roman Wilson,,,
744,5277410666,Rotaluger63,0,101.72,CPT Quinshon Judkins FLEX Jaylen Warren FLEX Deshaun Watson FLEX Harold Fannin Jr. FLEX Pat Freiermuth FLEX Roman Wilson,,,
744,5277441047,parrwins,0,101.72,CPT Quinshon Judkins FLEX Jaylen Warren FLEX Deshaun Watson FLEX Harold Fannin Jr. FLEX Pat Freiermuth FLEX Roman Wilson,,,
748,5276640927,Blago,0,101.659996,CPT Jaylen Warren FLEX Aaron Rodgers FLEX Quinshon Judkins FLEX Harold Fannin Jr. FLEX Browns  FLEX Andre Szmyt,,,
748,5276919679,backpage,0,101.659996,CPT Jaylen Warren FLEX Aaron Rodgers FLEX Quinshon Judkins FLEX Harold Fannin Jr. FLEX Browns  FLEX Andre Szmyt,,,
748,5277153067,Buckshot_McEerskins,0,101.659996,CPT Steelers  FLEX Aaron Rodgers FLEX Jaylen Warren FLEX DK Metcalf FLEX Quinshon Judkins FLEX Andre Szmyt,,,
748,5277787469,coreymdyson,0,101.659996,CPT Steelers  FLEX Aaron Rodgers FLEX Jaylen Warren FLEX DK Metcalf FLEX Quinshon Judkins FLEX Andre Szmyt,,,
752,5276615068,LawnGuy850,0,101.64,CPT Aaron Rodgers FLEX Jaylen Warren FLEX DK Metcalf FLEX Denzel Boston FLEX Steelers  FLEX Darnell Washington,,,
753,5276928976,Eatsy17,0,101.619995,CPT Quinshon Judkins FLEX Deshaun Watson FLEX DK Metcalf FLEX Harold Fannin Jr. FLEX KC Concepcion Jr. FLEX Darnell Washington,,,
754,5277254549,ttrombetta,0,101.579994,CPT Browns  FLEX Aaron Rodgers FLEX Jaylen Warren FLEX Deshaun Watson FLEX Quinshon Judkins FLEX Andre Szmyt,,,
754,5277437077,jayguap74,0,101.579994,CPT Jerry Jeudy FLEX Aaron Rodgers FLEX Deshaun Watson FLEX DK Metcalf FLEX Quinshon Judkins FLEX Harold Fannin Jr.,,,
754,5277573859,coachjm3,0,101.579994,CPT Browns  FLEX Aaron Rodgers FLEX Jaylen Warren FLEX Deshaun Watson FLEX Quinshon Judkins FLEX Andre Szmyt,,,
757,5277628448,ericston2000,0,101.56,CPT Jaylen Warren FLEX Aaron Rodgers FLEX DK Metcalf FLEX Quinshon Judkins FLEX KC Concepcion Jr. FLEX Ben Skowronek,,,
758,5277640495,Wags3,0,101.53999,CPT Aaron Rodgers FLEX Jaylen Warren FLEX Quinshon Judkins FLEX Pat Freiermuth FLEX Steelers  FLEX Darnell Washington,,,
759,5277439594,RussellReynolds,0,101.509995,CPT DK Metcalf FLEX Aaron Rodgers FLEX Quinshon Judkins FLEX Harold Fannin Jr. FLEX Steelers  FLEX Browns ,,,
760,5277161825,thehound81,0,101.479996,CPT Steelers  FLEX Aaron Rodgers FLEX Jaylen Warren FLEX Deshaun Watson FLEX Quinshon Judkins FLEX Roman Wilson,,,
760,5277659683,douknowbigt,0,101.479996,CPT Steelers  FLEX Aaron Rodgers FLEX Jaylen Warren FLEX Deshaun Watson FLEX Quinshon Judkins FLEX Roman Wilson,,,
760,5277797720,luke_fritz2000,0,101.479996,CPT Steelers  FLEX Aaron Rodgers FLEX Jaylen Warren FLEX Deshaun Watson FLEX Quinshon Judkins FLEX Roman Wilson,,,
760,5276973716,just_quit_or_suffer,0,101.47999,CPT Roman Wilson FLEX Aaron Rodgers FLEX Jaylen Warren FLEX Deshaun Watson FLEX Harold Fannin Jr. FLEX Pat Freiermuth,,,
760,5277075492,kruegs1290,0,101.47999,CPT Roman Wilson FLEX Aaron Rodgers FLEX Jaylen Warren FLEX Deshaun Watson FLEX Harold Fannin Jr. FLEX Pat Freiermuth,,,
760,5277821454,dstombau,0,101.47999,CPT Roman Wilson FLEX Aaron Rodgers FLEX Jaylen Warren FLEX Deshaun Watson FLEX Harold Fannin Jr. FLEX Pat Freiermuth,,,
766,5276867017,riprax,0,101.43,CPT DK Metcalf FLEX Aaron Rodgers FLEX Deshaun Watson FLEX Denzel Boston FLEX Chris Boswell FLEX Roman Wilson,,,
766,5276939731,jimbond007,0,101.43,CPT DK Metcalf FLEX Aaron Rodgers FLEX Deshaun Watson FLEX Denzel Boston FLEX Chris Boswell FLEX Roman Wilson,,,
766,5277544670,jenniemichell1225,0,101.43,CPT DK Metcalf FLEX Aaron Rodgers FLEX Deshaun Watson FLEX Denzel Boston FLEX Chris Boswell FLEX Roman Wilson,,,
766,5277572828,laroche17,0,101.43,CPT DK Metcalf FLEX Aaron Rodgers FLEX Deshaun Watson FLEX Denzel Boston FLEX Chris Boswell FLEX Roman Wilson,,,
770,5275660518,grkdrafter939,0,101.40999,CPT Harold Fannin Jr. FLEX Aaron Rodgers FLEX Jaylen Warren FLEX Quinshon Judkins FLEX Pat Freiermuth FLEX Andre Szmyt,,,
770,5277759909,19loser69,0,101.40999,CPT Harold Fannin Jr. FLEX Aaron Rodgers FLEX Jaylen Warren FLEX Quinshon Judkins FLEX Pat Freiermuth FLEX Andre Szmyt,,,
772,5276977548,unlv2014,0,101.4,CPT Quinshon Judkins FLEX Jaylen Warren FLEX DK Metcalf FLEX Denzel Boston FLEX Browns  FLEX Andre Szmyt,,,
773,5277146448,upsmarc94,0,101.38,CPT Quinshon Judkins FLEX Aaron Rodgers FLEX Deshaun Watson FLEX DK Metcalf FLEX Chris Boswell FLEX Jerry Jeudy,,,
773,5277670675,ffchachi,0,101.38,CPT Jaylen Warren FLEX Aaron Rodgers FLEX Deshaun Watson FLEX Pat Freiermuth FLEX Andre Szmyt FLEX Roman Wilson,,,
775,5277314604,skaines,0,101.36,CPT Quinshon Judkins FLEX Aaron Rodgers FLEX DK Metcalf FLEX Denzel Boston FLEX Steelers  FLEX Jerry Jeudy,,,
775,5277681932,sbellmo,0,101.36,CPT Andre Szmyt FLEX Aaron Rodgers FLEX Jaylen Warren FLEX DK Metcalf FLEX Denzel Boston FLEX KC Concepcion Jr.,,,
775,5276279586,Gidget614,0,101.35999,CPT Steelers  FLEX Aaron Rodgers FLEX Jaylen Warren FLEX DK Metcalf FLEX Quinshon Judkins FLEX Darnell Washington,,,
775,5277855921,KerrigansKrunchers,0,101.35999,CPT Steelers  FLEX Aaron Rodgers FLEX Jaylen Warren FLEX DK Metcalf FLEX Quinshon Judkins FLEX Darnell Washington,,,
779,5276152623,gvmarino99,0,101.32,CPT Roman Wilson FLEX Jaylen Warren FLEX Deshaun Watson FLEX Quinshon Judkins FLEX Denzel Boston FLEX Harold Fannin Jr.,,,
779,5276790480,Turtle2819,0,101.32,CPT Roman Wilson FLEX Jaylen Warren FLEX Deshaun Watson FLEX Quinshon Judkins FLEX Denzel Boston FLEX Harold Fannin Jr.,,,
779,5276928134,holdmhigh707,0,101.32,CPT Roman Wilson FLEX Jaylen Warren FLEX Deshaun Watson FLEX Quinshon Judkins FLEX Denzel Boston FLEX Harold Fannin Jr.,,,
779,5276981712,VintageRich,0,101.32,CPT Roman Wilson FLEX Jaylen Warren FLEX Deshaun Watson FLEX Quinshon Judkins FLEX Denzel Boston FLEX Harold Fannin Jr.,,,
779,5277074856,chadjonesb,0,101.32,CPT Roman Wilson FLEX Jaylen Warren FLEX Deshaun Watson FLEX Quinshon Judkins FLEX Denzel Boston FLEX Harold Fannin Jr.,,,
779,5277383981,JDu0378,0,101.32,CPT Roman Wilson FLEX Jaylen Warren FLEX Deshaun Watson FLEX Quinshon Judkins FLEX Denzel Boston FLEX Harold Fannin Jr.,,,
779,5277439746,SpikeDontPlayW_Girls,0,101.32,CPT Roman Wilson FLEX Jaylen Warren FLEX Deshaun Watson FLEX Quinshon Judkins FLEX Denzel Boston FLEX Harold Fannin Jr.,,,
779,5277530444,jd197305,0,101.32,CPT Roman Wilson FLEX Jaylen Warren FLEX Deshaun Watson FLEX Quinshon Judkins FLEX Denzel Boston FLEX Harold Fannin Jr.,,,
779,5277672725,Ta_Lor,0,101.32,CPT Roman Wilson FLEX Jaylen Warren FLEX Deshaun Watson FLEX Quinshon Judkins FLEX Denzel Boston FLEX Harold Fannin Jr.,,,
779,5277722287,FakeNewsCNN1,0,101.32,CPT Roman Wilson FLEX Jaylen Warren FLEX Deshaun Watson FLEX Quinshon Judkins FLEX Denzel Boston FLEX Harold Fannin Jr.,,,
779,5277775104,jahadafield,0,101.32,CPT Roman Wilson FLEX Jaylen Warren FLEX Deshaun Watson FLEX Quinshon Judkins FLEX Denzel Boston FLEX Harold Fannin Jr.,,,
779,5277853998,slylikeafox,0,101.32,CPT Roman Wilson FLEX Jaylen Warren FLEX Deshaun Watson FLEX Quinshon Judkins FLEX Denzel Boston FLEX Harold Fannin Jr.,,,
791,5277096469,godfatherofgainz,0,101.28,CPT Jaylen Warren FLEX Aaron Rodgers FLEX Deshaun Watson FLEX DK Metcalf FLEX Roman Wilson FLEX Germie Bernard,,,
791,5277511104,vincentwallace1818,0,101.28,CPT Jaylen Warren FLEX Aaron Rodgers FLEX Deshaun Watson FLEX DK Metcalf FLEX Roman Wilson FLEX Germie Bernard,,,
791,5277855910,SIRNBT1,0,101.27999,CPT KC Concepcion Jr. FLEX Aaron Rodgers FLEX Deshaun Watson FLEX Quinshon Judkins FLEX Harold Fannin Jr. FLEX Andre Szmyt,,,
794,5277063691,jrez13,0,101.25,CPT DK Metcalf FLEX Jaylen Warren FLEX Quinshon Judkins FLEX Harold Fannin Jr. FLEX KC Concepcion Jr. FLEX Darnell Washington,,,
795,5276043435,ehave,0,101.24,CPT Deshaun Watson FLEX Aaron Rodgers FLEX Quinshon Judkins FLEX Denzel Boston FLEX Chris Boswell FLEX Roman Wilson,,,
795,5276272955,Banzai76,0,101.24,CPT Deshaun Watson FLEX Aaron Rodgers FLEX Quinshon Judkins FLEX Denzel Boston FLEX Chris Boswell FLEX Roman Wilson,,,
797,5276930109,qsmack69,0,101.22,CPT Quinshon Judkins FLEX Deshaun Watson FLEX DK Metcalf FLEX Harold Fannin Jr. FLEX Pat Freiermuth FLEX Andre Szmyt,,,
797,5277431447,JonBon31,0,101.22,CPT Quinshon Judkins FLEX Jaylen Warren FLEX Deshaun Watson FLEX Denzel Boston FLEX Browns  FLEX Roman Wilson,,,
799,5277888306,ruru10,0,101.21,CPT DK Metcalf FLEX Aaron Rodgers FLEX Quinshon Judkins FLEX KC Concepcion Jr. FLEX Steelers  FLEX Browns ,,,
800,5276452757,murthy89,0,101.14,CPT Deshaun Watson FLEX Aaron Rodgers FLEX DK Metcalf FLEX Denzel Boston FLEX Steelers  FLEX Roman Wilson,,,
800,5277763179,gazmon,0,101.14,CPT Deshaun Watson FLEX Aaron Rodgers FLEX DK Metcalf FLEX Denzel Boston FLEX Steelers  FLEX Roman Wilson,,,
802,5277799427,All_Day_LJ,0,101.12,CPT Jaylen Warren FLEX Deshaun Watson FLEX DK Metcalf FLEX Quinshon Judkins FLEX Denzel Boston FLEX Jaleel McLaughlin,,,
803,5277857445,jerseykidd2112,0,101.07,CPT DK Metcalf FLEX Jaylen Warren FLEX Deshaun Watson FLEX Denzel Boston FLEX Andre Szmyt FLEX Roman Wilson,,,
804,5276576759,Dom_del_louise,0,101.06,CPT Jaylen Warren FLEX Aaron Rodgers FLEX DK Metcalf FLEX Quinshon Judkins FLEX Steelers  FLEX Jerry Jeudy,,,
804,5276912509,sman62,0,101.06,CPT Jaylen Warren FLEX Aaron Rodgers FLEX Quinshon Judkins FLEX Harold Fannin Jr. FLEX Chris Boswell FLEX Roman Wilson,,,
804,5277015529,sven55,0,101.06,CPT Jaylen Warren FLEX Aaron Rodgers FLEX DK Metcalf FLEX Quinshon Judkins FLEX Steelers  FLEX Jerry Jeudy,,,
804,5277114300,UTParrothead,0,101.06,CPT Jaylen Warren FLEX Aaron Rodgers FLEX Quinshon Judkins FLEX Harold Fannin Jr. FLEX Chris Boswell FLEX Roman Wilson,,,
804,5277469070,Scooby3737,0,101.06,CPT Jaylen Warren FLEX Aaron Rodgers FLEX Quinshon Judkins FLEX Harold Fannin Jr. FLEX Chris Boswell FLEX Roman Wilson,,,
804,5277575257,glenb555,0,101.06,CPT Jaylen Warren FLEX Aaron Rodgers FLEX Quinshon Judkins FLEX Harold Fannin Jr. FLEX Chris Boswell FLEX Roman Wilson,,,
804,5277682571,burgerbillions,0,101.06,CPT Jaylen Warren FLEX Aaron Rodgers FLEX Quinshon Judkins FLEX Harold Fannin Jr. FLEX Chris Boswell FLEX Roman Wilson,,,
804,5277739935,matthewjosephbradley,0,101.06,CPT Jaylen Warren FLEX Aaron Rodgers FLEX Quinshon Judkins FLEX Harold Fannin Jr. FLEX Chris Boswell FLEX Roman Wilson,,,
804,5277745888,Armond67,0,101.06,CPT Jaylen Warren FLEX Aaron Rodgers FLEX Quinshon Judkins FLEX Harold Fannin Jr. FLEX Chris Boswell FLEX Roman Wilson,,,
804,5277769752,toaster76,0,101.06,CPT Jaylen Warren FLEX Aaron Rodgers FLEX Quinshon Judkins FLEX Harold Fannin Jr. FLEX Chris Boswell FLEX Roman Wilson,,,
804,5277773562,shawnjewett,0,101.06,CPT Jaylen Warren FLEX Aaron Rodgers FLEX DK Metcalf FLEX Quinshon Judkins FLEX Steelers  FLEX Jerry Jeudy,,,
804,5277804927,jcalhou7,0,101.06,CPT Jaylen Warren FLEX Aaron Rodgers FLEX DK Metcalf FLEX Quinshon Judkins FLEX Steelers  FLEX Jerry Jeudy,,,
804,5277888246,ant42na,0,101.06,CPT Jaylen Warren FLEX Aaron Rodgers FLEX DK Metcalf FLEX Quinshon Judkins FLEX Steelers  FLEX Jerry Jeudy,,,
817,5277545512,amtr58,0,101.020004,CPT Quinshon Judkins FLEX Jaylen Warren FLEX Deshaun Watson FLEX DK Metcalf FLEX Andre Szmyt FLEX Jerry Jeudy,,,
818,5276873677,lilmaryy,0,101.009995,CPT DK Metcalf FLEX Aaron Rodgers FLEX Jaylen Warren FLEX Quinshon Judkins FLEX Chris Boswell FLEX Jerry Jeudy,,,
818,5277058904,bmosley21,0,101.009995,CPT DK Metcalf FLEX Aaron Rodgers FLEX Jaylen Warren FLEX Quinshon Judkins FLEX Chris Boswell FLEX Jerry Jeudy,,,
820,5275485912,MichaelMoison,0,100.96,CPT Jaylen Warren FLEX Aaron Rodgers FLEX DK Metcalf FLEX Harold Fannin Jr. FLEX Steelers  FLEX Roman Wilson,,,
820,5276065944,mad0110,0,100.96,CPT Jaylen Warren FLEX Aaron Rodgers FLEX DK Metcalf FLEX Harold Fannin Jr. FLEX Steelers  FLEX Roman Wilson,,,
820,5276947430,westh8bamix,0,100.96,CPT Jaylen Warren FLEX Aaron Rodgers FLEX DK Metcalf FLEX Harold Fannin Jr. FLEX Steelers  FLEX Roman Wilson,,,
820,5277033964,jjordan715,0,100.96,CPT Jaylen Warren FLEX Aaron Rodgers FLEX DK Metcalf FLEX Harold Fannin Jr. FLEX Steelers  FLEX Roman Wilson,,,
820,5277062338,cowmeow,0,100.96,CPT Jaylen Warren FLEX Aaron Rodgers FLEX DK Metcalf FLEX Harold Fannin Jr. FLEX Pat Freiermuth FLEX Darnell Washington,,,
820,5277132939,johnbronco31,0,100.96,CPT Jaylen Warren FLEX Aaron Rodgers FLEX DK Metcalf FLEX Harold Fannin Jr. FLEX Steelers  FLEX Roman Wilson,,,
820,5277173432,Russella30,0,100.96,CPT Jaylen Warren FLEX Aaron Rodgers FLEX DK Metcalf FLEX Harold Fannin Jr. FLEX Steelers  FLEX Roman Wilson,,,
820,5277174798,Nwylie313,0,100.96,CPT Jaylen Warren FLEX Aaron Rodgers FLEX DK Metcalf FLEX KC Concepcion Jr. FLEX Pat Freiermuth FLEX Andre Szmyt,,,
820,5277212025,EWenzinger,0,100.96,CPT Jaylen Warren FLEX Aaron Rodgers FLEX DK Metcalf FLEX Harold Fannin Jr. FLEX Steelers  FLEX Roman Wilson,,,
820,5277253631,Humsak,0,100.96,CPT Jaylen Warren FLEX Aaron Rodgers FLEX DK Metcalf FLEX Harold Fannin Jr. FLEX Steelers  FLEX Roman Wilson,,,
820,5277264826,og_trenesito,0,100.96,CPT Jaylen Warren FLEX Aaron Rodgers FLEX DK Metcalf FLEX Harold Fannin Jr. FLEX Steelers  FLEX Roman Wilson,,,
820,5277292369,globalpickle,0,100.96,CPT Jaylen Warren FLEX Aaron Rodgers FLEX DK Metcalf FLEX Harold Fannin Jr. FLEX Steelers  FLEX Roman Wilson,,,
820,5277316427,brevdogg,0,100.96,CPT Jaylen Warren FLEX Aaron Rodgers FLEX DK Metcalf FLEX Harold Fannin Jr. FLEX Steelers  FLEX Roman Wilson,,,
820,5277449335,uzdasuka,0,100.96,CPT Jaylen Warren FLEX Aaron Rodgers FLEX DK Metcalf FLEX Harold Fannin Jr. FLEX Steelers  FLEX Roman Wilson,,,
820,5277498584,mattymeis,0,100.96,CPT Jaylen Warren FLEX Aaron Rodgers FLEX DK Metcalf FLEX Harold Fannin Jr. FLEX Steelers  FLEX Roman Wilson,,,
820,5277524443,mld316,0,100.96,CPT Jaylen Warren FLEX Aaron Rodgers FLEX DK Metcalf FLEX Harold Fannin Jr. FLEX Steelers  FLEX Roman Wilson,,,
820,5277757197,arcorr223,0,100.96,CPT Jaylen Warren FLEX Aaron Rodgers FLEX DK Metcalf FLEX Harold Fannin Jr. FLEX Pat Freiermuth FLEX Darnell Washington,,,
820,5276282533,eaglebarney,0,100.95999,CPT Browns  FLEX Aaron Rodgers FLEX DK Metcalf FLEX Quinshon Judkins FLEX Harold Fannin Jr. FLEX Pat Freiermuth,,,
820,5276474789,Jaxsuns4life,0,100.95999,CPT Aaron Rodgers FLEX Deshaun Watson FLEX DK Metcalf FLEX Denzel Boston FLEX Steelers  FLEX Darnell Washington,,,
820,5276939713,vegasnu2,0,100.95999,CPT KC Concepcion Jr. FLEX Aaron Rodgers FLEX Jaylen Warren FLEX Quinshon Judkins FLEX Pat Freiermuth FLEX Andre Szmyt,,,
820,5277747876,dkcc2126,0,100.95999,CPT Aaron Rodgers FLEX Deshaun Watson FLEX DK Metcalf FLEX Michael Pittman Jr. FLEX Pat Freiermuth FLEX Roman Wilson,,,
841,5276139951,fubisface,0,100.909996,CPT DK Metcalf FLEX Aaron Rodgers FLEX Jaylen Warren FLEX Harold Fannin Jr. FLEX Chris Boswell FLEX Roman Wilson,,,
841,5277251643,lbae,0,100.909996,CPT DK Metcalf FLEX Aaron Rodgers FLEX Jaylen Warren FLEX Harold Fannin Jr. FLEX Chris Boswell FLEX Roman Wilson,,,
841,5277265677,snowdev30,0,100.909996,CPT DK Metcalf FLEX Aaron Rodgers FLEX Jaylen Warren FLEX Harold Fannin Jr. FLEX Chris Boswell FLEX Roman Wilson,,,
841,5277633275,vizago40,0,100.909996,CPT DK Metcalf FLEX Aaron Rodgers FLEX Jaylen Warren FLEX Harold Fannin Jr. FLEX Chris Boswell FLEX Roman Wilson,,,
841,5277728906,Cordleish,0,100.909996,CPT DK Metcalf FLEX Aaron Rodgers FLEX Jaylen Warren FLEX Harold Fannin Jr. FLEX Chris Boswell FLEX Roman Wilson,,,
841,5277826031,lnc22,0,100.909996,CPT DK Metcalf FLEX Aaron Rodgers FLEX Jaylen Warren FLEX Harold Fannin Jr. FLEX Chris Boswell FLEX Roman Wilson,,,
841,5277847753,Libra925,0,100.909996,CPT DK Metcalf FLEX Aaron Rodgers FLEX Jaylen Warren FLEX Harold Fannin Jr. FLEX Chris Boswell FLEX Roman Wilson,,,
841,5277656204,beaverthing,0,100.90999,CPT Pat Freiermuth FLEX Aaron Rodgers FLEX Jaylen Warren FLEX Quinshon Judkins FLEX Harold Fannin Jr. FLEX Andre Szmyt,,,
849,5275520359,harlemjay33,0,100.869995,CPT Darnell Washington FLEX Jaylen Warren FLEX Deshaun Watson FLEX DK Metcalf FLEX Quinshon Judkins FLEX Harold Fannin Jr.,,,
849,5277328220,notthisyear,0,100.869995,CPT Darnell Washington FLEX Jaylen Warren FLEX Deshaun Watson FLEX DK Metcalf FLEX Quinshon Judkins FLEX Harold Fannin Jr.,,,
849,5277439637,DrUnderballs,0,100.869995,CPT Darnell Washington FLEX Jaylen Warren FLEX Deshaun Watson FLEX DK Metcalf FLEX Quinshon Judkins FLEX Harold Fannin Jr.,,,
849,5277806041,atw2020,0,100.869995,CPT Darnell Washington FLEX Jaylen Warren FLEX Deshaun Watson FLEX DK Metcalf FLEX Quinshon Judkins FLEX Harold Fannin Jr.,,,
853,5277130512,bgwig500,0,100.86,CPT Jaylen Warren FLEX Aaron Rodgers FLEX Quinshon Judkins FLEX Michael Pittman Jr. FLEX Andre Szmyt FLEX Roman Wilson,,,
853,5277401781,DJESQUIRE,0,100.86,CPT Quinshon Judkins FLEX Aaron Rodgers FLEX Denzel Boston FLEX Harold Fannin Jr. FLEX Michael Pittman Jr. FLEX Roman Wilson,,,
853,5275986931,dmhull2,0,100.85999,CPT KC Concepcion Jr. FLEX Aaron Rodgers FLEX Jaylen Warren FLEX DK Metcalf FLEX Quinshon Judkins FLEX Germie Bernard,,,
856,5277034896,tmac1942,0,100.850006,CPT DK Metcalf FLEX Jaylen Warren FLEX Quinshon Judkins FLEX Harold Fannin Jr. FLEX Pat Freiermuth FLEX Andre Szmyt,,,
857,5275877522,patterson507,0,100.78,CPT Jaylen Warren FLEX Aaron Rodgers FLEX Deshaun Watson FLEX KC Concepcion Jr. FLEX Pat Freiermuth FLEX Roman Wilson,,,
857,5275946294,HGH27,0,100.78,CPT Jaylen Warren FLEX Aaron Rodgers FLEX Deshaun Watson FLEX KC Concepcion Jr. FLEX Pat Freiermuth FLEX Roman Wilson,,,
857,5276506692,cjarvi,0,100.78,CPT Jaylen Warren FLEX Aaron Rodgers FLEX Deshaun Watson FLEX KC Concepcion Jr. FLEX Pat Freiermuth FLEX Roman Wilson,,,
857,5276769242,33Vikings33,0,100.78,CPT Jaylen Warren FLEX Aaron Rodgers FLEX Deshaun Watson FLEX KC Concepcion Jr. FLEX Pat Freiermuth FLEX Roman Wilson,,,
857,5276798248,pearale,0,100.78,CPT Jaylen Warren FLEX Aaron Rodgers FLEX Deshaun Watson FLEX KC Concepcion Jr. FLEX Pat Freiermuth FLEX Roman Wilson,,,
857,5276834020,braydong,0,100.78,CPT Jaylen Warren FLEX Aaron Rodgers FLEX Deshaun Watson FLEX KC Concepcion Jr. FLEX Pat Freiermuth FLEX Roman Wilson,,,
857,5276859855,amessimer,0,100.78,CPT Jaylen Warren FLEX Aaron Rodgers FLEX Deshaun Watson FLEX KC Concepcion Jr. FLEX Pat Freiermuth FLEX Roman Wilson,,,
857,5276863106,BEASTftomtheWest,0,100.78,CPT Jaylen Warren FLEX Aaron Rodgers FLEX Deshaun Watson FLEX KC Concepcion Jr. FLEX Pat Freiermuth FLEX Roman Wilson,,,
857,5276872069,Guinness300,0,100.78,CPT Jaylen Warren FLEX Aaron Rodgers FLEX Deshaun Watson FLEX KC Concepcion Jr. FLEX Pat Freiermuth FLEX Roman Wilson,,,
857,5276999626,Irish_Soup,0,100.78,CPT Jaylen Warren FLEX Aaron Rodgers FLEX Deshaun Watson FLEX KC Concepcion Jr. FLEX Pat Freiermuth FLEX Roman Wilson,,,
857,5277027275,sharker311,0,100.78,CPT Jaylen Warren FLEX Aaron Rodgers FLEX Deshaun Watson FLEX KC Concepcion Jr. FLEX Pat Freiermuth FLEX Roman Wilson,,,
857,5277060066,HerveysNipples,0,100.78,CPT Jaylen Warren FLEX Aaron Rodgers FLEX Deshaun Watson FLEX KC Concepcion Jr. FLEX Pat Freiermuth FLEX Roman Wilson,,,
857,5277114686,Jsanders83,0,100.78,CPT Jaylen Warren FLEX Aaron Rodgers FLEX Deshaun Watson FLEX KC Concepcion Jr. FLEX Pat Freiermuth FLEX Roman Wilson,,,
857,5277132266,heyopico2,0,100.78,CPT Jaylen Warren FLEX Aaron Rodgers FLEX Deshaun Watson FLEX KC Concepcion Jr. FLEX Pat Freiermuth FLEX Roman Wilson,,,
857,5277142771,Orangeballer,0,100.78,CPT Jaylen Warren FLEX Aaron Rodgers FLEX Deshaun Watson FLEX KC Concepcion Jr. FLEX Pat Freiermuth FLEX Roman Wilson,,,
857,5277156728,DemonApps,0,100.78,CPT Jaylen Warren FLEX Aaron Rodgers FLEX Deshaun Watson FLEX KC Concepcion Jr. FLEX Pat Freiermuth FLEX Roman Wilson,,,
857,5277185322,wazzu24,0,100.78,CPT Jaylen Warren FLEX Aaron Rodgers FLEX Deshaun Watson FLEX KC Concepcion Jr. FLEX Pat Freiermuth FLEX Roman Wilson,,,
857,5277193611,spabhook,0,100.78,CPT Jaylen Warren FLEX Aaron Rodgers FLEX Deshaun Watson FLEX KC Concepcion Jr. FLEX Pat Freiermuth FLEX Roman Wilson,,,
857,5277227357,aumni,0,100.78,CPT Jaylen Warren FLEX Aaron Rodgers FLEX Deshaun Watson FLEX KC Concepcion Jr. FLEX Pat Freiermuth FLEX Roman Wilson,,,
857,5277240502,bwhalen1,0,100.78,CPT Jaylen Warren FLEX Aaron Rodgers FLEX Deshaun Watson FLEX KC Concepcion Jr. FLEX Pat Freiermuth FLEX Roman Wilson,,,
857,5277294050,ChickenDinner1970,0,100.78,CPT Jaylen Warren FLEX Aaron Rodgers FLEX Deshaun Watson FLEX KC Concepcion Jr. FLEX Pat Freiermuth FLEX Roman Wilson,,,
857,5277462199,Vanco,0,100.78,CPT Jaylen Warren FLEX Aaron Rodgers FLEX Deshaun Watson FLEX KC Concepcion Jr. FLEX Pat Freiermuth FLEX Roman Wilson,,,
857,5277467938,ragingweasel,0,100.78,CPT Jaylen Warren FLEX Aaron Rodgers FLEX Deshaun Watson FLEX KC Concepcion Jr. FLEX Pat Freiermuth FLEX Roman Wilson,,,
857,5277618157,Pullins6810,0,100.78,CPT Jaylen Warren FLEX Aaron Rodgers FLEX Deshaun Watson FLEX KC Concepcion Jr. FLEX Pat Freiermuth FLEX Roman Wilson,,,
857,5277787614,cjerry,0,100.78,CPT Jaylen Warren FLEX Aaron Rodgers FLEX Deshaun Watson FLEX KC Concepcion Jr. FLEX Pat Freiermuth FLEX Roman Wilson,,,
857,5277866350,AJMIII,0,100.78,CPT Jaylen Warren FLEX Aaron Rodgers FLEX Deshaun Watson FLEX KC Concepcion Jr. FLEX Pat Freiermuth FLEX Roman Wilson,,,
883,5276511735,oldfart60,0,100.759995,CPT Aaron Rodgers FLEX Jaylen Warren FLEX Deshaun Watson FLEX DK Metcalf FLEX Darnell Washington FLEX Germie Bernard,,,
883,5277099806,mightyfather,0,100.759995,CPT Roman Wilson FLEX Aaron Rodgers FLEX Jaylen Warren FLEX Quinshon Judkins FLEX Steelers  FLEX Browns ,,,
883,5277809206,cakkeeee,0,100.759995,CPT Roman Wilson FLEX Aaron Rodgers FLEX Quinshon Judkins FLEX Denzel Boston FLEX Harold Fannin Jr. FLEX Steelers ,,,
886,5276818845,molecul0,0,100.72,CPT Quinshon Judkins FLEX Deshaun Watson FLEX DK Metcalf FLEX Denzel Boston FLEX Browns  FLEX Andre Szmyt,,,
886,5277754387,Bwright77777,0,100.72,CPT Quinshon Judkins FLEX Deshaun Watson FLEX DK Metcalf FLEX Denzel Boston FLEX Browns  FLEX Andre Szmyt,,,
888,5276512476,WIZOFOZaukee,0,100.66,CPT Jaylen Warren FLEX Aaron Rodgers FLEX DK Metcalf FLEX KC Concepcion Jr. FLEX Steelers  FLEX Roman Wilson,,,
888,5277630342,leroynel01,0,100.659996,CPT Jaylen Warren FLEX Aaron Rodgers FLEX DK Metcalf FLEX KC Concepcion Jr. FLEX Pat Freiermuth FLEX Darnell Washington,,,
890,5276581042,ingystyle,0,100.63999,CPT Deshaun Watson FLEX Aaron Rodgers FLEX Quinshon Judkins FLEX Harold Fannin Jr. FLEX Browns  FLEX Andre Szmyt,,,
890,5276952843,tommyp1111,0,100.63999,CPT Deshaun Watson FLEX Aaron Rodgers FLEX Quinshon Judkins FLEX Harold Fannin Jr. FLEX Browns  FLEX Andre Szmyt,,,
892,5277248550,brandonklonowski,0,100.61,CPT DK Metcalf FLEX Aaron Rodgers FLEX Jaylen Warren FLEX KC Concepcion Jr. FLEX Chris Boswell FLEX Roman Wilson,,,
893,5277335092,craig363b,0,100.560005,CPT Quinshon Judkins FLEX Aaron Rodgers FLEX DK Metcalf FLEX Harold Fannin Jr. FLEX Chris Boswell FLEX Browns ,,,
894,5277813870,i95southrida,0,100.55,CPT DK Metcalf FLEX Jaylen Warren FLEX Quinshon Judkins FLEX Harold Fannin Jr. FLEX Pat Freiermuth FLEX Darnell Washington,,,
895,5277493730,venom1576,0,100.53,CPT Darnell Washington FLEX Aaron Rodgers FLEX Deshaun Watson FLEX DK Metcalf FLEX Denzel Boston FLEX Harold Fannin Jr.,,,
896,5277533303,NeverWorking,0,100.51,CPT DK Metcalf FLEX Aaron Rodgers FLEX Denzel Boston FLEX Harold Fannin Jr. FLEX Pat Freiermuth FLEX Andre Szmyt,,,
896,5277014106,beardedtree28,0,100.509995,CPT DK Metcalf FLEX Aaron Rodgers FLEX Jaylen Warren FLEX Harold Fannin Jr. FLEX Raheim Sanders FLEX Roman Wilson,,,
896,5277535564,MAP360,0,100.509995,CPT DK Metcalf FLEX Aaron Rodgers FLEX Jaylen Warren FLEX Harold Fannin Jr. FLEX Raheim Sanders FLEX Roman Wilson,,,
899,5277442072,HUGEBEATZ,0,100.44,CPT Aaron Rodgers FLEX Jaylen Warren FLEX DK Metcalf FLEX Harold Fannin Jr. FLEX Steelers  FLEX Darnell Washington,,,
899,5276292503,TheMainMan76,0,100.439995,CPT Deshaun Watson FLEX Aaron Rodgers FLEX Jaylen Warren FLEX KC Concepcion Jr. FLEX Pat Freiermuth FLEX Roman Wilson,,,
899,5277671318,lewiszach85,0,100.439995,CPT Deshaun Watson FLEX Aaron Rodgers FLEX Jaylen Warren FLEX KC Concepcion Jr. FLEX Pat Freiermuth FLEX Roman Wilson,,,
899,5277723071,surfbro,0,100.439995,CPT Deshaun Watson FLEX Aaron Rodgers FLEX Jaylen Warren FLEX KC Concepcion Jr. FLEX Pat Freiermuth FLEX Roman Wilson,,,
903,5275742254,Ydgm,0,100.42999,CPT Harold Fannin Jr. FLEX Aaron Rodgers FLEX Jaylen Warren FLEX Deshaun Watson FLEX Andre Szmyt FLEX Roman Wilson,,,
903,5277045528,mavsfan1342,0,100.42999,CPT Harold Fannin Jr. FLEX Aaron Rodgers FLEX Jaylen Warren FLEX Deshaun Watson FLEX Andre Szmyt FLEX Roman Wilson,,,
903,5277201351,coachtrogers,0,100.42999,CPT Harold Fannin Jr. FLEX Aaron Rodgers FLEX Deshaun Watson FLEX Quinshon Judkins FLEX Pat Freiermuth FLEX Darnell Washington,,,
906,5275548593,Jboulden,0,100.42,CPT KC Concepcion Jr. FLEX Jaylen Warren FLEX Deshaun Watson FLEX DK Metcalf FLEX Quinshon Judkins FLEX Darnell Washington,,,
906,5276666449,awerne7,0,100.42,CPT KC Concepcion Jr. FLEX Jaylen Warren FLEX Deshaun Watson FLEX DK Metcalf FLEX Quinshon Judkins FLEX Darnell Washington,,,
906,5277760822,MrUnlimited3,0,100.42,CPT KC Concepcion Jr. FLEX Jaylen Warren FLEX Deshaun Watson FLEX DK Metcalf FLEX Quinshon Judkins FLEX Darnell Washington,,,
909,5277871731,tmoen2015,0,100.4,CPT Jaylen Warren FLEX DK Metcalf FLEX Quinshon Judkins FLEX Denzel Boston FLEX Roman Wilson FLEX Jerry Jeudy,,,
910,5277152018,lucyandb8rdie,0,100.36,CPT Aaron Rodgers FLEX Jaylen Warren FLEX Deshaun Watson FLEX Quinshon Judkins FLEX Michael Pittman Jr. FLEX Jaleel McLaughlin,,,
911,5277697387,pomarico,0,100.33999,CPT Deshaun Watson FLEX Aaron Rodgers FLEX Quinshon Judkins FLEX Harold Fannin Jr. FLEX Browns  FLEX Darnell Washington,,,
912,5276212934,abc813,0,100.329994,CPT DK Metcalf FLEX Aaron Rodgers FLEX Deshaun Watson FLEX Quinshon Judkins FLEX Chris Boswell FLEX Jerry Jeudy,,,
913,5277446905,R0xie12345,0,100.32,CPT Roman Wilson FLEX Jaylen Warren FLEX Deshaun Watson FLEX Quinshon Judkins FLEX Denzel Boston FLEX Pat Freiermuth,,,
913,5277792620,timmullins27,0,100.32,CPT Roman Wilson FLEX Jaylen Warren FLEX Deshaun Watson FLEX Quinshon Judkins FLEX Denzel Boston FLEX Pat Freiermuth,,,
915,5277657021,ddurantula752,0,100.28,CPT Jaylen Warren FLEX Aaron Rodgers FLEX Deshaun Watson FLEX Quinshon Judkins FLEX Roman Wilson FLEX Blake Whiteheart,,,
916,5277394696,rayp80,0,100.259995,CPT Aaron Rodgers FLEX Jaylen Warren FLEX Deshaun Watson FLEX KC Concepcion Jr. FLEX Steelers  FLEX Roman Wilson,,,
916,5277632450,j_roth11,0,100.259995,CPT Aaron Rodgers FLEX Jaylen Warren FLEX Deshaun Watson FLEX KC Concepcion Jr. FLEX Pat Freiermuth FLEX Darnell Washington,,,
918,5276500731,ICEBOX99,0,100.229996,CPT DK Metcalf FLEX Aaron Rodgers FLEX Deshaun Watson FLEX Harold Fannin Jr. FLEX Chris Boswell FLEX Roman Wilson,,,
918,5276971236,retirefast,0,100.229996,CPT DK Metcalf FLEX Aaron Rodgers FLEX Deshaun Watson FLEX Harold Fannin Jr. FLEX Chris Boswell FLEX Roman Wilson,,,
920,5277805022,Derrick_H,0,100.21,CPT DK Metcalf FLEX Aaron Rodgers FLEX Denzel Boston FLEX Harold Fannin Jr. FLEX Steelers  FLEX Roman Wilson,,,
921,5276658865,NickiBoii,0,100.17999,CPT KC Concepcion Jr. FLEX Aaron Rodgers FLEX Deshaun Watson FLEX DK Metcalf FLEX Quinshon Judkins FLEX Germie Bernard,,,
922,5277479839,Packers12.12,0,100.159996,CPT Browns  FLEX Aaron Rodgers FLEX Jaylen Warren FLEX DK Metcalf FLEX Quinshon Judkins FLEX Steelers ,,,
923,5277651411,sixer0227,0,100.12,CPT Roman Wilson FLEX Jaylen Warren FLEX Deshaun Watson FLEX Quinshon Judkins FLEX Harold Fannin Jr. FLEX Darnell Washington,,,
923,5277704067,flobug13,0,100.119995,CPT Jaylen Warren FLEX Deshaun Watson FLEX DK Metcalf FLEX Quinshon Judkins FLEX Browns  FLEX Darnell Washington,,,
925,5277046601,Futterstuff,0,100.079994,CPT Jaylen Warren FLEX Aaron Rodgers FLEX Deshaun Watson FLEX DK Metcalf FLEX Darnell Washington FLEX Jerry Jeudy,,,
926,5276455468,William_Gquist,0,100.06,CPT Jaylen Warren FLEX Aaron Rodgers FLEX Denzel Boston FLEX Harold Fannin Jr. FLEX Roman Wilson FLEX Darnell Washington,,,
926,5277888220,sappdaddy22,0,100.06,CPT Jaylen Warren FLEX Aaron Rodgers FLEX Denzel Boston FLEX Harold Fannin Jr. FLEX Roman Wilson FLEX Darnell Washington,,,
928,5276282700,kidzero,0,100.020004,CPT Quinshon Judkins FLEX Jaylen Warren FLEX Deshaun Watson FLEX Harold Fannin Jr. FLEX Browns  FLEX Roman Wilson,,,
929,5276840790,tskeltis21,0,99.979996,CPT Quinshon Judkins FLEX Aaron Rodgers FLEX Jaylen Warren FLEX Deshaun Watson FLEX KC Concepcion Jr. FLEX Ben Skowronek,,,
929,5277584655,sgtsaints,0,99.979996,CPT Quinshon Judkins FLEX Aaron Rodgers FLEX Jaylen Warren FLEX Deshaun Watson FLEX KC Concepcion Jr. FLEX Ben Skowronek,,,
931,5276948744,Kiniyakki,0,99.96001,CPT Aaron Rodgers FLEX Jaylen Warren FLEX Deshaun Watson FLEX Quinshon Judkins FLEX Andre Szmyt FLEX Travis Homer,,,
931,5277590320,lspidle20,0,99.95999,CPT Roman Wilson FLEX Aaron Rodgers FLEX Jaylen Warren FLEX Quinshon Judkins FLEX Michael Pittman Jr. FLEX Pat Freiermuth,,,
933,5277720133,jakeday92,0,99.939995,CPT Deshaun Watson FLEX Aaron Rodgers FLEX DK Metcalf FLEX Harold Fannin Jr. FLEX Pat Freiermuth FLEX Darnell Washington,,,
934,5277117903,Donboy72,0,99.92999,CPT Darnell Washington FLEX Aaron Rodgers FLEX Deshaun Watson FLEX Quinshon Judkins FLEX Denzel Boston FLEX Browns ,,,
935,5275571691,Bears214,0,99.87,CPT Denzel Boston FLEX Jaylen Warren FLEX Deshaun Watson FLEX Quinshon Judkins FLEX Andre Szmyt FLEX Roman Wilson,,,
936,5277174240,Bellyball422,0,99.85999,CPT KC Concepcion Jr. FLEX Aaron Rodgers FLEX Jaylen Warren FLEX DK Metcalf FLEX Harold Fannin Jr. FLEX Andre Szmyt,,,
937,5275807467,roysecity8888,0,99.83,CPT Pat Freiermuth FLEX Aaron Rodgers FLEX Jaylen Warren FLEX Deshaun Watson FLEX Denzel Boston FLEX Roman Wilson,,,
937,5276485613,ShawnzzOG,0,99.83,CPT Pat Freiermuth FLEX Aaron Rodgers FLEX Jaylen Warren FLEX Deshaun Watson FLEX Denzel Boston FLEX Roman Wilson,,,
937,5276877028,Meanmarine,0,99.83,CPT Pat Freiermuth FLEX Aaron Rodgers FLEX Jaylen Warren FLEX Deshaun Watson FLEX Denzel Boston FLEX Roman Wilson,,,
940,5277127334,stink8510,0,99.82,CPT Roman Wilson FLEX Jaylen Warren FLEX Deshaun Watson FLEX Quinshon Judkins FLEX Harold Fannin Jr. FLEX KC Concepcion Jr.,,,
941,5277225048,partymole,0,99.799995,CPT Jaylen Warren FLEX DK Metcalf FLEX Quinshon Judkins FLEX Denzel Boston FLEX Pat Freiermuth FLEX Darnell Washington,,,
941,5277688098,bobho10,0,99.799995,CPT Jaylen Warren FLEX DK Metcalf FLEX Quinshon Judkins FLEX Denzel Boston FLEX Pat Freiermuth FLEX Darnell Washington,,,
943,5277526343,Hal160,0,99.77999,CPT Deshaun Watson FLEX Jaylen Warren FLEX DK Metcalf FLEX Quinshon Judkins FLEX Browns  FLEX Darnell Washington,,,
944,5275884553,clemon91,0,99.76,CPT Jaylen Warren FLEX Aaron Rodgers FLEX Denzel Boston FLEX Harold Fannin Jr. FLEX KC Concepcion Jr. FLEX Roman Wilson,,,
944,5276613008,ffcgeneo,0,99.76,CPT Jaylen Warren FLEX Aaron Rodgers FLEX Denzel Boston FLEX Harold Fannin Jr. FLEX KC Concepcion Jr. FLEX Roman Wilson,,,
944,5276995359,mmm672,0,99.76,CPT Jaylen Warren FLEX Aaron Rodgers FLEX Denzel Boston FLEX Harold Fannin Jr. FLEX KC Concepcion Jr. FLEX Roman Wilson,,,
944,5277069501,iahollo,0,99.76,CPT Jaylen Warren FLEX Aaron Rodgers FLEX Denzel Boston FLEX Harold Fannin Jr. FLEX KC Concepcion Jr. FLEX Roman Wilson,,,
944,5277074702,d_louise.mck70,0,99.76,CPT Jaylen Warren FLEX Aaron Rodgers FLEX Denzel Boston FLEX Harold Fannin Jr. FLEX KC Concepcion Jr. FLEX Roman Wilson,,,
944,5277583604,snadler,0,99.76,CPT Jaylen Warren FLEX Aaron Rodgers FLEX Denzel Boston FLEX Harold Fannin Jr. FLEX KC Concepcion Jr. FLEX Roman Wilson,,,
944,5277587820,cazz1970,0,99.76,CPT Jaylen Warren FLEX Aaron Rodgers FLEX Denzel Boston FLEX Harold Fannin Jr. FLEX KC Concepcion Jr. FLEX Roman Wilson,,,
944,5277592683,Sim27,0,99.76,CPT Jaylen Warren FLEX Aaron Rodgers FLEX Denzel Boston FLEX Harold Fannin Jr. FLEX KC Concepcion Jr. FLEX Roman Wilson,,,
944,5277126621,pdtaylor630,0,99.759995,CPT Aaron Rodgers FLEX Deshaun Watson FLEX DK Metcalf FLEX Harold Fannin Jr. FLEX Steelers  FLEX Darnell Washington,,,
953,5277141820,Krddog,0,99.74,CPT Aaron Rodgers FLEX Jaylen Warren FLEX DK Metcalf FLEX Pat Freiermuth FLEX Steelers  FLEX Andre Szmyt,,,
953,5277207800,medazzaland00,0,99.74,CPT Aaron Rodgers FLEX Jaylen Warren FLEX DK Metcalf FLEX Pat Freiermuth FLEX Steelers  FLEX Andre Szmyt,,,
953,5277336112,agalvez0424,0,99.74,CPT Aaron Rodgers FLEX Jaylen Warren FLEX DK Metcalf FLEX Pat Freiermuth FLEX Steelers  FLEX Andre Szmyt,,,
956,5277555201,jmcgoo710,0,99.700005,CPT Quinshon Judkins FLEX Jaylen Warren FLEX Denzel Boston FLEX Harold Fannin Jr. FLEX Pat Freiermuth FLEX Roman Wilson,,,
957,5277448597,Gabe5678,0,99.68,CPT Deshaun Watson FLEX Jaylen Warren FLEX Quinshon Judkins FLEX Harold Fannin Jr. FLEX Andre Szmyt FLEX Roman Wilson,,,
957,5277787408,logan1224,0,99.68,CPT Deshaun Watson FLEX Jaylen Warren FLEX Quinshon Judkins FLEX Harold Fannin Jr. FLEX Andre Szmyt FLEX Roman Wilson,,,
957,5275668506,sbcantwin,0,99.67999,CPT KC Concepcion Jr. FLEX Aaron Rodgers FLEX Jaylen Warren FLEX Deshaun Watson FLEX Harold Fannin Jr. FLEX Roman Wilson,,,
957,5276226663,JayTheFootballNerd,0,99.67999,CPT KC Concepcion Jr. FLEX Aaron Rodgers FLEX Jaylen Warren FLEX Deshaun Watson FLEX Harold Fannin Jr. FLEX Roman Wilson,,,
957,5276276566,okiecowpoke,0,99.67999,CPT KC Concepcion Jr. FLEX Aaron Rodgers FLEX Jaylen Warren FLEX Deshaun Watson FLEX Harold Fannin Jr. FLEX Roman Wilson,,,
957,5276564706,Damron1474,0,99.67999,CPT KC Concepcion Jr. FLEX Aaron Rodgers FLEX Jaylen Warren FLEX Deshaun Watson FLEX Harold Fannin Jr. FLEX Roman Wilson,,,
957,5276777145,TeStoSteRonE,0,99.67999,CPT KC Concepcion Jr. FLEX Aaron Rodgers FLEX Jaylen Warren FLEX Deshaun Watson FLEX Harold Fannin Jr. FLEX Roman Wilson,,,
957,5276780526,razorchiefs,0,99.67999,CPT KC Concepcion Jr. FLEX Aaron Rodgers FLEX Jaylen Warren FLEX Deshaun Watson FLEX Harold Fannin Jr. FLEX Roman Wilson,,,
957,5276900858,Demons88,0,99.67999,CPT KC Concepcion Jr. FLEX Aaron Rodgers FLEX Jaylen Warren FLEX Deshaun Watson FLEX Harold Fannin Jr. FLEX Roman Wilson,,,
957,5276926131,blastpacks,0,99.67999,CPT KC Concepcion Jr. FLEX Aaron Rodgers FLEX Jaylen Warren FLEX Deshaun Watson FLEX Harold Fannin Jr. FLEX Roman Wilson,,,
957,5277019057,interigator007,0,99.67999,CPT KC Concepcion Jr. FLEX Aaron Rodgers FLEX Jaylen Warren FLEX Deshaun Watson FLEX Harold Fannin Jr. FLEX Roman Wilson,,,
957,5277040131,tyreich,0,99.67999,CPT KC Concepcion Jr. FLEX Aaron Rodgers FLEX Jaylen Warren FLEX Deshaun Watson FLEX Harold Fannin Jr. FLEX Roman Wilson,,,
957,5277105867,gigoloJoe,0,99.67999,CPT KC Concepcion Jr. FLEX Aaron Rodgers FLEX Jaylen Warren FLEX Deshaun Watson FLEX Harold Fannin Jr. FLEX Roman Wilson,,,
957,5277132445,atown1032,0,99.67999,CPT KC Concepcion Jr. FLEX Aaron Rodgers FLEX Jaylen Warren FLEX Deshaun Watson FLEX Harold Fannin Jr. FLEX Roman Wilson,,,
957,5277151392,willcarter29,0,99.67999,CPT KC Concepcion Jr. FLEX Aaron Rodgers FLEX Jaylen Warren FLEX Deshaun Watson FLEX Harold Fannin Jr. FLEX Roman Wilson,,,
957,5277220293,mumaniac75,0,99.67999,CPT KC Concepcion Jr. FLEX Aaron Rodgers FLEX Jaylen Warren FLEX Deshaun Watson FLEX Harold Fannin Jr. FLEX Roman Wilson,,,
957,5277232458,timetravel,0,99.67999,CPT KC Concepcion Jr. FLEX Aaron Rodgers FLEX Jaylen Warren FLEX Deshaun Watson FLEX Harold Fannin Jr. FLEX Roman Wilson,,,
957,5277329212,badsanta1000,0,99.67999,CPT KC Concepcion Jr. FLEX Aaron Rodgers FLEX Jaylen Warren FLEX Deshaun Watson FLEX Harold Fannin Jr. FLEX Roman Wilson,,,
957,5277350214,rambito,0,99.67999,CPT KC Concepcion Jr. FLEX Aaron Rodgers FLEX Jaylen Warren FLEX Deshaun Watson FLEX Harold Fannin Jr. FLEX Roman Wilson,,,
957,5277394584,theREALtravieP,0,99.67999,CPT KC Concepcion Jr. FLEX Aaron Rodgers FLEX Jaylen Warren FLEX Deshaun Watson FLEX Harold Fannin Jr. FLEX Roman Wilson,,,
957,5277394601,generals_chicken,0,99.67999,CPT KC Concepcion Jr. FLEX Aaron Rodgers FLEX Jaylen Warren FLEX Deshaun Watson FLEX Harold Fannin Jr. FLEX Roman Wilson,,,
957,5277404102,Dsen07,0,99.67999,CPT KC Concepcion Jr. FLEX Aaron Rodgers FLEX Jaylen Warren FLEX Deshaun Watson FLEX Harold Fannin Jr. FLEX Roman Wilson,,,
957,5277405393,morat,0,99.67999,CPT KC Concepcion Jr. FLEX Aaron Rodgers FLEX Jaylen Warren FLEX Deshaun Watson FLEX Harold Fannin Jr. FLEX Roman Wilson,,,
957,5277420542,theomgfather,0,99.67999,CPT KC Concepcion Jr. FLEX Aaron Rodgers FLEX Jaylen Warren FLEX Deshaun Watson FLEX Harold Fannin Jr. FLEX Roman Wilson,,,
957,5277432579,jrutherford,0,99.67999,CPT KC Concepcion Jr. FLEX Aaron Rodgers FLEX Jaylen Warren FLEX Deshaun Watson FLEX Harold Fannin Jr. FLEX Roman Wilson,,,
957,5277436940,StewieG013,0,99.67999,CPT KC Concepcion Jr. FLEX Aaron Rodgers FLEX Jaylen Warren FLEX Deshaun Watson FLEX Harold Fannin Jr. FLEX Roman Wilson,,,
957,5277466748,joeo1s,0,99.67999,CPT KC Concepcion Jr. FLEX Aaron Rodgers FLEX Jaylen Warren FLEX Deshaun Watson FLEX Harold Fannin Jr. FLEX Roman Wilson,,,
957,5277636782,puckit.biz,0,99.67999,CPT KC Concepcion Jr. FLEX Aaron Rodgers FLEX Jaylen Warren FLEX Deshaun Watson FLEX Harold Fannin Jr. FLEX Roman Wilson,,,
957,5277716759,xajgonzalez89,0,99.67999,CPT KC Concepcion Jr. FLEX Aaron Rodgers FLEX Jaylen Warren FLEX Deshaun Watson FLEX Harold Fannin Jr. FLEX Roman Wilson,,,
957,5277729438,Stephen1240,0,99.67999,CPT KC Concepcion Jr. FLEX Aaron Rodgers FLEX Jaylen Warren FLEX Deshaun Watson FLEX Harold Fannin Jr. FLEX Roman Wilson,,,
957,5277793757,tonylstewart,0,99.67999,CPT KC Concepcion Jr. FLEX Aaron Rodgers FLEX Jaylen Warren FLEX Deshaun Watson FLEX Harold Fannin Jr. FLEX Roman Wilson,,,
957,5277795426,mhart1274,0,99.67999,CPT KC Concepcion Jr. FLEX Aaron Rodgers FLEX Jaylen Warren FLEX Deshaun Watson FLEX Harold Fannin Jr. FLEX Roman Wilson,,,
957,5277804414,temkas,0,99.67999,CPT KC Concepcion Jr. FLEX Aaron Rodgers FLEX Jaylen Warren FLEX Deshaun Watson FLEX Harold Fannin Jr. FLEX Roman Wilson,,,
957,5277832552,bingaring,0,99.67999,CPT KC Concepcion Jr. FLEX Aaron Rodgers FLEX Jaylen Warren FLEX Deshaun Watson FLEX Harold Fannin Jr. FLEX Roman Wilson,,,
957,5277836232,jztonez,0,99.67999,CPT KC Concepcion Jr. FLEX Aaron Rodgers FLEX Jaylen Warren FLEX Deshaun Watson FLEX Harold Fannin Jr. FLEX Roman Wilson,,,
992,5276878738,C-Cut,0,99.67,CPT Pat Freiermuth FLEX Jaylen Warren FLEX Deshaun Watson FLEX DK Metcalf FLEX Quinshon Judkins FLEX Andre Szmyt,,,
993,5275739777,mikehoben,0,99.659996,CPT Quinshon Judkins FLEX Aaron Rodgers FLEX Jaylen Warren FLEX Harold Fannin Jr. FLEX Chris Boswell FLEX Andre Szmyt,,,
993,5276793249,jayseth,0,99.659996,CPT Quinshon Judkins FLEX Aaron Rodgers FLEX Jaylen Warren FLEX Harold Fannin Jr. FLEX Chris Boswell FLEX Andre Szmyt,,,
993,5276797658,Bo_Dacious,0,99.659996,CPT Quinshon Judkins FLEX Aaron Rodgers FLEX Jaylen Warren FLEX Harold Fannin Jr. FLEX Chris Boswell FLEX Andre Szmyt,,,
996,5276708948,MYAAAaB,0,99.64,CPT Aaron Rodgers FLEX DK Metcalf FLEX Denzel Boston FLEX Michael Pittman Jr. FLEX KC Concepcion Jr. FLEX Roman Wilson,,,
997,5277023145,SoonersUnite,0,99.579994,CPT Deshaun Watson FLEX Jaylen Warren FLEX DK Metcalf FLEX Quinshon Judkins FLEX Harold Fannin Jr. FLEX Jaleel McLaughlin,,,
998,5277196237,bulldogbilly,0,99.56,CPT Aaron Rodgers FLEX Jaylen Warren FLEX Deshaun Watson FLEX Pat Freiermuth FLEX Steelers  FLEX Roman Wilson,,,
998,5277805467,schiffynj,0,99.56,CPT Jaylen Warren FLEX Aaron Rodgers FLEX Quinshon Judkins FLEX Michael Pittman Jr. FLEX Pat Freiermuth FLEX Roman Wilson,,,
1000,5276061636,mnaymik,0,99.52,CPT Quinshon Judkins FLEX Deshaun Watson FLEX DK Metcalf FLEX Harold Fannin Jr. FLEX Browns  FLEX Andre Szmyt,,,
1000,5277122476,canovsp,0,99.52,CPT Quinshon Judkins FLEX Deshaun Watson FLEX DK Metcalf FLEX Harold Fannin Jr. FLEX Browns  FLEX Andre Szmyt,,,
1002,5277594838,md889,0,99.509995,CPT DK Metcalf FLEX Aaron Rodgers FLEX Jaylen Warren FLEX Quinshon Judkins FLEX Steelers  FLEX Germie Bernard,,,
1002,5277743058,jbook123,0,99.509995,CPT DK Metcalf FLEX Aaron Rodgers FLEX Jaylen Warren FLEX Quinshon Judkins FLEX Steelers  FLEX Germie Bernard,,,
1004,5276315468,bebeallan,0,99.479996,CPT Quinshon Judkins FLEX Aaron Rodgers FLEX Jaylen Warren FLEX Deshaun Watson FLEX Steelers  FLEX Jerry Jeudy,,,
1004,5277679661,lsegraves69,0,99.479996,CPT Browns  FLEX Aaron Rodgers FLEX Deshaun Watson FLEX DK Metcalf FLEX Quinshon Judkins FLEX Steelers ,,,
1004,5277696618,alimorales_k9,0,99.479996,CPT Quinshon Judkins FLEX Aaron Rodgers FLEX Jaylen Warren FLEX Deshaun Watson FLEX Steelers  FLEX Jerry Jeudy,,,
1007,5276214772,Thriftycent,0,99.439995,CPT Deshaun Watson FLEX Aaron Rodgers FLEX Quinshon Judkins FLEX Denzel Boston FLEX Andre Szmyt FLEX Jerry Jeudy,,,
1007,5277547522,snowballwizard,0,99.439995,CPT Deshaun Watson FLEX Aaron Rodgers FLEX DK Metcalf FLEX Denzel Boston FLEX Browns  FLEX Darnell Washington,,,
1009,5277844818,TaylorNation1986,0,99.420006,CPT Quinshon Judkins FLEX Deshaun Watson FLEX DK Metcalf FLEX Denzel Boston FLEX Pat Freiermuth FLEX Browns ,,,
1010,5277575242,tgreetan65,0,99.409996,CPT DK Metcalf FLEX Aaron Rodgers FLEX Jaylen Warren FLEX Denzel Boston FLEX Steelers  FLEX Darnell Washington,,,
1011,5275609085,swamprats2,0,99.38,CPT Steelers  FLEX Aaron Rodgers FLEX Jaylen Warren FLEX Deshaun Watson FLEX DK Metcalf FLEX Roman Wilson,,,
1011,5275632093,yashpunjabi,0,99.38,CPT Jaylen Warren FLEX Aaron Rodgers FLEX Deshaun Watson FLEX Harold Fannin Jr. FLEX Browns  FLEX Roman Wilson,,,
1011,5276641245,Lawboy15,0,99.38,CPT Jaylen Warren FLEX Aaron Rodgers FLEX Deshaun Watson FLEX Harold Fannin Jr. FLEX Browns  FLEX Roman Wilson,,,
1011,5276678549,tweets55,0,99.38,CPT Jaylen Warren FLEX Aaron Rodgers FLEX Deshaun Watson FLEX Harold Fannin Jr. FLEX Browns  FLEX Roman Wilson,,,
1011,5276872123,khay86,0,99.38,CPT Steelers  FLEX Aaron Rodgers FLEX Jaylen Warren FLEX Deshaun Watson FLEX DK Metcalf FLEX Roman Wilson,,,
1011,5277057224,nuck,0,99.38,CPT Steelers  FLEX Aaron Rodgers FLEX Jaylen Warren FLEX Deshaun Watson FLEX DK Metcalf FLEX Roman Wilson,,,
1011,5277117070,justutah,0,99.38,CPT Jaylen Warren FLEX Aaron Rodgers FLEX Deshaun Watson FLEX Harold Fannin Jr. FLEX Browns  FLEX Roman Wilson,,,
1011,5277345561,mtsmiley666,0,99.38,CPT Jaylen Warren FLEX Aaron Rodgers FLEX Deshaun Watson FLEX Harold Fannin Jr. FLEX Browns  FLEX Roman Wilson,,,
1011,5277409922,malwa77,0,99.38,CPT Jaylen Warren FLEX Aaron Rodgers FLEX Deshaun Watson FLEX Harold Fannin Jr. FLEX Browns  FLEX Roman Wilson,,,
1011,5277423449,Battle17,0,99.38,CPT Jaylen Warren FLEX Aaron Rodgers FLEX Deshaun Watson FLEX Harold Fannin Jr. FLEX Browns  FLEX Roman Wilson,,,
1011,5277615105,kb1thow,0,99.38,CPT Steelers  FLEX Aaron Rodgers FLEX Jaylen Warren FLEX Deshaun Watson FLEX DK Metcalf FLEX Roman Wilson,,,
1011,5277658653,DirrtyDawg,0,99.38,CPT Jaylen Warren FLEX Aaron Rodgers FLEX Deshaun Watson FLEX Harold Fannin Jr. FLEX Browns  FLEX Roman Wilson,,,
1023,5275450986,gmos1655,0,99.36,CPT Aaron Rodgers FLEX Jaylen Warren FLEX Deshaun Watson FLEX DK Metcalf FLEX Darnell Washington FLEX Ben Skowronek,,,
1023,5275824929,Triple_D,0,99.35999,CPT Roman Wilson FLEX Aaron Rodgers FLEX Jaylen Warren FLEX DK Metcalf FLEX Harold Fannin Jr. FLEX Chris Boswell,,,
1025,5277786918,mikec413,0,99.31,CPT Harold Fannin Jr. FLEX Aaron Rodgers FLEX Jaylen Warren FLEX DK Metcalf FLEX Pat Freiermuth FLEX Andre Szmyt,,,
1026,5276966035,Yasz15,0,99.299995,CPT Jaylen Warren FLEX DK Metcalf FLEX Quinshon Judkins FLEX Harold Fannin Jr. FLEX KC Concepcion Jr. FLEX Darnell Washington,,,
1026,5277150038,Diamondstargazer,0,99.299995,CPT Jaylen Warren FLEX DK Metcalf FLEX Quinshon Judkins FLEX Harold Fannin Jr. FLEX KC Concepcion Jr. FLEX Darnell Washington,,,
1026,5277211053,SixASpadz,0,99.299995,CPT Andre Szmyt FLEX Jaylen Warren FLEX DK Metcalf FLEX Quinshon Judkins FLEX Denzel Boston FLEX Harold Fannin Jr.,,,
1026,5277447236,jbowers12,0,99.299995,CPT Jaylen Warren FLEX DK Metcalf FLEX Quinshon Judkins FLEX Harold Fannin Jr. FLEX KC Concepcion Jr. FLEX Darnell Washington,,,
1026,5277681859,Bears7381,0,99.299995,CPT Andre Szmyt FLEX Jaylen Warren FLEX DK Metcalf FLEX Quinshon Judkins FLEX Denzel Boston FLEX Harold Fannin Jr.,,,
1026,5277740753,lorenz25,0,99.299995,CPT Jaylen Warren FLEX DK Metcalf FLEX Quinshon Judkins FLEX Harold Fannin Jr. FLEX KC Concepcion Jr. FLEX Darnell Washington,,,
1032,5276005091,Bhogan2979,0,99.24,CPT Aaron Rodgers FLEX Jaylen Warren FLEX DK Metcalf FLEX Denzel Boston FLEX Raheim Sanders FLEX Darnell Washington,,,
1032,5277797039,bavmarine,0,99.24,CPT Aaron Rodgers FLEX Jaylen Warren FLEX DK Metcalf FLEX Denzel Boston FLEX Raheim Sanders FLEX Darnell Washington,,,
1034,5275467971,jcital73,0,99.21999,CPT Roman Wilson FLEX Jaylen Warren FLEX Deshaun Watson FLEX DK Metcalf FLEX Denzel Boston FLEX Harold Fannin Jr.,,,
1034,5276535092,asteinel,0,99.21999,CPT Roman Wilson FLEX Jaylen Warren FLEX Deshaun Watson FLEX DK Metcalf FLEX Denzel Boston FLEX Harold Fannin Jr.,,,
1034,5276770223,bluecatdon,0,99.21999,CPT Roman Wilson FLEX Jaylen Warren FLEX Deshaun Watson FLEX DK Metcalf FLEX Denzel Boston FLEX Harold Fannin Jr.,,,
1034,5276929576,MBTex,0,99.21999,CPT Roman Wilson FLEX Jaylen Warren FLEX Deshaun Watson FLEX DK Metcalf FLEX Denzel Boston FLEX Harold Fannin Jr.,,,
1034,5277252209,tnytoy,0,99.21999,CPT Roman Wilson FLEX Jaylen Warren FLEX Deshaun Watson FLEX DK Metcalf FLEX Denzel Boston FLEX Harold Fannin Jr.,,,
1034,5277350856,Fronk,0,99.21999,CPT Roman Wilson FLEX Jaylen Warren FLEX Deshaun Watson FLEX DK Metcalf FLEX Denzel Boston FLEX Harold Fannin Jr.,,,
1034,5277379146,GreenWahl,0,99.21999,CPT Roman Wilson FLEX Jaylen Warren FLEX Deshaun Watson FLEX DK Metcalf FLEX Denzel Boston FLEX Harold Fannin Jr.,,,
1034,5277399494,Tapster417,0,99.21999,CPT Roman Wilson FLEX Jaylen Warren FLEX Deshaun Watson FLEX DK Metcalf FLEX Denzel Boston FLEX Harold Fannin Jr.,,,
1034,5277482230,CodyRam,0,99.21999,CPT Roman Wilson FLEX Jaylen Warren FLEX Deshaun Watson FLEX DK Metcalf FLEX Denzel Boston FLEX Harold Fannin Jr.,,,
1034,5277704846,Deltachi20,0,99.21999,CPT Roman Wilson FLEX Jaylen Warren FLEX Deshaun Watson FLEX DK Metcalf FLEX Denzel Boston FLEX Harold Fannin Jr.,,,
1034,5277717674,rezkid86,0,99.21999,CPT Roman Wilson FLEX Jaylen Warren FLEX Deshaun Watson FLEX DK Metcalf FLEX Denzel Boston FLEX Harold Fannin Jr.,,,
1045,5276281324,rseid12345,0,99.17999,CPT KC Concepcion Jr. FLEX Aaron Rodgers FLEX Deshaun Watson FLEX DK Metcalf FLEX Harold Fannin Jr. FLEX Andre Szmyt,,,
1046,5277281486,carlydedog,0,99.159996,CPT Jaylen Warren FLEX Aaron Rodgers FLEX DK Metcalf FLEX Quinshon Judkins FLEX Pat Freiermuth FLEX Eli Heidenreich,,,
1046,5277646554,Nchiulli,0,99.159996,CPT Aaron Rodgers FLEX Deshaun Watson FLEX Quinshon Judkins FLEX Denzel Boston FLEX Pat Freiermuth FLEX Germie Bernard,,,
1048,5275734899,ritztiki,0,99.12999,CPT Harold Fannin Jr. FLEX Aaron Rodgers FLEX Jaylen Warren FLEX Deshaun Watson FLEX Pat Freiermuth FLEX Roman Wilson,,,
1048,5275744064,kindacool12,0,99.12999,CPT Harold Fannin Jr. FLEX Aaron Rodgers FLEX Jaylen Warren FLEX Deshaun Watson FLEX Pat Freiermuth FLEX Roman Wilson,,,
1048,5275851541,tajohn53,0,99.12999,CPT Harold Fannin Jr. FLEX Aaron Rodgers FLEX Jaylen Warren FLEX Deshaun Watson FLEX Pat Freiermuth FLEX Roman Wilson,,,
1048,5276174917,dandug18,0,99.12999,CPT Harold Fannin Jr. FLEX Aaron Rodgers FLEX Jaylen Warren FLEX Deshaun Watson FLEX Pat Freiermuth FLEX Roman Wilson,,,
1048,5276204471,bigdaddydex46,0,99.12999,CPT Harold Fannin Jr. FLEX Aaron Rodgers FLEX Jaylen Warren FLEX Deshaun Watson FLEX Pat Freiermuth FLEX Roman Wilson,,,
1048,5276277176,xG00NIEx,0,99.12999,CPT Harold Fannin Jr. FLEX Aaron Rodgers FLEX Jaylen Warren FLEX Deshaun Watson FLEX Pat Freiermuth FLEX Roman Wilson,,,
1048,5276283907,Opfor4481,0,99.12999,CPT Harold Fannin Jr. FLEX Aaron Rodgers FLEX Jaylen Warren FLEX Deshaun Watson FLEX Pat Freiermuth FLEX Roman Wilson,,,
1048,5276310256,jrevelle3,0,99.12999,CPT Harold Fannin Jr. FLEX Aaron Rodgers FLEX Jaylen Warren FLEX Deshaun Watson FLEX Pat Freiermuth FLEX Roman Wilson,,,
1048,5276356168,doeboy11,0,99.12999,CPT Harold Fannin Jr. FLEX Aaron Rodgers FLEX Jaylen Warren FLEX Deshaun Watson FLEX Pat Freiermuth FLEX Roman Wilson,,,
1048,5276577206,kny48,0,99.12999,CPT Harold Fannin Jr. FLEX Aaron Rodgers FLEX Jaylen Warren FLEX Deshaun Watson FLEX Pat Freiermuth FLEX Roman Wilson,,,
1048,5276783634,tcrist60,0,99.12999,CPT Harold Fannin Jr. FLEX Aaron Rodgers FLEX Jaylen Warren FLEX Deshaun Watson FLEX Pat Freiermuth FLEX Roman Wilson,,,
1048,5276783677,Scbeast,0,99.12999,CPT Harold Fannin Jr. FLEX Aaron Rodgers FLEX Jaylen Warren FLEX Deshaun Watson FLEX Pat Freiermuth FLEX Roman Wilson,,,
1048,5276787669,PMcGough,0,99.12999,CPT Harold Fannin Jr. FLEX Aaron Rodgers FLEX Jaylen Warren FLEX Deshaun Watson FLEX Pat Freiermuth FLEX Roman Wilson,,,
1048,5276829087,RSMdk01,0,99.12999,CPT Harold Fannin Jr. FLEX Aaron Rodgers FLEX Jaylen Warren FLEX Deshaun Watson FLEX Pat Freiermuth FLEX Roman Wilson,,,
1048,5276947301,zMcBeast,0,99.12999,CPT Harold Fannin Jr. FLEX Aaron Rodgers FLEX Jaylen Warren FLEX Deshaun Watson FLEX Pat Freiermuth FLEX Roman Wilson,,,
1048,5276951850,MugsyNYC,0,99.12999,CPT Harold Fannin Jr. FLEX Aaron Rodgers FLEX Jaylen Warren FLEX Deshaun Watson FLEX Pat Freiermuth FLEX Roman Wilson,,,
1048,5276956500,BillyCorp69,0,99.12999,CPT Harold Fannin Jr. FLEX Aaron Rodgers FLEX Jaylen Warren FLEX Deshaun Watson FLEX Pat Freiermuth FLEX Roman Wilson,,,
1048,5276973468,takingover011,0,99.12999,CPT Harold Fannin Jr. FLEX Aaron Rodgers FLEX Jaylen Warren FLEX Deshaun Watson FLEX Pat Freiermuth FLEX Roman Wilson,,,
1048,5276978322,pokerguy4343,0,99.12999,CPT Harold Fannin Jr. FLEX Aaron Rodgers FLEX Jaylen Warren FLEX Deshaun Watson FLEX Pat Freiermuth FLEX Roman Wilson,,,
1048,5277040315,jkov1985,0,99.12999,CPT Harold Fannin Jr. FLEX Aaron Rodgers FLEX Jaylen Warren FLEX Deshaun Watson FLEX Pat Freiermuth FLEX Roman Wilson,,,
1048,5277040905,brandonator79,0,99.12999,CPT Harold Fannin Jr. FLEX Aaron Rodgers FLEX Jaylen Warren FLEX Deshaun Watson FLEX Pat Freiermuth FLEX Roman Wilson,,,
1048,5277259571,jupacalypse,0,99.12999,CPT Harold Fannin Jr. FLEX Aaron Rodgers FLEX Jaylen Warren FLEX Deshaun Watson FLEX Pat Freiermuth FLEX Roman Wilson,,,
1048,5277291216,PokerChump,0,99.12999,CPT Harold Fannin Jr. FLEX Aaron Rodgers FLEX Jaylen Warren FLEX Deshaun Watson FLEX Pat Freiermuth FLEX Roman Wilson,,,
1048,5277362613,kenyagood711,0,99.12999,CPT Harold Fannin Jr. FLEX Aaron Rodgers FLEX Jaylen Warren FLEX Deshaun Watson FLEX Pat Freiermuth FLEX Roman Wilson,,,
1048,5277389059,Texantouchdown,0,99.12999,CPT Harold Fannin Jr. FLEX Aaron Rodgers FLEX Jaylen Warren FLEX Deshaun Watson FLEX Pat Freiermuth FLEX Roman Wilson,,,
1048,5277427266,knixon4201,0,99.12999,CPT Harold Fannin Jr. FLEX Aaron Rodgers FLEX Jaylen Warren FLEX Deshaun Watson FLEX Pat Freiermuth FLEX Roman Wilson,,,
1048,5277510374,ericcarl630,0,99.12999,CPT Harold Fannin Jr. FLEX Aaron Rodgers FLEX Jaylen Warren FLEX Deshaun Watson FLEX Pat Freiermuth FLEX Roman Wilson,,,
1048,5277552390,joee61,0,99.12999,CPT Harold Fannin Jr. FLEX Aaron Rodgers FLEX Jaylen Warren FLEX Deshaun Watson FLEX Pat Freiermuth FLEX Roman Wilson,,,
1048,5277587545,RJS2015,0,99.12999,CPT Harold Fannin Jr. FLEX Aaron Rodgers FLEX Jaylen Warren FLEX Deshaun Watson FLEX Pat Freiermuth FLEX Roman Wilson,,,
1048,5277651652,AIballer,0,99.12999,CPT Harold Fannin Jr. FLEX Aaron Rodgers FLEX Jaylen Warren FLEX Deshaun Watson FLEX Pat Freiermuth FLEX Roman Wilson,,,
1048,5277665485,kohrs76,0,99.12999,CPT Harold Fannin Jr. FLEX Aaron Rodgers FLEX Jaylen Warren FLEX Deshaun Watson FLEX Pat Freiermuth FLEX Roman Wilson,,,
1048,5277721862,Halliehat,0,99.12999,CPT Harold Fannin Jr. FLEX Aaron Rodgers FLEX Jaylen Warren FLEX Deshaun Watson FLEX Pat Freiermuth FLEX Roman Wilson,,,
1048,5277722457,joelle,0,99.12999,CPT Harold Fannin Jr. FLEX Aaron Rodgers FLEX Jaylen Warren FLEX Deshaun Watson FLEX Pat Freiermuth FLEX Roman Wilson,,,
1048,5277761072,tightenUPson,0,99.12999,CPT Harold Fannin Jr. FLEX Aaron Rodgers FLEX Jaylen Warren FLEX Deshaun Watson FLEX Pat Freiermuth FLEX Roman Wilson,,,
1048,5277763215,bmaitch101,0,99.12999,CPT Harold Fannin Jr. FLEX Aaron Rodgers FLEX Jaylen Warren FLEX Deshaun Watson FLEX Pat Freiermuth FLEX Roman Wilson,,,
1048,5277852982,MrDealwitit,0,99.12999,CPT Harold Fannin Jr. FLEX Aaron Rodgers FLEX Jaylen Warren FLEX Deshaun Watson FLEX Pat Freiermuth FLEX Roman Wilson,,,
1084,5276049517,joshua.drama,0,99.11,CPT Harold Fannin Jr. FLEX Aaron Rodgers FLEX Jaylen Warren FLEX Quinshon Judkins FLEX Chris Boswell FLEX Roman Wilson,,,
1085,5277714525,saintman55,0,99.079994,CPT Deshaun Watson FLEX Jaylen Warren FLEX DK Metcalf FLEX Quinshon Judkins FLEX Raheim Sanders FLEX Roman Wilson,,,
1086,5276571396,xibalba7500,0,99.060005,CPT Jaylen Warren FLEX Aaron Rodgers FLEX Denzel Boston FLEX Harold Fannin Jr. FLEX Pat Freiermuth FLEX Roman Wilson,,,
1086,5276823045,bighunnid101,0,99.060005,CPT Jaylen Warren FLEX Aaron Rodgers FLEX Denzel Boston FLEX Harold Fannin Jr. FLEX Pat Freiermuth FLEX Roman Wilson,,,
1086,5277728637,ElTigreCali,0,99.060005,CPT Jaylen Warren FLEX Aaron Rodgers FLEX Denzel Boston FLEX Harold Fannin Jr. FLEX Pat Freiermuth FLEX Roman Wilson,,,
1086,5277849950,zachary.wildhorn,0,99.060005,CPT Jaylen Warren FLEX Aaron Rodgers FLEX Denzel Boston FLEX Harold Fannin Jr. FLEX Pat Freiermuth FLEX Roman Wilson,,,
1086,5277865707,Good_Life,0,99.060005,CPT Jaylen Warren FLEX Aaron Rodgers FLEX Denzel Boston FLEX Harold Fannin Jr. FLEX Pat Freiermuth FLEX Roman Wilson,,,
1086,5276976772,msunken,0,99.06,CPT Aaron Rodgers FLEX Deshaun Watson FLEX Quinshon Judkins FLEX Michael Pittman Jr. FLEX KC Concepcion Jr. FLEX Darnell Washington,,,
1086,5277494281,Crushers1199,0,99.06,CPT Aaron Rodgers FLEX Deshaun Watson FLEX DK Metcalf FLEX Pat Freiermuth FLEX Steelers  FLEX Andre Szmyt,,,
1093,5275956680,Ericns,0,99.04,CPT Aaron Rodgers FLEX Jaylen Warren FLEX Quinshon Judkins FLEX Michael Pittman Jr. FLEX Pat Freiermuth FLEX Darnell Washington,,,
1093,5276677379,XxKingQuexX,0,99.03999,CPT Deshaun Watson FLEX Aaron Rodgers FLEX Jaylen Warren FLEX Harold Fannin Jr. FLEX Browns  FLEX Roman Wilson,,,
1093,5276798490,triggapapi7,0,99.03999,CPT Deshaun Watson FLEX Aaron Rodgers FLEX Jaylen Warren FLEX Harold Fannin Jr. FLEX Browns  FLEX Roman Wilson,,,
1093,5277086549,disaman74,0,99.03999,CPT Aaron Rodgers FLEX DK Metcalf FLEX Quinshon Judkins FLEX Chris Boswell FLEX Steelers  FLEX Andre Szmyt,,,
1093,5277103820,Scott300,0,99.03999,CPT Deshaun Watson FLEX Aaron Rodgers FLEX Jaylen Warren FLEX Harold Fannin Jr. FLEX Browns  FLEX Roman Wilson,,,
1093,5277798613,stew7777,0,99.03999,CPT Deshaun Watson FLEX Aaron Rodgers FLEX Jaylen Warren FLEX Harold Fannin Jr. FLEX Browns  FLEX Roman Wilson,,,
1099,5277249664,Nutzydog,0,99.03,CPT Harold Fannin Jr. FLEX Aaron Rodgers FLEX Deshaun Watson FLEX DK Metcalf FLEX KC Concepcion Jr. FLEX Darnell Washington,,,
1100,5276202637,bgrez3825,0,99.009995,CPT Harold Fannin Jr. FLEX Aaron Rodgers FLEX Jaylen Warren FLEX DK Metcalf FLEX Steelers  FLEX Roman Wilson,,,
1101,5276738092,LolaMae01,0,98.96,CPT Jaylen Warren FLEX Aaron Rodgers FLEX DK Metcalf FLEX Harold Fannin Jr. FLEX Chris Boswell FLEX Roman Wilson,,,
1101,5276847338,bcl1,0,98.96,CPT Jaylen Warren FLEX Aaron Rodgers FLEX DK Metcalf FLEX Harold Fannin Jr. FLEX Chris Boswell FLEX Roman Wilson,,,
1101,5276979756,bthel,0,98.96,CPT Jaylen Warren FLEX Aaron Rodgers FLEX DK Metcalf FLEX Harold Fannin Jr. FLEX Chris Boswell FLEX Roman Wilson,,,
1101,5276984958,OnWi883,0,98.96,CPT Jaylen Warren FLEX Aaron Rodgers FLEX DK Metcalf FLEX Harold Fannin Jr. FLEX Chris Boswell FLEX Roman Wilson,,,
1101,5277019716,nruss630,0,98.96,CPT Jaylen Warren FLEX Aaron Rodgers FLEX DK Metcalf FLEX Harold Fannin Jr. FLEX Chris Boswell FLEX Roman Wilson,,,
1101,5277084873,JTGJJ,0,98.96,CPT Jaylen Warren FLEX Aaron Rodgers FLEX DK Metcalf FLEX Harold Fannin Jr. FLEX Chris Boswell FLEX Roman Wilson,,,
1101,5277090289,Aj_cray,0,98.96,CPT Jaylen Warren FLEX Aaron Rodgers FLEX DK Metcalf FLEX Harold Fannin Jr. FLEX Chris Boswell FLEX Roman Wilson,,,
1101,5277304373,nine9999,0,98.96,CPT Jaylen Warren FLEX Aaron Rodgers FLEX DK Metcalf FLEX Harold Fannin Jr. FLEX Chris Boswell FLEX Roman Wilson,,,
1101,5277383956,irby1234,0,98.96,CPT Jaylen Warren FLEX Aaron Rodgers FLEX DK Metcalf FLEX Harold Fannin Jr. FLEX Chris Boswell FLEX Roman Wilson,,,
1101,5277403733,Mezqal,0,98.96,CPT Browns  FLEX Aaron Rodgers FLEX Jaylen Warren FLEX Quinshon Judkins FLEX Denzel Boston FLEX KC Concepcion Jr.,,,
1101,5277412273,CLTGoBlue,0,98.96,CPT Jaylen Warren FLEX Aaron Rodgers FLEX DK Metcalf FLEX Harold Fannin Jr. FLEX Chris Boswell FLEX Roman Wilson,,,
1101,5277461052,Gsmoney2469,0,98.96,CPT Jaylen Warren FLEX Aaron Rodgers FLEX DK Metcalf FLEX Harold Fannin Jr. FLEX Chris Boswell FLEX Roman Wilson,,,
1101,5277564097,pbravo33,0,98.96,CPT Jaylen Warren FLEX Aaron Rodgers FLEX DK Metcalf FLEX Harold Fannin Jr. FLEX Chris Boswell FLEX Roman Wilson,,,
1101,5277574962,ACES901,0,98.96,CPT Jaylen Warren FLEX Aaron Rodgers FLEX DK Metcalf FLEX Harold Fannin Jr. FLEX Chris Boswell FLEX Roman Wilson,,,
1101,5277651658,vicvinegar21,0,98.96,CPT Jaylen Warren FLEX Aaron Rodgers FLEX DK Metcalf FLEX Harold Fannin Jr. FLEX Chris Boswell FLEX Roman Wilson,,,
1101,5277716260,pjmcginty32,0,98.96,CPT Jaylen Warren FLEX Aaron Rodgers FLEX DK Metcalf FLEX Harold Fannin Jr. FLEX Chris Boswell FLEX Roman Wilson,,,
1101,5277779887,ozzieferper2,0,98.96,CPT Jaylen Warren FLEX Aaron Rodgers FLEX DK Metcalf FLEX Harold Fannin Jr. FLEX Chris Boswell FLEX Roman Wilson,,,
1101,5275597308,darrell181,0,98.95999,CPT KC Concepcion Jr. FLEX Aaron Rodgers FLEX Jaylen Warren FLEX Quinshon Judkins FLEX Harold Fannin Jr. FLEX Browns ,,,
1119,5277795348,parrottislandgrill,0,98.92,CPT Quinshon Judkins FLEX Deshaun Watson FLEX DK Metcalf FLEX Harold Fannin Jr. FLEX Chris Boswell FLEX Roman Wilson,,,
1120,5276676393,dalvincook,0,98.9,CPT Jaylen Warren FLEX DK Metcalf FLEX Quinshon Judkins FLEX Harold Fannin Jr. FLEX Pat Freiermuth FLEX Andre Szmyt,,,
1120,5276751018,kcfb67,0,98.9,CPT Jaylen Warren FLEX DK Metcalf FLEX Quinshon Judkins FLEX Harold Fannin Jr. FLEX Pat Freiermuth FLEX Andre Szmyt,,,
1120,5277044764,Dmurr2121,0,98.9,CPT Jaylen Warren FLEX DK Metcalf FLEX Quinshon Judkins FLEX Harold Fannin Jr. FLEX Pat Freiermuth FLEX Andre Szmyt,,,
1123,5276060185,Boogieman01,0,98.88,CPT Jaylen Warren FLEX Aaron Rodgers FLEX Deshaun Watson FLEX Denzel Boston FLEX Andre Szmyt FLEX Darnell Washington,,,
1123,5276896450,JERKER19,0,98.88,CPT Jaylen Warren FLEX Aaron Rodgers FLEX Deshaun Watson FLEX Denzel Boston FLEX Andre Szmyt FLEX Darnell Washington,,,
1123,5277536946,oilers1982,0,98.88,CPT Jaylen Warren FLEX Aaron Rodgers FLEX Deshaun Watson FLEX Denzel Boston FLEX Andre Szmyt FLEX Darnell Washington,,,
1123,5277665759,TurfBurnes,0,98.88,CPT Jaylen Warren FLEX Aaron Rodgers FLEX Deshaun Watson FLEX Denzel Boston FLEX Andre Szmyt FLEX Darnell Washington,,,
1123,5277840548,pack_horse,0,98.88,CPT Jaylen Warren FLEX Aaron Rodgers FLEX Deshaun Watson FLEX Denzel Boston FLEX Andre Szmyt FLEX Darnell Washington,,,
1123,5277739597,jqspeedy82,0,98.87999,CPT Jaleel McLaughlin FLEX Aaron Rodgers FLEX Jaylen Warren FLEX Deshaun Watson FLEX DK Metcalf FLEX Harold Fannin Jr.,,,
1123,5277784820,alext7694,0,98.87999,CPT KC Concepcion Jr. FLEX Aaron Rodgers FLEX Deshaun Watson FLEX DK Metcalf FLEX Harold Fannin Jr. FLEX Darnell Washington,,,
1130,5276518804,BustaKaep420,0,98.85999,CPT Roman Wilson FLEX Aaron Rodgers FLEX Jaylen Warren FLEX DK Metcalf FLEX Harold Fannin Jr. FLEX Michael Pittman Jr.,,,
1130,5277585877,satanclaus23,0,98.85999,CPT Roman Wilson FLEX Aaron Rodgers FLEX Jaylen Warren FLEX DK Metcalf FLEX Harold Fannin Jr. FLEX Michael Pittman Jr.,,,
1130,5277758158,Mansfieldcole,0,98.85999,CPT Roman Wilson FLEX Aaron Rodgers FLEX Jaylen Warren FLEX DK Metcalf FLEX Harold Fannin Jr. FLEX Michael Pittman Jr.,,,
1133,5277547398,daveytree3,0,98.84999,CPT Darnell Washington FLEX Jaylen Warren FLEX DK Metcalf FLEX Quinshon Judkins FLEX Denzel Boston FLEX Harold Fannin Jr.,,,
1134,5275572320,squeels1111,0,98.84,CPT Aaron Rodgers FLEX Jaylen Warren FLEX Denzel Boston FLEX Harold Fannin Jr. FLEX Pat Freiermuth FLEX Andre Szmyt,,,
1134,5276484652,nickciuffo,0,98.84,CPT Aaron Rodgers FLEX Jaylen Warren FLEX Denzel Boston FLEX Harold Fannin Jr. FLEX Pat Freiermuth FLEX Andre Szmyt,,,
1134,5276783521,vince30,0,98.84,CPT Aaron Rodgers FLEX Jaylen Warren FLEX Quinshon Judkins FLEX KC Concepcion Jr. FLEX Pat Freiermuth FLEX Raheim Sanders,,,
1134,5277012950,dfriel6654,0,98.84,CPT Aaron Rodgers FLEX Jaylen Warren FLEX Denzel Boston FLEX Harold Fannin Jr. FLEX Pat Freiermuth FLEX Andre Szmyt,,,
1134,5277069426,derekfowlie,0,98.84,CPT Aaron Rodgers FLEX Jaylen Warren FLEX Denzel Boston FLEX Harold Fannin Jr. FLEX Pat Freiermuth FLEX Andre Szmyt,,,
1134,5277310315,robblu1,0,98.84,CPT Aaron Rodgers FLEX Quinshon Judkins FLEX Denzel Boston FLEX Harold Fannin Jr. FLEX Pat Freiermuth FLEX Steelers ,,,
1140,5277377598,dnelson22,0,98.829994,CPT DK Metcalf FLEX Aaron Rodgers FLEX Deshaun Watson FLEX Quinshon Judkins FLEX Steelers  FLEX Germie Bernard,,,
1141,5276939231,Honeybee23,0,98.81,CPT Pat Freiermuth FLEX Aaron Rodgers FLEX Jaylen Warren FLEX DK Metcalf FLEX Harold Fannin Jr. FLEX Andre Szmyt,,,
1141,5277357034,Williac503,0,98.81,CPT Pat Freiermuth FLEX Aaron Rodgers FLEX Jaylen Warren FLEX DK Metcalf FLEX Harold Fannin Jr. FLEX Andre Szmyt,,,
1143,5277832281,HAILMARYS77,0,98.78,CPT Deshaun Watson FLEX Jaylen Warren FLEX DK Metcalf FLEX Denzel Boston FLEX Andre Szmyt FLEX Roman Wilson,,,
1143,5276721482,DLski,0,98.77999,CPT KC Concepcion Jr. FLEX Aaron Rodgers FLEX Deshaun Watson FLEX DK Metcalf FLEX Quinshon Judkins FLEX Ben Skowronek,,,
1145,5275493052,mitch714444,0,98.74,CPT Deshaun Watson FLEX Aaron Rodgers FLEX Denzel Boston FLEX Harold Fannin Jr. FLEX KC Concepcion Jr. FLEX Roman Wilson,,,
1145,5276054858,RyDogg0609,0,98.74,CPT Deshaun Watson FLEX Aaron Rodgers FLEX Denzel Boston FLEX Harold Fannin Jr. FLEX KC Concepcion Jr. FLEX Roman Wilson,,,
1145,5276295222,NuttynuttyG,0,98.74,CPT Deshaun Watson FLEX Aaron Rodgers FLEX Denzel Boston FLEX Harold Fannin Jr. FLEX KC Concepcion Jr. FLEX Roman Wilson,,,
1145,5277039805,ChickenHeadz,0,98.74,CPT Deshaun Watson FLEX Aaron Rodgers FLEX Denzel Boston FLEX Harold Fannin Jr. FLEX KC Concepcion Jr. FLEX Roman Wilson,,,
1145,5277446015,spuckett9929,0,98.74,CPT Deshaun Watson FLEX Aaron Rodgers FLEX Denzel Boston FLEX Harold Fannin Jr. FLEX KC Concepcion Jr. FLEX Roman Wilson,,,
1150,5276264328,FCSchaff26,0,98.729996,CPT DK Metcalf FLEX Aaron Rodgers FLEX Deshaun Watson FLEX Denzel Boston FLEX Steelers  FLEX Darnell Washington,,,
1150,5277095715,thabease,0,98.729996,CPT Pat Freiermuth FLEX Aaron Rodgers FLEX Jaylen Warren FLEX Deshaun Watson FLEX Quinshon Judkins FLEX Jerry Jeudy,,,
1152,5275477474,19luke,0,98.72,CPT Jaylen Warren FLEX Deshaun Watson FLEX Quinshon Judkins FLEX Harold Fannin Jr. FLEX Pat Freiermuth FLEX Roman Wilson,,,
1152,5275529569,BtheSportsGuy,0,98.72,CPT Jaylen Warren FLEX Deshaun Watson FLEX Quinshon Judkins FLEX Harold Fannin Jr. FLEX Pat Freiermuth FLEX Roman Wilson,,,
1152,5276805718,NoBradyNoProblem,0,98.72,CPT Jaylen Warren FLEX Deshaun Watson FLEX Quinshon Judkins FLEX Harold Fannin Jr. FLEX Pat Freiermuth FLEX Roman Wilson,,,
1152,5276862188,papa-sports-39,0,98.72,CPT Jaylen Warren FLEX Deshaun Watson FLEX Quinshon Judkins FLEX Harold Fannin Jr. FLEX Pat Freiermuth FLEX Roman Wilson,,,
1152,5277126056,killer1371,0,98.72,CPT Jaylen Warren FLEX Deshaun Watson FLEX Quinshon Judkins FLEX Harold Fannin Jr. FLEX Pat Freiermuth FLEX Roman Wilson,,,
1152,5277275837,Doc2006,0,98.72,CPT Jaylen Warren FLEX Deshaun Watson FLEX Quinshon Judkins FLEX Harold Fannin Jr. FLEX Pat Freiermuth FLEX Roman Wilson,,,
1152,5277322837,Rotoczar,0,98.72,CPT Jaylen Warren FLEX Deshaun Watson FLEX Quinshon Judkins FLEX Harold Fannin Jr. FLEX Pat Freiermuth FLEX Roman Wilson,,,
1152,5277390576,NDRingneck,0,98.72,CPT Jaylen Warren FLEX Deshaun Watson FLEX Quinshon Judkins FLEX Harold Fannin Jr. FLEX Pat Freiermuth FLEX Roman Wilson,,,
1152,5277639755,Fourt33nMinutesLeft,0,98.72,CPT Jaylen Warren FLEX Deshaun Watson FLEX Quinshon Judkins FLEX Harold Fannin Jr. FLEX Pat Freiermuth FLEX Roman Wilson,,,
1152,5277761162,hov1388,0,98.72,CPT Jaylen Warren FLEX Deshaun Watson FLEX Quinshon Judkins FLEX Harold Fannin Jr. FLEX Pat Freiermuth FLEX Roman Wilson,,,
1152,5277768740,drivingnailz,0,98.72,CPT Jaylen Warren FLEX Deshaun Watson FLEX Quinshon Judkins FLEX Harold Fannin Jr. FLEX Pat Freiermuth FLEX Roman Wilson,,,
1152,5277776921,yrocnella,0,98.72,CPT Jaylen Warren FLEX Deshaun Watson FLEX Quinshon Judkins FLEX Harold Fannin Jr. FLEX Pat Freiermuth FLEX Roman Wilson,,,
1152,5277852260,tadmckowski,0,98.72,CPT Jaylen Warren FLEX Deshaun Watson FLEX Quinshon Judkins FLEX Harold Fannin Jr. FLEX Pat Freiermuth FLEX Roman Wilson,,,
1165,5276377420,slau76,0,98.7,CPT KC Concepcion Jr. FLEX Jaylen Warren FLEX DK Metcalf FLEX Quinshon Judkins FLEX Denzel Boston FLEX Andre Szmyt,,,
1166,5277025230,adamridener,0,98.67999,CPT Jaylen Warren FLEX Aaron Rodgers FLEX Deshaun Watson FLEX Quinshon Judkins FLEX Darnell Washington FLEX Germie Bernard,,,
1167,5275957088,saintsfan_26,0,98.659996,CPT Chris Boswell FLEX Aaron Rodgers FLEX Jaylen Warren FLEX DK Metcalf FLEX Quinshon Judkins FLEX Andre Szmyt,,,
1167,5275965071,Ramrod1377,0,98.659996,CPT Quinshon Judkins FLEX Aaron Rodgers FLEX Jaylen Warren FLEX Harold Fannin Jr. FLEX Steelers  FLEX Browns ,,,
1167,5276239915,krupstef,0,98.659996,CPT Quinshon Judkins FLEX Aaron Rodgers FLEX Jaylen Warren FLEX Harold Fannin Jr. FLEX Steelers  FLEX Browns ,,,
1167,5276449943,jbarkley1029,0,98.659996,CPT Jaylen Warren FLEX Aaron Rodgers FLEX Quinshon Judkins FLEX Harold Fannin Jr. FLEX KC Concepcion Jr. FLEX Jerry Jeudy,,,
1167,5276624774,krichknowsbest,0,98.659996,CPT Jaylen Warren FLEX Aaron Rodgers FLEX Quinshon Judkins FLEX Harold Fannin Jr. FLEX Steelers  FLEX Andre Szmyt,,,
1167,5276962927,theperfectswirl,0,98.659996,CPT Quinshon Judkins FLEX Aaron Rodgers FLEX Jaylen Warren FLEX Harold Fannin Jr. FLEX Steelers  FLEX Browns ,,,
1167,5277086540,tjjensen,0,98.659996,CPT Quinshon Judkins FLEX Aaron Rodgers FLEX Jaylen Warren FLEX Harold Fannin Jr. FLEX Steelers  FLEX Browns ,,,
1167,5277253466,magic0312,0,98.659996,CPT Jaylen Warren FLEX Aaron Rodgers FLEX Quinshon Judkins FLEX Harold Fannin Jr. FLEX KC Concepcion Jr. FLEX Jerry Jeudy,,,
1167,5277263155,Dillinger8,0,98.659996,CPT Jaylen Warren FLEX Aaron Rodgers FLEX Quinshon Judkins FLEX Harold Fannin Jr. FLEX Steelers  FLEX Andre Szmyt,,,
1167,5277287002,cmurphster69,0,98.659996,CPT Jaylen Warren FLEX Aaron Rodgers FLEX Quinshon Judkins FLEX Harold Fannin Jr. FLEX Steelers  FLEX Andre Szmyt,,,
1167,5277349222,chubbo09,0,98.659996,CPT Jaylen Warren FLEX Aaron Rodgers FLEX Quinshon Judkins FLEX Harold Fannin Jr. FLEX Steelers  FLEX Andre Szmyt,,,
1167,5277490957,Hank-it,0,98.659996,CPT Quinshon Judkins FLEX Aaron Rodgers FLEX Jaylen Warren FLEX Harold Fannin Jr. FLEX Steelers  FLEX Browns ,,,
1167,5277603873,dhoulton35,0,98.659996,CPT Jaylen Warren FLEX Aaron Rodgers FLEX Quinshon Judkins FLEX Harold Fannin Jr. FLEX Steelers  FLEX Andre Szmyt,,,
1167,5277619440,True6363,0,98.659996,CPT Jaylen Warren FLEX Aaron Rodgers FLEX Quinshon Judkins FLEX Harold Fannin Jr. FLEX Steelers  FLEX Andre Szmyt,,,
1167,5277644462,PerxesTheGreat,0,98.659996,CPT Jaylen Warren FLEX Aaron Rodgers FLEX Quinshon Judkins FLEX Harold Fannin Jr. FLEX KC Concepcion Jr. FLEX Jerry Jeudy,,,
1167,5277687896,mbutlerok,0,98.659996,CPT Steelers  FLEX Aaron Rodgers FLEX Jaylen Warren FLEX DK Metcalf FLEX Quinshon Judkins FLEX Browns ,,,
1167,5277820705,Blackowiak,0,98.659996,CPT Jaylen Warren FLEX Aaron Rodgers FLEX Quinshon Judkins FLEX Harold Fannin Jr. FLEX Steelers  FLEX Andre Szmyt,,,
1184,5276013128,transam71,0,98.62999,CPT Pat Freiermuth FLEX Aaron Rodgers FLEX Jaylen Warren FLEX Deshaun Watson FLEX Harold Fannin Jr. FLEX Roman Wilson,,,
1184,5276262592,sideliner,0,98.62999,CPT Pat Freiermuth FLEX Aaron Rodgers FLEX Jaylen Warren FLEX Deshaun Watson FLEX Harold Fannin Jr. FLEX Roman Wilson,,,
1184,5277062919,btnotwn,0,98.62999,CPT Harold Fannin Jr. FLEX Aaron Rodgers FLEX Deshaun Watson FLEX DK Metcalf FLEX Pat Freiermuth FLEX Andre Szmyt,,,
1184,5277519232,Jgraham6219,0,98.62999,CPT Pat Freiermuth FLEX Aaron Rodgers FLEX Jaylen Warren FLEX Deshaun Watson FLEX Harold Fannin Jr. FLEX Roman Wilson,,,
1184,5277551699,mredman22,0,98.62999,CPT Pat Freiermuth FLEX Aaron Rodgers FLEX Jaylen Warren FLEX Deshaun Watson FLEX Harold Fannin Jr. FLEX Roman Wilson,,,
1189,5277785759,sheabones1,0,98.619995,CPT Andre Szmyt FLEX Deshaun Watson FLEX DK Metcalf FLEX Quinshon Judkins FLEX Denzel Boston FLEX Harold Fannin Jr.,,,
1190,5276869958,neil75,0,98.6,CPT Jaylen Warren FLEX DK Metcalf FLEX Quinshon Judkins FLEX Harold Fannin Jr. FLEX Steelers  FLEX Roman Wilson,,,
1190,5277162582,dannyv2019,0,98.6,CPT Jaylen Warren FLEX DK Metcalf FLEX Quinshon Judkins FLEX Harold Fannin Jr. FLEX Steelers  FLEX Roman Wilson,,,
1190,5277447295,TreeJ68,0,98.6,CPT Quinshon Judkins FLEX DK Metcalf FLEX Denzel Boston FLEX Harold Fannin Jr. FLEX KC Concepcion Jr. FLEX Pat Freiermuth,,,
1190,5277816851,erroron12,0,98.6,CPT Jaylen Warren FLEX DK Metcalf FLEX Quinshon Judkins FLEX Harold Fannin Jr. FLEX Pat Freiermuth FLEX Darnell Washington,,,
1194,5277579156,GMan2456,0,98.579994,CPT Quinshon Judkins FLEX Aaron Rodgers FLEX Jaylen Warren FLEX Deshaun Watson FLEX Harold Fannin Jr. FLEX Robert Tonyan,,,
1195,5276570625,viper6485,0,98.57,CPT Denzel Boston FLEX Jaylen Warren FLEX Deshaun Watson FLEX Quinshon Judkins FLEX Pat Freiermuth FLEX Roman Wilson,,,
1195,5276929868,CrypticalDevelopment,0,98.57,CPT DK Metcalf FLEX Jaylen Warren FLEX Deshaun Watson FLEX Harold Fannin Jr. FLEX Pat Freiermuth FLEX Roman Wilson,,,
1195,5277350972,black2one6,0,98.57,CPT Denzel Boston FLEX Jaylen Warren FLEX Deshaun Watson FLEX Quinshon Judkins FLEX Pat Freiermuth FLEX Roman Wilson,,,
1195,5277352796,richgee21,0,98.57,CPT DK Metcalf FLEX Jaylen Warren FLEX Deshaun Watson FLEX Harold Fannin Jr. FLEX Pat Freiermuth FLEX Roman Wilson,,,
1195,5277860704,blanco369,0,98.57,CPT DK Metcalf FLEX Jaylen Warren FLEX Deshaun Watson FLEX Harold Fannin Jr. FLEX Pat Freiermuth FLEX Roman Wilson,,,
1200,5277013759,mattnav8,0,98.56,CPT Quinshon Judkins FLEX Aaron Rodgers FLEX Jaylen Warren FLEX DK Metcalf FLEX Chris Boswell FLEX Germie Bernard,,,
1200,5277059700,diagrover,0,98.56,CPT Roman Wilson FLEX Aaron Rodgers FLEX Jaylen Warren FLEX Harold Fannin Jr. FLEX Pat Freiermuth FLEX Andre Szmyt,,,
1200,5277836160,fab50405,0,98.56,CPT Quinshon Judkins FLEX Aaron Rodgers FLEX Jaylen Warren FLEX Michael Pittman Jr. FLEX KC Concepcion Jr. FLEX Darnell Washington,,,
1203,5277232636,Cantgetright510,0,98.54,CPT Deshaun Watson FLEX Aaron Rodgers FLEX DK Metcalf FLEX Harold Fannin Jr. FLEX Browns  FLEX Andre Szmyt,,,
1203,5277871272,bigdogg809,0,98.54,CPT Aaron Rodgers FLEX DK Metcalf FLEX Steelers  FLEX Browns  FLEX Roman Wilson FLEX Darnell Washington,,,
1203,5275512570,cbrfan,0,98.53999,CPT Deshaun Watson FLEX Aaron Rodgers FLEX Jaylen Warren FLEX Denzel Boston FLEX Andre Szmyt FLEX Darnell Washington,,,
1203,5277093068,IxtlaniBall92,0,98.53999,CPT Aaron Rodgers FLEX Jaylen Warren FLEX Denzel Boston FLEX Harold Fannin Jr. FLEX Steelers  FLEX Roman Wilson,,,
1207,5277645692,tfrench12,0,98.520004,CPT KC Concepcion Jr. FLEX Jaylen Warren FLEX Deshaun Watson FLEX Quinshon Judkins FLEX Denzel Boston FLEX Roman Wilson,,,
1207,5275460743,joeydef,0,98.52,CPT Quinshon Judkins FLEX Deshaun Watson FLEX DK Metcalf FLEX Pat Freiermuth FLEX Browns  FLEX Andre Szmyt,,,
1209,5276107573,BaltimoreClay22,0,98.509995,CPT DK Metcalf FLEX Aaron Rodgers FLEX Jaylen Warren FLEX Harold Fannin Jr. FLEX Steelers  FLEX Andre Szmyt,,,
1209,5276392633,Swidb,0,98.509995,CPT DK Metcalf FLEX Aaron Rodgers FLEX Jaylen Warren FLEX Harold Fannin Jr. FLEX Steelers  FLEX Andre Szmyt,,,
1209,5276424174,dandy808,0,98.509995,CPT DK Metcalf FLEX Aaron Rodgers FLEX Jaylen Warren FLEX Harold Fannin Jr. FLEX Steelers  FLEX Andre Szmyt,,,
1209,5276651450,crjeap,0,98.509995,CPT DK Metcalf FLEX Aaron Rodgers FLEX Jaylen Warren FLEX Harold Fannin Jr. FLEX Steelers  FLEX Andre Szmyt,,,
1209,5276957285,tbjones2121,0,98.509995,CPT DK Metcalf FLEX Aaron Rodgers FLEX Jaylen Warren FLEX Harold Fannin Jr. FLEX Steelers  FLEX Andre Szmyt,,,
1209,5276995598,whycuz22,0,98.509995,CPT DK Metcalf FLEX Aaron Rodgers FLEX Jaylen Warren FLEX Harold Fannin Jr. FLEX Steelers  FLEX Andre Szmyt,,,
1209,5277086319,willhays10,0,98.509995,CPT DK Metcalf FLEX Aaron Rodgers FLEX Jaylen Warren FLEX Harold Fannin Jr. FLEX Steelers  FLEX Andre Szmyt,,,
1209,5277106178,bigdannyc1982,0,98.509995,CPT DK Metcalf FLEX Aaron Rodgers FLEX Jaylen Warren FLEX Harold Fannin Jr. FLEX Steelers  FLEX Andre Szmyt,,,
1209,5277379777,tigolebitties91,0,98.509995,CPT DK Metcalf FLEX Aaron Rodgers FLEX Jaylen Warren FLEX Harold Fannin Jr. FLEX Steelers  FLEX Andre Szmyt,,,
1209,5277389334,JayMan8955,0,98.509995,CPT DK Metcalf FLEX Aaron Rodgers FLEX Jaylen Warren FLEX Harold Fannin Jr. FLEX Steelers  FLEX Andre Szmyt,,,
1209,5277541307,rp21,0,98.509995,CPT DK Metcalf FLEX Aaron Rodgers FLEX Jaylen Warren FLEX Harold Fannin Jr. FLEX Steelers  FLEX Andre Szmyt,,,
1209,5277544481,whatitdoobz,0,98.509995,CPT DK Metcalf FLEX Aaron Rodgers FLEX Jaylen Warren FLEX Harold Fannin Jr. FLEX Steelers  FLEX Andre Szmyt,,,
1209,5277644898,kandah,0,98.509995,CPT DK Metcalf FLEX Aaron Rodgers FLEX Jaylen Warren FLEX Harold Fannin Jr. FLEX Steelers  FLEX Andre Szmyt,,,
1209,5277671690,johnswg1,0,98.509995,CPT DK Metcalf FLEX Aaron Rodgers FLEX Jaylen Warren FLEX Harold Fannin Jr. FLEX Steelers  FLEX Andre Szmyt,,,
1209,5277731800,tdiggity,0,98.509995,CPT DK Metcalf FLEX Aaron Rodgers FLEX Jaylen Warren FLEX Harold Fannin Jr. FLEX Steelers  FLEX Andre Szmyt,,,
1209,5277745415,spash9,0,98.509995,CPT DK Metcalf FLEX Aaron Rodgers FLEX Jaylen Warren FLEX Harold Fannin Jr. FLEX KC Concepcion Jr. FLEX Jerry Jeudy,,,
1209,5277753106,tigsfan,0,98.509995,CPT DK Metcalf FLEX Aaron Rodgers FLEX Jaylen Warren FLEX Harold Fannin Jr. FLEX Steelers  FLEX Andre Szmyt,,,
1209,5277793554,SoonerBred0713,0,98.509995,CPT DK Metcalf FLEX Aaron Rodgers FLEX Jaylen Warren FLEX Harold Fannin Jr. FLEX Steelers  FLEX Andre Szmyt,,,
1209,5277804588,shamdiggitydingdong,0,98.509995,CPT DK Metcalf FLEX Aaron Rodgers FLEX Jaylen Warren FLEX Harold Fannin Jr. FLEX Steelers  FLEX Andre Szmyt,,,
1209,5277815924,Saintsboys14,0,98.509995,CPT DK Metcalf FLEX Aaron Rodgers FLEX Jaylen Warren FLEX Harold Fannin Jr. FLEX KC Concepcion Jr. FLEX Jerry Jeudy,,,
1229,5275532784,ayt1688,0,98.479996,CPT Chris Boswell FLEX Aaron Rodgers FLEX Jaylen Warren FLEX Deshaun Watson FLEX Quinshon Judkins FLEX Roman Wilson,,,
1230,5277496977,eaglenation95,0,98.44,CPT Aaron Rodgers FLEX Jaylen Warren FLEX DK Metcalf FLEX Harold Fannin Jr. FLEX Chris Boswell FLEX Darnell Washington,,,
1231,5277657856,husseyr,0,98.42999,CPT Harold Fannin Jr. FLEX Aaron Rodgers FLEX Deshaun Watson FLEX Quinshon Judkins FLEX Chris Boswell FLEX Roman Wilson,,,
1232,5275567768,BigBlueMoose,0,98.42,CPT Quinshon Judkins FLEX Deshaun Watson FLEX DK Metcalf FLEX Harold Fannin Jr. FLEX Michael Pittman Jr. FLEX Roman Wilson,,,
1233,5276477926,nowhereman_TX,0,98.4,CPT Quinshon Judkins FLEX Jaylen Warren FLEX DK Metcalf FLEX Denzel Boston FLEX Steelers  FLEX Andre Szmyt,,,
1234,5275516133,Aleicia311,0,98.38,CPT Deshaun Watson FLEX Jaylen Warren FLEX Quinshon Judkins FLEX Harold Fannin Jr. FLEX Pat Freiermuth FLEX Roman Wilson,,,
1234,5275710938,rocksteady001,0,98.38,CPT Deshaun Watson FLEX Jaylen Warren FLEX Quinshon Judkins FLEX Harold Fannin Jr. FLEX Pat Freiermuth FLEX Roman Wilson,,,
1234,5275856198,Maxzclass,0,98.38,CPT Deshaun Watson FLEX Jaylen Warren FLEX Quinshon Judkins FLEX Harold Fannin Jr. FLEX Pat Freiermuth FLEX Roman Wilson,,,
1234,5276082692,rickpersic,0,98.38,CPT Deshaun Watson FLEX Jaylen Warren FLEX Quinshon Judkins FLEX Harold Fannin Jr. FLEX Pat Freiermuth FLEX Roman Wilson,,,
1234,5276691443,hopperwins,0,98.38,CPT Deshaun Watson FLEX Jaylen Warren FLEX Quinshon Judkins FLEX Harold Fannin Jr. FLEX Pat Freiermuth FLEX Roman Wilson,,,
1234,5276795770,Lefthandshake,0,98.38,CPT Deshaun Watson FLEX Jaylen Warren FLEX Quinshon Judkins FLEX Harold Fannin Jr. FLEX Pat Freiermuth FLEX Roman Wilson,,,
1234,5276900887,antant17,0,98.38,CPT Deshaun Watson FLEX Jaylen Warren FLEX Quinshon Judkins FLEX Harold Fannin Jr. FLEX Pat Freiermuth FLEX Roman Wilson,,,
1234,5277147620,Vanilla_Gorilla25,0,98.38,CPT Deshaun Watson FLEX Jaylen Warren FLEX Quinshon Judkins FLEX Harold Fannin Jr. FLEX Pat Freiermuth FLEX Roman Wilson,,,
1234,5277714349,Svqueen1221,0,98.38,CPT Deshaun Watson FLEX Jaylen Warren FLEX Quinshon Judkins FLEX Harold Fannin Jr. FLEX Pat Freiermuth FLEX Roman Wilson,,,
1234,5277797845,chiselclark,0,98.38,CPT Deshaun Watson FLEX Jaylen Warren FLEX Quinshon Judkins FLEX Harold Fannin Jr. FLEX Pat Freiermuth FLEX Roman Wilson,,,
1244,5276624411,Daphny15,0,98.34,CPT Aaron Rodgers FLEX Jaylen Warren FLEX DK Metcalf FLEX Harold Fannin Jr. FLEX Andre Szmyt FLEX Raheim Sanders,,,
1244,5277496300,Jeeves02,0,98.34,CPT Aaron Rodgers FLEX Jaylen Warren FLEX DK Metcalf FLEX Harold Fannin Jr. FLEX Andre Szmyt FLEX Raheim Sanders,,,
1246,5275432450,Jfed789,0,98.28,CPT Quinshon Judkins FLEX Aaron Rodgers FLEX Jaylen Warren FLEX Deshaun Watson FLEX KC Concepcion Jr. FLEX Blake Whiteheart,,,
1246,5276451198,MM0498,0,98.28,CPT Browns  FLEX Aaron Rodgers FLEX Deshaun Watson FLEX Quinshon Judkins FLEX Denzel Boston FLEX KC Concepcion Jr.,,,
1246,5277665557,houseofpayne5308,0,98.27999,CPT KC Concepcion Jr. FLEX Aaron Rodgers FLEX Deshaun Watson FLEX Quinshon Judkins FLEX Harold Fannin Jr. FLEX Browns ,,,
1249,5277019146,bigbadbigv,0,98.259995,CPT Aaron Rodgers FLEX Jaylen Warren FLEX Deshaun Watson FLEX KC Concepcion Jr. FLEX Chris Boswell FLEX Roman Wilson,,,
1249,5277036876,tbert204,0,98.259995,CPT Aaron Rodgers FLEX Jaylen Warren FLEX Deshaun Watson FLEX KC Concepcion Jr. FLEX Chris Boswell FLEX Roman Wilson,,,
1249,5277603528,LOCNOTM,0,98.259995,CPT Aaron Rodgers FLEX Jaylen Warren FLEX Deshaun Watson FLEX KC Concepcion Jr. FLEX Chris Boswell FLEX Roman Wilson,,,
1249,5277660899,wildporkchop,0,98.259995,CPT Steelers  FLEX Aaron Rodgers FLEX Jaylen Warren FLEX Quinshon Judkins FLEX Harold Fannin Jr. FLEX Roman Wilson,,,
1253,5275503497,GiftedMH,0,98.22,CPT Quinshon Judkins FLEX Jaylen Warren FLEX Deshaun Watson FLEX Denzel Boston FLEX Pat Freiermuth FLEX Darnell Washington,,,
1253,5277592628,Dollarsigns,0,98.22,CPT Quinshon Judkins FLEX Deshaun Watson FLEX DK Metcalf FLEX Harold Fannin Jr. FLEX Pat Freiermuth FLEX Browns ,,,
1255,5277039585,matavaja94,0,98.21,CPT DK Metcalf FLEX Aaron Rodgers FLEX Jaylen Warren FLEX KC Concepcion Jr. FLEX Steelers  FLEX Andre Szmyt,,,
1255,5277465231,chr8848,0,98.21,CPT DK Metcalf FLEX Aaron Rodgers FLEX Jaylen Warren FLEX KC Concepcion Jr. FLEX Steelers  FLEX Andre Szmyt,,,
1255,5277734423,Kevinstickel,0,98.21,CPT DK Metcalf FLEX Aaron Rodgers FLEX Jaylen Warren FLEX Harold Fannin Jr. FLEX Steelers  FLEX Darnell Washington,,,
1255,5275553296,moejiller99,0,98.20999,CPT Harold Fannin Jr. FLEX Aaron Rodgers FLEX Jaylen Warren FLEX DK Metcalf FLEX Quinshon Judkins FLEX Blake Whiteheart,,,
1255,5276285021,Sonhouse1,0,98.20999,CPT Harold Fannin Jr. FLEX Aaron Rodgers FLEX Jaylen Warren FLEX DK Metcalf FLEX Quinshon Judkins FLEX Blake Whiteheart,,,
1260,5275478268,hightopsfeet,0,98.17,CPT Harold Fannin Jr. FLEX Deshaun Watson FLEX DK Metcalf FLEX Quinshon Judkins FLEX Denzel Boston FLEX Darnell Washington,,,
1260,5277269572,JonMBrown,0,98.17,CPT Harold Fannin Jr. FLEX Deshaun Watson FLEX DK Metcalf FLEX Quinshon Judkins FLEX Denzel Boston FLEX Darnell Washington,,,
1260,5277831622,JQDuong21,0,98.17,CPT Harold Fannin Jr. FLEX Deshaun Watson FLEX DK Metcalf FLEX Quinshon Judkins FLEX Denzel Boston FLEX Darnell Washington,,,
1260,5277850859,pidinolo84,0,98.17,CPT Harold Fannin Jr. FLEX Deshaun Watson FLEX DK Metcalf FLEX Quinshon Judkins FLEX Denzel Boston FLEX Darnell Washington,,,
1264,5275501170,MrNorthCarolina,0,98.16,CPT Aaron Rodgers FLEX Deshaun Watson FLEX Denzel Boston FLEX Harold Fannin Jr. FLEX Pat Freiermuth FLEX Andre Szmyt,,,
1264,5275559730,leojohncpa,0,98.159996,CPT Quinshon Judkins FLEX Aaron Rodgers FLEX Jaylen Warren FLEX Michael Pittman Jr. FLEX Pat Freiermuth FLEX Andre Szmyt,,,
1264,5276039593,jmyers7221,0,98.159996,CPT Quinshon Judkins FLEX Aaron Rodgers FLEX Jaylen Warren FLEX Michael Pittman Jr. FLEX Pat Freiermuth FLEX Andre Szmyt,,,
1264,5277603739,Cobra98,0,98.159996,CPT Quinshon Judkins FLEX Aaron Rodgers FLEX Jaylen Warren FLEX Michael Pittman Jr. FLEX Pat Freiermuth FLEX Andre Szmyt,,,
1264,5277867191,nmitchell17,0,98.159996,CPT Quinshon Judkins FLEX Aaron Rodgers FLEX Jaylen Warren FLEX Michael Pittman Jr. FLEX Pat Freiermuth FLEX Andre Szmyt,,,
1269,5277807669,morewoodhead,0,98.13999,CPT Deshaun Watson FLEX Aaron Rodgers FLEX Quinshon Judkins FLEX Denzel Boston FLEX Pat Freiermuth FLEX Jerry Jeudy,,,
1270,5276723747,Fritz721,0,98.079994,CPT Andre Szmyt FLEX Aaron Rodgers FLEX Jaylen Warren FLEX Deshaun Watson FLEX Quinshon Judkins FLEX Chris Boswell,,,
1270,5277596040,manuelthinking,0,98.079994,CPT Deshaun Watson FLEX Jaylen Warren FLEX Quinshon Judkins FLEX KC Concepcion Jr. FLEX Pat Freiermuth FLEX Roman Wilson,,,
1270,5277865938,Mohawks12,0,98.079994,CPT Andre Szmyt FLEX Aaron Rodgers FLEX Jaylen Warren FLEX Deshaun Watson FLEX Quinshon Judkins FLEX Chris Boswell,,,
1273,5275947259,mpeerbo,0,98.060005,CPT Quinshon Judkins FLEX Aaron Rodgers FLEX Jaylen Warren FLEX KC Concepcion Jr. FLEX Pat Freiermuth FLEX Chris Boswell,,,
1273,5276909727,bromsaway1212,0,98.060005,CPT Quinshon Judkins FLEX Aaron Rodgers FLEX Jaylen Warren FLEX KC Concepcion Jr. FLEX Pat Freiermuth FLEX Chris Boswell,,,
1273,5277015680,cuzzell0721,0,98.06,CPT Jaylen Warren FLEX Aaron Rodgers FLEX Quinshon Judkins FLEX KC Concepcion Jr. FLEX Steelers  FLEX Darnell Washington,,,
1276,5276092355,RussR73,0,98.04,CPT Deshaun Watson FLEX Aaron Rodgers FLEX Denzel Boston FLEX Harold Fannin Jr. FLEX Pat Freiermuth FLEX Roman Wilson,,,
1276,5276571710,chrislach,0,98.04,CPT Deshaun Watson FLEX Aaron Rodgers FLEX Denzel Boston FLEX Harold Fannin Jr. FLEX Pat Freiermuth FLEX Roman Wilson,,,
1276,5276672091,dancolemaniii,0,98.04,CPT Deshaun Watson FLEX Aaron Rodgers FLEX Denzel Boston FLEX Harold Fannin Jr. FLEX Pat Freiermuth FLEX Roman Wilson,,,
1276,5276835713,jhammons89,0,98.04,CPT Deshaun Watson FLEX Aaron Rodgers FLEX Denzel Boston FLEX Harold Fannin Jr. FLEX Pat Freiermuth FLEX Roman Wilson,,,
1276,5277188700,sbutcher413,0,98.04,CPT Deshaun Watson FLEX Aaron Rodgers FLEX Denzel Boston FLEX Harold Fannin Jr. FLEX Pat Freiermuth FLEX Roman Wilson,,,
1276,5277499544,bjt2217,0,98.03999,CPT Deshaun Watson FLEX Aaron Rodgers FLEX DK Metcalf FLEX Quinshon Judkins FLEX Chris Boswell FLEX Jerry Jeudy,,,
1276,5277847408,HutOne_Hut2,0,98.03999,CPT Deshaun Watson FLEX Aaron Rodgers FLEX DK Metcalf FLEX Quinshon Judkins FLEX Chris Boswell FLEX Jerry Jeudy,,,
1283,5275478708,SliceB,0,97.98,CPT Quinshon Judkins FLEX Aaron Rodgers FLEX Deshaun Watson FLEX Harold Fannin Jr. FLEX Steelers  FLEX Browns ,,,
1283,5276624529,hondo777,0,97.98,CPT Quinshon Judkins FLEX Aaron Rodgers FLEX Deshaun Watson FLEX Harold Fannin Jr. FLEX Steelers  FLEX Browns ,,,
1283,5277760786,Unclesalty1958,0,97.98,CPT Quinshon Judkins FLEX Aaron Rodgers FLEX Deshaun Watson FLEX Pat Freiermuth FLEX Chris Boswell FLEX Andre Szmyt,,,
1283,5276485399,diksmcgee,0,97.979996,CPT Steelers  FLEX Aaron Rodgers FLEX Deshaun Watson FLEX DK Metcalf FLEX Quinshon Judkins FLEX Browns ,,,
1283,5277633321,CamHanson,0,97.979996,CPT Roman Wilson FLEX Aaron Rodgers FLEX Jaylen Warren FLEX Deshaun Watson FLEX Denzel Boston FLEX Steelers ,,,
1288,5276016571,ddelor,0,97.96,CPT Aaron Rodgers FLEX Jaylen Warren FLEX Deshaun Watson FLEX DK Metcalf FLEX Andre Szmyt FLEX Blake Whiteheart,,,
1288,5277847794,vintge,0,97.95999,CPT KC Concepcion Jr. FLEX Aaron Rodgers FLEX Jaylen Warren FLEX Quinshon Judkins FLEX Pat Freiermuth FLEX Browns ,,,
1290,5275532422,steelersfreak2222,0,97.939995,CPT Deshaun Watson FLEX Aaron Rodgers FLEX DK Metcalf FLEX Harold Fannin Jr. FLEX Chris Boswell FLEX Roman Wilson,,,
1291,5277289321,Ravas24,0,97.88,CPT Deshaun Watson FLEX DK Metcalf FLEX Quinshon Judkins FLEX Harold Fannin Jr. FLEX Pat Freiermuth FLEX Andre Szmyt,,,
1291,5277601793,rebroy,0,97.88,CPT Deshaun Watson FLEX Jaylen Warren FLEX Quinshon Judkins FLEX Denzel Boston FLEX Browns  FLEX Roman Wilson,,,
1293,5276488412,JacobBeyer24,0,97.86,CPT Aaron Rodgers FLEX Deshaun Watson FLEX Denzel Boston FLEX Harold Fannin Jr. FLEX Pat Freiermuth FLEX Darnell Washington,,,
1293,5277446294,acekay1,0,97.86,CPT Jaylen Warren FLEX Aaron Rodgers FLEX Quinshon Judkins FLEX Michael Pittman Jr. FLEX Browns  FLEX Roman Wilson,,,
1293,5277867999,LTCTOM,0,97.86,CPT Aaron Rodgers FLEX Jaylen Warren FLEX Deshaun Watson FLEX DK Metcalf FLEX Andre Szmyt FLEX Travis Homer,,,
1296,5277761169,4ecarpenter4,0,97.850006,CPT DK Metcalf FLEX Jaylen Warren FLEX Quinshon Judkins FLEX Harold Fannin Jr. FLEX Pat Freiermuth FLEX Browns ,,,
1297,5275495622,KBS117,0,97.83,CPT DK Metcalf FLEX Aaron Rodgers FLEX Deshaun Watson FLEX Harold Fannin Jr. FLEX Steelers  FLEX Andre Szmyt,,,
1298,5276836942,tammiejames1157,0,97.81,CPT DK Metcalf FLEX Aaron Rodgers FLEX Jaylen Warren FLEX Harold Fannin Jr. FLEX Pat Freiermuth FLEX Jerry Jeudy,,,
1298,5277723224,E992,0,97.81,CPT DK Metcalf FLEX Aaron Rodgers FLEX Jaylen Warren FLEX Harold Fannin Jr. FLEX Pat Freiermuth FLEX Jerry Jeudy,,,
1300,5277329594,texaspride73,0,97.8,CPT Jaylen Warren FLEX DK Metcalf FLEX Quinshon Judkins FLEX Denzel Boston FLEX Chris Boswell FLEX Roman Wilson,,,
1301,5275458819,SLBMLightshow,0,97.759995,CPT Aaron Rodgers FLEX Deshaun Watson FLEX DK Metcalf FLEX Harold Fannin Jr. FLEX Chris Boswell FLEX Darnell Washington,,,
1302,5275912094,Lard13,0,97.74,CPT Aaron Rodgers FLEX Jaylen Warren FLEX DK Metcalf FLEX Pat Freiermuth FLEX Chris Boswell FLEX Andre Szmyt,,,
1302,5276337808,Clydeahart,0,97.74,CPT Aaron Rodgers FLEX Jaylen Warren FLEX DK Metcalf FLEX Pat Freiermuth FLEX Chris Boswell FLEX Andre Szmyt,,,
1302,5276785743,chrisdoty65,0,97.74,CPT Aaron Rodgers FLEX Jaylen Warren FLEX DK Metcalf FLEX Pat Freiermuth FLEX Chris Boswell FLEX Andre Szmyt,,,
1302,5277027513,ChaCasJam61,0,97.74,CPT Deshaun Watson FLEX Aaron Rodgers FLEX Denzel Boston FLEX KC Concepcion Jr. FLEX Pat Freiermuth FLEX Roman Wilson,,,
1302,5277622575,ghostmonkey,0,97.74,CPT Aaron Rodgers FLEX Jaylen Warren FLEX DK Metcalf FLEX Pat Freiermuth FLEX Chris Boswell FLEX Andre Szmyt,,,
1302,5277782816,pioterek_22,0,97.74,CPT Aaron Rodgers FLEX DK Metcalf FLEX Quinshon Judkins FLEX Pat Freiermuth FLEX Chris Boswell FLEX Steelers ,,,
1308,5276761439,husselll,0,97.729996,CPT Denzel Boston FLEX Aaron Rodgers FLEX Deshaun Watson FLEX KC Concepcion Jr. FLEX Roman Wilson FLEX Darnell Washington,,,
1308,5277484215,joejitsu34,0,97.729996,CPT Harold Fannin Jr. FLEX Aaron Rodgers FLEX Deshaun Watson FLEX Quinshon Judkins FLEX Pat Freiermuth FLEX Browns ,,,
1310,5277399331,zonaque,0,97.72,CPT Quinshon Judkins FLEX Jaylen Warren FLEX Deshaun Watson FLEX Harold Fannin Jr. FLEX KC Concepcion Jr. FLEX Darnell Washington,,,
1310,5277775722,dluca,0,97.72,CPT Quinshon Judkins FLEX Jaylen Warren FLEX Deshaun Watson FLEX Harold Fannin Jr. FLEX KC Concepcion Jr. FLEX Darnell Washington,,,
1310,5277834642,gastron,0,97.72,CPT Quinshon Judkins FLEX Jaylen Warren FLEX Deshaun Watson FLEX Harold Fannin Jr. FLEX KC Concepcion Jr. FLEX Darnell Washington,,,
1313,5277677201,Methot,0,97.71,CPT DK Metcalf FLEX Aaron Rodgers FLEX Denzel Boston FLEX Harold Fannin Jr. FLEX Michael Pittman Jr. FLEX Roman Wilson,,,
1314,5276957073,Airliner34,0,97.68,CPT Jaylen Warren FLEX Aaron Rodgers FLEX Deshaun Watson FLEX Harold Fannin Jr. FLEX Andre Szmyt FLEX Darnell Washington,,,
1314,5277134125,KevSooner405,0,97.68,CPT Jaylen Warren FLEX Aaron Rodgers FLEX Deshaun Watson FLEX Harold Fannin Jr. FLEX Andre Szmyt FLEX Darnell Washington,,,
1314,5277381130,svoicik,0,97.68,CPT Jaylen Warren FLEX Aaron Rodgers FLEX Deshaun Watson FLEX Harold Fannin Jr. FLEX Andre Szmyt FLEX Darnell Washington,,,
1317,5275832037,Chad88,0,97.66,CPT Quinshon Judkins FLEX Aaron Rodgers FLEX DK Metcalf FLEX Harold Fannin Jr. FLEX Michael Pittman Jr. FLEX Jerry Jeudy,,,
1317,5275473713,Terry301,0,97.659996,CPT Quinshon Judkins FLEX Aaron Rodgers FLEX Jaylen Warren FLEX Pat Freiermuth FLEX Steelers  FLEX Browns ,,,
1319,5277287041,detlions43545,0,97.649994,CPT Harold Fannin Jr. FLEX Jaylen Warren FLEX DK Metcalf FLEX Quinshon Judkins FLEX KC Concepcion Jr. FLEX Andre Szmyt,,,
1320,5277733822,blaqprince,0,97.619995,CPT Browns  FLEX Deshaun Watson FLEX DK Metcalf FLEX Quinshon Judkins FLEX Harold Fannin Jr. FLEX Roman Wilson,,,
1321,5276215758,dangermice68,0,97.61,CPT Harold Fannin Jr. FLEX Aaron Rodgers FLEX DK Metcalf FLEX Quinshon Judkins FLEX Steelers  FLEX Browns ,,,
1322,5277712771,beesldk,0,97.579994,CPT Quinshon Judkins FLEX Aaron Rodgers FLEX Jaylen Warren FLEX Deshaun Watson FLEX Pat Freiermuth FLEX Blake Whiteheart,,,
1323,5277288157,Myrik,0,97.56,CPT Jaylen Warren FLEX Aaron Rodgers FLEX Quinshon Judkins FLEX Denzel Boston FLEX Chris Boswell FLEX Darnell Washington,,,
1323,5277606162,dpettey,0,97.56,CPT Aaron Rodgers FLEX Deshaun Watson FLEX Denzel Boston FLEX KC Concepcion Jr. FLEX Pat Freiermuth FLEX Darnell Washington,,,
1323,5277740757,RicketyWrecked2019,0,97.56,CPT Jaylen Warren FLEX Aaron Rodgers FLEX DK Metcalf FLEX Pat Freiermuth FLEX Raheim Sanders FLEX Roman Wilson,,,
1326,5275469284,scottiedawinner,0,97.52999,CPT Denzel Boston FLEX Aaron Rodgers FLEX Jaylen Warren FLEX Deshaun Watson FLEX Andre Szmyt FLEX Darnell Washington,,,
1327,5277079667,az350z,0,97.48,CPT Quinshon Judkins FLEX Aaron Rodgers FLEX Deshaun Watson FLEX Michael Pittman Jr. FLEX Pat Freiermuth FLEX Andre Szmyt,,,
1328,5275669968,TringoGrande,0,97.47,CPT Harold Fannin Jr. FLEX Jaylen Warren FLEX Deshaun Watson FLEX Quinshon Judkins FLEX KC Concepcion Jr. FLEX Roman Wilson,,,
1328,5276073969,glubjub,0,97.47,CPT Harold Fannin Jr. FLEX Jaylen Warren FLEX Deshaun Watson FLEX Quinshon Judkins FLEX KC Concepcion Jr. FLEX Roman Wilson,,,
1328,5276276747,LaxBucks,0,97.47,CPT Harold Fannin Jr. FLEX Jaylen Warren FLEX Deshaun Watson FLEX Quinshon Judkins FLEX KC Concepcion Jr. FLEX Roman Wilson,,,
1328,5276293729,RDuncan,0,97.47,CPT Harold Fannin Jr. FLEX Jaylen Warren FLEX Deshaun Watson FLEX Quinshon Judkins FLEX KC Concepcion Jr. FLEX Roman Wilson,,,
1328,5276847334,ItsPeteSkeetSkeet16,0,97.47,CPT Harold Fannin Jr. FLEX Jaylen Warren FLEX Deshaun Watson FLEX Quinshon Judkins FLEX KC Concepcion Jr. FLEX Roman Wilson,,,
1328,5276902635,joepromo,0,97.47,CPT Harold Fannin Jr. FLEX Jaylen Warren FLEX Deshaun Watson FLEX Quinshon Judkins FLEX KC Concepcion Jr. FLEX Roman Wilson,,,
1328,5277753328,teekay1984,0,97.47,CPT Harold Fannin Jr. FLEX Jaylen Warren FLEX Deshaun Watson FLEX Quinshon Judkins FLEX KC Concepcion Jr. FLEX Roman Wilson,,,
1328,5277822449,Tainke,0,97.47,CPT Harold Fannin Jr. FLEX Jaylen Warren FLEX Deshaun Watson FLEX Quinshon Judkins FLEX KC Concepcion Jr. FLEX Roman Wilson,,,
1328,5277868607,Dakiiine,0,97.47,CPT Harold Fannin Jr. FLEX Jaylen Warren FLEX Deshaun Watson FLEX Quinshon Judkins FLEX KC Concepcion Jr. FLEX Roman Wilson,,,
1337,5276760021,frankie8282,0,97.46,CPT Jaylen Warren FLEX Aaron Rodgers FLEX DK Metcalf FLEX Denzel Boston FLEX Steelers  FLEX Darnell Washington,,,
1337,5276858396,BuschLight78,0,97.46,CPT Jaylen Warren FLEX Aaron Rodgers FLEX DK Metcalf FLEX Denzel Boston FLEX Steelers  FLEX Darnell Washington,,,
1337,5277212087,dantinkey,0,97.46,CPT Jaylen Warren FLEX Aaron Rodgers FLEX DK Metcalf FLEX Denzel Boston FLEX Steelers  FLEX Darnell Washington,,,
1337,5277425254,PidgeM10,0,97.46,CPT Jaylen Warren FLEX Aaron Rodgers FLEX DK Metcalf FLEX Denzel Boston FLEX Steelers  FLEX Darnell Washington,,,
1337,5277529098,bwiegs,0,97.46,CPT Jaylen Warren FLEX Aaron Rodgers FLEX DK Metcalf FLEX Denzel Boston FLEX Steelers  FLEX Darnell Washington,,,
1337,5277779407,danielmcmillen,0,97.46,CPT Jaylen Warren FLEX Aaron Rodgers FLEX DK Metcalf FLEX Denzel Boston FLEX Steelers  FLEX Darnell Washington,,,
1343,5277137316,mizabt,0,97.42999,CPT Harold Fannin Jr. FLEX Aaron Rodgers FLEX Jaylen Warren FLEX Deshaun Watson FLEX Browns  FLEX Roman Wilson,,,
1343,5277394583,144ELTIGRE77,0,97.42999,CPT Harold Fannin Jr. FLEX Aaron Rodgers FLEX Deshaun Watson FLEX Denzel Boston FLEX Roman Wilson FLEX Darnell Washington,,,
1343,5277410774,RonnDiggitty,0,97.42999,CPT Harold Fannin Jr. FLEX Aaron Rodgers FLEX Jaylen Warren FLEX Deshaun Watson FLEX Browns  FLEX Roman Wilson,,,
1346,5277505030,cjplus623,0,97.420006,CPT Roman Wilson FLEX Jaylen Warren FLEX Deshaun Watson FLEX Quinshon Judkins FLEX Harold Fannin Jr. FLEX Browns ,,,
1347,5276514507,TheBigTamale,0,97.409996,CPT DK Metcalf FLEX Aaron Rodgers FLEX Jaylen Warren FLEX Denzel Boston FLEX Chris Boswell FLEX Darnell Washington,,,
1347,5277657842,ram0naso,0,97.409996,CPT DK Metcalf FLEX Aaron Rodgers FLEX Jaylen Warren FLEX Denzel Boston FLEX Chris Boswell FLEX Darnell Washington,,,
1347,5277786463,backspin76,0,97.409996,CPT DK Metcalf FLEX Aaron Rodgers FLEX Jaylen Warren FLEX Denzel Boston FLEX Chris Boswell FLEX Darnell Washington,,,
1350,5276741274,zmaas12,0,97.38,CPT Deshaun Watson FLEX DK Metcalf FLEX Quinshon Judkins FLEX Denzel Boston FLEX Browns  FLEX Andre Szmyt,,,
1351,5275762920,jimpettit,0,97.36,CPT Aaron Rodgers FLEX Jaylen Warren FLEX Deshaun Watson FLEX DK Metcalf FLEX KC Concepcion Jr. FLEX Robert Tonyan,,,
1351,5277373333,jbags25,0,97.36,CPT Steelers  FLEX Aaron Rodgers FLEX Jaylen Warren FLEX DK Metcalf FLEX Denzel Boston FLEX Roman Wilson,,,
1351,5277711946,crackerjack03,0,97.36,CPT Jaylen Warren FLEX Aaron Rodgers FLEX Quinshon Judkins FLEX Pat Freiermuth FLEX Steelers  FLEX Darnell Washington,,,
1351,5277870219,5Dolans2020,0,97.36,CPT Steelers  FLEX Aaron Rodgers FLEX Jaylen Warren FLEX DK Metcalf FLEX Denzel Boston FLEX Roman Wilson,,,
1355,5276857354,ClubsRgreen,0,97.32,CPT Quinshon Judkins FLEX Jaylen Warren FLEX Deshaun Watson FLEX Harold Fannin Jr. FLEX Pat Freiermuth FLEX Andre Szmyt,,,
1355,5277210819,joeychrysler,0,97.32,CPT Quinshon Judkins FLEX Jaylen Warren FLEX Deshaun Watson FLEX Harold Fannin Jr. FLEX Pat Freiermuth FLEX Andre Szmyt,,,
1355,5277399472,bpbrichetto,0,97.32,CPT Quinshon Judkins FLEX Jaylen Warren FLEX Deshaun Watson FLEX Harold Fannin Jr. FLEX Pat Freiermuth FLEX Andre Szmyt,,,
1355,5277470544,squeakybaby716,0,97.32,CPT KC Concepcion Jr. FLEX Jaylen Warren FLEX Deshaun Watson FLEX Quinshon Judkins FLEX Harold Fannin Jr. FLEX Roman Wilson,,,
1355,5277770590,yaopete,0,97.32,CPT Quinshon Judkins FLEX Jaylen Warren FLEX Deshaun Watson FLEX Harold Fannin Jr. FLEX Pat Freiermuth FLEX Andre Szmyt,,,
1360,5276460281,madskillz14,0,97.31,CPT Harold Fannin Jr. FLEX Aaron Rodgers FLEX DK Metcalf FLEX Quinshon Judkins FLEX Pat Freiermuth FLEX Chris Boswell,,,
1360,5277629483,Squirrel_Girl,0,97.31,CPT DK Metcalf FLEX Aaron Rodgers FLEX Jaylen Warren FLEX Denzel Boston FLEX Andre Szmyt FLEX Raheim Sanders,,,
1362,5277819431,pssub99,0,97.28,CPT Quinshon Judkins FLEX Aaron Rodgers FLEX Deshaun Watson FLEX Harold Fannin Jr. FLEX Pat Freiermuth FLEX Raheim Sanders,,,
1363,5276643119,pokerfiend,0,97.130005,CPT Harold Fannin Jr. FLEX Aaron Rodgers FLEX Deshaun Watson FLEX Denzel Boston FLEX KC Concepcion Jr. FLEX Roman Wilson,,,
1363,5277364006,bricker54,0,97.13,CPT DK Metcalf FLEX Aaron Rodgers FLEX Deshaun Watson FLEX Harold Fannin Jr. FLEX Pat Freiermuth FLEX Jerry Jeudy,,,
1363,5277502925,Djwakeup11,0,97.13,CPT DK Metcalf FLEX Aaron Rodgers FLEX Deshaun Watson FLEX Harold Fannin Jr. FLEX Pat Freiermuth FLEX Jerry Jeudy,,,
1363,5276800740,Keauxbe824,0,97.12999,CPT Darnell Washington FLEX Aaron Rodgers FLEX Jaylen Warren FLEX Deshaun Watson FLEX Quinshon Judkins FLEX Michael Pittman Jr.,,,
1363,5277524481,NateCR7,0,97.12999,CPT Darnell Washington FLEX Aaron Rodgers FLEX Jaylen Warren FLEX Deshaun Watson FLEX Quinshon Judkins FLEX Michael Pittman Jr.,,,
1363,5277578676,CMONKS,0,97.12999,CPT Darnell Washington FLEX Aaron Rodgers FLEX Jaylen Warren FLEX Deshaun Watson FLEX Quinshon Judkins FLEX Michael Pittman Jr.,,,
1369,5275984257,AirforceBill,0,97.11,CPT Pat Freiermuth FLEX Aaron Rodgers FLEX Jaylen Warren FLEX Quinshon Judkins FLEX Michael Pittman Jr. FLEX Roman Wilson,,,
1369,5277154562,Littlebilly65,0,97.11,CPT Harold Fannin Jr. FLEX Aaron Rodgers FLEX Jaylen Warren FLEX Denzel Boston FLEX Pat Freiermuth FLEX Roman Wilson,,,
1371,5277827818,X.oShotta97,0,97.1,CPT Roman Wilson FLEX Jaylen Warren FLEX Quinshon Judkins FLEX Denzel Boston FLEX Harold Fannin Jr. FLEX Pat Freiermuth,,,
1372,5277721988,steelpsychoward,0,97.079994,CPT Steelers  FLEX Aaron Rodgers FLEX Jaylen Warren FLEX Deshaun Watson FLEX Quinshon Judkins FLEX Andre Szmyt,,,
1373,5277397418,SJT83,0,97.07,CPT DK Metcalf FLEX Deshaun Watson FLEX Quinshon Judkins FLEX Michael Pittman Jr. FLEX KC Concepcion Jr. FLEX Roman Wilson,,,
1374,5276179546,Gr8fullone,0,97.06,CPT Jaylen Warren FLEX Aaron Rodgers FLEX Quinshon Judkins FLEX KC Concepcion Jr. FLEX Pat Freiermuth FLEX Steelers ,,,
1374,5276293322,SxZ19,0,97.06,CPT Jaylen Warren FLEX Aaron Rodgers FLEX Quinshon Judkins FLEX KC Concepcion Jr. FLEX Pat Freiermuth FLEX Steelers ,,,
1374,5276666234,kmac762000,0,97.06,CPT Jaylen Warren FLEX Aaron Rodgers FLEX Quinshon Judkins FLEX KC Concepcion Jr. FLEX Pat Freiermuth FLEX Steelers ,,,
1374,5276680462,polskidoski,0,97.06,CPT Aaron Rodgers FLEX Deshaun Watson FLEX DK Metcalf FLEX Denzel Boston FLEX Pat Freiermuth FLEX Germie Bernard,,,
1374,5276697310,LebronHam24,0,97.06,CPT Jaylen Warren FLEX Aaron Rodgers FLEX DK Metcalf FLEX Denzel Boston FLEX Pat Freiermuth FLEX Jerry Jeudy,,,
1374,5277493914,TIMBO1680,0,97.06,CPT Jaylen Warren FLEX Aaron Rodgers FLEX Quinshon Judkins FLEX KC Concepcion Jr. FLEX Pat Freiermuth FLEX Steelers ,,,
1374,5277504099,Tebow904,0,97.06,CPT Jaylen Warren FLEX Aaron Rodgers FLEX Quinshon Judkins FLEX KC Concepcion Jr. FLEX Pat Freiermuth FLEX Steelers ,,,
1374,5277818435,ethaneppink,0,97.06,CPT Jaylen Warren FLEX Aaron Rodgers FLEX Quinshon Judkins FLEX KC Concepcion Jr. FLEX Pat Freiermuth FLEX Steelers ,,,
1374,5277828216,bdunc06,0,97.06,CPT Jaylen Warren FLEX Aaron Rodgers FLEX Quinshon Judkins FLEX KC Concepcion Jr. FLEX Pat Freiermuth FLEX Steelers ,,,
1383,5276579255,madgreek12,0,97.03999,CPT Aaron Rodgers FLEX Jaylen Warren FLEX Quinshon Judkins FLEX Michael Pittman Jr. FLEX Chris Boswell FLEX Roman Wilson,,,
1383,5277424926,Hitstyx9,0,97.03999,CPT Aaron Rodgers FLEX Jaylen Warren FLEX Harold Fannin Jr. FLEX KC Concepcion Jr. FLEX Pat Freiermuth FLEX Darnell Washington,,,
1385,5277500644,Bubba2057,0,97.02,CPT Quinshon Judkins FLEX Jaylen Warren FLEX Deshaun Watson FLEX KC Concepcion Jr. FLEX Pat Freiermuth FLEX Andre Szmyt,,,
1386,5277144109,Rustah,0,97.009995,CPT Harold Fannin Jr. FLEX Aaron Rodgers FLEX Jaylen Warren FLEX DK Metcalf FLEX Chris Boswell FLEX Roman Wilson,,,
1387,5277606454,Packerguy10,0,96.99999,CPT Roman Wilson FLEX Jaylen Warren FLEX DK Metcalf FLEX Quinshon Judkins FLEX Harold Fannin Jr. FLEX Chris Boswell,,,
1388,5276080461,Lancey.Pants,0,96.979996,CPT Jaylen Warren FLEX Aaron Rodgers FLEX Deshaun Watson FLEX Harold Fannin Jr. FLEX Roman Wilson FLEX Jerry Jeudy,,,
1388,5276929995,13PHINFAN13,0,96.979996,CPT Jaylen Warren FLEX Aaron Rodgers FLEX Deshaun Watson FLEX Harold Fannin Jr. FLEX Roman Wilson FLEX Jerry Jeudy,,,
1388,5277095263,PresidentLeach,0,96.979996,CPT Jaylen Warren FLEX Aaron Rodgers FLEX Deshaun Watson FLEX Harold Fannin Jr. FLEX Roman Wilson FLEX Jerry Jeudy,,,
1388,5277192447,cysco43,0,96.979996,CPT Jaylen Warren FLEX Aaron Rodgers FLEX Deshaun Watson FLEX Quinshon Judkins FLEX KC Concepcion Jr. FLEX Ben Skowronek,,,
1392,5275588886,gheineman,0,96.91,CPT DK Metcalf FLEX Aaron Rodgers FLEX Jaylen Warren FLEX KC Concepcion Jr. FLEX Pat Freiermuth FLEX Steelers ,,,
1392,5276979468,ChokeHoldem1,0,96.91,CPT DK Metcalf FLEX Aaron Rodgers FLEX Jaylen Warren FLEX KC Concepcion Jr. FLEX Pat Freiermuth FLEX Steelers ,,,
1392,5277019714,Paulo21613,0,96.91,CPT DK Metcalf FLEX Aaron Rodgers FLEX Jaylen Warren FLEX KC Concepcion Jr. FLEX Pat Freiermuth FLEX Steelers ,,,
1392,5277315525,kapitaaal,0,96.91,CPT DK Metcalf FLEX Aaron Rodgers FLEX Jaylen Warren FLEX KC Concepcion Jr. FLEX Pat Freiermuth FLEX Steelers ,,,
1392,5277328127,Tar22,0,96.91,CPT DK Metcalf FLEX Aaron Rodgers FLEX Jaylen Warren FLEX KC Concepcion Jr. FLEX Pat Freiermuth FLEX Steelers ,,,
1392,5277365264,xxSPURS21xx,0,96.91,CPT DK Metcalf FLEX Aaron Rodgers FLEX Jaylen Warren FLEX KC Concepcion Jr. FLEX Pat Freiermuth FLEX Steelers ,,,
1392,5277470829,Stangs13,0,96.91,CPT DK Metcalf FLEX Aaron Rodgers FLEX Jaylen Warren FLEX KC Concepcion Jr. FLEX Pat Freiermuth FLEX Steelers ,,,
1392,5277529362,Sashka25,0,96.91,CPT DK Metcalf FLEX Aaron Rodgers FLEX Jaylen Warren FLEX KC Concepcion Jr. FLEX Pat Freiermuth FLEX Steelers ,,,
1392,5277536111,ddrocks23,0,96.91,CPT DK Metcalf FLEX Aaron Rodgers FLEX Jaylen Warren FLEX KC Concepcion Jr. FLEX Pat Freiermuth FLEX Steelers ,,,
1392,5277676354,Eddie844,0,96.91,CPT DK Metcalf FLEX Aaron Rodgers FLEX Jaylen Warren FLEX KC Concepcion Jr. FLEX Pat Freiermuth FLEX Steelers ,,,
1402,5276825256,KThurman101,0,96.87,CPT Denzel Boston FLEX Jaylen Warren FLEX Deshaun Watson FLEX Quinshon Judkins FLEX Browns  FLEX Roman Wilson,,,
1403,5276960123,Nagob123,0,96.84,CPT Aaron Rodgers FLEX Quinshon Judkins FLEX Denzel Boston FLEX Harold Fannin Jr. FLEX Pat Freiermuth FLEX Chris Boswell,,,
1404,5276469428,stefze65,0,96.829994,CPT DK Metcalf FLEX Aaron Rodgers FLEX Jaylen Warren FLEX Deshaun Watson FLEX KC Concepcion Jr. FLEX Ben Skowronek,,,
1404,5277506092,cjaeger,0,96.829994,CPT DK Metcalf FLEX Aaron Rodgers FLEX Jaylen Warren FLEX Deshaun Watson FLEX KC Concepcion Jr. FLEX Ben Skowronek,,,
1406,5277047912,RpBoston,0,96.82,CPT Quinshon Judkins FLEX Jaylen Warren FLEX Deshaun Watson FLEX Denzel Boston FLEX Browns  FLEX Andre Szmyt,,,
1406,5277121304,jrock21275,0,96.82,CPT Quinshon Judkins FLEX Jaylen Warren FLEX Deshaun Watson FLEX Denzel Boston FLEX Browns  FLEX Andre Szmyt,,,
1406,5277225715,Steven_1974,0,96.82,CPT Quinshon Judkins FLEX Jaylen Warren FLEX Deshaun Watson FLEX Denzel Boston FLEX Browns  FLEX Andre Szmyt,,,
1406,5277615457,tommytpot,0,96.81999,CPT KC Concepcion Jr. FLEX Deshaun Watson FLEX DK Metcalf FLEX Quinshon Judkins FLEX Harold Fannin Jr. FLEX Andre Szmyt,,,
1410,5276964661,jkrchris,0,96.81,CPT DK Metcalf FLEX Aaron Rodgers FLEX Harold Fannin Jr. FLEX Michael Pittman Jr. FLEX Andre Szmyt FLEX Roman Wilson,,,
1410,5277652806,philjeff0354,0,96.81,CPT DK Metcalf FLEX Aaron Rodgers FLEX Jaylen Warren FLEX Denzel Boston FLEX Andre Szmyt FLEX Germie Bernard,,,
1412,5277573015,Robsox44,0,96.77999,CPT Steelers  FLEX Aaron Rodgers FLEX Jaylen Warren FLEX Deshaun Watson FLEX Quinshon Judkins FLEX Darnell Washington,,,
1413,5276883465,stenzy0314,0,96.770004,CPT Harold Fannin Jr. FLEX Jaylen Warren FLEX Deshaun Watson FLEX Quinshon Judkins FLEX Pat Freiermuth FLEX Roman Wilson,,,
1413,5277760268,VokNoSleep,0,96.770004,CPT Harold Fannin Jr. FLEX Jaylen Warren FLEX Deshaun Watson FLEX Quinshon Judkins FLEX Pat Freiermuth FLEX Roman Wilson,,,
1415,5275661219,Choiclan,0,96.740005,CPT Aaron Rodgers FLEX DK Metcalf FLEX Denzel Boston FLEX Harold Fannin Jr. FLEX Pat Freiermuth FLEX Steelers ,,,
1415,5277813779,nastygeorge,0,96.740005,CPT Aaron Rodgers FLEX DK Metcalf FLEX Denzel Boston FLEX Harold Fannin Jr. FLEX Pat Freiermuth FLEX Steelers ,,,
1415,5277825147,joeypizza,0,96.74,CPT Aaron Rodgers FLEX Jaylen Warren FLEX DK Metcalf FLEX KC Concepcion Jr. FLEX Pat Freiermuth FLEX Raheim Sanders,,,
1418,5276867894,gittoj,0,96.729996,CPT DK Metcalf FLEX Aaron Rodgers FLEX Deshaun Watson FLEX Denzel Boston FLEX Chris Boswell FLEX Darnell Washington,,,
1419,5277814836,Crazyskull,0,96.70999,CPT Harold Fannin Jr. FLEX Aaron Rodgers FLEX Jaylen Warren FLEX Quinshon Judkins FLEX Steelers  FLEX Andre Szmyt,,,
1420,5277126749,sunburygary,0,96.700005,CPT Jaylen Warren FLEX Quinshon Judkins FLEX Denzel Boston FLEX Harold Fannin Jr. FLEX Pat Freiermuth FLEX Roman Wilson,,,
1420,5277275869,OpeeLips,0,96.700005,CPT Jaylen Warren FLEX Quinshon Judkins FLEX Denzel Boston FLEX Harold Fannin Jr. FLEX Pat Freiermuth FLEX Roman Wilson,,,
1420,5277392231,AACCEE14,0,96.700005,CPT Jaylen Warren FLEX Quinshon Judkins FLEX Denzel Boston FLEX Harold Fannin Jr. FLEX Pat Freiermuth FLEX Roman Wilson,,,
1420,5277405097,SeanBlue,0,96.700005,CPT Jaylen Warren FLEX Quinshon Judkins FLEX Denzel Boston FLEX Harold Fannin Jr. FLEX Pat Freiermuth FLEX Roman Wilson,,,
1420,5277765559,francis296,0,96.700005,CPT Jaylen Warren FLEX Quinshon Judkins FLEX Denzel Boston FLEX Harold Fannin Jr. FLEX Pat Freiermuth FLEX Roman Wilson,,,
1425,5276279190,spongeb,0,96.68,CPT Deshaun Watson FLEX Jaylen Warren FLEX Quinshon Judkins FLEX Harold Fannin Jr. FLEX Browns  FLEX Roman Wilson,,,
1425,5277464468,Roberth,0,96.68,CPT Deshaun Watson FLEX Jaylen Warren FLEX Quinshon Judkins FLEX Harold Fannin Jr. FLEX Browns  FLEX Roman Wilson,,,
1427,5275968714,QOATinthegame999,0,96.66,CPT Aaron Rodgers FLEX Deshaun Watson FLEX DK Metcalf FLEX Denzel Boston FLEX Harold Fannin Jr. FLEX Ben Skowronek,,,
1427,5276081474,bigbadbrooke,0,96.66,CPT Aaron Rodgers FLEX Deshaun Watson FLEX DK Metcalf FLEX Denzel Boston FLEX Harold Fannin Jr. FLEX Ben Skowronek,,,
1427,5276367737,Leroy7997,0,96.66,CPT Aaron Rodgers FLEX Jaylen Warren FLEX Deshaun Watson FLEX DK Metcalf FLEX Pat Freiermuth FLEX Blake Whiteheart,,,
1427,5276963281,skinnydoogan,0,96.659996,CPT Quinshon Judkins FLEX Aaron Rodgers FLEX Jaylen Warren FLEX Harold Fannin Jr. FLEX Chris Boswell FLEX Browns ,,,
1427,5277478972,Grahamer01,0,96.659996,CPT Quinshon Judkins FLEX Aaron Rodgers FLEX Jaylen Warren FLEX Harold Fannin Jr. FLEX Chris Boswell FLEX Browns ,,,
1427,5277601756,gourdthumper,0,96.659996,CPT Quinshon Judkins FLEX Aaron Rodgers FLEX Jaylen Warren FLEX Harold Fannin Jr. FLEX Chris Boswell FLEX Browns ,,,
1427,5277616763,bentpawn,0,96.659996,CPT Quinshon Judkins FLEX Aaron Rodgers FLEX Jaylen Warren FLEX Harold Fannin Jr. FLEX Chris Boswell FLEX Browns ,,,
1427,5277706010,Lance25929,0,96.659996,CPT Quinshon Judkins FLEX Aaron Rodgers FLEX Jaylen Warren FLEX Harold Fannin Jr. FLEX Chris Boswell FLEX Browns ,,,
1435,5277380288,downhomedogg,0,96.649994,CPT Harold Fannin Jr. FLEX Jaylen Warren FLEX DK Metcalf FLEX Quinshon Judkins FLEX Pat Freiermuth FLEX Darnell Washington,,,
1436,5277702526,Fcubankev316,0,96.63999,CPT Deshaun Watson FLEX Aaron Rodgers FLEX Jaylen Warren FLEX Quinshon Judkins FLEX KC Concepcion Jr. FLEX Ben Skowronek,,,
1436,5277719521,j_rich5363,0,96.63999,CPT Deshaun Watson FLEX Aaron Rodgers FLEX Jaylen Warren FLEX Quinshon Judkins FLEX KC Concepcion Jr. FLEX Ben Skowronek,,,
1438,5277093317,statnerds,0,96.63,CPT DK Metcalf FLEX Aaron Rodgers FLEX Deshaun Watson FLEX Denzel Boston FLEX Andre Szmyt FLEX Raheim Sanders,,,
1438,5275666916,ojoecinco,0,96.62999,CPT Pat Freiermuth FLEX Aaron Rodgers FLEX Jaylen Warren FLEX Deshaun Watson FLEX DK Metcalf FLEX Jerry Jeudy,,,
1438,5276572913,kowhitin,0,96.62999,CPT Darnell Washington FLEX Aaron Rodgers FLEX Jaylen Warren FLEX Deshaun Watson FLEX Denzel Boston FLEX Harold Fannin Jr.,,,
1438,5276672921,M3anD3an,0,96.62999,CPT Darnell Washington FLEX Aaron Rodgers FLEX Jaylen Warren FLEX Deshaun Watson FLEX Denzel Boston FLEX Harold Fannin Jr.,,,
1438,5276892629,RocketGnat1,0,96.62999,CPT Darnell Washington FLEX Aaron Rodgers FLEX Jaylen Warren FLEX Deshaun Watson FLEX Denzel Boston FLEX Harold Fannin Jr.,,,
1438,5276922595,jarradkern,0,96.62999,CPT Darnell Washington FLEX Aaron Rodgers FLEX Jaylen Warren FLEX Deshaun Watson FLEX Denzel Boston FLEX Harold Fannin Jr.,,,
1438,5276943306,hokiejane,0,96.62999,CPT Darnell Washington FLEX Aaron Rodgers FLEX Jaylen Warren FLEX Deshaun Watson FLEX Denzel Boston FLEX Harold Fannin Jr.,,,
1438,5277095294,BobGaine,0,96.62999,CPT Darnell Washington FLEX Aaron Rodgers FLEX Jaylen Warren FLEX Deshaun Watson FLEX Denzel Boston FLEX Harold Fannin Jr.,,,
1438,5277115852,foreverbliss81,0,96.62999,CPT Darnell Washington FLEX Aaron Rodgers FLEX Jaylen Warren FLEX Deshaun Watson FLEX Denzel Boston FLEX Harold Fannin Jr.,,,
1438,5277186101,Dr_Mox11,0,96.62999,CPT Darnell Washington FLEX Aaron Rodgers FLEX Jaylen Warren FLEX Deshaun Watson FLEX Denzel Boston FLEX Harold Fannin Jr.,,,
1438,5277349276,Conan66,0,96.62999,CPT Darnell Washington FLEX Aaron Rodgers FLEX Jaylen Warren FLEX Deshaun Watson FLEX Denzel Boston FLEX Harold Fannin Jr.,,,
1438,5277636127,marwalk82,0,96.62999,CPT Darnell Washington FLEX Aaron Rodgers FLEX Jaylen Warren FLEX Deshaun Watson FLEX Denzel Boston FLEX Harold Fannin Jr.,,,
1450,5276280968,MULLEN44,0,96.62,CPT Jaylen Warren FLEX Deshaun Watson FLEX DK Metcalf FLEX Harold Fannin Jr. FLEX Pat Freiermuth FLEX Roman Wilson,,,
1450,5276905554,majormario,0,96.62,CPT Jaylen Warren FLEX Deshaun Watson FLEX DK Metcalf FLEX Harold Fannin Jr. FLEX Pat Freiermuth FLEX Roman Wilson,,,
1450,5276995446,RENAN13,0,96.62,CPT Jaylen Warren FLEX Deshaun Watson FLEX DK Metcalf FLEX Harold Fannin Jr. FLEX Pat Freiermuth FLEX Roman Wilson,,,
1450,5277210019,housethatpeterbilt,0,96.62,CPT Jaylen Warren FLEX Deshaun Watson FLEX DK Metcalf FLEX Harold Fannin Jr. FLEX Pat Freiermuth FLEX Roman Wilson,,,
1450,5277371030,juiceman1984,0,96.62,CPT Jaylen Warren FLEX Deshaun Watson FLEX DK Metcalf FLEX Harold Fannin Jr. FLEX Pat Freiermuth FLEX Roman Wilson,,,
1450,5277375122,Kill-9,0,96.62,CPT Jaylen Warren FLEX Deshaun Watson FLEX DK Metcalf FLEX Harold Fannin Jr. FLEX Pat Freiermuth FLEX Roman Wilson,,,
1450,5277424438,Gthitter,0,96.62,CPT Jaylen Warren FLEX Deshaun Watson FLEX DK Metcalf FLEX Harold Fannin Jr. FLEX Pat Freiermuth FLEX Roman Wilson,,,
1450,5277476655,DCHSR1,0,96.62,CPT Jaylen Warren FLEX Deshaun Watson FLEX DK Metcalf FLEX Harold Fannin Jr. FLEX Pat Freiermuth FLEX Roman Wilson,,,
1450,5277623229,kkjorgy,0,96.62,CPT Jaylen Warren FLEX Deshaun Watson FLEX DK Metcalf FLEX Harold Fannin Jr. FLEX Pat Freiermuth FLEX Roman Wilson,,,
1450,5277688917,Slumby13,0,96.62,CPT Jaylen Warren FLEX Deshaun Watson FLEX DK Metcalf FLEX Harold Fannin Jr. FLEX Pat Freiermuth FLEX Roman Wilson,,,
1450,5277700624,Tribulation,0,96.62,CPT Jaylen Warren FLEX Deshaun Watson FLEX DK Metcalf FLEX Harold Fannin Jr. FLEX Pat Freiermuth FLEX Roman Wilson,,,
1450,5277710153,bizz2020,0,96.62,CPT Jaylen Warren FLEX Deshaun Watson FLEX DK Metcalf FLEX Harold Fannin Jr. FLEX Pat Freiermuth FLEX Roman Wilson,,,
1450,5277813748,DaonlyPrince,0,96.62,CPT Jaylen Warren FLEX Deshaun Watson FLEX DK Metcalf FLEX Harold Fannin Jr. FLEX Pat Freiermuth FLEX Roman Wilson,,,
1463,5277638854,KernelJackson,0,96.58,CPT Jaylen Warren FLEX Aaron Rodgers FLEX Deshaun Watson FLEX DK Metcalf FLEX Steelers  FLEX Jaleel McLaughlin,,,
1464,5276073937,jco1981,0,96.56,CPT Jaylen Warren FLEX Aaron Rodgers FLEX DK Metcalf FLEX Harold Fannin Jr. FLEX KC Concepcion Jr. FLEX Jerry Jeudy,,,
1465,5277358434,iamsam54,0,96.53999,CPT Aaron Rodgers FLEX Jaylen Warren FLEX DK Metcalf FLEX Denzel Boston FLEX Steelers  FLEX Jerry Jeudy,,,
1465,5277376460,maniacnation,0,96.53999,CPT Aaron Rodgers FLEX Jaylen Warren FLEX Denzel Boston FLEX Harold Fannin Jr. FLEX Chris Boswell FLEX Roman Wilson,,,
1467,5277139342,gmfamoso,0,96.52,CPT Quinshon Judkins FLEX Jaylen Warren FLEX Deshaun Watson FLEX Denzel Boston FLEX Browns  FLEX Darnell Washington,,,
1468,5277588125,cquigs12,0,96.509995,CPT DK Metcalf FLEX Aaron Rodgers FLEX Quinshon Judkins FLEX Harold Fannin Jr. FLEX Chris Boswell FLEX Steelers ,,,
1469,5277127792,tangledsnow,0,96.47,CPT Denzel Boston FLEX Jaylen Warren FLEX Deshaun Watson FLEX DK Metcalf FLEX Pat Freiermuth FLEX Roman Wilson,,,
1470,5276708881,DraftGod1978,0,96.45999,CPT Steelers  FLEX Aaron Rodgers FLEX DK Metcalf FLEX Quinshon Judkins FLEX Harold Fannin Jr. FLEX Pat Freiermuth,,,
1471,5275537052,erikcraft01,0,96.42999,CPT Harold Fannin Jr. FLEX Aaron Rodgers FLEX Deshaun Watson FLEX Denzel Boston FLEX Pat Freiermuth FLEX Roman Wilson,,,
1471,5276708261,baLLer50,0,96.42999,CPT Harold Fannin Jr. FLEX Aaron Rodgers FLEX Deshaun Watson FLEX Denzel Boston FLEX Pat Freiermuth FLEX Roman Wilson,,,
1471,5276755981,gatorboy1970,0,96.42999,CPT Harold Fannin Jr. FLEX Aaron Rodgers FLEX Deshaun Watson FLEX Denzel Boston FLEX Pat Freiermuth FLEX Roman Wilson,,,
1471,5277026152,NikeGriffin32,0,96.42999,CPT Harold Fannin Jr. FLEX Aaron Rodgers FLEX Deshaun Watson FLEX Denzel Boston FLEX Pat Freiermuth FLEX Roman Wilson,,,
1471,5277094616,Ibemoose,0,96.42999,CPT Harold Fannin Jr. FLEX Aaron Rodgers FLEX Deshaun Watson FLEX Denzel Boston FLEX Pat Freiermuth FLEX Roman Wilson,,,
1471,5277184248,GRMSTR,0,96.42999,CPT Harold Fannin Jr. FLEX Aaron Rodgers FLEX Deshaun Watson FLEX Denzel Boston FLEX Pat Freiermuth FLEX Roman Wilson,,,
1471,5277190845,sodak00,0,96.42999,CPT Harold Fannin Jr. FLEX Aaron Rodgers FLEX Deshaun Watson FLEX Denzel Boston FLEX Pat Freiermuth FLEX Roman Wilson,,,
1471,5277702913,mjboarder,0,96.42999,CPT Harold Fannin Jr. FLEX Aaron Rodgers FLEX Deshaun Watson FLEX Denzel Boston FLEX Pat Freiermuth FLEX Roman Wilson,,,
1479,5277272045,broyalt,0,96.4,CPT Quinshon Judkins FLEX Jaylen Warren FLEX DK Metcalf FLEX Denzel Boston FLEX Chris Boswell FLEX Andre Szmyt,,,
1480,5275434400,cowboys3322,0,96.38,CPT Jaylen Warren FLEX Aaron Rodgers FLEX Deshaun Watson FLEX Harold Fannin Jr. FLEX Steelers  FLEX Roman Wilson,,,
1480,5275468847,Branniff70,0,96.38,CPT Jaylen Warren FLEX Aaron Rodgers FLEX Deshaun Watson FLEX Harold Fannin Jr. FLEX Steelers  FLEX Roman Wilson,,,
1480,5275494451,NWiles24,0,96.38,CPT Jaylen Warren FLEX Aaron Rodgers FLEX Deshaun Watson FLEX Harold Fannin Jr. FLEX Steelers  FLEX Roman Wilson,,,
1480,5275513576,jjerdejr,0,96.38,CPT Jaylen Warren FLEX Aaron Rodgers FLEX Deshaun Watson FLEX Harold Fannin Jr. FLEX Steelers  FLEX Roman Wilson,,,
1480,5275516396,TaylorJay44,0,96.38,CPT Jaylen Warren FLEX Aaron Rodgers FLEX Deshaun Watson FLEX Harold Fannin Jr. FLEX Steelers  FLEX Roman Wilson,,,
1480,5275518620,cpee15,0,96.38,CPT Jaylen Warren FLEX Aaron Rodgers FLEX Deshaun Watson FLEX Harold Fannin Jr. FLEX Steelers  FLEX Roman Wilson,,,
1480,5275523677,Superman1144,0,96.38,CPT Jaylen Warren FLEX Aaron Rodgers FLEX Deshaun Watson FLEX Harold Fannin Jr. FLEX Steelers  FLEX Roman Wilson,,,
1480,5275571484,BucksnBeers,0,96.38,CPT Jaylen Warren FLEX Aaron Rodgers FLEX Deshaun Watson FLEX Harold Fannin Jr. FLEX Steelers  FLEX Roman Wilson,,,
1480,5275583610,three2curve,0,96.38,CPT Jaylen Warren FLEX Aaron Rodgers FLEX Deshaun Watson FLEX Harold Fannin Jr. FLEX Steelers  FLEX Roman Wilson,,,
1480,5275694101,816ix,0,96.38,CPT Jaylen Warren FLEX Aaron Rodgers FLEX Deshaun Watson FLEX Harold Fannin Jr. FLEX Steelers  FLEX Roman Wilson,,,
1480,5275710548,tampacountryboy,0,96.38,CPT Jaylen Warren FLEX Aaron Rodgers FLEX Deshaun Watson FLEX Harold Fannin Jr. FLEX Steelers  FLEX Roman Wilson,,,
1480,5275749940,nplaistow,0,96.38,CPT Jaylen Warren FLEX Aaron Rodgers FLEX Deshaun Watson FLEX Harold Fannin Jr. FLEX Steelers  FLEX Roman Wilson,,,
1480,5275753087,salesguru44,0,96.38,CPT Jaylen Warren FLEX Aaron Rodgers FLEX Deshaun Watson FLEX Harold Fannin Jr. FLEX Steelers  FLEX Roman Wilson,,,
1480,5275824722,oneals1226,0,96.38,CPT Jaylen Warren FLEX Aaron Rodgers FLEX Deshaun Watson FLEX Harold Fannin Jr. FLEX Steelers  FLEX Roman Wilson,,,
1480,5275854126,JBond00777,0,96.38,CPT Jaylen Warren FLEX Aaron Rodgers FLEX Deshaun Watson FLEX Harold Fannin Jr. FLEX Steelers  FLEX Roman Wilson,,,
1480,5275968765,movesilent,0,96.38,CPT Jaylen Warren FLEX Aaron Rodgers FLEX Deshaun Watson FLEX Harold Fannin Jr. FLEX Steelers  FLEX Roman Wilson,,,
1480,5276032736,ginapt,0,96.38,CPT Jaylen Warren FLEX Aaron Rodgers FLEX Deshaun Watson FLEX Harold Fannin Jr. FLEX Steelers  FLEX Roman Wilson,,,
1480,5276054114,rhvp2852,0,96.38,CPT Jaylen Warren FLEX Aaron Rodgers FLEX Deshaun Watson FLEX Harold Fannin Jr. FLEX Steelers  FLEX Roman Wilson,,,
1480,5276089835,cc_Gambler,0,96.38,CPT Jaylen Warren FLEX Aaron Rodgers FLEX Deshaun Watson FLEX Harold Fannin Jr. FLEX Steelers  FLEX Roman Wilson,,,
1480,5276103405,ajax1,0,96.38,CPT Jaylen Warren FLEX Aaron Rodgers FLEX Deshaun Watson FLEX Harold Fannin Jr. FLEX Steelers  FLEX Roman Wilson,,,
1480,5276110438,jaymesm13,0,96.38,CPT Jaylen Warren FLEX Aaron Rodgers FLEX Deshaun Watson FLEX Harold Fannin Jr. FLEX Steelers  FLEX Roman Wilson,,,
1480,5276133061,KennyPowers34,0,96.38,CPT Jaylen Warren FLEX Aaron Rodgers FLEX Deshaun Watson FLEX Harold Fannin Jr. FLEX Steelers  FLEX Roman Wilson,,,
1480,5276180850,Johnny3Steele,0,96.38,CPT Jaylen Warren FLEX Aaron Rodgers FLEX Deshaun Watson FLEX Harold Fannin Jr. FLEX Steelers  FLEX Roman Wilson,,,
1480,5276188360,Mandoyeezy,0,96.38,CPT Jaylen Warren FLEX Aaron Rodgers FLEX Deshaun Watson FLEX Harold Fannin Jr. FLEX Steelers  FLEX Roman Wilson,,,
1480,5276224176,anthonyncsu29,0,96.38,CPT Jaylen Warren FLEX Aaron Rodgers FLEX Deshaun Watson FLEX Harold Fannin Jr. FLEX Steelers  FLEX Roman Wilson,,,
1480,5276261992,dingfries25,0,96.38,CPT Jaylen Warren FLEX Aaron Rodgers FLEX Deshaun Watson FLEX Harold Fannin Jr. FLEX Steelers  FLEX Roman Wilson,,,
1480,5276290697,grama14,0,96.38,CPT Jaylen Warren FLEX Aaron Rodgers FLEX Deshaun Watson FLEX Harold Fannin Jr. FLEX Steelers  FLEX Roman Wilson,,,
1480,5276425118,kipper12,0,96.38,CPT Jaylen Warren FLEX Aaron Rodgers FLEX Deshaun Watson FLEX Harold Fannin Jr. FLEX Steelers  FLEX Roman Wilson,,,
1480,5276456158,barn5000g,0,96.38,CPT Jaylen Warren FLEX Aaron Rodgers FLEX Deshaun Watson FLEX Harold Fannin Jr. FLEX Steelers  FLEX Roman Wilson,,,
1480,5276457898,jgpackerfan1,0,96.38,CPT Jaylen Warren FLEX Aaron Rodgers FLEX Deshaun Watson FLEX Harold Fannin Jr. FLEX Steelers  FLEX Roman Wilson,,,
1480,5276467502,13jp,0,96.38,CPT Jaylen Warren FLEX Aaron Rodgers FLEX Deshaun Watson FLEX Harold Fannin Jr. FLEX Steelers  FLEX Roman Wilson,,,
1480,5276480136,Viperizer,0,96.38,CPT Jaylen Warren FLEX Aaron Rodgers FLEX Deshaun Watson FLEX Harold Fannin Jr. FLEX Steelers  FLEX Roman Wilson,,,
1480,5276511447,POM111,0,96.38,CPT Jaylen Warren FLEX Aaron Rodgers FLEX Deshaun Watson FLEX Harold Fannin Jr. FLEX Steelers  FLEX Roman Wilson,,,
1480,5276521618,jyhgf,0,96.38,CPT Jaylen Warren FLEX Aaron Rodgers FLEX Deshaun Watson FLEX Harold Fannin Jr. FLEX Steelers  FLEX Roman Wilson,,,
1480,5276634159,payme663,0,96.38,CPT Jaylen Warren FLEX Aaron Rodgers FLEX Deshaun Watson FLEX Harold Fannin Jr. FLEX Steelers  FLEX Roman Wilson,,,
1480,5276724010,JayAces,0,96.38,CPT Jaylen Warren FLEX Aaron Rodgers FLEX Deshaun Watson FLEX Harold Fannin Jr. FLEX Steelers  FLEX Roman Wilson,,,
1480,5276738839,PittsburghSteelers,0,96.38,CPT Jaylen Warren FLEX Aaron Rodgers FLEX Deshaun Watson FLEX Harold Fannin Jr. FLEX Steelers  FLEX Roman Wilson,,,
1480,5276739412,kjcx2,0,96.38,CPT Jaylen Warren FLEX Aaron Rodgers FLEX Deshaun Watson FLEX Harold Fannin Jr. FLEX Steelers  FLEX Roman Wilson,,,
1480,5276751231,tjf614,0,96.38,CPT Jaylen Warren FLEX Aaron Rodgers FLEX Deshaun Watson FLEX Harold Fannin Jr. FLEX Steelers  FLEX Roman Wilson,,,
1480,5276794791,ZENJARIN,0,96.38,CPT Jaylen Warren FLEX Aaron Rodgers FLEX Deshaun Watson FLEX Harold Fannin Jr. FLEX Steelers  FLEX Roman Wilson,,,
1480,5276831895,Earl7447,0,96.38,CPT Jaylen Warren FLEX Aaron Rodgers FLEX Deshaun Watson FLEX Harold Fannin Jr. FLEX Steelers  FLEX Roman Wilson,,,
1480,5276834082,woopass,0,96.38,CPT Jaylen Warren FLEX Aaron Rodgers FLEX Deshaun Watson FLEX Harold Fannin Jr. FLEX Steelers  FLEX Roman Wilson,,,
1480,5276834565,james2417,0,96.38,CPT Jaylen Warren FLEX Aaron Rodgers FLEX Deshaun Watson FLEX Harold Fannin Jr. FLEX Steelers  FLEX Roman Wilson,,,
1480,5276835642,jsimp831,0,96.38,CPT Jaylen Warren FLEX Aaron Rodgers FLEX Deshaun Watson FLEX Harold Fannin Jr. FLEX Steelers  FLEX Roman Wilson,,,
1480,5276839624,DetroitLyings,0,96.38,CPT Jaylen Warren FLEX Aaron Rodgers FLEX Deshaun Watson FLEX Harold Fannin Jr. FLEX Steelers  FLEX Roman Wilson,,,
1480,5276841625,crossbar501,0,96.38,CPT Jaylen Warren FLEX Aaron Rodgers FLEX Deshaun Watson FLEX Harold Fannin Jr. FLEX Steelers  FLEX Roman Wilson,,,
1480,5276862189,cobio11,0,96.38,CPT Jaylen Warren FLEX Aaron Rodgers FLEX Deshaun Watson FLEX Harold Fannin Jr. FLEX Steelers  FLEX Roman Wilson,,,
1480,5276868042,jfrost757,0,96.38,CPT Jaylen Warren FLEX Aaron Rodgers FLEX Deshaun Watson FLEX Harold Fannin Jr. FLEX Steelers  FLEX Roman Wilson,,,
1480,5276885820,redzoneoffense,0,96.38,CPT Jaylen Warren FLEX Aaron Rodgers FLEX Deshaun Watson FLEX Harold Fannin Jr. FLEX Steelers  FLEX Roman Wilson,,,
1480,5276916845,cuca3777,0,96.38,CPT Jaylen Warren FLEX Aaron Rodgers FLEX Deshaun Watson FLEX Harold Fannin Jr. FLEX Steelers  FLEX Roman Wilson,,,
1480,5276917474,Zezryn,0,96.38,CPT Jaylen Warren FLEX Aaron Rodgers FLEX Deshaun Watson FLEX Harold Fannin Jr. FLEX Steelers  FLEX Roman Wilson,,,
1480,5276921613,pser10,0,96.38,CPT Jaylen Warren FLEX Aaron Rodgers FLEX Deshaun Watson FLEX Harold Fannin Jr. FLEX Steelers  FLEX Roman Wilson,,,
1480,5276923021,Oxyfide,0,96.38,CPT Jaylen Warren FLEX Aaron Rodgers FLEX Deshaun Watson FLEX Harold Fannin Jr. FLEX Steelers  FLEX Roman Wilson,,,
1480,5276944193,JSB31,0,96.38,CPT Jaylen Warren FLEX Aaron Rodgers FLEX Deshaun Watson FLEX Harold Fannin Jr. FLEX Steelers  FLEX Roman Wilson,,,
1480,5276952591,dpbaxter05,0,96.38,CPT Jaylen Warren FLEX Aaron Rodgers FLEX Deshaun Watson FLEX Harold Fannin Jr. FLEX Steelers  FLEX Roman Wilson,,,
1480,5276957063,jer4940,0,96.38,CPT Jaylen Warren FLEX Aaron Rodgers FLEX Deshaun Watson FLEX Harold Fannin Jr. FLEX Steelers  FLEX Roman Wilson,,,
1480,5276960311,nh70744,0,96.38,CPT Jaylen Warren FLEX Aaron Rodgers FLEX Deshaun Watson FLEX Harold Fannin Jr. FLEX Steelers  FLEX Roman Wilson,,,
1480,5276969678,SlimySalamander,0,96.38,CPT Jaylen Warren FLEX Aaron Rodgers FLEX Deshaun Watson FLEX Harold Fannin Jr. FLEX Steelers  FLEX Roman Wilson,,,
1480,5276973297,jjnads2000,0,96.38,CPT Jaylen Warren FLEX Aaron Rodgers FLEX Deshaun Watson FLEX Harold Fannin Jr. FLEX Steelers  FLEX Roman Wilson,,,
1480,5276987259,chateaubowbow,0,96.38,CPT Jaylen Warren FLEX Aaron Rodgers FLEX Deshaun Watson FLEX Harold Fannin Jr. FLEX Steelers  FLEX Roman Wilson,,,
1480,5276988135,Orochi,0,96.38,CPT Jaylen Warren FLEX Aaron Rodgers FLEX Deshaun Watson FLEX Harold Fannin Jr. FLEX Steelers  FLEX Roman Wilson,,,
1480,5277010949,rsulzener,0,96.38,CPT Jaylen Warren FLEX Aaron Rodgers FLEX Deshaun Watson FLEX Harold Fannin Jr. FLEX Steelers  FLEX Roman Wilson,,,
1480,5277017607,timmort2,0,96.38,CPT Jaylen Warren FLEX Aaron Rodgers FLEX Deshaun Watson FLEX Harold Fannin Jr. FLEX Steelers  FLEX Roman Wilson,,,
1480,5277026863,oilver22,0,96.38,CPT Jaylen Warren FLEX Aaron Rodgers FLEX Deshaun Watson FLEX Harold Fannin Jr. FLEX Steelers  FLEX Roman Wilson,,,
1480,5277056156,JSANE,0,96.38,CPT Jaylen Warren FLEX Aaron Rodgers FLEX Deshaun Watson FLEX Harold Fannin Jr. FLEX Steelers  FLEX Roman Wilson,,,
1480,5277062344,djkawleski,0,96.38,CPT Jaylen Warren FLEX Aaron Rodgers FLEX Deshaun Watson FLEX Harold Fannin Jr. FLEX Steelers  FLEX Roman Wilson,,,
1480,5277065427,swmay8627,0,96.38,CPT Jaylen Warren FLEX Aaron Rodgers FLEX Deshaun Watson FLEX Harold Fannin Jr. FLEX Steelers  FLEX Roman Wilson,,,
1480,5277080398,srgttsb,0,96.38,CPT Jaylen Warren FLEX Aaron Rodgers FLEX Deshaun Watson FLEX Harold Fannin Jr. FLEX Steelers  FLEX Roman Wilson,,,
1480,5277111396,abresler,0,96.38,CPT Jaylen Warren FLEX Aaron Rodgers FLEX Deshaun Watson FLEX Harold Fannin Jr. FLEX Steelers  FLEX Roman Wilson,,,
1480,5277139141,chipcosby,0,96.38,CPT Jaylen Warren FLEX Aaron Rodgers FLEX Deshaun Watson FLEX Harold Fannin Jr. FLEX Steelers  FLEX Roman Wilson,,,
1480,5277141705,BoondockE,0,96.38,CPT Jaylen Warren FLEX Aaron Rodgers FLEX Deshaun Watson FLEX Harold Fannin Jr. FLEX Steelers  FLEX Roman Wilson,,,
1480,5277143423,cwel322,0,96.38,CPT Jaylen Warren FLEX Aaron Rodgers FLEX Deshaun Watson FLEX Harold Fannin Jr. FLEX Steelers  FLEX Roman Wilson,,,
1480,5277159076,bjksooner,0,96.38,CPT Jaylen Warren FLEX Aaron Rodgers FLEX Deshaun Watson FLEX Harold Fannin Jr. FLEX Steelers  FLEX Roman Wilson,,,
1480,5277161441,browenstein,0,96.38,CPT Jaylen Warren FLEX Aaron Rodgers FLEX Deshaun Watson FLEX Harold Fannin Jr. FLEX Steelers  FLEX Roman Wilson,,,
1480,5277180821,foosballr,0,96.38,CPT Jaylen Warren FLEX Aaron Rodgers FLEX Deshaun Watson FLEX Harold Fannin Jr. FLEX Steelers  FLEX Roman Wilson,,,
1480,5277182084,patmicmac,0,96.38,CPT Jaylen Warren FLEX Aaron Rodgers FLEX Deshaun Watson FLEX Harold Fannin Jr. FLEX Steelers  FLEX Roman Wilson,,,
1480,5277186846,hbuhler,0,96.38,CPT Jaylen Warren FLEX Aaron Rodgers FLEX Deshaun Watson FLEX Harold Fannin Jr. FLEX Steelers  FLEX Roman Wilson,,,
1480,5277189030,tcornl,0,96.38,CPT Jaylen Warren FLEX Aaron Rodgers FLEX Deshaun Watson FLEX Harold Fannin Jr. FLEX Steelers  FLEX Roman Wilson,,,
1480,5277214618,cashyobe,0,96.38,CPT Jaylen Warren FLEX Aaron Rodgers FLEX Deshaun Watson FLEX Harold Fannin Jr. FLEX Steelers  FLEX Roman Wilson,,,
1480,5277214978,Leadpipe,0,96.38,CPT Jaylen Warren FLEX Aaron Rodgers FLEX Deshaun Watson FLEX Harold Fannin Jr. FLEX Steelers  FLEX Roman Wilson,,,
1480,5277219512,CSC717,0,96.38,CPT Jaylen Warren FLEX Aaron Rodgers FLEX Deshaun Watson FLEX Harold Fannin Jr. FLEX Steelers  FLEX Roman Wilson,,,
1480,5277247560,TripleThreat99,0,96.38,CPT Jaylen Warren FLEX Aaron Rodgers FLEX Deshaun Watson FLEX Harold Fannin Jr. FLEX Steelers  FLEX Roman Wilson,,,
1480,5277256452,wearend,0,96.38,CPT Jaylen Warren FLEX Aaron Rodgers FLEX Deshaun Watson FLEX Harold Fannin Jr. FLEX Steelers  FLEX Roman Wilson,,,
1480,5277256831,QuickDraw1893,0,96.38,CPT Jaylen Warren FLEX Aaron Rodgers FLEX Deshaun Watson FLEX Harold Fannin Jr. FLEX Steelers  FLEX Roman Wilson,,,
1480,5277265561,boyznbleu7,0,96.38,CPT Jaylen Warren FLEX Aaron Rodgers FLEX Deshaun Watson FLEX Harold Fannin Jr. FLEX Steelers  FLEX Roman Wilson,,,
1480,5277267623,John.bohannon,0,96.38,CPT Jaylen Warren FLEX Aaron Rodgers FLEX Deshaun Watson FLEX Harold Fannin Jr. FLEX Steelers  FLEX Roman Wilson,,,
1480,5277268444,mtweaver613,0,96.38,CPT Jaylen Warren FLEX Aaron Rodgers FLEX Deshaun Watson FLEX Harold Fannin Jr. FLEX Steelers  FLEX Roman Wilson,,,
1480,5277269100,rodlars633,0,96.38,CPT Jaylen Warren FLEX Aaron Rodgers FLEX Deshaun Watson FLEX Harold Fannin Jr. FLEX Steelers  FLEX Roman Wilson,,,
1480,5277274267,CarolinaSwat,0,96.38,CPT Jaylen Warren FLEX Aaron Rodgers FLEX Deshaun Watson FLEX Harold Fannin Jr. FLEX Steelers  FLEX Roman Wilson,,,
1480,5277279742,EliPearson,0,96.38,CPT Jaylen Warren FLEX Aaron Rodgers FLEX Deshaun Watson FLEX Harold Fannin Jr. FLEX Steelers  FLEX Roman Wilson,,,
1480,5277298588,dudemanpa,0,96.38,CPT Jaylen Warren FLEX Aaron Rodgers FLEX Deshaun Watson FLEX Harold Fannin Jr. FLEX Steelers  FLEX Roman Wilson,,,
1480,5277323687,brothengg21,0,96.38,CPT Jaylen Warren FLEX Aaron Rodgers FLEX Deshaun Watson FLEX Harold Fannin Jr. FLEX Steelers  FLEX Roman Wilson,,,
1480,5277332897,Cincybengal12,0,96.38,CPT Jaylen Warren FLEX Aaron Rodgers FLEX Deshaun Watson FLEX Harold Fannin Jr. FLEX Steelers  FLEX Roman Wilson,,,
1480,5277340918,JustBobT,0,96.38,CPT Jaylen Warren FLEX Aaron Rodgers FLEX Deshaun Watson FLEX Harold Fannin Jr. FLEX Steelers  FLEX Roman Wilson,,,
1480,5277342585,criticalmass048,0,96.38,CPT Jaylen Warren FLEX Aaron Rodgers FLEX Deshaun Watson FLEX Harold Fannin Jr. FLEX Steelers  FLEX Roman Wilson,,,
1480,5277345556,perucho3,0,96.38,CPT Jaylen Warren FLEX Aaron Rodgers FLEX Deshaun Watson FLEX Harold Fannin Jr. FLEX Steelers  FLEX Roman Wilson,,,
1480,5277378516,tjkowalski91,0,96.38,CPT Jaylen Warren FLEX Aaron Rodgers FLEX Deshaun Watson FLEX Harold Fannin Jr. FLEX Steelers  FLEX Roman Wilson,,,
1480,5277378560,ddspenst,0,96.38,CPT Jaylen Warren FLEX Aaron Rodgers FLEX Deshaun Watson FLEX Harold Fannin Jr. FLEX Steelers  FLEX Roman Wilson,,,
1480,5277380966,azbarley,0,96.38,CPT Jaylen Warren FLEX Aaron Rodgers FLEX Deshaun Watson FLEX Harold Fannin Jr. FLEX Steelers  FLEX Roman Wilson,,,
1480,5277398201,YABOYLUX,0,96.38,CPT Jaylen Warren FLEX Aaron Rodgers FLEX Deshaun Watson FLEX Harold Fannin Jr. FLEX Steelers  FLEX Roman Wilson,,,
1480,5277407848,HuskersRule,0,96.38,CPT Jaylen Warren FLEX Aaron Rodgers FLEX Deshaun Watson FLEX Harold Fannin Jr. FLEX Steelers  FLEX Roman Wilson,,,
1480,5277416237,blacksunfire,0,96.38,CPT Jaylen Warren FLEX Aaron Rodgers FLEX Deshaun Watson FLEX Harold Fannin Jr. FLEX Steelers  FLEX Roman Wilson,,,
1480,5277417353,stacetee,0,96.38,CPT Jaylen Warren FLEX Aaron Rodgers FLEX Deshaun Watson FLEX Harold Fannin Jr. FLEX Steelers  FLEX Roman Wilson,,,
1480,5277426833,SoHo2015,0,96.38,CPT Jaylen Warren FLEX Aaron Rodgers FLEX Deshaun Watson FLEX Harold Fannin Jr. FLEX Steelers  FLEX Roman Wilson,,,
1480,5277426910,disney22,0,96.38,CPT Jaylen Warren FLEX Aaron Rodgers FLEX Deshaun Watson FLEX Harold Fannin Jr. FLEX Steelers  FLEX Roman Wilson,,,
1480,5277430608,nando559,0,96.38,CPT Jaylen Warren FLEX Aaron Rodgers FLEX Deshaun Watson FLEX Harold Fannin Jr. FLEX Steelers  FLEX Roman Wilson,,,
1480,5277437795,hoosier64,0,96.38,CPT Jaylen Warren FLEX Aaron Rodgers FLEX Deshaun Watson FLEX Harold Fannin Jr. FLEX Steelers  FLEX Roman Wilson,,,
1480,5277439539,lov4lulu,0,96.38,CPT Jaylen Warren FLEX Aaron Rodgers FLEX Deshaun Watson FLEX Harold Fannin Jr. FLEX Steelers  FLEX Roman Wilson,,,
1480,5277444334,dcprior2000,0,96.38,CPT Jaylen Warren FLEX Aaron Rodgers FLEX Deshaun Watson FLEX Harold Fannin Jr. FLEX Steelers  FLEX Roman Wilson,,,
1480,5277445486,wahooszee,0,96.38,CPT Chris Boswell FLEX Aaron Rodgers FLEX Jaylen Warren FLEX Deshaun Watson FLEX DK Metcalf FLEX Roman Wilson,,,
1480,5277453581,BuddyBolt,0,96.38,CPT Jaylen Warren FLEX Aaron Rodgers FLEX Deshaun Watson FLEX Harold Fannin Jr. FLEX Steelers  FLEX Roman Wilson,,,
1480,5277458003,kowalr,0,96.38,CPT Jaylen Warren FLEX Aaron Rodgers FLEX Deshaun Watson FLEX Harold Fannin Jr. FLEX Steelers  FLEX Roman Wilson,,,
1480,5277481989,ShowMeYourTighties,0,96.38,CPT Jaylen Warren FLEX Aaron Rodgers FLEX Deshaun Watson FLEX Harold Fannin Jr. FLEX Steelers  FLEX Roman Wilson,,,
1480,5277482453,Lou-TangClan,0,96.38,CPT Jaylen Warren FLEX Aaron Rodgers FLEX Deshaun Watson FLEX Harold Fannin Jr. FLEX Steelers  FLEX Roman Wilson,,,
1480,5277491057,Robrent,0,96.38,CPT Jaylen Warren FLEX Aaron Rodgers FLEX Deshaun Watson FLEX Harold Fannin Jr. FLEX Steelers  FLEX Roman Wilson,,,
1480,5277498993,tnemidur,0,96.38,CPT Jaylen Warren FLEX Aaron Rodgers FLEX Deshaun Watson FLEX Harold Fannin Jr. FLEX Steelers  FLEX Roman Wilson,,,
1480,5277504377,garryld1949,0,96.38,CPT Jaylen Warren FLEX Aaron Rodgers FLEX Deshaun Watson FLEX Harold Fannin Jr. FLEX Steelers  FLEX Roman Wilson,,,
1480,5277509401,lacavirma,0,96.38,CPT Jaylen Warren FLEX Aaron Rodgers FLEX Deshaun Watson FLEX Harold Fannin Jr. FLEX Steelers  FLEX Roman Wilson,,,
1480,5277516224,michaelshodson,0,96.38,CPT Jaylen Warren FLEX Aaron Rodgers FLEX Deshaun Watson FLEX Harold Fannin Jr. FLEX Steelers  FLEX Roman Wilson,,,
1480,5277529784,ibeckman,0,96.38,CPT Jaylen Warren FLEX Aaron Rodgers FLEX Deshaun Watson FLEX Harold Fannin Jr. FLEX Steelers  FLEX Roman Wilson,,,
1480,5277535057,Edgar310,0,96.38,CPT Jaylen Warren FLEX Aaron Rodgers FLEX Deshaun Watson FLEX Harold Fannin Jr. FLEX Steelers  FLEX Roman Wilson,,,
1480,5277535258,UncleTio,0,96.38,CPT Jaylen Warren FLEX Aaron Rodgers FLEX Deshaun Watson FLEX Harold Fannin Jr. FLEX Steelers  FLEX Roman Wilson,,,
1480,5277541040,JechtKujika,0,96.38,CPT Jaylen Warren FLEX Aaron Rodgers FLEX Deshaun Watson FLEX Harold Fannin Jr. FLEX Steelers  FLEX Roman Wilson,,,
1480,5277551025,dpcollects,0,96.38,CPT Jaylen Warren FLEX Aaron Rodgers FLEX Deshaun Watson FLEX Harold Fannin Jr. FLEX Steelers  FLEX Roman Wilson,,,
1480,5277554638,Angrycalf,0,96.38,CPT Jaylen Warren FLEX Aaron Rodgers FLEX Deshaun Watson FLEX Harold Fannin Jr. FLEX Steelers  FLEX Roman Wilson,,,
1480,5277561551,dolphin999,0,96.38,CPT Jaylen Warren FLEX Aaron Rodgers FLEX Deshaun Watson FLEX Harold Fannin Jr. FLEX Steelers  FLEX Roman Wilson,,,
1480,5277574698,wes031,0,96.38,CPT Jaylen Warren FLEX Aaron Rodgers FLEX Deshaun Watson FLEX Harold Fannin Jr. FLEX Steelers  FLEX Roman Wilson,,,
1480,5277576901,nsipid,0,96.38,CPT Deshaun Watson FLEX Quinshon Judkins FLEX Denzel Boston FLEX Harold Fannin Jr. FLEX KC Concepcion Jr. FLEX Roman Wilson,,,
1480,5277578701,kayonas23,0,96.38,CPT Jaylen Warren FLEX Aaron Rodgers FLEX Deshaun Watson FLEX Harold Fannin Jr. FLEX Steelers  FLEX Roman Wilson,,,
1480,5277593262,BmoreAware,0,96.38,CPT Jaylen Warren FLEX Aaron Rodgers FLEX Deshaun Watson FLEX Harold Fannin Jr. FLEX Steelers  FLEX Roman Wilson,,,
1480,5277610668,obtain,0,96.38,CPT Jaylen Warren FLEX Aaron Rodgers FLEX Deshaun Watson FLEX Harold Fannin Jr. FLEX Steelers  FLEX Roman Wilson,,,
1480,5277613913,Moofang,0,96.38,CPT Jaylen Warren FLEX Aaron Rodgers FLEX Deshaun Watson FLEX Harold Fannin Jr. FLEX Steelers  FLEX Roman Wilson,,,
1480,5277629810,bboyle23,0,96.38,CPT Jaylen Warren FLEX Aaron Rodgers FLEX Deshaun Watson FLEX Harold Fannin Jr. FLEX Steelers  FLEX Roman Wilson,,,
1480,5277639778,worstluck,0,96.38,CPT Jaylen Warren FLEX Aaron Rodgers FLEX Deshaun Watson FLEX Harold Fannin Jr. FLEX Steelers  FLEX Roman Wilson,,,
1480,5277649898,CrazyLew1,0,96.38,CPT Jaylen Warren FLEX Aaron Rodgers FLEX Deshaun Watson FLEX Harold Fannin Jr. FLEX Steelers  FLEX Roman Wilson,,,
1480,5277662811,jnagi001,0,96.38,CPT Jaylen Warren FLEX Aaron Rodgers FLEX Deshaun Watson FLEX Harold Fannin Jr. FLEX Steelers  FLEX Roman Wilson,,,
1480,5277674598,Netmynder1,0,96.38,CPT Jaylen Warren FLEX Aaron Rodgers FLEX Deshaun Watson FLEX Harold Fannin Jr. FLEX Steelers  FLEX Roman Wilson,,,
1480,5277677239,dawix21,0,96.38,CPT Jaylen Warren FLEX Aaron Rodgers FLEX Deshaun Watson FLEX Harold Fannin Jr. FLEX Steelers  FLEX Roman Wilson,,,
1480,5277691775,strayshots1,0,96.38,CPT Jaylen Warren FLEX Aaron Rodgers FLEX Deshaun Watson FLEX Harold Fannin Jr. FLEX Steelers  FLEX Roman Wilson,,,
1480,5277693609,robvaughan,0,96.38,CPT Jaylen Warren FLEX Aaron Rodgers FLEX Deshaun Watson FLEX Harold Fannin Jr. FLEX Steelers  FLEX Roman Wilson,,,
1480,5277695826,bigstick8412,0,96.38,CPT Jaylen Warren FLEX Aaron Rodgers FLEX Deshaun Watson FLEX Harold Fannin Jr. FLEX Steelers  FLEX Roman Wilson,,,
1480,5277696094,tybry85,0,96.38,CPT Jaylen Warren FLEX Aaron Rodgers FLEX Deshaun Watson FLEX Harold Fannin Jr. FLEX Steelers  FLEX Roman Wilson,,,
1480,5277702574,lkdogg,0,96.38,CPT Jaylen Warren FLEX Aaron Rodgers FLEX Deshaun Watson FLEX Harold Fannin Jr. FLEX Steelers  FLEX Roman Wilson,,,
1480,5277713985,wesol33,0,96.38,CPT Jaylen Warren FLEX Aaron Rodgers FLEX Deshaun Watson FLEX Harold Fannin Jr. FLEX Steelers  FLEX Roman Wilson,,,
1480,5277716795,jessicadill,0,96.38,CPT Jaylen Warren FLEX Aaron Rodgers FLEX Deshaun Watson FLEX Harold Fannin Jr. FLEX Steelers  FLEX Roman Wilson,,,
1480,5277718283,Fishmanzada85,0,96.38,CPT Jaylen Warren FLEX Aaron Rodgers FLEX Deshaun Watson FLEX Harold Fannin Jr. FLEX Steelers  FLEX Roman Wilson,,,
1480,5277719796,weezel2424,0,96.38,CPT Jaylen Warren FLEX Aaron Rodgers FLEX Deshaun Watson FLEX Harold Fannin Jr. FLEX Steelers  FLEX Roman Wilson,,,
1480,5277729200,bdflrogues,0,96.38,CPT Jaylen Warren FLEX Aaron Rodgers FLEX Deshaun Watson FLEX Harold Fannin Jr. FLEX Steelers  FLEX Roman Wilson,,,
1480,5277732127,ericmint,0,96.38,CPT Jaylen Warren FLEX Aaron Rodgers FLEX Deshaun Watson FLEX Harold Fannin Jr. FLEX Steelers  FLEX Roman Wilson,,,
1480,5277735996,robertdej,0,96.38,CPT Jaylen Warren FLEX Aaron Rodgers FLEX Deshaun Watson FLEX Harold Fannin Jr. FLEX Steelers  FLEX Roman Wilson,,,
1480,5277736210,TStaten1985,0,96.38,CPT Jaylen Warren FLEX Aaron Rodgers FLEX Deshaun Watson FLEX Harold Fannin Jr. FLEX Steelers  FLEX Roman Wilson,,,
1480,5277739589,drewchisholm,0,96.38,CPT Jaylen Warren FLEX Aaron Rodgers FLEX Deshaun Watson FLEX Harold Fannin Jr. FLEX Steelers  FLEX Roman Wilson,,,
1480,5277741713,kcheros,0,96.38,CPT Jaylen Warren FLEX Aaron Rodgers FLEX Deshaun Watson FLEX Harold Fannin Jr. FLEX Steelers  FLEX Roman Wilson,,,
1480,5277747711,Noleman,0,96.38,CPT Jaylen Warren FLEX Aaron Rodgers FLEX Deshaun Watson FLEX Harold Fannin Jr. FLEX Steelers  FLEX Roman Wilson,,,
1480,5277762030,OneHotTamale97,0,96.38,CPT Jaylen Warren FLEX Aaron Rodgers FLEX Deshaun Watson FLEX Harold Fannin Jr. FLEX Steelers  FLEX Roman Wilson,,,
1480,5277762371,brandonbeene12,0,96.38,CPT Jaylen Warren FLEX Aaron Rodgers FLEX Deshaun Watson FLEX Harold Fannin Jr. FLEX Steelers  FLEX Roman Wilson,,,
1480,5277781430,bettinba1,0,96.38,CPT Jaylen Warren FLEX Aaron Rodgers FLEX Deshaun Watson FLEX Harold Fannin Jr. FLEX Steelers  FLEX Roman Wilson,,,
1480,5277784636,CJMucciaccio,0,96.38,CPT Jaylen Warren FLEX Aaron Rodgers FLEX Deshaun Watson FLEX Harold Fannin Jr. FLEX Steelers  FLEX Roman Wilson,,,
1480,5277790479,ChannelCatTaxi,0,96.38,CPT Jaylen Warren FLEX Aaron Rodgers FLEX Deshaun Watson FLEX Harold Fannin Jr. FLEX Steelers  FLEX Roman Wilson,,,
1480,5277791334,papachewy,0,96.38,CPT Jaylen Warren FLEX Aaron Rodgers FLEX Deshaun Watson FLEX Harold Fannin Jr. FLEX Steelers  FLEX Roman Wilson,,,
1480,5277798869,Quontina,0,96.38,CPT Jaylen Warren FLEX Aaron Rodgers FLEX Deshaun Watson FLEX Harold Fannin Jr. FLEX Steelers  FLEX Roman Wilson,,,
1480,5277803602,hardybook,0,96.38,CPT Jaylen Warren FLEX Aaron Rodgers FLEX Deshaun Watson FLEX Harold Fannin Jr. FLEX Steelers  FLEX Roman Wilson,,,
1480,5277807667,chefwells,0,96.38,CPT Jaylen Warren FLEX Aaron Rodgers FLEX Deshaun Watson FLEX Harold Fannin Jr. FLEX Steelers  FLEX Roman Wilson,,,
1480,5277820391,evospeed,0,96.38,CPT Jaylen Warren FLEX Aaron Rodgers FLEX Deshaun Watson FLEX Harold Fannin Jr. FLEX Steelers  FLEX Roman Wilson,,,
1480,5277830336,MMNicholas317,0,96.38,CPT Jaylen Warren FLEX Aaron Rodgers FLEX Deshaun Watson FLEX Harold Fannin Jr. FLEX Steelers  FLEX Roman Wilson,,,
1480,5277830417,AshKickers22,0,96.38,CPT Jaylen Warren FLEX Aaron Rodgers FLEX Deshaun Watson FLEX Harold Fannin Jr. FLEX Steelers  FLEX Roman Wilson,,,
1480,5277837094,kappie345,0,96.38,CPT Jaylen Warren FLEX Aaron Rodgers FLEX Deshaun Watson FLEX Harold Fannin Jr. FLEX Steelers  FLEX Roman Wilson,,,
1480,5277839569,KHes12,0,96.38,CPT Jaylen Warren FLEX Aaron Rodgers FLEX Deshaun Watson FLEX Harold Fannin Jr. FLEX Steelers  FLEX Roman Wilson,,,
1480,5277848974,MuchAdo,0,96.38,CPT Jaylen Warren FLEX Aaron Rodgers FLEX Deshaun Watson FLEX Harold Fannin Jr. FLEX Steelers  FLEX Roman Wilson,,,
1480,5277865163,Steeldo21,0,96.38,CPT Jaylen Warren FLEX Aaron Rodgers FLEX Deshaun Watson FLEX Harold Fannin Jr. FLEX Steelers  FLEX Roman Wilson,,,
1480,5277872003,Hera88,0,96.38,CPT Jaylen Warren FLEX Aaron Rodgers FLEX Deshaun Watson FLEX Harold Fannin Jr. FLEX Steelers  FLEX Roman Wilson,,,
1480,5277877182,Draftkingscaz20,0,96.38,CPT Chris Boswell FLEX Aaron Rodgers FLEX Jaylen Warren FLEX Deshaun Watson FLEX DK Metcalf FLEX Roman Wilson,,,
1480,5277877587,niquito_banana,0,96.38,CPT Jaylen Warren FLEX Aaron Rodgers FLEX Deshaun Watson FLEX Harold Fannin Jr. FLEX Steelers  FLEX Roman Wilson,,,
1480,5277887221,Wildcat6535,0,96.38,CPT Jaylen Warren FLEX Aaron Rodgers FLEX Deshaun Watson FLEX Harold Fannin Jr. FLEX Steelers  FLEX Roman Wilson,,,
1654,5275894543,btterman,0,96.36,CPT Quinshon Judkins FLEX Aaron Rodgers FLEX Jaylen Warren FLEX KC Concepcion Jr. FLEX Chris Boswell FLEX Browns ,,,
1654,5277204049,stuffnthangs,0,96.36,CPT Jaylen Warren FLEX Aaron Rodgers FLEX Quinshon Judkins FLEX Harold Fannin Jr. FLEX Chris Boswell FLEX Darnell Washington,,,
1654,5277462581,jjbbliss,0,96.36,CPT Jaylen Warren FLEX Aaron Rodgers FLEX Quinshon Judkins FLEX KC Concepcion Jr. FLEX Chris Boswell FLEX Andre Szmyt,,,
1657,5275827858,louwhite247,0,96.34,CPT Deshaun Watson FLEX Aaron Rodgers FLEX Denzel Boston FLEX Harold Fannin Jr. FLEX Browns  FLEX Roman Wilson,,,
1657,5276028440,martian04,0,96.34,CPT Aaron Rodgers FLEX DK Metcalf FLEX Quinshon Judkins FLEX Harold Fannin Jr. FLEX Chris Boswell FLEX Raheim Sanders,,,
1657,5276933015,grand2515,0,96.34,CPT Aaron Rodgers FLEX Jaylen Warren FLEX Denzel Boston FLEX Michael Pittman Jr. FLEX Andre Szmyt FLEX Roman Wilson,,,
1660,5277199961,Xavier9591,0,96.33,CPT Harold Fannin Jr. FLEX Aaron Rodgers FLEX Deshaun Watson FLEX DK Metcalf FLEX Chris Boswell FLEX Roman Wilson,,,
1660,5277755721,j.savage147,0,96.33,CPT Harold Fannin Jr. FLEX Aaron Rodgers FLEX Deshaun Watson FLEX DK Metcalf FLEX Chris Boswell FLEX Roman Wilson,,,
1662,5275428579,kimber02.3,0,96.28,CPT Deshaun Watson FLEX Jaylen Warren FLEX DK Metcalf FLEX Harold Fannin Jr. FLEX Pat Freiermuth FLEX Roman Wilson,,,
1662,5276253836,NoThought,0,96.28,CPT Deshaun Watson FLEX Jaylen Warren FLEX DK Metcalf FLEX Harold Fannin Jr. FLEX Pat Freiermuth FLEX Roman Wilson,,,
1662,5277551172,warwilly89,0,96.28,CPT Deshaun Watson FLEX Jaylen Warren FLEX DK Metcalf FLEX Harold Fannin Jr. FLEX Pat Freiermuth FLEX Roman Wilson,,,
1662,5277632544,b_burke_19,0,96.28,CPT Deshaun Watson FLEX Jaylen Warren FLEX DK Metcalf FLEX Harold Fannin Jr. FLEX Pat Freiermuth FLEX Roman Wilson,,,
1662,5276728134,EwDavid601,0,96.27999,CPT Jaylen Warren FLEX Aaron Rodgers FLEX Deshaun Watson FLEX Quinshon Judkins FLEX Pat Freiermuth FLEX Ben Skowronek,,,
1667,5276942288,kingrich1066,0,96.26,CPT Jaylen Warren FLEX Aaron Rodgers FLEX DK Metcalf FLEX Harold Fannin Jr. FLEX Steelers  FLEX Darnell Washington,,,
1667,5277013142,andrewirish,0,96.26,CPT Jaylen Warren FLEX Aaron Rodgers FLEX DK Metcalf FLEX KC Concepcion Jr. FLEX Steelers  FLEX Andre Szmyt,,,
1667,5277272733,Espirit2020,0,96.26,CPT Jaylen Warren FLEX Aaron Rodgers FLEX DK Metcalf FLEX Harold Fannin Jr. FLEX Steelers  FLEX Darnell Washington,,,
1667,5277353882,kelybely,0,96.26,CPT Jaylen Warren FLEX Aaron Rodgers FLEX DK Metcalf FLEX Harold Fannin Jr. FLEX Steelers  FLEX Darnell Washington,,,
1667,5277389390,Farcry12078,0,96.26,CPT Jaylen Warren FLEX Aaron Rodgers FLEX DK Metcalf FLEX KC Concepcion Jr. FLEX Steelers  FLEX Andre Szmyt,,,
1667,5277455106,doglife,0,96.26,CPT Jaylen Warren FLEX Aaron Rodgers FLEX DK Metcalf FLEX Harold Fannin Jr. FLEX Steelers  FLEX Darnell Washington,,,
1667,5277759679,epri187,0,96.26,CPT Jaylen Warren FLEX Aaron Rodgers FLEX DK Metcalf FLEX Harold Fannin Jr. FLEX Steelers  FLEX Darnell Washington,,,
1667,5277814049,Jherc90,0,96.26,CPT Jaylen Warren FLEX Aaron Rodgers FLEX DK Metcalf FLEX Harold Fannin Jr. FLEX Steelers  FLEX Darnell Washington,,,
1667,5277817925,Rilyharytoze,0,96.26,CPT Jaylen Warren FLEX Aaron Rodgers FLEX DK Metcalf FLEX Harold Fannin Jr. FLEX Steelers  FLEX Darnell Washington,,,
1667,5276944362,a1mdhood,0,96.259995,CPT Aaron Rodgers FLEX Deshaun Watson FLEX DK Metcalf FLEX Michael Pittman Jr. FLEX Steelers  FLEX Roman Wilson,,,
1667,5277327913,cshi,0,96.259995,CPT Steelers  FLEX Aaron Rodgers FLEX Jaylen Warren FLEX DK Metcalf FLEX Quinshon Judkins FLEX Jerry Jeudy,,,
1678,5277143117,respo22,0,96.25,CPT Denzel Boston FLEX Jaylen Warren FLEX DK Metcalf FLEX Quinshon Judkins FLEX KC Concepcion Jr. FLEX Jaleel McLaughlin,,,
1679,5275542172,Turnupkid715,0,96.229996,CPT Denzel Boston FLEX Aaron Rodgers FLEX Jaylen Warren FLEX Deshaun Watson FLEX Steelers  FLEX Roman Wilson,,,
1679,5276032123,BallzyMcMehaw,0,96.229996,CPT DK Metcalf FLEX Aaron Rodgers FLEX Deshaun Watson FLEX KC Concepcion Jr. FLEX Pat Freiermuth FLEX Steelers ,,,
1679,5276920200,BearMeltDown,0,96.229996,CPT DK Metcalf FLEX Aaron Rodgers FLEX Deshaun Watson FLEX KC Concepcion Jr. FLEX Pat Freiermuth FLEX Steelers ,,,
1679,5276987752,whausner,0,96.229996,CPT Denzel Boston FLEX Aaron Rodgers FLEX Jaylen Warren FLEX Deshaun Watson FLEX Steelers  FLEX Roman Wilson,,,
1679,5277081600,Kmsb33,0,96.229996,CPT DK Metcalf FLEX Aaron Rodgers FLEX Deshaun Watson FLEX KC Concepcion Jr. FLEX Pat Freiermuth FLEX Steelers ,,,
1679,5277203152,SigMonster42,0,96.229996,CPT DK Metcalf FLEX Aaron Rodgers FLEX Deshaun Watson FLEX KC Concepcion Jr. FLEX Pat Freiermuth FLEX Steelers ,,,
1679,5277722123,KudaDeThor,0,96.229996,CPT DK Metcalf FLEX Aaron Rodgers FLEX Deshaun Watson FLEX KC Concepcion Jr. FLEX Pat Freiermuth FLEX Steelers ,,,
1679,5277809571,chillyjilly68,0,96.229996,CPT Denzel Boston FLEX Aaron Rodgers FLEX Jaylen Warren FLEX Deshaun Watson FLEX Steelers  FLEX Roman Wilson,,,
1679,5277283751,Zwood22,0,96.22999,CPT Denzel Boston FLEX Aaron Rodgers FLEX Jaylen Warren FLEX Deshaun Watson FLEX Pat Freiermuth FLEX Darnell Washington,,,
1679,5277358338,3Tres,0,96.22999,CPT Denzel Boston FLEX Aaron Rodgers FLEX Jaylen Warren FLEX Deshaun Watson FLEX Pat Freiermuth FLEX Darnell Washington,,,
1679,5277858977,concrete31,0,96.22999,CPT Denzel Boston FLEX Aaron Rodgers FLEX Jaylen Warren FLEX Deshaun Watson FLEX Pat Freiermuth FLEX Darnell Washington,,,
1690,5276873472,derrick.brew,0,96.22,CPT Quinshon Judkins FLEX Jaylen Warren FLEX Deshaun Watson FLEX Denzel Boston FLEX Chris Boswell FLEX Roman Wilson,,,
1690,5277166975,Papia27,0,96.22,CPT Quinshon Judkins FLEX Jaylen Warren FLEX Deshaun Watson FLEX Denzel Boston FLEX Chris Boswell FLEX Roman Wilson,,,
1690,5277445362,Stephentider,0,96.22,CPT Quinshon Judkins FLEX Jaylen Warren FLEX Deshaun Watson FLEX Denzel Boston FLEX Chris Boswell FLEX Roman Wilson,,,
1693,5276337945,mister_eddie6,0,96.21,CPT DK Metcalf FLEX Aaron Rodgers FLEX Jaylen Warren FLEX KC Concepcion Jr. FLEX Chris Boswell FLEX Andre Szmyt,,,
1693,5276654224,MegGundy,0,96.20999,CPT Harold Fannin Jr. FLEX Aaron Rodgers FLEX Quinshon Judkins FLEX Pat Freiermuth FLEX Steelers  FLEX Roman Wilson,,,
1695,5276891467,draftqueen1024,0,96.19999,CPT KC Concepcion Jr. FLEX Jaylen Warren FLEX DK Metcalf FLEX Quinshon Judkins FLEX Harold Fannin Jr. FLEX Pat Freiermuth,,,
1695,5277495755,Hilyer6213,0,96.19999,CPT KC Concepcion Jr. FLEX Jaylen Warren FLEX DK Metcalf FLEX Quinshon Judkins FLEX Harold Fannin Jr. FLEX Pat Freiermuth,,,
1695,5277510608,Starras,0,96.19999,CPT KC Concepcion Jr. FLEX Jaylen Warren FLEX DK Metcalf FLEX Quinshon Judkins FLEX Harold Fannin Jr. FLEX Pat Freiermuth,,,
1695,5277671302,SnookCrook7980,0,96.19999,CPT KC Concepcion Jr. FLEX Jaylen Warren FLEX DK Metcalf FLEX Quinshon Judkins FLEX Harold Fannin Jr. FLEX Pat Freiermuth,,,
1699,5276493637,JR6724,0,96.17999,CPT KC Concepcion Jr. FLEX Aaron Rodgers FLEX Deshaun Watson FLEX DK Metcalf FLEX Harold Fannin Jr. FLEX Browns ,,,
1699,5276589278,BobbySessions,0,96.17999,CPT KC Concepcion Jr. FLEX Aaron Rodgers FLEX Jaylen Warren FLEX Deshaun Watson FLEX Denzel Boston FLEX Darnell Washington,,,
1699,5277098438,mrbubbles88,0,96.17999,CPT KC Concepcion Jr. FLEX Aaron Rodgers FLEX Jaylen Warren FLEX Deshaun Watson FLEX Denzel Boston FLEX Darnell Washington,,,
1699,5277219768,Slugxx,0,96.17999,CPT KC Concepcion Jr. FLEX Aaron Rodgers FLEX Jaylen Warren FLEX Deshaun Watson FLEX Denzel Boston FLEX Darnell Washington,,,
1699,5277331468,4prongdigger,0,96.17999,CPT KC Concepcion Jr. FLEX Aaron Rodgers FLEX Deshaun Watson FLEX DK Metcalf FLEX Harold Fannin Jr. FLEX Browns ,,,
1699,5277607488,cdeutschhhhh,0,96.17999,CPT KC Concepcion Jr. FLEX Aaron Rodgers FLEX Deshaun Watson FLEX DK Metcalf FLEX Harold Fannin Jr. FLEX Browns ,,,
1705,5276808228,louiedvm,0,96.159996,CPT Jaylen Warren FLEX Aaron Rodgers FLEX DK Metcalf FLEX Quinshon Judkins FLEX Steelers  FLEX Ben Skowronek,,,
1705,5276895227,aarontheone,0,96.159996,CPT Steelers  FLEX Aaron Rodgers FLEX Jaylen Warren FLEX DK Metcalf FLEX Harold Fannin Jr. FLEX Roman Wilson,,,
1707,5276847307,chadwei,0,96.11,CPT Pat Freiermuth FLEX Aaron Rodgers FLEX Jaylen Warren FLEX Quinshon Judkins FLEX Denzel Boston FLEX Steelers ,,,
1708,5276111962,alewisjr25,0,96.08,CPT Jaylen Warren FLEX Aaron Rodgers FLEX Deshaun Watson FLEX KC Concepcion Jr. FLEX Steelers  FLEX Roman Wilson,,,
1708,5276628911,scooter8174,0,96.08,CPT Jaylen Warren FLEX Aaron Rodgers FLEX Deshaun Watson FLEX KC Concepcion Jr. FLEX Steelers  FLEX Roman Wilson,,,
1708,5276928251,RussiBets,0,96.08,CPT Jaylen Warren FLEX Aaron Rodgers FLEX Deshaun Watson FLEX KC Concepcion Jr. FLEX Steelers  FLEX Roman Wilson,,,
1708,5277014992,FlowARC,0,96.08,CPT Jaylen Warren FLEX Aaron Rodgers FLEX Deshaun Watson FLEX KC Concepcion Jr. FLEX Steelers  FLEX Roman Wilson,,,
1708,5277198168,GQ1NYC,0,96.08,CPT Jaylen Warren FLEX Aaron Rodgers FLEX Deshaun Watson FLEX KC Concepcion Jr. FLEX Pat Freiermuth FLEX Darnell Washington,,,
1708,5277258074,jsamtoy,0,96.08,CPT Jaylen Warren FLEX Aaron Rodgers FLEX Deshaun Watson FLEX KC Concepcion Jr. FLEX Steelers  FLEX Roman Wilson,,,
1708,5277460283,ger51son,0,96.08,CPT Jaylen Warren FLEX Aaron Rodgers FLEX Deshaun Watson FLEX KC Concepcion Jr. FLEX Steelers  FLEX Roman Wilson,,,
1708,5277615834,NotoriousHP,0,96.08,CPT Jaylen Warren FLEX Aaron Rodgers FLEX Deshaun Watson FLEX KC Concepcion Jr. FLEX Steelers  FLEX Roman Wilson,,,
1708,5277635959,Rayfromkop,0,96.08,CPT Jaylen Warren FLEX Aaron Rodgers FLEX Deshaun Watson FLEX KC Concepcion Jr. FLEX Steelers  FLEX Roman Wilson,,,
1708,5277855966,jmoodz15,0,96.08,CPT Jaylen Warren FLEX Aaron Rodgers FLEX Deshaun Watson FLEX KC Concepcion Jr. FLEX Pat Freiermuth FLEX Darnell Washington,,,
1708,5277868948,sopolis,0,96.08,CPT Jaylen Warren FLEX Aaron Rodgers FLEX Deshaun Watson FLEX KC Concepcion Jr. FLEX Steelers  FLEX Roman Wilson,,,
1719,5277887282,tdochoa34,0,96.06,CPT Aaron Rodgers FLEX Deshaun Watson FLEX DK Metcalf FLEX KC Concepcion Jr. FLEX Pat Freiermuth FLEX Raheim Sanders,,,
1720,5275565900,Thuff5,0,96.03999,CPT Deshaun Watson FLEX Aaron Rodgers FLEX Jaylen Warren FLEX Harold Fannin Jr. FLEX Steelers  FLEX Roman Wilson,,,
1720,5275989056,selmade,0,96.03999,CPT Deshaun Watson FLEX Aaron Rodgers FLEX Jaylen Warren FLEX Harold Fannin Jr. FLEX Steelers  FLEX Roman Wilson,,,
1720,5276237895,dpchaps,0,96.03999,CPT Deshaun Watson FLEX Aaron Rodgers FLEX Jaylen Warren FLEX Harold Fannin Jr. FLEX Steelers  FLEX Roman Wilson,,,
1720,5276354420,YippeKaye,0,96.03999,CPT Deshaun Watson FLEX Aaron Rodgers FLEX Jaylen Warren FLEX Harold Fannin Jr. FLEX Steelers  FLEX Roman Wilson,,,
1720,5276652067,RIZZOB223,0,96.03999,CPT Deshaun Watson FLEX Aaron Rodgers FLEX Jaylen Warren FLEX Harold Fannin Jr. FLEX Steelers  FLEX Roman Wilson,,,
1720,5276806536,rob27348,0,96.03999,CPT Deshaun Watson FLEX Aaron Rodgers FLEX Quinshon Judkins FLEX KC Concepcion Jr. FLEX Pat Freiermuth FLEX Steelers ,,,
1720,5277040422,ozztec,0,96.03999,CPT Deshaun Watson FLEX Aaron Rodgers FLEX Jaylen Warren FLEX Harold Fannin Jr. FLEX Steelers  FLEX Roman Wilson,,,
1720,5277136016,N8DAWG1043,0,96.03999,CPT Deshaun Watson FLEX Aaron Rodgers FLEX Jaylen Warren FLEX Harold Fannin Jr. FLEX Steelers  FLEX Roman Wilson,,,
1720,5277139017,DCMJR82,0,96.03999,CPT Deshaun Watson FLEX Aaron Rodgers FLEX Jaylen Warren FLEX Harold Fannin Jr. FLEX Steelers  FLEX Roman Wilson,,,
1720,5277141413,Sparty-2020,0,96.03999,CPT Deshaun Watson FLEX Aaron Rodgers FLEX Jaylen Warren FLEX Harold Fannin Jr. FLEX Steelers  FLEX Roman Wilson,,,
1720,5277234724,sherwood1,0,96.03999,CPT Deshaun Watson FLEX Aaron Rodgers FLEX Jaylen Warren FLEX Harold Fannin Jr. FLEX Steelers  FLEX Roman Wilson,,,
1720,5277317352,amanda_1313,0,96.03999,CPT Deshaun Watson FLEX Aaron Rodgers FLEX Jaylen Warren FLEX Harold Fannin Jr. FLEX Steelers  FLEX Roman Wilson,,,
1720,5277676306,ludaquist,0,96.03999,CPT Deshaun Watson FLEX Aaron Rodgers FLEX Jaylen Warren FLEX Harold Fannin Jr. FLEX Steelers  FLEX Roman Wilson,,,
1733,5276721804,djglenc7,0,96.009995,CPT Pat Freiermuth FLEX Aaron Rodgers FLEX DK Metcalf FLEX Quinshon Judkins FLEX Michael Pittman Jr. FLEX KC Concepcion Jr.,,,
1733,5277734041,Margates,0,96.009995,CPT Harold Fannin Jr. FLEX Aaron Rodgers FLEX DK Metcalf FLEX Denzel Boston FLEX KC Concepcion Jr. FLEX Pat Freiermuth,,,
1735,5276403259,foutah,0,95.979996,CPT Andre Szmyt FLEX Aaron Rodgers FLEX Jaylen Warren FLEX Deshaun Watson FLEX DK Metcalf FLEX Chris Boswell,,,
1735,5276909738,Rentbusterty,0,95.979996,CPT Andre Szmyt FLEX Aaron Rodgers FLEX Jaylen Warren FLEX Deshaun Watson FLEX DK Metcalf FLEX Chris Boswell,,,
1735,5277650102,Cubbiegrampa,0,95.979996,CPT Quinshon Judkins FLEX Aaron Rodgers FLEX Deshaun Watson FLEX Chris Boswell FLEX Browns  FLEX Darnell Washington,,,
1738,5277775254,BigChi54,0,95.97,CPT Harold Fannin Jr. FLEX Jaylen Warren FLEX Deshaun Watson FLEX DK Metcalf FLEX Andre Szmyt FLEX Roman Wilson,,,
1739,5275432254,PMorgan71,0,95.96,CPT Jaylen Warren FLEX Aaron Rodgers FLEX DK Metcalf FLEX KC Concepcion Jr. FLEX Steelers  FLEX Darnell Washington,,,
1740,5277827707,fowlera5,0,95.9,CPT Quinshon Judkins FLEX Jaylen Warren FLEX DK Metcalf FLEX Harold Fannin Jr. FLEX Pat Freiermuth FLEX Steelers ,,,
1741,5275854894,DrKaz300,0,95.88,CPT Jaylen Warren FLEX Aaron Rodgers FLEX Deshaun Watson FLEX Denzel Boston FLEX Browns  FLEX Darnell Washington,,,
1742,5275612442,familyjules,0,95.86,CPT Aaron Rodgers FLEX Jaylen Warren FLEX Deshaun Watson FLEX Harold Fannin Jr. FLEX Steelers  FLEX Darnell Washington,,,
1742,5275829040,blitzburgh07,0,95.86,CPT Aaron Rodgers FLEX Jaylen Warren FLEX Deshaun Watson FLEX Harold Fannin Jr. FLEX Steelers  FLEX Darnell Washington,,,
1742,5276816180,goon48,0,95.86,CPT Aaron Rodgers FLEX Jaylen Warren FLEX Deshaun Watson FLEX KC Concepcion Jr. FLEX Steelers  FLEX Andre Szmyt,,,
1742,5277257459,JNED85,0,95.86,CPT Aaron Rodgers FLEX Jaylen Warren FLEX Deshaun Watson FLEX KC Concepcion Jr. FLEX Steelers  FLEX Andre Szmyt,,,
1742,5277318963,Haviball,0,95.86,CPT Aaron Rodgers FLEX Deshaun Watson FLEX Denzel Boston FLEX Harold Fannin Jr. FLEX Chris Boswell FLEX Roman Wilson,,,
1742,5277495062,Jason13points,0,95.86,CPT Aaron Rodgers FLEX Jaylen Warren FLEX Deshaun Watson FLEX Harold Fannin Jr. FLEX Steelers  FLEX Darnell Washington,,,
1742,5277719586,lex_atmosphere,0,95.86,CPT Aaron Rodgers FLEX Deshaun Watson FLEX DK Metcalf FLEX Denzel Boston FLEX Steelers  FLEX Jerry Jeudy,,,
1742,5277760060,waynious,0,95.86,CPT Aaron Rodgers FLEX Jaylen Warren FLEX Deshaun Watson FLEX Harold Fannin Jr. FLEX Steelers  FLEX Darnell Washington,,,
1742,5277828429,trbbls,0,95.86,CPT Aaron Rodgers FLEX Deshaun Watson FLEX Denzel Boston FLEX Harold Fannin Jr. FLEX Chris Boswell FLEX Roman Wilson,,,
1751,5276328478,TDog70,0,95.84999,CPT Pat Freiermuth FLEX Jaylen Warren FLEX DK Metcalf FLEX Quinshon Judkins FLEX Harold Fannin Jr. FLEX KC Concepcion Jr.,,,
1751,5277341802,StLCyclone,0,95.84999,CPT Pat Freiermuth FLEX Jaylen Warren FLEX DK Metcalf FLEX Quinshon Judkins FLEX Harold Fannin Jr. FLEX KC Concepcion Jr.,,,
1753,5276791627,chrislogo,0,95.83,CPT DK Metcalf FLEX Aaron Rodgers FLEX Deshaun Watson FLEX Harold Fannin Jr. FLEX Chris Boswell FLEX Andre Szmyt,,,
1753,5276933905,flawsom,0,95.83,CPT DK Metcalf FLEX Aaron Rodgers FLEX Deshaun Watson FLEX Harold Fannin Jr. FLEX Chris Boswell FLEX Andre Szmyt,,,
1753,5277029472,raf10a,0,95.83,CPT DK Metcalf FLEX Aaron Rodgers FLEX Deshaun Watson FLEX Harold Fannin Jr. FLEX Chris Boswell FLEX Andre Szmyt,,,
1753,5277220182,thegunnard,0,95.83,CPT DK Metcalf FLEX Aaron Rodgers FLEX Deshaun Watson FLEX Harold Fannin Jr. FLEX Chris Boswell FLEX Andre Szmyt,,,
1753,5277302572,FootballFoolery,0,95.83,CPT DK Metcalf FLEX Aaron Rodgers FLEX Deshaun Watson FLEX Harold Fannin Jr. FLEX Chris Boswell FLEX Andre Szmyt,,,
1753,5277368183,softball101,0,95.83,CPT DK Metcalf FLEX Aaron Rodgers FLEX Deshaun Watson FLEX Harold Fannin Jr. FLEX Chris Boswell FLEX Andre Szmyt,,,
1753,5277393782,PurplePain42,0,95.83,CPT DK Metcalf FLEX Aaron Rodgers FLEX Deshaun Watson FLEX Harold Fannin Jr. FLEX Chris Boswell FLEX Andre Szmyt,,,
1753,5277417100,GuhReeDoe,0,95.83,CPT DK Metcalf FLEX Aaron Rodgers FLEX Deshaun Watson FLEX Harold Fannin Jr. FLEX Chris Boswell FLEX Andre Szmyt,,,
1753,5277479578,kevinu182,0,95.83,CPT DK Metcalf FLEX Aaron Rodgers FLEX Deshaun Watson FLEX Harold Fannin Jr. FLEX Chris Boswell FLEX Andre Szmyt,,,
1753,5277646723,caper1940,0,95.83,CPT DK Metcalf FLEX Aaron Rodgers FLEX Deshaun Watson FLEX Harold Fannin Jr. FLEX Chris Boswell FLEX Andre Szmyt,,,
1753,5277829179,relentlessone36,0,95.83,CPT DK Metcalf FLEX Aaron Rodgers FLEX Deshaun Watson FLEX Harold Fannin Jr. FLEX Chris Boswell FLEX Andre Szmyt,,,
1753,5277841128,jimles,0,95.83,CPT DK Metcalf FLEX Aaron Rodgers FLEX Deshaun Watson FLEX Harold Fannin Jr. FLEX Chris Boswell FLEX Andre Szmyt,,,
1753,5277715770,hbluhm6494,0,95.829994,CPT Denzel Boston FLEX Aaron Rodgers FLEX Deshaun Watson FLEX Quinshon Judkins FLEX Chris Boswell FLEX Andre Szmyt,,,
1753,5277781981,krash3107,0,95.829994,CPT Denzel Boston FLEX Aaron Rodgers FLEX Deshaun Watson FLEX Quinshon Judkins FLEX Chris Boswell FLEX Andre Szmyt,,,
1767,5276507296,lambdawg,0,95.78,CPT Jaylen Warren FLEX Aaron Rodgers FLEX Deshaun Watson FLEX Quinshon Judkins FLEX Andre Szmyt FLEX Travis Homer,,,
1767,5277245285,HeavyDandtheBoys,0,95.78,CPT Jaylen Warren FLEX Aaron Rodgers FLEX Deshaun Watson FLEX Quinshon Judkins FLEX Andre Szmyt FLEX Travis Homer,,,
1767,5276837929,WackyWizard,0,95.77999,CPT KC Concepcion Jr. FLEX Aaron Rodgers FLEX Deshaun Watson FLEX Harold Fannin Jr. FLEX Roman Wilson FLEX Darnell Washington,,,
1770,5277240028,michaelw,0,95.74,CPT Deshaun Watson FLEX Aaron Rodgers FLEX Jaylen Warren FLEX KC Concepcion Jr. FLEX Pat Freiermuth FLEX Darnell Washington,,,
1771,5277626698,rmeinke,0,95.729996,CPT Denzel Boston FLEX Aaron Rodgers FLEX Deshaun Watson FLEX DK Metcalf FLEX KC Concepcion Jr. FLEX Jerry Jeudy,,,
1772,5276981799,RoccoDoodleDoo,0,95.68,CPT Jaylen Warren FLEX Aaron Rodgers FLEX Deshaun Watson FLEX Denzel Boston FLEX Harold Fannin Jr. FLEX Jaleel McLaughlin,,,
1772,5277344883,Dewaalian,0,95.68,CPT Deshaun Watson FLEX Quinshon Judkins FLEX Denzel Boston FLEX Harold Fannin Jr. FLEX Pat Freiermuth FLEX Roman Wilson,,,
1774,5275552117,lerickson50,0,95.66,CPT Quinshon Judkins FLEX Aaron Rodgers FLEX Denzel Boston FLEX Harold Fannin Jr. FLEX Pat Freiermuth FLEX Chris Boswell,,,
1775,5276200248,SMITTOFF11,0,95.63999,CPT Deshaun Watson FLEX Aaron Rodgers FLEX Quinshon Judkins FLEX Harold Fannin Jr. FLEX Chris Boswell FLEX Andre Szmyt,,,
1775,5276702107,bweisbarth,0,95.63999,CPT Deshaun Watson FLEX Aaron Rodgers FLEX Quinshon Judkins FLEX Harold Fannin Jr. FLEX Chris Boswell FLEX Andre Szmyt,,,
1777,5277785561,Tcbeme,0,95.62999,CPT Harold Fannin Jr. FLEX Aaron Rodgers FLEX Deshaun Watson FLEX DK Metcalf FLEX Pat Freiermuth FLEX Browns ,,,
1778,5275605724,RyanCox421,0,95.62,CPT Quinshon Judkins FLEX Jaylen Warren FLEX Deshaun Watson FLEX Harold Fannin Jr. FLEX Browns  FLEX Andre Szmyt,,,
1778,5276111643,dmissal,0,95.62,CPT Quinshon Judkins FLEX Jaylen Warren FLEX Deshaun Watson FLEX Harold Fannin Jr. FLEX Browns  FLEX Andre Szmyt,,,
1778,5276288799,LTskelter,0,95.62,CPT Quinshon Judkins FLEX Jaylen Warren FLEX Deshaun Watson FLEX Harold Fannin Jr. FLEX Browns  FLEX Andre Szmyt,,,
1778,5276445552,aj4evers,0,95.62,CPT Quinshon Judkins FLEX Jaylen Warren FLEX Deshaun Watson FLEX Harold Fannin Jr. FLEX Browns  FLEX Andre Szmyt,,,
1778,5276989780,samolson3121,0,95.62,CPT Quinshon Judkins FLEX Jaylen Warren FLEX Deshaun Watson FLEX Harold Fannin Jr. FLEX Browns  FLEX Andre Szmyt,,,
1778,5277047055,meat34,0,95.62,CPT Quinshon Judkins FLEX Jaylen Warren FLEX Deshaun Watson FLEX Harold Fannin Jr. FLEX Browns  FLEX Andre Szmyt,,,
1778,5277106291,RobAugie,0,95.62,CPT Quinshon Judkins FLEX Jaylen Warren FLEX Deshaun Watson FLEX Harold Fannin Jr. FLEX Browns  FLEX Andre Szmyt,,,
1778,5277167171,LimitedTimeOnly,0,95.62,CPT Quinshon Judkins FLEX Jaylen Warren FLEX Deshaun Watson FLEX Harold Fannin Jr. FLEX Browns  FLEX Andre Szmyt,,,
1778,5277585924,jhietbri01,0,95.62,CPT Quinshon Judkins FLEX Jaylen Warren FLEX Deshaun Watson FLEX Harold Fannin Jr. FLEX Browns  FLEX Andre Szmyt,,,
1778,5277840104,rambogold,0,95.62,CPT Quinshon Judkins FLEX Jaylen Warren FLEX Deshaun Watson FLEX Harold Fannin Jr. FLEX Browns  FLEX Andre Szmyt,,,
1788,5277696457,sauceycor,0,95.6,CPT Roman Wilson FLEX Jaylen Warren FLEX Quinshon Judkins FLEX Harold Fannin Jr. FLEX KC Concepcion Jr. FLEX Pat Freiermuth,,,
1789,5275632315,ptrainz,0,95.579994,CPT Jaylen Warren FLEX Aaron Rodgers FLEX Deshaun Watson FLEX Quinshon Judkins FLEX Harold Fannin Jr. FLEX Eric Gray,,,
1789,5275880965,Sons0fSacifice,0,95.579994,CPT Browns  FLEX Aaron Rodgers FLEX Jaylen Warren FLEX Deshaun Watson FLEX Quinshon Judkins FLEX Steelers ,,,
1789,5276086838,dumbassosufan,0,95.579994,CPT Browns  FLEX Aaron Rodgers FLEX Jaylen Warren FLEX Deshaun Watson FLEX Quinshon Judkins FLEX Steelers ,,,
1789,5276498183,cgransbery,0,95.579994,CPT Browns  FLEX Aaron Rodgers FLEX Jaylen Warren FLEX Deshaun Watson FLEX Quinshon Judkins FLEX Steelers ,,,
1789,5276594923,ingveigh14,0,95.579994,CPT Browns  FLEX Aaron Rodgers FLEX Jaylen Warren FLEX Deshaun Watson FLEX Quinshon Judkins FLEX Steelers ,,,
1789,5276750905,Hanauewe,0,95.579994,CPT Browns  FLEX Aaron Rodgers FLEX Jaylen Warren FLEX Deshaun Watson FLEX Quinshon Judkins FLEX Steelers ,,,
1789,5276919838,WFT_HTTR,0,95.579994,CPT Jerry Jeudy FLEX Aaron Rodgers FLEX Jaylen Warren FLEX Deshaun Watson FLEX DK Metcalf FLEX Harold Fannin Jr.,,,
1789,5277162594,LorenzoStax,0,95.579994,CPT Browns  FLEX Aaron Rodgers FLEX Jaylen Warren FLEX Deshaun Watson FLEX Quinshon Judkins FLEX Steelers ,,,
1789,5277305324,CCKings505,0,95.579994,CPT Jaylen Warren FLEX Aaron Rodgers FLEX Deshaun Watson FLEX Quinshon Judkins FLEX Harold Fannin Jr. FLEX Kaden Wetjen,,,
1789,5277305822,Baxtersmom,0,95.579994,CPT Jaylen Warren FLEX Aaron Rodgers FLEX Deshaun Watson FLEX Quinshon Judkins FLEX Harold Fannin Jr. FLEX Michael Burton,,,
1789,5277527785,Kolin1,0,95.579994,CPT Jerry Jeudy FLEX Aaron Rodgers FLEX Jaylen Warren FLEX Deshaun Watson FLEX DK Metcalf FLEX Harold Fannin Jr.,,,
1789,5277531088,bennybenny420,0,95.579994,CPT Browns  FLEX Aaron Rodgers FLEX Jaylen Warren FLEX Deshaun Watson FLEX Quinshon Judkins FLEX Steelers ,,,
1789,5277765441,patday88,0,95.579994,CPT Jaylen Warren FLEX Aaron Rodgers FLEX Deshaun Watson FLEX Quinshon Judkins FLEX Harold Fannin Jr. FLEX Jimmy Horn Jr.,,,
1789,5277844983,BeastieBoyMode,0,95.579994,CPT Jerry Jeudy FLEX Aaron Rodgers FLEX Jaylen Warren FLEX Deshaun Watson FLEX DK Metcalf FLEX Harold Fannin Jr.,,,
1803,5276661862,Incompetent,0,95.560005,CPT Jaylen Warren FLEX Aaron Rodgers FLEX DK Metcalf FLEX Pat Freiermuth FLEX Steelers  FLEX Andre Szmyt,,,
1803,5277756486,billy.taylor97,0,95.56,CPT Jaylen Warren FLEX Aaron Rodgers FLEX Quinshon Judkins FLEX Michael Pittman Jr. FLEX KC Concepcion Jr. FLEX Darnell Washington,,,
1805,5277734425,Lewsgiff,0,95.53,CPT DK Metcalf FLEX Aaron Rodgers FLEX Deshaun Watson FLEX KC Concepcion Jr. FLEX Chris Boswell FLEX Andre Szmyt,,,
1806,5277219508,Tulip9,0,95.51999,CPT KC Concepcion Jr. FLEX Deshaun Watson FLEX DK Metcalf FLEX Quinshon Judkins FLEX Harold Fannin Jr. FLEX Pat Freiermuth,,,
1806,5277240455,skimpyblunts,0,95.51999,CPT KC Concepcion Jr. FLEX Deshaun Watson FLEX DK Metcalf FLEX Quinshon Judkins FLEX Harold Fannin Jr. FLEX Pat Freiermuth,,,
1806,5277536906,87dlv727,0,95.51999,CPT KC Concepcion Jr. FLEX Deshaun Watson FLEX DK Metcalf FLEX Quinshon Judkins FLEX Harold Fannin Jr. FLEX Pat Freiermuth,,,
1806,5277816696,isaic,0,95.51999,CPT KC Concepcion Jr. FLEX Deshaun Watson FLEX DK Metcalf FLEX Quinshon Judkins FLEX Harold Fannin Jr. FLEX Pat Freiermuth,,,
1810,5277801726,Catfish_hunter,0,95.51,CPT DK Metcalf FLEX Aaron Rodgers FLEX Jaylen Warren FLEX Denzel Boston FLEX Pat Freiermuth FLEX Germie Bernard,,,
1810,5277250628,nraunaag,0,95.509995,CPT DK Metcalf FLEX Aaron Rodgers FLEX Quinshon Judkins FLEX Pat Freiermuth FLEX Chris Boswell FLEX Steelers ,,,
1812,5275436964,shafi01,0,95.479996,CPT Roman Wilson FLEX Aaron Rodgers FLEX Jaylen Warren FLEX Deshaun Watson FLEX Denzel Boston FLEX Michael Pittman Jr.,,,
1812,5275880259,pfrede01,0,95.479996,CPT Roman Wilson FLEX Aaron Rodgers FLEX Jaylen Warren FLEX Deshaun Watson FLEX Denzel Boston FLEX Michael Pittman Jr.,,,
1812,5275993503,tweet67448,0,95.479996,CPT Roman Wilson FLEX Aaron Rodgers FLEX Jaylen Warren FLEX Deshaun Watson FLEX Denzel Boston FLEX Michael Pittman Jr.,,,
1812,5276822079,eament09,0,95.479996,CPT Roman Wilson FLEX Aaron Rodgers FLEX Jaylen Warren FLEX Deshaun Watson FLEX Denzel Boston FLEX Michael Pittman Jr.,,,
1812,5277357080,bdfeli,0,95.479996,CPT Roman Wilson FLEX Aaron Rodgers FLEX Jaylen Warren FLEX Deshaun Watson FLEX Denzel Boston FLEX Michael Pittman Jr.,,,
1817,5275928177,BenFarne1,0,95.46,CPT Jaylen Warren FLEX Aaron Rodgers FLEX DK Metcalf FLEX Denzel Boston FLEX Chris Boswell FLEX Darnell Washington,,,
1817,5277504786,kit_kat92,0,95.46,CPT Aaron Rodgers FLEX Jaylen Warren FLEX Deshaun Watson FLEX Harold Fannin Jr. FLEX Pat Freiermuth FLEX Jerry Jeudy,,,
1817,5277652050,Calibreed,0,95.46,CPT Jaylen Warren FLEX Aaron Rodgers FLEX DK Metcalf FLEX Denzel Boston FLEX Chris Boswell FLEX Darnell Washington,,,
1817,5277867162,dons4sen,0,95.46,CPT Aaron Rodgers FLEX Jaylen Warren FLEX Deshaun Watson FLEX Harold Fannin Jr. FLEX Pat Freiermuth FLEX Jerry Jeudy,,,
1821,5277507530,cotee20,0,95.43999,CPT Deshaun Watson FLEX Aaron Rodgers FLEX Jaylen Warren FLEX Quinshon Judkins FLEX Pat Freiermuth FLEX Isaiah Bond,,,
1822,5276151942,Giantchance,0,95.42999,CPT DK Metcalf FLEX Aaron Rodgers FLEX Jaylen Warren FLEX Deshaun Watson FLEX Harold Fannin Jr. FLEX Riley Nowakowski,,,
1822,5276999985,Ocin_D_Clown,0,95.42999,CPT DK Metcalf FLEX Aaron Rodgers FLEX Jaylen Warren FLEX Deshaun Watson FLEX Harold Fannin Jr. FLEX Riley Nowakowski,,,
1822,5277364364,Beezy269,0,95.42999,CPT Pat Freiermuth FLEX Aaron Rodgers FLEX Jaylen Warren FLEX Deshaun Watson FLEX Denzel Boston FLEX Andre Szmyt,,,
1822,5277562786,alliance61,0,95.42999,CPT Pat Freiermuth FLEX Aaron Rodgers FLEX Jaylen Warren FLEX Deshaun Watson FLEX Denzel Boston FLEX Andre Szmyt,,,
1826,5276276112,jroop88,0,95.40999,CPT Harold Fannin Jr. FLEX Aaron Rodgers FLEX Jaylen Warren FLEX Quinshon Judkins FLEX Pat Freiermuth FLEX Steelers ,,,
1826,5277438529,postalwolf,0,95.40999,CPT Harold Fannin Jr. FLEX Aaron Rodgers FLEX Jaylen Warren FLEX Quinshon Judkins FLEX Pat Freiermuth FLEX Steelers ,,,
1826,5277498787,leblancsteph2,0,95.40999,CPT Harold Fannin Jr. FLEX Aaron Rodgers FLEX Jaylen Warren FLEX Quinshon Judkins FLEX Pat Freiermuth FLEX Steelers ,,,
1826,5277715531,Codeorange23,0,95.40999,CPT Harold Fannin Jr. FLEX Aaron Rodgers FLEX Jaylen Warren FLEX Quinshon Judkins FLEX Pat Freiermuth FLEX Steelers ,,,
1826,5277760266,mravina311,0,95.40999,CPT Harold Fannin Jr. FLEX Aaron Rodgers FLEX Jaylen Warren FLEX Quinshon Judkins FLEX Pat Freiermuth FLEX Steelers ,,,
1831,5276831964,ShaShaPack,0,95.4,CPT Jaylen Warren FLEX DK Metcalf FLEX Quinshon Judkins FLEX Denzel Boston FLEX Steelers  FLEX Andre Szmyt,,,
1831,5277110374,nickrambo,0,95.4,CPT Quinshon Judkins FLEX Jaylen Warren FLEX DK Metcalf FLEX Denzel Boston FLEX Steelers  FLEX Browns ,,,
1831,5277569237,Jtron467,0,95.4,CPT Jaylen Warren FLEX DK Metcalf FLEX Quinshon Judkins FLEX Denzel Boston FLEX Steelers  FLEX Andre Szmyt,,,
1831,5277733103,lmcgittigan,0,95.4,CPT Jaylen Warren FLEX DK Metcalf FLEX Quinshon Judkins FLEX Denzel Boston FLEX Steelers  FLEX Andre Szmyt,,,
1831,5277762631,price2622,0,95.4,CPT Quinshon Judkins FLEX Jaylen Warren FLEX DK Metcalf FLEX Denzel Boston FLEX Steelers  FLEX Browns ,,,
1836,5277544771,marcofromjersey,0,95.380005,CPT Quinshon Judkins FLEX Aaron Rodgers FLEX Deshaun Watson FLEX Harold Fannin Jr. FLEX Pat Freiermuth FLEX Ben Skowronek,,,
1836,5276815329,Costanzuh,0,95.38,CPT Jaylen Warren FLEX Aaron Rodgers FLEX Deshaun Watson FLEX Pat Freiermuth FLEX Steelers  FLEX Roman Wilson,,,
1836,5277233440,Lkoolk,0,95.38,CPT Jaylen Warren FLEX Aaron Rodgers FLEX Deshaun Watson FLEX Pat Freiermuth FLEX Steelers  FLEX Roman Wilson,,,
1839,5275524532,Brock20918,0,95.369995,CPT Harold Fannin Jr. FLEX Jaylen Warren FLEX Deshaun Watson FLEX DK Metcalf FLEX KC Concepcion Jr. FLEX Roman Wilson,,,
1839,5275738003,Seanobi,0,95.369995,CPT Harold Fannin Jr. FLEX Jaylen Warren FLEX Deshaun Watson FLEX DK Metcalf FLEX KC Concepcion Jr. FLEX Roman Wilson,,,
1839,5276034481,mcdowgl,0,95.369995,CPT Harold Fannin Jr. FLEX Jaylen Warren FLEX Deshaun Watson FLEX DK Metcalf FLEX KC Concepcion Jr. FLEX Roman Wilson,,,
1839,5276469487,Rick_from_C-137,0,95.369995,CPT Harold Fannin Jr. FLEX Jaylen Warren FLEX Deshaun Watson FLEX DK Metcalf FLEX KC Concepcion Jr. FLEX Roman Wilson,,,
1839,5276769792,REINY66,0,95.369995,CPT Harold Fannin Jr. FLEX Jaylen Warren FLEX Deshaun Watson FLEX DK Metcalf FLEX KC Concepcion Jr. FLEX Roman Wilson,,,
1839,5277222707,orangegoat,0,95.369995,CPT Harold Fannin Jr. FLEX Jaylen Warren FLEX Deshaun Watson FLEX DK Metcalf FLEX KC Concepcion Jr. FLEX Roman Wilson,,,
1839,5277421106,Millville27,0,95.369995,CPT Harold Fannin Jr. FLEX Jaylen Warren FLEX Deshaun Watson FLEX DK Metcalf FLEX KC Concepcion Jr. FLEX Roman Wilson,,,
1839,5277456396,mnmranch2011,0,95.369995,CPT Harold Fannin Jr. FLEX Jaylen Warren FLEX Deshaun Watson FLEX DK Metcalf FLEX KC Concepcion Jr. FLEX Roman Wilson,,,
1839,5277612469,Stevomania25,0,95.369995,CPT Harold Fannin Jr. FLEX Jaylen Warren FLEX Deshaun Watson FLEX DK Metcalf FLEX KC Concepcion Jr. FLEX Roman Wilson,,,
1839,5277643921,DetroitLeatherhead,0,95.369995,CPT Harold Fannin Jr. FLEX Jaylen Warren FLEX Deshaun Watson FLEX DK Metcalf FLEX KC Concepcion Jr. FLEX Roman Wilson,,,
1839,5277652165,shilock69,0,95.369995,CPT Harold Fannin Jr. FLEX Jaylen Warren FLEX Deshaun Watson FLEX DK Metcalf FLEX KC Concepcion Jr. FLEX Roman Wilson,,,
1839,5277665371,KingEckVIII,0,95.369995,CPT Harold Fannin Jr. FLEX Jaylen Warren FLEX Deshaun Watson FLEX DK Metcalf FLEX KC Concepcion Jr. FLEX Roman Wilson,,,
1839,5277675785,mikerugggolfpro,0,95.369995,CPT Harold Fannin Jr. FLEX Jaylen Warren FLEX Deshaun Watson FLEX DK Metcalf FLEX KC Concepcion Jr. FLEX Roman Wilson,,,
1839,5277773542,raiderex,0,95.369995,CPT Harold Fannin Jr. FLEX Jaylen Warren FLEX Deshaun Watson FLEX DK Metcalf FLEX KC Concepcion Jr. FLEX Roman Wilson,,,
1853,5277662467,pc4210,0,95.36,CPT Jaylen Warren FLEX Aaron Rodgers FLEX Quinshon Judkins FLEX KC Concepcion Jr. FLEX Steelers  FLEX Browns ,,,
1854,5277693115,LincolnSpecial,0,95.35,CPT DK Metcalf FLEX Jaylen Warren FLEX Quinshon Judkins FLEX Denzel Boston FLEX Chris Boswell FLEX Andre Szmyt,,,
1855,5276298175,aceassin,0,95.34,CPT Aaron Rodgers FLEX Jaylen Warren FLEX DK Metcalf FLEX Harold Fannin Jr. FLEX Steelers  FLEX Jerry Jeudy,,,
1855,5277064853,Redsoxal,0,95.34,CPT Deshaun Watson FLEX Aaron Rodgers FLEX Jaylen Warren FLEX Denzel Boston FLEX Harold Fannin Jr. FLEX Jaleel McLaughlin,,,
1855,5277759238,SandlotHero,0,95.34,CPT Deshaun Watson FLEX Aaron Rodgers FLEX Jaylen Warren FLEX Denzel Boston FLEX Harold Fannin Jr. FLEX Jaleel McLaughlin,,,
1855,5277761474,maitches,0,95.34,CPT Aaron Rodgers FLEX DK Metcalf FLEX Quinshon Judkins FLEX Pat Freiermuth FLEX Chris Boswell FLEX Raheim Sanders,,,
1859,5275734945,PIP1,0,95.32999,CPT Harold Fannin Jr. FLEX Aaron Rodgers FLEX Jaylen Warren FLEX Deshaun Watson FLEX Quinshon Judkins FLEX Ben Skowronek,,,
1859,5276012233,redraider1981,0,95.32999,CPT Harold Fannin Jr. FLEX Aaron Rodgers FLEX Jaylen Warren FLEX Deshaun Watson FLEX Quinshon Judkins FLEX Ben Skowronek,,,
1859,5276295674,mcnazty88,0,95.32999,CPT Harold Fannin Jr. FLEX Aaron Rodgers FLEX Jaylen Warren FLEX Deshaun Watson FLEX Quinshon Judkins FLEX Ben Skowronek,,,
1859,5276887439,wolf4chiefs,0,95.32999,CPT Harold Fannin Jr. FLEX Aaron Rodgers FLEX Jaylen Warren FLEX Deshaun Watson FLEX Quinshon Judkins FLEX Ben Skowronek,,,
1859,5276918936,Schweettaay,0,95.32999,CPT Harold Fannin Jr. FLEX Aaron Rodgers FLEX Jaylen Warren FLEX Deshaun Watson FLEX Quinshon Judkins FLEX Ben Skowronek,,,
1859,5277012153,johnashli6,0,95.32999,CPT Harold Fannin Jr. FLEX Aaron Rodgers FLEX Jaylen Warren FLEX Deshaun Watson FLEX Quinshon Judkins FLEX Ben Skowronek,,,
1859,5277035211,morrowtj,0,95.32999,CPT Harold Fannin Jr. FLEX Aaron Rodgers FLEX Jaylen Warren FLEX Deshaun Watson FLEX Quinshon Judkins FLEX Ben Skowronek,,,
1859,5277416082,JohnComan3,0,95.32999,CPT Harold Fannin Jr. FLEX Aaron Rodgers FLEX Jaylen Warren FLEX Deshaun Watson FLEX Quinshon Judkins FLEX Ben Skowronek,,,
1859,5277695324,ozzies23,0,95.32999,CPT Harold Fannin Jr. FLEX Aaron Rodgers FLEX Jaylen Warren FLEX Deshaun Watson FLEX Quinshon Judkins FLEX Ben Skowronek,,,
1859,5277791730,theeapplehead,0,95.32999,CPT Harold Fannin Jr. FLEX Aaron Rodgers FLEX Jaylen Warren FLEX Deshaun Watson FLEX Quinshon Judkins FLEX Ben Skowronek,,,
1869,5276252899,KielMoney28,0,95.32,CPT Quinshon Judkins FLEX Jaylen Warren FLEX Deshaun Watson FLEX KC Concepcion Jr. FLEX Browns  FLEX Andre Szmyt,,,
1869,5276286222,point_blank,0,95.32,CPT KC Concepcion Jr. FLEX Jaylen Warren FLEX Deshaun Watson FLEX DK Metcalf FLEX Quinshon Judkins FLEX Jerry Jeudy,,,
1869,5276964520,darrylposton,0,95.32,CPT Quinshon Judkins FLEX Jaylen Warren FLEX Deshaun Watson FLEX KC Concepcion Jr. FLEX Browns  FLEX Andre Szmyt,,,
1869,5277379939,Kevblaster,0,95.32,CPT Quinshon Judkins FLEX Jaylen Warren FLEX Deshaun Watson FLEX KC Concepcion Jr. FLEX Browns  FLEX Andre Szmyt,,,
1869,5277466794,a_zone,0,95.32,CPT Quinshon Judkins FLEX Jaylen Warren FLEX Deshaun Watson FLEX KC Concepcion Jr. FLEX Browns  FLEX Andre Szmyt,,,
1869,5277753462,pillzer,0,95.32,CPT Quinshon Judkins FLEX Jaylen Warren FLEX Deshaun Watson FLEX KC Concepcion Jr. FLEX Browns  FLEX Andre Szmyt,,,
1875,5276577049,Marcsurfs,0,95.3,CPT Jaylen Warren FLEX DK Metcalf FLEX Denzel Boston FLEX Harold Fannin Jr. FLEX KC Concepcion Jr. FLEX Roman Wilson,,,
1875,5277002756,Press4,0,95.3,CPT Jaylen Warren FLEX DK Metcalf FLEX Denzel Boston FLEX Harold Fannin Jr. FLEX KC Concepcion Jr. FLEX Roman Wilson,,,
1875,5277612368,haikio,0,95.3,CPT Quinshon Judkins FLEX Jaylen Warren FLEX Denzel Boston FLEX Harold Fannin Jr. FLEX Pat Freiermuth FLEX Andre Szmyt,,,
1878,5275802351,Knowtrip,0,95.28,CPT Jerry Jeudy FLEX Aaron Rodgers FLEX Jaylen Warren FLEX Deshaun Watson FLEX DK Metcalf FLEX KC Concepcion Jr.,,,
1879,5276322925,hannasch90,0,95.259995,CPT Quinshon Judkins FLEX Aaron Rodgers FLEX Jaylen Warren FLEX Pat Freiermuth FLEX Browns  FLEX Raheim Sanders,,,
1879,5277652821,BP11,0,95.259995,CPT Jaylen Warren FLEX Aaron Rodgers FLEX Quinshon Judkins FLEX Denzel Boston FLEX Harold Fannin Jr. FLEX Ben Skowronek,,,
1881,5277277349,mgideon425,0,95.24,CPT Aaron Rodgers FLEX DK Metcalf FLEX Harold Fannin Jr. FLEX KC Concepcion Jr. FLEX Pat Freiermuth FLEX Steelers ,,,
1882,5277136906,brositsme,0,95.22,CPT Jaylen Warren FLEX Deshaun Watson FLEX Quinshon Judkins FLEX Denzel Boston FLEX Pat Freiermuth FLEX Darnell Washington,,,
1882,5277556861,funger31,0,95.22,CPT Jaylen Warren FLEX Deshaun Watson FLEX Quinshon Judkins FLEX Denzel Boston FLEX Pat Freiermuth FLEX Darnell Washington,,,
1882,5277572665,Jazztwig11,0,95.22,CPT Jaylen Warren FLEX Deshaun Watson FLEX Quinshon Judkins FLEX Denzel Boston FLEX Steelers  FLEX Roman Wilson,,,
1882,5277824555,jaykluginator,0,95.22,CPT Jaylen Warren FLEX Deshaun Watson FLEX Quinshon Judkins FLEX Denzel Boston FLEX Pat Freiermuth FLEX Darnell Washington,,,
1882,5277854707,jlh1637,0,95.22,CPT Jaylen Warren FLEX Deshaun Watson FLEX Quinshon Judkins FLEX Denzel Boston FLEX Steelers  FLEX Roman Wilson,,,
1887,5277733171,AICD90,0,95.21,CPT DK Metcalf FLEX Aaron Rodgers FLEX Jaylen Warren FLEX KC Concepcion Jr. FLEX Steelers  FLEX Browns ,,,
1888,5276030187,smb5032,0,95.18,CPT Jaylen Warren FLEX Aaron Rodgers FLEX Deshaun Watson FLEX Denzel Boston FLEX Raheim Sanders FLEX Roman Wilson,,,
1888,5276775606,WulfDog96,0,95.18,CPT Jaylen Warren FLEX Aaron Rodgers FLEX Deshaun Watson FLEX Denzel Boston FLEX Raheim Sanders FLEX Roman Wilson,,,
1888,5277054520,CFinch,0,95.18,CPT Jaylen Warren FLEX Aaron Rodgers FLEX Deshaun Watson FLEX Denzel Boston FLEX Raheim Sanders FLEX Roman Wilson,,,
1888,5277069570,kumeel,0,95.18,CPT Jaylen Warren FLEX Aaron Rodgers FLEX Deshaun Watson FLEX Denzel Boston FLEX Raheim Sanders FLEX Roman Wilson,,,
1888,5277126559,clockworkted,0,95.18,CPT Jaylen Warren FLEX Aaron Rodgers FLEX Deshaun Watson FLEX Denzel Boston FLEX Raheim Sanders FLEX Roman Wilson,,,
1888,5277621352,pandaBEAR83,0,95.18,CPT Jaylen Warren FLEX Aaron Rodgers FLEX Deshaun Watson FLEX Denzel Boston FLEX Raheim Sanders FLEX Roman Wilson,,,
1888,5277654029,markandrewbray,0,95.18,CPT Jaylen Warren FLEX Aaron Rodgers FLEX Deshaun Watson FLEX Denzel Boston FLEX Raheim Sanders FLEX Roman Wilson,,,
1888,5277738707,WildKat,0,95.18,CPT Jaylen Warren FLEX Aaron Rodgers FLEX Deshaun Watson FLEX Denzel Boston FLEX Raheim Sanders FLEX Roman Wilson,,,
1888,5277808247,tonymutt,0,95.18,CPT Jaylen Warren FLEX Aaron Rodgers FLEX Deshaun Watson FLEX Denzel Boston FLEX Raheim Sanders FLEX Roman Wilson,,,
1888,5277815179,Toryk971,0,95.18,CPT Jaylen Warren FLEX Aaron Rodgers FLEX Deshaun Watson FLEX Denzel Boston FLEX Raheim Sanders FLEX Roman Wilson,,,
1898,5277552437,DCB1,0,95.16,CPT Quinshon Judkins FLEX Aaron Rodgers FLEX Jaylen Warren FLEX Michael Pittman Jr. FLEX Pat Freiermuth FLEX Browns ,,,
1899,5275711221,pvince,0,95.12999,CPT Harold Fannin Jr. FLEX Aaron Rodgers FLEX Jaylen Warren FLEX Deshaun Watson FLEX KC Concepcion Jr. FLEX Darnell Washington,,,
1899,5276119400,patscanek,0,95.12999,CPT Harold Fannin Jr. FLEX Aaron Rodgers FLEX Jaylen Warren FLEX Deshaun Watson FLEX KC Concepcion Jr. FLEX Darnell Washington,,,
1899,5276125226,Flawlessjoc,0,95.12999,CPT Harold Fannin Jr. FLEX Aaron Rodgers FLEX Jaylen Warren FLEX Deshaun Watson FLEX KC Concepcion Jr. FLEX Darnell Washington,,,
1899,5276688757,krasher2,0,95.12999,CPT Harold Fannin Jr. FLEX Aaron Rodgers FLEX Jaylen Warren FLEX Deshaun Watson FLEX KC Concepcion Jr. FLEX Darnell Washington,,,
1899,5276773352,cangood1,0,95.12999,CPT Harold Fannin Jr. FLEX Aaron Rodgers FLEX Jaylen Warren FLEX Deshaun Watson FLEX KC Concepcion Jr. FLEX Darnell Washington,,,
1899,5276843209,shreveportborn,0,95.12999,CPT Harold Fannin Jr. FLEX Aaron Rodgers FLEX Jaylen Warren FLEX Deshaun Watson FLEX KC Concepcion Jr. FLEX Darnell Washington,,,
1899,5276892364,BKlab3,0,95.12999,CPT Harold Fannin Jr. FLEX Aaron Rodgers FLEX Jaylen Warren FLEX Deshaun Watson FLEX KC Concepcion Jr. FLEX Darnell Washington,,,
1899,5276964051,Maxdeath,0,95.12999,CPT Harold Fannin Jr. FLEX Aaron Rodgers FLEX Jaylen Warren FLEX Deshaun Watson FLEX KC Concepcion Jr. FLEX Darnell Washington,,,
1899,5277056814,Runninrebel02,0,95.12999,CPT Harold Fannin Jr. FLEX Aaron Rodgers FLEX Jaylen Warren FLEX Deshaun Watson FLEX KC Concepcion Jr. FLEX Darnell Washington,,,
1899,5277144323,Luweeeeeee,0,95.12999,CPT Harold Fannin Jr. FLEX Aaron Rodgers FLEX Jaylen Warren FLEX Deshaun Watson FLEX KC Concepcion Jr. FLEX Darnell Washington,,,
1899,5277158582,WinnJetsWinn,0,95.12999,CPT Harold Fannin Jr. FLEX Aaron Rodgers FLEX Jaylen Warren FLEX Deshaun Watson FLEX KC Concepcion Jr. FLEX Darnell Washington,,,
1899,5277209048,nickt407,0,95.12999,CPT Harold Fannin Jr. FLEX Aaron Rodgers FLEX Jaylen Warren FLEX Deshaun Watson FLEX KC Concepcion Jr. FLEX Darnell Washington,,,
1899,5277233523,jamesrocco,0,95.12999,CPT Harold Fannin Jr. FLEX Aaron Rodgers FLEX Jaylen Warren FLEX Deshaun Watson FLEX KC Concepcion Jr. FLEX Darnell Washington,,,
1899,5277243782,EBDBBnB,0,95.12999,CPT Harold Fannin Jr. FLEX Aaron Rodgers FLEX Jaylen Warren FLEX Deshaun Watson FLEX KC Concepcion Jr. FLEX Darnell Washington,,,
1899,5277268368,josephel,0,95.12999,CPT Harold Fannin Jr. FLEX Aaron Rodgers FLEX Jaylen Warren FLEX Deshaun Watson FLEX KC Concepcion Jr. FLEX Darnell Washington,,,
1899,5277293670,houstonreese,0,95.12999,CPT Harold Fannin Jr. FLEX Aaron Rodgers FLEX Jaylen Warren FLEX Deshaun Watson FLEX KC Concepcion Jr. FLEX Darnell Washington,,,
1899,5277317064,noahopz,0,95.12999,CPT Harold Fannin Jr. FLEX Aaron Rodgers FLEX Jaylen Warren FLEX Deshaun Watson FLEX KC Concepcion Jr. FLEX Darnell Washington,,,
1899,5277375580,jzstock00,0,95.12999,CPT Harold Fannin Jr. FLEX Aaron Rodgers FLEX Jaylen Warren FLEX Deshaun Watson FLEX KC Concepcion Jr. FLEX Darnell Washington,,,
1899,5277391643,dannybombard,0,95.12999,CPT Harold Fannin Jr. FLEX Aaron Rodgers FLEX Jaylen Warren FLEX Deshaun Watson FLEX KC Concepcion Jr. FLEX Darnell Washington,,,
1899,5277413043,Racing88,0,95.12999,CPT Harold Fannin Jr. FLEX Aaron Rodgers FLEX Jaylen Warren FLEX Deshaun Watson FLEX KC Concepcion Jr. FLEX Darnell Washington,,,
1899,5277507814,welchy81,0,95.12999,CPT Harold Fannin Jr. FLEX Aaron Rodgers FLEX Jaylen Warren FLEX Deshaun Watson FLEX KC Concepcion Jr. FLEX Darnell Washington,,,
1899,5277509263,Gospelmom,0,95.12999,CPT Harold Fannin Jr. FLEX Aaron Rodgers FLEX Jaylen Warren FLEX Deshaun Watson FLEX KC Concepcion Jr. FLEX Darnell Washington,,,
1899,5277580649,sammo87,0,95.12999,CPT Harold Fannin Jr. FLEX Aaron Rodgers FLEX Jaylen Warren FLEX Deshaun Watson FLEX KC Concepcion Jr. FLEX Darnell Washington,,,
1899,5277584448,chucky626,0,95.12999,CPT Harold Fannin Jr. FLEX Aaron Rodgers FLEX Jaylen Warren FLEX Deshaun Watson FLEX KC Concepcion Jr. FLEX Darnell Washington,,,
1899,5277627227,greeeeny,0,95.12999,CPT Harold Fannin Jr. FLEX Aaron Rodgers FLEX Jaylen Warren FLEX Deshaun Watson FLEX KC Concepcion Jr. FLEX Darnell Washington,,,
1899,5277685711,dj1989,0,95.12999,CPT Harold Fannin Jr. FLEX Aaron Rodgers FLEX Jaylen Warren FLEX Deshaun Watson FLEX KC Concepcion Jr. FLEX Darnell Washington,,,
1899,5277706380,CDA80,0,95.12999,CPT Harold Fannin Jr. FLEX Aaron Rodgers FLEX Jaylen Warren FLEX Deshaun Watson FLEX KC Concepcion Jr. FLEX Darnell Washington,,,
1899,5277754130,rdixon13,0,95.12999,CPT Harold Fannin Jr. FLEX Aaron Rodgers FLEX Jaylen Warren FLEX Deshaun Watson FLEX KC Concepcion Jr. FLEX Darnell Washington,,,
1899,5277755320,teddyruxpin6969,0,95.12999,CPT Harold Fannin Jr. FLEX Aaron Rodgers FLEX Jaylen Warren FLEX Deshaun Watson FLEX KC Concepcion Jr. FLEX Darnell Washington,,,
1899,5277780088,jkandell78,0,95.12999,CPT Harold Fannin Jr. FLEX Aaron Rodgers FLEX Jaylen Warren FLEX Deshaun Watson FLEX KC Concepcion Jr. FLEX Darnell Washington,,,
1899,5277838119,VillaRoadAA,0,95.12999,CPT Harold Fannin Jr. FLEX Aaron Rodgers FLEX Jaylen Warren FLEX Deshaun Watson FLEX KC Concepcion Jr. FLEX Darnell Washington,,,
1899,5277860300,mightypa,0,95.12999,CPT Harold Fannin Jr. FLEX Aaron Rodgers FLEX Jaylen Warren FLEX Deshaun Watson FLEX KC Concepcion Jr. FLEX Darnell Washington,,,
1899,5277861470,nscoyner,0,95.12999,CPT Harold Fannin Jr. FLEX Aaron Rodgers FLEX Jaylen Warren FLEX Deshaun Watson FLEX KC Concepcion Jr. FLEX Darnell Washington,,,
1899,5277871421,stalks00,0,95.12999,CPT Harold Fannin Jr. FLEX Aaron Rodgers FLEX Jaylen Warren FLEX Deshaun Watson FLEX KC Concepcion Jr. FLEX Darnell Washington,,,
1899,5277887239,kingkahn_3,0,95.12999,CPT Darnell Washington FLEX Aaron Rodgers FLEX Jaylen Warren FLEX Deshaun Watson FLEX Harold Fannin Jr. FLEX KC Concepcion Jr.,,,
1934,5277861109,gkozjr18,0,95.079994,CPT Roman Wilson FLEX Aaron Rodgers FLEX Jaylen Warren FLEX Deshaun Watson FLEX Denzel Boston FLEX Germie Bernard,,,
1935,5277138401,dragongod1984,0,95.07,CPT DK Metcalf FLEX Jaylen Warren FLEX Deshaun Watson FLEX Denzel Boston FLEX Steelers  FLEX Roman Wilson,,,
1935,5277708168,SnyperElyte80,0,95.07,CPT DK Metcalf FLEX Jaylen Warren FLEX Deshaun Watson FLEX Denzel Boston FLEX Steelers  FLEX Roman Wilson,,,
1935,5277759452,coachb913,0,95.07,CPT DK Metcalf FLEX Jaylen Warren FLEX Deshaun Watson FLEX Denzel Boston FLEX Pat Freiermuth FLEX Darnell Washington,,,
1935,5277690750,becastil,0,95.06999,CPT Denzel Boston FLEX Deshaun Watson FLEX DK Metcalf FLEX Quinshon Judkins FLEX Pat Freiermuth FLEX Browns ,,,
1935,5277815196,josephski,0,95.06999,CPT Denzel Boston FLEX Deshaun Watson FLEX DK Metcalf FLEX Quinshon Judkins FLEX Pat Freiermuth FLEX Browns ,,,
1940,5277481068,MissingManning,0,95.06,CPT Jaylen Warren FLEX Aaron Rodgers FLEX Denzel Boston FLEX Harold Fannin Jr. FLEX KC Concepcion Jr. FLEX Darnell Washington,,,
1940,5277584631,coachsara,0,95.06,CPT Jaylen Warren FLEX Aaron Rodgers FLEX Denzel Boston FLEX Harold Fannin Jr. FLEX KC Concepcion Jr. FLEX Darnell Washington,,,
1940,5277735540,chachport,0,95.06,CPT Jaylen Warren FLEX Aaron Rodgers FLEX DK Metcalf FLEX Denzel Boston FLEX Raheim Sanders FLEX Darnell Washington,,,
1943,5277563526,rfe919,0,95.03999,CPT Aaron Rodgers FLEX DK Metcalf FLEX Quinshon Judkins FLEX Michael Pittman Jr. FLEX KC Concepcion Jr. FLEX Germie Bernard,,,
1944,5277375459,capt_buzzkill,0,95.020004,CPT Quinshon Judkins FLEX Jaylen Warren FLEX Deshaun Watson FLEX Harold Fannin Jr. FLEX Chris Boswell FLEX Roman Wilson,,,
1944,5277437953,michaelv302,0,95.02,CPT KC Concepcion Jr. FLEX Deshaun Watson FLEX DK Metcalf FLEX Quinshon Judkins FLEX Denzel Boston FLEX Browns ,,,
1946,5276892475,orlo4457,0,95.009995,CPT DK Metcalf FLEX Aaron Rodgers FLEX Quinshon Judkins FLEX Michael Pittman Jr. FLEX Pat Freiermuth FLEX Steelers ,,,
1946,5277471250,TLUV,0,95.009995,CPT DK Metcalf FLEX Aaron Rodgers FLEX Quinshon Judkins FLEX Michael Pittman Jr. FLEX Pat Freiermuth FLEX Steelers ,,,
1948,5277107518,Tippy93,0,94.979996,CPT Steelers  FLEX Aaron Rodgers FLEX Jaylen Warren FLEX Deshaun Watson FLEX DK Metcalf FLEX Andre Szmyt,,,
1948,5277619390,Sammykk,0,94.979996,CPT Steelers  FLEX Aaron Rodgers FLEX Jaylen Warren FLEX Deshaun Watson FLEX DK Metcalf FLEX Andre Szmyt,,,
1948,5277673504,box12,0,94.979996,CPT Steelers  FLEX Aaron Rodgers FLEX Jaylen Warren FLEX Deshaun Watson FLEX DK Metcalf FLEX Andre Szmyt,,,
1948,5275444209,Dtauch12,0,94.97999,CPT KC Concepcion Jr. FLEX Aaron Rodgers FLEX Jaylen Warren FLEX Deshaun Watson FLEX Harold Fannin Jr. FLEX Darnell Washington,,,
1948,5276935639,JKJlb28,0,94.97999,CPT KC Concepcion Jr. FLEX Aaron Rodgers FLEX Jaylen Warren FLEX Deshaun Watson FLEX Harold Fannin Jr. FLEX Darnell Washington,,,
1948,5277227673,skinnywhitepimpp,0,94.97999,CPT KC Concepcion Jr. FLEX Aaron Rodgers FLEX Jaylen Warren FLEX Deshaun Watson FLEX Harold Fannin Jr. FLEX Darnell Washington,,,
1948,5277687931,wesberry462,0,94.97999,CPT KC Concepcion Jr. FLEX Aaron Rodgers FLEX Jaylen Warren FLEX Deshaun Watson FLEX Harold Fannin Jr. FLEX Darnell Washington,,,
1955,5277099731,ajack88,0,94.90999,CPT Pat Freiermuth FLEX Aaron Rodgers FLEX Jaylen Warren FLEX Quinshon Judkins FLEX Harold Fannin Jr. FLEX Steelers ,,,
1955,5277542266,FantasyGod94,0,94.90999,CPT Pat Freiermuth FLEX Aaron Rodgers FLEX Jaylen Warren FLEX Quinshon Judkins FLEX Harold Fannin Jr. FLEX Steelers ,,,
1957,5276612288,TGArnold,0,94.88,CPT Deshaun Watson FLEX DK Metcalf FLEX Quinshon Judkins FLEX Harold Fannin Jr. FLEX Pat Freiermuth FLEX Browns ,,,
1957,5276939044,joechimo,0,94.88,CPT Deshaun Watson FLEX Jaylen Warren FLEX Quinshon Judkins FLEX Denzel Boston FLEX Pat Freiermuth FLEX Darnell Washington,,,
1957,5277549725,jlibertyn,0,94.88,CPT Deshaun Watson FLEX DK Metcalf FLEX Quinshon Judkins FLEX Harold Fannin Jr. FLEX Pat Freiermuth FLEX Browns ,,,
1957,5277632374,amimerp,0,94.88,CPT Andre Szmyt FLEX Aaron Rodgers FLEX Deshaun Watson FLEX Quinshon Judkins FLEX Denzel Boston FLEX Michael Pittman Jr.,,,
1957,5277013092,johnblum91,0,94.87999,CPT Andre Szmyt FLEX Aaron Rodgers FLEX Jaylen Warren FLEX Deshaun Watson FLEX Harold Fannin Jr. FLEX Pat Freiermuth,,,
1962,5277243923,26darren22,0,94.86,CPT Quinshon Judkins FLEX Aaron Rodgers FLEX Denzel Boston FLEX Michael Pittman Jr. FLEX KC Concepcion Jr. FLEX Pat Freiermuth,,,
1962,5277621962,Kuehn88,0,94.86,CPT Jaylen Warren FLEX Aaron Rodgers FLEX Quinshon Judkins FLEX Michael Pittman Jr. FLEX Steelers  FLEX Roman Wilson,,,
1962,5277851567,blasianmommy81,0,94.86,CPT Jaylen Warren FLEX Aaron Rodgers FLEX Quinshon Judkins FLEX Michael Pittman Jr. FLEX Steelers  FLEX Roman Wilson,,,
1965,5276729815,markwhite122,0,94.850006,CPT DK Metcalf FLEX Jaylen Warren FLEX Quinshon Judkins FLEX Harold Fannin Jr. FLEX Pat Freiermuth FLEX Steelers ,,,
1965,5277759270,CorvidSucks,0,94.850006,CPT DK Metcalf FLEX Jaylen Warren FLEX Quinshon Judkins FLEX Harold Fannin Jr. FLEX Pat Freiermuth FLEX Steelers ,,,
1967,5275719060,betty000,0,94.84,CPT Aaron Rodgers FLEX Quinshon Judkins FLEX Harold Fannin Jr. FLEX Michael Pittman Jr. FLEX KC Concepcion Jr. FLEX Pat Freiermuth,,,
1967,5276075842,SiegFur_1,0,94.84,CPT Deshaun Watson FLEX Aaron Rodgers FLEX Jaylen Warren FLEX Denzel Boston FLEX Raheim Sanders FLEX Roman Wilson,,,
1967,5276153284,jrjk88,0,94.84,CPT Deshaun Watson FLEX Aaron Rodgers FLEX Jaylen Warren FLEX Denzel Boston FLEX Raheim Sanders FLEX Roman Wilson,,,
1967,5276504820,b-eyes,0,94.84,CPT Deshaun Watson FLEX Aaron Rodgers FLEX DK Metcalf FLEX Harold Fannin Jr. FLEX Pat Freiermuth FLEX Jerry Jeudy,,,
1967,5276730127,brucejagg,0,94.84,CPT Aaron Rodgers FLEX Quinshon Judkins FLEX Harold Fannin Jr. FLEX Michael Pittman Jr. FLEX KC Concepcion Jr. FLEX Pat Freiermuth,,,
1967,5276889849,JCSquad,0,94.84,CPT Deshaun Watson FLEX Aaron Rodgers FLEX Jaylen Warren FLEX Denzel Boston FLEX Raheim Sanders FLEX Roman Wilson,,,
1967,5277045339,96edibles,0,94.84,CPT Deshaun Watson FLEX Aaron Rodgers FLEX Jaylen Warren FLEX Denzel Boston FLEX Raheim Sanders FLEX Roman Wilson,,,
1967,5277189266,b1gbadger1,0,94.84,CPT Deshaun Watson FLEX Aaron Rodgers FLEX Jaylen Warren FLEX Denzel Boston FLEX Raheim Sanders FLEX Roman Wilson,,,
1967,5277189792,Kgiesige,0,94.84,CPT Deshaun Watson FLEX Aaron Rodgers FLEX Jaylen Warren FLEX Denzel Boston FLEX Raheim Sanders FLEX Roman Wilson,,,
1967,5277354449,Chrisjg28,0,94.84,CPT Deshaun Watson FLEX Aaron Rodgers FLEX DK Metcalf FLEX Harold Fannin Jr. FLEX Pat Freiermuth FLEX Jerry Jeudy,,,
1967,5277411683,YoDoggs,0,94.84,CPT Deshaun Watson FLEX Aaron Rodgers FLEX Jaylen Warren FLEX Denzel Boston FLEX Raheim Sanders FLEX Roman Wilson,,,
1967,5277614285,Ianolve,0,94.84,CPT Aaron Rodgers FLEX Jaylen Warren FLEX Quinshon Judkins FLEX Chris Boswell FLEX Steelers  FLEX Darnell Washington,,,
1979,5276790405,HollywoodHolt,0,94.83,CPT DK Metcalf FLEX Aaron Rodgers FLEX Deshaun Watson FLEX Harold Fannin Jr. FLEX Steelers  FLEX Browns ,,,
1979,5277772945,cottenfantasy,0,94.83,CPT DK Metcalf FLEX Aaron Rodgers FLEX Deshaun Watson FLEX Harold Fannin Jr. FLEX Steelers  FLEX Browns ,,,
1981,5276864241,dscott.33,0,94.799995,CPT Browns  FLEX Jaylen Warren FLEX DK Metcalf FLEX Quinshon Judkins FLEX Denzel Boston FLEX Harold Fannin Jr.,,,
1981,5277123028,crescent35,0,94.799995,CPT Browns  FLEX Jaylen Warren FLEX DK Metcalf FLEX Quinshon Judkins FLEX Denzel Boston FLEX Harold Fannin Jr.,,,
1983,5276935112,kemullen1,0,94.77999,CPT Roman Wilson FLEX Aaron Rodgers FLEX Jaylen Warren FLEX Deshaun Watson FLEX Harold Fannin Jr. FLEX Chris Boswell,,,
1983,5276942652,fan21,0,94.77999,CPT Roman Wilson FLEX Aaron Rodgers FLEX Jaylen Warren FLEX Deshaun Watson FLEX Harold Fannin Jr. FLEX Chris Boswell,,,
1983,5277744069,ewat08,0,94.77999,CPT Roman Wilson FLEX Aaron Rodgers FLEX Jaylen Warren FLEX Deshaun Watson FLEX Harold Fannin Jr. FLEX Chris Boswell,,,
1986,5275804704,TroopTroop1,0,94.770004,CPT Harold Fannin Jr. FLEX Deshaun Watson FLEX Quinshon Judkins FLEX Denzel Boston FLEX KC Concepcion Jr. FLEX Roman Wilson,,,
1987,5276817888,joro96,0,94.75,CPT Harold Fannin Jr. FLEX Jaylen Warren FLEX Quinshon Judkins FLEX Denzel Boston FLEX Pat Freiermuth FLEX Roman Wilson,,,
1987,5277427058,mmcadam,0,94.75,CPT Harold Fannin Jr. FLEX Jaylen Warren FLEX Quinshon Judkins FLEX Denzel Boston FLEX Pat Freiermuth FLEX Roman Wilson,,,
1987,5277691666,spooky8832,0,94.75,CPT Harold Fannin Jr. FLEX Jaylen Warren FLEX Quinshon Judkins FLEX Denzel Boston FLEX Pat Freiermuth FLEX Roman Wilson,,,
1990,5275535151,sirdiggsalot,0,94.740005,CPT Aaron Rodgers FLEX DK Metcalf FLEX Denzel Boston FLEX Harold Fannin Jr. FLEX Pat Freiermuth FLEX Chris Boswell,,,
1990,5276179453,jackrobertii,0,94.740005,CPT Aaron Rodgers FLEX DK Metcalf FLEX Denzel Boston FLEX Harold Fannin Jr. FLEX Pat Freiermuth FLEX Chris Boswell,,,
1992,5277340546,Jingo,0,94.729996,CPT DK Metcalf FLEX Aaron Rodgers FLEX Deshaun Watson FLEX Michael Pittman Jr. FLEX KC Concepcion Jr. FLEX Darnell Washington,,,
1992,5277419393,TwhyNot,0,94.729996,CPT Harold Fannin Jr. FLEX Aaron Rodgers FLEX Deshaun Watson FLEX Denzel Boston FLEX Browns  FLEX Roman Wilson,,,
1994,5276160815,mergedmerged,0,94.72,CPT Jaylen Warren FLEX Deshaun Watson FLEX Quinshon Judkins FLEX Harold Fannin Jr. FLEX KC Concepcion Jr. FLEX Darnell Washington,,,
1994,5276169568,sternzcuse,0,94.72,CPT Jaylen Warren FLEX Deshaun Watson FLEX Quinshon Judkins FLEX Harold Fannin Jr. FLEX KC Concepcion Jr. FLEX Darnell Washington,,,
1994,5276355594,Governor251,0,94.72,CPT Jaylen Warren FLEX Deshaun Watson FLEX Quinshon Judkins FLEX Harold Fannin Jr. FLEX KC Concepcion Jr. FLEX Darnell Washington,,,
1994,5276443701,macjohnny83,0,94.72,CPT Jaylen Warren FLEX Deshaun Watson FLEX Quinshon Judkins FLEX Harold Fannin Jr. FLEX KC Concepcion Jr. FLEX Darnell Washington,,,
1994,5276875214,tdg1012,0,94.72,CPT Jaylen Warren FLEX Deshaun Watson FLEX Quinshon Judkins FLEX Harold Fannin Jr. FLEX KC Concepcion Jr. FLEX Darnell Washington,,,
1994,5276891819,womthiswhey,0,94.72,CPT Jaylen Warren FLEX Deshaun Watson FLEX Quinshon Judkins FLEX Harold Fannin Jr. FLEX KC Concepcion Jr. FLEX Darnell Washington,,,
1994,5277091669,bdgblitz,0,94.72,CPT Jaylen Warren FLEX Deshaun Watson FLEX Quinshon Judkins FLEX Harold Fannin Jr. FLEX KC Concepcion Jr. FLEX Darnell Washington,,,
1994,5277219121,Bsfan888,0,94.72,CPT Jaylen Warren FLEX Deshaun Watson FLEX Quinshon Judkins FLEX Harold Fannin Jr. FLEX KC Concepcion Jr. FLEX Darnell Washington,,,
1994,5277220456,FPCats68,0,94.72,CPT Jaylen Warren FLEX Deshaun Watson FLEX Quinshon Judkins FLEX Harold Fannin Jr. FLEX KC Concepcion Jr. FLEX Darnell Washington,,,
1994,5277226779,mnix93,0,94.72,CPT Jaylen Warren FLEX Deshaun Watson FLEX Quinshon Judkins FLEX Harold Fannin Jr. FLEX KC Concepcion Jr. FLEX Darnell Washington,,,
1994,5277234391,WuDaFarmer,0,94.72,CPT Jaylen Warren FLEX Deshaun Watson FLEX Quinshon Judkins FLEX Harold Fannin Jr. FLEX KC Concepcion Jr. FLEX Darnell Washington,,,
1994,5277268344,sandysandia,0,94.72,CPT Jaylen Warren FLEX Deshaun Watson FLEX Quinshon Judkins FLEX Harold Fannin Jr. FLEX KC Concepcion Jr. FLEX Darnell Washington,,,
1994,5277401378,antpappa,0,94.72,CPT Jaylen Warren FLEX Deshaun Watson FLEX Quinshon Judkins FLEX Harold Fannin Jr. FLEX KC Concepcion Jr. FLEX Darnell Washington,,,
1994,5277408188,xDMRx23,0,94.72,CPT Jaylen Warren FLEX Deshaun Watson FLEX Quinshon Judkins FLEX Harold Fannin Jr. FLEX KC Concepcion Jr. FLEX Darnell Washington,,,
1994,5277411364,Originaor,0,94.72,CPT Jaylen Warren FLEX Deshaun Watson FLEX Quinshon Judkins FLEX Harold Fannin Jr. FLEX KC Concepcion Jr. FLEX Darnell Washington,,,
1994,5277514411,Marsharks,0,94.72,CPT Jaylen Warren FLEX Deshaun Watson FLEX Quinshon Judkins FLEX Harold Fannin Jr. FLEX KC Concepcion Jr. FLEX Darnell Washington,,,
1994,5277544424,bhess777,0,94.72,CPT Jaylen Warren FLEX Deshaun Watson FLEX Quinshon Judkins FLEX Harold Fannin Jr. FLEX KC Concepcion Jr. FLEX Darnell Washington,,,
1994,5277728198,flatliners2134,0,94.72,CPT Jaylen Warren FLEX Deshaun Watson FLEX Quinshon Judkins FLEX Harold Fannin Jr. FLEX KC Concepcion Jr. FLEX Darnell Washington,,,
1994,5277801933,csnyd12,0,94.72,CPT Jaylen Warren FLEX Deshaun Watson FLEX Quinshon Judkins FLEX Harold Fannin Jr. FLEX KC Concepcion Jr. FLEX Darnell Washington,,,
1994,5277802863,perc_nowitzki,0,94.72,CPT Jaylen Warren FLEX Deshaun Watson FLEX Quinshon Judkins FLEX Harold Fannin Jr. FLEX KC Concepcion Jr. FLEX Darnell Washington,,,
1994,5277807453,mbgend,0,94.72,CPT Jaylen Warren FLEX Deshaun Watson FLEX Quinshon Judkins FLEX Harold Fannin Jr. FLEX KC Concepcion Jr. FLEX Darnell Washington,,,
1994,5277840794,kidnasty05,0,94.72,CPT Jaylen Warren FLEX Deshaun Watson FLEX Quinshon Judkins FLEX Harold Fannin Jr. FLEX KC Concepcion Jr. FLEX Darnell Washington,,,
1994,5277859228,Slumpd1641,0,94.72,CPT Jaylen Warren FLEX Deshaun Watson FLEX Quinshon Judkins FLEX Harold Fannin Jr. FLEX KC Concepcion Jr. FLEX Darnell Washington,,,
2017,5277393567,jnpcbfl,0,94.70999,CPT Harold Fannin Jr. FLEX Aaron Rodgers FLEX Jaylen Warren FLEX Quinshon Judkins FLEX Chris Boswell FLEX Andre Szmyt,,,
2018,5277627495,skolpainting,0,94.7,CPT Jaylen Warren FLEX DK Metcalf FLEX Quinshon Judkins FLEX Denzel Boston FLEX Pat Freiermuth FLEX Jerry Jeudy,,,
2019,5276939715,bap99,0,94.67999,CPT Steelers  FLEX Aaron Rodgers FLEX Jaylen Warren FLEX Deshaun Watson FLEX DK Metcalf FLEX Darnell Washington,,,
2019,5277003669,MiHiClub,0,94.67999,CPT Deshaun Watson FLEX Jaylen Warren FLEX DK Metcalf FLEX Quinshon Judkins FLEX Browns  FLEX Jerry Jeudy,,,
2019,5277730658,GrAvItyIsAtHeOrY,0,94.67999,CPT Deshaun Watson FLEX Jaylen Warren FLEX DK Metcalf FLEX Quinshon Judkins FLEX Browns  FLEX Jerry Jeudy,,,
2022,5275403909,GolfDoc,0,94.66,CPT Jaylen Warren FLEX Aaron Rodgers FLEX Denzel Boston FLEX Harold Fannin Jr. FLEX Pat Freiermuth FLEX Andre Szmyt,,,
2022,5275888186,waffledude420,0,94.66,CPT Jaylen Warren FLEX Aaron Rodgers FLEX Denzel Boston FLEX Harold Fannin Jr. FLEX Pat Freiermuth FLEX Andre Szmyt,,,
2022,5277052979,scott94,0,94.66,CPT Jaylen Warren FLEX Aaron Rodgers FLEX Denzel Boston FLEX Harold Fannin Jr. FLEX Pat Freiermuth FLEX Andre Szmyt,,,
2022,5277606866,tnottke,0,94.66,CPT Jaylen Warren FLEX Aaron Rodgers FLEX Denzel Boston FLEX Harold Fannin Jr. FLEX Pat Freiermuth FLEX Andre Szmyt,,,
2022,5276483580,Parkerrr26,0,94.659996,CPT Jaylen Warren FLEX Aaron Rodgers FLEX Quinshon Judkins FLEX Pat Freiermuth FLEX Steelers  FLEX Browns ,,,
2027,5277562606,bowlr800,0,94.649994,CPT Harold Fannin Jr. FLEX Jaylen Warren FLEX DK Metcalf FLEX Quinshon Judkins FLEX KC Concepcion Jr. FLEX Browns ,,,
2028,5277727545,TerriJ1962,0,94.64,CPT Aaron Rodgers FLEX Jaylen Warren FLEX Quinshon Judkins FLEX Michael Pittman Jr. FLEX KC Concepcion Jr. FLEX Jerry Jeudy,,,
2028,5277692454,UGDR,0,94.63999,CPT Deshaun Watson FLEX Aaron Rodgers FLEX Quinshon Judkins FLEX Harold Fannin Jr. FLEX Steelers  FLEX Browns ,,,
2030,5277257160,JarrixD,0,94.62,CPT KC Concepcion Jr. FLEX Jaylen Warren FLEX Deshaun Watson FLEX Quinshon Judkins FLEX Browns  FLEX Roman Wilson,,,
2030,5277474041,yold6,0,94.62,CPT Quinshon Judkins FLEX Jaylen Warren FLEX Deshaun Watson FLEX Pat Freiermuth FLEX Browns  FLEX Andre Szmyt,,,
2030,5277845601,Dashersacct,0,94.62,CPT Quinshon Judkins FLEX Deshaun Watson FLEX Denzel Boston FLEX Harold Fannin Jr. FLEX Pat Freiermuth FLEX Andre Szmyt,,,
2033,5277814482,KPmanwin,0,94.61,CPT Harold Fannin Jr. FLEX Aaron Rodgers FLEX Jaylen Warren FLEX DK Metcalf FLEX Steelers  FLEX Andre Szmyt,,,
2034,5277259241,TMcNett22,0,94.600006,CPT Jaylen Warren FLEX DK Metcalf FLEX Denzel Boston FLEX Harold Fannin Jr. FLEX Pat Freiermuth FLEX Roman Wilson,,,
2034,5277303184,skyman59,0,94.600006,CPT Jaylen Warren FLEX DK Metcalf FLEX Denzel Boston FLEX Harold Fannin Jr. FLEX Pat Freiermuth FLEX Roman Wilson,,,
2036,5276169905,King_LTV,0,94.579994,CPT Deshaun Watson FLEX Jaylen Warren FLEX DK Metcalf FLEX Harold Fannin Jr. FLEX Browns  FLEX Roman Wilson,,,
2036,5277506583,molly22,0,94.579994,CPT Jaylen Warren FLEX Aaron Rodgers FLEX Deshaun Watson FLEX Quinshon Judkins FLEX Pat Freiermuth FLEX Blake Whiteheart,,,
2036,5277590276,kb079,0,94.579994,CPT Jaylen Warren FLEX Aaron Rodgers FLEX Deshaun Watson FLEX Quinshon Judkins FLEX Pat Freiermuth FLEX Blake Whiteheart,,,
2039,5276981018,tomwalsh690,0,94.57,CPT DK Metcalf FLEX Jaylen Warren FLEX Deshaun Watson FLEX Harold Fannin Jr. FLEX KC Concepcion Jr. FLEX Darnell Washington,,,
2039,5277276423,bmatts76,0,94.57,CPT Denzel Boston FLEX Jaylen Warren FLEX Deshaun Watson FLEX Quinshon Judkins FLEX KC Concepcion Jr. FLEX Darnell Washington,,,
2039,5277323052,cde201,0,94.57,CPT DK Metcalf FLEX Jaylen Warren FLEX Deshaun Watson FLEX Harold Fannin Jr. FLEX KC Concepcion Jr. FLEX Darnell Washington,,,
2039,5277360855,marine8121,0,94.57,CPT DK Metcalf FLEX Jaylen Warren FLEX Deshaun Watson FLEX Harold Fannin Jr. FLEX KC Concepcion Jr. FLEX Darnell Washington,,,
2039,5277467952,cjsexperience,0,94.57,CPT DK Metcalf FLEX Jaylen Warren FLEX Deshaun Watson FLEX Harold Fannin Jr. FLEX KC Concepcion Jr. FLEX Darnell Washington,,,
2039,5277552958,expostulate,0,94.56999,CPT Harold Fannin Jr. FLEX Deshaun Watson FLEX DK Metcalf FLEX Quinshon Judkins FLEX Browns  FLEX Andre Szmyt,,,
2045,5276421211,Stephen2k23,0,94.53999,CPT Aaron Rodgers FLEX Jaylen Warren FLEX Quinshon Judkins FLEX KC Concepcion Jr. FLEX Chris Boswell FLEX Steelers ,,,
2045,5277437892,Jematso,0,94.53999,CPT Aaron Rodgers FLEX Jaylen Warren FLEX Quinshon Judkins FLEX KC Concepcion Jr. FLEX Chris Boswell FLEX Steelers ,,,
2045,5277746918,quimbyjo,0,94.53999,CPT Aaron Rodgers FLEX Jaylen Warren FLEX Harold Fannin Jr. FLEX Michael Pittman Jr. FLEX KC Concepcion Jr. FLEX Roman Wilson,,,
2048,5277871839,Eugene88,0,94.52999,CPT Denzel Boston FLEX Aaron Rodgers FLEX Jaylen Warren FLEX Deshaun Watson FLEX Browns  FLEX Darnell Washington,,,
2049,5276347348,niners95,0,94.51,CPT DK Metcalf FLEX Aaron Rodgers FLEX Denzel Boston FLEX Harold Fannin Jr. FLEX Pat Freiermuth FLEX Steelers ,,,
2049,5277452936,jsaari,0,94.51,CPT DK Metcalf FLEX Aaron Rodgers FLEX Denzel Boston FLEX Harold Fannin Jr. FLEX Pat Freiermuth FLEX Steelers ,,,
2051,5277249365,TheMadisonDave,0,94.479996,CPT Quinshon Judkins FLEX Aaron Rodgers FLEX Deshaun Watson FLEX Michael Pittman Jr. FLEX Pat Freiermuth FLEX Browns ,,,
2052,5277372722,Ja-Mie,0,94.47,CPT DK Metcalf FLEX Jaylen Warren FLEX Deshaun Watson FLEX Harold Fannin Jr. FLEX Roman Wilson FLEX Jerry Jeudy,,,
2053,5277703996,tinghram91,0,94.46,CPT Quinshon Judkins FLEX Aaron Rodgers FLEX Jaylen Warren FLEX Denzel Boston FLEX Steelers  FLEX Raheim Sanders,,,
2054,5277002806,ookygooker,0,94.439995,CPT Deshaun Watson FLEX Aaron Rodgers FLEX DK Metcalf FLEX Denzel Boston FLEX Chris Boswell FLEX Darnell Washington,,,
2055,5275417297,peanutcrew,0,94.43,CPT DK Metcalf FLEX Aaron Rodgers FLEX Deshaun Watson FLEX Denzel Boston FLEX Harold Fannin Jr. FLEX Ben Skowronek,,,
2055,5277630259,forkpinskewer,0,94.43,CPT DK Metcalf FLEX Aaron Rodgers FLEX Deshaun Watson FLEX Denzel Boston FLEX Harold Fannin Jr. FLEX Ben Skowronek,,,
2055,5277793729,cellos213,0,94.43,CPT DK Metcalf FLEX Aaron Rodgers FLEX Deshaun Watson FLEX Denzel Boston FLEX Harold Fannin Jr. FLEX Ben Skowronek,,,
2055,5275976911,rgoerts,0,94.42999,CPT Harold Fannin Jr. FLEX Aaron Rodgers FLEX Jaylen Warren FLEX Deshaun Watson FLEX Pat Freiermuth FLEX Darnell Washington,,,
2055,5276166438,Shillington77,0,94.42999,CPT Harold Fannin Jr. FLEX Aaron Rodgers FLEX Jaylen Warren FLEX Deshaun Watson FLEX Steelers  FLEX Roman Wilson,,,
2055,5276930357,Finest28,0,94.42999,CPT Harold Fannin Jr. FLEX Aaron Rodgers FLEX Jaylen Warren FLEX Deshaun Watson FLEX Steelers  FLEX Roman Wilson,,,
2055,5276971568,jayho480,0,94.42999,CPT Harold Fannin Jr. FLEX Aaron Rodgers FLEX Jaylen Warren FLEX Deshaun Watson FLEX Steelers  FLEX Roman Wilson,,,
2055,5277048031,terpterman,0,94.42999,CPT Harold Fannin Jr. FLEX Aaron Rodgers FLEX Jaylen Warren FLEX Deshaun Watson FLEX Steelers  FLEX Roman Wilson,,,
2055,5277070272,timre01,0,94.42999,CPT Harold Fannin Jr. FLEX Aaron Rodgers FLEX Jaylen Warren FLEX Deshaun Watson FLEX Pat Freiermuth FLEX Darnell Washington,,,
2055,5277136950,MartyG1948,0,94.42999,CPT Harold Fannin Jr. FLEX Aaron Rodgers FLEX Jaylen Warren FLEX Deshaun Watson FLEX Pat Freiermuth FLEX Darnell Washington,,,
2055,5277476775,Redsx1,0,94.42999,CPT Harold Fannin Jr. FLEX Aaron Rodgers FLEX Jaylen Warren FLEX Deshaun Watson FLEX Steelers  FLEX Roman Wilson,,,
2055,5277731469,kcplayas,0,94.42999,CPT Harold Fannin Jr. FLEX Aaron Rodgers FLEX Jaylen Warren FLEX Deshaun Watson FLEX Steelers  FLEX Roman Wilson,,,
2055,5277773491,PapaJeezy,0,94.42999,CPT Harold Fannin Jr. FLEX Aaron Rodgers FLEX Jaylen Warren FLEX Deshaun Watson FLEX Steelers  FLEX Roman Wilson,,,
2055,5277857589,samson416,0,94.42999,CPT DK Metcalf FLEX Aaron Rodgers FLEX Jaylen Warren FLEX Deshaun Watson FLEX Pat Freiermuth FLEX Blake Whiteheart,,,
2069,5277538957,wones0120,0,94.420006,CPT Jerry Jeudy FLEX Jaylen Warren FLEX Deshaun Watson FLEX DK Metcalf FLEX Quinshon Judkins FLEX Denzel Boston,,,
2070,5276508705,JJstats44,0,94.40999,CPT Harold Fannin Jr. FLEX Aaron Rodgers FLEX Jaylen Warren FLEX Quinshon Judkins FLEX Chris Boswell FLEX Darnell Washington,,,
2071,5275819561,chuck1339,0,94.4,CPT Quinshon Judkins FLEX Jaylen Warren FLEX DK Metcalf FLEX Michael Pittman Jr. FLEX KC Concepcion Jr. FLEX Andre Szmyt,,,
2071,5276754097,ccraftman,0,94.4,CPT Quinshon Judkins FLEX Jaylen Warren FLEX DK Metcalf FLEX Michael Pittman Jr. FLEX KC Concepcion Jr. FLEX Andre Szmyt,,,
2071,5277344807,TripleFs,0,94.4,CPT Quinshon Judkins FLEX Jaylen Warren FLEX DK Metcalf FLEX Harold Fannin Jr. FLEX Michael Pittman Jr. FLEX Darnell Washington,,,
2074,5275947048,Lucky_Larry,0,94.38,CPT Deshaun Watson FLEX Jaylen Warren FLEX Quinshon Judkins FLEX Harold Fannin Jr. FLEX KC Concepcion Jr. FLEX Darnell Washington,,,
2074,5276583672,ufxgatorbox,0,94.38,CPT Deshaun Watson FLEX Jaylen Warren FLEX Quinshon Judkins FLEX Harold Fannin Jr. FLEX KC Concepcion Jr. FLEX Darnell Washington,,,
2074,5276945989,trublu270,0,94.38,CPT Deshaun Watson FLEX Jaylen Warren FLEX Quinshon Judkins FLEX Harold Fannin Jr. FLEX KC Concepcion Jr. FLEX Darnell Washington,,,
2074,5277045081,RRR58,0,94.38,CPT Deshaun Watson FLEX Jaylen Warren FLEX Quinshon Judkins FLEX Harold Fannin Jr. FLEX KC Concepcion Jr. FLEX Darnell Washington,,,
2074,5277065379,charlesm90,0,94.38,CPT Deshaun Watson FLEX Jaylen Warren FLEX Quinshon Judkins FLEX Harold Fannin Jr. FLEX KC Concepcion Jr. FLEX Darnell Washington,,,
2074,5277239273,RoyalBigHead,0,94.38,CPT Deshaun Watson FLEX Jaylen Warren FLEX Quinshon Judkins FLEX Harold Fannin Jr. FLEX KC Concepcion Jr. FLEX Darnell Washington,,,
2074,5277331248,LukeA2020,0,94.38,CPT Deshaun Watson FLEX Jaylen Warren FLEX Quinshon Judkins FLEX Harold Fannin Jr. FLEX KC Concepcion Jr. FLEX Darnell Washington,,,
2074,5277418305,RRand1966,0,94.38,CPT Deshaun Watson FLEX Jaylen Warren FLEX Quinshon Judkins FLEX Harold Fannin Jr. FLEX KC Concepcion Jr. FLEX Darnell Washington,,,
2074,5277449772,Millsy67,0,94.38,CPT Deshaun Watson FLEX Jaylen Warren FLEX Quinshon Judkins FLEX Harold Fannin Jr. FLEX KC Concepcion Jr. FLEX Darnell Washington,,,
2074,5277472690,kylejm93,0,94.38,CPT Deshaun Watson FLEX Jaylen Warren FLEX Quinshon Judkins FLEX Harold Fannin Jr. FLEX KC Concepcion Jr. FLEX Darnell Washington,,,
2074,5277569275,dalton36233623,0,94.38,CPT Andre Szmyt FLEX Aaron Rodgers FLEX Jaylen Warren FLEX Deshaun Watson FLEX Denzel Boston FLEX Browns ,,,
2074,5277607951,xrdunton,0,94.38,CPT Jaylen Warren FLEX Aaron Rodgers FLEX Deshaun Watson FLEX KC Concepcion Jr. FLEX Browns  FLEX Darnell Washington,,,
2074,5277742055,Gretchenb20,0,94.38,CPT Deshaun Watson FLEX Jaylen Warren FLEX Quinshon Judkins FLEX Harold Fannin Jr. FLEX KC Concepcion Jr. FLEX Darnell Washington,,,
2087,5275432279,Thegingerninja,0,94.36,CPT Chris Boswell FLEX Aaron Rodgers FLEX Jaylen Warren FLEX DK Metcalf FLEX Denzel Boston FLEX Roman Wilson,,,
2087,5276945899,juice2525,0,94.36,CPT Jaylen Warren FLEX Aaron Rodgers FLEX Denzel Boston FLEX Harold Fannin Jr. FLEX Pat Freiermuth FLEX Darnell Washington,,,
2087,5277354367,darfbolas,0,94.36,CPT Quinshon Judkins FLEX Aaron Rodgers FLEX DK Metcalf FLEX Michael Pittman Jr. FLEX KC Concepcion Jr. FLEX Raheim Sanders,,,
2087,5277824874,vladybro,0,94.36,CPT Jaylen Warren FLEX Aaron Rodgers FLEX Denzel Boston FLEX Harold Fannin Jr. FLEX Steelers  FLEX Roman Wilson,,,
2087,5275724830,kramerap59,0,94.35999,CPT Andre Szmyt FLEX Aaron Rodgers FLEX Jaylen Warren FLEX Quinshon Judkins FLEX Harold Fannin Jr. FLEX Michael Pittman Jr.,,,
2092,5277343142,HakeemTheDream,0,94.33,CPT DK Metcalf FLEX Aaron Rodgers FLEX Deshaun Watson FLEX Michael Pittman Jr. FLEX Pat Freiermuth FLEX Andre Szmyt,,,
2092,5276876063,antonay313,0,94.329994,CPT DK Metcalf FLEX Aaron Rodgers FLEX Deshaun Watson FLEX Harold Fannin Jr. FLEX KC Concepcion Jr. FLEX Germie Bernard,,,
2094,5275565645,BIGJ920,0,94.32001,CPT Quinshon Judkins FLEX Jaylen Warren FLEX Deshaun Watson FLEX Harold Fannin Jr. FLEX Pat Freiermuth FLEX Browns ,,,
2094,5275567463,Sethison10,0,94.32001,CPT Quinshon Judkins FLEX Jaylen Warren FLEX Deshaun Watson FLEX Harold Fannin Jr. FLEX Pat Freiermuth FLEX Browns ,,,
2094,5276228635,SC33KB,0,94.32001,CPT Quinshon Judkins FLEX Jaylen Warren FLEX Deshaun Watson FLEX Harold Fannin Jr. FLEX Pat Freiermuth FLEX Browns ,,,
2094,5276717110,Prizzom,0,94.32001,CPT Quinshon Judkins FLEX Jaylen Warren FLEX Deshaun Watson FLEX Harold Fannin Jr. FLEX Pat Freiermuth FLEX Browns ,,,
2094,5277442242,ThunderThighs55,0,94.32001,CPT Quinshon Judkins FLEX Jaylen Warren FLEX Deshaun Watson FLEX Harold Fannin Jr. FLEX Pat Freiermuth FLEX Browns ,,,
2094,5277657176,Ilovetots,0,94.32001,CPT Quinshon Judkins FLEX Jaylen Warren FLEX Deshaun Watson FLEX Harold Fannin Jr. FLEX Pat Freiermuth FLEX Browns ,,,
2094,5277723625,MHG23,0,94.32001,CPT Quinshon Judkins FLEX Jaylen Warren FLEX Deshaun Watson FLEX Harold Fannin Jr. FLEX Pat Freiermuth FLEX Browns ,,,
2094,5277797813,kjlecomte,0,94.32001,CPT Quinshon Judkins FLEX Jaylen Warren FLEX Deshaun Watson FLEX Harold Fannin Jr. FLEX Pat Freiermuth FLEX Browns ,,,
2094,5277851709,Bob2169,0,94.32001,CPT Quinshon Judkins FLEX Jaylen Warren FLEX Deshaun Watson FLEX Harold Fannin Jr. FLEX Pat Freiermuth FLEX Browns ,,,
2094,5277861164,OllyOllyO,0,94.32001,CPT Quinshon Judkins FLEX Jaylen Warren FLEX Deshaun Watson FLEX Harold Fannin Jr. FLEX Pat Freiermuth FLEX Browns ,,,
2104,5277851337,Kimmidi108,0,94.28,CPT Deshaun Watson FLEX DK Metcalf FLEX Denzel Boston FLEX Harold Fannin Jr. FLEX KC Concepcion Jr. FLEX Roman Wilson,,,
2104,5276175414,rftraveller,0,94.27999,CPT Roman Wilson FLEX Aaron Rodgers FLEX Jaylen Warren FLEX Deshaun Watson FLEX Harold Fannin Jr. FLEX Michael Pittman Jr.,,,
2104,5276356239,GrayJediJ,0,94.27999,CPT Roman Wilson FLEX Aaron Rodgers FLEX Jaylen Warren FLEX Deshaun Watson FLEX Harold Fannin Jr. FLEX Michael Pittman Jr.,,,
2104,5276377291,vegaman13,0,94.27999,CPT KC Concepcion Jr. FLEX Aaron Rodgers FLEX Jaylen Warren FLEX Deshaun Watson FLEX Pat Freiermuth FLEX Andre Szmyt,,,
2104,5276515729,nastynate63,0,94.27999,CPT Roman Wilson FLEX Aaron Rodgers FLEX Jaylen Warren FLEX Deshaun Watson FLEX Harold Fannin Jr. FLEX Michael Pittman Jr.,,,
2104,5276920823,JcClark18,0,94.27999,CPT KC Concepcion Jr. FLEX Aaron Rodgers FLEX Jaylen Warren FLEX Deshaun Watson FLEX Pat Freiermuth FLEX Andre Szmyt,,,
2104,5277014559,ashimono,0,94.27999,CPT Roman Wilson FLEX Aaron Rodgers FLEX Jaylen Warren FLEX Deshaun Watson FLEX Harold Fannin Jr. FLEX Michael Pittman Jr.,,,
2104,5277279517,Wig_Split_ta,0,94.27999,CPT Roman Wilson FLEX Aaron Rodgers FLEX Jaylen Warren FLEX Deshaun Watson FLEX Harold Fannin Jr. FLEX Michael Pittman Jr.,,,
2104,5277591796,fantasyheaven,0,94.27999,CPT Roman Wilson FLEX Aaron Rodgers FLEX Jaylen Warren FLEX Deshaun Watson FLEX Harold Fannin Jr. FLEX Michael Pittman Jr.,,,
2104,5277656520,iiapias,0,94.27999,CPT Roman Wilson FLEX Aaron Rodgers FLEX Jaylen Warren FLEX Deshaun Watson FLEX Harold Fannin Jr. FLEX Michael Pittman Jr.,,,
2104,5277845414,mhamm84380,0,94.27999,CPT Roman Wilson FLEX Aaron Rodgers FLEX Jaylen Warren FLEX Deshaun Watson FLEX Harold Fannin Jr. FLEX Michael Pittman Jr.,,,
2115,5275861330,define7,0,94.270004,CPT Darnell Washington FLEX Jaylen Warren FLEX Deshaun Watson FLEX Quinshon Judkins FLEX Denzel Boston FLEX Harold Fannin Jr.,,,
2115,5277846209,meanrabbit88,0,94.270004,CPT Darnell Washington FLEX Jaylen Warren FLEX Deshaun Watson FLEX Quinshon Judkins FLEX Denzel Boston FLEX Harold Fannin Jr.,,,
2117,5276261683,Mousedef,0,94.26,CPT Jaylen Warren FLEX Aaron Rodgers FLEX DK Metcalf FLEX Harold Fannin Jr. FLEX Chris Boswell FLEX Darnell Washington,,,
2117,5276565880,jsanders41,0,94.26,CPT Quinshon Judkins FLEX Aaron Rodgers FLEX Harold Fannin Jr. FLEX Michael Pittman Jr. FLEX Pat Freiermuth FLEX Andre Szmyt,,,
2117,5277381181,mrrutexas,0,94.26,CPT Jaylen Warren FLEX Aaron Rodgers FLEX DK Metcalf FLEX KC Concepcion Jr. FLEX Chris Boswell FLEX Andre Szmyt,,,
2117,5277385454,LuckySchrock,0,94.26,CPT Jaylen Warren FLEX Aaron Rodgers FLEX DK Metcalf FLEX KC Concepcion Jr. FLEX Chris Boswell FLEX Andre Szmyt,,,
2117,5277466264,wiuagger,0,94.26,CPT Jaylen Warren FLEX Aaron Rodgers FLEX DK Metcalf FLEX Harold Fannin Jr. FLEX Chris Boswell FLEX Darnell Washington,,,
2117,5277588128,Txl169,0,94.26,CPT Jaylen Warren FLEX Aaron Rodgers FLEX DK Metcalf FLEX Harold Fannin Jr. FLEX Chris Boswell FLEX Darnell Washington,,,
2123,5276102447,mlief,0,94.229996,CPT DK Metcalf FLEX Aaron Rodgers FLEX Deshaun Watson FLEX KC Concepcion Jr. FLEX Pat Freiermuth FLEX Chris Boswell,,,
2123,5276151681,sthebo88,0,94.229996,CPT Denzel Boston FLEX Aaron Rodgers FLEX Jaylen Warren FLEX Deshaun Watson FLEX Chris Boswell FLEX Roman Wilson,,,
2123,5276611806,stu75,0,94.229996,CPT Denzel Boston FLEX Aaron Rodgers FLEX Jaylen Warren FLEX Deshaun Watson FLEX Chris Boswell FLEX Roman Wilson,,,
2123,5276653017,jcogdell,0,94.229996,CPT Denzel Boston FLEX Aaron Rodgers FLEX Jaylen Warren FLEX Deshaun Watson FLEX Chris Boswell FLEX Roman Wilson,,,
2123,5276806142,rob08unc,0,94.229996,CPT Pat Freiermuth FLEX Aaron Rodgers FLEX Jaylen Warren FLEX Deshaun Watson FLEX Harold Fannin Jr. FLEX Andre Szmyt,,,
2123,5276872223,randyr67,0,94.229996,CPT Denzel Boston FLEX Aaron Rodgers FLEX Jaylen Warren FLEX Deshaun Watson FLEX Chris Boswell FLEX Roman Wilson,,,
2123,5277026327,drama25689,0,94.229996,CPT Denzel Boston FLEX Aaron Rodgers FLEX Jaylen Warren FLEX Deshaun Watson FLEX Chris Boswell FLEX Roman Wilson,,,
2123,5277045840,1nonlyDXP,0,94.229996,CPT DK Metcalf FLEX Aaron Rodgers FLEX Deshaun Watson FLEX KC Concepcion Jr. FLEX Pat Freiermuth FLEX Chris Boswell,,,
2123,5277051826,jfive757,0,94.229996,CPT Denzel Boston FLEX Aaron Rodgers FLEX Jaylen Warren FLEX Deshaun Watson FLEX Chris Boswell FLEX Roman Wilson,,,
2123,5277498976,ThexPrimetime,0,94.229996,CPT Denzel Boston FLEX Aaron Rodgers FLEX Jaylen Warren FLEX Deshaun Watson FLEX Chris Boswell FLEX Roman Wilson,,,
2123,5277526759,XAKAX,0,94.229996,CPT DK Metcalf FLEX Aaron Rodgers FLEX Deshaun Watson FLEX KC Concepcion Jr. FLEX Pat Freiermuth FLEX Chris Boswell,,,
2123,5277529992,b8m4s,0,94.229996,CPT Denzel Boston FLEX Aaron Rodgers FLEX Jaylen Warren FLEX Deshaun Watson FLEX Chris Boswell FLEX Roman Wilson,,,
2123,5277610532,LucaNasty,0,94.229996,CPT Denzel Boston FLEX Aaron Rodgers FLEX Jaylen Warren FLEX Deshaun Watson FLEX Chris Boswell FLEX Roman Wilson,,,
2123,5277707428,BenByers,0,94.229996,CPT Pat Freiermuth FLEX Aaron Rodgers FLEX Jaylen Warren FLEX Deshaun Watson FLEX Harold Fannin Jr. FLEX Andre Szmyt,,,
2123,5277767238,FullNauss,0,94.229996,CPT Denzel Boston FLEX Aaron Rodgers FLEX Jaylen Warren FLEX Deshaun Watson FLEX Chris Boswell FLEX Roman Wilson,,,
2123,5277800094,1hit1ders,0,94.229996,CPT Pat Freiermuth FLEX Aaron Rodgers FLEX Jaylen Warren FLEX Deshaun Watson FLEX Harold Fannin Jr. FLEX Andre Szmyt,,,
2123,5277839496,CLinn10,0,94.229996,CPT Denzel Boston FLEX Aaron Rodgers FLEX Jaylen Warren FLEX Deshaun Watson FLEX Chris Boswell FLEX Roman Wilson,,,
2140,5276974727,chadyboi3,0,94.22,CPT Quinshon Judkins FLEX Jaylen Warren FLEX Deshaun Watson FLEX Michael Pittman Jr. FLEX KC Concepcion Jr. FLEX Roman Wilson,,,
2141,5275645417,Sirhcovlas,0,94.21001,CPT DK Metcalf FLEX Aaron Rodgers FLEX Denzel Boston FLEX KC Concepcion Jr. FLEX Pat Freiermuth FLEX Steelers ,,,
2141,5276158570,ryangArden1105,0,94.21,CPT Michael Pittman Jr. FLEX Aaron Rodgers FLEX Jaylen Warren FLEX Quinshon Judkins FLEX KC Concepcion Jr. FLEX Roman Wilson,,,
2143,5277056902,Bornmobster89,0,94.2,CPT Quinshon Judkins FLEX Jaylen Warren FLEX DK Metcalf FLEX Harold Fannin Jr. FLEX Steelers  FLEX Browns ,,,
2143,5277529387,BlackAvenger,0,94.2,CPT Quinshon Judkins FLEX Jaylen Warren FLEX DK Metcalf FLEX Harold Fannin Jr. FLEX Steelers  FLEX Browns ,,,
2145,5276605294,Toppodogg,0,94.170006,CPT Denzel Boston FLEX Jaylen Warren FLEX Deshaun Watson FLEX Quinshon Judkins FLEX Pat Freiermuth FLEX Andre Szmyt,,,
2145,5276889726,priceless88,0,94.170006,CPT Denzel Boston FLEX Jaylen Warren FLEX Deshaun Watson FLEX Quinshon Judkins FLEX Pat Freiermuth FLEX Andre Szmyt,,,
2145,5277027280,edencornhusker,0,94.170006,CPT Denzel Boston FLEX Jaylen Warren FLEX Deshaun Watson FLEX Quinshon Judkins FLEX Pat Freiermuth FLEX Andre Szmyt,,,
2145,5277039940,mythicalrhymer01,0,94.170006,CPT Denzel Boston FLEX Jaylen Warren FLEX Deshaun Watson FLEX Quinshon Judkins FLEX Pat Freiermuth FLEX Andre Szmyt,,,
2145,5277152721,gatons,0,94.170006,CPT Denzel Boston FLEX Jaylen Warren FLEX Deshaun Watson FLEX Quinshon Judkins FLEX Pat Freiermuth FLEX Andre Szmyt,,,
2145,5277565278,Slayinkid,0,94.170006,CPT Denzel Boston FLEX Jaylen Warren FLEX Deshaun Watson FLEX Quinshon Judkins FLEX Pat Freiermuth FLEX Andre Szmyt,,,
2145,5277753516,austin03,0,94.170006,CPT Denzel Boston FLEX Jaylen Warren FLEX Deshaun Watson FLEX Quinshon Judkins FLEX Pat Freiermuth FLEX Andre Szmyt,,,
2152,5277036408,garydiXon9377,0,94.159996,CPT Aaron Rodgers FLEX Deshaun Watson FLEX DK Metcalf FLEX Harold Fannin Jr. FLEX Browns  FLEX Germie Bernard,,,
2152,5277744353,johnwickwithastick,0,94.159996,CPT Jaylen Warren FLEX Aaron Rodgers FLEX DK Metcalf FLEX Quinshon Judkins FLEX Chris Boswell FLEX Ben Skowronek,,,
2154,5277443918,poland_83,0,94.15,CPT DK Metcalf FLEX Jaylen Warren FLEX Quinshon Judkins FLEX Harold Fannin Jr. FLEX Chris Boswell FLEX Andre Szmyt,,,
2155,5276774504,jbeef86,0,94.13999,CPT Deshaun Watson FLEX Aaron Rodgers FLEX Quinshon Judkins FLEX Harold Fannin Jr. FLEX KC Concepcion Jr. FLEX Germie Bernard,,,
2156,5277607477,sheets11,0,94.12,CPT KC Concepcion Jr. FLEX Jaylen Warren FLEX Deshaun Watson FLEX Quinshon Judkins FLEX Denzel Boston FLEX Andre Szmyt,,,
2156,5276454418,JoeBlackDigital,0,94.119995,CPT Browns  FLEX Deshaun Watson FLEX DK Metcalf FLEX Quinshon Judkins FLEX Denzel Boston FLEX Harold Fannin Jr.,,,
2156,5277351746,whonate,0,94.119995,CPT Browns  FLEX Deshaun Watson FLEX DK Metcalf FLEX Quinshon Judkins FLEX Denzel Boston FLEX Harold Fannin Jr.,,,
2156,5277831113,Nohelpplzz12,0,94.119995,CPT Browns  FLEX Deshaun Watson FLEX DK Metcalf FLEX Quinshon Judkins FLEX Denzel Boston FLEX Harold Fannin Jr.,,,
2160,5275566844,Ellio31,0,94.11,CPT Pat Freiermuth FLEX Aaron Rodgers FLEX Jaylen Warren FLEX Quinshon Judkins FLEX Denzel Boston FLEX Chris Boswell,,,
2160,5277088358,gograndy,0,94.11,CPT Pat Freiermuth FLEX Aaron Rodgers FLEX Jaylen Warren FLEX Quinshon Judkins FLEX Denzel Boston FLEX Chris Boswell,,,
2160,5277134375,66Pens,0,94.11,CPT Pat Freiermuth FLEX Aaron Rodgers FLEX Jaylen Warren FLEX Quinshon Judkins FLEX Denzel Boston FLEX Chris Boswell,,,
2160,5277251280,Debo1971,0,94.11,CPT Pat Freiermuth FLEX Aaron Rodgers FLEX Jaylen Warren FLEX Quinshon Judkins FLEX Denzel Boston FLEX Chris Boswell,,,
2160,5277851227,ROOKSEY,0,94.11,CPT Pat Freiermuth FLEX Aaron Rodgers FLEX Jaylen Warren FLEX Quinshon Judkins FLEX Denzel Boston FLEX Chris Boswell,,,
2165,5276317057,jh181630,0,94.08,CPT Jaylen Warren FLEX Aaron Rodgers FLEX Deshaun Watson FLEX KC Concepcion Jr. FLEX Chris Boswell FLEX Roman Wilson,,,
2165,5276990504,Draxler1982,0,94.08,CPT Jaylen Warren FLEX Aaron Rodgers FLEX Deshaun Watson FLEX KC Concepcion Jr. FLEX Chris Boswell FLEX Roman Wilson,,,
2165,5277018617,Cleveland27,0,94.08,CPT Jaylen Warren FLEX Aaron Rodgers FLEX Deshaun Watson FLEX KC Concepcion Jr. FLEX Chris Boswell FLEX Roman Wilson,,,
2165,5277056190,donj9903,0,94.08,CPT Jaylen Warren FLEX Aaron Rodgers FLEX Deshaun Watson FLEX KC Concepcion Jr. FLEX Chris Boswell FLEX Roman Wilson,,,
2165,5277183275,jabbo123,0,94.08,CPT Jaylen Warren FLEX Aaron Rodgers FLEX Deshaun Watson FLEX KC Concepcion Jr. FLEX Chris Boswell FLEX Roman Wilson,,,
2165,5277229102,MultipleWinGasms,0,94.08,CPT Jaylen Warren FLEX Aaron Rodgers FLEX Deshaun Watson FLEX KC Concepcion Jr. FLEX Chris Boswell FLEX Roman Wilson,,,
2165,5277253198,jbles311,0,94.08,CPT Jaylen Warren FLEX Aaron Rodgers FLEX Deshaun Watson FLEX KC Concepcion Jr. FLEX Chris Boswell FLEX Roman Wilson,,,
2165,5277530051,30741boy,0,94.08,CPT Jaylen Warren FLEX Aaron Rodgers FLEX Deshaun Watson FLEX KC Concepcion Jr. FLEX Chris Boswell FLEX Roman Wilson,,,
2165,5277638388,Dreadking34,0,94.08,CPT Jaylen Warren FLEX Aaron Rodgers FLEX Deshaun Watson FLEX KC Concepcion Jr. FLEX Chris Boswell FLEX Roman Wilson,,,
2165,5277697992,anishsb21,0,94.08,CPT Jaylen Warren FLEX Aaron Rodgers FLEX Deshaun Watson FLEX KC Concepcion Jr. FLEX Chris Boswell FLEX Roman Wilson,,,
2165,5276549774,yougotcropdusted,0,94.079994,CPT Chris Boswell FLEX Aaron Rodgers FLEX Jaylen Warren FLEX Deshaun Watson FLEX Quinshon Judkins FLEX Andre Szmyt,,,
2165,5276919134,Exzer770,0,94.079994,CPT Steelers  FLEX Aaron Rodgers FLEX Jaylen Warren FLEX Deshaun Watson FLEX Quinshon Judkins FLEX Browns ,,,
2165,5277073924,gatorrick81220,0,94.079994,CPT Steelers  FLEX Aaron Rodgers FLEX Jaylen Warren FLEX Deshaun Watson FLEX Quinshon Judkins FLEX Browns ,,,
2165,5277096343,DSBforLife,0,94.079994,CPT Chris Boswell FLEX Aaron Rodgers FLEX Jaylen Warren FLEX Deshaun Watson FLEX Quinshon Judkins FLEX Andre Szmyt,,,
2165,5277102732,JakeSum84,0,94.079994,CPT Chris Boswell FLEX Aaron Rodgers FLEX Jaylen Warren FLEX Deshaun Watson FLEX Quinshon Judkins FLEX Andre Szmyt,,,
2165,5277228118,Andre3thousand,0,94.079994,CPT Chris Boswell FLEX Aaron Rodgers FLEX Jaylen Warren FLEX Deshaun Watson FLEX Quinshon Judkins FLEX Andre Szmyt,,,
2165,5277263775,Tully936,0,94.079994,CPT Chris Boswell FLEX Aaron Rodgers FLEX Jaylen Warren FLEX Deshaun Watson FLEX Quinshon Judkins FLEX Andre Szmyt,,,
2165,5277264875,brownbsr,0,94.079994,CPT Steelers  FLEX Aaron Rodgers FLEX Jaylen Warren FLEX Deshaun Watson FLEX Quinshon Judkins FLEX Browns ,,,
2165,5277277651,Nelmes13,0,94.079994,CPT Chris Boswell FLEX Aaron Rodgers FLEX Jaylen Warren FLEX Deshaun Watson FLEX Quinshon Judkins FLEX Andre Szmyt,,,
2165,5277301582,JCooper322,0,94.079994,CPT Steelers  FLEX Aaron Rodgers FLEX Jaylen Warren FLEX Deshaun Watson FLEX Quinshon Judkins FLEX Browns ,,,
2165,5277333812,FatAssBass,0,94.079994,CPT Chris Boswell FLEX Aaron Rodgers FLEX Jaylen Warren FLEX Deshaun Watson FLEX Quinshon Judkins FLEX Andre Szmyt,,,
2165,5277353176,lyon5005,0,94.079994,CPT Steelers  FLEX Aaron Rodgers FLEX Jaylen Warren FLEX Deshaun Watson FLEX Quinshon Judkins FLEX Browns ,,,
2165,5277359112,banjer62,0,94.079994,CPT Steelers  FLEX Aaron Rodgers FLEX Jaylen Warren FLEX Deshaun Watson FLEX Quinshon Judkins FLEX Browns ,,,
2165,5277548793,vellaragu,0,94.079994,CPT Chris Boswell FLEX Aaron Rodgers FLEX Jaylen Warren FLEX Deshaun Watson FLEX Quinshon Judkins FLEX Andre Szmyt,,,
2165,5277555804,JdAlmighty,0,94.079994,CPT Chris Boswell FLEX Aaron Rodgers FLEX Jaylen Warren FLEX Deshaun Watson FLEX Quinshon Judkins FLEX Andre Szmyt,,,
2165,5277729496,butero,0,94.079994,CPT Steelers  FLEX Aaron Rodgers FLEX Jaylen Warren FLEX Deshaun Watson FLEX Quinshon Judkins FLEX Browns ,,,
2165,5277748559,woody326,0,94.079994,CPT Steelers  FLEX Aaron Rodgers FLEX Jaylen Warren FLEX Deshaun Watson FLEX Quinshon Judkins FLEX Browns ,,,
2192,5277479308,colemryt,0,94.060005,CPT Jaylen Warren FLEX Aaron Rodgers FLEX Denzel Boston FLEX KC Concepcion Jr. FLEX Steelers  FLEX Roman Wilson,,,
2192,5277017757,tonyt91,0,94.06,CPT Quinshon Judkins FLEX Aaron Rodgers FLEX DK Metcalf FLEX Michael Pittman Jr. FLEX Pat Freiermuth FLEX Chris Boswell,,,
2194,5277592908,woody454,0,94.03999,CPT Deshaun Watson FLEX Aaron Rodgers FLEX Denzel Boston FLEX Harold Fannin Jr. FLEX KC Concepcion Jr. FLEX Darnell Washington,,,
2194,5277758154,Phillymattic,0,94.03999,CPT Aaron Rodgers FLEX Jaylen Warren FLEX DK Metcalf FLEX Harold Fannin Jr. FLEX KC Concepcion Jr. FLEX Travis Homer,,,
2194,5277815588,martowright,0,94.03999,CPT Deshaun Watson FLEX Aaron Rodgers FLEX Denzel Boston FLEX Harold Fannin Jr. FLEX KC Concepcion Jr. FLEX Darnell Washington,,,
2194,5277840974,BillLeblanc69,0,94.03999,CPT Deshaun Watson FLEX Aaron Rodgers FLEX Quinshon Judkins FLEX KC Concepcion Jr. FLEX Pat Freiermuth FLEX Chris Boswell,,,
2198,5276058968,josh.0,0,94.020004,CPT Quinshon Judkins FLEX Deshaun Watson FLEX Denzel Boston FLEX Harold Fannin Jr. FLEX KC Concepcion Jr. FLEX Pat Freiermuth,,,
2198,5276271732,PopFlyBoy,0,94.020004,CPT Quinshon Judkins FLEX Jaylen Warren FLEX Deshaun Watson FLEX KC Concepcion Jr. FLEX Pat Freiermuth FLEX Browns ,,,
2198,5277083047,MathiasCorne,0,94.020004,CPT Quinshon Judkins FLEX Deshaun Watson FLEX Denzel Boston FLEX Harold Fannin Jr. FLEX KC Concepcion Jr. FLEX Pat Freiermuth,,,
2198,5277155707,milligolf,0,94.020004,CPT Jaylen Warren FLEX Deshaun Watson FLEX Quinshon Judkins FLEX Harold Fannin Jr. FLEX Steelers  FLEX Roman Wilson,,,
2198,5277311958,dritchie686,0,94.020004,CPT Jaylen Warren FLEX Deshaun Watson FLEX Quinshon Judkins FLEX Harold Fannin Jr. FLEX Steelers  FLEX Roman Wilson,,,
2198,5277331069,josephalperto,0,94.020004,CPT Jaylen Warren FLEX Deshaun Watson FLEX Quinshon Judkins FLEX Harold Fannin Jr. FLEX Steelers  FLEX Roman Wilson,,,
2198,5277660487,mattcasey22,0,94.020004,CPT Quinshon Judkins FLEX Jaylen Warren FLEX Deshaun Watson FLEX KC Concepcion Jr. FLEX Pat Freiermuth FLEX Browns ,,,
2198,5277757375,mr.ravid,0,94.020004,CPT Jaylen Warren FLEX Deshaun Watson FLEX Quinshon Judkins FLEX Harold Fannin Jr. FLEX Steelers  FLEX Roman Wilson,,,
2198,5275414382,MaxTheMin,0,94.02,CPT Jaylen Warren FLEX Deshaun Watson FLEX Quinshon Judkins FLEX KC Concepcion Jr. FLEX Pat Freiermuth FLEX Andre Szmyt,,,
2198,5277735114,lutzboy,0,94.02,CPT Jaylen Warren FLEX Deshaun Watson FLEX Quinshon Judkins FLEX KC Concepcion Jr. FLEX Pat Freiermuth FLEX Andre Szmyt,,,
2208,5277644464,asp66,0,94.009995,CPT Pat Freiermuth FLEX Aaron Rodgers FLEX Jaylen Warren FLEX DK Metcalf FLEX Denzel Boston FLEX Steelers ,,,
2209,5275721215,styntru2u,0,93.979996,CPT Jaylen Warren FLEX Aaron Rodgers FLEX Deshaun Watson FLEX Harold Fannin Jr. FLEX Raheim Sanders FLEX Roman Wilson,,,
2209,5276023942,Babysnatcha,0,93.979996,CPT Jaylen Warren FLEX Aaron Rodgers FLEX Deshaun Watson FLEX Harold Fannin Jr. FLEX Raheim Sanders FLEX Roman Wilson,,,
2209,5276385642,auntcoco6,0,93.979996,CPT Jaylen Warren FLEX Aaron Rodgers FLEX Deshaun Watson FLEX Harold Fannin Jr. FLEX Raheim Sanders FLEX Roman Wilson,,,
2209,5276867609,martini13,0,93.979996,CPT Deshaun Watson FLEX Quinshon Judkins FLEX Denzel Boston FLEX Harold Fannin Jr. FLEX Browns  FLEX Roman Wilson,,,
2209,5277124818,BRW3,0,93.979996,CPT Jaylen Warren FLEX Aaron Rodgers FLEX Deshaun Watson FLEX Harold Fannin Jr. FLEX Raheim Sanders FLEX Roman Wilson,,,
2209,5277409228,FootlongTacos,0,93.979996,CPT Jaylen Warren FLEX Aaron Rodgers FLEX Deshaun Watson FLEX Harold Fannin Jr. FLEX Raheim Sanders FLEX Roman Wilson,,,
2209,5277443415,The-Vigilantes,0,93.979996,CPT Jaylen Warren FLEX Aaron Rodgers FLEX Deshaun Watson FLEX Harold Fannin Jr. FLEX Raheim Sanders FLEX Roman Wilson,,,
2209,5277651143,spatzattack,0,93.979996,CPT Jaylen Warren FLEX Aaron Rodgers FLEX Deshaun Watson FLEX Harold Fannin Jr. FLEX Raheim Sanders FLEX Roman Wilson,,,
2209,5277661316,Backdraft4837,0,93.979996,CPT Jaylen Warren FLEX Aaron Rodgers FLEX Deshaun Watson FLEX Harold Fannin Jr. FLEX Raheim Sanders FLEX Roman Wilson,,,
2209,5277795406,BelizeRabbit,0,93.979996,CPT Jaylen Warren FLEX Aaron Rodgers FLEX Deshaun Watson FLEX Harold Fannin Jr. FLEX Raheim Sanders FLEX Roman Wilson,,,
2219,5276116774,HussleGreen,0,93.97,CPT Harold Fannin Jr. FLEX Deshaun Watson FLEX DK Metcalf FLEX Quinshon Judkins FLEX KC Concepcion Jr. FLEX Browns ,,,
2219,5277410866,tjregan21,0,93.97,CPT Harold Fannin Jr. FLEX Deshaun Watson FLEX DK Metcalf FLEX Quinshon Judkins FLEX KC Concepcion Jr. FLEX Browns ,,,
2219,5277755916,swgmys,0,93.97,CPT DK Metcalf FLEX Jaylen Warren FLEX Deshaun Watson FLEX Quinshon Judkins FLEX Steelers  FLEX Jerry Jeudy,,,
2219,5277789760,bertlinc,0,93.97,CPT Harold Fannin Jr. FLEX Deshaun Watson FLEX DK Metcalf FLEX Quinshon Judkins FLEX KC Concepcion Jr. FLEX Browns ,,,
2223,5275491181,ellafante,0,93.92999,CPT DK Metcalf FLEX Aaron Rodgers FLEX Jaylen Warren FLEX Deshaun Watson FLEX Raheim Sanders FLEX Jerry Jeudy,,,
2223,5276640085,dfenton,0,93.92999,CPT Pat Freiermuth FLEX Aaron Rodgers FLEX Jaylen Warren FLEX Deshaun Watson FLEX Harold Fannin Jr. FLEX Darnell Washington,,,
2223,5277093325,makeitrainonem,0,93.92999,CPT DK Metcalf FLEX Aaron Rodgers FLEX Jaylen Warren FLEX Deshaun Watson FLEX Raheim Sanders FLEX Jerry Jeudy,,,
2223,5277313487,nicepicks,0,93.92999,CPT Pat Freiermuth FLEX Aaron Rodgers FLEX Jaylen Warren FLEX Deshaun Watson FLEX KC Concepcion Jr. FLEX Andre Szmyt,,,
2223,5277501336,Jimmyhows,0,93.92999,CPT DK Metcalf FLEX Aaron Rodgers FLEX Jaylen Warren FLEX Deshaun Watson FLEX Raheim Sanders FLEX Jerry Jeudy,,,
2223,5277564400,Michaeldegg69,0,93.92999,CPT DK Metcalf FLEX Aaron Rodgers FLEX Jaylen Warren FLEX Deshaun Watson FLEX Raheim Sanders FLEX Jerry Jeudy,,,
2223,5277569507,Dartsinside,0,93.92999,CPT DK Metcalf FLEX Aaron Rodgers FLEX Jaylen Warren FLEX Deshaun Watson FLEX Raheim Sanders FLEX Jerry Jeudy,,,
2230,5275598636,moneymind6,0,93.90999,CPT Harold Fannin Jr. FLEX Aaron Rodgers FLEX Jaylen Warren FLEX Quinshon Judkins FLEX Michael Pittman Jr. FLEX Darnell Washington,,,
2231,5276131992,hespen2,0,93.9,CPT Quinshon Judkins FLEX Jaylen Warren FLEX DK Metcalf FLEX Harold Fannin Jr. FLEX Pat Freiermuth FLEX Chris Boswell,,,
2231,5276157642,johndoe850,0,93.9,CPT Quinshon Judkins FLEX Jaylen Warren FLEX DK Metcalf FLEX Harold Fannin Jr. FLEX Pat Freiermuth FLEX Chris Boswell,,,
2231,5276752103,ryedie28,0,93.9,CPT Quinshon Judkins FLEX Jaylen Warren FLEX DK Metcalf FLEX Harold Fannin Jr. FLEX Pat Freiermuth FLEX Chris Boswell,,,
2231,5276854067,trixie832,0,93.9,CPT Quinshon Judkins FLEX Jaylen Warren FLEX DK Metcalf FLEX Harold Fannin Jr. FLEX Pat Freiermuth FLEX Chris Boswell,,,
2231,5277447395,Kammack,0,93.9,CPT Quinshon Judkins FLEX Jaylen Warren FLEX DK Metcalf FLEX Harold Fannin Jr. FLEX Pat Freiermuth FLEX Chris Boswell,,,
2236,5276145402,Fashako,0,93.87,CPT Denzel Boston FLEX Jaylen Warren FLEX Deshaun Watson FLEX Quinshon Judkins FLEX Steelers  FLEX Roman Wilson,,,
2236,5277400165,RoundTrip1,0,93.87,CPT DK Metcalf FLEX Jaylen Warren FLEX Deshaun Watson FLEX Harold Fannin Jr. FLEX Steelers  FLEX Roman Wilson,,,
2236,5277588020,chadfu23,0,93.87,CPT DK Metcalf FLEX Jaylen Warren FLEX Deshaun Watson FLEX Harold Fannin Jr. FLEX Steelers  FLEX Roman Wilson,,,
2239,5276754349,LordWilliam29,0,93.86,CPT Aaron Rodgers FLEX Jaylen Warren FLEX Deshaun Watson FLEX Harold Fannin Jr. FLEX Chris Boswell FLEX Darnell Washington,,,
2239,5276942699,BS1026,0,93.86,CPT Aaron Rodgers FLEX Jaylen Warren FLEX Deshaun Watson FLEX KC Concepcion Jr. FLEX Chris Boswell FLEX Andre Szmyt,,,
2239,5277214681,dandydon65,0,93.86,CPT Aaron Rodgers FLEX Jaylen Warren FLEX Deshaun Watson FLEX Harold Fannin Jr. FLEX Chris Boswell FLEX Darnell Washington,,,
2239,5277219119,Th15guy,0,93.86,CPT Aaron Rodgers FLEX Jaylen Warren FLEX Deshaun Watson FLEX Harold Fannin Jr. FLEX Chris Boswell FLEX Darnell Washington,,,
2239,5277233155,BeliCheckYoSelf16,0,93.86,CPT Aaron Rodgers FLEX Jaylen Warren FLEX Deshaun Watson FLEX Harold Fannin Jr. FLEX Chris Boswell FLEX Darnell Washington,,,
2239,5277302842,Bullet2110,0,93.86,CPT Aaron Rodgers FLEX Jaylen Warren FLEX Deshaun Watson FLEX KC Concepcion Jr. FLEX Chris Boswell FLEX Andre Szmyt,,,
2239,5277418651,mjscott8824,0,93.86,CPT Aaron Rodgers FLEX Jaylen Warren FLEX Deshaun Watson FLEX KC Concepcion Jr. FLEX Chris Boswell FLEX Andre Szmyt,,,
2239,5277481954,whity1winner,0,93.86,CPT Aaron Rodgers FLEX Jaylen Warren FLEX Deshaun Watson FLEX KC Concepcion Jr. FLEX Chris Boswell FLEX Andre Szmyt,,,
2239,5277544454,psfamily,0,93.86,CPT Aaron Rodgers FLEX Jaylen Warren FLEX Deshaun Watson FLEX KC Concepcion Jr. FLEX Chris Boswell FLEX Andre Szmyt,,,
2239,5277752042,TN38069,0,93.86,CPT Aaron Rodgers FLEX Jaylen Warren FLEX Deshaun Watson FLEX KC Concepcion Jr. FLEX Chris Boswell FLEX Andre Szmyt,,,
2239,5277840560,louisluck,0,93.86,CPT Aaron Rodgers FLEX Jaylen Warren FLEX Deshaun Watson FLEX Harold Fannin Jr. FLEX Chris Boswell FLEX Darnell Washington,,,
2250,5277274171,dberg46,0,93.850006,CPT Harold Fannin Jr. FLEX Jaylen Warren FLEX Quinshon Judkins FLEX Pat Freiermuth FLEX Andre Szmyt FLEX Roman Wilson,,,
2251,5277782671,ALLMOSTWON,0,93.84,CPT Aaron Rodgers FLEX Jaylen Warren FLEX Quinshon Judkins FLEX Pat Freiermuth FLEX Chris Boswell FLEX Steelers ,,,
2252,5277277751,10sguru,0,93.83,CPT DK Metcalf FLEX Aaron Rodgers FLEX Deshaun Watson FLEX KC Concepcion Jr. FLEX Pat Freiermuth FLEX Raheim Sanders,,,
2252,5276145410,cannonsmash,0,93.829994,CPT Denzel Boston FLEX Aaron Rodgers FLEX Jaylen Warren FLEX Deshaun Watson FLEX Raheim Sanders FLEX Roman Wilson,,,
2252,5277351057,whitetsunami,0,93.829994,CPT Denzel Boston FLEX Aaron Rodgers FLEX Jaylen Warren FLEX Deshaun Watson FLEX Raheim Sanders FLEX Roman Wilson,,,
2252,5277399723,garygs400,0,93.829994,CPT Michael Pittman Jr. FLEX Aaron Rodgers FLEX Deshaun Watson FLEX Quinshon Judkins FLEX Harold Fannin Jr. FLEX Roman Wilson,,,
2252,5277408193,PlayboyHermes,0,93.829994,CPT Denzel Boston FLEX Aaron Rodgers FLEX Jaylen Warren FLEX Deshaun Watson FLEX Raheim Sanders FLEX Roman Wilson,,,
2252,5277843312,ArmTheNeutral,0,93.829994,CPT Michael Pittman Jr. FLEX Aaron Rodgers FLEX Deshaun Watson FLEX Quinshon Judkins FLEX Harold Fannin Jr. FLEX Roman Wilson,,,
2258,5275463753,Tarheels3,0,93.82,CPT Jaylen Warren FLEX Deshaun Watson FLEX Quinshon Judkins FLEX Denzel Boston FLEX Browns  FLEX Andre Szmyt,,,
2258,5277007068,matthewwalsh,0,93.82,CPT Jaylen Warren FLEX Deshaun Watson FLEX Quinshon Judkins FLEX Denzel Boston FLEX Browns  FLEX Andre Szmyt,,,
2258,5277212625,jeffmorris007,0,93.82,CPT Jaylen Warren FLEX Deshaun Watson FLEX Quinshon Judkins FLEX Denzel Boston FLEX Browns  FLEX Andre Szmyt,,,
2258,5277356256,SpaceCowboy1147,0,93.82,CPT Jaylen Warren FLEX Deshaun Watson FLEX Quinshon Judkins FLEX Denzel Boston FLEX Browns  FLEX Andre Szmyt,,,
2258,5277461579,camire22,0,93.82,CPT Jaylen Warren FLEX Deshaun Watson FLEX Quinshon Judkins FLEX Denzel Boston FLEX Browns  FLEX Andre Szmyt,,,
2258,5277148701,bookert21,0,93.81999,CPT KC Concepcion Jr. FLEX Deshaun Watson FLEX DK Metcalf FLEX Quinshon Judkins FLEX Harold Fannin Jr. FLEX Browns ,,,
2264,5277331075,jimmyD97,0,93.8,CPT Quinshon Judkins FLEX Jaylen Warren FLEX Harold Fannin Jr. FLEX KC Concepcion Jr. FLEX Pat Freiermuth FLEX Andre Szmyt,,,
2265,5277033336,Stree,0,93.78,CPT Jaylen Warren FLEX Aaron Rodgers FLEX Deshaun Watson FLEX Denzel Boston FLEX Andre Szmyt FLEX Jerry Jeudy,,,
2265,5276558755,Dylubuzz,0,93.77999,CPT Chris Boswell FLEX Aaron Rodgers FLEX Jaylen Warren FLEX Deshaun Watson FLEX Quinshon Judkins FLEX Darnell Washington,,,
2267,5275426269,milllertime1,0,93.759995,CPT Quinshon Judkins FLEX Aaron Rodgers FLEX Jaylen Warren FLEX Harold Fannin Jr. FLEX Michael Pittman Jr. FLEX Jerry Jeudy,,,
2267,5276645940,edwarddeondre,0,93.759995,CPT Steelers  FLEX Aaron Rodgers FLEX Jaylen Warren FLEX Quinshon Judkins FLEX Denzel Boston FLEX Pat Freiermuth,,,
2267,5277562898,TigerEagle,0,93.759995,CPT Steelers  FLEX Aaron Rodgers FLEX Jaylen Warren FLEX Quinshon Judkins FLEX Denzel Boston FLEX Pat Freiermuth,,,
2270,5277791354,JAMASULA,0,93.75,CPT Harold Fannin Jr. FLEX Jaylen Warren FLEX DK Metcalf FLEX Quinshon Judkins FLEX Denzel Boston FLEX Jerry Jeudy,,,
2271,5277384932,tguzzino,0,93.74,CPT Deshaun Watson FLEX Aaron Rodgers FLEX Jaylen Warren FLEX KC Concepcion Jr. FLEX Chris Boswell FLEX Roman Wilson,,,
2272,5277559869,coastrat69,0,93.729996,CPT Denzel Boston FLEX Aaron Rodgers FLEX Deshaun Watson FLEX DK Metcalf FLEX Chris Boswell FLEX Andre Szmyt,,,
2272,5277854971,Jacoby00000,0,93.729996,CPT Denzel Boston FLEX Aaron Rodgers FLEX Deshaun Watson FLEX DK Metcalf FLEX Chris Boswell FLEX Andre Szmyt,,,
2274,5276819653,Steagles46,0,93.72,CPT Quinshon Judkins FLEX Deshaun Watson FLEX DK Metcalf FLEX Harold Fannin Jr. FLEX Michael Pittman Jr. FLEX Darnell Washington,,,
2274,5277322902,WillCR14,0,93.72,CPT Quinshon Judkins FLEX Deshaun Watson FLEX DK Metcalf FLEX Michael Pittman Jr. FLEX KC Concepcion Jr. FLEX Andre Szmyt,,,
2276,5277428548,Rbsuitcase,0,93.70999,CPT Harold Fannin Jr. FLEX Aaron Rodgers FLEX Jaylen Warren FLEX Quinshon Judkins FLEX Steelers  FLEX Browns ,,,
2277,5276695358,jonytiler,0,93.68,CPT Deshaun Watson FLEX Jaylen Warren FLEX Quinshon Judkins FLEX KC Concepcion Jr. FLEX Pat Freiermuth FLEX Andre Szmyt,,,
2277,5277215692,enemymine,0,93.68,CPT Deshaun Watson FLEX Jaylen Warren FLEX Quinshon Judkins FLEX KC Concepcion Jr. FLEX Pat Freiermuth FLEX Andre Szmyt,,,
2279,5276567393,rep77777,0,93.66999,CPT Denzel Boston FLEX Deshaun Watson FLEX DK Metcalf FLEX Quinshon Judkins FLEX Harold Fannin Jr. FLEX Jerry Jeudy,,,
2280,5275504891,dgutta804,0,93.659996,CPT Steelers  FLEX Aaron Rodgers FLEX Jaylen Warren FLEX DK Metcalf FLEX Quinshon Judkins FLEX Chris Boswell,,,
2280,5276648801,bendominguez,0,93.659996,CPT Steelers  FLEX Aaron Rodgers FLEX Jaylen Warren FLEX DK Metcalf FLEX Quinshon Judkins FLEX Chris Boswell,,,
2280,5276791469,WeeklyHigh,0,93.659996,CPT Steelers  FLEX Aaron Rodgers FLEX Jaylen Warren FLEX DK Metcalf FLEX Quinshon Judkins FLEX Chris Boswell,,,
2280,5277046373,jshickey3,0,93.659996,CPT Steelers  FLEX Aaron Rodgers FLEX Jaylen Warren FLEX DK Metcalf FLEX Quinshon Judkins FLEX Chris Boswell,,,
2280,5277070111,kage12,0,93.659996,CPT Steelers  FLEX Aaron Rodgers FLEX Jaylen Warren FLEX DK Metcalf FLEX Quinshon Judkins FLEX Chris Boswell,,,
2280,5277086415,charliebayside1955,0,93.659996,CPT Steelers  FLEX Aaron Rodgers FLEX Jaylen Warren FLEX DK Metcalf FLEX Quinshon Judkins FLEX Chris Boswell,,,
2280,5277088415,AntonioMorris,0,93.659996,CPT Steelers  FLEX Aaron Rodgers FLEX Jaylen Warren FLEX DK Metcalf FLEX Quinshon Judkins FLEX Chris Boswell,,,
2280,5277219746,dallas1fan21,0,93.659996,CPT Steelers  FLEX Aaron Rodgers FLEX Jaylen Warren FLEX DK Metcalf FLEX Quinshon Judkins FLEX Chris Boswell,,,
2280,5277443067,jrobb55,0,93.659996,CPT Steelers  FLEX Aaron Rodgers FLEX Jaylen Warren FLEX DK Metcalf FLEX Quinshon Judkins FLEX Chris Boswell,,,
2280,5277500442,FunnyShoes2006,0,93.659996,CPT Steelers  FLEX Aaron Rodgers FLEX Jaylen Warren FLEX DK Metcalf FLEX Quinshon Judkins FLEX Chris Boswell,,,
2280,5277543185,McLovin3533,0,93.659996,CPT Steelers  FLEX Aaron Rodgers FLEX Jaylen Warren FLEX DK Metcalf FLEX Quinshon Judkins FLEX Chris Boswell,,,
2280,5277566776,JVR_Wins,0,93.659996,CPT Steelers  FLEX Aaron Rodgers FLEX Jaylen Warren FLEX DK Metcalf FLEX Quinshon Judkins FLEX Chris Boswell,,,
2280,5277597611,IronCE,0,93.659996,CPT Steelers  FLEX Aaron Rodgers FLEX Jaylen Warren FLEX DK Metcalf FLEX Quinshon Judkins FLEX Chris Boswell,,,
2280,5277640645,majorjack,0,93.659996,CPT Steelers  FLEX Aaron Rodgers FLEX Jaylen Warren FLEX DK Metcalf FLEX Quinshon Judkins FLEX Chris Boswell,,,
2280,5277695219,BJ_4515,0,93.659996,CPT Steelers  FLEX Aaron Rodgers FLEX Jaylen Warren FLEX DK Metcalf FLEX Quinshon Judkins FLEX Chris Boswell,,,
2280,5277795780,WeDemLakersBoyz,0,93.659996,CPT Steelers  FLEX Aaron Rodgers FLEX Jaylen Warren FLEX DK Metcalf FLEX Quinshon Judkins FLEX Chris Boswell,,,
2280,5277830102,antdoggie13,0,93.659996,CPT Steelers  FLEX Aaron Rodgers FLEX Jaylen Warren FLEX DK Metcalf FLEX Quinshon Judkins FLEX Chris Boswell,,,
2280,5277877562,mlvolkmann,0,93.659996,CPT Steelers  FLEX Aaron Rodgers FLEX Jaylen Warren FLEX DK Metcalf FLEX Quinshon Judkins FLEX Chris Boswell,,,
2298,5277603878,Raider1178,0,93.65,CPT DK Metcalf FLEX Jaylen Warren FLEX Quinshon Judkins FLEX Denzel Boston FLEX Pat Freiermuth FLEX Raheim Sanders,,,
2298,5277852956,Gaines81,0,93.65,CPT DK Metcalf FLEX Jaylen Warren FLEX Quinshon Judkins FLEX Denzel Boston FLEX Pat Freiermuth FLEX Raheim Sanders,,,
2300,5275558553,Thanos44,0,93.64,CPT Deshaun Watson FLEX Aaron Rodgers FLEX Denzel Boston FLEX Harold Fannin Jr. FLEX Pat Freiermuth FLEX Andre Szmyt,,,
2300,5277342112,Jostino48,0,93.64,CPT Deshaun Watson FLEX Aaron Rodgers FLEX Denzel Boston FLEX Harold Fannin Jr. FLEX Pat Freiermuth FLEX Andre Szmyt,,,
2300,5277380183,UCAS,0,93.64,CPT Deshaun Watson FLEX Aaron Rodgers FLEX Denzel Boston FLEX Harold Fannin Jr. FLEX Pat Freiermuth FLEX Andre Szmyt,,,
2300,5277700852,jayrwebb,0,93.64,CPT Deshaun Watson FLEX Aaron Rodgers FLEX Denzel Boston FLEX Harold Fannin Jr. FLEX Pat Freiermuth FLEX Andre Szmyt,,,
2300,5276445008,bunny2016,0,93.63999,CPT Deshaun Watson FLEX Aaron Rodgers FLEX Jaylen Warren FLEX Harold Fannin Jr. FLEX Raheim Sanders FLEX Roman Wilson,,,
2300,5276854210,ragingballer,0,93.63999,CPT Deshaun Watson FLEX Aaron Rodgers FLEX Jaylen Warren FLEX Harold Fannin Jr. FLEX Raheim Sanders FLEX Roman Wilson,,,
2300,5276872279,biggamehnter,0,93.63999,CPT Deshaun Watson FLEX Aaron Rodgers FLEX Jaylen Warren FLEX Harold Fannin Jr. FLEX Raheim Sanders FLEX Roman Wilson,,,
2300,5277049795,vanhorn23,0,93.63999,CPT Deshaun Watson FLEX Aaron Rodgers FLEX Jaylen Warren FLEX Harold Fannin Jr. FLEX Raheim Sanders FLEX Roman Wilson,,,
2300,5277491922,jeffrey30,0,93.63999,CPT Deshaun Watson FLEX Aaron Rodgers FLEX Jaylen Warren FLEX Harold Fannin Jr. FLEX Raheim Sanders FLEX Roman Wilson,,,
2300,5277777627,dbjblazer,0,93.63999,CPT Deshaun Watson FLEX Aaron Rodgers FLEX Jaylen Warren FLEX Harold Fannin Jr. FLEX Raheim Sanders FLEX Roman Wilson,,,
2310,5277709222,wildcatswin619,0,93.62999,CPT Harold Fannin Jr. FLEX Aaron Rodgers FLEX Jaylen Warren FLEX Deshaun Watson FLEX Quinshon Judkins FLEX Robert Tonyan,,,
2311,5277836936,macurgm,0,93.62,CPT Andre Szmyt FLEX Jaylen Warren FLEX Deshaun Watson FLEX DK Metcalf FLEX Quinshon Judkins FLEX Chris Boswell,,,
2312,5277148954,1987300Ann,0,93.58,CPT Deshaun Watson FLEX DK Metcalf FLEX Denzel Boston FLEX Harold Fannin Jr. FLEX Pat Freiermuth FLEX Roman Wilson,,,
2312,5277215455,crankbaitin,0,93.579994,CPT Browns  FLEX Aaron Rodgers FLEX Jaylen Warren FLEX Deshaun Watson FLEX Quinshon Judkins FLEX Chris Boswell,,,
2312,5277254396,winboy27,0,93.579994,CPT Browns  FLEX Aaron Rodgers FLEX Jaylen Warren FLEX Deshaun Watson FLEX Quinshon Judkins FLEX Chris Boswell,,,
2312,5277345833,welcomeaboard,0,93.579994,CPT Browns  FLEX Aaron Rodgers FLEX Jaylen Warren FLEX Deshaun Watson FLEX Quinshon Judkins FLEX Chris Boswell,,,
2316,5277634972,matty145,0,93.560005,CPT Jaylen Warren FLEX Aaron Rodgers FLEX DK Metcalf FLEX Pat Freiermuth FLEX Chris Boswell FLEX Andre Szmyt,,,
2316,5277845002,charliekoecheler,0,93.560005,CPT Jaylen Warren FLEX Aaron Rodgers FLEX DK Metcalf FLEX Pat Freiermuth FLEX Chris Boswell FLEX Andre Szmyt,,,
2316,5276232889,pinkandbrown44,0,93.56,CPT Jaylen Warren FLEX Aaron Rodgers FLEX Quinshon Judkins FLEX Denzel Boston FLEX Harold Fannin Jr. FLEX Blake Whiteheart,,,
2316,5276926356,mzapfe,0,93.56,CPT Jaylen Warren FLEX Aaron Rodgers FLEX DK Metcalf FLEX Denzel Boston FLEX Pat Freiermuth FLEX Germie Bernard,,,
2316,5277009317,flanders21,0,93.56,CPT Jaylen Warren FLEX Aaron Rodgers FLEX Quinshon Judkins FLEX Denzel Boston FLEX Harold Fannin Jr. FLEX Blake Whiteheart,,,
2321,5277789691,peteshyda,0,93.52,CPT Quinshon Judkins FLEX Deshaun Watson FLEX DK Metcalf FLEX Harold Fannin Jr. FLEX KC Concepcion Jr. FLEX Raheim Sanders,,,
2322,5277865662,RunningwithMJ,0,93.5,CPT Quinshon Judkins FLEX Jaylen Warren FLEX DK Metcalf FLEX Harold Fannin Jr. FLEX Pat Freiermuth FLEX Raheim Sanders,,,
2323,5277340841,w_shep,0,93.48,CPT Jaylen Warren FLEX Aaron Rodgers FLEX Deshaun Watson FLEX Denzel Boston FLEX Darnell Washington FLEX Jerry Jeudy,,,
2323,5276448636,OADOAD,0,93.479996,CPT Deshaun Watson FLEX Jaylen Warren FLEX Quinshon Judkins FLEX Denzel Boston FLEX Browns  FLEX Andre Szmyt,,,
2323,5276996186,Redskin12345,0,93.479996,CPT Deshaun Watson FLEX Jaylen Warren FLEX Quinshon Judkins FLEX Denzel Boston FLEX Browns  FLEX Andre Szmyt,,,
2323,5277163738,kgdbets,0,93.479996,CPT Deshaun Watson FLEX Jaylen Warren FLEX Quinshon Judkins FLEX Denzel Boston FLEX Browns  FLEX Andre Szmyt,,,
2323,5277192182,RGodell,0,93.479996,CPT Jaylen Warren FLEX Aaron Rodgers FLEX Deshaun Watson FLEX Harold Fannin Jr. FLEX Roman Wilson FLEX Germie Bernard,,,
2323,5277457916,seamus3317,0,93.479996,CPT Browns  FLEX Aaron Rodgers FLEX Jaylen Warren FLEX Deshaun Watson FLEX DK Metcalf FLEX Steelers ,,,
2323,5277586692,JimmyRedC,0,93.479996,CPT Deshaun Watson FLEX Jaylen Warren FLEX Quinshon Judkins FLEX Denzel Boston FLEX Browns  FLEX Andre Szmyt,,,
2323,5277807135,njbmilwaukee,0,93.479996,CPT Browns  FLEX Aaron Rodgers FLEX Jaylen Warren FLEX Deshaun Watson FLEX DK Metcalf FLEX Steelers ,,,
2331,5275670463,LucaButt,0,93.47,CPT Harold Fannin Jr. FLEX Deshaun Watson FLEX DK Metcalf FLEX Quinshon Judkins FLEX Michael Pittman Jr. FLEX Roman Wilson,,,
2331,5276660844,sundaybloodysunday22,0,93.47,CPT Harold Fannin Jr. FLEX Deshaun Watson FLEX DK Metcalf FLEX Quinshon Judkins FLEX Michael Pittman Jr. FLEX Roman Wilson,,,
2333,5277627224,festung,0,93.45999,CPT KC Concepcion Jr. FLEX Aaron Rodgers FLEX Jaylen Warren FLEX DK Metcalf FLEX Pat Freiermuth FLEX Jerry Jeudy,,,
2333,5277650756,houseofcoop,0,93.45999,CPT KC Concepcion Jr. FLEX Aaron Rodgers FLEX Jaylen Warren FLEX Quinshon Judkins FLEX Michael Pittman Jr. FLEX Darnell Washington,,,
2335,5276204472,ideagirl13,0,93.41,CPT Harold Fannin Jr. FLEX Aaron Rodgers FLEX Jaylen Warren FLEX Denzel Boston FLEX KC Concepcion Jr. FLEX Andre Szmyt,,,
2335,5276448071,pligon,0,93.41,CPT Harold Fannin Jr. FLEX Aaron Rodgers FLEX Jaylen Warren FLEX Denzel Boston FLEX KC Concepcion Jr. FLEX Andre Szmyt,,,
2335,5277414525,bascom1982,0,93.409996,CPT DK Metcalf FLEX Aaron Rodgers FLEX Jaylen Warren FLEX Denzel Boston FLEX Harold Fannin Jr. FLEX Blake Whiteheart,,,
2338,5276173046,busterbeezy35,0,93.4,CPT Jaylen Warren FLEX DK Metcalf FLEX Quinshon Judkins FLEX Denzel Boston FLEX Chris Boswell FLEX Andre Szmyt,,,
2338,5276850958,Milks9511,0,93.4,CPT Quinshon Judkins FLEX Jaylen Warren FLEX DK Metcalf FLEX Denzel Boston FLEX Chris Boswell FLEX Browns ,,,
2338,5276954269,Antking85,0,93.4,CPT Jaylen Warren FLEX DK Metcalf FLEX Quinshon Judkins FLEX Denzel Boston FLEX Chris Boswell FLEX Andre Szmyt,,,
2338,5277146579,Wamba22,0,93.4,CPT Quinshon Judkins FLEX Jaylen Warren FLEX DK Metcalf FLEX Denzel Boston FLEX Chris Boswell FLEX Browns ,,,
2338,5277599687,Scottjohnston,0,93.4,CPT Jaylen Warren FLEX DK Metcalf FLEX Quinshon Judkins FLEX Denzel Boston FLEX Chris Boswell FLEX Andre Szmyt,,,
2338,5277602636,LyonCubs,0,93.4,CPT Jaylen Warren FLEX DK Metcalf FLEX Quinshon Judkins FLEX Denzel Boston FLEX Chris Boswell FLEX Andre Szmyt,,,
2344,5276625725,dgerbergss,0,93.38,CPT Jaylen Warren FLEX Aaron Rodgers FLEX Deshaun Watson FLEX Pat Freiermuth FLEX Chris Boswell FLEX Roman Wilson,,,
2344,5277698900,fukkoff,0,93.38,CPT Jaylen Warren FLEX Aaron Rodgers FLEX Deshaun Watson FLEX Pat Freiermuth FLEX Chris Boswell FLEX Roman Wilson,,,
2346,5277669965,JayMacK3,0,93.36,CPT Jaylen Warren FLEX Aaron Rodgers FLEX Quinshon Judkins FLEX KC Concepcion Jr. FLEX Chris Boswell FLEX Browns ,,,
2347,5275657087,billysota,0,93.340004,CPT Deshaun Watson FLEX Aaron Rodgers FLEX Denzel Boston FLEX KC Concepcion Jr. FLEX Pat Freiermuth FLEX Andre Szmyt,,,
2347,5275458644,jkyleh57,0,93.34,CPT Deshaun Watson FLEX Aaron Rodgers FLEX Denzel Boston FLEX Harold Fannin Jr. FLEX Pat Freiermuth FLEX Darnell Washington,,,
2347,5277013228,Billyboy10,0,93.34,CPT Aaron Rodgers FLEX Jaylen Warren FLEX DK Metcalf FLEX Harold Fannin Jr. FLEX Chris Boswell FLEX Jerry Jeudy,,,
2347,5277545497,4TnA,0,93.34,CPT Deshaun Watson FLEX Aaron Rodgers FLEX Denzel Boston FLEX Harold Fannin Jr. FLEX Pat Freiermuth FLEX Darnell Washington,,,
2351,5277504771,jcobb3,0,93.26999,CPT Harold Fannin Jr. FLEX Deshaun Watson FLEX DK Metcalf FLEX Quinshon Judkins FLEX Pat Freiermuth FLEX Browns ,,,
2352,5277280735,dbc24,0,93.259995,CPT Steelers  FLEX Aaron Rodgers FLEX Jaylen Warren FLEX Quinshon Judkins FLEX Harold Fannin Jr. FLEX KC Concepcion Jr.,,,
2352,5277614008,brenden06,0,93.259995,CPT Steelers  FLEX Aaron Rodgers FLEX Jaylen Warren FLEX Quinshon Judkins FLEX Harold Fannin Jr. FLEX KC Concepcion Jr.,,,
2352,5277623309,naglerangus,0,93.259995,CPT Steelers  FLEX Aaron Rodgers FLEX Jaylen Warren FLEX Quinshon Judkins FLEX Harold Fannin Jr. FLEX KC Concepcion Jr.,,,
2355,5276132252,BrownBomber74,0,93.229996,CPT Harold Fannin Jr. FLEX Aaron Rodgers FLEX Deshaun Watson FLEX Quinshon Judkins FLEX Michael Pittman Jr. FLEX Darnell Washington,,,
2355,5276880483,jimmyjam2001,0,93.229996,CPT Harold Fannin Jr. FLEX Aaron Rodgers FLEX Deshaun Watson FLEX Quinshon Judkins FLEX Michael Pittman Jr. FLEX Darnell Washington,,,
2355,5277777470,Riapicca,0,93.229996,CPT Harold Fannin Jr. FLEX Aaron Rodgers FLEX Deshaun Watson FLEX Quinshon Judkins FLEX Michael Pittman Jr. FLEX Darnell Washington,,,
2358,5276775315,66dom78,0,93.22,CPT Jaylen Warren FLEX Deshaun Watson FLEX Quinshon Judkins FLEX Denzel Boston FLEX Chris Boswell FLEX Roman Wilson,,,
2358,5276929603,cammick,0,93.22,CPT Jaylen Warren FLEX Deshaun Watson FLEX Quinshon Judkins FLEX Denzel Boston FLEX Chris Boswell FLEX Roman Wilson,,,
2358,5277088106,jpurdy3,0,93.22,CPT Jaylen Warren FLEX Deshaun Watson FLEX Quinshon Judkins FLEX Denzel Boston FLEX Chris Boswell FLEX Roman Wilson,,,
2358,5277199997,1215bull,0,93.22,CPT Jaylen Warren FLEX Deshaun Watson FLEX Quinshon Judkins FLEX Denzel Boston FLEX Chris Boswell FLEX Roman Wilson,,,
2358,5277426393,mydarunl,0,93.22,CPT Jaylen Warren FLEX Deshaun Watson FLEX Quinshon Judkins FLEX Denzel Boston FLEX Chris Boswell FLEX Roman Wilson,,,
2358,5277733085,dirtypaws,0,93.22,CPT Jaylen Warren FLEX Deshaun Watson FLEX Quinshon Judkins FLEX Denzel Boston FLEX Chris Boswell FLEX Roman Wilson,,,
2358,5277813675,robocuster,0,93.22,CPT Quinshon Judkins FLEX Deshaun Watson FLEX DK Metcalf FLEX Harold Fannin Jr. FLEX Pat Freiermuth FLEX Chris Boswell,,,
2358,5276715773,thirdwardee,0,93.21999,CPT Browns  FLEX Deshaun Watson FLEX DK Metcalf FLEX Quinshon Judkins FLEX Harold Fannin Jr. FLEX Andre Szmyt,,,
2366,5277730646,watauga,0,93.200005,CPT Jaylen Warren FLEX DK Metcalf FLEX Quinshon Judkins FLEX Pat Freiermuth FLEX Steelers  FLEX Andre Szmyt,,,
2367,5277099948,nwspring52,0,93.18,CPT Jaylen Warren FLEX Aaron Rodgers FLEX Deshaun Watson FLEX DK Metcalf FLEX KC Concepcion Jr. FLEX Malachi Corley,,,
2367,5277867022,nickjonason33,0,93.18,CPT Jaylen Warren FLEX Aaron Rodgers FLEX Deshaun Watson FLEX DK Metcalf FLEX KC Concepcion Jr. FLEX Robert Tonyan,,,
2367,5276196545,wordrew,0,93.17999,CPT KC Concepcion Jr. FLEX Aaron Rodgers FLEX Jaylen Warren FLEX Deshaun Watson FLEX Quinshon Judkins FLEX Blake Whiteheart,,,
2367,5277417182,DraftKingSlayer13,0,93.17999,CPT KC Concepcion Jr. FLEX Aaron Rodgers FLEX Jaylen Warren FLEX Deshaun Watson FLEX Quinshon Judkins FLEX Blake Whiteheart,,,
2371,5275627127,mld2010,0,93.159996,CPT Jaylen Warren FLEX Aaron Rodgers FLEX DK Metcalf FLEX Denzel Boston FLEX Harold Fannin Jr. FLEX Ben Skowronek,,,
2371,5276965916,Cawilliams470,0,93.159996,CPT Jaylen Warren FLEX Aaron Rodgers FLEX DK Metcalf FLEX Denzel Boston FLEX Harold Fannin Jr. FLEX Ben Skowronek,,,
2371,5277444451,kidrock300,0,93.159996,CPT Jaylen Warren FLEX Aaron Rodgers FLEX DK Metcalf FLEX Denzel Boston FLEX Harold Fannin Jr. FLEX Ben Skowronek,,,
2371,5277638787,ostrander1,0,93.159996,CPT Jaylen Warren FLEX Aaron Rodgers FLEX DK Metcalf FLEX Denzel Boston FLEX Harold Fannin Jr. FLEX Ben Skowronek,,,
2375,5277744446,pinseeker712,0,93.11,CPT DK Metcalf FLEX Aaron Rodgers FLEX Jaylen Warren FLEX Harold Fannin Jr. FLEX Browns  FLEX Raheim Sanders,,,
2376,5275475228,lasac5959,0,93.08,CPT Quinshon Judkins FLEX Aaron Rodgers FLEX Deshaun Watson FLEX Harold Fannin Jr. FLEX Michael Pittman Jr. FLEX Jerry Jeudy,,,
2377,5277073917,aquafinatim,0,93.07001,CPT Harold Fannin Jr. FLEX Jaylen Warren FLEX Deshaun Watson FLEX Quinshon Judkins FLEX KC Concepcion Jr. FLEX Andre Szmyt,,,
2377,5277319137,thebagman223,0,93.07001,CPT Harold Fannin Jr. FLEX Jaylen Warren FLEX Deshaun Watson FLEX Quinshon Judkins FLEX KC Concepcion Jr. FLEX Andre Szmyt,,,
2377,5277326846,Zookeeperkills,0,93.07001,CPT Harold Fannin Jr. FLEX Jaylen Warren FLEX Deshaun Watson FLEX Quinshon Judkins FLEX KC Concepcion Jr. FLEX Andre Szmyt,,,
2377,5277454641,ballzy99,0,93.07001,CPT Harold Fannin Jr. FLEX Jaylen Warren FLEX Deshaun Watson FLEX Quinshon Judkins FLEX KC Concepcion Jr. FLEX Andre Szmyt,,,
2377,5277855084,ph1gator,0,93.07001,CPT Harold Fannin Jr. FLEX Jaylen Warren FLEX Deshaun Watson FLEX Quinshon Judkins FLEX KC Concepcion Jr. FLEX Andre Szmyt,,,
2382,5276998255,bnast32,0,93.03,CPT Harold Fannin Jr. FLEX Aaron Rodgers FLEX Jaylen Warren FLEX Deshaun Watson FLEX Browns  FLEX Andre Szmyt,,,
2382,5277785927,MDboston91,0,93.02999,CPT Denzel Boston FLEX Aaron Rodgers FLEX Deshaun Watson FLEX Harold Fannin Jr. FLEX KC Concepcion Jr. FLEX Darnell Washington,,,
2384,5275475098,Twist3dFend3r,0,93.009995,CPT DK Metcalf FLEX Aaron Rodgers FLEX Quinshon Judkins FLEX Michael Pittman Jr. FLEX Pat Freiermuth FLEX Chris Boswell,,,
2384,5277263085,vlieb777,0,93.009995,CPT Harold Fannin Jr. FLEX Aaron Rodgers FLEX Jaylen Warren FLEX Quinshon Judkins FLEX Pat Freiermuth FLEX Raheim Sanders,,,
2384,5277353299,thunderheads,0,93.009995,CPT Darnell Washington FLEX Aaron Rodgers FLEX Jaylen Warren FLEX DK Metcalf FLEX Denzel Boston FLEX Michael Pittman Jr.,,,
2384,5277663631,85Dallas,0,93.009995,CPT DK Metcalf FLEX Aaron Rodgers FLEX Quinshon Judkins FLEX Michael Pittman Jr. FLEX Pat Freiermuth FLEX Chris Boswell,,,
2384,5277789429,npickel87,0,93.009995,CPT Harold Fannin Jr. FLEX Aaron Rodgers FLEX Jaylen Warren FLEX Quinshon Judkins FLEX Pat Freiermuth FLEX Raheim Sanders,,,
2384,5277801125,mlars0724,0,93.009995,CPT DK Metcalf FLEX Aaron Rodgers FLEX Quinshon Judkins FLEX Michael Pittman Jr. FLEX Pat Freiermuth FLEX Chris Boswell,,,
2390,5277782676,216Islander,0,93,CPT Quinshon Judkins FLEX Jaylen Warren FLEX Denzel Boston FLEX Harold Fannin Jr. FLEX KC Concepcion Jr. FLEX Browns ,,,
2391,5277389111,themeek43,0,92.979996,CPT Quinshon Judkins FLEX Aaron Rodgers FLEX Deshaun Watson FLEX Harold Fannin Jr. FLEX Chris Boswell FLEX Steelers ,,,
2391,5277499331,TimeOutKPK,0,92.979996,CPT Quinshon Judkins FLEX Aaron Rodgers FLEX Deshaun Watson FLEX Harold Fannin Jr. FLEX Chris Boswell FLEX Steelers ,,,
2391,5277577722,jstoneuk1,0,92.979996,CPT Steelers  FLEX Aaron Rodgers FLEX Deshaun Watson FLEX DK Metcalf FLEX Quinshon Judkins FLEX Chris Boswell,,,
2391,5277720444,Patrick1389,0,92.979996,CPT Steelers  FLEX Aaron Rodgers FLEX Deshaun Watson FLEX DK Metcalf FLEX Quinshon Judkins FLEX Chris Boswell,,,
2395,5277167174,feltt89,0,92.96,CPT Steelers  FLEX Aaron Rodgers FLEX Jaylen Warren FLEX DK Metcalf FLEX Denzel Boston FLEX Andre Szmyt,,,
2395,5277335449,jacobsjon,0,92.96,CPT Steelers  FLEX Aaron Rodgers FLEX Jaylen Warren FLEX DK Metcalf FLEX Denzel Boston FLEX Andre Szmyt,,,
2397,5276247176,Golfito2020,0,92.920006,CPT Jerry Jeudy FLEX Jaylen Warren FLEX Deshaun Watson FLEX DK Metcalf FLEX Quinshon Judkins FLEX KC Concepcion Jr.,,,
2397,5277558058,bettntibetn,0,92.920006,CPT KC Concepcion Jr. FLEX Jaylen Warren FLEX Deshaun Watson FLEX Quinshon Judkins FLEX Harold Fannin Jr. FLEX Andre Szmyt,,,
2397,5277595033,shaunb24,0,92.920006,CPT KC Concepcion Jr. FLEX Jaylen Warren FLEX Deshaun Watson FLEX Quinshon Judkins FLEX Harold Fannin Jr. FLEX Andre Szmyt,,,
2400,5277100576,Clevelandnotohio,0,92.90999,CPT Pat Freiermuth FLEX Aaron Rodgers FLEX Jaylen Warren FLEX Quinshon Judkins FLEX Harold Fannin Jr. FLEX Chris Boswell,,,
2400,5277672229,Tchuck78,0,92.90999,CPT Pat Freiermuth FLEX Aaron Rodgers FLEX Jaylen Warren FLEX Quinshon Judkins FLEX Harold Fannin Jr. FLEX Chris Boswell,,,
2400,5277754145,Darkman21,0,92.90999,CPT Pat Freiermuth FLEX Aaron Rodgers FLEX Jaylen Warren FLEX Quinshon Judkins FLEX Harold Fannin Jr. FLEX Chris Boswell,,,
2403,5275598580,gerrybil,0,92.88,CPT Deshaun Watson FLEX Jaylen Warren FLEX Quinshon Judkins FLEX Denzel Boston FLEX Chris Boswell FLEX Roman Wilson,,,
2403,5277615962,Alexh2112,0,92.88,CPT Deshaun Watson FLEX Jaylen Warren FLEX Quinshon Judkins FLEX Denzel Boston FLEX Chris Boswell FLEX Roman Wilson,,,
2403,5277700803,auburnwe10,0,92.88,CPT Deshaun Watson FLEX Jaylen Warren FLEX Quinshon Judkins FLEX Denzel Boston FLEX Chris Boswell FLEX Roman Wilson,,,
2403,5277821664,MusicPoisoning,0,92.88,CPT Deshaun Watson FLEX Jaylen Warren FLEX Quinshon Judkins FLEX Denzel Boston FLEX Chris Boswell FLEX Roman Wilson,,,
2407,5276115592,smccolligan,0,92.86,CPT Aaron Rodgers FLEX Jaylen Warren FLEX Deshaun Watson FLEX KC Concepcion Jr. FLEX Steelers  FLEX Browns ,,,
2407,5277014582,jonjarvis,0,92.86,CPT Jaylen Warren FLEX Aaron Rodgers FLEX Harold Fannin Jr. FLEX KC Concepcion Jr. FLEX Pat Freiermuth FLEX Darnell Washington,,,
2407,5277016450,jonmh26,0,92.86,CPT Aaron Rodgers FLEX Jaylen Warren FLEX Deshaun Watson FLEX KC Concepcion Jr. FLEX Steelers  FLEX Browns ,,,
2407,5277562808,Mige1,0,92.86,CPT Jaylen Warren FLEX Aaron Rodgers FLEX Quinshon Judkins FLEX Michael Pittman Jr. FLEX Chris Boswell FLEX Roman Wilson,,,
2407,5277675822,adambeach,0,92.86,CPT Jaylen Warren FLEX Aaron Rodgers FLEX Harold Fannin Jr. FLEX KC Concepcion Jr. FLEX Steelers  FLEX Roman Wilson,,,
2412,5277094637,URWHOUR,0,92.829994,CPT Denzel Boston FLEX Aaron Rodgers FLEX Deshaun Watson FLEX Quinshon Judkins FLEX Chris Boswell FLEX Browns ,,,
2412,5277364701,Siggy920,0,92.829994,CPT Denzel Boston FLEX Aaron Rodgers FLEX Deshaun Watson FLEX Quinshon Judkins FLEX Chris Boswell FLEX Browns ,,,
2414,5276479066,Jerrylaw,0,92.82,CPT Jaylen Warren FLEX Deshaun Watson FLEX Quinshon Judkins FLEX Denzel Boston FLEX Raheim Sanders FLEX Roman Wilson,,,
2414,5277302618,daldi,0,92.81999,CPT KC Concepcion Jr. FLEX Deshaun Watson FLEX DK Metcalf FLEX Quinshon Judkins FLEX Pat Freiermuth FLEX Browns ,,,
2416,5276762848,757teaggs,0,92.81,CPT DK Metcalf FLEX Aaron Rodgers FLEX Jaylen Warren FLEX KC Concepcion Jr. FLEX Browns  FLEX Raheim Sanders,,,
2416,5277083529,laxbuddy95,0,92.81,CPT Pat Freiermuth FLEX Aaron Rodgers FLEX Jaylen Warren FLEX DK Metcalf FLEX Harold Fannin Jr. FLEX Steelers ,,,
2416,5277116485,kevin.nye,0,92.81,CPT Pat Freiermuth FLEX Aaron Rodgers FLEX Jaylen Warren FLEX DK Metcalf FLEX Harold Fannin Jr. FLEX Steelers ,,,
2419,5276075841,Knowmygrind,0,92.78,CPT Steelers  FLEX Aaron Rodgers FLEX Jaylen Warren FLEX Deshaun Watson FLEX Denzel Boston FLEX Roman Wilson,,,
2419,5277615600,Powers123,0,92.78,CPT Deshaun Watson FLEX Jaylen Warren FLEX DK Metcalf FLEX Denzel Boston FLEX Steelers  FLEX Roman Wilson,,,
2419,5277820713,Johnfrey8,0,92.78,CPT Steelers  FLEX Aaron Rodgers FLEX Jaylen Warren FLEX Deshaun Watson FLEX Denzel Boston FLEX Roman Wilson,,,
2419,5276657590,jackgriffey,0,92.77999,CPT KC Concepcion Jr. FLEX Aaron Rodgers FLEX Jaylen Warren FLEX Deshaun Watson FLEX DK Metcalf FLEX Ben Skowronek,,,
2419,5277108502,justink38630,0,92.77999,CPT KC Concepcion Jr. FLEX Aaron Rodgers FLEX Deshaun Watson FLEX Quinshon Judkins FLEX Michael Pittman Jr. FLEX Darnell Washington,,,
2424,5276539013,sae262201,0,92.770004,CPT Harold Fannin Jr. FLEX Jaylen Warren FLEX Deshaun Watson FLEX Quinshon Judkins FLEX KC Concepcion Jr. FLEX Darnell Washington,,,
2424,5277754114,SamBlackspeare,0,92.770004,CPT Harold Fannin Jr. FLEX Jaylen Warren FLEX Deshaun Watson FLEX Quinshon Judkins FLEX KC Concepcion Jr. FLEX Darnell Washington,,,
2426,5276266298,ayyo2020,0,92.729996,CPT Harold Fannin Jr. FLEX Aaron Rodgers FLEX Deshaun Watson FLEX Quinshon Judkins FLEX Pat Freiermuth FLEX Chris Boswell,,,
2426,5276459602,BrimtuckyZombilly,0,92.729996,CPT Harold Fannin Jr. FLEX Aaron Rodgers FLEX Jaylen Warren FLEX Deshaun Watson FLEX Browns  FLEX Darnell Washington,,,
2426,5276469912,nolobaseball,0,92.729996,CPT Harold Fannin Jr. FLEX Aaron Rodgers FLEX Deshaun Watson FLEX Quinshon Judkins FLEX Pat Freiermuth FLEX Chris Boswell,,,
2426,5276897013,jeromy,0,92.729996,CPT Harold Fannin Jr. FLEX Aaron Rodgers FLEX Deshaun Watson FLEX Quinshon Judkins FLEX Pat Freiermuth FLEX Chris Boswell,,,
2426,5277189300,jtzimm,0,92.729996,CPT Harold Fannin Jr. FLEX Aaron Rodgers FLEX Deshaun Watson FLEX Quinshon Judkins FLEX Pat Freiermuth FLEX Chris Boswell,,,
2426,5277221756,SONSOFTHUNDER7,0,92.729996,CPT Travis Homer FLEX Aaron Rodgers FLEX Deshaun Watson FLEX DK Metcalf FLEX Quinshon Judkins FLEX Denzel Boston,,,
2426,5277386784,mikepawl,0,92.729996,CPT Harold Fannin Jr. FLEX Aaron Rodgers FLEX Deshaun Watson FLEX Quinshon Judkins FLEX Pat Freiermuth FLEX Chris Boswell,,,
2426,5277533416,BeerNutz1976,0,92.729996,CPT Harold Fannin Jr. FLEX Aaron Rodgers FLEX Deshaun Watson FLEX Quinshon Judkins FLEX Pat Freiermuth FLEX Chris Boswell,,,
2426,5277581751,kgroya,0,92.729996,CPT Harold Fannin Jr. FLEX Aaron Rodgers FLEX Deshaun Watson FLEX Quinshon Judkins FLEX Pat Freiermuth FLEX Chris Boswell,,,
2426,5277623217,RickyTheGini,0,92.729996,CPT Harold Fannin Jr. FLEX Aaron Rodgers FLEX Deshaun Watson FLEX Quinshon Judkins FLEX Pat Freiermuth FLEX Chris Boswell,,,
2426,5277753468,WreckEM4GOD,0,92.729996,CPT Harold Fannin Jr. FLEX Aaron Rodgers FLEX Deshaun Watson FLEX Quinshon Judkins FLEX Pat Freiermuth FLEX Chris Boswell,,,
2437,5276864807,Gundy4,0,92.7,CPT KC Concepcion Jr. FLEX Jaylen Warren FLEX DK Metcalf FLEX Quinshon Judkins FLEX Denzel Boston FLEX Steelers ,,,
2438,5277316716,Colbyatops,0,92.67999,CPT Andre Szmyt FLEX Aaron Rodgers FLEX Deshaun Watson FLEX Quinshon Judkins FLEX Michael Pittman Jr. FLEX Pat Freiermuth,,,
2439,5277698946,jasonsyc,0,92.67,CPT DK Metcalf FLEX Deshaun Watson FLEX Quinshon Judkins FLEX Harold Fannin Jr. FLEX Michael Pittman Jr. FLEX Darnell Washington,,,
2440,5276498254,amicone4,0,92.659996,CPT Chris Boswell FLEX Aaron Rodgers FLEX Jaylen Warren FLEX DK Metcalf FLEX Quinshon Judkins FLEX Steelers ,,,
2440,5276872997,BudLightPlease,0,92.659996,CPT Jerry Jeudy FLEX Aaron Rodgers FLEX DK Metcalf FLEX Quinshon Judkins FLEX Harold Fannin Jr. FLEX Steelers ,,,
2440,5277032950,jimlexxx,0,92.659996,CPT Chris Boswell FLEX Aaron Rodgers FLEX Jaylen Warren FLEX DK Metcalf FLEX Quinshon Judkins FLEX Steelers ,,,
2440,5277260858,Termight,0,92.659996,CPT Chris Boswell FLEX Aaron Rodgers FLEX Jaylen Warren FLEX DK Metcalf FLEX Quinshon Judkins FLEX Steelers ,,,
2440,5277826534,tsfboy,0,92.659996,CPT Chris Boswell FLEX Aaron Rodgers FLEX Jaylen Warren FLEX DK Metcalf FLEX Quinshon Judkins FLEX Steelers ,,,
2445,5276836181,WolfDance,0,92.62999,CPT Harold Fannin Jr. FLEX Aaron Rodgers FLEX Deshaun Watson FLEX DK Metcalf FLEX Pat Freiermuth FLEX Steelers ,,,
2445,5277797666,twigger2,0,92.62999,CPT Harold Fannin Jr. FLEX Aaron Rodgers FLEX Deshaun Watson FLEX DK Metcalf FLEX Pat Freiermuth FLEX Steelers ,,,
2447,5276932745,mustangs2015,0,92.62,CPT Jaylen Warren FLEX Deshaun Watson FLEX Quinshon Judkins FLEX Harold Fannin Jr. FLEX Browns  FLEX Andre Szmyt,,,
2447,5276992021,goofybh207,0,92.62,CPT Jaylen Warren FLEX Deshaun Watson FLEX Quinshon Judkins FLEX Harold Fannin Jr. FLEX Browns  FLEX Andre Szmyt,,,
2447,5277481186,buzzkiabo,0,92.62,CPT KC Concepcion Jr. FLEX Jaylen Warren FLEX Deshaun Watson FLEX Quinshon Judkins FLEX Harold Fannin Jr. FLEX Darnell Washington,,,
2447,5277638929,mikey.bills,0,92.62,CPT Jaylen Warren FLEX Deshaun Watson FLEX Quinshon Judkins FLEX Harold Fannin Jr. FLEX Browns  FLEX Andre Szmyt,,,
2447,5276928078,thotpolice84,0,92.619995,CPT Browns  FLEX Deshaun Watson FLEX DK Metcalf FLEX Quinshon Judkins FLEX Harold Fannin Jr. FLEX KC Concepcion Jr.,,,
2452,5277436319,Mikemacy74,0,92.60999,CPT Denzel Boston FLEX Aaron Rodgers FLEX Jaylen Warren FLEX Pat Freiermuth FLEX Roman Wilson FLEX Jerry Jeudy,,,
2453,5276920471,ajnola11,0,92.6,CPT Jaylen Warren FLEX DK Metcalf FLEX Quinshon Judkins FLEX KC Concepcion Jr. FLEX Pat Freiermuth FLEX Steelers ,,,
2453,5277116608,RichMin603,0,92.6,CPT Jaylen Warren FLEX DK Metcalf FLEX Quinshon Judkins FLEX KC Concepcion Jr. FLEX Pat Freiermuth FLEX Steelers ,,,
2455,5277011495,NYHITTAZ,0,92.58,CPT Jaylen Warren FLEX Aaron Rodgers FLEX Deshaun Watson FLEX Harold Fannin Jr. FLEX Andre Szmyt FLEX Jerry Jeudy,,,
2456,5277305144,stevebix,0,92.56,CPT Jaylen Warren FLEX Aaron Rodgers FLEX DK Metcalf FLEX KC Concepcion Jr. FLEX Pat Freiermuth FLEX Raheim Sanders,,,
2456,5277372468,wienke29,0,92.55999,CPT Steelers  FLEX Aaron Rodgers FLEX Jaylen Warren FLEX Quinshon Judkins FLEX Harold Fannin Jr. FLEX Pat Freiermuth,,,
2458,5277009453,keginkc,0,92.55,CPT DK Metcalf FLEX Jaylen Warren FLEX Denzel Boston FLEX Harold Fannin Jr. FLEX KC Concepcion Jr. FLEX Darnell Washington,,,
2458,5277406361,cbaker423,0,92.55,CPT DK Metcalf FLEX Jaylen Warren FLEX Quinshon Judkins FLEX KC Concepcion Jr. FLEX Pat Freiermuth FLEX Chris Boswell,,,
2458,5277447005,BozoTheAspiringClown,0,92.55,CPT DK Metcalf FLEX Jaylen Warren FLEX Denzel Boston FLEX Harold Fannin Jr. FLEX KC Concepcion Jr. FLEX Darnell Washington,,,
2461,5276578244,smwrmc,0,92.54,CPT Aaron Rodgers FLEX Jaylen Warren FLEX Denzel Boston FLEX KC Concepcion Jr. FLEX Pat Freiermuth FLEX Steelers ,,,
2461,5275892243,sultanofserenity,0,92.53999,CPT Aaron Rodgers FLEX Jaylen Warren FLEX DK Metcalf FLEX Michael Pittman Jr. FLEX Steelers  FLEX Andre Szmyt,,,
2461,5276510387,root12,0,92.53999,CPT Aaron Rodgers FLEX Jaylen Warren FLEX DK Metcalf FLEX Michael Pittman Jr. FLEX Steelers  FLEX Andre Szmyt,,,
2461,5276970790,newguy2015,0,92.53999,CPT Aaron Rodgers FLEX Jaylen Warren FLEX DK Metcalf FLEX Michael Pittman Jr. FLEX Steelers  FLEX Andre Szmyt,,,
2461,5277389909,kearlly,0,92.53999,CPT Aaron Rodgers FLEX Jaylen Warren FLEX DK Metcalf FLEX Michael Pittman Jr. FLEX Steelers  FLEX Andre Szmyt,,,
2461,5277518767,LetsWorkChief,0,92.53999,CPT Aaron Rodgers FLEX Jaylen Warren FLEX DK Metcalf FLEX Michael Pittman Jr. FLEX Steelers  FLEX Andre Szmyt,,,
2461,5277641963,Mc.Jiggles,0,92.53999,CPT Aaron Rodgers FLEX Jaylen Warren FLEX DK Metcalf FLEX Michael Pittman Jr. FLEX Steelers  FLEX Andre Szmyt,,,
2468,5277265225,AverillsAvengers,0,92.51,CPT DK Metcalf FLEX Aaron Rodgers FLEX Denzel Boston FLEX Harold Fannin Jr. FLEX Pat Freiermuth FLEX Chris Boswell,,,
2468,5277534508,Ricech,0,92.51,CPT DK Metcalf FLEX Aaron Rodgers FLEX Denzel Boston FLEX Harold Fannin Jr. FLEX Pat Freiermuth FLEX Chris Boswell,,,
2470,5276064745,tpikenn,0,92.5,CPT Quinshon Judkins FLEX Jaylen Warren FLEX DK Metcalf FLEX Chris Boswell FLEX Browns  FLEX Andre Szmyt,,,
2470,5277422055,Needawin73,0,92.5,CPT Quinshon Judkins FLEX Jaylen Warren FLEX Denzel Boston FLEX Harold Fannin Jr. FLEX Michael Pittman Jr. FLEX Roman Wilson,,,
2470,5277506992,fatty2142,0,92.5,CPT Quinshon Judkins FLEX Jaylen Warren FLEX Denzel Boston FLEX Harold Fannin Jr. FLEX Michael Pittman Jr. FLEX Roman Wilson,,,
2473,5277609377,millertime0219,0,92.479996,CPT Jaylen Warren FLEX Aaron Rodgers FLEX Deshaun Watson FLEX DK Metcalf FLEX Pat Freiermuth FLEX Blake Whiteheart,,,
2474,5275530312,airking1994,0,92.46999,CPT Denzel Boston FLEX Jaylen Warren FLEX Deshaun Watson FLEX DK Metcalf FLEX KC Concepcion Jr. FLEX Darnell Washington,,,
2474,5277517761,GizmosFriend,0,92.46999,CPT Denzel Boston FLEX Jaylen Warren FLEX Deshaun Watson FLEX DK Metcalf FLEX KC Concepcion Jr. FLEX Darnell Washington,,,
2476,5277479516,Clearhaze1306,0,92.45999,CPT Aaron Rodgers FLEX Jaylen Warren FLEX Deshaun Watson FLEX Steelers  FLEX Raheim Sanders FLEX Roman Wilson,,,
2477,5277204232,Srogden,0,92.44,CPT Aaron Rodgers FLEX Jaylen Warren FLEX DK Metcalf FLEX KC Concepcion Jr. FLEX Chris Boswell FLEX Steelers ,,,
2477,5277612725,Einarpen,0,92.44,CPT Aaron Rodgers FLEX Jaylen Warren FLEX DK Metcalf FLEX KC Concepcion Jr. FLEX Chris Boswell FLEX Steelers ,,,
2479,5276106691,BallsMahoney10,0,92.42999,CPT Harold Fannin Jr. FLEX Aaron Rodgers FLEX Jaylen Warren FLEX Deshaun Watson FLEX Chris Boswell FLEX Roman Wilson,,,
2479,5276766828,stanflea,0,92.42999,CPT Harold Fannin Jr. FLEX Aaron Rodgers FLEX Jaylen Warren FLEX Deshaun Watson FLEX Chris Boswell FLEX Roman Wilson,,,
2479,5276783658,Howzer7,0,92.42999,CPT Harold Fannin Jr. FLEX Aaron Rodgers FLEX Jaylen Warren FLEX Deshaun Watson FLEX Chris Boswell FLEX Roman Wilson,,,
2479,5276866744,Rparry,0,92.42999,CPT Harold Fannin Jr. FLEX Aaron Rodgers FLEX Jaylen Warren FLEX Deshaun Watson FLEX Chris Boswell FLEX Roman Wilson,,,
2479,5277167612,NOSaints9,0,92.42999,CPT Harold Fannin Jr. FLEX Aaron Rodgers FLEX Jaylen Warren FLEX Deshaun Watson FLEX Chris Boswell FLEX Roman Wilson,,,
2479,5277341169,nickyk28,0,92.42999,CPT Harold Fannin Jr. FLEX Aaron Rodgers FLEX Jaylen Warren FLEX Deshaun Watson FLEX Chris Boswell FLEX Roman Wilson,,,
2479,5277441645,mchenrya,0,92.42999,CPT Harold Fannin Jr. FLEX Aaron Rodgers FLEX Jaylen Warren FLEX Deshaun Watson FLEX Chris Boswell FLEX Roman Wilson,,,
2479,5277474293,moldova,0,92.42999,CPT Denzel Boston FLEX Aaron Rodgers FLEX Jaylen Warren FLEX Deshaun Watson FLEX Andre Szmyt FLEX Jerry Jeudy,,,
2479,5277562389,Kilo_TBO,0,92.42999,CPT Harold Fannin Jr. FLEX Aaron Rodgers FLEX Jaylen Warren FLEX Deshaun Watson FLEX Chris Boswell FLEX Roman Wilson,,,
2479,5277566222,markobrien67,0,92.42999,CPT Pat Freiermuth FLEX Aaron Rodgers FLEX Jaylen Warren FLEX Deshaun Watson FLEX Denzel Boston FLEX Browns ,,,
2479,5277618464,kobydonovan1,0,92.42999,CPT Harold Fannin Jr. FLEX Aaron Rodgers FLEX Jaylen Warren FLEX Deshaun Watson FLEX Chris Boswell FLEX Roman Wilson,,,
2479,5277773905,tical1994,0,92.42999,CPT Harold Fannin Jr. FLEX Aaron Rodgers FLEX Jaylen Warren FLEX Deshaun Watson FLEX Chris Boswell FLEX Roman Wilson,,,
2479,5277774045,Yossarian230,0,92.42999,CPT Harold Fannin Jr. FLEX Aaron Rodgers FLEX Jaylen Warren FLEX Deshaun Watson FLEX Chris Boswell FLEX Roman Wilson,,,
2492,5277354163,kucas0918,0,92.40999,CPT Pat Freiermuth FLEX Aaron Rodgers FLEX Jaylen Warren FLEX Quinshon Judkins FLEX Michael Pittman Jr. FLEX Darnell Washington,,,
2493,5277404413,msjnichols19,0,92.4,CPT Jaylen Warren FLEX DK Metcalf FLEX Quinshon Judkins FLEX Denzel Boston FLEX Steelers  FLEX Browns ,,,
2493,5277409678,maypo0543,0,92.4,CPT Jaylen Warren FLEX DK Metcalf FLEX Quinshon Judkins FLEX Denzel Boston FLEX Steelers  FLEX Browns ,,,
2493,5277463456,jaymac2186,0,92.4,CPT Jaylen Warren FLEX DK Metcalf FLEX Quinshon Judkins FLEX Denzel Boston FLEX Steelers  FLEX Browns ,,,
2493,5277671181,HebrewHammer37,0,92.4,CPT Jaylen Warren FLEX DK Metcalf FLEX Quinshon Judkins FLEX Denzel Boston FLEX Steelers  FLEX Browns ,,,
2493,5277863784,rosoleman,0,92.4,CPT Jaylen Warren FLEX DK Metcalf FLEX Quinshon Judkins FLEX Denzel Boston FLEX Steelers  FLEX Browns ,,,
2498,5276960753,DirtyO37,0,92.38,CPT Deshaun Watson FLEX DK Metcalf FLEX Quinshon Judkins FLEX Denzel Boston FLEX Chris Boswell FLEX Andre Szmyt,,,
2499,5275530680,Rodnilla,0,92.37001,CPT Harold Fannin Jr. FLEX Jaylen Warren FLEX Deshaun Watson FLEX Quinshon Judkins FLEX Pat Freiermuth FLEX Andre Szmyt,,,
2499,5277420670,mchez1,0,92.37001,CPT Harold Fannin Jr. FLEX Jaylen Warren FLEX Deshaun Watson FLEX Quinshon Judkins FLEX Pat Freiermuth FLEX Andre Szmyt,,,
2499,5277720864,akenady,0,92.37001,CPT Harold Fannin Jr. FLEX Jaylen Warren FLEX Deshaun Watson FLEX Quinshon Judkins FLEX Pat Freiermuth FLEX Andre Szmyt,,,
2499,5277850926,dawgpoundfaithful,0,92.37001,CPT Harold Fannin Jr. FLEX Jaylen Warren FLEX Deshaun Watson FLEX Quinshon Judkins FLEX Pat Freiermuth FLEX Andre Szmyt,,,
2503,5275468801,Bigriff3416,0,92.36,CPT Jaylen Warren FLEX Aaron Rodgers FLEX DK Metcalf FLEX Harold Fannin Jr. FLEX Pat Freiermuth FLEX Germie Bernard,,,
2503,5275847444,BoSox63,0,92.36,CPT Aaron Rodgers FLEX Jaylen Warren FLEX Deshaun Watson FLEX Michael Pittman Jr. FLEX Steelers  FLEX Roman Wilson,,,
2503,5276588094,TONYBLUE8,0,92.36,CPT Jaylen Warren FLEX Aaron Rodgers FLEX Quinshon Judkins FLEX Harold Fannin Jr. FLEX Shedeur Sanders FLEX Darnell Washington,,,
2503,5276647813,tswagg1,0,92.36,CPT Jaylen Warren FLEX Aaron Rodgers FLEX DK Metcalf FLEX Quinshon Judkins FLEX Chris Boswell FLEX Travis Homer,,,
2503,5276815723,RLS123,0,92.36,CPT Aaron Rodgers FLEX Jaylen Warren FLEX Deshaun Watson FLEX Michael Pittman Jr. FLEX Steelers  FLEX Roman Wilson,,,
2503,5277059369,didymusy2k,0,92.36,CPT Jaylen Warren FLEX Aaron Rodgers FLEX DK Metcalf FLEX Quinshon Judkins FLEX Chris Boswell FLEX Travis Homer,,,
2503,5277331151,justincaseunc,0,92.36,CPT Jaylen Warren FLEX Aaron Rodgers FLEX Denzel Boston FLEX Harold Fannin Jr. FLEX Chris Boswell FLEX Roman Wilson,,,
2503,5277534403,cmartyrun,0,92.36,CPT Jaylen Warren FLEX Aaron Rodgers FLEX Denzel Boston FLEX Harold Fannin Jr. FLEX Chris Boswell FLEX Roman Wilson,,,
2503,5277535823,shizzle77,0,92.36,CPT Jaylen Warren FLEX Aaron Rodgers FLEX Denzel Boston FLEX Harold Fannin Jr. FLEX Chris Boswell FLEX Roman Wilson,,,
2503,5277648360,ak907hockey,0,92.36,CPT Jaylen Warren FLEX Aaron Rodgers FLEX Denzel Boston FLEX Harold Fannin Jr. FLEX Chris Boswell FLEX Roman Wilson,,,
2503,5277678789,brianrien430,0,92.36,CPT Jaylen Warren FLEX Aaron Rodgers FLEX DK Metcalf FLEX Quinshon Judkins FLEX Chris Boswell FLEX Travis Homer,,,
2503,5277824753,borstbjr,0,92.36,CPT Jaylen Warren FLEX Aaron Rodgers FLEX Denzel Boston FLEX Harold Fannin Jr. FLEX Chris Boswell FLEX Roman Wilson,,,
2503,5277826070,kawamotoalex13,0,92.36,CPT Jaylen Warren FLEX Aaron Rodgers FLEX Denzel Boston FLEX Harold Fannin Jr. FLEX Chris Boswell FLEX Roman Wilson,,,
2516,5276473111,Diesel1SL,0,92.32,CPT Steelers  FLEX Jaylen Warren FLEX Deshaun Watson FLEX DK Metcalf FLEX Quinshon Judkins FLEX Darnell Washington,,,
2516,5277066018,cw1tt,0,92.32,CPT Jaylen Warren FLEX Deshaun Watson FLEX Quinshon Judkins FLEX KC Concepcion Jr. FLEX Browns  FLEX Andre Szmyt,,,
2516,5277128681,mrohrbach73,0,92.32,CPT Jaylen Warren FLEX Deshaun Watson FLEX Quinshon Judkins FLEX KC Concepcion Jr. FLEX Browns  FLEX Andre Szmyt,,,
2519,5276788087,nathanpcmh,0,92.3,CPT Quinshon Judkins FLEX Jaylen Warren FLEX Denzel Boston FLEX Harold Fannin Jr. FLEX Pat Freiermuth FLEX Browns ,,,
2520,5276826823,EagleEye3434,0,92.28,CPT Deshaun Watson FLEX Jaylen Warren FLEX Quinshon Judkins FLEX Harold Fannin Jr. FLEX Browns  FLEX Andre Szmyt,,,
2520,5277050948,r2phantom,0,92.28,CPT Deshaun Watson FLEX Jaylen Warren FLEX Quinshon Judkins FLEX Harold Fannin Jr. FLEX Browns  FLEX Andre Szmyt,,,
2520,5277070347,bryanbigbets,0,92.28,CPT Deshaun Watson FLEX Jaylen Warren FLEX Quinshon Judkins FLEX Harold Fannin Jr. FLEX Browns  FLEX Andre Szmyt,,,
2520,5277111589,wanjy07,0,92.28,CPT Deshaun Watson FLEX Jaylen Warren FLEX Quinshon Judkins FLEX Harold Fannin Jr. FLEX Browns  FLEX Andre Szmyt,,,
2520,5277832041,liamodowd,0,92.28,CPT Deshaun Watson FLEX Jaylen Warren FLEX Quinshon Judkins FLEX Harold Fannin Jr. FLEX Browns  FLEX Andre Szmyt,,,
2520,5277732307,the_process18,0,92.27999,CPT KC Concepcion Jr. FLEX Aaron Rodgers FLEX Jaylen Warren FLEX Deshaun Watson FLEX DK Metcalf FLEX Isaiah Bond,,,
2526,5275421193,TAMUSA,0,92.229996,CPT Denzel Boston FLEX Aaron Rodgers FLEX Deshaun Watson FLEX DK Metcalf FLEX KC Concepcion Jr. FLEX Germie Bernard,,,
2526,5277832323,carriermike,0,92.229996,CPT Pat Freiermuth FLEX Aaron Rodgers FLEX Deshaun Watson FLEX Quinshon Judkins FLEX Harold Fannin Jr. FLEX Chris Boswell,,,
2528,5277139485,Wlulaxer,0,92.20999,CPT Pat Freiermuth FLEX Aaron Rodgers FLEX Jaylen Warren FLEX Quinshon Judkins FLEX Steelers  FLEX Browns ,,,
2528,5277790002,case987,0,92.20999,CPT Pat Freiermuth FLEX Aaron Rodgers FLEX Jaylen Warren FLEX Quinshon Judkins FLEX KC Concepcion Jr. FLEX Raheim Sanders,,,
2530,5276944400,erynchase,0,92.200005,CPT Jaylen Warren FLEX DK Metcalf FLEX Quinshon Judkins FLEX Harold Fannin Jr. FLEX Chris Boswell FLEX Andre Szmyt,,,
2530,5277013242,migvaq,0,92.200005,CPT Jaylen Warren FLEX DK Metcalf FLEX Quinshon Judkins FLEX Harold Fannin Jr. FLEX Chris Boswell FLEX Andre Szmyt,,,
2530,5277614218,PrimeTime420,0,92.200005,CPT Jaylen Warren FLEX DK Metcalf FLEX Quinshon Judkins FLEX Harold Fannin Jr. FLEX Chris Boswell FLEX Andre Szmyt,,,
2533,5275660761,jessyclark,0,92.17,CPT DK Metcalf FLEX Deshaun Watson FLEX Quinshon Judkins FLEX Harold Fannin Jr. FLEX Pat Freiermuth FLEX Chris Boswell,,,
2533,5276548318,BruBru,0,92.17,CPT DK Metcalf FLEX Deshaun Watson FLEX Quinshon Judkins FLEX Harold Fannin Jr. FLEX Pat Freiermuth FLEX Chris Boswell,,,
2533,5276942031,vincentcanche12,0,92.17,CPT DK Metcalf FLEX Deshaun Watson FLEX Quinshon Judkins FLEX Harold Fannin Jr. FLEX Pat Freiermuth FLEX Chris Boswell,,,
2533,5276957266,pratts811,0,92.17,CPT Darnell Washington FLEX Jaylen Warren FLEX Deshaun Watson FLEX DK Metcalf FLEX Denzel Boston FLEX Harold Fannin Jr.,,,
2533,5277059394,k6laturno,0,92.17,CPT DK Metcalf FLEX Deshaun Watson FLEX Denzel Boston FLEX Harold Fannin Jr. FLEX KC Concepcion Jr. FLEX Andre Szmyt,,,
2533,5277773165,pshannon1220,0,92.17,CPT DK Metcalf FLEX Deshaun Watson FLEX Quinshon Judkins FLEX Harold Fannin Jr. FLEX Pat Freiermuth FLEX Chris Boswell,,,
2539,5276010456,Vogel12,0,92.15,CPT DK Metcalf FLEX Jaylen Warren FLEX Denzel Boston FLEX Harold Fannin Jr. FLEX Pat Freiermuth FLEX Andre Szmyt,,,
2540,5277404721,e5i50,0,92.13999,CPT Deshaun Watson FLEX Aaron Rodgers FLEX DK Metcalf FLEX Denzel Boston FLEX Harold Fannin Jr. FLEX Ben Skowronek,,,
2540,5277745217,5xcowboys,0,92.13999,CPT Deshaun Watson FLEX Aaron Rodgers FLEX DK Metcalf FLEX Denzel Boston FLEX Harold Fannin Jr. FLEX Ben Skowronek,,,
2542,5277609457,pxdash,0,92.11,CPT Pat Freiermuth FLEX Aaron Rodgers FLEX Jaylen Warren FLEX Quinshon Judkins FLEX Michael Pittman Jr. FLEX KC Concepcion Jr.,,,
2542,5277677197,D4n078,0,92.11,CPT Michael Pittman Jr. FLEX Aaron Rodgers FLEX Jaylen Warren FLEX DK Metcalf FLEX KC Concepcion Jr. FLEX Roman Wilson,,,
2542,5275567460,nathan734,0,92.10999,CPT Denzel Boston FLEX Aaron Rodgers FLEX Quinshon Judkins FLEX Harold Fannin Jr. FLEX Michael Pittman Jr. FLEX Andre Szmyt,,,
2545,5277612010,Shazzam47,0,92.049995,CPT Denzel Boston FLEX Jaylen Warren FLEX DK Metcalf FLEX Quinshon Judkins FLEX Chris Boswell FLEX Andre Szmyt,,,
2546,5277737911,blokness,0,92.03999,CPT Deshaun Watson FLEX Aaron Rodgers FLEX DK Metcalf FLEX Harold Fannin Jr. FLEX KC Concepcion Jr. FLEX Germie Bernard,,,
2547,5276552080,ari_420,0,92.03,CPT Pat Freiermuth FLEX Aaron Rodgers FLEX Deshaun Watson FLEX Quinshon Judkins FLEX Michael Pittman Jr. FLEX Andre Szmyt,,,
2547,5277084037,lando84,0,92.03,CPT Harold Fannin Jr. FLEX Aaron Rodgers FLEX Jaylen Warren FLEX Deshaun Watson FLEX Raheim Sanders FLEX Roman Wilson,,,
2547,5277779219,scrossley,0,92.03,CPT Harold Fannin Jr. FLEX Aaron Rodgers FLEX Jaylen Warren FLEX Deshaun Watson FLEX Raheim Sanders FLEX Roman Wilson,,,
2547,5277829481,killadogg,0,92.03,CPT Harold Fannin Jr. FLEX Aaron Rodgers FLEX Jaylen Warren FLEX Deshaun Watson FLEX Raheim Sanders FLEX Roman Wilson,,,
2551,5275593928,bhess10,0,92.020004,CPT Jaylen Warren FLEX Deshaun Watson FLEX Quinshon Judkins FLEX Harold Fannin Jr. FLEX Chris Boswell FLEX Roman Wilson,,,
2551,5277073481,moneymanD24,0,92.020004,CPT Jaylen Warren FLEX Deshaun Watson FLEX Quinshon Judkins FLEX Harold Fannin Jr. FLEX Chris Boswell FLEX Roman Wilson,,,
2551,5277241591,KyleSwarthout,0,92.020004,CPT Jaylen Warren FLEX Deshaun Watson FLEX Quinshon Judkins FLEX Harold Fannin Jr. FLEX Chris Boswell FLEX Roman Wilson,,,
2551,5277266570,mikekk1982,0,92.020004,CPT Quinshon Judkins FLEX Jaylen Warren FLEX Deshaun Watson FLEX KC Concepcion Jr. FLEX Steelers  FLEX Darnell Washington,,,
2551,5277326089,gsvede,0,92.020004,CPT Jaylen Warren FLEX Deshaun Watson FLEX Quinshon Judkins FLEX Harold Fannin Jr. FLEX Chris Boswell FLEX Roman Wilson,,,
2551,5277865495,julianled7,0,92.020004,CPT Jaylen Warren FLEX Deshaun Watson FLEX Quinshon Judkins FLEX Harold Fannin Jr. FLEX Chris Boswell FLEX Roman Wilson,,,
2557,5275961357,that0neguy1,0,92.009995,CPT Pat Freiermuth FLEX Aaron Rodgers FLEX Jaylen Warren FLEX DK Metcalf FLEX Denzel Boston FLEX Chris Boswell,,,
2557,5276707275,JIMBO9785,0,92.009995,CPT Pat Freiermuth FLEX Aaron Rodgers FLEX Jaylen Warren FLEX DK Metcalf FLEX Denzel Boston FLEX Chris Boswell,,,
2557,5276836099,slowhand1957,0,92.009995,CPT Pat Freiermuth FLEX Aaron Rodgers FLEX Jaylen Warren FLEX DK Metcalf FLEX Denzel Boston FLEX Chris Boswell,,,
2557,5277082203,gooey911,0,92.009995,CPT Pat Freiermuth FLEX Aaron Rodgers FLEX Jaylen Warren FLEX DK Metcalf FLEX Denzel Boston FLEX Chris Boswell,,,
2557,5277742419,patdschaeffer,0,92.009995,CPT Pat Freiermuth FLEX Aaron Rodgers FLEX Jaylen Warren FLEX DK Metcalf FLEX Denzel Boston FLEX Chris Boswell,,,
2557,5277804622,bevo0318,0,92.009995,CPT Pat Freiermuth FLEX Aaron Rodgers FLEX Jaylen Warren FLEX DK Metcalf FLEX Denzel Boston FLEX Chris Boswell,,,
2563,5276765025,Keroppi613,0,91.979996,CPT Deshaun Watson FLEX Jaylen Warren FLEX Quinshon Judkins FLEX KC Concepcion Jr. FLEX Browns  FLEX Andre Szmyt,,,
2563,5277020006,sosamightygg22,0,91.979996,CPT Deshaun Watson FLEX Jaylen Warren FLEX Quinshon Judkins FLEX KC Concepcion Jr. FLEX Browns  FLEX Andre Szmyt,,,
2563,5277391989,cordix,0,91.979996,CPT Jaylen Warren FLEX Aaron Rodgers FLEX Deshaun Watson FLEX DK Metcalf FLEX Raheim Sanders FLEX Jerry Jeudy,,,
2566,5276813912,lateros,0,91.92999,CPT Harold Fannin Jr. FLEX Aaron Rodgers FLEX Deshaun Watson FLEX DK Metcalf FLEX Chris Boswell FLEX Andre Szmyt,,,
2566,5277014137,hitmen20002002,0,91.92999,CPT Harold Fannin Jr. FLEX Aaron Rodgers FLEX Deshaun Watson FLEX DK Metcalf FLEX Chris Boswell FLEX Andre Szmyt,,,
2568,5277339191,vol4life22,0,91.9,CPT Jaylen Warren FLEX DK Metcalf FLEX Quinshon Judkins FLEX Harold Fannin Jr. FLEX Chris Boswell FLEX Darnell Washington,,,
2569,5277652045,benrichardson,0,91.87,CPT Denzel Boston FLEX Jaylen Warren FLEX Deshaun Watson FLEX Quinshon Judkins FLEX Chris Boswell FLEX Roman Wilson,,,
2569,5277774863,Fry1077,0,91.869995,CPT DK Metcalf FLEX Deshaun Watson FLEX Quinshon Judkins FLEX KC Concepcion Jr. FLEX Pat Freiermuth FLEX Chris Boswell,,,
2571,5276969984,playnasty99,0,91.84,CPT Aaron Rodgers FLEX Jaylen Warren FLEX DK Metcalf FLEX Michael Pittman Jr. FLEX Pat Freiermuth FLEX Jerry Jeudy,,,
2572,5275835301,djt99,0,91.82,CPT Quinshon Judkins FLEX Jaylen Warren FLEX Deshaun Watson FLEX Denzel Boston FLEX Chris Boswell FLEX Andre Szmyt,,,
2572,5276025087,Matt_Stubbz13,0,91.82,CPT Quinshon Judkins FLEX Deshaun Watson FLEX Denzel Boston FLEX Harold Fannin Jr. FLEX Michael Pittman Jr. FLEX Roman Wilson,,,
2572,5276146909,danno_35,0,91.82,CPT Quinshon Judkins FLEX Deshaun Watson FLEX Denzel Boston FLEX Harold Fannin Jr. FLEX Michael Pittman Jr. FLEX Roman Wilson,,,
2572,5277029211,sling21shot,0,91.82,CPT Quinshon Judkins FLEX Jaylen Warren FLEX Deshaun Watson FLEX Denzel Boston FLEX Chris Boswell FLEX Andre Szmyt,,,
2572,5277056089,jdub.14,0,91.82,CPT Quinshon Judkins FLEX Jaylen Warren FLEX Deshaun Watson FLEX Denzel Boston FLEX Chris Boswell FLEX Andre Szmyt,,,
2572,5277265673,thundernation44,0,91.82,CPT Quinshon Judkins FLEX Jaylen Warren FLEX Deshaun Watson FLEX Denzel Boston FLEX Chris Boswell FLEX Andre Szmyt,,,
2572,5277282293,ChazzDaMan2020,0,91.82,CPT Quinshon Judkins FLEX Jaylen Warren FLEX Deshaun Watson FLEX Denzel Boston FLEX Chris Boswell FLEX Andre Szmyt,,,
2572,5277443765,ggriggcubsfan,0,91.82,CPT Quinshon Judkins FLEX Jaylen Warren FLEX Deshaun Watson FLEX Denzel Boston FLEX Chris Boswell FLEX Andre Szmyt,,,
2572,5277494327,logan956,0,91.82,CPT Quinshon Judkins FLEX Jaylen Warren FLEX Deshaun Watson FLEX Denzel Boston FLEX Chris Boswell FLEX Andre Szmyt,,,
2572,5277535511,Petch13,0,91.82,CPT Quinshon Judkins FLEX Jaylen Warren FLEX Deshaun Watson FLEX Denzel Boston FLEX Chris Boswell FLEX Andre Szmyt,,,
2572,5277812538,jacks666,0,91.82,CPT Quinshon Judkins FLEX Jaylen Warren FLEX Deshaun Watson FLEX Denzel Boston FLEX Chris Boswell FLEX Andre Szmyt,,,
2572,5277825872,bgrimes2016,0,91.82,CPT Quinshon Judkins FLEX Jaylen Warren FLEX Deshaun Watson FLEX Denzel Boston FLEX Chris Boswell FLEX Andre Szmyt,,,
2572,5277861802,bigdub1983,0,91.82,CPT Quinshon Judkins FLEX Jaylen Warren FLEX Deshaun Watson FLEX Denzel Boston FLEX Chris Boswell FLEX Andre Szmyt,,,
2585,5277824360,SarahGrace1,0,91.759995,CPT Aaron Rodgers FLEX Jaylen Warren FLEX Deshaun Watson FLEX Denzel Boston FLEX Pat Freiermuth FLEX Ben Skowronek,,,
2585,5277826649,dale51092,0,91.759995,CPT Steelers  FLEX Aaron Rodgers FLEX Jaylen Warren FLEX DK Metcalf FLEX Harold Fannin Jr. FLEX Andre Szmyt,,,
2587,5275505681,IdrisDad,0,91.68,CPT Jaylen Warren FLEX Aaron Rodgers FLEX Deshaun Watson FLEX Harold Fannin Jr. FLEX Steelers  FLEX Darnell Washington,,,
2587,5275518703,Slylock01,0,91.68,CPT Jaylen Warren FLEX Aaron Rodgers FLEX Deshaun Watson FLEX KC Concepcion Jr. FLEX Steelers  FLEX Andre Szmyt,,,
2587,5275670044,blakebro98,0,91.68,CPT Jaylen Warren FLEX Aaron Rodgers FLEX Deshaun Watson FLEX KC Concepcion Jr. FLEX Steelers  FLEX Andre Szmyt,,,
2587,5275981739,bighitfrom20,0,91.68,CPT Jaylen Warren FLEX Aaron Rodgers FLEX Deshaun Watson FLEX KC Concepcion Jr. FLEX Steelers  FLEX Andre Szmyt,,,
2587,5276124088,jackdoby,0,91.68,CPT Jaylen Warren FLEX Aaron Rodgers FLEX Deshaun Watson FLEX KC Concepcion Jr. FLEX Steelers  FLEX Andre Szmyt,,,
2587,5276284127,griffalicious24,0,91.68,CPT Jaylen Warren FLEX Aaron Rodgers FLEX Deshaun Watson FLEX KC Concepcion Jr. FLEX Steelers  FLEX Andre Szmyt,,,
2587,5276543310,slippinjimmy,0,91.68,CPT Jaylen Warren FLEX Aaron Rodgers FLEX Deshaun Watson FLEX KC Concepcion Jr. FLEX Steelers  FLEX Andre Szmyt,,,
2587,5276580684,clemsonsmartguy,0,91.68,CPT Jaylen Warren FLEX Aaron Rodgers FLEX Deshaun Watson FLEX Harold Fannin Jr. FLEX Steelers  FLEX Darnell Washington,,,
2587,5276791915,dolphins-1,0,91.68,CPT Deshaun Watson FLEX Jaylen Warren FLEX Quinshon Judkins FLEX Harold Fannin Jr. FLEX Chris Boswell FLEX Roman Wilson,,,
2587,5276854345,sboynton10,0,91.68,CPT Jaylen Warren FLEX Aaron Rodgers FLEX Deshaun Watson FLEX KC Concepcion Jr. FLEX Steelers  FLEX Andre Szmyt,,,
2587,5276912571,epot,0,91.68,CPT Jaylen Warren FLEX Aaron Rodgers FLEX Deshaun Watson FLEX KC Concepcion Jr. FLEX Steelers  FLEX Andre Szmyt,,,
2587,5276961227,rccarguy,0,91.68,CPT Deshaun Watson FLEX Jaylen Warren FLEX Quinshon Judkins FLEX Harold Fannin Jr. FLEX Chris Boswell FLEX Roman Wilson,,,
2587,5276990649,TheRealRipper,0,91.68,CPT Jaylen Warren FLEX Aaron Rodgers FLEX Deshaun Watson FLEX KC Concepcion Jr. FLEX Steelers  FLEX Andre Szmyt,,,
2587,5277036633,Rains,0,91.68,CPT Jaylen Warren FLEX Aaron Rodgers FLEX Deshaun Watson FLEX KC Concepcion Jr. FLEX Steelers  FLEX Andre Szmyt,,,
2587,5277044022,swaggybees,0,91.68,CPT Jaylen Warren FLEX Aaron Rodgers FLEX Deshaun Watson FLEX Harold Fannin Jr. FLEX Steelers  FLEX Darnell Washington,,,
2587,5277106340,cmahon23,0,91.68,CPT Jaylen Warren FLEX Aaron Rodgers FLEX Deshaun Watson FLEX KC Concepcion Jr. FLEX Steelers  FLEX Andre Szmyt,,,
2587,5277119539,hw49erd,0,91.68,CPT Jaylen Warren FLEX Aaron Rodgers FLEX Deshaun Watson FLEX Harold Fannin Jr. FLEX Steelers  FLEX Darnell Washington,,,
2587,5277136893,Davidd0726,0,91.68,CPT Jaylen Warren FLEX Aaron Rodgers FLEX Deshaun Watson FLEX Harold Fannin Jr. FLEX Steelers  FLEX Darnell Washington,,,
2587,5277145759,zachm5,0,91.68,CPT Jaylen Warren FLEX Aaron Rodgers FLEX Deshaun Watson FLEX KC Concepcion Jr. FLEX Steelers  FLEX Andre Szmyt,,,
2587,5277147314,mmain13,0,91.68,CPT Jaylen Warren FLEX Aaron Rodgers FLEX Deshaun Watson FLEX KC Concepcion Jr. FLEX Steelers  FLEX Andre Szmyt,,,
2587,5277164294,blusk44,0,91.68,CPT Jaylen Warren FLEX Aaron Rodgers FLEX Deshaun Watson FLEX KC Concepcion Jr. FLEX Steelers  FLEX Andre Szmyt,,,
2587,5277183059,tgusta82,0,91.68,CPT Jaylen Warren FLEX Aaron Rodgers FLEX Deshaun Watson FLEX KC Concepcion Jr. FLEX Steelers  FLEX Andre Szmyt,,,
2587,5277194500,stik1964,0,91.68,CPT Jaylen Warren FLEX Aaron Rodgers FLEX Deshaun Watson FLEX KC Concepcion Jr. FLEX Steelers  FLEX Andre Szmyt,,,
2587,5277201022,gsizzle04,0,91.68,CPT Jaylen Warren FLEX Aaron Rodgers FLEX Deshaun Watson FLEX KC Concepcion Jr. FLEX Steelers  FLEX Andre Szmyt,,,
2587,5277214774,mwr2001,0,91.68,CPT Jaylen Warren FLEX Aaron Rodgers FLEX Deshaun Watson FLEX KC Concepcion Jr. FLEX Steelers  FLEX Andre Szmyt,,,
2587,5277353850,TheShackGod,0,91.68,CPT Jaylen Warren FLEX Aaron Rodgers FLEX Deshaun Watson FLEX KC Concepcion Jr. FLEX Steelers  FLEX Andre Szmyt,,,
2587,5277380221,dbueschgaming,0,91.68,CPT Jaylen Warren FLEX Aaron Rodgers FLEX Deshaun Watson FLEX Harold Fannin Jr. FLEX Steelers  FLEX Darnell Washington,,,
2587,5277471750,steve3258,0,91.68,CPT Jaylen Warren FLEX Aaron Rodgers FLEX Deshaun Watson FLEX Harold Fannin Jr. FLEX Steelers  FLEX Darnell Washington,,,
2587,5277600644,cbeyer,0,91.68,CPT Jaylen Warren FLEX Aaron Rodgers FLEX Deshaun Watson FLEX Chris Boswell FLEX Browns  FLEX Roman Wilson,,,
2587,5277622565,Rabbit28,0,91.68,CPT Jaylen Warren FLEX Aaron Rodgers FLEX Deshaun Watson FLEX Harold Fannin Jr. FLEX Steelers  FLEX Darnell Washington,,,
2587,5277662009,mander153,0,91.68,CPT Jaylen Warren FLEX Aaron Rodgers FLEX Deshaun Watson FLEX Harold Fannin Jr. FLEX Steelers  FLEX Darnell Washington,,,
2587,5277716104,lewzerr1,0,91.68,CPT Jaylen Warren FLEX Aaron Rodgers FLEX Deshaun Watson FLEX KC Concepcion Jr. FLEX Steelers  FLEX Andre Szmyt,,,
2587,5277783454,JetMace21,0,91.68,CPT Jaylen Warren FLEX Aaron Rodgers FLEX Deshaun Watson FLEX KC Concepcion Jr. FLEX Steelers  FLEX Andre Szmyt,,,
2587,5277802975,Rescueballer,0,91.68,CPT Jaylen Warren FLEX Aaron Rodgers FLEX Deshaun Watson FLEX KC Concepcion Jr. FLEX Steelers  FLEX Andre Szmyt,,,
2587,5277804355,bfowler0419,0,91.68,CPT Jaylen Warren FLEX Aaron Rodgers FLEX Deshaun Watson FLEX KC Concepcion Jr. FLEX Steelers  FLEX Andre Szmyt,,,
2587,5277846979,Dr_Henry_Pride,0,91.68,CPT Jaylen Warren FLEX Aaron Rodgers FLEX Deshaun Watson FLEX Harold Fannin Jr. FLEX Steelers  FLEX Darnell Washington,,,
2587,5277849515,Jalecci,0,91.68,CPT Jaylen Warren FLEX Aaron Rodgers FLEX Deshaun Watson FLEX Harold Fannin Jr. FLEX Steelers  FLEX Darnell Washington,,,
2587,5277867592,conljw,0,91.68,CPT Deshaun Watson FLEX Jaylen Warren FLEX Quinshon Judkins FLEX Harold Fannin Jr. FLEX Chris Boswell FLEX Roman Wilson,,,
2587,5276552743,TeamZuni,0,91.67999,CPT Chris Boswell FLEX Aaron Rodgers FLEX Jaylen Warren FLEX Deshaun Watson FLEX DK Metcalf FLEX Darnell Washington,,,
2587,5277047724,renegade,0,91.67999,CPT Deshaun Watson FLEX Quinshon Judkins FLEX Denzel Boston FLEX Harold Fannin Jr. FLEX KC Concepcion Jr. FLEX Darnell Washington,,,
2627,5275450671,Raygon01,0,91.659996,CPT Steelers  FLEX Aaron Rodgers FLEX Jaylen Warren FLEX DK Metcalf FLEX Denzel Boston FLEX Pat Freiermuth,,,
2627,5276857093,plach1747,0,91.659996,CPT Steelers  FLEX Aaron Rodgers FLEX Jaylen Warren FLEX DK Metcalf FLEX Denzel Boston FLEX Pat Freiermuth,,,
2627,5276876272,ron214,0,91.659996,CPT Steelers  FLEX Aaron Rodgers FLEX Jaylen Warren FLEX DK Metcalf FLEX Denzel Boston FLEX Pat Freiermuth,,,
2627,5276925645,2livecrewo1,0,91.659996,CPT Steelers  FLEX Aaron Rodgers FLEX Jaylen Warren FLEX DK Metcalf FLEX Denzel Boston FLEX Pat Freiermuth,,,
2627,5277114469,WastedTalent22,0,91.659996,CPT Steelers  FLEX Aaron Rodgers FLEX Jaylen Warren FLEX DK Metcalf FLEX Denzel Boston FLEX Pat Freiermuth,,,
2627,5277611618,rprodzin,0,91.659996,CPT Steelers  FLEX Aaron Rodgers FLEX Jaylen Warren FLEX DK Metcalf FLEX Denzel Boston FLEX Pat Freiermuth,,,
2627,5277697965,natd066,0,91.659996,CPT Steelers  FLEX Aaron Rodgers FLEX Jaylen Warren FLEX DK Metcalf FLEX Denzel Boston FLEX Pat Freiermuth,,,
2634,5277368191,Blaw88,0,91.649994,CPT Harold Fannin Jr. FLEX Jaylen Warren FLEX DK Metcalf FLEX Quinshon Judkins FLEX KC Concepcion Jr. FLEX Steelers ,,,
2634,5277772623,Shmoses1,0,91.649994,CPT Harold Fannin Jr. FLEX Jaylen Warren FLEX DK Metcalf FLEX Quinshon Judkins FLEX KC Concepcion Jr. FLEX Steelers ,,,
2634,5277865610,LGNaples,0,91.649994,CPT Harold Fannin Jr. FLEX Jaylen Warren FLEX DK Metcalf FLEX Quinshon Judkins FLEX KC Concepcion Jr. FLEX Steelers ,,,
2637,5277045119,Hotdogfatboy,0,91.62,CPT Jaylen Warren FLEX Deshaun Watson FLEX DK Metcalf FLEX KC Concepcion Jr. FLEX Pat Freiermuth FLEX Darnell Washington,,,
2638,5276090005,Judge72,0,91.61,CPT Harold Fannin Jr. FLEX Aaron Rodgers FLEX Jaylen Warren FLEX DK Metcalf FLEX Steelers  FLEX Browns ,,,
2638,5276902299,mrmilleruti,0,91.61,CPT Pat Freiermuth FLEX Aaron Rodgers FLEX Jaylen Warren FLEX Denzel Boston FLEX Harold Fannin Jr. FLEX KC Concepcion Jr.,,,
2638,5277772484,HalfWhite,0,91.61,CPT Pat Freiermuth FLEX Aaron Rodgers FLEX Jaylen Warren FLEX Denzel Boston FLEX Harold Fannin Jr. FLEX KC Concepcion Jr.,,,
2641,5275621956,tomfoos,0,91.579994,CPT Browns  FLEX Aaron Rodgers FLEX Jaylen Warren FLEX Deshaun Watson FLEX Denzel Boston FLEX Pat Freiermuth,,,
2641,5276455664,binaryme,0,91.579994,CPT Steelers  FLEX Aaron Rodgers FLEX Jaylen Warren FLEX Deshaun Watson FLEX Harold Fannin Jr. FLEX Roman Wilson,,,
2641,5277208501,lop819,0,91.579994,CPT Jaylen Warren FLEX Aaron Rodgers FLEX Deshaun Watson FLEX Quinshon Judkins FLEX Steelers  FLEX Ben Skowronek,,,
2641,5277244646,scmattg,0,91.579994,CPT Steelers  FLEX Aaron Rodgers FLEX Jaylen Warren FLEX Deshaun Watson FLEX Harold Fannin Jr. FLEX Roman Wilson,,,
2641,5277542292,charlierose896,0,91.579994,CPT Steelers  FLEX Aaron Rodgers FLEX Jaylen Warren FLEX Deshaun Watson FLEX Roman Wilson FLEX Darnell Washington,,,
2641,5277659790,KingMelanin3,0,91.579994,CPT Steelers  FLEX Aaron Rodgers FLEX Jaylen Warren FLEX Deshaun Watson FLEX Harold Fannin Jr. FLEX Roman Wilson,,,
2641,5277718544,sinisterminister21,0,91.579994,CPT Browns  FLEX Aaron Rodgers FLEX Jaylen Warren FLEX Deshaun Watson FLEX Denzel Boston FLEX Pat Freiermuth,,,
2641,5277758037,errn123,0,91.579994,CPT Jaylen Warren FLEX Aaron Rodgers FLEX Deshaun Watson FLEX Quinshon Judkins FLEX Steelers  FLEX Ben Skowronek,,,
2641,5277773579,headhunter589,0,91.579994,CPT Andre Szmyt FLEX Aaron Rodgers FLEX Deshaun Watson FLEX DK Metcalf FLEX Harold Fannin Jr. FLEX Michael Pittman Jr.,,,
2641,5277778540,Dagwood1st,0,91.579994,CPT Jaylen Warren FLEX Aaron Rodgers FLEX Deshaun Watson FLEX Quinshon Judkins FLEX Steelers  FLEX Ben Skowronek,,,
2651,5277019814,shawnvbuck,0,91.53,CPT Harold Fannin Jr. FLEX Aaron Rodgers FLEX Jaylen Warren FLEX Deshaun Watson FLEX DK Metcalf FLEX Robert Tonyan,,,
2651,5277640152,BChap71,0,91.53,CPT Harold Fannin Jr. FLEX Aaron Rodgers FLEX Jaylen Warren FLEX Deshaun Watson FLEX DK Metcalf FLEX Robert Tonyan,,,
2651,5277720664,Martindtaz,0,91.53,CPT Harold Fannin Jr. FLEX Aaron Rodgers FLEX Jaylen Warren FLEX Deshaun Watson FLEX DK Metcalf FLEX Malachi Corley,,,
2654,5276853728,DeeMac74,0,91.520004,CPT Quinshon Judkins FLEX Deshaun Watson FLEX DK Metcalf FLEX Harold Fannin Jr. FLEX Chris Boswell FLEX Browns ,,,
2654,5276921558,TKloos,0,91.520004,CPT Quinshon Judkins FLEX Deshaun Watson FLEX DK Metcalf FLEX Harold Fannin Jr. FLEX Chris Boswell FLEX Browns ,,,
2656,5275408686,derrickmack75,0,91.45999,CPT Steelers  FLEX Aaron Rodgers FLEX Jaylen Warren FLEX DK Metcalf FLEX Harold Fannin Jr. FLEX Darnell Washington,,,
2656,5275620548,RNATION34,0,91.45999,CPT Aaron Rodgers FLEX Jaylen Warren FLEX Deshaun Watson FLEX Denzel Boston FLEX Browns  FLEX Germie Bernard,,,
2658,5276637619,theNetRat,0,91.42999,CPT Denzel Boston FLEX Aaron Rodgers FLEX Deshaun Watson FLEX Quinshon Judkins FLEX Harold Fannin Jr. FLEX Travis Homer,,,
2658,5276664483,GOLFINBILLY,0,91.42999,CPT Pat Freiermuth FLEX Aaron Rodgers FLEX Deshaun Watson FLEX Quinshon Judkins FLEX Michael Pittman Jr. FLEX KC Concepcion Jr.,,,
2658,5277044997,TheBossinMyWorld,0,91.42999,CPT Denzel Boston FLEX Aaron Rodgers FLEX Deshaun Watson FLEX Quinshon Judkins FLEX Harold Fannin Jr. FLEX Travis Homer,,,
2658,5277125703,Hercaddi17,0,91.42999,CPT Pat Freiermuth FLEX Aaron Rodgers FLEX Deshaun Watson FLEX Quinshon Judkins FLEX Michael Pittman Jr. FLEX KC Concepcion Jr.,,,
2658,5277661445,klow43,0,91.42999,CPT Pat Freiermuth FLEX Aaron Rodgers FLEX Deshaun Watson FLEX Quinshon Judkins FLEX Michael Pittman Jr. FLEX KC Concepcion Jr.,,,
2663,5277542186,Sighkoh,0,91.42,CPT Jaylen Warren FLEX Deshaun Watson FLEX Quinshon Judkins FLEX Denzel Boston FLEX Andre Szmyt FLEX Jerry Jeudy,,,
2664,5275896616,bigbruisah,0,91.38,CPT Jaylen Warren FLEX Aaron Rodgers FLEX Deshaun Watson FLEX KC Concepcion Jr. FLEX Steelers  FLEX Darnell Washington,,,
2664,5277221196,BigPenguin,0,91.38,CPT Jaylen Warren FLEX Aaron Rodgers FLEX Deshaun Watson FLEX KC Concepcion Jr. FLEX Steelers  FLEX Darnell Washington,,,
2664,5277326996,Burd52,0,91.38,CPT Jaylen Warren FLEX Aaron Rodgers FLEX Deshaun Watson FLEX KC Concepcion Jr. FLEX Steelers  FLEX Darnell Washington,,,
2664,5277437282,jbm3433,0,91.38,CPT Jaylen Warren FLEX Aaron Rodgers FLEX Deshaun Watson FLEX KC Concepcion Jr. FLEX Steelers  FLEX Darnell Washington,,,
2664,5277746245,VetteCity84,0,91.38,CPT Jaylen Warren FLEX Aaron Rodgers FLEX Deshaun Watson FLEX KC Concepcion Jr. FLEX Steelers  FLEX Darnell Washington,,,
2669,5276077769,CountryBoi77,0,91.34,CPT Deshaun Watson FLEX Aaron Rodgers FLEX Denzel Boston FLEX Harold Fannin Jr. FLEX Chris Boswell FLEX Roman Wilson,,,
2669,5276105826,BIGDARRELLGREEN,0,91.34,CPT Deshaun Watson FLEX Aaron Rodgers FLEX Denzel Boston FLEX Harold Fannin Jr. FLEX Chris Boswell FLEX Roman Wilson,,,
2669,5276353572,Dpotter974,0,91.34,CPT Deshaun Watson FLEX Aaron Rodgers FLEX Jaylen Warren FLEX Harold Fannin Jr. FLEX Steelers  FLEX Darnell Washington,,,
2669,5276646687,WWF121,0,91.34,CPT Deshaun Watson FLEX Aaron Rodgers FLEX Denzel Boston FLEX Harold Fannin Jr. FLEX Chris Boswell FLEX Roman Wilson,,,
2669,5277640222,hoja0703,0,91.34,CPT Deshaun Watson FLEX Aaron Rodgers FLEX Jaylen Warren FLEX KC Concepcion Jr. FLEX Steelers  FLEX Andre Szmyt,,,
2669,5277868836,lazym2,0,91.34,CPT Aaron Rodgers FLEX Jaylen Warren FLEX Harold Fannin Jr. FLEX KC Concepcion Jr. FLEX Pat Freiermuth FLEX Steelers ,,,
2675,5276903740,Kingbeast90,0,91.33,CPT Pat Freiermuth FLEX Aaron Rodgers FLEX Deshaun Watson FLEX DK Metcalf FLEX Denzel Boston FLEX Chris Boswell,,,
2675,5276934925,souge369,0,91.33,CPT Pat Freiermuth FLEX Aaron Rodgers FLEX Deshaun Watson FLEX DK Metcalf FLEX Denzel Boston FLEX Chris Boswell,,,
2675,5277608336,Gasman1739,0,91.33,CPT Pat Freiermuth FLEX Aaron Rodgers FLEX Deshaun Watson FLEX DK Metcalf FLEX Denzel Boston FLEX Chris Boswell,,,
2675,5277653871,ley_low,0,91.33,CPT Pat Freiermuth FLEX Aaron Rodgers FLEX Deshaun Watson FLEX DK Metcalf FLEX Denzel Boston FLEX Chris Boswell,,,
2679,5275596644,Cboogie_23,0,91.32,CPT Jaylen Warren FLEX Deshaun Watson FLEX Denzel Boston FLEX Harold Fannin Jr. FLEX Andre Szmyt FLEX Roman Wilson,,,
2679,5277056458,pjg196604,0,91.32,CPT Steelers  FLEX Jaylen Warren FLEX Deshaun Watson FLEX DK Metcalf FLEX Quinshon Judkins FLEX Pat Freiermuth,,,
2679,5277582792,JukeJointJohnny,0,91.32,CPT Jaylen Warren FLEX Deshaun Watson FLEX Denzel Boston FLEX Harold Fannin Jr. FLEX Andre Szmyt FLEX Roman Wilson,,,
2682,5276824877,79Cosmo,0,91.28,CPT Jaylen Warren FLEX Aaron Rodgers FLEX Deshaun Watson FLEX Harold Fannin Jr. FLEX Pat Freiermuth FLEX Jerry Jeudy,,,
2682,5277185332,allyoucanbe,0,91.28,CPT Jaylen Warren FLEX Aaron Rodgers FLEX Deshaun Watson FLEX Harold Fannin Jr. FLEX Pat Freiermuth FLEX Jerry Jeudy,,,
2682,5277186117,jwsa0214,0,91.28,CPT Jaylen Warren FLEX Aaron Rodgers FLEX Deshaun Watson FLEX Harold Fannin Jr. FLEX Pat Freiermuth FLEX Jerry Jeudy,,,
2682,5277215846,SMC330,0,91.28,CPT Jaylen Warren FLEX Aaron Rodgers FLEX Deshaun Watson FLEX Harold Fannin Jr. FLEX Pat Freiermuth FLEX Jerry Jeudy,,,
2682,5277604796,Amac1991,0,91.28,CPT Jaylen Warren FLEX Aaron Rodgers FLEX Deshaun Watson FLEX Harold Fannin Jr. FLEX Pat Freiermuth FLEX Jerry Jeudy,,,
2682,5277632480,scrub69,0,91.28,CPT Jaylen Warren FLEX Aaron Rodgers FLEX Deshaun Watson FLEX Harold Fannin Jr. FLEX Pat Freiermuth FLEX Jerry Jeudy,,,
2682,5277677457,PeterGun17,0,91.28,CPT Jaylen Warren FLEX Aaron Rodgers FLEX Deshaun Watson FLEX Harold Fannin Jr. FLEX Pat Freiermuth FLEX Jerry Jeudy,,,
2682,5277739886,badees,0,91.28,CPT Jaylen Warren FLEX Aaron Rodgers FLEX Deshaun Watson FLEX Harold Fannin Jr. FLEX Pat Freiermuth FLEX Jerry Jeudy,,,
2682,5277746578,jsmithsgotgame,0,91.28,CPT KC Concepcion Jr. FLEX Aaron Rodgers FLEX Deshaun Watson FLEX Denzel Boston FLEX Harold Fannin Jr. FLEX Pat Freiermuth,,,
2682,5277631211,aschreiber47,0,91.27999,CPT KC Concepcion Jr. FLEX Aaron Rodgers FLEX Jaylen Warren FLEX Deshaun Watson FLEX Pat Freiermuth FLEX Browns ,,,
2692,5275937115,blc66,0,91.270004,CPT Pat Freiermuth FLEX Jaylen Warren FLEX Deshaun Watson FLEX Quinshon Judkins FLEX Harold Fannin Jr. FLEX KC Concepcion Jr.,,,
2692,5276070703,kedmo506,0,91.270004,CPT Pat Freiermuth FLEX Jaylen Warren FLEX Deshaun Watson FLEX Quinshon Judkins FLEX Harold Fannin Jr. FLEX KC Concepcion Jr.,,,
2692,5276094165,IrishColts,0,91.270004,CPT Pat Freiermuth FLEX Jaylen Warren FLEX Deshaun Watson FLEX Quinshon Judkins FLEX Harold Fannin Jr. FLEX KC Concepcion Jr.,,,
2692,5277137512,marksgelfand,0,91.270004,CPT Pat Freiermuth FLEX Jaylen Warren FLEX Deshaun Watson FLEX Quinshon Judkins FLEX Harold Fannin Jr. FLEX KC Concepcion Jr.,,,
2692,5277242689,saffatato,0,91.270004,CPT Pat Freiermuth FLEX Jaylen Warren FLEX Deshaun Watson FLEX Quinshon Judkins FLEX Harold Fannin Jr. FLEX KC Concepcion Jr.,,,
2692,5277475936,cottlej09,0,91.270004,CPT Harold Fannin Jr. FLEX Jaylen Warren FLEX Deshaun Watson FLEX DK Metcalf FLEX Andre Szmyt FLEX Darnell Washington,,,
2698,5276855081,KETTLEHEADS,0,91.25,CPT Michael Pittman Jr. FLEX Jaylen Warren FLEX DK Metcalf FLEX Quinshon Judkins FLEX Denzel Boston FLEX Roman Wilson,,,
2698,5277502595,gdm123,0,91.25,CPT Michael Pittman Jr. FLEX Jaylen Warren FLEX DK Metcalf FLEX Quinshon Judkins FLEX Denzel Boston FLEX Roman Wilson,,,
2698,5277807258,darnall1,0,91.24999,CPT Denzel Boston FLEX Jaylen Warren FLEX DK Metcalf FLEX Quinshon Judkins FLEX Michael Pittman Jr. FLEX Darnell Washington,,,
2701,5277689023,armydave72,0,91.229996,CPT Harold Fannin Jr. FLEX Aaron Rodgers FLEX Deshaun Watson FLEX DK Metcalf FLEX Raheim Sanders FLEX Darnell Washington,,,
2702,5277291847,jtspades,0,91.22,CPT Jaylen Warren FLEX Deshaun Watson FLEX Quinshon Judkins FLEX Michael Pittman Jr. FLEX KC Concepcion Jr. FLEX Roman Wilson,,,
2702,5277760848,tfsmith10,0,91.22,CPT Jaylen Warren FLEX Deshaun Watson FLEX Quinshon Judkins FLEX Michael Pittman Jr. FLEX KC Concepcion Jr. FLEX Roman Wilson,,,
2704,5277583077,xIslanderx,0,91.20999,CPT Harold Fannin Jr. FLEX Aaron Rodgers FLEX Jaylen Warren FLEX DK Metcalf FLEX Denzel Boston FLEX Ben Skowronek,,,
2705,5276897672,rambadtb,0,91.200005,CPT Jaylen Warren FLEX DK Metcalf FLEX Quinshon Judkins FLEX Harold Fannin Jr. FLEX Steelers  FLEX Browns ,,,
2705,5277269581,Sundevil_134,0,91.200005,CPT Jaylen Warren FLEX DK Metcalf FLEX Quinshon Judkins FLEX Harold Fannin Jr. FLEX Steelers  FLEX Browns ,,,
2705,5277428962,britt55,0,91.200005,CPT Jaylen Warren FLEX DK Metcalf FLEX Quinshon Judkins FLEX Harold Fannin Jr. FLEX Steelers  FLEX Browns ,,,
2708,5276544497,midnite1,0,91.18,CPT Deshaun Watson FLEX DK Metcalf FLEX Quinshon Judkins FLEX Harold Fannin Jr. FLEX Chris Boswell FLEX Andre Szmyt,,,
2709,5275467673,eaglesman82,0,91.159996,CPT Steelers  FLEX Aaron Rodgers FLEX Jaylen Warren FLEX DK Metcalf FLEX Harold Fannin Jr. FLEX KC Concepcion Jr.,,,
2709,5276134934,chappell12,0,91.159996,CPT Steelers  FLEX Aaron Rodgers FLEX Jaylen Warren FLEX DK Metcalf FLEX Harold Fannin Jr. FLEX KC Concepcion Jr.,,,
2709,5276683016,bama0911,0,91.159996,CPT Steelers  FLEX Aaron Rodgers FLEX Jaylen Warren FLEX DK Metcalf FLEX Harold Fannin Jr. FLEX KC Concepcion Jr.,,,
2709,5277259864,ShowMeYourTDs333,0,91.159996,CPT Steelers  FLEX Aaron Rodgers FLEX Jaylen Warren FLEX DK Metcalf FLEX Harold Fannin Jr. FLEX KC Concepcion Jr.,,,
2709,5277337485,cheech29162,0,91.159996,CPT Steelers  FLEX Aaron Rodgers FLEX Jaylen Warren FLEX DK Metcalf FLEX Harold Fannin Jr. FLEX KC Concepcion Jr.,,,
2709,5277348673,HoosierTide,0,91.159996,CPT Steelers  FLEX Aaron Rodgers FLEX Jaylen Warren FLEX DK Metcalf FLEX Harold Fannin Jr. FLEX KC Concepcion Jr.,,,
2709,5277447351,jcabernethy12,0,91.159996,CPT Steelers  FLEX Aaron Rodgers FLEX Jaylen Warren FLEX DK Metcalf FLEX Harold Fannin Jr. FLEX KC Concepcion Jr.,,,
2709,5277602318,Brady262617,0,91.159996,CPT Steelers  FLEX Aaron Rodgers FLEX Jaylen Warren FLEX DK Metcalf FLEX Harold Fannin Jr. FLEX KC Concepcion Jr.,,,
2717,5276939642,pbrk11,0,91.13,CPT DK Metcalf FLEX Aaron Rodgers FLEX Deshaun Watson FLEX Harold Fannin Jr. FLEX KC Concepcion Jr. FLEX Travis Homer,,,
2717,5276629545,harkd100,0,91.12999,CPT Harold Fannin Jr. FLEX Aaron Rodgers FLEX Deshaun Watson FLEX DK Metcalf FLEX Michael Pittman Jr. FLEX Darnell Washington,,,
2719,5275503388,tmarrisa,0,91.12,CPT Jaylen Warren FLEX Deshaun Watson FLEX DK Metcalf FLEX Denzel Boston FLEX Chris Boswell FLEX Roman Wilson,,,
2719,5276457538,rossmarch20,0,91.12,CPT Jaylen Warren FLEX Deshaun Watson FLEX DK Metcalf FLEX Denzel Boston FLEX Chris Boswell FLEX Roman Wilson,,,
2719,5276864309,Creekboy1499,0,91.12,CPT Browns  FLEX Jaylen Warren FLEX Deshaun Watson FLEX DK Metcalf FLEX Quinshon Judkins FLEX Steelers ,,,
2719,5277367218,reddy143,0,91.12,CPT Jaylen Warren FLEX Deshaun Watson FLEX DK Metcalf FLEX Denzel Boston FLEX Chris Boswell FLEX Roman Wilson,,,
2719,5277417337,meamon,0,91.12,CPT Jaylen Warren FLEX Deshaun Watson FLEX DK Metcalf FLEX Denzel Boston FLEX Chris Boswell FLEX Roman Wilson,,,
2719,5277513354,dmilsaps,0,91.12,CPT Jaylen Warren FLEX Deshaun Watson FLEX DK Metcalf FLEX Denzel Boston FLEX Chris Boswell FLEX Roman Wilson,,,
2719,5277814571,Jersh11,0,91.12,CPT Jaylen Warren FLEX Deshaun Watson FLEX DK Metcalf FLEX Denzel Boston FLEX Chris Boswell FLEX Roman Wilson,,,
2719,5277861975,Jaylee55,0,91.12,CPT Jaylen Warren FLEX Deshaun Watson FLEX DK Metcalf FLEX Denzel Boston FLEX Chris Boswell FLEX Roman Wilson,,,
2727,5277121714,JaserD,0,91.11,CPT Pat Freiermuth FLEX Aaron Rodgers FLEX DK Metcalf FLEX Quinshon Judkins FLEX Chris Boswell FLEX Steelers ,,,
2728,5277675985,clinam,0,91.079994,CPT Browns  FLEX Aaron Rodgers FLEX Jaylen Warren FLEX Deshaun Watson FLEX Harold Fannin Jr. FLEX KC Concepcion Jr.,,,
2729,5275409248,Velocityjon,0,91.06,CPT Aaron Rodgers FLEX Deshaun Watson FLEX Denzel Boston FLEX Harold Fannin Jr. FLEX Andre Szmyt FLEX Raheim Sanders,,,
2729,5277142121,oldzcool,0,91.06,CPT Aaron Rodgers FLEX Deshaun Watson FLEX DK Metcalf FLEX Pat Freiermuth FLEX Chris Boswell FLEX Steelers ,,,
2731,5276051777,DB81,0,91.020004,CPT Quinshon Judkins FLEX Jaylen Warren FLEX Deshaun Watson FLEX Harold Fannin Jr. FLEX Shedeur Sanders FLEX Roman Wilson,,,
2731,5276577154,MALEwis420,0,91.020004,CPT Quinshon Judkins FLEX Jaylen Warren FLEX Deshaun Watson FLEX KC Concepcion Jr. FLEX Pat Freiermuth FLEX Steelers ,,,
2731,5277175034,RaulsCowboys,0,91.02,CPT Jaylen Warren FLEX Deshaun Watson FLEX Denzel Boston FLEX Harold Fannin Jr. FLEX Roman Wilson FLEX Darnell Washington,,,
2731,5277831672,BroncoDad,0,91.02,CPT Jaylen Warren FLEX Deshaun Watson FLEX Quinshon Judkins FLEX KC Concepcion Jr. FLEX Pat Freiermuth FLEX Browns ,,,
2735,5277682160,steelers4ever61,0,91.009995,CPT Denzel Boston FLEX Aaron Rodgers FLEX Jaylen Warren FLEX Harold Fannin Jr. FLEX Chris Boswell FLEX Roman Wilson,,,
2736,5276468372,dlsmith57702,0,90.98,CPT Jaylen Warren FLEX Aaron Rodgers FLEX Deshaun Watson FLEX KC Concepcion Jr. FLEX Pat Freiermuth FLEX Jerry Jeudy,,,
2737,5276634781,Fishbone3,0,90.96,CPT Steelers  FLEX Aaron Rodgers FLEX DK Metcalf FLEX Quinshon Judkins FLEX Denzel Boston FLEX Chris Boswell,,,
2737,5277478490,yacattac,0,90.96,CPT Quinshon Judkins FLEX Aaron Rodgers FLEX Jaylen Warren FLEX Chris Boswell FLEX Steelers  FLEX Browns ,,,
2739,5276883960,santi334,0,90.95,CPT Harold Fannin Jr. FLEX Jaylen Warren FLEX DK Metcalf FLEX Quinshon Judkins FLEX Pat Freiermuth FLEX Steelers ,,,
2740,5276132134,Djuano2015,0,90.939995,CPT Deshaun Watson FLEX Aaron Rodgers FLEX Jaylen Warren FLEX Harold Fannin Jr. FLEX Pat Freiermuth FLEX Jerry Jeudy,,,
2740,5276353619,pj6913,0,90.939995,CPT Deshaun Watson FLEX Aaron Rodgers FLEX Jaylen Warren FLEX Harold Fannin Jr. FLEX Pat Freiermuth FLEX Jerry Jeudy,,,
2740,5276923683,lefty4488,0,90.939995,CPT Deshaun Watson FLEX Aaron Rodgers FLEX Jaylen Warren FLEX Harold Fannin Jr. FLEX Pat Freiermuth FLEX Jerry Jeudy,,,
2740,5277059761,atsuggs88,0,90.939995,CPT Deshaun Watson FLEX Aaron Rodgers FLEX Jaylen Warren FLEX Harold Fannin Jr. FLEX Pat Freiermuth FLEX Jerry Jeudy,,,
2740,5277506816,pipolechap,0,90.939995,CPT Deshaun Watson FLEX Aaron Rodgers FLEX Jaylen Warren FLEX Harold Fannin Jr. FLEX Pat Freiermuth FLEX Jerry Jeudy,,,
2740,5277646532,tomdanweaver,0,90.939995,CPT Deshaun Watson FLEX Aaron Rodgers FLEX Jaylen Warren FLEX Harold Fannin Jr. FLEX Pat Freiermuth FLEX Jerry Jeudy,,,
2746,5276115922,Pismo333,0,90.92999,CPT Pat Freiermuth FLEX Aaron Rodgers FLEX Deshaun Watson FLEX Denzel Boston FLEX Harold Fannin Jr. FLEX KC Concepcion Jr.,,,
2747,5277870052,hasa699699,0,90.9,CPT Jaylen Warren FLEX DK Metcalf FLEX Denzel Boston FLEX Harold Fannin Jr. FLEX KC Concepcion Jr. FLEX Andre Szmyt,,,
2748,5276567253,massajmike,0,90.88,CPT Deshaun Watson FLEX Jaylen Warren FLEX Quinshon Judkins FLEX Michael Pittman Jr. FLEX KC Concepcion Jr. FLEX Roman Wilson,,,
2748,5277668761,bb0477,0,90.88,CPT Browns  FLEX Aaron Rodgers FLEX Deshaun Watson FLEX Quinshon Judkins FLEX Denzel Boston FLEX Chris Boswell,,,
2750,5277822353,BigPatDaddy,0,90.869995,CPT Harold Fannin Jr. FLEX Jaylen Warren FLEX Deshaun Watson FLEX DK Metcalf FLEX Quinshon Judkins FLEX Ben Skowronek,,,
2751,5276133983,Rshark,0,90.86,CPT Jaylen Warren FLEX Aaron Rodgers FLEX Harold Fannin Jr. FLEX KC Concepcion Jr. FLEX Chris Boswell FLEX Roman Wilson,,,
2751,5277774844,David437,0,90.86,CPT Jaylen Warren FLEX Aaron Rodgers FLEX Harold Fannin Jr. FLEX KC Concepcion Jr. FLEX Chris Boswell FLEX Roman Wilson,,,
2751,5276136599,yawkeyway8,0,90.85999,CPT Steelers  FLEX Aaron Rodgers FLEX Jaylen Warren FLEX Quinshon Judkins FLEX Harold Fannin Jr. FLEX Browns ,,,
2751,5277762380,DOPEDFS,0,90.85999,CPT Steelers  FLEX Aaron Rodgers FLEX Jaylen Warren FLEX Quinshon Judkins FLEX Harold Fannin Jr. FLEX Browns ,,,
2755,5276566350,Dont-Drink-Jobu-Rum4,0,90.82,CPT Jaylen Warren FLEX Deshaun Watson FLEX Quinshon Judkins FLEX Denzel Boston FLEX KC Concepcion Jr. FLEX Jerry Jeudy,,,
2755,5277201636,oreo4,0,90.82,CPT KC Concepcion Jr. FLEX Jaylen Warren FLEX Deshaun Watson FLEX DK Metcalf FLEX Harold Fannin Jr. FLEX Andre Szmyt,,,
2755,5277361189,ArcticMyths,0,90.82,CPT KC Concepcion Jr. FLEX Jaylen Warren FLEX Deshaun Watson FLEX DK Metcalf FLEX Harold Fannin Jr. FLEX Andre Szmyt,,,
2755,5277439755,Lemon007,0,90.82,CPT KC Concepcion Jr. FLEX Jaylen Warren FLEX Deshaun Watson FLEX DK Metcalf FLEX Harold Fannin Jr. FLEX Andre Szmyt,,,
2755,5277507569,HaddenMT,0,90.82,CPT KC Concepcion Jr. FLEX Jaylen Warren FLEX Deshaun Watson FLEX DK Metcalf FLEX Harold Fannin Jr. FLEX Andre Szmyt,,,
2755,5277560163,gungaman,0,90.82,CPT Quinshon Judkins FLEX Jaylen Warren FLEX Deshaun Watson FLEX Denzel Boston FLEX Steelers  FLEX Browns ,,,
2755,5277650612,JLPoker,0,90.82,CPT KC Concepcion Jr. FLEX Jaylen Warren FLEX Deshaun Watson FLEX DK Metcalf FLEX Harold Fannin Jr. FLEX Andre Szmyt,,,
2755,5277717703,Valrules,0,90.82,CPT Quinshon Judkins FLEX Jaylen Warren FLEX Deshaun Watson FLEX Denzel Boston FLEX Steelers  FLEX Browns ,,,
2763,5277227063,tplmiz23,0,90.81,CPT DK Metcalf FLEX Aaron Rodgers FLEX Jaylen Warren FLEX Chris Boswell FLEX Steelers  FLEX Andre Szmyt,,,
2763,5277394079,LinkSinc,0,90.81,CPT DK Metcalf FLEX Aaron Rodgers FLEX Jaylen Warren FLEX Chris Boswell FLEX Steelers  FLEX Andre Szmyt,,,
2765,5276818764,morehouse53,0,90.799995,CPT Jaylen Warren FLEX DK Metcalf FLEX Quinshon Judkins FLEX Denzel Boston FLEX Harold Fannin Jr. FLEX Ben Skowronek,,,
2765,5277590383,HammerStump,0,90.799995,CPT Jaylen Warren FLEX DK Metcalf FLEX Quinshon Judkins FLEX Denzel Boston FLEX Harold Fannin Jr. FLEX Ben Skowronek,,,
2767,5276887079,Astrologian,0,90.78,CPT Deshaun Watson FLEX Jaylen Warren FLEX DK Metcalf FLEX Denzel Boston FLEX Chris Boswell FLEX Roman Wilson,,,
2767,5277025843,slberg01,0,90.78,CPT Quinshon Judkins FLEX Aaron Rodgers FLEX Jaylen Warren FLEX Deshaun Watson FLEX Chris Boswell FLEX Travis Homer,,,
2767,5277849455,csavidge,0,90.78,CPT Deshaun Watson FLEX Jaylen Warren FLEX DK Metcalf FLEX Denzel Boston FLEX Chris Boswell FLEX Roman Wilson,,,
2770,5277343867,arcticninjahero,0,90.759995,CPT Aaron Rodgers FLEX Jaylen Warren FLEX Deshaun Watson FLEX Denzel Boston FLEX KC Concepcion Jr. FLEX Blake Whiteheart,,,
2770,5277635401,troutkid45,0,90.759995,CPT Chris Boswell FLEX Aaron Rodgers FLEX Jaylen Warren FLEX Quinshon Judkins FLEX Denzel Boston FLEX Pat Freiermuth,,,
2772,5275454020,Zeeet78,0,90.72,CPT Jaylen Warren FLEX Deshaun Watson FLEX Denzel Boston FLEX Harold Fannin Jr. FLEX KC Concepcion Jr. FLEX Roman Wilson,,,
2772,5275812502,kepenekela,0,90.72,CPT Jaylen Warren FLEX Deshaun Watson FLEX Denzel Boston FLEX Harold Fannin Jr. FLEX KC Concepcion Jr. FLEX Roman Wilson,,,
2772,5276227812,Pinneyaj,0,90.72,CPT Jaylen Warren FLEX Deshaun Watson FLEX Denzel Boston FLEX Harold Fannin Jr. FLEX KC Concepcion Jr. FLEX Roman Wilson,,,
2772,5276751262,Jespo49,0,90.72,CPT Jaylen Warren FLEX Deshaun Watson FLEX Denzel Boston FLEX Harold Fannin Jr. FLEX KC Concepcion Jr. FLEX Roman Wilson,,,
2772,5276776546,gretzkyrh4,0,90.72,CPT Jaylen Warren FLEX Deshaun Watson FLEX Denzel Boston FLEX Harold Fannin Jr. FLEX KC Concepcion Jr. FLEX Roman Wilson,,,
2772,5277114871,bbauerlax1,0,90.72,CPT Jaylen Warren FLEX Deshaun Watson FLEX Denzel Boston FLEX Harold Fannin Jr. FLEX KC Concepcion Jr. FLEX Roman Wilson,,,
2772,5277173489,mgisigolf72,0,90.72,CPT Jaylen Warren FLEX Deshaun Watson FLEX Denzel Boston FLEX Harold Fannin Jr. FLEX KC Concepcion Jr. FLEX Roman Wilson,,,
2772,5277224277,Riccajb9,0,90.72,CPT Jaylen Warren FLEX Deshaun Watson FLEX Denzel Boston FLEX Harold Fannin Jr. FLEX KC Concepcion Jr. FLEX Roman Wilson,,,
2772,5277448138,btclev67,0,90.72,CPT Jaylen Warren FLEX Deshaun Watson FLEX Denzel Boston FLEX Harold Fannin Jr. FLEX KC Concepcion Jr. FLEX Roman Wilson,,,
2772,5277579083,thegadfather,0,90.72,CPT Jaylen Warren FLEX Deshaun Watson FLEX Denzel Boston FLEX Harold Fannin Jr. FLEX KC Concepcion Jr. FLEX Roman Wilson,,,
2772,5277793547,bleedblue1979,0,90.72,CPT Jaylen Warren FLEX Deshaun Watson FLEX Denzel Boston FLEX Harold Fannin Jr. FLEX KC Concepcion Jr. FLEX Roman Wilson,,,
2783,5277699593,Mike94brv,0,90.7,CPT Quinshon Judkins FLEX Jaylen Warren FLEX DK Metcalf FLEX Michael Pittman Jr. FLEX Pat Freiermuth FLEX Browns ,,,
2784,5276603621,lionswinn,0,90.68,CPT Deshaun Watson FLEX Jaylen Warren FLEX Quinshon Judkins FLEX KC Concepcion Jr. FLEX Pat Freiermuth FLEX Browns ,,,
2784,5275556542,himsocrazy,0,90.67999,CPT Deshaun Watson FLEX Jaylen Warren FLEX Denzel Boston FLEX Harold Fannin Jr. FLEX Roman Wilson FLEX Darnell Washington,,,
2784,5277840055,snid22,0,90.67999,CPT Deshaun Watson FLEX DK Metcalf FLEX Quinshon Judkins FLEX Denzel Boston FLEX Pat Freiermuth FLEX Raheim Sanders,,,
2787,5275597057,jburrier,0,90.67,CPT Harold Fannin Jr. FLEX Jaylen Warren FLEX Deshaun Watson FLEX DK Metcalf FLEX KC Concepcion Jr. FLEX Darnell Washington,,,
2787,5275933908,IFUSAYSO,0,90.67,CPT DK Metcalf FLEX Jaylen Warren FLEX Deshaun Watson FLEX Denzel Boston FLEX KC Concepcion Jr. FLEX Jerry Jeudy,,,
2787,5276116204,bearsden1975,0,90.67,CPT Harold Fannin Jr. FLEX Jaylen Warren FLEX Deshaun Watson FLEX Quinshon Judkins FLEX Browns  FLEX Andre Szmyt,,,
2787,5276206858,ragstoriches1,0,90.67,CPT Harold Fannin Jr. FLEX Jaylen Warren FLEX Deshaun Watson FLEX DK Metcalf FLEX KC Concepcion Jr. FLEX Darnell Washington,,,
2787,5276889413,vstar1300,0,90.67,CPT Harold Fannin Jr. FLEX Jaylen Warren FLEX Deshaun Watson FLEX Quinshon Judkins FLEX Browns  FLEX Andre Szmyt,,,
2787,5277275984,chuck214,0,90.67,CPT Harold Fannin Jr. FLEX Jaylen Warren FLEX Deshaun Watson FLEX Quinshon Judkins FLEX Browns  FLEX Andre Szmyt,,,
2787,5277430020,disturbedspooon,0,90.67,CPT Harold Fannin Jr. FLEX Jaylen Warren FLEX Deshaun Watson FLEX DK Metcalf FLEX KC Concepcion Jr. FLEX Darnell Washington,,,
2787,5277860529,danblah25,0,90.67,CPT Harold Fannin Jr. FLEX Jaylen Warren FLEX Deshaun Watson FLEX DK Metcalf FLEX KC Concepcion Jr. FLEX Darnell Washington,,,
2795,5277201742,wallshark,0,90.659996,CPT Jaylen Warren FLEX Aaron Rodgers FLEX Quinshon Judkins FLEX Chris Boswell FLEX Steelers  FLEX Darnell Washington,,,
2796,5276768474,MEC20,0,90.65,CPT DK Metcalf FLEX Quinshon Judkins FLEX Denzel Boston FLEX Harold Fannin Jr. FLEX Michael Pittman Jr. FLEX Darnell Washington,,,
2796,5277466545,scrapdog7,0,90.65,CPT Denzel Boston FLEX Jaylen Warren FLEX Quinshon Judkins FLEX Harold Fannin Jr. FLEX Pat Freiermuth FLEX Darnell Washington,,,
2798,5276792953,birdman121,0,90.63999,CPT Deshaun Watson FLEX Aaron Rodgers FLEX Jaylen Warren FLEX Pat Freiermuth FLEX Steelers  FLEX Andre Szmyt,,,
2798,5276908466,JumboDK,0,90.63999,CPT Deshaun Watson FLEX Aaron Rodgers FLEX Jaylen Warren FLEX Pat Freiermuth FLEX Steelers  FLEX Andre Szmyt,,,
2800,5278053203,jrealpropps,0,90.62999,CPT Denzel Boston FLEX Aaron Rodgers FLEX Deshaun Watson FLEX DK Metcalf FLEX Harold Fannin Jr. FLEX Isaiah Bond,,,
2801,5276774273,GolfAdX18,0,90.62,CPT Quinshon Judkins FLEX Jaylen Warren FLEX Deshaun Watson FLEX Harold Fannin Jr. FLEX Chris Boswell FLEX Andre Szmyt,,,
2801,5277026490,MileHighMadman,0,90.62,CPT Quinshon Judkins FLEX Jaylen Warren FLEX Deshaun Watson FLEX Harold Fannin Jr. FLEX Chris Boswell FLEX Andre Szmyt,,,
2801,5277051309,Jagermister17,0,90.62,CPT Quinshon Judkins FLEX Jaylen Warren FLEX Deshaun Watson FLEX Harold Fannin Jr. FLEX Chris Boswell FLEX Andre Szmyt,,,
2801,5277327728,Dixzoey_Normous,0,90.62,CPT Jaylen Warren FLEX Deshaun Watson FLEX Quinshon Judkins FLEX Pat Freiermuth FLEX Raheim Sanders FLEX Roman Wilson,,,
2801,5277467837,ZQ1989,0,90.62,CPT Quinshon Judkins FLEX Jaylen Warren FLEX Deshaun Watson FLEX Harold Fannin Jr. FLEX Chris Boswell FLEX Andre Szmyt,,,
2806,5277839227,branncpa,0,90.61,CPT Pat Freiermuth FLEX Aaron Rodgers FLEX Jaylen Warren FLEX DK Metcalf FLEX Michael Pittman Jr. FLEX Andre Szmyt,,,
2807,5277154444,Yardageman,0,90.6,CPT Jaylen Warren FLEX DK Metcalf FLEX Quinshon Judkins FLEX KC Concepcion Jr. FLEX Pat Freiermuth FLEX Chris Boswell,,,
2807,5277183885,AsianJames,0,90.6,CPT Jaylen Warren FLEX DK Metcalf FLEX Denzel Boston FLEX Harold Fannin Jr. FLEX KC Concepcion Jr. FLEX Darnell Washington,,,
2809,5276847560,hugbug3,0,90.579994,CPT KC Concepcion Jr. FLEX Aaron Rodgers FLEX Deshaun Watson FLEX Quinshon Judkins FLEX Chris Boswell FLEX Browns ,,,
2809,5277281179,thizzhyphy,0,90.579994,CPT Jaylen Warren FLEX Aaron Rodgers FLEX Deshaun Watson FLEX Quinshon Judkins FLEX Raheim Sanders FLEX Germie Bernard,,,
2811,5277383464,randerson32,0,90.53999,CPT Aaron Rodgers FLEX DK Metcalf FLEX Quinshon Judkins FLEX Michael Pittman Jr. FLEX Chris Boswell FLEX Steelers ,,,
2811,5277499543,howbay78,0,90.53999,CPT Aaron Rodgers FLEX DK Metcalf FLEX Quinshon Judkins FLEX Michael Pittman Jr. FLEX Chris Boswell FLEX Steelers ,,,
2813,5276617293,firstteamrookie,0,90.520004,CPT Browns  FLEX Jaylen Warren FLEX Deshaun Watson FLEX Quinshon Judkins FLEX Denzel Boston FLEX Andre Szmyt,,,
2813,5276888694,wiskeebuff,0,90.52,CPT Jaylen Warren FLEX Deshaun Watson FLEX Quinshon Judkins FLEX Denzel Boston FLEX Steelers  FLEX Darnell Washington,,,
2813,5277642589,DKjamy,0,90.52,CPT Jaylen Warren FLEX Deshaun Watson FLEX DK Metcalf FLEX Harold Fannin Jr. FLEX Browns  FLEX Andre Szmyt,,,
2816,5277378112,crazyhend,0,90.509995,CPT DK Metcalf FLEX Aaron Rodgers FLEX Harold Fannin Jr. FLEX Michael Pittman Jr. FLEX KC Concepcion Jr. FLEX Pat Freiermuth,,,
2816,5277628957,josephlewislynch,0,90.509995,CPT Denzel Boston FLEX Aaron Rodgers FLEX Jaylen Warren FLEX Harold Fannin Jr. FLEX Michael Pittman Jr. FLEX Roman Wilson,,,
2816,5277790891,loganmp11,0,90.509995,CPT DK Metcalf FLEX Aaron Rodgers FLEX Harold Fannin Jr. FLEX Michael Pittman Jr. FLEX KC Concepcion Jr. FLEX Pat Freiermuth,,,
2819,5275538004,Bartman357,0,90.5,CPT Jaylen Warren FLEX DK Metcalf FLEX Quinshon Judkins FLEX Harold Fannin Jr. FLEX Pat Freiermuth FLEX Raheim Sanders,,,
2819,5276357051,MWang65,0,90.5,CPT Quinshon Judkins FLEX Jaylen Warren FLEX DK Metcalf FLEX Denzel Boston FLEX Michael Pittman Jr. FLEX Jerry Jeudy,,,
2819,5277093057,gdcrane,0,90.5,CPT Quinshon Judkins FLEX Jaylen Warren FLEX DK Metcalf FLEX Denzel Boston FLEX Michael Pittman Jr. FLEX Jerry Jeudy,,,
2819,5277540141,grimsellers,0,90.5,CPT Jaylen Warren FLEX DK Metcalf FLEX Quinshon Judkins FLEX Harold Fannin Jr. FLEX Pat Freiermuth FLEX Raheim Sanders,,,
2823,5276173602,luckyvj92,0,90.479996,CPT Raheim Sanders FLEX Aaron Rodgers FLEX Deshaun Watson FLEX Quinshon Judkins FLEX Denzel Boston FLEX Harold Fannin Jr.,,,
2823,5276605746,hwaters,0,90.479996,CPT Deshaun Watson FLEX Jaylen Warren FLEX Quinshon Judkins FLEX Denzel Boston FLEX KC Concepcion Jr. FLEX Jerry Jeudy,,,
2823,5277287857,Grapyy,0,90.479996,CPT Deshaun Watson FLEX Jaylen Warren FLEX Quinshon Judkins FLEX Denzel Boston FLEX KC Concepcion Jr. FLEX Jerry Jeudy,,,
2823,5277356853,LilBigDude816,0,90.479996,CPT Deshaun Watson FLEX Jaylen Warren FLEX Quinshon Judkins FLEX Denzel Boston FLEX KC Concepcion Jr. FLEX Jerry Jeudy,,,
2823,5277530441,dhamdeh,0,90.479996,CPT Deshaun Watson FLEX Jaylen Warren FLEX Quinshon Judkins FLEX Denzel Boston FLEX KC Concepcion Jr. FLEX Jerry Jeudy,,,
2828,5276105732,407FlyBoi,0,90.46,CPT Jaylen Warren FLEX Aaron Rodgers FLEX Quinshon Judkins FLEX Michael Pittman Jr. FLEX Steelers  FLEX Andre Szmyt,,,
2828,5277374752,ubenz88,0,90.46,CPT Jaylen Warren FLEX Aaron Rodgers FLEX Quinshon Judkins FLEX Michael Pittman Jr. FLEX Steelers  FLEX Andre Szmyt,,,
2828,5277779534,lunchbox11,0,90.46,CPT Jaylen Warren FLEX Aaron Rodgers FLEX Quinshon Judkins FLEX Michael Pittman Jr. FLEX Steelers  FLEX Andre Szmyt,,,
2828,5276908507,LIlBoyBrown,0,90.45999,CPT Steelers  FLEX Aaron Rodgers FLEX Jaylen Warren FLEX DK Metcalf FLEX Harold Fannin Jr. FLEX Pat Freiermuth,,,
2828,5277043160,shabbah,0,90.45999,CPT Steelers  FLEX Aaron Rodgers FLEX Jaylen Warren FLEX DK Metcalf FLEX Harold Fannin Jr. FLEX Pat Freiermuth,,,
2828,5277052347,LoveTheGun,0,90.45999,CPT Steelers  FLEX Aaron Rodgers FLEX Jaylen Warren FLEX DK Metcalf FLEX Harold Fannin Jr. FLEX Pat Freiermuth,,,
2828,5277209106,YourHighness517,0,90.45999,CPT Steelers  FLEX Aaron Rodgers FLEX Jaylen Warren FLEX DK Metcalf FLEX Harold Fannin Jr. FLEX Pat Freiermuth,,,
2828,5277244653,chauboodle,0,90.45999,CPT Steelers  FLEX Aaron Rodgers FLEX Jaylen Warren FLEX DK Metcalf FLEX Harold Fannin Jr. FLEX Pat Freiermuth,,,
2828,5277349833,gwmike,0,90.45999,CPT Steelers  FLEX Aaron Rodgers FLEX Jaylen Warren FLEX DK Metcalf FLEX Harold Fannin Jr. FLEX Pat Freiermuth,,,
2828,5277462647,DJBLASTERSPAPI,0,90.45999,CPT Steelers  FLEX Aaron Rodgers FLEX Jaylen Warren FLEX DK Metcalf FLEX Harold Fannin Jr. FLEX Pat Freiermuth,,,
2828,5277531136,GoBillsGo47,0,90.45999,CPT Steelers  FLEX Aaron Rodgers FLEX Jaylen Warren FLEX DK Metcalf FLEX Harold Fannin Jr. FLEX Pat Freiermuth,,,
2828,5277615255,Scotny7,0,90.45999,CPT Steelers  FLEX Aaron Rodgers FLEX Jaylen Warren FLEX DK Metcalf FLEX Harold Fannin Jr. FLEX Pat Freiermuth,,,
2840,5275568027,Titans510,0,90.44,CPT Aaron Rodgers FLEX Jaylen Warren FLEX Denzel Boston FLEX Harold Fannin Jr. FLEX Pat Freiermuth FLEX Raheim Sanders,,,
2840,5276902543,deweybob,0,90.439995,CPT Deshaun Watson FLEX Aaron Rodgers FLEX DK Metcalf FLEX Denzel Boston FLEX Harold Fannin Jr. FLEX Blake Whiteheart,,,
2840,5277638340,Debw08,0,90.439995,CPT Deshaun Watson FLEX Aaron Rodgers FLEX DK Metcalf FLEX Denzel Boston FLEX Harold Fannin Jr. FLEX Blake Whiteheart,,,
2843,5276623348,enazty12,0,90.42,CPT Roman Wilson FLEX Jaylen Warren FLEX Deshaun Watson FLEX Denzel Boston FLEX Harold Fannin Jr. FLEX Pat Freiermuth,,,
2844,5276125008,DangerousDav3,0,90.38,CPT Deshaun Watson FLEX Jaylen Warren FLEX Denzel Boston FLEX Harold Fannin Jr. FLEX KC Concepcion Jr. FLEX Roman Wilson,,,
2844,5276357681,tclarke10,0,90.38,CPT Deshaun Watson FLEX Jaylen Warren FLEX Denzel Boston FLEX Harold Fannin Jr. FLEX KC Concepcion Jr. FLEX Roman Wilson,,,
2844,5276786535,BobLoblaw1324,0,90.38,CPT Deshaun Watson FLEX Jaylen Warren FLEX Denzel Boston FLEX Harold Fannin Jr. FLEX KC Concepcion Jr. FLEX Roman Wilson,,,
2844,5276936902,Akurth,0,90.38,CPT Deshaun Watson FLEX Jaylen Warren FLEX Denzel Boston FLEX Harold Fannin Jr. FLEX KC Concepcion Jr. FLEX Roman Wilson,,,
2844,5276957263,Assy_Mcgee,0,90.38,CPT Deshaun Watson FLEX Jaylen Warren FLEX Denzel Boston FLEX Harold Fannin Jr. FLEX KC Concepcion Jr. FLEX Roman Wilson,,,
2844,5276997946,gurubre,0,90.38,CPT Deshaun Watson FLEX Jaylen Warren FLEX Denzel Boston FLEX Harold Fannin Jr. FLEX KC Concepcion Jr. FLEX Roman Wilson,,,
2844,5277015507,Robster01,0,90.38,CPT Deshaun Watson FLEX Jaylen Warren FLEX Denzel Boston FLEX Harold Fannin Jr. FLEX KC Concepcion Jr. FLEX Roman Wilson,,,
2844,5277076051,henry296,0,90.38,CPT Deshaun Watson FLEX Jaylen Warren FLEX Denzel Boston FLEX Harold Fannin Jr. FLEX KC Concepcion Jr. FLEX Roman Wilson,,,
2844,5277098409,emhender,0,90.38,CPT Deshaun Watson FLEX Jaylen Warren FLEX Denzel Boston FLEX Harold Fannin Jr. FLEX KC Concepcion Jr. FLEX Roman Wilson,,,
2844,5277140230,SillyRabbit17,0,90.38,CPT Deshaun Watson FLEX Jaylen Warren FLEX Denzel Boston FLEX Harold Fannin Jr. FLEX KC Concepcion Jr. FLEX Roman Wilson,,,
2844,5277214410,Bombshack,0,90.38,CPT Deshaun Watson FLEX Jaylen Warren FLEX Denzel Boston FLEX Harold Fannin Jr. FLEX KC Concepcion Jr. FLEX Roman Wilson,,,
2844,5277267324,dbremer45,0,90.38,CPT Deshaun Watson FLEX Jaylen Warren FLEX Denzel Boston FLEX Harold Fannin Jr. FLEX KC Concepcion Jr. FLEX Roman Wilson,,,
2844,5277303895,fantasyshep,0,90.38,CPT Deshaun Watson FLEX Jaylen Warren FLEX Denzel Boston FLEX Harold Fannin Jr. FLEX KC Concepcion Jr. FLEX Roman Wilson,,,
2844,5277407011,7778yankees,0,90.38,CPT Deshaun Watson FLEX Jaylen Warren FLEX Denzel Boston FLEX Harold Fannin Jr. FLEX KC Concepcion Jr. FLEX Roman Wilson,,,
2844,5277499088,Shrimp5,0,90.38,CPT Deshaun Watson FLEX Jaylen Warren FLEX Denzel Boston FLEX Harold Fannin Jr. FLEX KC Concepcion Jr. FLEX Roman Wilson,,,
2844,5277499140,Ivanthegreat22,0,90.38,CPT Deshaun Watson FLEX Jaylen Warren FLEX Denzel Boston FLEX Harold Fannin Jr. FLEX KC Concepcion Jr. FLEX Roman Wilson,,,
2844,5277580462,Trammel21,0,90.38,CPT Deshaun Watson FLEX Jaylen Warren FLEX Denzel Boston FLEX Harold Fannin Jr. FLEX KC Concepcion Jr. FLEX Roman Wilson,,,
2844,5277606719,MRTEXAZZ03,0,90.38,CPT Deshaun Watson FLEX Jaylen Warren FLEX Denzel Boston FLEX Harold Fannin Jr. FLEX KC Concepcion Jr. FLEX Roman Wilson,,,
2844,5277611018,Rizooli,0,90.38,CPT Deshaun Watson FLEX Jaylen Warren FLEX Denzel Boston FLEX Harold Fannin Jr. FLEX KC Concepcion Jr. FLEX Roman Wilson,,,
2844,5277635126,MATTAMANIA,0,90.38,CPT Deshaun Watson FLEX Jaylen Warren FLEX Denzel Boston FLEX Harold Fannin Jr. FLEX KC Concepcion Jr. FLEX Roman Wilson,,,
2844,5277650624,richmondrob7,0,90.38,CPT Deshaun Watson FLEX Jaylen Warren FLEX Denzel Boston FLEX Harold Fannin Jr. FLEX KC Concepcion Jr. FLEX Roman Wilson,,,
2844,5277745301,cotybuckles60,0,90.38,CPT Deshaun Watson FLEX Jaylen Warren FLEX Denzel Boston FLEX Harold Fannin Jr. FLEX KC Concepcion Jr. FLEX Roman Wilson,,,
2844,5277787474,Miztay09,0,90.38,CPT Deshaun Watson FLEX Jaylen Warren FLEX Denzel Boston FLEX Harold Fannin Jr. FLEX KC Concepcion Jr. FLEX Roman Wilson,,,
2844,5277792661,miertie,0,90.38,CPT Deshaun Watson FLEX Jaylen Warren FLEX Denzel Boston FLEX Harold Fannin Jr. FLEX KC Concepcion Jr. FLEX Roman Wilson,,,
2844,5277813029,floridasue1912,0,90.38,CPT Deshaun Watson FLEX Jaylen Warren FLEX Denzel Boston FLEX Harold Fannin Jr. FLEX KC Concepcion Jr. FLEX Roman Wilson,,,
2844,5277823690,Tosatapout,0,90.38,CPT Deshaun Watson FLEX Jaylen Warren FLEX Denzel Boston FLEX Harold Fannin Jr. FLEX KC Concepcion Jr. FLEX Roman Wilson,,,
2844,5277849338,tdwiggy,0,90.38,CPT Deshaun Watson FLEX Jaylen Warren FLEX Denzel Boston FLEX Harold Fannin Jr. FLEX KC Concepcion Jr. FLEX Roman Wilson,,,
2844,5277888232,409fruitcity,0,90.38,CPT Deshaun Watson FLEX DK Metcalf FLEX Quinshon Judkins FLEX Michael Pittman Jr. FLEX KC Concepcion Jr. FLEX Andre Szmyt,,,
2872,5277278270,MattHart2,0,90.37,CPT Denzel Boston FLEX Jaylen Warren FLEX Deshaun Watson FLEX DK Metcalf FLEX Browns  FLEX Andre Szmyt,,,
2873,5275688317,maxwell517,0,90.36,CPT Jaylen Warren FLEX Aaron Rodgers FLEX Quinshon Judkins FLEX KC Concepcion Jr. FLEX Chris Boswell FLEX Steelers ,,,
2873,5276979762,Killemall50,0,90.36,CPT Jaylen Warren FLEX Aaron Rodgers FLEX Quinshon Judkins FLEX KC Concepcion Jr. FLEX Chris Boswell FLEX Steelers ,,,
2873,5277253712,alexgrrrangel,0,90.36,CPT Jaylen Warren FLEX Aaron Rodgers FLEX Quinshon Judkins FLEX KC Concepcion Jr. FLEX Chris Boswell FLEX Steelers ,,,
2873,5277301950,scoats85,0,90.36,CPT Jaylen Warren FLEX Aaron Rodgers FLEX Harold Fannin Jr. FLEX Michael Pittman Jr. FLEX KC Concepcion Jr. FLEX Roman Wilson,,,
2873,5277413473,dschilke17,0,90.36,CPT Jaylen Warren FLEX Aaron Rodgers FLEX Quinshon Judkins FLEX KC Concepcion Jr. FLEX Chris Boswell FLEX Steelers ,,,
2873,5277511912,kcaugh37,0,90.36,CPT Jaylen Warren FLEX Aaron Rodgers FLEX Quinshon Judkins FLEX KC Concepcion Jr. FLEX Chris Boswell FLEX Steelers ,,,
2873,5277691679,Fredro78,0,90.36,CPT Jaylen Warren FLEX Aaron Rodgers FLEX Quinshon Judkins FLEX KC Concepcion Jr. FLEX Chris Boswell FLEX Steelers ,,,
2873,5277719872,The-Rod,0,90.36,CPT Jaylen Warren FLEX Aaron Rodgers FLEX Quinshon Judkins FLEX KC Concepcion Jr. FLEX Chris Boswell FLEX Steelers ,,,
2881,5277262555,bucs65,0,90.35,CPT Denzel Boston FLEX Jaylen Warren FLEX Quinshon Judkins FLEX Harold Fannin Jr. FLEX KC Concepcion Jr. FLEX Pat Freiermuth,,,
2882,5277042535,kivagold,0,90.33,CPT Harold Fannin Jr. FLEX Aaron Rodgers FLEX Deshaun Watson FLEX Denzel Boston FLEX Browns  FLEX Andre Szmyt,,,
2882,5277153911,jduff149,0,90.329994,CPT Germie Bernard FLEX Aaron Rodgers FLEX Jaylen Warren FLEX Deshaun Watson FLEX DK Metcalf FLEX Harold Fannin Jr.,,,
2884,5277098190,KristianFTM,0,90.32,CPT Quinshon Judkins FLEX Jaylen Warren FLEX Deshaun Watson FLEX KC Concepcion Jr. FLEX Chris Boswell FLEX Andre Szmyt,,,
2884,5277615170,RoobK19,0,90.32,CPT Quinshon Judkins FLEX Jaylen Warren FLEX Deshaun Watson FLEX KC Concepcion Jr. FLEX Chris Boswell FLEX Andre Szmyt,,,
2884,5277814778,dpfruge6,0,90.32,CPT Jaylen Warren FLEX Deshaun Watson FLEX Denzel Boston FLEX Pat Freiermuth FLEX Andre Szmyt FLEX Roman Wilson,,,
2887,5276623690,skrenzien,0,90.31,CPT DK Metcalf FLEX Aaron Rodgers FLEX Jaylen Warren FLEX Michael Pittman Jr. FLEX Steelers  FLEX Andre Szmyt,,,
2887,5277729855,adrianpc23,0,90.31,CPT DK Metcalf FLEX Aaron Rodgers FLEX Jaylen Warren FLEX Michael Pittman Jr. FLEX KC Concepcion Jr. FLEX Jerry Jeudy,,,
2889,5277368414,jahnyb,0,90.27999,CPT KC Concepcion Jr. FLEX Aaron Rodgers FLEX Deshaun Watson FLEX DK Metcalf FLEX Harold Fannin Jr. FLEX Germie Bernard,,,
2890,5277640277,Da_Banditz,0,90.270004,CPT Harold Fannin Jr. FLEX Jaylen Warren FLEX Deshaun Watson FLEX DK Metcalf FLEX Pat Freiermuth FLEX Andre Szmyt,,,
2891,5277660884,Avdcarver,0,90.259995,CPT Chris Boswell FLEX Aaron Rodgers FLEX Jaylen Warren FLEX Quinshon Judkins FLEX Harold Fannin Jr. FLEX KC Concepcion Jr.,,,
2892,5276264246,jakirb,0,90.25,CPT Harold Fannin Jr. FLEX Jaylen Warren FLEX DK Metcalf FLEX Quinshon Judkins FLEX Denzel Boston FLEX Germie Bernard,,,
2892,5276699666,Poke74,0,90.25,CPT Harold Fannin Jr. FLEX Jaylen Warren FLEX DK Metcalf FLEX Quinshon Judkins FLEX Chris Boswell FLEX Andre Szmyt,,,
2892,5277018616,uvaldeslim,0,90.25,CPT Harold Fannin Jr. FLEX Jaylen Warren FLEX DK Metcalf FLEX Quinshon Judkins FLEX Denzel Boston FLEX Germie Bernard,,,
2895,5277809515,elizabeth.jhnsn,0,90.22,CPT KC Concepcion Jr. FLEX Jaylen Warren FLEX Deshaun Watson FLEX Quinshon Judkins FLEX Browns  FLEX Andre Szmyt,,,
2896,5275490827,Schoey17,0,90.21,CPT DK Metcalf FLEX Aaron Rodgers FLEX Jaylen Warren FLEX KC Concepcion Jr. FLEX Chris Boswell FLEX Steelers ,,,
2896,5275560871,geoffm33,0,90.21,CPT DK Metcalf FLEX Aaron Rodgers FLEX Jaylen Warren FLEX KC Concepcion Jr. FLEX Chris Boswell FLEX Steelers ,,,
2896,5275797370,busterbobo,0,90.21,CPT DK Metcalf FLEX Aaron Rodgers FLEX Jaylen Warren FLEX KC Concepcion Jr. FLEX Chris Boswell FLEX Steelers ,,,
2896,5275924844,gredow1979,0,90.21,CPT DK Metcalf FLEX Aaron Rodgers FLEX Jaylen Warren FLEX KC Concepcion Jr. FLEX Chris Boswell FLEX Steelers ,,,
2896,5276737017,tonytubbs,0,90.21,CPT DK Metcalf FLEX Aaron Rodgers FLEX Jaylen Warren FLEX KC Concepcion Jr. FLEX Chris Boswell FLEX Steelers ,,,
2896,5276841781,pizzaman57,0,90.21,CPT DK Metcalf FLEX Aaron Rodgers FLEX Jaylen Warren FLEX KC Concepcion Jr. FLEX Chris Boswell FLEX Steelers ,,,
2896,5277045274,jpm_joshua2002,0,90.21,CPT DK Metcalf FLEX Aaron Rodgers FLEX Jaylen Warren FLEX KC Concepcion Jr. FLEX Chris Boswell FLEX Steelers ,,,
2896,5277051383,joe_mac10,0,90.21,CPT DK Metcalf FLEX Aaron Rodgers FLEX Jaylen Warren FLEX KC Concepcion Jr. FLEX Chris Boswell FLEX Steelers ,,,
2896,5277066366,Fuzz988,0,90.21,CPT DK Metcalf FLEX Aaron Rodgers FLEX Jaylen Warren FLEX KC Concepcion Jr. FLEX Chris Boswell FLEX Steelers ,,,
2896,5277147691,KimberlySexy,0,90.21,CPT DK Metcalf FLEX Aaron Rodgers FLEX Jaylen Warren FLEX KC Concepcion Jr. FLEX Chris Boswell FLEX Steelers ,,,
2896,5277222487,xTRISKITx,0,90.21,CPT DK Metcalf FLEX Aaron Rodgers FLEX Jaylen Warren FLEX KC Concepcion Jr. FLEX Chris Boswell FLEX Steelers ,,,
2896,5277236759,timothyandstacy,0,90.21,CPT DK Metcalf FLEX Aaron Rodgers FLEX Jaylen Warren FLEX KC Concepcion Jr. FLEX Chris Boswell FLEX Steelers ,,,
2896,5277270940,rigbak,0,90.21,CPT DK Metcalf FLEX Aaron Rodgers FLEX Jaylen Warren FLEX KC Concepcion Jr. FLEX Chris Boswell FLEX Steelers ,,,
2896,5277419279,Grav10,0,90.21,CPT DK Metcalf FLEX Aaron Rodgers FLEX Jaylen Warren FLEX KC Concepcion Jr. FLEX Chris Boswell FLEX Steelers ,,,
2896,5277518443,Amaric27,0,90.21,CPT DK Metcalf FLEX Aaron Rodgers FLEX Jaylen Warren FLEX KC Concepcion Jr. FLEX Chris Boswell FLEX Steelers ,,,
2896,5277542679,JRucker504,0,90.21,CPT DK Metcalf FLEX Aaron Rodgers FLEX Jaylen Warren FLEX KC Concepcion Jr. FLEX Chris Boswell FLEX Steelers ,,,
2896,5277735618,kevinmar,0,90.21,CPT DK Metcalf FLEX Aaron Rodgers FLEX Jaylen Warren FLEX KC Concepcion Jr. FLEX Chris Boswell FLEX Steelers ,,,
2896,5277748102,GHOSTDUST,0,90.21,CPT DK Metcalf FLEX Aaron Rodgers FLEX Jaylen Warren FLEX KC Concepcion Jr. FLEX Chris Boswell FLEX Steelers ,,,
2914,5277428852,Tippy702,0,90.200005,CPT Jaylen Warren FLEX DK Metcalf FLEX Quinshon Judkins FLEX Pat Freiermuth FLEX Steelers  FLEX Browns ,,,
2915,5277796316,goldie422,0,90.18,CPT Deshaun Watson FLEX Jaylen Warren FLEX Quinshon Judkins FLEX Michael Pittman Jr. FLEX Pat Freiermuth FLEX Roman Wilson,,,
2915,5277820840,LordStanley1066,0,90.18,CPT Deshaun Watson FLEX Jaylen Warren FLEX DK Metcalf FLEX Harold Fannin Jr. FLEX Browns  FLEX Andre Szmyt,,,
2915,5277270448,wallyswahoos,0,90.17999,CPT KC Concepcion Jr. FLEX Aaron Rodgers FLEX Deshaun Watson FLEX DK Metcalf FLEX Pat Freiermuth FLEX Chris Boswell,,,
2918,5277206657,lyoung3191,0,90.159996,CPT Steelers  FLEX Aaron Rodgers FLEX Jaylen Warren FLEX DK Metcalf FLEX KC Concepcion Jr. FLEX Pat Freiermuth,,,
2919,5276140818,rikyrotten,0,90.14,CPT Aaron Rodgers FLEX DK Metcalf FLEX Denzel Boston FLEX Harold Fannin Jr. FLEX Michael Pittman Jr. FLEX Jerry Jeudy,,,
2920,5277711613,MOONPEOPLE,0,90.12999,CPT Pat Freiermuth FLEX Aaron Rodgers FLEX Deshaun Watson FLEX DK Metcalf FLEX Harold Fannin Jr. FLEX Chris Boswell,,,
2920,5277758110,jballgame15,0,90.12999,CPT Pat Freiermuth FLEX Aaron Rodgers FLEX Deshaun Watson FLEX DK Metcalf FLEX Harold Fannin Jr. FLEX Chris Boswell,,,
2922,5275944908,mikeyrads5,0,90.119995,CPT Quinshon Judkins FLEX Deshaun Watson FLEX Harold Fannin Jr. FLEX KC Concepcion Jr. FLEX Pat Freiermuth FLEX Browns ,,,
2923,5276805765,eromoff,0,90.11,CPT DK Metcalf FLEX Aaron Rodgers FLEX Jaylen Warren FLEX Harold Fannin Jr. FLEX Steelers  FLEX Raheim Sanders,,,
2924,5277023846,B.Banks1,0,90.079994,CPT Raheim Sanders FLEX Aaron Rodgers FLEX Jaylen Warren FLEX Deshaun Watson FLEX DK Metcalf FLEX Pat Freiermuth,,,
2924,5277693361,natznis,0,90.079994,CPT Deshaun Watson FLEX DK Metcalf FLEX Quinshon Judkins FLEX Michael Pittman Jr. FLEX KC Concepcion Jr. FLEX Darnell Washington,,,
2924,5277699150,jdtrot,0,90.079994,CPT Raheim Sanders FLEX Aaron Rodgers FLEX Jaylen Warren FLEX Deshaun Watson FLEX DK Metcalf FLEX Pat Freiermuth,,,
2924,5277744258,bravern17,0,90.079994,CPT Chris Boswell FLEX Aaron Rodgers FLEX Deshaun Watson FLEX Quinshon Judkins FLEX Denzel Boston FLEX Pat Freiermuth,,,
2928,5277342151,AMayberry23,0,90.07001,CPT Harold Fannin Jr. FLEX Jaylen Warren FLEX Deshaun Watson FLEX Quinshon Judkins FLEX Chris Boswell FLEX Roman Wilson,,,
2928,5277441637,madair242,0,90.07001,CPT Harold Fannin Jr. FLEX Jaylen Warren FLEX Deshaun Watson FLEX Quinshon Judkins FLEX Chris Boswell FLEX Roman Wilson,,,
2930,5275447153,baitinator,0,90.03999,CPT Aaron Rodgers FLEX Jaylen Warren FLEX DK Metcalf FLEX KC Concepcion Jr. FLEX Chris Boswell FLEX Raheim Sanders,,,
2931,5275937021,rhinosu,0,90.03,CPT Harold Fannin Jr. FLEX Aaron Rodgers FLEX Jaylen Warren FLEX Deshaun Watson FLEX Steelers  FLEX Andre Szmyt,,,
2931,5275986676,Jonny5566,0,90.03,CPT Harold Fannin Jr. FLEX Aaron Rodgers FLEX Jaylen Warren FLEX Deshaun Watson FLEX Steelers  FLEX Andre Szmyt,,,
2931,5276785505,PjsPlayTime,0,90.03,CPT Harold Fannin Jr. FLEX Aaron Rodgers FLEX Jaylen Warren FLEX Deshaun Watson FLEX Steelers  FLEX Andre Szmyt,,,
2931,5277384955,jimbah123,0,90.03,CPT Harold Fannin Jr. FLEX Aaron Rodgers FLEX Jaylen Warren FLEX Deshaun Watson FLEX Steelers  FLEX Andre Szmyt,,,
2931,5277385357,masso18,0,90.03,CPT Harold Fannin Jr. FLEX Aaron Rodgers FLEX Jaylen Warren FLEX Deshaun Watson FLEX Steelers  FLEX Andre Szmyt,,,
2931,5277863732,wizardofoz16,0,90.03,CPT Darnell Washington FLEX Aaron Rodgers FLEX Jaylen Warren FLEX Deshaun Watson FLEX Steelers  FLEX Andre Szmyt,,,
2937,5276853111,junior80,0,90.020004,CPT Jaylen Warren FLEX Deshaun Watson FLEX Denzel Boston FLEX Harold Fannin Jr. FLEX Pat Freiermuth FLEX Roman Wilson,,,
2937,5277425496,chiefstrolls621,0,90.020004,CPT Jaylen Warren FLEX Deshaun Watson FLEX Denzel Boston FLEX Harold Fannin Jr. FLEX Pat Freiermuth FLEX Roman Wilson,,,
2937,5277595318,jbraun1984,0,90.020004,CPT Jaylen Warren FLEX Deshaun Watson FLEX Denzel Boston FLEX Harold Fannin Jr. FLEX Pat Freiermuth FLEX Roman Wilson,,,
2937,5277734458,MAA11,0,90.020004,CPT Jaylen Warren FLEX Deshaun Watson FLEX Denzel Boston FLEX Harold Fannin Jr. FLEX Pat Freiermuth FLEX Roman Wilson,,,
2937,5277775251,BiGGyTBD,0,90.020004,CPT Jaylen Warren FLEX Deshaun Watson FLEX Denzel Boston FLEX Harold Fannin Jr. FLEX Pat Freiermuth FLEX Roman Wilson,,,
2937,5277868816,JuBrazy313,0,90.02,CPT Jaylen Warren FLEX Deshaun Watson FLEX DK Metcalf FLEX Quinshon Judkins FLEX Pat Freiermuth FLEX Travis Homer,,,
2943,5277110541,barkeh,0,90,CPT Quinshon Judkins FLEX Jaylen Warren FLEX DK Metcalf FLEX Denzel Boston FLEX Steelers  FLEX Raheim Sanders,,,
2943,5277375883,sloanjunior74,0,90,CPT Jaylen Warren FLEX Quinshon Judkins FLEX Denzel Boston FLEX Harold Fannin Jr. FLEX Chris Boswell FLEX Roman Wilson,,,
2943,5277775101,dgross7711,0,90,CPT Jaylen Warren FLEX Quinshon Judkins FLEX Denzel Boston FLEX Harold Fannin Jr. FLEX Chris Boswell FLEX Roman Wilson,,,
2946,5277629720,dennisgolovaty,0,89.97,CPT Denzel Boston FLEX Jaylen Warren FLEX Deshaun Watson FLEX Harold Fannin Jr. FLEX Andre Szmyt FLEX Roman Wilson,,,
2947,5276480380,pazzman99,0,89.96,CPT Jaylen Warren FLEX Aaron Rodgers FLEX Denzel Boston FLEX Harold Fannin Jr. FLEX Steelers  FLEX Andre Szmyt,,,
2947,5277745617,bighelmetfrankgore,0,89.96,CPT Jaylen Warren FLEX Aaron Rodgers FLEX Denzel Boston FLEX Harold Fannin Jr. FLEX Steelers  FLEX Andre Szmyt,,,
2949,5276230309,macmcgline,0,89.92999,CPT Denzel Boston FLEX Aaron Rodgers FLEX Deshaun Watson FLEX Quinshon Judkins FLEX Michael Pittman Jr. FLEX Jerry Jeudy,,,
2949,5277589006,ChuckyNuni,0,89.92999,CPT Denzel Boston FLEX Aaron Rodgers FLEX Deshaun Watson FLEX Quinshon Judkins FLEX Michael Pittman Jr. FLEX Jerry Jeudy,,,
2951,5276134452,shmeyler,0,89.920006,CPT KC Concepcion Jr. FLEX Jaylen Warren FLEX Deshaun Watson FLEX Quinshon Judkins FLEX Harold Fannin Jr. FLEX Browns ,,,
2951,5276366255,tieri14,0,89.920006,CPT KC Concepcion Jr. FLEX Jaylen Warren FLEX Deshaun Watson FLEX Quinshon Judkins FLEX Harold Fannin Jr. FLEX Browns ,,,
2951,5277043353,colbyhornet,0,89.920006,CPT KC Concepcion Jr. FLEX Jaylen Warren FLEX Deshaun Watson FLEX Quinshon Judkins FLEX Harold Fannin Jr. FLEX Browns ,,,
2951,5277168950,therealbrandolorian,0,89.920006,CPT Browns  FLEX Jaylen Warren FLEX Deshaun Watson FLEX Quinshon Judkins FLEX Denzel Boston FLEX KC Concepcion Jr.,,,
2951,5277217807,qgalois,0,89.920006,CPT KC Concepcion Jr. FLEX Jaylen Warren FLEX Deshaun Watson FLEX Quinshon Judkins FLEX Harold Fannin Jr. FLEX Browns ,,,
2951,5277475272,RyanCP18,0,89.920006,CPT KC Concepcion Jr. FLEX Jaylen Warren FLEX Deshaun Watson FLEX Quinshon Judkins FLEX Harold Fannin Jr. FLEX Browns ,,,
2951,5277579086,ctwitkow,0,89.920006,CPT KC Concepcion Jr. FLEX Jaylen Warren FLEX Deshaun Watson FLEX Quinshon Judkins FLEX Harold Fannin Jr. FLEX Browns ,,,
2951,5277607587,CTW1999,0,89.920006,CPT KC Concepcion Jr. FLEX Jaylen Warren FLEX Deshaun Watson FLEX Quinshon Judkins FLEX Harold Fannin Jr. FLEX Browns ,,,
2951,5277627960,bmoreirish,0,89.920006,CPT KC Concepcion Jr. FLEX Jaylen Warren FLEX Deshaun Watson FLEX Quinshon Judkins FLEX Harold Fannin Jr. FLEX Browns ,,,
2951,5277721327,patmueller21,0,89.920006,CPT KC Concepcion Jr. FLEX Jaylen Warren FLEX Deshaun Watson FLEX Quinshon Judkins FLEX Harold Fannin Jr. FLEX Browns ,,,
2951,5277762846,mnlegendstatus,0,89.920006,CPT Browns  FLEX Jaylen Warren FLEX Deshaun Watson FLEX Quinshon Judkins FLEX Denzel Boston FLEX KC Concepcion Jr.,,,
2951,5275464552,DazedNConfused2,0,89.92,CPT Jaylen Warren FLEX Deshaun Watson FLEX DK Metcalf FLEX Harold Fannin Jr. FLEX Chris Boswell FLEX Roman Wilson,,,
2951,5275567586,mynameisyefff,0,89.92,CPT Jaylen Warren FLEX Deshaun Watson FLEX DK Metcalf FLEX Harold Fannin Jr. FLEX Chris Boswell FLEX Roman Wilson,,,
2951,5275938334,nycgator12,0,89.92,CPT Jaylen Warren FLEX Deshaun Watson FLEX DK Metcalf FLEX Harold Fannin Jr. FLEX Chris Boswell FLEX Roman Wilson,,,
2951,5276982531,Mlambk20,0,89.92,CPT Jaylen Warren FLEX Deshaun Watson FLEX DK Metcalf FLEX Harold Fannin Jr. FLEX Chris Boswell FLEX Roman Wilson,,,
2951,5277214909,mybabywendy,0,89.92,CPT Jaylen Warren FLEX Deshaun Watson FLEX DK Metcalf FLEX Harold Fannin Jr. FLEX Chris Boswell FLEX Roman Wilson,,,
2951,5277690510,brooksj1965,0,89.92,CPT Jaylen Warren FLEX Deshaun Watson FLEX DK Metcalf FLEX Harold Fannin Jr. FLEX Chris Boswell FLEX Roman Wilson,,,
2951,5277719367,Milo_frontel,0,89.92,CPT Jaylen Warren FLEX Deshaun Watson FLEX DK Metcalf FLEX Harold Fannin Jr. FLEX Chris Boswell FLEX Roman Wilson,,,
2951,5277802402,jepst14,0,89.92,CPT Jaylen Warren FLEX Deshaun Watson FLEX DK Metcalf FLEX Harold Fannin Jr. FLEX Chris Boswell FLEX Roman Wilson,,,
2951,5277868638,cruisincutie33,0,89.92,CPT Jaylen Warren FLEX Deshaun Watson FLEX DK Metcalf FLEX Harold Fannin Jr. FLEX Chris Boswell FLEX Roman Wilson,,,
2971,5276854380,TDs_n_Beer,0,89.91,CPT Harold Fannin Jr. FLEX Aaron Rodgers FLEX Jaylen Warren FLEX Denzel Boston FLEX Michael Pittman Jr. FLEX Roman Wilson,,,
2971,5276858329,ozzy3tall,0,89.91,CPT Harold Fannin Jr. FLEX Aaron Rodgers FLEX Jaylen Warren FLEX Denzel Boston FLEX Michael Pittman Jr. FLEX Roman Wilson,,,
2971,5277116651,evanbishop5,0,89.91,CPT Harold Fannin Jr. FLEX Aaron Rodgers FLEX Jaylen Warren FLEX Denzel Boston FLEX Michael Pittman Jr. FLEX Roman Wilson,,,
2971,5277349496,scmoye53,0,89.91,CPT Harold Fannin Jr. FLEX Aaron Rodgers FLEX Jaylen Warren FLEX Denzel Boston FLEX Michael Pittman Jr. FLEX Roman Wilson,,,
2971,5277421521,aehimmel,0,89.91,CPT Harold Fannin Jr. FLEX Aaron Rodgers FLEX Jaylen Warren FLEX Denzel Boston FLEX Michael Pittman Jr. FLEX Roman Wilson,,,
2971,5277698988,ronboucher,0,89.91,CPT Harold Fannin Jr. FLEX Aaron Rodgers FLEX Jaylen Warren FLEX Denzel Boston FLEX Michael Pittman Jr. FLEX Roman Wilson,,,
2977,5277443631,bears-_.7,0,89.9,CPT Jaylen Warren FLEX DK Metcalf FLEX Denzel Boston FLEX Harold Fannin Jr. FLEX Steelers  FLEX Roman Wilson,,,
2978,5276574532,joker2375,0,89.88,CPT Jaylen Warren FLEX Aaron Rodgers FLEX Deshaun Watson FLEX Quinshon Judkins FLEX Steelers  FLEX Blake Whiteheart,,,
2978,5276807285,rrsweeting,0,89.88,CPT Jaylen Warren FLEX Aaron Rodgers FLEX Deshaun Watson FLEX Quinshon Judkins FLEX Steelers  FLEX Blake Whiteheart,,,
2978,5277143553,rsumrall,0,89.88,CPT Deshaun Watson FLEX Jaylen Warren FLEX Quinshon Judkins FLEX Harold Fannin Jr. FLEX Andre Szmyt FLEX Jerry Jeudy,,,
2978,5277247619,bjkubist4842,0,89.88,CPT Deshaun Watson FLEX Jaylen Warren FLEX DK Metcalf FLEX KC Concepcion Jr. FLEX Browns  FLEX Andre Szmyt,,,
2978,5277252682,SpeedRacer101,0,89.88,CPT Deshaun Watson FLEX DK Metcalf FLEX Denzel Boston FLEX Harold Fannin Jr. FLEX KC Concepcion Jr. FLEX Andre Szmyt,,,
2978,5277393378,ezmoneyyy,0,89.88,CPT Deshaun Watson FLEX DK Metcalf FLEX Denzel Boston FLEX Harold Fannin Jr. FLEX KC Concepcion Jr. FLEX Andre Szmyt,,,
2978,5277431608,jesse_akl,0,89.88,CPT Deshaun Watson FLEX DK Metcalf FLEX Denzel Boston FLEX Harold Fannin Jr. FLEX KC Concepcion Jr. FLEX Andre Szmyt,,,
2978,5276950464,nkd89,0,89.87999,CPT KC Concepcion Jr. FLEX Aaron Rodgers FLEX Jaylen Warren FLEX Deshaun Watson FLEX Harold Fannin Jr. FLEX Jerry Jeudy,,,
2978,5277416071,Aingargiola,0,89.87999,CPT KC Concepcion Jr. FLEX Aaron Rodgers FLEX Jaylen Warren FLEX Deshaun Watson FLEX Harold Fannin Jr. FLEX Jerry Jeudy,,,
2987,5276600885,snugglepus,0,89.86,CPT Aaron Rodgers FLEX Deshaun Watson FLEX DK Metcalf FLEX Michael Pittman Jr. FLEX Chris Boswell FLEX Andre Szmyt,,,
2987,5277378517,maandpa1986,0,89.85999,CPT Browns  FLEX Aaron Rodgers FLEX Jaylen Warren FLEX Quinshon Judkins FLEX Harold Fannin Jr. FLEX Michael Pittman Jr.,,,
2989,5276153209,Laquatas,0,89.829994,CPT Denzel Boston FLEX Aaron Rodgers FLEX Deshaun Watson FLEX Harold Fannin Jr. FLEX Michael Pittman Jr. FLEX Roman Wilson,,,
2989,5277434294,ma243,0,89.829994,CPT Denzel Boston FLEX Aaron Rodgers FLEX Deshaun Watson FLEX Harold Fannin Jr. FLEX Michael Pittman Jr. FLEX Roman Wilson,,,
2989,5277440197,ewabrick,0,89.829994,CPT Denzel Boston FLEX Aaron Rodgers FLEX Deshaun Watson FLEX Harold Fannin Jr. FLEX Michael Pittman Jr. FLEX Roman Wilson,,,
2992,5277148667,seanhall8836,0,89.82,CPT Quinshon Judkins FLEX Deshaun Watson FLEX DK Metcalf FLEX Denzel Boston FLEX Michael Pittman Jr. FLEX Jerry Jeudy,,,
2993,5277569671,trodg23,0,89.81,CPT DK Metcalf FLEX Aaron Rodgers FLEX Jaylen Warren FLEX KC Concepcion Jr. FLEX Steelers  FLEX Raheim Sanders,,,
2993,5277639824,Harringtonr3,0,89.81,CPT Michael Pittman Jr. FLEX Aaron Rodgers FLEX Jaylen Warren FLEX Quinshon Judkins FLEX KC Concepcion Jr. FLEX Andre Szmyt,,,
2993,5277678083,mgoudy11,0,89.80999,CPT Michael Pittman Jr. FLEX Aaron Rodgers FLEX Jaylen Warren FLEX Quinshon Judkins FLEX Harold Fannin Jr. FLEX Darnell Washington,,,
2993,5277715831,skizums,0,89.80999,CPT Michael Pittman Jr. FLEX Aaron Rodgers FLEX Jaylen Warren FLEX Quinshon Judkins FLEX Harold Fannin Jr. FLEX Darnell Washington,,,
2997,5277174191,Bleachisgood,0,89.78,CPT Chris Boswell FLEX Aaron Rodgers FLEX Jaylen Warren FLEX Deshaun Watson FLEX Denzel Boston FLEX Roman Wilson,,,
2997,5277025727,AdamShulman,0,89.77999,CPT Deshaun Watson FLEX Quinshon Judkins FLEX Harold Fannin Jr. FLEX KC Concepcion Jr. FLEX Pat Freiermuth FLEX Andre Szmyt,,,
2999,5275877565,RMann82,0,89.76,CPT Jaylen Warren FLEX Aaron Rodgers FLEX Quinshon Judkins FLEX Michael Pittman Jr. FLEX Pat Freiermuth FLEX Jerry Jeudy,,,
2999,5276256948,oddmanout7,0,89.759995,CPT Aaron Rodgers FLEX Deshaun Watson FLEX Denzel Boston FLEX Harold Fannin Jr. FLEX Pat Freiermuth FLEX Raheim Sanders,,,
2999,5277251696,Xutco67,0,89.759995,CPT Steelers  FLEX Aaron Rodgers FLEX DK Metcalf FLEX Quinshon Judkins FLEX Harold Fannin Jr. FLEX Chris Boswell,,,
3002,5275517112,kellij36,0,89.75,CPT Harold Fannin Jr. FLEX Jaylen Warren FLEX Quinshon Judkins FLEX Denzel Boston FLEX KC Concepcion Jr. FLEX Pat Freiermuth,,,
3002,5277328167,Hodges47,0,89.75,CPT Harold Fannin Jr. FLEX Jaylen Warren FLEX Quinshon Judkins FLEX Denzel Boston FLEX KC Concepcion Jr. FLEX Pat Freiermuth,,,
3002,5277594049,bgibz,0,89.75,CPT Harold Fannin Jr. FLEX Jaylen Warren FLEX Quinshon Judkins FLEX Denzel Boston FLEX KC Concepcion Jr. FLEX Pat Freiermuth,,,
3002,5277622051,dext56ses,0,89.75,CPT Harold Fannin Jr. FLEX Jaylen Warren FLEX Quinshon Judkins FLEX Denzel Boston FLEX KC Concepcion Jr. FLEX Pat Freiermuth,,,
3002,5277629722,jweemy,0,89.75,CPT Harold Fannin Jr. FLEX Jaylen Warren FLEX Quinshon Judkins FLEX Denzel Boston FLEX KC Concepcion Jr. FLEX Pat Freiermuth,,,
3007,5275622941,thekid40,0,89.74,CPT Deshaun Watson FLEX Aaron Rodgers FLEX DK Metcalf FLEX Michael Pittman Jr. FLEX Chris Boswell FLEX Roman Wilson,,,
3008,5275554397,Bigma318,0,89.729996,CPT DK Metcalf FLEX Aaron Rodgers FLEX Jaylen Warren FLEX Deshaun Watson FLEX Steelers  FLEX Kaden Wetjen,,,
3008,5276101363,SoCalSteeler14,0,89.729996,CPT Harold Fannin Jr. FLEX Aaron Rodgers FLEX Deshaun Watson FLEX Denzel Boston FLEX KC Concepcion Jr. FLEX Browns ,,,
3008,5276608816,cheezdawg,0,89.729996,CPT Harold Fannin Jr. FLEX Aaron Rodgers FLEX Deshaun Watson FLEX Denzel Boston FLEX Chris Boswell FLEX Roman Wilson,,,
3008,5276862582,willi55,0,89.729996,CPT Harold Fannin Jr. FLEX Aaron Rodgers FLEX Jaylen Warren FLEX Deshaun Watson FLEX Steelers  FLEX Darnell Washington,,,
3008,5277420105,harris118,0,89.729996,CPT Harold Fannin Jr. FLEX Aaron Rodgers FLEX Jaylen Warren FLEX Deshaun Watson FLEX Steelers  FLEX Darnell Washington,,,
3008,5277847158,jmulhausen22,0,89.729996,CPT Harold Fannin Jr. FLEX Aaron Rodgers FLEX Deshaun Watson FLEX Denzel Boston FLEX KC Concepcion Jr. FLEX Browns ,,,
3014,5277659796,joker21705,0,89.72,CPT Quinshon Judkins FLEX Deshaun Watson FLEX DK Metcalf FLEX Denzel Boston FLEX Chris Boswell FLEX Steelers ,,,
3015,5277168820,DifferentHue,0,89.70999,CPT Pat Freiermuth FLEX Aaron Rodgers FLEX Quinshon Judkins FLEX Denzel Boston FLEX Harold Fannin Jr. FLEX Michael Pittman Jr.,,,
3016,5275450855,mntwins2010,0,89.68,CPT Jaylen Warren FLEX Aaron Rodgers FLEX Deshaun Watson FLEX KC Concepcion Jr. FLEX Chris Boswell FLEX Andre Szmyt,,,
3016,5275608461,CashLineCriminal,0,89.68,CPT Jaylen Warren FLEX Aaron Rodgers FLEX Deshaun Watson FLEX KC Concepcion Jr. FLEX Chris Boswell FLEX Andre Szmyt,,,
3016,5275636471,crand003,0,89.68,CPT Jaylen Warren FLEX Aaron Rodgers FLEX Deshaun Watson FLEX KC Concepcion Jr. FLEX Chris Boswell FLEX Andre Szmyt,,,
3016,5275963215,slimgaede,0,89.68,CPT Jaylen Warren FLEX Aaron Rodgers FLEX Deshaun Watson FLEX KC Concepcion Jr. FLEX Chris Boswell FLEX Andre Szmyt,,,
3016,5275973310,walentuk1,0,89.68,CPT Jaylen Warren FLEX Aaron Rodgers FLEX Deshaun Watson FLEX Harold Fannin Jr. FLEX Chris Boswell FLEX Darnell Washington,,,
3016,5275997472,TWOPTS,0,89.68,CPT Jaylen Warren FLEX Aaron Rodgers FLEX Deshaun Watson FLEX KC Concepcion Jr. FLEX Chris Boswell FLEX Andre Szmyt,,,
3016,5276016503,kcube,0,89.68,CPT Jaylen Warren FLEX Aaron Rodgers FLEX Deshaun Watson FLEX Harold Fannin Jr. FLEX Chris Boswell FLEX Darnell Washington,,,
3016,5276043347,infantryboys,0,89.68,CPT Jaylen Warren FLEX Aaron Rodgers FLEX Deshaun Watson FLEX KC Concepcion Jr. FLEX Chris Boswell FLEX Andre Szmyt,,,
3016,5276050761,blilly74,0,89.68,CPT Jaylen Warren FLEX Aaron Rodgers FLEX Deshaun Watson FLEX KC Concepcion Jr. FLEX Chris Boswell FLEX Andre Szmyt,,,
3016,5276053045,Stvm7988,0,89.68,CPT Jaylen Warren FLEX Aaron Rodgers FLEX Deshaun Watson FLEX Harold Fannin Jr. FLEX Chris Boswell FLEX Darnell Washington,,,
3016,5276060786,butchismyhomie,0,89.68,CPT Jaylen Warren FLEX Aaron Rodgers FLEX Deshaun Watson FLEX KC Concepcion Jr. FLEX Chris Boswell FLEX Andre Szmyt,,,
3016,5276064508,Mac5877,0,89.68,CPT Deshaun Watson FLEX Jaylen Warren FLEX Denzel Boston FLEX Harold Fannin Jr. FLEX Pat Freiermuth FLEX Roman Wilson,,,
3016,5276080327,silencer17,0,89.68,CPT Jaylen Warren FLEX Aaron Rodgers FLEX Deshaun Watson FLEX KC Concepcion Jr. FLEX Chris Boswell FLEX Andre Szmyt,,,
3016,5276160305,kylemtz,0,89.68,CPT Jaylen Warren FLEX Aaron Rodgers FLEX Deshaun Watson FLEX KC Concepcion Jr. FLEX Chris Boswell FLEX Andre Szmyt,,,
3016,5276222119,aaronuu,0,89.68,CPT Jaylen Warren FLEX Aaron Rodgers FLEX Deshaun Watson FLEX KC Concepcion Jr. FLEX Chris Boswell FLEX Andre Szmyt,,,
3016,5276246146,chrissteimle,0,89.68,CPT Jaylen Warren FLEX Aaron Rodgers FLEX Deshaun Watson FLEX KC Concepcion Jr. FLEX Chris Boswell FLEX Andre Szmyt,,,
3016,5276263605,UncleFestus99,0,89.68,CPT Jaylen Warren FLEX Aaron Rodgers FLEX Deshaun Watson FLEX KC Concepcion Jr. FLEX Chris Boswell FLEX Andre Szmyt,,,
3016,5276336818,Xfile007,0,89.68,CPT Jaylen Warren FLEX Aaron Rodgers FLEX Deshaun Watson FLEX KC Concepcion Jr. FLEX Chris Boswell FLEX Andre Szmyt,,,
3016,5276357133,briannedanielle,0,89.68,CPT Jaylen Warren FLEX Aaron Rodgers FLEX Deshaun Watson FLEX KC Concepcion Jr. FLEX Chris Boswell FLEX Andre Szmyt,,,
3016,5276379320,nickenyon6,0,89.68,CPT Jaylen Warren FLEX Aaron Rodgers FLEX Deshaun Watson FLEX KC Concepcion Jr. FLEX Chris Boswell FLEX Andre Szmyt,,,
3016,5276400389,cd.law217,0,89.68,CPT Jaylen Warren FLEX Aaron Rodgers FLEX Deshaun Watson FLEX KC Concepcion Jr. FLEX Chris Boswell FLEX Andre Szmyt,,,
3016,5276446006,jonchill,0,89.68,CPT Jaylen Warren FLEX Aaron Rodgers FLEX Deshaun Watson FLEX KC Concepcion Jr. FLEX Chris Boswell FLEX Andre Szmyt,,,
3016,5276457082,Murdurburd,0,89.68,CPT Deshaun Watson FLEX Jaylen Warren FLEX Denzel Boston FLEX Harold Fannin Jr. FLEX Pat Freiermuth FLEX Roman Wilson,,,
3016,5276465145,laportapottie,0,89.68,CPT Jaylen Warren FLEX Aaron Rodgers FLEX Deshaun Watson FLEX Harold Fannin Jr. FLEX Chris Boswell FLEX Darnell Washington,,,
3016,5276476172,Boley69,0,89.68,CPT Jaylen Warren FLEX Aaron Rodgers FLEX Deshaun Watson FLEX KC Concepcion Jr. FLEX Chris Boswell FLEX Andre Szmyt,,,
3016,5276494168,Averbrugge86,0,89.68,CPT Deshaun Watson FLEX Jaylen Warren FLEX Denzel Boston FLEX Harold Fannin Jr. FLEX Pat Freiermuth FLEX Roman Wilson,,,
3016,5276515944,PapaJ333,0,89.68,CPT Jaylen Warren FLEX Aaron Rodgers FLEX Deshaun Watson FLEX Harold Fannin Jr. FLEX Chris Boswell FLEX Darnell Washington,,,
3016,5276558899,rnrppr1997,0,89.68,CPT Jaylen Warren FLEX Aaron Rodgers FLEX Deshaun Watson FLEX KC Concepcion Jr. FLEX Chris Boswell FLEX Andre Szmyt,,,
3016,5276581312,heybert711,0,89.68,CPT Jaylen Warren FLEX Aaron Rodgers FLEX Deshaun Watson FLEX KC Concepcion Jr. FLEX Chris Boswell FLEX Andre Szmyt,,,
3016,5276674859,outlaw1964,0,89.68,CPT Jaylen Warren FLEX Aaron Rodgers FLEX Deshaun Watson FLEX KC Concepcion Jr. FLEX Chris Boswell FLEX Andre Szmyt,,,
3016,5276699595,TaTa2DayJr,0,89.68,CPT Jaylen Warren FLEX Aaron Rodgers FLEX Deshaun Watson FLEX KC Concepcion Jr. FLEX Chris Boswell FLEX Andre Szmyt,,,
3016,5276776416,loganvoight,0,89.68,CPT Jaylen Warren FLEX Aaron Rodgers FLEX Deshaun Watson FLEX KC Concepcion Jr. FLEX Chris Boswell FLEX Andre Szmyt,,,
3016,5276799158,tarhokie3,0,89.68,CPT Jaylen Warren FLEX Aaron Rodgers FLEX Deshaun Watson FLEX KC Concepcion Jr. FLEX Chris Boswell FLEX Andre Szmyt,,,
3016,5276816131,Jiminyspricket,0,89.68,CPT Jaylen Warren FLEX Aaron Rodgers FLEX Deshaun Watson FLEX Harold Fannin Jr. FLEX Chris Boswell FLEX Darnell Washington,,,
3016,5276826741,RamsRuleRamsRule,0,89.68,CPT Jaylen Warren FLEX Aaron Rodgers FLEX Deshaun Watson FLEX Harold Fannin Jr. FLEX Chris Boswell FLEX Darnell Washington,,,
3016,5276835520,torzechowski1,0,89.68,CPT Jaylen Warren FLEX Aaron Rodgers FLEX Deshaun Watson FLEX KC Concepcion Jr. FLEX Chris Boswell FLEX Andre Szmyt,,,
3016,5276901705,dimmerso79,0,89.68,CPT Jaylen Warren FLEX Aaron Rodgers FLEX Deshaun Watson FLEX KC Concepcion Jr. FLEX Chris Boswell FLEX Andre Szmyt,,,
3016,5276909174,rajonrondough,0,89.68,CPT Jaylen Warren FLEX Aaron Rodgers FLEX Deshaun Watson FLEX KC Concepcion Jr. FLEX Chris Boswell FLEX Andre Szmyt,,,
3016,5276912318,bledsoe2002,0,89.68,CPT Jaylen Warren FLEX Aaron Rodgers FLEX Deshaun Watson FLEX KC Concepcion Jr. FLEX Chris Boswell FLEX Andre Szmyt,,,
3016,5276917839,mnelson10,0,89.68,CPT Jaylen Warren FLEX Aaron Rodgers FLEX Deshaun Watson FLEX KC Concepcion Jr. FLEX Chris Boswell FLEX Andre Szmyt,,,
3016,5276944236,therealpengo,0,89.68,CPT Jaylen Warren FLEX Aaron Rodgers FLEX Deshaun Watson FLEX KC Concepcion Jr. FLEX Chris Boswell FLEX Andre Szmyt,,,
3016,5276944477,TonyD29,0,89.68,CPT Jaylen Warren FLEX Aaron Rodgers FLEX Deshaun Watson FLEX KC Concepcion Jr. FLEX Chris Boswell FLEX Andre Szmyt,,,
3016,5276947437,sray1234,0,89.68,CPT Jaylen Warren FLEX Aaron Rodgers FLEX Deshaun Watson FLEX KC Concepcion Jr. FLEX Chris Boswell FLEX Andre Szmyt,,,
3016,5276948103,D_Ussery13,0,89.68,CPT Jaylen Warren FLEX Aaron Rodgers FLEX Deshaun Watson FLEX KC Concepcion Jr. FLEX Chris Boswell FLEX Andre Szmyt,,,
3016,5276963592,patriotsway1213,0,89.68,CPT Jaylen Warren FLEX Aaron Rodgers FLEX Deshaun Watson FLEX Harold Fannin Jr. FLEX Chris Boswell FLEX Darnell Washington,,,
3016,5276994008,wrestlerama,0,89.68,CPT Deshaun Watson FLEX Jaylen Warren FLEX Denzel Boston FLEX Harold Fannin Jr. FLEX Pat Freiermuth FLEX Roman Wilson,,,
3016,5277022982,Dveres95,0,89.68,CPT Jaylen Warren FLEX Aaron Rodgers FLEX Deshaun Watson FLEX KC Concepcion Jr. FLEX Chris Boswell FLEX Andre Szmyt,,,
3016,5277040144,maddawg40,0,89.68,CPT Jaylen Warren FLEX Aaron Rodgers FLEX Deshaun Watson FLEX KC Concepcion Jr. FLEX Chris Boswell FLEX Andre Szmyt,,,
3016,5277055224,derektreybig,0,89.68,CPT Jaylen Warren FLEX Aaron Rodgers FLEX Deshaun Watson FLEX KC Concepcion Jr. FLEX Chris Boswell FLEX Andre Szmyt,,,
3016,5277057673,Scott128,0,89.68,CPT Jaylen Warren FLEX Aaron Rodgers FLEX Deshaun Watson FLEX KC Concepcion Jr. FLEX Chris Boswell FLEX Andre Szmyt,,,
3016,5277058252,ariric864,0,89.68,CPT Jaylen Warren FLEX Aaron Rodgers FLEX Deshaun Watson FLEX KC Concepcion Jr. FLEX Chris Boswell FLEX Andre Szmyt,,,
3016,5277066922,jc1721jc,0,89.68,CPT Jaylen Warren FLEX Aaron Rodgers FLEX Deshaun Watson FLEX Harold Fannin Jr. FLEX Chris Boswell FLEX Darnell Washington,,,
3016,5277096782,plewis247,0,89.68,CPT Jaylen Warren FLEX Aaron Rodgers FLEX Deshaun Watson FLEX Harold Fannin Jr. FLEX Chris Boswell FLEX Darnell Washington,,,
3016,5277113709,SoulChild,0,89.68,CPT Jaylen Warren FLEX Aaron Rodgers FLEX Deshaun Watson FLEX KC Concepcion Jr. FLEX Chris Boswell FLEX Andre Szmyt,,,
3016,5277123311,jgings28,0,89.68,CPT Jaylen Warren FLEX Aaron Rodgers FLEX Deshaun Watson FLEX KC Concepcion Jr. FLEX Chris Boswell FLEX Andre Szmyt,,,
3016,5277127809,csalinaz9,0,89.68,CPT Jaylen Warren FLEX Aaron Rodgers FLEX Deshaun Watson FLEX KC Concepcion Jr. FLEX Chris Boswell FLEX Andre Szmyt,,,
3016,5277142805,PerryWood11,0,89.68,CPT Jaylen Warren FLEX Aaron Rodgers FLEX Deshaun Watson FLEX KC Concepcion Jr. FLEX Chris Boswell FLEX Andre Szmyt,,,
3016,5277144175,Monster2783,0,89.68,CPT Jaylen Warren FLEX Aaron Rodgers FLEX Deshaun Watson FLEX Harold Fannin Jr. FLEX Chris Boswell FLEX Darnell Washington,,,
3016,5277154629,tzshannon,0,89.68,CPT Jaylen Warren FLEX Aaron Rodgers FLEX Deshaun Watson FLEX KC Concepcion Jr. FLEX Chris Boswell FLEX Andre Szmyt,,,
3016,5277155096,givingmymoneyaway,0,89.68,CPT Jaylen Warren FLEX Aaron Rodgers FLEX Deshaun Watson FLEX Harold Fannin Jr. FLEX Chris Boswell FLEX Darnell Washington,,,
3016,5277157472,p8ntbllkip,0,89.68,CPT Jaylen Warren FLEX Aaron Rodgers FLEX Deshaun Watson FLEX KC Concepcion Jr. FLEX Chris Boswell FLEX Andre Szmyt,,,
3016,5277158506,joshblond,0,89.68,CPT Jaylen Warren FLEX Aaron Rodgers FLEX Deshaun Watson FLEX KC Concepcion Jr. FLEX Chris Boswell FLEX Andre Szmyt,,,
3016,5277180350,CodyG13,0,89.68,CPT Jaylen Warren FLEX Aaron Rodgers FLEX Deshaun Watson FLEX KC Concepcion Jr. FLEX Chris Boswell FLEX Andre Szmyt,,,
3016,5277180965,RickpatTaylor,0,89.68,CPT Jaylen Warren FLEX Aaron Rodgers FLEX Deshaun Watson FLEX KC Concepcion Jr. FLEX Chris Boswell FLEX Andre Szmyt,,,
3016,5277188586,FattyMcFattzz,0,89.68,CPT Jaylen Warren FLEX Aaron Rodgers FLEX Deshaun Watson FLEX Harold Fannin Jr. FLEX Chris Boswell FLEX Darnell Washington,,,
3016,5277202909,TexasPocketRocket,0,89.68,CPT Jaylen Warren FLEX Aaron Rodgers FLEX Deshaun Watson FLEX KC Concepcion Jr. FLEX Chris Boswell FLEX Andre Szmyt,,,
3016,5277209119,PriceyMush,0,89.68,CPT Jaylen Warren FLEX Aaron Rodgers FLEX Deshaun Watson FLEX KC Concepcion Jr. FLEX Chris Boswell FLEX Andre Szmyt,,,
3016,5277224173,schalutz,0,89.68,CPT Jaylen Warren FLEX Aaron Rodgers FLEX Deshaun Watson FLEX Harold Fannin Jr. FLEX Chris Boswell FLEX Darnell Washington,,,
3016,5277231149,cmangone,0,89.68,CPT Jaylen Warren FLEX Aaron Rodgers FLEX Deshaun Watson FLEX KC Concepcion Jr. FLEX Chris Boswell FLEX Andre Szmyt,,,
3016,5277244338,mck1960,0,89.68,CPT Jaylen Warren FLEX Aaron Rodgers FLEX Deshaun Watson FLEX KC Concepcion Jr. FLEX Chris Boswell FLEX Andre Szmyt,,,
3016,5277244392,lootziexoxo,0,89.68,CPT Deshaun Watson FLEX Jaylen Warren FLEX Denzel Boston FLEX Harold Fannin Jr. FLEX Pat Freiermuth FLEX Roman Wilson,,,
3016,5277244607,mrnorrad,0,89.68,CPT Jaylen Warren FLEX Aaron Rodgers FLEX Deshaun Watson FLEX KC Concepcion Jr. FLEX Chris Boswell FLEX Andre Szmyt,,,
3016,5277253820,DBaker65,0,89.68,CPT Jaylen Warren FLEX Aaron Rodgers FLEX Deshaun Watson FLEX KC Concepcion Jr. FLEX Chris Boswell FLEX Andre Szmyt,,,
3016,5277256766,nyrblue,0,89.68,CPT Jaylen Warren FLEX Aaron Rodgers FLEX Deshaun Watson FLEX KC Concepcion Jr. FLEX Chris Boswell FLEX Andre Szmyt,,,
3016,5277275332,cu12pac,0,89.68,CPT Jaylen Warren FLEX Aaron Rodgers FLEX Deshaun Watson FLEX Harold Fannin Jr. FLEX Chris Boswell FLEX Darnell Washington,,,
3016,5277275839,Swartz2105,0,89.68,CPT Jaylen Warren FLEX Aaron Rodgers FLEX Deshaun Watson FLEX KC Concepcion Jr. FLEX Chris Boswell FLEX Andre Szmyt,,,
3016,5277281221,angel1188,0,89.68,CPT Jaylen Warren FLEX Aaron Rodgers FLEX Deshaun Watson FLEX KC Concepcion Jr. FLEX Chris Boswell FLEX Andre Szmyt,,,
3016,5277312273,srude021,0,89.68,CPT Jaylen Warren FLEX Aaron Rodgers FLEX Deshaun Watson FLEX KC Concepcion Jr. FLEX Chris Boswell FLEX Andre Szmyt,,,
3016,5277315916,dwill52,0,89.68,CPT Jaylen Warren FLEX Aaron Rodgers FLEX Deshaun Watson FLEX KC Concepcion Jr. FLEX Chris Boswell FLEX Andre Szmyt,,,
3016,5277320054,Dperciv,0,89.68,CPT Jaylen Warren FLEX Aaron Rodgers FLEX Deshaun Watson FLEX KC Concepcion Jr. FLEX Chris Boswell FLEX Andre Szmyt,,,
3016,5277338752,larrrrrrrrrryyyy,0,89.68,CPT Jaylen Warren FLEX Aaron Rodgers FLEX Deshaun Watson FLEX KC Concepcion Jr. FLEX Chris Boswell FLEX Andre Szmyt,,,
3016,5277344758,k23davis,0,89.68,CPT Jaylen Warren FLEX Aaron Rodgers FLEX Deshaun Watson FLEX Harold Fannin Jr. FLEX Chris Boswell FLEX Darnell Washington,,,
3016,5277370028,Hennessey,0,89.68,CPT Jaylen Warren FLEX Aaron Rodgers FLEX Deshaun Watson FLEX KC Concepcion Jr. FLEX Chris Boswell FLEX Andre Szmyt,,,
3016,5277374183,jaxdawgs,0,89.68,CPT Jaylen Warren FLEX Aaron Rodgers FLEX Deshaun Watson FLEX Harold Fannin Jr. FLEX Chris Boswell FLEX Darnell Washington,,,
3016,5277384016,chitown7500,0,89.68,CPT Jaylen Warren FLEX Aaron Rodgers FLEX Deshaun Watson FLEX Harold Fannin Jr. FLEX Chris Boswell FLEX Darnell Washington,,,
3016,5277391602,purvleague10,0,89.68,CPT Deshaun Watson FLEX Jaylen Warren FLEX Denzel Boston FLEX Harold Fannin Jr. FLEX Pat Freiermuth FLEX Roman Wilson,,,
3016,5277405777,bagger_vance,0,89.68,CPT Jaylen Warren FLEX Aaron Rodgers FLEX Deshaun Watson FLEX Harold Fannin Jr. FLEX Chris Boswell FLEX Darnell Washington,,,
3016,5277408187,Amazin11000,0,89.68,CPT Jaylen Warren FLEX Aaron Rodgers FLEX Deshaun Watson FLEX KC Concepcion Jr. FLEX Chris Boswell FLEX Andre Szmyt,,,
3016,5277414012,KillerKowalski,0,89.68,CPT Jaylen Warren FLEX Aaron Rodgers FLEX Deshaun Watson FLEX KC Concepcion Jr. FLEX Chris Boswell FLEX Andre Szmyt,,,
3016,5277423974,biggreen318,0,89.68,CPT Jaylen Warren FLEX Aaron Rodgers FLEX Deshaun Watson FLEX KC Concepcion Jr. FLEX Chris Boswell FLEX Andre Szmyt,,,
3016,5277432343,heisenbergthegreat,0,89.68,CPT Jaylen Warren FLEX Aaron Rodgers FLEX Deshaun Watson FLEX KC Concepcion Jr. FLEX Chris Boswell FLEX Andre Szmyt,,,
3016,5277435772,Willharps12,0,89.68,CPT Jaylen Warren FLEX Aaron Rodgers FLEX Deshaun Watson FLEX KC Concepcion Jr. FLEX Chris Boswell FLEX Andre Szmyt,,,
3016,5277439660,Booshea,0,89.68,CPT Jaylen Warren FLEX Aaron Rodgers FLEX Deshaun Watson FLEX KC Concepcion Jr. FLEX Chris Boswell FLEX Andre Szmyt,,,
3016,5277461586,Bulldawg633,0,89.68,CPT Jaylen Warren FLEX Aaron Rodgers FLEX Deshaun Watson FLEX KC Concepcion Jr. FLEX Chris Boswell FLEX Andre Szmyt,,,
3016,5277464395,capstees,0,89.68,CPT Jaylen Warren FLEX Aaron Rodgers FLEX Deshaun Watson FLEX KC Concepcion Jr. FLEX Chris Boswell FLEX Andre Szmyt,,,
3016,5277470379,SevenBizzos,0,89.68,CPT Jaylen Warren FLEX Aaron Rodgers FLEX Deshaun Watson FLEX Harold Fannin Jr. FLEX Chris Boswell FLEX Darnell Washington,,,
3016,5277474511,Pavich12,0,89.68,CPT Jaylen Warren FLEX Aaron Rodgers FLEX Deshaun Watson FLEX Harold Fannin Jr. FLEX Chris Boswell FLEX Darnell Washington,,,
3016,5277502594,southbank,0,89.68,CPT Jaylen Warren FLEX Aaron Rodgers FLEX Deshaun Watson FLEX Harold Fannin Jr. FLEX Chris Boswell FLEX Darnell Washington,,,
3016,5277502609,Coatface,0,89.68,CPT Jaylen Warren FLEX Aaron Rodgers FLEX Deshaun Watson FLEX KC Concepcion Jr. FLEX Chris Boswell FLEX Andre Szmyt,,,
3016,5277525689,RDRFN4LF,0,89.68,CPT Jaylen Warren FLEX Aaron Rodgers FLEX Deshaun Watson FLEX KC Concepcion Jr. FLEX Chris Boswell FLEX Andre Szmyt,,,
3016,5277526673,halfknee,0,89.68,CPT Jaylen Warren FLEX Aaron Rodgers FLEX Deshaun Watson FLEX KC Concepcion Jr. FLEX Chris Boswell FLEX Andre Szmyt,,,
3016,5277537225,cglenn91,0,89.68,CPT Jaylen Warren FLEX Aaron Rodgers FLEX Deshaun Watson FLEX KC Concepcion Jr. FLEX Chris Boswell FLEX Andre Szmyt,,,
3016,5277542248,toy_gunn,0,89.68,CPT Deshaun Watson FLEX Jaylen Warren FLEX Denzel Boston FLEX Harold Fannin Jr. FLEX Pat Freiermuth FLEX Roman Wilson,,,
3016,5277542781,djdibble,0,89.68,CPT Jaylen Warren FLEX Aaron Rodgers FLEX Deshaun Watson FLEX KC Concepcion Jr. FLEX Chris Boswell FLEX Andre Szmyt,,,
3016,5277593248,SDlancaster5,0,89.68,CPT Jaylen Warren FLEX Aaron Rodgers FLEX Deshaun Watson FLEX KC Concepcion Jr. FLEX Chris Boswell FLEX Andre Szmyt,,,
3016,5277604078,choc4sale,0,89.68,CPT Jaylen Warren FLEX Aaron Rodgers FLEX Deshaun Watson FLEX Harold Fannin Jr. FLEX Chris Boswell FLEX Darnell Washington,,,
3016,5277608192,ATLShark,0,89.68,CPT Jaylen Warren FLEX Aaron Rodgers FLEX Deshaun Watson FLEX KC Concepcion Jr. FLEX Chris Boswell FLEX Andre Szmyt,,,
3016,5277615206,fritzruby1,0,89.68,CPT Jaylen Warren FLEX Aaron Rodgers FLEX Deshaun Watson FLEX KC Concepcion Jr. FLEX Chris Boswell FLEX Andre Szmyt,,,
3016,5277618657,Antman4K,0,89.68,CPT Jaylen Warren FLEX Aaron Rodgers FLEX Deshaun Watson FLEX KC Concepcion Jr. FLEX Chris Boswell FLEX Andre Szmyt,,,
3016,5277627982,sab389,0,89.68,CPT Jaylen Warren FLEX Aaron Rodgers FLEX Deshaun Watson FLEX KC Concepcion Jr. FLEX Chris Boswell FLEX Andre Szmyt,,,
3016,5277633643,Boneyball1018,0,89.68,CPT Jaylen Warren FLEX Aaron Rodgers FLEX Deshaun Watson FLEX KC Concepcion Jr. FLEX Chris Boswell FLEX Andre Szmyt,,,
3016,5277642309,RTL701,0,89.68,CPT Jaylen Warren FLEX Aaron Rodgers FLEX Deshaun Watson FLEX KC Concepcion Jr. FLEX Chris Boswell FLEX Andre Szmyt,,,
3016,5277643510,elsmooth,0,89.68,CPT Jaylen Warren FLEX Aaron Rodgers FLEX Deshaun Watson FLEX Harold Fannin Jr. FLEX Chris Boswell FLEX Darnell Washington,,,
3016,5277692943,speedywilson13,0,89.68,CPT Jaylen Warren FLEX Aaron Rodgers FLEX Deshaun Watson FLEX KC Concepcion Jr. FLEX Chris Boswell FLEX Andre Szmyt,,,
3016,5277700181,claytankgunner,0,89.68,CPT Jaylen Warren FLEX Aaron Rodgers FLEX Deshaun Watson FLEX KC Concepcion Jr. FLEX Chris Boswell FLEX Andre Szmyt,,,
3016,5277708693,MachoColombiano,0,89.68,CPT Jaylen Warren FLEX Aaron Rodgers FLEX Deshaun Watson FLEX KC Concepcion Jr. FLEX Chris Boswell FLEX Andre Szmyt,,,
3016,5277709056,millermdm,0,89.68,CPT Jaylen Warren FLEX Aaron Rodgers FLEX Deshaun Watson FLEX KC Concepcion Jr. FLEX Chris Boswell FLEX Andre Szmyt,,,
3016,5277711231,sasmallen,0,89.68,CPT Jaylen Warren FLEX Aaron Rodgers FLEX Deshaun Watson FLEX KC Concepcion Jr. FLEX Chris Boswell FLEX Andre Szmyt,,,
3016,5277719294,craigor,0,89.68,CPT Jaylen Warren FLEX Aaron Rodgers FLEX Deshaun Watson FLEX Harold Fannin Jr. FLEX Chris Boswell FLEX Darnell Washington,,,
3016,5277728659,jabell10,0,89.68,CPT Jaylen Warren FLEX Aaron Rodgers FLEX Deshaun Watson FLEX KC Concepcion Jr. FLEX Chris Boswell FLEX Andre Szmyt,,,
3016,5277737099,mattf19,0,89.68,CPT Jaylen Warren FLEX Aaron Rodgers FLEX Deshaun Watson FLEX KC Concepcion Jr. FLEX Chris Boswell FLEX Andre Szmyt,,,
3016,5277750893,owjnew,0,89.68,CPT Deshaun Watson FLEX Jaylen Warren FLEX Denzel Boston FLEX Harold Fannin Jr. FLEX Pat Freiermuth FLEX Roman Wilson,,,
3016,5277757118,hodgesl13,0,89.68,CPT Jaylen Warren FLEX Aaron Rodgers FLEX Deshaun Watson FLEX Harold Fannin Jr. FLEX Chris Boswell FLEX Darnell Washington,,,
3016,5277758544,carieger94,0,89.68,CPT Jaylen Warren FLEX Aaron Rodgers FLEX Deshaun Watson FLEX KC Concepcion Jr. FLEX Chris Boswell FLEX Andre Szmyt,,,
3016,5277759336,Tweetrr,0,89.68,CPT Jaylen Warren FLEX Aaron Rodgers FLEX Deshaun Watson FLEX KC Concepcion Jr. FLEX Chris Boswell FLEX Andre Szmyt,,,
3016,5277774830,CzechMate1978,0,89.68,CPT Jaylen Warren FLEX Aaron Rodgers FLEX Deshaun Watson FLEX Harold Fannin Jr. FLEX Chris Boswell FLEX Darnell Washington,,,
3016,5277792007,wicked97,0,89.68,CPT Jaylen Warren FLEX Aaron Rodgers FLEX Deshaun Watson FLEX KC Concepcion Jr. FLEX Chris Boswell FLEX Andre Szmyt,,,
3016,5277823619,jpayton34,0,89.68,CPT Jaylen Warren FLEX Aaron Rodgers FLEX Deshaun Watson FLEX KC Concepcion Jr. FLEX Chris Boswell FLEX Andre Szmyt,,,
3016,5277838500,Hadjiranger,0,89.68,CPT Jaylen Warren FLEX Aaron Rodgers FLEX Deshaun Watson FLEX Harold Fannin Jr. FLEX Chris Boswell FLEX Darnell Washington,,,
3016,5277844060,leojromero,0,89.68,CPT Jaylen Warren FLEX Aaron Rodgers FLEX Deshaun Watson FLEX Harold Fannin Jr. FLEX Chris Boswell FLEX Darnell Washington,,,
3016,5277854307,RmJack13,0,89.68,CPT Jaylen Warren FLEX Aaron Rodgers FLEX Deshaun Watson FLEX Harold Fannin Jr. FLEX Chris Boswell FLEX Darnell Washington,,,
3016,5277858406,duran10,0,89.68,CPT Jaylen Warren FLEX Aaron Rodgers FLEX Deshaun Watson FLEX Harold Fannin Jr. FLEX Chris Boswell FLEX Darnell Washington,,,
3016,5277860600,Deaze313,0,89.68,CPT Jaylen Warren FLEX Aaron Rodgers FLEX Deshaun Watson FLEX KC Concepcion Jr. FLEX Chris Boswell FLEX Andre Szmyt,,,
3016,5277865928,drlip,0,89.68,CPT Jaylen Warren FLEX Aaron Rodgers FLEX Deshaun Watson FLEX Harold Fannin Jr. FLEX Chris Boswell FLEX Darnell Washington,,,
3016,5277877151,UPB13,0,89.68,CPT Jaylen Warren FLEX Aaron Rodgers FLEX Deshaun Watson FLEX KC Concepcion Jr. FLEX Chris Boswell FLEX Andre Szmyt,,,
3151,5277554819,sixers1212,0,89.67,CPT Denzel Boston FLEX Deshaun Watson FLEX Quinshon Judkins FLEX Harold Fannin Jr. FLEX KC Concepcion Jr. FLEX Pat Freiermuth,,,
3152,5277196907,DoubleHRanch,0,89.66,CPT Jaylen Warren FLEX Aaron Rodgers FLEX Denzel Boston FLEX Harold Fannin Jr. FLEX Steelers  FLEX Darnell Washington,,,
3152,5277531205,stubrstud13,0,89.66,CPT Jaylen Warren FLEX Aaron Rodgers FLEX Denzel Boston FLEX Harold Fannin Jr. FLEX Steelers  FLEX Darnell Washington,,,
3152,5275938146,reno1100,0,89.659996,CPT Jaylen Warren FLEX Aaron Rodgers FLEX Quinshon Judkins FLEX Pat Freiermuth FLEX Chris Boswell FLEX Steelers ,,,
3152,5276017846,nitsud05,0,89.659996,CPT Jaylen Warren FLEX Aaron Rodgers FLEX Quinshon Judkins FLEX Pat Freiermuth FLEX Chris Boswell FLEX Steelers ,,,
3152,5277207276,dtnichols09,0,89.659996,CPT Jaylen Warren FLEX Aaron Rodgers FLEX Quinshon Judkins FLEX Pat Freiermuth FLEX Chris Boswell FLEX Steelers ,,,
3152,5277304873,jesyjames,0,89.659996,CPT Jaylen Warren FLEX Aaron Rodgers FLEX Quinshon Judkins FLEX Pat Freiermuth FLEX Chris Boswell FLEX Steelers ,,,
3152,5277376124,lazydog4369,0,89.659996,CPT Jaylen Warren FLEX Aaron Rodgers FLEX Quinshon Judkins FLEX Pat Freiermuth FLEX Chris Boswell FLEX Steelers ,,,
3152,5277425362,jodeo78,0,89.659996,CPT Jaylen Warren FLEX Aaron Rodgers FLEX Quinshon Judkins FLEX Pat Freiermuth FLEX Chris Boswell FLEX Steelers ,,,
3152,5277529888,ghsfy53,0,89.659996,CPT Jaylen Warren FLEX Aaron Rodgers FLEX Quinshon Judkins FLEX Pat Freiermuth FLEX Chris Boswell FLEX Steelers ,,,
3152,5277670186,Cuscus3,0,89.659996,CPT Jaylen Warren FLEX Aaron Rodgers FLEX Quinshon Judkins FLEX Pat Freiermuth FLEX Chris Boswell FLEX Steelers ,,,
3152,5277696646,nam-jae,0,89.659996,CPT Jaylen Warren FLEX Aaron Rodgers FLEX Quinshon Judkins FLEX Pat Freiermuth FLEX Chris Boswell FLEX Steelers ,,,
3152,5277812555,bucknastyjr,0,89.659996,CPT Jaylen Warren FLEX Aaron Rodgers FLEX Quinshon Judkins FLEX Pat Freiermuth FLEX Chris Boswell FLEX Steelers ,,,
3152,5277848577,ToddFred50,0,89.659996,CPT Jaylen Warren FLEX Aaron Rodgers FLEX Quinshon Judkins FLEX Pat Freiermuth FLEX Chris Boswell FLEX Steelers ,,,
3165,5277838821,Jrude0421,0,89.649994,CPT Pat Freiermuth FLEX Jaylen Warren FLEX DK Metcalf FLEX Quinshon Judkins FLEX Denzel Boston FLEX Chris Boswell,,,
3166,5275539533,DBruins05,0,89.64,CPT Aaron Rodgers FLEX Jaylen Warren FLEX Harold Fannin Jr. FLEX Chris Boswell FLEX Steelers  FLEX Roman Wilson,,,
3167,5276684718,bkeller2001,0,89.63,CPT DK Metcalf FLEX Aaron Rodgers FLEX Deshaun Watson FLEX Michael Pittman Jr. FLEX Steelers  FLEX Andre Szmyt,,,
3168,5275795569,bigedhead,0,89.62,CPT Steelers  FLEX Jaylen Warren FLEX Deshaun Watson FLEX DK Metcalf FLEX Quinshon Judkins FLEX Browns ,,,
3168,5276161850,thomas3times,0,89.62,CPT Quinshon Judkins FLEX Jaylen Warren FLEX Deshaun Watson FLEX Harold Fannin Jr. FLEX Steelers  FLEX Browns ,,,
3168,5276288938,Joyman7,0,89.62,CPT Jaylen Warren FLEX Deshaun Watson FLEX DK Metcalf FLEX KC Concepcion Jr. FLEX Chris Boswell FLEX Roman Wilson,,,
3168,5276900753,joethunder22222,0,89.62,CPT Quinshon Judkins FLEX Jaylen Warren FLEX Deshaun Watson FLEX Harold Fannin Jr. FLEX Steelers  FLEX Browns ,,,
3168,5276925057,EliteJayhawk21,0,89.62,CPT Jaylen Warren FLEX Deshaun Watson FLEX Quinshon Judkins FLEX Harold Fannin Jr. FLEX KC Concepcion Jr. FLEX Jerry Jeudy,,,
3168,5276939684,Gregoryc4279,0,89.62,CPT Jaylen Warren FLEX Deshaun Watson FLEX Quinshon Judkins FLEX Harold Fannin Jr. FLEX KC Concepcion Jr. FLEX Jerry Jeudy,,,
3168,5277146309,lionsprid313,0,89.62,CPT Jaylen Warren FLEX Deshaun Watson FLEX DK Metcalf FLEX KC Concepcion Jr. FLEX Chris Boswell FLEX Roman Wilson,,,
3168,5277304886,ProfitProphet29,0,89.62,CPT Jaylen Warren FLEX Deshaun Watson FLEX Quinshon Judkins FLEX Harold Fannin Jr. FLEX Steelers  FLEX Andre Szmyt,,,
3168,5277414947,cphustler,0,89.62,CPT Jaylen Warren FLEX Deshaun Watson FLEX Quinshon Judkins FLEX Harold Fannin Jr. FLEX Steelers  FLEX Andre Szmyt,,,
3168,5277450148,imadeit110,0,89.62,CPT Jaylen Warren FLEX Deshaun Watson FLEX Quinshon Judkins FLEX Harold Fannin Jr. FLEX KC Concepcion Jr. FLEX Jerry Jeudy,,,
3168,5277461240,Blue49,0,89.62,CPT Jaylen Warren FLEX Deshaun Watson FLEX Quinshon Judkins FLEX Harold Fannin Jr. FLEX Steelers  FLEX Andre Szmyt,,,
3168,5277760880,Cotton112,0,89.62,CPT Jaylen Warren FLEX Deshaun Watson FLEX Quinshon Judkins FLEX Harold Fannin Jr. FLEX Steelers  FLEX Andre Szmyt,,,
3168,5277804902,PBreland42,0,89.62,CPT Steelers  FLEX Jaylen Warren FLEX Deshaun Watson FLEX DK Metcalf FLEX Quinshon Judkins FLEX Browns ,,,
3181,5277698062,richy437,0,89.61,CPT DK Metcalf FLEX Aaron Rodgers FLEX Jaylen Warren FLEX Harold Fannin Jr. FLEX Steelers  FLEX Germie Bernard,,,
3182,5275800930,babret08,0,89.6,CPT KC Concepcion Jr. FLEX Jaylen Warren FLEX Quinshon Judkins FLEX Denzel Boston FLEX Harold Fannin Jr. FLEX Pat Freiermuth,,,
3182,5276812507,rcblake03,0,89.6,CPT KC Concepcion Jr. FLEX Jaylen Warren FLEX Quinshon Judkins FLEX Denzel Boston FLEX Harold Fannin Jr. FLEX Pat Freiermuth,,,
3184,5275749045,CMoehring34,0,89.58,CPT Jaylen Warren FLEX Aaron Rodgers FLEX Deshaun Watson FLEX Harold Fannin Jr. FLEX Andre Szmyt FLEX Raheim Sanders,,,
3184,5276059921,BoomerTesch,0,89.58,CPT Quinshon Judkins FLEX Aaron Rodgers FLEX Deshaun Watson FLEX Harold Fannin Jr. FLEX Michael Pittman Jr. FLEX Germie Bernard,,,
3184,5276732914,jtmittl,0,89.58,CPT Jaylen Warren FLEX Aaron Rodgers FLEX Deshaun Watson FLEX Harold Fannin Jr. FLEX Andre Szmyt FLEX Raheim Sanders,,,
3184,5276916776,andyj54,0,89.58,CPT Jaylen Warren FLEX Aaron Rodgers FLEX Deshaun Watson FLEX Harold Fannin Jr. FLEX Andre Szmyt FLEX Raheim Sanders,,,
3184,5277233518,bell267ben,0,89.58,CPT Jaylen Warren FLEX Aaron Rodgers FLEX Deshaun Watson FLEX Harold Fannin Jr. FLEX Andre Szmyt FLEX Raheim Sanders,,,
3184,5277316918,BigPod,0,89.58,CPT Jaylen Warren FLEX Aaron Rodgers FLEX Deshaun Watson FLEX Harold Fannin Jr. FLEX Andre Szmyt FLEX Raheim Sanders,,,
3184,5277476622,hawkeyek9,0,89.58,CPT Jaylen Warren FLEX Aaron Rodgers FLEX Deshaun Watson FLEX Harold Fannin Jr. FLEX Andre Szmyt FLEX Raheim Sanders,,,
3184,5277572702,nbrplaytime,0,89.58,CPT Jaylen Warren FLEX Aaron Rodgers FLEX Deshaun Watson FLEX Harold Fannin Jr. FLEX Andre Szmyt FLEX Raheim Sanders,,,
3184,5276764190,kkenady96,0,89.579994,CPT Deshaun Watson FLEX Jaylen Warren FLEX DK Metcalf FLEX Harold Fannin Jr. FLEX Chris Boswell FLEX Roman Wilson,,,
3184,5277019926,mrlogicaltx,0,89.579994,CPT Deshaun Watson FLEX Jaylen Warren FLEX DK Metcalf FLEX Harold Fannin Jr. FLEX Chris Boswell FLEX Roman Wilson,,,
3184,5277046594,stephenjameel,0,89.579994,CPT Deshaun Watson FLEX DK Metcalf FLEX Quinshon Judkins FLEX KC Concepcion Jr. FLEX Pat Freiermuth FLEX Chris Boswell,,,
3184,5277048217,eagles995720,0,89.579994,CPT Deshaun Watson FLEX DK Metcalf FLEX Denzel Boston FLEX Harold Fannin Jr. FLEX KC Concepcion Jr. FLEX Darnell Washington,,,
3184,5277174133,WD1421,0,89.579994,CPT Browns  FLEX Aaron Rodgers FLEX Deshaun Watson FLEX DK Metcalf FLEX Harold Fannin Jr. FLEX Steelers ,,,
3197,5276015920,GambiTCereaL,0,89.57001,CPT Harold Fannin Jr. FLEX Jaylen Warren FLEX Deshaun Watson FLEX Quinshon Judkins FLEX Michael Pittman Jr. FLEX Roman Wilson,,,
3197,5276126981,MacNCheeseSwag,0,89.57001,CPT Harold Fannin Jr. FLEX Jaylen Warren FLEX Deshaun Watson FLEX Quinshon Judkins FLEX Michael Pittman Jr. FLEX Roman Wilson,,,
3197,5276224879,sehanshaw,0,89.57001,CPT Harold Fannin Jr. FLEX Jaylen Warren FLEX Deshaun Watson FLEX Quinshon Judkins FLEX Michael Pittman Jr. FLEX Roman Wilson,,,
3197,5276924656,Bolt801,0,89.57001,CPT Harold Fannin Jr. FLEX Jaylen Warren FLEX Deshaun Watson FLEX Quinshon Judkins FLEX Michael Pittman Jr. FLEX Roman Wilson,,,
3197,5277005087,Grampyoz,0,89.57001,CPT Harold Fannin Jr. FLEX Jaylen Warren FLEX Deshaun Watson FLEX Quinshon Judkins FLEX Michael Pittman Jr. FLEX Roman Wilson,,,
3197,5277036387,Captsky23,0,89.57001,CPT Harold Fannin Jr. FLEX Jaylen Warren FLEX Deshaun Watson FLEX Quinshon Judkins FLEX Michael Pittman Jr. FLEX Roman Wilson,,,
3197,5277067757,ponz1972,0,89.57001,CPT Harold Fannin Jr. FLEX Jaylen Warren FLEX Deshaun Watson FLEX Quinshon Judkins FLEX Michael Pittman Jr. FLEX Roman Wilson,,,
3197,5277193776,bbking217,0,89.57001,CPT Harold Fannin Jr. FLEX Jaylen Warren FLEX Deshaun Watson FLEX Quinshon Judkins FLEX Michael Pittman Jr. FLEX Roman Wilson,,,
3197,5277398576,MDog51,0,89.57001,CPT Harold Fannin Jr. FLEX Jaylen Warren FLEX Deshaun Watson FLEX Quinshon Judkins FLEX Michael Pittman Jr. FLEX Roman Wilson,,,
3197,5277505545,Driver2209,0,89.57001,CPT Harold Fannin Jr. FLEX Jaylen Warren FLEX Deshaun Watson FLEX Quinshon Judkins FLEX Michael Pittman Jr. FLEX Roman Wilson,,,
3197,5277632950,txblkman,0,89.57001,CPT Harold Fannin Jr. FLEX Jaylen Warren FLEX Deshaun Watson FLEX Quinshon Judkins FLEX Michael Pittman Jr. FLEX Roman Wilson,,,
3197,5277663650,BradHayden75,0,89.57001,CPT Harold Fannin Jr. FLEX Jaylen Warren FLEX Deshaun Watson FLEX Quinshon Judkins FLEX Michael Pittman Jr. FLEX Roman Wilson,,,
3197,5277748080,caine36,0,89.57001,CPT Harold Fannin Jr. FLEX Jaylen Warren FLEX Deshaun Watson FLEX Quinshon Judkins FLEX Michael Pittman Jr. FLEX Roman Wilson,,,
3197,5277865645,austincook624,0,89.57001,CPT Harold Fannin Jr. FLEX Jaylen Warren FLEX Deshaun Watson FLEX Quinshon Judkins FLEX Michael Pittman Jr. FLEX Roman Wilson,,,
3197,5276926843,itinimac,0,89.56999,CPT Harold Fannin Jr. FLEX Deshaun Watson FLEX DK Metcalf FLEX Quinshon Judkins FLEX Chris Boswell FLEX Andre Szmyt,,,
3212,5277351459,ezdzit2047,0,89.53,CPT DK Metcalf FLEX Aaron Rodgers FLEX Deshaun Watson FLEX KC Concepcion Jr. FLEX Chris Boswell FLEX Steelers ,,,
3212,5277838873,afraz98,0,89.53,CPT DK Metcalf FLEX Aaron Rodgers FLEX Deshaun Watson FLEX KC Concepcion Jr. FLEX Chris Boswell FLEX Steelers ,,,
3212,5276895572,Ramboh,0,89.52999,CPT Denzel Boston FLEX Aaron Rodgers FLEX Jaylen Warren FLEX Deshaun Watson FLEX Chris Boswell FLEX Darnell Washington,,,
3212,5277810108,LARamsJeff,0,89.52999,CPT Denzel Boston FLEX Aaron Rodgers FLEX Jaylen Warren FLEX Deshaun Watson FLEX Chris Boswell FLEX Darnell Washington,,,
3216,5277715007,bob.morton,0,89.509995,CPT Travis Homer FLEX Aaron Rodgers FLEX DK Metcalf FLEX Quinshon Judkins FLEX Denzel Boston FLEX Harold Fannin Jr.,,,
3217,5276605741,kevftitz62,0,89.5,CPT Jaylen Warren FLEX Quinshon Judkins FLEX Denzel Boston FLEX Harold Fannin Jr. FLEX Michael Pittman Jr. FLEX Roman Wilson,,,
3217,5277090664,DThomas401,0,89.5,CPT Jaylen Warren FLEX Quinshon Judkins FLEX Denzel Boston FLEX Harold Fannin Jr. FLEX Michael Pittman Jr. FLEX Roman Wilson,,,
3217,5277554768,pdiddy4,0,89.5,CPT Jaylen Warren FLEX Quinshon Judkins FLEX Denzel Boston FLEX Harold Fannin Jr. FLEX Michael Pittman Jr. FLEX Roman Wilson,,,
3217,5277589509,f_ireball,0,89.5,CPT Jaylen Warren FLEX Quinshon Judkins FLEX Denzel Boston FLEX Harold Fannin Jr. FLEX Michael Pittman Jr. FLEX Roman Wilson,,,
3217,5277657867,danderoo1,0,89.5,CPT Jaylen Warren FLEX Quinshon Judkins FLEX Denzel Boston FLEX Harold Fannin Jr. FLEX Michael Pittman Jr. FLEX Roman Wilson,,,
3217,5277872451,YTSmiley27,0,89.5,CPT Jaylen Warren FLEX Quinshon Judkins FLEX Denzel Boston FLEX Harold Fannin Jr. FLEX Michael Pittman Jr. FLEX Roman Wilson,,,
3217,5277855480,litsticks94,0,89.49999,CPT KC Concepcion Jr. FLEX Jaylen Warren FLEX DK Metcalf FLEX Quinshon Judkins FLEX Harold Fannin Jr. FLEX Chris Boswell,,,
3224,5275869634,delfi,0,89.479996,CPT Deshaun Watson FLEX DK Metcalf FLEX Quinshon Judkins FLEX Harold Fannin Jr. FLEX Pat Freiermuth FLEX Raheim Sanders,,,
3224,5277015330,zestynoob261,0,89.479996,CPT Jerry Jeudy FLEX Aaron Rodgers FLEX Jaylen Warren FLEX Deshaun Watson FLEX Quinshon Judkins FLEX Michael Pittman Jr.,,,
3226,5277411796,j0sh_49,0,89.47,CPT DK Metcalf FLEX Jaylen Warren FLEX Deshaun Watson FLEX Harold Fannin Jr. FLEX Steelers  FLEX Andre Szmyt,,,
3226,5277573610,AirJanks,0,89.47,CPT Denzel Boston FLEX Jaylen Warren FLEX Deshaun Watson FLEX Quinshon Judkins FLEX Steelers  FLEX Andre Szmyt,,,
3228,5277608096,kingfootball36,0,89.45,CPT DK Metcalf FLEX Jaylen Warren FLEX Quinshon Judkins FLEX Denzel Boston FLEX Michael Pittman Jr. FLEX Jerry Jeudy,,,
3228,5277798185,Lronburgundy,0,89.45,CPT Harold Fannin Jr. FLEX Jaylen Warren FLEX DK Metcalf FLEX Quinshon Judkins FLEX Michael Pittman Jr. FLEX Darnell Washington,,,
3230,5276930835,HiiLLBiiLLY,0,89.42999,CPT Denzel Boston FLEX Aaron Rodgers FLEX Jaylen Warren FLEX Deshaun Watson FLEX Andre Szmyt FLEX Raheim Sanders,,,
3231,5277039000,cusefan147,0,89.41,CPT Harold Fannin Jr. FLEX Aaron Rodgers FLEX DK Metcalf FLEX Denzel Boston FLEX Michael Pittman Jr. FLEX Andre Szmyt,,,
3231,5277430113,benpschroeder,0,89.41,CPT Harold Fannin Jr. FLEX Aaron Rodgers FLEX DK Metcalf FLEX Denzel Boston FLEX Michael Pittman Jr. FLEX Andre Szmyt,,,
3233,5277442335,jaymay4444,0,89.38,CPT Jaylen Warren FLEX Aaron Rodgers FLEX Deshaun Watson FLEX KC Concepcion Jr. FLEX Chris Boswell FLEX Darnell Washington,,,
3233,5277613333,mkvail8121010,0,89.38,CPT Jaylen Warren FLEX Aaron Rodgers FLEX Deshaun Watson FLEX KC Concepcion Jr. FLEX Chris Boswell FLEX Darnell Washington,,,
3233,5277800083,jroc919nc,0,89.38,CPT Jaylen Warren FLEX Aaron Rodgers FLEX Deshaun Watson FLEX KC Concepcion Jr. FLEX Chris Boswell FLEX Darnell Washington,,,
3236,5276465458,dermo19,0,89.37001,CPT Harold Fannin Jr. FLEX Jaylen Warren FLEX Deshaun Watson FLEX Quinshon Judkins FLEX Pat Freiermuth FLEX Browns ,,,
3236,5276705336,dbadik,0,89.37001,CPT Harold Fannin Jr. FLEX Jaylen Warren FLEX Deshaun Watson FLEX Quinshon Judkins FLEX Pat Freiermuth FLEX Browns ,,,
3236,5276752349,jpreiss,0,89.37001,CPT Harold Fannin Jr. FLEX Jaylen Warren FLEX Deshaun Watson FLEX Quinshon Judkins FLEX Pat Freiermuth FLEX Browns ,,,
3236,5276981044,gamegamer,0,89.37001,CPT Harold Fannin Jr. FLEX Jaylen Warren FLEX Deshaun Watson FLEX Quinshon Judkins FLEX Pat Freiermuth FLEX Browns ,,,
3236,5277035224,Jdogg9855,0,89.37001,CPT Harold Fannin Jr. FLEX Jaylen Warren FLEX Deshaun Watson FLEX Quinshon Judkins FLEX Pat Freiermuth FLEX Browns ,,,
3236,5277476500,sugewhite41,0,89.37001,CPT Harold Fannin Jr. FLEX Jaylen Warren FLEX Deshaun Watson FLEX Quinshon Judkins FLEX Pat Freiermuth FLEX Browns ,,,
3236,5277594141,natec_heels,0,89.37001,CPT Harold Fannin Jr. FLEX Jaylen Warren FLEX Deshaun Watson FLEX Quinshon Judkins FLEX Pat Freiermuth FLEX Browns ,,,
3236,5277620439,Goodson1,0,89.37001,CPT Harold Fannin Jr. FLEX Jaylen Warren FLEX Deshaun Watson FLEX Quinshon Judkins FLEX Pat Freiermuth FLEX Browns ,,,
3236,5277753351,jag3,0,89.37001,CPT Harold Fannin Jr. FLEX Jaylen Warren FLEX Deshaun Watson FLEX Quinshon Judkins FLEX Pat Freiermuth FLEX Browns ,,,
3236,5277754279,juniorjay,0,89.37001,CPT Harold Fannin Jr. FLEX Jaylen Warren FLEX Deshaun Watson FLEX Quinshon Judkins FLEX Pat Freiermuth FLEX Browns ,,,
3236,5277110032,bsachs11,0,89.37,CPT Denzel Boston FLEX Jaylen Warren FLEX Deshaun Watson FLEX Harold Fannin Jr. FLEX KC Concepcion Jr. FLEX Roman Wilson,,,
3236,5277398636,Jadrian7,0,89.369995,CPT Harold Fannin Jr. FLEX Jaylen Warren FLEX Deshaun Watson FLEX Denzel Boston FLEX Andre Szmyt FLEX Roman Wilson,,,
3248,5277141899,jbusch69,0,89.350006,CPT DK Metcalf FLEX Quinshon Judkins FLEX Denzel Boston FLEX Michael Pittman Jr. FLEX KC Concepcion Jr. FLEX Pat Freiermuth,,,
3248,5277551517,brenm001,0,89.35,CPT DK Metcalf FLEX Jaylen Warren FLEX Denzel Boston FLEX Harold Fannin Jr. FLEX Michael Pittman Jr. FLEX Roman Wilson,,,
3250,5275571798,s_steadham,0,89.34,CPT Deshaun Watson FLEX Aaron Rodgers FLEX Jaylen Warren FLEX Harold Fannin Jr. FLEX Chris Boswell FLEX Darnell Washington,,,
3250,5275622396,Freecash,0,89.34,CPT Deshaun Watson FLEX Aaron Rodgers FLEX Jaylen Warren FLEX KC Concepcion Jr. FLEX Chris Boswell FLEX Andre Szmyt,,,
3250,5275746397,MannyFresh813,0,89.34,CPT Deshaun Watson FLEX Aaron Rodgers FLEX Jaylen Warren FLEX KC Concepcion Jr. FLEX Chris Boswell FLEX Andre Szmyt,,,
3250,5275767660,bruce101861,0,89.34,CPT Deshaun Watson FLEX Aaron Rodgers FLEX Harold Fannin Jr. FLEX Michael Pittman Jr. FLEX KC Concepcion Jr. FLEX Roman Wilson,,,
3250,5276051778,GreenBuzz79,0,89.34,CPT Deshaun Watson FLEX Aaron Rodgers FLEX Jaylen Warren FLEX Harold Fannin Jr. FLEX Chris Boswell FLEX Darnell Washington,,,
3250,5276453175,Hillman8er,0,89.34,CPT Deshaun Watson FLEX Aaron Rodgers FLEX Jaylen Warren FLEX Harold Fannin Jr. FLEX Chris Boswell FLEX Darnell Washington,,,
3250,5276516479,Hackstack99,0,89.34,CPT Deshaun Watson FLEX Aaron Rodgers FLEX Jaylen Warren FLEX KC Concepcion Jr. FLEX Chris Boswell FLEX Andre Szmyt,,,
3250,5276920050,LoganGrewe50,0,89.34,CPT Deshaun Watson FLEX Aaron Rodgers FLEX Jaylen Warren FLEX KC Concepcion Jr. FLEX Chris Boswell FLEX Andre Szmyt,,,
3250,5276944630,BrentK1092690,0,89.34,CPT Deshaun Watson FLEX Aaron Rodgers FLEX Jaylen Warren FLEX KC Concepcion Jr. FLEX Chris Boswell FLEX Andre Szmyt,,,
3250,5276965791,noahbakerrrr,0,89.34,CPT Deshaun Watson FLEX Aaron Rodgers FLEX Harold Fannin Jr. FLEX Michael Pittman Jr. FLEX KC Concepcion Jr. FLEX Roman Wilson,,,
3250,5276974391,MambaMentality4Life,0,89.34,CPT Deshaun Watson FLEX Aaron Rodgers FLEX Jaylen Warren FLEX KC Concepcion Jr. FLEX Chris Boswell FLEX Andre Szmyt,,,
3250,5276999359,daveph,0,89.34,CPT Deshaun Watson FLEX Aaron Rodgers FLEX Jaylen Warren FLEX Harold Fannin Jr. FLEX Chris Boswell FLEX Darnell Washington,,,
3250,5277096381,aglover9,0,89.34,CPT Deshaun Watson FLEX Aaron Rodgers FLEX Jaylen Warren FLEX KC Concepcion Jr. FLEX Chris Boswell FLEX Andre Szmyt,,,
3250,5277123825,ctdavis1,0,89.34,CPT Deshaun Watson FLEX Aaron Rodgers FLEX Jaylen Warren FLEX KC Concepcion Jr. FLEX Chris Boswell FLEX Andre Szmyt,,,
3250,5277183266,dillmaak2022,0,89.34,CPT Deshaun Watson FLEX Aaron Rodgers FLEX Jaylen Warren FLEX Harold Fannin Jr. FLEX Chris Boswell FLEX Darnell Washington,,,
3250,5277213586,scn462,0,89.34,CPT Deshaun Watson FLEX Aaron Rodgers FLEX Jaylen Warren FLEX Harold Fannin Jr. FLEX Chris Boswell FLEX Darnell Washington,,,
3250,5277299525,twanbomb4545,0,89.34,CPT Deshaun Watson FLEX Aaron Rodgers FLEX Jaylen Warren FLEX KC Concepcion Jr. FLEX Chris Boswell FLEX Andre Szmyt,,,
3250,5277400234,jeffylube,0,89.34,CPT Deshaun Watson FLEX Aaron Rodgers FLEX Jaylen Warren FLEX KC Concepcion Jr. FLEX Chris Boswell FLEX Andre Szmyt,,,
3250,5277468145,gurleygirl81,0,89.34,CPT Deshaun Watson FLEX Aaron Rodgers FLEX Jaylen Warren FLEX Harold Fannin Jr. FLEX Chris Boswell FLEX Darnell Washington,,,
3250,5277550049,knightsball04,0,89.34,CPT Deshaun Watson FLEX Aaron Rodgers FLEX Jaylen Warren FLEX Harold Fannin Jr. FLEX Chris Boswell FLEX Darnell Washington,,,
3250,5277595655,Brizzle00,0,89.34,CPT Deshaun Watson FLEX Aaron Rodgers FLEX Jaylen Warren FLEX KC Concepcion Jr. FLEX Chris Boswell FLEX Andre Szmyt,,,
3250,5277613888,lurch123,0,89.34,CPT Deshaun Watson FLEX Aaron Rodgers FLEX Jaylen Warren FLEX KC Concepcion Jr. FLEX Chris Boswell FLEX Andre Szmyt,,,
3250,5277665500,garyjames84,0,89.34,CPT Deshaun Watson FLEX Aaron Rodgers FLEX Jaylen Warren FLEX KC Concepcion Jr. FLEX Chris Boswell FLEX Andre Szmyt,,,
3250,5277735517,safd2731,0,89.34,CPT Deshaun Watson FLEX Aaron Rodgers FLEX Jaylen Warren FLEX Harold Fannin Jr. FLEX Chris Boswell FLEX Darnell Washington,,,
3250,5277741907,dmarcell9,0,89.34,CPT Deshaun Watson FLEX Aaron Rodgers FLEX Jaylen Warren FLEX Harold Fannin Jr. FLEX Chris Boswell FLEX Darnell Washington,,,
3250,5277770732,DonkeyPunchers,0,89.34,CPT Deshaun Watson FLEX Aaron Rodgers FLEX Jaylen Warren FLEX KC Concepcion Jr. FLEX Chris Boswell FLEX Andre Szmyt,,,
3250,5277789421,swany28,0,89.34,CPT Deshaun Watson FLEX Aaron Rodgers FLEX Jaylen Warren FLEX KC Concepcion Jr. FLEX Chris Boswell FLEX Andre Szmyt,,,
3277,5277420163,Gabe57,0,89.32001,CPT Browns  FLEX Jaylen Warren FLEX Deshaun Watson FLEX Quinshon Judkins FLEX Harold Fannin Jr. FLEX Andre Szmyt,,,
3277,5277639715,cpal123,0,89.32001,CPT Browns  FLEX Jaylen Warren FLEX Deshaun Watson FLEX Quinshon Judkins FLEX Harold Fannin Jr. FLEX Andre Szmyt,,,
3277,5277323038,bghowes,0,89.32,CPT Quinshon Judkins FLEX Deshaun Watson FLEX Denzel Boston FLEX Harold Fannin Jr. FLEX KC Concepcion Jr. FLEX Steelers ,,,
3277,5277606188,Mambo7,0,89.32,CPT Quinshon Judkins FLEX Jaylen Warren FLEX Deshaun Watson FLEX KC Concepcion Jr. FLEX Steelers  FLEX Browns ,,,
3281,5277583985,mancavekev,0,89.3,CPT Quinshon Judkins FLEX Jaylen Warren FLEX DK Metcalf FLEX Harold Fannin Jr. FLEX Michael Pittman Jr. FLEX Jerry Jeudy,,,
3281,5277796958,MILLIONDOLLABABY9,0,89.299995,CPT Steelers  FLEX Jaylen Warren FLEX DK Metcalf FLEX Quinshon Judkins FLEX Denzel Boston FLEX Pat Freiermuth,,,
3283,5276821865,B1gSweets,0,89.28,CPT Deshaun Watson FLEX Jaylen Warren FLEX Quinshon Judkins FLEX Harold Fannin Jr. FLEX KC Concepcion Jr. FLEX Jerry Jeudy,,,
3283,5277153478,docholiday,0,89.28,CPT Deshaun Watson FLEX Jaylen Warren FLEX Quinshon Judkins FLEX Harold Fannin Jr. FLEX Steelers  FLEX Andre Szmyt,,,
3283,5277664028,jkennedy4,0,89.28,CPT Deshaun Watson FLEX Jaylen Warren FLEX Quinshon Judkins FLEX Harold Fannin Jr. FLEX Steelers  FLEX Andre Szmyt,,,
3283,5277861127,uscbiggie,0,89.28,CPT Deshaun Watson FLEX Jaylen Warren FLEX Quinshon Judkins FLEX Harold Fannin Jr. FLEX Steelers  FLEX Andre Szmyt,,,
3287,5276272467,beetman1963,0,89.259995,CPT Steelers  FLEX Aaron Rodgers FLEX DK Metcalf FLEX Quinshon Judkins FLEX Harold Fannin Jr. FLEX Michael Pittman Jr.,,,
3287,5276568660,bigsig53,0,89.259995,CPT Steelers  FLEX Aaron Rodgers FLEX DK Metcalf FLEX Quinshon Judkins FLEX Harold Fannin Jr. FLEX Michael Pittman Jr.,,,
3287,5277049038,thebobscotch,0,89.259995,CPT Steelers  FLEX Aaron Rodgers FLEX DK Metcalf FLEX Quinshon Judkins FLEX Harold Fannin Jr. FLEX Michael Pittman Jr.,,,
3290,5276893681,GoodGarments,0,89.24,CPT Deshaun Watson FLEX Aaron Rodgers FLEX Jaylen Warren FLEX Harold Fannin Jr. FLEX Andre Szmyt FLEX Raheim Sanders,,,
3290,5276921567,mgz32,0,89.24,CPT Deshaun Watson FLEX Aaron Rodgers FLEX Jaylen Warren FLEX Harold Fannin Jr. FLEX Andre Szmyt FLEX Raheim Sanders,,,
3290,5277367152,DCL1972,0,89.24,CPT Deshaun Watson FLEX Aaron Rodgers FLEX Jaylen Warren FLEX Harold Fannin Jr. FLEX Andre Szmyt FLEX Raheim Sanders,,,
3290,5277445854,JElder,0,89.24,CPT Deshaun Watson FLEX Aaron Rodgers FLEX Jaylen Warren FLEX Harold Fannin Jr. FLEX Andre Szmyt FLEX Raheim Sanders,,,
3294,5276627371,jammitaces,0,89.229996,CPT Harold Fannin Jr. FLEX Aaron Rodgers FLEX Deshaun Watson FLEX Denzel Boston FLEX Michael Pittman Jr. FLEX Roman Wilson,,,
3294,5277179985,Ghostmagic,0,89.229996,CPT Harold Fannin Jr. FLEX Aaron Rodgers FLEX Deshaun Watson FLEX Denzel Boston FLEX Michael Pittman Jr. FLEX Roman Wilson,,,
3294,5277361980,Puckhead420,0,89.229996,CPT Harold Fannin Jr. FLEX Aaron Rodgers FLEX Deshaun Watson FLEX Denzel Boston FLEX Michael Pittman Jr. FLEX Roman Wilson,,,
3297,5276802131,jdayfam,0,89.22,CPT Quinshon Judkins FLEX Jaylen Warren FLEX Deshaun Watson FLEX Denzel Boston FLEX Harold Fannin Jr. FLEX Ben Skowronek,,,
3297,5277399419,marnwinejr115,0,89.22,CPT Quinshon Judkins FLEX Jaylen Warren FLEX Deshaun Watson FLEX Denzel Boston FLEX Harold Fannin Jr. FLEX Ben Skowronek,,,
3297,5277869285,58scott,0,89.21999,CPT Roman Wilson FLEX Deshaun Watson FLEX Quinshon Judkins FLEX Denzel Boston FLEX Harold Fannin Jr. FLEX Michael Pittman Jr.,,,
3300,5277046072,billydynamite,0,89.21,CPT Denzel Boston FLEX Aaron Rodgers FLEX DK Metcalf FLEX Harold Fannin Jr. FLEX Pat Freiermuth FLEX Chris Boswell,,,
3300,5277767181,kushmcpuffton,0,89.20999,CPT Darnell Washington FLEX Aaron Rodgers FLEX Jaylen Warren FLEX Harold Fannin Jr. FLEX KC Concepcion Jr. FLEX Browns ,,,
3302,5276967145,Chevsscamaro,0,89.200005,CPT Jaylen Warren FLEX DK Metcalf FLEX Quinshon Judkins FLEX Harold Fannin Jr. FLEX Chris Boswell FLEX Browns ,,,
3302,5275734685,kloosman,0,89.2,CPT Quinshon Judkins FLEX Jaylen Warren FLEX DK Metcalf FLEX Harold Fannin Jr. FLEX Chris Boswell FLEX Steelers ,,,
3302,5276197248,JustinGATAtexans93,0,89.2,CPT Quinshon Judkins FLEX Jaylen Warren FLEX DK Metcalf FLEX Harold Fannin Jr. FLEX Chris Boswell FLEX Steelers ,,,
3302,5277307645,LonnieBill0722,0,89.2,CPT Quinshon Judkins FLEX Jaylen Warren FLEX DK Metcalf FLEX Harold Fannin Jr. FLEX Chris Boswell FLEX Steelers ,,,
3306,5276336619,navyhmcm,0,89.18,CPT Roman Wilson FLEX Aaron Rodgers FLEX Deshaun Watson FLEX Pat Freiermuth FLEX Steelers  FLEX Browns ,,,
3307,5275539610,noser68,0,89.17,CPT Harold Fannin Jr. FLEX Jaylen Warren FLEX Deshaun Watson FLEX Quinshon Judkins FLEX Denzel Boston FLEX Jerry Jeudy,,,
3307,5276383624,MrTrickE,0,89.17,CPT Harold Fannin Jr. FLEX Jaylen Warren FLEX Deshaun Watson FLEX Quinshon Judkins FLEX Denzel Boston FLEX Jerry Jeudy,,,
3307,5276938548,Catblue1230,0,89.17,CPT Harold Fannin Jr. FLEX Jaylen Warren FLEX Deshaun Watson FLEX Quinshon Judkins FLEX Denzel Boston FLEX Jerry Jeudy,,,
3307,5277228579,brianjones211,0,89.17,CPT Harold Fannin Jr. FLEX Jaylen Warren FLEX Deshaun Watson FLEX Quinshon Judkins FLEX Denzel Boston FLEX Jerry Jeudy,,,
3307,5277412325,Mr_Phenomenal,0,89.17,CPT Harold Fannin Jr. FLEX Jaylen Warren FLEX Deshaun Watson FLEX Quinshon Judkins FLEX Denzel Boston FLEX Jerry Jeudy,,,
3307,5277563276,Mozanga,0,89.17,CPT Harold Fannin Jr. FLEX Jaylen Warren FLEX Deshaun Watson FLEX DK Metcalf FLEX Quinshon Judkins FLEX Blake Whiteheart,,,
3307,5277595199,ritaandmark,0,89.17,CPT Harold Fannin Jr. FLEX Jaylen Warren FLEX Deshaun Watson FLEX Quinshon Judkins FLEX Denzel Boston FLEX Jerry Jeudy,,,
3307,5277848295,impeccablycomingup,0,89.17,CPT Harold Fannin Jr. FLEX Jaylen Warren FLEX Deshaun Watson FLEX DK Metcalf FLEX Quinshon Judkins FLEX Blake Whiteheart,,,
3307,5277853248,crazyshark321,0,89.17,CPT Harold Fannin Jr. FLEX Jaylen Warren FLEX Deshaun Watson FLEX Quinshon Judkins FLEX Denzel Boston FLEX Jerry Jeudy,,,
3316,5277061714,TRICKPLAY,0,89.12999,CPT Michael Pittman Jr. FLEX Aaron Rodgers FLEX Deshaun Watson FLEX Quinshon Judkins FLEX Harold Fannin Jr. FLEX Darnell Washington,,,
3317,5276480401,lytle87,0,89.1,CPT Browns  FLEX Jaylen Warren FLEX DK Metcalf FLEX Quinshon Judkins FLEX Denzel Boston FLEX Steelers ,,,
3317,5276854918,HardRocks,0,89.1,CPT Jaylen Warren FLEX Quinshon Judkins FLEX Harold Fannin Jr. FLEX Chris Boswell FLEX Andre Szmyt FLEX Roman Wilson,,,
3319,5277257421,jones4646,0,89.06999,CPT Harold Fannin Jr. FLEX Deshaun Watson FLEX Quinshon Judkins FLEX Denzel Boston FLEX KC Concepcion Jr. FLEX Pat Freiermuth,,,
3319,5277340815,Wilco311,0,89.06999,CPT Harold Fannin Jr. FLEX Deshaun Watson FLEX Quinshon Judkins FLEX Denzel Boston FLEX KC Concepcion Jr. FLEX Pat Freiermuth,,,
3319,5277704157,jacob216,0,89.06999,CPT Harold Fannin Jr. FLEX Deshaun Watson FLEX DK Metcalf FLEX Quinshon Judkins FLEX Michael Pittman Jr. FLEX Andre Szmyt,,,
3322,5277254496,frank4682,0,89.020004,CPT Quinshon Judkins FLEX Jaylen Warren FLEX Deshaun Watson FLEX KC Concepcion Jr. FLEX Pat Freiermuth FLEX Chris Boswell,,,
3322,5277588472,fantasygolfinsidercm,0,89.020004,CPT Quinshon Judkins FLEX Jaylen Warren FLEX Deshaun Watson FLEX KC Concepcion Jr. FLEX Pat Freiermuth FLEX Chris Boswell,,,
3322,5277685815,Catch_1,0,89.020004,CPT Quinshon Judkins FLEX Jaylen Warren FLEX Deshaun Watson FLEX KC Concepcion Jr. FLEX Pat Freiermuth FLEX Chris Boswell,,,
3322,5277850558,dallas1shun,0,89.020004,CPT Quinshon Judkins FLEX Jaylen Warren FLEX Deshaun Watson FLEX KC Concepcion Jr. FLEX Pat Freiermuth FLEX Chris Boswell,,,
3322,5277855023,inez_vb,0,89.02,CPT Jaylen Warren FLEX Deshaun Watson FLEX Quinshon Judkins FLEX KC Concepcion Jr. FLEX Steelers  FLEX Darnell Washington,,,
3327,5277251898,BlewDatNation11,0,89,CPT Quinshon Judkins FLEX DK Metcalf FLEX Denzel Boston FLEX Harold Fannin Jr. FLEX Michael Pittman Jr. FLEX Browns ,,,
3328,5276483576,mattcoster37,0,88.98,CPT Jaylen Warren FLEX Aaron Rodgers FLEX Deshaun Watson FLEX Pat Freiermuth FLEX Chris Boswell FLEX Andre Szmyt,,,
3328,5277249305,Hoopster85,0,88.98,CPT Jaylen Warren FLEX Aaron Rodgers FLEX Deshaun Watson FLEX Pat Freiermuth FLEX Chris Boswell FLEX Andre Szmyt,,,
3328,5277589510,EagleSWOOP,0,88.98,CPT Jaylen Warren FLEX Aaron Rodgers FLEX Deshaun Watson FLEX Pat Freiermuth FLEX Chris Boswell FLEX Andre Szmyt,,,
3328,5277664024,ynkeefan77,0,88.98,CPT Jaylen Warren FLEX Aaron Rodgers FLEX Deshaun Watson FLEX Pat Freiermuth FLEX Chris Boswell FLEX Andre Szmyt,,,
3328,5275720653,wellborntay,0,88.979996,CPT Jaylen Warren FLEX Aaron Rodgers FLEX Deshaun Watson FLEX Steelers  FLEX Browns  FLEX Darnell Washington,,,
3328,5276697005,jericho911,0,88.979996,CPT Deshaun Watson FLEX Quinshon Judkins FLEX Denzel Boston FLEX Harold Fannin Jr. FLEX Chris Boswell FLEX Roman Wilson,,,
3334,5276654460,Henn1015,0,88.97,CPT Harold Fannin Jr. FLEX Deshaun Watson FLEX DK Metcalf FLEX Quinshon Judkins FLEX KC Concepcion Jr. FLEX Chris Boswell,,,
3334,5276994705,zandwich,0,88.97,CPT Harold Fannin Jr. FLEX Deshaun Watson FLEX DK Metcalf FLEX Quinshon Judkins FLEX KC Concepcion Jr. FLEX Chris Boswell,,,
3336,5276545774,jrtexan,0,88.95,CPT Harold Fannin Jr. FLEX Jaylen Warren FLEX DK Metcalf FLEX Quinshon Judkins FLEX Pat Freiermuth FLEX Chris Boswell,,,
3336,5277674471,bhop814,0,88.95,CPT Harold Fannin Jr. FLEX Jaylen Warren FLEX DK Metcalf FLEX Quinshon Judkins FLEX Pat Freiermuth FLEX Chris Boswell,,,
3336,5277789066,Mrjohn1,0,88.95,CPT Harold Fannin Jr. FLEX Jaylen Warren FLEX DK Metcalf FLEX Quinshon Judkins FLEX Pat Freiermuth FLEX Chris Boswell,,,
3339,5277769875,jonjen6996,0,88.939995,CPT Deshaun Watson FLEX Aaron Rodgers FLEX Jaylen Warren FLEX Harold Fannin Jr. FLEX Raheim Sanders FLEX Darnell Washington,,,
3340,5276591947,mojolevi1,0,88.92999,CPT Harold Fannin Jr. FLEX Aaron Rodgers FLEX Deshaun Watson FLEX DK Metcalf FLEX Chris Boswell FLEX Browns ,,,
3340,5276685886,cajunkid66,0,88.92999,CPT Harold Fannin Jr. FLEX Aaron Rodgers FLEX Deshaun Watson FLEX DK Metcalf FLEX Chris Boswell FLEX Browns ,,,
3340,5276708300,spiliff14,0,88.92999,CPT Harold Fannin Jr. FLEX Aaron Rodgers FLEX Deshaun Watson FLEX DK Metcalf FLEX Chris Boswell FLEX Browns ,,,
3343,5277478566,marcus93t,0,88.920006,CPT Jaylen Warren FLEX Deshaun Watson FLEX Quinshon Judkins FLEX Harold Fannin Jr. FLEX Pat Freiermuth FLEX Jerry Jeudy,,,
3344,5277238417,jerryg-29,0,88.88,CPT Steelers  FLEX Aaron Rodgers FLEX Deshaun Watson FLEX Denzel Boston FLEX Harold Fannin Jr. FLEX Roman Wilson,,,
3344,5277876806,jdb19761,0,88.88,CPT Steelers  FLEX Aaron Rodgers FLEX Jaylen Warren FLEX Deshaun Watson FLEX Browns  FLEX Roman Wilson,,,
3346,5276820034,kelly11607,0,88.86,CPT Jaylen Warren FLEX Aaron Rodgers FLEX DK Metcalf FLEX Chris Boswell FLEX Steelers  FLEX Andre Szmyt,,,
3346,5276946182,Calbot,0,88.86,CPT Jaylen Warren FLEX Aaron Rodgers FLEX DK Metcalf FLEX Chris Boswell FLEX Steelers  FLEX Andre Szmyt,,,
3346,5277012426,fuegoinsac,0,88.86,CPT Jaylen Warren FLEX Aaron Rodgers FLEX DK Metcalf FLEX Chris Boswell FLEX Steelers  FLEX Andre Szmyt,,,
3346,5277272043,dwalsh1212,0,88.86,CPT Jaylen Warren FLEX Aaron Rodgers FLEX DK Metcalf FLEX KC Concepcion Jr. FLEX Chris Boswell FLEX Jerry Jeudy,,,
3346,5277405675,jgaspary,0,88.86,CPT Jaylen Warren FLEX Aaron Rodgers FLEX DK Metcalf FLEX Chris Boswell FLEX Steelers  FLEX Andre Szmyt,,,
3346,5277476221,Cindy456,0,88.86,CPT Jaylen Warren FLEX Aaron Rodgers FLEX DK Metcalf FLEX Chris Boswell FLEX Steelers  FLEX Andre Szmyt,,,
3346,5277818418,HUNTERZW,0,88.86,CPT Jaylen Warren FLEX Aaron Rodgers FLEX DK Metcalf FLEX Denzel Boston FLEX Steelers  FLEX Germie Bernard,,,
3346,5277830639,Fruudm,0,88.86,CPT Jaylen Warren FLEX Aaron Rodgers FLEX DK Metcalf FLEX Chris Boswell FLEX Steelers  FLEX Andre Szmyt,,,
3354,5277562902,sose,0,88.799995,CPT KC Concepcion Jr. FLEX Jaylen Warren FLEX DK Metcalf FLEX Quinshon Judkins FLEX Steelers  FLEX Browns ,,,
3354,5277639899,jzavala3415,0,88.799995,CPT Steelers  FLEX Jaylen Warren FLEX DK Metcalf FLEX Quinshon Judkins FLEX Harold Fannin Jr. FLEX KC Concepcion Jr.,,,
3356,5276527899,olivrb22,0,88.76,CPT Aaron Rodgers FLEX Jaylen Warren FLEX Deshaun Watson FLEX Harold Fannin Jr. FLEX Pat Freiermuth FLEX Travis Homer,,,
3357,5276037322,arnimal,0,88.72,CPT Browns  FLEX Jaylen Warren FLEX Deshaun Watson FLEX Quinshon Judkins FLEX Harold Fannin Jr. FLEX KC Concepcion Jr.,,,
3357,5276077764,ColombianCoffee,0,88.72,CPT Browns  FLEX Jaylen Warren FLEX Deshaun Watson FLEX Quinshon Judkins FLEX Harold Fannin Jr. FLEX KC Concepcion Jr.,,,
3357,5276423046,moneyteammayweather,0,88.72,CPT Browns  FLEX Jaylen Warren FLEX Deshaun Watson FLEX Quinshon Judkins FLEX Harold Fannin Jr. FLEX KC Concepcion Jr.,,,
3357,5277306470,acarcich,0,88.72,CPT Browns  FLEX Jaylen Warren FLEX Deshaun Watson FLEX Quinshon Judkins FLEX Harold Fannin Jr. FLEX KC Concepcion Jr.,,,
3357,5277757992,BrownsTown82,0,88.72,CPT Browns  FLEX Jaylen Warren FLEX Deshaun Watson FLEX Quinshon Judkins FLEX Harold Fannin Jr. FLEX KC Concepcion Jr.,,,
3357,5277768462,punchie_ca,0,88.72,CPT Browns  FLEX Jaylen Warren FLEX Deshaun Watson FLEX Quinshon Judkins FLEX Harold Fannin Jr. FLEX KC Concepcion Jr.,,,
3363,5276094227,scuba47,0,88.700005,CPT Jaylen Warren FLEX DK Metcalf FLEX Harold Fannin Jr. FLEX KC Concepcion Jr. FLEX Pat Freiermuth FLEX Andre Szmyt,,,
3364,5275763465,doogs74,0,88.68,CPT Jaylen Warren FLEX Aaron Rodgers FLEX Deshaun Watson FLEX KC Concepcion Jr. FLEX Steelers  FLEX Browns ,,,
3364,5276389590,TakeoverTarget,0,88.68,CPT Jaylen Warren FLEX Aaron Rodgers FLEX Deshaun Watson FLEX KC Concepcion Jr. FLEX Steelers  FLEX Browns ,,,
3364,5276827841,devannah,0,88.68,CPT Jaylen Warren FLEX Aaron Rodgers FLEX Deshaun Watson FLEX KC Concepcion Jr. FLEX Steelers  FLEX Browns ,,,
3364,5276931517,davidbust,0,88.68,CPT Jaylen Warren FLEX Aaron Rodgers FLEX Deshaun Watson FLEX Chris Boswell FLEX Steelers  FLEX Roman Wilson,,,
3364,5276962104,piejah,0,88.68,CPT Jaylen Warren FLEX Aaron Rodgers FLEX Deshaun Watson FLEX KC Concepcion Jr. FLEX Steelers  FLEX Browns ,,,
3364,5277056923,mindofnostrezz,0,88.68,CPT Jaylen Warren FLEX Aaron Rodgers FLEX Deshaun Watson FLEX Chris Boswell FLEX Steelers  FLEX Roman Wilson,,,
3364,5277078960,KneeInDrewBrees,0,88.68,CPT Jaylen Warren FLEX Aaron Rodgers FLEX Deshaun Watson FLEX Pat Freiermuth FLEX Chris Boswell FLEX Darnell Washington,,,
3364,5277223999,justin2177,0,88.68,CPT Jaylen Warren FLEX Aaron Rodgers FLEX Deshaun Watson FLEX Chris Boswell FLEX Steelers  FLEX Roman Wilson,,,
3364,5277250650,Mhaz12,0,88.68,CPT Jaylen Warren FLEX Aaron Rodgers FLEX Deshaun Watson FLEX KC Concepcion Jr. FLEX Steelers  FLEX Browns ,,,
3364,5277253197,MickeyAO,0,88.68,CPT Jaylen Warren FLEX Aaron Rodgers FLEX Deshaun Watson FLEX KC Concepcion Jr. FLEX Steelers  FLEX Browns ,,,
3364,5277375871,yobow,0,88.68,CPT Jaylen Warren FLEX Aaron Rodgers FLEX Deshaun Watson FLEX KC Concepcion Jr. FLEX Steelers  FLEX Browns ,,,
3364,5277400374,Qcm772005,0,88.68,CPT Jaylen Warren FLEX Aaron Rodgers FLEX Deshaun Watson FLEX KC Concepcion Jr. FLEX Steelers  FLEX Browns ,,,
3364,5277423244,ShahzDaddy,0,88.68,CPT Jaylen Warren FLEX Aaron Rodgers FLEX Deshaun Watson FLEX KC Concepcion Jr. FLEX Steelers  FLEX Browns ,,,
3364,5277425620,rokbox310,0,88.68,CPT Jaylen Warren FLEX Aaron Rodgers FLEX Deshaun Watson FLEX KC Concepcion Jr. FLEX Steelers  FLEX Browns ,,,
3364,5277436349,kingNayo,0,88.68,CPT Jaylen Warren FLEX Aaron Rodgers FLEX Deshaun Watson FLEX Chris Boswell FLEX Steelers  FLEX Roman Wilson,,,
3364,5277471848,Albino_Zebra,0,88.68,CPT Jaylen Warren FLEX Aaron Rodgers FLEX Deshaun Watson FLEX Chris Boswell FLEX Steelers  FLEX Roman Wilson,,,
3364,5277586705,rickeystclair,0,88.68,CPT Jaylen Warren FLEX Aaron Rodgers FLEX Deshaun Watson FLEX Chris Boswell FLEX Steelers  FLEX Roman Wilson,,,
3364,5277600197,Louise831,0,88.68,CPT Jaylen Warren FLEX Aaron Rodgers FLEX Deshaun Watson FLEX KC Concepcion Jr. FLEX Steelers  FLEX Browns ,,,
3364,5277778564,flachstallion29,0,88.68,CPT Jaylen Warren FLEX Aaron Rodgers FLEX Deshaun Watson FLEX KC Concepcion Jr. FLEX Steelers  FLEX Browns ,,,
3364,5277868451,biggzz23,0,88.68,CPT Jaylen Warren FLEX Aaron Rodgers FLEX Deshaun Watson FLEX KC Concepcion Jr. FLEX Steelers  FLEX Browns ,,,
3384,5276589362,porkchop011,0,88.67,CPT Denzel Boston FLEX Jaylen Warren FLEX Deshaun Watson FLEX Harold Fannin Jr. FLEX Pat Freiermuth FLEX Roman Wilson,,,
3384,5276786250,Spaul85,0,88.67,CPT DK Metcalf FLEX Deshaun Watson FLEX Denzel Boston FLEX Harold Fannin Jr. FLEX Michael Pittman Jr. FLEX Roman Wilson,,,
3384,5277098905,khaygood086,0,88.67,CPT Denzel Boston FLEX Jaylen Warren FLEX Deshaun Watson FLEX Harold Fannin Jr. FLEX Pat Freiermuth FLEX Roman Wilson,,,
3384,5277814916,mayes1968,0,88.67,CPT Denzel Boston FLEX Jaylen Warren FLEX Deshaun Watson FLEX Harold Fannin Jr. FLEX Pat Freiermuth FLEX Roman Wilson,,,
3388,5277793517,cltroyer,0,88.659996,CPT Chris Boswell FLEX Aaron Rodgers FLEX Jaylen Warren FLEX DK Metcalf FLEX Denzel Boston FLEX Pat Freiermuth,,,
3389,5277481458,49er114,0,88.649994,CPT Denzel Boston FLEX Jaylen Warren FLEX DK Metcalf FLEX Quinshon Judkins FLEX Steelers  FLEX Jerry Jeudy,,,
3390,5276833067,ballsoffire,0,88.63999,CPT Deshaun Watson FLEX Aaron Rodgers FLEX Jaylen Warren FLEX Pat Freiermuth FLEX Chris Boswell FLEX Andre Szmyt,,,
3390,5277471269,ybdl,0,88.63999,CPT Deshaun Watson FLEX Aaron Rodgers FLEX Jaylen Warren FLEX Pat Freiermuth FLEX Chris Boswell FLEX Andre Szmyt,,,
3392,5276060005,trans-sabre,0,88.62,CPT Quinshon Judkins FLEX Jaylen Warren FLEX Deshaun Watson FLEX Pat Freiermuth FLEX Steelers  FLEX Browns ,,,
3392,5277643819,dlpj82,0,88.619995,CPT Quinshon Judkins FLEX Deshaun Watson FLEX DK Metcalf FLEX Harold Fannin Jr. FLEX Michael Pittman Jr. FLEX Jerry Jeudy,,,
3394,5275534175,brad42034,0,88.579994,CPT Rico Dowdle FLEX Aaron Rodgers FLEX Deshaun Watson FLEX Quinshon Judkins FLEX Harold Fannin Jr. FLEX Roman Wilson,,,
3395,5276008539,sammwhit,0,88.57001,CPT Harold Fannin Jr. FLEX Jaylen Warren FLEX Deshaun Watson FLEX DK Metcalf FLEX Browns  FLEX Andre Szmyt,,,
3396,5277629902,hititharder,0,88.54,CPT Aaron Rodgers FLEX DK Metcalf FLEX Denzel Boston FLEX Michael Pittman Jr. FLEX Pat Freiermuth FLEX Steelers ,,,
3397,5277427399,jimcon2,0,88.52,CPT Jaylen Warren FLEX Deshaun Watson FLEX Quinshon Judkins FLEX Denzel Boston FLEX Chris Boswell FLEX Darnell Washington,,,
3398,5277116565,jimbo484848,0,88.479996,CPT Deshaun Watson FLEX Quinshon Judkins FLEX Denzel Boston FLEX Harold Fannin Jr. FLEX Michael Pittman Jr. FLEX Roman Wilson,,,
3398,5277211967,schoolkidz,0,88.479996,CPT Deshaun Watson FLEX Quinshon Judkins FLEX Denzel Boston FLEX Harold Fannin Jr. FLEX Michael Pittman Jr. FLEX Roman Wilson,,,
3400,5276254595,es18car,0,88.46,CPT Jaylen Warren FLEX Aaron Rodgers FLEX Quinshon Judkins FLEX Michael Pittman Jr. FLEX Chris Boswell FLEX Andre Szmyt,,,
3400,5276631186,SD.BOLTZ,0,88.46,CPT Jaylen Warren FLEX Aaron Rodgers FLEX Harold Fannin Jr. FLEX KC Concepcion Jr. FLEX Steelers  FLEX Andre Szmyt,,,
3400,5277734446,Bigzyw,0,88.46,CPT Jaylen Warren FLEX Aaron Rodgers FLEX Quinshon Judkins FLEX Michael Pittman Jr. FLEX Chris Boswell FLEX Andre Szmyt,,,
3400,5276342481,bstewart006,0,88.45999,CPT Aaron Rodgers FLEX Deshaun Watson FLEX Harold Fannin Jr. FLEX Michael Pittman Jr. FLEX Steelers  FLEX Roman Wilson,,,
3404,5276208748,dschuh,0,88.42999,CPT Darnell Washington FLEX Aaron Rodgers FLEX Jaylen Warren FLEX Deshaun Watson FLEX Denzel Boston FLEX Michael Pittman Jr.,,,
3405,5275445042,txplayersoldlady67,0,88.36001,CPT Jaylen Warren FLEX Aaron Rodgers FLEX Denzel Boston FLEX KC Concepcion Jr. FLEX Pat Freiermuth FLEX Steelers ,,,
3405,5276296131,edub1976,0,88.36,CPT Jaylen Warren FLEX Aaron Rodgers FLEX DK Metcalf FLEX Michael Pittman Jr. FLEX Steelers  FLEX Andre Szmyt,,,
3405,5276848466,CAP143,0,88.36,CPT Jaylen Warren FLEX Aaron Rodgers FLEX DK Metcalf FLEX Michael Pittman Jr. FLEX KC Concepcion Jr. FLEX Jerry Jeudy,,,
3405,5277023757,bigpoo44,0,88.36,CPT Aaron Rodgers FLEX Deshaun Watson FLEX DK Metcalf FLEX Michael Pittman Jr. FLEX KC Concepcion Jr. FLEX Germie Bernard,,,
3405,5277266999,SirMayhem,0,88.36,CPT Jaylen Warren FLEX Aaron Rodgers FLEX DK Metcalf FLEX Michael Pittman Jr. FLEX Steelers  FLEX Andre Szmyt,,,
3405,5277466235,bfinney09,0,88.36,CPT Jaylen Warren FLEX Aaron Rodgers FLEX DK Metcalf FLEX Michael Pittman Jr. FLEX Steelers  FLEX Andre Szmyt,,,
3405,5277751949,zero0,0,88.36,CPT Jaylen Warren FLEX Aaron Rodgers FLEX DK Metcalf FLEX Michael Pittman Jr. FLEX Steelers  FLEX Andre Szmyt,,,
3405,5277855142,collins1982,0,88.36,CPT Jaylen Warren FLEX Aaron Rodgers FLEX DK Metcalf FLEX Michael Pittman Jr. FLEX Steelers  FLEX Andre Szmyt,,,
3405,5277857316,toontizzle,0,88.35999,CPT Steelers  FLEX Aaron Rodgers FLEX Jaylen Warren FLEX Harold Fannin Jr. FLEX Roman Wilson FLEX Darnell Washington,,,
3414,5277763580,ragnarock,0,88.34999,CPT Harold Fannin Jr. FLEX Jaylen Warren FLEX Quinshon Judkins FLEX Denzel Boston FLEX Browns  FLEX Darnell Washington,,,
3415,5276607280,LionelHutz,0,88.34,CPT Deshaun Watson FLEX Aaron Rodgers FLEX Jaylen Warren FLEX KC Concepcion Jr. FLEX Steelers  FLEX Browns ,,,
3415,5277437951,MrMustang,0,88.34,CPT Deshaun Watson FLEX Aaron Rodgers FLEX Jaylen Warren FLEX Pat Freiermuth FLEX Chris Boswell FLEX Darnell Washington,,,
3415,5277479300,JBangin,0,88.34,CPT Aaron Rodgers FLEX Jaylen Warren FLEX Denzel Boston FLEX Michael Pittman Jr. FLEX Chris Boswell FLEX Roman Wilson,,,
3415,5277622009,kilzman2,0,88.34,CPT Deshaun Watson FLEX Aaron Rodgers FLEX Jaylen Warren FLEX KC Concepcion Jr. FLEX Steelers  FLEX Browns ,,,
3419,5277217817,vsRedRum4o4,0,88.329994,CPT Denzel Boston FLEX Aaron Rodgers FLEX Deshaun Watson FLEX DK Metcalf FLEX Pat Freiermuth FLEX Travis Homer,,,
3420,5277238845,fatboys98,0,88.31,CPT Denzel Boston FLEX Aaron Rodgers FLEX Jaylen Warren FLEX KC Concepcion Jr. FLEX Steelers  FLEX Andre Szmyt,,,
3420,5277735509,FlyUnion,0,88.31,CPT DK Metcalf FLEX Aaron Rodgers FLEX Quinshon Judkins FLEX Michael Pittman Jr. FLEX Chris Boswell FLEX Steelers ,,,
3422,5277216308,dairwalker,0,88.28,CPT Deshaun Watson FLEX Quinshon Judkins FLEX Denzel Boston FLEX Harold Fannin Jr. FLEX Pat Freiermuth FLEX Browns ,,,
3422,5277605177,Cullenrob09,0,88.28,CPT Jaylen Warren FLEX Aaron Rodgers FLEX Deshaun Watson FLEX Denzel Boston FLEX KC Concepcion Jr. FLEX Ben Skowronek,,,
3422,5275949525,Wolvotic,0,88.27999,CPT KC Concepcion Jr. FLEX Aaron Rodgers FLEX Jaylen Warren FLEX Deshaun Watson FLEX Pat Freiermuth FLEX Steelers ,,,
3422,5277441413,jcobb04,0,88.27999,CPT KC Concepcion Jr. FLEX Aaron Rodgers FLEX Jaylen Warren FLEX Deshaun Watson FLEX Pat Freiermuth FLEX Steelers ,,,
3426,5277571082,ShineCrazyDiamond,0,88.27,CPT DK Metcalf FLEX Deshaun Watson FLEX Quinshon Judkins FLEX Denzel Boston FLEX Steelers  FLEX Raheim Sanders,,,
3427,5275760962,bobbylow,0,88.26,CPT Jaylen Warren FLEX Aaron Rodgers FLEX DK Metcalf FLEX KC Concepcion Jr. FLEX Chris Boswell FLEX Steelers ,,,
3427,5276199838,dbullsfan,0,88.26,CPT Jaylen Warren FLEX Aaron Rodgers FLEX DK Metcalf FLEX KC Concepcion Jr. FLEX Chris Boswell FLEX Steelers ,,,
3427,5276216071,chrisjackson1975,0,88.26,CPT Jaylen Warren FLEX Aaron Rodgers FLEX DK Metcalf FLEX KC Concepcion Jr. FLEX Chris Boswell FLEX Steelers ,,,
3427,5276403835,Szentiger,0,88.26,CPT Jaylen Warren FLEX Aaron Rodgers FLEX DK Metcalf FLEX KC Concepcion Jr. FLEX Chris Boswell FLEX Steelers ,,,
3427,5276465974,davidwinz1960,0,88.26,CPT Jaylen Warren FLEX Aaron Rodgers FLEX DK Metcalf FLEX KC Concepcion Jr. FLEX Chris Boswell FLEX Steelers ,,,
3427,5276686035,Briancohen2,0,88.26,CPT Jaylen Warren FLEX Aaron Rodgers FLEX DK Metcalf FLEX KC Concepcion Jr. FLEX Chris Boswell FLEX Steelers ,,,
3427,5276705709,Capt_Insano,0,88.26,CPT Jaylen Warren FLEX Aaron Rodgers FLEX DK Metcalf FLEX KC Concepcion Jr. FLEX Chris Boswell FLEX Steelers ,,,
3427,5276763025,Neverwin888,0,88.26,CPT Jaylen Warren FLEX Aaron Rodgers FLEX DK Metcalf FLEX KC Concepcion Jr. FLEX Chris Boswell FLEX Steelers ,,,
3427,5276796018,Tpick1964,0,88.26,CPT Jaylen Warren FLEX Aaron Rodgers FLEX DK Metcalf FLEX KC Concepcion Jr. FLEX Chris Boswell FLEX Steelers ,,,
3427,5276820536,kingboyjesse,0,88.26,CPT Jaylen Warren FLEX Aaron Rodgers FLEX DK Metcalf FLEX KC Concepcion Jr. FLEX Chris Boswell FLEX Steelers ,,,
3427,5276858113,Thibeaux87,0,88.26,CPT Jaylen Warren FLEX Aaron Rodgers FLEX DK Metcalf FLEX KC Concepcion Jr. FLEX Chris Boswell FLEX Steelers ,,,
3427,5276884617,smokincc,0,88.26,CPT Jaylen Warren FLEX Aaron Rodgers FLEX DK Metcalf FLEX KC Concepcion Jr. FLEX Chris Boswell FLEX Steelers ,,,
3427,5276905547,niquisition,0,88.26,CPT Jaylen Warren FLEX Aaron Rodgers FLEX DK Metcalf FLEX KC Concepcion Jr. FLEX Chris Boswell FLEX Steelers ,,,
3427,5276914504,Okefenokepie,0,88.26,CPT Jaylen Warren FLEX Aaron Rodgers FLEX DK Metcalf FLEX KC Concepcion Jr. FLEX Chris Boswell FLEX Steelers ,,,
3427,5276938671,creichmuth,0,88.26,CPT Jaylen Warren FLEX Aaron Rodgers FLEX DK Metcalf FLEX KC Concepcion Jr. FLEX Chris Boswell FLEX Steelers ,,,
3427,5276960649,okechukwua94,0,88.26,CPT Jaylen Warren FLEX Aaron Rodgers FLEX DK Metcalf FLEX KC Concepcion Jr. FLEX Chris Boswell FLEX Steelers ,,,
3427,5277008757,SkyU27,0,88.26,CPT Jaylen Warren FLEX Aaron Rodgers FLEX DK Metcalf FLEX KC Concepcion Jr. FLEX Chris Boswell FLEX Steelers ,,,
3427,5277027807,Bigb16,0,88.26,CPT Jaylen Warren FLEX Aaron Rodgers FLEX DK Metcalf FLEX KC Concepcion Jr. FLEX Chris Boswell FLEX Steelers ,,,
3427,5277029001,jwengert0518,0,88.26,CPT Jaylen Warren FLEX Aaron Rodgers FLEX DK Metcalf FLEX KC Concepcion Jr. FLEX Chris Boswell FLEX Steelers ,,,
3427,5277035580,solomex49,0,88.26,CPT Jaylen Warren FLEX Aaron Rodgers FLEX DK Metcalf FLEX KC Concepcion Jr. FLEX Chris Boswell FLEX Steelers ,,,
3427,5277042506,mgionest,0,88.26,CPT Jaylen Warren FLEX Aaron Rodgers FLEX DK Metcalf FLEX KC Concepcion Jr. FLEX Chris Boswell FLEX Steelers ,,,
3427,5277068574,rjorgen,0,88.26,CPT Jaylen Warren FLEX Aaron Rodgers FLEX DK Metcalf FLEX KC Concepcion Jr. FLEX Chris Boswell FLEX Steelers ,,,
3427,5277130510,MnMoney,0,88.26,CPT Jaylen Warren FLEX Aaron Rodgers FLEX DK Metcalf FLEX KC Concepcion Jr. FLEX Chris Boswell FLEX Steelers ,,,
3427,5277130552,MattC100,0,88.26,CPT Jaylen Warren FLEX Aaron Rodgers FLEX DK Metcalf FLEX KC Concepcion Jr. FLEX Chris Boswell FLEX Steelers ,,,
3427,5277214624,jdhague,0,88.26,CPT Jaylen Warren FLEX Aaron Rodgers FLEX DK Metcalf FLEX KC Concepcion Jr. FLEX Chris Boswell FLEX Steelers ,,,
3427,5277236444,Rusty_P11,0,88.26,CPT Jaylen Warren FLEX Aaron Rodgers FLEX DK Metcalf FLEX KC Concepcion Jr. FLEX Chris Boswell FLEX Steelers ,,,
3427,5277271078,relevanthought,0,88.26,CPT Jaylen Warren FLEX Aaron Rodgers FLEX DK Metcalf FLEX KC Concepcion Jr. FLEX Chris Boswell FLEX Steelers ,,,
3427,5277282918,jrmurphy2,0,88.26,CPT Jaylen Warren FLEX Aaron Rodgers FLEX DK Metcalf FLEX KC Concepcion Jr. FLEX Chris Boswell FLEX Steelers ,,,
3427,5277284351,ninjarabbit1,0,88.26,CPT Jaylen Warren FLEX Aaron Rodgers FLEX DK Metcalf FLEX KC Concepcion Jr. FLEX Chris Boswell FLEX Steelers ,,,
3427,5277286915,lukiej07,0,88.26,CPT Jaylen Warren FLEX Aaron Rodgers FLEX DK Metcalf FLEX KC Concepcion Jr. FLEX Chris Boswell FLEX Steelers ,,,
3427,5277319441,LSAB,0,88.26,CPT Jaylen Warren FLEX Aaron Rodgers FLEX DK Metcalf FLEX KC Concepcion Jr. FLEX Chris Boswell FLEX Steelers ,,,
3427,5277324974,Nola2728,0,88.26,CPT Jaylen Warren FLEX Aaron Rodgers FLEX DK Metcalf FLEX KC Concepcion Jr. FLEX Chris Boswell FLEX Steelers ,,,
3427,5277354245,werosh,0,88.26,CPT Jaylen Warren FLEX Aaron Rodgers FLEX DK Metcalf FLEX KC Concepcion Jr. FLEX Chris Boswell FLEX Steelers ,,,
3427,5277401875,coachdejesus,0,88.26,CPT Jaylen Warren FLEX Aaron Rodgers FLEX DK Metcalf FLEX KC Concepcion Jr. FLEX Chris Boswell FLEX Steelers ,,,
3427,5277417201,PittPantherFan5,0,88.26,CPT Jaylen Warren FLEX Aaron Rodgers FLEX DK Metcalf FLEX KC Concepcion Jr. FLEX Chris Boswell FLEX Steelers ,,,
3427,5277477731,fredgeo77,0,88.26,CPT Jaylen Warren FLEX Aaron Rodgers FLEX DK Metcalf FLEX KC Concepcion Jr. FLEX Chris Boswell FLEX Steelers ,,,
3427,5277499005,rustykuntz,0,88.26,CPT Jaylen Warren FLEX Aaron Rodgers FLEX DK Metcalf FLEX KC Concepcion Jr. FLEX Chris Boswell FLEX Steelers ,,,
3427,5277512891,jlove261,0,88.26,CPT Jaylen Warren FLEX Aaron Rodgers FLEX DK Metcalf FLEX KC Concepcion Jr. FLEX Chris Boswell FLEX Steelers ,,,
3427,5277516331,AstroPepper,0,88.26,CPT Jaylen Warren FLEX Aaron Rodgers FLEX DK Metcalf FLEX KC Concepcion Jr. FLEX Chris Boswell FLEX Steelers ,,,
3427,5277548795,GatorMAB,0,88.26,CPT Jaylen Warren FLEX Aaron Rodgers FLEX DK Metcalf FLEX KC Concepcion Jr. FLEX Chris Boswell FLEX Steelers ,,,
3427,5277592855,Brazizad1738,0,88.26,CPT Jaylen Warren FLEX Aaron Rodgers FLEX DK Metcalf FLEX KC Concepcion Jr. FLEX Chris Boswell FLEX Steelers ,,,
3427,5277620198,Zzdelizz,0,88.26,CPT Jaylen Warren FLEX Aaron Rodgers FLEX DK Metcalf FLEX KC Concepcion Jr. FLEX Chris Boswell FLEX Steelers ,,,
3427,5277626986,noberg,0,88.26,CPT Jaylen Warren FLEX Aaron Rodgers FLEX DK Metcalf FLEX KC Concepcion Jr. FLEX Chris Boswell FLEX Steelers ,,,
3427,5277630840,nbuccola,0,88.26,CPT Jaylen Warren FLEX Aaron Rodgers FLEX DK Metcalf FLEX KC Concepcion Jr. FLEX Chris Boswell FLEX Steelers ,,,
3427,5277662720,mrclean913,0,88.26,CPT Jaylen Warren FLEX Aaron Rodgers FLEX DK Metcalf FLEX KC Concepcion Jr. FLEX Chris Boswell FLEX Steelers ,,,
3427,5277694260,jwg0411,0,88.26,CPT Jaylen Warren FLEX Aaron Rodgers FLEX DK Metcalf FLEX KC Concepcion Jr. FLEX Chris Boswell FLEX Steelers ,,,
3427,5277710352,wibber,0,88.26,CPT Jaylen Warren FLEX Aaron Rodgers FLEX DK Metcalf FLEX KC Concepcion Jr. FLEX Chris Boswell FLEX Steelers ,,,
3427,5277766699,crlarkin24,0,88.26,CPT Jaylen Warren FLEX Aaron Rodgers FLEX DK Metcalf FLEX KC Concepcion Jr. FLEX Chris Boswell FLEX Steelers ,,,
3427,5276777140,seminoles1057,0,88.259995,CPT Aaron Rodgers FLEX Deshaun Watson FLEX DK Metcalf FLEX Pat Freiermuth FLEX Steelers  FLEX Isaiah Bond,,,
3476,5276718582,yuncie79,0,88.229996,CPT Pat Freiermuth FLEX Aaron Rodgers FLEX Jaylen Warren FLEX Deshaun Watson FLEX Harold Fannin Jr. FLEX Steelers ,,,
3476,5277058901,BryantShuford,0,88.229996,CPT Pat Freiermuth FLEX Aaron Rodgers FLEX Jaylen Warren FLEX Deshaun Watson FLEX Harold Fannin Jr. FLEX Steelers ,,,
3476,5277181061,KenTasch,0,88.229996,CPT Pat Freiermuth FLEX Aaron Rodgers FLEX Jaylen Warren FLEX Deshaun Watson FLEX Harold Fannin Jr. FLEX Steelers ,,,
3476,5277395181,robbozero,0,88.229996,CPT Pat Freiermuth FLEX Aaron Rodgers FLEX Jaylen Warren FLEX Deshaun Watson FLEX Harold Fannin Jr. FLEX Steelers ,,,
3476,5277816694,oldmankev,0,88.229996,CPT Pat Freiermuth FLEX Aaron Rodgers FLEX Jaylen Warren FLEX Deshaun Watson FLEX Harold Fannin Jr. FLEX Steelers ,,,
3476,5277851813,Sally_Bunn,0,88.229996,CPT Pat Freiermuth FLEX Aaron Rodgers FLEX Jaylen Warren FLEX Deshaun Watson FLEX Harold Fannin Jr. FLEX Steelers ,,,
3482,5276672981,adamcik,0,88.18,CPT Jaylen Warren FLEX Aaron Rodgers FLEX Deshaun Watson FLEX Michael Pittman Jr. FLEX Steelers  FLEX Roman Wilson,,,
3482,5275856119,austinj411,0,88.17999,CPT Deshaun Watson FLEX Jaylen Warren FLEX Harold Fannin Jr. FLEX KC Concepcion Jr. FLEX Pat Freiermuth FLEX Roman Wilson,,,
3482,5276395385,shox1421,0,88.17999,CPT Deshaun Watson FLEX Jaylen Warren FLEX Quinshon Judkins FLEX Denzel Boston FLEX Chris Boswell FLEX Darnell Washington,,,
3482,5277650082,CharlieSheenismyhero,0,88.17999,CPT Deshaun Watson FLEX Jaylen Warren FLEX DK Metcalf FLEX Quinshon Judkins FLEX Steelers  FLEX Germie Bernard,,,
3482,5277681971,TakeThePoint,0,88.17999,CPT Deshaun Watson FLEX Jaylen Warren FLEX Quinshon Judkins FLEX Denzel Boston FLEX Chris Boswell FLEX Darnell Washington,,,
3487,5277179995,ZachRGroenendaal,0,88.16,CPT Jaylen Warren FLEX Aaron Rodgers FLEX DK Metcalf FLEX Harold Fannin Jr. FLEX Steelers  FLEX Raheim Sanders,,,
3487,5277248376,RichiG,0,88.16,CPT Jaylen Warren FLEX Aaron Rodgers FLEX DK Metcalf FLEX Harold Fannin Jr. FLEX Steelers  FLEX Raheim Sanders,,,
3487,5277540585,SoFlaBigPete,0,88.16,CPT Jaylen Warren FLEX Aaron Rodgers FLEX DK Metcalf FLEX Harold Fannin Jr. FLEX Steelers  FLEX Raheim Sanders,,,
3487,5277670713,mikehataway,0,88.16,CPT Jaylen Warren FLEX Aaron Rodgers FLEX DK Metcalf FLEX Harold Fannin Jr. FLEX Steelers  FLEX Raheim Sanders,,,
3487,5277771110,toysniper,0,88.16,CPT Jaylen Warren FLEX Aaron Rodgers FLEX DK Metcalf FLEX Harold Fannin Jr. FLEX Steelers  FLEX Raheim Sanders,,,
3487,5277818830,Beamon02,0,88.16,CPT Jaylen Warren FLEX Aaron Rodgers FLEX DK Metcalf FLEX Harold Fannin Jr. FLEX Steelers  FLEX Raheim Sanders,,,
3487,5277642257,Rasnickers,0,88.159996,CPT Chris Boswell FLEX Aaron Rodgers FLEX Jaylen Warren FLEX DK Metcalf FLEX Harold Fannin Jr. FLEX KC Concepcion Jr.,,,
3487,5277644970,k2_falcon,0,88.159996,CPT Chris Boswell FLEX Aaron Rodgers FLEX Jaylen Warren FLEX DK Metcalf FLEX Harold Fannin Jr. FLEX KC Concepcion Jr.,,,
3495,5276183538,B-Rabbit23,0,88.15,CPT Denzel Boston FLEX Jaylen Warren FLEX Quinshon Judkins FLEX Harold Fannin Jr. FLEX Michael Pittman Jr. FLEX Roman Wilson,,,
3495,5276784672,Inferno307,0,88.15,CPT Denzel Boston FLEX Jaylen Warren FLEX Quinshon Judkins FLEX Harold Fannin Jr. FLEX Michael Pittman Jr. FLEX Roman Wilson,,,
3495,5277419079,zacsmith1,0,88.15,CPT DK Metcalf FLEX Jaylen Warren FLEX Quinshon Judkins FLEX Harold Fannin Jr. FLEX Chris Boswell FLEX Steelers ,,,
3498,5276840334,Emac,0,88.14,CPT Deshaun Watson FLEX Aaron Rodgers FLEX DK Metcalf FLEX Harold Fannin Jr. FLEX Chris Boswell FLEX Jerry Jeudy,,,
3498,5277260679,JJslugger,0,88.14,CPT Deshaun Watson FLEX Aaron Rodgers FLEX DK Metcalf FLEX Harold Fannin Jr. FLEX Chris Boswell FLEX Jerry Jeudy,,,
3500,5277763181,NCProWrstlngFN,0,88.11,CPT DK Metcalf FLEX Aaron Rodgers FLEX Jaylen Warren FLEX Harold Fannin Jr. FLEX Chris Boswell FLEX Raheim Sanders,,,
3501,5277655832,signutz,0,88.100006,CPT Quinshon Judkins FLEX Jaylen Warren FLEX Denzel Boston FLEX Harold Fannin Jr. FLEX Michael Pittman Jr. FLEX Andre Szmyt,,,
3501,5277494292,drtyred361,0,88.09999,CPT Steelers  FLEX Jaylen Warren FLEX DK Metcalf FLEX Quinshon Judkins FLEX Harold Fannin Jr. FLEX Pat Freiermuth,,,
3503,5277602880,LRoyTheKing,0,88.079994,CPT Deshaun Watson FLEX Jaylen Warren FLEX Quinshon Judkins FLEX Denzel Boston FLEX Andre Szmyt FLEX Raheim Sanders,,,
3503,5277616289,bonnie2433,0,88.079994,CPT Steelers  FLEX Aaron Rodgers FLEX Deshaun Watson FLEX DK Metcalf FLEX Harold Fannin Jr. FLEX Browns ,,,
3505,5275672911,Peterjames78,0,88.06999,CPT Harold Fannin Jr. FLEX Jaylen Warren FLEX Deshaun Watson FLEX Denzel Boston FLEX Pat Freiermuth FLEX Roman Wilson,,,
3506,5277132300,byrum,0,88.05,CPT Harold Fannin Jr. FLEX Jaylen Warren FLEX Quinshon Judkins FLEX Denzel Boston FLEX Chris Boswell FLEX Roman Wilson,,,
3507,5275432658,mikebkmm5,0,88.03999,CPT Aaron Rodgers FLEX DK Metcalf FLEX Harold Fannin Jr. FLEX Michael Pittman Jr. FLEX KC Concepcion Jr. FLEX Steelers ,,,
3508,5275567445,Grizzly41,0,88.03,CPT Harold Fannin Jr. FLEX Aaron Rodgers FLEX Jaylen Warren FLEX Deshaun Watson FLEX Chris Boswell FLEX Andre Szmyt,,,
3508,5275580695,tsedore9,0,88.03,CPT Harold Fannin Jr. FLEX Aaron Rodgers FLEX Jaylen Warren FLEX Deshaun Watson FLEX Chris Boswell FLEX Andre Szmyt,,,
3508,5275590690,jduck050902,0,88.03,CPT Harold Fannin Jr. FLEX Aaron Rodgers FLEX Jaylen Warren FLEX Deshaun Watson FLEX Chris Boswell FLEX Andre Szmyt,,,
3508,5275604791,dalegeneior,0,88.03,CPT Harold Fannin Jr. FLEX Aaron Rodgers FLEX Jaylen Warren FLEX Deshaun Watson FLEX Chris Boswell FLEX Andre Szmyt,,,
3508,5275877350,scscott0212,0,88.03,CPT Harold Fannin Jr. FLEX Aaron Rodgers FLEX Jaylen Warren FLEX Deshaun Watson FLEX Chris Boswell FLEX Andre Szmyt,,,
3508,5276374032,riosbevo41,0,88.03,CPT Harold Fannin Jr. FLEX Aaron Rodgers FLEX Jaylen Warren FLEX Deshaun Watson FLEX Chris Boswell FLEX Andre Szmyt,,,
3508,5276482817,bigjakewags,0,88.03,CPT Harold Fannin Jr. FLEX Aaron Rodgers FLEX Jaylen Warren FLEX Deshaun Watson FLEX Chris Boswell FLEX Andre Szmyt,,,
3508,5276559355,RubMyBelly,0,88.03,CPT Harold Fannin Jr. FLEX Aaron Rodgers FLEX Jaylen Warren FLEX Deshaun Watson FLEX Chris Boswell FLEX Andre Szmyt,,,
3508,5276633261,RapidDave48,0,88.03,CPT Harold Fannin Jr. FLEX Aaron Rodgers FLEX Jaylen Warren FLEX Deshaun Watson FLEX Chris Boswell FLEX Andre Szmyt,,,
3508,5276702258,mganuc2,0,88.03,CPT Harold Fannin Jr. FLEX Aaron Rodgers FLEX Jaylen Warren FLEX Deshaun Watson FLEX Chris Boswell FLEX Andre Szmyt,,,
3508,5276704084,Crystal241,0,88.03,CPT Harold Fannin Jr. FLEX Aaron Rodgers FLEX Jaylen Warren FLEX Deshaun Watson FLEX Chris Boswell FLEX Andre Szmyt,,,
3508,5276729880,mackers5757,0,88.03,CPT Harold Fannin Jr. FLEX Aaron Rodgers FLEX Jaylen Warren FLEX Deshaun Watson FLEX Chris Boswell FLEX Andre Szmyt,,,
3508,5276813180,bakin_bucs,0,88.03,CPT Harold Fannin Jr. FLEX Aaron Rodgers FLEX Jaylen Warren FLEX Deshaun Watson FLEX Chris Boswell FLEX Andre Szmyt,,,
3508,5276892405,KOdog1,0,88.03,CPT Harold Fannin Jr. FLEX Aaron Rodgers FLEX Jaylen Warren FLEX Deshaun Watson FLEX Chris Boswell FLEX Andre Szmyt,,,
3508,5276910069,J-Law87,0,88.03,CPT Harold Fannin Jr. FLEX Aaron Rodgers FLEX Jaylen Warren FLEX Deshaun Watson FLEX Chris Boswell FLEX Andre Szmyt,,,
3508,5277010230,jbeezy3333,0,88.03,CPT Harold Fannin Jr. FLEX Aaron Rodgers FLEX Jaylen Warren FLEX Deshaun Watson FLEX Chris Boswell FLEX Andre Szmyt,,,
3508,5277014130,jmack0624,0,88.03,CPT Harold Fannin Jr. FLEX Aaron Rodgers FLEX Jaylen Warren FLEX Deshaun Watson FLEX Chris Boswell FLEX Andre Szmyt,,,
3508,5277093369,Maple_Leaf,0,88.03,CPT Harold Fannin Jr. FLEX Aaron Rodgers FLEX Jaylen Warren FLEX Deshaun Watson FLEX Chris Boswell FLEX Andre Szmyt,,,
3508,5277104548,wanders64,0,88.03,CPT Harold Fannin Jr. FLEX Aaron Rodgers FLEX Jaylen Warren FLEX Deshaun Watson FLEX Chris Boswell FLEX Andre Szmyt,,,
3508,5277121244,zacksmith1977,0,88.03,CPT Harold Fannin Jr. FLEX Aaron Rodgers FLEX Jaylen Warren FLEX Deshaun Watson FLEX Chris Boswell FLEX Andre Szmyt,,,
3508,5277128848,Taledd1,0,88.03,CPT Harold Fannin Jr. FLEX Aaron Rodgers FLEX Jaylen Warren FLEX Deshaun Watson FLEX Chris Boswell FLEX Andre Szmyt,,,
3508,5277189638,Judge71,0,88.03,CPT Harold Fannin Jr. FLEX Aaron Rodgers FLEX Jaylen Warren FLEX Deshaun Watson FLEX Chris Boswell FLEX Andre Szmyt,,,
3508,5277241344,kevkev420,0,88.03,CPT Harold Fannin Jr. FLEX Aaron Rodgers FLEX Jaylen Warren FLEX Deshaun Watson FLEX Chris Boswell FLEX Andre Szmyt,,,
3508,5277287307,tbone627,0,88.03,CPT Harold Fannin Jr. FLEX Aaron Rodgers FLEX Jaylen Warren FLEX Deshaun Watson FLEX Chris Boswell FLEX Andre Szmyt,,,
3508,5277316186,leftydrew,0,88.03,CPT Harold Fannin Jr. FLEX Aaron Rodgers FLEX Jaylen Warren FLEX Deshaun Watson FLEX Chris Boswell FLEX Andre Szmyt,,,
3508,5277318021,PManos,0,88.03,CPT Harold Fannin Jr. FLEX Aaron Rodgers FLEX Jaylen Warren FLEX Deshaun Watson FLEX Chris Boswell FLEX Andre Szmyt,,,
3508,5277341999,cjlocker,0,88.03,CPT Harold Fannin Jr. FLEX Aaron Rodgers FLEX Jaylen Warren FLEX Deshaun Watson FLEX Chris Boswell FLEX Andre Szmyt,,,
3508,5277354632,jerseyboys,0,88.03,CPT Harold Fannin Jr. FLEX Aaron Rodgers FLEX Jaylen Warren FLEX Deshaun Watson FLEX Chris Boswell FLEX Andre Szmyt,,,
3508,5277370841,ChefBoiAD,0,88.03,CPT Harold Fannin Jr. FLEX Aaron Rodgers FLEX Jaylen Warren FLEX Deshaun Watson FLEX Chris Boswell FLEX Andre Szmyt,,,
3508,5277414749,Lscanson,0,88.03,CPT Harold Fannin Jr. FLEX Aaron Rodgers FLEX Jaylen Warren FLEX Deshaun Watson FLEX Chris Boswell FLEX Andre Szmyt,,,
3508,5277418730,NaderHader,0,88.03,CPT Harold Fannin Jr. FLEX Aaron Rodgers FLEX Jaylen Warren FLEX Deshaun Watson FLEX Chris Boswell FLEX Andre Szmyt,,,
3508,5277438042,Money-Maker-Mooney,0,88.03,CPT Harold Fannin Jr. FLEX Aaron Rodgers FLEX Jaylen Warren FLEX Deshaun Watson FLEX Chris Boswell FLEX Andre Szmyt,,,
3508,5277472813,ipt007,0,88.03,CPT Harold Fannin Jr. FLEX Aaron Rodgers FLEX Jaylen Warren FLEX Deshaun Watson FLEX Chris Boswell FLEX Andre Szmyt,,,
3508,5277499145,suwu97,0,88.03,CPT Harold Fannin Jr. FLEX Aaron Rodgers FLEX Jaylen Warren FLEX Deshaun Watson FLEX Chris Boswell FLEX Andre Szmyt,,,
3508,5277549334,b14moore,0,88.03,CPT Harold Fannin Jr. FLEX Aaron Rodgers FLEX Jaylen Warren FLEX Deshaun Watson FLEX Chris Boswell FLEX Andre Szmyt,,,
3508,5277573741,delawaredestroyer,0,88.03,CPT Harold Fannin Jr. FLEX Aaron Rodgers FLEX Jaylen Warren FLEX Deshaun Watson FLEX Chris Boswell FLEX Andre Szmyt,,,
3508,5277615755,ehondaz,0,88.03,CPT Harold Fannin Jr. FLEX Aaron Rodgers FLEX Jaylen Warren FLEX Deshaun Watson FLEX Chris Boswell FLEX Andre Szmyt,,,
3508,5277641568,Rosskred,0,88.03,CPT Harold Fannin Jr. FLEX Aaron Rodgers FLEX Jaylen Warren FLEX Deshaun Watson FLEX Chris Boswell FLEX Andre Szmyt,,,
3508,5277652409,t1dolan,0,88.03,CPT Harold Fannin Jr. FLEX Aaron Rodgers FLEX Jaylen Warren FLEX Deshaun Watson FLEX Chris Boswell FLEX Andre Szmyt,,,
3508,5277704026,Stover58,0,88.03,CPT Harold Fannin Jr. FLEX Aaron Rodgers FLEX Jaylen Warren FLEX Deshaun Watson FLEX Chris Boswell FLEX Andre Szmyt,,,
3508,5277714150,breid6012,0,88.03,CPT Harold Fannin Jr. FLEX Aaron Rodgers FLEX Jaylen Warren FLEX Deshaun Watson FLEX Chris Boswell FLEX Andre Szmyt,,,
3508,5277748195,kubester,0,88.03,CPT Harold Fannin Jr. FLEX Aaron Rodgers FLEX Jaylen Warren FLEX Deshaun Watson FLEX Chris Boswell FLEX Andre Szmyt,,,
3508,5277787555,Elmraider,0,88.03,CPT Harold Fannin Jr. FLEX Aaron Rodgers FLEX Jaylen Warren FLEX Deshaun Watson FLEX Chris Boswell FLEX Andre Szmyt,,,
3508,5277797537,blueden33,0,88.03,CPT Harold Fannin Jr. FLEX Aaron Rodgers FLEX Jaylen Warren FLEX Deshaun Watson FLEX Chris Boswell FLEX Andre Szmyt,,,
3508,5277801361,Ramarho5,0,88.03,CPT Harold Fannin Jr. FLEX Aaron Rodgers FLEX Jaylen Warren FLEX Deshaun Watson FLEX Chris Boswell FLEX Andre Szmyt,,,
3508,5277828975,christylynnn,0,88.03,CPT Harold Fannin Jr. FLEX Aaron Rodgers FLEX Jaylen Warren FLEX Deshaun Watson FLEX Chris Boswell FLEX Andre Szmyt,,,
3554,5277155528,kballo83,0,88.02,CPT Jaylen Warren FLEX Deshaun Watson FLEX Quinshon Judkins FLEX KC Concepcion Jr. FLEX Pat Freiermuth FLEX Steelers ,,,
3554,5277635623,indybilly,0,88.02,CPT Jaylen Warren FLEX Deshaun Watson FLEX Quinshon Judkins FLEX KC Concepcion Jr. FLEX Pat Freiermuth FLEX Steelers ,,,
3556,5277635155,dealin21,0,88.009995,CPT Harold Fannin Jr. FLEX Aaron Rodgers FLEX Jaylen Warren FLEX Denzel Boston FLEX Steelers  FLEX Andre Szmyt,,,
3557,5275601972,rskoch,0,88,CPT Quinshon Judkins FLEX Jaylen Warren FLEX Denzel Boston FLEX Harold Fannin Jr. FLEX KC Concepcion Jr. FLEX Chris Boswell,,,
3557,5276639894,jets6070,0,88,CPT Quinshon Judkins FLEX Jaylen Warren FLEX Denzel Boston FLEX Harold Fannin Jr. FLEX KC Concepcion Jr. FLEX Chris Boswell,,,
3557,5277073087,DawgCheck04,0,88,CPT Quinshon Judkins FLEX Jaylen Warren FLEX Denzel Boston FLEX Harold Fannin Jr. FLEX KC Concepcion Jr. FLEX Chris Boswell,,,
3557,5277702733,sathwik41896,0,88,CPT Quinshon Judkins FLEX Jaylen Warren FLEX Denzel Boston FLEX Harold Fannin Jr. FLEX KC Concepcion Jr. FLEX Chris Boswell,,,
3561,5275838849,Themailman22,0,87.98,CPT Jaylen Warren FLEX Aaron Rodgers FLEX Deshaun Watson FLEX KC Concepcion Jr. FLEX Pat Freiermuth FLEX Raheim Sanders,,,
3561,5276177170,jordanh415,0,87.98,CPT Jaylen Warren FLEX Aaron Rodgers FLEX Deshaun Watson FLEX KC Concepcion Jr. FLEX Pat Freiermuth FLEX Raheim Sanders,,,
3561,5276722776,vegas1199,0,87.98,CPT Jaylen Warren FLEX Aaron Rodgers FLEX Deshaun Watson FLEX KC Concepcion Jr. FLEX Pat Freiermuth FLEX Raheim Sanders,,,
3561,5277392350,louba5,0,87.98,CPT Jaylen Warren FLEX Aaron Rodgers FLEX Deshaun Watson FLEX KC Concepcion Jr. FLEX Pat Freiermuth FLEX Raheim Sanders,,,
3561,5277534647,BD7733,0,87.98,CPT Jaylen Warren FLEX Aaron Rodgers FLEX Deshaun Watson FLEX KC Concepcion Jr. FLEX Pat Freiermuth FLEX Raheim Sanders,,,
3561,5277548091,bbutchw,0,87.98,CPT Jaylen Warren FLEX Aaron Rodgers FLEX Deshaun Watson FLEX Pat Freiermuth FLEX Steelers  FLEX Browns ,,,
3561,5277642930,DGG2004,0,87.98,CPT Jaylen Warren FLEX Aaron Rodgers FLEX Deshaun Watson FLEX KC Concepcion Jr. FLEX Pat Freiermuth FLEX Raheim Sanders,,,
3561,5277886623,Okaygolfer,0,87.98,CPT Jaylen Warren FLEX Aaron Rodgers FLEX Deshaun Watson FLEX Pat Freiermuth FLEX Steelers  FLEX Browns ,,,
3561,5275544070,renegadebaumers,0,87.979996,CPT Chris Boswell FLEX Aaron Rodgers FLEX Deshaun Watson FLEX DK Metcalf FLEX Denzel Boston FLEX Pat Freiermuth,,,
3570,5277148640,g.erick93,0,87.96,CPT Jaylen Warren FLEX Aaron Rodgers FLEX Denzel Boston FLEX Harold Fannin Jr. FLEX Chris Boswell FLEX Andre Szmyt,,,
3571,5276956685,notateacher1,0,87.95,CPT DK Metcalf FLEX Quinshon Judkins FLEX Denzel Boston FLEX Harold Fannin Jr. FLEX Michael Pittman Jr. FLEX Browns ,,,
3571,5277059660,oce3,0,87.95,CPT Harold Fannin Jr. FLEX Jaylen Warren FLEX DK Metcalf FLEX Denzel Boston FLEX Steelers  FLEX Roman Wilson,,,
3573,5277399479,slypayne8,0,87.939995,CPT Deshaun Watson FLEX Aaron Rodgers FLEX Jaylen Warren FLEX Denzel Boston FLEX KC Concepcion Jr. FLEX Ben Skowronek,,,
3574,5276648921,dark4more22,0,87.92999,CPT Pat Freiermuth FLEX Aaron Rodgers FLEX Jaylen Warren FLEX Deshaun Watson FLEX KC Concepcion Jr. FLEX Steelers ,,,
3575,5277460498,stevefowlie79,0,87.91,CPT DK Metcalf FLEX Aaron Rodgers FLEX Denzel Boston FLEX Harold Fannin Jr. FLEX Michael Pittman Jr. FLEX Jerry Jeudy,,,
3576,5276957119,LeanWeen,0,87.9,CPT Jaylen Warren FLEX DK Metcalf FLEX Denzel Boston FLEX Harold Fannin Jr. FLEX KC Concepcion Jr. FLEX Browns ,,,
3576,5277357074,squarerootz,0,87.9,CPT Jaylen Warren FLEX DK Metcalf FLEX Denzel Boston FLEX Harold Fannin Jr. FLEX KC Concepcion Jr. FLEX Browns ,,,
3578,5277094285,Nicrj46,0,87.88,CPT Jaylen Warren FLEX Aaron Rodgers FLEX Deshaun Watson FLEX Quinshon Judkins FLEX Chris Boswell FLEX Blake Whiteheart,,,
3578,5277338154,YeaMan876,0,87.88,CPT Jaylen Warren FLEX Aaron Rodgers FLEX Deshaun Watson FLEX Quinshon Judkins FLEX Chris Boswell FLEX Blake Whiteheart,,,
3580,5276928236,Vris,0,87.85,CPT DK Metcalf FLEX Jaylen Warren FLEX Harold Fannin Jr. FLEX Michael Pittman Jr. FLEX KC Concepcion Jr. FLEX Roman Wilson,,,
3581,5275575265,Shakes73,0,87.82,CPT Browns  FLEX Jaylen Warren FLEX Deshaun Watson FLEX DK Metcalf FLEX Denzel Boston FLEX KC Concepcion Jr.,,,
3581,5275621985,LilLeoGiesige,0,87.82,CPT KC Concepcion Jr. FLEX Jaylen Warren FLEX Deshaun Watson FLEX DK Metcalf FLEX Harold Fannin Jr. FLEX Browns ,,,
3581,5275660758,Squirmy70,0,87.82,CPT Browns  FLEX Jaylen Warren FLEX Deshaun Watson FLEX DK Metcalf FLEX Denzel Boston FLEX KC Concepcion Jr.,,,
3581,5276095167,mammola,0,87.82,CPT KC Concepcion Jr. FLEX Jaylen Warren FLEX Deshaun Watson FLEX DK Metcalf FLEX Harold Fannin Jr. FLEX Browns ,,,
3581,5276275393,greenlight11,0,87.82,CPT KC Concepcion Jr. FLEX Jaylen Warren FLEX Deshaun Watson FLEX DK Metcalf FLEX Harold Fannin Jr. FLEX Browns ,,,
3581,5276499639,Carolinareaper007,0,87.82,CPT KC Concepcion Jr. FLEX Jaylen Warren FLEX Deshaun Watson FLEX DK Metcalf FLEX Harold Fannin Jr. FLEX Browns ,,,
3581,5277283044,BlexClex,0,87.82,CPT KC Concepcion Jr. FLEX Jaylen Warren FLEX Deshaun Watson FLEX DK Metcalf FLEX Harold Fannin Jr. FLEX Browns ,,,
3588,5277544370,goldman171,0,87.81,CPT DK Metcalf FLEX Aaron Rodgers FLEX Denzel Boston FLEX Harold Fannin Jr. FLEX Chris Boswell FLEX Steelers ,,,
3589,5275740439,5pmSomewhere,0,87.78,CPT Jaylen Warren FLEX Aaron Rodgers FLEX Deshaun Watson FLEX Denzel Boston FLEX Steelers  FLEX Jerry Jeudy,,,
3589,5276860120,wileyst,0,87.78,CPT Jaylen Warren FLEX Aaron Rodgers FLEX Deshaun Watson FLEX DK Metcalf FLEX Steelers  FLEX Blake Whiteheart,,,
3589,5277056463,landro8,0,87.78,CPT Jaylen Warren FLEX Aaron Rodgers FLEX Deshaun Watson FLEX Harold Fannin Jr. FLEX Pat Freiermuth FLEX Germie Bernard,,,
3589,5277199932,bigtee73,0,87.78,CPT Jaylen Warren FLEX Aaron Rodgers FLEX Deshaun Watson FLEX Denzel Boston FLEX Steelers  FLEX Jerry Jeudy,,,
3589,5277366960,Astros7,0,87.78,CPT Jaylen Warren FLEX Aaron Rodgers FLEX Deshaun Watson FLEX Denzel Boston FLEX Steelers  FLEX Jerry Jeudy,,,
3589,5277397043,TheGreatOne31283,0,87.78,CPT Jaylen Warren FLEX Aaron Rodgers FLEX Deshaun Watson FLEX Denzel Boston FLEX Steelers  FLEX Jerry Jeudy,,,
3589,5277429877,xanb0619619,0,87.78,CPT Jaylen Warren FLEX Aaron Rodgers FLEX Deshaun Watson FLEX Denzel Boston FLEX KC Concepcion Jr. FLEX Isaiah Bond,,,
3589,5277466635,shun126,0,87.78,CPT Jaylen Warren FLEX Aaron Rodgers FLEX Deshaun Watson FLEX Harold Fannin Jr. FLEX Pat Freiermuth FLEX Germie Bernard,,,
3589,5277787312,rodgo1,0,87.78,CPT Jaylen Warren FLEX Aaron Rodgers FLEX Deshaun Watson FLEX Harold Fannin Jr. FLEX Pat Freiermuth FLEX Germie Bernard,,,
3589,5277046922,Brandee37,0,87.77999,CPT Deshaun Watson FLEX Quinshon Judkins FLEX Harold Fannin Jr. FLEX KC Concepcion Jr. FLEX Browns  FLEX Darnell Washington,,,
3599,5277425380,ser72,0,87.76,CPT Quinshon Judkins FLEX Aaron Rodgers FLEX Denzel Boston FLEX Michael Pittman Jr. FLEX Steelers  FLEX Browns ,,,
3600,5275921268,WhrUGoines,0,87.729996,CPT Darnell Washington FLEX Aaron Rodgers FLEX Jaylen Warren FLEX Deshaun Watson FLEX Harold Fannin Jr. FLEX Chris Boswell,,,
3600,5277345546,Ranch1966,0,87.729996,CPT Harold Fannin Jr. FLEX Aaron Rodgers FLEX Jaylen Warren FLEX Deshaun Watson FLEX Chris Boswell FLEX Darnell Washington,,,
3600,5277407486,1BUCS1,0,87.729996,CPT Harold Fannin Jr. FLEX Aaron Rodgers FLEX Jaylen Warren FLEX Deshaun Watson FLEX Chris Boswell FLEX Darnell Washington,,,
3603,5276473873,BTXJ,0,87.70999,CPT Michael Pittman Jr. FLEX Aaron Rodgers FLEX Jaylen Warren FLEX DK Metcalf FLEX Harold Fannin Jr. FLEX Darnell Washington,,,
3604,5277305318,TheMoozie,0,87.66,CPT Aaron Rodgers FLEX Jaylen Warren FLEX Deshaun Watson FLEX Michael Pittman Jr. FLEX Steelers  FLEX Darnell Washington,,,
3604,5277362281,Fuhkair,0,87.66,CPT Jaylen Warren FLEX Aaron Rodgers FLEX DK Metcalf FLEX Michael Pittman Jr. FLEX Pat Freiermuth FLEX Jerry Jeudy,,,
3606,5275632599,BigEfromNebraska,0,87.649994,CPT Harold Fannin Jr. FLEX Jaylen Warren FLEX DK Metcalf FLEX Denzel Boston FLEX KC Concepcion Jr. FLEX Pat Freiermuth,,,
3606,5276961886,mj0022,0,87.649994,CPT Harold Fannin Jr. FLEX Jaylen Warren FLEX DK Metcalf FLEX Denzel Boston FLEX KC Concepcion Jr. FLEX Pat Freiermuth,,,
3606,5277001138,Raylov16,0,87.649994,CPT Harold Fannin Jr. FLEX Jaylen Warren FLEX DK Metcalf FLEX Denzel Boston FLEX KC Concepcion Jr. FLEX Pat Freiermuth,,,
3606,5277808572,specialkay1377,0,87.649994,CPT Harold Fannin Jr. FLEX Jaylen Warren FLEX DK Metcalf FLEX Denzel Boston FLEX KC Concepcion Jr. FLEX Pat Freiermuth,,,
3606,5277866804,husker237,0,87.649994,CPT Harold Fannin Jr. FLEX Jaylen Warren FLEX DK Metcalf FLEX Denzel Boston FLEX KC Concepcion Jr. FLEX Pat Freiermuth,,,
3611,5275653913,jay279,0,87.64,CPT Deshaun Watson FLEX Aaron Rodgers FLEX Jaylen Warren FLEX KC Concepcion Jr. FLEX Pat Freiermuth FLEX Raheim Sanders,,,
3611,5277136039,desertgranny,0,87.64,CPT Deshaun Watson FLEX Aaron Rodgers FLEX Denzel Boston FLEX Harold Fannin Jr. FLEX Pat Freiermuth FLEX Steelers ,,,
3611,5277312620,Vabooza,0,87.64,CPT Deshaun Watson FLEX Aaron Rodgers FLEX Denzel Boston FLEX Harold Fannin Jr. FLEX Pat Freiermuth FLEX Steelers ,,,
3611,5277338113,Chaliec,0,87.64,CPT Deshaun Watson FLEX Aaron Rodgers FLEX Denzel Boston FLEX Harold Fannin Jr. FLEX Pat Freiermuth FLEX Steelers ,,,
3611,5277478459,davidarussellii,0,87.64,CPT Deshaun Watson FLEX Aaron Rodgers FLEX Jaylen Warren FLEX KC Concepcion Jr. FLEX Pat Freiermuth FLEX Raheim Sanders,,,
3611,5277715527,QUIGLEY17,0,87.64,CPT Deshaun Watson FLEX Aaron Rodgers FLEX Denzel Boston FLEX Harold Fannin Jr. FLEX Pat Freiermuth FLEX Steelers ,,,
3611,5277839169,clonefan2020,0,87.64,CPT Deshaun Watson FLEX Aaron Rodgers FLEX Denzel Boston FLEX Harold Fannin Jr. FLEX Pat Freiermuth FLEX Steelers ,,,
3611,5277295188,astunt1,0,87.63999,CPT Deshaun Watson FLEX Aaron Rodgers FLEX Jaylen Warren FLEX Pat Freiermuth FLEX Steelers  FLEX Browns ,,,
3619,5277318589,reckiin,0,87.62999,CPT Denzel Boston FLEX Aaron Rodgers FLEX Jaylen Warren FLEX Deshaun Watson FLEX Pat Freiermuth FLEX Germie Bernard,,,
3620,5275492963,Mikey_Deeze,0,87.62,CPT Jaylen Warren FLEX Deshaun Watson FLEX Quinshon Judkins FLEX Harold Fannin Jr. FLEX Chris Boswell FLEX Andre Szmyt,,,
3620,5275562592,Abrit,0,87.62,CPT Jaylen Warren FLEX Deshaun Watson FLEX Quinshon Judkins FLEX Harold Fannin Jr. FLEX Chris Boswell FLEX Andre Szmyt,,,
3620,5275567501,HardWayRobb,0,87.62,CPT Jaylen Warren FLEX Deshaun Watson FLEX Quinshon Judkins FLEX Harold Fannin Jr. FLEX Chris Boswell FLEX Andre Szmyt,,,
3620,5275898003,Spiritual22,0,87.62,CPT Quinshon Judkins FLEX Jaylen Warren FLEX Deshaun Watson FLEX Harold Fannin Jr. FLEX Chris Boswell FLEX Browns ,,,
3620,5276134649,mgp1060,0,87.62,CPT Jaylen Warren FLEX Deshaun Watson FLEX Quinshon Judkins FLEX Harold Fannin Jr. FLEX Chris Boswell FLEX Andre Szmyt,,,
3620,5276455612,koloradokendoo,0,87.62,CPT Jaylen Warren FLEX Deshaun Watson FLEX Quinshon Judkins FLEX Harold Fannin Jr. FLEX Chris Boswell FLEX Andre Szmyt,,,
3620,5276494375,dataczar,0,87.62,CPT Quinshon Judkins FLEX Jaylen Warren FLEX Deshaun Watson FLEX Harold Fannin Jr. FLEX Chris Boswell FLEX Browns ,,,
3620,5276550982,mikeag1,0,87.62,CPT Quinshon Judkins FLEX Jaylen Warren FLEX Deshaun Watson FLEX Harold Fannin Jr. FLEX Chris Boswell FLEX Browns ,,,
3620,5276577403,rohamilt,0,87.62,CPT Jaylen Warren FLEX Deshaun Watson FLEX Quinshon Judkins FLEX Harold Fannin Jr. FLEX Chris Boswell FLEX Andre Szmyt,,,
3620,5276810070,breesyfosheezy,0,87.62,CPT Jaylen Warren FLEX Deshaun Watson FLEX Quinshon Judkins FLEX Harold Fannin Jr. FLEX Chris Boswell FLEX Andre Szmyt,,,
3620,5276855917,gmoneyez,0,87.62,CPT Quinshon Judkins FLEX Jaylen Warren FLEX Deshaun Watson FLEX Harold Fannin Jr. FLEX Chris Boswell FLEX Browns ,,,
3620,5276894345,Explosiveproton,0,87.62,CPT Jaylen Warren FLEX Deshaun Watson FLEX Quinshon Judkins FLEX Harold Fannin Jr. FLEX Chris Boswell FLEX Andre Szmyt,,,
3620,5276927095,Mr.Jay17,0,87.62,CPT Jaylen Warren FLEX Deshaun Watson FLEX Quinshon Judkins FLEX Harold Fannin Jr. FLEX Chris Boswell FLEX Andre Szmyt,,,
3620,5276939305,Mirth,0,87.62,CPT Jaylen Warren FLEX Deshaun Watson FLEX Quinshon Judkins FLEX Harold Fannin Jr. FLEX Chris Boswell FLEX Andre Szmyt,,,
3620,5276970637,dtapper29,0,87.62,CPT Jaylen Warren FLEX Deshaun Watson FLEX Quinshon Judkins FLEX Harold Fannin Jr. FLEX Chris Boswell FLEX Andre Szmyt,,,
3620,5276985229,milijonar,0,87.62,CPT Jaylen Warren FLEX Deshaun Watson FLEX Quinshon Judkins FLEX Harold Fannin Jr. FLEX Chris Boswell FLEX Andre Szmyt,,,
3620,5277013473,triguy85,0,87.62,CPT Jaylen Warren FLEX Deshaun Watson FLEX Quinshon Judkins FLEX Harold Fannin Jr. FLEX Chris Boswell FLEX Andre Szmyt,,,
3620,5277109740,chadnasty,0,87.62,CPT Quinshon Judkins FLEX Jaylen Warren FLEX Deshaun Watson FLEX Harold Fannin Jr. FLEX Chris Boswell FLEX Browns ,,,
3620,5277125610,gianni21,0,87.62,CPT Jaylen Warren FLEX Deshaun Watson FLEX Quinshon Judkins FLEX Harold Fannin Jr. FLEX Chris Boswell FLEX Andre Szmyt,,,
3620,5277147527,graphictag,0,87.62,CPT Jaylen Warren FLEX Deshaun Watson FLEX Quinshon Judkins FLEX Harold Fannin Jr. FLEX Chris Boswell FLEX Andre Szmyt,,,
3620,5277218951,bck4gators,0,87.62,CPT Jaylen Warren FLEX Deshaun Watson FLEX Quinshon Judkins FLEX Harold Fannin Jr. FLEX Chris Boswell FLEX Andre Szmyt,,,
3620,5277343080,KILLANADZ24,0,87.62,CPT Quinshon Judkins FLEX Jaylen Warren FLEX Deshaun Watson FLEX Harold Fannin Jr. FLEX Chris Boswell FLEX Browns ,,,
3620,5277347041,jsindos2,0,87.62,CPT Jaylen Warren FLEX Deshaun Watson FLEX Quinshon Judkins FLEX Harold Fannin Jr. FLEX Chris Boswell FLEX Andre Szmyt,,,
3620,5277402062,FantasyGod101,0,87.62,CPT Jaylen Warren FLEX Deshaun Watson FLEX Quinshon Judkins FLEX Harold Fannin Jr. FLEX Chris Boswell FLEX Andre Szmyt,,,
3620,5277402892,Hatmanrox,0,87.62,CPT Jaylen Warren FLEX Deshaun Watson FLEX Quinshon Judkins FLEX Harold Fannin Jr. FLEX Chris Boswell FLEX Andre Szmyt,,,
3620,5277419417,homeyc99,0,87.62,CPT Quinshon Judkins FLEX Jaylen Warren FLEX Deshaun Watson FLEX Harold Fannin Jr. FLEX Chris Boswell FLEX Browns ,,,
3620,5277438039,Pgapro97,0,87.62,CPT Jaylen Warren FLEX Deshaun Watson FLEX Quinshon Judkins FLEX Harold Fannin Jr. FLEX Chris Boswell FLEX Andre Szmyt,,,
3620,5277440020,Cawtnamosh,0,87.62,CPT Jaylen Warren FLEX Deshaun Watson FLEX Quinshon Judkins FLEX Harold Fannin Jr. FLEX Chris Boswell FLEX Andre Szmyt,,,
3620,5277558056,Bturner20,0,87.62,CPT Jaylen Warren FLEX Deshaun Watson FLEX Quinshon Judkins FLEX Harold Fannin Jr. FLEX Chris Boswell FLEX Andre Szmyt,,,
3620,5277598227,TwineTickler,0,87.62,CPT Jaylen Warren FLEX Deshaun Watson FLEX Quinshon Judkins FLEX Harold Fannin Jr. FLEX Chris Boswell FLEX Andre Szmyt,,,
3620,5277639763,OJS52MLB,0,87.62,CPT Jaylen Warren FLEX Deshaun Watson FLEX Quinshon Judkins FLEX Harold Fannin Jr. FLEX Chris Boswell FLEX Andre Szmyt,,,
3620,5277671176,davsum81,0,87.62,CPT Quinshon Judkins FLEX Jaylen Warren FLEX Deshaun Watson FLEX Harold Fannin Jr. FLEX Chris Boswell FLEX Browns ,,,
3620,5277698004,BlakeOtis76,0,87.62,CPT Jaylen Warren FLEX Deshaun Watson FLEX Quinshon Judkins FLEX Harold Fannin Jr. FLEX Chris Boswell FLEX Andre Szmyt,,,
3620,5277720559,SMCHunter,0,87.62,CPT Jaylen Warren FLEX Deshaun Watson FLEX Quinshon Judkins FLEX Harold Fannin Jr. FLEX Chris Boswell FLEX Andre Szmyt,,,
3620,5277737658,siders33,0,87.62,CPT Quinshon Judkins FLEX Jaylen Warren FLEX Deshaun Watson FLEX Harold Fannin Jr. FLEX Chris Boswell FLEX Browns ,,,
3620,5277751802,Jsystem,0,87.62,CPT Jaylen Warren FLEX Deshaun Watson FLEX Quinshon Judkins FLEX Harold Fannin Jr. FLEX Chris Boswell FLEX Andre Szmyt,,,
3620,5277754508,getusum29,0,87.62,CPT Jaylen Warren FLEX Deshaun Watson FLEX Quinshon Judkins FLEX Harold Fannin Jr. FLEX Chris Boswell FLEX Andre Szmyt,,,
3620,5277765572,akerns5,0,87.62,CPT Quinshon Judkins FLEX Jaylen Warren FLEX Deshaun Watson FLEX Harold Fannin Jr. FLEX Chris Boswell FLEX Browns ,,,
3620,5277769121,rrinaldi24,0,87.62,CPT Jaylen Warren FLEX Deshaun Watson FLEX Quinshon Judkins FLEX Harold Fannin Jr. FLEX Chris Boswell FLEX Andre Szmyt,,,
3620,5277817451,captain69,0,87.62,CPT Jaylen Warren FLEX Deshaun Watson FLEX Quinshon Judkins FLEX Harold Fannin Jr. FLEX Chris Boswell FLEX Andre Szmyt,,,
3620,5277818223,B-Mitch_10,0,87.62,CPT Jaylen Warren FLEX Deshaun Watson FLEX Quinshon Judkins FLEX Harold Fannin Jr. FLEX Chris Boswell FLEX Andre Szmyt,,,
3661,5277844553,LanceCowans,0,87.57,CPT DK Metcalf FLEX Deshaun Watson FLEX Quinshon Judkins FLEX Harold Fannin Jr. FLEX Michael Pittman Jr. FLEX Jerry Jeudy,,,
3661,5275606368,Crazy4tank,0,87.56999,CPT Denzel Boston FLEX Deshaun Watson FLEX DK Metcalf FLEX Harold Fannin Jr. FLEX KC Concepcion Jr. FLEX Pat Freiermuth,,,
3663,5277585067,cjbostick,0,87.56,CPT Aaron Rodgers FLEX Deshaun Watson FLEX Quinshon Judkins FLEX Harold Fannin Jr. FLEX Michael Pittman Jr. FLEX Travis Homer,,,
3664,5277596768,Syke96,0,87.55,CPT Harold Fannin Jr. FLEX Jaylen Warren FLEX Quinshon Judkins FLEX Denzel Boston FLEX Michael Pittman Jr. FLEX Roman Wilson,,,
3665,5275679143,lynn18,0,87.53999,CPT Deshaun Watson FLEX Aaron Rodgers FLEX Jaylen Warren FLEX Quinshon Judkins FLEX Chris Boswell FLEX Blake Whiteheart,,,
3666,5277132801,LuckyPaPaS,0,87.53,CPT Michael Pittman Jr. FLEX Aaron Rodgers FLEX Jaylen Warren FLEX Deshaun Watson FLEX KC Concepcion Jr. FLEX Roman Wilson,,,
3666,5277397768,amber1313,0,87.53,CPT Michael Pittman Jr. FLEX Aaron Rodgers FLEX Jaylen Warren FLEX Deshaun Watson FLEX KC Concepcion Jr. FLEX Roman Wilson,,,
3666,5277678388,boogie389,0,87.53,CPT Michael Pittman Jr. FLEX Aaron Rodgers FLEX Jaylen Warren FLEX Deshaun Watson FLEX KC Concepcion Jr. FLEX Roman Wilson,,,
3669,5275649829,Deathflower74,0,87.52,CPT Jaylen Warren FLEX Deshaun Watson FLEX DK Metcalf FLEX Harold Fannin Jr. FLEX Steelers  FLEX Andre Szmyt,,,
3669,5276882166,Aliengod,0,87.52,CPT Jaylen Warren FLEX Deshaun Watson FLEX DK Metcalf FLEX Harold Fannin Jr. FLEX Steelers  FLEX Andre Szmyt,,,
3669,5277047574,NotGood2020,0,87.52,CPT Jaylen Warren FLEX Deshaun Watson FLEX DK Metcalf FLEX Harold Fannin Jr. FLEX Steelers  FLEX Andre Szmyt,,,
3669,5277295576,NateTheSlayer809,0,87.52,CPT Jaylen Warren FLEX Deshaun Watson FLEX DK Metcalf FLEX Harold Fannin Jr. FLEX Steelers  FLEX Andre Szmyt,,,
3669,5277552393,anthb21,0,87.52,CPT Jaylen Warren FLEX Deshaun Watson FLEX DK Metcalf FLEX Harold Fannin Jr. FLEX Steelers  FLEX Andre Szmyt,,,
3669,5277623880,griffijf,0,87.52,CPT Jaylen Warren FLEX Deshaun Watson FLEX DK Metcalf FLEX Harold Fannin Jr. FLEX KC Concepcion Jr. FLEX Jerry Jeudy,,,
3669,5277678300,ladycmn4cash,0,87.52,CPT Jaylen Warren FLEX Deshaun Watson FLEX DK Metcalf FLEX Harold Fannin Jr. FLEX Steelers  FLEX Andre Szmyt,,,
3669,5277855099,ausi831,0,87.52,CPT Jaylen Warren FLEX Deshaun Watson FLEX DK Metcalf FLEX Harold Fannin Jr. FLEX Steelers  FLEX Andre Szmyt,,,
3677,5277232819,dre4986,0,87.5,CPT KC Concepcion Jr. FLEX Jaylen Warren FLEX DK Metcalf FLEX Denzel Boston FLEX Harold Fannin Jr. FLEX Pat Freiermuth,,,
3678,5275447337,OldEnglishChains,0,87.479996,CPT Jaylen Warren FLEX Aaron Rodgers FLEX Deshaun Watson FLEX DK Metcalf FLEX Chris Boswell FLEX Ben Skowronek,,,
3678,5277369909,player_01,0,87.479996,CPT Jaylen Warren FLEX Aaron Rodgers FLEX Deshaun Watson FLEX DK Metcalf FLEX Chris Boswell FLEX Ben Skowronek,,,
3680,5275730338,paintgirl,0,87.47,CPT Denzel Boston FLEX Jaylen Warren FLEX Deshaun Watson FLEX Quinshon Judkins FLEX Chris Boswell FLEX Andre Szmyt,,,
3680,5277027570,EazyE84x,0,87.47,CPT Denzel Boston FLEX Deshaun Watson FLEX Quinshon Judkins FLEX Harold Fannin Jr. FLEX Michael Pittman Jr. FLEX Roman Wilson,,,
3680,5277046080,Sprtsfn76,0,87.47,CPT DK Metcalf FLEX Jaylen Warren FLEX Deshaun Watson FLEX Harold Fannin Jr. FLEX Chris Boswell FLEX Andre Szmyt,,,
3680,5277502081,bushkingston007,0,87.47,CPT Denzel Boston FLEX Jaylen Warren FLEX Deshaun Watson FLEX Quinshon Judkins FLEX Chris Boswell FLEX Andre Szmyt,,,
3684,5276935266,gsikora1,0,87.46,CPT Jaylen Warren FLEX Aaron Rodgers FLEX Quinshon Judkins FLEX Michael Pittman Jr. FLEX Steelers  FLEX Browns ,,,
3684,5277040446,jtreichert22,0,87.46,CPT Jaylen Warren FLEX Aaron Rodgers FLEX Quinshon Judkins FLEX Michael Pittman Jr. FLEX Steelers  FLEX Browns ,,,
3684,5276134491,Akern1989,0,87.45999,CPT Chris Boswell FLEX Aaron Rodgers FLEX Jaylen Warren FLEX DK Metcalf FLEX Harold Fannin Jr. FLEX Pat Freiermuth,,,
3684,5277440685,Jordansontop,0,87.45999,CPT Chris Boswell FLEX Aaron Rodgers FLEX Jaylen Warren FLEX DK Metcalf FLEX Harold Fannin Jr. FLEX Pat Freiermuth,,,
3688,5275557493,j.banks83,0,87.45,CPT Pat Freiermuth FLEX Jaylen Warren FLEX DK Metcalf FLEX Denzel Boston FLEX Harold Fannin Jr. FLEX Darnell Washington,,,
3689,5276184716,PJP_StaqOtheMAC,0,87.439995,CPT Deshaun Watson FLEX Aaron Rodgers FLEX Jaylen Warren FLEX Harold Fannin Jr. FLEX Pat Freiermuth FLEX Germie Bernard,,,
3689,5277412175,Braden_Howard9,0,87.439995,CPT Deshaun Watson FLEX Aaron Rodgers FLEX Jaylen Warren FLEX Harold Fannin Jr. FLEX Pat Freiermuth FLEX Germie Bernard,,,
3689,5277522650,dohc7500,0,87.439995,CPT Deshaun Watson FLEX Aaron Rodgers FLEX Jaylen Warren FLEX Harold Fannin Jr. FLEX Pat Freiermuth FLEX Germie Bernard,,,
3689,5277685060,Scadams09,0,87.439995,CPT Deshaun Watson FLEX Aaron Rodgers FLEX Jaylen Warren FLEX Harold Fannin Jr. FLEX Pat Freiermuth FLEX Germie Bernard,,,
3693,5276088883,bowlhammer2000,0,87.42,CPT Quinshon Judkins FLEX Deshaun Watson FLEX Denzel Boston FLEX Harold Fannin Jr. FLEX Michael Pittman Jr. FLEX Andre Szmyt,,,
3693,5277040295,loveinstrong,0,87.42,CPT Quinshon Judkins FLEX Deshaun Watson FLEX Denzel Boston FLEX Harold Fannin Jr. FLEX Michael Pittman Jr. FLEX Andre Szmyt,,,
3693,5277173261,raiderdad3028,0,87.42,CPT Quinshon Judkins FLEX Jaylen Warren FLEX Deshaun Watson FLEX Michael Pittman Jr. FLEX Browns  FLEX Andre Szmyt,,,
3693,5277535863,ketchupstain,0,87.42,CPT Quinshon Judkins FLEX Jaylen Warren FLEX Deshaun Watson FLEX Michael Pittman Jr. FLEX Browns  FLEX Andre Szmyt,,,
3693,5277373150,southernbred1,0,87.41999,CPT Steelers  FLEX Deshaun Watson FLEX DK Metcalf FLEX Quinshon Judkins FLEX Harold Fannin Jr. FLEX Pat Freiermuth,,,
3698,5277409112,CLowrie,0,87.41,CPT Harold Fannin Jr. FLEX Aaron Rodgers FLEX Jaylen Warren FLEX Denzel Boston FLEX KC Concepcion Jr. FLEX Steelers ,,,
3699,5276695385,number1pct,0,87.4,CPT Jaylen Warren FLEX DK Metcalf FLEX Denzel Boston FLEX Harold Fannin Jr. FLEX Michael Pittman Jr. FLEX Roman Wilson,,,
3699,5276957455,SteelCurtain945,0,87.4,CPT Jaylen Warren FLEX DK Metcalf FLEX Denzel Boston FLEX Harold Fannin Jr. FLEX Michael Pittman Jr. FLEX Roman Wilson,,,
3699,5277334190,CallmeKef,0,87.4,CPT Jaylen Warren FLEX DK Metcalf FLEX Denzel Boston FLEX Harold Fannin Jr. FLEX Michael Pittman Jr. FLEX Roman Wilson,,,
3699,5277650590,Kweening,0,87.4,CPT Jaylen Warren FLEX DK Metcalf FLEX Denzel Boston FLEX Harold Fannin Jr. FLEX Michael Pittman Jr. FLEX Roman Wilson,,,
3703,5275614168,thekid1101,0,87.38,CPT Jerry Jeudy FLEX Aaron Rodgers FLEX Jaylen Warren FLEX Deshaun Watson FLEX DK Metcalf FLEX Michael Pittman Jr.,,,
3704,5277174518,jison12,0,87.36,CPT Jaylen Warren FLEX Aaron Rodgers FLEX DK Metcalf FLEX KC Concepcion Jr. FLEX Steelers  FLEX Germie Bernard,,,
3705,5277052024,SAtwood1014,0,87.350006,CPT Harold Fannin Jr. FLEX Jaylen Warren FLEX Quinshon Judkins FLEX Denzel Boston FLEX Pat Freiermuth FLEX Browns ,,,
3706,5277606730,brucekimmes,0,87.34,CPT Aaron Rodgers FLEX DK Metcalf FLEX Harold Fannin Jr. FLEX Michael Pittman Jr. FLEX Pat Freiermuth FLEX Steelers ,,,
3707,5277603686,ButchiEone,0,87.329994,CPT Denzel Boston FLEX Aaron Rodgers FLEX Deshaun Watson FLEX Harold Fannin Jr. FLEX KC Concepcion Jr. FLEX Steelers ,,,
3707,5277824649,cisrocknroller,0,87.329994,CPT Denzel Boston FLEX Aaron Rodgers FLEX Deshaun Watson FLEX Harold Fannin Jr. FLEX KC Concepcion Jr. FLEX Steelers ,,,
3709,5275572965,walsean1,0,87.32,CPT Jaylen Warren FLEX Deshaun Watson FLEX Quinshon Judkins FLEX KC Concepcion Jr. FLEX Chris Boswell FLEX Andre Szmyt,,,
3709,5276451409,unleashGORDON,0,87.32,CPT Quinshon Judkins FLEX Deshaun Watson FLEX Denzel Boston FLEX Harold Fannin Jr. FLEX KC Concepcion Jr. FLEX Chris Boswell,,,
3709,5276967022,bpeeler4,0,87.32,CPT Quinshon Judkins FLEX Jaylen Warren FLEX Deshaun Watson FLEX KC Concepcion Jr. FLEX Chris Boswell FLEX Browns ,,,
3709,5277068930,jrancor22,0,87.32,CPT Quinshon Judkins FLEX Jaylen Warren FLEX Deshaun Watson FLEX KC Concepcion Jr. FLEX Chris Boswell FLEX Browns ,,,
3709,5277080129,TwoHearted,0,87.32,CPT Quinshon Judkins FLEX Jaylen Warren FLEX Deshaun Watson FLEX KC Concepcion Jr. FLEX Chris Boswell FLEX Browns ,,,
3709,5277168778,bcreel10,0,87.32,CPT Jaylen Warren FLEX Deshaun Watson FLEX Quinshon Judkins FLEX KC Concepcion Jr. FLEX Chris Boswell FLEX Andre Szmyt,,,
3709,5277284354,genius384,0,87.32,CPT Quinshon Judkins FLEX Jaylen Warren FLEX Deshaun Watson FLEX KC Concepcion Jr. FLEX Chris Boswell FLEX Browns ,,,
3709,5277388894,Scottyj316,0,87.32,CPT Jaylen Warren FLEX Deshaun Watson FLEX Quinshon Judkins FLEX KC Concepcion Jr. FLEX Chris Boswell FLEX Andre Szmyt,,,
3709,5277654146,jballagh,0,87.32,CPT Jaylen Warren FLEX Deshaun Watson FLEX Quinshon Judkins FLEX KC Concepcion Jr. FLEX Chris Boswell FLEX Andre Szmyt,,,
3709,5277675147,clags22,0,87.32,CPT Jaylen Warren FLEX Deshaun Watson FLEX Quinshon Judkins FLEX KC Concepcion Jr. FLEX Chris Boswell FLEX Andre Szmyt,,,
3719,5276058542,klyons513,0,87.31,CPT DK Metcalf FLEX Aaron Rodgers FLEX Harold Fannin Jr. FLEX Shedeur Sanders FLEX Steelers  FLEX Roman Wilson,,,
3719,5277027267,lizard04,0,87.31,CPT Denzel Boston FLEX Aaron Rodgers FLEX Jaylen Warren FLEX Harold Fannin Jr. FLEX Pat Freiermuth FLEX Steelers ,,,
3719,5277805507,pswish21,0,87.31,CPT DK Metcalf FLEX Aaron Rodgers FLEX Jaylen Warren FLEX Michael Pittman Jr. FLEX Steelers  FLEX Browns ,,,
3722,5277230607,jmh9987,0,87.3,CPT Quinshon Judkins FLEX Jaylen Warren FLEX Denzel Boston FLEX Harold Fannin Jr. FLEX Pat Freiermuth FLEX Chris Boswell,,,
3722,5277244330,Merlin81,0,87.3,CPT Quinshon Judkins FLEX Jaylen Warren FLEX Denzel Boston FLEX Harold Fannin Jr. FLEX Pat Freiermuth FLEX Chris Boswell,,,
3724,5275622522,toobock,0,87.28,CPT Deshaun Watson FLEX Jaylen Warren FLEX Quinshon Judkins FLEX Harold Fannin Jr. FLEX Chris Boswell FLEX Andre Szmyt,,,
3724,5276094221,rt1835reid,0,87.28,CPT Deshaun Watson FLEX Jaylen Warren FLEX Quinshon Judkins FLEX Harold Fannin Jr. FLEX Chris Boswell FLEX Andre Szmyt,,,
3724,5276334947,gota_k,0,87.28,CPT Deshaun Watson FLEX Jaylen Warren FLEX Quinshon Judkins FLEX Harold Fannin Jr. FLEX Chris Boswell FLEX Andre Szmyt,,,
3724,5276855779,CAPITALS98,0,87.28,CPT Deshaun Watson FLEX Jaylen Warren FLEX Quinshon Judkins FLEX Harold Fannin Jr. FLEX Chris Boswell FLEX Andre Szmyt,,,
3724,5276858087,TijuanaMadman,0,87.28,CPT Deshaun Watson FLEX Jaylen Warren FLEX Quinshon Judkins FLEX Harold Fannin Jr. FLEX Chris Boswell FLEX Andre Szmyt,,,
3724,5277609990,jeffberlin40,0,87.28,CPT Deshaun Watson FLEX Jaylen Warren FLEX Quinshon Judkins FLEX Harold Fannin Jr. FLEX Chris Boswell FLEX Andre Szmyt,,,
3724,5277773381,SuperSqueak,0,87.28,CPT Deshaun Watson FLEX Jaylen Warren FLEX Quinshon Judkins FLEX Harold Fannin Jr. FLEX Chris Boswell FLEX Andre Szmyt,,,
3731,5276816356,mfretz33,0,87.27,CPT Denzel Boston FLEX Deshaun Watson FLEX Quinshon Judkins FLEX Harold Fannin Jr. FLEX Pat Freiermuth FLEX Browns ,,,
3731,5277012527,Frank445Z,0,87.27,CPT Denzel Boston FLEX Deshaun Watson FLEX Quinshon Judkins FLEX Harold Fannin Jr. FLEX Pat Freiermuth FLEX Browns ,,,
3733,5276633041,jillian.cardona,0,87.259995,CPT Aaron Rodgers FLEX Jaylen Warren FLEX Deshaun Watson FLEX Harold Fannin Jr. FLEX Steelers  FLEX Germie Bernard,,,
3734,5275774688,Saints-Choupics,0,87.22999,CPT Denzel Boston FLEX Aaron Rodgers FLEX Jaylen Warren FLEX Deshaun Watson FLEX Harold Fannin Jr. FLEX Ben Skowronek,,,
3734,5276953084,micanians2002,0,87.22999,CPT Denzel Boston FLEX Aaron Rodgers FLEX Jaylen Warren FLEX Deshaun Watson FLEX Harold Fannin Jr. FLEX Ben Skowronek,,,
3734,5277002218,WAOBDG,0,87.22999,CPT Denzel Boston FLEX Aaron Rodgers FLEX Jaylen Warren FLEX Deshaun Watson FLEX Harold Fannin Jr. FLEX Ben Skowronek,,,
3734,5277568015,danilmgali,0,87.22999,CPT Denzel Boston FLEX Aaron Rodgers FLEX Jaylen Warren FLEX Deshaun Watson FLEX Harold Fannin Jr. FLEX Ben Skowronek,,,
3734,5277748087,JAIME1313,0,87.22999,CPT Denzel Boston FLEX Aaron Rodgers FLEX Jaylen Warren FLEX Deshaun Watson FLEX Harold Fannin Jr. FLEX Ben Skowronek,,,
3734,5277818214,acedean,0,87.22999,CPT Denzel Boston FLEX Aaron Rodgers FLEX Jaylen Warren FLEX Deshaun Watson FLEX Harold Fannin Jr. FLEX Ben Skowronek,,,
3740,5277037408,brandx5460,0,87.22,CPT Browns  FLEX Jaylen Warren FLEX Deshaun Watson FLEX DK Metcalf FLEX Harold Fannin Jr. FLEX Andre Szmyt,,,
3740,5275412979,wardog585,0,87.21999,CPT Browns  FLEX Deshaun Watson FLEX DK Metcalf FLEX Quinshon Judkins FLEX Harold Fannin Jr. FLEX Steelers ,,,
3740,5277592688,smk4399,0,87.21999,CPT Browns  FLEX Deshaun Watson FLEX DK Metcalf FLEX Quinshon Judkins FLEX Harold Fannin Jr. FLEX Steelers ,,,
3743,5277662386,lapoks,0,87.2,CPT Steelers  FLEX Jaylen Warren FLEX Quinshon Judkins FLEX Denzel Boston FLEX Roman Wilson FLEX Darnell Washington,,,
3744,5277297573,Blackshirts21,0,87.18,CPT Deshaun Watson FLEX Jaylen Warren FLEX DK Metcalf FLEX Harold Fannin Jr. FLEX Steelers  FLEX Andre Szmyt,,,
3744,5277334982,SWGraff,0,87.17999,CPT Deshaun Watson FLEX Jaylen Warren FLEX DK Metcalf FLEX Harold Fannin Jr. FLEX KC Concepcion Jr. FLEX Jerry Jeudy,,,
3744,5277343137,gman4eva,0,87.17999,CPT Deshaun Watson FLEX Jaylen Warren FLEX DK Metcalf FLEX Harold Fannin Jr. FLEX KC Concepcion Jr. FLEX Jerry Jeudy,,,
3744,5277423143,jayhawk34114,0,87.17999,CPT Steelers  FLEX Aaron Rodgers FLEX Jaylen Warren FLEX Deshaun Watson FLEX Harold Fannin Jr. FLEX Andre Szmyt,,,
3744,5277426881,oneeyedjacks,0,87.17999,CPT Deshaun Watson FLEX Jaylen Warren FLEX DK Metcalf FLEX Harold Fannin Jr. FLEX KC Concepcion Jr. FLEX Jerry Jeudy,,,
3744,5277703023,footballs12,0,87.17999,CPT Deshaun Watson FLEX Jaylen Warren FLEX DK Metcalf FLEX Harold Fannin Jr. FLEX KC Concepcion Jr. FLEX Jerry Jeudy,,,
3744,5277837634,thoeks20,0,87.17999,CPT Steelers  FLEX Aaron Rodgers FLEX Jaylen Warren FLEX Deshaun Watson FLEX Harold Fannin Jr. FLEX Andre Szmyt,,,
3751,5275990375,Blackbeards_Delight,0,87.17,CPT DK Metcalf FLEX Jaylen Warren FLEX Deshaun Watson FLEX Harold Fannin Jr. FLEX Chris Boswell FLEX Darnell Washington,,,
3752,5276710633,EasyGene2,0,87.16,CPT Aaron Rodgers FLEX Jaylen Warren FLEX Deshaun Watson FLEX Pat Freiermuth FLEX Chris Boswell FLEX Steelers ,,,
3752,5276936456,kingpin41022,0,87.16,CPT Aaron Rodgers FLEX Jaylen Warren FLEX Deshaun Watson FLEX Pat Freiermuth FLEX Chris Boswell FLEX Steelers ,,,
3752,5276645428,buckstar,0,87.159996,CPT Jaylen Warren FLEX Aaron Rodgers FLEX Harold Fannin Jr. FLEX KC Concepcion Jr. FLEX Pat Freiermuth FLEX Steelers ,,,
3752,5277091072,cjkuna,0,87.159996,CPT Jaylen Warren FLEX Aaron Rodgers FLEX Harold Fannin Jr. FLEX KC Concepcion Jr. FLEX Pat Freiermuth FLEX Steelers ,,,
3752,5277593675,Jpruss2121,0,87.159996,CPT Jaylen Warren FLEX Aaron Rodgers FLEX Harold Fannin Jr. FLEX KC Concepcion Jr. FLEX Pat Freiermuth FLEX Steelers ,,,
3752,5277711360,crosova,0,87.159996,CPT Jaylen Warren FLEX Aaron Rodgers FLEX Harold Fannin Jr. FLEX KC Concepcion Jr. FLEX Pat Freiermuth FLEX Steelers ,,,
3752,5277778661,underdogz2K15,0,87.159996,CPT Jaylen Warren FLEX Aaron Rodgers FLEX DK Metcalf FLEX Pat Freiermuth FLEX Steelers  FLEX Raheim Sanders,,,
3759,5277028401,un4gvnrenegade,0,87.15,CPT Denzel Boston FLEX Jaylen Warren FLEX Quinshon Judkins FLEX Michael Pittman Jr. FLEX Pat Freiermuth FLEX Roman Wilson,,,
3760,5275487721,canalbvby9,0,87.14,CPT Aaron Rodgers FLEX Jaylen Warren FLEX DK Metcalf FLEX Michael Pittman Jr. FLEX Steelers  FLEX Jerry Jeudy,,,
3760,5277169196,blitzburgh585,0,87.14,CPT Aaron Rodgers FLEX Jaylen Warren FLEX DK Metcalf FLEX Michael Pittman Jr. FLEX Steelers  FLEX Jerry Jeudy,,,
3762,5277509373,joemiller92,0,87.10999,CPT Michael Pittman Jr. FLEX Aaron Rodgers FLEX Jaylen Warren FLEX DK Metcalf FLEX Quinshon Judkins FLEX Isaiah Bond,,,
3763,5277822298,edd0h,0,87.08,CPT Jaylen Warren FLEX Aaron Rodgers FLEX Deshaun Watson FLEX Denzel Boston FLEX Pat Freiermuth FLEX Isaiah Bond,,,
3763,5275709768,VWOVB,0,87.079994,CPT KC Concepcion Jr. FLEX Aaron Rodgers FLEX Jaylen Warren FLEX Deshaun Watson FLEX Michael Pittman Jr. FLEX Andre Szmyt,,,
3763,5275745701,IraA18,0,87.079994,CPT Jaylen Warren FLEX Aaron Rodgers FLEX Deshaun Watson FLEX Harold Fannin Jr. FLEX KC Concepcion Jr. FLEX Ben Skowronek,,,
3763,5275988488,Foogirl,0,87.079994,CPT Steelers  FLEX Aaron Rodgers FLEX Jaylen Warren FLEX Deshaun Watson FLEX Denzel Boston FLEX Pat Freiermuth,,,
3763,5276158559,lil40oz53545,0,87.079994,CPT Steelers  FLEX Aaron Rodgers FLEX Jaylen Warren FLEX Deshaun Watson FLEX Denzel Boston FLEX Pat Freiermuth,,,
3763,5276611973,Jstilts1,0,87.079994,CPT Steelers  FLEX Aaron Rodgers FLEX Jaylen Warren FLEX Deshaun Watson FLEX Denzel Boston FLEX Pat Freiermuth,,,
3763,5276652337,Milo76,0,87.079994,CPT Steelers  FLEX Aaron Rodgers FLEX Jaylen Warren FLEX Deshaun Watson FLEX Denzel Boston FLEX Pat Freiermuth,,,
3763,5276817390,Nachos2016,0,87.079994,CPT Steelers  FLEX Aaron Rodgers FLEX Jaylen Warren FLEX Deshaun Watson FLEX Denzel Boston FLEX Pat Freiermuth,,,
3763,5276824415,rlf22,0,87.079994,CPT Steelers  FLEX Aaron Rodgers FLEX Jaylen Warren FLEX Deshaun Watson FLEX Denzel Boston FLEX Pat Freiermuth,,,
3763,5277011174,SJU22TC,0,87.079994,CPT Steelers  FLEX Aaron Rodgers FLEX Jaylen Warren FLEX Deshaun Watson FLEX Denzel Boston FLEX Pat Freiermuth,,,
3763,5277104969,ChrisKoretski,0,87.079994,CPT KC Concepcion Jr. FLEX Aaron Rodgers FLEX Jaylen Warren FLEX Deshaun Watson FLEX Michael Pittman Jr. FLEX Andre Szmyt,,,
3763,5277144956,Circle_The_Wagons,0,87.079994,CPT Jaylen Warren FLEX Aaron Rodgers FLEX Deshaun Watson FLEX Harold Fannin Jr. FLEX KC Concepcion Jr. FLEX Ben Skowronek,,,
3763,5277190458,hellhen,0,87.079994,CPT KC Concepcion Jr. FLEX Aaron Rodgers FLEX Jaylen Warren FLEX Deshaun Watson FLEX Michael Pittman Jr. FLEX Andre Szmyt,,,
3763,5277225677,Tr0ubl35,0,87.079994,CPT KC Concepcion Jr. FLEX Aaron Rodgers FLEX Jaylen Warren FLEX Deshaun Watson FLEX Michael Pittman Jr. FLEX Andre Szmyt,,,
3763,5277297045,GameOnLetsGo,0,87.079994,CPT KC Concepcion Jr. FLEX Aaron Rodgers FLEX Jaylen Warren FLEX Deshaun Watson FLEX Michael Pittman Jr. FLEX Andre Szmyt,,,
3763,5277359104,raaya79,0,87.079994,CPT KC Concepcion Jr. FLEX Aaron Rodgers FLEX Jaylen Warren FLEX Deshaun Watson FLEX Michael Pittman Jr. FLEX Andre Szmyt,,,
3763,5277387003,Number1Spidey,0,87.079994,CPT Steelers  FLEX Aaron Rodgers FLEX Jaylen Warren FLEX Deshaun Watson FLEX Denzel Boston FLEX Pat Freiermuth,,,
3763,5277529333,djeraera,0,87.079994,CPT Steelers  FLEX Aaron Rodgers FLEX Jaylen Warren FLEX Deshaun Watson FLEX Denzel Boston FLEX Pat Freiermuth,,,
3763,5277614855,paultodd,0,87.079994,CPT Steelers  FLEX Aaron Rodgers FLEX Jaylen Warren FLEX Deshaun Watson FLEX Denzel Boston FLEX Pat Freiermuth,,,
3763,5277681967,DonnieBravo214,0,87.079994,CPT Steelers  FLEX Aaron Rodgers FLEX Jaylen Warren FLEX Deshaun Watson FLEX Denzel Boston FLEX Pat Freiermuth,,,
3763,5277809756,timthom14,0,87.079994,CPT Steelers  FLEX Aaron Rodgers FLEX Jaylen Warren FLEX Deshaun Watson FLEX Denzel Boston FLEX Pat Freiermuth,,,
3763,5277830954,beng4800,0,87.079994,CPT KC Concepcion Jr. FLEX Aaron Rodgers FLEX Jaylen Warren FLEX Deshaun Watson FLEX Michael Pittman Jr. FLEX Andre Szmyt,,,
3763,5277841090,love245555,0,87.079994,CPT KC Concepcion Jr. FLEX Aaron Rodgers FLEX Jaylen Warren FLEX Deshaun Watson FLEX Michael Pittman Jr. FLEX Andre Szmyt,,,
3763,5277842512,Basser51,0,87.079994,CPT Steelers  FLEX Aaron Rodgers FLEX Jaylen Warren FLEX Deshaun Watson FLEX Denzel Boston FLEX Pat Freiermuth,,,
3763,5277869627,cosmo407,0,87.079994,CPT Steelers  FLEX Aaron Rodgers FLEX Jaylen Warren FLEX Deshaun Watson FLEX Denzel Boston FLEX Pat Freiermuth,,,
3763,5277888093,SonnyD88,0,87.079994,CPT Steelers  FLEX Aaron Rodgers FLEX Jaylen Warren FLEX Deshaun Watson FLEX Denzel Boston FLEX Pat Freiermuth,,,
3789,5277858263,clemsonnick,0,87.06999,CPT Denzel Boston FLEX Deshaun Watson FLEX DK Metcalf FLEX Quinshon Judkins FLEX Harold Fannin Jr. FLEX Blake Whiteheart,,,
3790,5277731675,hairhelmet2k3,0,87.06,CPT Steelers  FLEX Aaron Rodgers FLEX Jaylen Warren FLEX Quinshon Judkins FLEX Denzel Boston FLEX Chris Boswell,,,
3791,5275492540,lakeside2220,0,87.03,CPT Harold Fannin Jr. FLEX Aaron Rodgers FLEX Deshaun Watson FLEX Michael Pittman Jr. FLEX Pat Freiermuth FLEX Roman Wilson,,,
3791,5275695323,acsmith,0,87.03,CPT Harold Fannin Jr. FLEX Aaron Rodgers FLEX Jaylen Warren FLEX Deshaun Watson FLEX Steelers  FLEX Browns ,,,
3791,5276926546,defmaybe1993,0,87.03,CPT Harold Fannin Jr. FLEX Aaron Rodgers FLEX Jaylen Warren FLEX Deshaun Watson FLEX Steelers  FLEX Browns ,,,
3791,5277048089,Pache007,0,87.03,CPT Harold Fannin Jr. FLEX Aaron Rodgers FLEX Jaylen Warren FLEX Deshaun Watson FLEX Steelers  FLEX Browns ,,,
3791,5277287498,PRozelle,0,87.03,CPT Harold Fannin Jr. FLEX Aaron Rodgers FLEX Jaylen Warren FLEX Deshaun Watson FLEX Steelers  FLEX Browns ,,,
3791,5277291474,jraibon,0,87.03,CPT Pat Freiermuth FLEX Aaron Rodgers FLEX Jaylen Warren FLEX Deshaun Watson FLEX Denzel Boston FLEX Raheim Sanders,,,
3791,5277326480,NATION81,0,87.03,CPT Harold Fannin Jr. FLEX Aaron Rodgers FLEX Jaylen Warren FLEX Deshaun Watson FLEX Steelers  FLEX Browns ,,,
3791,5277346949,UGENLEWIN,0,87.03,CPT Harold Fannin Jr. FLEX Aaron Rodgers FLEX Jaylen Warren FLEX Deshaun Watson FLEX Steelers  FLEX Browns ,,,
3791,5277502897,footballguru29,0,87.03,CPT Pat Freiermuth FLEX Aaron Rodgers FLEX Jaylen Warren FLEX Deshaun Watson FLEX Denzel Boston FLEX Raheim Sanders,,,
3791,5277652828,bbqwright,0,87.03,CPT Harold Fannin Jr. FLEX Aaron Rodgers FLEX Jaylen Warren FLEX Deshaun Watson FLEX Steelers  FLEX Browns ,,,
3791,5277779189,OwwUBrokeMyFace,0,87.03,CPT Harold Fannin Jr. FLEX Aaron Rodgers FLEX Jaylen Warren FLEX Deshaun Watson FLEX Steelers  FLEX Browns ,,,
3791,5277865940,Frenchy0721,0,87.02999,CPT Michael Pittman Jr. FLEX Aaron Rodgers FLEX Deshaun Watson FLEX DK Metcalf FLEX Harold Fannin Jr. FLEX Darnell Washington,,,
3803,5277709534,robster1903,0,87.02,CPT Jaylen Warren FLEX Deshaun Watson FLEX Quinshon Judkins FLEX KC Concepcion Jr. FLEX Chris Boswell FLEX Darnell Washington,,,
3804,5277481543,esilvestre33,0,87,CPT Chris Boswell FLEX Jaylen Warren FLEX DK Metcalf FLEX Quinshon Judkins FLEX Denzel Boston FLEX KC Concepcion Jr.,,,
3805,5277256752,oleman64,0,86.97,CPT Harold Fannin Jr. FLEX Deshaun Watson FLEX DK Metcalf FLEX Denzel Boston FLEX KC Concepcion Jr. FLEX Pat Freiermuth,,,
3806,5276485360,5Knuckles,0,86.939995,CPT Deshaun Watson FLEX Aaron Rodgers FLEX Denzel Boston FLEX Harold Fannin Jr. FLEX Chris Boswell FLEX Andre Szmyt,,,
3806,5276570443,fantasydoc,0,86.939995,CPT Deshaun Watson FLEX Aaron Rodgers FLEX Denzel Boston FLEX Harold Fannin Jr. FLEX Chris Boswell FLEX Andre Szmyt,,,
3806,5277771120,LAfanatic650,0,86.939995,CPT Deshaun Watson FLEX Aaron Rodgers FLEX Denzel Boston FLEX Harold Fannin Jr. FLEX Chris Boswell FLEX Andre Szmyt,,,
3806,5277844848,mattjack80,0,86.939995,CPT Deshaun Watson FLEX Aaron Rodgers FLEX Denzel Boston FLEX Harold Fannin Jr. FLEX Chris Boswell FLEX Andre Szmyt,,,
3810,5277472230,mlbsyndicate,0,86.920006,CPT KC Concepcion Jr. FLEX Jaylen Warren FLEX Deshaun Watson FLEX Quinshon Judkins FLEX Harold Fannin Jr. FLEX Steelers ,,,
3811,5276999104,mcadam6,0,86.9,CPT Jaylen Warren FLEX Quinshon Judkins FLEX Denzel Boston FLEX Harold Fannin Jr. FLEX Pat Freiermuth FLEX Jerry Jeudy,,,
3812,5275567056,gitathagod77,0,86.88,CPT Blake Whiteheart FLEX Aaron Rodgers FLEX Jaylen Warren FLEX Deshaun Watson FLEX DK Metcalf FLEX Denzel Boston,,,
3812,5275651727,blackk82,0,86.88,CPT Browns  FLEX Aaron Rodgers FLEX Jaylen Warren FLEX Deshaun Watson FLEX Denzel Boston FLEX Steelers ,,,
3812,5275736696,Slowkey509,0,86.88,CPT Browns  FLEX Aaron Rodgers FLEX Jaylen Warren FLEX Deshaun Watson FLEX Denzel Boston FLEX Steelers ,,,
3812,5275970195,cperrin12,0,86.88,CPT Jaylen Warren FLEX Aaron Rodgers FLEX Deshaun Watson FLEX Denzel Boston FLEX Harold Fannin Jr. FLEX Robert Tonyan,,,
3812,5276383187,sixfever8710,0,86.88,CPT Deshaun Watson FLEX DK Metcalf FLEX Denzel Boston FLEX Harold Fannin Jr. FLEX KC Concepcion Jr. FLEX Browns ,,,
3812,5276643367,Mowerya,0,86.88,CPT Jaylen Warren FLEX Aaron Rodgers FLEX Deshaun Watson FLEX Denzel Boston FLEX Harold Fannin Jr. FLEX Robert Tonyan,,,
3812,5277007336,Webedawgs,0,86.88,CPT Deshaun Watson FLEX Jaylen Warren FLEX Quinshon Judkins FLEX Harold Fannin Jr. FLEX Andre Szmyt FLEX Raheim Sanders,,,
3812,5277139152,Whiskytown,0,86.88,CPT Deshaun Watson FLEX DK Metcalf FLEX Denzel Boston FLEX Harold Fannin Jr. FLEX KC Concepcion Jr. FLEX Browns ,,,
3812,5277181644,avandemark22,0,86.88,CPT Browns  FLEX Aaron Rodgers FLEX Jaylen Warren FLEX Deshaun Watson FLEX Denzel Boston FLEX Steelers ,,,
3812,5277660308,bryangeorge,0,86.88,CPT Deshaun Watson FLEX DK Metcalf FLEX Denzel Boston FLEX Harold Fannin Jr. FLEX KC Concepcion Jr. FLEX Browns ,,,
3812,5277728650,ells1626,0,86.88,CPT Jaylen Warren FLEX Aaron Rodgers FLEX Deshaun Watson FLEX Denzel Boston FLEX Harold Fannin Jr. FLEX Robert Tonyan,,,
3812,5277766250,wehls,0,86.88,CPT Jaylen Warren FLEX Aaron Rodgers FLEX Deshaun Watson FLEX Denzel Boston FLEX Harold Fannin Jr. FLEX Robert Tonyan,,,
3812,5277813899,Oros39,0,86.88,CPT Deshaun Watson FLEX Jaylen Warren FLEX Quinshon Judkins FLEX Harold Fannin Jr. FLEX Browns  FLEX Jerry Jeudy,,,
3825,5277758033,JSHAW81,0,86.829994,CPT Michael Pittman Jr. FLEX Aaron Rodgers FLEX Jaylen Warren FLEX Deshaun Watson FLEX Pat Freiermuth FLEX Roman Wilson,,,
3826,5277495495,HankHill09,0,86.82,CPT KC Concepcion Jr. FLEX Deshaun Watson FLEX DK Metcalf FLEX Denzel Boston FLEX Harold Fannin Jr. FLEX Pat Freiermuth,,,
3826,5277779530,sharicerobinson,0,86.82,CPT KC Concepcion Jr. FLEX Deshaun Watson FLEX DK Metcalf FLEX Denzel Boston FLEX Harold Fannin Jr. FLEX Pat Freiermuth,,,
3828,5277073703,littlerags6818,0,86.799995,CPT Jaylen Warren FLEX DK Metcalf FLEX Quinshon Judkins FLEX Harold Fannin Jr. FLEX Chris Boswell FLEX Jerry Jeudy,,,
3829,5276834593,Erik6277,0,86.77999,CPT Chris Boswell FLEX Aaron Rodgers FLEX Deshaun Watson FLEX DK Metcalf FLEX Harold Fannin Jr. FLEX Pat Freiermuth,,,
3830,5277674685,jconn14,0,86.76,CPT Jaylen Warren FLEX Aaron Rodgers FLEX Harold Fannin Jr. FLEX Chris Boswell FLEX Andre Szmyt FLEX Darnell Washington,,,
3831,5277667403,washout,0,86.729996,CPT Travis Homer FLEX Aaron Rodgers FLEX Jaylen Warren FLEX Deshaun Watson FLEX DK Metcalf FLEX Denzel Boston,,,
3832,5277752198,Psx120,0,86.72,CPT Jaylen Warren FLEX Deshaun Watson FLEX Quinshon Judkins FLEX Harold Fannin Jr. FLEX Andre Szmyt FLEX Germie Bernard,,,
3833,5276235481,Karmakaze,0,86.71001,CPT Harold Fannin Jr. FLEX Aaron Rodgers FLEX Jaylen Warren FLEX Denzel Boston FLEX Pat Freiermuth FLEX Steelers ,,,
3834,5277556842,doctorhoot,0,86.7,CPT Steelers  FLEX Jaylen Warren FLEX DK Metcalf FLEX Quinshon Judkins FLEX Browns  FLEX Andre Szmyt,,,
3834,5277681655,Factors52,0,86.7,CPT Steelers  FLEX Jaylen Warren FLEX DK Metcalf FLEX Quinshon Judkins FLEX Browns  FLEX Andre Szmyt,,,
3836,5276732069,automahn,0,86.68,CPT Jaylen Warren FLEX Aaron Rodgers FLEX Deshaun Watson FLEX KC Concepcion Jr. FLEX Chris Boswell FLEX Browns ,,,
3836,5276768328,patkingpin,0,86.68,CPT Jaylen Warren FLEX Aaron Rodgers FLEX Deshaun Watson FLEX KC Concepcion Jr. FLEX Chris Boswell FLEX Browns ,,,
3836,5276985769,Shabue1,0,86.68,CPT Jaylen Warren FLEX Aaron Rodgers FLEX Deshaun Watson FLEX KC Concepcion Jr. FLEX Chris Boswell FLEX Browns ,,,
3836,5277680439,deajr0605,0,86.68,CPT Jaylen Warren FLEX Aaron Rodgers FLEX Deshaun Watson FLEX KC Concepcion Jr. FLEX Chris Boswell FLEX Browns ,,,
3836,5276592543,Boz65,0,86.67999,CPT Andre Szmyt FLEX Aaron Rodgers FLEX Jaylen Warren FLEX Deshaun Watson FLEX Michael Pittman Jr. FLEX Pat Freiermuth,,,
3841,5277091898,Andy126,0,86.66,CPT Jaylen Warren FLEX Aaron Rodgers FLEX Denzel Boston FLEX Chris Boswell FLEX Steelers  FLEX Roman Wilson,,,
3841,5277565658,jbaker99,0,86.66,CPT Jaylen Warren FLEX Aaron Rodgers FLEX Denzel Boston FLEX Chris Boswell FLEX Steelers  FLEX Roman Wilson,,,
3843,5277469295,richie724,0,86.63,CPT Denzel Boston FLEX Aaron Rodgers FLEX Deshaun Watson FLEX Harold Fannin Jr. FLEX Pat Freiermuth FLEX Steelers ,,,
3843,5276019854,Homicidal_Apple,0,86.62999,CPT Harold Fannin Jr. FLEX Aaron Rodgers FLEX Jaylen Warren FLEX Deshaun Watson FLEX Denzel Boston FLEX Ben Skowronek,,,
3843,5276573011,ijw787,0,86.62999,CPT Harold Fannin Jr. FLEX Aaron Rodgers FLEX Jaylen Warren FLEX Deshaun Watson FLEX Denzel Boston FLEX Ben Skowronek,,,
3843,5276673795,buzzwerf,0,86.62999,CPT Harold Fannin Jr. FLEX Aaron Rodgers FLEX Jaylen Warren FLEX Deshaun Watson FLEX Denzel Boston FLEX Ben Skowronek,,,
3843,5276674602,dmd18,0,86.62999,CPT Harold Fannin Jr. FLEX Aaron Rodgers FLEX Jaylen Warren FLEX Deshaun Watson FLEX Denzel Boston FLEX Ben Skowronek,,,
3843,5276869058,jroleft,0,86.62999,CPT Harold Fannin Jr. FLEX Aaron Rodgers FLEX Jaylen Warren FLEX Deshaun Watson FLEX Denzel Boston FLEX Ben Skowronek,,,
3843,5276880554,sotopassias,0,86.62999,CPT Harold Fannin Jr. FLEX Aaron Rodgers FLEX Jaylen Warren FLEX Deshaun Watson FLEX Denzel Boston FLEX Ben Skowronek,,,
3843,5276962099,Ivaldry,0,86.62999,CPT Harold Fannin Jr. FLEX Aaron Rodgers FLEX Jaylen Warren FLEX Deshaun Watson FLEX Denzel Boston FLEX Ben Skowronek,,,
3843,5277044448,tone144,0,86.62999,CPT Harold Fannin Jr. FLEX Aaron Rodgers FLEX Jaylen Warren FLEX Deshaun Watson FLEX Denzel Boston FLEX Ben Skowronek,,,
3843,5277057232,ethpix,0,86.62999,CPT Harold Fannin Jr. FLEX Aaron Rodgers FLEX Jaylen Warren FLEX Deshaun Watson FLEX Denzel Boston FLEX Ben Skowronek,,,
3843,5277179708,jd_johnston11,0,86.62999,CPT Harold Fannin Jr. FLEX Aaron Rodgers FLEX Jaylen Warren FLEX Deshaun Watson FLEX Denzel Boston FLEX Ben Skowronek,,,
3843,5277612345,rbrobards,0,86.62999,CPT Harold Fannin Jr. FLEX Aaron Rodgers FLEX Jaylen Warren FLEX Deshaun Watson FLEX Denzel Boston FLEX Ben Skowronek,,,
3843,5277629263,J---Money,0,86.62999,CPT Harold Fannin Jr. FLEX Aaron Rodgers FLEX Jaylen Warren FLEX Deshaun Watson FLEX Denzel Boston FLEX Ben Skowronek,,,
3843,5277736139,UCLAAV8R,0,86.62999,CPT Harold Fannin Jr. FLEX Aaron Rodgers FLEX Jaylen Warren FLEX Deshaun Watson FLEX Denzel Boston FLEX Ben Skowronek,,,
3857,5275793323,Phrenologist,0,86.62,CPT Jaylen Warren FLEX Deshaun Watson FLEX Quinshon Judkins FLEX Harold Fannin Jr. FLEX Steelers  FLEX Browns ,,,
3857,5276272941,redneckwes,0,86.62,CPT Jaylen Warren FLEX Deshaun Watson FLEX Quinshon Judkins FLEX Harold Fannin Jr. FLEX Steelers  FLEX Browns ,,,
3857,5276488508,PineappleTruck,0,86.62,CPT Jaylen Warren FLEX Deshaun Watson FLEX Quinshon Judkins FLEX Harold Fannin Jr. FLEX Steelers  FLEX Browns ,,,
3857,5276576279,Schnozberries,0,86.62,CPT Jaylen Warren FLEX Deshaun Watson FLEX Quinshon Judkins FLEX Harold Fannin Jr. FLEX Steelers  FLEX Browns ,,,
3857,5276634699,jermaine38,0,86.62,CPT Jaylen Warren FLEX Deshaun Watson FLEX Quinshon Judkins FLEX Harold Fannin Jr. FLEX Steelers  FLEX Browns ,,,
3857,5276842119,TedBurget76101,0,86.62,CPT Jaylen Warren FLEX Deshaun Watson FLEX Quinshon Judkins FLEX Harold Fannin Jr. FLEX Steelers  FLEX Browns ,,,
3857,5277062543,Keendom,0,86.62,CPT Jaylen Warren FLEX Deshaun Watson FLEX Quinshon Judkins FLEX Harold Fannin Jr. FLEX Steelers  FLEX Browns ,,,
3857,5277247543,luckie1710,0,86.62,CPT Jaylen Warren FLEX Deshaun Watson FLEX Quinshon Judkins FLEX Harold Fannin Jr. FLEX Steelers  FLEX Browns ,,,
3857,5277356809,Dubbzz,0,86.62,CPT Jaylen Warren FLEX Deshaun Watson FLEX Quinshon Judkins FLEX Harold Fannin Jr. FLEX Steelers  FLEX Browns ,,,
3857,5277524748,grok,0,86.62,CPT Jaylen Warren FLEX Deshaun Watson FLEX Quinshon Judkins FLEX Harold Fannin Jr. FLEX Steelers  FLEX Browns ,,,
3867,5276041280,nabrung,0,86.61,CPT Harold Fannin Jr. FLEX Aaron Rodgers FLEX Jaylen Warren FLEX DK Metcalf FLEX Chris Boswell FLEX Steelers ,,,
3867,5276417266,keepermoist,0,86.61,CPT Harold Fannin Jr. FLEX Aaron Rodgers FLEX Jaylen Warren FLEX DK Metcalf FLEX Chris Boswell FLEX Steelers ,,,
3867,5276553547,bjw51170,0,86.61,CPT Harold Fannin Jr. FLEX Aaron Rodgers FLEX Jaylen Warren FLEX DK Metcalf FLEX Chris Boswell FLEX Steelers ,,,
3867,5277193709,jamillican,0,86.61,CPT Harold Fannin Jr. FLEX Aaron Rodgers FLEX Jaylen Warren FLEX DK Metcalf FLEX Chris Boswell FLEX Steelers ,,,
3867,5277809716,charlesbrandon62,0,86.61,CPT Harold Fannin Jr. FLEX Aaron Rodgers FLEX Jaylen Warren FLEX DK Metcalf FLEX Chris Boswell FLEX Steelers ,,,
3867,5277826075,jstenger95,0,86.61,CPT Harold Fannin Jr. FLEX Aaron Rodgers FLEX Jaylen Warren FLEX DK Metcalf FLEX Chris Boswell FLEX Steelers ,,,
3867,5276620993,twin1k1953,0,86.60999,CPT Denzel Boston FLEX Aaron Rodgers FLEX Jaylen Warren FLEX Harold Fannin Jr. FLEX Chris Boswell FLEX Andre Szmyt,,,
3874,5275852773,tmarkiewicz,0,86.579994,CPT Jaylen Warren FLEX Aaron Rodgers FLEX Deshaun Watson FLEX Harold Fannin Jr. FLEX KC Concepcion Jr. FLEX Isaiah Bond,,,
3874,5275922592,booradley5,0,86.579994,CPT Jaylen Warren FLEX Aaron Rodgers FLEX Deshaun Watson FLEX Harold Fannin Jr. FLEX Steelers  FLEX Jerry Jeudy,,,
3874,5277361694,matt1834,0,86.579994,CPT KC Concepcion Jr. FLEX Aaron Rodgers FLEX Jaylen Warren FLEX Deshaun Watson FLEX Steelers  FLEX Browns ,,,
3877,5276959055,BeetleBaine,0,86.56999,CPT Harold Fannin Jr. FLEX Deshaun Watson FLEX DK Metcalf FLEX Quinshon Judkins FLEX Chris Boswell FLEX Browns ,,,
3878,5277850310,gates_252,0,86.549995,CPT Denzel Boston FLEX Jaylen Warren FLEX DK Metcalf FLEX Harold Fannin Jr. FLEX Chris Boswell FLEX Roman Wilson,,,
3879,5277144973,mpvroadrunner,0,86.53999,CPT Deshaun Watson FLEX Aaron Rodgers FLEX Jaylen Warren FLEX Denzel Boston FLEX Harold Fannin Jr. FLEX Robert Tonyan,,,
3880,5277220629,fakeaspamelas,0,86.53,CPT Harold Fannin Jr. FLEX Aaron Rodgers FLEX Jaylen Warren FLEX Deshaun Watson FLEX KC Concepcion Jr. FLEX Germie Bernard,,,
3880,5277446937,FurrShizzle,0,86.53,CPT Harold Fannin Jr. FLEX Aaron Rodgers FLEX Jaylen Warren FLEX Deshaun Watson FLEX KC Concepcion Jr. FLEX Germie Bernard,,,
3882,5277831864,beefmaster75904,0,86.52,CPT Jaylen Warren FLEX Deshaun Watson FLEX Quinshon Judkins FLEX Michael Pittman Jr. FLEX KC Concepcion Jr. FLEX Darnell Washington,,,
3883,5276651231,wwalbrecher,0,86.5,CPT Quinshon Judkins FLEX Jaylen Warren FLEX Denzel Boston FLEX Michael Pittman Jr. FLEX KC Concepcion Jr. FLEX Pat Freiermuth,,,
3883,5277823193,S-Pac183,0,86.5,CPT Quinshon Judkins FLEX Jaylen Warren FLEX Denzel Boston FLEX Michael Pittman Jr. FLEX KC Concepcion Jr. FLEX Pat Freiermuth,,,
3885,5277722458,briangoga24,0,86.46999,CPT Denzel Boston FLEX Deshaun Watson FLEX DK Metcalf FLEX Harold Fannin Jr. FLEX Browns  FLEX Andre Szmyt,,,
3886,5276282187,BTBCompany,0,86.46,CPT Jaylen Warren FLEX Aaron Rodgers FLEX Harold Fannin Jr. FLEX KC Concepcion Jr. FLEX Chris Boswell FLEX Andre Szmyt,,,
3886,5277366647,dolphinsfan092876,0,86.46,CPT Jaylen Warren FLEX Aaron Rodgers FLEX Denzel Boston FLEX Harold Fannin Jr. FLEX KC Concepcion Jr. FLEX Germie Bernard,,,
3888,5277387723,MARCUS8483,0,86.439995,CPT Deshaun Watson FLEX Aaron Rodgers FLEX Jaylen Warren FLEX Michael Pittman Jr. FLEX Browns  FLEX Andre Szmyt,,,
3889,5276410295,20acetrone,0,86.42999,CPT Denzel Boston FLEX Aaron Rodgers FLEX Jaylen Warren FLEX Deshaun Watson FLEX Browns  FLEX Raheim Sanders,,,
3890,5277697997,sydsbengals,0,86.4,CPT Quinshon Judkins FLEX Jaylen Warren FLEX Pat Freiermuth FLEX Chris Boswell FLEX Andre Szmyt FLEX Darnell Washington,,,
3891,5276640871,Skybolt2,0,86.38,CPT Deshaun Watson FLEX DK Metcalf FLEX Denzel Boston FLEX Harold Fannin Jr. FLEX Michael Pittman Jr. FLEX Roman Wilson,,,
3892,5276105121,evan121110,0,86.37001,CPT Harold Fannin Jr. FLEX Jaylen Warren FLEX Deshaun Watson FLEX Quinshon Judkins FLEX Pat Freiermuth FLEX Steelers ,,,
3893,5276620851,throwmoney,0,86.36,CPT Jaylen Warren FLEX Aaron Rodgers FLEX DK Metcalf FLEX Michael Pittman Jr. FLEX Chris Boswell FLEX Andre Szmyt,,,
3893,5277354168,Pizzatime01,0,86.36,CPT Jaylen Warren FLEX Aaron Rodgers FLEX DK Metcalf FLEX Michael Pittman Jr. FLEX Chris Boswell FLEX Andre Szmyt,,,
3893,5277424338,jsizzle21,0,86.36,CPT Jaylen Warren FLEX Aaron Rodgers FLEX DK Metcalf FLEX Michael Pittman Jr. FLEX Chris Boswell FLEX Andre Szmyt,,,
3893,5277605180,therizzo,0,86.36,CPT Jaylen Warren FLEX Aaron Rodgers FLEX DK Metcalf FLEX Michael Pittman Jr. FLEX Chris Boswell FLEX Andre Szmyt,,,
3897,5276281799,rludwig1963,0,86.35,CPT Denzel Boston FLEX DK Metcalf FLEX Quinshon Judkins FLEX Harold Fannin Jr. FLEX Michael Pittman Jr. FLEX Pat Freiermuth,,,
3897,5277786428,Studonk,0,86.35,CPT Denzel Boston FLEX DK Metcalf FLEX Quinshon Judkins FLEX Harold Fannin Jr. FLEX Michael Pittman Jr. FLEX Pat Freiermuth,,,
3899,5276573625,rayrod73,0,86.34,CPT Deshaun Watson FLEX Aaron Rodgers FLEX Jaylen Warren FLEX KC Concepcion Jr. FLEX Chris Boswell FLEX Browns ,,,
3900,5275471088,StratonStrat,0,86.32999,CPT Harold Fannin Jr. FLEX Aaron Rodgers FLEX Jaylen Warren FLEX Deshaun Watson FLEX Pat Freiermuth FLEX Raheim Sanders,,,
3900,5276968720,riomilla3434,0,86.32999,CPT Harold Fannin Jr. FLEX Aaron Rodgers FLEX Jaylen Warren FLEX Deshaun Watson FLEX Pat Freiermuth FLEX Raheim Sanders,,,
3900,5277220280,rennten,0,86.32999,CPT Harold Fannin Jr. FLEX Aaron Rodgers FLEX Jaylen Warren FLEX Deshaun Watson FLEX Pat Freiermuth FLEX Raheim Sanders,,,
3900,5277456570,ltdinsomniac,0,86.32999,CPT Harold Fannin Jr. FLEX Aaron Rodgers FLEX Jaylen Warren FLEX Deshaun Watson FLEX Pat Freiermuth FLEX Raheim Sanders,,,
3900,5277470906,Mrs.Santucci,0,86.32999,CPT Harold Fannin Jr. FLEX Aaron Rodgers FLEX Jaylen Warren FLEX Deshaun Watson FLEX Pat Freiermuth FLEX Raheim Sanders,,,
3900,5277564774,Dabberman,0,86.32999,CPT Harold Fannin Jr. FLEX Aaron Rodgers FLEX Jaylen Warren FLEX Deshaun Watson FLEX Pat Freiermuth FLEX Raheim Sanders,,,
3900,5277638615,RyBro24,0,86.32999,CPT Harold Fannin Jr. FLEX Aaron Rodgers FLEX Jaylen Warren FLEX Deshaun Watson FLEX Pat Freiermuth FLEX Raheim Sanders,,,
3900,5277682184,JNicks1702,0,86.32999,CPT Harold Fannin Jr. FLEX Aaron Rodgers FLEX Jaylen Warren FLEX Deshaun Watson FLEX Pat Freiermuth FLEX Raheim Sanders,,,
3900,5277735993,CoreyInDaHouse,0,86.32999,CPT Harold Fannin Jr. FLEX Aaron Rodgers FLEX Jaylen Warren FLEX Deshaun Watson FLEX Pat Freiermuth FLEX Raheim Sanders,,,
3909,5276151069,randomjank,0,86.32,CPT Jaylen Warren FLEX Deshaun Watson FLEX Quinshon Judkins FLEX KC Concepcion Jr. FLEX Steelers  FLEX Browns ,,,
3909,5276527810,Larce,0,86.32,CPT Jaylen Warren FLEX Deshaun Watson FLEX Quinshon Judkins FLEX KC Concepcion Jr. FLEX Steelers  FLEX Browns ,,,
3909,5276983312,SugarBearNBubbzy,0,86.32,CPT Jaylen Warren FLEX Deshaun Watson FLEX Quinshon Judkins FLEX KC Concepcion Jr. FLEX Steelers  FLEX Browns ,,,
3909,5277102448,goodtimes32,0,86.32,CPT Jaylen Warren FLEX Deshaun Watson FLEX Quinshon Judkins FLEX KC Concepcion Jr. FLEX Steelers  FLEX Browns ,,,
3909,5277113498,BeatusMeatus,0,86.32,CPT Jaylen Warren FLEX Deshaun Watson FLEX Quinshon Judkins FLEX KC Concepcion Jr. FLEX Steelers  FLEX Browns ,,,
3909,5277716316,Ribu18,0,86.32,CPT Jaylen Warren FLEX Deshaun Watson FLEX Quinshon Judkins FLEX KC Concepcion Jr. FLEX Steelers  FLEX Browns ,,,
3915,5276214084,kcskye22,0,86.31,CPT Harold Fannin Jr. FLEX Aaron Rodgers FLEX Jaylen Warren FLEX Quinshon Judkins FLEX Chris Boswell FLEX Raheim Sanders,,,
3915,5277877257,tabh74,0,86.31,CPT DK Metcalf FLEX Aaron Rodgers FLEX Denzel Boston FLEX Michael Pittman Jr. FLEX Pat Freiermuth FLEX Steelers ,,,
3917,5276136403,THROWNDARTS,0,86.3,CPT Jaylen Warren FLEX Quinshon Judkins FLEX Denzel Boston FLEX Harold Fannin Jr. FLEX Pat Freiermuth FLEX Steelers ,,,
3917,5277834125,epatriot,0,86.3,CPT Jaylen Warren FLEX Quinshon Judkins FLEX Denzel Boston FLEX Harold Fannin Jr. FLEX Pat Freiermuth FLEX Steelers ,,,
3917,5276860223,notyalc77,0,86.299995,CPT Jaylen Warren FLEX DK Metcalf FLEX Quinshon Judkins FLEX Harold Fannin Jr. FLEX Michael Pittman Jr. FLEX Jerry Jeudy,,,
3920,5276846902,frank_cina,0,86.28,CPT Deshaun Watson FLEX Jaylen Warren FLEX Quinshon Judkins FLEX Harold Fannin Jr. FLEX Steelers  FLEX Browns ,,,
3920,5277431752,fantasytime95,0,86.28,CPT Deshaun Watson FLEX Jaylen Warren FLEX Quinshon Judkins FLEX Harold Fannin Jr. FLEX Steelers  FLEX Browns ,,,
3920,5277670828,Lucano,0,86.28,CPT Deshaun Watson FLEX Jaylen Warren FLEX Quinshon Judkins FLEX Harold Fannin Jr. FLEX Steelers  FLEX Browns ,,,
3920,5276630367,CodyBrady12,0,86.27999,CPT KC Concepcion Jr. FLEX Aaron Rodgers FLEX Jaylen Warren FLEX Deshaun Watson FLEX Pat Freiermuth FLEX Chris Boswell,,,
3920,5277257180,dwhitaker22,0,86.27999,CPT KC Concepcion Jr. FLEX Aaron Rodgers FLEX Jaylen Warren FLEX Deshaun Watson FLEX Pat Freiermuth FLEX Chris Boswell,,,
3920,5277326988,greenzone987,0,86.27999,CPT KC Concepcion Jr. FLEX Aaron Rodgers FLEX Jaylen Warren FLEX Deshaun Watson FLEX Pat Freiermuth FLEX Chris Boswell,,,
3926,5277412515,nattydubbs42,0,86.26,CPT Jaylen Warren FLEX Aaron Rodgers FLEX Denzel Boston FLEX Harold Fannin Jr. FLEX Pat Freiermuth FLEX Raheim Sanders,,,
3926,5277799969,xixchubbsxix,0,86.26,CPT Jaylen Warren FLEX Aaron Rodgers FLEX Denzel Boston FLEX Steelers  FLEX Raheim Sanders FLEX Roman Wilson,,,
3926,5277505539,Trollette,0,86.259995,CPT Chris Boswell FLEX Aaron Rodgers FLEX DK Metcalf FLEX Quinshon Judkins FLEX Harold Fannin Jr. FLEX Michael Pittman Jr.,,,
3926,5277760505,Branaman12,0,86.259995,CPT Chris Boswell FLEX Aaron Rodgers FLEX DK Metcalf FLEX Quinshon Judkins FLEX Harold Fannin Jr. FLEX Michael Pittman Jr.,,,
3930,5275492814,ekerns,0,86.229996,CPT Pat Freiermuth FLEX Aaron Rodgers FLEX Jaylen Warren FLEX Deshaun Watson FLEX Harold Fannin Jr. FLEX Chris Boswell,,,
3930,5275616341,dlutz_13,0,86.229996,CPT Pat Freiermuth FLEX Aaron Rodgers FLEX Jaylen Warren FLEX Deshaun Watson FLEX Harold Fannin Jr. FLEX Chris Boswell,,,
3930,5275975656,ironborg,0,86.229996,CPT Pat Freiermuth FLEX Aaron Rodgers FLEX Jaylen Warren FLEX Deshaun Watson FLEX Harold Fannin Jr. FLEX Chris Boswell,,,
3930,5276327583,sabills23,0,86.229996,CPT Pat Freiermuth FLEX Aaron Rodgers FLEX Jaylen Warren FLEX Deshaun Watson FLEX Harold Fannin Jr. FLEX Chris Boswell,,,
3930,5276520271,gwag01,0,86.229996,CPT Pat Freiermuth FLEX Aaron Rodgers FLEX Jaylen Warren FLEX Deshaun Watson FLEX Harold Fannin Jr. FLEX Chris Boswell,,,
3930,5276600680,twfreng,0,86.229996,CPT Pat Freiermuth FLEX Aaron Rodgers FLEX Jaylen Warren FLEX Deshaun Watson FLEX Harold Fannin Jr. FLEX Chris Boswell,,,
3930,5276620000,arve,0,86.229996,CPT Pat Freiermuth FLEX Aaron Rodgers FLEX Jaylen Warren FLEX Deshaun Watson FLEX Harold Fannin Jr. FLEX Chris Boswell,,,
3930,5276999479,Goatropers,0,86.229996,CPT Pat Freiermuth FLEX Aaron Rodgers FLEX Jaylen Warren FLEX Deshaun Watson FLEX Harold Fannin Jr. FLEX Chris Boswell,,,
3930,5277009140,bonesjones88,0,86.229996,CPT Pat Freiermuth FLEX Aaron Rodgers FLEX Jaylen Warren FLEX Deshaun Watson FLEX Harold Fannin Jr. FLEX Chris Boswell,,,
3930,5277179539,engelg,0,86.229996,CPT Pat Freiermuth FLEX Aaron Rodgers FLEX Jaylen Warren FLEX Deshaun Watson FLEX Harold Fannin Jr. FLEX Chris Boswell,,,
3930,5277421514,walterwalleye,0,86.229996,CPT Pat Freiermuth FLEX Aaron Rodgers FLEX Jaylen Warren FLEX Deshaun Watson FLEX Harold Fannin Jr. FLEX Chris Boswell,,,
3930,5277579808,NateDoggyDog32,0,86.229996,CPT Pat Freiermuth FLEX Aaron Rodgers FLEX Jaylen Warren FLEX Deshaun Watson FLEX Harold Fannin Jr. FLEX Chris Boswell,,,
3930,5277585135,bridigidigi,0,86.229996,CPT Pat Freiermuth FLEX Aaron Rodgers FLEX Jaylen Warren FLEX Deshaun Watson FLEX Harold Fannin Jr. FLEX Chris Boswell,,,
3930,5277687189,halleewood,0,86.229996,CPT Pat Freiermuth FLEX Aaron Rodgers FLEX Jaylen Warren FLEX Deshaun Watson FLEX Harold Fannin Jr. FLEX Chris Boswell,,,
3930,5277722787,jlabonteee,0,86.229996,CPT Pat Freiermuth FLEX Aaron Rodgers FLEX Jaylen Warren FLEX Deshaun Watson FLEX Harold Fannin Jr. FLEX Chris Boswell,,,
3930,5277735651,gshrodz,0,86.229996,CPT Pat Freiermuth FLEX Aaron Rodgers FLEX Jaylen Warren FLEX Deshaun Watson FLEX Harold Fannin Jr. FLEX Chris Boswell,,,
3946,5275799671,JMac91x,0,86.22,CPT Chris Boswell FLEX Jaylen Warren FLEX Deshaun Watson FLEX Quinshon Judkins FLEX Harold Fannin Jr. FLEX Roman Wilson,,,
3947,5277760388,siggyfootball,0,86.20999,CPT Pat Freiermuth FLEX Aaron Rodgers FLEX Jaylen Warren FLEX Denzel Boston FLEX Harold Fannin Jr. FLEX Steelers ,,,
3948,5276069672,ToddMcCrann,0,86.2,CPT Jaylen Warren FLEX DK Metcalf FLEX Quinshon Judkins FLEX Harold Fannin Jr. FLEX Chris Boswell FLEX Steelers ,,,
3948,5276973570,ksturch,0,86.2,CPT Jaylen Warren FLEX DK Metcalf FLEX Quinshon Judkins FLEX Harold Fannin Jr. FLEX Chris Boswell FLEX Steelers ,,,
3948,5277052621,CeRoMieDo54,0,86.2,CPT Jaylen Warren FLEX DK Metcalf FLEX Quinshon Judkins FLEX Harold Fannin Jr. FLEX Chris Boswell FLEX Steelers ,,,
3948,5277160609,cwiser17,0,86.2,CPT Jaylen Warren FLEX DK Metcalf FLEX Quinshon Judkins FLEX Harold Fannin Jr. FLEX Chris Boswell FLEX Steelers ,,,
3948,5277263747,blazer1sd,0,86.2,CPT Jaylen Warren FLEX DK Metcalf FLEX Quinshon Judkins FLEX Harold Fannin Jr. FLEX Chris Boswell FLEX Steelers ,,,
3948,5277299339,goatboy646,0,86.2,CPT Jaylen Warren FLEX DK Metcalf FLEX Quinshon Judkins FLEX Harold Fannin Jr. FLEX Chris Boswell FLEX Steelers ,,,
3948,5277324983,packman03,0,86.2,CPT Jaylen Warren FLEX DK Metcalf FLEX Quinshon Judkins FLEX Harold Fannin Jr. FLEX Chris Boswell FLEX Steelers ,,,
3948,5277509960,jvenzke,0,86.2,CPT Jaylen Warren FLEX DK Metcalf FLEX Quinshon Judkins FLEX Harold Fannin Jr. FLEX Chris Boswell FLEX Steelers ,,,
3948,5277545045,countrybreakfast,0,86.2,CPT Jaylen Warren FLEX DK Metcalf FLEX Quinshon Judkins FLEX Harold Fannin Jr. FLEX Chris Boswell FLEX Steelers ,,,
3948,5277555514,asquillace,0,86.2,CPT Jaylen Warren FLEX DK Metcalf FLEX Quinshon Judkins FLEX Harold Fannin Jr. FLEX Chris Boswell FLEX Steelers ,,,
3948,5277571458,brink7,0,86.2,CPT Jaylen Warren FLEX DK Metcalf FLEX Quinshon Judkins FLEX Harold Fannin Jr. FLEX Chris Boswell FLEX Steelers ,,,
3948,5277595860,wiltodd,0,86.2,CPT Jaylen Warren FLEX DK Metcalf FLEX Quinshon Judkins FLEX Harold Fannin Jr. FLEX Chris Boswell FLEX Steelers ,,,
3948,5277610479,beepster37,0,86.2,CPT Jaylen Warren FLEX DK Metcalf FLEX Quinshon Judkins FLEX Harold Fannin Jr. FLEX Chris Boswell FLEX Steelers ,,,
3948,5277637893,book27,0,86.2,CPT Jaylen Warren FLEX DK Metcalf FLEX Quinshon Judkins FLEX Harold Fannin Jr. FLEX Chris Boswell FLEX Steelers ,,,
3948,5277762651,Bucball06,0,86.2,CPT Jaylen Warren FLEX DK Metcalf FLEX Quinshon Judkins FLEX Harold Fannin Jr. FLEX Chris Boswell FLEX Steelers ,,,
3948,5277836638,BMT46gear,0,86.2,CPT Jaylen Warren FLEX DK Metcalf FLEX Quinshon Judkins FLEX Harold Fannin Jr. FLEX Chris Boswell FLEX Steelers ,,,
3964,5276828151,woodsheddrew,0,86.18,CPT Jaylen Warren FLEX Aaron Rodgers FLEX Deshaun Watson FLEX Michael Pittman Jr. FLEX Chris Boswell FLEX Roman Wilson,,,
3964,5276879798,hacksaw7272,0,86.18,CPT Jaylen Warren FLEX Aaron Rodgers FLEX Deshaun Watson FLEX Michael Pittman Jr. FLEX Chris Boswell FLEX Roman Wilson,,,
3964,5277405070,teejwilliams,0,86.18,CPT Jaylen Warren FLEX Aaron Rodgers FLEX Deshaun Watson FLEX Michael Pittman Jr. FLEX Chris Boswell FLEX Roman Wilson,,,
3964,5277616532,richbrad13,0,86.18,CPT Jaylen Warren FLEX Aaron Rodgers FLEX Deshaun Watson FLEX Michael Pittman Jr. FLEX Chris Boswell FLEX Roman Wilson,,,
3964,5277636347,jbnels22,0,86.18,CPT Jaylen Warren FLEX Aaron Rodgers FLEX Deshaun Watson FLEX Michael Pittman Jr. FLEX Chris Boswell FLEX Roman Wilson,,,
3964,5277743559,deathangel,0,86.17999,CPT Steelers  FLEX Aaron Rodgers FLEX Jaylen Warren FLEX Deshaun Watson FLEX Pat Freiermuth FLEX Andre Szmyt,,,
3970,5277242846,worton316,0,86.17,CPT DK Metcalf FLEX Deshaun Watson FLEX Denzel Boston FLEX Harold Fannin Jr. FLEX KC Concepcion Jr. FLEX Steelers ,,,
3970,5277274307,UFCMatt,0,86.17,CPT Harold Fannin Jr. FLEX Jaylen Warren FLEX Deshaun Watson FLEX DK Metcalf FLEX Andre Szmyt FLEX Jerry Jeudy,,,
3972,5275458323,Debshep,0,86.16,CPT Jaylen Warren FLEX Aaron Rodgers FLEX Denzel Boston FLEX Michael Pittman Jr. FLEX Steelers  FLEX Roman Wilson,,,
3973,5276462320,meits,0,86.15,CPT DK Metcalf FLEX Jaylen Warren FLEX Denzel Boston FLEX Harold Fannin Jr. FLEX Pat Freiermuth FLEX Steelers ,,,
3974,5276959103,mandalee7686,0,86.14,CPT Deshaun Watson FLEX Aaron Rodgers FLEX Denzel Boston FLEX Harold Fannin Jr. FLEX Michael Pittman Jr. FLEX Darnell Washington,,,
3974,5277243375,pmccawley3,0,86.14,CPT Aaron Rodgers FLEX Jaylen Warren FLEX Denzel Boston FLEX Harold Fannin Jr. FLEX Chris Boswell FLEX Steelers ,,,
3974,5277460635,tshipes,0,86.14,CPT Deshaun Watson FLEX Aaron Rodgers FLEX Denzel Boston FLEX Harold Fannin Jr. FLEX Michael Pittman Jr. FLEX Darnell Washington,,,
3974,5277528874,kent6491,0,86.14,CPT Aaron Rodgers FLEX Jaylen Warren FLEX Denzel Boston FLEX Harold Fannin Jr. FLEX Chris Boswell FLEX Steelers ,,,
3974,5277632566,dougster1960,0,86.14,CPT Deshaun Watson FLEX Aaron Rodgers FLEX Denzel Boston FLEX Harold Fannin Jr. FLEX Michael Pittman Jr. FLEX Darnell Washington,,,
3974,5277747804,Chicubsbears27,0,86.14,CPT Aaron Rodgers FLEX Jaylen Warren FLEX Denzel Boston FLEX Harold Fannin Jr. FLEX Chris Boswell FLEX Steelers ,,,
3974,5277804418,mike19831127,0,86.14,CPT Deshaun Watson FLEX Aaron Rodgers FLEX Denzel Boston FLEX Harold Fannin Jr. FLEX Michael Pittman Jr. FLEX Darnell Washington,,,
3974,5277811598,tordog,0,86.14,CPT Aaron Rodgers FLEX Jaylen Warren FLEX Denzel Boston FLEX Harold Fannin Jr. FLEX Chris Boswell FLEX Steelers ,,,
3974,5277876951,TwistPalace,0,86.14,CPT Aaron Rodgers FLEX Jaylen Warren FLEX Denzel Boston FLEX Harold Fannin Jr. FLEX Chris Boswell FLEX Steelers ,,,
3983,5275973522,db88rules,0,86.12999,CPT Harold Fannin Jr. FLEX Aaron Rodgers FLEX Jaylen Warren FLEX Deshaun Watson FLEX Denzel Boston FLEX Isaiah Bond,,,
3984,5277045294,Toonahowie,0,86.12,CPT Jaylen Warren FLEX Deshaun Watson FLEX Quinshon Judkins FLEX Harold Fannin Jr. FLEX KC Concepcion Jr. FLEX Germie Bernard,,,
3984,5277292152,Weskat,0,86.12,CPT Jaylen Warren FLEX Deshaun Watson FLEX Quinshon Judkins FLEX Harold Fannin Jr. FLEX KC Concepcion Jr. FLEX Germie Bernard,,,
3984,5277382329,Ratbeer,0,86.12,CPT Jaylen Warren FLEX Deshaun Watson FLEX Quinshon Judkins FLEX Harold Fannin Jr. FLEX KC Concepcion Jr. FLEX Germie Bernard,,,
3984,5277643512,hullette2000,0,86.12,CPT Quinshon Judkins FLEX Jaylen Warren FLEX Deshaun Watson FLEX Michael Pittman Jr. FLEX Pat Freiermuth FLEX Browns ,,,
3988,5277550978,taste-like-chicken,0,86.08,CPT Deshaun Watson FLEX Jaylen Warren FLEX DK Metcalf FLEX Denzel Boston FLEX Chris Boswell FLEX Darnell Washington,,,
3988,5276907547,Howardthedog,0,86.079994,CPT Jaylen Warren FLEX Aaron Rodgers FLEX Deshaun Watson FLEX Harold Fannin Jr. FLEX Browns  FLEX Germie Bernard,,,
3990,5276734315,andrewran,0,86.06,CPT Aaron Rodgers FLEX Jaylen Warren FLEX Deshaun Watson FLEX Chris Boswell FLEX Andre Szmyt FLEX Raheim Sanders,,,
3991,5277442712,kk1118,0,86.03999,CPT Aaron Rodgers FLEX DK Metcalf FLEX Harold Fannin Jr. FLEX Michael Pittman Jr. FLEX KC Concepcion Jr. FLEX Chris Boswell,,,
3992,5277199458,Daf3410,0,86.03,CPT Harold Fannin Jr. FLEX Aaron Rodgers FLEX Deshaun Watson FLEX Denzel Boston FLEX Pat Freiermuth FLEX Steelers ,,,
3992,5277463376,cfritz08,0,86.03,CPT Harold Fannin Jr. FLEX Aaron Rodgers FLEX Deshaun Watson FLEX Denzel Boston FLEX Pat Freiermuth FLEX Steelers ,,,
3994,5275703345,MikeeesPicks,0,86.02,CPT Jaylen Warren FLEX Deshaun Watson FLEX Denzel Boston FLEX Harold Fannin Jr. FLEX KC Concepcion Jr. FLEX Darnell Washington,,,
3994,5276021041,gbarnesnavy,0,86.02,CPT Jaylen Warren FLEX Deshaun Watson FLEX Quinshon Judkins FLEX KC Concepcion Jr. FLEX Pat Freiermuth FLEX Chris Boswell,,,
3994,5276119573,KageJ,0,86.02,CPT Jaylen Warren FLEX Deshaun Watson FLEX Quinshon Judkins FLEX KC Concepcion Jr. FLEX Pat Freiermuth FLEX Chris Boswell,,,
3994,5276577385,SENDIT,0,86.02,CPT Jaylen Warren FLEX Deshaun Watson FLEX Quinshon Judkins FLEX KC Concepcion Jr. FLEX Pat Freiermuth FLEX Chris Boswell,,,
3994,5276797058,hrich00,0,86.02,CPT Jaylen Warren FLEX Deshaun Watson FLEX Quinshon Judkins FLEX KC Concepcion Jr. FLEX Pat Freiermuth FLEX Chris Boswell,,,
3994,5276823531,CreeperStache,0,86.02,CPT Jaylen Warren FLEX Deshaun Watson FLEX Quinshon Judkins FLEX KC Concepcion Jr. FLEX Pat Freiermuth FLEX Chris Boswell,,,
3994,5276849139,corn12365,0,86.02,CPT Jaylen Warren FLEX Deshaun Watson FLEX Quinshon Judkins FLEX KC Concepcion Jr. FLEX Pat Freiermuth FLEX Chris Boswell,,,
3994,5277019123,emorgan68,0,86.02,CPT Jaylen Warren FLEX Deshaun Watson FLEX Quinshon Judkins FLEX KC Concepcion Jr. FLEX Pat Freiermuth FLEX Chris Boswell,,,
3994,5277033881,snakeboutte,0,86.02,CPT Jaylen Warren FLEX Deshaun Watson FLEX Denzel Boston FLEX Harold Fannin Jr. FLEX KC Concepcion Jr. FLEX Darnell Washington,,,
3994,5277041368,dwman34,0,86.02,CPT Jaylen Warren FLEX Deshaun Watson FLEX Quinshon Judkins FLEX KC Concepcion Jr. FLEX Pat Freiermuth FLEX Chris Boswell,,,
3994,5277055676,slpanthers24,0,86.02,CPT Jaylen Warren FLEX Deshaun Watson FLEX Denzel Boston FLEX Harold Fannin Jr. FLEX KC Concepcion Jr. FLEX Darnell Washington,,,
3994,5277306477,DyerStreetGeek,0,86.02,CPT Jaylen Warren FLEX Deshaun Watson FLEX Quinshon Judkins FLEX KC Concepcion Jr. FLEX Pat Freiermuth FLEX Chris Boswell,,,
3994,5277403510,Kashaka,0,86.02,CPT Jaylen Warren FLEX Deshaun Watson FLEX Quinshon Judkins FLEX KC Concepcion Jr. FLEX Pat Freiermuth FLEX Chris Boswell,,,
3994,5277462921,Segundo2112,0,86.02,CPT Jaylen Warren FLEX Deshaun Watson FLEX Denzel Boston FLEX Harold Fannin Jr. FLEX KC Concepcion Jr. FLEX Darnell Washington,,,
3994,5277597438,pugcroom07,0,86.02,CPT Jaylen Warren FLEX Deshaun Watson FLEX Denzel Boston FLEX Harold Fannin Jr. FLEX KC Concepcion Jr. FLEX Darnell Washington,,,
3994,5277610508,papacols,0,86.02,CPT Jaylen Warren FLEX Deshaun Watson FLEX Denzel Boston FLEX Harold Fannin Jr. FLEX KC Concepcion Jr. FLEX Darnell Washington,,,
3994,5277690352,xTony_Bx,0,86.02,CPT Jaylen Warren FLEX Deshaun Watson FLEX Denzel Boston FLEX Harold Fannin Jr. FLEX KC Concepcion Jr. FLEX Darnell Washington,,,
3994,5277701374,phaully,0,86.02,CPT Jaylen Warren FLEX Deshaun Watson FLEX Quinshon Judkins FLEX KC Concepcion Jr. FLEX Pat Freiermuth FLEX Chris Boswell,,,
3994,5277738152,dodgeramslakers,0,86.02,CPT Jaylen Warren FLEX Deshaun Watson FLEX Quinshon Judkins FLEX KC Concepcion Jr. FLEX Pat Freiermuth FLEX Chris Boswell,,,
4013,5276772233,Cunit80,0,85.96,CPT Jaylen Warren FLEX Aaron Rodgers FLEX Harold Fannin Jr. FLEX Michael Pittman Jr. FLEX KC Concepcion Jr. FLEX Andre Szmyt,,,
4013,5277765325,Dom32016,0,85.96,CPT Jaylen Warren FLEX Aaron Rodgers FLEX Harold Fannin Jr. FLEX Michael Pittman Jr. FLEX KC Concepcion Jr. FLEX Andre Szmyt,,,
4015,5277471297,Raider5029,0,85.95,CPT Harold Fannin Jr. FLEX Jaylen Warren FLEX DK Metcalf FLEX Denzel Boston FLEX KC Concepcion Jr. FLEX Browns ,,,
4016,5276549724,swamper369,0,85.92999,CPT Harold Fannin Jr. FLEX Aaron Rodgers FLEX Deshaun Watson FLEX DK Metcalf FLEX Chris Boswell FLEX Steelers ,,,
4016,5277083617,k9gooru,0,85.92999,CPT Harold Fannin Jr. FLEX Aaron Rodgers FLEX Deshaun Watson FLEX DK Metcalf FLEX Chris Boswell FLEX Steelers ,,,
4016,5277573026,ClutchPlay24,0,85.92999,CPT Harold Fannin Jr. FLEX Aaron Rodgers FLEX Deshaun Watson FLEX DK Metcalf FLEX Chris Boswell FLEX Steelers ,,,
4016,5277781220,cheeZball,0,85.92999,CPT Harold Fannin Jr. FLEX Aaron Rodgers FLEX Deshaun Watson FLEX DK Metcalf FLEX Chris Boswell FLEX Steelers ,,,
4020,5276924421,The_Pugfather22,0,85.92,CPT Jaylen Warren FLEX Deshaun Watson FLEX Quinshon Judkins FLEX Harold Fannin Jr. FLEX Pat Freiermuth FLEX Raheim Sanders,,,
4020,5277129761,VegasStacker,0,85.92,CPT Jaylen Warren FLEX Deshaun Watson FLEX Quinshon Judkins FLEX Harold Fannin Jr. FLEX Pat Freiermuth FLEX Raheim Sanders,,,
4020,5277449442,trfrench1,0,85.92,CPT Jaylen Warren FLEX Deshaun Watson FLEX DK Metcalf FLEX KC Concepcion Jr. FLEX Pat Freiermuth FLEX Steelers ,,,
4020,5277606531,rbradley43,0,85.92,CPT Jaylen Warren FLEX Deshaun Watson FLEX DK Metcalf FLEX KC Concepcion Jr. FLEX Pat Freiermuth FLEX Steelers ,,,
4024,5276962649,SteelRose58,0,85.909996,CPT Michael Pittman Jr. FLEX Aaron Rodgers FLEX Jaylen Warren FLEX DK Metcalf FLEX Quinshon Judkins FLEX Blake Whiteheart,,,
4024,5277721401,shaqwvu,0,85.909996,CPT Michael Pittman Jr. FLEX Aaron Rodgers FLEX Jaylen Warren FLEX DK Metcalf FLEX Quinshon Judkins FLEX Lew Nichols,,,
4026,5276196603,torogi99,0,85.88,CPT Deshaun Watson FLEX Jaylen Warren FLEX Quinshon Judkins FLEX Denzel Boston FLEX Harold Fannin Jr. FLEX Ben Skowronek,,,
4026,5276762684,Mr.StealYoMeal,0,85.88,CPT Jaylen Warren FLEX Aaron Rodgers FLEX Deshaun Watson FLEX Denzel Boston FLEX Pat Freiermuth FLEX Blake Whiteheart,,,
4026,5277320747,JoeRocks44,0,85.88,CPT Deshaun Watson FLEX Jaylen Warren FLEX Quinshon Judkins FLEX Denzel Boston FLEX Harold Fannin Jr. FLEX Ben Skowronek,,,
4026,5277404037,gentsp146,0,85.88,CPT Jaylen Warren FLEX Aaron Rodgers FLEX Deshaun Watson FLEX Denzel Boston FLEX Pat Freiermuth FLEX Blake Whiteheart,,,
4026,5277624627,8589,0,85.88,CPT Deshaun Watson FLEX Jaylen Warren FLEX Quinshon Judkins FLEX Denzel Boston FLEX Harold Fannin Jr. FLEX Ben Skowronek,,,
4026,5277738796,dougiefreshinthehous,0,85.88,CPT Deshaun Watson FLEX Jaylen Warren FLEX Quinshon Judkins FLEX Denzel Boston FLEX Harold Fannin Jr. FLEX Ben Skowronek,,,
4026,5275799680,dhub79,0,85.87999,CPT Steelers  FLEX Aaron Rodgers FLEX Jaylen Warren FLEX Deshaun Watson FLEX Harold Fannin Jr. FLEX Pat Freiermuth,,,
4026,5275885464,DukeChildress,0,85.87999,CPT Steelers  FLEX Aaron Rodgers FLEX Jaylen Warren FLEX Deshaun Watson FLEX Harold Fannin Jr. FLEX Pat Freiermuth,,,
4026,5276211613,BigBallin34,0,85.87999,CPT Steelers  FLEX Aaron Rodgers FLEX Jaylen Warren FLEX Deshaun Watson FLEX Harold Fannin Jr. FLEX Pat Freiermuth,,,
4026,5276854251,Mrs.BizNasty,0,85.87999,CPT Steelers  FLEX Aaron Rodgers FLEX Jaylen Warren FLEX Deshaun Watson FLEX Harold Fannin Jr. FLEX Pat Freiermuth,,,
4026,5276963438,dinkinurmouth,0,85.87999,CPT Steelers  FLEX Aaron Rodgers FLEX Jaylen Warren FLEX Deshaun Watson FLEX Harold Fannin Jr. FLEX Pat Freiermuth,,,
4026,5277555161,sabos,0,85.87999,CPT Steelers  FLEX Aaron Rodgers FLEX Jaylen Warren FLEX Deshaun Watson FLEX Harold Fannin Jr. FLEX Pat Freiermuth,,,
4026,5277635225,Judge870,0,85.87999,CPT Steelers  FLEX Aaron Rodgers FLEX Jaylen Warren FLEX Deshaun Watson FLEX Harold Fannin Jr. FLEX Pat Freiermuth,,,
4026,5277670236,Hec223,0,85.87999,CPT Steelers  FLEX Aaron Rodgers FLEX Jaylen Warren FLEX Deshaun Watson FLEX Harold Fannin Jr. FLEX Pat Freiermuth,,,
4026,5277701290,Mack601maniac,0,85.87999,CPT Steelers  FLEX Aaron Rodgers FLEX Jaylen Warren FLEX Deshaun Watson FLEX Harold Fannin Jr. FLEX Pat Freiermuth,,,
4026,5277744874,deckdaddy,0,85.87999,CPT Steelers  FLEX Aaron Rodgers FLEX Jaylen Warren FLEX Deshaun Watson FLEX Harold Fannin Jr. FLEX Pat Freiermuth,,,
4026,5277827436,karnyjets200,0,85.87999,CPT Steelers  FLEX Aaron Rodgers FLEX Jaylen Warren FLEX Deshaun Watson FLEX Harold Fannin Jr. FLEX Pat Freiermuth,,,
4043,5277573419,tasteitsucka,0,85.869995,CPT Denzel Boston FLEX Deshaun Watson FLEX DK Metcalf FLEX Harold Fannin Jr. FLEX Chris Boswell FLEX Roman Wilson,,,
4043,5277644623,dubois284,0,85.869995,CPT DK Metcalf FLEX Jaylen Warren FLEX Deshaun Watson FLEX KC Concepcion Jr. FLEX Pat Freiermuth FLEX Chris Boswell,,,
4045,5276747175,darragh8,0,85.84,CPT Deshaun Watson FLEX Aaron Rodgers FLEX Jaylen Warren FLEX Michael Pittman Jr. FLEX Chris Boswell FLEX Roman Wilson,,,
4046,5275559123,thelazygoat,0,85.81,CPT Michael Pittman Jr. FLEX Aaron Rodgers FLEX Jaylen Warren FLEX Denzel Boston FLEX Harold Fannin Jr. FLEX Roman Wilson,,,
4046,5277120809,lllsteelers,0,85.81,CPT Michael Pittman Jr. FLEX Aaron Rodgers FLEX Jaylen Warren FLEX Denzel Boston FLEX Harold Fannin Jr. FLEX Roman Wilson,,,
4046,5277199562,Twiztidmailman,0,85.81,CPT Michael Pittman Jr. FLEX Aaron Rodgers FLEX Jaylen Warren FLEX Denzel Boston FLEX Harold Fannin Jr. FLEX Roman Wilson,,,
4046,5277423970,chrosslaw,0,85.81,CPT Michael Pittman Jr. FLEX Aaron Rodgers FLEX Jaylen Warren FLEX Denzel Boston FLEX Harold Fannin Jr. FLEX Roman Wilson,,,
4046,5277742013,mattatiub,0,85.81,CPT DK Metcalf FLEX Aaron Rodgers FLEX Harold Fannin Jr. FLEX Michael Pittman Jr. FLEX KC Concepcion Jr. FLEX Steelers ,,,
4046,5277821434,travc111,0,85.81,CPT Michael Pittman Jr. FLEX Aaron Rodgers FLEX Jaylen Warren FLEX Denzel Boston FLEX Harold Fannin Jr. FLEX Roman Wilson,,,
4052,5276688121,Steelballs505,0,85.759995,CPT KC Concepcion Jr. FLEX Aaron Rodgers FLEX Jaylen Warren FLEX Quinshon Judkins FLEX Michael Pittman Jr. FLEX Chris Boswell,,,
4053,5276920425,annanded2,0,85.75,CPT Harold Fannin Jr. FLEX DK Metcalf FLEX Quinshon Judkins FLEX Denzel Boston FLEX Michael Pittman Jr. FLEX Pat Freiermuth,,,
4053,5276942986,TXBEACHBUM69,0,85.75,CPT Harold Fannin Jr. FLEX DK Metcalf FLEX Quinshon Judkins FLEX Denzel Boston FLEX Michael Pittman Jr. FLEX Pat Freiermuth,,,
4053,5277610632,TheOtterMan,0,85.75,CPT Harold Fannin Jr. FLEX DK Metcalf FLEX Quinshon Judkins FLEX Denzel Boston FLEX Michael Pittman Jr. FLEX Pat Freiermuth,,,
4056,5277433729,alveee,0,85.74,CPT Deshaun Watson FLEX Aaron Rodgers FLEX Quinshon Judkins FLEX Michael Pittman Jr. FLEX Pat Freiermuth FLEX Raheim Sanders,,,
4057,5277007678,empirejeff,0,85.71999,CPT KC Concepcion Jr. FLEX Deshaun Watson FLEX DK Metcalf FLEX Quinshon Judkins FLEX Browns  FLEX Raheim Sanders,,,
4058,5276779628,rr94121,0,85.71,CPT Michael Pittman Jr. FLEX Aaron Rodgers FLEX DK Metcalf FLEX Quinshon Judkins FLEX KC Concepcion Jr. FLEX Chris Boswell,,,
4058,5277015522,amberzero2424,0,85.71,CPT Michael Pittman Jr. FLEX Aaron Rodgers FLEX DK Metcalf FLEX Quinshon Judkins FLEX KC Concepcion Jr. FLEX Chris Boswell,,,
4058,5277368987,Giantgator1,0,85.71,CPT Michael Pittman Jr. FLEX Aaron Rodgers FLEX DK Metcalf FLEX Quinshon Judkins FLEX KC Concepcion Jr. FLEX Chris Boswell,,,
4061,5277313177,ttocash,0,85.700005,CPT Jaylen Warren FLEX DK Metcalf FLEX Harold Fannin Jr. FLEX Pat Freiermuth FLEX Chris Boswell FLEX Roman Wilson,,,
4062,5277353360,dana522,0,85.68,CPT Deshaun Watson FLEX Jaylen Warren FLEX Quinshon Judkins FLEX KC Concepcion Jr. FLEX Pat Freiermuth FLEX Chris Boswell,,,
4062,5277709469,flashdog312,0,85.68,CPT Deshaun Watson FLEX Jaylen Warren FLEX Denzel Boston FLEX Harold Fannin Jr. FLEX KC Concepcion Jr. FLEX Darnell Washington,,,
4062,5277709874,Alex_Bader,0,85.68,CPT Deshaun Watson FLEX Jaylen Warren FLEX Denzel Boston FLEX Harold Fannin Jr. FLEX KC Concepcion Jr. FLEX Darnell Washington,,,
4062,5276017505,Crad87,0,85.67999,CPT Browns  FLEX Aaron Rodgers FLEX Jaylen Warren FLEX Deshaun Watson FLEX Harold Fannin Jr. FLEX Steelers ,,,
4062,5276664833,swandad,0,85.67999,CPT Browns  FLEX Aaron Rodgers FLEX Jaylen Warren FLEX Deshaun Watson FLEX Harold Fannin Jr. FLEX Steelers ,,,
4067,5275805886,paparich1957,0,85.67,CPT Harold Fannin Jr. FLEX Jaylen Warren FLEX Deshaun Watson FLEX Quinshon Judkins FLEX Chris Boswell FLEX Andre Szmyt,,,
4067,5276930822,chillin105,0,85.67,CPT Harold Fannin Jr. FLEX Jaylen Warren FLEX Deshaun Watson FLEX Quinshon Judkins FLEX Chris Boswell FLEX Andre Szmyt,,,
4067,5277643028,quietbow,0,85.67,CPT Harold Fannin Jr. FLEX Jaylen Warren FLEX Deshaun Watson FLEX Quinshon Judkins FLEX Chris Boswell FLEX Andre Szmyt,,,
4070,5277789104,civillobo,0,85.66,CPT Aaron Rodgers FLEX Jaylen Warren FLEX Deshaun Watson FLEX Michael Pittman Jr. FLEX Chris Boswell FLEX Darnell Washington,,,
4071,5277358867,JayBear1109,0,85.649994,CPT Harold Fannin Jr. FLEX DK Metcalf FLEX Quinshon Judkins FLEX Steelers  FLEX Browns  FLEX Andre Szmyt,,,
4072,5275858393,JSL23,0,85.62,CPT Jaylen Warren FLEX Deshaun Watson FLEX Denzel Boston FLEX Harold Fannin Jr. FLEX Pat Freiermuth FLEX Andre Szmyt,,,
4072,5275863406,reedx347,0,85.62,CPT Jaylen Warren FLEX Deshaun Watson FLEX Denzel Boston FLEX Harold Fannin Jr. FLEX Pat Freiermuth FLEX Andre Szmyt,,,
4072,5276630217,jdk154,0,85.62,CPT Jaylen Warren FLEX Deshaun Watson FLEX Quinshon Judkins FLEX Pat Freiermuth FLEX Steelers  FLEX Browns ,,,
4072,5277286001,cheeseheadnation22,0,85.62,CPT Jaylen Warren FLEX Deshaun Watson FLEX Denzel Boston FLEX Harold Fannin Jr. FLEX Pat Freiermuth FLEX Andre Szmyt,,,
4072,5277431621,jellyBones,0,85.62,CPT Jaylen Warren FLEX Deshaun Watson FLEX Denzel Boston FLEX Harold Fannin Jr. FLEX Pat Freiermuth FLEX Andre Szmyt,,,
4077,5276998569,rashon99,0,85.60999,CPT Denzel Boston FLEX Aaron Rodgers FLEX Jaylen Warren FLEX Harold Fannin Jr. FLEX KC Concepcion Jr. FLEX Raheim Sanders,,,
4077,5277692925,pig-unit,0,85.60999,CPT Denzel Boston FLEX Aaron Rodgers FLEX Jaylen Warren FLEX Harold Fannin Jr. FLEX Steelers  FLEX Browns ,,,
4077,5277758605,woodybig,0,85.60999,CPT Denzel Boston FLEX Aaron Rodgers FLEX Jaylen Warren FLEX Harold Fannin Jr. FLEX Steelers  FLEX Browns ,,,
4080,5275404073,MoSoAlum15,0,85.58,CPT Deshaun Watson FLEX Jaylen Warren FLEX Quinshon Judkins FLEX Harold Fannin Jr. FLEX Pat Freiermuth FLEX Raheim Sanders,,,
4081,5277628282,ClevelandRealEstate,0,85.55,CPT Harold Fannin Jr. FLEX Jaylen Warren FLEX DK Metcalf FLEX Denzel Boston FLEX Raheim Sanders FLEX Roman Wilson,,,
4082,5275595499,almostwildman,0,85.52999,CPT Denzel Boston FLEX Aaron Rodgers FLEX Jaylen Warren FLEX Deshaun Watson FLEX Harold Fannin Jr. FLEX Blake Whiteheart,,,
4082,5276998641,jnord150,0,85.52999,CPT Denzel Boston FLEX Aaron Rodgers FLEX Jaylen Warren FLEX Deshaun Watson FLEX Harold Fannin Jr. FLEX Blake Whiteheart,,,
4082,5277409283,124337,0,85.52999,CPT Denzel Boston FLEX Aaron Rodgers FLEX Jaylen Warren FLEX Deshaun Watson FLEX Harold Fannin Jr. FLEX Blake Whiteheart,,,
4085,5275494042,mbolen18,0,85.52,CPT Jaylen Warren FLEX Deshaun Watson FLEX DK Metcalf FLEX Harold Fannin Jr. FLEX Chris Boswell FLEX Andre Szmyt,,,
4085,5275534144,yob33,0,85.52,CPT Jaylen Warren FLEX Deshaun Watson FLEX DK Metcalf FLEX Harold Fannin Jr. FLEX Chris Boswell FLEX Andre Szmyt,,,
4085,5275714340,TIM_TOSH,0,85.52,CPT Jaylen Warren FLEX Deshaun Watson FLEX DK Metcalf FLEX Harold Fannin Jr. FLEX Chris Boswell FLEX Andre Szmyt,,,
4085,5275758262,aarbear4life,0,85.52,CPT Jaylen Warren FLEX Deshaun Watson FLEX DK Metcalf FLEX Harold Fannin Jr. FLEX Chris Boswell FLEX Andre Szmyt,,,
4085,5275790333,akknowledge,0,85.52,CPT Jaylen Warren FLEX Deshaun Watson FLEX DK Metcalf FLEX Harold Fannin Jr. FLEX Chris Boswell FLEX Andre Szmyt,,,
4085,5276186916,ChevChelios,0,85.52,CPT Jaylen Warren FLEX Deshaun Watson FLEX DK Metcalf FLEX Harold Fannin Jr. FLEX Chris Boswell FLEX Andre Szmyt,,,
4085,5276409334,kochy11,0,85.52,CPT Jaylen Warren FLEX Deshaun Watson FLEX DK Metcalf FLEX Harold Fannin Jr. FLEX Chris Boswell FLEX Andre Szmyt,,,
4085,5276436539,Goldstorm22,0,85.52,CPT Jaylen Warren FLEX Deshaun Watson FLEX DK Metcalf FLEX Harold Fannin Jr. FLEX Chris Boswell FLEX Andre Szmyt,,,
4085,5276869257,thutja,0,85.52,CPT Jaylen Warren FLEX Deshaun Watson FLEX DK Metcalf FLEX Harold Fannin Jr. FLEX Chris Boswell FLEX Andre Szmyt,,,
4085,5277091409,STYX1210,0,85.52,CPT Jaylen Warren FLEX Deshaun Watson FLEX DK Metcalf FLEX Harold Fannin Jr. FLEX Chris Boswell FLEX Andre Szmyt,,,
4085,5277208309,gvhs2121,0,85.52,CPT Jaylen Warren FLEX Deshaun Watson FLEX DK Metcalf FLEX Harold Fannin Jr. FLEX Chris Boswell FLEX Andre Szmyt,,,
4085,5277342506,statistical_genius,0,85.52,CPT Jaylen Warren FLEX Deshaun Watson FLEX DK Metcalf FLEX Harold Fannin Jr. FLEX Chris Boswell FLEX Andre Szmyt,,,
4085,5277399231,w1Ldc8t-1,0,85.52,CPT Jaylen Warren FLEX Deshaun Watson FLEX DK Metcalf FLEX Harold Fannin Jr. FLEX Chris Boswell FLEX Andre Szmyt,,,
4085,5277507978,luke_d33,0,85.52,CPT Jaylen Warren FLEX Deshaun Watson FLEX DK Metcalf FLEX Harold Fannin Jr. FLEX Chris Boswell FLEX Andre Szmyt,,,
4085,5277688858,iacovelj,0,85.52,CPT Jaylen Warren FLEX Deshaun Watson FLEX DK Metcalf FLEX Harold Fannin Jr. FLEX Chris Boswell FLEX Andre Szmyt,,,
4085,5277698430,justbringit1,0,85.52,CPT Jaylen Warren FLEX Deshaun Watson FLEX DK Metcalf FLEX Harold Fannin Jr. FLEX Chris Boswell FLEX Andre Szmyt,,,
4085,5277748556,SiFiWarrior,0,85.52,CPT Jaylen Warren FLEX Deshaun Watson FLEX DK Metcalf FLEX Harold Fannin Jr. FLEX Chris Boswell FLEX Andre Szmyt,,,
4085,5277756629,portugeemulejockey,0,85.52,CPT Jaylen Warren FLEX Deshaun Watson FLEX DK Metcalf FLEX Harold Fannin Jr. FLEX Chris Boswell FLEX Andre Szmyt,,,
4085,5277848329,KentuckyDrum,0,85.52,CPT Jaylen Warren FLEX Deshaun Watson FLEX DK Metcalf FLEX Harold Fannin Jr. FLEX Chris Boswell FLEX Andre Szmyt,,,
4104,5277744202,nut14,0,85.47,CPT Michael Pittman Jr. FLEX Jaylen Warren FLEX Deshaun Watson FLEX Quinshon Judkins FLEX Harold Fannin Jr. FLEX Roman Wilson,,,
4105,5277204061,dfwtsx08,0,85.46,CPT Jaylen Warren FLEX Aaron Rodgers FLEX Harold Fannin Jr. FLEX Chris Boswell FLEX Steelers  FLEX Roman Wilson,,,
4105,5277242495,ihateurmomsson,0,85.46,CPT Jaylen Warren FLEX Aaron Rodgers FLEX Harold Fannin Jr. FLEX Chris Boswell FLEX Steelers  FLEX Roman Wilson,,,
4105,5277419867,Ovyrulz8,0,85.46,CPT Aaron Rodgers FLEX Deshaun Watson FLEX Denzel Boston FLEX Harold Fannin Jr. FLEX Chris Boswell FLEX Steelers ,,,
4105,5277430949,Emluttrell21,0,85.46,CPT Jaylen Warren FLEX Aaron Rodgers FLEX Quinshon Judkins FLEX Michael Pittman Jr. FLEX Chris Boswell FLEX Browns ,,,
4105,5277570937,foulplay1973,0,85.46,CPT Quinshon Judkins FLEX Aaron Rodgers FLEX Jaylen Warren FLEX Michael Pittman Jr. FLEX Chris Boswell FLEX Steelers ,,,
4105,5277607082,jcp12,0,85.46,CPT Aaron Rodgers FLEX Deshaun Watson FLEX Denzel Boston FLEX Harold Fannin Jr. FLEX Chris Boswell FLEX Steelers ,,,
4105,5277628798,brandennowell,0,85.46,CPT Aaron Rodgers FLEX Deshaun Watson FLEX Denzel Boston FLEX Harold Fannin Jr. FLEX Chris Boswell FLEX Steelers ,,,
4105,5277632933,chrissyscowboys76,0,85.46,CPT Aaron Rodgers FLEX Deshaun Watson FLEX Denzel Boston FLEX Harold Fannin Jr. FLEX Chris Boswell FLEX Steelers ,,,
4105,5277531209,stumpfest,0,85.45999,CPT Steelers  FLEX Aaron Rodgers FLEX Jaylen Warren FLEX Quinshon Judkins FLEX Raheim Sanders FLEX Darnell Washington,,,
4114,5277026284,bengra99,0,85.44,CPT Deshaun Watson FLEX Aaron Rodgers FLEX Jaylen Warren FLEX Denzel Boston FLEX Pat Freiermuth FLEX Travis Homer,,,
4115,5277735119,LittleManatee,0,85.42,CPT Jaylen Warren FLEX Deshaun Watson FLEX Quinshon Judkins FLEX Denzel Boston FLEX Browns  FLEX Raheim Sanders,,,
4116,5277536869,jaws1978,0,85.4,CPT Jaylen Warren FLEX Quinshon Judkins FLEX Harold Fannin Jr. FLEX Pat Freiermuth FLEX Steelers  FLEX Andre Szmyt,,,
4116,5276481541,Bigzman90,0,85.399994,CPT Steelers  FLEX Jaylen Warren FLEX DK Metcalf FLEX Quinshon Judkins FLEX Pat Freiermuth FLEX Browns ,,,
4118,5277171400,bdzelasney,0,85.38,CPT Jaylen Warren FLEX Aaron Rodgers FLEX Deshaun Watson FLEX Harold Fannin Jr. FLEX KC Concepcion Jr. FLEX Blake Whiteheart,,,
4118,5277218648,deftpunk,0,85.38,CPT Jaylen Warren FLEX Aaron Rodgers FLEX Deshaun Watson FLEX Harold Fannin Jr. FLEX KC Concepcion Jr. FLEX Lew Nichols,,,
4118,5277658305,Film,0,85.38,CPT Jaylen Warren FLEX Aaron Rodgers FLEX Deshaun Watson FLEX Harold Fannin Jr. FLEX KC Concepcion Jr. FLEX Lew Nichols,,,
4118,5277785319,tmills21,0,85.38,CPT Chris Boswell FLEX Aaron Rodgers FLEX Jaylen Warren FLEX Deshaun Watson FLEX Denzel Boston FLEX Andre Szmyt,,,
4118,5277844979,SLOPSLOPSLOP,0,85.38,CPT Steelers  FLEX Aaron Rodgers FLEX Jaylen Warren FLEX Deshaun Watson FLEX Denzel Boston FLEX Browns ,,,
4118,5277851674,Pizki6,0,85.38,CPT Steelers  FLEX Aaron Rodgers FLEX Jaylen Warren FLEX Deshaun Watson FLEX Denzel Boston FLEX Browns ,,,
4124,5276628968,Snyp1414,0,85.37,CPT Denzel Boston FLEX Jaylen Warren FLEX Deshaun Watson FLEX DK Metcalf FLEX Chris Boswell FLEX Andre Szmyt,,,
4124,5277775415,TerryTank,0,85.37,CPT Denzel Boston FLEX Jaylen Warren FLEX Deshaun Watson FLEX DK Metcalf FLEX Chris Boswell FLEX Andre Szmyt,,,
4124,5277864772,brandyM04,0,85.37,CPT Denzel Boston FLEX Jaylen Warren FLEX Deshaun Watson FLEX DK Metcalf FLEX Chris Boswell FLEX Andre Szmyt,,,
4127,5277060911,TheWhiz13,0,85.36,CPT Raheim Sanders FLEX Aaron Rodgers FLEX DK Metcalf FLEX Quinshon Judkins FLEX Michael Pittman Jr. FLEX KC Concepcion Jr.,,,
4127,5277762711,drose0527,0,85.36,CPT Jaylen Warren FLEX Aaron Rodgers FLEX DK Metcalf FLEX Michael Pittman Jr. FLEX Steelers  FLEX Browns ,,,
4127,5277775357,Dolphin49,0,85.36,CPT Aaron Rodgers FLEX Jaylen Warren FLEX Deshaun Watson FLEX Denzel Boston FLEX Steelers  FLEX Blake Whiteheart,,,
4127,5277870332,Rambo62,0,85.36,CPT Jaylen Warren FLEX Aaron Rodgers FLEX DK Metcalf FLEX Michael Pittman Jr. FLEX Steelers  FLEX Browns ,,,
4131,5276802012,mrrnine,0,85.350006,CPT Harold Fannin Jr. FLEX Jaylen Warren FLEX Quinshon Judkins FLEX Michael Pittman Jr. FLEX Pat Freiermuth FLEX Roman Wilson,,,
4132,5275478879,bhays9,0,85.329994,CPT Denzel Boston FLEX Aaron Rodgers FLEX Deshaun Watson FLEX DK Metcalf FLEX Chris Boswell FLEX Raheim Sanders,,,
4132,5275727667,edevans79,0,85.329994,CPT Denzel Boston FLEX Aaron Rodgers FLEX Deshaun Watson FLEX DK Metcalf FLEX Chris Boswell FLEX Raheim Sanders,,,
4132,5277205963,gerrigage11,0,85.329994,CPT Denzel Boston FLEX Aaron Rodgers FLEX Deshaun Watson FLEX DK Metcalf FLEX Chris Boswell FLEX Raheim Sanders,,,
4132,5277465889,neech74,0,85.329994,CPT Denzel Boston FLEX Aaron Rodgers FLEX Deshaun Watson FLEX DK Metcalf FLEX Chris Boswell FLEX Raheim Sanders,,,
4136,5277151109,luckyjake1973,0,85.32001,CPT Andre Szmyt FLEX Jaylen Warren FLEX Deshaun Watson FLEX Quinshon Judkins FLEX Harold Fannin Jr. FLEX Michael Pittman Jr.,,,
4136,5276478676,Beasley,0,85.32,CPT Jaylen Warren FLEX Deshaun Watson FLEX Denzel Boston FLEX Harold Fannin Jr. FLEX Pat Freiermuth FLEX Darnell Washington,,,
4136,5276652145,on1and2,0,85.32,CPT Jaylen Warren FLEX Deshaun Watson FLEX Denzel Boston FLEX KC Concepcion Jr. FLEX Pat Freiermuth FLEX Andre Szmyt,,,
4136,5277124866,blozano9,0,85.32,CPT Jaylen Warren FLEX Deshaun Watson FLEX Denzel Boston FLEX Harold Fannin Jr. FLEX Steelers  FLEX Roman Wilson,,,
4136,5277371222,RP2102,0,85.32,CPT Jaylen Warren FLEX Deshaun Watson FLEX Denzel Boston FLEX Harold Fannin Jr. FLEX Steelers  FLEX Roman Wilson,,,
4141,5276888412,gartlandmtg,0,85.31,CPT Denzel Boston FLEX Aaron Rodgers FLEX Jaylen Warren FLEX Harold Fannin Jr. FLEX Pat Freiermuth FLEX Chris Boswell,,,
4141,5277354931,bmmatriz03,0,85.31,CPT Denzel Boston FLEX Aaron Rodgers FLEX Jaylen Warren FLEX Harold Fannin Jr. FLEX Pat Freiermuth FLEX Chris Boswell,,,
4141,5277376841,c_b333,0,85.31,CPT Denzel Boston FLEX Aaron Rodgers FLEX Jaylen Warren FLEX Harold Fannin Jr. FLEX Pat Freiermuth FLEX Chris Boswell,,,
4141,5277448134,parkrangerjay,0,85.31,CPT Denzel Boston FLEX Aaron Rodgers FLEX Jaylen Warren FLEX Harold Fannin Jr. FLEX Pat Freiermuth FLEX Chris Boswell,,,
4141,5277860241,kingswish34,0,85.31,CPT Denzel Boston FLEX Aaron Rodgers FLEX Jaylen Warren FLEX Harold Fannin Jr. FLEX Pat Freiermuth FLEX Chris Boswell,,,
4146,5276812496,zygula6090,0,85.3,CPT Quinshon Judkins FLEX Jaylen Warren FLEX Harold Fannin Jr. FLEX Michael Pittman Jr. FLEX KC Concepcion Jr. FLEX Pat Freiermuth,,,
4147,5276546088,delbertmcfly,0,85.28,CPT Deshaun Watson FLEX Jaylen Warren FLEX Denzel Boston FLEX Harold Fannin Jr. FLEX Pat Freiermuth FLEX Andre Szmyt,,,
4147,5276753443,Albqhokie,0,85.28,CPT Jaylen Warren FLEX Aaron Rodgers FLEX Deshaun Watson FLEX Harold Fannin Jr. FLEX KC Concepcion Jr. FLEX Travis Homer,,,
4147,5276867701,mspozto,0,85.28,CPT Jaylen Warren FLEX Aaron Rodgers FLEX Deshaun Watson FLEX Harold Fannin Jr. FLEX KC Concepcion Jr. FLEX Travis Homer,,,
4147,5276874358,tmegg,0,85.28,CPT Deshaun Watson FLEX Jaylen Warren FLEX Denzel Boston FLEX Harold Fannin Jr. FLEX Pat Freiermuth FLEX Andre Szmyt,,,
4147,5276950844,bluester111,0,85.28,CPT Jaylen Warren FLEX Aaron Rodgers FLEX Deshaun Watson FLEX Harold Fannin Jr. FLEX KC Concepcion Jr. FLEX Travis Homer,,,
4147,5276975747,Peter_Wong,0,85.28,CPT Jaylen Warren FLEX Aaron Rodgers FLEX Deshaun Watson FLEX Harold Fannin Jr. FLEX KC Concepcion Jr. FLEX Travis Homer,,,
4147,5276999080,beardown553,0,85.28,CPT Deshaun Watson FLEX Jaylen Warren FLEX Denzel Boston FLEX Harold Fannin Jr. FLEX Pat Freiermuth FLEX Andre Szmyt,,,
4147,5277022955,meloman1523,0,85.28,CPT Jaylen Warren FLEX Aaron Rodgers FLEX Deshaun Watson FLEX Harold Fannin Jr. FLEX KC Concepcion Jr. FLEX Travis Homer,,,
4147,5277032829,joshuajudges,0,85.28,CPT Jaylen Warren FLEX Aaron Rodgers FLEX Deshaun Watson FLEX Harold Fannin Jr. FLEX KC Concepcion Jr. FLEX Travis Homer,,,
4147,5277050394,gbjb,0,85.28,CPT Jaylen Warren FLEX Aaron Rodgers FLEX Deshaun Watson FLEX Harold Fannin Jr. FLEX KC Concepcion Jr. FLEX Travis Homer,,,
4147,5277073693,RPTreanor,0,85.28,CPT Jaylen Warren FLEX Aaron Rodgers FLEX Deshaun Watson FLEX Harold Fannin Jr. FLEX KC Concepcion Jr. FLEX Travis Homer,,,
4147,5277126532,Codymuck,0,85.28,CPT Deshaun Watson FLEX Jaylen Warren FLEX Denzel Boston FLEX Harold Fannin Jr. FLEX Pat Freiermuth FLEX Andre Szmyt,,,
4147,5277165165,KGoetsch,0,85.28,CPT Jaylen Warren FLEX Aaron Rodgers FLEX Deshaun Watson FLEX Harold Fannin Jr. FLEX KC Concepcion Jr. FLEX Travis Homer,,,
4147,5277204522,Gerald1977,0,85.28,CPT Deshaun Watson FLEX Jaylen Warren FLEX Denzel Boston FLEX Harold Fannin Jr. FLEX Pat Freiermuth FLEX Andre Szmyt,,,
4147,5277222327,Jsmpn17,0,85.28,CPT Jaylen Warren FLEX Aaron Rodgers FLEX Deshaun Watson FLEX Harold Fannin Jr. FLEX KC Concepcion Jr. FLEX Travis Homer,,,
4147,5277236596,swilliams3,0,85.28,CPT Jaylen Warren FLEX Aaron Rodgers FLEX Deshaun Watson FLEX Harold Fannin Jr. FLEX KC Concepcion Jr. FLEX Travis Homer,,,
4147,5277285370,dukester1970,0,85.28,CPT Jaylen Warren FLEX Aaron Rodgers FLEX Deshaun Watson FLEX Harold Fannin Jr. FLEX KC Concepcion Jr. FLEX Travis Homer,,,
4147,5277312817,TONN80,0,85.28,CPT Jaylen Warren FLEX Aaron Rodgers FLEX Deshaun Watson FLEX Harold Fannin Jr. FLEX KC Concepcion Jr. FLEX Travis Homer,,,
4147,5277322931,WinGinnyWin,0,85.28,CPT Jaylen Warren FLEX Aaron Rodgers FLEX Deshaun Watson FLEX Harold Fannin Jr. FLEX KC Concepcion Jr. FLEX Travis Homer,,,
4147,5277332155,FumbleMachine,0,85.28,CPT Deshaun Watson FLEX DK Metcalf FLEX Quinshon Judkins FLEX Harold Fannin Jr. FLEX Michael Pittman Jr. FLEX Jerry Jeudy,,,
4147,5277374304,cityofchampions15,0,85.28,CPT Jaylen Warren FLEX Aaron Rodgers FLEX Deshaun Watson FLEX Harold Fannin Jr. FLEX KC Concepcion Jr. FLEX Travis Homer,,,
4147,5277499389,Dogs498,0,85.28,CPT Jaylen Warren FLEX Aaron Rodgers FLEX Deshaun Watson FLEX Harold Fannin Jr. FLEX KC Concepcion Jr. FLEX Travis Homer,,,
4147,5277524397,kmack2191,0,85.28,CPT Jaylen Warren FLEX Aaron Rodgers FLEX Deshaun Watson FLEX Harold Fannin Jr. FLEX KC Concepcion Jr. FLEX Travis Homer,,,
4147,5277597194,hcnpower,0,85.28,CPT Jaylen Warren FLEX Aaron Rodgers FLEX Deshaun Watson FLEX Harold Fannin Jr. FLEX KC Concepcion Jr. FLEX Travis Homer,,,
4147,5277668292,DCintheNati,0,85.28,CPT Jaylen Warren FLEX Aaron Rodgers FLEX Deshaun Watson FLEX Harold Fannin Jr. FLEX KC Concepcion Jr. FLEX Travis Homer,,,
4147,5277693553,christinelinnea,0,85.28,CPT Jaylen Warren FLEX Aaron Rodgers FLEX Deshaun Watson FLEX Harold Fannin Jr. FLEX KC Concepcion Jr. FLEX Travis Homer,,,
4147,5277724773,champs21,0,85.28,CPT Jaylen Warren FLEX Aaron Rodgers FLEX Deshaun Watson FLEX DK Metcalf FLEX Michael Pittman Jr. FLEX Isaiah Hodgins,,,
4174,5277477819,UpstateFlight,0,85.270004,CPT Harold Fannin Jr. FLEX Jaylen Warren FLEX Deshaun Watson FLEX DK Metcalf FLEX Steelers  FLEX Darnell Washington,,,
4175,5276962997,thinman2001,0,85.26,CPT Jaylen Warren FLEX Aaron Rodgers FLEX Harold Fannin Jr. FLEX Michael Pittman Jr. FLEX Pat Freiermuth FLEX Andre Szmyt,,,
4175,5277442713,Jansensucks,0,85.26,CPT Jaylen Warren FLEX Aaron Rodgers FLEX Harold Fannin Jr. FLEX Michael Pittman Jr. FLEX Pat Freiermuth FLEX Andre Szmyt,,,
4175,5277056058,WPG021529,0,85.259995,CPT Aaron Rodgers FLEX Jaylen Warren FLEX Deshaun Watson FLEX Harold Fannin Jr. FLEX Chris Boswell FLEX Germie Bernard,,,
4178,5277052961,renner292009,0,85.229996,CPT Denzel Boston FLEX Aaron Rodgers FLEX Jaylen Warren FLEX Deshaun Watson FLEX KC Concepcion Jr. FLEX Blake Whiteheart,,,
4179,5276883458,dottyy,0,85.22,CPT Jaylen Warren FLEX Deshaun Watson FLEX DK Metcalf FLEX KC Concepcion Jr. FLEX Chris Boswell FLEX Andre Szmyt,,,
4179,5277649122,Amro119,0,85.22,CPT Jaylen Warren FLEX Deshaun Watson FLEX DK Metcalf FLEX KC Concepcion Jr. FLEX Chris Boswell FLEX Andre Szmyt,,,
4181,5276452866,sophmores,0,85.200005,CPT Jaylen Warren FLEX DK Metcalf FLEX Denzel Boston FLEX Harold Fannin Jr. FLEX Steelers  FLEX Darnell Washington,,,
4182,5275668056,Soulflyz,0,85.18,CPT Deshaun Watson FLEX Jaylen Warren FLEX DK Metcalf FLEX Harold Fannin Jr. FLEX Chris Boswell FLEX Andre Szmyt,,,
4182,5276075277,City7,0,85.18,CPT Deshaun Watson FLEX Jaylen Warren FLEX DK Metcalf FLEX Harold Fannin Jr. FLEX Chris Boswell FLEX Andre Szmyt,,,
4182,5276146345,jdachamp365,0,85.18,CPT Deshaun Watson FLEX Jaylen Warren FLEX DK Metcalf FLEX Harold Fannin Jr. FLEX Chris Boswell FLEX Andre Szmyt,,,
4182,5276905999,breemer10,0,85.18,CPT Deshaun Watson FLEX Jaylen Warren FLEX DK Metcalf FLEX Harold Fannin Jr. FLEX Chris Boswell FLEX Andre Szmyt,,,
4182,5277002971,tarheelshaggy23,0,85.18,CPT Deshaun Watson FLEX Jaylen Warren FLEX DK Metcalf FLEX Harold Fannin Jr. FLEX Chris Boswell FLEX Andre Szmyt,,,
4182,5277184483,brjekr,0,85.18,CPT Deshaun Watson FLEX Jaylen Warren FLEX DK Metcalf FLEX Harold Fannin Jr. FLEX Chris Boswell FLEX Andre Szmyt,,,
4182,5277259087,jasandman,0,85.18,CPT Deshaun Watson FLEX Jaylen Warren FLEX DK Metcalf FLEX Harold Fannin Jr. FLEX Chris Boswell FLEX Andre Szmyt,,,
4182,5277389662,Lord007,0,85.18,CPT Deshaun Watson FLEX Jaylen Warren FLEX DK Metcalf FLEX Harold Fannin Jr. FLEX Chris Boswell FLEX Andre Szmyt,,,
4182,5277402322,seanfol72,0,85.18,CPT Deshaun Watson FLEX Jaylen Warren FLEX DK Metcalf FLEX Harold Fannin Jr. FLEX Chris Boswell FLEX Andre Szmyt,,,
4182,5277609456,sabas1995,0,85.18,CPT Deshaun Watson FLEX Jaylen Warren FLEX DK Metcalf FLEX Harold Fannin Jr. FLEX Chris Boswell FLEX Andre Szmyt,,,
4182,5277685474,JJSizzle,0,85.18,CPT Deshaun Watson FLEX Jaylen Warren FLEX DK Metcalf FLEX Harold Fannin Jr. FLEX Chris Boswell FLEX Andre Szmyt,,,
4193,5276672726,Healsworth82,0,85.17,CPT Denzel Boston FLEX Deshaun Watson FLEX DK Metcalf FLEX Harold Fannin Jr. FLEX Pat Freiermuth FLEX Browns ,,,
4194,5275604851,ajb01170,0,85.159996,CPT Chris Boswell FLEX Aaron Rodgers FLEX Jaylen Warren FLEX Quinshon Judkins FLEX Steelers  FLEX Andre Szmyt,,,
4194,5277459264,rcarena,0,85.159996,CPT Jaylen Warren FLEX Aaron Rodgers FLEX DK Metcalf FLEX Pat Freiermuth FLEX Chris Boswell FLEX Raheim Sanders,,,
4194,5277866045,siren31,0,85.159996,CPT Jaylen Warren FLEX Aaron Rodgers FLEX Harold Fannin Jr. FLEX KC Concepcion Jr. FLEX Pat Freiermuth FLEX Chris Boswell,,,
4197,5277600300,M_a_j_o_r,0,85.15,CPT DK Metcalf FLEX Jaylen Warren FLEX Denzel Boston FLEX Harold Fannin Jr. FLEX Chris Boswell FLEX Darnell Washington,,,
4198,5277688609,rkoshack,0,85.14,CPT Deshaun Watson FLEX Aaron Rodgers FLEX Harold Fannin Jr. FLEX KC Concepcion Jr. FLEX Chris Boswell FLEX Darnell Washington,,,
4199,5277387639,Hogfan72425,0,85.13,CPT Michael Pittman Jr. FLEX Aaron Rodgers FLEX Deshaun Watson FLEX Denzel Boston FLEX Harold Fannin Jr. FLEX Roman Wilson,,,
4200,5275957946,randyp4301,0,85.100006,CPT Quinshon Judkins FLEX Jaylen Warren FLEX Denzel Boston FLEX Harold Fannin Jr. FLEX Michael Pittman Jr. FLEX Browns ,,,
4200,5276420462,Niteowl45,0,85.100006,CPT Quinshon Judkins FLEX Jaylen Warren FLEX Denzel Boston FLEX Harold Fannin Jr. FLEX Michael Pittman Jr. FLEX Browns ,,,
4200,5276441284,kbb19622,0,85.100006,CPT Quinshon Judkins FLEX Jaylen Warren FLEX Denzel Boston FLEX Harold Fannin Jr. FLEX Michael Pittman Jr. FLEX Browns ,,,
4200,5277223551,bcamilli32,0,85.100006,CPT Quinshon Judkins FLEX Jaylen Warren FLEX Denzel Boston FLEX Harold Fannin Jr. FLEX Michael Pittman Jr. FLEX Browns ,,,
4200,5276453868,Blainecieloha,0,85.09999,CPT Chris Boswell FLEX Jaylen Warren FLEX DK Metcalf FLEX Quinshon Judkins FLEX Harold Fannin Jr. FLEX Pat Freiermuth,,,
4205,5277288764,stingerz22,0,85.079994,CPT Deshaun Watson FLEX Jaylen Warren FLEX Quinshon Judkins FLEX Denzel Boston FLEX Browns  FLEX Raheim Sanders,,,
4206,5277278153,jmess13,0,85.06,CPT Steelers  FLEX Aaron Rodgers FLEX Jaylen Warren FLEX Quinshon Judkins FLEX Michael Pittman Jr. FLEX KC Concepcion Jr.,,,
4206,5277772591,emmisary,0,85.06,CPT Steelers  FLEX Aaron Rodgers FLEX Jaylen Warren FLEX Quinshon Judkins FLEX Michael Pittman Jr. FLEX KC Concepcion Jr.,,,
4206,5277806263,elose21,0,85.06,CPT Steelers  FLEX Aaron Rodgers FLEX Jaylen Warren FLEX Quinshon Judkins FLEX Michael Pittman Jr. FLEX KC Concepcion Jr.,,,
4209,5277361453,UnderDog1962,0,85.03999,CPT Deshaun Watson FLEX Aaron Rodgers FLEX Jaylen Warren FLEX Harold Fannin Jr. FLEX KC Concepcion Jr. FLEX Blake Whiteheart,,,
4210,5276494435,KyleKoosh,0,85.03,CPT Harold Fannin Jr. FLEX Aaron Rodgers FLEX Jaylen Warren FLEX Deshaun Watson FLEX Chris Boswell FLEX Browns ,,,
4210,5276762650,NumberFoooore,0,85.03,CPT Harold Fannin Jr. FLEX Aaron Rodgers FLEX Jaylen Warren FLEX Deshaun Watson FLEX Chris Boswell FLEX Browns ,,,
4210,5277224182,tbone633,0,85.03,CPT Harold Fannin Jr. FLEX Aaron Rodgers FLEX Jaylen Warren FLEX Deshaun Watson FLEX Chris Boswell FLEX Browns ,,,
4210,5277440634,mpd80,0,85.03,CPT Harold Fannin Jr. FLEX Aaron Rodgers FLEX Jaylen Warren FLEX Deshaun Watson FLEX Chris Boswell FLEX Browns ,,,
4210,5277477832,deckeron,0,85.03,CPT Harold Fannin Jr. FLEX Aaron Rodgers FLEX Jaylen Warren FLEX Deshaun Watson FLEX Chris Boswell FLEX Browns ,,,
4215,5276374181,a.smith1979,0,85,CPT Steelers  FLEX Jaylen Warren FLEX Quinshon Judkins FLEX Harold Fannin Jr. FLEX Pat Freiermuth FLEX Roman Wilson,,,
4216,5276826271,whogotmylighter,0,84.979996,CPT Deshaun Watson FLEX Jaylen Warren FLEX Denzel Boston FLEX Harold Fannin Jr. FLEX Steelers  FLEX Roman Wilson,,,
4216,5277858376,playme10,0,84.979996,CPT Deshaun Watson FLEX Jaylen Warren FLEX Denzel Boston FLEX Harold Fannin Jr. FLEX Steelers  FLEX Roman Wilson,,,
4218,5277156972,kmclaugh84,0,84.96,CPT Jaylen Warren FLEX Aaron Rodgers FLEX DK Metcalf FLEX Denzel Boston FLEX Michael Pittman Jr. FLEX Ben Skowronek,,,
4218,5277281350,DriftKangs,0,84.96,CPT Steelers  FLEX Aaron Rodgers FLEX Jaylen Warren FLEX DK Metcalf FLEX Denzel Boston FLEX Chris Boswell,,,
4218,5277442615,shadydogg21,0,84.96,CPT Steelers  FLEX Aaron Rodgers FLEX Jaylen Warren FLEX DK Metcalf FLEX Denzel Boston FLEX Chris Boswell,,,
4218,5277582341,colavs,0,84.96,CPT Steelers  FLEX Aaron Rodgers FLEX Jaylen Warren FLEX DK Metcalf FLEX Denzel Boston FLEX Chris Boswell,,,
4218,5277825716,Edizzell12,0,84.96,CPT Steelers  FLEX Aaron Rodgers FLEX Jaylen Warren FLEX DK Metcalf FLEX Denzel Boston FLEX Chris Boswell,,,
4223,5277007181,tbark13,0,84.95,CPT DK Metcalf FLEX Quinshon Judkins FLEX Denzel Boston FLEX Harold Fannin Jr. FLEX Michael Pittman Jr. FLEX Steelers ,,,
4223,5277284827,psknetter55,0,84.95,CPT DK Metcalf FLEX Quinshon Judkins FLEX Denzel Boston FLEX Harold Fannin Jr. FLEX Michael Pittman Jr. FLEX Steelers ,,,
4225,5276088525,mkelly779,0,84.939995,CPT Deshaun Watson FLEX Aaron Rodgers FLEX Harold Fannin Jr. FLEX Michael Pittman Jr. FLEX KC Concepcion Jr. FLEX Andre Szmyt,,,
4225,5277648543,gjglo,0,84.939995,CPT Deshaun Watson FLEX Aaron Rodgers FLEX Jaylen Warren FLEX Harold Fannin Jr. FLEX KC Concepcion Jr. FLEX Travis Homer,,,
4227,5275465625,tomQ5150,0,84.92999,CPT Harold Fannin Jr. FLEX Aaron Rodgers FLEX Jaylen Warren FLEX Deshaun Watson FLEX Denzel Boston FLEX Blake Whiteheart,,,
4227,5277050024,BRNONE,0,84.92999,CPT Harold Fannin Jr. FLEX Aaron Rodgers FLEX Jaylen Warren FLEX Deshaun Watson FLEX Denzel Boston FLEX Blake Whiteheart,,,
4227,5277067790,Katsrmylife,0,84.92999,CPT Harold Fannin Jr. FLEX Aaron Rodgers FLEX Jaylen Warren FLEX Deshaun Watson FLEX Denzel Boston FLEX Blake Whiteheart,,,
4227,5277839981,bradsmith1679,0,84.92999,CPT Harold Fannin Jr. FLEX Aaron Rodgers FLEX Jaylen Warren FLEX Deshaun Watson FLEX Denzel Boston FLEX Blake Whiteheart,,,
4231,5275951190,jwilno777,0,84.920006,CPT KC Concepcion Jr. FLEX Jaylen Warren FLEX Deshaun Watson FLEX Quinshon Judkins FLEX Harold Fannin Jr. FLEX Chris Boswell,,,
4231,5275964386,DennyDiamonds,0,84.920006,CPT KC Concepcion Jr. FLEX Jaylen Warren FLEX Deshaun Watson FLEX Quinshon Judkins FLEX Harold Fannin Jr. FLEX Chris Boswell,,,
4231,5276051101,MIWookie,0,84.920006,CPT KC Concepcion Jr. FLEX Jaylen Warren FLEX Deshaun Watson FLEX Quinshon Judkins FLEX Harold Fannin Jr. FLEX Chris Boswell,,,
4231,5276983599,kostaf2d,0,84.920006,CPT KC Concepcion Jr. FLEX Jaylen Warren FLEX Deshaun Watson FLEX Quinshon Judkins FLEX Harold Fannin Jr. FLEX Chris Boswell,,,
4231,5277015425,smh1102,0,84.920006,CPT KC Concepcion Jr. FLEX Jaylen Warren FLEX Deshaun Watson FLEX Quinshon Judkins FLEX Harold Fannin Jr. FLEX Chris Boswell,,,
4231,5277045765,Czervik67,0,84.920006,CPT KC Concepcion Jr. FLEX Jaylen Warren FLEX Deshaun Watson FLEX Quinshon Judkins FLEX Harold Fannin Jr. FLEX Chris Boswell,,,
4231,5277054168,phalluspilsnermaker,0,84.920006,CPT KC Concepcion Jr. FLEX Jaylen Warren FLEX Deshaun Watson FLEX Quinshon Judkins FLEX Harold Fannin Jr. FLEX Chris Boswell,,,
4231,5277305076,puppieseatpoop,0,84.920006,CPT KC Concepcion Jr. FLEX Jaylen Warren FLEX Deshaun Watson FLEX Quinshon Judkins FLEX Harold Fannin Jr. FLEX Chris Boswell,,,
4231,5277782426,TeameZ,0,84.920006,CPT KC Concepcion Jr. FLEX Jaylen Warren FLEX Deshaun Watson FLEX Quinshon Judkins FLEX Harold Fannin Jr. FLEX Chris Boswell,,,
4240,5277506274,dingodan39,0,84.87,CPT Denzel Boston FLEX Jaylen Warren FLEX Deshaun Watson FLEX Quinshon Judkins FLEX Harold Fannin Jr. FLEX Ben Skowronek,,,
4240,5275744440,bryvol,0,84.869995,CPT Harold Fannin Jr. FLEX Jaylen Warren FLEX Deshaun Watson FLEX Quinshon Judkins FLEX Michael Pittman Jr. FLEX Darnell Washington,,,
4240,5276836490,TheCreepers1969,0,84.869995,CPT Harold Fannin Jr. FLEX Jaylen Warren FLEX Deshaun Watson FLEX Quinshon Judkins FLEX Michael Pittman Jr. FLEX Darnell Washington,,,
4240,5277464215,golffever247,0,84.869995,CPT Harold Fannin Jr. FLEX Jaylen Warren FLEX Deshaun Watson FLEX Quinshon Judkins FLEX Michael Pittman Jr. FLEX Darnell Washington,,,
4240,5277505937,Erich00,0,84.869995,CPT Harold Fannin Jr. FLEX Jaylen Warren FLEX Deshaun Watson FLEX Quinshon Judkins FLEX Michael Pittman Jr. FLEX Darnell Washington,,,
4245,5277100986,barrysg21,0,84.85999,CPT Chris Boswell FLEX Aaron Rodgers FLEX Jaylen Warren FLEX Quinshon Judkins FLEX Harold Fannin Jr. FLEX Steelers ,,,
4245,5277670830,Kudz402,0,84.85999,CPT Steelers  FLEX Aaron Rodgers FLEX Jaylen Warren FLEX Quinshon Judkins FLEX Pat Freiermuth FLEX Chris Boswell,,,
4247,5277341945,ZaoDi,0,84.84,CPT Deshaun Watson FLEX Aaron Rodgers FLEX DK Metcalf FLEX KC Concepcion Jr. FLEX Chris Boswell FLEX Raheim Sanders,,,
4248,5276510760,x-ian,0,84.83,CPT Harold Fannin Jr. FLEX Aaron Rodgers FLEX Deshaun Watson FLEX Denzel Boston FLEX Michael Pittman Jr. FLEX Andre Szmyt,,,
4249,5275440379,jumpsteady56,0,84.82,CPT KC Concepcion Jr. FLEX Jaylen Warren FLEX Deshaun Watson FLEX DK Metcalf FLEX Harold Fannin Jr. FLEX Steelers ,,,
4249,5277160927,rdbwong23,0,84.82,CPT KC Concepcion Jr. FLEX Jaylen Warren FLEX Deshaun Watson FLEX DK Metcalf FLEX Harold Fannin Jr. FLEX Steelers ,,,
4249,5277362481,RicardoSuave,0,84.82,CPT KC Concepcion Jr. FLEX Jaylen Warren FLEX Deshaun Watson FLEX DK Metcalf FLEX Harold Fannin Jr. FLEX Steelers ,,,
4249,5277477886,bgvo,0,84.82,CPT KC Concepcion Jr. FLEX Jaylen Warren FLEX Deshaun Watson FLEX DK Metcalf FLEX Harold Fannin Jr. FLEX Steelers ,,,
4249,5277860900,akinchloe,0,84.82,CPT KC Concepcion Jr. FLEX Jaylen Warren FLEX Deshaun Watson FLEX DK Metcalf FLEX Harold Fannin Jr. FLEX Steelers ,,,
4254,5276844973,ChargersFan709,0,84.8,CPT Jaylen Warren FLEX Quinshon Judkins FLEX Denzel Boston FLEX Harold Fannin Jr. FLEX Michael Pittman Jr. FLEX Darnell Washington,,,
4254,5277822525,BIGDOGMINN,0,84.8,CPT Jaylen Warren FLEX Quinshon Judkins FLEX Denzel Boston FLEX Harold Fannin Jr. FLEX Michael Pittman Jr. FLEX Darnell Washington,,,
4256,5277290264,icehawk11,0,84.770004,CPT Harold Fannin Jr. FLEX Deshaun Watson FLEX DK Metcalf FLEX Denzel Boston FLEX Michael Pittman Jr. FLEX Roman Wilson,,,
4257,5276524184,fosteasy,0,84.759995,CPT Aaron Rodgers FLEX Jaylen Warren FLEX Deshaun Watson FLEX Pat Freiermuth FLEX Chris Boswell FLEX Raheim Sanders,,,
4258,5276509046,Doggone,0,84.74,CPT Deshaun Watson FLEX Aaron Rodgers FLEX Harold Fannin Jr. FLEX Pat Freiermuth FLEX Chris Boswell FLEX Andre Szmyt,,,
4259,5277064970,Harp13,0,84.72,CPT Quinshon Judkins FLEX Jaylen Warren FLEX Deshaun Watson FLEX Harold Fannin Jr. FLEX Michael Pittman Jr. FLEX Jerry Jeudy,,,
4259,5277296829,carlgetsmoked,0,84.72,CPT Quinshon Judkins FLEX Jaylen Warren FLEX Deshaun Watson FLEX Harold Fannin Jr. FLEX Michael Pittman Jr. FLEX Jerry Jeudy,,,
4259,5277421107,Bkent33,0,84.72,CPT KC Concepcion Jr. FLEX Jaylen Warren FLEX Deshaun Watson FLEX Quinshon Judkins FLEX Michael Pittman Jr. FLEX Andre Szmyt,,,
4262,5276368868,Angelsintheendzone1,0,84.71001,CPT Harold Fannin Jr. FLEX Aaron Rodgers FLEX Jaylen Warren FLEX Denzel Boston FLEX Pat Freiermuth FLEX Chris Boswell,,,
4262,5276702449,EricW1019,0,84.71001,CPT Harold Fannin Jr. FLEX Aaron Rodgers FLEX Jaylen Warren FLEX Denzel Boston FLEX Pat Freiermuth FLEX Chris Boswell,,,
4262,5276971670,the4amigos,0,84.71001,CPT Harold Fannin Jr. FLEX Aaron Rodgers FLEX Jaylen Warren FLEX Denzel Boston FLEX Pat Freiermuth FLEX Chris Boswell,,,
4262,5276297120,13mymandan,0,84.70999,CPT Pat Freiermuth FLEX Aaron Rodgers FLEX Jaylen Warren FLEX Quinshon Judkins FLEX Michael Pittman Jr. FLEX Chris Boswell,,,
4262,5277700920,Schellshockers,0,84.70999,CPT Michael Pittman Jr. FLEX Aaron Rodgers FLEX Jaylen Warren FLEX Quinshon Judkins FLEX Harold Fannin Jr. FLEX Jerry Jeudy,,,
4267,5275595885,nuncio00,0,84.68,CPT Deshaun Watson FLEX Jaylen Warren FLEX Denzel Boston FLEX KC Concepcion Jr. FLEX Pat Freiermuth FLEX Darnell Washington,,,
4267,5276866994,lopez1972,0,84.67999,CPT Steelers  FLEX Aaron Rodgers FLEX Deshaun Watson FLEX Quinshon Judkins FLEX Harold Fannin Jr. FLEX Michael Pittman Jr.,,,
4269,5277367490,Cguinn40,0,84.67,CPT Denzel Boston FLEX Jaylen Warren FLEX Deshaun Watson FLEX Harold Fannin Jr. FLEX KC Concepcion Jr. FLEX Darnell Washington,,,
4270,5276995475,dhag71,0,84.65,CPT DK Metcalf FLEX Jaylen Warren FLEX Denzel Boston FLEX Harold Fannin Jr. FLEX Michael Pittman Jr. FLEX Darnell Washington,,,
4270,5277561247,Biggs3024,0,84.65,CPT DK Metcalf FLEX Jaylen Warren FLEX Quinshon Judkins FLEX Michael Pittman Jr. FLEX Pat Freiermuth FLEX Chris Boswell,,,
4270,5277615004,racecar27,0,84.65,CPT DK Metcalf FLEX Jaylen Warren FLEX Quinshon Judkins FLEX Michael Pittman Jr. FLEX Pat Freiermuth FLEX Chris Boswell,,,
4273,5277587398,jadedmess08,0,84.64,CPT Aaron Rodgers FLEX Jaylen Warren FLEX Denzel Boston FLEX Michael Pittman Jr. FLEX Pat Freiermuth FLEX Steelers ,,,
4273,5277847478,Ermi83,0,84.64,CPT Aaron Rodgers FLEX Jaylen Warren FLEX Denzel Boston FLEX Michael Pittman Jr. FLEX Pat Freiermuth FLEX Steelers ,,,
4275,5277166800,selym,0,84.63,CPT Denzel Boston FLEX Aaron Rodgers FLEX Deshaun Watson FLEX Harold Fannin Jr. FLEX Pat Freiermuth FLEX Chris Boswell,,,
4275,5277700036,rjcooper30,0,84.63,CPT Denzel Boston FLEX Aaron Rodgers FLEX Deshaun Watson FLEX Harold Fannin Jr. FLEX Pat Freiermuth FLEX Chris Boswell,,,
4277,5275572722,buckeyeguru,0,84.62,CPT Quinshon Judkins FLEX Jaylen Warren FLEX Deshaun Watson FLEX Harold Fannin Jr. FLEX Chris Boswell FLEX Steelers ,,,
4277,5276225279,SmokinJoe42069,0,84.62,CPT Jaylen Warren FLEX Deshaun Watson FLEX Quinshon Judkins FLEX Harold Fannin Jr. FLEX Chris Boswell FLEX Browns ,,,
4277,5276450112,mstryker7,0,84.62,CPT Jaylen Warren FLEX Deshaun Watson FLEX Quinshon Judkins FLEX Harold Fannin Jr. FLEX Chris Boswell FLEX Browns ,,,
4277,5276861304,cb379,0,84.62,CPT Quinshon Judkins FLEX Jaylen Warren FLEX Deshaun Watson FLEX Harold Fannin Jr. FLEX Chris Boswell FLEX Steelers ,,,
4277,5277011871,lpratts,0,84.62,CPT Quinshon Judkins FLEX Jaylen Warren FLEX Deshaun Watson FLEX Harold Fannin Jr. FLEX Chris Boswell FLEX Steelers ,,,
4277,5277056532,cswil7,0,84.62,CPT Steelers  FLEX Jaylen Warren FLEX Deshaun Watson FLEX DK Metcalf FLEX Quinshon Judkins FLEX Chris Boswell,,,
4277,5277257439,TROCCO19,0,84.62,CPT Quinshon Judkins FLEX Jaylen Warren FLEX Deshaun Watson FLEX Harold Fannin Jr. FLEX Chris Boswell FLEX Steelers ,,,
4277,5277272728,younggodaka,0,84.62,CPT Jaylen Warren FLEX Deshaun Watson FLEX Quinshon Judkins FLEX Harold Fannin Jr. FLEX Chris Boswell FLEX Browns ,,,
4277,5277475076,tomsellsindy,0,84.62,CPT Jaylen Warren FLEX Deshaun Watson FLEX Quinshon Judkins FLEX Harold Fannin Jr. FLEX Chris Boswell FLEX Browns ,,,
4277,5277729385,JimFlorida0311,0,84.62,CPT Jaylen Warren FLEX Deshaun Watson FLEX Quinshon Judkins FLEX Harold Fannin Jr. FLEX Chris Boswell FLEX Browns ,,,
4277,5277808863,FreakTurbulence,0,84.62,CPT Jaylen Warren FLEX Deshaun Watson FLEX Quinshon Judkins FLEX Harold Fannin Jr. FLEX Chris Boswell FLEX Browns ,,,
4277,5277829112,bigamejamez,0,84.62,CPT Quinshon Judkins FLEX Jaylen Warren FLEX Deshaun Watson FLEX Harold Fannin Jr. FLEX Chris Boswell FLEX Steelers ,,,
4277,5277211147,AgentChadAKSARBEN,0,84.619995,CPT Quinshon Judkins FLEX Deshaun Watson FLEX Harold Fannin Jr. FLEX Michael Pittman Jr. FLEX KC Concepcion Jr. FLEX Pat Freiermuth,,,
4290,5277616826,cisconetman007,0,84.60999,CPT Michael Pittman Jr. FLEX Aaron Rodgers FLEX Quinshon Judkins FLEX Harold Fannin Jr. FLEX KC Concepcion Jr. FLEX Pat Freiermuth,,,
4291,5276541979,replacements64,0,84.579994,CPT Jaylen Warren FLEX Aaron Rodgers FLEX Deshaun Watson FLEX Harold Fannin Jr. FLEX Chris Boswell FLEX Jerry Jeudy,,,
4291,5277098674,halipeno,0,84.579994,CPT Jaylen Warren FLEX Aaron Rodgers FLEX Deshaun Watson FLEX Harold Fannin Jr. FLEX Chris Boswell FLEX Jerry Jeudy,,,
4293,5276922888,perupackers,0,84.520004,CPT Roman Wilson FLEX Jaylen Warren FLEX Deshaun Watson FLEX Harold Fannin Jr. FLEX Steelers  FLEX Darnell Washington,,,
4293,5276802023,jon12win,0,84.52,CPT Jaylen Warren FLEX Deshaun Watson FLEX DK Metcalf FLEX Harold Fannin Jr. FLEX Steelers  FLEX Browns ,,,
4293,5277046751,DanL79,0,84.52,CPT Jaylen Warren FLEX Deshaun Watson FLEX DK Metcalf FLEX Harold Fannin Jr. FLEX Steelers  FLEX Browns ,,,
4293,5277125786,bkayjac,0,84.52,CPT Jaylen Warren FLEX Deshaun Watson FLEX DK Metcalf FLEX Harold Fannin Jr. FLEX Steelers  FLEX Browns ,,,
4293,5277277186,aforce,0,84.52,CPT Jaylen Warren FLEX Deshaun Watson FLEX DK Metcalf FLEX Harold Fannin Jr. FLEX Steelers  FLEX Browns ,,,
4293,5277319118,pjssports,0,84.52,CPT Jaylen Warren FLEX Deshaun Watson FLEX DK Metcalf FLEX Harold Fannin Jr. FLEX Steelers  FLEX Browns ,,,
4293,5277372483,kingkay2424,0,84.52,CPT Jaylen Warren FLEX Deshaun Watson FLEX Quinshon Judkins FLEX Denzel Boston FLEX Harold Fannin Jr. FLEX Blake Whiteheart,,,
4293,5277548389,tboys35,0,84.52,CPT Browns  FLEX Deshaun Watson FLEX DK Metcalf FLEX Quinshon Judkins FLEX KC Concepcion Jr. FLEX Raheim Sanders,,,
4293,5277768767,JUSTWINBAY,0,84.52,CPT Jaylen Warren FLEX Deshaun Watson FLEX DK Metcalf FLEX Harold Fannin Jr. FLEX Steelers  FLEX Browns ,,,
4293,5277868920,kwaterrrsss,0,84.52,CPT Jaylen Warren FLEX Deshaun Watson FLEX DK Metcalf FLEX Harold Fannin Jr. FLEX Steelers  FLEX Browns ,,,
4303,5276616952,Jay.G1ll,0,84.5,CPT Quinshon Judkins FLEX DK Metcalf FLEX Harold Fannin Jr. FLEX Michael Pittman Jr. FLEX KC Concepcion Jr. FLEX Steelers ,,,
4304,5277002080,nawlinswoody,0,84.47,CPT DK Metcalf FLEX Jaylen Warren FLEX Deshaun Watson FLEX Harold Fannin Jr. FLEX Chris Boswell FLEX Browns ,,,
4305,5277828527,TripleDbl720,0,84.45,CPT DK Metcalf FLEX Jaylen Warren FLEX Denzel Boston FLEX Harold Fannin Jr. FLEX KC Concepcion Jr. FLEX Raheim Sanders,,,
4306,5276331755,JTcapSNAKE,0,84.42999,CPT Denzel Boston FLEX Aaron Rodgers FLEX Jaylen Warren FLEX Deshaun Watson FLEX Chris Boswell FLEX Jerry Jeudy,,,
4307,5275966905,Jimoh,0,84.42,CPT Quinshon Judkins FLEX Deshaun Watson FLEX Denzel Boston FLEX Harold Fannin Jr. FLEX Michael Pittman Jr. FLEX Browns ,,,
4307,5276211607,Pandemic,0,84.42,CPT Quinshon Judkins FLEX Deshaun Watson FLEX Denzel Boston FLEX Harold Fannin Jr. FLEX Michael Pittman Jr. FLEX Browns ,,,
4307,5277174742,debbie52,0,84.42,CPT Quinshon Judkins FLEX Deshaun Watson FLEX Denzel Boston FLEX Harold Fannin Jr. FLEX Michael Pittman Jr. FLEX Browns ,,,
4307,5277633004,wagner53,0,84.42,CPT Quinshon Judkins FLEX Deshaun Watson FLEX Denzel Boston FLEX Harold Fannin Jr. FLEX Michael Pittman Jr. FLEX Browns ,,,
4311,5275477114,rwcowan,0,84.37001,CPT Harold Fannin Jr. FLEX Jaylen Warren FLEX Deshaun Watson FLEX Quinshon Judkins FLEX Pat Freiermuth FLEX Chris Boswell,,,
4311,5276481353,n8cm33,0,84.37001,CPT Harold Fannin Jr. FLEX Jaylen Warren FLEX Deshaun Watson FLEX Quinshon Judkins FLEX Pat Freiermuth FLEX Chris Boswell,,,
4311,5276488657,park1735,0,84.37001,CPT Harold Fannin Jr. FLEX Jaylen Warren FLEX Deshaun Watson FLEX Quinshon Judkins FLEX Pat Freiermuth FLEX Chris Boswell,,,
4311,5276850168,19Philthy,0,84.37001,CPT Harold Fannin Jr. FLEX Jaylen Warren FLEX Deshaun Watson FLEX Quinshon Judkins FLEX Pat Freiermuth FLEX Chris Boswell,,,
4311,5276995496,RealJaredBets,0,84.37001,CPT Harold Fannin Jr. FLEX Jaylen Warren FLEX Deshaun Watson FLEX Quinshon Judkins FLEX Pat Freiermuth FLEX Chris Boswell,,,
4311,5277120729,rdolan72,0,84.37001,CPT Harold Fannin Jr. FLEX Jaylen Warren FLEX Deshaun Watson FLEX Quinshon Judkins FLEX Pat Freiermuth FLEX Chris Boswell,,,
4311,5277136118,donniesolomon2,0,84.37001,CPT Harold Fannin Jr. FLEX Jaylen Warren FLEX Deshaun Watson FLEX Quinshon Judkins FLEX Pat Freiermuth FLEX Chris Boswell,,,
4311,5277205043,jhenley723,0,84.37001,CPT Harold Fannin Jr. FLEX Jaylen Warren FLEX Deshaun Watson FLEX Quinshon Judkins FLEX Pat Freiermuth FLEX Chris Boswell,,,
4311,5277475747,ProdJmo,0,84.37001,CPT Harold Fannin Jr. FLEX Jaylen Warren FLEX Deshaun Watson FLEX Quinshon Judkins FLEX Pat Freiermuth FLEX Chris Boswell,,,
4311,5277511180,tcaldwell2124,0,84.37001,CPT Harold Fannin Jr. FLEX Jaylen Warren FLEX Deshaun Watson FLEX Quinshon Judkins FLEX Pat Freiermuth FLEX Chris Boswell,,,
4311,5277689223,Jskyusmc1371,0,84.37001,CPT Harold Fannin Jr. FLEX Jaylen Warren FLEX Deshaun Watson FLEX Quinshon Judkins FLEX Pat Freiermuth FLEX Chris Boswell,,,
4311,5277702602,53RISEUP,0,84.37001,CPT Harold Fannin Jr. FLEX Jaylen Warren FLEX Deshaun Watson FLEX Quinshon Judkins FLEX Pat Freiermuth FLEX Chris Boswell,,,
4311,5277718568,winesorbe,0,84.37001,CPT Harold Fannin Jr. FLEX Jaylen Warren FLEX Deshaun Watson FLEX Quinshon Judkins FLEX Pat Freiermuth FLEX Chris Boswell,,,
4311,5277734345,MeanMachine590,0,84.37001,CPT Harold Fannin Jr. FLEX Jaylen Warren FLEX Deshaun Watson FLEX Quinshon Judkins FLEX Pat Freiermuth FLEX Chris Boswell,,,
4311,5277760284,cbaz911,0,84.37001,CPT Harold Fannin Jr. FLEX Jaylen Warren FLEX Deshaun Watson FLEX Quinshon Judkins FLEX Pat Freiermuth FLEX Chris Boswell,,,
4311,5277767721,vega1303,0,84.37001,CPT Harold Fannin Jr. FLEX Jaylen Warren FLEX Deshaun Watson FLEX Quinshon Judkins FLEX Pat Freiermuth FLEX Chris Boswell,,,
4311,5277858092,WhitehorsePK,0,84.37001,CPT Harold Fannin Jr. FLEX Jaylen Warren FLEX Deshaun Watson FLEX Quinshon Judkins FLEX Pat Freiermuth FLEX Chris Boswell,,,
4311,5277413690,Footballdawg40,0,84.37,CPT Denzel Boston FLEX Jaylen Warren FLEX Deshaun Watson FLEX DK Metcalf FLEX Steelers  FLEX Browns ,,,
4311,5277508449,mr8teacher,0,84.37,CPT Denzel Boston FLEX Jaylen Warren FLEX Deshaun Watson FLEX Quinshon Judkins FLEX Harold Fannin Jr. FLEX Isaiah Bond,,,
4311,5275418766,cracki40,0,84.369995,CPT Harold Fannin Jr. FLEX Jaylen Warren FLEX Deshaun Watson FLEX Denzel Boston FLEX KC Concepcion Jr. FLEX Andre Szmyt,,,
4311,5277260595,Wood334,0,84.369995,CPT Harold Fannin Jr. FLEX Jaylen Warren FLEX Deshaun Watson FLEX Denzel Boston FLEX KC Concepcion Jr. FLEX Andre Szmyt,,,
4311,5277852550,daHulk26,0,84.369995,CPT Harold Fannin Jr. FLEX Jaylen Warren FLEX Deshaun Watson FLEX Denzel Boston FLEX KC Concepcion Jr. FLEX Andre Szmyt,,,
4333,5276729908,Dkennedy1,0,84.35999,CPT Steelers  FLEX Aaron Rodgers FLEX Jaylen Warren FLEX Quinshon Judkins FLEX Michael Pittman Jr. FLEX Pat Freiermuth,,,
4334,5276786023,nrp19,0,84.350006,CPT Harold Fannin Jr. FLEX Jaylen Warren FLEX Quinshon Judkins FLEX Denzel Boston FLEX Pat Freiermuth FLEX Steelers ,,,
4334,5277672566,cookiemonsterules,0,84.350006,CPT Harold Fannin Jr. FLEX Jaylen Warren FLEX Quinshon Judkins FLEX Denzel Boston FLEX Pat Freiermuth FLEX Steelers ,,,
4336,5276533190,ngates,0,84.34,CPT Deshaun Watson FLEX Aaron Rodgers FLEX DK Metcalf FLEX Michael Pittman Jr. FLEX Steelers  FLEX Browns ,,,
4336,5276691438,TheRedCapes,0,84.34,CPT Deshaun Watson FLEX Aaron Rodgers FLEX DK Metcalf FLEX Michael Pittman Jr. FLEX Steelers  FLEX Browns ,,,
4338,5276918561,Byronn5,0,84.32,CPT Jaylen Warren FLEX Deshaun Watson FLEX Quinshon Judkins FLEX KC Concepcion Jr. FLEX Chris Boswell FLEX Browns ,,,
4338,5277488655,sploush,0,84.32,CPT Quinshon Judkins FLEX Jaylen Warren FLEX Deshaun Watson FLEX KC Concepcion Jr. FLEX Chris Boswell FLEX Steelers ,,,
4340,5276493279,steeleraiders,0,84.3,CPT Jaylen Warren FLEX Quinshon Judkins FLEX Denzel Boston FLEX Harold Fannin Jr. FLEX Pat Freiermuth FLEX Chris Boswell,,,
4340,5276842682,karhoff3,0,84.3,CPT Jaylen Warren FLEX Quinshon Judkins FLEX Denzel Boston FLEX Harold Fannin Jr. FLEX Pat Freiermuth FLEX Chris Boswell,,,
4340,5277000925,Psychotikk,0,84.3,CPT Jaylen Warren FLEX Quinshon Judkins FLEX Denzel Boston FLEX Harold Fannin Jr. FLEX Pat Freiermuth FLEX Chris Boswell,,,
4340,5277163662,rmiller4444,0,84.3,CPT Jaylen Warren FLEX Quinshon Judkins FLEX Denzel Boston FLEX Harold Fannin Jr. FLEX Pat Freiermuth FLEX Chris Boswell,,,
4340,5277374416,Kats0514,0,84.3,CPT Jaylen Warren FLEX Quinshon Judkins FLEX Denzel Boston FLEX Harold Fannin Jr. FLEX Pat Freiermuth FLEX Chris Boswell,,,
4340,5277634509,Roto-Rooters,0,84.3,CPT Jaylen Warren FLEX Quinshon Judkins FLEX Denzel Boston FLEX Harold Fannin Jr. FLEX Pat Freiermuth FLEX Chris Boswell,,,
4340,5277704084,Jcapers36,0,84.3,CPT Jaylen Warren FLEX Quinshon Judkins FLEX Denzel Boston FLEX Harold Fannin Jr. FLEX Pat Freiermuth FLEX Chris Boswell,,,
4340,5277783894,Malctoffolo,0,84.3,CPT Jaylen Warren FLEX Quinshon Judkins FLEX Denzel Boston FLEX KC Concepcion Jr. FLEX Steelers  FLEX Browns ,,,
4340,5277818617,xpress23,0,84.3,CPT Jaylen Warren FLEX Quinshon Judkins FLEX Denzel Boston FLEX Harold Fannin Jr. FLEX Pat Freiermuth FLEX Chris Boswell,,,
4349,5276546993,semil1,0,84.28,CPT Jaylen Warren FLEX Aaron Rodgers FLEX Deshaun Watson FLEX Chris Boswell FLEX Steelers  FLEX Andre Szmyt,,,
4349,5276551448,jaytizzle09,0,84.28,CPT Deshaun Watson FLEX Jaylen Warren FLEX Quinshon Judkins FLEX Harold Fannin Jr. FLEX Chris Boswell FLEX Browns ,,,
4349,5276651359,dabears08,0,84.28,CPT Deshaun Watson FLEX Jaylen Warren FLEX Quinshon Judkins FLEX Harold Fannin Jr. FLEX Chris Boswell FLEX Browns ,,,
4349,5276777749,sleepingtiger,0,84.28,CPT Jaylen Warren FLEX Aaron Rodgers FLEX Deshaun Watson FLEX Chris Boswell FLEX Steelers  FLEX Andre Szmyt,,,
4349,5277114460,thetolan87,0,84.28,CPT Deshaun Watson FLEX Jaylen Warren FLEX Quinshon Judkins FLEX Harold Fannin Jr. FLEX Chris Boswell FLEX Browns ,,,
4349,5277140454,metroc710,0,84.28,CPT Deshaun Watson FLEX Jaylen Warren FLEX Quinshon Judkins FLEX Harold Fannin Jr. FLEX Chris Boswell FLEX Browns ,,,
4349,5277184600,Davinci51,0,84.28,CPT Jaylen Warren FLEX Aaron Rodgers FLEX Deshaun Watson FLEX Chris Boswell FLEX Steelers  FLEX Andre Szmyt,,,
4349,5277194894,cgross201,0,84.28,CPT Jaylen Warren FLEX Aaron Rodgers FLEX Deshaun Watson FLEX Chris Boswell FLEX Steelers  FLEX Andre Szmyt,,,
4349,5277248284,hamdindgo,0,84.28,CPT Deshaun Watson FLEX Quinshon Judkins FLEX Denzel Boston FLEX KC Concepcion Jr. FLEX Chris Boswell FLEX Andre Szmyt,,,
4349,5277303538,CoolerheadsSince1988,0,84.28,CPT Jaylen Warren FLEX Aaron Rodgers FLEX Deshaun Watson FLEX Chris Boswell FLEX Steelers  FLEX Andre Szmyt,,,
4349,5277382199,natedog2184,0,84.28,CPT Jaylen Warren FLEX Aaron Rodgers FLEX Deshaun Watson FLEX Chris Boswell FLEX Steelers  FLEX Andre Szmyt,,,
4349,5277771556,TJones4582,0,84.28,CPT Deshaun Watson FLEX Jaylen Warren FLEX Quinshon Judkins FLEX Harold Fannin Jr. FLEX Chris Boswell FLEX Browns ,,,
4349,5277799086,Tbakez91,0,84.28,CPT Deshaun Watson FLEX Jaylen Warren FLEX Quinshon Judkins FLEX Harold Fannin Jr. FLEX Chris Boswell FLEX Browns ,,,
4362,5276065871,Clippy,0,84.270004,CPT Harold Fannin Jr. FLEX Jaylen Warren FLEX Deshaun Watson FLEX DK Metcalf FLEX Pat Freiermuth FLEX Steelers ,,,
4362,5276428095,JHalacy,0,84.270004,CPT DK Metcalf FLEX Deshaun Watson FLEX Denzel Boston FLEX Harold Fannin Jr. FLEX Michael Pittman Jr. FLEX Andre Szmyt,,,
4362,5277206826,A-easy601,0,84.270004,CPT Harold Fannin Jr. FLEX Jaylen Warren FLEX Deshaun Watson FLEX DK Metcalf FLEX Pat Freiermuth FLEX Steelers ,,,
4362,5277415916,twinsfan5,0,84.270004,CPT Harold Fannin Jr. FLEX Jaylen Warren FLEX Deshaun Watson FLEX DK Metcalf FLEX Pat Freiermuth FLEX Steelers ,,,
4362,5277719223,FRESH_COAST_1,0,84.270004,CPT DK Metcalf FLEX Deshaun Watson FLEX Denzel Boston FLEX Harold Fannin Jr. FLEX Michael Pittman Jr. FLEX Andre Szmyt,,,
4362,5275874675,loopy567,0,84.27,CPT Denzel Boston FLEX Jaylen Warren FLEX Deshaun Watson FLEX Harold Fannin Jr. FLEX Pat Freiermuth FLEX Andre Szmyt,,,
4362,5277061816,258Thorne,0,84.27,CPT Denzel Boston FLEX Jaylen Warren FLEX Deshaun Watson FLEX Harold Fannin Jr. FLEX Pat Freiermuth FLEX Andre Szmyt,,,
4362,5277688901,zl101380,0,84.27,CPT Denzel Boston FLEX Jaylen Warren FLEX Deshaun Watson FLEX Harold Fannin Jr. FLEX Pat Freiermuth FLEX Andre Szmyt,,,
4362,5277872261,beachfor10,0,84.27,CPT Denzel Boston FLEX Jaylen Warren FLEX Deshaun Watson FLEX Harold Fannin Jr. FLEX Pat Freiermuth FLEX Andre Szmyt,,,
4371,5277470854,Smitty15,0,84.25,CPT Harold Fannin Jr. FLEX Jaylen Warren FLEX DK Metcalf FLEX Quinshon Judkins FLEX Chris Boswell FLEX Steelers ,,,
4372,5277662688,josephje,0,84.24,CPT Deshaun Watson FLEX Aaron Rodgers FLEX Jaylen Warren FLEX Harold Fannin Jr. FLEX Chris Boswell FLEX Jerry Jeudy,,,
4373,5276334339,sportsnat13,0,84.22,CPT Jaylen Warren FLEX Deshaun Watson FLEX Quinshon Judkins FLEX Harold Fannin Jr. FLEX Browns  FLEX Raheim Sanders,,,
4373,5277608571,gdubdk,0,84.22,CPT KC Concepcion Jr. FLEX Jaylen Warren FLEX Deshaun Watson FLEX Quinshon Judkins FLEX Steelers  FLEX Browns ,,,
4373,5277004476,ItsAlwaysSunnyInCLE,0,84.21999,CPT KC Concepcion Jr. FLEX Deshaun Watson FLEX Quinshon Judkins FLEX Denzel Boston FLEX Harold Fannin Jr. FLEX Steelers ,,,
4373,5277543691,RuthlessVillain,0,84.21999,CPT KC Concepcion Jr. FLEX Jaylen Warren FLEX Deshaun Watson FLEX Denzel Boston FLEX Harold Fannin Jr. FLEX Andre Szmyt,,,
4377,5276853592,ronmexico81,0,84.20999,CPT Pat Freiermuth FLEX Aaron Rodgers FLEX Jaylen Warren FLEX Denzel Boston FLEX Harold Fannin Jr. FLEX Chris Boswell,,,
4378,5276952871,RJJIII,0,84.200005,CPT Jaylen Warren FLEX DK Metcalf FLEX Denzel Boston FLEX Harold Fannin Jr. FLEX Pat Freiermuth FLEX Steelers ,,,
4378,5277216778,nasty__nate,0,84.200005,CPT Jaylen Warren FLEX DK Metcalf FLEX Denzel Boston FLEX Harold Fannin Jr. FLEX Pat Freiermuth FLEX Steelers ,,,
4378,5277379855,walsher,0,84.200005,CPT Jaylen Warren FLEX DK Metcalf FLEX Denzel Boston FLEX Harold Fannin Jr. FLEX Pat Freiermuth FLEX Steelers ,,,
4378,5277584660,Kronzilla,0,84.200005,CPT Jaylen Warren FLEX DK Metcalf FLEX Denzel Boston FLEX Harold Fannin Jr. FLEX Pat Freiermuth FLEX Steelers ,,,
4382,5275723277,KDavis9465,0,84.18,CPT Deshaun Watson FLEX Jaylen Warren FLEX Quinshon Judkins FLEX Denzel Boston FLEX Harold Fannin Jr. FLEX Blake Whiteheart,,,
4382,5276726703,scottie82,0,84.18,CPT Deshaun Watson FLEX Jaylen Warren FLEX DK Metcalf FLEX Harold Fannin Jr. FLEX Steelers  FLEX Browns ,,,
4382,5276881206,executell,0,84.18,CPT Deshaun Watson FLEX Jaylen Warren FLEX DK Metcalf FLEX Harold Fannin Jr. FLEX Steelers  FLEX Browns ,,,
4382,5277168327,jmanz04,0,84.18,CPT Raheim Sanders FLEX Aaron Rodgers FLEX Jaylen Warren FLEX Deshaun Watson FLEX Denzel Boston FLEX KC Concepcion Jr.,,,
4382,5277840401,arty108,0,84.18,CPT Raheim Sanders FLEX Aaron Rodgers FLEX Jaylen Warren FLEX Deshaun Watson FLEX Denzel Boston FLEX KC Concepcion Jr.,,,
4382,5275426756,jehoffman3,0,84.17999,CPT Steelers  FLEX Aaron Rodgers FLEX Jaylen Warren FLEX Deshaun Watson FLEX Harold Fannin Jr. FLEX Browns ,,,
4382,5276341753,wilkejj,0,84.17999,CPT Chris Boswell FLEX Aaron Rodgers FLEX Jaylen Warren FLEX Deshaun Watson FLEX Harold Fannin Jr. FLEX Andre Szmyt,,,
4382,5276805447,steviereno,0,84.17999,CPT Steelers  FLEX Aaron Rodgers FLEX Jaylen Warren FLEX Deshaun Watson FLEX Harold Fannin Jr. FLEX Browns ,,,
4382,5277024132,Dethstar1972,0,84.17999,CPT Chris Boswell FLEX Aaron Rodgers FLEX Jaylen Warren FLEX Deshaun Watson FLEX Harold Fannin Jr. FLEX Andre Szmyt,,,
4382,5277199195,toosmoove007,0,84.17999,CPT Steelers  FLEX Aaron Rodgers FLEX Jaylen Warren FLEX Deshaun Watson FLEX Harold Fannin Jr. FLEX Browns ,,,
4382,5277203137,Dora69,0,84.17999,CPT Chris Boswell FLEX Aaron Rodgers FLEX Jaylen Warren FLEX Deshaun Watson FLEX Harold Fannin Jr. FLEX Andre Szmyt,,,
4382,5277319764,GlaringHook319,0,84.17999,CPT Steelers  FLEX Aaron Rodgers FLEX Jaylen Warren FLEX Deshaun Watson FLEX Harold Fannin Jr. FLEX Browns ,,,
4382,5277614810,trpbly,0,84.17999,CPT Steelers  FLEX Aaron Rodgers FLEX Jaylen Warren FLEX Deshaun Watson FLEX Harold Fannin Jr. FLEX Browns ,,,
4382,5277670549,duranm25,0,84.17999,CPT Steelers  FLEX Aaron Rodgers FLEX Jaylen Warren FLEX Deshaun Watson FLEX Harold Fannin Jr. FLEX Browns ,,,
4382,5277688526,goldiemack101,0,84.17999,CPT Chris Boswell FLEX Aaron Rodgers FLEX Jaylen Warren FLEX Deshaun Watson FLEX Harold Fannin Jr. FLEX Andre Szmyt,,,
4382,5277759830,ehilstad,0,84.17999,CPT Steelers  FLEX Aaron Rodgers FLEX Jaylen Warren FLEX Deshaun Watson FLEX Harold Fannin Jr. FLEX Browns ,,,
4398,5277315406,Flipster34,0,84.17,CPT DK Metcalf FLEX Deshaun Watson FLEX Denzel Boston FLEX Harold Fannin Jr. FLEX KC Concepcion Jr. FLEX Chris Boswell,,,
4399,5277413436,The.Suicide.King,0,84.15,CPT DK Metcalf FLEX Jaylen Warren FLEX Denzel Boston FLEX Harold Fannin Jr. FLEX Pat Freiermuth FLEX Chris Boswell,,,
4399,5277423631,mc234006,0,84.15,CPT DK Metcalf FLEX Jaylen Warren FLEX Denzel Boston FLEX Harold Fannin Jr. FLEX Pat Freiermuth FLEX Chris Boswell,,,
4399,5277670526,pwhite13,0,84.15,CPT DK Metcalf FLEX Jaylen Warren FLEX Denzel Boston FLEX Harold Fannin Jr. FLEX Pat Freiermuth FLEX Chris Boswell,,,
4402,5277534883,Fangface,0,84.12,CPT Jaylen Warren FLEX Deshaun Watson FLEX DK Metcalf FLEX Denzel Boston FLEX Harold Fannin Jr. FLEX Ben Skowronek,,,
4402,5277658651,fukupayme420,0,84.12,CPT Jaylen Warren FLEX Deshaun Watson FLEX Quinshon Judkins FLEX Denzel Boston FLEX KC Concepcion Jr. FLEX Travis Homer,,,
4402,5277733595,StayWiggins,0,84.12,CPT Jaylen Warren FLEX Deshaun Watson FLEX DK Metcalf FLEX Denzel Boston FLEX Harold Fannin Jr. FLEX Ben Skowronek,,,
4402,5277769453,mrblackburn0,0,84.12,CPT Jaylen Warren FLEX Deshaun Watson FLEX DK Metcalf FLEX Denzel Boston FLEX Harold Fannin Jr. FLEX Ben Skowronek,,,
4402,5277794719,xcons2013,0,84.12,CPT Jaylen Warren FLEX Deshaun Watson FLEX Quinshon Judkins FLEX Denzel Boston FLEX KC Concepcion Jr. FLEX Travis Homer,,,
4402,5277843420,jramasami,0,84.12,CPT Jaylen Warren FLEX Deshaun Watson FLEX Quinshon Judkins FLEX Denzel Boston FLEX KC Concepcion Jr. FLEX Travis Homer,,,
4402,5277719310,jfiggy,0,84.119995,CPT Jaylen Warren FLEX Deshaun Watson FLEX DK Metcalf FLEX Pat Freiermuth FLEX Andre Szmyt FLEX Raheim Sanders,,,
4409,5276504202,Thegoldcobra,0,84.08,CPT Deshaun Watson FLEX Quinshon Judkins FLEX Denzel Boston FLEX Harold Fannin Jr. FLEX Michael Pittman Jr. FLEX Andre Szmyt,,,
4409,5276601719,cmoney25,0,84.08,CPT Deshaun Watson FLEX Quinshon Judkins FLEX Denzel Boston FLEX Harold Fannin Jr. FLEX Michael Pittman Jr. FLEX Andre Szmyt,,,
4409,5277027161,bposluszny,0,84.08,CPT Deshaun Watson FLEX Quinshon Judkins FLEX Denzel Boston FLEX Harold Fannin Jr. FLEX Michael Pittman Jr. FLEX Andre Szmyt,,,
4409,5277538125,rockfishfarms777,0,84.08,CPT Deshaun Watson FLEX Quinshon Judkins FLEX Denzel Boston FLEX Harold Fannin Jr. FLEX Michael Pittman Jr. FLEX Andre Szmyt,,,
4413,5275430758,joka290,0,84.06,CPT Jaylen Warren FLEX Aaron Rodgers FLEX Quinshon Judkins FLEX Harold Fannin Jr. FLEX Michael Pittman Jr. FLEX Travis Homer,,,
4413,5276231013,redmond237,0,84.06,CPT Steelers  FLEX Aaron Rodgers FLEX DK Metcalf FLEX Harold Fannin Jr. FLEX Michael Pittman Jr. FLEX Roman Wilson,,,
4413,5277104538,mpelow1,0,84.06,CPT Steelers  FLEX Aaron Rodgers FLEX Jaylen Warren FLEX DK Metcalf FLEX Chris Boswell FLEX Andre Szmyt,,,
4416,5277621558,natroslezka,0,84.049995,CPT Michael Pittman Jr. FLEX Jaylen Warren FLEX DK Metcalf FLEX Quinshon Judkins FLEX KC Concepcion Jr. FLEX Pat Freiermuth,,,
4417,5276702439,Nflme,0,84.03,CPT Harold Fannin Jr. FLEX Aaron Rodgers FLEX Deshaun Watson FLEX Denzel Boston FLEX Pat Freiermuth FLEX Chris Boswell,,,
4417,5276834111,nolan2849,0,84.03,CPT Harold Fannin Jr. FLEX Aaron Rodgers FLEX Deshaun Watson FLEX Denzel Boston FLEX Pat Freiermuth FLEX Chris Boswell,,,
4417,5277410631,slmusic123,0,84.03,CPT Harold Fannin Jr. FLEX Aaron Rodgers FLEX Deshaun Watson FLEX Denzel Boston FLEX Pat Freiermuth FLEX Chris Boswell,,,
4417,5277815716,blacklabelkk,0,84.03,CPT Harold Fannin Jr. FLEX Aaron Rodgers FLEX Deshaun Watson FLEX Denzel Boston FLEX Pat Freiermuth FLEX Chris Boswell,,,
4417,5277816055,wright43,0,84.03,CPT Harold Fannin Jr. FLEX Aaron Rodgers FLEX Deshaun Watson FLEX Denzel Boston FLEX Pat Freiermuth FLEX Chris Boswell,,,
4422,5277744766,BleedORANGE,0,84.02,CPT Jaylen Warren FLEX Deshaun Watson FLEX DK Metcalf FLEX Harold Fannin Jr. FLEX KC Concepcion Jr. FLEX Germie Bernard,,,
4422,5277817932,Kapp06,0,84.02,CPT Jaylen Warren FLEX Deshaun Watson FLEX DK Metcalf FLEX Harold Fannin Jr. FLEX KC Concepcion Jr. FLEX Germie Bernard,,,
4424,5276886420,bunit1388,0,84.009995,CPT DK Metcalf FLEX Aaron Rodgers FLEX Jaylen Warren FLEX Harold Fannin Jr. FLEX Michael Pittman Jr. FLEX Blake Whiteheart,,,
4425,5276998907,jarbush,0,84,CPT Jaylen Warren FLEX Quinshon Judkins FLEX Denzel Boston FLEX KC Concepcion Jr. FLEX Pat Freiermuth FLEX Chris Boswell,,,
4426,5276259628,vito112770,0,83.979996,CPT Jaylen Warren FLEX Aaron Rodgers FLEX Deshaun Watson FLEX Chris Boswell FLEX Steelers  FLEX Darnell Washington,,,
4426,5277194269,wins13,0,83.979996,CPT Deshaun Watson FLEX Quinshon Judkins FLEX Denzel Boston FLEX Harold Fannin Jr. FLEX KC Concepcion Jr. FLEX Chris Boswell,,,
4426,5277256334,Donnealy,0,83.979996,CPT Deshaun Watson FLEX Quinshon Judkins FLEX Denzel Boston FLEX Harold Fannin Jr. FLEX KC Concepcion Jr. FLEX Chris Boswell,,,
4426,5277330940,DMort1988,0,83.979996,CPT Deshaun Watson FLEX Quinshon Judkins FLEX Denzel Boston FLEX Harold Fannin Jr. FLEX KC Concepcion Jr. FLEX Chris Boswell,,,
4426,5277623714,BWgordon2,0,83.979996,CPT Deshaun Watson FLEX Quinshon Judkins FLEX Denzel Boston FLEX Harold Fannin Jr. FLEX KC Concepcion Jr. FLEX Chris Boswell,,,
4426,5277877994,Scanman65,0,83.979996,CPT Deshaun Watson FLEX Quinshon Judkins FLEX Denzel Boston FLEX Harold Fannin Jr. FLEX KC Concepcion Jr. FLEX Chris Boswell,,,
4432,5277744955,etals61,0,83.96,CPT Aaron Rodgers FLEX Deshaun Watson FLEX Denzel Boston FLEX Michael Pittman Jr. FLEX Pat Freiermuth FLEX Steelers ,,,
4433,5275467534,warrior1354,0,83.94,CPT Deshaun Watson FLEX Aaron Rodgers FLEX Denzel Boston FLEX Harold Fannin Jr. FLEX Chris Boswell FLEX Browns ,,,
4433,5275499502,iammichiganfootball,0,83.94,CPT Aaron Rodgers FLEX Jaylen Warren FLEX Harold Fannin Jr. FLEX Pat Freiermuth FLEX Chris Boswell FLEX Steelers ,,,
4435,5276913146,moneyminded26,0,83.92,CPT Jaylen Warren FLEX Deshaun Watson FLEX DK Metcalf FLEX KC Concepcion Jr. FLEX Pat Freiermuth FLEX Chris Boswell,,,
4435,5276942155,Jiwyman1,0,83.92,CPT Jaylen Warren FLEX Deshaun Watson FLEX DK Metcalf FLEX KC Concepcion Jr. FLEX Pat Freiermuth FLEX Chris Boswell,,,
4435,5277652285,Bottomfeeder91,0,83.92,CPT Jaylen Warren FLEX Deshaun Watson FLEX Denzel Boston FLEX Harold Fannin Jr. FLEX Browns  FLEX Andre Szmyt,,,
4435,5277767863,Tsnyder61537,0,83.92,CPT Jaylen Warren FLEX Deshaun Watson FLEX DK Metcalf FLEX KC Concepcion Jr. FLEX Pat Freiermuth FLEX Chris Boswell,,,
4439,5276769094,moondoggo,0,83.88,CPT Deshaun Watson FLEX DK Metcalf FLEX Denzel Boston FLEX Harold Fannin Jr. FLEX KC Concepcion Jr. FLEX Steelers ,,,
4439,5277435847,ajj0223,0,83.88,CPT Steelers  FLEX Aaron Rodgers FLEX Jaylen Warren FLEX Deshaun Watson FLEX Chris Boswell FLEX Roman Wilson,,,
4441,5277855143,Brandons_mom,0,83.87001,CPT Pat Freiermuth FLEX Jaylen Warren FLEX Deshaun Watson FLEX Quinshon Judkins FLEX Harold Fannin Jr. FLEX Chris Boswell,,,
4441,5277799331,Barezark,0,83.869995,CPT Denzel Boston FLEX Jaylen Warren FLEX Deshaun Watson FLEX DK Metcalf FLEX KC Concepcion Jr. FLEX Germie Bernard,,,
4443,5277694290,BelaBuz,0,83.81,CPT Michael Pittman Jr. FLEX Aaron Rodgers FLEX Jaylen Warren FLEX DK Metcalf FLEX Denzel Boston FLEX Jerry Jeudy,,,
4443,5277821457,Bulld_1989,0,83.81,CPT Darnell Washington FLEX Aaron Rodgers FLEX Jaylen Warren FLEX Harold Fannin Jr. FLEX KC Concepcion Jr. FLEX Raheim Sanders,,,
4445,5277052363,jsnz,0,83.799995,CPT Jaylen Warren FLEX Quinshon Judkins FLEX Harold Fannin Jr. FLEX KC Concepcion Jr. FLEX Chris Boswell FLEX Darnell Washington,,,
4446,5276333750,smithbrandon7,0,83.78,CPT Jaylen Warren FLEX Aaron Rodgers FLEX Deshaun Watson FLEX Michael Pittman Jr. FLEX KC Concepcion Jr. FLEX Jerry Jeudy,,,
4446,5276733766,Sville32,0,83.78,CPT Jaylen Warren FLEX Aaron Rodgers FLEX Deshaun Watson FLEX Michael Pittman Jr. FLEX KC Concepcion Jr. FLEX Jerry Jeudy,,,
4446,5277174513,thrtyftj,0,83.78,CPT Jaylen Warren FLEX Aaron Rodgers FLEX Deshaun Watson FLEX Michael Pittman Jr. FLEX KC Concepcion Jr. FLEX Jerry Jeudy,,,
4446,5277211945,coachsnell,0,83.78,CPT Deshaun Watson FLEX Jaylen Warren FLEX DK Metcalf FLEX Denzel Boston FLEX Harold Fannin Jr. FLEX Ben Skowronek,,,
4446,5277215489,billygregs,0,83.78,CPT Deshaun Watson FLEX Jaylen Warren FLEX DK Metcalf FLEX Denzel Boston FLEX Harold Fannin Jr. FLEX Ben Skowronek,,,
4446,5277322791,bobbyduval,0,83.78,CPT Deshaun Watson FLEX Jaylen Warren FLEX DK Metcalf FLEX Denzel Boston FLEX Harold Fannin Jr. FLEX Ben Skowronek,,,
4446,5277548209,PapaJG1,0,83.78,CPT Jaylen Warren FLEX Aaron Rodgers FLEX Deshaun Watson FLEX Michael Pittman Jr. FLEX KC Concepcion Jr. FLEX Jerry Jeudy,,,
4446,5277739620,ZzZ_JaZ,0,83.78,CPT Deshaun Watson FLEX Jaylen Warren FLEX Harold Fannin Jr. FLEX KC Concepcion Jr. FLEX Pat Freiermuth FLEX Andre Szmyt,,,
4446,5277749260,coacht528,0,83.78,CPT Deshaun Watson FLEX Jaylen Warren FLEX DK Metcalf FLEX Denzel Boston FLEX Harold Fannin Jr. FLEX Ben Skowronek,,,
4446,5276200044,Cards1640,0,83.77999,CPT Chris Boswell FLEX Aaron Rodgers FLEX Jaylen Warren FLEX Deshaun Watson FLEX Quinshon Judkins FLEX Ben Skowronek,,,
4456,5276014460,jgray79,0,83.759995,CPT Steelers  FLEX Aaron Rodgers FLEX Jaylen Warren FLEX DK Metcalf FLEX Harold Fannin Jr. FLEX Chris Boswell,,,
4456,5276540594,Noles27,0,83.759995,CPT Steelers  FLEX Aaron Rodgers FLEX Jaylen Warren FLEX DK Metcalf FLEX Harold Fannin Jr. FLEX Chris Boswell,,,
4456,5276743149,sil3ntkn1ght,0,83.759995,CPT Steelers  FLEX Aaron Rodgers FLEX Jaylen Warren FLEX DK Metcalf FLEX Harold Fannin Jr. FLEX Chris Boswell,,,
4456,5276995510,FOFO936,0,83.759995,CPT Steelers  FLEX Aaron Rodgers FLEX Jaylen Warren FLEX DK Metcalf FLEX Harold Fannin Jr. FLEX Chris Boswell,,,
4456,5277768830,BigJohnnyMac,0,83.759995,CPT Steelers  FLEX Aaron Rodgers FLEX Jaylen Warren FLEX DK Metcalf FLEX Harold Fannin Jr. FLEX Chris Boswell,,,
4456,5277791955,2kjhescox,0,83.759995,CPT Steelers  FLEX Aaron Rodgers FLEX Jaylen Warren FLEX DK Metcalf FLEX Harold Fannin Jr. FLEX Chris Boswell,,,
4462,5277771783,Samantha216,0,83.72,CPT Roman Wilson FLEX Jaylen Warren FLEX Deshaun Watson FLEX Denzel Boston FLEX Harold Fannin Jr. FLEX Chris Boswell,,,
4463,5276682785,smrocket1964,0,83.71,CPT Denzel Boston FLEX Aaron Rodgers FLEX Quinshon Judkins FLEX Harold Fannin Jr. FLEX Michael Pittman Jr. FLEX Raheim Sanders,,,
4464,5277629260,dayKare,0,83.68,CPT Deshaun Watson FLEX Jaylen Warren FLEX DK Metcalf FLEX Michael Pittman Jr. FLEX Pat Freiermuth FLEX Andre Szmyt,,,
4464,5275794811,KyotieSlim,0,83.67999,CPT Deshaun Watson FLEX Jaylen Warren FLEX DK Metcalf FLEX Harold Fannin Jr. FLEX KC Concepcion Jr. FLEX Germie Bernard,,,
4464,5277022885,Rams201757,0,83.67999,CPT Browns  FLEX Aaron Rodgers FLEX Jaylen Warren FLEX Deshaun Watson FLEX Harold Fannin Jr. FLEX Chris Boswell,,,
4464,5277272705,JakeHuddy,0,83.67999,CPT Browns  FLEX Aaron Rodgers FLEX Jaylen Warren FLEX Deshaun Watson FLEX Harold Fannin Jr. FLEX Chris Boswell,,,
4464,5277277175,cash323,0,83.67999,CPT Deshaun Watson FLEX Jaylen Warren FLEX DK Metcalf FLEX Harold Fannin Jr. FLEX KC Concepcion Jr. FLEX Germie Bernard,,,
4464,5277790040,EvilEmpire1986,0,83.67999,CPT Browns  FLEX Aaron Rodgers FLEX Jaylen Warren FLEX Deshaun Watson FLEX Harold Fannin Jr. FLEX Chris Boswell,,,
4470,5276813765,King_lamb,0,83.67,CPT Harold Fannin Jr. FLEX Jaylen Warren FLEX Deshaun Watson FLEX Denzel Boston FLEX Pat Freiermuth FLEX Andre Szmyt,,,
4470,5277117692,smellmopwho,0,83.67,CPT Denzel Boston FLEX Jaylen Warren FLEX Deshaun Watson FLEX DK Metcalf FLEX Pat Freiermuth FLEX Raheim Sanders,,,
4470,5277304934,jester13k,0,83.67,CPT Harold Fannin Jr. FLEX Jaylen Warren FLEX Deshaun Watson FLEX Denzel Boston FLEX Pat Freiermuth FLEX Andre Szmyt,,,
4470,5277701778,mbakes01,0,83.67,CPT Harold Fannin Jr. FLEX Jaylen Warren FLEX Deshaun Watson FLEX Denzel Boston FLEX Pat Freiermuth FLEX Andre Szmyt,,,
4474,5276180853,Kashmoney624,0,83.65,CPT Denzel Boston FLEX Jaylen Warren FLEX Quinshon Judkins FLEX Harold Fannin Jr. FLEX KC Concepcion Jr. FLEX Chris Boswell,,,
4475,5276594237,nick_the_stick1,0,83.62,CPT Jaylen Warren FLEX Deshaun Watson FLEX Denzel Boston FLEX Chris Boswell FLEX Andre Szmyt FLEX Roman Wilson,,,
4475,5277588060,nezzy78,0,83.62,CPT Jaylen Warren FLEX Deshaun Watson FLEX Denzel Boston FLEX Harold Fannin Jr. FLEX Browns  FLEX Darnell Washington,,,
4475,5277729405,Blackhawks714,0,83.62,CPT Jaylen Warren FLEX Deshaun Watson FLEX Quinshon Judkins FLEX Pat Freiermuth FLEX Chris Boswell FLEX Browns ,,,
4475,5277202360,haraz,0,83.619995,CPT KC Concepcion Jr. FLEX Jaylen Warren FLEX Deshaun Watson FLEX DK Metcalf FLEX Denzel Boston FLEX Raheim Sanders,,,
4475,5277584533,gyanzminds,0,83.619995,CPT KC Concepcion Jr. FLEX Jaylen Warren FLEX Deshaun Watson FLEX DK Metcalf FLEX Denzel Boston FLEX Raheim Sanders,,,
4480,5276042406,RDTTD,0,83.58,CPT Deshaun Watson FLEX Jaylen Warren FLEX Denzel Boston FLEX Harold Fannin Jr. FLEX Browns  FLEX Andre Szmyt,,,
4480,5276910070,Discostupendously,0,83.58,CPT Deshaun Watson FLEX Jaylen Warren FLEX Denzel Boston FLEX Harold Fannin Jr. FLEX Browns  FLEX Andre Szmyt,,,
4480,5275796548,funkychunk,0,83.579994,CPT Chris Boswell FLEX Aaron Rodgers FLEX Jaylen Warren FLEX Deshaun Watson FLEX DK Metcalf FLEX Raheim Sanders,,,
4480,5277305644,The-Autumn-Wind,0,83.579994,CPT Deshaun Watson FLEX Jaylen Warren FLEX Quinshon Judkins FLEX KC Concepcion Jr. FLEX Browns  FLEX Raheim Sanders,,,
4484,5276080341,rb146886,0,83.57001,CPT Harold Fannin Jr. FLEX Jaylen Warren FLEX Deshaun Watson FLEX DK Metcalf FLEX Chris Boswell FLEX Andre Szmyt,,,
4484,5277746746,keith40216,0,83.57001,CPT Harold Fannin Jr. FLEX Jaylen Warren FLEX Deshaun Watson FLEX DK Metcalf FLEX Chris Boswell FLEX Andre Szmyt,,,
4486,5277012551,dougmich,0,83.56,CPT Steelers  FLEX Aaron Rodgers FLEX Jaylen Warren FLEX DK Metcalf FLEX Michael Pittman Jr. FLEX Andre Szmyt,,,
4487,5276079351,lovetheiron,0,83.53,CPT Pat Freiermuth FLEX Aaron Rodgers FLEX Deshaun Watson FLEX Denzel Boston FLEX Harold Fannin Jr. FLEX Chris Boswell,,,
4488,5277363421,sconyers09,0,83.52,CPT Jaylen Warren FLEX Deshaun Watson FLEX DK Metcalf FLEX KC Concepcion Jr. FLEX Pat Freiermuth FLEX Raheim Sanders,,,
4489,5275445052,jbethell004,0,83.509995,CPT Harold Fannin Jr. FLEX Aaron Rodgers FLEX Quinshon Judkins FLEX Denzel Boston FLEX Michael Pittman Jr. FLEX Chris Boswell,,,
4489,5276835556,joenaps23,0,83.509995,CPT Travis Homer FLEX Aaron Rodgers FLEX Jaylen Warren FLEX DK Metcalf FLEX Denzel Boston FLEX Harold Fannin Jr.,,,
4491,5277247850,kidneyman13,0,83.5,CPT Jaylen Warren FLEX DK Metcalf FLEX Denzel Boston FLEX Harold Fannin Jr. FLEX Chris Boswell FLEX Andre Szmyt,,,
4492,5277086548,COLTSwLuCKeOline,0,83.479996,CPT Deshaun Watson FLEX Jaylen Warren FLEX Harold Fannin Jr. FLEX KC Concepcion Jr. FLEX Pat Freiermuth FLEX Darnell Washington,,,
4493,5276939657,dctat33,0,83.46,CPT Steelers  FLEX Aaron Rodgers FLEX Jaylen Warren FLEX DK Metcalf FLEX KC Concepcion Jr. FLEX Chris Boswell,,,
4494,5276857136,Cheeze_Weazzle,0,83.44,CPT Aaron Rodgers FLEX Jaylen Warren FLEX Harold Fannin Jr. FLEX Michael Pittman Jr. FLEX Pat Freiermuth FLEX Steelers ,,,
4494,5277405784,Quincyr418,0,83.44,CPT Aaron Rodgers FLEX Jaylen Warren FLEX Harold Fannin Jr. FLEX Michael Pittman Jr. FLEX Pat Freiermuth FLEX Steelers ,,,
4494,5277057365,bellsofwar3,0,83.439995,CPT Deshaun Watson FLEX Aaron Rodgers FLEX Jaylen Warren FLEX Michael Pittman Jr. FLEX KC Concepcion Jr. FLEX Jerry Jeudy,,,
4494,5277765235,eklad,0,83.439995,CPT Deshaun Watson FLEX Aaron Rodgers FLEX Jaylen Warren FLEX Michael Pittman Jr. FLEX KC Concepcion Jr. FLEX Jerry Jeudy,,,
4498,5276025874,Kdogg1220,0,83.41,CPT Harold Fannin Jr. FLEX Aaron Rodgers FLEX DK Metcalf FLEX Denzel Boston FLEX Michael Pittman Jr. FLEX Steelers ,,,
4499,5277536882,chuckcarothers,0,83.369995,CPT Darnell Washington FLEX Jaylen Warren FLEX Deshaun Watson FLEX Denzel Boston FLEX Harold Fannin Jr. FLEX Pat Freiermuth,,,
4500,5277725559,boogfrog,0,83.33,CPT Pat Freiermuth FLEX Aaron Rodgers FLEX Jaylen Warren FLEX Deshaun Watson FLEX Denzel Boston FLEX Travis Homer,,,
4501,5275781498,McJacKstrs266,0,83.32,CPT Steelers  FLEX Jaylen Warren FLEX Deshaun Watson FLEX DK Metcalf FLEX Denzel Boston FLEX KC Concepcion Jr.,,,
4501,5276963427,chukasorrisrex,0,83.32,CPT Jaylen Warren FLEX Deshaun Watson FLEX Denzel Boston FLEX Harold Fannin Jr. FLEX Chris Boswell FLEX Roman Wilson,,,
4501,5276992157,smw3184,0,83.32,CPT Jaylen Warren FLEX Deshaun Watson FLEX Denzel Boston FLEX Harold Fannin Jr. FLEX Chris Boswell FLEX Roman Wilson,,,
4501,5277095594,Zschossow22,0,83.32,CPT Jaylen Warren FLEX Deshaun Watson FLEX Denzel Boston FLEX Harold Fannin Jr. FLEX Chris Boswell FLEX Roman Wilson,,,
4501,5277235739,kblizzard321,0,83.32,CPT Jaylen Warren FLEX Deshaun Watson FLEX Denzel Boston FLEX Harold Fannin Jr. FLEX Chris Boswell FLEX Roman Wilson,,,
4501,5277506702,GBanger,0,83.32,CPT Jaylen Warren FLEX Deshaun Watson FLEX Denzel Boston FLEX Harold Fannin Jr. FLEX Chris Boswell FLEX Roman Wilson,,,
4501,5277618807,cyclones82,0,83.32,CPT Jaylen Warren FLEX Deshaun Watson FLEX Denzel Boston FLEX Harold Fannin Jr. FLEX Chris Boswell FLEX Roman Wilson,,,
4501,5277644237,RobertFootball,0,83.32,CPT Jaylen Warren FLEX Deshaun Watson FLEX Denzel Boston FLEX Harold Fannin Jr. FLEX Chris Boswell FLEX Roman Wilson,,,
4501,5277790022,andyznutz,0,83.32,CPT Steelers  FLEX Jaylen Warren FLEX Deshaun Watson FLEX DK Metcalf FLEX Denzel Boston FLEX KC Concepcion Jr.,,,
4501,5277815548,Derekras1,0,83.32,CPT Jaylen Warren FLEX Deshaun Watson FLEX Denzel Boston FLEX Harold Fannin Jr. FLEX Chris Boswell FLEX Roman Wilson,,,
4501,5277837062,poopeebird,0,83.32,CPT Jaylen Warren FLEX Deshaun Watson FLEX Denzel Boston FLEX Harold Fannin Jr. FLEX Chris Boswell FLEX Roman Wilson,,,
4501,5277838157,bones2704,0,83.32,CPT Jaylen Warren FLEX Deshaun Watson FLEX Denzel Boston FLEX Harold Fannin Jr. FLEX Chris Boswell FLEX Roman Wilson,,,
4513,5276870104,E-Steelers,0,83.31,CPT Pat Freiermuth FLEX Aaron Rodgers FLEX Jaylen Warren FLEX Harold Fannin Jr. FLEX Chris Boswell FLEX Andre Szmyt,,,
4514,5275567984,Biggt5353,0,83.28,CPT Deshaun Watson FLEX Quinshon Judkins FLEX Denzel Boston FLEX Harold Fannin Jr. FLEX Pat Freiermuth FLEX Chris Boswell,,,
4514,5276057779,hasco,0,83.28,CPT Deshaun Watson FLEX Quinshon Judkins FLEX Denzel Boston FLEX Harold Fannin Jr. FLEX Pat Freiermuth FLEX Chris Boswell,,,
4514,5276524430,Demboys9,0,83.28,CPT Deshaun Watson FLEX Quinshon Judkins FLEX Denzel Boston FLEX Harold Fannin Jr. FLEX Pat Freiermuth FLEX Chris Boswell,,,
4514,5276555288,ATR27,0,83.28,CPT Jaylen Warren FLEX Aaron Rodgers FLEX Deshaun Watson FLEX KC Concepcion Jr. FLEX Steelers  FLEX Raheim Sanders,,,
4514,5277318582,MarkL1981,0,83.28,CPT Deshaun Watson FLEX Quinshon Judkins FLEX Denzel Boston FLEX Harold Fannin Jr. FLEX Pat Freiermuth FLEX Chris Boswell,,,
4514,5277788092,Slimgoody10,0,83.28,CPT Deshaun Watson FLEX Quinshon Judkins FLEX Denzel Boston FLEX Harold Fannin Jr. FLEX Pat Freiermuth FLEX Chris Boswell,,,
4520,5277005161,Dominator-Seguin,0,83.27,CPT DK Metcalf FLEX Jaylen Warren FLEX Deshaun Watson FLEX Denzel Boston FLEX Chris Boswell FLEX Jerry Jeudy,,,
4521,5277268376,alnic1119,0,83.259995,CPT Aaron Rodgers FLEX Deshaun Watson FLEX Denzel Boston FLEX Michael Pittman Jr. FLEX Chris Boswell FLEX Andre Szmyt,,,
4522,5277565296,ZackRohrer,0,83.22,CPT Andre Szmyt FLEX Jaylen Warren FLEX Deshaun Watson FLEX DK Metcalf FLEX Harold Fannin Jr. FLEX Michael Pittman Jr.,,,
4523,5276784545,ktmracer742,0,83.200005,CPT Jaylen Warren FLEX DK Metcalf FLEX Denzel Boston FLEX KC Concepcion Jr. FLEX Chris Boswell FLEX Andre Szmyt,,,
4524,5277305300,realchad,0,83.159996,CPT Steelers  FLEX Aaron Rodgers FLEX Jaylen Warren FLEX Quinshon Judkins FLEX Chris Boswell FLEX Browns ,,,
4525,5275939340,Chitownkilla9913,0,83.13,CPT Michael Pittman Jr. FLEX Aaron Rodgers FLEX Deshaun Watson FLEX DK Metcalf FLEX Denzel Boston FLEX Jerry Jeudy,,,
4525,5277110745,bobc1314,0,83.13,CPT Michael Pittman Jr. FLEX Aaron Rodgers FLEX Deshaun Watson FLEX Quinshon Judkins FLEX KC Concepcion Jr. FLEX Steelers ,,,
4525,5277385447,Styles8620,0,83.13,CPT Michael Pittman Jr. FLEX Aaron Rodgers FLEX Deshaun Watson FLEX DK Metcalf FLEX Denzel Boston FLEX Jerry Jeudy,,,
4528,5277705021,rducketts,0,83.12,CPT Jaylen Warren FLEX Deshaun Watson FLEX Quinshon Judkins FLEX Michael Pittman Jr. FLEX Pat Freiermuth FLEX Browns ,,,
4529,5277665768,beilke33,0,83.10999,CPT Michael Pittman Jr. FLEX Aaron Rodgers FLEX Jaylen Warren FLEX Quinshon Judkins FLEX Pat Freiermuth FLEX Steelers ,,,
4529,5277728884,fbmoney1,0,83.10999,CPT Michael Pittman Jr. FLEX Aaron Rodgers FLEX Jaylen Warren FLEX Quinshon Judkins FLEX Pat Freiermuth FLEX Steelers ,,,
4531,5277378510,brick72,0,83.1,CPT Jaylen Warren FLEX Quinshon Judkins FLEX Harold Fannin Jr. FLEX Chris Boswell FLEX Steelers  FLEX Roman Wilson,,,
4532,5276506586,NITEMARE1993,0,83.08,CPT Deshaun Watson FLEX Quinshon Judkins FLEX Denzel Boston FLEX Michael Pittman Jr. FLEX Pat Freiermuth FLEX Andre Szmyt,,,
4532,5277597400,ThaKid19xx,0,83.079994,CPT Deshaun Watson FLEX Jaylen Warren FLEX Quinshon Judkins FLEX Denzel Boston FLEX Chris Boswell FLEX Jerry Jeudy,,,
4532,5277603584,protectmyhouse22,0,83.079994,CPT Jaylen Warren FLEX Aaron Rodgers FLEX Deshaun Watson FLEX Harold Fannin Jr. FLEX Steelers  FLEX Germie Bernard,,,
4532,5277757005,Harpo65,0,83.079994,CPT Steelers  FLEX Aaron Rodgers FLEX Deshaun Watson FLEX DK Metcalf FLEX Harold Fannin Jr. FLEX Chris Boswell,,,
4536,5276720087,neal6923,0,83.07,CPT Denzel Boston FLEX Deshaun Watson FLEX Quinshon Judkins FLEX Harold Fannin Jr. FLEX Michael Pittman Jr. FLEX Andre Szmyt,,,
4537,5276590501,kkormos,0,83.05,CPT Harold Fannin Jr. FLEX Jaylen Warren FLEX Quinshon Judkins FLEX Denzel Boston FLEX KC Concepcion Jr. FLEX Chris Boswell,,,
4538,5277690767,dmann8888,0,83.04,CPT Deshaun Watson FLEX Aaron Rodgers FLEX Denzel Boston FLEX Harold Fannin Jr. FLEX Browns  FLEX Germie Bernard,,,
4539,5277869620,nickpugh,0,83.02999,CPT Michael Pittman Jr. FLEX Aaron Rodgers FLEX Jaylen Warren FLEX Deshaun Watson FLEX Quinshon Judkins FLEX Ben Skowronek,,,
4540,5276063580,Sofaism,0,83.02,CPT Roman Wilson FLEX Jaylen Warren FLEX Deshaun Watson FLEX Denzel Boston FLEX KC Concepcion Jr. FLEX Raheim Sanders,,,
4541,5277753336,jjayyajj,0,83.009995,CPT Pat Freiermuth FLEX Aaron Rodgers FLEX Jaylen Warren FLEX Harold Fannin Jr. FLEX Chris Boswell FLEX Darnell Washington,,,
4542,5277769110,flowarriors,0,83,CPT Jaylen Warren FLEX DK Metcalf FLEX Quinshon Judkins FLEX Michael Pittman Jr. FLEX KC Concepcion Jr. FLEX Raheim Sanders,,,
4542,5277831124,Coles217,0,83,CPT Quinshon Judkins FLEX Jaylen Warren FLEX Steelers  FLEX Browns  FLEX Raheim Sanders FLEX Roman Wilson,,,
4544,5277221511,smartin417,0,82.98,CPT Deshaun Watson FLEX Jaylen Warren FLEX Denzel Boston FLEX KC Concepcion Jr. FLEX Browns  FLEX Darnell Washington,,,
4544,5275588680,skyedup,0,82.979996,CPT Deshaun Watson FLEX Jaylen Warren FLEX Denzel Boston FLEX Harold Fannin Jr. FLEX Chris Boswell FLEX Roman Wilson,,,
4544,5275639276,stanmans,0,82.979996,CPT Deshaun Watson FLEX Jaylen Warren FLEX Denzel Boston FLEX Harold Fannin Jr. FLEX Chris Boswell FLEX Roman Wilson,,,
4544,5275737759,redcyc,0,82.979996,CPT Jaylen Warren FLEX Aaron Rodgers FLEX Deshaun Watson FLEX Pat Freiermuth FLEX Chris Boswell FLEX Steelers ,,,
4544,5275848001,ZEUSKIZZ,0,82.979996,CPT Jaylen Warren FLEX Aaron Rodgers FLEX Deshaun Watson FLEX Pat Freiermuth FLEX Chris Boswell FLEX Steelers ,,,
4544,5275961881,aassddffgg,0,82.979996,CPT Jaylen Warren FLEX Aaron Rodgers FLEX Deshaun Watson FLEX Pat Freiermuth FLEX Chris Boswell FLEX Steelers ,,,
4544,5276081545,RafLP,0,82.979996,CPT Jaylen Warren FLEX Aaron Rodgers FLEX Deshaun Watson FLEX Pat Freiermuth FLEX Chris Boswell FLEX Steelers ,,,
4544,5276505640,ForestFarmers,0,82.979996,CPT Jaylen Warren FLEX Aaron Rodgers FLEX Deshaun Watson FLEX Pat Freiermuth FLEX Chris Boswell FLEX Steelers ,,,
4544,5277035383,JLR1985,0,82.979996,CPT Jaylen Warren FLEX Aaron Rodgers FLEX Deshaun Watson FLEX Pat Freiermuth FLEX Chris Boswell FLEX Steelers ,,,
4544,5277108435,joedirt1369,0,82.979996,CPT Jaylen Warren FLEX Aaron Rodgers FLEX Deshaun Watson FLEX Pat Freiermuth FLEX Chris Boswell FLEX Steelers ,,,
4544,5277141330,Browns2233,0,82.979996,CPT Jaylen Warren FLEX Aaron Rodgers FLEX Deshaun Watson FLEX Pat Freiermuth FLEX Chris Boswell FLEX Steelers ,,,
4544,5277154087,cj351,0,82.979996,CPT Jaylen Warren FLEX Aaron Rodgers FLEX Deshaun Watson FLEX Pat Freiermuth FLEX Chris Boswell FLEX Steelers ,,,
4544,5277192765,Hootch,0,82.979996,CPT Jaylen Warren FLEX Aaron Rodgers FLEX Deshaun Watson FLEX Pat Freiermuth FLEX Chris Boswell FLEX Steelers ,,,
4544,5277211949,gcarolthomas66,0,82.979996,CPT Deshaun Watson FLEX Jaylen Warren FLEX Denzel Boston FLEX Harold Fannin Jr. FLEX Chris Boswell FLEX Roman Wilson,,,
4544,5277309473,JimmyZim620,0,82.979996,CPT Jaylen Warren FLEX Aaron Rodgers FLEX Deshaun Watson FLEX Pat Freiermuth FLEX Chris Boswell FLEX Steelers ,,,
4544,5277326496,skunkel133,0,82.979996,CPT Jaylen Warren FLEX Aaron Rodgers FLEX Deshaun Watson FLEX Pat Freiermuth FLEX Chris Boswell FLEX Steelers ,,,
4544,5277389398,KingJam3,0,82.979996,CPT KC Concepcion Jr. FLEX Aaron Rodgers FLEX Deshaun Watson FLEX DK Metcalf FLEX Michael Pittman Jr. FLEX Chris Boswell,,,
4544,5277395129,whatmynuts81052,0,82.979996,CPT Jaylen Warren FLEX Aaron Rodgers FLEX Deshaun Watson FLEX Pat Freiermuth FLEX Chris Boswell FLEX Steelers ,,,
4544,5277478990,scaravaglio,0,82.979996,CPT Jaylen Warren FLEX Aaron Rodgers FLEX Deshaun Watson FLEX Pat Freiermuth FLEX Chris Boswell FLEX Steelers ,,,
4544,5277533000,icemike23,0,82.979996,CPT Deshaun Watson FLEX Jaylen Warren FLEX Denzel Boston FLEX Harold Fannin Jr. FLEX Chris Boswell FLEX Roman Wilson,,,
4544,5277554929,Fivecrossyolips,0,82.979996,CPT Jaylen Warren FLEX Aaron Rodgers FLEX Deshaun Watson FLEX Pat Freiermuth FLEX Chris Boswell FLEX Steelers ,,,
4544,5277603826,nflhawks,0,82.979996,CPT Jaylen Warren FLEX Aaron Rodgers FLEX Deshaun Watson FLEX Pat Freiermuth FLEX Chris Boswell FLEX Steelers ,,,
4544,5277698003,pigskin23,0,82.979996,CPT Jaylen Warren FLEX Aaron Rodgers FLEX Deshaun Watson FLEX Pat Freiermuth FLEX Chris Boswell FLEX Steelers ,,,
4544,5277722509,ZeekyDK3013,0,82.979996,CPT Jaylen Warren FLEX Aaron Rodgers FLEX Deshaun Watson FLEX Pat Freiermuth FLEX Chris Boswell FLEX Steelers ,,,
4544,5277778505,guardiansc2,0,82.979996,CPT Jaylen Warren FLEX Aaron Rodgers FLEX Deshaun Watson FLEX Pat Freiermuth FLEX Chris Boswell FLEX Steelers ,,,
4544,5277855022,Invaworld,0,82.979996,CPT Jaylen Warren FLEX Aaron Rodgers FLEX Deshaun Watson FLEX Pat Freiermuth FLEX Chris Boswell FLEX Steelers ,,,
4544,5277870802,Zwhiddon,0,82.979996,CPT KC Concepcion Jr. FLEX Aaron Rodgers FLEX Deshaun Watson FLEX DK Metcalf FLEX Michael Pittman Jr. FLEX Chris Boswell,,,
4571,5277658150,mrbliss72,0,82.97,CPT Harold Fannin Jr. FLEX Deshaun Watson FLEX Quinshon Judkins FLEX Denzel Boston FLEX Chris Boswell FLEX Andre Szmyt,,,
4572,5276622685,RAPIDRIK1,0,82.96,CPT Steelers  FLEX Aaron Rodgers FLEX Jaylen Warren FLEX DK Metcalf FLEX Michael Pittman Jr. FLEX KC Concepcion Jr.,,,
4572,5276647857,chiefshelton,0,82.96,CPT Jaylen Warren FLEX Aaron Rodgers FLEX Harold Fannin Jr. FLEX Michael Pittman Jr. FLEX KC Concepcion Jr. FLEX Browns ,,,
4572,5277273097,sparty81,0,82.96,CPT Steelers  FLEX Aaron Rodgers FLEX Jaylen Warren FLEX DK Metcalf FLEX Michael Pittman Jr. FLEX KC Concepcion Jr.,,,
4575,5275568991,Daddydog14,0,82.950005,CPT Denzel Boston FLEX Jaylen Warren FLEX Quinshon Judkins FLEX Harold Fannin Jr. FLEX Pat Freiermuth FLEX Chris Boswell,,,
4575,5275883748,buccswild,0,82.95,CPT Harold Fannin Jr. FLEX Jaylen Warren FLEX DK Metcalf FLEX Denzel Boston FLEX KC Concepcion Jr. FLEX Steelers ,,,
4575,5277793835,Han_D_Capper,0,82.95,CPT DK Metcalf FLEX Quinshon Judkins FLEX Denzel Boston FLEX Harold Fannin Jr. FLEX Michael Pittman Jr. FLEX Chris Boswell,,,
4578,5276881055,BakerTime13,0,82.92,CPT KC Concepcion Jr. FLEX Jaylen Warren FLEX Deshaun Watson FLEX Denzel Boston FLEX Harold Fannin Jr. FLEX Pat Freiermuth,,,
4578,5277264373,King71,0,82.92,CPT KC Concepcion Jr. FLEX Jaylen Warren FLEX Deshaun Watson FLEX Denzel Boston FLEX Harold Fannin Jr. FLEX Pat Freiermuth,,,
4578,5277532580,wreston,0,82.92,CPT KC Concepcion Jr. FLEX Jaylen Warren FLEX Deshaun Watson FLEX Denzel Boston FLEX Harold Fannin Jr. FLEX Pat Freiermuth,,,
4578,5277685235,ikevev,0,82.92,CPT KC Concepcion Jr. FLEX Jaylen Warren FLEX Deshaun Watson FLEX Denzel Boston FLEX Harold Fannin Jr. FLEX Pat Freiermuth,,,
4578,5277837083,mlynch1123,0,82.92,CPT KC Concepcion Jr. FLEX Jaylen Warren FLEX Deshaun Watson FLEX Denzel Boston FLEX Harold Fannin Jr. FLEX Pat Freiermuth,,,
4583,5277421993,zaclake1,0,82.909996,CPT DK Metcalf FLEX Aaron Rodgers FLEX Jaylen Warren FLEX Michael Pittman Jr. FLEX Chris Boswell FLEX Jerry Jeudy,,,
4584,5275695616,DZ02,0,82.87999,CPT Chris Boswell FLEX Aaron Rodgers FLEX Jaylen Warren FLEX Deshaun Watson FLEX Harold Fannin Jr. FLEX Pat Freiermuth,,,
4584,5275861005,Treprince,0,82.87999,CPT Chris Boswell FLEX Aaron Rodgers FLEX Jaylen Warren FLEX Deshaun Watson FLEX Harold Fannin Jr. FLEX Pat Freiermuth,,,
4584,5276135112,BradLey2210,0,82.87999,CPT Chris Boswell FLEX Aaron Rodgers FLEX Jaylen Warren FLEX Deshaun Watson FLEX Harold Fannin Jr. FLEX Pat Freiermuth,,,
4584,5277051013,Grandpakids,0,82.87999,CPT Chris Boswell FLEX Aaron Rodgers FLEX Jaylen Warren FLEX Deshaun Watson FLEX Harold Fannin Jr. FLEX Pat Freiermuth,,,
4584,5277376334,phillip.neely,0,82.87999,CPT Chris Boswell FLEX Aaron Rodgers FLEX Jaylen Warren FLEX Deshaun Watson FLEX Harold Fannin Jr. FLEX Pat Freiermuth,,,
4584,5277396445,putts09,0,82.87999,CPT Chris Boswell FLEX Aaron Rodgers FLEX Jaylen Warren FLEX Deshaun Watson FLEX Harold Fannin Jr. FLEX Pat Freiermuth,,,
4584,5277456788,budster,0,82.87999,CPT Chris Boswell FLEX Aaron Rodgers FLEX Jaylen Warren FLEX Deshaun Watson FLEX Harold Fannin Jr. FLEX Pat Freiermuth,,,
4584,5277603738,Stacey11334,0,82.87999,CPT Chris Boswell FLEX Aaron Rodgers FLEX Jaylen Warren FLEX Deshaun Watson FLEX Harold Fannin Jr. FLEX Pat Freiermuth,,,
4584,5277637091,kidwizard,0,82.87999,CPT Chris Boswell FLEX Aaron Rodgers FLEX Jaylen Warren FLEX Deshaun Watson FLEX Harold Fannin Jr. FLEX Pat Freiermuth,,,
4584,5277736017,joelr242,0,82.87999,CPT Chris Boswell FLEX Aaron Rodgers FLEX Jaylen Warren FLEX Deshaun Watson FLEX Harold Fannin Jr. FLEX Pat Freiermuth,,,
4594,5276829118,jwbronco,0,82.85,CPT DK Metcalf FLEX Jaylen Warren FLEX Quinshon Judkins FLEX Denzel Boston FLEX Michael Pittman Jr. FLEX Robert Tonyan,,,
4594,5277279516,douglaswedel,0,82.84999,CPT Harold Fannin Jr. FLEX Jaylen Warren FLEX Quinshon Judkins FLEX Denzel Boston FLEX Michael Pittman Jr. FLEX Darnell Washington,,,
4596,5277032389,gburn4,0,82.799995,CPT Jaylen Warren FLEX Quinshon Judkins FLEX Harold Fannin Jr. FLEX KC Concepcion Jr. FLEX Pat Freiermuth FLEX Chris Boswell,,,
4596,5277839655,anthony418,0,82.799995,CPT Jaylen Warren FLEX DK Metcalf FLEX Quinshon Judkins FLEX Harold Fannin Jr. FLEX Michael Pittman Jr. FLEX Germie Bernard,,,
4598,5276960525,bxtrey,0,82.78,CPT Deshaun Watson FLEX Jaylen Warren FLEX Quinshon Judkins FLEX Michael Pittman Jr. FLEX Pat Freiermuth FLEX Browns ,,,
4599,5276446958,jakescaife,0,82.770004,CPT Harold Fannin Jr. FLEX Jaylen Warren FLEX Deshaun Watson FLEX DK Metcalf FLEX Michael Pittman Jr. FLEX Darnell Washington,,,
4599,5276993102,Sirroving,0,82.770004,CPT Harold Fannin Jr. FLEX Jaylen Warren FLEX Deshaun Watson FLEX DK Metcalf FLEX Michael Pittman Jr. FLEX Darnell Washington,,,
4601,5275565194,wmgravytrain,0,82.759995,CPT Chris Boswell FLEX Aaron Rodgers FLEX Jaylen Warren FLEX DK Metcalf FLEX Harold Fannin Jr. FLEX Steelers ,,,
4601,5276137530,74riZionup,0,82.759995,CPT Chris Boswell FLEX Aaron Rodgers FLEX Jaylen Warren FLEX DK Metcalf FLEX Harold Fannin Jr. FLEX Steelers ,,,
4601,5277043810,SteelCurtain67,0,82.759995,CPT Chris Boswell FLEX Aaron Rodgers FLEX Jaylen Warren FLEX DK Metcalf FLEX Harold Fannin Jr. FLEX Steelers ,,,
4604,5277840594,fasteddie80jr,0,82.75,CPT Pat Freiermuth FLEX Jaylen Warren FLEX DK Metcalf FLEX Quinshon Judkins FLEX Chris Boswell FLEX Steelers ,,,
4605,5276481652,tskeezcom,0,82.74,CPT Aaron Rodgers FLEX Jaylen Warren FLEX Denzel Boston FLEX Harold Fannin Jr. FLEX Michael Pittman Jr. FLEX Germie Bernard,,,
4606,5277221055,Djb21moon70,0,82.70999,CPT Harold Fannin Jr. FLEX Aaron Rodgers FLEX Jaylen Warren FLEX Michael Pittman Jr. FLEX KC Concepcion Jr. FLEX Pat Freiermuth,,,
4607,5275677342,cheeky,0,82.7,CPT Jaylen Warren FLEX Quinshon Judkins FLEX Harold Fannin Jr. FLEX Pat Freiermuth FLEX Raheim Sanders FLEX Darnell Washington,,,
4607,5277085562,evschlough,0,82.7,CPT Jaylen Warren FLEX DK Metcalf FLEX Harold Fannin Jr. FLEX KC Concepcion Jr. FLEX Pat Freiermuth FLEX Steelers ,,,
4607,5277422044,buonomckay,0,82.7,CPT Jaylen Warren FLEX DK Metcalf FLEX Quinshon Judkins FLEX Michael Pittman Jr. FLEX Pat Freiermuth FLEX Chris Boswell,,,
4607,5277793829,phfact0r49,0,82.7,CPT Jaylen Warren FLEX DK Metcalf FLEX Quinshon Judkins FLEX Michael Pittman Jr. FLEX Pat Freiermuth FLEX Chris Boswell,,,
4611,5275880052,nstone1617,0,82.67,CPT Harold Fannin Jr. FLEX Jaylen Warren FLEX Deshaun Watson FLEX Quinshon Judkins FLEX Chris Boswell FLEX Browns ,,,
4611,5276618270,mustbeinit25,0,82.67,CPT Harold Fannin Jr. FLEX Jaylen Warren FLEX Deshaun Watson FLEX Quinshon Judkins FLEX Chris Boswell FLEX Browns ,,,
4611,5276784684,Anesthesia,0,82.67,CPT Harold Fannin Jr. FLEX Jaylen Warren FLEX Deshaun Watson FLEX Quinshon Judkins FLEX Chris Boswell FLEX Browns ,,,
4611,5277482226,gav3427,0,82.67,CPT Harold Fannin Jr. FLEX Jaylen Warren FLEX Deshaun Watson FLEX Quinshon Judkins FLEX Chris Boswell FLEX Browns ,,,
4615,5275475941,raiderbk04,0,82.649994,CPT Harold Fannin Jr. FLEX Jaylen Warren FLEX Quinshon Judkins FLEX Denzel Boston FLEX Steelers  FLEX Browns ,,,
4615,5277818369,aminus88,0,82.649994,CPT Harold Fannin Jr. FLEX Jaylen Warren FLEX Quinshon Judkins FLEX Denzel Boston FLEX Steelers  FLEX Browns ,,,
4617,5276543724,Jerlaz,0,82.64,CPT Deshaun Watson FLEX Aaron Rodgers FLEX Jaylen Warren FLEX Pat Freiermuth FLEX Chris Boswell FLEX Steelers ,,,
4617,5277023495,perelli28,0,82.64,CPT Deshaun Watson FLEX Aaron Rodgers FLEX Jaylen Warren FLEX Pat Freiermuth FLEX Chris Boswell FLEX Steelers ,,,
4617,5277578395,ckelly843,0,82.64,CPT Deshaun Watson FLEX Aaron Rodgers FLEX Jaylen Warren FLEX Pat Freiermuth FLEX Chris Boswell FLEX Steelers ,,,
4617,5277633209,Mexrp,0,82.64,CPT Deshaun Watson FLEX Aaron Rodgers FLEX Jaylen Warren FLEX Pat Freiermuth FLEX Chris Boswell FLEX Steelers ,,,
4617,5277864488,ngonzalez1,0,82.64,CPT Deshaun Watson FLEX Aaron Rodgers FLEX Jaylen Warren FLEX Pat Freiermuth FLEX Chris Boswell FLEX Steelers ,,,
4622,5277033896,billymybob,0,82.62,CPT Jaylen Warren FLEX Deshaun Watson FLEX Denzel Boston FLEX Harold Fannin Jr. FLEX Pat Freiermuth FLEX Browns ,,,
4622,5277651235,CanWill,0,82.62,CPT Jaylen Warren FLEX Deshaun Watson FLEX Denzel Boston FLEX Harold Fannin Jr. FLEX Pat Freiermuth FLEX Browns ,,,
4622,5277658831,MONeill08,0,82.62,CPT Jaylen Warren FLEX Deshaun Watson FLEX Denzel Boston FLEX Harold Fannin Jr. FLEX Pat Freiermuth FLEX Browns ,,,
4622,5277822728,Thirst22,0,82.62,CPT Jaylen Warren FLEX Deshaun Watson FLEX Denzel Boston FLEX Harold Fannin Jr. FLEX Pat Freiermuth FLEX Browns ,,,
4626,5277758567,Ryancowan71,0,82.61,CPT Ben Skowronek FLEX Aaron Rodgers FLEX Jaylen Warren FLEX Quinshon Judkins FLEX Denzel Boston FLEX Steelers ,,,
4627,5275919677,tstupica,0,82.600006,CPT Quinshon Judkins FLEX Denzel Boston FLEX Harold Fannin Jr. FLEX Michael Pittman Jr. FLEX KC Concepcion Jr. FLEX Pat Freiermuth,,,
4627,5277144646,jcottenttu,0,82.600006,CPT Quinshon Judkins FLEX Jaylen Warren FLEX Denzel Boston FLEX Harold Fannin Jr. FLEX Chris Boswell FLEX Steelers ,,,
4629,5276802375,mowerman0407,0,82.579994,CPT Jaylen Warren FLEX Aaron Rodgers FLEX Deshaun Watson FLEX Pat Freiermuth FLEX Steelers  FLEX Raheim Sanders,,,
4630,5277376033,z2ej,0,82.57001,CPT Harold Fannin Jr. FLEX Jaylen Warren FLEX Deshaun Watson FLEX Quinshon Judkins FLEX Denzel Boston FLEX Blake Whiteheart,,,
4630,5277385374,detlionsfan90,0,82.57001,CPT Harold Fannin Jr. FLEX Jaylen Warren FLEX Deshaun Watson FLEX DK Metcalf FLEX Steelers  FLEX Browns ,,,
4630,5275670323,FLWildcat2020,0,82.56999,CPT Harold Fannin Jr. FLEX Jaylen Warren FLEX Deshaun Watson FLEX DK Metcalf FLEX KC Concepcion Jr. FLEX Raheim Sanders,,,
4630,5275749970,BowDozer24,0,82.56999,CPT Pat Freiermuth FLEX Jaylen Warren FLEX Deshaun Watson FLEX Denzel Boston FLEX Harold Fannin Jr. FLEX KC Concepcion Jr.,,,
4630,5276831640,Inyourtightend,0,82.56999,CPT Pat Freiermuth FLEX Jaylen Warren FLEX Deshaun Watson FLEX Denzel Boston FLEX Harold Fannin Jr. FLEX KC Concepcion Jr.,,,
4630,5277039745,Hugo236,0,82.56999,CPT Harold Fannin Jr. FLEX Jaylen Warren FLEX Deshaun Watson FLEX DK Metcalf FLEX KC Concepcion Jr. FLEX Raheim Sanders,,,
4630,5277235369,carriea1973,0,82.56999,CPT Harold Fannin Jr. FLEX Jaylen Warren FLEX Deshaun Watson FLEX DK Metcalf FLEX KC Concepcion Jr. FLEX Raheim Sanders,,,
4630,5277623451,Bugatti80,0,82.56999,CPT Harold Fannin Jr. FLEX Jaylen Warren FLEX Deshaun Watson FLEX DK Metcalf FLEX KC Concepcion Jr. FLEX Raheim Sanders,,,
4630,5277730270,JaysinSensation,0,82.56999,CPT Harold Fannin Jr. FLEX Jaylen Warren FLEX Deshaun Watson FLEX DK Metcalf FLEX KC Concepcion Jr. FLEX Raheim Sanders,,,
4639,5277257870,stlnd,0,82.56,CPT KC Concepcion Jr. FLEX Aaron Rodgers FLEX Jaylen Warren FLEX Harold Fannin Jr. FLEX Michael Pittman Jr. FLEX Pat Freiermuth,,,
4640,5277117495,Nadesify,0,82.520004,CPT Quinshon Judkins FLEX Deshaun Watson FLEX DK Metcalf FLEX Harold Fannin Jr. FLEX Chris Boswell FLEX Lew Nichols,,,
4640,5277602230,Junkist,0,82.520004,CPT Jaylen Warren FLEX Deshaun Watson FLEX Denzel Boston FLEX Michael Pittman Jr. FLEX KC Concepcion Jr. FLEX Roman Wilson,,,
4640,5277827615,dukhukfred,0,82.520004,CPT Browns  FLEX Jaylen Warren FLEX Deshaun Watson FLEX Quinshon Judkins FLEX Denzel Boston FLEX Chris Boswell,,,
4640,5277848955,Flookie,0,82.520004,CPT Browns  FLEX Jaylen Warren FLEX Deshaun Watson FLEX Quinshon Judkins FLEX Denzel Boston FLEX Chris Boswell,,,
4644,5277424466,Lilp7611,0,82.5,CPT Jaylen Warren FLEX DK Metcalf FLEX Denzel Boston FLEX Harold Fannin Jr. FLEX Steelers  FLEX Browns ,,,
4645,5276237649,jisley1,0,82.48,CPT Deshaun Watson FLEX Quinshon Judkins FLEX Denzel Boston FLEX Michael Pittman Jr. FLEX KC Concepcion Jr. FLEX Pat Freiermuth,,,
4645,5276897516,Jeff_walsh,0,82.48,CPT Deshaun Watson FLEX Quinshon Judkins FLEX Denzel Boston FLEX Michael Pittman Jr. FLEX KC Concepcion Jr. FLEX Pat Freiermuth,,,
4647,5275807620,doyourjob123,0,82.47,CPT Harold Fannin Jr. FLEX Jaylen Warren FLEX Deshaun Watson FLEX Quinshon Judkins FLEX Denzel Boston FLEX Travis Homer,,,
4647,5277127914,nnam941,0,82.47,CPT Harold Fannin Jr. FLEX Deshaun Watson FLEX Quinshon Judkins FLEX Denzel Boston FLEX Michael Pittman Jr. FLEX Andre Szmyt,,,
4649,5277380923,zigalar,0,82.42999,CPT Michael Pittman Jr. FLEX Aaron Rodgers FLEX Deshaun Watson FLEX Quinshon Judkins FLEX Pat Freiermuth FLEX Steelers ,,,
4650,5277088277,DonWhite1,0,82.42,CPT Quinshon Judkins FLEX Jaylen Warren FLEX Deshaun Watson FLEX Michael Pittman Jr. FLEX Chris Boswell FLEX Andre Szmyt,,,
4650,5277244977,daddyDollar,0,82.42,CPT Jaylen Warren FLEX Deshaun Watson FLEX DK Metcalf FLEX Denzel Boston FLEX Harold Fannin Jr. FLEX Blake Whiteheart,,,
4650,5277287408,carl33lemur,0,82.42,CPT Jaylen Warren FLEX Deshaun Watson FLEX Harold Fannin Jr. FLEX Chris Boswell FLEX Andre Szmyt FLEX Roman Wilson,,,
4653,5276839997,pittjj95,0,82.4,CPT Jaylen Warren FLEX Quinshon Judkins FLEX Harold Fannin Jr. FLEX Pat Freiermuth FLEX Steelers  FLEX Browns ,,,
4653,5277339198,MrAgony,0,82.399994,CPT Jaylen Warren FLEX Quinshon Judkins FLEX Harold Fannin Jr. FLEX KC Concepcion Jr. FLEX Pat Freiermuth FLEX Raheim Sanders,,,
4655,5275592116,b7385cuen,0,82.37,CPT Denzel Boston FLEX Jaylen Warren FLEX Deshaun Watson FLEX DK Metcalf FLEX Chris Boswell FLEX Browns ,,,
4655,5277286091,kevinreider4,0,82.37,CPT Denzel Boston FLEX Jaylen Warren FLEX Deshaun Watson FLEX DK Metcalf FLEX Chris Boswell FLEX Browns ,,,
4657,5277794472,Chuckb2377,0,82.34,CPT Deshaun Watson FLEX Aaron Rodgers FLEX DK Metcalf FLEX Michael Pittman Jr. FLEX Chris Boswell FLEX Browns ,,,
4658,5277239256,Reggie55,0,82.32,CPT Jaylen Warren FLEX Deshaun Watson FLEX DK Metcalf FLEX Michael Pittman Jr. FLEX Browns  FLEX Andre Szmyt,,,
4659,5275457678,sbill20,0,82.31,CPT Michael Pittman Jr. FLEX Aaron Rodgers FLEX Jaylen Warren FLEX DK Metcalf FLEX Steelers  FLEX Andre Szmyt,,,
4659,5277034592,K1llerBeaZ,0,82.31,CPT Michael Pittman Jr. FLEX Aaron Rodgers FLEX Jaylen Warren FLEX DK Metcalf FLEX Steelers  FLEX Andre Szmyt,,,
4661,5275708988,tjtav,0,82.299995,CPT Jaylen Warren FLEX Quinshon Judkins FLEX Harold Fannin Jr. FLEX Michael Pittman Jr. FLEX KC Concepcion Jr. FLEX Pat Freiermuth,,,
4661,5276637409,rowdydboy,0,82.299995,CPT Jaylen Warren FLEX Quinshon Judkins FLEX Harold Fannin Jr. FLEX Michael Pittman Jr. FLEX KC Concepcion Jr. FLEX Pat Freiermuth,,,
4661,5277752878,cubbie57,0,82.299995,CPT Jaylen Warren FLEX Quinshon Judkins FLEX Harold Fannin Jr. FLEX Michael Pittman Jr. FLEX KC Concepcion Jr. FLEX Pat Freiermuth,,,
4661,5277756721,mattgbpack,0,82.299995,CPT Jaylen Warren FLEX Quinshon Judkins FLEX Harold Fannin Jr. FLEX Michael Pittman Jr. FLEX KC Concepcion Jr. FLEX Pat Freiermuth,,,
4661,5277847728,eldrewk31,0,82.299995,CPT Jaylen Warren FLEX Quinshon Judkins FLEX Harold Fannin Jr. FLEX Michael Pittman Jr. FLEX KC Concepcion Jr. FLEX Pat Freiermuth,,,
4661,5277854973,JaiMoney29,0,82.299995,CPT Jaylen Warren FLEX Quinshon Judkins FLEX Harold Fannin Jr. FLEX Michael Pittman Jr. FLEX KC Concepcion Jr. FLEX Pat Freiermuth,,,
4661,5277860829,Tmassey1227,0,82.299995,CPT Jaylen Warren FLEX Quinshon Judkins FLEX Harold Fannin Jr. FLEX Michael Pittman Jr. FLEX KC Concepcion Jr. FLEX Pat Freiermuth,,,
4668,5275896288,MidwayMonsters2023,0,82.28,CPT Deshaun Watson FLEX Jaylen Warren FLEX Denzel Boston FLEX Harold Fannin Jr. FLEX Pat Freiermuth FLEX Browns ,,,
4668,5276155358,skeetsmcgee,0,82.28,CPT Jaylen Warren FLEX Aaron Rodgers FLEX Deshaun Watson FLEX Denzel Boston FLEX Chris Boswell FLEX Germie Bernard,,,
4668,5276714712,Tarheelz23,0,82.28,CPT Jaylen Warren FLEX Aaron Rodgers FLEX Deshaun Watson FLEX Denzel Boston FLEX Chris Boswell FLEX Germie Bernard,,,
4668,5277025208,bigdust34,0,82.28,CPT Deshaun Watson FLEX Jaylen Warren FLEX Denzel Boston FLEX Harold Fannin Jr. FLEX Pat Freiermuth FLEX Browns ,,,
4668,5277026081,Blakman82,0,82.28,CPT Deshaun Watson FLEX Jaylen Warren FLEX Denzel Boston FLEX Harold Fannin Jr. FLEX Pat Freiermuth FLEX Browns ,,,
4668,5277127394,rdwright00,0,82.28,CPT Deshaun Watson FLEX Jaylen Warren FLEX Denzel Boston FLEX Harold Fannin Jr. FLEX Pat Freiermuth FLEX Browns ,,,
4668,5277227048,egwhiz13,0,82.28,CPT Deshaun Watson FLEX Jaylen Warren FLEX Denzel Boston FLEX Harold Fannin Jr. FLEX Pat Freiermuth FLEX Browns ,,,
4668,5277303453,zanaze,0,82.28,CPT Deshaun Watson FLEX Jaylen Warren FLEX Denzel Boston FLEX Harold Fannin Jr. FLEX Pat Freiermuth FLEX Browns ,,,
4668,5277426344,keep.pounding,0,82.28,CPT Deshaun Watson FLEX Jaylen Warren FLEX Denzel Boston FLEX Harold Fannin Jr. FLEX Pat Freiermuth FLEX Browns ,,,
4668,5277483358,srechter,0,82.28,CPT Deshaun Watson FLEX Jaylen Warren FLEX Denzel Boston FLEX Harold Fannin Jr. FLEX Pat Freiermuth FLEX Browns ,,,
4668,5277619278,gamec0cks,0,82.28,CPT Deshaun Watson FLEX Jaylen Warren FLEX Denzel Boston FLEX Harold Fannin Jr. FLEX Pat Freiermuth FLEX Browns ,,,
4668,5277758265,paxatlanta,0,82.28,CPT Deshaun Watson FLEX Jaylen Warren FLEX Denzel Boston FLEX Harold Fannin Jr. FLEX Pat Freiermuth FLEX Browns ,,,
4680,5275608421,Guardian15,0,82.270004,CPT Harold Fannin Jr. FLEX Jaylen Warren FLEX Deshaun Watson FLEX DK Metcalf FLEX Pat Freiermuth FLEX Chris Boswell,,,
4680,5275741259,Ditzman82,0,82.270004,CPT Denzel Boston FLEX Deshaun Watson FLEX Quinshon Judkins FLEX Harold Fannin Jr. FLEX Pat Freiermuth FLEX Chris Boswell,,,
4680,5276381883,burrag05,0,82.270004,CPT Harold Fannin Jr. FLEX Jaylen Warren FLEX Deshaun Watson FLEX DK Metcalf FLEX Pat Freiermuth FLEX Chris Boswell,,,
4680,5277483858,erik130fe,0,82.270004,CPT Harold Fannin Jr. FLEX Jaylen Warren FLEX Deshaun Watson FLEX DK Metcalf FLEX Pat Freiermuth FLEX Chris Boswell,,,
4680,5277626223,Keiskant5,0,82.270004,CPT Harold Fannin Jr. FLEX Jaylen Warren FLEX Deshaun Watson FLEX DK Metcalf FLEX Pat Freiermuth FLEX Chris Boswell,,,
4680,5277644312,vickieisthebomb,0,82.270004,CPT Harold Fannin Jr. FLEX Jaylen Warren FLEX Deshaun Watson FLEX DK Metcalf FLEX Pat Freiermuth FLEX Chris Boswell,,,
4680,5277823133,kasman13100,0,82.270004,CPT Harold Fannin Jr. FLEX Jaylen Warren FLEX Deshaun Watson FLEX DK Metcalf FLEX Pat Freiermuth FLEX Chris Boswell,,,
4680,5277872148,DoubleZero_JLM,0,82.270004,CPT Harold Fannin Jr. FLEX Jaylen Warren FLEX Deshaun Watson FLEX DK Metcalf FLEX Pat Freiermuth FLEX Chris Boswell,,,
4688,5277016729,erik.haymon,0,82.22,CPT Jaylen Warren FLEX Deshaun Watson FLEX Quinshon Judkins FLEX Harold Fannin Jr. FLEX Chris Boswell FLEX Jerry Jeudy,,,
4688,5277634613,CougarHunters420,0,82.22,CPT Quinshon Judkins FLEX Jaylen Warren FLEX Deshaun Watson FLEX Harold Fannin Jr. FLEX Chris Boswell FLEX Raheim Sanders,,,
4690,5275554704,nava10,0,82.200005,CPT Jaylen Warren FLEX DK Metcalf FLEX Denzel Boston FLEX KC Concepcion Jr. FLEX Steelers  FLEX Browns ,,,
4690,5276164591,madirish76,0,82.200005,CPT Jaylen Warren FLEX DK Metcalf FLEX Denzel Boston FLEX Harold Fannin Jr. FLEX Pat Freiermuth FLEX Chris Boswell,,,
4690,5277146869,payne34,0,82.200005,CPT Jaylen Warren FLEX DK Metcalf FLEX Denzel Boston FLEX Harold Fannin Jr. FLEX Pat Freiermuth FLEX Chris Boswell,,,
4690,5277210543,cywan,0,82.200005,CPT Jaylen Warren FLEX DK Metcalf FLEX Denzel Boston FLEX Harold Fannin Jr. FLEX Pat Freiermuth FLEX Chris Boswell,,,
4690,5277840977,Fishnaked,0,82.200005,CPT Jaylen Warren FLEX DK Metcalf FLEX Denzel Boston FLEX Harold Fannin Jr. FLEX Pat Freiermuth FLEX Chris Boswell,,,
4695,5277207255,CitadelGrad2012,0,82.17,CPT Harold Fannin Jr. FLEX Jaylen Warren FLEX Deshaun Watson FLEX KC Concepcion Jr. FLEX Pat Freiermuth FLEX Andre Szmyt,,,
4695,5277870454,thebailey55,0,82.17,CPT Harold Fannin Jr. FLEX Jaylen Warren FLEX Deshaun Watson FLEX DK Metcalf FLEX Denzel Boston FLEX Ben Skowronek,,,
4697,5277094289,sbcake121,0,82.159996,CPT Chris Boswell FLEX Aaron Rodgers FLEX Jaylen Warren FLEX Denzel Boston FLEX Harold Fannin Jr. FLEX Andre Szmyt,,,
4698,5277424450,elfr300,0,82.13,CPT Michael Pittman Jr. FLEX Aaron Rodgers FLEX Jaylen Warren FLEX Deshaun Watson FLEX Steelers  FLEX Roman Wilson,,,
4698,5277841987,TannehillWithDoubt,0,82.13,CPT Michael Pittman Jr. FLEX Aaron Rodgers FLEX Jaylen Warren FLEX Deshaun Watson FLEX Steelers  FLEX Roman Wilson,,,
4698,5275906716,cfloit,0,82.12999,CPT Harold Fannin Jr. FLEX Aaron Rodgers FLEX Jaylen Warren FLEX Deshaun Watson FLEX Michael Pittman Jr. FLEX Jerry Jeudy,,,
4698,5277803316,yankees8484,0,82.12999,CPT Harold Fannin Jr. FLEX Aaron Rodgers FLEX Jaylen Warren FLEX Deshaun Watson FLEX Michael Pittman Jr. FLEX Jerry Jeudy,,,
4698,5277818131,BGmoneyline10,0,82.12999,CPT Harold Fannin Jr. FLEX Aaron Rodgers FLEX Jaylen Warren FLEX Deshaun Watson FLEX Michael Pittman Jr. FLEX Jerry Jeudy,,,
4703,5277720210,mteam6,0,82.12,CPT Steelers  FLEX Jaylen Warren FLEX Deshaun Watson FLEX DK Metcalf FLEX Harold Fannin Jr. FLEX KC Concepcion Jr.,,,
4703,5277399438,musky311,0,82.119995,CPT Jaylen Warren FLEX Deshaun Watson FLEX DK Metcalf FLEX Harold Fannin Jr. FLEX KC Concepcion Jr. FLEX Isaiah Bond,,,
4705,5276064738,amabrinic,0,82.1,CPT Steelers  FLEX Jaylen Warren FLEX DK Metcalf FLEX Quinshon Judkins FLEX Denzel Boston FLEX Michael Pittman Jr.,,,
4705,5277084658,meanergene,0,82.1,CPT Jaylen Warren FLEX Denzel Boston FLEX Harold Fannin Jr. FLEX Steelers  FLEX Roman Wilson FLEX Darnell Washington,,,
4705,5277234671,edoko18,0,82.1,CPT Steelers  FLEX Jaylen Warren FLEX DK Metcalf FLEX Quinshon Judkins FLEX Denzel Boston FLEX Michael Pittman Jr.,,,
4708,5276880704,footballcop09,0,82.079994,CPT Deshaun Watson FLEX Jaylen Warren FLEX Harold Fannin Jr. FLEX Chris Boswell FLEX Andre Szmyt FLEX Roman Wilson,,,
4708,5276897569,jd.silva,0,82.079994,CPT Deshaun Watson FLEX Jaylen Warren FLEX Harold Fannin Jr. FLEX KC Concepcion Jr. FLEX Browns  FLEX Andre Szmyt,,,
4710,5277415403,UltimateWin4,0,82.03,CPT Harold Fannin Jr. FLEX Aaron Rodgers FLEX Deshaun Watson FLEX Michael Pittman Jr. FLEX KC Concepcion Jr. FLEX Pat Freiermuth,,,
4710,5277622569,Tripsdc,0,82.03,CPT Harold Fannin Jr. FLEX Aaron Rodgers FLEX Deshaun Watson FLEX Michael Pittman Jr. FLEX KC Concepcion Jr. FLEX Pat Freiermuth,,,
4710,5277763761,Chanell718,0,82.03,CPT Harold Fannin Jr. FLEX Aaron Rodgers FLEX Deshaun Watson FLEX Michael Pittman Jr. FLEX KC Concepcion Jr. FLEX Pat Freiermuth,,,
4713,5277228845,NJT714,0,82.020004,CPT Browns  FLEX Jaylen Warren FLEX Deshaun Watson FLEX Quinshon Judkins FLEX Denzel Boston FLEX Michael Pittman Jr.,,,
4713,5277366626,RobFlow,0,82.020004,CPT Browns  FLEX Jaylen Warren FLEX Deshaun Watson FLEX Quinshon Judkins FLEX Denzel Boston FLEX Michael Pittman Jr.,,,
4713,5277790896,TripleDistilled,0,82.020004,CPT Browns  FLEX Jaylen Warren FLEX Deshaun Watson FLEX Quinshon Judkins FLEX Denzel Boston FLEX Michael Pittman Jr.,,,
4716,5277725061,HuskerNTexas,0,82,CPT Jaylen Warren FLEX DK Metcalf FLEX Harold Fannin Jr. FLEX KC Concepcion Jr. FLEX Chris Boswell FLEX Andre Szmyt,,,
4717,5277554268,nlang003,0,81.98,CPT Deshaun Watson FLEX Jaylen Warren FLEX Denzel Boston FLEX KC Concepcion Jr. FLEX Pat Freiermuth FLEX Browns ,,,
4718,5275652120,georgec59,0,81.97,CPT Denzel Boston FLEX Jaylen Warren FLEX Deshaun Watson FLEX Harold Fannin Jr. FLEX KC Concepcion Jr. FLEX Browns ,,,
4718,5276344485,Laylakuf,0,81.97,CPT Denzel Boston FLEX Jaylen Warren FLEX Deshaun Watson FLEX Harold Fannin Jr. FLEX KC Concepcion Jr. FLEX Browns ,,,
4718,5277233719,thefuturecommish,0,81.97,CPT Denzel Boston FLEX Jaylen Warren FLEX Deshaun Watson FLEX Harold Fannin Jr. FLEX KC Concepcion Jr. FLEX Browns ,,,
4718,5277504302,Jhansford92,0,81.97,CPT Denzel Boston FLEX Jaylen Warren FLEX Deshaun Watson FLEX Harold Fannin Jr. FLEX KC Concepcion Jr. FLEX Browns ,,,
4722,5275566818,greennole1,0,81.96,CPT Jaylen Warren FLEX Aaron Rodgers FLEX Denzel Boston FLEX Harold Fannin Jr. FLEX Chris Boswell FLEX Steelers ,,,
4722,5275616230,b_blissful17,0,81.96,CPT Jaylen Warren FLEX Aaron Rodgers FLEX Denzel Boston FLEX Harold Fannin Jr. FLEX Chris Boswell FLEX Steelers ,,,
4722,5275797734,MistbehavinTide,0,81.96,CPT Jaylen Warren FLEX Aaron Rodgers FLEX Denzel Boston FLEX Harold Fannin Jr. FLEX Chris Boswell FLEX Steelers ,,,
4722,5276131753,henny150,0,81.96,CPT Jaylen Warren FLEX Aaron Rodgers FLEX Denzel Boston FLEX Harold Fannin Jr. FLEX Chris Boswell FLEX Steelers ,,,
4722,5276530840,jonsierak,0,81.96,CPT Jaylen Warren FLEX Aaron Rodgers FLEX Denzel Boston FLEX Harold Fannin Jr. FLEX Chris Boswell FLEX Steelers ,,,
4722,5276570527,yourmomma21,0,81.96,CPT Jaylen Warren FLEX Aaron Rodgers FLEX Denzel Boston FLEX Harold Fannin Jr. FLEX Chris Boswell FLEX Steelers ,,,
4722,5276882643,Sammiestar27,0,81.96,CPT Jaylen Warren FLEX Aaron Rodgers FLEX Denzel Boston FLEX Harold Fannin Jr. FLEX Chris Boswell FLEX Steelers ,,,
4722,5277034976,aasbrock,0,81.96,CPT Jaylen Warren FLEX Aaron Rodgers FLEX Denzel Boston FLEX Harold Fannin Jr. FLEX Chris Boswell FLEX Steelers ,,,
4722,5277056323,JWills024,0,81.96,CPT Jaylen Warren FLEX Aaron Rodgers FLEX Denzel Boston FLEX Harold Fannin Jr. FLEX Chris Boswell FLEX Steelers ,,,
4722,5277179659,mbenson73,0,81.96,CPT Jaylen Warren FLEX Aaron Rodgers FLEX Denzel Boston FLEX Harold Fannin Jr. FLEX Chris Boswell FLEX Steelers ,,,
4722,5277251283,moratts,0,81.96,CPT Jaylen Warren FLEX Aaron Rodgers FLEX Denzel Boston FLEX Harold Fannin Jr. FLEX Chris Boswell FLEX Steelers ,,,
4722,5277366059,KCMike60,0,81.96,CPT Aaron Rodgers FLEX Deshaun Watson FLEX Denzel Boston FLEX Michael Pittman Jr. FLEX Pat Freiermuth FLEX Chris Boswell,,,
4722,5277369914,Bray0926,0,81.96,CPT Jaylen Warren FLEX Aaron Rodgers FLEX Denzel Boston FLEX Harold Fannin Jr. FLEX Chris Boswell FLEX Steelers ,,,
4722,5277376631,HurbBurbs,0,81.96,CPT Jaylen Warren FLEX Aaron Rodgers FLEX Denzel Boston FLEX Harold Fannin Jr. FLEX Chris Boswell FLEX Steelers ,,,
4722,5277442042,jdawg1895,0,81.96,CPT Jaylen Warren FLEX Aaron Rodgers FLEX Denzel Boston FLEX Harold Fannin Jr. FLEX Chris Boswell FLEX Steelers ,,,
4722,5277442834,Pootnami,0,81.96,CPT Jaylen Warren FLEX Aaron Rodgers FLEX Denzel Boston FLEX Harold Fannin Jr. FLEX Chris Boswell FLEX Steelers ,,,
4722,5277465926,Tgold,0,81.96,CPT Jaylen Warren FLEX Aaron Rodgers FLEX Denzel Boston FLEX Harold Fannin Jr. FLEX Chris Boswell FLEX Steelers ,,,
4722,5277514671,Cwhitey5,0,81.96,CPT Jaylen Warren FLEX Aaron Rodgers FLEX Denzel Boston FLEX Harold Fannin Jr. FLEX Chris Boswell FLEX Steelers ,,,
4722,5277559490,ChrisCopps33,0,81.96,CPT Jaylen Warren FLEX Aaron Rodgers FLEX Denzel Boston FLEX Harold Fannin Jr. FLEX Chris Boswell FLEX Steelers ,,,
4722,5277577145,dirtyb74,0,81.96,CPT Jaylen Warren FLEX Aaron Rodgers FLEX Denzel Boston FLEX Harold Fannin Jr. FLEX Chris Boswell FLEX Steelers ,,,
4722,5277664844,tlb67,0,81.96,CPT Jaylen Warren FLEX Aaron Rodgers FLEX Denzel Boston FLEX Harold Fannin Jr. FLEX Chris Boswell FLEX Steelers ,,,
4722,5277689630,frasig,0,81.96,CPT Jaylen Warren FLEX Aaron Rodgers FLEX Denzel Boston FLEX Harold Fannin Jr. FLEX Chris Boswell FLEX Steelers ,,,
4722,5277755378,Ed.Martinez,0,81.96,CPT Jaylen Warren FLEX Aaron Rodgers FLEX Denzel Boston FLEX Harold Fannin Jr. FLEX Chris Boswell FLEX Steelers ,,,
4722,5277771294,Vader129,0,81.96,CPT Jaylen Warren FLEX Aaron Rodgers FLEX Denzel Boston FLEX Harold Fannin Jr. FLEX Chris Boswell FLEX Steelers ,,,
4722,5277773458,KennyBooya,0,81.96,CPT Jaylen Warren FLEX Aaron Rodgers FLEX Denzel Boston FLEX Harold Fannin Jr. FLEX Chris Boswell FLEX Steelers ,,,
4722,5277796271,posey_um,0,81.96,CPT Jaylen Warren FLEX Aaron Rodgers FLEX Denzel Boston FLEX Harold Fannin Jr. FLEX Chris Boswell FLEX Steelers ,,,
4722,5277834681,FFmachine,0,81.96,CPT Jaylen Warren FLEX Aaron Rodgers FLEX Denzel Boston FLEX Harold Fannin Jr. FLEX Chris Boswell FLEX Steelers ,,,
4722,5277849592,HelenaPachys1,0,81.96,CPT Jaylen Warren FLEX Aaron Rodgers FLEX Denzel Boston FLEX Harold Fannin Jr. FLEX Chris Boswell FLEX Steelers ,,,
4750,5277766219,SHOOKTRAIN,0,81.939995,CPT Deshaun Watson FLEX Aaron Rodgers FLEX Jaylen Warren FLEX Denzel Boston FLEX Chris Boswell FLEX Germie Bernard,,,
4751,5277041066,sm2147a,0,81.88,CPT Jaylen Warren FLEX Aaron Rodgers FLEX Deshaun Watson FLEX Chris Boswell FLEX Andre Szmyt FLEX Raheim Sanders,,,
4752,5277698652,JustTheTuaUs9,0,81.86,CPT Aaron Rodgers FLEX Deshaun Watson FLEX Chris Boswell FLEX Steelers  FLEX Browns  FLEX Andre Szmyt,,,
4753,5277578517,IronnutsDave,0,81.84,CPT Aaron Rodgers FLEX DK Metcalf FLEX Denzel Boston FLEX Michael Pittman Jr. FLEX Chris Boswell FLEX Steelers ,,,
4754,5277018910,jleemont07,0,81.82001,CPT Chris Boswell FLEX Jaylen Warren FLEX Deshaun Watson FLEX Quinshon Judkins FLEX Harold Fannin Jr. FLEX Andre Szmyt,,,
4754,5277356855,afellini,0,81.82001,CPT Chris Boswell FLEX Jaylen Warren FLEX Deshaun Watson FLEX Quinshon Judkins FLEX Harold Fannin Jr. FLEX Andre Szmyt,,,
4754,5275755525,RRumsfeld,0,81.82,CPT Jaylen Warren FLEX Deshaun Watson FLEX Harold Fannin Jr. FLEX KC Concepcion Jr. FLEX Chris Boswell FLEX Roman Wilson,,,
4754,5276815719,cdmordi16,0,81.82,CPT Jaylen Warren FLEX Deshaun Watson FLEX Harold Fannin Jr. FLEX KC Concepcion Jr. FLEX Chris Boswell FLEX Roman Wilson,,,
4754,5276826335,T-Bird33,0,81.82,CPT Roman Wilson FLEX Jaylen Warren FLEX Deshaun Watson FLEX Harold Fannin Jr. FLEX KC Concepcion Jr. FLEX Raheim Sanders,,,
4759,5277372343,Kinggood77,0,81.78,CPT Steelers  FLEX Aaron Rodgers FLEX Deshaun Watson FLEX Denzel Boston FLEX Browns  FLEX Andre Szmyt,,,
4760,5277612267,Cteezy2983,0,81.770004,CPT Pat Freiermuth FLEX Jaylen Warren FLEX Deshaun Watson FLEX DK Metcalf FLEX Harold Fannin Jr. FLEX Chris Boswell,,,
4761,5276975878,kingbrian83,0,81.759995,CPT Chris Boswell FLEX Aaron Rodgers FLEX Jaylen Warren FLEX Quinshon Judkins FLEX Denzel Boston FLEX Ben Skowronek,,,
4762,5277790135,PizzaSteve,0,81.74,CPT Aaron Rodgers FLEX Quinshon Judkins FLEX Michael Pittman Jr. FLEX Pat Freiermuth FLEX Chris Boswell FLEX Steelers ,,,
4762,5277798438,jrheadhunter,0,81.73999,CPT Aaron Rodgers FLEX Jaylen Warren FLEX Harold Fannin Jr. FLEX Michael Pittman Jr. FLEX KC Concepcion Jr. FLEX Raheim Sanders,,,
4764,5276707382,redskin81,0,81.729996,CPT Michael Pittman Jr. FLEX Aaron Rodgers FLEX Deshaun Watson FLEX Quinshon Judkins FLEX Denzel Boston FLEX Germie Bernard,,,
4765,5277601807,Winnerman123,0,81.72,CPT Jaylen Warren FLEX Deshaun Watson FLEX Quinshon Judkins FLEX Harold Fannin Jr. FLEX Michael Pittman Jr. FLEX Jerry Jeudy,,,
4766,5276944198,MJPSevens7,0,81.71001,CPT Harold Fannin Jr. FLEX Aaron Rodgers FLEX DK Metcalf FLEX Pat Freiermuth FLEX Chris Boswell FLEX Steelers ,,,
4767,5277343385,hopps1124,0,81.68,CPT Deshaun Watson FLEX DK Metcalf FLEX Quinshon Judkins FLEX Michael Pittman Jr. FLEX Pat Freiermuth FLEX Chris Boswell,,,
4768,5277110753,slom,0,81.67,CPT Harold Fannin Jr. FLEX Jaylen Warren FLEX Deshaun Watson FLEX DK Metcalf FLEX Denzel Boston FLEX Isaiah Bond,,,
4768,5277356594,Berniemayne,0,81.67,CPT Harold Fannin Jr. FLEX Jaylen Warren FLEX Deshaun Watson FLEX DK Metcalf FLEX Denzel Boston FLEX Isaiah Bond,,,
4770,5277622376,madcow65,0,81.66,CPT Jaylen Warren FLEX Aaron Rodgers FLEX Denzel Boston FLEX KC Concepcion Jr. FLEX Chris Boswell FLEX Steelers ,,,
4770,5277624674,recreation,0,81.66,CPT Aaron Rodgers FLEX Jaylen Warren FLEX Deshaun Watson FLEX Harold Fannin Jr. FLEX Michael Pittman Jr. FLEX Blake Whiteheart,,,
4772,5277631913,dixieland519,0,81.62999,CPT Harold Fannin Jr. FLEX Aaron Rodgers FLEX Jaylen Warren FLEX Deshaun Watson FLEX Steelers  FLEX Raheim Sanders,,,
4773,5277196186,Bake3376,0,81.62,CPT Browns  FLEX Jaylen Warren FLEX Deshaun Watson FLEX Quinshon Judkins FLEX Chris Boswell FLEX Andre Szmyt,,,
4774,5277330356,arieshunter,0,81.579994,CPT KC Concepcion Jr. FLEX Aaron Rodgers FLEX Jaylen Warren FLEX Deshaun Watson FLEX Chris Boswell FLEX Steelers ,,,
4775,5277288626,sfhc1922,0,81.57,CPT Denzel Boston FLEX Jaylen Warren FLEX Deshaun Watson FLEX Quinshon Judkins FLEX Michael Pittman Jr. FLEX Jerry Jeudy,,,
4776,5277211357,Jager1980,0,81.549995,CPT Denzel Boston FLEX Jaylen Warren FLEX DK Metcalf FLEX Harold Fannin Jr. FLEX KC Concepcion Jr. FLEX Chris Boswell,,,
4777,5276818111,cheesegiez,0,81.520004,CPT Steelers  FLEX Jaylen Warren FLEX Deshaun Watson FLEX Quinshon Judkins FLEX Chris Boswell FLEX Roman Wilson,,,
4778,5276965055,crc505,0,81.47,CPT Denzel Boston FLEX Jaylen Warren FLEX Deshaun Watson FLEX Harold Fannin Jr. FLEX Michael Pittman Jr. FLEX Roman Wilson,,,
4778,5277410674,a4cv1,0,81.47,CPT Denzel Boston FLEX Jaylen Warren FLEX Deshaun Watson FLEX Harold Fannin Jr. FLEX Michael Pittman Jr. FLEX Roman Wilson,,,
4778,5277700041,danniecharania,0,81.47,CPT Denzel Boston FLEX Jaylen Warren FLEX Deshaun Watson FLEX Harold Fannin Jr. FLEX Michael Pittman Jr. FLEX Roman Wilson,,,
4781,5276999352,simeonj,0,81.44,CPT Aaron Rodgers FLEX Jaylen Warren FLEX Harold Fannin Jr. FLEX Michael Pittman Jr. FLEX Pat Freiermuth FLEX Chris Boswell,,,
4781,5277143092,BushWood_2229,0,81.44,CPT Aaron Rodgers FLEX Jaylen Warren FLEX Harold Fannin Jr. FLEX Michael Pittman Jr. FLEX Pat Freiermuth FLEX Chris Boswell,,,
4783,5275890143,sportslife39,0,81.42,CPT Jaylen Warren FLEX Deshaun Watson FLEX Quinshon Judkins FLEX Michael Pittman Jr. FLEX Steelers  FLEX Andre Szmyt,,,
4783,5277441424,scottie332,0,81.42,CPT Jaylen Warren FLEX Deshaun Watson FLEX Quinshon Judkins FLEX Michael Pittman Jr. FLEX Steelers  FLEX Andre Szmyt,,,
4785,5276773133,jsnow14,0,81.41,CPT DK Metcalf FLEX Aaron Rodgers FLEX Denzel Boston FLEX KC Concepcion Jr. FLEX Chris Boswell FLEX Travis Homer,,,
4785,5277030862,calmond21,0,81.409996,CPT Michael Pittman Jr. FLEX Aaron Rodgers FLEX Jaylen Warren FLEX Denzel Boston FLEX Harold Fannin Jr. FLEX Andre Szmyt,,,
4785,5277039325,lango22,0,81.409996,CPT Michael Pittman Jr. FLEX Aaron Rodgers FLEX Jaylen Warren FLEX Denzel Boston FLEX Harold Fannin Jr. FLEX Andre Szmyt,,,
4788,5277344044,SheForbes444,0,81.399994,CPT Steelers  FLEX Jaylen Warren FLEX DK Metcalf FLEX Quinshon Judkins FLEX Harold Fannin Jr. FLEX Chris Boswell,,,
4789,5277655608,BUdropout,0,81.38,CPT Deshaun Watson FLEX Jaylen Warren FLEX Quinshon Judkins FLEX Harold Fannin Jr. FLEX Michael Pittman Jr. FLEX Jerry Jeudy,,,
4790,5275643602,clarkyd08,0,81.369995,CPT Harold Fannin Jr. FLEX Jaylen Warren FLEX Deshaun Watson FLEX Denzel Boston FLEX KC Concepcion Jr. FLEX Browns ,,,
4790,5277153685,Payne77,0,81.369995,CPT Harold Fannin Jr. FLEX Jaylen Warren FLEX Deshaun Watson FLEX Denzel Boston FLEX KC Concepcion Jr. FLEX Browns ,,,
4790,5277698212,sosinmike,0,81.369995,CPT Harold Fannin Jr. FLEX Jaylen Warren FLEX Deshaun Watson FLEX Denzel Boston FLEX Chris Boswell FLEX Roman Wilson,,,
4793,5277550661,Xx_Sewacide_xX,0,81.350006,CPT Pat Freiermuth FLEX Jaylen Warren FLEX Quinshon Judkins FLEX Denzel Boston FLEX Harold Fannin Jr. FLEX Michael Pittman Jr.,,,
4793,5277624621,muckhocksauce,0,81.350006,CPT Pat Freiermuth FLEX Jaylen Warren FLEX Quinshon Judkins FLEX Denzel Boston FLEX Harold Fannin Jr. FLEX Michael Pittman Jr.,,,
4793,5277102739,titanhawks,0,81.35,CPT Michael Pittman Jr. FLEX Jaylen Warren FLEX DK Metcalf FLEX Denzel Boston FLEX Harold Fannin Jr. FLEX Roman Wilson,,,
4793,5276795690,ffbhack,0,81.34999,CPT Harold Fannin Jr. FLEX Jaylen Warren FLEX DK Metcalf FLEX Quinshon Judkins FLEX Michael Pittman Jr. FLEX Raheim Sanders,,,
4797,5277846889,crenn,0,81.329994,CPT Michael Pittman Jr. FLEX Aaron Rodgers FLEX Jaylen Warren FLEX Deshaun Watson FLEX Quinshon Judkins FLEX Blake Whiteheart,,,
4798,5277354356,philsgoood,0,81.32001,CPT Browns  FLEX Jaylen Warren FLEX Deshaun Watson FLEX Quinshon Judkins FLEX Harold Fannin Jr. FLEX Chris Boswell,,,
4798,5277368828,texaschieffan,0,81.32001,CPT Browns  FLEX Jaylen Warren FLEX Deshaun Watson FLEX Quinshon Judkins FLEX Harold Fannin Jr. FLEX Chris Boswell,,,
4798,5277806357,deuce1969,0,81.32001,CPT Browns  FLEX Jaylen Warren FLEX Deshaun Watson FLEX Quinshon Judkins FLEX Harold Fannin Jr. FLEX Chris Boswell,,,
4798,5275891650,kevinbrad06,0,81.32,CPT Jaylen Warren FLEX Deshaun Watson FLEX Quinshon Judkins FLEX KC Concepcion Jr. FLEX Chris Boswell FLEX Steelers ,,,
4798,5276365965,hallitg,0,81.32,CPT Jaylen Warren FLEX Deshaun Watson FLEX Quinshon Judkins FLEX KC Concepcion Jr. FLEX Chris Boswell FLEX Steelers ,,,
4798,5276788727,zwack222,0,81.32,CPT Jaylen Warren FLEX Deshaun Watson FLEX Quinshon Judkins FLEX KC Concepcion Jr. FLEX Chris Boswell FLEX Steelers ,,,
4798,5276965303,chrishoops,0,81.32,CPT Jaylen Warren FLEX Deshaun Watson FLEX Quinshon Judkins FLEX KC Concepcion Jr. FLEX Chris Boswell FLEX Steelers ,,,
4798,5277037031,DTools22,0,81.32,CPT Jaylen Warren FLEX Deshaun Watson FLEX Harold Fannin Jr. FLEX Michael Pittman Jr. FLEX KC Concepcion Jr. FLEX Roman Wilson,,,
4798,5277155529,dmcalez10,0,81.32,CPT Jaylen Warren FLEX Deshaun Watson FLEX Quinshon Judkins FLEX KC Concepcion Jr. FLEX Chris Boswell FLEX Steelers ,,,
4798,5277178399,FoxyGrandpa252,0,81.32,CPT Jaylen Warren FLEX Deshaun Watson FLEX Quinshon Judkins FLEX KC Concepcion Jr. FLEX Chris Boswell FLEX Steelers ,,,
4798,5277194199,brygil,0,81.32,CPT Jaylen Warren FLEX Deshaun Watson FLEX Quinshon Judkins FLEX KC Concepcion Jr. FLEX Chris Boswell FLEX Steelers ,,,
4798,5277355947,m4ch1n3m4n,0,81.32,CPT Jaylen Warren FLEX Deshaun Watson FLEX Quinshon Judkins FLEX KC Concepcion Jr. FLEX Chris Boswell FLEX Steelers ,,,
4798,5277440588,dmoneygoble,0,81.32,CPT Jaylen Warren FLEX Deshaun Watson FLEX Quinshon Judkins FLEX KC Concepcion Jr. FLEX Chris Boswell FLEX Steelers ,,,
4798,5277519127,SaintsClair,0,81.32,CPT Jaylen Warren FLEX Deshaun Watson FLEX Quinshon Judkins FLEX KC Concepcion Jr. FLEX Chris Boswell FLEX Steelers ,,,
4798,5277533451,BamaJones,0,81.32,CPT Jaylen Warren FLEX Deshaun Watson FLEX Quinshon Judkins FLEX KC Concepcion Jr. FLEX Chris Boswell FLEX Steelers ,,,
4798,5277547411,ruhockey,0,81.32,CPT Jaylen Warren FLEX Deshaun Watson FLEX Harold Fannin Jr. FLEX Michael Pittman Jr. FLEX KC Concepcion Jr. FLEX Roman Wilson,,,
4798,5277725979,jpligon75,0,81.32,CPT Jaylen Warren FLEX Deshaun Watson FLEX Quinshon Judkins FLEX KC Concepcion Jr. FLEX Chris Boswell FLEX Steelers ,,,
4815,5276088508,Jetski2014,0,81.28,CPT Deshaun Watson FLEX Quinshon Judkins FLEX Harold Fannin Jr. FLEX Michael Pittman Jr. FLEX KC Concepcion Jr. FLEX Pat Freiermuth,,,
4815,5276801245,UTvictory,0,81.28,CPT Jaylen Warren FLEX Aaron Rodgers FLEX Deshaun Watson FLEX KC Concepcion Jr. FLEX Chris Boswell FLEX Raheim Sanders,,,
4815,5277184064,klb510,0,81.28,CPT Jaylen Warren FLEX Aaron Rodgers FLEX Deshaun Watson FLEX KC Concepcion Jr. FLEX Chris Boswell FLEX Raheim Sanders,,,
4815,5277185430,cordog2878,0,81.28,CPT Jaylen Warren FLEX Aaron Rodgers FLEX Deshaun Watson FLEX Chris Boswell FLEX Steelers  FLEX Browns ,,,
4815,5277831756,scb521,0,81.28,CPT Deshaun Watson FLEX Quinshon Judkins FLEX Harold Fannin Jr. FLEX Michael Pittman Jr. FLEX KC Concepcion Jr. FLEX Pat Freiermuth,,,
4820,5276916043,Hunchdrunk,0,81.270004,CPT Denzel Boston FLEX Jaylen Warren FLEX Deshaun Watson FLEX Harold Fannin Jr. FLEX Pat Freiermuth FLEX Browns ,,,
4820,5277174659,datyoungreezy,0,81.270004,CPT Denzel Boston FLEX Jaylen Warren FLEX Deshaun Watson FLEX Harold Fannin Jr. FLEX Pat Freiermuth FLEX Browns ,,,
4822,5276256997,bull159192,0,81.22,CPT Browns  FLEX Jaylen Warren FLEX Deshaun Watson FLEX DK Metcalf FLEX Steelers  FLEX Darnell Washington,,,
4822,5276950694,ryguyf,0,81.22,CPT Jaylen Warren FLEX Deshaun Watson FLEX Quinshon Judkins FLEX Harold Fannin Jr. FLEX Steelers  FLEX Raheim Sanders,,,
4822,5277424868,mgallagher30,0,81.22,CPT Quinshon Judkins FLEX Jaylen Warren FLEX Deshaun Watson FLEX Harold Fannin Jr. FLEX Michael Pittman Jr. FLEX Germie Bernard,,,
4822,5277762998,tigersam81,0,81.22,CPT Quinshon Judkins FLEX Jaylen Warren FLEX Deshaun Watson FLEX Harold Fannin Jr. FLEX Michael Pittman Jr. FLEX Germie Bernard,,,
4822,5277857079,ssakona28,0,81.22,CPT Chris Boswell FLEX Jaylen Warren FLEX Deshaun Watson FLEX Quinshon Judkins FLEX Harold Fannin Jr. FLEX KC Concepcion Jr.,,,
4827,5275566704,erby7,0,81.18,CPT Deshaun Watson FLEX DK Metcalf FLEX Denzel Boston FLEX Harold Fannin Jr. FLEX Pat Freiermuth FLEX Chris Boswell,,,
4827,5277645353,mr_pipkin,0,81.18,CPT Deshaun Watson FLEX DK Metcalf FLEX Denzel Boston FLEX Harold Fannin Jr. FLEX Pat Freiermuth FLEX Chris Boswell,,,
4827,5277661021,SarahJB6,0,81.18,CPT Deshaun Watson FLEX DK Metcalf FLEX Denzel Boston FLEX Harold Fannin Jr. FLEX Pat Freiermuth FLEX Chris Boswell,,,
4830,5275710759,Bassmaster10217,0,81.17,CPT DK Metcalf FLEX Jaylen Warren FLEX Deshaun Watson FLEX KC Concepcion Jr. FLEX Chris Boswell FLEX Steelers ,,,
4830,5275979208,jaw79,0,81.17,CPT Harold Fannin Jr. FLEX Deshaun Watson FLEX Quinshon Judkins FLEX Denzel Boston FLEX Michael Pittman Jr. FLEX Pat Freiermuth,,,
4830,5277070505,Johnben26,0,81.17,CPT Harold Fannin Jr. FLEX Deshaun Watson FLEX Quinshon Judkins FLEX Denzel Boston FLEX Michael Pittman Jr. FLEX Pat Freiermuth,,,
4830,5277078285,MisterMonkey876,0,81.17,CPT Harold Fannin Jr. FLEX Deshaun Watson FLEX Quinshon Judkins FLEX Denzel Boston FLEX Michael Pittman Jr. FLEX Pat Freiermuth,,,
4830,5277096926,dsmetana7,0,81.17,CPT Denzel Boston FLEX Jaylen Warren FLEX Deshaun Watson FLEX Michael Pittman Jr. FLEX KC Concepcion Jr. FLEX Roman Wilson,,,
4830,5277129919,stevenhenry43211,0,81.17,CPT Harold Fannin Jr. FLEX Deshaun Watson FLEX Quinshon Judkins FLEX Denzel Boston FLEX Michael Pittman Jr. FLEX Pat Freiermuth,,,
4830,5277175446,coachp17,0,81.17,CPT Harold Fannin Jr. FLEX Deshaun Watson FLEX Quinshon Judkins FLEX Denzel Boston FLEX Michael Pittman Jr. FLEX Pat Freiermuth,,,
4830,5277429417,jgee91,0,81.17,CPT Harold Fannin Jr. FLEX Deshaun Watson FLEX Quinshon Judkins FLEX Denzel Boston FLEX Michael Pittman Jr. FLEX Pat Freiermuth,,,
4830,5277699237,red522,0,81.17,CPT Harold Fannin Jr. FLEX Deshaun Watson FLEX Quinshon Judkins FLEX Denzel Boston FLEX Michael Pittman Jr. FLEX Pat Freiermuth,,,
4839,5276246417,freakazoid0,0,81.12,CPT Quinshon Judkins FLEX Jaylen Warren FLEX Deshaun Watson FLEX Michael Pittman Jr. FLEX Pat Freiermuth FLEX Chris Boswell,,,
4839,5277332625,DariaG,0,81.12,CPT Quinshon Judkins FLEX Jaylen Warren FLEX Deshaun Watson FLEX Michael Pittman Jr. FLEX Pat Freiermuth FLEX Chris Boswell,,,
4839,5277688834,aswaim3,0,81.12,CPT Quinshon Judkins FLEX Jaylen Warren FLEX Deshaun Watson FLEX Michael Pittman Jr. FLEX Pat Freiermuth FLEX Chris Boswell,,,
4839,5277773788,Doubleday,0,81.12,CPT Quinshon Judkins FLEX Jaylen Warren FLEX Deshaun Watson FLEX Michael Pittman Jr. FLEX Pat Freiermuth FLEX Chris Boswell,,,
4839,5277772946,MiamiHumidity,0,81.119995,CPT Jaylen Warren FLEX Deshaun Watson FLEX Harold Fannin Jr. FLEX KC Concepcion Jr. FLEX Pat Freiermuth FLEX Browns ,,,
4844,5275898045,TexasTurk,0,81.10999,CPT Michael Pittman Jr. FLEX Aaron Rodgers FLEX Jaylen Warren FLEX Quinshon Judkins FLEX Pat Freiermuth FLEX Chris Boswell,,,
4844,5277452511,hanks101,0,81.10999,CPT Michael Pittman Jr. FLEX Aaron Rodgers FLEX Jaylen Warren FLEX Quinshon Judkins FLEX Pat Freiermuth FLEX Chris Boswell,,,
4844,5277844589,iDrinkLiberalTears,0,81.10999,CPT Michael Pittman Jr. FLEX Aaron Rodgers FLEX Jaylen Warren FLEX Denzel Boston FLEX Harold Fannin Jr. FLEX Darnell Washington,,,
4847,5276870342,aldub51,0,81.079994,CPT Deshaun Watson FLEX Jaylen Warren FLEX Harold Fannin Jr. FLEX KC Concepcion Jr. FLEX Raheim Sanders FLEX Roman Wilson,,,
4847,5276921094,SoCalHusker,0,81.079994,CPT Jaylen Warren FLEX Aaron Rodgers FLEX Deshaun Watson FLEX Harold Fannin Jr. FLEX Chris Boswell FLEX Germie Bernard,,,
4847,5276944446,Trckrdd,0,81.079994,CPT Jaylen Warren FLEX Aaron Rodgers FLEX Deshaun Watson FLEX Harold Fannin Jr. FLEX Chris Boswell FLEX Germie Bernard,,,
4850,5277136928,pons20,0,81.07,CPT DK Metcalf FLEX Jaylen Warren FLEX Deshaun Watson FLEX Harold Fannin Jr. FLEX Steelers  FLEX Raheim Sanders,,,
4851,5275823514,bigbd12,0,81.06,CPT Jaylen Warren FLEX Aaron Rodgers FLEX Harold Fannin Jr. FLEX Chris Boswell FLEX Steelers  FLEX Andre Szmyt,,,
4851,5276780812,msdeelr58,0,81.06,CPT Jaylen Warren FLEX Aaron Rodgers FLEX Harold Fannin Jr. FLEX Chris Boswell FLEX Steelers  FLEX Andre Szmyt,,,
4851,5277231833,Jimmycee9,0,81.06,CPT Aaron Rodgers FLEX Jaylen Warren FLEX Deshaun Watson FLEX Denzel Boston FLEX Blake Whiteheart FLEX Ben Skowronek,,,
4854,5276073645,TheBeaverCommander,0,81.05,CPT Harold Fannin Jr. FLEX Jaylen Warren FLEX DK Metcalf FLEX Denzel Boston FLEX Michael Pittman Jr. FLEX Andre Szmyt,,,
4855,5276487127,Randallgraves94,0,81,CPT Jaylen Warren FLEX DK Metcalf FLEX Harold Fannin Jr. FLEX Chris Boswell FLEX Steelers  FLEX Roman Wilson,,,
4856,5277806037,VinceAnthony1989x,0,80.98,CPT Deshaun Watson FLEX DK Metcalf FLEX Denzel Boston FLEX Michael Pittman Jr. FLEX Pat Freiermuth FLEX Andre Szmyt,,,
4856,5276596808,Meni69,0,80.979996,CPT Browns  FLEX Aaron Rodgers FLEX Deshaun Watson FLEX Denzel Boston FLEX Harold Fannin Jr. FLEX Chris Boswell,,,
4856,5277224858,Hogs_Breath,0,80.979996,CPT Deshaun Watson FLEX Jaylen Warren FLEX Harold Fannin Jr. FLEX Michael Pittman Jr. FLEX KC Concepcion Jr. FLEX Roman Wilson,,,
4859,5275862465,csurunnerccr,0,80.97,CPT Denzel Boston FLEX Jaylen Warren FLEX Deshaun Watson FLEX KC Concepcion Jr. FLEX Pat Freiermuth FLEX Browns ,,,
4859,5277209722,RPcaller,0,80.97,CPT Denzel Boston FLEX Jaylen Warren FLEX Deshaun Watson FLEX DK Metcalf FLEX Harold Fannin Jr. FLEX Travis Homer,,,
4859,5277447864,JoeCool20-16,0,80.97,CPT Harold Fannin Jr. FLEX Jaylen Warren FLEX Deshaun Watson FLEX Denzel Boston FLEX Raheim Sanders FLEX Roman Wilson,,,
4862,5277803385,Jaxen22,0,80.95,CPT Harold Fannin Jr. FLEX Jaylen Warren FLEX DK Metcalf FLEX Denzel Boston FLEX KC Concepcion Jr. FLEX Chris Boswell,,,
4863,5277742493,stevenl57,0,80.939995,CPT Deshaun Watson FLEX Aaron Rodgers FLEX Jaylen Warren FLEX KC Concepcion Jr. FLEX Chris Boswell FLEX Raheim Sanders,,,
4863,5277806575,Birkhead,0,80.939995,CPT Deshaun Watson FLEX Aaron Rodgers FLEX Jaylen Warren FLEX KC Concepcion Jr. FLEX Chris Boswell FLEX Raheim Sanders,,,
4865,5276845260,rayhome,0,80.899994,CPT Steelers  FLEX Jaylen Warren FLEX DK Metcalf FLEX Quinshon Judkins FLEX Harold Fannin Jr. FLEX Michael Pittman Jr.,,,
4865,5277424923,jorr06,0,80.899994,CPT Steelers  FLEX Jaylen Warren FLEX DK Metcalf FLEX Quinshon Judkins FLEX Harold Fannin Jr. FLEX Michael Pittman Jr.,,,
4865,5277753356,jcarrell2010,0,80.899994,CPT Steelers  FLEX Jaylen Warren FLEX DK Metcalf FLEX Quinshon Judkins FLEX Harold Fannin Jr. FLEX Michael Pittman Jr.,,,
4865,5277758289,Jmstultz,0,80.899994,CPT Steelers  FLEX Jaylen Warren FLEX DK Metcalf FLEX Quinshon Judkins FLEX Harold Fannin Jr. FLEX Michael Pittman Jr.,,,
4869,5276919214,TheKflan,0,80.88,CPT Jaylen Warren FLEX Aaron Rodgers FLEX Deshaun Watson FLEX Denzel Boston FLEX Chris Boswell FLEX Ben Skowronek,,,
4870,5275557510,a4owen,0,80.869995,CPT Harold Fannin Jr. FLEX Jaylen Warren FLEX Deshaun Watson FLEX Denzel Boston FLEX Michael Pittman Jr. FLEX Roman Wilson,,,
4870,5276713682,FuriousStyles,0,80.869995,CPT Harold Fannin Jr. FLEX Jaylen Warren FLEX Deshaun Watson FLEX Denzel Boston FLEX Michael Pittman Jr. FLEX Roman Wilson,,,
4870,5276851583,biggramps,0,80.869995,CPT Harold Fannin Jr. FLEX Jaylen Warren FLEX Deshaun Watson FLEX Denzel Boston FLEX Michael Pittman Jr. FLEX Roman Wilson,,,
4870,5276879573,Siberian13,0,80.869995,CPT Harold Fannin Jr. FLEX Jaylen Warren FLEX Deshaun Watson FLEX Denzel Boston FLEX Michael Pittman Jr. FLEX Roman Wilson,,,
4870,5277329603,mav41,0,80.869995,CPT Harold Fannin Jr. FLEX Jaylen Warren FLEX Deshaun Watson FLEX Denzel Boston FLEX Michael Pittman Jr. FLEX Roman Wilson,,,
4870,5277660642,LionsFan311,0,80.869995,CPT Harold Fannin Jr. FLEX Jaylen Warren FLEX Deshaun Watson FLEX Denzel Boston FLEX Michael Pittman Jr. FLEX Roman Wilson,,,
4870,5277751168,Basilar,0,80.869995,CPT Harold Fannin Jr. FLEX Deshaun Watson FLEX DK Metcalf FLEX Denzel Boston FLEX Chris Boswell FLEX Andre Szmyt,,,
4877,5277051421,Psyght,0,80.850006,CPT Pat Freiermuth FLEX Jaylen Warren FLEX DK Metcalf FLEX Harold Fannin Jr. FLEX Steelers  FLEX Andre Szmyt,,,
4878,5276040013,sabercat1,0,80.82001,CPT Browns  FLEX Jaylen Warren FLEX Deshaun Watson FLEX Quinshon Judkins FLEX Harold Fannin Jr. FLEX Michael Pittman Jr.,,,
4878,5277039039,bigwillie20,0,80.82001,CPT Browns  FLEX Jaylen Warren FLEX Deshaun Watson FLEX Quinshon Judkins FLEX Harold Fannin Jr. FLEX Michael Pittman Jr.,,,
4878,5277424864,Youman23,0,80.82001,CPT Browns  FLEX Jaylen Warren FLEX Deshaun Watson FLEX Quinshon Judkins FLEX Harold Fannin Jr. FLEX Michael Pittman Jr.,,,
4878,5277850312,david82165,0,80.82,CPT Jaylen Warren FLEX Deshaun Watson FLEX DK Metcalf FLEX KC Concepcion Jr. FLEX Darnell Washington FLEX Travis Homer,,,
4882,5276505519,lionsroar77,0,80.78,CPT Deshaun Watson FLEX Quinshon Judkins FLEX Denzel Boston FLEX Michael Pittman Jr. FLEX KC Concepcion Jr. FLEX Browns ,,,
4882,5277039059,pat_the_hat2,0,80.78,CPT Deshaun Watson FLEX Quinshon Judkins FLEX Denzel Boston FLEX Michael Pittman Jr. FLEX KC Concepcion Jr. FLEX Browns ,,,
4882,5277098534,Dmerkel1980,0,80.78,CPT Deshaun Watson FLEX DK Metcalf FLEX Denzel Boston FLEX Harold Fannin Jr. FLEX Pat Freiermuth FLEX Raheim Sanders,,,
4885,5277812532,nwojciechowski,0,80.770004,CPT Michael Pittman Jr. FLEX Jaylen Warren FLEX Deshaun Watson FLEX Quinshon Judkins FLEX Harold Fannin Jr. FLEX Darnell Washington,,,
4886,5276181924,JSV123,0,80.76,CPT Jaylen Warren FLEX Aaron Rodgers FLEX Harold Fannin Jr. FLEX Chris Boswell FLEX Steelers  FLEX Darnell Washington,,,
4886,5275537569,Dugex,0,80.759995,CPT Aaron Rodgers FLEX Deshaun Watson FLEX Harold Fannin Jr. FLEX Michael Pittman Jr. FLEX Pat Freiermuth FLEX Chris Boswell,,,
4886,5277804903,Bozmancometh,0,80.759995,CPT Aaron Rodgers FLEX Deshaun Watson FLEX Harold Fannin Jr. FLEX Michael Pittman Jr. FLEX Pat Freiermuth FLEX Chris Boswell,,,
4889,5277765232,rippa76,0,80.74,CPT Aaron Rodgers FLEX DK Metcalf FLEX Harold Fannin Jr. FLEX Chris Boswell FLEX Steelers  FLEX Raheim Sanders,,,
4890,5276868026,reggaeboyz02,0,80.729996,CPT Michael Pittman Jr. FLEX Aaron Rodgers FLEX Jaylen Warren FLEX Deshaun Watson FLEX Browns  FLEX Andre Szmyt,,,
4891,5277777631,pittsburghjohn,0,80.72,CPT Jaylen Warren FLEX Deshaun Watson FLEX Quinshon Judkins FLEX Michael Pittman Jr. FLEX Pat Freiermuth FLEX Jerry Jeudy,,,
4892,5277742841,zdsamuels,0,80.7,CPT Chris Boswell FLEX Jaylen Warren FLEX DK Metcalf FLEX Quinshon Judkins FLEX Steelers  FLEX Andre Szmyt,,,
4893,5277783386,Vandz3,0,80.67,CPT Harold Fannin Jr. FLEX Jaylen Warren FLEX Deshaun Watson FLEX Denzel Boston FLEX Pat Freiermuth FLEX Browns ,,,
4894,5277736226,Donovan19,0,80.659996,CPT Steelers  FLEX Aaron Rodgers FLEX Jaylen Warren FLEX Harold Fannin Jr. FLEX Chris Boswell FLEX Roman Wilson,,,
4895,5277610551,Adamrivera96,0,80.64,CPT Aaron Rodgers FLEX DK Metcalf FLEX Harold Fannin Jr. FLEX Michael Pittman Jr. FLEX Chris Boswell FLEX Steelers ,,,
4896,5277006127,xghvk,0,80.619995,CPT Browns  FLEX Jaylen Warren FLEX Deshaun Watson FLEX Denzel Boston FLEX Harold Fannin Jr. FLEX Andre Szmyt,,,
4896,5277614493,JMilf86,0,80.619995,CPT Chris Boswell FLEX Jaylen Warren FLEX Deshaun Watson FLEX DK Metcalf FLEX Denzel Boston FLEX Darnell Washington,,,
4898,5277060354,WallyKhaleesiBert,0,80.58,CPT Deshaun Watson FLEX Jaylen Warren FLEX Denzel Boston FLEX Harold Fannin Jr. FLEX Steelers  FLEX Andre Szmyt,,,
4898,5277353254,jkuch97,0,80.579994,CPT Deshaun Watson FLEX Jaylen Warren FLEX Denzel Boston FLEX Harold Fannin Jr. FLEX KC Concepcion Jr. FLEX Jerry Jeudy,,,
4898,5277469364,halsteve,0,80.579994,CPT Jaylen Warren FLEX Aaron Rodgers FLEX Deshaun Watson FLEX Pat Freiermuth FLEX Chris Boswell FLEX Raheim Sanders,,,
4898,5277619224,31point,0,80.579994,CPT Deshaun Watson FLEX Jaylen Warren FLEX Denzel Boston FLEX Harold Fannin Jr. FLEX KC Concepcion Jr. FLEX Jerry Jeudy,,,
4902,5277841777,scosho3124,0,80.57,CPT Harold Fannin Jr. FLEX Jaylen Warren FLEX Deshaun Watson FLEX DK Metcalf FLEX Chris Boswell FLEX Browns ,,,
4903,5275634277,cratez1989,0,80.56,CPT Steelers  FLEX Aaron Rodgers FLEX DK Metcalf FLEX Denzel Boston FLEX Harold Fannin Jr. FLEX Michael Pittman Jr.,,,
4903,5277740079,Stuhodg3,0,80.56,CPT Steelers  FLEX Aaron Rodgers FLEX DK Metcalf FLEX Denzel Boston FLEX Harold Fannin Jr. FLEX Michael Pittman Jr.,,,
4905,5276433752,Ibn1031,0,80.53,CPT Pat Freiermuth FLEX Aaron Rodgers FLEX Jaylen Warren FLEX Deshaun Watson FLEX Chris Boswell FLEX Steelers ,,,
4905,5277329091,Texastiddytwister,0,80.52999,CPT Michael Pittman Jr. FLEX Aaron Rodgers FLEX Deshaun Watson FLEX Quinshon Judkins FLEX Harold Fannin Jr. FLEX Germie Bernard,,,
4905,5277622762,PhillyLove21,0,80.52999,CPT Denzel Boston FLEX Aaron Rodgers FLEX Jaylen Warren FLEX Deshaun Watson FLEX Raheim Sanders FLEX Germie Bernard,,,
4908,5276825595,rut99,0,80.52,CPT Steelers  FLEX Jaylen Warren FLEX Deshaun Watson FLEX Denzel Boston FLEX Harold Fannin Jr. FLEX Roman Wilson,,,
4909,5277323026,dirty03,0,80.47,CPT Harold Fannin Jr. FLEX Jaylen Warren FLEX Deshaun Watson FLEX DK Metcalf FLEX Denzel Boston FLEX Blake Whiteheart,,,
4910,5276860231,Sackreligious9,0,80.46,CPT Jaylen Warren FLEX Aaron Rodgers FLEX DK Metcalf FLEX Chris Boswell FLEX Steelers  FLEX Raheim Sanders,,,
4910,5276898146,JRob49,0,80.46,CPT Jaylen Warren FLEX Aaron Rodgers FLEX DK Metcalf FLEX Chris Boswell FLEX Steelers  FLEX Raheim Sanders,,,
4910,5277051010,Dooch,0,80.46,CPT Jaylen Warren FLEX Aaron Rodgers FLEX Denzel Boston FLEX Michael Pittman Jr. FLEX Pat Freiermuth FLEX Steelers ,,,
4910,5277128863,FrankVuocolo,0,80.46,CPT Jaylen Warren FLEX Aaron Rodgers FLEX Harold Fannin Jr. FLEX KC Concepcion Jr. FLEX Chris Boswell FLEX Steelers ,,,
4910,5277713352,bchelski,0,80.46,CPT Jaylen Warren FLEX Aaron Rodgers FLEX Harold Fannin Jr. FLEX KC Concepcion Jr. FLEX Chris Boswell FLEX Steelers ,,,
4910,5277823196,bmmerchant,0,80.46,CPT Jaylen Warren FLEX Aaron Rodgers FLEX KC Concepcion Jr. FLEX Chris Boswell FLEX Steelers  FLEX Darnell Washington,,,
4910,5277827549,peacekeeper34,0,80.46,CPT Jaylen Warren FLEX Aaron Rodgers FLEX Harold Fannin Jr. FLEX KC Concepcion Jr. FLEX Chris Boswell FLEX Steelers ,,,
4917,5277016056,SomeBecker,0,80.42999,CPT Michael Pittman Jr. FLEX Aaron Rodgers FLEX Deshaun Watson FLEX Quinshon Judkins FLEX Pat Freiermuth FLEX Chris Boswell,,,
4918,5277797060,LoLo_g,0,80.4,CPT Browns  FLEX Jaylen Warren FLEX Quinshon Judkins FLEX Harold Fannin Jr. FLEX Steelers  FLEX Andre Szmyt,,,
4918,5277863772,jbkhd77,0,80.4,CPT Jaylen Warren FLEX Denzel Boston FLEX Harold Fannin Jr. FLEX Chris Boswell FLEX Andre Szmyt FLEX Roman Wilson,,,
4920,5275614835,brianbrandon71,0,80.38,CPT Steelers  FLEX Aaron Rodgers FLEX Jaylen Warren FLEX Deshaun Watson FLEX Denzel Boston FLEX Chris Boswell,,,
4920,5275936797,wes333,0,80.38,CPT Steelers  FLEX Aaron Rodgers FLEX Jaylen Warren FLEX Deshaun Watson FLEX Denzel Boston FLEX Chris Boswell,,,
4920,5276461248,MikeCornelison,0,80.38,CPT Steelers  FLEX Aaron Rodgers FLEX Jaylen Warren FLEX Deshaun Watson FLEX Denzel Boston FLEX Chris Boswell,,,
4920,5276533886,shawnblackandgold,0,80.38,CPT Steelers  FLEX Aaron Rodgers FLEX Jaylen Warren FLEX Deshaun Watson FLEX Denzel Boston FLEX Chris Boswell,,,
4920,5276833973,ydoja2,0,80.38,CPT Steelers  FLEX Aaron Rodgers FLEX Jaylen Warren FLEX Deshaun Watson FLEX Denzel Boston FLEX Chris Boswell,,,
4920,5276900256,teubank10,0,80.38,CPT Steelers  FLEX Aaron Rodgers FLEX Jaylen Warren FLEX Deshaun Watson FLEX Denzel Boston FLEX Chris Boswell,,,
4920,5277063905,dference1,0,80.38,CPT Steelers  FLEX Aaron Rodgers FLEX Jaylen Warren FLEX Deshaun Watson FLEX Denzel Boston FLEX Chris Boswell,,,
4920,5277134534,Jammarley13,0,80.38,CPT Steelers  FLEX Aaron Rodgers FLEX Jaylen Warren FLEX Deshaun Watson FLEX Denzel Boston FLEX Chris Boswell,,,
4920,5277495706,cdemars,0,80.38,CPT Steelers  FLEX Aaron Rodgers FLEX Jaylen Warren FLEX Deshaun Watson FLEX Denzel Boston FLEX Chris Boswell,,,
4920,5277637920,SinginCarrie,0,80.38,CPT Steelers  FLEX Aaron Rodgers FLEX Jaylen Warren FLEX Deshaun Watson FLEX Denzel Boston FLEX Chris Boswell,,,
4920,5277695562,RJBenak,0,80.38,CPT Steelers  FLEX Aaron Rodgers FLEX Jaylen Warren FLEX Deshaun Watson FLEX Denzel Boston FLEX Chris Boswell,,,
4920,5277752068,Nflvikings1,0,80.38,CPT Steelers  FLEX Aaron Rodgers FLEX Jaylen Warren FLEX Deshaun Watson FLEX Denzel Boston FLEX Chris Boswell,,,
4920,5277798577,mbs1973,0,80.38,CPT Steelers  FLEX Aaron Rodgers FLEX Jaylen Warren FLEX Deshaun Watson FLEX Denzel Boston FLEX Chris Boswell,,,
4933,5277070579,TheCommish,0,80.37,CPT Denzel Boston FLEX Deshaun Watson FLEX Quinshon Judkins FLEX Michael Pittman Jr. FLEX Browns  FLEX Andre Szmyt,,,
4934,5276482635,padrig_jh,0,80.33,CPT Harold Fannin Jr. FLEX Aaron Rodgers FLEX Deshaun Watson FLEX Michael Pittman Jr. FLEX KC Concepcion Jr. FLEX Browns ,,,
4935,5276617749,Solo301,0,80.3,CPT Jaylen Warren FLEX DK Metcalf FLEX Harold Fannin Jr. FLEX Pat Freiermuth FLEX Steelers  FLEX Browns ,,,
4936,5276081525,BeaztyBoy,0,80.270004,CPT Harold Fannin Jr. FLEX Deshaun Watson FLEX DK Metcalf FLEX Denzel Boston FLEX KC Concepcion Jr. FLEX Chris Boswell,,,
4937,5277035226,mrh2100,0,80.2,CPT Jaylen Warren FLEX DK Metcalf FLEX Harold Fannin Jr. FLEX Michael Pittman Jr. FLEX KC Concepcion Jr. FLEX Pat Freiermuth,,,
4937,5277636627,sh-13,0,80.2,CPT Jaylen Warren FLEX DK Metcalf FLEX Harold Fannin Jr. FLEX Michael Pittman Jr. FLEX KC Concepcion Jr. FLEX Pat Freiermuth,,,
4939,5277747980,EverydayIDo,0,80.17,CPT Harold Fannin Jr. FLEX Jaylen Warren FLEX Deshaun Watson FLEX KC Concepcion Jr. FLEX Browns  FLEX Darnell Washington,,,
4940,5277529531,The_randing0,0,80.149994,CPT Harold Fannin Jr. FLEX Jaylen Warren FLEX Quinshon Judkins FLEX Denzel Boston FLEX Michael Pittman Jr. FLEX Browns ,,,
4941,5276555338,Bertorod2020,0,80.03,CPT Pat Freiermuth FLEX Aaron Rodgers FLEX Jaylen Warren FLEX Deshaun Watson FLEX Michael Pittman Jr. FLEX Steelers ,,,
4942,5277797474,acmostert,0,80.020004,CPT KC Concepcion Jr. FLEX Jaylen Warren FLEX Deshaun Watson FLEX Harold Fannin Jr. FLEX Browns  FLEX Darnell Washington,,,
4943,5277297685,Doughdab,0,80.009995,CPT Harold Fannin Jr. FLEX Aaron Rodgers FLEX Jaylen Warren FLEX Denzel Boston FLEX Chris Boswell FLEX Steelers ,,,
4943,5277412517,bribeck11,0,80.009995,CPT Harold Fannin Jr. FLEX Aaron Rodgers FLEX Jaylen Warren FLEX Denzel Boston FLEX Chris Boswell FLEX Steelers ,,,
4945,5276135567,PinkHub,0,79.979996,CPT Deshaun Watson FLEX DK Metcalf FLEX Harold Fannin Jr. FLEX KC Concepcion Jr. FLEX Steelers  FLEX Browns ,,,
4946,5276332139,jrizzi23,0,79.96,CPT Jaylen Warren FLEX Aaron Rodgers FLEX Harold Fannin Jr. FLEX Michael Pittman Jr. FLEX KC Concepcion Jr. FLEX Steelers ,,,
4946,5276410122,bcihasky,0,79.96,CPT Jaylen Warren FLEX Aaron Rodgers FLEX Harold Fannin Jr. FLEX Michael Pittman Jr. FLEX KC Concepcion Jr. FLEX Steelers ,,,
4946,5276768237,hueyjjones,0,79.96,CPT Jaylen Warren FLEX Aaron Rodgers FLEX Harold Fannin Jr. FLEX Michael Pittman Jr. FLEX KC Concepcion Jr. FLEX Steelers ,,,
4946,5277029204,deaththreat1983,0,79.96,CPT Jaylen Warren FLEX Aaron Rodgers FLEX Harold Fannin Jr. FLEX Michael Pittman Jr. FLEX KC Concepcion Jr. FLEX Steelers ,,,
4946,5277122101,cartman6523,0,79.96,CPT Jaylen Warren FLEX Aaron Rodgers FLEX Harold Fannin Jr. FLEX Michael Pittman Jr. FLEX KC Concepcion Jr. FLEX Steelers ,,,
4946,5277376590,lamberry,0,79.96,CPT Jaylen Warren FLEX Aaron Rodgers FLEX Harold Fannin Jr. FLEX Michael Pittman Jr. FLEX KC Concepcion Jr. FLEX Steelers ,,,
4946,5277428697,fistner10,0,79.96,CPT Jaylen Warren FLEX Aaron Rodgers FLEX Harold Fannin Jr. FLEX Michael Pittman Jr. FLEX KC Concepcion Jr. FLEX Steelers ,,,
4946,5277504329,Belgar16,0,79.96,CPT Jaylen Warren FLEX Aaron Rodgers FLEX Harold Fannin Jr. FLEX Michael Pittman Jr. FLEX KC Concepcion Jr. FLEX Steelers ,,,
4946,5277564141,Kalai0115,0,79.96,CPT Jaylen Warren FLEX Aaron Rodgers FLEX Harold Fannin Jr. FLEX Michael Pittman Jr. FLEX KC Concepcion Jr. FLEX Steelers ,,,
4946,5277783496,Mamasita_84,0,79.96,CPT Jaylen Warren FLEX Aaron Rodgers FLEX Harold Fannin Jr. FLEX Michael Pittman Jr. FLEX KC Concepcion Jr. FLEX Steelers ,,,
4946,5277798708,Pat1282,0,79.96,CPT Jaylen Warren FLEX Aaron Rodgers FLEX Harold Fannin Jr. FLEX Michael Pittman Jr. FLEX KC Concepcion Jr. FLEX Steelers ,,,
4957,5275905391,Hech09,0,79.93,CPT Denzel Boston FLEX Aaron Rodgers FLEX Deshaun Watson FLEX Harold Fannin Jr. FLEX Chris Boswell FLEX Steelers ,,,
4958,5277563149,Lizzie_K,0,79.91,CPT Harold Fannin Jr. FLEX Aaron Rodgers FLEX DK Metcalf FLEX Michael Pittman Jr. FLEX KC Concepcion Jr. FLEX Chris Boswell,,,
4959,5277760824,RoyB1269,0,79.850006,CPT Pat Freiermuth FLEX Jaylen Warren FLEX Quinshon Judkins FLEX Harold Fannin Jr. FLEX Michael Pittman Jr. FLEX KC Concepcion Jr.,,,
4960,5276716276,dominicbasulto,0,79.82,CPT Jaylen Warren FLEX Deshaun Watson FLEX DK Metcalf FLEX Chris Boswell FLEX Steelers  FLEX Andre Szmyt,,,
4961,5277473427,Akinyo84,0,79.81,CPT Michael Pittman Jr. FLEX Aaron Rodgers FLEX Jaylen Warren FLEX Denzel Boston FLEX KC Concepcion Jr. FLEX Pat Freiermuth,,,
4961,5277703583,lipdog4,0,79.81,CPT Michael Pittman Jr. FLEX Aaron Rodgers FLEX Jaylen Warren FLEX Denzel Boston FLEX KC Concepcion Jr. FLEX Pat Freiermuth,,,
4963,5276544636,kennybass065,0,79.76,CPT Jaylen Warren FLEX Aaron Rodgers FLEX Harold Fannin Jr. FLEX Pat Freiermuth FLEX Chris Boswell FLEX Steelers ,,,
4963,5277006267,Zombie333,0,79.76,CPT Jaylen Warren FLEX Aaron Rodgers FLEX Harold Fannin Jr. FLEX Pat Freiermuth FLEX Chris Boswell FLEX Steelers ,,,
4963,5277242892,grantgoupil,0,79.76,CPT Jaylen Warren FLEX Aaron Rodgers FLEX Harold Fannin Jr. FLEX Pat Freiermuth FLEX Chris Boswell FLEX Steelers ,,,
4963,5277762360,Captain_Foamy,0,79.76,CPT Jaylen Warren FLEX Aaron Rodgers FLEX Harold Fannin Jr. FLEX Pat Freiermuth FLEX Chris Boswell FLEX Steelers ,,,
4967,5275702456,MyBoyDash,0,79.75,CPT Harold Fannin Jr. FLEX Jaylen Warren FLEX Quinshon Judkins FLEX Chris Boswell FLEX Browns  FLEX Andre Szmyt,,,
4967,5277323321,chrissyc85,0,79.75,CPT Pat Freiermuth FLEX Jaylen Warren FLEX DK Metcalf FLEX Denzel Boston FLEX Harold Fannin Jr. FLEX Chris Boswell,,,
4969,5276813423,xbigbluemonster,0,79.74,CPT Aaron Rodgers FLEX DK Metcalf FLEX Pat Freiermuth FLEX Chris Boswell FLEX Steelers  FLEX Raheim Sanders,,,
4970,5276744323,Mbarlow,0,79.72,CPT KC Concepcion Jr. FLEX Jaylen Warren FLEX Deshaun Watson FLEX Harold Fannin Jr. FLEX Chris Boswell FLEX Roman Wilson,,,
4970,5277123845,Beatles333,0,79.72,CPT Chris Boswell FLEX Jaylen Warren FLEX Deshaun Watson FLEX DK Metcalf FLEX Harold Fannin Jr. FLEX Andre Szmyt,,,
4972,5276999025,GEOTIS,0,79.700005,CPT Jaylen Warren FLEX DK Metcalf FLEX Denzel Boston FLEX Michael Pittman Jr. FLEX KC Concepcion Jr. FLEX Browns ,,,
4973,5277355641,mitchy531,0,79.68,CPT Deshaun Watson FLEX DK Metcalf FLEX Harold Fannin Jr. FLEX KC Concepcion Jr. FLEX Pat Freiermuth FLEX Chris Boswell,,,
4974,5276735628,Mastodonian,0,79.62999,CPT Harold Fannin Jr. FLEX Aaron Rodgers FLEX Jaylen Warren FLEX Deshaun Watson FLEX Chris Boswell FLEX Raheim Sanders,,,
4975,5275668572,rollsrose513,0,79.62,CPT Jaylen Warren FLEX Deshaun Watson FLEX Denzel Boston FLEX Harold Fannin Jr. FLEX Pat Freiermuth FLEX Steelers ,,,
4975,5275962585,traphus,0,79.62,CPT Jaylen Warren FLEX Deshaun Watson FLEX Denzel Boston FLEX Harold Fannin Jr. FLEX Pat Freiermuth FLEX Steelers ,,,
4975,5276145452,cwunda,0,79.62,CPT Jaylen Warren FLEX Deshaun Watson FLEX Denzel Boston FLEX Harold Fannin Jr. FLEX Pat Freiermuth FLEX Steelers ,,,
4975,5277125083,teamburrito,0,79.62,CPT Jaylen Warren FLEX Deshaun Watson FLEX Denzel Boston FLEX Harold Fannin Jr. FLEX Pat Freiermuth FLEX Steelers ,,,
4975,5277193621,logan7777,0,79.62,CPT Jaylen Warren FLEX Deshaun Watson FLEX Denzel Boston FLEX Harold Fannin Jr. FLEX Pat Freiermuth FLEX Steelers ,,,
4975,5277243908,dcw331,0,79.62,CPT Jaylen Warren FLEX Deshaun Watson FLEX Denzel Boston FLEX Harold Fannin Jr. FLEX Pat Freiermuth FLEX Steelers ,,,
4975,5277286489,bapulliam1,0,79.62,CPT Jaylen Warren FLEX Deshaun Watson FLEX Denzel Boston FLEX Harold Fannin Jr. FLEX Pat Freiermuth FLEX Steelers ,,,
4975,5277347832,warpigs80,0,79.62,CPT Jaylen Warren FLEX Deshaun Watson FLEX Denzel Boston FLEX Harold Fannin Jr. FLEX Pat Freiermuth FLEX Steelers ,,,
4975,5277461939,Bsdj1234,0,79.62,CPT Jaylen Warren FLEX Deshaun Watson FLEX Denzel Boston FLEX Harold Fannin Jr. FLEX Pat Freiermuth FLEX Steelers ,,,
4975,5277511745,KarrosHair,0,79.62,CPT Jaylen Warren FLEX Deshaun Watson FLEX Denzel Boston FLEX Harold Fannin Jr. FLEX Pat Freiermuth FLEX Steelers ,,,
4975,5277561780,CunninStunts,0,79.62,CPT Jaylen Warren FLEX Deshaun Watson FLEX Denzel Boston FLEX Harold Fannin Jr. FLEX Pat Freiermuth FLEX Steelers ,,,
4975,5277624434,eperson911,0,79.62,CPT Jaylen Warren FLEX Deshaun Watson FLEX Denzel Boston FLEX Harold Fannin Jr. FLEX Pat Freiermuth FLEX Steelers ,,,
4975,5277699036,BruceW23,0,79.62,CPT Jaylen Warren FLEX Deshaun Watson FLEX Denzel Boston FLEX Harold Fannin Jr. FLEX Pat Freiermuth FLEX Steelers ,,,
4975,5277827928,jackbaird,0,79.62,CPT Jaylen Warren FLEX Deshaun Watson FLEX Denzel Boston FLEX Harold Fannin Jr. FLEX Pat Freiermuth FLEX Steelers ,,,
4975,5277840616,Schultzy1717,0,79.62,CPT Jaylen Warren FLEX Deshaun Watson FLEX Denzel Boston FLEX Harold Fannin Jr. FLEX Pat Freiermuth FLEX Steelers ,,,
4975,5277849259,feelthezeel,0,79.62,CPT Jaylen Warren FLEX Deshaun Watson FLEX Denzel Boston FLEX Harold Fannin Jr. FLEX Pat Freiermuth FLEX Steelers ,,,
4975,5277851887,miklib,0,79.62,CPT Jaylen Warren FLEX Deshaun Watson FLEX Denzel Boston FLEX Harold Fannin Jr. FLEX Pat Freiermuth FLEX Steelers ,,,
4975,5277852742,bmart0214,0,79.62,CPT Jaylen Warren FLEX Deshaun Watson FLEX Denzel Boston FLEX Harold Fannin Jr. FLEX Pat Freiermuth FLEX Steelers ,,,
4975,5277872343,greener40,0,79.62,CPT Jaylen Warren FLEX Deshaun Watson FLEX Denzel Boston FLEX Harold Fannin Jr. FLEX Pat Freiermuth FLEX Steelers ,,,
4994,5276244452,BWheels2,0,79.579994,CPT Deshaun Watson FLEX Quinshon Judkins FLEX Harold Fannin Jr. FLEX Michael Pittman Jr. FLEX KC Concepcion Jr. FLEX Browns ,,,
4994,5276708740,Sammy.Boy,0,79.579994,CPT Deshaun Watson FLEX Quinshon Judkins FLEX Harold Fannin Jr. FLEX Michael Pittman Jr. FLEX KC Concepcion Jr. FLEX Browns ,,,
4996,5276484075,bieberhole-69,0,79.57,CPT Denzel Boston FLEX Jaylen Warren FLEX Deshaun Watson FLEX Harold Fannin Jr. FLEX KC Concepcion Jr. FLEX Jerry Jeudy,,,
4996,5277120755,FunkyMnky,0,79.57,CPT Denzel Boston FLEX Jaylen Warren FLEX Deshaun Watson FLEX Harold Fannin Jr. FLEX KC Concepcion Jr. FLEX Jerry Jeudy,,,
4996,5277662555,concretewalnut,0,79.57,CPT Harold Fannin Jr. FLEX Deshaun Watson FLEX DK Metcalf FLEX Denzel Boston FLEX Pat Freiermuth FLEX Chris Boswell,,,
4996,5277815095,negri7368,0,79.57,CPT Denzel Boston FLEX Jaylen Warren FLEX Deshaun Watson FLEX Harold Fannin Jr. FLEX Steelers  FLEX Andre Szmyt,,,
5000,5277521418,boogereatingmoron,0,79.479996,CPT Steelers  FLEX Aaron Rodgers FLEX Jaylen Warren FLEX Deshaun Watson FLEX Chris Boswell FLEX Andre Szmyt,,,
5001,5275628787,ChefSeanSaucey,0,79.47,CPT Denzel Boston FLEX Jaylen Warren FLEX Deshaun Watson FLEX DK Metcalf FLEX Michael Pittman Jr. FLEX Jerry Jeudy,,,
5001,5276783003,frankie207,0,79.47,CPT Harold Fannin Jr. FLEX Deshaun Watson FLEX Quinshon Judkins FLEX Denzel Boston FLEX Michael Pittman Jr. FLEX Browns ,,,
5001,5276903154,chevychevalier,0,79.47,CPT Denzel Boston FLEX Jaylen Warren FLEX Deshaun Watson FLEX DK Metcalf FLEX Michael Pittman Jr. FLEX Jerry Jeudy,,,
5004,5277766264,JPME,0,79.46,CPT Jaylen Warren FLEX Aaron Rodgers FLEX KC Concepcion Jr. FLEX Pat Freiermuth FLEX Chris Boswell FLEX Steelers ,,,
5005,5276924397,daviddawdy10,0,79.42,CPT Jaylen Warren FLEX Deshaun Watson FLEX Harold Fannin Jr. FLEX Chris Boswell FLEX Browns  FLEX Roman Wilson,,,
5005,5277597863,krutches93,0,79.42,CPT Jaylen Warren FLEX Deshaun Watson FLEX Harold Fannin Jr. FLEX KC Concepcion Jr. FLEX Steelers  FLEX Andre Szmyt,,,
5005,5277614472,Chefboy_r_b,0,79.42,CPT Jaylen Warren FLEX Deshaun Watson FLEX Harold Fannin Jr. FLEX Chris Boswell FLEX Browns  FLEX Roman Wilson,,,
5008,5275482188,flyyright721,0,79.4,CPT Steelers  FLEX Jaylen Warren FLEX DK Metcalf FLEX Denzel Boston FLEX Harold Fannin Jr. FLEX Pat Freiermuth,,,
5008,5276803386,zehman1972,0,79.4,CPT Andre Szmyt FLEX Jaylen Warren FLEX Quinshon Judkins FLEX Harold Fannin Jr. FLEX Michael Pittman Jr. FLEX Browns ,,,
5008,5277624102,A.G.05,0,79.399994,CPT Chris Boswell FLEX Jaylen Warren FLEX DK Metcalf FLEX Quinshon Judkins FLEX Pat Freiermuth FLEX Steelers ,,,
5011,5276918661,kblamt,0,79.38,CPT Chris Boswell FLEX Aaron Rodgers FLEX Jaylen Warren FLEX Deshaun Watson FLEX Denzel Boston FLEX Steelers ,,,
5011,5277582974,Mobett1,0,79.38,CPT Chris Boswell FLEX Aaron Rodgers FLEX Jaylen Warren FLEX Deshaun Watson FLEX Denzel Boston FLEX Steelers ,,,
5011,5277737444,seezie1,0,79.38,CPT Chris Boswell FLEX Aaron Rodgers FLEX Jaylen Warren FLEX Deshaun Watson FLEX Denzel Boston FLEX Steelers ,,,
5011,5277818846,Bigslick931,0,79.38,CPT Chris Boswell FLEX Aaron Rodgers FLEX Jaylen Warren FLEX Deshaun Watson FLEX Denzel Boston FLEX Steelers ,,,
5015,5277684520,GatorFish1023,0,79.37,CPT Denzel Boston FLEX Deshaun Watson FLEX DK Metcalf FLEX Michael Pittman Jr. FLEX KC Concepcion Jr. FLEX Pat Freiermuth,,,
5016,5276451357,bobbyf,0,79.32,CPT Jaylen Warren FLEX Deshaun Watson FLEX DK Metcalf FLEX Michael Pittman Jr. FLEX KC Concepcion Jr. FLEX Jerry Jeudy,,,
5016,5277260905,Isuzu69,0,79.32,CPT Browns  FLEX Jaylen Warren FLEX Deshaun Watson FLEX Denzel Boston FLEX Harold Fannin Jr. FLEX Pat Freiermuth,,,
5018,5275762176,nicknack1016,0,79.28,CPT Deshaun Watson FLEX Jaylen Warren FLEX Denzel Boston FLEX Harold Fannin Jr. FLEX Pat Freiermuth FLEX Steelers ,,,
5018,5276256485,suei27,0,79.28,CPT Deshaun Watson FLEX Jaylen Warren FLEX Denzel Boston FLEX Harold Fannin Jr. FLEX Pat Freiermuth FLEX Steelers ,,,
5018,5276602462,gilbud99,0,79.28,CPT Deshaun Watson FLEX Jaylen Warren FLEX Denzel Boston FLEX Harold Fannin Jr. FLEX Pat Freiermuth FLEX Steelers ,,,
5018,5277575973,DavidSantiago,0,79.28,CPT Deshaun Watson FLEX Jaylen Warren FLEX Denzel Boston FLEX Harold Fannin Jr. FLEX Pat Freiermuth FLEX Steelers ,,,
5018,5277752019,cornell93,0,79.28,CPT Deshaun Watson FLEX Jaylen Warren FLEX Denzel Boston FLEX Harold Fannin Jr. FLEX Pat Freiermuth FLEX Steelers ,,,
5018,5277857149,ryan383,0,79.28,CPT Deshaun Watson FLEX Jaylen Warren FLEX Denzel Boston FLEX Harold Fannin Jr. FLEX Pat Freiermuth FLEX Steelers ,,,
5024,5276065923,unkydomfreebands,0,79.26,CPT Jaylen Warren FLEX Aaron Rodgers FLEX Harold Fannin Jr. FLEX Michael Pittman Jr. FLEX Pat Freiermuth FLEX Steelers ,,,
5024,5276528077,Hman821,0,79.26,CPT Jaylen Warren FLEX Aaron Rodgers FLEX Harold Fannin Jr. FLEX Michael Pittman Jr. FLEX Pat Freiermuth FLEX Steelers ,,,
5024,5276853566,rrock19,0,79.26,CPT Jaylen Warren FLEX Aaron Rodgers FLEX Harold Fannin Jr. FLEX Michael Pittman Jr. FLEX Pat Freiermuth FLEX Steelers ,,,
5024,5276867422,redsiege,0,79.26,CPT Jaylen Warren FLEX Aaron Rodgers FLEX Harold Fannin Jr. FLEX Michael Pittman Jr. FLEX Pat Freiermuth FLEX Steelers ,,,
5024,5276887403,m_dan12,0,79.26,CPT Jaylen Warren FLEX Aaron Rodgers FLEX Harold Fannin Jr. FLEX Michael Pittman Jr. FLEX Pat Freiermuth FLEX Steelers ,,,
5024,5276913554,Damonri,0,79.26,CPT Jaylen Warren FLEX Aaron Rodgers FLEX Harold Fannin Jr. FLEX Michael Pittman Jr. FLEX Pat Freiermuth FLEX Steelers ,,,
5024,5277293980,jnwallen,0,79.26,CPT Jaylen Warren FLEX Aaron Rodgers FLEX Harold Fannin Jr. FLEX Michael Pittman Jr. FLEX Pat Freiermuth FLEX Steelers ,,,
5024,5277336216,edantoft,0,79.26,CPT Jaylen Warren FLEX Aaron Rodgers FLEX Harold Fannin Jr. FLEX Michael Pittman Jr. FLEX Pat Freiermuth FLEX Steelers ,,,
5024,5277342141,chadybowls,0,79.26,CPT Jaylen Warren FLEX Aaron Rodgers FLEX Harold Fannin Jr. FLEX Michael Pittman Jr. FLEX Pat Freiermuth FLEX Steelers ,,,
5024,5277565633,smitty1084,0,79.26,CPT Jaylen Warren FLEX Aaron Rodgers FLEX Harold Fannin Jr. FLEX Michael Pittman Jr. FLEX Pat Freiermuth FLEX Steelers ,,,
5024,5277613646,cgkxpress,0,79.26,CPT Jaylen Warren FLEX Aaron Rodgers FLEX Harold Fannin Jr. FLEX Michael Pittman Jr. FLEX Pat Freiermuth FLEX Steelers ,,,
5024,5277769435,cancerisbeatable,0,79.26,CPT Jaylen Warren FLEX Aaron Rodgers FLEX Harold Fannin Jr. FLEX Michael Pittman Jr. FLEX Pat Freiermuth FLEX Steelers ,,,
5024,5277825151,dlmurray24,0,79.26,CPT Jaylen Warren FLEX Aaron Rodgers FLEX Harold Fannin Jr. FLEX Michael Pittman Jr. FLEX Pat Freiermuth FLEX Steelers ,,,
5024,5277825355,MOJOSPLAT44,0,79.26,CPT Jaylen Warren FLEX Aaron Rodgers FLEX Harold Fannin Jr. FLEX Michael Pittman Jr. FLEX Pat Freiermuth FLEX Steelers ,,,
5038,5276526511,damionismyname,0,79.25,CPT Pat Freiermuth FLEX Jaylen Warren FLEX DK Metcalf FLEX Denzel Boston FLEX Harold Fannin Jr. FLEX Michael Pittman Jr.,,,
5038,5276813235,Jerrbear420,0,79.25,CPT Pat Freiermuth FLEX Jaylen Warren FLEX DK Metcalf FLEX Denzel Boston FLEX Harold Fannin Jr. FLEX Michael Pittman Jr.,,,
5038,5277238871,HJWVET,0,79.25,CPT Pat Freiermuth FLEX Jaylen Warren FLEX DK Metcalf FLEX Denzel Boston FLEX Harold Fannin Jr. FLEX Michael Pittman Jr.,,,
5041,5277247330,dJacob6,0,79.229996,CPT Michael Pittman Jr. FLEX Aaron Rodgers FLEX Jaylen Warren FLEX Deshaun Watson FLEX DK Metcalf FLEX Blake Whiteheart,,,
5042,5275847185,Lrapp28,0,79.22,CPT Jaylen Warren FLEX Deshaun Watson FLEX DK Metcalf FLEX KC Concepcion Jr. FLEX Chris Boswell FLEX Steelers ,,,
5042,5276100209,JBona78,0,79.22,CPT Jaylen Warren FLEX Deshaun Watson FLEX DK Metcalf FLEX KC Concepcion Jr. FLEX Chris Boswell FLEX Steelers ,,,
5042,5276247772,ppass,0,79.22,CPT Jaylen Warren FLEX Deshaun Watson FLEX DK Metcalf FLEX KC Concepcion Jr. FLEX Chris Boswell FLEX Steelers ,,,
5042,5276867050,EAZY388,0,79.22,CPT Jaylen Warren FLEX Deshaun Watson FLEX DK Metcalf FLEX KC Concepcion Jr. FLEX Chris Boswell FLEX Steelers ,,,
5042,5276926418,rgupta074,0,79.22,CPT Jaylen Warren FLEX Deshaun Watson FLEX DK Metcalf FLEX KC Concepcion Jr. FLEX Chris Boswell FLEX Steelers ,,,
5042,5277139713,katzler,0,79.22,CPT Jaylen Warren FLEX Deshaun Watson FLEX DK Metcalf FLEX KC Concepcion Jr. FLEX Chris Boswell FLEX Steelers ,,,
5042,5277169896,Deeznuts661,0,79.22,CPT Browns  FLEX Jaylen Warren FLEX Deshaun Watson FLEX DK Metcalf FLEX Harold Fannin Jr. FLEX Chris Boswell,,,
5042,5277191131,alexvansoelen,0,79.22,CPT KC Concepcion Jr. FLEX Jaylen Warren FLEX Deshaun Watson FLEX Quinshon Judkins FLEX Chris Boswell FLEX Steelers ,,,
5042,5277353516,bamanationohio,0,79.22,CPT Jaylen Warren FLEX Deshaun Watson FLEX DK Metcalf FLEX KC Concepcion Jr. FLEX Chris Boswell FLEX Steelers ,,,
5042,5277391116,Kip2626,0,79.22,CPT Jaylen Warren FLEX Deshaun Watson FLEX DK Metcalf FLEX KC Concepcion Jr. FLEX Chris Boswell FLEX Steelers ,,,
5042,5277569227,jjones576,0,79.22,CPT Jaylen Warren FLEX Deshaun Watson FLEX DK Metcalf FLEX KC Concepcion Jr. FLEX Chris Boswell FLEX Steelers ,,,
5042,5277614231,Beandude,0,79.22,CPT Jaylen Warren FLEX Deshaun Watson FLEX DK Metcalf FLEX KC Concepcion Jr. FLEX Chris Boswell FLEX Steelers ,,,
5042,5277721510,Ronnoc30,0,79.22,CPT Jaylen Warren FLEX Deshaun Watson FLEX DK Metcalf FLEX KC Concepcion Jr. FLEX Chris Boswell FLEX Steelers ,,,
5042,5277732568,cwilsn,0,79.22,CPT Browns  FLEX Jaylen Warren FLEX Deshaun Watson FLEX DK Metcalf FLEX Harold Fannin Jr. FLEX Chris Boswell,,,
5042,5277825453,onemoretimemx,0,79.22,CPT Jaylen Warren FLEX Deshaun Watson FLEX DK Metcalf FLEX KC Concepcion Jr. FLEX Chris Boswell FLEX Steelers ,,,
5042,5277852238,mchamp23,0,79.22,CPT Jaylen Warren FLEX Deshaun Watson FLEX DK Metcalf FLEX KC Concepcion Jr. FLEX Chris Boswell FLEX Steelers ,,,
5058,5276310395,blawton03,0,79.18,CPT Jaylen Warren FLEX Aaron Rodgers FLEX Deshaun Watson FLEX Harold Fannin Jr. FLEX Michael Pittman Jr. FLEX Ben Skowronek,,,
5058,5277137133,loudogg528,0,79.18,CPT Deshaun Watson FLEX DK Metcalf FLEX Harold Fannin Jr. FLEX Michael Pittman Jr. FLEX KC Concepcion Jr. FLEX Pat Freiermuth,,,
5058,5277247955,Ish99,0,79.18,CPT Deshaun Watson FLEX DK Metcalf FLEX Harold Fannin Jr. FLEX Michael Pittman Jr. FLEX KC Concepcion Jr. FLEX Pat Freiermuth,,,
5058,5277485914,odb800,0,79.18,CPT Jaylen Warren FLEX Aaron Rodgers FLEX Deshaun Watson FLEX Denzel Boston FLEX Chris Boswell FLEX Blake Whiteheart,,,
5058,5275698991,Doug1739,0,79.17999,CPT Steelers  FLEX Aaron Rodgers FLEX Jaylen Warren FLEX Deshaun Watson FLEX Harold Fannin Jr. FLEX Chris Boswell,,,
5058,5276141448,Pasc88,0,79.17999,CPT Steelers  FLEX Aaron Rodgers FLEX Jaylen Warren FLEX Deshaun Watson FLEX Harold Fannin Jr. FLEX Chris Boswell,,,
5058,5276876813,pappaplex,0,79.17999,CPT Steelers  FLEX Aaron Rodgers FLEX Jaylen Warren FLEX Deshaun Watson FLEX Chris Boswell FLEX Darnell Washington,,,
5058,5277047591,NoParticipantTrophy,0,79.17999,CPT Steelers  FLEX Aaron Rodgers FLEX Jaylen Warren FLEX Deshaun Watson FLEX Harold Fannin Jr. FLEX Chris Boswell,,,
5058,5277355672,pwsk77,0,79.17999,CPT Steelers  FLEX Aaron Rodgers FLEX Jaylen Warren FLEX Deshaun Watson FLEX Harold Fannin Jr. FLEX Chris Boswell,,,
5058,5277624946,KingPiccolol,0,79.17999,CPT Steelers  FLEX Aaron Rodgers FLEX Jaylen Warren FLEX Deshaun Watson FLEX Harold Fannin Jr. FLEX Chris Boswell,,,
5058,5277819076,KhansRevenge,0,79.17999,CPT Steelers  FLEX Aaron Rodgers FLEX Jaylen Warren FLEX Deshaun Watson FLEX Harold Fannin Jr. FLEX Chris Boswell,,,
5069,5277789098,jsjs8,0,79.17,CPT Harold Fannin Jr. FLEX Jaylen Warren FLEX Deshaun Watson FLEX Pat Freiermuth FLEX Chris Boswell FLEX Roman Wilson,,,
5070,5277075311,pekopf,0,79.119995,CPT Jaylen Warren FLEX Deshaun Watson FLEX DK Metcalf FLEX Harold Fannin Jr. FLEX Steelers  FLEX Raheim Sanders,,,
5070,5277103410,stanz14,0,79.119995,CPT Jaylen Warren FLEX Deshaun Watson FLEX DK Metcalf FLEX Harold Fannin Jr. FLEX Steelers  FLEX Raheim Sanders,,,
5072,5277834657,pfphater14,0,79.1,CPT Steelers  FLEX Jaylen Warren FLEX Quinshon Judkins FLEX Denzel Boston FLEX Raheim Sanders FLEX Roman Wilson,,,
5073,5277027170,jgjay,0,79.08,CPT Deshaun Watson FLEX Denzel Boston FLEX Harold Fannin Jr. FLEX KC Concepcion Jr. FLEX Browns  FLEX Darnell Washington,,,
5074,5276833134,tscham,0,78.979996,CPT Raheim Sanders FLEX Aaron Rodgers FLEX Deshaun Watson FLEX DK Metcalf FLEX Harold Fannin Jr. FLEX Michael Pittman Jr.,,,
5075,5277504043,djelder,0,78.97,CPT Denzel Boston FLEX Jaylen Warren FLEX Deshaun Watson FLEX Harold Fannin Jr. FLEX KC Concepcion Jr. FLEX Steelers ,,,
5075,5277817878,peezy164,0,78.97,CPT Denzel Boston FLEX Jaylen Warren FLEX Deshaun Watson FLEX Harold Fannin Jr. FLEX KC Concepcion Jr. FLEX Steelers ,,,
5077,5277553472,bionicknee,0,78.96,CPT Jaylen Warren FLEX Aaron Rodgers FLEX Michael Pittman Jr. FLEX KC Concepcion Jr. FLEX Pat Freiermuth FLEX Steelers ,,,
5077,5277571452,Richskin94,0,78.96,CPT Jaylen Warren FLEX Aaron Rodgers FLEX Michael Pittman Jr. FLEX KC Concepcion Jr. FLEX Pat Freiermuth FLEX Steelers ,,,
5079,5276331941,bigpokey0,0,78.92,CPT Jaylen Warren FLEX Deshaun Watson FLEX Denzel Boston FLEX Harold Fannin Jr. FLEX Chris Boswell FLEX Andre Szmyt,,,
5079,5276687442,bipper,0,78.92,CPT Jaylen Warren FLEX Deshaun Watson FLEX Denzel Boston FLEX Harold Fannin Jr. FLEX Chris Boswell FLEX Andre Szmyt,,,
5079,5276757204,Jbone216,0,78.92,CPT Jaylen Warren FLEX Deshaun Watson FLEX Denzel Boston FLEX Harold Fannin Jr. FLEX Chris Boswell FLEX Andre Szmyt,,,
5079,5276870486,alexrsf,0,78.92,CPT Jaylen Warren FLEX Deshaun Watson FLEX Denzel Boston FLEX Harold Fannin Jr. FLEX Chris Boswell FLEX Andre Szmyt,,,
5079,5276896939,KingAlpaca1,0,78.92,CPT Jaylen Warren FLEX Deshaun Watson FLEX Denzel Boston FLEX Harold Fannin Jr. FLEX Chris Boswell FLEX Andre Szmyt,,,
5079,5276951737,phatdaddy96,0,78.92,CPT Jaylen Warren FLEX Deshaun Watson FLEX Denzel Boston FLEX Harold Fannin Jr. FLEX Chris Boswell FLEX Andre Szmyt,,,
5079,5277014260,j11five,0,78.92,CPT Jaylen Warren FLEX Deshaun Watson FLEX Denzel Boston FLEX Harold Fannin Jr. FLEX Chris Boswell FLEX Andre Szmyt,,,
5079,5277108498,dig46dug,0,78.92,CPT Jaylen Warren FLEX Deshaun Watson FLEX Denzel Boston FLEX Harold Fannin Jr. FLEX Chris Boswell FLEX Andre Szmyt,,,
5079,5277190525,myOWNceo,0,78.92,CPT Jaylen Warren FLEX Deshaun Watson FLEX Denzel Boston FLEX Harold Fannin Jr. FLEX Chris Boswell FLEX Andre Szmyt,,,
5079,5277202386,jmehta17,0,78.92,CPT Jaylen Warren FLEX Deshaun Watson FLEX Denzel Boston FLEX Harold Fannin Jr. FLEX Chris Boswell FLEX Andre Szmyt,,,
5079,5277212307,AJSuperman,0,78.92,CPT Jaylen Warren FLEX Deshaun Watson FLEX Denzel Boston FLEX Harold Fannin Jr. FLEX Chris Boswell FLEX Andre Szmyt,,,
5079,5277219965,sc0ttie2h0tti3,0,78.92,CPT Jaylen Warren FLEX Deshaun Watson FLEX Denzel Boston FLEX Harold Fannin Jr. FLEX Chris Boswell FLEX Andre Szmyt,,,
5079,5277221188,ReDrUm1hunnid,0,78.92,CPT Jaylen Warren FLEX Deshaun Watson FLEX Denzel Boston FLEX Harold Fannin Jr. FLEX Chris Boswell FLEX Andre Szmyt,,,
5079,5277592923,ilovemyforte,0,78.92,CPT Jaylen Warren FLEX Deshaun Watson FLEX Denzel Boston FLEX Harold Fannin Jr. FLEX Chris Boswell FLEX Andre Szmyt,,,
5079,5277712772,spencer21490,0,78.92,CPT Jaylen Warren FLEX Deshaun Watson FLEX Denzel Boston FLEX Harold Fannin Jr. FLEX Chris Boswell FLEX Andre Szmyt,,,
5079,5277797180,geecentercity,0,78.92,CPT Jaylen Warren FLEX Deshaun Watson FLEX Denzel Boston FLEX Harold Fannin Jr. FLEX Chris Boswell FLEX Andre Szmyt,,,
5079,5277846953,dysboys,0,78.92,CPT Jaylen Warren FLEX Deshaun Watson FLEX Denzel Boston FLEX Harold Fannin Jr. FLEX Chris Boswell FLEX Andre Szmyt,,,
5096,5277016505,hattrick150,0,78.9,CPT Quinshon Judkins FLEX Jaylen Warren FLEX Michael Pittman Jr. FLEX KC Concepcion Jr. FLEX Chris Boswell FLEX Andre Szmyt,,,
5097,5276338297,SekoSteele,0,78.88,CPT Jaylen Warren FLEX Aaron Rodgers FLEX Deshaun Watson FLEX Michael Pittman Jr. FLEX KC Concepcion Jr. FLEX Ben Skowronek,,,
5097,5277714021,miguelito88,0,78.88,CPT Jaylen Warren FLEX Aaron Rodgers FLEX Deshaun Watson FLEX Chris Boswell FLEX Steelers  FLEX Jerry Jeudy,,,
5097,5277802141,Wildbill196,0,78.88,CPT Deshaun Watson FLEX Jaylen Warren FLEX Quinshon Judkins FLEX Harold Fannin Jr. FLEX Chris Boswell FLEX Raheim Sanders,,,
5100,5277660619,JLO_PAL,0,78.76,CPT Jaylen Warren FLEX Aaron Rodgers FLEX Denzel Boston FLEX Michael Pittman Jr. FLEX Steelers  FLEX Browns ,,,
5101,5275675028,wendyamonroe,0,78.74,CPT Deshaun Watson FLEX Aaron Rodgers FLEX Denzel Boston FLEX Michael Pittman Jr. FLEX Chris Boswell FLEX Andre Szmyt,,,
5102,5277485920,Spank,0,78.67999,CPT KC Concepcion Jr. FLEX Aaron Rodgers FLEX Jaylen Warren FLEX Deshaun Watson FLEX Michael Pittman Jr. FLEX Raheim Sanders,,,
5103,5277096810,GillTicket,0,78.66,CPT Steelers  FLEX Aaron Rodgers FLEX DK Metcalf FLEX Michael Pittman Jr. FLEX Pat Freiermuth FLEX Andre Szmyt,,,
5104,5277161461,Tubesteakbuffet,0,78.62,CPT Jaylen Warren FLEX Deshaun Watson FLEX Denzel Boston FLEX Harold Fannin Jr. FLEX Chris Boswell FLEX Darnell Washington,,,
5104,5277387989,the420mongoose,0,78.619995,CPT Browns  FLEX Deshaun Watson FLEX Quinshon Judkins FLEX Denzel Boston FLEX Harold Fannin Jr. FLEX Chris Boswell,,,
5104,5277698238,McMerton,0,78.619995,CPT Browns  FLEX Deshaun Watson FLEX Quinshon Judkins FLEX Denzel Boston FLEX Harold Fannin Jr. FLEX Chris Boswell,,,
5107,5276230360,wab5008,0,78.60999,CPT Michael Pittman Jr. FLEX Aaron Rodgers FLEX Jaylen Warren FLEX Harold Fannin Jr. FLEX KC Concepcion Jr. FLEX Pat Freiermuth,,,
5107,5277354463,sgtwiggins,0,78.60999,CPT Michael Pittman Jr. FLEX Aaron Rodgers FLEX Jaylen Warren FLEX DK Metcalf FLEX Pat Freiermuth FLEX Raheim Sanders,,,
5109,5277858211,guinness8,0,78.6,CPT Quinshon Judkins FLEX Jaylen Warren FLEX Harold Fannin Jr. FLEX Michael Pittman Jr. FLEX KC Concepcion Jr. FLEX Chris Boswell,,,
5110,5275981496,jimmyb.83159,0,78.58,CPT Deshaun Watson FLEX Jaylen Warren FLEX Denzel Boston FLEX Harold Fannin Jr. FLEX Chris Boswell FLEX Andre Szmyt,,,
5110,5276212736,alankrause,0,78.58,CPT Deshaun Watson FLEX Jaylen Warren FLEX Denzel Boston FLEX Harold Fannin Jr. FLEX Chris Boswell FLEX Andre Szmyt,,,
5110,5276289454,Blanca214,0,78.58,CPT Deshaun Watson FLEX Jaylen Warren FLEX Denzel Boston FLEX Harold Fannin Jr. FLEX Chris Boswell FLEX Andre Szmyt,,,
5110,5276853052,mattmccann,0,78.58,CPT Deshaun Watson FLEX Jaylen Warren FLEX Denzel Boston FLEX Harold Fannin Jr. FLEX Chris Boswell FLEX Andre Szmyt,,,
5110,5276889735,UFHAAS,0,78.58,CPT Deshaun Watson FLEX Jaylen Warren FLEX Denzel Boston FLEX Harold Fannin Jr. FLEX Chris Boswell FLEX Andre Szmyt,,,
5110,5277005879,debborn,0,78.58,CPT Deshaun Watson FLEX Jaylen Warren FLEX Denzel Boston FLEX Harold Fannin Jr. FLEX Chris Boswell FLEX Andre Szmyt,,,
5110,5277572985,mmularik,0,78.58,CPT Deshaun Watson FLEX Jaylen Warren FLEX Denzel Boston FLEX Harold Fannin Jr. FLEX Chris Boswell FLEX Andre Szmyt,,,
5110,5277649858,Rodroddy,0,78.58,CPT Deshaun Watson FLEX Jaylen Warren FLEX Denzel Boston FLEX Harold Fannin Jr. FLEX Chris Boswell FLEX Andre Szmyt,,,
5118,5276975783,sbarboza,0,78.57,CPT Pat Freiermuth FLEX Deshaun Watson FLEX DK Metcalf FLEX Denzel Boston FLEX Harold Fannin Jr. FLEX Michael Pittman Jr.,,,
5119,5277631970,Peteysixteen,0,78.479996,CPT Chris Boswell FLEX Aaron Rodgers FLEX Jaylen Warren FLEX Deshaun Watson FLEX Steelers  FLEX Andre Szmyt,,,
5120,5277303185,dayden,0,78.47,CPT Denzel Boston FLEX Deshaun Watson FLEX DK Metcalf FLEX Harold Fannin Jr. FLEX Chris Boswell FLEX Browns ,,,
5121,5277263645,keithbone,0,78.46,CPT Jaylen Warren FLEX Aaron Rodgers FLEX Denzel Boston FLEX Michael Pittman Jr. FLEX Pat Freiermuth FLEX Chris Boswell,,,
5121,5277286804,muskyjack,0,78.46,CPT Jaylen Warren FLEX Aaron Rodgers FLEX Denzel Boston FLEX Michael Pittman Jr. FLEX Pat Freiermuth FLEX Chris Boswell,,,
5121,5277477099,ILOVEPUCEE,0,78.46,CPT Jaylen Warren FLEX Aaron Rodgers FLEX Denzel Boston FLEX Michael Pittman Jr. FLEX Pat Freiermuth FLEX Chris Boswell,,,
5124,5277653033,M.O.J,0,78.42,CPT Browns  FLEX Deshaun Watson FLEX Quinshon Judkins FLEX Harold Fannin Jr. FLEX Pat Freiermuth FLEX Steelers ,,,
5125,5277858557,Mojosanta,0,78.41,CPT DK Metcalf FLEX Aaron Rodgers FLEX Harold Fannin Jr. FLEX Michael Pittman Jr. FLEX Chris Boswell FLEX Steelers ,,,
5126,5277507186,Like_Mike,0,78.4,CPT Jaylen Warren FLEX Quinshon Judkins FLEX Harold Fannin Jr. FLEX Chris Boswell FLEX Steelers  FLEX Darnell Washington,,,
5127,5276160927,H-Rex,0,78.38,CPT Steelers  FLEX Aaron Rodgers FLEX Jaylen Warren FLEX Deshaun Watson FLEX Michael Pittman Jr. FLEX KC Concepcion Jr.,,,
5127,5276478726,CloseCutCloser,0,78.38,CPT Steelers  FLEX Aaron Rodgers FLEX Jaylen Warren FLEX Deshaun Watson FLEX Michael Pittman Jr. FLEX KC Concepcion Jr.,,,
5127,5276528568,Ballinnowboyz22,0,78.38,CPT Steelers  FLEX Aaron Rodgers FLEX Jaylen Warren FLEX Deshaun Watson FLEX Michael Pittman Jr. FLEX KC Concepcion Jr.,,,
5127,5277137490,BurnsandBears,0,78.38,CPT Steelers  FLEX Aaron Rodgers FLEX Jaylen Warren FLEX Deshaun Watson FLEX Michael Pittman Jr. FLEX KC Concepcion Jr.,,,
5131,5276767957,ssalter,0,78.369995,CPT Harold Fannin Jr. FLEX Jaylen Warren FLEX Deshaun Watson FLEX Denzel Boston FLEX KC Concepcion Jr. FLEX Steelers ,,,
5132,5277412710,harmon2121,0,78.36,CPT Jaylen Warren FLEX Aaron Rodgers FLEX Chris Boswell FLEX Steelers  FLEX Browns  FLEX Andre Szmyt,,,
5132,5277422467,Milzz31,0,78.36,CPT Jaylen Warren FLEX Aaron Rodgers FLEX Chris Boswell FLEX Steelers  FLEX Browns  FLEX Andre Szmyt,,,
5134,5276444359,abovedarim,0,78.35,CPT Harold Fannin Jr. FLEX Jaylen Warren FLEX DK Metcalf FLEX KC Concepcion Jr. FLEX Pat Freiermuth FLEX Raheim Sanders,,,
5135,5277129105,BossHogDaddyDog,0,78.34,CPT Deshaun Watson FLEX Aaron Rodgers FLEX Jaylen Warren FLEX Harold Fannin Jr. FLEX Michael Pittman Jr. FLEX Isaiah Bond,,,
5136,5276397184,tcardaro7644,0,78.270004,CPT Denzel Boston FLEX Jaylen Warren FLEX Deshaun Watson FLEX Harold Fannin Jr. FLEX Pat Freiermuth FLEX Steelers ,,,
5136,5276703788,yoke22,0,78.270004,CPT Harold Fannin Jr. FLEX Deshaun Watson FLEX KC Concepcion Jr. FLEX Pat Freiermuth FLEX Andre Szmyt FLEX Darnell Washington,,,
5136,5276935152,Jesussaves2014,0,78.270004,CPT Denzel Boston FLEX Jaylen Warren FLEX Deshaun Watson FLEX Harold Fannin Jr. FLEX Pat Freiermuth FLEX Steelers ,,,
5136,5277039783,Swerv504,0,78.270004,CPT Denzel Boston FLEX Jaylen Warren FLEX Deshaun Watson FLEX Harold Fannin Jr. FLEX Pat Freiermuth FLEX Steelers ,,,
5136,5276780653,6DaWg2010,0,78.27,CPT Harold Fannin Jr. FLEX Jaylen Warren FLEX Deshaun Watson FLEX Denzel Boston FLEX Pat Freiermuth FLEX Jerry Jeudy,,,
5141,5276015207,SirDutch17,0,78.25,CPT Harold Fannin Jr. FLEX Jaylen Warren FLEX DK Metcalf FLEX Michael Pittman Jr. FLEX KC Concepcion Jr. FLEX Pat Freiermuth,,,
5142,5275685077,Gator-24,0,78.200005,CPT Jaylen Warren FLEX Harold Fannin Jr. FLEX Pat Freiermuth FLEX Chris Boswell FLEX Andre Szmyt FLEX Roman Wilson,,,
5142,5275443036,Radio86,0,78.2,CPT Quinshon Judkins FLEX Jaylen Warren FLEX Harold Fannin Jr. FLEX Michael Pittman Jr. FLEX Steelers  FLEX Browns ,,,
5144,5275439669,dmohl,0,78.17999,CPT Chris Boswell FLEX Aaron Rodgers FLEX Jaylen Warren FLEX Deshaun Watson FLEX Harold Fannin Jr. FLEX Steelers ,,,
5144,5276230585,buttonck,0,78.17999,CPT Chris Boswell FLEX Aaron Rodgers FLEX Jaylen Warren FLEX Deshaun Watson FLEX Harold Fannin Jr. FLEX Steelers ,,,
5144,5276580629,Mrboozer,0,78.17999,CPT Chris Boswell FLEX Aaron Rodgers FLEX Jaylen Warren FLEX Deshaun Watson FLEX Harold Fannin Jr. FLEX Steelers ,,,
5144,5277181119,Hallbsure37,0,78.17999,CPT Chris Boswell FLEX Aaron Rodgers FLEX Jaylen Warren FLEX Deshaun Watson FLEX Harold Fannin Jr. FLEX Steelers ,,,
5144,5277202001,jsyarb,0,78.17999,CPT Chris Boswell FLEX Aaron Rodgers FLEX Jaylen Warren FLEX Deshaun Watson FLEX Harold Fannin Jr. FLEX Steelers ,,,
5144,5277205562,criggs,0,78.17999,CPT Chris Boswell FLEX Aaron Rodgers FLEX Jaylen Warren FLEX Deshaun Watson FLEX Harold Fannin Jr. FLEX Steelers ,,,
5144,5277237551,SmoothButta2786,0,78.17999,CPT Chris Boswell FLEX Aaron Rodgers FLEX Jaylen Warren FLEX Deshaun Watson FLEX Harold Fannin Jr. FLEX Steelers ,,,
5144,5277322600,kleetz98,0,78.17999,CPT Chris Boswell FLEX Aaron Rodgers FLEX Jaylen Warren FLEX Deshaun Watson FLEX Harold Fannin Jr. FLEX Steelers ,,,
5144,5277691248,daniel.quinlan105,0,78.17999,CPT KC Concepcion Jr. FLEX Aaron Rodgers FLEX Jaylen Warren FLEX Deshaun Watson FLEX Michael Pittman Jr. FLEX Germie Bernard,,,
5144,5277711814,badgerfan6318,0,78.17999,CPT Chris Boswell FLEX Aaron Rodgers FLEX Jaylen Warren FLEX Deshaun Watson FLEX Harold Fannin Jr. FLEX Steelers ,,,
5144,5277807869,thissux17,0,78.17999,CPT Chris Boswell FLEX Aaron Rodgers FLEX Jaylen Warren FLEX Deshaun Watson FLEX Harold Fannin Jr. FLEX Steelers ,,,
5155,5276788745,Frocks2005,0,78.12,CPT Jaylen Warren FLEX Deshaun Watson FLEX Denzel Boston FLEX Harold Fannin Jr. FLEX Michael Pittman Jr. FLEX Darnell Washington,,,
5155,5276804888,DNA143,0,78.12,CPT Jaylen Warren FLEX Deshaun Watson FLEX Denzel Boston FLEX Harold Fannin Jr. FLEX Michael Pittman Jr. FLEX Darnell Washington,,,
5155,5276915206,k_romp,0,78.12,CPT Jaylen Warren FLEX Deshaun Watson FLEX Denzel Boston FLEX Harold Fannin Jr. FLEX Michael Pittman Jr. FLEX Darnell Washington,,,
5155,5276947493,eagleeyes5,0,78.12,CPT Jaylen Warren FLEX Deshaun Watson FLEX Denzel Boston FLEX Harold Fannin Jr. FLEX Michael Pittman Jr. FLEX Darnell Washington,,,
5155,5277013246,schuh22,0,78.12,CPT Jaylen Warren FLEX Deshaun Watson FLEX Denzel Boston FLEX Harold Fannin Jr. FLEX Michael Pittman Jr. FLEX Darnell Washington,,,
5155,5277112674,thebury,0,78.12,CPT Jaylen Warren FLEX Deshaun Watson FLEX Denzel Boston FLEX Michael Pittman Jr. FLEX KC Concepcion Jr. FLEX Andre Szmyt,,,
5155,5277116568,mykadad,0,78.12,CPT Jaylen Warren FLEX Deshaun Watson FLEX Denzel Boston FLEX Harold Fannin Jr. FLEX Michael Pittman Jr. FLEX Darnell Washington,,,
5155,5277128431,longhorndavey,0,78.12,CPT Jaylen Warren FLEX Deshaun Watson FLEX Denzel Boston FLEX Harold Fannin Jr. FLEX Michael Pittman Jr. FLEX Darnell Washington,,,
5155,5277259314,fantasy_catastrophe,0,78.12,CPT Jaylen Warren FLEX Deshaun Watson FLEX Denzel Boston FLEX Harold Fannin Jr. FLEX Michael Pittman Jr. FLEX Darnell Washington,,,
5155,5277282492,Goatradamus,0,78.12,CPT Jaylen Warren FLEX Deshaun Watson FLEX Denzel Boston FLEX Harold Fannin Jr. FLEX Michael Pittman Jr. FLEX Darnell Washington,,,
5155,5277283045,Bubbawick,0,78.12,CPT Jaylen Warren FLEX Deshaun Watson FLEX Denzel Boston FLEX Harold Fannin Jr. FLEX Michael Pittman Jr. FLEX Darnell Washington,,,
5155,5277302186,cubmann11,0,78.12,CPT Jaylen Warren FLEX Deshaun Watson FLEX Denzel Boston FLEX Harold Fannin Jr. FLEX Michael Pittman Jr. FLEX Darnell Washington,,,
5155,5277365276,marshallwill1991,0,78.12,CPT Jaylen Warren FLEX Deshaun Watson FLEX Denzel Boston FLEX Harold Fannin Jr. FLEX Michael Pittman Jr. FLEX Darnell Washington,,,
5155,5277370022,kiztulance09,0,78.12,CPT Jaylen Warren FLEX Deshaun Watson FLEX Denzel Boston FLEX Harold Fannin Jr. FLEX Michael Pittman Jr. FLEX Darnell Washington,,,
5155,5277490978,djmcwhorter,0,78.12,CPT Jaylen Warren FLEX Deshaun Watson FLEX Denzel Boston FLEX Harold Fannin Jr. FLEX Michael Pittman Jr. FLEX Darnell Washington,,,
5155,5275694632,cubsfankev,0,78.119995,CPT Jaylen Warren FLEX Deshaun Watson FLEX Harold Fannin Jr. FLEX KC Concepcion Jr. FLEX Pat Freiermuth FLEX Steelers ,,,
5171,5275466185,wdm426,0,78.1,CPT Jaylen Warren FLEX Quinshon Judkins FLEX Denzel Boston FLEX Michael Pittman Jr. FLEX Pat Freiermuth FLEX Steelers ,,,
5171,5276092909,AlbatrossBOS,0,78.1,CPT Jaylen Warren FLEX Quinshon Judkins FLEX Denzel Boston FLEX Michael Pittman Jr. FLEX Pat Freiermuth FLEX Steelers ,,,
5171,5277436010,DawsKelv,0,78.1,CPT Jaylen Warren FLEX Quinshon Judkins FLEX Denzel Boston FLEX Michael Pittman Jr. FLEX Pat Freiermuth FLEX Steelers ,,,
5174,5277799872,TAS6811,0,78.07,CPT Denzel Boston FLEX Jaylen Warren FLEX Deshaun Watson FLEX Quinshon Judkins FLEX Michael Pittman Jr. FLEX Germie Bernard,,,
5175,5277640815,mathewgilson,0,78.02999,CPT Michael Pittman Jr. FLEX Aaron Rodgers FLEX Jaylen Warren FLEX Deshaun Watson FLEX Harold Fannin Jr. FLEX Jerry Jeudy,,,
5176,5276752429,PHIZZLE39631,0,78.02,CPT Roman Wilson FLEX Jaylen Warren FLEX Deshaun Watson FLEX Denzel Boston FLEX Chris Boswell FLEX Steelers ,,,
5177,5277253969,ninernhomes,0,77.97,CPT Denzel Boston FLEX Deshaun Watson FLEX DK Metcalf FLEX Harold Fannin Jr. FLEX Michael Pittman Jr. FLEX Browns ,,,
5178,5275719308,funkycole5844,0,77.92,CPT Jaylen Warren FLEX Deshaun Watson FLEX Denzel Boston FLEX Harold Fannin Jr. FLEX Steelers  FLEX Browns ,,,
5178,5276084903,Mark730,0,77.92,CPT Jaylen Warren FLEX Deshaun Watson FLEX Denzel Boston FLEX Harold Fannin Jr. FLEX Steelers  FLEX Browns ,,,
5178,5276743733,mknob87,0,77.92,CPT Jaylen Warren FLEX Deshaun Watson FLEX Denzel Boston FLEX Harold Fannin Jr. FLEX KC Concepcion Jr. FLEX Raheim Sanders,,,
5178,5277240078,pwit13,0,77.92,CPT Jaylen Warren FLEX Deshaun Watson FLEX Denzel Boston FLEX Harold Fannin Jr. FLEX Steelers  FLEX Browns ,,,
5178,5277351931,philnchristine,0,77.92,CPT Jaylen Warren FLEX Deshaun Watson FLEX Denzel Boston FLEX Harold Fannin Jr. FLEX Steelers  FLEX Browns ,,,
5178,5277453682,bpiron,0,77.92,CPT Jaylen Warren FLEX Deshaun Watson FLEX Denzel Boston FLEX Harold Fannin Jr. FLEX KC Concepcion Jr. FLEX Raheim Sanders,,,
5178,5277463945,Lloydo9,0,77.92,CPT Jaylen Warren FLEX Deshaun Watson FLEX Denzel Boston FLEX Harold Fannin Jr. FLEX KC Concepcion Jr. FLEX Raheim Sanders,,,
5178,5277556728,mciama2000,0,77.92,CPT Jaylen Warren FLEX Deshaun Watson FLEX Denzel Boston FLEX Harold Fannin Jr. FLEX Steelers  FLEX Browns ,,,
5186,5276568587,thunder5,0,77.88,CPT Deshaun Watson FLEX Jaylen Warren FLEX Denzel Boston FLEX Harold Fannin Jr. FLEX Raheim Sanders FLEX Darnell Washington,,,
5187,5277793441,nc36,0,77.86,CPT KC Concepcion Jr. FLEX Aaron Rodgers FLEX Jaylen Warren FLEX Harold Fannin Jr. FLEX Michael Pittman Jr. FLEX Steelers ,,,
5188,5277181039,nrkaul,0,77.84,CPT Aaron Rodgers FLEX Michael Pittman Jr. FLEX Pat Freiermuth FLEX Chris Boswell FLEX Andre Szmyt FLEX Darnell Washington,,,
5188,5277802358,15matt,0,77.84,CPT Aaron Rodgers FLEX DK Metcalf FLEX Denzel Boston FLEX Michael Pittman Jr. FLEX Mason Rudolph FLEX Steelers ,,,
5190,5277138265,etrigg63,0,77.81,CPT Denzel Boston FLEX Aaron Rodgers FLEX Jaylen Warren FLEX Michael Pittman Jr. FLEX KC Concepcion Jr. FLEX Chris Boswell,,,
5190,5277838795,ThemPABoys,0,77.81,CPT Denzel Boston FLEX Aaron Rodgers FLEX Jaylen Warren FLEX Michael Pittman Jr. FLEX KC Concepcion Jr. FLEX Chris Boswell,,,
5192,5276279731,winstonwahoos,0,77.799995,CPT KC Concepcion Jr. FLEX Jaylen Warren FLEX DK Metcalf FLEX Quinshon Judkins FLEX Chris Boswell FLEX Blake Whiteheart,,,
5193,5276402373,smiley81,0,77.78,CPT Deshaun Watson FLEX Jaylen Warren FLEX Denzel Boston FLEX Harold Fannin Jr. FLEX Michael Pittman Jr. FLEX Darnell Washington,,,
5193,5277544418,MasterLaster,0,77.78,CPT Deshaun Watson FLEX Jaylen Warren FLEX Denzel Boston FLEX Harold Fannin Jr. FLEX Michael Pittman Jr. FLEX Darnell Washington,,,
5193,5277785995,KingDean59,0,77.78,CPT Deshaun Watson FLEX Jaylen Warren FLEX Denzel Boston FLEX Harold Fannin Jr. FLEX Michael Pittman Jr. FLEX Darnell Washington,,,
5196,5276996782,flako27,0,77.75,CPT Michael Pittman Jr. FLEX Jaylen Warren FLEX Quinshon Judkins FLEX Denzel Boston FLEX Harold Fannin Jr. FLEX Pat Freiermuth,,,
5196,5277010394,REBEBIS,0,77.75,CPT Denzel Boston FLEX Jaylen Warren FLEX Quinshon Judkins FLEX Harold Fannin Jr. FLEX Michael Pittman Jr. FLEX Steelers ,,,
5196,5277750908,Riddler69,0,77.75,CPT Michael Pittman Jr. FLEX Jaylen Warren FLEX Quinshon Judkins FLEX Denzel Boston FLEX Harold Fannin Jr. FLEX Pat Freiermuth,,,
5196,5277820997,DreRich,0,77.75,CPT Harold Fannin Jr. FLEX Quinshon Judkins FLEX Denzel Boston FLEX KC Concepcion Jr. FLEX Pat Freiermuth FLEX Raheim Sanders,,,
5196,5277860467,Monstars8891,0,77.75,CPT Michael Pittman Jr. FLEX Jaylen Warren FLEX Quinshon Judkins FLEX Denzel Boston FLEX Harold Fannin Jr. FLEX Pat Freiermuth,,,
5201,5275861595,kswanny1,0,77.72,CPT Jaylen Warren FLEX Deshaun Watson FLEX Harold Fannin Jr. FLEX Chris Boswell FLEX Andre Szmyt FLEX Darnell Washington,,,
5201,5276360278,jjerome411,0,77.72,CPT Jaylen Warren FLEX Deshaun Watson FLEX Harold Fannin Jr. FLEX Chris Boswell FLEX Andre Szmyt FLEX Darnell Washington,,,
5203,5277012529,NHHFC,0,77.7,CPT Browns  FLEX Jaylen Warren FLEX DK Metcalf FLEX Quinshon Judkins FLEX Michael Pittman Jr. FLEX Chris Boswell,,,
5204,5277120649,rams420,0,77.67,CPT Harold Fannin Jr. FLEX Jaylen Warren FLEX Deshaun Watson FLEX Denzel Boston FLEX Pat Freiermuth FLEX Steelers ,,,
5204,5277539417,lfoster4,0,77.67,CPT Harold Fannin Jr. FLEX Jaylen Warren FLEX Deshaun Watson FLEX Denzel Boston FLEX Pat Freiermuth FLEX Steelers ,,,
5204,5277785119,jswiggs,0,77.67,CPT Harold Fannin Jr. FLEX Jaylen Warren FLEX Deshaun Watson FLEX Denzel Boston FLEX Pat Freiermuth FLEX Steelers ,,,
5207,5277627343,wildguy1,0,77.64,CPT Aaron Rodgers FLEX Jaylen Warren FLEX Harold Fannin Jr. FLEX KC Concepcion Jr. FLEX Germie Bernard FLEX Travis Homer,,,
5207,5277672789,mandoo28,0,77.64,CPT Aaron Rodgers FLEX Pat Freiermuth FLEX Chris Boswell FLEX Steelers  FLEX Browns  FLEX Andre Szmyt,,,
5209,5275424095,spundin,0,77.62,CPT Jaylen Warren FLEX Deshaun Watson FLEX Denzel Boston FLEX Harold Fannin Jr. FLEX Pat Freiermuth FLEX Chris Boswell,,,
5209,5275456395,wallyboa,0,77.62,CPT Jaylen Warren FLEX Deshaun Watson FLEX Denzel Boston FLEX Harold Fannin Jr. FLEX Pat Freiermuth FLEX Chris Boswell,,,
5209,5275495425,uncle_wheels1,0,77.62,CPT Jaylen Warren FLEX Deshaun Watson FLEX Denzel Boston FLEX Harold Fannin Jr. FLEX Pat Freiermuth FLEX Chris Boswell,,,
5209,5275682946,sean85837,0,77.62,CPT Jaylen Warren FLEX Deshaun Watson FLEX Denzel Boston FLEX Harold Fannin Jr. FLEX Pat Freiermuth FLEX Chris Boswell,,,
5209,5275892007,Fly_Like_an_Eagle,0,77.62,CPT Jaylen Warren FLEX Deshaun Watson FLEX Denzel Boston FLEX Harold Fannin Jr. FLEX Pat Freiermuth FLEX Chris Boswell,,,
5209,5276019503,jimdavistx,0,77.62,CPT Jaylen Warren FLEX Deshaun Watson FLEX Denzel Boston FLEX Harold Fannin Jr. FLEX Pat Freiermuth FLEX Chris Boswell,,,
5209,5276079680,atg19,0,77.62,CPT Jaylen Warren FLEX Deshaun Watson FLEX Denzel Boston FLEX Harold Fannin Jr. FLEX Pat Freiermuth FLEX Chris Boswell,,,
5209,5276085790,roesnems,0,77.62,CPT Jaylen Warren FLEX Deshaun Watson FLEX Denzel Boston FLEX Harold Fannin Jr. FLEX Pat Freiermuth FLEX Chris Boswell,,,
5209,5276103486,brophy5,0,77.62,CPT Jaylen Warren FLEX Deshaun Watson FLEX Denzel Boston FLEX Harold Fannin Jr. FLEX Pat Freiermuth FLEX Chris Boswell,,,
5209,5276204702,ElSlappo,0,77.62,CPT Jaylen Warren FLEX Deshaun Watson FLEX Denzel Boston FLEX Harold Fannin Jr. FLEX Pat Freiermuth FLEX Chris Boswell,,,
5209,5276225560,codyjanysek,0,77.62,CPT Jaylen Warren FLEX Deshaun Watson FLEX Denzel Boston FLEX Harold Fannin Jr. FLEX Pat Freiermuth FLEX Chris Boswell,,,
5209,5276247773,frisbeediver,0,77.62,CPT Jaylen Warren FLEX Deshaun Watson FLEX Denzel Boston FLEX Harold Fannin Jr. FLEX Pat Freiermuth FLEX Chris Boswell,,,
5209,5276337005,GSHStaleys,0,77.62,CPT Jaylen Warren FLEX Deshaun Watson FLEX Denzel Boston FLEX Harold Fannin Jr. FLEX Pat Freiermuth FLEX Chris Boswell,,,
5209,5276402166,SmokeUms216,0,77.62,CPT Jaylen Warren FLEX Deshaun Watson FLEX Denzel Boston FLEX Harold Fannin Jr. FLEX Pat Freiermuth FLEX Chris Boswell,,,
5209,5276587075,TeddyBearTerri,0,77.62,CPT Jaylen Warren FLEX Deshaun Watson FLEX Denzel Boston FLEX Harold Fannin Jr. FLEX Pat Freiermuth FLEX Chris Boswell,,,
5209,5276766482,felixmehrabian,0,77.62,CPT Jaylen Warren FLEX Deshaun Watson FLEX Denzel Boston FLEX Harold Fannin Jr. FLEX Pat Freiermuth FLEX Chris Boswell,,,
5209,5276808009,overdueBills11,0,77.62,CPT Jaylen Warren FLEX Deshaun Watson FLEX Denzel Boston FLEX Harold Fannin Jr. FLEX Pat Freiermuth FLEX Chris Boswell,,,
5209,5276852189,LLJLGpa,0,77.62,CPT Jaylen Warren FLEX Deshaun Watson FLEX Denzel Boston FLEX Harold Fannin Jr. FLEX Pat Freiermuth FLEX Chris Boswell,,,
5209,5276882691,hookembookem,0,77.62,CPT Jaylen Warren FLEX Deshaun Watson FLEX Denzel Boston FLEX Harold Fannin Jr. FLEX Pat Freiermuth FLEX Chris Boswell,,,
5209,5276892415,MarvelousD,0,77.62,CPT Jaylen Warren FLEX Deshaun Watson FLEX Denzel Boston FLEX Harold Fannin Jr. FLEX Pat Freiermuth FLEX Chris Boswell,,,
5209,5276898866,wuguru,0,77.62,CPT Jaylen Warren FLEX Deshaun Watson FLEX Denzel Boston FLEX Harold Fannin Jr. FLEX Pat Freiermuth FLEX Chris Boswell,,,
5209,5276936460,rbrickman8,0,77.62,CPT Jaylen Warren FLEX Deshaun Watson FLEX Denzel Boston FLEX Harold Fannin Jr. FLEX Pat Freiermuth FLEX Chris Boswell,,,
5209,5276979143,12s1st,0,77.62,CPT Jaylen Warren FLEX Deshaun Watson FLEX Denzel Boston FLEX Harold Fannin Jr. FLEX Pat Freiermuth FLEX Chris Boswell,,,
5209,5277019524,rypic13,0,77.62,CPT Jaylen Warren FLEX Deshaun Watson FLEX Denzel Boston FLEX Harold Fannin Jr. FLEX Pat Freiermuth FLEX Chris Boswell,,,
5209,5277034003,jokerdpo,0,77.62,CPT Jaylen Warren FLEX Deshaun Watson FLEX Denzel Boston FLEX Harold Fannin Jr. FLEX Pat Freiermuth FLEX Chris Boswell,,,
5209,5277099512,maestrobobcobb,0,77.62,CPT Jaylen Warren FLEX Deshaun Watson FLEX Denzel Boston FLEX Harold Fannin Jr. FLEX Pat Freiermuth FLEX Chris Boswell,,,
5209,5277127144,ollie65,0,77.62,CPT Jaylen Warren FLEX Deshaun Watson FLEX Denzel Boston FLEX Harold Fannin Jr. FLEX Pat Freiermuth FLEX Chris Boswell,,,
5209,5277137043,cdoe,0,77.62,CPT Jaylen Warren FLEX Deshaun Watson FLEX Denzel Boston FLEX Harold Fannin Jr. FLEX Pat Freiermuth FLEX Chris Boswell,,,
5209,5277172488,sashka1985,0,77.62,CPT Jaylen Warren FLEX Deshaun Watson FLEX Denzel Boston FLEX Harold Fannin Jr. FLEX Pat Freiermuth FLEX Chris Boswell,,,
5209,5277211386,PackRBack,0,77.62,CPT Jaylen Warren FLEX Deshaun Watson FLEX Denzel Boston FLEX Harold Fannin Jr. FLEX Pat Freiermuth FLEX Chris Boswell,,,
5209,5277252002,brodyvegas,0,77.62,CPT Jaylen Warren FLEX Deshaun Watson FLEX Denzel Boston FLEX Harold Fannin Jr. FLEX Pat Freiermuth FLEX Chris Boswell,,,
5209,5277286773,NOSAJ8012,0,77.62,CPT Jaylen Warren FLEX Deshaun Watson FLEX Denzel Boston FLEX Harold Fannin Jr. FLEX Pat Freiermuth FLEX Chris Boswell,,,
5209,5277372265,JakeEdler,0,77.62,CPT Jaylen Warren FLEX Deshaun Watson FLEX Denzel Boston FLEX Harold Fannin Jr. FLEX Pat Freiermuth FLEX Chris Boswell,,,
5209,5277378218,dirtyred718,0,77.62,CPT Jaylen Warren FLEX Deshaun Watson FLEX Denzel Boston FLEX Harold Fannin Jr. FLEX Pat Freiermuth FLEX Chris Boswell,,,
5209,5277383937,luckyrez30,0,77.62,CPT Jaylen Warren FLEX Deshaun Watson FLEX Denzel Boston FLEX Harold Fannin Jr. FLEX Pat Freiermuth FLEX Chris Boswell,,,
5209,5277411358,Tamrac,0,77.62,CPT Jaylen Warren FLEX Deshaun Watson FLEX Denzel Boston FLEX Harold Fannin Jr. FLEX Pat Freiermuth FLEX Chris Boswell,,,
5209,5277422478,Sporin,0,77.62,CPT Jaylen Warren FLEX Deshaun Watson FLEX Denzel Boston FLEX Harold Fannin Jr. FLEX Pat Freiermuth FLEX Chris Boswell,,,
5209,5277440413,Dneri68,0,77.62,CPT Jaylen Warren FLEX Deshaun Watson FLEX Denzel Boston FLEX Harold Fannin Jr. FLEX Pat Freiermuth FLEX Chris Boswell,,,
5209,5277544315,DJAddiction,0,77.62,CPT Jaylen Warren FLEX Deshaun Watson FLEX Denzel Boston FLEX Harold Fannin Jr. FLEX Pat Freiermuth FLEX Chris Boswell,,,
5209,5277589049,rhatank11,0,77.62,CPT Jaylen Warren FLEX Deshaun Watson FLEX Denzel Boston FLEX Harold Fannin Jr. FLEX Pat Freiermuth FLEX Chris Boswell,,,
5209,5277599124,tripleh4040,0,77.62,CPT Jaylen Warren FLEX Deshaun Watson FLEX Denzel Boston FLEX Harold Fannin Jr. FLEX Pat Freiermuth FLEX Chris Boswell,,,
5209,5277623316,cjwiegmann,0,77.62,CPT Jaylen Warren FLEX Deshaun Watson FLEX Denzel Boston FLEX Harold Fannin Jr. FLEX Pat Freiermuth FLEX Chris Boswell,,,
5209,5277652281,sbarr35,0,77.62,CPT Jaylen Warren FLEX Deshaun Watson FLEX Denzel Boston FLEX Harold Fannin Jr. FLEX Pat Freiermuth FLEX Chris Boswell,,,
5209,5277658460,ast1211,0,77.62,CPT Jaylen Warren FLEX Deshaun Watson FLEX Denzel Boston FLEX Harold Fannin Jr. FLEX Pat Freiermuth FLEX Chris Boswell,,,
5209,5277785223,Farfaloanianraiders1,0,77.62,CPT Jaylen Warren FLEX Deshaun Watson FLEX Denzel Boston FLEX Harold Fannin Jr. FLEX Pat Freiermuth FLEX Chris Boswell,,,
5209,5277785394,lashavega96,0,77.62,CPT Jaylen Warren FLEX Deshaun Watson FLEX Denzel Boston FLEX Harold Fannin Jr. FLEX Pat Freiermuth FLEX Chris Boswell,,,
5209,5277809638,10inchDitka,0,77.62,CPT Jaylen Warren FLEX Deshaun Watson FLEX Denzel Boston FLEX Harold Fannin Jr. FLEX Pat Freiermuth FLEX Chris Boswell,,,
5209,5277838126,Stinky2006,0,77.62,CPT Jaylen Warren FLEX Deshaun Watson FLEX Denzel Boston FLEX Harold Fannin Jr. FLEX Pat Freiermuth FLEX Chris Boswell,,,
5209,5277846551,huntergsimm,0,77.62,CPT Jaylen Warren FLEX Deshaun Watson FLEX Denzel Boston FLEX Harold Fannin Jr. FLEX Pat Freiermuth FLEX Chris Boswell,,,
5209,5277849117,gtang001,0,77.62,CPT Jaylen Warren FLEX Deshaun Watson FLEX Denzel Boston FLEX Harold Fannin Jr. FLEX Pat Freiermuth FLEX Chris Boswell,,,
5209,5277857763,dukeman332,0,77.62,CPT Jaylen Warren FLEX Deshaun Watson FLEX Denzel Boston FLEX Harold Fannin Jr. FLEX Pat Freiermuth FLEX Chris Boswell,,,
5260,5277739284,jem77bfp,0,77.600006,CPT Steelers  FLEX Jaylen Warren FLEX Quinshon Judkins FLEX Harold Fannin Jr. FLEX Pat Freiermuth FLEX Browns ,,,
5261,5277070689,FactoryofSadness14,0,77.58,CPT Deshaun Watson FLEX Jaylen Warren FLEX Denzel Boston FLEX Harold Fannin Jr. FLEX Steelers  FLEX Browns ,,,
5261,5276932418,jiame12,0,77.579994,CPT Deshaun Watson FLEX Jaylen Warren FLEX Denzel Boston FLEX Harold Fannin Jr. FLEX KC Concepcion Jr. FLEX Raheim Sanders,,,
5261,5277368474,Hollabackk,0,77.579994,CPT Deshaun Watson FLEX Jaylen Warren FLEX Denzel Boston FLEX Harold Fannin Jr. FLEX KC Concepcion Jr. FLEX Raheim Sanders,,,
5261,5277417833,Brucerfur,0,77.579994,CPT Deshaun Watson FLEX Jaylen Warren FLEX Denzel Boston FLEX Harold Fannin Jr. FLEX KC Concepcion Jr. FLEX Raheim Sanders,,,
5261,5277466749,Doublution,0,77.579994,CPT Deshaun Watson FLEX Jaylen Warren FLEX Denzel Boston FLEX Harold Fannin Jr. FLEX KC Concepcion Jr. FLEX Raheim Sanders,,,
5261,5277555469,rustyweapons,0,77.579994,CPT Deshaun Watson FLEX Jaylen Warren FLEX Denzel Boston FLEX Harold Fannin Jr. FLEX KC Concepcion Jr. FLEX Raheim Sanders,,,
5261,5277559560,RealHogville,0,77.579994,CPT Deshaun Watson FLEX Jaylen Warren FLEX Denzel Boston FLEX Harold Fannin Jr. FLEX KC Concepcion Jr. FLEX Raheim Sanders,,,
5261,5277614429,Moteeks18,0,77.579994,CPT Deshaun Watson FLEX Jaylen Warren FLEX Denzel Boston FLEX Harold Fannin Jr. FLEX KC Concepcion Jr. FLEX Raheim Sanders,,,
5261,5277631731,amostol2,0,77.579994,CPT Deshaun Watson FLEX Jaylen Warren FLEX Denzel Boston FLEX Harold Fannin Jr. FLEX KC Concepcion Jr. FLEX Raheim Sanders,,,
5261,5277810078,Prez_III,0,77.579994,CPT Deshaun Watson FLEX Jaylen Warren FLEX Denzel Boston FLEX Harold Fannin Jr. FLEX KC Concepcion Jr. FLEX Raheim Sanders,,,
5271,5275521720,joeyfoley,0,77.57,CPT Harold Fannin Jr. FLEX Jaylen Warren FLEX Deshaun Watson FLEX DK Metcalf FLEX Chris Boswell FLEX Steelers ,,,
5271,5275807730,dillydilly84,0,77.57,CPT Denzel Boston FLEX Jaylen Warren FLEX Deshaun Watson FLEX Harold Fannin Jr. FLEX Chris Boswell FLEX Andre Szmyt,,,
5271,5277324991,Emanuel28,0,77.57,CPT Harold Fannin Jr. FLEX Jaylen Warren FLEX Deshaun Watson FLEX DK Metcalf FLEX Chris Boswell FLEX Steelers ,,,
5271,5277414126,swooop312,0,77.57,CPT Harold Fannin Jr. FLEX Jaylen Warren FLEX Deshaun Watson FLEX DK Metcalf FLEX Chris Boswell FLEX Steelers ,,,
5271,5277516814,dmoorehead79,0,77.57,CPT Denzel Boston FLEX Jaylen Warren FLEX Deshaun Watson FLEX Harold Fannin Jr. FLEX Chris Boswell FLEX Andre Szmyt,,,
5271,5277566768,corndog7,0,77.57,CPT Denzel Boston FLEX Deshaun Watson FLEX Quinshon Judkins FLEX Harold Fannin Jr. FLEX Chris Boswell FLEX Steelers ,,,
5271,5277587029,Osiris26,0,77.57,CPT Denzel Boston FLEX Jaylen Warren FLEX Deshaun Watson FLEX Harold Fannin Jr. FLEX Chris Boswell FLEX Andre Szmyt,,,
5271,5277596242,kariz69,0,77.57,CPT Harold Fannin Jr. FLEX Jaylen Warren FLEX Deshaun Watson FLEX DK Metcalf FLEX Chris Boswell FLEX Steelers ,,,
5271,5277694156,TROYMAZ,0,77.57,CPT Harold Fannin Jr. FLEX Deshaun Watson FLEX DK Metcalf FLEX Michael Pittman Jr. FLEX KC Concepcion Jr. FLEX Pat Freiermuth,,,
5271,5277706206,Deezuhl,0,77.57,CPT Denzel Boston FLEX Jaylen Warren FLEX Deshaun Watson FLEX Harold Fannin Jr. FLEX Chris Boswell FLEX Andre Szmyt,,,
5281,5277793730,terrapinxl,0,77.56,CPT Jaylen Warren FLEX Aaron Rodgers FLEX Harold Fannin Jr. FLEX Michael Pittman Jr. FLEX Steelers  FLEX Browns ,,,
5282,5276692725,KMcCombs77,0,77.5,CPT Jaylen Warren FLEX DK Metcalf FLEX Denzel Boston FLEX Harold Fannin Jr. FLEX Chris Boswell FLEX Steelers ,,,
5282,5277539914,atfrost,0,77.5,CPT Jaylen Warren FLEX DK Metcalf FLEX Denzel Boston FLEX Harold Fannin Jr. FLEX Chris Boswell FLEX Steelers ,,,
5282,5277607039,cvwhite906,0,77.5,CPT Jaylen Warren FLEX DK Metcalf FLEX Denzel Boston FLEX Harold Fannin Jr. FLEX Chris Boswell FLEX Steelers ,,,
5282,5277734996,GeneMorris,0,77.5,CPT Jaylen Warren FLEX DK Metcalf FLEX Denzel Boston FLEX Harold Fannin Jr. FLEX Chris Boswell FLEX Steelers ,,,
5282,5277792091,kjakubisin,0,77.5,CPT Jaylen Warren FLEX DK Metcalf FLEX Denzel Boston FLEX Harold Fannin Jr. FLEX Chris Boswell FLEX Steelers ,,,
5287,5277436655,crippy123,0,77.48,CPT Deshaun Watson FLEX Jaylen Warren FLEX Denzel Boston FLEX Michael Pittman Jr. FLEX KC Concepcion Jr. FLEX Darnell Washington,,,
5287,5277055215,bolts1282,0,77.479996,CPT Jaylen Warren FLEX Aaron Rodgers FLEX Deshaun Watson FLEX Harold Fannin Jr. FLEX Michael Pittman Jr. FLEX Blake Whiteheart,,,
5287,5277705052,Hilvon,0,77.479996,CPT Jaylen Warren FLEX Aaron Rodgers FLEX Deshaun Watson FLEX Harold Fannin Jr. FLEX Michael Pittman Jr. FLEX Lew Nichols,,,
5290,5277232493,dspan34,0,77.46,CPT Steelers  FLEX Aaron Rodgers FLEX Denzel Boston FLEX Harold Fannin Jr. FLEX Michael Pittman Jr. FLEX Roman Wilson,,,
5291,5277680176,TurkTime,0,77.44,CPT Deshaun Watson FLEX Aaron Rodgers FLEX Denzel Boston FLEX Michael Pittman Jr. FLEX Pat Freiermuth FLEX Chris Boswell,,,
5292,5275887804,RAGHEADREMOVR,0,77.42999,CPT Michael Pittman Jr. FLEX Aaron Rodgers FLEX Jaylen Warren FLEX Deshaun Watson FLEX Steelers  FLEX Darnell Washington,,,
5293,5277119443,Ta388,0,77.42,CPT Jaylen Warren FLEX Deshaun Watson FLEX Harold Fannin Jr. FLEX KC Concepcion Jr. FLEX Chris Boswell FLEX Andre Szmyt,,,
5293,5277138656,Toomuchskin,0,77.42,CPT Jaylen Warren FLEX Deshaun Watson FLEX Harold Fannin Jr. FLEX KC Concepcion Jr. FLEX Chris Boswell FLEX Andre Szmyt,,,
5293,5277369781,thedoodmon,0,77.42,CPT Jaylen Warren FLEX Deshaun Watson FLEX Harold Fannin Jr. FLEX KC Concepcion Jr. FLEX Chris Boswell FLEX Andre Szmyt,,,
5293,5277602168,danieljkind,0,77.42,CPT Jaylen Warren FLEX Deshaun Watson FLEX Denzel Boston FLEX Harold Fannin Jr. FLEX KC Concepcion Jr. FLEX Germie Bernard,,,
5297,5276432442,Joshgrf81,0,77.4,CPT Quinshon Judkins FLEX Chris Boswell FLEX Browns  FLEX Andre Szmyt FLEX Raheim Sanders FLEX Roman Wilson,,,
5297,5277607436,CCnDEW,0,77.4,CPT Jaylen Warren FLEX Quinshon Judkins FLEX Pat Freiermuth FLEX Chris Boswell FLEX Steelers  FLEX Darnell Washington,,,
5299,5276805764,Redfisher1986,0,77.369995,CPT Harold Fannin Jr. FLEX Deshaun Watson FLEX DK Metcalf FLEX Denzel Boston FLEX Michael Pittman Jr. FLEX Browns ,,,
5300,5277110291,npotaz8,0,77.32,CPT Jaylen Warren FLEX Deshaun Watson FLEX DK Metcalf FLEX Michael Pittman Jr. FLEX Chris Boswell FLEX Andre Szmyt,,,
5300,5277402653,omes16,0,77.32,CPT Jaylen Warren FLEX Deshaun Watson FLEX Denzel Boston FLEX KC Concepcion Jr. FLEX Pat Freiermuth FLEX Chris Boswell,,,
5300,5277631895,dinomitedukes,0,77.32,CPT KC Concepcion Jr. FLEX Jaylen Warren FLEX Deshaun Watson FLEX Harold Fannin Jr. FLEX Steelers  FLEX Andre Szmyt,,,
5303,5275718236,kddots22,0,77.31,CPT Harold Fannin Jr. FLEX Aaron Rodgers FLEX Jaylen Warren FLEX Michael Pittman Jr. FLEX Pat Freiermuth FLEX Steelers ,,,
5304,5275476255,OlFin,0,77.28,CPT Deshaun Watson FLEX Jaylen Warren FLEX Denzel Boston FLEX Harold Fannin Jr. FLEX Pat Freiermuth FLEX Chris Boswell,,,
5304,5275523398,jsibby20,0,77.28,CPT Deshaun Watson FLEX Jaylen Warren FLEX Denzel Boston FLEX Harold Fannin Jr. FLEX Pat Freiermuth FLEX Chris Boswell,,,
5304,5275543940,PerryChef,0,77.28,CPT Deshaun Watson FLEX Jaylen Warren FLEX Denzel Boston FLEX Harold Fannin Jr. FLEX Pat Freiermuth FLEX Chris Boswell,,,
5304,5276151500,lennon727,0,77.28,CPT Deshaun Watson FLEX Jaylen Warren FLEX Denzel Boston FLEX Harold Fannin Jr. FLEX Pat Freiermuth FLEX Chris Boswell,,,
5304,5276238488,jmc2501,0,77.28,CPT Deshaun Watson FLEX Jaylen Warren FLEX Denzel Boston FLEX Harold Fannin Jr. FLEX Pat Freiermuth FLEX Chris Boswell,,,
5304,5276397950,Benjoematt,0,77.28,CPT Deshaun Watson FLEX Jaylen Warren FLEX Denzel Boston FLEX Harold Fannin Jr. FLEX Pat Freiermuth FLEX Chris Boswell,,,
5304,5276542658,TrojanMom85,0,77.28,CPT Deshaun Watson FLEX Jaylen Warren FLEX Denzel Boston FLEX Harold Fannin Jr. FLEX Pat Freiermuth FLEX Chris Boswell,,,
5304,5276661864,Pchuck1,0,77.28,CPT Deshaun Watson FLEX Jaylen Warren FLEX Denzel Boston FLEX Harold Fannin Jr. FLEX Pat Freiermuth FLEX Chris Boswell,,,
5304,5276705563,dflanag82,0,77.28,CPT Deshaun Watson FLEX Jaylen Warren FLEX Denzel Boston FLEX Harold Fannin Jr. FLEX Pat Freiermuth FLEX Chris Boswell,,,
5304,5276708856,comfo100,0,77.28,CPT Deshaun Watson FLEX Jaylen Warren FLEX Denzel Boston FLEX Harold Fannin Jr. FLEX Pat Freiermuth FLEX Chris Boswell,,,
5304,5276752829,zftaylor,0,77.28,CPT Deshaun Watson FLEX Jaylen Warren FLEX Denzel Boston FLEX Harold Fannin Jr. FLEX Pat Freiermuth FLEX Chris Boswell,,,
5304,5276782092,river700,0,77.28,CPT Deshaun Watson FLEX Jaylen Warren FLEX Denzel Boston FLEX Harold Fannin Jr. FLEX Pat Freiermuth FLEX Chris Boswell,,,
5304,5276791902,1yooper1,0,77.28,CPT Deshaun Watson FLEX Jaylen Warren FLEX Denzel Boston FLEX Harold Fannin Jr. FLEX Pat Freiermuth FLEX Chris Boswell,,,
5304,5276883466,Ghost_Travis22,0,77.28,CPT Deshaun Watson FLEX Jaylen Warren FLEX Denzel Boston FLEX Harold Fannin Jr. FLEX Pat Freiermuth FLEX Chris Boswell,,,
5304,5276898485,sofakingawesome9000,0,77.28,CPT Deshaun Watson FLEX Jaylen Warren FLEX Denzel Boston FLEX Harold Fannin Jr. FLEX Pat Freiermuth FLEX Chris Boswell,,,
5304,5276901657,bprinty,0,77.28,CPT Deshaun Watson FLEX Jaylen Warren FLEX Denzel Boston FLEX Harold Fannin Jr. FLEX Pat Freiermuth FLEX Chris Boswell,,,
5304,5276937324,raider25121,0,77.28,CPT Deshaun Watson FLEX Jaylen Warren FLEX Denzel Boston FLEX Harold Fannin Jr. FLEX Pat Freiermuth FLEX Chris Boswell,,,
5304,5276985736,bmmammarella,0,77.28,CPT Deshaun Watson FLEX Jaylen Warren FLEX Denzel Boston FLEX Harold Fannin Jr. FLEX Pat Freiermuth FLEX Chris Boswell,,,
5304,5277046117,rschrop,0,77.28,CPT Deshaun Watson FLEX Jaylen Warren FLEX Denzel Boston FLEX Harold Fannin Jr. FLEX Pat Freiermuth FLEX Chris Boswell,,,
5304,5277050419,nrlane24,0,77.28,CPT Deshaun Watson FLEX Jaylen Warren FLEX Denzel Boston FLEX Harold Fannin Jr. FLEX Pat Freiermuth FLEX Chris Boswell,,,
5304,5277099698,knimetbil,0,77.28,CPT Deshaun Watson FLEX Jaylen Warren FLEX Denzel Boston FLEX Harold Fannin Jr. FLEX Pat Freiermuth FLEX Chris Boswell,,,
5304,5277120909,theczar89,0,77.28,CPT Deshaun Watson FLEX Jaylen Warren FLEX Denzel Boston FLEX Harold Fannin Jr. FLEX Pat Freiermuth FLEX Chris Boswell,,,
5304,5277254275,nobob46,0,77.28,CPT Deshaun Watson FLEX Jaylen Warren FLEX Denzel Boston FLEX Harold Fannin Jr. FLEX Pat Freiermuth FLEX Chris Boswell,,,
5304,5277282459,AlexP_09,0,77.28,CPT Deshaun Watson FLEX Jaylen Warren FLEX Denzel Boston FLEX Harold Fannin Jr. FLEX Pat Freiermuth FLEX Chris Boswell,,,
5304,5277302089,OGTeddybongwater,0,77.28,CPT Deshaun Watson FLEX Jaylen Warren FLEX Denzel Boston FLEX Harold Fannin Jr. FLEX Pat Freiermuth FLEX Chris Boswell,,,
5304,5277356015,stephaniefdl,0,77.28,CPT Deshaun Watson FLEX Jaylen Warren FLEX Denzel Boston FLEX Harold Fannin Jr. FLEX Pat Freiermuth FLEX Chris Boswell,,,
5304,5277395086,llcoach311,0,77.28,CPT Deshaun Watson FLEX Jaylen Warren FLEX Denzel Boston FLEX Harold Fannin Jr. FLEX Pat Freiermuth FLEX Chris Boswell,,,
5304,5277429687,james66p,0,77.28,CPT Deshaun Watson FLEX Jaylen Warren FLEX Denzel Boston FLEX Harold Fannin Jr. FLEX Pat Freiermuth FLEX Chris Boswell,,,
5304,5277436001,hamhock41,0,77.28,CPT Deshaun Watson FLEX Jaylen Warren FLEX Denzel Boston FLEX Harold Fannin Jr. FLEX Pat Freiermuth FLEX Chris Boswell,,,
5304,5277564744,wirtz22,0,77.28,CPT Deshaun Watson FLEX Jaylen Warren FLEX Denzel Boston FLEX Harold Fannin Jr. FLEX Pat Freiermuth FLEX Chris Boswell,,,
5304,5277596079,GraysonXpress,0,77.28,CPT Deshaun Watson FLEX Jaylen Warren FLEX Denzel Boston FLEX Harold Fannin Jr. FLEX Pat Freiermuth FLEX Chris Boswell,,,
5304,5277634496,LoveFrogs,0,77.28,CPT Deshaun Watson FLEX Jaylen Warren FLEX Denzel Boston FLEX Harold Fannin Jr. FLEX Pat Freiermuth FLEX Chris Boswell,,,
5304,5277645131,CrownHer88,0,77.28,CPT Deshaun Watson FLEX Jaylen Warren FLEX Denzel Boston FLEX Harold Fannin Jr. FLEX Pat Freiermuth FLEX Chris Boswell,,,
5304,5277652153,gogosox2005,0,77.28,CPT Deshaun Watson FLEX Jaylen Warren FLEX Denzel Boston FLEX Harold Fannin Jr. FLEX Pat Freiermuth FLEX Chris Boswell,,,
5304,5277652540,Wineternal,0,77.28,CPT Deshaun Watson FLEX Jaylen Warren FLEX Denzel Boston FLEX Harold Fannin Jr. FLEX Pat Freiermuth FLEX Chris Boswell,,,
5304,5277721304,jp0707,0,77.28,CPT Deshaun Watson FLEX Jaylen Warren FLEX Denzel Boston FLEX Harold Fannin Jr. FLEX Pat Freiermuth FLEX Chris Boswell,,,
5304,5277782961,Coachbreezy75,0,77.28,CPT Deshaun Watson FLEX Jaylen Warren FLEX Denzel Boston FLEX Harold Fannin Jr. FLEX Pat Freiermuth FLEX Chris Boswell,,,
5304,5277818123,jlp4765,0,77.28,CPT Deshaun Watson FLEX Jaylen Warren FLEX Denzel Boston FLEX Harold Fannin Jr. FLEX Pat Freiermuth FLEX Chris Boswell,,,
5304,5277818628,spegeg,0,77.28,CPT Deshaun Watson FLEX Jaylen Warren FLEX Denzel Boston FLEX Harold Fannin Jr. FLEX Pat Freiermuth FLEX Chris Boswell,,,
5304,5277834431,gnutter0330,0,77.28,CPT Deshaun Watson FLEX Jaylen Warren FLEX Denzel Boston FLEX Harold Fannin Jr. FLEX Pat Freiermuth FLEX Chris Boswell,,,
5304,5277840601,Sabali00,0,77.28,CPT Deshaun Watson FLEX Jaylen Warren FLEX Denzel Boston FLEX Harold Fannin Jr. FLEX Pat Freiermuth FLEX Chris Boswell,,,
5304,5277857303,B070re,0,77.28,CPT Deshaun Watson FLEX Jaylen Warren FLEX Denzel Boston FLEX Harold Fannin Jr. FLEX Pat Freiermuth FLEX Chris Boswell,,,
5346,5277711891,moneybagg86,0,77.270004,CPT DK Metcalf FLEX Deshaun Watson FLEX KC Concepcion Jr. FLEX Chris Boswell FLEX Steelers  FLEX Darnell Washington,,,
5347,5276160301,nicke828,0,77.26,CPT Jaylen Warren FLEX Aaron Rodgers FLEX Harold Fannin Jr. FLEX Michael Pittman Jr. FLEX Pat Freiermuth FLEX Chris Boswell,,,
5347,5276285070,pasqualwisdom,0,77.26,CPT Jaylen Warren FLEX Aaron Rodgers FLEX Harold Fannin Jr. FLEX Michael Pittman Jr. FLEX Pat Freiermuth FLEX Chris Boswell,,,
5347,5276772265,ccman1707,0,77.26,CPT Jaylen Warren FLEX Aaron Rodgers FLEX Harold Fannin Jr. FLEX Michael Pittman Jr. FLEX Pat Freiermuth FLEX Chris Boswell,,,
5347,5277331341,mrhands17,0,77.26,CPT Jaylen Warren FLEX Aaron Rodgers FLEX Harold Fannin Jr. FLEX Michael Pittman Jr. FLEX Pat Freiermuth FLEX Chris Boswell,,,
5347,5277335597,rustoleum5,0,77.26,CPT Jaylen Warren FLEX Aaron Rodgers FLEX Harold Fannin Jr. FLEX Michael Pittman Jr. FLEX Pat Freiermuth FLEX Chris Boswell,,,
5347,5277629754,jess800rice.80,0,77.26,CPT Jaylen Warren FLEX Aaron Rodgers FLEX Harold Fannin Jr. FLEX Michael Pittman Jr. FLEX Pat Freiermuth FLEX Chris Boswell,,,
5347,5277698847,tabauer1,0,77.26,CPT Jaylen Warren FLEX Aaron Rodgers FLEX Harold Fannin Jr. FLEX Michael Pittman Jr. FLEX Pat Freiermuth FLEX Chris Boswell,,,
5347,5276280384,jhiebe,0,77.259995,CPT Aaron Rodgers FLEX Deshaun Watson FLEX Denzel Boston FLEX Michael Pittman Jr. FLEX Chris Boswell FLEX Steelers ,,,
5355,5276440832,timmydub10375,0,77.22,CPT Jaylen Warren FLEX Deshaun Watson FLEX Denzel Boston FLEX Harold Fannin Jr. FLEX Pat Freiermuth FLEX Raheim Sanders,,,
5355,5277058766,Boo2654,0,77.22,CPT Jaylen Warren FLEX Deshaun Watson FLEX Denzel Boston FLEX Harold Fannin Jr. FLEX Pat Freiermuth FLEX Raheim Sanders,,,
5357,5277615687,Brwnbeauty01,0,77.21,CPT Michael Pittman Jr. FLEX Aaron Rodgers FLEX Quinshon Judkins FLEX Harold Fannin Jr. FLEX Pat Freiermuth FLEX Chris Boswell,,,
5357,5277868818,fngonuts2,0,77.21,CPT Michael Pittman Jr. FLEX Aaron Rodgers FLEX Quinshon Judkins FLEX Harold Fannin Jr. FLEX Pat Freiermuth FLEX Chris Boswell,,,
5359,5277089852,jyabaybe,0,77.14,CPT Deshaun Watson FLEX Aaron Rodgers FLEX Jaylen Warren FLEX Harold Fannin Jr. FLEX Michael Pittman Jr. FLEX Blake Whiteheart,,,
5359,5277660095,daniel3320,0,77.14,CPT Deshaun Watson FLEX Aaron Rodgers FLEX Jaylen Warren FLEX Harold Fannin Jr. FLEX Michael Pittman Jr. FLEX Blake Whiteheart,,,
5361,5276058417,ascastro22,0,77.13,CPT Denzel Boston FLEX Aaron Rodgers FLEX Deshaun Watson FLEX Michael Pittman Jr. FLEX KC Concepcion Jr. FLEX Chris Boswell,,,
5362,5277087250,dmbrown524,0,77.119995,CPT Jaylen Warren FLEX Deshaun Watson FLEX DK Metcalf FLEX Harold Fannin Jr. FLEX Chris Boswell FLEX Raheim Sanders,,,
5362,5277603261,alienhood,0,77.119995,CPT Jaylen Warren FLEX Deshaun Watson FLEX Harold Fannin Jr. FLEX KC Concepcion Jr. FLEX Chris Boswell FLEX Darnell Washington,,,
5362,5277697402,Coltsfan06,0,77.119995,CPT Jaylen Warren FLEX Deshaun Watson FLEX DK Metcalf FLEX Harold Fannin Jr. FLEX Chris Boswell FLEX Raheim Sanders,,,
5362,5277769253,chrisb2002,0,77.119995,CPT Jaylen Warren FLEX Deshaun Watson FLEX DK Metcalf FLEX Harold Fannin Jr. FLEX Chris Boswell FLEX Raheim Sanders,,,
5366,5277757024,KCsBEST,0,77.1,CPT Chris Boswell FLEX Jaylen Warren FLEX DK Metcalf FLEX Denzel Boston FLEX Harold Fannin Jr. FLEX KC Concepcion Jr.,,,
5367,5277757355,LBo1231,0,77.08,CPT Jaylen Warren FLEX Aaron Rodgers FLEX Deshaun Watson FLEX Michael Pittman Jr. FLEX KC Concepcion Jr. FLEX Travis Homer,,,
5367,5277483323,disciplez,0,77.079994,CPT Deshaun Watson FLEX Jaylen Warren FLEX Harold Fannin Jr. FLEX KC Concepcion Jr. FLEX Chris Boswell FLEX Andre Szmyt,,,
5369,5276734325,SpenceInJax,0,77.07,CPT Denzel Boston FLEX Jaylen Warren FLEX Deshaun Watson FLEX Harold Fannin Jr. FLEX Michael Pittman Jr. FLEX Andre Szmyt,,,
5369,5277168373,Cons24,0,77.07,CPT Denzel Boston FLEX Jaylen Warren FLEX Deshaun Watson FLEX Harold Fannin Jr. FLEX Michael Pittman Jr. FLEX Andre Szmyt,,,
5369,5277220461,jediyeti73,0,77.07,CPT Denzel Boston FLEX Jaylen Warren FLEX Deshaun Watson FLEX Harold Fannin Jr. FLEX Michael Pittman Jr. FLEX Andre Szmyt,,,
5369,5277261240,PenskeFile,0,77.07,CPT Denzel Boston FLEX Jaylen Warren FLEX Deshaun Watson FLEX Harold Fannin Jr. FLEX Michael Pittman Jr. FLEX Andre Szmyt,,,
5369,5277386768,allen1558,0,77.07,CPT Denzel Boston FLEX Jaylen Warren FLEX Deshaun Watson FLEX Harold Fannin Jr. FLEX Michael Pittman Jr. FLEX Andre Szmyt,,,
5369,5277585633,kingurbanos,0,77.07,CPT Denzel Boston FLEX Jaylen Warren FLEX Deshaun Watson FLEX Harold Fannin Jr. FLEX Michael Pittman Jr. FLEX Andre Szmyt,,,
5369,5277716574,Kash_l23,0,77.07,CPT Denzel Boston FLEX Jaylen Warren FLEX Deshaun Watson FLEX Harold Fannin Jr. FLEX Michael Pittman Jr. FLEX Andre Szmyt,,,
5369,5277728607,azerirules,0,77.07,CPT Denzel Boston FLEX Jaylen Warren FLEX Deshaun Watson FLEX Harold Fannin Jr. FLEX Michael Pittman Jr. FLEX Andre Szmyt,,,
5377,5277050530,bluefalcon67114,0,77.03,CPT Denzel Boston FLEX Aaron Rodgers FLEX Deshaun Watson FLEX Harold Fannin Jr. FLEX Michael Pittman Jr. FLEX Raheim Sanders,,,
5378,5277623698,Adams1224,0,76.979996,CPT Deshaun Watson FLEX DK Metcalf FLEX Quinshon Judkins FLEX Michael Pittman Jr. FLEX Chris Boswell FLEX Steelers ,,,
5379,5276406269,JB00GlE,0,76.97,CPT Denzel Boston FLEX Jaylen Warren FLEX Deshaun Watson FLEX DK Metcalf FLEX Chris Boswell FLEX Raheim Sanders,,,
5379,5276513079,dromontana,0,76.97,CPT Denzel Boston FLEX Jaylen Warren FLEX Deshaun Watson FLEX KC Concepcion Jr. FLEX Chris Boswell FLEX Darnell Washington,,,
5379,5276781319,Allevard-Hammer,0,76.97,CPT Harold Fannin Jr. FLEX Jaylen Warren FLEX Deshaun Watson FLEX Denzel Boston FLEX Chris Boswell FLEX Andre Szmyt,,,
5379,5276897331,bwake22,0,76.97,CPT Harold Fannin Jr. FLEX Jaylen Warren FLEX Deshaun Watson FLEX Denzel Boston FLEX Chris Boswell FLEX Andre Szmyt,,,
5379,5276937911,tweller81,0,76.97,CPT Denzel Boston FLEX Jaylen Warren FLEX Deshaun Watson FLEX Harold Fannin Jr. FLEX KC Concepcion Jr. FLEX Chris Boswell,,,
5379,5276970776,Dricou,0,76.97,CPT Denzel Boston FLEX Jaylen Warren FLEX Deshaun Watson FLEX Harold Fannin Jr. FLEX KC Concepcion Jr. FLEX Chris Boswell,,,
5379,5277242526,JonnieMac,0,76.97,CPT Harold Fannin Jr. FLEX Jaylen Warren FLEX Deshaun Watson FLEX Denzel Boston FLEX Chris Boswell FLEX Andre Szmyt,,,
5379,5277319465,PutEmUp09,0,76.97,CPT Denzel Boston FLEX Jaylen Warren FLEX Deshaun Watson FLEX Harold Fannin Jr. FLEX KC Concepcion Jr. FLEX Chris Boswell,,,
5379,5277399182,Allanm1129,0,76.97,CPT Denzel Boston FLEX Jaylen Warren FLEX Deshaun Watson FLEX Harold Fannin Jr. FLEX KC Concepcion Jr. FLEX Chris Boswell,,,
5379,5277489169,mauka95,0,76.97,CPT Harold Fannin Jr. FLEX Jaylen Warren FLEX Deshaun Watson FLEX Denzel Boston FLEX Chris Boswell FLEX Andre Szmyt,,,
5379,5277584668,retierdDoc31,0,76.97,CPT Harold Fannin Jr. FLEX Jaylen Warren FLEX Deshaun Watson FLEX Denzel Boston FLEX Chris Boswell FLEX Andre Szmyt,,,
5379,5277637314,thecoconutbeauty,0,76.97,CPT Harold Fannin Jr. FLEX Deshaun Watson FLEX Quinshon Judkins FLEX Denzel Boston FLEX Chris Boswell FLEX Steelers ,,,
5379,5277775143,KellyMVP,0,76.97,CPT Harold Fannin Jr. FLEX Jaylen Warren FLEX Deshaun Watson FLEX Denzel Boston FLEX Chris Boswell FLEX Andre Szmyt,,,
5379,5277843507,Jeter2333,0,76.97,CPT Denzel Boston FLEX Jaylen Warren FLEX Deshaun Watson FLEX Harold Fannin Jr. FLEX KC Concepcion Jr. FLEX Chris Boswell,,,
5393,5276920175,Carroll2014,0,76.95,CPT Harold Fannin Jr. FLEX Jaylen Warren FLEX KC Concepcion Jr. FLEX Chris Boswell FLEX Andre Szmyt FLEX Roman Wilson,,,
5394,5277016876,jbax0306,0,76.939995,CPT Deshaun Watson FLEX Aaron Rodgers FLEX Harold Fannin Jr. FLEX Michael Pittman Jr. FLEX KC Concepcion Jr. FLEX Chris Boswell,,,
5394,5277134871,atong126,0,76.939995,CPT Deshaun Watson FLEX Aaron Rodgers FLEX Harold Fannin Jr. FLEX Michael Pittman Jr. FLEX KC Concepcion Jr. FLEX Chris Boswell,,,
5396,5276005109,Claysta24,0,76.92,CPT Jaylen Warren FLEX Deshaun Watson FLEX Harold Fannin Jr. FLEX Michael Pittman Jr. FLEX KC Concepcion Jr. FLEX Andre Szmyt,,,
5397,5277617297,Willhite3,0,76.88,CPT Deshaun Watson FLEX Jaylen Warren FLEX Denzel Boston FLEX Harold Fannin Jr. FLEX Pat Freiermuth FLEX Raheim Sanders,,,
5398,5277114141,ekimnotloh,0,76.86,CPT Jaylen Warren FLEX Aaron Rodgers FLEX DK Metcalf FLEX Shedeur Sanders FLEX Chris Boswell FLEX Steelers ,,,
5399,5277015563,bellyso,0,76.78,CPT Deshaun Watson FLEX Jaylen Warren FLEX DK Metcalf FLEX Harold Fannin Jr. FLEX Chris Boswell FLEX Raheim Sanders,,,
5399,5277595827,chacchi,0,76.78,CPT Raheim Sanders FLEX Aaron Rodgers FLEX Jaylen Warren FLEX Deshaun Watson FLEX Denzel Boston FLEX Chris Boswell,,,
5399,5277685322,scomp128,0,76.78,CPT Raheim Sanders FLEX Aaron Rodgers FLEX Jaylen Warren FLEX Deshaun Watson FLEX Denzel Boston FLEX Chris Boswell,,,
5399,5277861790,ahtnap,0,76.78,CPT Deshaun Watson FLEX Jaylen Warren FLEX DK Metcalf FLEX Harold Fannin Jr. FLEX Chris Boswell FLEX Raheim Sanders,,,
5403,5277437727,stinkfish74,0,76.770004,CPT Denzel Boston FLEX Jaylen Warren FLEX Deshaun Watson FLEX Harold Fannin Jr. FLEX Michael Pittman Jr. FLEX Darnell Washington,,,
5403,5277402887,takeallyourmoney419,0,76.77,CPT Michael Pittman Jr. FLEX Jaylen Warren FLEX Deshaun Watson FLEX Denzel Boston FLEX Harold Fannin Jr. FLEX Roman Wilson,,,
5405,5276285205,djmalps01,0,76.75,CPT Harold Fannin Jr. FLEX Jaylen Warren FLEX Quinshon Judkins FLEX Chris Boswell FLEX Steelers  FLEX Andre Szmyt,,,
5406,5276364213,radzynfessenden,0,76.74,CPT Aaron Rodgers FLEX Jaylen Warren FLEX Harold Fannin Jr. FLEX Michael Pittman Jr. FLEX Chris Boswell FLEX Steelers ,,,
5407,5277044909,ricsterus,0,76.72,CPT Chris Boswell FLEX Jaylen Warren FLEX Deshaun Watson FLEX DK Metcalf FLEX Harold Fannin Jr. FLEX Browns ,,,
5407,5277088407,borgesgorgeous,0,76.72,CPT KC Concepcion Jr. FLEX Jaylen Warren FLEX Deshaun Watson FLEX Quinshon Judkins FLEX Michael Pittman Jr. FLEX Chris Boswell,,,
5407,5277144748,chex43,0,76.72,CPT KC Concepcion Jr. FLEX Jaylen Warren FLEX Deshaun Watson FLEX Quinshon Judkins FLEX Michael Pittman Jr. FLEX Chris Boswell,,,
5407,5277253827,freedom2dfs,0,76.72,CPT Jaylen Warren FLEX Deshaun Watson FLEX Harold Fannin Jr. FLEX Pat Freiermuth FLEX Chris Boswell FLEX Andre Szmyt,,,
5407,5277665124,retblatt216,0,76.72,CPT KC Concepcion Jr. FLEX Jaylen Warren FLEX Deshaun Watson FLEX Quinshon Judkins FLEX Michael Pittman Jr. FLEX Chris Boswell,,,
5407,5277721984,Buttonwillowgal1,0,76.72,CPT Jaylen Warren FLEX Deshaun Watson FLEX Harold Fannin Jr. FLEX Pat Freiermuth FLEX Chris Boswell FLEX Andre Szmyt,,,
5413,5277104242,DS84,0,76.67,CPT Harold Fannin Jr. FLEX Jaylen Warren FLEX Deshaun Watson FLEX Denzel Boston FLEX Chris Boswell FLEX Darnell Washington,,,
5414,5275420572,lamondatd,0,76.659996,CPT Steelers  FLEX Aaron Rodgers FLEX Jaylen Warren FLEX Denzel Boston FLEX Harold Fannin Jr. FLEX Michael Pittman Jr.,,,
5414,5276112013,JohnMcHarrStarr,0,76.659996,CPT Steelers  FLEX Aaron Rodgers FLEX Jaylen Warren FLEX Denzel Boston FLEX Harold Fannin Jr. FLEX Michael Pittman Jr.,,,
5414,5277628155,jessicali25,0,76.659996,CPT Steelers  FLEX Aaron Rodgers FLEX Jaylen Warren FLEX Denzel Boston FLEX Harold Fannin Jr. FLEX Michael Pittman Jr.,,,
5414,5277644368,BTomancik,0,76.659996,CPT Steelers  FLEX Aaron Rodgers FLEX Jaylen Warren FLEX Denzel Boston FLEX Harold Fannin Jr. FLEX Michael Pittman Jr.,,,
5414,5277651238,mrenfro,0,76.659996,CPT Steelers  FLEX Aaron Rodgers FLEX Jaylen Warren FLEX Denzel Boston FLEX Harold Fannin Jr. FLEX Michael Pittman Jr.,,,
5414,5277777911,GridironNirvana,0,76.659996,CPT Steelers  FLEX Aaron Rodgers FLEX Jaylen Warren FLEX Denzel Boston FLEX Harold Fannin Jr. FLEX Michael Pittman Jr.,,,
5414,5277812837,BRooster5,0,76.659996,CPT Steelers  FLEX Aaron Rodgers FLEX Jaylen Warren FLEX Denzel Boston FLEX Harold Fannin Jr. FLEX Michael Pittman Jr.,,,
5421,5277606622,jasonk7976,0,76.58,CPT Deshaun Watson FLEX Jaylen Warren FLEX Michael Pittman Jr. FLEX KC Concepcion Jr. FLEX Andre Szmyt FLEX Darnell Washington,,,
5421,5275778372,erickjohn,0,76.579994,CPT Deshaun Watson FLEX Jaylen Warren FLEX Harold Fannin Jr. FLEX Michael Pittman Jr. FLEX KC Concepcion Jr. FLEX Andre Szmyt,,,
5421,5277877818,chz94pgt,0,76.579994,CPT Shedeur Sanders FLEX Aaron Rodgers FLEX Jaylen Warren FLEX Deshaun Watson FLEX KC Concepcion Jr. FLEX Pat Freiermuth,,,
5424,5277551581,Obie1shawnobie,0,76.55,CPT DK Metcalf FLEX Jaylen Warren FLEX Denzel Boston FLEX Harold Fannin Jr. FLEX Michael Pittman Jr. FLEX Raheim Sanders,,,
5425,5276560210,BOOTYGREEN,0,76.520004,CPT Browns  FLEX Deshaun Watson FLEX DK Metcalf FLEX Denzel Boston FLEX Harold Fannin Jr. FLEX Chris Boswell,,,
5426,5275847178,saj805,0,76.5,CPT Andre Szmyt FLEX DK Metcalf FLEX Denzel Boston FLEX KC Concepcion Jr. FLEX Pat Freiermuth FLEX Chris Boswell,,,
5427,5275929992,FormerLeeWarmer,0,76.479996,CPT Steelers  FLEX Aaron Rodgers FLEX Jaylen Warren FLEX Deshaun Watson FLEX Chris Boswell FLEX Browns ,,,
5427,5277768587,multidave,0,76.479996,CPT Steelers  FLEX Aaron Rodgers FLEX Jaylen Warren FLEX Deshaun Watson FLEX Chris Boswell FLEX Browns ,,,
5429,5276259204,capitanfuton,0,76.47,CPT Harold Fannin Jr. FLEX Jaylen Warren FLEX Deshaun Watson FLEX Denzel Boston FLEX Michael Pittman Jr. FLEX Andre Szmyt,,,
5429,5277242660,PatsiesNoMore,0,76.47,CPT Harold Fannin Jr. FLEX Jaylen Warren FLEX Deshaun Watson FLEX Denzel Boston FLEX Michael Pittman Jr. FLEX Andre Szmyt,,,
5429,5277449459,CaptainAlgiers,0,76.47,CPT Harold Fannin Jr. FLEX Jaylen Warren FLEX Deshaun Watson FLEX Denzel Boston FLEX Michael Pittman Jr. FLEX Andre Szmyt,,,
5432,5277069355,RebJas,0,76.46,CPT Chris Boswell FLEX Aaron Rodgers FLEX DK Metcalf FLEX Steelers  FLEX Browns  FLEX Andre Szmyt,,,
5433,5277219803,jblanks07,0,76.45,CPT Harold Fannin Jr. FLEX Quinshon Judkins FLEX Denzel Boston FLEX KC Concepcion Jr. FLEX Chris Boswell FLEX Browns ,,,
5434,5277768092,hoosierdaddy6787,0,76.43,CPT Denzel Boston FLEX Aaron Rodgers FLEX Deshaun Watson FLEX Michael Pittman Jr. FLEX Pat Freiermuth FLEX Chris Boswell,,,
5434,5276788352,DrizzyBars,0,76.42999,CPT Harold Fannin Jr. FLEX Aaron Rodgers FLEX Deshaun Watson FLEX Denzel Boston FLEX Michael Pittman Jr. FLEX Raheim Sanders,,,
5434,5277134402,dignan16,0,76.42999,CPT Michael Pittman Jr. FLEX Aaron Rodgers FLEX Jaylen Warren FLEX Deshaun Watson FLEX Pat Freiermuth FLEX Steelers ,,,
5434,5277430931,Frankie_Wilde,0,76.42999,CPT Michael Pittman Jr. FLEX Aaron Rodgers FLEX Jaylen Warren FLEX Deshaun Watson FLEX Pat Freiermuth FLEX Steelers ,,,
5434,5277736974,hr12465,0,76.42999,CPT Michael Pittman Jr. FLEX Aaron Rodgers FLEX Jaylen Warren FLEX Deshaun Watson FLEX Pat Freiermuth FLEX Steelers ,,,
5434,5277855284,embaptiste2981,0,76.42999,CPT Michael Pittman Jr. FLEX Aaron Rodgers FLEX Jaylen Warren FLEX Deshaun Watson FLEX Pat Freiermuth FLEX Steelers ,,,
5440,5275517116,Tiesha0417,0,76.42,CPT Jaylen Warren FLEX Deshaun Watson FLEX Harold Fannin Jr. FLEX Chris Boswell FLEX Steelers  FLEX Roman Wilson,,,
5441,5276518815,ajmack01,0,76.4,CPT Jaylen Warren FLEX Quinshon Judkins FLEX Denzel Boston FLEX Michael Pittman Jr. FLEX KC Concepcion Jr. FLEX Raheim Sanders,,,
5441,5276915581,joshbrown1987,0,76.4,CPT Jaylen Warren FLEX Quinshon Judkins FLEX Denzel Boston FLEX Michael Pittman Jr. FLEX Steelers  FLEX Browns ,,,
5443,5275970327,JellyDonut,0,76.369995,CPT Harold Fannin Jr. FLEX Jaylen Warren FLEX Deshaun Watson FLEX Denzel Boston FLEX KC Concepcion Jr. FLEX Chris Boswell,,,
5443,5276141134,hawkhunter01,0,76.369995,CPT Harold Fannin Jr. FLEX Jaylen Warren FLEX Deshaun Watson FLEX Denzel Boston FLEX KC Concepcion Jr. FLEX Chris Boswell,,,
5443,5276239273,FranklinGrizwald,0,76.369995,CPT Harold Fannin Jr. FLEX Jaylen Warren FLEX Deshaun Watson FLEX Denzel Boston FLEX KC Concepcion Jr. FLEX Chris Boswell,,,
5443,5276844612,spanishbobby,0,76.369995,CPT Harold Fannin Jr. FLEX Jaylen Warren FLEX Deshaun Watson FLEX Denzel Boston FLEX KC Concepcion Jr. FLEX Chris Boswell,,,
5443,5276861588,DEFCON2282,0,76.369995,CPT Harold Fannin Jr. FLEX Jaylen Warren FLEX Deshaun Watson FLEX Denzel Boston FLEX KC Concepcion Jr. FLEX Chris Boswell,,,
5443,5276963444,chewycub31,0,76.369995,CPT Harold Fannin Jr. FLEX Jaylen Warren FLEX Deshaun Watson FLEX Denzel Boston FLEX KC Concepcion Jr. FLEX Chris Boswell,,,
5443,5277054552,mfm1995,0,76.369995,CPT Harold Fannin Jr. FLEX Jaylen Warren FLEX Deshaun Watson FLEX Denzel Boston FLEX KC Concepcion Jr. FLEX Chris Boswell,,,
5443,5277137404,Swayy07,0,76.369995,CPT Harold Fannin Jr. FLEX Jaylen Warren FLEX Deshaun Watson FLEX Denzel Boston FLEX KC Concepcion Jr. FLEX Chris Boswell,,,
5443,5277477145,TheRevBeefE,0,76.369995,CPT Harold Fannin Jr. FLEX Jaylen Warren FLEX Deshaun Watson FLEX Denzel Boston FLEX KC Concepcion Jr. FLEX Chris Boswell,,,
5443,5277552673,HUNNIDLA,0,76.369995,CPT Harold Fannin Jr. FLEX Jaylen Warren FLEX Deshaun Watson FLEX Denzel Boston FLEX KC Concepcion Jr. FLEX Chris Boswell,,,
5443,5277769922,bignasty03,0,76.369995,CPT Harold Fannin Jr. FLEX Jaylen Warren FLEX Deshaun Watson FLEX Denzel Boston FLEX KC Concepcion Jr. FLEX Chris Boswell,,,
5454,5277043808,adnutz,0,76.32001,CPT Steelers  FLEX Jaylen Warren FLEX Deshaun Watson FLEX Quinshon Judkins FLEX Harold Fannin Jr. FLEX Michael Pittman Jr.,,,
5454,5277271437,bcoll413,0,76.32001,CPT Steelers  FLEX Jaylen Warren FLEX Deshaun Watson FLEX Quinshon Judkins FLEX Harold Fannin Jr. FLEX Michael Pittman Jr.,,,
5454,5277596884,infamazz,0,76.32001,CPT Steelers  FLEX Jaylen Warren FLEX Deshaun Watson FLEX Quinshon Judkins FLEX Harold Fannin Jr. FLEX Michael Pittman Jr.,,,
5457,5277082391,skeeter1114,0,76.28,CPT Deshaun Watson FLEX Jaylen Warren FLEX Harold Fannin Jr. FLEX Michael Pittman Jr. FLEX KC Concepcion Jr. FLEX Darnell Washington,,,
5458,5277785388,SteelinTDs,0,76.270004,CPT Denzel Boston FLEX Jaylen Warren FLEX Deshaun Watson FLEX Harold Fannin Jr. FLEX Pat Freiermuth FLEX Chris Boswell,,,
5458,5277831286,spaz5604,0,76.270004,CPT Denzel Boston FLEX Jaylen Warren FLEX Deshaun Watson FLEX Harold Fannin Jr. FLEX Pat Freiermuth FLEX Chris Boswell,,,
5458,5277837264,depi0506,0,76.270004,CPT Denzel Boston FLEX Jaylen Warren FLEX Deshaun Watson FLEX Harold Fannin Jr. FLEX Pat Freiermuth FLEX Chris Boswell,,,
5461,5276146980,KODBLUEPITS,0,76.24,CPT Deshaun Watson FLEX Aaron Rodgers FLEX Harold Fannin Jr. FLEX Michael Pittman Jr. FLEX Pat Freiermuth FLEX Chris Boswell,,,
5462,5276186769,chuckface8,0,76.22,CPT KC Concepcion Jr. FLEX Jaylen Warren FLEX Deshaun Watson FLEX Denzel Boston FLEX Harold Fannin Jr. FLEX Chris Boswell,,,
5463,5277327333,rwendy,0,76.2,CPT Quinshon Judkins FLEX Jaylen Warren FLEX Harold Fannin Jr. FLEX Michael Pittman Jr. FLEX Chris Boswell FLEX Browns ,,,
5464,5276795949,gmosk,0,76.17,CPT Harold Fannin Jr. FLEX Jaylen Warren FLEX Deshaun Watson FLEX Denzel Boston FLEX Michael Pittman Jr. FLEX Darnell Washington,,,
5465,5275526548,BugD8008,0,76.119995,CPT Jaylen Warren FLEX Deshaun Watson FLEX Harold Fannin Jr. FLEX KC Concepcion Jr. FLEX Pat Freiermuth FLEX Chris Boswell,,,
5465,5277376847,DougieFreshYes,0,76.119995,CPT Jaylen Warren FLEX Deshaun Watson FLEX Harold Fannin Jr. FLEX KC Concepcion Jr. FLEX Pat Freiermuth FLEX Chris Boswell,,,
5465,5277557608,jareng21,0,76.119995,CPT Jaylen Warren FLEX Deshaun Watson FLEX Harold Fannin Jr. FLEX KC Concepcion Jr. FLEX Pat Freiermuth FLEX Chris Boswell,,,
5465,5277570108,ckat1985,0,76.119995,CPT Jaylen Warren FLEX Deshaun Watson FLEX Harold Fannin Jr. FLEX KC Concepcion Jr. FLEX Pat Freiermuth FLEX Chris Boswell,,,
5465,5277680998,jwilly401,0,76.119995,CPT Jaylen Warren FLEX Deshaun Watson FLEX Harold Fannin Jr. FLEX KC Concepcion Jr. FLEX Pat Freiermuth FLEX Chris Boswell,,,
5465,5277726597,Guida77,0,76.119995,CPT Jaylen Warren FLEX Deshaun Watson FLEX Harold Fannin Jr. FLEX KC Concepcion Jr. FLEX Pat Freiermuth FLEX Chris Boswell,,,
5465,5277768829,DurtyBurdBrian,0,76.119995,CPT Jaylen Warren FLEX Deshaun Watson FLEX Harold Fannin Jr. FLEX KC Concepcion Jr. FLEX Pat Freiermuth FLEX Chris Boswell,,,
5465,5277812746,bkp_1928,0,76.119995,CPT Jaylen Warren FLEX Deshaun Watson FLEX Harold Fannin Jr. FLEX KC Concepcion Jr. FLEX Pat Freiermuth FLEX Chris Boswell,,,
5465,5277815033,Rjanderson85,0,76.119995,CPT Jaylen Warren FLEX Deshaun Watson FLEX Harold Fannin Jr. FLEX KC Concepcion Jr. FLEX Pat Freiermuth FLEX Chris Boswell,,,
5474,5277576166,garrett3433,0,76.079994,CPT Blake Whiteheart FLEX Aaron Rodgers FLEX Jaylen Warren FLEX Deshaun Watson FLEX Quinshon Judkins FLEX Shedeur Sanders,,,
5475,5277672241,K-Steeler,0,76.07,CPT Harold Fannin Jr. FLEX Deshaun Watson FLEX Quinshon Judkins FLEX Chris Boswell FLEX Steelers  FLEX Andre Szmyt,,,
5476,5276799308,carpediem407,0,76,CPT Jaylen Warren FLEX Quinshon Judkins FLEX Chris Boswell FLEX Steelers  FLEX Browns  FLEX Andre Szmyt,,,
5476,5277200955,PSUMMERB,0,76,CPT Jaylen Warren FLEX Quinshon Judkins FLEX Chris Boswell FLEX Steelers  FLEX Browns  FLEX Andre Szmyt,,,
5476,5277497507,NOCHOP,0,76,CPT Jaylen Warren FLEX Quinshon Judkins FLEX Chris Boswell FLEX Steelers  FLEX Browns  FLEX Andre Szmyt,,,
5476,5277671827,nick.toon21,0,76,CPT Jaylen Warren FLEX Quinshon Judkins FLEX Chris Boswell FLEX Steelers  FLEX Browns  FLEX Andre Szmyt,,,
5480,5277634211,maurog24,0,75.97,CPT Harold Fannin Jr. FLEX Jaylen Warren FLEX Deshaun Watson FLEX Denzel Boston FLEX Steelers  FLEX Browns ,,,
5480,5277793474,Baroncup9607,0,75.97,CPT Harold Fannin Jr. FLEX Jaylen Warren FLEX Deshaun Watson FLEX Denzel Boston FLEX Steelers  FLEX Browns ,,,
5482,5276053219,cosbyssleeperz,0,75.92,CPT Jaylen Warren FLEX Deshaun Watson FLEX Denzel Boston FLEX Harold Fannin Jr. FLEX Chris Boswell FLEX Browns ,,,
5482,5276760924,aylsg,0,75.92,CPT Jaylen Warren FLEX Deshaun Watson FLEX Denzel Boston FLEX Harold Fannin Jr. FLEX Chris Boswell FLEX Browns ,,,
5482,5276875198,nmec1,0,75.92,CPT Jaylen Warren FLEX Deshaun Watson FLEX Denzel Boston FLEX Harold Fannin Jr. FLEX Chris Boswell FLEX Browns ,,,
5485,5277052164,SolarGarlic94,0,75.88,CPT Deshaun Watson FLEX Denzel Boston FLEX Harold Fannin Jr. FLEX Michael Pittman Jr. FLEX Browns  FLEX Roman Wilson,,,
5486,5277852407,Pjev11,0,75.78,CPT Deshaun Watson FLEX Jaylen Warren FLEX Harold Fannin Jr. FLEX KC Concepcion Jr. FLEX Pat Freiermuth FLEX Chris Boswell,,,
5487,5276098584,cwash47,0,75.75,CPT Denzel Boston FLEX Jaylen Warren FLEX Quinshon Judkins FLEX Harold Fannin Jr. FLEX Michael Pittman Jr. FLEX Chris Boswell,,,
5487,5276618895,docslugs,0,75.75,CPT Denzel Boston FLEX Jaylen Warren FLEX Quinshon Judkins FLEX Harold Fannin Jr. FLEX Michael Pittman Jr. FLEX Chris Boswell,,,
5487,5276652781,Rwfsports,0,75.75,CPT Denzel Boston FLEX Jaylen Warren FLEX Quinshon Judkins FLEX Harold Fannin Jr. FLEX Michael Pittman Jr. FLEX Chris Boswell,,,
5487,5276868081,corruption79,0,75.75,CPT Denzel Boston FLEX Jaylen Warren FLEX Quinshon Judkins FLEX Harold Fannin Jr. FLEX Michael Pittman Jr. FLEX Chris Boswell,,,
5487,5277325368,gochiefsjason,0,75.75,CPT Denzel Boston FLEX Jaylen Warren FLEX Quinshon Judkins FLEX Harold Fannin Jr. FLEX Michael Pittman Jr. FLEX Chris Boswell,,,
5487,5277871706,epscorpio,0,75.75,CPT Denzel Boston FLEX Jaylen Warren FLEX Quinshon Judkins FLEX Harold Fannin Jr. FLEX Michael Pittman Jr. FLEX Chris Boswell,,,
5493,5276305705,ehlomir,0,75.72,CPT Jaylen Warren FLEX Deshaun Watson FLEX Harold Fannin Jr. FLEX Pat Freiermuth FLEX Steelers  FLEX Browns ,,,
5494,5276617784,kingofkaraoke,0,75.7,CPT Jaylen Warren FLEX Quinshon Judkins FLEX Harold Fannin Jr. FLEX Chris Boswell FLEX Steelers  FLEX Browns ,,,
5495,5276852757,erpumala,0,75.67,CPT Harold Fannin Jr. FLEX Jaylen Warren FLEX Deshaun Watson FLEX Denzel Boston FLEX Pat Freiermuth FLEX Chris Boswell,,,
5495,5277042935,koldkardiac,0,75.67,CPT Harold Fannin Jr. FLEX Jaylen Warren FLEX Deshaun Watson FLEX Denzel Boston FLEX Pat Freiermuth FLEX Chris Boswell,,,
5495,5277219776,soonerbernie2002,0,75.67,CPT Harold Fannin Jr. FLEX Jaylen Warren FLEX Deshaun Watson FLEX Denzel Boston FLEX Pat Freiermuth FLEX Chris Boswell,,,
5495,5277464478,rflow54,0,75.67,CPT Harold Fannin Jr. FLEX Jaylen Warren FLEX Deshaun Watson FLEX Denzel Boston FLEX Pat Freiermuth FLEX Chris Boswell,,,
5495,5277471724,Spoof7,0,75.67,CPT Harold Fannin Jr. FLEX Jaylen Warren FLEX Deshaun Watson FLEX Denzel Boston FLEX Pat Freiermuth FLEX Chris Boswell,,,
5495,5277606525,DjPete,0,75.67,CPT Harold Fannin Jr. FLEX Jaylen Warren FLEX Deshaun Watson FLEX Denzel Boston FLEX Pat Freiermuth FLEX Chris Boswell,,,
5495,5277694519,LunaTubular99,0,75.67,CPT Harold Fannin Jr. FLEX Jaylen Warren FLEX Deshaun Watson FLEX Denzel Boston FLEX Pat Freiermuth FLEX Chris Boswell,,,
5495,5277721628,Bostonmarc,0,75.67,CPT Harold Fannin Jr. FLEX Jaylen Warren FLEX Deshaun Watson FLEX Denzel Boston FLEX Pat Freiermuth FLEX Chris Boswell,,,
5495,5277756728,kcwegleitner,0,75.67,CPT Harold Fannin Jr. FLEX Jaylen Warren FLEX Deshaun Watson FLEX Denzel Boston FLEX Pat Freiermuth FLEX Chris Boswell,,,
5495,5277802026,erinmwhitman,0,75.67,CPT Harold Fannin Jr. FLEX Jaylen Warren FLEX Deshaun Watson FLEX Denzel Boston FLEX Pat Freiermuth FLEX Chris Boswell,,,
5505,5277034911,mstacy2488,0,75.65,CPT Denzel Boston FLEX Jaylen Warren FLEX DK Metcalf FLEX Harold Fannin Jr. FLEX Michael Pittman Jr. FLEX Steelers ,,,
5506,5277698355,Piperbell,0,75.6,CPT Jaylen Warren FLEX Quinshon Judkins FLEX Harold Fannin Jr. FLEX Michael Pittman Jr. FLEX KC Concepcion Jr. FLEX Chris Boswell,,,
5506,5277857307,oceanel6,0,75.6,CPT Jaylen Warren FLEX Quinshon Judkins FLEX Harold Fannin Jr. FLEX Michael Pittman Jr. FLEX KC Concepcion Jr. FLEX Chris Boswell,,,
5508,5276145032,abrowder420,0,75.58,CPT Deshaun Watson FLEX Jaylen Warren FLEX Denzel Boston FLEX Harold Fannin Jr. FLEX Chris Boswell FLEX Browns ,,,
5508,5276843494,bornfocused,0,75.58,CPT Deshaun Watson FLEX Jaylen Warren FLEX Denzel Boston FLEX Harold Fannin Jr. FLEX Chris Boswell FLEX Browns ,,,
5508,5277601064,thezenunderground,0,75.58,CPT Deshaun Watson FLEX Jaylen Warren FLEX Denzel Boston FLEX Harold Fannin Jr. FLEX Chris Boswell FLEX Browns ,,,
5508,5277668019,unwrappedcurve6,0,75.58,CPT Deshaun Watson FLEX Jaylen Warren FLEX Denzel Boston FLEX Harold Fannin Jr. FLEX Chris Boswell FLEX Browns ,,,
5508,5277808718,TheCalhounKid,0,75.58,CPT Deshaun Watson FLEX Jaylen Warren FLEX Denzel Boston FLEX Harold Fannin Jr. FLEX Chris Boswell FLEX Browns ,,,
5508,5277701413,tygivan8,0,75.579994,CPT Deshaun Watson FLEX Denzel Boston FLEX Michael Pittman Jr. FLEX KC Concepcion Jr. FLEX Browns  FLEX Roman Wilson,,,
5514,5275418325,Nroyal0326,0,75.55,CPT Harold Fannin Jr. FLEX Jaylen Warren FLEX DK Metcalf FLEX Denzel Boston FLEX Chris Boswell FLEX Steelers ,,,
5515,5277679213,warcat67,0,75.53,CPT Harold Fannin Jr. FLEX Aaron Rodgers FLEX Jaylen Warren FLEX Deshaun Watson FLEX Michael Pittman Jr. FLEX Blake Whiteheart,,,
5516,5275524639,coltsdyn,0,75.47,CPT Denzel Boston FLEX Jaylen Warren FLEX Deshaun Watson FLEX Michael Pittman Jr. FLEX KC Concepcion Jr. FLEX Pat Freiermuth,,,
5516,5276899782,lewand1,0,75.47,CPT Denzel Boston FLEX Jaylen Warren FLEX Deshaun Watson FLEX Michael Pittman Jr. FLEX KC Concepcion Jr. FLEX Pat Freiermuth,,,
5518,5277712978,Jerry860,0,75.41,CPT Pat Freiermuth FLEX Aaron Rodgers FLEX Chris Boswell FLEX Steelers  FLEX Browns  FLEX Roman Wilson,,,
5519,5277861068,Triz84,0,75.4,CPT KC Concepcion Jr. FLEX Quinshon Judkins FLEX Harold Fannin Jr. FLEX Chris Boswell FLEX Browns  FLEX Andre Szmyt,,,
5520,5277081316,eaglesnation83,0,75.38,CPT Jaylen Warren FLEX Aaron Rodgers FLEX Deshaun Watson FLEX Michael Pittman Jr. FLEX Steelers  FLEX Raheim Sanders,,,
5520,5277599672,JReed6,0,75.38,CPT Jaylen Warren FLEX Aaron Rodgers FLEX Deshaun Watson FLEX Michael Pittman Jr. FLEX Steelers  FLEX Raheim Sanders,,,
5520,5277614252,TylerWhitlock,0,75.38,CPT Chris Boswell FLEX Aaron Rodgers FLEX Jaylen Warren FLEX Deshaun Watson FLEX Michael Pittman Jr. FLEX KC Concepcion Jr.,,,
5520,5277756225,whitehammer223,0,75.38,CPT Chris Boswell FLEX Aaron Rodgers FLEX Jaylen Warren FLEX Deshaun Watson FLEX Michael Pittman Jr. FLEX KC Concepcion Jr.,,,
5524,5277295286,lovemesomeme67,0,75.28,CPT Deshaun Watson FLEX Jaylen Warren FLEX Denzel Boston FLEX KC Concepcion Jr. FLEX Chris Boswell FLEX Browns ,,,
5525,5277864242,upirish,0,75.22,CPT Quinshon Judkins FLEX Deshaun Watson FLEX Michael Pittman Jr. FLEX KC Concepcion Jr. FLEX Chris Boswell FLEX Browns ,,,
5526,5277122068,CostaDoinBusiness,0,75.2,CPT Jaylen Warren FLEX Quinshon Judkins FLEX Harold Fannin Jr. FLEX Michael Pittman Jr. FLEX Steelers  FLEX Browns ,,,
5527,5277313245,stugates,0,75.159996,CPT Steelers  FLEX Aaron Rodgers FLEX Jaylen Warren FLEX Harold Fannin Jr. FLEX Michael Pittman Jr. FLEX KC Concepcion Jr.,,,
5528,5275695861,BradyWeber2232,0,75.149994,CPT Harold Fannin Jr. FLEX Jaylen Warren FLEX Quinshon Judkins FLEX Denzel Boston FLEX Michael Pittman Jr. FLEX Chris Boswell,,,
5528,5276724385,atl1bst,0,75.149994,CPT Harold Fannin Jr. FLEX Jaylen Warren FLEX Quinshon Judkins FLEX Denzel Boston FLEX Michael Pittman Jr. FLEX Chris Boswell,,,
5528,5277178611,billywalp,0,75.149994,CPT Harold Fannin Jr. FLEX Jaylen Warren FLEX Quinshon Judkins FLEX Denzel Boston FLEX Michael Pittman Jr. FLEX Chris Boswell,,,
5528,5277244906,Pbrain,0,75.149994,CPT Harold Fannin Jr. FLEX Jaylen Warren FLEX Quinshon Judkins FLEX Denzel Boston FLEX Michael Pittman Jr. FLEX Chris Boswell,,,
5528,5277386524,MoMoneyEveryTime,0,75.149994,CPT Harold Fannin Jr. FLEX Jaylen Warren FLEX Quinshon Judkins FLEX Denzel Boston FLEX Michael Pittman Jr. FLEX Chris Boswell,,,
5528,5277673667,1colt1,0,75.149994,CPT Harold Fannin Jr. FLEX Jaylen Warren FLEX Quinshon Judkins FLEX Denzel Boston FLEX Michael Pittman Jr. FLEX Chris Boswell,,,
5528,5277699843,Toolman521,0,75.149994,CPT Harold Fannin Jr. FLEX Jaylen Warren FLEX Quinshon Judkins FLEX Denzel Boston FLEX Michael Pittman Jr. FLEX Chris Boswell,,,
5528,5277732125,Apodbielski22,0,75.149994,CPT Harold Fannin Jr. FLEX Jaylen Warren FLEX Quinshon Judkins FLEX Denzel Boston FLEX Michael Pittman Jr. FLEX Chris Boswell,,,
5536,5277514665,prestondnwy,0,75.1,CPT Steelers  FLEX Jaylen Warren FLEX Quinshon Judkins FLEX Denzel Boston FLEX Chris Boswell FLEX Andre Szmyt,,,
5537,5277006483,Djosh1231,0,75.079994,CPT Raheim Sanders FLEX Aaron Rodgers FLEX Jaylen Warren FLEX Deshaun Watson FLEX Harold Fannin Jr. FLEX Michael Pittman Jr.,,,
5537,5277412625,Papabooda,0,75.079994,CPT Raheim Sanders FLEX Aaron Rodgers FLEX Jaylen Warren FLEX Deshaun Watson FLEX Harold Fannin Jr. FLEX Michael Pittman Jr.,,,
5537,5277754926,rivecco20,0,75.079994,CPT Raheim Sanders FLEX Aaron Rodgers FLEX Jaylen Warren FLEX Deshaun Watson FLEX Harold Fannin Jr. FLEX Michael Pittman Jr.,,,
5540,5277091588,Tiguy3321,0,75.07,CPT Denzel Boston FLEX Deshaun Watson FLEX Quinshon Judkins FLEX Harold Fannin Jr. FLEX Michael Pittman Jr. FLEX Chris Boswell,,,
5541,5277431761,nevinator99,0,75.06,CPT Browns  FLEX Aaron Rodgers FLEX Jaylen Warren FLEX Chris Boswell FLEX Steelers  FLEX Andre Szmyt,,,
5542,5277457222,gumutown,0,74.92,CPT Andre Szmyt FLEX Jaylen Warren FLEX Deshaun Watson FLEX Chris Boswell FLEX Steelers  FLEX Roman Wilson,,,
5543,5275603630,Acid-ReFlux7,0,74.9,CPT Roman Wilson FLEX Denzel Boston FLEX Harold Fannin Jr. FLEX Pat Freiermuth FLEX Steelers  FLEX Browns ,,,
5544,5277646717,sting329,0,74.88,CPT Deshaun Watson FLEX Jaylen Warren FLEX Quinshon Judkins FLEX KC Concepcion Jr. FLEX Chris Boswell FLEX Travis Homer,,,
5545,5277863752,mbro24,0,74.87,CPT Denzel Boston FLEX Jaylen Warren FLEX Deshaun Watson FLEX Quinshon Judkins FLEX Michael Pittman Jr. FLEX Travis Homer,,,
5546,5277754380,mojoefalcon,0,74.81,CPT Pat Freiermuth FLEX Aaron Rodgers FLEX Jaylen Warren FLEX Harold Fannin Jr. FLEX Michael Pittman Jr. FLEX Chris Boswell,,,
5547,5276377386,jewallace74,0,74.8,CPT Jaylen Warren FLEX DK Metcalf FLEX Harold Fannin Jr. FLEX Michael Pittman Jr. FLEX Pat Freiermuth FLEX Steelers ,,,
5548,5276507877,keanomarino,0,74.72,CPT Steelers  FLEX Jaylen Warren FLEX Deshaun Watson FLEX DK Metcalf FLEX Harold Fannin Jr. FLEX Chris Boswell,,,
5548,5276644127,zachstover03,0,74.72,CPT Steelers  FLEX Jaylen Warren FLEX Deshaun Watson FLEX DK Metcalf FLEX Harold Fannin Jr. FLEX Chris Boswell,,,
5550,5277059350,Mannyfresh101,0,74.700005,CPT Jaylen Warren FLEX DK Metcalf FLEX Denzel Boston FLEX Michael Pittman Jr. FLEX KC Concepcion Jr. FLEX Chris Boswell,,,
5550,5277560722,Gusscoal,0,74.700005,CPT Jaylen Warren FLEX DK Metcalf FLEX Denzel Boston FLEX Michael Pittman Jr. FLEX KC Concepcion Jr. FLEX Chris Boswell,,,
5552,5276030888,beaverlb40,0,74.68,CPT Deshaun Watson FLEX Jaylen Warren FLEX Harold Fannin Jr. FLEX Chris Boswell FLEX Browns  FLEX Andre Szmyt,,,
5553,5276546343,beanja,0,74.67,CPT Pat Freiermuth FLEX Jaylen Warren FLEX Deshaun Watson FLEX Denzel Boston FLEX Harold Fannin Jr. FLEX Michael Pittman Jr.,,,
5553,5276845189,mja777king,0,74.67,CPT Pat Freiermuth FLEX Jaylen Warren FLEX Deshaun Watson FLEX Denzel Boston FLEX Harold Fannin Jr. FLEX Michael Pittman Jr.,,,
5553,5276871320,Skiss37,0,74.67,CPT Pat Freiermuth FLEX Jaylen Warren FLEX Deshaun Watson FLEX Denzel Boston FLEX Harold Fannin Jr. FLEX Michael Pittman Jr.,,,
5553,5277030932,coryw7,0,74.67,CPT Pat Freiermuth FLEX Jaylen Warren FLEX Deshaun Watson FLEX Denzel Boston FLEX Harold Fannin Jr. FLEX Michael Pittman Jr.,,,
5553,5277090536,bv1840,0,74.67,CPT Pat Freiermuth FLEX Jaylen Warren FLEX Deshaun Watson FLEX Denzel Boston FLEX Harold Fannin Jr. FLEX Michael Pittman Jr.,,,
5558,5277600853,Unkallediv,0,74.649994,CPT DK Metcalf FLEX Denzel Boston FLEX Michael Pittman Jr. FLEX KC Concepcion Jr. FLEX Roman Wilson FLEX Isaiah Bond,,,
5559,5276963170,tjtjtj101,0,74.62,CPT KC Concepcion Jr. FLEX Jaylen Warren FLEX Deshaun Watson FLEX DK Metcalf FLEX Michael Pittman Jr. FLEX Chris Boswell,,,
5559,5277780832,doinky1,0,74.62,CPT KC Concepcion Jr. FLEX Jaylen Warren FLEX Deshaun Watson FLEX Steelers  FLEX Browns  FLEX Andre Szmyt,,,
5559,5276029857,gojasgo,0,74.619995,CPT Browns  FLEX Jaylen Warren FLEX Deshaun Watson FLEX Denzel Boston FLEX Harold Fannin Jr. FLEX Steelers ,,,
5559,5276804773,jorged.57,0,74.619995,CPT Browns  FLEX Jaylen Warren FLEX Deshaun Watson FLEX Denzel Boston FLEX Harold Fannin Jr. FLEX Steelers ,,,
5559,5277339739,ak118,0,74.619995,CPT Browns  FLEX Jaylen Warren FLEX Deshaun Watson FLEX Denzel Boston FLEX Harold Fannin Jr. FLEX Steelers ,,,
5564,5277161228,bhodge23,0,74.6,CPT Chris Boswell FLEX Jaylen Warren FLEX Denzel Boston FLEX Harold Fannin Jr. FLEX Andre Szmyt FLEX Roman Wilson,,,
5565,5277311985,wioux,0,74.57,CPT Denzel Boston FLEX Jaylen Warren FLEX Deshaun Watson FLEX Harold Fannin Jr. FLEX Chris Boswell FLEX Browns ,,,
5566,5276655659,LivingTheHighLife,0,74.52999,CPT Michael Pittman Jr. FLEX Aaron Rodgers FLEX Jaylen Warren FLEX Deshaun Watson FLEX Harold Fannin Jr. FLEX Germie Bernard,,,
5566,5277561295,yipyskipy,0,74.52999,CPT Michael Pittman Jr. FLEX Aaron Rodgers FLEX Jaylen Warren FLEX Deshaun Watson FLEX Harold Fannin Jr. FLEX Germie Bernard,,,
5568,5277248757,jshine20,0,74.46,CPT Steelers  FLEX Aaron Rodgers FLEX Jaylen Warren FLEX Harold Fannin Jr. FLEX Michael Pittman Jr. FLEX Pat Freiermuth,,,
5569,5276831508,never2l8,0,74.35,CPT DK Metcalf FLEX Jaylen Warren FLEX Harold Fannin Jr. FLEX Michael Pittman Jr. FLEX Pat Freiermuth FLEX Raheim Sanders,,,
5570,5277833189,dhaigood,0,74.340004,CPT Deshaun Watson FLEX Aaron Rodgers FLEX Denzel Boston FLEX Harold Fannin Jr. FLEX Michael Pittman Jr. FLEX Travis Homer,,,
5571,5277119419,TAD75052,0,74.3,CPT Steelers  FLEX Jaylen Warren FLEX Quinshon Judkins FLEX Denzel Boston FLEX Harold Fannin Jr. FLEX Michael Pittman Jr.,,,
5571,5277716539,MrWatts318,0,74.3,CPT Steelers  FLEX Jaylen Warren FLEX Quinshon Judkins FLEX Denzel Boston FLEX Harold Fannin Jr. FLEX Michael Pittman Jr.,,,
5573,5276621070,LukeMonceaux,0,74.22,CPT Steelers  FLEX Jaylen Warren FLEX Deshaun Watson FLEX DK Metcalf FLEX Harold Fannin Jr. FLEX Michael Pittman Jr.,,,
5573,5277132841,Ncredable,0,74.22,CPT Jaylen Warren FLEX Deshaun Watson FLEX Denzel Boston FLEX Harold Fannin Jr. FLEX KC Concepcion Jr. FLEX Travis Homer,,,
5573,5277343406,billarthur,0,74.22,CPT Steelers  FLEX Jaylen Warren FLEX Deshaun Watson FLEX DK Metcalf FLEX Harold Fannin Jr. FLEX Michael Pittman Jr.,,,
5573,5277576205,Foudaddy,0,74.22,CPT Steelers  FLEX Jaylen Warren FLEX Deshaun Watson FLEX DK Metcalf FLEX Harold Fannin Jr. FLEX Michael Pittman Jr.,,,
5573,5277759620,Jwat41,0,74.22,CPT Steelers  FLEX Jaylen Warren FLEX Deshaun Watson FLEX DK Metcalf FLEX Harold Fannin Jr. FLEX Michael Pittman Jr.,,,
5573,5277813239,shepford76,0,74.22,CPT Steelers  FLEX Jaylen Warren FLEX Deshaun Watson FLEX DK Metcalf FLEX Harold Fannin Jr. FLEX Michael Pittman Jr.,,,
5579,5276942980,Physco,0,74.2,CPT Andre Szmyt FLEX Jaylen Warren FLEX Quinshon Judkins FLEX Chris Boswell FLEX Steelers  FLEX Browns ,,,
5580,5277777915,Cozyking,0,74.17,CPT Harold Fannin Jr. FLEX Jaylen Warren FLEX Deshaun Watson FLEX KC Concepcion Jr. FLEX Pat Freiermuth FLEX Chris Boswell,,,
5581,5277095012,whittlestick,0,74.020004,CPT Chris Boswell FLEX Jaylen Warren FLEX Deshaun Watson FLEX DK Metcalf FLEX Steelers  FLEX Andre Szmyt,,,
5582,5277490045,Bodine,0,73.979996,CPT Deshaun Watson FLEX Jaylen Warren FLEX DK Metcalf FLEX Michael Pittman Jr. FLEX Chris Boswell FLEX Browns ,,,
5583,5277376344,jtrav2321,0,73.97,CPT Harold Fannin Jr. FLEX Jaylen Warren FLEX Deshaun Watson FLEX Denzel Boston FLEX Chris Boswell FLEX Browns ,,,
5584,5276672464,bluebld93,0,73.96,CPT Chris Boswell FLEX Aaron Rodgers FLEX Jaylen Warren FLEX Harold Fannin Jr. FLEX Pat Freiermuth FLEX Steelers ,,,
5585,5276443184,deuce6078,0,73.95,CPT Denzel Boston FLEX Jaylen Warren FLEX DK Metcalf FLEX Michael Pittman Jr. FLEX Chris Boswell FLEX Andre Szmyt,,,
5586,5277412227,CassiusClay1974,0,73.92,CPT Jaylen Warren FLEX Deshaun Watson FLEX Harold Fannin Jr. FLEX Michael Pittman Jr. FLEX KC Concepcion Jr. FLEX Browns ,,,
5586,5277802396,cwcarroll2,0,73.92,CPT Jaylen Warren FLEX Deshaun Watson FLEX Harold Fannin Jr. FLEX Michael Pittman Jr. FLEX KC Concepcion Jr. FLEX Browns ,,,
5586,5277825085,Dvalencia5000,0,73.92,CPT Jaylen Warren FLEX Deshaun Watson FLEX Harold Fannin Jr. FLEX Michael Pittman Jr. FLEX KC Concepcion Jr. FLEX Browns ,,,
5589,5276021133,TrunkMonkey,0,73.9,CPT Steelers  FLEX Jaylen Warren FLEX Quinshon Judkins FLEX Harold Fannin Jr. FLEX Chris Boswell FLEX Andre Szmyt,,,
5589,5277686383,rharbin27,0,73.9,CPT Jaylen Warren FLEX DK Metcalf FLEX Chris Boswell FLEX Steelers  FLEX Browns  FLEX Andre Szmyt,,,
5591,5277184253,bruceroeder,0,73.770004,CPT Harold Fannin Jr. FLEX Jaylen Warren FLEX Deshaun Watson FLEX Pat Freiermuth FLEX Steelers  FLEX Browns ,,,
5591,5277029480,frerickm,0,73.77,CPT Denzel Boston FLEX Jaylen Warren FLEX Deshaun Watson FLEX Michael Pittman Jr. FLEX KC Concepcion Jr. FLEX Browns ,,,
5593,5276499036,ryder_back,0,73.76,CPT Jaylen Warren FLEX Aaron Rodgers FLEX Denzel Boston FLEX Michael Pittman Jr. FLEX Chris Boswell FLEX Steelers ,,,
5593,5277271764,Ezalas,0,73.76,CPT Jaylen Warren FLEX Aaron Rodgers FLEX Denzel Boston FLEX Michael Pittman Jr. FLEX Chris Boswell FLEX Steelers ,,,
5593,5277734067,patsellar,0,73.76,CPT Jaylen Warren FLEX Aaron Rodgers FLEX Denzel Boston FLEX Michael Pittman Jr. FLEX Chris Boswell FLEX Steelers ,,,
5596,5276577048,DPK911,0,73.68,CPT Deshaun Watson FLEX DK Metcalf FLEX Denzel Boston FLEX Michael Pittman Jr. FLEX KC Concepcion Jr. FLEX Chris Boswell,,,
5597,5277091875,Bundle-rooski,0,73.67,CPT Pat Freiermuth FLEX Jaylen Warren FLEX Deshaun Watson FLEX Harold Fannin Jr. FLEX KC Concepcion Jr. FLEX Chris Boswell,,,
5597,5277174084,bas1927,0,73.67,CPT Harold Fannin Jr. FLEX Jaylen Warren FLEX Deshaun Watson FLEX Michael Pittman Jr. FLEX KC Concepcion Jr. FLEX Pat Freiermuth,,,
5597,5277246516,bigmh,0,73.67,CPT Harold Fannin Jr. FLEX Jaylen Warren FLEX Deshaun Watson FLEX Michael Pittman Jr. FLEX KC Concepcion Jr. FLEX Pat Freiermuth,,,
5597,5277348652,gretzky99_99,0,73.67,CPT Harold Fannin Jr. FLEX Jaylen Warren FLEX Deshaun Watson FLEX Michael Pittman Jr. FLEX KC Concepcion Jr. FLEX Pat Freiermuth,,,
5601,5276362486,JDamien2442,0,73.659996,CPT Chris Boswell FLEX Aaron Rodgers FLEX Jaylen Warren FLEX Denzel Boston FLEX Harold Fannin Jr. FLEX Michael Pittman Jr.,,,
5601,5277485078,t1mack42,0,73.659996,CPT Chris Boswell FLEX Aaron Rodgers FLEX Jaylen Warren FLEX Denzel Boston FLEX Harold Fannin Jr. FLEX Michael Pittman Jr.,,,
5603,5277002825,19cmk66,0,73.6,CPT Jaylen Warren FLEX Denzel Boston FLEX Harold Fannin Jr. FLEX Michael Pittman Jr. FLEX KC Concepcion Jr. FLEX Pat Freiermuth,,,
5604,5277778403,dsimkowitz,0,73.579994,CPT Deshaun Watson FLEX Jaylen Warren FLEX Harold Fannin Jr. FLEX Michael Pittman Jr. FLEX KC Concepcion Jr. FLEX Browns ,,,
5605,5276516862,gbpdave43,0,73.57,CPT Pat Freiermuth FLEX Jaylen Warren FLEX Deshaun Watson FLEX DK Metcalf FLEX Michael Pittman Jr. FLEX Chris Boswell,,,
5606,5276703813,donhelge,0,73.56,CPT Steelers  FLEX Aaron Rodgers FLEX Jaylen Warren FLEX Chris Boswell FLEX Browns  FLEX Andre Szmyt,,,
5607,5275804708,marksword,0,73.520004,CPT KC Concepcion Jr. FLEX Jaylen Warren FLEX Deshaun Watson FLEX Harold Fannin Jr. FLEX Michael Pittman Jr. FLEX Pat Freiermuth,,,
5607,5277432496,cmorbi,0,73.520004,CPT KC Concepcion Jr. FLEX Jaylen Warren FLEX Deshaun Watson FLEX Harold Fannin Jr. FLEX Michael Pittman Jr. FLEX Pat Freiermuth,,,
5607,5277617542,Onager41,0,73.520004,CPT KC Concepcion Jr. FLEX Jaylen Warren FLEX Deshaun Watson FLEX Harold Fannin Jr. FLEX Michael Pittman Jr. FLEX Pat Freiermuth,,,
5610,5276503591,kgudim,0,73.47,CPT Harold Fannin Jr. FLEX Jaylen Warren FLEX Deshaun Watson FLEX Denzel Boston FLEX Michael Pittman Jr. FLEX Browns ,,,
5610,5277357667,pcollier19,0,73.47,CPT Harold Fannin Jr. FLEX Jaylen Warren FLEX Deshaun Watson FLEX Denzel Boston FLEX Michael Pittman Jr. FLEX Browns ,,,
5610,5277831616,MhatMcoat,0,73.47,CPT Harold Fannin Jr. FLEX Jaylen Warren FLEX Deshaun Watson FLEX Denzel Boston FLEX Michael Pittman Jr. FLEX Browns ,,,
5610,5277851847,shyguy0390,0,73.47,CPT Harold Fannin Jr. FLEX Jaylen Warren FLEX Deshaun Watson FLEX Denzel Boston FLEX Michael Pittman Jr. FLEX Browns ,,,
5614,5277809821,aanderson61,0,73.42,CPT Chris Boswell FLEX Jaylen Warren FLEX Deshaun Watson FLEX DK Metcalf FLEX KC Concepcion Jr. FLEX Steelers ,,,
5615,5276027250,HeyGoBelowMe,0,73.38,CPT Deshaun Watson FLEX Jaylen Warren FLEX Harold Fannin Jr. FLEX Pat Freiermuth FLEX Chris Boswell FLEX Browns ,,,
5616,5277113615,dj3baker,0,73.32001,CPT Chris Boswell FLEX Jaylen Warren FLEX Deshaun Watson FLEX Quinshon Judkins FLEX Harold Fannin Jr. FLEX Michael Pittman Jr.,,,
5616,5277508183,joseslgd14,0,73.32001,CPT Chris Boswell FLEX Jaylen Warren FLEX Deshaun Watson FLEX Quinshon Judkins FLEX Harold Fannin Jr. FLEX Michael Pittman Jr.,,,
5616,5277526995,Buckeye-Ninja,0,73.32001,CPT Chris Boswell FLEX Jaylen Warren FLEX Deshaun Watson FLEX Quinshon Judkins FLEX Harold Fannin Jr. FLEX Michael Pittman Jr.,,,
5616,5277626635,stephens806,0,73.32001,CPT Chris Boswell FLEX Jaylen Warren FLEX Deshaun Watson FLEX Quinshon Judkins FLEX Harold Fannin Jr. FLEX Michael Pittman Jr.,,,
5620,5277587486,OneSign1,0,73.25,CPT Harold Fannin Jr. FLEX Jaylen Warren FLEX Quinshon Judkins FLEX Michael Pittman Jr. FLEX Steelers  FLEX Browns ,,,
5621,5275520260,jpeyton1219,0,73.22,CPT Jaylen Warren FLEX Deshaun Watson FLEX Denzel Boston FLEX Chris Boswell FLEX Steelers  FLEX Andre Szmyt,,,
5622,5276772842,HeartSR,0,73.21,CPT Denzel Boston FLEX Aaron Rodgers FLEX Harold Fannin Jr. FLEX Michael Pittman Jr. FLEX Pat Freiermuth FLEX Chris Boswell,,,
5623,5277322415,jbgood33,0,73.2,CPT Shedeur Sanders FLEX Jaylen Warren FLEX Quinshon Judkins FLEX Denzel Boston FLEX Harold Fannin Jr. FLEX KC Concepcion Jr.,,,
5623,5277463459,dankretnuh,0,73.2,CPT Jaylen Warren FLEX Harold Fannin Jr. FLEX KC Concepcion Jr. FLEX Pat Freiermuth FLEX Chris Boswell FLEX Andre Szmyt,,,
5625,5277699282,gurujirmca,0,73.15,CPT Denzel Boston FLEX Jaylen Warren FLEX Quinshon Judkins FLEX Chris Boswell FLEX Steelers  FLEX Jerry Jeudy,,,
5626,5277033042,rap76,0,73.12999,CPT Michael Pittman Jr. FLEX Aaron Rodgers FLEX Jaylen Warren FLEX Deshaun Watson FLEX Harold Fannin Jr. FLEX Ben Skowronek,,,
5627,5276780240,chadbass,0,73.11,CPT Michael Pittman Jr. FLEX Aaron Rodgers FLEX Jaylen Warren FLEX Denzel Boston FLEX KC Concepcion Jr. FLEX Chris Boswell,,,
5628,5276535294,CaptainMack,0,73.05,CPT Harold Fannin Jr. FLEX Jaylen Warren FLEX DK Metcalf FLEX Denzel Boston FLEX Michael Pittman Jr. FLEX Chris Boswell,,,
5628,5277134598,MartianFrylock88,0,73.05,CPT Harold Fannin Jr. FLEX Jaylen Warren FLEX DK Metcalf FLEX Denzel Boston FLEX Michael Pittman Jr. FLEX Chris Boswell,,,
5628,5277139918,jbarcomb920,0,73.05,CPT Harold Fannin Jr. FLEX Jaylen Warren FLEX DK Metcalf FLEX Denzel Boston FLEX Michael Pittman Jr. FLEX Chris Boswell,,,
5628,5277419368,Acehi47,0,73.05,CPT Harold Fannin Jr. FLEX Jaylen Warren FLEX DK Metcalf FLEX Denzel Boston FLEX Michael Pittman Jr. FLEX Chris Boswell,,,
5632,5276326407,Jemaneye,0,73.02,CPT Jaylen Warren FLEX Deshaun Watson FLEX DK Metcalf FLEX Harold Fannin Jr. FLEX Michael Pittman Jr. FLEX Blake Whiteheart,,,
5633,5275437030,monkeywrench,0,72.979996,CPT Chris Boswell FLEX Aaron Rodgers FLEX Deshaun Watson FLEX Denzel Boston FLEX Harold Fannin Jr. FLEX Michael Pittman Jr.,,,
5634,5277412224,BrendanSalter42,0,72.97,CPT Denzel Boston FLEX Deshaun Watson FLEX DK Metcalf FLEX Harold Fannin Jr. FLEX Michael Pittman Jr. FLEX Chris Boswell,,,
5634,5277759232,Boston187vkd,0,72.97,CPT Denzel Boston FLEX Deshaun Watson FLEX DK Metcalf FLEX Harold Fannin Jr. FLEX Michael Pittman Jr. FLEX Chris Boswell,,,
5636,5276092168,mscroggs300,0,72.92,CPT Jaylen Warren FLEX Deshaun Watson FLEX Denzel Boston FLEX Harold Fannin Jr. FLEX Chris Boswell FLEX Steelers ,,,
5636,5276092889,jsink2992,0,72.92,CPT Jaylen Warren FLEX Deshaun Watson FLEX Denzel Boston FLEX Harold Fannin Jr. FLEX Chris Boswell FLEX Steelers ,,,
5636,5276487638,sportsart,0,72.92,CPT Jaylen Warren FLEX Deshaun Watson FLEX Denzel Boston FLEX Harold Fannin Jr. FLEX Chris Boswell FLEX Steelers ,,,
5636,5276678422,birdsboys3,0,72.92,CPT Jaylen Warren FLEX Deshaun Watson FLEX Denzel Boston FLEX Harold Fannin Jr. FLEX Chris Boswell FLEX Steelers ,,,
5636,5276703278,INTULLYGENT,0,72.92,CPT Jaylen Warren FLEX Deshaun Watson FLEX Denzel Boston FLEX Harold Fannin Jr. FLEX Chris Boswell FLEX Steelers ,,,
5636,5276853973,RichW1972,0,72.92,CPT Jaylen Warren FLEX Deshaun Watson FLEX Denzel Boston FLEX Harold Fannin Jr. FLEX Chris Boswell FLEX Steelers ,,,
5636,5276889306,jherold48,0,72.92,CPT Jaylen Warren FLEX Deshaun Watson FLEX Denzel Boston FLEX Harold Fannin Jr. FLEX Chris Boswell FLEX Steelers ,,,
5636,5277051315,CoreyDunn1888,0,72.92,CPT Jaylen Warren FLEX Deshaun Watson FLEX Denzel Boston FLEX Harold Fannin Jr. FLEX Chris Boswell FLEX Steelers ,,,
5636,5277163329,OleBo713,0,72.92,CPT Jaylen Warren FLEX Deshaun Watson FLEX Denzel Boston FLEX Harold Fannin Jr. FLEX Chris Boswell FLEX Steelers ,,,
5636,5277203212,ljmartin,0,72.92,CPT Jaylen Warren FLEX Deshaun Watson FLEX Denzel Boston FLEX Harold Fannin Jr. FLEX Chris Boswell FLEX Steelers ,,,
5636,5277211104,BAlbracht,0,72.92,CPT Jaylen Warren FLEX Deshaun Watson FLEX Denzel Boston FLEX Harold Fannin Jr. FLEX Chris Boswell FLEX Steelers ,,,
5636,5277327931,extreski16,0,72.92,CPT Jaylen Warren FLEX Deshaun Watson FLEX Denzel Boston FLEX Harold Fannin Jr. FLEX Chris Boswell FLEX Steelers ,,,
5636,5277348311,Lindrlu,0,72.92,CPT Jaylen Warren FLEX Deshaun Watson FLEX Denzel Boston FLEX Harold Fannin Jr. FLEX Chris Boswell FLEX Steelers ,,,
5636,5277350913,spacecowboy24,0,72.92,CPT Jaylen Warren FLEX Deshaun Watson FLEX Denzel Boston FLEX Harold Fannin Jr. FLEX Chris Boswell FLEX Steelers ,,,
5636,5277386800,Richiegator,0,72.92,CPT Jaylen Warren FLEX Deshaun Watson FLEX Denzel Boston FLEX Harold Fannin Jr. FLEX Chris Boswell FLEX Steelers ,,,
5636,5277390117,manBEAST,0,72.92,CPT Jaylen Warren FLEX Deshaun Watson FLEX Denzel Boston FLEX Harold Fannin Jr. FLEX Chris Boswell FLEX Steelers ,,,
5636,5277393330,SoapFett,0,72.92,CPT Jaylen Warren FLEX Deshaun Watson FLEX Denzel Boston FLEX Harold Fannin Jr. FLEX Chris Boswell FLEX Steelers ,,,
5636,5277589493,shnv21,0,72.92,CPT Jaylen Warren FLEX Deshaun Watson FLEX Denzel Boston FLEX Harold Fannin Jr. FLEX Chris Boswell FLEX Steelers ,,,
5636,5277667906,bdadian,0,72.92,CPT Jaylen Warren FLEX Deshaun Watson FLEX Denzel Boston FLEX Harold Fannin Jr. FLEX Chris Boswell FLEX Steelers ,,,
5636,5277695853,esa614,0,72.92,CPT Jaylen Warren FLEX Deshaun Watson FLEX Denzel Boston FLEX Harold Fannin Jr. FLEX Chris Boswell FLEX Steelers ,,,
5636,5277725564,Sofisa1314,0,72.92,CPT Jaylen Warren FLEX Deshaun Watson FLEX Denzel Boston FLEX Harold Fannin Jr. FLEX Chris Boswell FLEX Steelers ,,,
5636,5277841033,starsfanjohn09,0,72.92,CPT Jaylen Warren FLEX Deshaun Watson FLEX Denzel Boston FLEX Harold Fannin Jr. FLEX Chris Boswell FLEX Steelers ,,,
5636,5277855969,hitbypitch,0,72.92,CPT Jaylen Warren FLEX Deshaun Watson FLEX Denzel Boston FLEX Harold Fannin Jr. FLEX Chris Boswell FLEX Steelers ,,,
5659,5275905377,Rebels.1433,0,72.88,CPT Steelers  FLEX Aaron Rodgers FLEX Deshaun Watson FLEX Chris Boswell FLEX Browns  FLEX Andre Szmyt,,,
5659,5275940679,mtu992000,0,72.88,CPT Steelers  FLEX Aaron Rodgers FLEX Deshaun Watson FLEX Chris Boswell FLEX Browns  FLEX Andre Szmyt,,,
5661,5275975322,tommywg07,0,72.770004,CPT Michael Pittman Jr. FLEX Jaylen Warren FLEX Deshaun Watson FLEX Quinshon Judkins FLEX KC Concepcion Jr. FLEX Chris Boswell,,,
5661,5277551800,TouchDownTodd,0,72.770004,CPT Michael Pittman Jr. FLEX Jaylen Warren FLEX Deshaun Watson FLEX Quinshon Judkins FLEX KC Concepcion Jr. FLEX Chris Boswell,,,
5663,5277399724,zestfulyclean,0,72.72,CPT Jaylen Warren FLEX Deshaun Watson FLEX Denzel Boston FLEX Michael Pittman Jr. FLEX Steelers  FLEX Andre Szmyt,,,
5664,5276366934,hayhay722,0,72.7,CPT Steelers  FLEX Jaylen Warren FLEX DK Metcalf FLEX Denzel Boston FLEX Harold Fannin Jr. FLEX Chris Boswell,,,
5664,5276854484,twodragons23,0,72.7,CPT Browns  FLEX Jaylen Warren FLEX Quinshon Judkins FLEX Chris Boswell FLEX Steelers  FLEX Andre Szmyt,,,
5664,5277649689,sbaker000,0,72.7,CPT Steelers  FLEX Jaylen Warren FLEX DK Metcalf FLEX Denzel Boston FLEX Harold Fannin Jr. FLEX Chris Boswell,,,
5664,5277711598,Paul1976,0,72.7,CPT Browns  FLEX Jaylen Warren FLEX Quinshon Judkins FLEX Chris Boswell FLEX Steelers  FLEX Andre Szmyt,,,
5668,5277788012,blark,0,72.68,CPT Deshaun Watson FLEX Jaylen Warren FLEX Denzel Boston FLEX Harold Fannin Jr. FLEX Michael Pittman Jr. FLEX Jerry Jeudy,,,
5669,5277359340,momapatsy,0,72.67,CPT Michael Pittman Jr. FLEX Jaylen Warren FLEX Deshaun Watson FLEX DK Metcalf FLEX KC Concepcion Jr. FLEX Steelers ,,,
5670,5276618355,Jordylicious,0,72.600006,CPT Steelers  FLEX Jaylen Warren FLEX Quinshon Judkins FLEX Harold Fannin Jr. FLEX Pat Freiermuth FLEX Chris Boswell,,,
5671,5276157278,dmac007420,0,72.58,CPT Deshaun Watson FLEX Jaylen Warren FLEX Denzel Boston FLEX Harold Fannin Jr. FLEX Chris Boswell FLEX Steelers ,,,
5671,5276642128,Zarale23,0,72.58,CPT Deshaun Watson FLEX Jaylen Warren FLEX Denzel Boston FLEX Harold Fannin Jr. FLEX Chris Boswell FLEX Steelers ,,,
5671,5276660262,imallupnu,0,72.58,CPT Deshaun Watson FLEX Jaylen Warren FLEX Denzel Boston FLEX Harold Fannin Jr. FLEX Chris Boswell FLEX Steelers ,,,
5671,5277253731,sdaw216,0,72.58,CPT Deshaun Watson FLEX Jaylen Warren FLEX Denzel Boston FLEX Harold Fannin Jr. FLEX Chris Boswell FLEX Steelers ,,,
5671,5277622308,chris_mace79,0,72.58,CPT Deshaun Watson FLEX Denzel Boston FLEX Harold Fannin Jr. FLEX Michael Pittman Jr. FLEX KC Concepcion Jr. FLEX Pat Freiermuth,,,
5676,5275405610,StackyVengeance,0,72.56,CPT Jaylen Warren FLEX Aaron Rodgers FLEX Harold Fannin Jr. FLEX Michael Pittman Jr. FLEX Chris Boswell FLEX Steelers ,,,
5676,5275669745,Tbrett54,0,72.56,CPT Jaylen Warren FLEX Aaron Rodgers FLEX Harold Fannin Jr. FLEX Michael Pittman Jr. FLEX Chris Boswell FLEX Steelers ,,,
5676,5275987878,experiencebrian,0,72.56,CPT Jaylen Warren FLEX Aaron Rodgers FLEX Harold Fannin Jr. FLEX Michael Pittman Jr. FLEX Chris Boswell FLEX Steelers ,,,
5676,5276469107,wmfloyd43,0,72.56,CPT Jaylen Warren FLEX Aaron Rodgers FLEX Harold Fannin Jr. FLEX Michael Pittman Jr. FLEX Chris Boswell FLEX Steelers ,,,
5676,5276707417,coachcd13,0,72.56,CPT Jaylen Warren FLEX Aaron Rodgers FLEX Harold Fannin Jr. FLEX Michael Pittman Jr. FLEX Chris Boswell FLEX Steelers ,,,
5676,5276816388,stock2mail,0,72.56,CPT Jaylen Warren FLEX Aaron Rodgers FLEX Harold Fannin Jr. FLEX Michael Pittman Jr. FLEX Chris Boswell FLEX Steelers ,,,
5676,5276937754,TheHyperCritic,0,72.56,CPT Jaylen Warren FLEX Aaron Rodgers FLEX Harold Fannin Jr. FLEX Michael Pittman Jr. FLEX Chris Boswell FLEX Steelers ,,,
5676,5277013399,erdmannb,0,72.56,CPT Jaylen Warren FLEX Aaron Rodgers FLEX Harold Fannin Jr. FLEX Michael Pittman Jr. FLEX Chris Boswell FLEX Steelers ,,,
5676,5277042523,meodette,0,72.56,CPT Jaylen Warren FLEX Aaron Rodgers FLEX Harold Fannin Jr. FLEX Michael Pittman Jr. FLEX Chris Boswell FLEX Steelers ,,,
5676,5277104108,drmcpool,0,72.56,CPT Jaylen Warren FLEX Aaron Rodgers FLEX Harold Fannin Jr. FLEX Michael Pittman Jr. FLEX Chris Boswell FLEX Steelers ,,,
5676,5277129292,grump65,0,72.56,CPT Jaylen Warren FLEX Aaron Rodgers FLEX Harold Fannin Jr. FLEX Michael Pittman Jr. FLEX Chris Boswell FLEX Steelers ,,,
5676,5277253061,fourpieces,0,72.56,CPT Jaylen Warren FLEX Aaron Rodgers FLEX Harold Fannin Jr. FLEX Michael Pittman Jr. FLEX Chris Boswell FLEX Steelers ,,,
5676,5277354207,lklk88088,0,72.56,CPT Jaylen Warren FLEX Aaron Rodgers FLEX Harold Fannin Jr. FLEX Michael Pittman Jr. FLEX Chris Boswell FLEX Steelers ,,,
5676,5277509283,clowery72,0,72.56,CPT Jaylen Warren FLEX Aaron Rodgers FLEX Harold Fannin Jr. FLEX Michael Pittman Jr. FLEX Chris Boswell FLEX Steelers ,,,
5676,5277554805,Donny521Mac,0,72.56,CPT Jaylen Warren FLEX Aaron Rodgers FLEX Harold Fannin Jr. FLEX Michael Pittman Jr. FLEX Chris Boswell FLEX Steelers ,,,
5676,5277700911,NinersFan4ever,0,72.56,CPT Jaylen Warren FLEX Aaron Rodgers FLEX Harold Fannin Jr. FLEX Michael Pittman Jr. FLEX Chris Boswell FLEX Steelers ,,,
5692,5277812039,RaulThePoolBoy,0,72.52,CPT Jaylen Warren FLEX Deshaun Watson FLEX Denzel Boston FLEX Harold Fannin Jr. FLEX Steelers  FLEX Raheim Sanders,,,
5693,5277687989,megaschlem2002,0,72.45,CPT Pat Freiermuth FLEX Jaylen Warren FLEX Quinshon Judkins FLEX Harold Fannin Jr. FLEX Michael Pittman Jr. FLEX Chris Boswell,,,
5694,5277419356,waygrimace,0,72.369995,CPT Michael Pittman Jr. FLEX Jaylen Warren FLEX Deshaun Watson FLEX Denzel Boston FLEX Harold Fannin Jr. FLEX Andre Szmyt,,,
5694,5277789490,bdembo,0,72.369995,CPT Harold Fannin Jr. FLEX Deshaun Watson FLEX DK Metcalf FLEX Denzel Boston FLEX Michael Pittman Jr. FLEX Chris Boswell,,,
5696,5276621040,mworourke,0,72.3,CPT Browns  FLEX Jaylen Warren FLEX Quinshon Judkins FLEX Steelers  FLEX Andre Szmyt FLEX Raheim Sanders,,,
5697,5276828432,GreenBayWin77,0,72.28,CPT Deshaun Watson FLEX Jaylen Warren FLEX Denzel Boston FLEX KC Concepcion Jr. FLEX Chris Boswell FLEX Steelers ,,,
5697,5277221857,mebaran,0,72.28,CPT Deshaun Watson FLEX Jaylen Warren FLEX Denzel Boston FLEX KC Concepcion Jr. FLEX Chris Boswell FLEX Steelers ,,,
5699,5277307968,rdeal22,0,72.26,CPT Jaylen Warren FLEX Aaron Rodgers FLEX Michael Pittman Jr. FLEX KC Concepcion Jr. FLEX Chris Boswell FLEX Steelers ,,,
5700,5277078002,Stuckcee,0,72.25,CPT Harold Fannin Jr. FLEX Jaylen Warren FLEX DK Metcalf FLEX Chris Boswell FLEX Browns  FLEX Jerry Jeudy,,,
5701,5277708849,c4bradley457,0,72.22001,CPT Raheim Sanders FLEX Jaylen Warren FLEX Deshaun Watson FLEX Quinshon Judkins FLEX Pat Freiermuth FLEX Chris Boswell,,,
5702,5277058118,hatinthatjuice,0,72.2,CPT Steelers  FLEX Jaylen Warren FLEX DK Metcalf FLEX Denzel Boston FLEX Harold Fannin Jr. FLEX Michael Pittman Jr.,,,
5703,5277297834,johnjrp,0,72.18,CPT Deshaun Watson FLEX Quinshon Judkins FLEX Harold Fannin Jr. FLEX Michael Pittman Jr. FLEX Chris Boswell FLEX Browns ,,,
5704,5277036816,mandrzejewski,0,72.159996,CPT Jaylen Warren FLEX Aaron Rodgers FLEX Harold Fannin Jr. FLEX Michael Pittman Jr. FLEX Steelers  FLEX Raheim Sanders,,,
5705,5277721943,jzaleski98,0,72.119995,CPT Browns  FLEX Jaylen Warren FLEX Deshaun Watson FLEX Denzel Boston FLEX Harold Fannin Jr. FLEX Michael Pittman Jr.,,,
5706,5277302631,jakemac51,0,72.11,CPT Michael Pittman Jr. FLEX Aaron Rodgers FLEX Jaylen Warren FLEX Harold Fannin Jr. FLEX Andre Szmyt FLEX Raheim Sanders,,,
5707,5277823397,wackamoe1,0,72.100006,CPT Steelers  FLEX Jaylen Warren FLEX Quinshon Judkins FLEX Harold Fannin Jr. FLEX Michael Pittman Jr. FLEX Pat Freiermuth,,,
5708,5276919629,seiferidjosh80,0,72.02,CPT Jaylen Warren FLEX Deshaun Watson FLEX Harold Fannin Jr. FLEX Chris Boswell FLEX Steelers  FLEX Andre Szmyt,,,
5708,5277244280,arobinson11,0,72.02,CPT Jaylen Warren FLEX Deshaun Watson FLEX Harold Fannin Jr. FLEX Chris Boswell FLEX Steelers  FLEX Andre Szmyt,,,
5710,5277014113,lmatkielski,0,71.979996,CPT Deshaun Watson FLEX Denzel Boston FLEX Harold Fannin Jr. FLEX Chris Boswell FLEX Browns  FLEX Andre Szmyt,,,
5711,5277181707,leesh1,0,71.96,CPT Steelers  FLEX Aaron Rodgers FLEX DK Metcalf FLEX Michael Pittman Jr. FLEX Chris Boswell FLEX Andre Szmyt,,,
5712,5276951828,teamrancid,0,71.909996,CPT Michael Pittman Jr. FLEX Aaron Rodgers FLEX Jaylen Warren FLEX Harold Fannin Jr. FLEX KC Concepcion Jr. FLEX Chris Boswell,,,
5712,5277711868,jrp444,0,71.909996,CPT Michael Pittman Jr. FLEX Aaron Rodgers FLEX Jaylen Warren FLEX Harold Fannin Jr. FLEX KC Concepcion Jr. FLEX Chris Boswell,,,
5714,5277630254,waterwolf33,0,71.88,CPT Chris Boswell FLEX Aaron Rodgers FLEX Deshaun Watson FLEX Steelers  FLEX Browns  FLEX Andre Szmyt,,,
5715,5276065346,vamtnman,0,71.87,CPT Michael Pittman Jr. FLEX Deshaun Watson FLEX Denzel Boston FLEX Harold Fannin Jr. FLEX Pat Freiermuth FLEX Roman Wilson,,,
5716,5276650920,outlaw4681,0,71.86,CPT Jaylen Warren FLEX Aaron Rodgers FLEX Michael Pittman Jr. FLEX KC Concepcion Jr. FLEX Steelers  FLEX Raheim Sanders,,,
5717,5277586267,waddy55,0,71.729996,CPT Michael Pittman Jr. FLEX Aaron Rodgers FLEX Deshaun Watson FLEX Denzel Boston FLEX Pat Freiermuth FLEX Chris Boswell,,,
5718,5277612363,joehalac,0,71.68,CPT Deshaun Watson FLEX Jaylen Warren FLEX Harold Fannin Jr. FLEX Chris Boswell FLEX Steelers  FLEX Andre Szmyt,,,
5719,5277286009,CHEEZER7,0,71.57,CPT Denzel Boston FLEX Jaylen Warren FLEX Deshaun Watson FLEX Harold Fannin Jr. FLEX Chris Boswell FLEX Steelers ,,,
5720,5276141956,jeffwyatt1979,0,71.42,CPT Jaylen Warren FLEX Deshaun Watson FLEX Harold Fannin Jr. FLEX KC Concepcion Jr. FLEX Chris Boswell FLEX Steelers ,,,
5720,5276469440,charlesrayallday,0,71.42,CPT Jaylen Warren FLEX Deshaun Watson FLEX Harold Fannin Jr. FLEX KC Concepcion Jr. FLEX Chris Boswell FLEX Steelers ,,,
5720,5276699784,GoldenRivers,0,71.42,CPT Jaylen Warren FLEX Deshaun Watson FLEX Harold Fannin Jr. FLEX KC Concepcion Jr. FLEX Chris Boswell FLEX Steelers ,,,
5720,5277595140,Gh0stRh1n0,0,71.42,CPT Jaylen Warren FLEX Deshaun Watson FLEX Harold Fannin Jr. FLEX KC Concepcion Jr. FLEX Chris Boswell FLEX Steelers ,,,
5724,5277261153,tkanne24,0,71.4,CPT Jaylen Warren FLEX Quinshon Judkins FLEX Denzel Boston FLEX Michael Pittman Jr. FLEX Chris Boswell FLEX Steelers ,,,
5724,5277276691,egniwkire,0,71.4,CPT Jaylen Warren FLEX Quinshon Judkins FLEX Denzel Boston FLEX Michael Pittman Jr. FLEX Chris Boswell FLEX Steelers ,,,
5726,5276772618,jeremycuber,0,71.32,CPT Jaylen Warren FLEX Deshaun Watson FLEX DK Metcalf FLEX Michael Pittman Jr. FLEX Chris Boswell FLEX Steelers ,,,
5727,5277740712,KDRAKE1,0,71.229996,CPT Michael Pittman Jr. FLEX Aaron Rodgers FLEX Deshaun Watson FLEX Harold Fannin Jr. FLEX KC Concepcion Jr. FLEX Chris Boswell,,,
5728,5276264187,Hori420,0,71.2,CPT Steelers  FLEX Jaylen Warren FLEX Quinshon Judkins FLEX Chris Boswell FLEX Browns  FLEX Andre Szmyt,,,
5729,5277710441,donkyshark,0,71.079994,CPT Deshaun Watson FLEX Jaylen Warren FLEX Harold Fannin Jr. FLEX KC Concepcion Jr. FLEX Chris Boswell FLEX Steelers ,,,
5730,5275767588,DHKdhk,0,71.06999,CPT Harold Fannin Jr. FLEX Jaylen Warren FLEX Deshaun Watson FLEX Denzel Boston FLEX Michael Pittman Jr. FLEX Jerry Jeudy,,,
5731,5277838738,ShaneBeahm,0,71.05,CPT Michael Pittman Jr. FLEX Jaylen Warren FLEX Quinshon Judkins FLEX Denzel Boston FLEX Harold Fannin Jr. FLEX Chris Boswell,,,
5732,5276161988,illdeez,0,71,CPT Browns  FLEX Jaylen Warren FLEX Quinshon Judkins FLEX Pat Freiermuth FLEX Steelers  FLEX Raheim Sanders,,,
5733,5276108554,manzoc,0,70.979996,CPT Deshaun Watson FLEX Jaylen Warren FLEX DK Metcalf FLEX Michael Pittman Jr. FLEX Chris Boswell FLEX Steelers ,,,
5733,5276850901,JeepGirl512,0,70.979996,CPT Browns  FLEX Aaron Rodgers FLEX Deshaun Watson FLEX Denzel Boston FLEX Chris Boswell FLEX Ben Skowronek,,,
5733,5277030025,jeremykelly,0,70.979996,CPT Deshaun Watson FLEX Jaylen Warren FLEX DK Metcalf FLEX Michael Pittman Jr. FLEX Chris Boswell FLEX Steelers ,,,
5733,5277193512,Batman1257,0,70.979996,CPT Deshaun Watson FLEX Jaylen Warren FLEX DK Metcalf FLEX Michael Pittman Jr. FLEX Chris Boswell FLEX Steelers ,,,
5733,5277211158,jhibs80,0,70.979996,CPT Deshaun Watson FLEX Jaylen Warren FLEX DK Metcalf FLEX Michael Pittman Jr. FLEX Chris Boswell FLEX Steelers ,,,
5738,5276264349,rickylombardi,0,70.97,CPT Harold Fannin Jr. FLEX Jaylen Warren FLEX Deshaun Watson FLEX Denzel Boston FLEX Chris Boswell FLEX Steelers ,,,
5738,5277273729,april4141980,0,70.97,CPT Harold Fannin Jr. FLEX Jaylen Warren FLEX Deshaun Watson FLEX Denzel Boston FLEX Chris Boswell FLEX Steelers ,,,
5738,5277348956,jennifertrigg,0,70.97,CPT Harold Fannin Jr. FLEX Jaylen Warren FLEX Deshaun Watson FLEX Denzel Boston FLEX Chris Boswell FLEX Steelers ,,,
5741,5277629687,moneylakers,0,70.95,CPT Michael Pittman Jr. FLEX Jaylen Warren FLEX DK Metcalf FLEX Denzel Boston FLEX Harold Fannin Jr. FLEX Steelers ,,,
5742,5276365877,fraz27,0,70.92,CPT Jaylen Warren FLEX Deshaun Watson FLEX Harold Fannin Jr. FLEX Michael Pittman Jr. FLEX KC Concepcion Jr. FLEX Steelers ,,,
5742,5276371900,19murphy82,0,70.92,CPT Jaylen Warren FLEX Deshaun Watson FLEX Harold Fannin Jr. FLEX Michael Pittman Jr. FLEX KC Concepcion Jr. FLEX Steelers ,,,
5742,5276475981,bobloblaw7648,0,70.92,CPT Jaylen Warren FLEX Deshaun Watson FLEX Harold Fannin Jr. FLEX Michael Pittman Jr. FLEX KC Concepcion Jr. FLEX Steelers ,,,
5742,5276726305,threemily,0,70.92,CPT Jaylen Warren FLEX Deshaun Watson FLEX Harold Fannin Jr. FLEX Michael Pittman Jr. FLEX KC Concepcion Jr. FLEX Steelers ,,,
5742,5276726382,jonathanp17,0,70.92,CPT Jaylen Warren FLEX Deshaun Watson FLEX Harold Fannin Jr. FLEX Michael Pittman Jr. FLEX KC Concepcion Jr. FLEX Steelers ,,,
5742,5276782504,loafinit,0,70.92,CPT Jaylen Warren FLEX Deshaun Watson FLEX Harold Fannin Jr. FLEX Michael Pittman Jr. FLEX KC Concepcion Jr. FLEX Steelers ,,,
5742,5276914578,Konjure,0,70.92,CPT Jaylen Warren FLEX Deshaun Watson FLEX Harold Fannin Jr. FLEX Michael Pittman Jr. FLEX KC Concepcion Jr. FLEX Steelers ,,,
5742,5277141505,TimmyG43,0,70.92,CPT Jaylen Warren FLEX Deshaun Watson FLEX Harold Fannin Jr. FLEX Michael Pittman Jr. FLEX KC Concepcion Jr. FLEX Steelers ,,,
5742,5277181125,scott420brown,0,70.92,CPT Jaylen Warren FLEX Deshaun Watson FLEX Harold Fannin Jr. FLEX Michael Pittman Jr. FLEX KC Concepcion Jr. FLEX Steelers ,,,
5742,5277217535,cso82,0,70.92,CPT Jaylen Warren FLEX Deshaun Watson FLEX Harold Fannin Jr. FLEX Michael Pittman Jr. FLEX KC Concepcion Jr. FLEX Steelers ,,,
5742,5277460256,corina123,0,70.92,CPT Jaylen Warren FLEX Deshaun Watson FLEX Harold Fannin Jr. FLEX Michael Pittman Jr. FLEX KC Concepcion Jr. FLEX Steelers ,,,
5742,5277512949,Goingthedistance,0,70.92,CPT Jaylen Warren FLEX Deshaun Watson FLEX Harold Fannin Jr. FLEX Michael Pittman Jr. FLEX KC Concepcion Jr. FLEX Steelers ,,,
5742,5277650281,brainwelling,0,70.92,CPT Jaylen Warren FLEX Deshaun Watson FLEX Harold Fannin Jr. FLEX Michael Pittman Jr. FLEX KC Concepcion Jr. FLEX Steelers ,,,
5742,5277735634,Phil8650,0,70.92,CPT Jaylen Warren FLEX Deshaun Watson FLEX Harold Fannin Jr. FLEX Michael Pittman Jr. FLEX KC Concepcion Jr. FLEX Steelers ,,,
5742,5277798987,cjdankiw,0,70.92,CPT Jaylen Warren FLEX Deshaun Watson FLEX Harold Fannin Jr. FLEX Michael Pittman Jr. FLEX KC Concepcion Jr. FLEX Steelers ,,,
5742,5277805449,bporter45,0,70.92,CPT Jaylen Warren FLEX Deshaun Watson FLEX Harold Fannin Jr. FLEX Michael Pittman Jr. FLEX KC Concepcion Jr. FLEX Steelers ,,,
5758,5276377792,depthfinder,0,70.72,CPT Jaylen Warren FLEX Deshaun Watson FLEX Harold Fannin Jr. FLEX Pat Freiermuth FLEX Chris Boswell FLEX Steelers ,,,
5758,5277638957,illthinker,0,70.72,CPT Jaylen Warren FLEX Deshaun Watson FLEX Harold Fannin Jr. FLEX Pat Freiermuth FLEX Chris Boswell FLEX Steelers ,,,
5758,5277671525,KRS90,0,70.72,CPT Jaylen Warren FLEX Deshaun Watson FLEX Harold Fannin Jr. FLEX Pat Freiermuth FLEX Chris Boswell FLEX Steelers ,,,
5761,5276959100,Marine4life0206,0,70.68,CPT Deshaun Watson FLEX Denzel Boston FLEX Harold Fannin Jr. FLEX Pat Freiermuth FLEX Chris Boswell FLEX Browns ,,,
5762,5275735317,chemstud1,0,70.61,CPT Harold Fannin Jr. FLEX Aaron Rodgers FLEX Jaylen Warren FLEX Michael Pittman Jr. FLEX Chris Boswell FLEX Steelers ,,,
5763,5275856101,rjaco353,0,70.579994,CPT Deshaun Watson FLEX Jaylen Warren FLEX Harold Fannin Jr. FLEX Michael Pittman Jr. FLEX KC Concepcion Jr. FLEX Steelers ,,,
5763,5277464154,rollom0,0,70.579994,CPT Deshaun Watson FLEX Jaylen Warren FLEX Harold Fannin Jr. FLEX Michael Pittman Jr. FLEX KC Concepcion Jr. FLEX Steelers ,,,
5763,5277872544,Sprtsguy,0,70.579994,CPT Deshaun Watson FLEX Quinshon Judkins FLEX Harold Fannin Jr. FLEX Michael Pittman Jr. FLEX KC Concepcion Jr. FLEX Shedeur Sanders,,,
5766,5277321364,emanfantasy,0,70.56999,CPT Harold Fannin Jr. FLEX Jaylen Warren FLEX Deshaun Watson FLEX Denzel Boston FLEX Steelers  FLEX Raheim Sanders,,,
5767,5277718953,shawnology99,0,70.53,CPT Michael Pittman Jr. FLEX Aaron Rodgers FLEX Deshaun Watson FLEX Harold Fannin Jr. FLEX Pat Freiermuth FLEX Chris Boswell,,,
5768,5276086331,EdmundDantes,0,70.52,CPT Jaylen Warren FLEX Deshaun Watson FLEX Denzel Boston FLEX Harold Fannin Jr. FLEX Chris Boswell FLEX Raheim Sanders,,,
5768,5277665886,Mason7488,0,70.52,CPT Jaylen Warren FLEX Deshaun Watson FLEX Denzel Boston FLEX Harold Fannin Jr. FLEX Chris Boswell FLEX Raheim Sanders,,,
5770,5276767808,harpochico,0,70.5,CPT Jaylen Warren FLEX Harold Fannin Jr. FLEX KC Concepcion Jr. FLEX Chris Boswell FLEX Raheim Sanders FLEX Roman Wilson,,,
5771,5277270930,19aces70,0,70.4,CPT Browns  FLEX Jaylen Warren FLEX Denzel Boston FLEX Harold Fannin Jr. FLEX Pat Freiermuth FLEX Steelers ,,,
5772,5277766262,IAMthatIAM12,0,70.369995,CPT Harold Fannin Jr. FLEX Deshaun Watson FLEX Denzel Boston FLEX Chris Boswell FLEX Browns  FLEX Andre Szmyt,,,
5773,5276970798,Riceheath,0,70.35,CPT Michael Pittman Jr. FLEX Jaylen Warren FLEX Quinshon Judkins FLEX Denzel Boston FLEX Steelers  FLEX Browns ,,,
5774,5277728271,JarJarIXIX,0,70.2,CPT Chris Boswell FLEX Jaylen Warren FLEX Quinshon Judkins FLEX Steelers  FLEX Browns  FLEX Andre Szmyt,,,
5775,5277277643,machzeagher,0,70.159996,CPT Jaylen Warren FLEX Aaron Rodgers FLEX Harold Fannin Jr. FLEX Michael Pittman Jr. FLEX Chris Boswell FLEX Raheim Sanders,,,
5776,5276642670,theaustinthompson,0,70.07,CPT Harold Fannin Jr. FLEX Jaylen Warren FLEX Deshaun Watson FLEX Chris Boswell FLEX Steelers  FLEX Andre Szmyt,,,
5776,5277616227,dawson_lindeman,0,70.07,CPT Michael Pittman Jr. FLEX Jaylen Warren FLEX Deshaun Watson FLEX DK Metcalf FLEX Harold Fannin Jr. FLEX Germie Bernard,,,
5778,5277573694,tapolonio,0,70,CPT Jaylen Warren FLEX Harold Fannin Jr. FLEX Michael Pittman Jr. FLEX Steelers  FLEX Browns  FLEX Roman Wilson,,,
5779,5277346863,coxy19,0,69.92,CPT KC Concepcion Jr. FLEX Deshaun Watson FLEX Harold Fannin Jr. FLEX Michael Pittman Jr. FLEX Pat Freiermuth FLEX Andre Szmyt,,,
5780,5276732770,captainblood,0,69.729996,CPT Michael Pittman Jr. FLEX Aaron Rodgers FLEX Jaylen Warren FLEX Deshaun Watson FLEX Chris Boswell FLEX Steelers ,,,
5780,5277313188,mikerlucas78,0,69.729996,CPT Michael Pittman Jr. FLEX Aaron Rodgers FLEX Jaylen Warren FLEX Deshaun Watson FLEX Chris Boswell FLEX Steelers ,,,
5782,5277508573,jjwoody03,0,69.72,CPT Raheim Sanders FLEX Jaylen Warren FLEX Deshaun Watson FLEX Harold Fannin Jr. FLEX KC Concepcion Jr. FLEX Pat Freiermuth,,,
5783,5277582690,Naester750,0,69.57,CPT Michael Pittman Jr. FLEX Jaylen Warren FLEX Deshaun Watson FLEX Harold Fannin Jr. FLEX KC Concepcion Jr. FLEX Pat Freiermuth,,,
5784,5276250397,tonyneace10,0,69.52,CPT Jaylen Warren FLEX Deshaun Watson FLEX Denzel Boston FLEX Harold Fannin Jr. FLEX Michael Pittman Jr. FLEX Germie Bernard,,,
5784,5277822718,Chubblove77,0,69.52,CPT Jaylen Warren FLEX Deshaun Watson FLEX Harold Fannin Jr. FLEX Michael Pittman Jr. FLEX Chris Boswell FLEX Andre Szmyt,,,
5786,5275785039,Newyork604909,0,69.5,CPT Steelers  FLEX Jaylen Warren FLEX DK Metcalf FLEX Denzel Boston FLEX Michael Pittman Jr. FLEX Browns ,,,
5787,5276903901,Thrasher88,0,69.42,CPT Jaylen Warren FLEX Deshaun Watson FLEX Denzel Boston FLEX Michael Pittman Jr. FLEX Pat Freiermuth FLEX Chris Boswell,,,
5788,5276298393,bjnfan,0,69.38,CPT Deshaun Watson FLEX Jaylen Warren FLEX Denzel Boston FLEX Michael Pittman Jr. FLEX KC Concepcion Jr. FLEX Raheim Sanders,,,
5789,5277164845,kozy6813,0,69.32,CPT Jaylen Warren FLEX Deshaun Watson FLEX Chris Boswell FLEX Steelers  FLEX Browns  FLEX Andre Szmyt,,,
5790,5277798899,Rombowski,0,69.3,CPT Jaylen Warren FLEX DK Metcalf FLEX Denzel Boston FLEX Michael Pittman Jr. FLEX Chris Boswell FLEX Steelers ,,,
5791,5277600042,jwclark311,0,69.2,CPT Jaylen Warren FLEX Denzel Boston FLEX Michael Pittman Jr. FLEX KC Concepcion Jr. FLEX Steelers  FLEX Andre Szmyt,,,
5792,5277706067,Tappjor23,0,69.18,CPT Deshaun Watson FLEX Jaylen Warren FLEX Denzel Boston FLEX Harold Fannin Jr. FLEX Michael Pittman Jr. FLEX Germie Bernard,,,
5793,5276800598,Alanh64,0,69.17,CPT Denzel Boston FLEX Jaylen Warren FLEX Deshaun Watson FLEX Harold Fannin Jr. FLEX Chris Boswell FLEX Raheim Sanders,,,
5793,5277863391,kldjr,0,69.17,CPT Denzel Boston FLEX Jaylen Warren FLEX Deshaun Watson FLEX Harold Fannin Jr. FLEX Chris Boswell FLEX Raheim Sanders,,,
5795,5277382868,Schwing7,0,69.08,CPT Deshaun Watson FLEX Jaylen Warren FLEX Denzel Boston FLEX Michael Pittman Jr. FLEX Pat Freiermuth FLEX Chris Boswell,,,
5796,5277824854,skiefer6272,0,68.97,CPT Harold Fannin Jr. FLEX Jaylen Warren FLEX Deshaun Watson FLEX Michael Pittman Jr. FLEX KC Concepcion Jr. FLEX Steelers ,,,
5796,5277853922,CMFH06,0,68.97,CPT Denzel Boston FLEX Jaylen Warren FLEX Deshaun Watson FLEX Michael Pittman Jr. FLEX Andre Szmyt FLEX Raheim Sanders,,,
5798,5277626193,jiggefli,0,68.95,CPT Michael Pittman Jr. FLEX Jaylen Warren FLEX DK Metcalf FLEX Denzel Boston FLEX Harold Fannin Jr. FLEX Chris Boswell,,,
5799,5275459771,lewisdix,0,68.92,CPT Jaylen Warren FLEX Deshaun Watson FLEX Harold Fannin Jr. FLEX Michael Pittman Jr. FLEX KC Concepcion Jr. FLEX Chris Boswell,,,
5799,5275613638,Elecman14,0,68.92,CPT Jaylen Warren FLEX Deshaun Watson FLEX Harold Fannin Jr. FLEX Michael Pittman Jr. FLEX KC Concepcion Jr. FLEX Chris Boswell,,,
5799,5276133805,RPeters87,0,68.92,CPT Jaylen Warren FLEX Deshaun Watson FLEX Harold Fannin Jr. FLEX Michael Pittman Jr. FLEX KC Concepcion Jr. FLEX Chris Boswell,,,
5799,5276218983,djdog09,0,68.92,CPT Jaylen Warren FLEX Deshaun Watson FLEX Harold Fannin Jr. FLEX Michael Pittman Jr. FLEX KC Concepcion Jr. FLEX Chris Boswell,,,
5799,5276599269,Rolltide13123,0,68.92,CPT Jaylen Warren FLEX Deshaun Watson FLEX Harold Fannin Jr. FLEX Michael Pittman Jr. FLEX KC Concepcion Jr. FLEX Chris Boswell,,,
5799,5276657512,freddiero,0,68.92,CPT Jaylen Warren FLEX Deshaun Watson FLEX Harold Fannin Jr. FLEX Michael Pittman Jr. FLEX KC Concepcion Jr. FLEX Chris Boswell,,,
5799,5276791138,untouchables-420,0,68.92,CPT Jaylen Warren FLEX Deshaun Watson FLEX Harold Fannin Jr. FLEX Michael Pittman Jr. FLEX KC Concepcion Jr. FLEX Chris Boswell,,,
5799,5276952027,Orbotski,0,68.92,CPT Jaylen Warren FLEX Deshaun Watson FLEX Harold Fannin Jr. FLEX Michael Pittman Jr. FLEX KC Concepcion Jr. FLEX Chris Boswell,,,
5799,5277122914,Bazoinkles,0,68.92,CPT Jaylen Warren FLEX Deshaun Watson FLEX Harold Fannin Jr. FLEX Michael Pittman Jr. FLEX KC Concepcion Jr. FLEX Chris Boswell,,,
5799,5277146757,johnyacko5762,0,68.92,CPT Jaylen Warren FLEX Deshaun Watson FLEX Harold Fannin Jr. FLEX Michael Pittman Jr. FLEX KC Concepcion Jr. FLEX Chris Boswell,,,
5799,5277148923,lukekisor2,0,68.92,CPT Jaylen Warren FLEX Deshaun Watson FLEX Harold Fannin Jr. FLEX Michael Pittman Jr. FLEX KC Concepcion Jr. FLEX Chris Boswell,,,
5799,5277336245,CodyAdamovich,0,68.92,CPT Jaylen Warren FLEX Deshaun Watson FLEX Harold Fannin Jr. FLEX Michael Pittman Jr. FLEX KC Concepcion Jr. FLEX Chris Boswell,,,
5799,5277461907,6ixGodd,0,68.92,CPT Jaylen Warren FLEX Deshaun Watson FLEX Harold Fannin Jr. FLEX Michael Pittman Jr. FLEX KC Concepcion Jr. FLEX Chris Boswell,,,
5799,5277563591,iFearTheeLord,0,68.92,CPT Jaylen Warren FLEX Deshaun Watson FLEX Harold Fannin Jr. FLEX Michael Pittman Jr. FLEX KC Concepcion Jr. FLEX Chris Boswell,,,
5799,5277629295,worldof_atlas,0,68.92,CPT Jaylen Warren FLEX Deshaun Watson FLEX Harold Fannin Jr. FLEX Michael Pittman Jr. FLEX KC Concepcion Jr. FLEX Chris Boswell,,,
5799,5277667661,schrabes,0,68.92,CPT Jaylen Warren FLEX Deshaun Watson FLEX Harold Fannin Jr. FLEX Michael Pittman Jr. FLEX KC Concepcion Jr. FLEX Chris Boswell,,,
5799,5277715526,geoffdmiller,0,68.92,CPT Jaylen Warren FLEX Deshaun Watson FLEX Harold Fannin Jr. FLEX Michael Pittman Jr. FLEX KC Concepcion Jr. FLEX Chris Boswell,,,
5799,5277750786,bross66,0,68.92,CPT Jaylen Warren FLEX Deshaun Watson FLEX Harold Fannin Jr. FLEX Michael Pittman Jr. FLEX KC Concepcion Jr. FLEX Chris Boswell,,,
5799,5277810850,sushifitness,0,68.92,CPT Jaylen Warren FLEX Deshaun Watson FLEX Harold Fannin Jr. FLEX Michael Pittman Jr. FLEX KC Concepcion Jr. FLEX Chris Boswell,,,
5799,5277812041,franksta,0,68.92,CPT Jaylen Warren FLEX Deshaun Watson FLEX Harold Fannin Jr. FLEX Michael Pittman Jr. FLEX KC Concepcion Jr. FLEX Chris Boswell,,,
5799,5277815359,brc872,0,68.92,CPT Jaylen Warren FLEX Deshaun Watson FLEX Harold Fannin Jr. FLEX Michael Pittman Jr. FLEX KC Concepcion Jr. FLEX Chris Boswell,,,
5799,5277818757,Mjl0812,0,68.92,CPT Jaylen Warren FLEX Deshaun Watson FLEX Harold Fannin Jr. FLEX Michael Pittman Jr. FLEX KC Concepcion Jr. FLEX Chris Boswell,,,
5799,5277860604,albie4,0,68.92,CPT Jaylen Warren FLEX Deshaun Watson FLEX Harold Fannin Jr. FLEX Michael Pittman Jr. FLEX KC Concepcion Jr. FLEX Chris Boswell,,,
5822,5277043868,cjcabrera91,0,68.869995,CPT Denzel Boston FLEX Jaylen Warren FLEX Deshaun Watson FLEX KC Concepcion Jr. FLEX Chris Boswell FLEX Raheim Sanders,,,
5823,5276200609,DamnitBoiCago,0,68.8,CPT Steelers  FLEX Jaylen Warren FLEX DK Metcalf FLEX Harold Fannin Jr. FLEX Chris Boswell FLEX Browns ,,,
5824,5276449433,hend2400,0,68.77,CPT Denzel Boston FLEX Jaylen Warren FLEX Deshaun Watson FLEX Michael Pittman Jr. FLEX KC Concepcion Jr. FLEX Chris Boswell,,,
5824,5276882944,madskilz69,0,68.77,CPT Denzel Boston FLEX Jaylen Warren FLEX Deshaun Watson FLEX Michael Pittman Jr. FLEX KC Concepcion Jr. FLEX Chris Boswell,,,
5824,5277400134,CarolinasOwn252RB,0,68.77,CPT Denzel Boston FLEX Jaylen Warren FLEX Deshaun Watson FLEX Michael Pittman Jr. FLEX KC Concepcion Jr. FLEX Chris Boswell,,,
5827,5275870745,kingwiggi,0,68.579994,CPT Deshaun Watson FLEX Jaylen Warren FLEX Harold Fannin Jr. FLEX Michael Pittman Jr. FLEX KC Concepcion Jr. FLEX Chris Boswell,,,
5827,5277334087,Ninohale,0,68.579994,CPT Deshaun Watson FLEX Jaylen Warren FLEX Harold Fannin Jr. FLEX Michael Pittman Jr. FLEX KC Concepcion Jr. FLEX Chris Boswell,,,
5827,5277352281,artillero1,0,68.579994,CPT Deshaun Watson FLEX Jaylen Warren FLEX Harold Fannin Jr. FLEX Michael Pittman Jr. FLEX KC Concepcion Jr. FLEX Chris Boswell,,,
5827,5277410898,pmayankees,0,68.579994,CPT Deshaun Watson FLEX Jaylen Warren FLEX Harold Fannin Jr. FLEX Michael Pittman Jr. FLEX KC Concepcion Jr. FLEX Chris Boswell,,,
5827,5277742244,Ryan_manimal,0,68.579994,CPT Deshaun Watson FLEX Jaylen Warren FLEX Harold Fannin Jr. FLEX Michael Pittman Jr. FLEX KC Concepcion Jr. FLEX Chris Boswell,,,
5827,5277798781,T_and_J,0,68.579994,CPT Deshaun Watson FLEX Jaylen Warren FLEX Harold Fannin Jr. FLEX Michael Pittman Jr. FLEX KC Concepcion Jr. FLEX Chris Boswell,,,
5827,5277801110,Karlness,0,68.579994,CPT Deshaun Watson FLEX Jaylen Warren FLEX Harold Fannin Jr. FLEX Michael Pittman Jr. FLEX KC Concepcion Jr. FLEX Chris Boswell,,,
5834,5277657620,ScottieD43,0,68.56,CPT Jaylen Warren FLEX Aaron Rodgers FLEX Harold Fannin Jr. FLEX Michael Pittman Jr. FLEX Shedeur Sanders FLEX Steelers ,,,
5835,5277538297,tpufff,0,68.520004,CPT Chris Boswell FLEX Deshaun Watson FLEX DK Metcalf FLEX Denzel Boston FLEX Harold Fannin Jr. FLEX Michael Pittman Jr.,,,
5835,5277413478,uscdws,0,68.52,CPT Jaylen Warren FLEX Deshaun Watson FLEX Harold Fannin Jr. FLEX Michael Pittman Jr. FLEX KC Concepcion Jr. FLEX Raheim Sanders,,,
5835,5277429832,jsalvatori21,0,68.52,CPT Jaylen Warren FLEX Deshaun Watson FLEX Harold Fannin Jr. FLEX Michael Pittman Jr. FLEX KC Concepcion Jr. FLEX Raheim Sanders,,,
5835,5277461120,JoeB2nd,0,68.52,CPT Jaylen Warren FLEX Deshaun Watson FLEX Harold Fannin Jr. FLEX Michael Pittman Jr. FLEX KC Concepcion Jr. FLEX Raheim Sanders,,,
5835,5277486704,ngarman97,0,68.52,CPT Jaylen Warren FLEX Deshaun Watson FLEX Harold Fannin Jr. FLEX Michael Pittman Jr. FLEX KC Concepcion Jr. FLEX Raheim Sanders,,,
5840,5277771325,Retiredblue162,0,68.270004,CPT Michael Pittman Jr. FLEX Deshaun Watson FLEX DK Metcalf FLEX Denzel Boston FLEX Harold Fannin Jr. FLEX Chris Boswell,,,
5841,5275536535,Vegeta32,0,68.22,CPT Jaylen Warren FLEX Deshaun Watson FLEX Harold Fannin Jr. FLEX Michael Pittman Jr. FLEX Pat Freiermuth FLEX Chris Boswell,,,
5841,5277064038,CrucialTaunt,0,68.22,CPT Jaylen Warren FLEX Deshaun Watson FLEX Harold Fannin Jr. FLEX Michael Pittman Jr. FLEX Pat Freiermuth FLEX Chris Boswell,,,
5841,5277637975,vectra568,0,68.22,CPT Jaylen Warren FLEX Deshaun Watson FLEX Harold Fannin Jr. FLEX Michael Pittman Jr. FLEX Pat Freiermuth FLEX Chris Boswell,,,
5844,5277719842,chiefjeff27,0,68.119995,CPT Steelers  FLEX Jaylen Warren FLEX Deshaun Watson FLEX Denzel Boston FLEX Harold Fannin Jr. FLEX Chris Boswell,,,
5845,5276824655,Thegrand1,0,68.1,CPT Jaylen Warren FLEX DK Metcalf FLEX Harold Fannin Jr. FLEX Michael Pittman Jr. FLEX Chris Boswell FLEX Steelers ,,,
5846,5276698960,smoothmomentum,0,68.06999,CPT Harold Fannin Jr. FLEX Jaylen Warren FLEX Deshaun Watson FLEX Denzel Boston FLEX Michael Pittman Jr. FLEX Raheim Sanders,,,
5846,5277335753,birdfanman,0,68.06999,CPT Harold Fannin Jr. FLEX Jaylen Warren FLEX Deshaun Watson FLEX Denzel Boston FLEX Michael Pittman Jr. FLEX Raheim Sanders,,,
5848,5275499540,imscr8,0,68,CPT Steelers  FLEX DK Metcalf FLEX Denzel Boston FLEX Harold Fannin Jr. FLEX Michael Pittman Jr. FLEX KC Concepcion Jr.,,,
5849,5275848536,brandirowebronco,0,67.85,CPT DK Metcalf FLEX Michael Pittman Jr. FLEX KC Concepcion Jr. FLEX Pat Freiermuth FLEX Chris Boswell FLEX Browns ,,,
5850,5276552157,airborne3504,0,67.71,CPT Michael Pittman Jr. FLEX Aaron Rodgers FLEX Jaylen Warren FLEX Denzel Boston FLEX Chris Boswell FLEX Steelers ,,,
5851,5277479446,thisismylastbet,0,67.619995,CPT Browns  FLEX Deshaun Watson FLEX Denzel Boston FLEX Pat Freiermuth FLEX Andre Szmyt FLEX Raheim Sanders,,,
5852,5277159485,macataca,0,67.46,CPT Steelers  FLEX Aaron Rodgers FLEX Jaylen Warren FLEX Michael Pittman Jr. FLEX KC Concepcion Jr. FLEX Chris Boswell,,,
5853,5277821698,earl0124,0,67.38,CPT Deshaun Watson FLEX Jaylen Warren FLEX Denzel Boston FLEX Michael Pittman Jr. FLEX Chris Boswell FLEX Browns ,,,
5854,5276869780,bevzie09,0,67.119995,CPT Steelers  FLEX Jaylen Warren FLEX Deshaun Watson FLEX Denzel Boston FLEX Pat Freiermuth FLEX Chris Boswell,,,
5855,5277147909,redpanda3364,0,67.07,CPT Harold Fannin Jr. FLEX Jaylen Warren FLEX Deshaun Watson FLEX Chris Boswell FLEX Steelers  FLEX Browns ,,,
5855,5277634660,Cguy0905,0,67.06999,CPT Harold Fannin Jr. FLEX Jaylen Warren FLEX Deshaun Watson FLEX KC Concepcion Jr. FLEX Chris Boswell FLEX Raheim Sanders,,,
5857,5275564394,Cfw828,0,66.97,CPT Denzel Boston FLEX Deshaun Watson FLEX Quinshon Judkins FLEX Michael Pittman Jr. FLEX Chris Boswell FLEX Raheim Sanders,,,
5857,5277130832,ballmiamifan,0,66.97,CPT Harold Fannin Jr. FLEX Jaylen Warren FLEX Deshaun Watson FLEX Michael Pittman Jr. FLEX KC Concepcion Jr. FLEX Chris Boswell,,,
5857,5277133243,blakec21,0,66.97,CPT Harold Fannin Jr. FLEX Jaylen Warren FLEX Deshaun Watson FLEX Michael Pittman Jr. FLEX KC Concepcion Jr. FLEX Chris Boswell,,,
5857,5277530026,Joo7512,0,66.97,CPT Harold Fannin Jr. FLEX Jaylen Warren FLEX Deshaun Watson FLEX Michael Pittman Jr. FLEX KC Concepcion Jr. FLEX Chris Boswell,,,
5861,5276094781,brandwang,0,66.85,CPT Michael Pittman Jr. FLEX Quinshon Judkins FLEX Denzel Boston FLEX Harold Fannin Jr. FLEX KC Concepcion Jr. FLEX Chris Boswell,,,
5862,5277753227,baseballers317,0,66.82,CPT Chris Boswell FLEX Jaylen Warren FLEX Deshaun Watson FLEX Denzel Boston FLEX KC Concepcion Jr. FLEX Steelers ,,,
5863,5275997347,playinwiththebigdawg,0,66.7,CPT Browns  FLEX DK Metcalf FLEX Harold Fannin Jr. FLEX Chris Boswell FLEX Steelers  FLEX Andre Szmyt,,,
5864,5275534820,DoubleB71,0,66.62,CPT Steelers  FLEX Jaylen Warren FLEX Deshaun Watson FLEX Harold Fannin Jr. FLEX KC Concepcion Jr. FLEX Chris Boswell,,,
5865,5277022972,rclesos,0,66.5,CPT Jaylen Warren FLEX Denzel Boston FLEX Harold Fannin Jr. FLEX Michael Pittman Jr. FLEX Steelers  FLEX Browns ,,,
5866,5277082772,jcanode,0,66.369995,CPT Michael Pittman Jr. FLEX Jaylen Warren FLEX Deshaun Watson FLEX Denzel Boston FLEX Harold Fannin Jr. FLEX Steelers ,,,
5867,5277843442,Mr_Wil,0,66.32,CPT Jaylen Warren FLEX Deshaun Watson FLEX Denzel Boston FLEX Harold Fannin Jr. FLEX Michael Pittman Jr. FLEX Travis Homer,,,
5868,5277335712,Blehar,0,66.21,CPT Michael Pittman Jr. FLEX Aaron Rodgers FLEX Jaylen Warren FLEX KC Concepcion Jr. FLEX Chris Boswell FLEX Steelers ,,,
5869,5276985672,madgreek895,0,66.020004,CPT Browns  FLEX Jaylen Warren FLEX Deshaun Watson FLEX Chris Boswell FLEX Steelers  FLEX Andre Szmyt,,,
5870,5277843384,starmap3333,0,66,CPT Jaylen Warren FLEX Denzel Boston FLEX Pat Freiermuth FLEX Chris Boswell FLEX Steelers  FLEX Browns ,,,
5871,5276957001,barball,0,65.98,CPT Deshaun Watson FLEX Jaylen Warren FLEX Denzel Boston FLEX Harold Fannin Jr. FLEX Michael Pittman Jr. FLEX Travis Homer,,,
5872,5277510003,Jae75,0,65.88,CPT Deshaun Watson FLEX Denzel Boston FLEX Harold Fannin Jr. FLEX Michael Pittman Jr. FLEX KC Concepcion Jr. FLEX Chris Boswell,,,
5873,5277865514,KrissyBishHips,0,65.85,CPT Harold Fannin Jr. FLEX Denzel Boston FLEX Chris Boswell FLEX Steelers  FLEX Browns  FLEX Roman Wilson,,,
5874,5276999399,mlwinkler81,0,65.7,CPT Steelers  FLEX Jaylen Warren FLEX Harold Fannin Jr. FLEX Chris Boswell FLEX Browns  FLEX Roman Wilson,,,
5875,5275853766,tfinner64,0,65.4,CPT Chris Boswell FLEX DK Metcalf FLEX Denzel Boston FLEX Steelers  FLEX Browns  FLEX Andre Szmyt,,,
5876,5277220290,DJB4,0,65.35,CPT Pat Freiermuth FLEX Jaylen Warren FLEX Harold Fannin Jr. FLEX Chris Boswell FLEX Steelers  FLEX Andre Szmyt,,,
5877,5277369018,webbdiesel,0,65.1,CPT Jaylen Warren FLEX Pat Freiermuth FLEX Chris Boswell FLEX Steelers  FLEX Browns  FLEX Andre Szmyt,,,
5878,5277351595,Bootney_Farnsworth,0,65.04,CPT Aaron Rodgers FLEX Jaylen Warren FLEX Michael Pittman Jr. FLEX Shedeur Sanders FLEX Chris Boswell FLEX Steelers ,,,
5879,5277138019,hejay332,0,64.42,CPT Chris Boswell FLEX Jaylen Warren FLEX Deshaun Watson FLEX Denzel Boston FLEX Steelers  FLEX Browns ,,,
5880,5277799115,nfuruoka,0,64.4,CPT Steelers  FLEX Jaylen Warren FLEX Quinshon Judkins FLEX Michael Pittman Jr. FLEX Pat Freiermuth FLEX Chris Boswell,,,
5881,5277252889,rales3232,0,64.22,CPT Steelers  FLEX Jaylen Warren FLEX Deshaun Watson FLEX Harold Fannin Jr. FLEX Chris Boswell FLEX Browns ,,,
5881,5277418088,GonePhantom,0,64.22,CPT Steelers  FLEX Jaylen Warren FLEX Deshaun Watson FLEX Harold Fannin Jr. FLEX Chris Boswell FLEX Browns ,,,
5883,5276163130,BE42STMODE,0,64.15,CPT Michael Pittman Jr. FLEX Jaylen Warren FLEX Quinshon Judkins FLEX Harold Fannin Jr. FLEX Chris Boswell FLEX Steelers ,,,
5883,5277354222,corey1164,0,64.149994,CPT Harold Fannin Jr. FLEX Jaylen Warren FLEX Chris Boswell FLEX Steelers  FLEX Browns  FLEX Andre Szmyt,,,
5885,5276699432,Solis85,0,63.9,CPT Steelers  FLEX Jaylen Warren FLEX Denzel Boston FLEX Harold Fannin Jr. FLEX Pat Freiermuth FLEX Chris Boswell,,,
5886,5277521960,bretshawn,0,63.82,CPT Raheim Sanders FLEX Jaylen Warren FLEX Deshaun Watson FLEX Denzel Boston FLEX Steelers  FLEX Browns ,,,
5887,5277028405,Ladyvet26,0,63.78,CPT Deshaun Watson FLEX Harold Fannin Jr. FLEX Pat Freiermuth FLEX Chris Boswell FLEX Steelers  FLEX Browns ,,,
5888,5276230924,larrydr,0,63.67,CPT Michael Pittman Jr. FLEX Jaylen Warren FLEX Deshaun Watson FLEX Denzel Boston FLEX KC Concepcion Jr. FLEX Raheim Sanders,,,
5889,5276580071,NikeFukijamas,0,63.519997,CPT Jaylen Warren FLEX Deshaun Watson FLEX Harold Fannin Jr. FLEX Michael Pittman Jr. FLEX Chris Boswell FLEX Steelers ,,,
5889,5276947177,rmcobos98,0,63.519997,CPT Jaylen Warren FLEX Deshaun Watson FLEX Harold Fannin Jr. FLEX Michael Pittman Jr. FLEX Chris Boswell FLEX Steelers ,,,
5889,5277616226,kendall2215,0,63.519997,CPT Jaylen Warren FLEX Deshaun Watson FLEX Harold Fannin Jr. FLEX Michael Pittman Jr. FLEX Chris Boswell FLEX Steelers ,,,
5892,5276948854,wbm05,0,63.469997,CPT Harold Fannin Jr. FLEX Deshaun Watson FLEX Chris Boswell FLEX Steelers  FLEX Browns  FLEX Andre Szmyt,,,
5893,5277534843,beauwyers,0,63.35,CPT Harold Fannin Jr. FLEX Jaylen Warren FLEX Michael Pittman Jr. FLEX Pat Freiermuth FLEX Chris Boswell FLEX Andre Szmyt,,,
5894,5276121602,mturley7,0,62.8,CPT Browns  FLEX Jaylen Warren FLEX Harold Fannin Jr. FLEX Chris Boswell FLEX Steelers  FLEX Andre Szmyt,,,
5895,5277022633,giveupghost,0,61.979996,CPT Deshaun Watson FLEX Jaylen Warren FLEX Denzel Boston FLEX Michael Pittman Jr. FLEX Chris Boswell FLEX Raheim Sanders,,,
5896,5276728801,angus125,0,61.3,CPT Steelers  FLEX Jaylen Warren FLEX Harold Fannin Jr. FLEX Chris Boswell FLEX Browns  FLEX Andre Szmyt,,,
5896,5276754037,hogshead8,0,61.3,CPT Steelers  FLEX Jaylen Warren FLEX Harold Fannin Jr. FLEX Chris Boswell FLEX Browns  FLEX Andre Szmyt,,,
5898,5277594053,thegr8dc203,0,61.119995,CPT Jaylen Warren FLEX Deshaun Watson FLEX Harold Fannin Jr. FLEX Michael Pittman Jr. FLEX Chris Boswell FLEX Raheim Sanders,,,
5898,5277749914,the_Dean221,0,61.119995,CPT Jaylen Warren FLEX Deshaun Watson FLEX Harold Fannin Jr. FLEX Michael Pittman Jr. FLEX Chris Boswell FLEX Raheim Sanders,,,
5900,5276148942,jman1955,0,60.62,CPT Steelers  FLEX Deshaun Watson FLEX Harold Fannin Jr. FLEX Chris Boswell FLEX Browns  FLEX Andre Szmyt,,,
5901,5276215264,Wanger211,0,60.600002,CPT Steelers  FLEX DK Metcalf FLEX Denzel Boston FLEX Harold Fannin Jr. FLEX Michael Pittman Jr. FLEX Chris Boswell,,,
5902,5276231692,Aoteoroa,0,60.55,CPT Harold Fannin Jr. FLEX Jaylen Warren FLEX Denzel Boston FLEX KC Concepcion Jr. FLEX Germie Bernard FLEX Blake Whiteheart,,,
5903,5277812190,apstokes84,0,60.5,CPT Jaylen Warren FLEX Denzel Boston FLEX Michael Pittman Jr. FLEX Pat Freiermuth FLEX Chris Boswell FLEX Steelers ,,,
5904,5277710981,BaronVon89,0,60.3,CPT Chris Boswell FLEX Jaylen Warren FLEX Harold Fannin Jr. FLEX Steelers  FLEX Browns  FLEX Andre Szmyt,,,
5905,5277837824,drewball07,0,60,CPT Jaylen Warren FLEX Harold Fannin Jr. FLEX Michael Pittman Jr. FLEX KC Concepcion Jr. FLEX Chris Boswell FLEX Steelers ,,,
5906,5277194464,lotsakegs,0,57.699997,CPT Jaylen Warren FLEX Harold Fannin Jr. FLEX Chris Boswell FLEX Steelers  FLEX Browns  FLEX Raheim Sanders,,,
5907,5275957994,Lostcauselongshot,0,56.4,CPT Steelers  FLEX Harold Fannin Jr. FLEX Pat Freiermuth FLEX Chris Boswell FLEX Browns  FLEX Andre Szmyt,,,
5908,5277228302,Gillos007,0,55.8,CPT Steelers  FLEX Jaylen Warren FLEX Harold Fannin Jr. FLEX Michael Pittman Jr. FLEX Chris Boswell FLEX Andre Szmyt,,,
5909,5277726613,jeffreyride,0,51.5,CPT Chris Boswell FLEX Denzel Boston FLEX Harold Fannin Jr. FLEX Michael Pittman Jr. FLEX KC Concepcion Jr. FLEX Steelers ,,,
5910,5277353767,shriyag,0,23.4,CPT Jaylen Warren FLEX Dillon Gabriel FLEX Mason Rudolph FLEX Drew Allar FLEX Will Howard FLEX Taylen Green,,,
5911,5275438769,burghfann,0,0,,,,
5911,5275529737,nst92,0,0,,,,
5911,5275770470,jaynels708,0,0,,,,
5911,5276050918,Bigsacks2414,0,0,,,,
5911,5276323790,czig31,0,0,,,,
5911,5276336869,Vonbee,0,0,,,,
5911,5276481634,JBSchuck,0,0,,,,
5911,5276806857,acancelliere,0,0,,,,
5911,5276827120,mtm214,0,0,,,,
5911,5276829671,NYBELL85,0,0,,,,
5911,5276960310,icehouse131211,0,0,,,,
5911,5276973547,easy555,0,0,,,,
5911,5277002127,adam-man,0,0,,,,
5911,5277004514,fencepost,0,0,,,,
5911,5277013299,Ryjo79,0,0,,,,
5911,5277050755,oldfoozer,0,0,,,,
5911,5277059973,TheLizard,0,0,,,,
5911,5277103852,ajb3247,0,0,,,,
5911,5277139259,peteyyy085,0,0,,,,
5911,5277159999,BallinIsAHabit83,0,0,,,,
5911,5277254654,Ceeniegirl11,0,0,,,,
5911,5277305360,Timnorwood,0,0,,,,
5911,5277312236,treeskin77,0,0,,,,
5911,5277346124,Traveshamockery,0,0,,,,
5911,5277406716,mgo14,0,0,,,,
5911,5277415388,Dynistee,0,0,,,,
5911,5277551698,Stackhouse5310,0,0,,,,
5911,5277564601,youngpd24,0,0,,,,
5911,5277574313,scottd923,0,0,,,,
5911,5277577302,chuckgt7,0,0,,,,
5911,5277673776,capperjohn,0,0,,,,
5911,5277815573,Hollywood5975,0,0,,,,
5911,5277824251,KingDave78,0,0,,,,
5911,5277833082,gojoego7777,0,0,,,,
5911,5277856958,Jay121901,0,0,,,,
