player_id,player_name,position,team,salary,site_player_id,season_avg,recent_form,matchup_factor,vegas_factor,final_projection,opponent,implied_total,over_under,sigma,sigma_source,statline_p10,statline_p90,proj_pass_att,proj_pass_yd,proj_pass_td,proj_rush_att,proj_rush_yd,proj_rush_td,proj_targets,proj_rec,proj_rec_yd,proj_rec_td,chalk_score,estimated_ownership_pct,roster_role,slate_format,ownership_available
00-0033873,Patrick Mahomes II,QB,KC,9000,1523,26.6663,26.6663,1.4504291347715148,1.2453669384729429,48.16782653886311,WAS,30.0,54.0,22.516538492162397,statline_mc,22.423472163671523,78.6817710287399,41.8305,574.6678602044441,5.14025,4.83775,43.53112130685352,0.338,0.0,0.0,0.0,0.0,100.0,24.900913913055614,,classic,True
00-0034857,Josh Allen,QB,BUF,8800,1529,21.6286,21.6286,1.1032508201610498,1.234988880652335,29.46901446639552,TEN,29.75,53.5,15.66190938614912,statline_mc,12.260335060571046,49.77619506777576,33.64,340.48777780044,2.59675,7.59025,46.57503354377919,0.417,0.0,0.0,0.0,0.0,93.76987802995214,16.437462711981794,,classic,True
00-0031800,Taylor Heinicke,QB,WAS,7300,1487,19.3201,19.3201,1.4890280677337049,0.9962935507783542,28.661541818416257,KC,24.0,54.0,14.669074840180736,statline_mc,12.25023252811816,48.20333089552327,34.64625,383.2667144005893,2.43975,5.35475,34.98373242392682,0.28575,0.0,0.0,0.0,0.0,77.95931758530183,5.72891224992101,,classic,True
00-0019596,Tom Brady,QB,TB,8700,1131,25.4026,25.4026,0.8996520528879611,1.2453669384729429,28.461029717658572,PHI,30.0,53.0,14.21588134353169,statline_mc,12.250743540068445,47.207824659445656,45.8175,397.6757821417366,3.032,2.145,9.779984319891058,0.095,0.0,0.0,0.0,0.0,91.02825382121351,13.691676510408362,,classic,True
00-0026498,Matthew Stafford,QB,LA,7900,1340,21.982,21.982,0.9526725651986612,1.1830985915492958,24.77603885297464,NYG,28.5,49.5,12.834072054691948,statline_mc,10.395090747596248,41.90465572190706,36.5945,363.72606158191803,2.42625,2.83875,10.35996389697922,0.11,0.0,0.0,0.0,0.0,78.76563223714683,6.04529321706979,,classic,True
00-0036389,Jalen Hurts,QB,PHI,8300,1554,22.717,22.717,1.114915332869404,0.9547813194959228,24.182270461313106,TB,23.0,53.0,14.102766294685775,statline_mc,9.524393963527361,40.90075533069844,38.39,302.34662953669897,1.67475,8.7275,48.64155279845142,0.41775,0.0,0.0,0.0,0.0,73.9543770264011,4.386491221042195,,classic,True
00-0035228,Kyler Murray,QB,ARI,8400,1537,21.2268,21.2268,1.1942340192862115,0.9340252038547071,23.677302821672253,CLE,22.5,48.0,12.50087598674185,statline_mc,9.951837670529022,39.99435352870528,32.66625,320.1138840296017,1.9425,6.344,27.117474604881863,0.3375,0.0,0.0,0.0,0.0,67.5926354793886,2.8702913436661674,,classic,True
00-0033040,Tyreek Hill,WR,KC,8700,5485,15.3844,15.3844,1.21058607022678,1.2453669384729429,23.193859117733663,WAS,30.0,54.0,25.018756346620343,statline_mc,4.351783215482401,51.14579917505219,0.0,0.0,0.0,0.63975,5.56605792568778,0.026,10.506,7.0245,138.56503325164888,0.86425,99.01574803149606,24.6971090318979,,classic,True
00-0034796,Lamar Jackson,QB,BAL,8200,1527,24.8205,24.8205,0.8389965868045202,1.1104521868050408,23.12437809092673,LAC,26.75,50.5,13.832090060329106,statline_mc,8.631899187939638,40.29180321164573,36.12425,293.0701528444299,1.55125,10.473,52.18821977149533,0.36325,0.0,0.0,0.0,0.0,77.60382893314805,5.594737562862685,,classic,True
00-0036893,Najee Harris,RB,PIT,8500,5904,17.1975,17.1975,1.307883415136642,1.0066716085989622,22.642320147003296,SEA,24.25,43.0,20.460577003789417,statline_mc,4.911917842147608,47.12771030861758,0.0,0.0,0.0,17.84475,92.66216189473906,0.62375,7.75825,5.678,54.43603957529395,0.26725,78.38401183894565,7.350842377988708,,classic,True
00-0036355,Justin Herbert,QB,LAC,8000,1552,22.6365,22.6365,0.976637836763098,0.9859154929577464,21.796321775173272,BAL,23.75,50.5,11.593145931827992,statline_mc,8.824140722419028,37.652832854523616,41.4455,302.47253552332506,2.2185,3.6385,13.379203542402717,0.1405,0.0,0.0,0.0,0.0,66.98741701404971,2.7567863638288896,,classic,True
00-0032950,Carson Wentz,QB,IND,6700,1514,17.7409,17.7409,1.068257282035988,1.1208302446256486,21.24176517190193,HOU,27.0,43.5,11.004837406853103,statline_mc,8.836647088635141,35.83590085414652,35.2925,321.22475297337644,1.791,2.94475,15.342750529668718,0.11825,0.0,0.0,0.0,0.0,65.96109309865678,2.5744709225745432,,classic,True
00-0034753,Mark Andrews,TE,BAL,6300,4721,12.0857,12.0857,1.5782602388665925,1.1104521868050408,21.181228647225655,LAC,26.75,50.5,21.256537807339953,statline_mc,3.861070870201918,45.52828540544271,0.0,0.0,0.0,0.0,0.0,0.0,8.624,6.11325,132.5660364722566,0.8275,90.41097710887405,10.598384764642272,,classic,True
00-0031381,Davante Adams,WR,GB,8500,5263,18.7056,18.7056,1.09975776802292,1.027427724240178,21.135860122371987,CHI,24.75,44.0,23.0908987716094,statline_mc,4.4073412447747105,45.06132554373985,0.0,0.0,0.0,0.0,0.0,0.0,12.99375,8.49275,132.11985122371985,0.62875,81.0399813037069,7.450653487753323,,classic,True
00-0033908,Cooper Kupp,WR,LA,8200,5552,17.0524,17.0524,1.000602505932839,1.1830985915492958,20.186837306545204,NYG,28.5,49.5,21.46041317838545,statline_mc,3.8501425434258816,43.629317714091265,0.0,0.0,0.0,0.1165,0.7307670710489614,0.00475,11.441,7.2435,116.8301059944031,0.81075,91.64033006148205,15.104484133301785,,classic,True
00-0033699,Austin Ekeler,RB,LAC,8400,5575,16.3279,16.3279,1.1963885354178028,0.9859154929577464,19.259376426955175,BAL,23.75,50.5,18.002080654832906,statline_mc,3.6705205315891387,41.39818754594443,0.0,0.0,0.0,13.577,79.6716282359893,0.6325,5.246,4.241,40.09213603356246,0.26,84.09630312168424,10.757835090870275,,classic,True
00-0036971,Trevor Lawrence,QB,JAX,6800,1565,16.1132,16.1132,1.167935845180104,0.9340252038547071,17.577564437433157,MIA,22.5,47.5,10.294025920494269,statline_mc,6.3565500201481555,31.302578200932523,32.53975,237.09927291333486,1.35675,5.75975,27.583435208997624,0.282,0.0,0.0,0.0,0.0,52.618110236220474,1.0577159881682567,,classic,True
00-0035710,Daniel Jones,QB,NYG,7200,1539,19.2321,19.2321,1.0449282566192797,0.87175685693106,17.51900361837785,LA,21.0,49.5,9.72053801114997,statline_mc,6.740313514339255,30.607187443994327,37.50375,270.7069826810992,1.1545,4.95875,22.917243111338806,0.19375,0.0,0.0,0.0,0.0,51.303844372394636,0.9689852694227634,,classic,True
00-0035831,James Robinson,RB,JAX,8200,5849,14.0171,14.0171,1.327273829000788,0.9340252038547071,17.37706827361881,MIA,22.5,47.5,17.563266014138716,statline_mc,2.6319851031082444,38.198458333836186,0.0,0.0,0.0,14.81925,96.80887396681061,0.716,2.821,2.11275,19.808058769377485,0.0915,76.34151449153961,6.415060480989162,,classic,True
00-0036442,Joe Burrow,QB,CIN,7400,1550,18.2216,18.2216,0.9077111707591876,1.0378057820607858,17.165263214126696,DET,25.0,46.5,9.865339864497836,statline_mc,6.1192801850331,30.009003893223202,30.62125,243.992036491218,1.763,3.1045,10.470817544779766,0.09675,0.0,0.0,0.0,0.0,55.0181411147136,1.241243765717137,,classic,True
00-0031588,Stefon Diggs,WR,BUF,7600,5424,10.4564,10.4564,1.3102659633332103,1.234988880652335,16.92024507090945,TEN,29.75,53.5,19.63624195192648,statline_mc,2.8449384803044766,36.67908607232792,0.0,0.0,0.0,0.0,0.0,0.0,8.647,5.11475,111.00870070909447,0.55275,94.24127206701903,17.96432408576251,,classic,True
00-0022924,Ben Roethlisberger,QB,PIT,7100,1232,15.1665,15.1665,1.097736686880737,1.0066716085989622,16.75988108235406,SEA,24.25,43.0,9.491892202323564,statline_mc,6.280039822260738,29.77024225134262,37.841,278.5614529859978,1.51075,0.89875,3.6242296291414795,0.03175,0.0,0.0,0.0,0.0,47.110545005403736,0.7326705296713312,,classic,True
00-0036972,Mac Jones,QB,NE,6500,1572,15.0796,15.0796,1.1327302250057991,0.9755374351371385,16.663269187582742,DAL,23.5,50.5,9.118162447137465,statline_mc,6.239251578208017,28.864060370243607,37.6855,274.56773934842244,1.39525,1.856,8.525596136458423,0.07375,0.0,0.0,0.0,0.0,60.869229581596414,1.8334262392467497,,classic,True
00-0029604,Kirk Cousins,QB,MIN,7100,1415,17.6665,17.6665,0.9259502269940684,0.9962935507783542,16.297667940151495,CAR,24.0,45.5,9.299314697547674,statline_mc,5.878277346236058,28.637778297741395,36.55175,244.1631732367401,1.677,1.166,4.741410106818881,0.0395,0.0,0.0,0.0,0.0,45.50216149451907,0.6581748012340578,,classic,True
00-0033045,Ezekiel Elliott,RB,DAL,8300,5444,16.0054,16.0054,0.9035932860691996,1.1208302446256486,16.209847883498075,NE,27.0,50.5,17.850259069485915,statline_mc,2.1075332864493554,36.76428991209084,0.0,0.0,0.0,18.607,92.8243180609739,0.75875,2.26825,1.7195,13.256660774006846,0.0685,87.82836320991791,13.796822894750832,,classic,True
00-0033856,Leonard Fournette,RB,TB,6600,5534,11.6635,11.6635,1.0839241350057565,1.2453669384729429,15.744396436865602,PHI,30.0,53.0,15.869804675714645,statline_mc,2.866286933649738,33.024987071012234,0.0,0.0,0.0,12.0955,70.15674913110682,0.385,4.601,3.48525,40.075965237549205,0.14125,91.08770313285308,17.145361470474665,,classic,True
00-0035664,Darrell Henderson,RB,LA,7300,5716,11.114,11.114,1.19735805611101,1.1830985915492958,15.743992973641413,NYG,28.5,49.5,16.536604681062716,statline_mc,2.3925876157246564,34.60785489707089,0.0,0.0,0.0,12.33475,82.1279762824397,0.63175,2.6305,1.9535,23.629453453974417,0.0935,87.25749706818561,13.281613004531847,,classic,True
00-0033897,Joe Mixon,RB,CIN,7000,5535,11.4941,11.4941,1.3107919772162635,1.0378057820607858,15.636029739944053,DET,25.0,46.5,16.824472036005663,statline_mc,1.8936571494837282,36.42739181165765,0.0,0.0,0.0,16.962,95.34914124518339,0.6865,1.61675,1.22775,12.342406154257132,0.05775,79.5550622661529,7.947718802339599,,classic,True
00-0031237,Teddy Bridgewater,QB,DEN,6600,1439,16.9248,16.9248,0.8752626172250392,1.0481838398813936,15.527443985002307,LV,25.25,45.5,8.728510195559098,statline_mc,5.554179766798887,27.37562795703554,34.3805,241.41475415910756,1.39325,2.13425,8.316038186380046,0.06875,0.0,0.0,0.0,0.0,54.81743090937162,1.22474570344684,,classic,True
00-0030506,Travis Kelce,TE,KC,8500,4582,12.7276,12.7276,0.9438615154006093,1.2453669384729429,14.960677583942196,WAS,30.0,54.0,14.34429917282304,statline_mc,3.1086843693259403,30.98869667869052,0.0,0.0,0.0,0.0,0.0,0.0,8.60075,5.8835,81.57427583942197,0.655,96.61068474035682,16.022843950934462,,classic,True
00-0035659,Terry McLaurin,WR,WAS,7400,5757,14.2153,14.2153,1.0531967653218897,0.9962935507783542,14.916029688835733,KC,24.0,54.0,16.327761824493887,statline_mc,2.9022003856419194,32.91360968216409,0.0,0.0,0.0,0.0,0.0,0.0,10.36925,6.17675,87.65654688835733,0.52175,85.52781073598678,10.049173314320406,,classic,True
00-0033536,Mike Williams,WR,LAC,8000,5594,16.9259,16.9259,0.8905611502535034,0.9859154929577464,14.861278984889093,BAL,23.75,50.5,15.749062282026976,statline_mc,2.9473310882070547,33.28295981837286,0.0,0.0,0.0,0.0,0.0,0.0,10.589,6.382,80.17278984889093,0.622,82.19088196167259,8.044820398250737,,classic,True
00-0033077,Dak Prescott,QB,DAL,8100,1501,18.2991,18.2991,0.7225635417702224,1.1208302446256486,14.819904308047729,NE,27.0,50.5,8.545133942310672,statline_mc,5.306562088156093,26.19498774388575,29.93,198.75237922277827,1.59025,3.85575,11.345591391365971,0.091,0.0,0.0,0.0,0.0,59.92473367299675,1.7215414551418866,,classic,True
00-0030431,Robert Woods,WR,LA,6900,5217,12.5144,12.5144,1.000602505932839,1.1830985915492958,14.814651203550499,NYG,28.5,49.5,15.947914512279633,statline_mc,2.9040419780249165,32.67726804832474,0.0,0.0,0.0,0.50025,3.081435065847314,0.014,9.12625,5.90825,85.07382696965766,0.50475,87.01704239024916,11.098084036823126,,classic,True
00-0036223,Jonathan Taylor,RB,IND,7500,5820,12.9278,12.9278,1.018966248560868,1.1208302446256486,14.764702554627833,HOU,27.0,43.5,14.828317242866854,statline_mc,2.4473972952004193,32.21159500692855,0.0,0.0,0.0,15.06775,76.76071345544513,0.473,3.00925,2.3405,26.388812090833213,0.10725,78.05746356173563,7.192544696612972,,classic,True
00-0023459,Aaron Rodgers,QB,GB,7700,1252,17.6286,17.6286,0.8033668025317295,1.027427724240178,14.550681166420821,CHI,24.75,44.0,8.29446990346246,statline_mc,5.313836830639563,25.68496066364522,35.436,217.9849159075138,1.55375,1.213,3.5228453012027154,0.0395,0.0,0.0,0.0,0.0,46.146750038598114,0.6870747694533784,,classic,True
00-0027685,Emmanuel Sanders,WR,BUF,6800,3983,8.901,8.901,1.3102659633332103,1.234988880652335,14.403321878317195,TEN,29.75,53.5,16.856326904960785,statline_mc,1.7722015074341695,32.96271340821515,0.0,0.0,0.0,0.25175,2.6662390385755663,0.01425,5.896,3.5755,85.88947974459637,0.61975,90.4399022040053,13.942798499477426,,classic,True
00-0033119,Jacoby Brissett,QB,MIA,6600,1496,12.9401,12.9401,1.057229015475362,1.0378057820607858,14.197868118108245,JAX,25.0,47.5,8.113588130715323,statline_mc,5.149951862489279,25.521052568596694,33.309,213.02227382110414,1.234,2.61375,10.839771652640788,0.11525,0.0,0.0,0.0,0.0,51.7376872008646,0.9974203193000474,,classic,True
00-0034855,Baker Mayfield,QB,CLE,6800,1528,15.3696,15.3696,0.8565993968916724,1.0585618977020015,13.936604561834804,ARI,25.5,48.0,7.84014811079373,statline_mc,5.12000979411104,24.58552436422336,30.361,229.54962940998277,0.997,3.07825,11.453693854354922,0.11325,0.0,0.0,0.0,0.0,48.980237764397096,0.8299307825053769,,classic,True
00-0034869,Sam Darnold,QB,CAR,7500,1524,17.2925,17.2925,0.8884117042780927,0.8925129725722757,13.711565011113702,MIN,21.5,45.5,7.987854712471918,statline_mc,4.704533898559109,24.384608580284727,36.7405,213.97988798056411,1.09575,3.649,10.473694918911365,0.19525,0.0,0.0,0.0,0.0,36.82298903813494,0.369023030113182,,classic,True
00-0035140,Mecole Hardman,WR,KC,5500,5727,8.9465,8.9465,1.21058607022678,1.2453669384729429,13.487937563535393,WAS,30.0,54.0,14.950968564953955,statline_mc,2.236549475466509,30.1633059070269,0.0,0.0,0.0,0.63925,5.833877851458537,0.03025,6.98425,4.562,77.00549778389541,0.4655,87.71437816848237,11.626204232566959,,classic,True
00-0036900,Ja'Marr Chase,WR,CIN,7800,5924,14.3091,14.3091,0.9036769256622442,1.0378057820607858,13.41964227570397,DET,25.0,46.5,14.934863065614666,statline_mc,2.278275772551601,30.105164060051948,0.0,0.0,0.0,0.09275,0.4722986821300358,0.003,7.91975,4.92975,78.79037407490965,0.511,80.15109840721964,7.0219635384263785,,classic,True
00-0031408,Mike Evans,WR,TB,7600,5253,13.9239,13.9239,0.7692402277226504,1.2453669384729429,13.33891075257169,PHI,30.0,53.0,14.515162273859485,statline_mc,2.5601369992898673,29.052278677144123,0.0,0.0,0.0,0.0,0.0,0.0,9.2635,5.73175,74.00035752571688,0.524,91.4170531765721,14.881317044540548,,classic,True
00-0036328,Antonio Gibson,RB,WAS,6700,5827,11.6874,11.6874,1.1372477731321575,0.9962935507783542,13.24219091607086,KC,24.0,54.0,14.181555495599078,statline_mc,1.8890816158039043,29.469438688765678,0.0,0.0,0.0,16.2265,70.37041225866004,0.55575,2.24475,1.665,17.69149690204856,0.08025,81.41676439381247,8.997964810209728,,classic,True
00-0034827,D.J. Moore,WR,CAR,7600,5633,14.5596,14.5596,1.0007336636869264,0.8925129725722757,13.004162263815797,MIN,21.5,45.5,13.902654822109152,statline_mc,2.872909784325943,27.557653111478874,0.0,0.0,0.0,0.746,3.622279521819552,0.0215,9.4665,6.17375,70.38059311633842,0.41075,70.15900837737749,3.6070979242068053,,classic,True
00-0036912,Devonta Smith,WR,PHI,6100,5925,10.9578,10.9578,1.2400965648964468,0.9547813194959228,12.974251198721742,TB,23.0,53.0,15.56358228170791,statline_mc,2.307229243207338,28.260305409024223,0.0,0.0,0.0,0.0,0.0,0.0,8.28575,5.071,80.25751198721741,0.413,76.6195663898177,5.5489427683818136,,classic,True
00-0033923,Kareem Hunt,RB,CLE,7400,5560,15.2271,15.2271,0.7872508028843241,1.0585618977020015,12.689598951951305,ARI,25.5,48.0,11.933757036588354,statline_mc,2.3861647486832998,27.24949891872332,0.0,0.0,0.0,11.9995,49.47031853113631,0.473,4.825,3.69925,26.67442098837676,0.09375,78.48899871558608,7.402472314875905,,classic,True
00-0033293,Aaron Jones,RB,GB,8000,5543,13.8238,13.8238,0.8842028722050537,1.027427724240178,12.55833600890846,CHI,24.75,44.0,11.782146025930876,statline_mc,2.366354188073363,26.937498020979973,0.0,0.0,0.0,14.52675,57.03743781020203,0.37975,3.8695,3.07075,22.16217227888256,0.17075,71.00282012620764,4.493965372195087,,classic,True
00-0036275,D'Andre Swift,RB,DET,7100,5822,13.9566,13.9566,1.0044234381627584,0.8925129725722757,12.511503871465473,CIN,21.5,46.5,12.17230233281048,statline_mc,2.7538686470045564,26.079352846657542,0.0,0.0,0.0,10.62675,35.85583028813803,0.3035,6.3545,4.998,37.969208426516715,0.166,67.44778578209637,3.5456914090640947,,classic,True
00-0033106,Jared Goff,QB,DET,6900,1490,15.3708,15.3708,0.9015607913311462,0.8925129725722757,12.368185894748438,CIN,21.5,46.5,7.299430722321379,statline_mc,4.210268734614806,22.03752078550423,36.791,198.00257020996946,1.15125,1.6855,6.158330863496592,0.03875,0.0,0.0,0.0,0.0,31.45592095105759,0.25802449317058856,,classic,True
00-0035311,Myles Gaskin,RB,MIA,6000,5789,9.3682,9.3682,1.2642549839423136,1.0378057820607858,12.291530597433866,JAX,25.0,47.5,12.856074562423435,statline_mc,2.4727065235473784,25.588682654276692,0.0,0.0,0.0,5.79025,34.236384821558225,0.1525,5.50575,4.27225,42.20767115278045,0.2835,75.27335678784833,5.97412660657536,,classic,True
00-0032764,Derrick Henry,RB,TEN,10500,5445,22.2684,22.2684,0.5565048779009877,0.9859154929577464,12.217908389814808,BUF,23.75,53.5,14.184413403781274,statline_mc,1.567939485006856,27.41052984014531,0.0,0.0,0.0,29.5715,71.07109931921075,0.6045,2.1695,1.7335,8.160484578937329,0.0275,75.3297593120009,5.996632614594472,,classic,True
00-0032144,Melvin Gordon,RB,DEN,6000,2991,9.9476,9.9476,1.1702114767012055,1.0481838398813936,12.201750295881226,LV,25.25,45.5,13.143762156446579,statline_mc,1.8058983299476752,26.923809962584727,0.0,0.0,0.0,11.5535,66.36658667657099,0.432,2.401,1.78675,17.692166282241246,0.07675,73.24984642877087,5.220207864546758,,classic,True
00-0034960,Jakobi Meyers,WR,NE,5800,5749,10.4028,10.4028,1.1732061103118685,0.9755374351371385,11.906029575279485,DAL,23.5,50.5,12.088257080841908,statline_mc,2.5361777122983957,24.657739592531414,0.0,0.0,0.0,0.0,0.0,0.0,8.95725,5.69775,70.17154575279484,0.3505,73.61701362672132,4.542316995148176,,classic,True
00-0033921,Chris Godwin,WR,TB,7300,5579,12.2943,12.2943,0.7692402277226504,1.2453669384729429,11.777738771953649,PHI,30.0,53.0,13.022279929947507,statline_mc,2.2635976888993428,25.47408850819388,0.0,0.0,0.0,0.19975,1.008943956397806,0.011,8.0595,5.297,68.1834437631387,0.36775,88.06088879301046,11.89790393049548,,classic,True
00-0030279,Keenan Allen,WR,LAC,7100,5198,13.3636,13.3636,0.8905611502535034,0.9859154929577464,11.733511033403975,BAL,23.75,50.5,12.373388951656022,statline_mc,2.704044064666667,25.024138673484103,0.0,0.0,0.0,0.0,0.0,0.0,10.187,6.327,65.48011033403975,0.34925,77.25937511235753,5.790747193745534,,classic,True
00-0035640,D.K. Metcalf,WR,SEA,7500,5725,11.9161,11.9161,1.244687086289506,0.7783543365455893,11.544375631717964,PIT,18.75,43.0,12.652522013257528,statline_mc,2.019681838876465,25.44099185141545,0.0,0.0,0.0,0.0,0.0,0.0,7.30725,4.56825,63.69750631717964,0.4895,61.493276525365836,2.0242273923874228,,classic,True
00-0034829,Mike Gesicki,TE,MIA,5800,4719,8.69,8.69,1.270731589381558,1.0378057820607858,11.460120147538666,JAX,25.0,47.5,10.989758562304962,statline_mc,2.107580557030862,25.007532825085015,0.0,0.0,0.0,0.0,0.0,0.0,7.0875,4.63775,64.96245147538666,0.45225,83.15243031329945,6.532557294817484,,classic,True
00-0036252,Michael Pittman Jr.,WR,IND,5800,5837,12.6326,12.6326,0.794160200999258,1.1208302446256486,11.244557576541313,HOU,27.0,43.5,12.073239148806472,statline_mc,2.3685838046504557,24.056770642772026,0.0,0.0,0.0,0.20675,1.0458309964541548,0.0045,8.7645,5.5605,65.45224476895896,0.3095,72.81846618487756,4.306823980932885,,classic,True
DST_IND,Indianapolis,D,IND,4700,7013,11.141545716000001,11.141545716000001,1.5954025101396365,1.4599567099567101,11.141545716000001,HOU,27.0,43.5,6.1833,dst_simulated_session_10_4,0.0,0.0,0.0,0.0,0.0,0.0,0.0,0.0,0.0,0.0,0.0,0.0,82.93588301462317,15.992329544703319,,classic,True
00-0030565,Geno Smith,QB,SEA,6500,1426,13.2293,13.2293,1.0784372203996422,0.7783543365455893,11.1047720641554,PIT,18.75,43.0,6.832967058079388,statline_mc,3.548463757198759,20.31061552640238,29.2745,179.1043942297805,1.11525,0.4885,1.8059629496418048,0.018,0.0,0.0,0.0,0.0,30.02470279450363,0.23454324192391218,,classic,True
00-0032211,Tyler Lockett,WR,SEA,6800,5386,11.4503,11.4503,1.244687086289506,0.7783543365455893,11.093127214479027,PIT,18.75,43.0,13.29574415164469,statline_mc,2.057724717840691,24.429064090070895,0.0,0.0,0.0,0.0,0.0,0.0,7.20825,4.7065,66.16877214479027,0.3635,59.746701182900075,1.8017343647432378,,classic,True
00-0036898,Davis Mills,QB,HOU,6700,1574,12.3463,12.3463,1.297942141365941,0.6849518161601186,10.976194193815772,IND,16.5,43.5,6.712146028926891,statline_mc,3.398520317542901,20.201902141375577,27.228,171.4137760362329,1.149,0.8735,2.811431523664572,0.02675,0.0,0.0,0.0,0.0,24.450748803458392,0.16174856128830103,,classic,True
00-0036326,Chase Claypool,WR,PIT,6700,5861,9.2611,9.2611,1.1751734766231794,1.0066716085989622,10.956064120147104,SEA,24.25,43.0,12.2583771955046,statline_mc,1.855448446115956,24.181742189095765,0.0,0.0,0.0,0.29725,1.9386613481063664,0.0125,6.75925,3.96425,67.22072985336467,0.338,68.02915902635458,3.129626264776567,,classic,True
00-0036322,Justin Jefferson,WR,MIN,7900,5835,13.8918,13.8918,0.7882581020653247,0.9962935507783542,10.909727231935467,CAR,24.0,45.5,11.056925375022393,statline_mc,2.3196286448186547,23.83246055204343,0.0,0.0,0.0,0.0,0.0,0.0,8.44625,5.65675,60.248522319354656,0.3535,70.83656923021609,3.7737691383068976,,classic,True
00-0036251,Zack Moss,RB,BUF,6200,5824,8.7206,8.7206,1.000545355389929,1.234988880652335,10.775718894460834,TEN,29.75,53.5,11.489869414361577,statline_mc,1.4818778240651909,23.91637789297491,0.0,0.0,0.0,9.7325,50.01891023892565,0.45975,2.188,1.645,17.848278705682677,0.0895,83.26925224772435,10.180739081634322,,classic,True
00-0035261,Tony Pollard,RB,DAL,6000,5718,10.5193,10.5193,0.9035932860691996,1.1208302446256486,10.653726072038973,NE,27.0,50.5,11.071179227538003,statline_mc,1.6809316865013109,24.2044654216321,0.0,0.0,0.0,11.233,61.47450058522973,0.29825,2.281,1.836,15.817760135160011,0.0615,78.89219299715195,7.60414626557863,,classic,True
00-0031280,Derek Carr,QB,LV,7000,1441,17.7198,17.7198,0.7026278291413991,0.8406226834692364,10.466084728567582,DEN,20.25,45.5,6.455045383830556,statline_mc,3.1109518591168643,19.225623247074275,38.50925,174.3302097458975,0.935,3.19375,6.593763387316819,0.06525,0.0,0.0,0.0,0.0,23.604292110545003,0.15287377677208744,,classic,True
00-0035250,Devin Singletary,RB,BUF,5700,5717,8.3942,8.3942,1.000545355389929,1.234988880652335,10.372396665868362,TEN,29.75,53.5,11.33312374948719,statline_mc,1.4429073233167078,24.083333793812997,0.0,0.0,0.0,10.45975,62.09361938191921,0.31875,2.12975,1.52075,12.501597276764404,0.06175,80.87563522644777,8.679146043448583,,classic,True
00-0036997,Javonte Williams,RB,DEN,5600,5905,8.3685,8.3685,1.1702114767012055,1.0481838398813936,10.264756838140075,LV,25.25,45.5,10.646555148101658,statline_mc,1.6937463855872577,22.67265986379571,0.0,0.0,0.0,9.56825,51.549761126297426,0.27925,2.612,2.04775,20.184057255103326,0.08725,68.40942089685596,3.7804467347140407,,classic,True
00-0030564,DeAndre Hopkins,WR,ARI,7700,5206,10.9902,10.9902,0.9987662973756152,0.9340252038547071,10.25247352430095,CLE,22.5,48.0,11.1310498230811,statline_mc,1.8860619247878978,22.593017541536227,0.0,0.0,0.0,0.0,0.0,0.0,7.11975,4.51075,55.615985243009476,0.41375,68.86177327149174,3.3082561562273405,,classic,True
00-0036555,Chuba Hubbard,RB,CAR,6900,5911,10.089,10.089,1.134339211052536,0.8925129725722757,10.214255069478465,MIN,21.5,45.5,10.398398742070356,statline_mc,1.9940160235871165,21.5926363979627,0.0,0.0,0.0,12.41075,47.788329060295275,0.223,3.75025,2.79025,23.072971634489374,0.092,61.1565309655442,2.3310438953827366,,classic,True
00-0035662,Marquise Brown,WR,BAL,7000,5730,13.3084,13.3084,0.6846434763362721,1.1104521868050408,10.117920986414768,LAC,26.75,50.5,10.098294420882064,statline_mc,1.997316583354649,21.928924504088982,0.0,0.0,0.0,0.0765,0.43670936210803235,0.0015,7.465,4.9625,54.150000502039646,0.371,79.8439578614317,6.879643604072712,,classic,True
00-0029000,Cole Beasley,WR,BUF,5500,5163,6.2491,6.2491,1.3102659633332103,1.234988880652335,10.112064226903756,TEN,29.75,53.5,13.002246315846158,statline_mc,1.5077151389788281,22.947429914334172,0.0,0.0,0.0,0.0,0.0,0.0,5.384,3.621,64.58564226903756,0.31525,82.15223097112862,8.024117730516554,,classic,True
00-0035216,Diontae Johnson,WR,PIT,7400,5754,8.4093,8.4093,1.1751734766231794,1.0066716085989622,9.948270834920086,SEA,24.25,43.0,11.309810308166938,statline_mc,1.6571033176519205,22.794372317877237,0.0,0.0,0.0,0.0,0.0,0.0,6.2185,3.97225,57.43145834920085,0.378,65.56340560169706,2.655226685240887,,classic,True
00-0033090,Hunter Henry,TE,NE,5600,4675,8.1495,8.1495,1.247521879986461,0.9755374351371385,9.917935509541843,DAL,23.5,50.5,10.21704858513281,statline_mc,1.7524910789086179,21.402421028030076,0.0,0.0,0.0,0.0,0.0,0.0,5.8635,4.07575,54.40560509541844,0.417,80.05016777966044,5.312066797178948,,classic,True
00-0034983,Hunter Renfrow,WR,LV,5700,5761,11.1973,11.1973,1.0348346797496526,0.8406226834692364,9.7406161165831,DEN,20.25,45.5,10.06545934362121,statline_mc,2.048188240635105,20.815893906757566,0.0,0.0,0.0,0.0,0.0,0.0,7.732,5.09875,52.992411165831,0.32375,59.89357494696724,1.819462851954924,,classic,True
00-0034348,Courtland Sutton,WR,DEN,6600,5637,12.3312,12.3312,0.7397297330529835,1.0481838398813936,9.561308857866793,LV,25.25,45.5,10.268200072219221,statline_mc,2.0068000918168747,21.328704366334836,0.0,0.0,0.0,0.0,0.0,0.0,8.056,4.957,56.173088578667944,0.254,70.93346636464963,3.7982258738812997,,classic,True
00-0033009,Tyler Boyd,WR,CIN,6300,5455,10.181,10.181,0.9036769256622442,1.0378057820607858,9.548186902590407,DET,25.0,46.5,10.595465381397991,statline_mc,1.8756444692693506,20.382052209458795,0.0,0.0,0.0,0.0,0.0,0.0,7.26625,4.929,54.40686902590406,0.28425,71.21274224283609,3.869605153421405,,classic,True
DST_GB,Green Bay,D,GB,4200,7012,9.317298680999999,9.317298680999999,1.334181278100508,1.25139146567718,9.317298680999999,CHI,24.75,44.0,6.3107,dst_simulated_session_10_4,0.0,0.0,0.0,0.0,0.0,0.0,0.0,0.0,0.0,0.0,0.0,0.0,70.6950693663292,7.071375112297,,classic,True
00-0034845,Sony Michel,RB,LA,5400,5615,6.5519,6.5519,1.19735805611101,1.1830985915492958,9.281443595252599,NYG,28.5,49.5,10.680236732431348,statline_mc,0.9679149925660574,21.812873496965697,0.0,0.0,0.0,9.99375,54.64551301937706,0.3765,1.18575,0.88575,9.350172933148913,0.0485,72.41707153627074,4.938288905185371,,classic,True
00-0031236,Brandin Cooks,WR,HOU,6500,5255,11.6242,11.6242,1.1653366450666238,0.6849518161601186,9.278445875177038,IND,16.5,43.5,9.183359888099313,statline_mc,2.12276317394304,20.236574216868018,0.0,0.0,0.0,0.19675,0.89875034506098,0.0045,7.84675,5.108,52.1607084067094,0.2415,55.26057958508611,1.3359931712748527,,classic,True
00-0033110,Tyler Higbee,TE,LA,5500,4680,4.8793,4.8793,1.6064987186306272,1.1830985915492958,9.273886027235175,NYG,28.5,49.5,9.753139627948158,statline_mc,1.135913360648642,21.201458117558406,0.0,0.0,0.0,0.0,0.0,0.0,3.78425,2.733,53.258860272351754,0.43775,85.90077743446625,7.84613952455242,,classic,True
00-0030061,Zach Ertz,TE,PHI,4900,4569,7.1743,7.1743,1.3442290024660315,0.9547813194959228,9.207805104850042,TB,23.0,53.0,9.722552983388205,statline_mc,1.558934294840006,20.213338156904925,0.0,0.0,0.0,0.0,0.0,0.0,5.821,3.59925,51.711801048500426,0.38175,76.24588856772651,4.122098476861046,,classic,True
00-0027793,Antonio Brown,WR,TB,7000,3474,9.4693,9.4693,0.7692402277226504,1.2453669384729429,9.071478857229405,PHI,30.0,53.0,9.991207897246158,statline_mc,1.5176078085555575,20.81952132381034,0.0,0.0,0.0,0.10675,0.6321055401936986,0.00275,5.982,3.76,51.55768303210035,0.3325,80.66362851903786,7.266040875564325,,classic,True
00-0036913,Kadarius Toney,WR,NYG,6000,5931,9.8809,9.8809,1.0486062439288304,0.87175685693106,9.032437004281968,LA,21.0,49.5,9.731222793478054,statline_mc,1.7373092906507162,19.929926231707483,0.0,0.0,0.0,0.50025,3.0136892202828895,0.0145,6.4995,4.24175,53.031930822536786,0.212,63.713191672958686,2.3471044894424735,,classic,True
00-0036358,CeeDee Lamb,WR,DAL,7000,5831,9.3019,9.3019,0.8610506555838364,1.1208302446256486,8.977157541226184,NE,27.0,50.5,9.723316399051392,statline_mc,1.6064231021183983,20.211608050910126,0.0,0.0,0.0,0.67375,3.2267036341077415,0.017,6.20475,3.7795,50.46237177815412,0.279,76.08105921691296,5.353266520856844,,classic,True
00-0036613,Jaylen Waddle,WR,MIA,5500,5926,8.6735,8.6735,0.9922084096712448,1.0378057820607858,8.931316794870057,JAX,25.0,47.5,9.900294064084383,statline_mc,1.7747622309067113,20.102222717669925,0.0,0.0,0.0,0.3165,1.802293708321814,0.007,6.77875,4.5525,48.47837424037877,0.27325,68.60110380038113,3.2512620524682405,,classic,True
DST_PIT,Pittsburgh,D,PIT,4800,7024,8.931252325500001,8.931252325500001,1.2789017558246643,1.2847619047619048,8.931252325500001,SEA,24.25,43.0,6.1302,dst_simulated_session_10_4,0.0,0.0,0.0,0.0,0.0,0.0,0.0,0.0,0.0,0.0,0.0,0.0,68.12945256842896,5.959662433230724,,classic,True
00-0030513,Latavius Murray,RB,BAL,5800,2899,6.5568,6.5568,1.2245046355208142,1.1104521868050408,8.915685720512258,LAC,26.75,50.5,10.030200245631885,statline_mc,0.821211370177808,21.229927449141087,0.0,0.0,0.0,9.444,47.947676117433666,0.47175,1.01675,0.7375,8.001681087688912,0.0405,72.68205171162114,5.026300571986694,,classic,True
00-0033217,Mo Alie-Cox,TE,IND,5000,4736,4.7049,4.7049,1.6730332188965715,1.1208302446256486,8.822575191209594,HOU,27.0,43.5,10.336708550486872,statline_mc,0.8705443413716217,20.2005869250621,0.0,0.0,0.0,0.0,0.0,0.0,3.5295,2.25975,51.43200191209594,0.43075,75.90152496760689,4.028543109853136,,classic,True
00-0033948,Jamaal Williams,RB,DET,5700,5541,9.7881,9.7881,1.0044234381627584,0.8925129725722757,8.774609671973897,CIN,21.5,46.5,9.717248079099123,statline_mc,1.2313907871064613,19.824639148310837,0.0,0.0,0.0,12.0485,45.767354185556684,0.332,2.1575,1.71825,12.052492534182289,0.048,57.87331769699,1.8728012533708787,,classic,True
00-0035644,Noah Fant,TE,DEN,5800,4748,7.0695,7.0695,1.1836951791499444,1.0481838398813936,8.771341310359803,LV,25.25,45.5,9.08504597662154,statline_mc,1.4385289011030618,19.565241379316817,0.0,0.0,0.0,0.0,0.0,0.0,5.53125,3.67975,45.66466310359802,0.40075,77.76977640453171,4.562884070448227,,classic,True
00-0027061,Jared Cook,TE,LAC,5400,4437,5.8506,5.8506,1.5086311106813015,0.9859154929577464,8.70212185278732,BAL,23.75,50.5,9.627644179868119,statline_mc,1.2484164092984678,19.60909773536165,0.0,0.0,0.0,0.0,0.0,0.0,4.67075,3.02025,50.9349685278732,0.35725,77.54028373035649,4.493605488226611,,classic,True
DST_MIA,Miami,D,MIA,4200,7016,8.663466937499999,8.663466937499999,1.2405564946657575,1.0706349206349206,8.663466937499999,JAX,25.0,47.5,6.3935,dst_simulated_session_10_4,0.0,0.0,0.0,0.0,0.0,0.0,0.0,0.0,0.0,0.0,0.0,0.0,70.72928383952005,7.087523080049582,,classic,True
00-0034301,Darrel Williams,RB,KC,5200,5708,6.1481,6.1481,1.1256135248136705,1.2453669384729429,8.618427949948668,WAS,30.0,54.0,9.17363893036145,statline_mc,1.302907176581822,19.076182096109537,0.0,0.0,0.0,5.4155,30.220300533320216,0.2715,2.8505,2.08575,23.640228966166447,0.10675,74.92000335064499,5.835039391921593,,classic,True
00-0029293,Marvin Jones,WR,JAX,6100,5168,7.628,7.628,1.1902566183432317,0.9340252038547071,8.480319174677208,MIA,22.5,47.5,9.49473994021352,statline_mc,1.3412602822198374,18.94226733253095,0.0,0.0,0.0,0.0,0.0,0.0,6.20925,3.58125,47.82694174677209,0.32525,62.720849962247875,2.196853967748285,,classic,True
00-0029701,Ryan Tannehill,QB,TEN,7000,1410,14.854,14.854,0.5688040560691919,0.9859154929577464,8.330041043996703,BUF,23.75,53.5,5.646813831268569,statline_mc,2.2311978705032383,15.824845540869656,32.88175,132.88347187793644,0.68525,3.454,10.049521688792465,0.078,0.0,0.0,0.0,0.0,34.3785703257681,0.3135308645784039,,classic,True
00-0034681,Chase Edmonds,RB,ARI,5900,5619,12.1739,12.1739,0.7261709992122645,0.9340252038547071,8.257067704829328,CLE,22.5,48.0,7.582435427741938,statline_mc,1.9739300686030907,17.220129842430854,0.0,0.0,0.0,9.19,30.81086310994998,0.12525,5.038,4.0455,20.677313938343296,0.08125,60.16460043558385,2.1818813059329347,,classic,True
DST_DEN,Denver,D,DEN,4400,7010,8.178065001,8.178065001,1.1710498492093167,1.189594356261023,8.178065001,LV,25.25,45.5,6.2369,dst_simulated_session_10_4,0.0,0.0,0.0,0.0,0.0,0.0,0.0,0.0,0.0,0.0,0.0,0.0,66.54011998500187,5.360505794047423,,classic,True
00-0036415,Van Jefferson,WR,LA,5400,5844,6.8746,6.8746,1.000602505932839,1.1830985915492958,8.138214652775837,NYG,28.5,49.5,9.896816858375903,statline_mc,1.1333664922820579,18.924832383441736,0.0,0.0,0.0,0.0,0.0,0.0,4.7495,2.89125,49.60589652775836,0.294,72.39375471901627,4.186590331884204,,classic,True
00-0031544,Amari Cooper,WR,DAL,6800,5376,8.4077,8.4077,0.8610506555838364,1.1208302446256486,8.114209852940304,NE,27.0,50.5,9.424552775703678,statline_mc,1.3007275237831724,18.122127484860716,0.0,0.0,0.0,0.0,0.0,0.0,5.51275,3.60625,43.91584852940303,0.32575,73.88927839499515,4.625517320424736,,classic,True
DST_LA,LA Rams,D,LA,5000,7025,7.9427706885,7.9427706885,1.1373571151531257,1.147108843537415,7.9427706885,NYG,28.5,49.5,6.1568,dst_simulated_session_10_4,0.0,0.0,0.0,0.0,0.0,0.0,0.0,0.0,0.0,0.0,0.0,0.0,63.80764904386952,4.467788778398243,,classic,True
00-0035243,Miles Sanders,RB,PHI,5600,5714,9.2572,9.2572,0.8977761619099557,0.9547813194959228,7.935100169454282,TB,23.0,53.0,8.02773004170331,statline_mc,1.6256512856114997,16.907121265255945,0.0,0.0,0.0,8.72625,32.06400284991804,0.1445,3.92825,3.0145,20.154498844624772,0.079,63.20656726419835,2.6724222679248335,,classic,True
00-0036268,Laviska Shenault Jr.,WR,JAX,5700,5847,7.0796,7.0796,1.1902566183432317,0.9340252038547071,7.8705611458224745,MIA,22.5,47.5,9.20390378514484,statline_mc,1.1960967448488178,18.179645213788636,0.0,0.0,0.0,0.431,3.1617030016179113,0.0155,5.05975,3.15675,45.99515845660683,0.2205,59.87838420882321,1.817621185738177,,classic,True
DST_MIN,Minnesota,D,MIN,3700,7017,7.8599470905,7.8599470905,1.1254972727653467,1.1204318936877078,7.8599470905,CAR,24.0,45.5,6.2444,dst_simulated_session_10_4,0.0,0.0,0.0,0.0,0.0,0.0,0.0,0.0,0.0,0.0,0.0,0.0,63.17022872140983,4.2819089119159415,,classic,True
DST_CLE,Cleveland,D,CLE,3600,7008,7.788008412,7.788008412,1.1151960855530365,1.0706349206349206,7.788008412,ARI,25.5,48.0,6.2708,dst_simulated_session_10_4,0.0,0.0,0.0,0.0,0.0,0.0,0.0,0.0,0.0,0.0,0.0,0.0,73.77015373078365,8.680339014768451,,classic,True
00-0034383,Dalton Schultz,TE,DAL,6500,4742,11.4574,11.4574,0.605386586722112,1.1208302446256486,7.774231562109881,NE,27.0,50.5,6.983809708365163,statline_mc,1.7709179301547895,17.08301061128057,0.0,0.0,0.0,0.0,0.0,0.0,6.83375,5.0375,36.3998156210988,0.2825,85.58556762683145,7.6829811571411835,,classic,True
00-0031549,Nelson Agholor,WR,NE,5400,5378,6.7436,6.7436,1.1732061103118685,0.9755374351371385,7.718079118714918,DAL,23.5,50.5,9.051933082703872,statline_mc,1.1424478416028412,17.79018214088699,0.0,0.0,0.0,0.26125,1.7663531225496407,0.00875,5.12875,3.0255,44.276938064599534,0.26475,63.13756157192678,2.258739910890824,,classic,True
00-0036936,Rondale Moore,WR,ARI,5700,5934,8.2575,8.2575,0.9987662973756152,0.9340252038547071,7.703224402425969,CLE,22.5,48.0,9.014172288355017,statline_mc,1.208216872608135,17.15120870630542,0.0,0.0,0.0,1.779,9.479634090457163,0.04325,4.58225,3.21,38.32760993380252,0.187,60.197389709847904,1.8566905686062436,,classic,True
00-0033375,Tim Patrick,WR,DEN,6100,5651,9.9236,9.9236,0.7397297330529835,1.0481838398813936,7.694523343800358,LV,25.25,45.5,8.12848757595178,statline_mc,1.4735602970220132,17.264848162459913,0.0,0.0,0.0,0.0,0.0,0.0,6.17125,4.15575,42.87648343800359,0.23075,63.741685542731815,2.3515672661375047,,classic,True
00-0036945,Justin Fields,QB,CHI,6400,1567,9.3979,9.3979,1.0228717234980285,0.799110452186805,7.68173662554165,GB,19.25,44.0,5.4712051642137745,statline_mc,2.025724576353492,14.703430193969943,21.496,118.04423151050298,0.57075,3.28175,10.6421736512153,0.101,0.0,0.0,0.0,0.0,29.423344140805927,0.2253262595836555,,classic,True
00-0033307,Kendrick Bourne,WR,NE,5200,5598,6.6353,6.6353,1.1732061103118685,0.9755374351371385,7.594156375929857,DAL,23.5,50.5,8.868061018051279,statline_mc,1.192739768725926,17.348468000254247,0.0,0.0,0.0,0.479,3.3221734073017424,0.014,4.50875,2.98725,42.103140351996814,0.25325,61.185506777406246,1.9831175168496409,,classic,True
00-0032602,J.D. McKissic,RB,WAS,5200,5586,6.6843,6.6843,1.1372477731321575,0.9962935507783542,7.573570231873116,KC,24.0,54.0,8.962151160714967,statline_mc,1.2511484123437377,16.604222213254324,0.0,0.0,0.0,3.68775,16.201602058708445,0.132,3.78175,2.784,30.20910026002273,0.1365,64.02314737253587,2.8219381933734673,,classic,True
DST_CIN,Cincinnati,D,CIN,4500,7007,7.5576245895,7.5576245895,1.0822065042075835,1.1204318936877078,7.5576245895,DET,25.0,46.5,6.1471,dst_simulated_session_10_4,0.0,0.0,0.0,0.0,0.0,0.0,0.0,0.0,0.0,0.0,0.0,0.0,56.35217472815897,2.7179066899616524,,classic,True
DST_DAL,Dallas,D,DAL,4100,7009,7.557542748000001,7.557542748000001,1.082194784995738,1.0250759878419453,7.557542748000001,NE,27.0,50.5,6.3557,dst_simulated_session_10_4,0.0,0.0,0.0,0.0,0.0,0.0,0.0,0.0,0.0,0.0,0.0,0.0,65.98565804274466,5.165976810055135,,classic,True
00-0034972,Alexander Mattison,RB,MIN,7700,5720,13.8661,13.8661,0.5458401502757074,0.9962935507783542,7.540602075658879,CAR,24.0,45.5,7.471564489126868,statline_mc,1.6073222196530665,16.205604633228507,0.0,0.0,0.0,15.20975,32.90285114525254,0.14425,4.15,3.237,15.113169611336245,0.07475,62.55472720165298,2.558776650615776,,classic,True
00-0030035,Adam Thielen,WR,MIN,7200,5333,9.5668,9.5668,0.7882581020653247,0.9962935507783542,7.513150962548745,CAR,24.0,45.5,7.902102682390619,statline_mc,1.3744023323429684,16.937028610646287,0.0,0.0,0.0,0.0,0.0,0.0,6.3425,4.13475,36.37775962548745,0.3105,60.87081580555855,1.9419462887951808,,classic,True
DST_KC,Kansas City,D,KC,3800,7015,7.410637255499999,7.410637255499999,1.0611587997328291,1.0037202380952381,7.410637255499999,WAS,30.0,54.0,6.1714,dst_simulated_session_10_4,0.0,0.0,0.0,0.0,0.0,0.0,0.0,0.0,0.0,0.0,0.0,0.0,73.48003374578177,8.514062877578993,,classic,True
00-0036357,Henry Ruggs III,WR,LV,5500,5833,8.4109,8.4109,1.0348346797496526,0.8406226834692364,7.3167031821977595,DEN,20.25,45.5,8.606792590969912,statline_mc,1.1895682111606658,16.724910252681752,0.0,0.0,0.0,0.3465,1.6290606047181588,0.00725,5.2795,3.14575,44.03922121725943,0.1955,51.7428900154604,1.0567121324019189,,classic,True
00-0033251,Zach Pascal,WR,IND,5300,5647,8.1347,8.1347,0.794160200999258,1.1208302446256486,7.240869088899097,HOU,27.0,43.5,8.330587321630865,statline_mc,1.1798347310665118,16.550496375754978,0.0,0.0,0.0,0.0,0.0,0.0,5.733,3.523,38.39869088899098,0.28075,60.28421960953511,1.8674694866412775,,classic,True
00-0032688,Robby Anderson,WR,CAR,5500,5502,8.0866,8.0866,1.0007336636869264,0.8925129725722757,7.2227122787726,MIN,21.5,45.5,8.141451068596659,statline_mc,1.1423332593106281,16.19114047103004,0.0,0.0,0.0,0.20325,0.9920808254348071,0.0035,6.2175,3.20025,40.383791962291184,0.25175,52.65900837737749,1.123261922573652,,classic,True
DST_TB,Tampa Bay,D,TB,4100,7029,7.2019414305,7.2019414305,1.0312748095264688,1.047360248447205,7.2019414305,PHI,30.0,53.0,6.1989,dst_simulated_session_10_4,0.0,0.0,0.0,0.0,0.0,0.0,0.0,0.0,0.0,0.0,0.0,0.0,62.561867266591676,4.111720225521842,,classic,True
DST_BUF,Buffalo,D,BUF,4500,7004,7.196130684000002,7.196130684000002,1.030442745485429,1.0142857142857142,7.196130684000002,TEN,29.75,53.5,6.4287,dst_simulated_session_10_4,0.0,0.0,0.0,0.0,0.0,0.0,0.0,0.0,0.0,0.0,0.0,0.0,60.90223097112861,3.6810537915944055,,classic,True
DST_BAL,Baltimore,D,BAL,3900,7003,7.084253353499999,7.084253353499999,1.0144225828924505,1.0142857142857142,7.084253353499999,LAC,26.75,50.5,6.1768,dst_simulated_session_10_4,0.0,0.0,0.0,0.0,0.0,0.0,0.0,0.0,0.0,0.0,0.0,0.0,58.916854143232094,3.224702224212117,,classic,True
00-0034775,Christian Kirk,WR,ARI,5900,5636,7.5765,7.5765,0.9987662973756152,0.9340252038547071,7.0678655679018,CLE,22.5,48.0,7.933640554233554,statline_mc,1.0923163622054448,16.360136188224732,0.0,0.0,0.0,0.36325,1.875275142089547,0.00775,4.46325,3.20525,38.98713053692844,0.23075,57.52615683313558,1.5538153880557002,,classic,True
00-0036387,Jalen Reagor,WR,PHI,5400,5834,5.8943,5.8943,1.2400965648964468,0.9547813194959228,6.9789190337436136,TB,23.0,53.0,8.080956505970018,statline_mc,1.0525762907331901,16.352343550653835,0.0,0.0,0.0,0.24575,1.6326191625037756,0.00875,4.6375,2.93175,38.717821174932354,0.244,59.73600474598209,1.8004500135320243,,classic,True
DST_JAX,Jacksonville,D,JAX,3800,7014,6.849941139,6.849941139,0.9808704793784073,0.9635714285714286,6.849941139,MIA,22.5,47.5,6.136,dst_simulated_session_10_4,0.0,0.0,0.0,0.0,0.0,0.0,0.0,0.0,0.0,0.0,0.0,0.0,44.939538807649036,1.2700034157513647,,classic,True
00-0036963,Amon-Ra St. Brown,WR,DET,5200,5928,7.322,7.322,1.044278038043946,0.8925129725722757,6.824344374485724,CIN,21.5,46.5,7.227747708341544,statline_mc,1.2701112464707454,15.472684240834985,0.0,0.0,0.0,0.0,0.0,0.0,5.76925,3.75725,37.62719374485724,0.20375,49.810070830187314,0.9289575025867898,,classic,True
00-0036265,AJ Dillon,RB,GB,5400,5825,7.4218,7.4218,0.8842028722050537,1.027427724240178,6.742327487090553,CHI,24.75,44.0,6.880865677883705,statline_mc,1.0685193400362791,15.31152085237053,0.0,0.0,0.0,8.626,32.81707369736751,0.148,2.26875,1.758,13.856201173538015,0.07075,56.268777573016145,1.682811598085327,,classic,True
DST_SEA,Seattle,D,SEA,3500,7028,6.614810509500002,6.614810509500002,0.9472011837459079,0.9933726067746687,6.614810509500002,PIT,18.75,43.0,6.02,dst_simulated_session_10_4,0.0,0.0,0.0,0.0,0.0,0.0,0.0,0.0,0.0,0.0,0.0,0.0,47.96587926509186,1.5539119972739346,,classic,True
00-0036271,Quez Watkins,WR,PHI,5000,5895,5.5833,5.5833,1.2400965648964468,0.9547813194959228,6.610716584175037,TB,23.0,53.0,8.412859471778534,statline_mc,0.6406210641146148,15.819555685925662,0.0,0.0,0.0,0.0,0.0,0.0,3.648,2.33475,43.98341584175037,0.179,58.22915543091361,1.6283708234401884,,classic,True
DST_ARI,Arizona,D,ARI,4300,7001,6.5881301805,6.5881301805,0.9433807206842318,0.9446778711484595,6.5881301805,CLE,22.5,48.0,6.2214,dst_simulated_session_10_4,0.0,0.0,0.0,0.0,0.0,0.0,0.0,0.0,0.0,0.0,0.0,0.0,36.30061867266592,0.7139742234077954,,classic,True
DST_DET,Detroit,D,DET,3700,7011,6.539925537,6.539925537,0.9364781049071549,0.9635714285714286,6.539925537,CIN,21.5,46.5,6.1415,dst_simulated_session_10_4,0.0,0.0,0.0,0.0,0.0,0.0,0.0,0.0,0.0,0.0,0.0,0.0,41.31936632920885,0.9976774594196143,,classic,True
DST_LAC,LA Chargers,D,LAC,3600,7026,6.438442077000001,6.438442077000001,0.9219462822185718,0.9005340453938585,6.438442077000001,BAL,23.75,50.5,6.2164,dst_simulated_session_10_4,0.0,0.0,0.0,0.0,0.0,0.0,0.0,0.0,0.0,0.0,0.0,0.0,52.20800524934383,2.061809549869539,,classic,True
00-0033553,James Conner,RB,ARI,6100,5537,9.4704,9.4704,0.7261709992122645,0.9340252038547071,6.4234336805628605,CLE,22.5,48.0,7.714285777600355,statline_mc,0.5933842421009149,15.768161052434069,0.0,0.0,0.0,12.5325,31.395218713341006,0.4035,1.082,0.82175,4.785368092287604,0.019,58.56885575473279,1.9616863976985675,,classic,True
00-0034367,Nyheim Hines,RB,IND,5100,5623,5.5298,5.5298,1.018966248560868,1.1208302446256486,6.315523382061065,HOU,27.0,43.5,6.742036995974503,statline_mc,1.0146367035623187,14.199474459913198,0.0,0.0,0.0,4.159,19.18630126057726,0.14325,3.005,2.217,20.148932560033394,0.08125,55.55746356173564,1.6048736500299932,,classic,True
00-0032464,Kalif Raymond,WR,DET,5100,5520,6.7558,6.7558,1.044278038043946,0.8925129725722757,6.296583443787702,CIN,21.5,46.5,7.663309173501205,statline_mc,0.8471633754424838,14.739809132785073,0.0,0.0,0.0,0.08825,0.5379775155043894,0.003,4.7295,2.797,34.60785692237264,0.23325,46.96760507676265,0.7685958475805448,,classic,True
00-0034011,Dan Arnold,TE,JAX,5000,4741,6.2364,6.2364,1.079251486872008,0.9340252038547071,6.286565117611367,MIA,22.5,47.5,6.588870663911867,statline_mc,1.0943131690964827,14.031200923982855,0.0,0.0,0.0,0.0,0.0,0.0,4.60925,3.1295,35.24315117611367,0.207,67.96621150204325,2.373543299399464,,classic,True
00-0027942,A.J. Green,WR,ARI,5400,5091,6.7315,6.7315,0.9987662973756152,0.9340252038547071,6.279643750906052,CLE,22.5,48.0,7.476832861744484,statline_mc,0.8767175563404019,14.300098789742298,0.0,0.0,0.0,0.0,0.0,0.0,4.51825,2.70125,36.470187509060516,0.219,53.14259518929996,1.1600649605925202,,classic,True
00-0036309,Darnell Mooney,WR,CHI,5600,5857,8.355,8.355,0.9285968989388516,0.799110452186805,6.199862304126853,GB,19.25,44.0,6.67914019370804,statline_mc,1.192637072751369,13.806692495100764,0.0,0.0,0.0,0.21625,0.9480125825762697,0.0045,5.63125,3.4975,34.20811045869226,0.15875,46.206180563046054,0.7305543586020603,,classic,True
DST_CAR,Carolina,D,CAR,4000,7005,6.132682233000001,6.132682233000001,0.8781633067632921,1.0037202380952381,6.132682233000001,MIN,21.5,45.5,6.0724,dst_simulated_session_10_4,0.0,0.0,0.0,0.0,0.0,0.0,0.0,0.0,0.0,0.0,0.0,0.0,25.99315710536183,0.35912939508187347,,classic,True
DST_LV,Las Vegas,D,LV,4600,7022,6.0849686384999995,6.0849686384999995,0.8713310062572888,0.954031117397454,6.0849686384999995,DEN,20.25,45.5,6.0591,dst_simulated_session_10_4,0.0,0.0,0.0,0.0,0.0,0.0,0.0,0.0,0.0,0.0,0.0,0.0,27.249250093738283,0.39049778150156755,,classic,True
00-0030456,Giovani Bernard,RB,TB,4900,2889,4.4864,4.4864,1.0839241350057565,1.2453669384729429,6.056115050681712,PHI,30.0,53.0,7.517912046729212,statline_mc,0.8445975741075329,14.26899532378098,0.0,0.0,0.0,1.24425,7.095470471005903,0.045,3.42225,2.6945,26.713180035811217,0.18175,69.2260010051935,3.9919540997491914,,classic,True
00-0033858,Jonnu Smith,TE,NE,4800,4706,4.9235,4.9235,1.247521879986461,0.9755374351371385,5.99196860404537,DAL,23.5,50.5,6.4325820961238245,statline_mc,0.7719248761807789,13.814977124679706,0.0,0.0,0.0,0.0,0.0,0.0,4.1125,2.68,31.649686040453695,0.25525,69.16409183029336,2.570865442412668,,classic,True
00-0036365,Bryan Edwards,WR,LV,5400,5854,6.8869,6.8869,1.0348346797496526,0.8406226834692364,5.990990033659392,DEN,20.25,45.5,7.470274863237659,statline_mc,0.9137294796894267,13.336115637724273,0.0,0.0,0.0,0.0,0.0,0.0,4.87575,2.8545,35.822400336593915,0.16875,46.263437960665875,0.7333483304877464,,classic,True
00-0036410,Tee Higgins,WR,CIN,6400,5839,6.3791,6.3791,0.9036769256622442,1.0378057820607858,5.982574962320418,DET,25.0,46.5,6.94326358535068,statline_mc,0.8892358296034497,13.826035811143377,0.0,0.0,0.0,0.0,0.0,0.0,4.57875,2.85725,31.819499623204166,0.2335,60.35657785927444,1.8764997043883278,,classic,True
00-0034270,Tyler Conklin,TE,MIN,5100,4732,6.8042,6.8042,0.8800348145640926,0.9962935507783542,5.9657051326707204,CAR,24.0,45.5,6.244874395283596,statline_mc,1.1065276855006612,13.147589025344907,0.0,0.0,0.0,0.0,0.0,0.0,4.8155,3.34875,30.318301326707203,0.218,68.66299544835375,2.48640070511057,,classic,True
DST_CHI,Chicago,D,CHI,3500,7006,5.8998431655,5.8998431655,0.8448221490624702,0.9733044733044733,5.8998431655,GB,19.25,44.0,6.0404,dst_simulated_session_10_4,0.0,0.0,0.0,0.0,0.0,0.0,0.0,0.0,0.0,0.0,0.0,0.0,35.9884701912261,0.6992700192360835,,classic,True
00-0036919,Kenny Gainwell,RB,PHI,5500,5910,6.8811,6.8811,0.8977761619099557,0.9547813194959228,5.898382163931079,TB,23.0,53.0,6.160596888022945,statline_mc,1.1391643916419425,13.200773867142242,0.0,0.0,0.0,3.16075,11.570588947633798,0.09325,4.38575,3.12475,21.299482691677,0.0925,59.217205562070696,2.0483361527286355,,classic,True
00-0035657,Damien Harris,RB,NE,6200,5715,7.5955,7.5955,0.7940374477367752,0.9755374351371385,5.8836133595066675,DAL,23.5,50.5,6.785598890455723,statline_mc,0.6722857765392418,14.376217310902168,0.0,0.0,0.0,11.259,32.3923019939169,0.25875,1.2315,0.937,5.808831601149783,0.029,61.157089406377395,2.331130680337878,,classic,True
00-0032977,Rashard Higgins,WR,CLE,5300,5475,4.9275,4.9275,1.1141851209725349,1.0585618977020015,5.811624733458705,ARI,25.5,48.0,7.36139372058053,statline_mc,0.6775565180546987,13.782113630793186,0.0,0.0,0.0,0.0,0.0,0.0,3.6735,2.29175,34.852497334587035,0.20075,58.64784453313199,1.674463184397463,,classic,True
00-0036345,K.J. Osborn,WR,MIN,5000,5859,7.3848,7.3848,0.7882581020653247,0.9962935507783542,5.799591659004867,CAR,24.0,45.5,6.311369246772141,statline_mc,1.0087907647788052,12.897941411066899,0.0,0.0,0.0,0.22275,1.006705540581575,0.005,4.89225,3.1565,30.7767110494671,0.174,50.39136375076403,0.9656639094086186,,classic,True
00-0031610,Darren Waller,TE,LV,7000,5419,14.8576,14.8576,0.4583917605531647,0.8406226834692364,5.725137241426794,DEN,20.25,45.5,4.758902640614347,statline_mc,1.5756207501844184,11.930819774837335,0.0,0.0,0.0,0.0,0.0,0.0,8.4125,5.2065,22.268872414267943,0.16125,64.54807468686667,1.8898701329999512,,classic,True
DST_HOU,Houston,D,HOU,3400,7032,5.7057151274999995,5.7057151274999995,0.8170241785646319,0.8921957671957672,5.7057151274999995,IND,16.5,43.5,6.0786,dst_simulated_session_10_4,0.0,0.0,0.0,0.0,0.0,0.0,0.0,0.0,0.0,0.0,0.0,0.0,32.38142107236595,0.5498068419005709,,classic,True
00-0032385,Sterling Shepard,WR,NYG,6200,5456,6.1869,6.1869,1.0486062439288304,0.87175685693106,5.655640291066543,LA,21.0,49.5,6.849082877852182,statline_mc,0.7418908651822709,13.613175489198097,0.0,0.0,0.0,0.18875,0.9745436566398664,0.00475,3.96075,2.65575,31.673109254025555,0.178,53.91867112501349,1.2216646547113859,,classic,True
DST_NE,New England,D,NE,3800,7018,5.626656238499999,5.626656238499999,0.8057034199217518,0.8921957671957672,5.626656238499999,DAL,23.5,50.5,6.0767,dst_simulated_session_10_4,0.0,0.0,0.0,0.0,0.0,0.0,0.0,0.0,0.0,0.0,0.0,0.0,28.736876640419943,0.4312109403757095,,classic,True
00-0033611,Ricky Seals-Jones,TE,WAS,5000,4712,3.8743,3.8743,1.4331995551472367,0.9962935507783542,5.532027631356512,KC,24.0,54.0,6.6672962295422815,statline_mc,0.5629040649492346,13.596136386483154,0.0,0.0,0.0,0.0,0.0,0.0,3.1765,2.014,30.450276313565112,0.25125,75.33273530682082,3.8786435371255625,,classic,True
00-0034297,Byron Pringle,WR,KC,5200,5759,3.6467,3.6467,1.21058607022678,1.2453669384729429,5.497792413900682,WAS,30.0,54.0,7.531236224103639,statline_mc,0.14647362942960682,14.214190589620545,0.0,0.0,0.0,0.0,0.0,0.0,2.74375,1.64825,32.46667413900682,0.24125,66.51574803149606,2.8292722606555896,,classic,True
00-0032009,Adam Humphries,WR,WAS,5000,5412,5.1163,5.1163,1.0531967653218897,0.9962935507783542,5.368491163399427,KC,24.0,54.0,6.684295987729995,statline_mc,0.7255139031549274,12.17939107279912,0.0,0.0,0.0,0.0,0.0,0.0,3.85575,2.429,31.964911633994273,0.16375,58.1990436126991,1.6251052218954376,,classic,True
00-0035689,Dawson Knox,TE,BUF,6700,4750,10.174,10.174,0.4216430540109279,1.234988880652335,5.297860153986988,TEN,29.75,53.5,5.313241474543634,statline_mc,1.0758944926227523,11.786776357606337,0.0,0.0,0.0,0.0,0.0,0.0,5.17975,3.56425,22.887351539869876,0.213,85.56995249011595,7.674987265310139,,classic,True
00-0031235,Odell Beckham Jr.,WR,CLE,6000,5323,4.4619,4.4619,1.1141851209725349,1.0585618977020015,5.262520630276528,ARI,25.5,48.0,6.852253690809403,statline_mc,0.5792290775037457,12.572440379678575,0.0,0.0,0.0,0.3645,2.5047373930957355,0.009,3.4935,1.91225,30.664218909669543,0.16075,61.01085823176212,1.9601615112738482,,classic,True
00-0034816,Ronald Jones,RB,TB,5200,5617,3.8434,3.8434,1.0839241350057565,1.2453669384729429,5.18816914121552,PHI,30.0,53.0,6.6937472315578805,statline_mc,0.3526258716028182,12.862587704135565,0.0,0.0,0.0,5.434,29.654632845865656,0.22225,0.7115,0.5105,5.479558566289547,0.02475,66.14089462221477,3.2498443453591115,,classic,True
DST_NYG,New York G,D,NYG,3200,7020,5.179392440999999,5.179392440999999,0.7416579271853753,0.8452380952380952,5.179392440999999,LA,21.0,49.5,6.0314,dst_simulated_session_10_4,0.0,0.0,0.0,0.0,0.0,0.0,0.0,0.0,0.0,0.0,0.0,0.0,41.944600674915634,1.0401417977531109,,classic,True
00-0030181,Jack Doyle,TE,IND,4500,4594,2.7149,2.7149,1.6730332188965715,1.1208302446256486,5.091016127269488,HOU,27.0,43.5,6.400132794073934,statline_mc,0.0,12.663374455503668,0.0,0.0,0.0,0.0,0.0,0.0,2.33525,1.5415,31.247661272694877,0.203,63.36987939798665,1.7471078461074858,,classic,True
00-0031428,Allen Robinson,WR,CHI,5900,5258,6.5762,6.5762,0.9285968989388516,0.799110452186805,4.879911763158159,GB,19.25,44.0,5.528687284394177,statline_mc,0.752285322665082,11.11209841030109,0.0,0.0,0.0,0.0,0.0,0.0,4.903,2.8845,25.401617631581583,0.15525,43.02124905619674,0.5907984187332777,,classic,True
00-0031273,Cameron Brate,TE,TB,4800,4648,3.1552,3.1552,1.241719452637687,1.2453669384729429,4.879235902798744,PHI,30.0,53.0,6.400147470231123,statline_mc,0.0,11.981170799270979,0.0,0.0,0.0,0.0,0.0,0.0,2.5655,1.648,28.87735902798743,0.19975,78.02750921957539,4.641961819740855,,classic,True
00-0033893,Dalvin Cook,RB,MIN,8800,5559,8.8714,8.8714,0.5458401502757074,0.9962935507783542,4.8244161312225575,CAR,24.0,45.5,4.6429380812144965,statline_mc,0.9261764110573053,10.872733099954718,0.0,0.0,0.0,8.5685,19.08850884480686,0.1175,3.16725,2.2515,9.303152467418718,0.047,58.724939967610425,1.9822055214157839,,classic,True
DST_WAS,Washington,D,WAS,3000,7031,4.8121696305,4.8121696305,0.6890738236340264,0.8029761904761905,4.8121696305,KC,24.0,54.0,6.0087,dst_simulated_session_10_4,0.0,0.0,0.0,0.0,0.0,0.0,0.0,0.0,0.0,0.0,0.0,0.0,52.245031871016124,2.066905292697707,,classic,True
DST_PHI,Philadelphia,D,PHI,3300,7023,4.807832031,4.807832031,0.688452705406208,0.8029761904761905,4.807832031,TB,23.0,53.0,6.0686,dst_simulated_session_10_4,0.0,0.0,0.0,0.0,0.0,0.0,0.0,0.0,0.0,0.0,0.0,0.0,36.40185601799775,0.7188092448799187,,classic,True
00-0026189,DeSean Jackson,WR,LA,5400,3770,4.054,4.054,1.000602505932839,1.1830985915492958,4.799164182473293,NYG,28.5,49.5,6.3105887323836996,statline_mc,0.17523125736219988,11.991900021908648,0.0,0.0,0.0,0.0,0.0,0.0,2.7545,1.616,30.91164182473292,0.15325,60.98964512997519,1.957391396782387,,classic,True
00-0031763,DeAndre Carter,WR,WAS,4800,5654,4.4012,4.4012,1.0531967653218897,0.9962935507783542,4.6181584401490525,KC,24.0,54.0,6.1976149029636005,statline_mc,0.2893304671644139,11.143070519681421,0.0,0.0,0.0,0.46525,2.766851456014625,0.01525,2.995,1.75175,25.575982945475904,0.1415,60.04835868119224,1.8383349378618068,,classic,True
00-0036247,Freddie Swain,WR,SEA,5200,5853,4.7376,4.7376,1.244687086289506,0.7783543365455893,4.589791883519131,PIT,18.75,43.0,6.137196818062704,statline_mc,0.435809710498811,11.38044317862343,0.0,0.0,0.0,0.32,2.004961646029383,0.0085,3.126,1.935,24.067957189161913,0.1635,35.91108474454392,0.36777227182693173,,classic,True
00-0032972,Devontae Booker,RB,NYG,5900,5468,4.9932,4.9932,1.0364176210385991,0.87175685693106,4.5113382183432575,LA,21.0,49.5,5.128235868882611,statline_mc,0.5370082897246595,10.832192069236415,0.0,0.0,0.0,5.6255,18.13431472830301,0.1535,1.71775,1.28625,9.01781745512957,0.05175,52.63988942871504,1.321199569321327,,classic,True
00-0031806,Malcolm Brown,RB,MIA,5000,5441,3.4308,3.4308,1.2642549839423136,1.0378057820607858,4.501340328516979,JAX,25.0,47.5,5.820184227738143,statline_mc,0.308483984332499,11.382886165270008,0.0,0.0,0.0,4.999,25.129281932902902,0.18775,0.717,0.5125,5.151621352266889,0.02575,53.783995085720676,1.425915122776584,,classic,True
00-0035229,T.J. Hockenson,TE,DET,6400,4749,8.8505,8.8505,0.5667037377302838,0.8925129725722757,4.476500664065798,CIN,21.5,46.5,4.352395086872568,statline_mc,0.96075171952679,9.738109848767818,0.0,0.0,0.0,0.0,0.0,0.0,5.2465,3.6055,18.962506640657967,0.13875,61.9138509585036,1.5854895100366286,,classic,True
00-0034676,James Washington,WR,PIT,5200,5635,3.7668,3.7668,1.1751734766231794,1.0066716085989622,4.456153730389841,SEA,24.25,43.0,6.112110270749792,statline_mc,0.34192219867519996,10.840778613767569,0.0,0.0,0.0,0.0,0.0,0.0,2.918,1.81175,26.872787303898395,0.146,43.885323409916225,0.62583066485712,,classic,True
DST_TEN,Tennessee,D,TEN,3200,7030,4.427923788000001,4.427923788000001,0.6340521240187863,0.8097238895558224,4.427923788000001,BUF,23.75,53.5,5.9112,dst_simulated_session_10_4,0.0,0.0,0.0,0.0,0.0,0.0,0.0,0.0,0.0,0.0,0.0,0.0,38.559242594675666,0.8299967525163886,,classic,True
00-0036020,Salvon Ahmed,RB,MIA,4900,5886,3.3569,3.3569,1.2642549839423136,1.0378057820607858,4.404377855881303,JAX,25.0,47.5,5.718089451184914,statline_mc,0.4645623332326939,10.426397034254899,0.0,0.0,0.0,2.3825,10.977453613902977,0.0805,2.17175,1.5135,16.68382494491005,0.07325,54.3691014686994,1.4826349719578402,,classic,True
00-0036233,Donovan Peoples-Jones,WR,CLE,5100,5874,3.6557,3.6557,1.1141851209725349,1.0585618977020015,4.311707918718879,ARI,25.5,48.0,5.921261984102432,statline_mc,0.07470189672728844,10.914097382517317,0.0,0.0,0.0,0.0,0.0,0.0,2.6065,1.7205,26.644579187188793,0.13425,51.96976234135117,1.0728161935509997,,classic,True
00-0033572,Jamal Agnew,WR,JAX,5000,5855,3.8491,3.8491,1.1902566183432317,0.9340252038547071,4.279169328749098,MIA,22.5,47.5,5.599391250530941,statline_mc,0.19694474000196205,10.628537541884752,0.0,0.0,0.0,0.5795,3.4834164255995,0.0155,2.6045,1.677,22.483276861891472,0.129,44.638658181425946,0.6580639724612313,,classic,True
00-0035676,A.J. Brown,WR,TEN,6600,5728,6.3254,6.3254,0.6662813907640348,0.9859154929577464,4.155111011419859,BUF,23.75,53.5,4.789017003819756,statline_mc,0.6417322172390936,9.899634082323164,0.0,0.0,0.0,0.21775,0.7729765055866215,0.00225,4.661,2.4055,20.340633608611956,0.143,58.065113436162946,1.610659765330567,,classic,True
00-0035700,Josh Jacobs,RB,LV,6800,5712,8.6273,8.6273,0.5710476882990971,0.8406226834692364,4.141418310831806,DEN,20.25,45.5,4.5479803952241715,statline_mc,0.6462376199756797,9.616945443570946,0.0,0.0,0.0,8.19875,14.368153945363419,0.15675,2.57175,1.95375,6.862279162954641,0.0395,48.59803428826716,1.0091244555396994,,classic,True
00-0035639,Parris Campbell,WR,IND,4900,5729,4.6287,4.6287,0.794160200999258,1.1208302446256486,4.120059995963089,HOU,27.0,43.5,5.227856450961895,statline_mc,0.510421300878865,10.100115617790149,0.0,0.0,0.0,0.0,0.0,0.0,3.546,2.073,23.410599959630883,0.12825,50.660931938302234,0.9831749366423064,,classic,True
00-0036290,Cole Kmet,TE,CHI,4700,4778,4.4524,4.4524,1.1357284464000774,0.799110452186805,4.04087989914157,GB,19.25,44.0,4.5989758565129755,statline_mc,0.5288824901069773,9.676801529757926,0.0,0.0,0.0,0.0,0.0,0.0,3.51225,2.14775,20.135048991415704,0.16475,51.623641981461176,0.7984198173084984,,classic,True
00-0036955,Terrace Marshall,WR,CAR,4900,5933,4.495,4.495,1.0007336636869264,0.8925129725722757,4.01477073766242,MIN,21.5,45.5,4.914534097614313,statline_mc,0.5488866805555696,9.595633125449272,0.0,0.0,0.0,0.0,0.0,0.0,3.60225,2.2065,21.550207376624204,0.1295,41.528871391076116,0.5348482328992591,,classic,True
00-0036331,Devin Duvernay,WR,BAL,5000,5841,5.1089,5.1089,0.6846434763362721,1.1104521868050408,3.8840878369618923,LAC,26.75,50.5,4.91249920516972,statline_mc,0.5046584102716122,9.213834396074326,0.0,0.0,0.0,0.0,0.0,0.0,3.5065,2.178,19.90087836961892,0.13725,55.220670190198824,1.3324433171839656,,classic,True
00-0033881,Evan Engram,TE,NYG,5000,4701,4.062,4.062,1.077317344422417,0.87175685693106,3.8148606543578736,LA,21.0,49.5,4.555580981636177,statline_mc,0.36617982339468363,9.160597154872624,0.0,0.0,0.0,0.0,0.0,0.0,3.02925,2.011,19.918606543578733,0.14175,61.49930230240207,1.5422719503944065,,classic,True
00-0029239,Brandon Bolden,RB,NE,5200,2874,4.896,4.896,0.7940374477367752,0.9755374351371385,3.792499286055104,DAL,23.5,50.5,4.30611583411246,statline_mc,0.5711890980130315,9.040029929597988,0.0,0.0,0.0,1.52625,4.735180901969447,0.0295,3.22175,2.534,15.224811958581588,0.0655,50.35921706595186,1.1348440769671966,,classic,True
00-0032134,C.J. Uzomah,TE,CIN,5300,4656,4.5282,4.5282,0.8046032590300276,1.0378057820607858,3.781134201429979,DET,25.0,46.5,4.297169994332398,statline_mc,0.2706565650520073,9.482758296242759,0.0,0.0,0.0,0.0,0.0,0.0,2.878,2.02625,19.595092014299787,0.14075,66.66184923087145,2.1758652835544097,,classic,True
00-0033951,Marlon Mack,RB,IND,5000,5548,3.2865,3.2865,1.018966248560868,1.1208302446256486,3.7534786650317975,HOU,27.0,43.5,4.535652402902513,statline_mc,0.29202967252337103,9.438712539619157,0.0,0.0,0.0,4.05275,18.83692877316288,0.112,1.0835,0.7635,6.520357877155092,0.036,50.66384654045904,1.1581268274661487,,classic,True
00-0032187,David Johnson,RB,HOU,5200,5395,7.1581,7.1581,0.7552566200084834,0.6849518161601186,3.7029687372163185,IND,16.5,43.5,3.7188161122335965,statline_mc,0.6945972645516988,8.494408858908887,0.0,0.0,0.0,3.2645,6.770259746308648,0.041,3.648,2.7695,11.521927625854536,0.0525,35.45512927905289,0.4201638233820642,,classic,True
00-0027944,Julio Jones,WR,TEN,6500,5089,5.5854,5.5854,0.6662813907640348,0.9859154929577464,3.6690472616151064,BUF,23.75,53.5,4.357393840738529,statline_mc,0.5336071732049348,8.656904047181337,0.0,0.0,0.0,0.0,0.0,0.0,3.52975,2.1585,20.627972616151066,0.09175,57.00346960054651,1.5006039065891565,,classic,True
00-0032775,Demarcus Robinson,WR,KC,5000,5515,2.398,2.398,1.21058607022678,1.2453669384729429,3.615311682037474,WAS,30.0,54.0,5.411776606207205,statline_mc,0.0,9.695900100261163,0.0,0.0,0.0,0.0,0.0,0.0,1.908,1.1635,21.685616820374744,0.14575,61.24177542875634,1.9905706438994226,,classic,True
00-0036182,Nick Westbrook,WR,TEN,5200,5871,5.4806,5.4806,0.6662813907640348,0.9859154929577464,3.6002082440522316,BUF,23.75,53.5,4.343652653821266,statline_mc,0.5476869965623047,8.665899440385818,0.0,0.0,0.0,0.0,0.0,0.0,3.744,2.20475,18.378332440522318,0.114,49.74319562794377,0.9248251065350216,,classic,True
00-0035414,Jalen Guyton,WR,LAC,4800,5801,3.9734,3.9734,0.8905611502535034,0.9859154929577464,3.4887282334800536,BAL,23.75,50.5,5.316236119102962,statline_mc,0.08466733731474363,8.930011155248954,0.0,0.0,0.0,0.79975,4.980641641675831,0.0225,2.38175,1.43975,16.0828906931247,0.09325,51.19773127674109,1.0189965921129638,,classic,True
00-0032355,Chester Rogers,WR,TEN,5100,5500,5.2314,5.2314,0.6662813907640348,0.9859154929577464,3.436464780797471,BUF,23.75,53.5,4.002501387248471,statline_mc,0.2838190152405965,8.390239488617175,0.0,0.0,0.0,0.35425,1.2724418407182407,0.0065,3.3435,2.064,17.29720596725647,0.089,47.85963398410815,0.8156895828085131,,classic,True
00-0036894,Pat Freiermuth,TE,PIT,4500,4802,3.3377,3.3377,1.0212272133842657,1.0066716085989622,3.4312861552378497,SEA,24.25,43.0,4.2786808288094385,statline_mc,0.0,8.970917717745351,0.0,0.0,0.0,0.0,0.0,0.0,2.37225,1.669,17.7478615523785,0.14025,53.0729426226785,0.87941295538853,,classic,True
00-0034418,Cedrick Wilson,WR,DAL,5200,5766,3.4682,3.4682,0.8610506555838364,1.1208302446256486,3.347157535042402,NE,27.0,50.5,4.715029604057206,statline_mc,1.3606418659060314e-08,8.611035006029505,0.0,0.0,0.0,0.4655,2.738096899092584,0.018,2.12825,1.39375,15.814728451331439,0.1175,54.06051127170747,1.2332715184556668,,classic,True
00-0033439,Pharaoh Brown,TE,HOU,4500,4753,3.2794,3.2794,1.4699482616894732,0.6849518161601186,3.3018190290364666,IND,16.5,43.5,4.091027358548104,statline_mc,0.0,8.478965058225768,0.0,0.0,0.0,0.0,0.0,0.0,2.464,1.5695,18.05069029036467,0.12175,43.30592378484335,0.458573231887607,,classic,True
00-0036626,Dyami Brown,WR,WAS,4600,5936,3.0992,3.0992,1.0531967653218897,0.9962935507783542,3.2519733720018666,KC,24.0,54.0,4.371302669544719,statline_mc,0.04219974862378287,8.559361220747881,0.0,0.0,0.0,0.2165,1.1774365740328008,0.006,2.503,1.3305,17.73979714598586,0.11225,58.40452306475389,1.6475201134016408,,classic,True
00-0034440,Justin Jackson,RB,LAC,4800,5682,2.7292,2.7292,1.1963885354178028,0.9859154929577464,3.2191880504643886,BAL,23.75,50.5,4.336022912132135,statline_mc,0.1634775006982651,8.268041077155463,0.0,0.0,0.0,2.0565,8.951108234835086,0.066,1.49225,1.15975,10.657022269808797,0.05275,52.340983972748084,1.2951325668825038,,classic,True
00-0035329,Donald Parham,TE,LAC,4900,4787,2.1544,2.1544,1.5086311106813015,0.9859154929577464,3.2043801832740537,BAL,23.75,50.5,4.744680249922732,statline_mc,0.0,8.860913180030995,0.0,0.0,0.0,0.0,0.0,0.0,1.5335,1.024,17.15880183274054,0.166,62.09724575567295,1.6049931980523287,,classic,True
00-0027966,Mark Ingram,RB,HOU,5300,2793,6.1182,6.1182,0.7552566200084834,0.6849518161601186,3.1650579016832547,IND,16.5,43.5,4.209445281288216,statline_mc,0.2141492994924155,8.310309861821631,0.0,0.0,0.0,11.88925,21.077482252105817,0.13725,0.54,0.387,1.4530967647267328,0.005,35.61470374713799,0.4246575115063796,,classic,True
00-0033885,David Njoku,TE,CLE,5100,4702,7.5988,7.5988,0.3906967748174654,1.0585618977020015,3.142687177595125,ARI,25.5,48.0,3.2647412964929576,statline_mc,0.5607301794482561,7.23703940541218,0.0,0.0,0.0,0.0,0.0,0.0,3.65175,2.57475,14.303121775951244,0.07775,66.84881557526828,2.2031559164216024,,classic,True
00-0034364,Jordan Akins,TE,HOU,4200,4729,3.1195,3.1195,1.4699482616894732,0.6849518161601186,3.1408156854240805,IND,16.5,43.5,3.9687293541909456,statline_mc,0.0,8.268363543038598,0.0,0.0,0.0,0.0,0.0,0.0,2.3595,1.55325,16.371906854240805,0.125,44.128708594969936,0.4844296987586208,,classic,True
00-0034798,Durham Smythe,TE,MIA,4100,4737,2.3471,2.3471,1.270731589381558,1.0378057820607858,3.0953264506188045,JAX,25.0,47.5,4.319386383207092,statline_mc,0.0,8.5115858938649,0.0,0.0,0.0,0.0,0.0,0.0,1.87575,1.23425,16.987014506188043,0.13325,63.6587594272235,1.7810809050601213,,classic,True
00-0033757,Robert Tonyan,TE,GB,5200,4744,4.6304,4.6304,0.6247280112180262,1.027427724240178,2.972052368258668,CHI,24.75,44.0,3.3609144742506323,statline_mc,0.2454769206932593,7.747285923798946,0.0,0.0,0.0,0.0,0.0,0.0,3.21075,1.9925,13.103023682586677,0.1135,57.53729359779394,1.1842654489408995,,classic,True
00-0033118,Kenyan Drake,RB,LV,5300,5446,6.1508,6.1508,0.5710476882990971,0.8406226834692364,2.9526050657601317,DEN,20.25,45.5,3.1465365121362407,statline_mc,0.44052828260570825,7.1449725231420915,0.0,0.0,0.0,4.07625,6.922792001534515,0.042,2.741,2.024,8.673258656066803,0.0335,39.23633216060759,0.5406244622484517,,classic,True
00-0032426,Alex Collins,RB,SEA,5800,5450,5.4018,5.4018,0.6864206507907653,0.7783543365455893,2.8860485300953953,PIT,18.75,43.0,3.497045126956149,statline_mc,0.26465580280526196,7.4971160728767305,0.0,0.0,0.0,5.841,13.00697634381872,0.09575,1.337,1.0075,4.686008957135229,0.018,37.540347350198246,0.4828273947284963,,classic,True
00-0033455,Anthony Firkser,TE,TEN,4700,4738,3.7046,3.7046,0.7465789855422852,0.9859154929577464,2.726786980052451,BUF,23.75,53.5,3.20686177695039,statline_mc,0.051563709608460795,7.351072200626797,0.0,0.0,0.0,0.0,0.0,0.0,2.6225,1.752,12.942869800524509,0.0985,58.77171999069736,1.2858472002812962,,classic,True
00-0035249,Josh Oliver,TE,BAL,4200,4766,1.5551,1.5551,1.5782602388665925,1.1104521868050408,2.7254354893933184,LAC,26.75,50.5,4.448167146968472,statline_mc,0.0,8.046519747838992,0.0,0.0,0.0,0.0,0.0,0.0,1.30175,0.82375,16.230604893933176,0.11725,62.689458121532276,1.6696271582836602,,classic,True
00-0036212,Tua Tagovailoa,QB,MIA,6600,1551,2.4653,2.4653,1.057229015475362,1.0378057820607858,2.7049522761361793,JAX,25.0,47.5,2.731343470592315,statline_mc,0.43918376335636583,6.472864656153753,5.0245,38.76000519928566,0.234,0.62875,2.4705206816475282,0.02725,0.0,0.0,0.0,0.0,36.44356955380577,0.35980579301328747,,classic,True
00-0033879,O.J. Howard,TE,TB,4900,4700,1.739,1.739,1.241719452637687,1.2453669384729429,2.6891250824128043,PHI,30.0,53.0,3.997535255120499,statline_mc,0.0,7.865916338428151,0.0,0.0,0.0,0.0,0.0,0.0,1.38525,0.89475,15.37750082412804,0.1195,68.91358516894249,2.528287373753967,,classic,True
00-0032128,Chris Conley,WR,HOU,5200,5385,3.3526,3.3526,1.1653366450666238,0.6849518161601186,2.676006173146242,IND,16.5,43.5,3.804277275797316,statline_mc,0.0,7.374864373135241,0.0,0.0,0.0,0.0,0.0,0.0,2.23825,1.31875,15.151311731462417,0.086,30.123593283716243,0.25004256315835177,,classic,True
00-0034521,Allen Lazard,WR,GB,5100,5711,2.3568,2.3568,1.09975776802292,1.027427724240178,2.662994502999724,CHI,24.75,44.0,4.191327718406444,statline_mc,0.0,7.259826444968115,0.0,0.0,0.0,0.0,0.0,0.0,1.75425,1.0625,16.297445029997238,0.08525,39.635871714665804,0.4714358564713738,,classic,True
00-0031387,Eric Ebron,TE,PIT,4600,4601,2.5896,2.5896,1.0212272133842657,1.0066716085989622,2.662241374627217,SEA,24.25,43.0,3.5905504941896824,statline_mc,0.0,7.494889834312145,0.0,0.0,0.0,0.0,0.0,0.0,2.11825,1.2825,14.169913746272174,0.10325,47.44003123027343,0.6040923976971252,,classic,True
00-0034365,Ian Thomas,TE,CAR,4400,4730,3.9231,3.9231,0.7349741308447366,0.8925129725722757,2.5734692983368976,MIN,21.5,45.5,3.186032726943042,statline_mc,0.003994694199347544,6.815926609383066,0.0,0.0,0.0,0.0,0.0,0.0,2.593,1.734,12.094692983368976,0.08725,43.174441011329286,0.45457116557898297,,classic,True
00-0031285,Devonta Freeman,RB,BAL,5300,2930,1.8879,1.8879,1.2245046355208142,1.1104521868050408,2.567082061030609,LAC,26.75,50.5,3.5963357421194613,statline_mc,0.0,7.230380399019421,0.0,0.0,0.0,1.21325,7.078710000571662,0.04275,1.133,0.83875,9.448360609734431,0.044,54.80971128608923,1.5268318145100044,,classic,True
00-0036196,Gabriel Davis,WR,BUF,4700,5858,1.5319,1.5319,1.3102659633332103,1.234988880652335,2.4787983768773962,TEN,29.75,53.5,4.111532608016103,statline_mc,0.0,7.793381878756984,0.0,0.0,0.0,0.0,0.0,0.0,1.214,0.68575,15.46423376877396,0.1,61.29606658756696,1.997788390477608,,classic,True
00-0034407,Ray-Ray McCloud,WR,PIT,4900,5665,2.0859,2.0859,1.1751734766231794,1.0066716085989622,2.4676595172568843,SEA,24.25,43.0,3.8349687079346775,statline_mc,0.0,7.074788953586883,0.0,0.0,0.0,0.0,0.0,0.0,1.65275,0.99825,14.47534517256884,0.089,39.67299464279294,0.4726040400493756,,classic,True
00-0030669,Albert Wilson,WR,MIA,4900,5339,2.3322,2.3322,0.9922084096712448,1.0378057820607858,2.4015599383434876,JAX,25.0,47.5,3.756215182565202,statline_mc,0.0,6.842779077446815,0.0,0.0,0.0,0.0,0.0,0.0,1.89625,1.09975,13.28184938343487,0.08975,46.75178873188796,0.7576166502187005,,classic,True
00-0030525,Tavon Austin,WR,JAX,5100,5199,2.1415,2.1415,1.1902566183432317,0.9340252038547071,2.3807817642045492,MIA,22.5,47.5,3.8446371597525633,statline_mc,0.0,6.910695679908016,0.0,0.0,0.0,0.0,0.0,0.0,1.60325,0.999,14.147817642045494,0.07975,36.55646640060404,0.3839411800096954,,classic,True
00-0033460,John Ross,WR,NYG,5400,5558,2.5678,2.5678,1.0486062439288304,0.87175685693106,2.3473009901472333,LA,21.0,49.5,3.6860418721870842,statline_mc,0.0,6.720939345548953,0.0,0.0,0.0,0.0,0.0,0.0,1.81475,1.0175,13.54050990147233,0.083,39.398123179808,0.4640225494867059,,classic,True
00-0035217,Benny Snell,RB,PIT,4600,5740,1.7358,1.7358,1.307883415136642,1.0066716085989622,2.2854117929182385,SEA,24.25,43.0,3.4754690084178916,statline_mc,0.00973432763907947,6.903094800829006,0.0,0.0,0.0,2.2225,11.51748760916575,0.079,0.495,0.3585,3.839130320016634,0.02,45.24571396660524,0.8070215217373677,,classic,True
00-0027981,Kyle Rudolph,TE,NYG,4300,4537,2.4067,2.4067,1.077317344422417,0.87175685693106,2.260237523504663,LA,21.0,49.5,3.210875712629904,statline_mc,0.0,6.5229180797368285,0.0,0.0,0.0,0.0,0.0,0.0,1.81075,1.16225,11.751125235046628,0.08675,44.41069470746537,0.4936226675093387,,classic,True
00-0030068,Marquise Goodwin,WR,CHI,4700,5205,2.9886,2.9886,0.9285968989388516,0.799110452186805,2.217672987753474,GB,19.25,44.0,3.413333477819276,statline_mc,0.0,6.098816794789516,0.0,0.0,0.0,0.29625,1.6099049351257455,0.00675,2.0165,1.14675,10.683074942408995,0.06575,35.38426275482688,0.35507976489388415,,classic,True
00-0036254,Collin Johnson,WR,NYG,4900,5860,2.3632,2.3632,1.0486062439288304,0.87175685693106,2.1603061408443662,LA,21.0,49.5,3.3348973185436175,statline_mc,0.0,6.20743385111157,0.0,0.0,0.0,0.0,0.0,0.0,1.7865,1.03525,11.841811408443663,0.0785,38.91867112501348,0.44942531047412754,,classic,True
00-0036999,Anthony Schwartz,WR,CLE,4700,5944,1.7847,1.7847,1.1141851209725349,1.0585618977020015,2.104897667557221,ARI,25.5,48.0,3.796105729086046,statline_mc,0.0,6.226373078536481,0.0,0.0,0.0,0.0845,0.5452218382880134,0.0025,1.36475,0.7475,12.541254837284194,0.07,50.873871930392255,0.9972316258352337,,classic,True
00-0036906,Khalil Herbert,RB,CHI,5500,5912,2.8641,2.8641,0.918136096467309,0.799110452186805,2.1013367822852853,GB,19.25,44.0,3.3103235122155827,statline_mc,0.09073159655135664,6.68352018249754,0.0,0.0,0.0,5.52475,16.188367822852847,0.09125,0.0,0.0,0.0,0.0,36.516585692745856,0.45097344243253157,,classic,True
00-0032392,Austin Hooper,TE,CLE,4700,4677,4.911,4.911,0.3906967748174654,1.0585618977020015,2.0310560396171518,ARI,25.5,48.0,2.3969151005721407,statline_mc,0.045461471577123276,4.514871129615181,0.0,0.0,0.0,0.0,0.0,0.0,2.783,1.83425,7.754310396171515,0.06,55.89944848666068,1.0617654419784694,,classic,True
00-0036133,James Proche,WR,BAL,5000,5845,2.6283,2.6283,0.6846434763362721,1.1104521868050408,1.9981790401591604,LAC,26.75,50.5,2.9953343592341364,statline_mc,0.0,4.9277222467473685,0.0,0.0,0.0,0.0,0.0,0.0,1.677,1.085,11.256790401591603,0.05675,48.09738251896595,0.8287211850188893,,classic,True
00-0033367,C.J. Board,WR,NYG,4800,5784,2.1266,2.1266,1.0486062439288304,0.87175685693106,1.9439577669539836,LA,21.0,49.5,3.178317932886909,statline_mc,0.0,5.145584107290449,0.0,0.0,0.0,0.118,0.6957253073555809,0.00275,1.487,0.896,10.473852362184259,0.06175,39.12415057706828,0.45562418266941224,,classic,True
00-0034159,Will Dissly,TE,SEA,4600,4727,3.7583,3.7583,0.6634108602098545,0.7783543365455893,1.940691674692242,PIT,18.75,43.0,2.417525144905698,statline_mc,0.0,4.60846386427768,0.0,0.0,0.0,0.0,0.0,0.0,2.135,1.46075,8.763166746922419,0.05875,35.02284129040832,0.2639908649002865,,classic,True
00-0033658,Blake Jarwin,TE,DAL,4600,4733,2.8078,2.8078,0.605386586722112,1.1208302446256486,1.9051779333462762,NE,27.0,50.5,2.603360706769416,statline_mc,0.0,4.788334859797904,0.0,0.0,0.0,0.0,0.0,0.0,1.8275,1.236,8.891779333462761,0.0685,57.23113724708462,1.1603390938599343,,classic,True
00-0034854,KhaDarel Hodge,WR,DET,4700,5675,2.0375,2.0375,1.044278038043946,0.8925129725722757,1.8990150416626188,CIN,21.5,46.5,3.039470108981021,statline_mc,0.0,4.774514897301695,0.0,0.0,0.0,0.0,0.0,0.0,1.637,0.92225,10.818900416626187,0.06075,38.16623521374896,0.42743716053562064,,classic,True
00-0032725,Stephen Anderson,TE,LAC,4200,4679,1.2713,1.2713,1.5086311106813015,0.9859154929577464,1.8909365160178053,BAL,23.75,50.5,3.134315719999593,statline_mc,0.0,6.322256678969994,0.0,0.0,0.0,0.0,0.0,0.0,1.04225,0.677,10.724365160178053,0.08175,51.27446094554636,0.7800482761276601,,classic,True
00-0033839,Dede Westbrook,WR,MIN,4500,5603,2.3838,2.3838,0.7882581020653247,0.9962935507783542,1.872060840626956,CAR,24.0,45.5,3.0143189501973406,statline_mc,0.0,4.498389236937813,0.0,0.0,0.0,0.0,0.0,0.0,1.671,1.05225,10.214358406269563,0.05625,48.06259662747636,0.826801558062562,,classic,True
00-0033895,Gerald Everett,TE,SEA,4900,4705,3.435,3.435,0.6634108602098545,0.7783543365455893,1.7737471557398123,PIT,18.75,43.0,2.3290085500612396,statline_mc,0.0,4.0963535151093495,0.0,0.0,0.0,0.0,0.0,0.0,1.9845,1.37075,7.7287215573981225,0.05625,37.11144888534503,0.3034312333947696,,classic,True
00-0032141,Geoff Swaim,TE,TEN,4100,4668,2.4002,2.4002,0.7465789855422852,0.9859154929577464,1.7667048749947172,BUF,23.75,53.5,2.6069394308458294,statline_mc,0.0,4.354656591885314,0.0,0.0,0.0,0.0,0.0,0.0,1.6895,1.0885,8.564548749947168,0.06425,55.860327585634074,1.0589999018421887,,classic,True
00-0034838,Royce Freeman,RB,CAR,5100,5620,1.7081,1.7081,1.134339211052536,0.8925129725722757,1.7292676309548658,MIN,21.5,45.5,2.719969225863085,statline_mc,0.0,4.5736372072854605,0.0,0.0,0.0,1.77,6.983801102274519,0.04525,0.677,0.49825,4.157625207274136,0.01925,34.879935220863345,0.4043571088627127,,classic,True
00-0033387,Jacob Hollister,TE,JAX,4400,4707,1.7034,1.7034,1.079251486872008,0.9340252038547071,1.7170756573495882,MIA,22.5,47.5,2.7197817943767193,statline_mc,0.0,5.1721951664123065,0.0,0.0,0.0,0.0,0.0,0.0,1.28025,0.793,8.405756573495884,0.08175,40.371274793182494,0.3770873029366668,,classic,True
00-0035021,Ashton Dulin,WR,IND,4600,5798,1.8699,1.8699,0.794160200999258,1.1208302446256486,1.6644723304119156,HOU,27.0,43.5,2.935971927881691,statline_mc,0.0,4.184907605888815,0.0,0.0,0.0,0.2155,1.1010314080055215,0.00675,1.23825,0.7705,8.511191896113637,0.0485,46.688329198576206,0.754418220747144,,classic,True
00-0036857,Chris Evans,RB,CIN,4600,5921,1.2185,1.2185,1.3107919772162635,1.0378057820607858,1.6575258688878967,DET,25.0,46.5,3.3353943188536967,statline_mc,0.0,4.467790725437282,0.0,0.0,0.0,0.0,0.0,0.0,1.07125,0.831,10.040258688878964,0.0415,50.086977159769916,1.1144332027193735,,classic,True
00-0037005,Tommy Tremble,TE,CAR,4800,4806,2.3755,2.3755,0.7349741308447366,0.8925129725722757,1.5582526679189652,MIN,21.5,45.5,2.315083625510674,statline_mc,0.0,3.7292866109667995,0.0,0.0,0.0,0.0,0.0,0.0,1.53075,0.968,7.222526679189652,0.061,40.642795441709026,0.3839752548374659,,classic,True
00-0032398,Chris Moore,WR,HOU,5300,5479,1.9519,1.9519,1.1653366450666238,0.6849518161601186,1.557983397972537,IND,16.5,43.5,2.6796453260142266,statline_mc,0.0,3.890842635139264,0.0,0.0,0.0,0.0,0.0,0.0,1.1845,0.76575,8.986083979725368,0.04775,26.219483694675155,0.192742901332901,,classic,True
00-0035864,Kendall Hinton,WR,DEN,6000,1561,1.9893,1.9893,0.7397297330529835,1.0481838398813936,1.5424535391142395,LV,25.25,45.5,2.5827104168088177,statline_mc,0.0,3.7463433680012797,0.0,0.0,0.0,0.0,0.0,0.0,1.409,0.8335,8.192035391142394,0.053,45.24853485780031,0.6853712034116012,,classic,True
00-0036988,Josh Palmer,WR,LAC,4700,5929,1.7264,1.7264,0.8905611502535034,0.9859154929577464,1.5158266134870615,BAL,23.75,50.5,2.5068058036703453,statline_mc,0.0,3.7124701550174213,0.0,0.0,0.0,0.0,0.0,0.0,1.301,0.82125,8.322016134870617,0.0475,44.72512853701506,0.6618684628265424,,classic,True
00-0036654,Demetric Felton,RB,CLE,4600,5952,1.7859,1.7859,0.7872508028843241,1.0585618977020015,1.4883251090956142,ARI,25.5,48.0,2.6207009036339937,statline_mc,0.0,3.5023158051931857,0.0,0.0,0.0,0.0,0.0,0.0,1.368,1.03425,7.732001090956142,0.03525,52.850700843245654,1.3398989261358059,,classic,True
00-0033591,Noah Brown,WR,DAL,4500,5585,1.5072,1.5072,0.8610506555838364,1.1208302446256486,1.4545928733237423,NE,27.0,50.5,2.608413709734766,statline_mc,0.0,3.752414016098841,0.0,0.0,0.0,0.0,0.0,0.0,1.07925,0.676,8.205928733237425,0.05075,58.272840038830765,1.633120051753735,,classic,True
00-0036755,Jaret Patterson,RB,WAS,4500,5951,1.2639,1.2639,1.1372477731321575,0.9962935507783542,1.4320286993999107,KC,24.0,54.0,2.5041128122759138,statline_mc,0.0,3.8462374519167097,0.0,0.0,0.0,1.87225,8.49100165250625,0.059,0.21075,0.15425,1.4680353414928566,0.00475,58.43804098955715,1.9446529435351891,,classic,True
00-0034109,Phillip Lindsay,RB,HOU,4700,5630,2.6711,2.6711,0.7552566200084834,0.6849518161601186,1.3818228341644094,IND,16.5,43.5,2.502423711834086,statline_mc,0.051505961770364775,3.6899133062382177,0.0,0.0,0.0,5.34375,8.350638276581485,0.079,0.201,0.143,0.5975900650626073,0.00275,31.67853353437203,0.32664424446624357,,classic,True
00-0036875,Rhamondre Stevenson,RB,NE,5100,5918,1.5866,1.5866,0.7940374477367752,0.9755374351371385,1.228969910166466,DAL,23.5,50.5,2.148743017435389,statline_mc,0.005821682339184522,3.1423558560170015,0.0,0.0,0.0,2.78025,7.89004160386096,0.05525,0.16175,0.11825,0.7184074978037001,0.0015,40.67836600212207,0.5951779714105285,,classic,True
00-0036887,Luke Farrell,TE,JAX,4300,4805,1.1608,1.1608,1.079251486872008,0.9340252038547071,1.170162393292444,MIA,22.5,47.5,2.178273254914519,statline_mc,0.0,2.948851410371506,0.0,0.0,0.0,0.0,0.0,0.0,0.87525,0.56725,6.165373932924441,0.04625,38.85228745141035,0.34077107264996986,,classic,True
00-0031376,Jerick McKinnon,RB,KC,4600,2935,0.8329,0.8329,1.1256135248136705,1.2453669384729429,1.1675916551233578,WAS,30.0,54.0,2.3892856144108126,statline_mc,0.0,3.035007518038496,0.0,0.0,0.0,0.234,1.341626497157808,0.0105,0.6785,0.5155,5.746790054075771,0.02525,60.98383313787904,2.3043600504089023,,classic,True
00-0035022,Penny Hart,WR,SEA,4800,5894,1.1868,1.1868,1.244687086289506,0.7783543365455893,1.149793920971265,PIT,18.75,43.0,2.1297790591429435,statline_mc,0.0,2.9012373041637733,0.0,0.0,0.0,0.0,0.0,0.0,0.8875,0.54,6.752939209712651,0.035,26.86998885413296,0.201285479020841,,classic,True
00-0035594,Travis Homer,RB,SEA,5200,5738,2.1411,2.1411,0.6864206507907653,0.7783543365455893,1.143960635038089,PIT,18.75,43.0,1.83299766405738,statline_mc,0.0,2.5116051384894647,0.0,0.0,0.0,0.50025,1.10574949022859,0.00775,1.1785,0.9105,4.376356860152301,0.0185,26.423326073602503,0.23010241149723268,,classic,True
00-0034652,Cameron Batson,WR,TEN,5000,5679,1.7285,1.7285,0.6662813907640348,0.9859154929577464,1.1354653592625235,BUF,23.75,53.5,2.4308605499840437,statline_mc,0.0,2.5765055256784604,0.0,0.0,0.0,0.5115,1.9429023943330854,0.0085,0.919,0.536,4.361751198292148,0.0335,41.28429151835473,0.5261980722035434,,classic,True
00-0035631,Drew Sample,TE,CIN,4100,4756,1.3067,1.3067,0.8046032590300276,1.0378057820607858,1.0910876024802756,DET,25.0,46.5,1.992432333335345,statline_mc,0.0,2.639733060646126,0.0,0.0,0.0,0.0,0.0,0.0,0.9535,0.61375,5.622126024802755,0.03825,49.25678593973221,0.6818734907382666,,classic,True
00-0024243,Marcedes Lewis,TE,GB,4100,4324,1.5929,1.5929,0.6247280112180262,1.027427724240178,1.0224316044812949,CHI,24.75,44.0,1.7997616632630085,statline_mc,0.0,2.343324431168077,0.0,0.0,0.0,0.0,0.0,0.0,0.9945,0.66675,4.980566044812949,0.03325,44.75248347121167,0.5049994357513907,,classic,True
00-0032980,Marcus Johnson,WR,TEN,5100,5587,1.5337,1.5337,0.6662813907640348,0.9859154929577464,1.007472177215195,BUF,23.75,53.5,1.793313237469136,statline_mc,0.0,2.4259868972828427,0.0,0.0,0.0,0.0,0.0,0.0,1.0235,0.606,5.234721772151952,0.03125,38.921277819724594,0.4495034182326907,,classic,True
00-0034052,Brandon Zylstra,WR,CAR,4700,5677,1.101,1.101,1.0007336636869264,0.8925129725722757,0.9834135668118648,MIN,21.5,45.5,2.0900164834660093,statline_mc,0.0,2.512509239298216,0.0,0.0,0.0,0.0,0.0,0.0,0.726,0.4745,5.626635668118646,0.03125,33.58366591162406,0.314914969575881,,classic,True
00-0036425,DeeJay Dallas,RB,SEA,4900,5873,1.7975,1.7975,0.6864206507907653,0.7783543365455893,0.9603697740855741,PIT,18.75,43.0,1.568662864713344,statline_mc,0.0,2.153789937430544,0.0,0.0,0.0,1.24575,2.6204828726449185,0.01675,0.745,0.56575,2.6394648682108217,0.0115,27.00843245658122,0.23925539253228356,,classic,True
00-0030663,Willie Snead,WR,LV,4600,5287,1.0689,1.0689,1.0348346797496526,0.8406226834692364,0.929834066939367,DEN,20.25,45.5,1.8629917054575413,statline_mc,0.0,2.407530240270498,0.0,0.0,0.0,0.0,0.0,0.0,0.775,0.47425,5.082090669393669,0.03175,33.694944809980946,0.31725988285969486,,classic,True
00-0030496,Le'Veon Bell,RB,BAL,5000,2888,0.6408,0.6408,1.2245046355208142,1.1104521868050408,0.8713327988168107,LAC,26.75,50.5,1.9507446788325282,statline_mc,0.0,2.170179128629944,0.0,0.0,0.0,0.78525,4.3700063305506776,0.032,0.1845,0.13625,1.5570716576174295,0.00525,47.20332830736583,0.919525668574897,,classic,True
00-0036554,Nico Collins,WR,HOU,4600,5932,1.0831,1.0831,1.1653366450666238,0.6849518161601186,0.8645504711631611,IND,16.5,43.5,1.9068426498859186,statline_mc,0.0,2.130599202813866,0.0,0.0,0.0,0.0,0.0,0.0,0.72925,0.42075,4.791754711631611,0.03,28.95920972207241,0.23136709042681997,,classic,True
00-0031484,Chris Manhertz,TE,JAX,4200,4697,0.8187,0.8187,1.079251486872008,0.9340252038547071,0.8253324310479605,MIA,22.5,47.5,1.8070552167770393,statline_mc,0.0,2.0819459941099367,0.0,0.0,0.0,0.0,0.0,0.0,0.5735,0.372,4.278324310479606,0.03575,39.04216086913186,0.34511204709041876,,classic,True
00-0033466,Isaiah McKenzie,WR,BUF,4600,5574,0.5079,0.5079,1.3102659633332103,1.234988880652335,0.8218248776899039,TEN,29.75,53.5,2.6347569275223996,statline_mc,0.0,2.1199878821946267,0.0,0.0,0.0,0.28325,2.4947054792835717,0.01325,0.24825,0.15025,3.1672932976154673,0.01775,54.994696724553265,1.3125206382548331,,classic,True
00-0034799,Kalen Ballage,RB,PIT,4700,5628,0.6073,0.6073,1.307883415136642,1.0066716085989622,0.7995519895099398,SEA,24.25,43.0,1.7383818784649474,statline_mc,0.0,2.00649073488897,0.0,0.0,0.0,0.8265,4.027996103679772,0.02675,0.184,0.131,1.3925237914196251,0.007,36.735075668732904,0.4575903951424548,,classic,True
00-0034686,Auden Tate,WR,CIN,4700,5696,0.8264,0.8264,0.9036769256622442,1.0378057820607858,0.775026788740354,DET,25.0,46.5,1.78682882605091,statline_mc,0.0,2.0621393975128535,0.0,0.0,0.0,0.0,0.0,0.0,0.59975,0.363,4.630267887403539,0.02225,40.664797037356635,0.5049089282502823,,classic,True
00-0032104,Ameer Abdullah,RB,MIN,4800,2995,1.407,1.407,0.5458401502757074,0.9962935507783542,0.7651481431935421,CAR,24.0,45.5,1.408187891586683,statline_mc,0.0,1.7592358465456468,0.0,0.0,0.0,1.301,2.800708047867707,0.016,0.51175,0.38625,1.7445233840677135,0.00725,37.44834422292958,0.47987501623635104,,classic,True
00-0031319,Diontae Spencer,WR,DEN,4500,5765,0.9733,0.9733,0.7397297330529835,1.0481838398813936,0.7546414923593723,LV,25.25,45.5,1.6014645264000056,statline_mc,0.0,1.8158500222083989,0.0,0.0,0.0,0.0,0.0,0.0,0.72725,0.42,4.051414923593723,0.02375,46.51565814547155,0.7457836018107615,,classic,True
00-0033555,Mack Hollins,WR,MIA,4800,5578,0.6792,0.6792,0.9922084096712448,1.0378057820607858,0.6993446537009529,JAX,25.0,47.5,1.7956944118679847,statline_mc,0.0,1.8040562315293809,0.0,0.0,0.0,0.0,0.0,0.0,0.502,0.2985,4.045946537009528,0.025,39.765487362024956,0.4755272053565974,,classic,True
00-0034981,Foster Moreau,TE,LV,4200,4760,1.6586,1.6586,0.4583917605531647,0.8406226834692364,0.6391009905823511,DEN,20.25,45.5,1.277510341012786,statline_mc,0.0,1.461398817928873,0.0,0.0,0.0,0.0,0.0,0.0,0.8465,0.531,2.4110099058235117,0.023,33.21896076281604,0.23407832885872895,,classic,True
00-0031868,Damiere Byrd,WR,CHI,4600,5531,0.8428,0.8428,0.9285968989388516,0.799110452186805,0.6253797899818798,GB,19.25,44.0,1.4004499780870614,statline_mc,0.0,1.5856511387342993,0.0,0.0,0.0,0.0,0.0,0.0,0.60075,0.374,3.3287978998187984,0.01875,29.425358645237836,0.2386700800571645,,classic,True
00-0036669,Kylin Hill,RB,GB,4700,5914,0.6821,0.6821,0.8842028722050537,1.027427724240178,0.6196578288354766,CHI,24.75,44.0,1.4362608626230844,statline_mc,0.0,1.498761672159228,0.0,0.0,0.0,0.61525,2.115592206678403,0.0145,0.3365,0.25025,1.7747360816763622,0.006,38.23686267939912,0.5057758486355244,,classic,True
00-0033576,Eric Saubert,TE,DEN,4000,4726,0.4788,0.4788,1.1836951791499444,1.0481838398813936,0.5940929078604632,LV,25.25,45.5,1.5923614183962276,statline_mc,0.0,1.6790516685898034,0.0,0.0,0.0,0.0,0.0,0.0,0.375,0.247,3.2809290786046312,0.0245,51.69382703744311,0.8021643801936837,,classic,True
00-0033854,Dare Ogunbowale,RB,JAX,4800,5697,0.4724,0.4724,1.327273829000788,0.9340252038547071,0.5856380369733302,MIA,22.5,47.5,1.4633362167575366,statline_mc,0.0,1.5522404094806375,0.0,0.0,0.0,0.34525,1.6673283712807068,0.00875,0.2575,0.193,2.224051998452595,0.009,35.118110236220474,0.41082887066384705,,classic,True
00-0035308,Tommy Sweeney,TE,BUF,4100,4752,0.9037,0.9037,0.4216430540109279,1.234988880652335,0.47055613161830406,TEN,29.75,53.5,1.1033677929746928,statline_mc,0.0,1.213839802998831,0.0,0.0,0.0,0.0,0.0,0.0,0.546,0.3695,1.9280613161830404,0.01675,57.78514236353367,1.2039959211400053,,classic,True
00-0034279,Equanimeous St. Brown,WR,GB,4500,5672,0.4081,0.4081,1.09975776802292,1.027427724240178,0.461149155268621,CHI,24.75,44.0,1.3946351479738088,statline_mc,0.0,1.2471439179274788,0.0,0.0,0.0,0.0,0.0,0.0,0.324,0.1935,2.5989915526862095,0.01775,41.72491281055621,0.5418842717008312,,classic,True
00-0030288,Rex Burkhead,RB,HOU,4500,2890,0.8607,0.8607,0.7552566200084834,0.6849518161601186,0.44527574955186916,IND,16.5,43.5,1.0011345694506473,statline_mc,0.0,1.1352957682204614,0.0,0.0,0.0,0.26475,0.5037451161249594,0.00325,0.495,0.3625,1.6015123793937323,0.0065,32.90193778969118,0.3544020222861276,,classic,True
00-0034766,Chris Herndon,TE,MIN,4100,4734,0.489,0.489,0.8800348145640926,0.9962935507783542,0.4287003354292038,CAR,24.0,45.5,1.2063156827489365,statline_mc,0.0,1.2497408077805607,0.0,0.0,0.0,0.0,0.0,0.0,0.355,0.2225,2.249503354292038,0.0155,41.384514435695536,0.4034393000918671,,classic,True
00-0030155,Demetrius Harris,TE,ARI,4000,4642,0.4186,0.4186,0.8993762390600067,0.9340252038547071,0.3516024852773911,CLE,22.5,48.0,1.086411110505812,statline_mc,0.0,1.0378673903846596,0.0,0.0,0.0,0.0,0.0,0.0,0.305,0.1805,1.7785248527739106,0.01425,45.80559154789196,0.5417282636092086,,classic,True
00-0032791,Jakeem Grant,WR,CHI,4500,5486,0.4684,0.4684,0.9285968989388516,0.799110452186805,0.3476094572986946,GB,19.25,44.0,1.006457151628905,statline_mc,0.0,1.0065847395341008,0.0,0.0,0.0,0.0,0.0,0.0,0.33725,0.205,1.6860945729869459,0.01275,32.74727645345702,0.2978361095666289,,classic,True
00-0036187,Reggie Gilliam,TE,BUF,4000,4783,0.6436,0.6436,0.4216430540109279,1.234988880652335,0.3351595845728859,TEN,29.75,53.5,0.7710604588259398,statline_mc,0.0,1.0138449607984532,0.0,0.0,0.0,0.0,0.0,0.0,0.455,0.33125,1.3703458457288593,0.0065,61.202863882521015,1.5120919061325553,,classic,True
00-0036382,K.J. Hill,WR,LAC,4600,5868,0.3593,0.3593,0.8905611502535034,0.9859154929577464,0.3154743054660481,BAL,23.75,50.5,1.0632580950368489,statline_mc,0.0,0.8953930415072601,0.0,0.0,0.0,0.0,0.0,0.0,0.247,0.153,1.719743054660481,0.01125,41.403210728795884,0.530386323001524,,classic,True
00-0033481,Marcus Kemp,WR,KC,4600,5666,0.1991,0.1991,1.21058607022678,1.2453669384729429,0.30012226417913623,WAS,30.0,54.0,1.2052640117607192,statline_mc,0.0,0.7660288183993034,0.0,0.0,0.0,0.0,0.0,0.0,0.16575,0.09575,1.857472641791362,0.01125,54.118487757523454,1.2380474588311385,,classic,True
00-0032951,Laquon Treadwell,WR,JAX,4500,5453,0.2615,0.2615,1.1902566183432317,0.9340252038547071,0.2907447059645403,MIA,22.5,47.5,1.095165070913954,statline_mc,0.0,0.8039220370135727,0.0,0.0,0.0,0.0,0.0,0.0,0.19775,0.113,1.637447059645403,0.01175,38.885233523891706,0.4484245793391047,,classic,True
00-0027691,Andre Roberts,WR,HOU,4500,3978,0.3592,0.3592,1.1653366450666238,0.6849518161601186,0.2866889065948718,IND,16.5,43.5,1.0484631122848136,statline_mc,0.0,0.8106237890891009,0.0,0.0,0.0,0.0,0.0,0.0,0.24,0.14025,1.5356390659487182,0.01075,29.198935749469673,0.2350944434399859,,classic,True
00-0035341,Trenton Irwin,WR,CIN,4500,5900,0.3056,0.3056,0.9036769256622442,1.0378057820607858,0.2866300183660464,DET,25.0,46.5,1.0177165483098636,statline_mc,0.0,0.8454300380524752,0.0,0.0,0.0,0.0,0.0,0.0,0.21125,0.124,1.711300183660464,0.0095,43.54150936612375,0.6116491873247704,,classic,True
00-0031787,Jake Kumerow,WR,BUF,4500,5704,0.1749,0.1749,1.3102659633332103,1.234988880652335,0.2830636322377014,TEN,29.75,53.5,1.1768911455752382,statline_mc,0.0,0.6858353217037112,0.0,0.0,0.0,0.0,0.0,0.0,0.16,0.08625,1.8243863223770143,0.00975,54.89195699852587,1.3035614879163449,,classic,True
00-0036671,Dax Milne,WR,WAS,4500,5959,0.2693,0.2693,1.0531967653218897,0.9962935507783542,0.28259506566986325,KC,24.0,54.0,1.0020823810235846,statline_mc,0.0,0.839212610286729,0.0,0.0,0.0,0.0,0.0,0.0,0.1985,0.1235,1.683450656698632,0.00875,47.85657785927444,0.8155234097912294,,classic,True
00-0033338,Cethan Carter,TE,MIA,4000,4711,0.2109,0.2109,1.270731589381558,1.0378057820607858,0.2780947923372469,JAX,25.0,47.5,1.1009637871928435,statline_mc,0.0,0.777832865159013,0.0,0.0,0.0,0.0,0.0,0.0,0.1615,0.11125,1.4846979233724682,0.01275,49.86129107279312,0.7099144610546214,,classic,True
00-0033471,Isaiah Ford,WR,MIA,4600,5706,0.26,0.26,0.9922084096712448,1.0378057820607858,0.2676999558993214,JAX,25.0,47.5,0.9975553240504393,statline_mc,0.0,0.7965777410716615,0.0,0.0,0.0,0.0,0.0,0.0,0.19625,0.11925,1.5557495589932133,0.00875,39.491514759285224,0.46692061521005185,,classic,True
00-0036370,Joshua Kelley,RB,LAC,4600,5829,0.2229,0.2229,1.1963885354178028,0.9859154929577464,0.2628704339144701,BAL,23.75,50.5,0.9288418014272871,statline_mc,0.0,0.6256479511133882,0.0,0.0,0.0,0.37475,1.8787043391447011,0.01325,0.0,0.0,0.0,0.0,42.7665158876417,0.6840769866036442,,classic,True
00-0032208,Phillip Dorsett,WR,SEA,4500,5384,0.2665,0.2665,1.244687086289506,0.7783543365455893,0.2582345778697883,PIT,18.75,43.0,0.9285630772390856,statline_mc,0.0,0.7725326707291048,0.0,0.0,0.0,0.0,0.0,0.0,0.2025,0.1185,1.4598457786978833,0.00925,27.178208032215153,0.20546426774632992,,classic,True
00-0028986,Case Keenum,QB,CLE,6000,1435,0.2837,0.2837,0.8565993968916724,1.0585618977020015,0.2572505538703625,ARI,25.5,48.0,1.1297766805774563,statline_mc,0.0,0.6325096814716065,0.0,0.0,0.0,0.63225,2.057505538703625,0.022,0.0,0.0,0.0,0.0,45.15670835263239,0.6431901102921461,,classic,True
00-0032543,Alex Erickson,WR,CAR,4500,5480,0.2848,0.2848,1.0007336636869264,0.8925129725722757,0.25436394925057454,MIN,21.5,45.5,0.9585876812892768,statline_mc,0.0,0.7457568042369952,0.0,0.0,0.0,0.0,0.0,0.0,0.1985,0.129,1.3436394925057458,0.00975,32.89873440477474,0.30085865329504885,,classic,True
00-0035562,Jesper Horsted,TE,CHI,4300,4771,0.2709,0.2709,1.1357284464000774,0.799110452186805,0.2458215544620597,GB,19.25,44.0,0.920173611514831,statline_mc,0.0,0.7767832941172607,0.0,0.0,0.0,0.0,0.0,0.0,0.19875,0.12825,1.2619655446205966,0.00975,24.72490780424599,0.1328719125733107,,classic,True
00-0027688,Colt McCoy,QB,ARI,6000,1361,0.2077,0.2077,1.1942340192862115,0.9340252038547071,0.23163027485943843,CLE,22.5,48.0,1.0303717066062579,statline_mc,0.0,0.5731664713370267,0.0,0.0,0.0,0.41225,1.8413027485943843,0.017,0.0,0.0,0.0,0.0,35.68087077350626,0.3419682295455648,,classic,True
00-0036860,Jake Funk,RB,LA,4700,5917,0.146,0.146,1.19735805611101,1.1830985915492958,0.2068351157917299,NYG,28.5,49.5,0.8165985283091766,statline_mc,0.0,0.509232206053692,0.0,0.0,0.0,0.26525,1.6083511579172989,0.008,0.0,0.0,0.0,0.0,47.25749706818563,0.922852309360516,,classic,True
00-0036569,Gary Brightwell,RB,NYG,4900,5922,0.2255,0.2255,1.0364176210385991,0.87175685693106,0.2037503364602787,LA,21.0,49.5,0.7358983682406322,statline_mc,0.0,0.6026917620612047,0.0,0.0,0.0,0.2115,0.8003535560611502,0.006,0.09525,0.07125,0.4408998085416366,0.002,31.735634109566092,0.32789005245644415,,classic,True
00-0035628,D'Ernest Johnson,RB,CLE,4500,5746,0.1977,0.1977,0.7872508028843241,1.0585618977020015,0.16478646118760742,ARI,25.5,48.0,0.684274991311952,statline_mc,0.0,0.4071691209626551,0.0,0.0,0.0,0.3625,1.252864611876074,0.0075,0.0,0.0,0.0,0.0,49.12729658792651,1.0453661768495097,,classic,True
00-0036332,Josiah Deguara,TE,GB,4100,4781,0.2349,0.2349,0.6247280112180262,1.027427724240178,0.15079089241419494,CHI,24.75,44.0,0.5928441889135886,statline_mc,0.0,0.5869062964721466,0.0,0.0,0.0,0.0,0.0,0.0,0.16325,0.109,0.7529089241419494,0.00375,38.42336954716104,0.33116488180135417,,classic,True
00-0033025,Jalen Richard,RB,LV,4500,5490,0.31,0.31,0.5710476882990971,0.8406226834692364,0.14882260452645396,DEN,20.25,45.5,0.5184583336141944,statline_mc,0.0,0.5620031325176885,0.0,0.0,0.0,0.0,0.0,0.0,0.198,0.15325,0.5669760452645396,0.00275,34.39590662869269,0.3915173564053362,,classic,True
00-0036991,Amari Rodgers,WR,GB,4600,5948,0.1033,0.1033,1.09975776802292,1.027427724240178,0.116669382469365,CHI,24.75,44.0,0.658987228494135,statline_mc,0.0,0.0,0.0,0.0,0.0,0.0,0.0,0.0,0.07675,0.0455,0.68919382469365,0.00425,33.60847445439183,0.3154362392878515,,classic,True
00-0036232,Harrison Bryant,TE,CLE,4300,4780,0.0,0.0,1.0,1.0,0.0,BYE_OR_UNKNOWN,0.0,0.0,0.0,no_game,0.0,0.0,0.0,0.0,0.0,0.0,0.0,0.0,0.0,0.0,0.0,0.0,10.565301172796438,0.0,,classic,True
00-0036250,Tyler Davis,TE,GB,4000,4790,0.0,0.0,0.6247280112180262,1.027427724240178,0.0,CHI,24.75,44.0,0.0,statline_mc,0.0,0.0,0.0,0.0,0.0,0.0,0.0,0.0,0.0,0.0,0.0,0.0,36.144888534502805,0.0,,classic,True
00-0033246,Johnny Mundt,TE,LA,4100,4747,0.0,0.0,1.0,1.0,0.0,BYE_OR_UNKNOWN,0.0,0.0,0.0,no_game,0.0,0.0,0.0,0.0,0.0,0.0,0.0,0.0,0.0,0.0,0.0,0.0,16.261503704442006,0.0,,classic,True
00-0034899,John Wolford,QB,LA,6100,1563,0.0,0.0,0.9526725651986612,1.1830985915492958,0.0,NYG,28.5,49.5,0.0,statline_mc,0.0,0.0,0.0,0.0,0.0,0.0,0.0,0.0,0.0,0.0,0.0,0.0,42.58916164891153,0.0,,classic,True
00-0037004,Hunter Long,TE,MIA,4000,4815,0.0,0.0,1.270731589381558,1.0378057820607858,0.0,JAX,25.0,47.5,0.0,statline_mc,0.0,0.0,0.0,0.0,0.0,0.0,0.0,0.0,0.0,0.0,0.0,0.0,41.00053157912223,0.0,,classic,True
00-0031690,Eric Tomlinson,TE,BAL,4000,4704,0.0,0.0,1.0,1.0,0.0,BYE_OR_UNKNOWN,0.0,0.0,0.0,no_game,0.0,0.0,0.0,0.0,0.0,0.0,0.0,0.0,0.0,0.0,0.0,0.0,21.577959400644538,0.0,,classic,True
00-0032813,Elijhaa Penny,RB,NYG,4500,5588,0.0,0.0,1.0364176210385991,0.87175685693106,0.0,LA,21.0,49.5,0.0,statline_mc,0.0,0.0,0.0,0.0,0.0,0.0,0.0,0.0,0.0,0.0,0.0,0.0,32.799463896800134,0.0,,classic,True
00-0032918,C.J. Ham,RB,MIN,4500,5581,0.0,0.0,0.5458401502757074,0.9962935507783542,0.0,CAR,24.0,45.5,0.0,statline_mc,0.0,0.0,0.0,0.0,0.0,0.0,0.0,0.0,0.0,0.0,0.0,0.0,34.20366337186575,0.0,,classic,True
00-0030615,James Winchester,TE,KC,4000,4759,0.0,0.0,1.0,1.0,0.0,BYE_OR_UNKNOWN,0.0,0.0,0.0,no_game,0.0,0.0,0.0,0.0,0.0,0.0,0.0,0.0,0.0,0.0,0.0,0.0,21.577959400644538,0.0,,classic,True
00-0035291,Trayveon Williams,RB,CIN,4500,5888,0.0,0.0,1.3107919772162635,1.0378057820607858,0.0,DET,25.0,46.5,0.0,statline_mc,0.0,0.0,0.0,0.0,0.0,0.0,0.0,0.0,0.0,0.0,0.0,0.0,38.278466521472055,0.0,,classic,True
00-0034988,Kaden Smith,TE,NYG,4400,4770,0.0,0.0,1.0,1.0,0.0,BYE_OR_UNKNOWN,0.0,0.0,0.0,no_game,0.0,0.0,0.0,0.0,0.0,0.0,0.0,0.0,0.0,0.0,0.0,0.0,10.37542775507492,0.0,,classic,True
00-0031585,MyCole Pruitt,TE,TEN,4800,4669,0.0,0.0,1.0,1.0,0.0,BYE_OR_UNKNOWN,0.0,0.0,0.0,no_game,0.0,0.0,0.0,0.0,0.0,0.0,0.0,0.0,0.0,0.0,0.0,0.0,15.312136615834413,0.0,,classic,True
00-0036637,Noah Gray,TE,KC,4000,4812,0.0,0.0,1.0,1.0,0.0,BYE_OR_UNKNOWN,0.0,0.0,0.0,no_game,0.0,0.0,0.0,0.0,0.0,0.0,0.0,0.0,0.0,0.0,0.0,0.0,21.577959400644538,0.0,,classic,True
00-0035924,Jonathan Ward,RB,ARI,4500,5903,0.0,0.0,0.7261709992122645,0.9340252038547071,0.0,CLE,22.5,48.0,0.0,statline_mc,0.0,0.0,0.0,0.0,0.0,0.0,0.0,0.0,0.0,0.0,0.0,0.0,33.941196180264704,0.0,,classic,True
00-0033720,Colin Thompson,TE,CAR,4000,4792,0.0,0.0,1.0,1.0,0.0,BYE_OR_UNKNOWN,0.0,0.0,0.0,no_game,0.0,0.0,0.0,0.0,0.0,0.0,0.0,0.0,0.0,0.0,0.0,0.0,21.577959400644538,0.0,,classic,True
00-0035908,Gabe Nabers,RB,LAC,4500,5876,0.0,0.0,1.1963885354178028,0.9859154929577464,0.0,BAL,23.75,50.5,0.0,statline_mc,0.0,0.0,0.0,0.0,0.0,0.0,0.0,0.0,0.0,0.0,0.0,0.0,38.77715418551405,0.0,,classic,True
00-0034208,Mike Boone,RB,DEN,4500,5662,0.0,0.0,1.1702114767012055,1.0481838398813936,0.0,LV,25.25,45.5,0.0,statline_mc,0.0,0.0,0.0,0.0,0.0,0.0,0.0,0.0,0.0,0.0,0.0,0.0,37.930697492600665,0.0,,classic,True
00-0035222,Zach Gentry,TE,PIT,4200,4775,0.0,0.0,1.0,1.0,0.0,BYE_OR_UNKNOWN,0.0,0.0,0.0,no_game,0.0,0.0,0.0,0.0,0.0,0.0,0.0,0.0,0.0,0.0,0.0,0.0,12.653908767733148,0.0,,classic,True
00-0034319,Deon Yelder,TE,TB,4000,4764,0.0,0.0,1.0,1.0,0.0,BYE_OR_UNKNOWN,0.0,0.0,0.0,no_game,0.0,0.0,0.0,0.0,0.0,0.0,0.0,0.0,0.0,0.0,0.0,0.0,21.577959400644538,0.0,,classic,True
00-0034959,Andrew Beck,TE,DEN,4000,4761,0.0,0.0,1.0,1.0,0.0,BYE_OR_UNKNOWN,0.0,0.0,0.0,no_game,0.0,0.0,0.0,0.0,0.0,0.0,0.0,0.0,0.0,0.0,0.0,0.0,21.577959400644538,0.0,,classic,True
00-0031595,Michael Burton,RB,KC,4500,5415,0.0,0.0,1.1256135248136705,1.2453669384729429,0.0,WAS,30.0,54.0,0.0,statline_mc,0.0,0.0,0.0,0.0,0.0,0.0,0.0,0.0,0.0,0.0,0.0,0.0,51.83489696766628,0.0,,classic,True
00-0036244,Colby Parkinson,TE,SEA,4100,4798,0.0,0.0,1.0,1.0,0.0,BYE_OR_UNKNOWN,0.0,0.0,0.0,no_game,0.0,0.0,0.0,0.0,0.0,0.0,0.0,0.0,0.0,0.0,0.0,0.0,16.261503704442006,0.0,,classic,True
00-0028042,Luke Stocker,TE,MIN,4000,4532,0.0,0.0,1.0,1.0,0.0,BYE_OR_UNKNOWN,0.0,0.0,0.0,no_game,0.0,0.0,0.0,0.0,0.0,0.0,0.0,0.0,0.0,0.0,0.0,0.0,21.577959400644538,0.0,,classic,True
00-0033258,Darrell Daniels,TE,ARI,4000,4708,0.0,0.0,0.8993762390600067,0.9340252038547071,0.0,CLE,22.5,48.0,0.0,statline_mc,0.0,0.0,0.0,0.0,0.0,0.0,0.0,0.0,0.0,0.0,0.0,0.0,35.67900926941094,0.0,,classic,True
00-0033421,Antony Auclair,TE,HOU,4400,4716,0.0,0.0,1.0,1.0,0.0,BYE_OR_UNKNOWN,0.0,0.0,0.0,no_game,0.0,0.0,0.0,0.0,0.0,0.0,0.0,0.0,0.0,0.0,0.0,0.0,10.37542775507492,0.0,,classic,True
00-0035304,Cullen Gillaspia,RB,NYG,4500,5762,0.0,0.0,1.0364176210385991,0.87175685693106,0.0,LA,21.0,49.5,0.0,statline_mc,0.0,0.0,0.0,0.0,0.0,0.0,0.0,0.0,0.0,0.0,0.0,0.0,32.799463896800134,0.0,,classic,True
00-0029738,Darren Fells,TE,DET,4100,4609,0.0,0.0,1.0,1.0,0.0,BYE_OR_UNKNOWN,0.0,0.0,0.0,no_game,0.0,0.0,0.0,0.0,0.0,0.0,0.0,0.0,0.0,0.0,0.0,0.0,16.261503704442006,0.0,,classic,True
00-0026293,Matthew Slater,WR,NE,4500,3760,0.0,0.0,1.0,1.0,0.0,BYE_OR_UNKNOWN,0.0,0.0,0.0,no_game,0.0,0.0,0.0,0.0,0.0,0.0,0.0,0.0,0.0,0.0,0.0,0.0,18.596339841081505,0.0,,classic,True
00-0028002,Randall Cobb,WR,GB,5300,5125,0.0,0.0,1.0,1.0,0.0,BYE_OR_UNKNOWN,0.0,0.0,0.0,no_game,0.0,0.0,0.0,0.0,0.0,0.0,0.0,0.0,0.0,0.0,0.0,0.0,9.24702477258836,0.0,,classic,True
00-0035624,N'Keal Harry,WR,NE,5000,5724,0.0,0.0,1.0,1.0,0.0,BYE_OR_UNKNOWN,0.0,0.0,0.0,no_game,0.0,0.0,0.0,0.0,0.0,0.0,0.0,0.0,0.0,0.0,0.0,0.0,8.116887786286988,0.0,,classic,True
00-0036427,Tyler Johnson,WR,TB,4900,5846,0.0,0.0,1.0,1.0,0.0,BYE_OR_UNKNOWN,0.0,0.0,0.0,no_game,0.0,0.0,0.0,0.0,0.0,0.0,0.0,0.0,0.0,0.0,0.0,0.0,9.863463128752741,0.0,,classic,True
00-0033376,Patrick Ricard,RB,BAL,4500,5743,0.0,0.0,1.0,1.0,0.0,BYE_OR_UNKNOWN,0.0,0.0,0.0,no_game,0.0,0.0,0.0,0.0,0.0,0.0,0.0,0.0,0.0,0.0,0.0,0.0,19.840146311498298,0.0,,classic,True
00-0031051,John Brown,WR,DEN,4500,5264,0.0,0.0,1.0,1.0,0.0,BYE_OR_UNKNOWN,0.0,0.0,0.0,no_game,0.0,0.0,0.0,0.0,0.0,0.0,0.0,0.0,0.0,0.0,0.0,0.0,18.596339841081505,0.0,,classic,True
00-0035399,Stanley Morgan,WR,CIN,4500,5779,0.0,0.0,0.9036769256622442,1.0378057820607858,0.0,DET,25.0,46.5,0.0,statline_mc,0.0,0.0,0.0,0.0,0.0,0.0,0.0,0.0,0.0,0.0,0.0,0.0,37.03466005105526,0.0,,classic,True
00-0033006,Jaydon Mickens,WR,TB,4500,5600,0.0,0.0,0.7692402277226504,1.2453669384729429,0.0,PHI,30.0,53.0,0.0,statline_mc,0.0,0.0,0.0,0.0,0.0,0.0,0.0,0.0,0.0,0.0,0.0,0.0,48.78006687520224,0.0,,classic,True
00-0032626,Geronimo Allison,WR,DET,4500,5511,0.0,0.0,1.0,1.0,0.0,BYE_OR_UNKNOWN,0.0,0.0,0.0,no_game,0.0,0.0,0.0,0.0,0.0,0.0,0.0,0.0,0.0,0.0,0.0,0.0,18.596339841081505,0.0,,classic,True
00-0036630,Tylan Wallace,WR,BAL,4500,5937,0.0,0.0,0.6846434763362721,1.1104521868050408,0.0,LAC,26.75,50.5,0.0,statline_mc,0.0,0.0,0.0,0.0,0.0,0.0,0.0,0.0,0.0,0.0,0.0,0.0,43.88505375184266,0.0,,classic,True
00-0033733,Greg Ward,WR,PHI,4800,5793,0.0,0.0,1.0,1.0,0.0,BYE_OR_UNKNOWN,0.0,0.0,0.0,no_game,0.0,0.0,0.0,0.0,0.0,0.0,0.0,0.0,0.0,0.0,0.0,0.0,11.096339841081509,0.0,,classic,True
00-0036340,Antonio Gandy-Golden,WR,WAS,4600,5836,0.0,0.0,1.0,1.0,0.0,BYE_OR_UNKNOWN,0.0,0.0,0.0,no_game,0.0,0.0,0.0,0.0,0.0,0.0,0.0,0.0,0.0,0.0,0.0,0.0,14.589490526013014,0.0,,classic,True
00-0034867,Malik Turner,WR,DAL,4500,5702,0.0,0.0,0.8610506555838364,1.1208302446256486,0.0,NE,27.0,50.5,0.0,statline_mc,0.0,0.0,0.0,0.0,0.0,0.0,0.0,0.0,0.0,0.0,0.0,0.0,44.88242907992665,0.0,,classic,True
00-0035645,Gunner Olszewski,WR,NE,4500,5752,0.0,0.0,1.1732061103118685,0.9755374351371385,0.0,DAL,23.5,50.5,0.0,statline_mc,0.0,0.0,0.0,0.0,0.0,0.0,0.0,0.0,0.0,0.0,0.0,0.0,36.562219106173366,0.0,,classic,True
00-0033891,Zay Jones,WR,LV,4700,5557,0.0,0.0,1.0,1.0,0.0,BYE_OR_UNKNOWN,0.0,0.0,0.0,no_game,0.0,0.0,0.0,0.0,0.0,0.0,0.0,0.0,0.0,0.0,0.0,0.0,12.53469600546507,0.0,,classic,True
00-0035891,Cody White,WR,PIT,4500,4813,0.0,0.0,1.0,1.0,0.0,BYE_OR_UNKNOWN,0.0,0.0,0.0,no_game,0.0,0.0,0.0,0.0,0.0,0.0,0.0,0.0,0.0,0.0,0.0,0.0,18.596339841081505,0.0,,classic,True
00-0036439,Tyrie Cleveland,WR,DEN,4500,5862,0.0,0.0,0.7397297330529835,1.0481838398813936,0.0,LV,25.25,45.5,0.0,statline_mc,0.0,0.0,0.0,0.0,0.0,0.0,0.0,0.0,0.0,0.0,0.0,0.0,36.68689102218387,0.0,,classic,True
00-0035125,Alec Ingold,RB,LV,4600,5764,0.0,0.0,0.5710476882990971,0.8406226834692364,0.0,DEN,20.25,45.5,0.0,statline_mc,0.0,0.0,0.0,0.0,0.0,0.0,0.0,0.0,0.0,0.0,0.0,0.0,22.959736415926734,0.0,,classic,True
00-0034844,Saquon Barkley,RB,NYG,6500,5614,0.0,0.0,1.0,1.0,0.0,BYE_OR_UNKNOWN,0.0,0.0,0.0,no_game,0.0,0.0,0.0,0.0,0.0,0.0,0.0,0.0,0.0,0.0,0.0,0.0,18.244401630647232,0.0,,classic,True
00-0033725,Corey Clement,RB,DAL,4600,5583,0.0,0.0,1.0,1.0,0.0,BYE_OR_UNKNOWN,0.0,0.0,0.0,no_game,0.0,0.0,0.0,0.0,0.0,0.0,0.0,0.0,0.0,0.0,0.0,0.0,15.052912268945105,0.0,,classic,True
00-0035703,Miles Boykin,WR,BAL,4500,5748,0.0,0.0,0.6846434763362721,1.1104521868050408,0.0,LAC,26.75,50.5,0.0,statline_mc,0.0,0.0,0.0,0.0,0.0,0.0,0.0,0.0,0.0,0.0,0.0,0.0,43.88505375184266,0.0,,classic,True
00-0035544,Tom Kennedy,WR,DET,4500,5960,0.0,0.0,1.044278038043946,0.8925129725722757,0.0,CIN,21.5,46.5,0.0,statline_mc,0.0,0.0,0.0,0.0,0.0,0.0,0.0,0.0,0.0,0.0,0.0,0.0,29.501851652105127,0.0,,classic,True
00-0029664,Josh Gordon,WR,KC,5500,5165,0.0,0.0,1.0,1.0,0.0,BYE_OR_UNKNOWN,0.0,0.0,0.0,no_game,0.0,0.0,0.0,0.0,0.0,0.0,0.0,0.0,0.0,0.0,0.0,0.0,11.712778197245894,0.0,,classic,True
00-0028063,Taiwan Jones,RB,BUF,4500,2820,0.0,0.0,1.0,1.0,0.0,BYE_OR_UNKNOWN,0.0,0.0,0.0,no_game,0.0,0.0,0.0,0.0,0.0,0.0,0.0,0.0,0.0,0.0,0.0,0.0,19.840146311498298,0.0,,classic,True
00-0032135,Jesse James,TE,CHI,4100,4653,0.0,0.0,1.0,1.0,0.0,BYE_OR_UNKNOWN,0.0,0.0,0.0,no_game,0.0,0.0,0.0,0.0,0.0,0.0,0.0,0.0,0.0,0.0,0.0,0.0,16.261503704442006,0.0,,classic,True
00-0035246,JJ Arcega-Whiteside,WR,PHI,4500,5732,0.0,0.0,1.0,1.0,0.0,BYE_OR_UNKNOWN,0.0,0.0,0.0,no_game,0.0,0.0,0.0,0.0,0.0,0.0,0.0,0.0,0.0,0.0,0.0,0.0,18.596339841081505,0.0,,classic,True
00-0035726,Jakob Johnson,RB,NE,4500,5778,0.0,0.0,1.0,1.0,0.0,BYE_OR_UNKNOWN,0.0,0.0,0.0,no_game,0.0,0.0,0.0,0.0,0.0,0.0,0.0,0.0,0.0,0.0,0.0,0.0,19.840146311498298,0.0,,classic,True
00-0036876,Kylen Granson,TE,IND,4100,4814,0.0,0.0,1.0,1.0,0.0,BYE_OR_UNKNOWN,0.0,0.0,0.0,no_game,0.0,0.0,0.0,0.0,0.0,0.0,0.0,0.0,0.0,0.0,0.0,0.0,16.261503704442006,0.0,,classic,True
00-0027696,Jimmy Graham,TE,CHI,4300,4492,0.0,0.0,1.0,1.0,0.0,BYE_OR_UNKNOWN,0.0,0.0,0.0,no_game,0.0,0.0,0.0,0.0,0.0,0.0,0.0,0.0,0.0,0.0,0.0,0.0,10.565301172796438,0.0,,classic,True
00-0033528,Jeremy Sprinkle,TE,DAL,4100,4714,0.0,0.0,0.605386586722112,1.1208302446256486,0.0,NE,27.0,50.5,0.0,statline_mc,0.0,0.0,0.0,0.0,0.0,0.0,0.0,0.0,0.0,0.0,0.0,0.0,42.54759294328715,0.0,,classic,True
00-0029608,T.Y. Hilton,WR,IND,5000,5151,0.0,0.0,0.794160200999258,1.1208302446256486,0.0,HOU,27.0,43.5,0.0,statline_mc,0.0,0.0,0.0,0.0,0.0,0.0,0.0,0.0,0.0,0.0,0.0,0.0,26.17463056843922,0.0,,classic,True
00-0036628,John Bates,TE,WAS,4000,4807,0.0,0.0,1.4331995551472367,0.9962935507783542,0.0,KC,24.0,54.0,0.0,statline_mc,0.0,0.0,0.0,0.0,0.0,0.0,0.0,0.0,0.0,0.0,0.0,0.0,45.01627961061829,0.0,,classic,True
00-0028292,Nick Bellore,RB,SEA,4500,5663,0.0,0.0,1.0,1.0,0.0,BYE_OR_UNKNOWN,0.0,0.0,0.0,no_game,0.0,0.0,0.0,0.0,0.0,0.0,0.0,0.0,0.0,0.0,0.0,0.0,19.840146311498298,0.0,,classic,True
00-0036550,Rashod Bateman,WR,BAL,5000,5930,0.0,0.0,0.6846434763362721,1.1104521868050408,0.0,LAC,26.75,50.5,0.0,statline_mc,0.0,0.0,0.0,0.0,0.0,0.0,0.0,0.0,0.0,0.0,0.0,0.0,33.40560169704814,0.0,,classic,True
00-0035993,Tyler Huntley,QB,BAL,6100,1562,0.0,0.0,0.8389965868045202,1.1104521868050408,0.0,LAC,26.75,50.5,0.0,statline_mc,0.0,0.0,0.0,0.0,0.0,0.0,0.0,0.0,0.0,0.0,0.0,0.0,42.16265246255983,0.0,,classic,True
00-0032434,Brandon Allen,QB,CIN,6400,1504,0.0,0.0,0.9077111707591876,1.0378057820607858,0.0,DET,25.0,46.5,0.0,statline_mc,0.0,0.0,0.0,0.0,0.0,0.0,0.0,0.0,0.0,0.0,0.0,0.0,33.547552879419484,0.0,,classic,True
00-0035099,Khari Blasingame,RB,TEN,4500,5800,0.0,0.0,0.5565048779009877,0.9859154929577464,0.0,BUF,23.75,53.5,0.0,statline_mc,0.0,0.0,0.0,0.0,0.0,0.0,0.0,0.0,0.0,0.0,0.0,0.0,41.02124867370303,0.0,,classic,True
00-0034597,Ryan Nall,RB,CHI,4500,5815,0.0,0.0,1.0,1.0,0.0,BYE_OR_UNKNOWN,0.0,0.0,0.0,no_game,0.0,0.0,0.0,0.0,0.0,0.0,0.0,0.0,0.0,0.0,0.0,0.0,19.840146311498298,0.0,,classic,True
00-0034414,Boston Scott,RB,PHI,4500,5624,0.0,0.0,1.0,1.0,0.0,BYE_OR_UNKNOWN,0.0,0.0,0.0,no_game,0.0,0.0,0.0,0.0,0.0,0.0,0.0,0.0,0.0,0.0,0.0,0.0,19.840146311498298,0.0,,classic,True
00-0036572,Shi Smith,WR,CAR,4500,5938,0.0,0.0,1.0007336636869264,0.8925129725722757,0.0,MIN,21.5,45.5,0.0,statline_mc,0.0,0.0,0.0,0.0,0.0,0.0,0.0,0.0,0.0,0.0,0.0,0.0,28.10421385682954,0.0,,classic,True
00-0032897,Derek Watt,RB,PIT,4500,5504,0.0,0.0,1.307883415136642,1.0066716085989622,0.0,SEA,24.25,43.0,0.0,statline_mc,0.0,0.0,0.0,0.0,0.0,0.0,0.0,0.0,0.0,0.0,0.0,0.0,31.841458647456307,0.0,,classic,True
00-0031045,Carlos Hyde,RB,JAX,5400,2933,0.0,0.0,1.0,1.0,0.0,BYE_OR_UNKNOWN,0.0,0.0,0.0,no_game,0.0,0.0,0.0,0.0,0.0,0.0,0.0,0.0,0.0,0.0,0.0,0.0,12.499720779583402,0.0,,classic,True
00-0036670,Jermar Jefferson,RB,DET,4500,5913,0.0,0.0,1.0,1.0,0.0,BYE_OR_UNKNOWN,0.0,0.0,0.0,no_game,0.0,0.0,0.0,0.0,0.0,0.0,0.0,0.0,0.0,0.0,0.0,0.0,19.840146311498298,0.0,,classic,True
00-0036450,Ke'Shawn Vaughn,RB,TB,4500,5823,0.0,0.0,1.0,1.0,0.0,BYE_OR_UNKNOWN,0.0,0.0,0.0,no_game,0.0,0.0,0.0,0.0,0.0,0.0,0.0,0.0,0.0,0.0,0.0,0.0,19.840146311498298,0.0,,classic,True
00-0035448,Damarea Crockett,RB,DEN,4500,5721,0.0,0.0,1.0,1.0,0.0,BYE_OR_UNKNOWN,0.0,0.0,0.0,no_game,0.0,0.0,0.0,0.0,0.0,0.0,0.0,0.0,0.0,0.0,0.0,0.0,19.840146311498298,0.0,,classic,True
00-0033955,Jeremy McNichols,RB,TEN,5200,5542,0.0,0.0,1.0,1.0,0.0,BYE_OR_UNKNOWN,0.0,0.0,0.0,no_game,0.0,0.0,0.0,0.0,0.0,0.0,0.0,0.0,0.0,0.0,0.0,0.0,9.946529290221699,0.0,,classic,True
00-0036849,Tutu Atwell,WR,LA,4600,5939,0.0,0.0,1.000602505932839,1.1830985915492958,0.0,NYG,28.5,49.5,0.0,statline_mc,0.0,0.0,0.0,0.0,0.0,0.0,0.0,0.0,0.0,0.0,0.0,0.0,40.30471362312588,0.0,,classic,True
00-0034860,Dante Pettis,WR,NYG,4500,5638,0.0,0.0,1.0486062439288304,0.87175685693106,0.0,LA,21.0,49.5,0.0,statline_mc,0.0,0.0,0.0,0.0,0.0,0.0,0.0,0.0,0.0,0.0,0.0,0.0,31.555657426383345,0.0,,classic,True
