player_id,player_name,position,team,salary,site_player_id,season_avg,recent_form,matchup_factor,vegas_factor,final_projection,opponent,implied_total,over_under,sigma,sigma_source,statline_p10,statline_p90,proj_pass_att,proj_pass_yd,proj_pass_td,proj_rush_att,proj_rush_yd,proj_rush_td,proj_targets,proj_rec,proj_rec_yd,proj_rec_td,chalk_score,estimated_ownership_pct,roster_role,slate_format,ownership_available
00-0034857,Josh Allen,QB,BUF,8800,1529,21.12,21.12,1.3822940134844166,1.1443569553805775,33.40833680647325,KC,27.25,57.0,16.622952662897422,statline_mc,15.005062887872466,55.37384806076462,37.7195,409.0940656220441,3.062,5.9175,42.35574181591484,0.355,0.0,0.0,0.0,0.0,95.46143584768372,18.271627282033577,,classic,True
00-0035228,Kyler Murray,QB,ARI,8500,1537,22.5358,22.5358,1.2213456150706226,1.1443569553805775,31.497216592057892,SF,27.25,48.5,15.825283762700037,statline_mc,13.75301761343037,52.29326142617793,33.45175,416.51886730990213,2.60325,5.9655,35.19711899661804,0.4185,0.0,0.0,0.0,0.0,87.65886490419597,10.86099617065766,,classic,True
00-0026498,Matthew Stafford,QB,LA,7900,1340,22.4378,22.4378,1.157498316526308,1.1758530183727034,30.538899134194008,SEA,28.0,53.5,15.195925415955793,statline_mc,13.532826533763394,50.625345281122264,35.7465,415.2070425997403,3.12,3.84375,16.903674302043953,0.1765,0.0,0.0,0.0,0.0,89.2023405287412,12.038097514991788,,classic,True
00-0032764,Derrick Henry,RB,TEN,10400,5445,22.2637,22.2637,1.187920513221718,1.1128608923884515,29.432382744290727,JAX,26.5,49.0,29.739682034339012,statline_mc,4.618921257843182,63.74562843015774,0.0,0.0,0.0,29.461,172.45608317447224,1.244,3.49125,2.772,29.732744268435006,0.1175,90.9504608294931,13.505532408043893,,classic,True
00-0019596,Tom Brady,QB,TB,8400,1131,22.8029,22.8029,0.9425457447604478,1.2388451443569555,26.626215149330818,MIA,29.5,48.0,13.68198877015681,statline_mc,11.306220046045599,44.59504405400771,45.2925,387.0882513668997,2.63675,2.519,11.106850946548274,0.12225,0.0,0.0,0.0,0.0,83.77182876546203,8.381629076505028,,classic,True
00-0034796,Lamar Jackson,QB,BAL,8200,1527,21.0683,21.0683,1.0710384330808815,1.1338582677165354,25.58540688806618,IND,27.0,46.5,14.718510625817064,statline_mc,9.883017838592508,44.26247322083907,31.99975,321.97265171194965,1.50275,9.32,59.40500819588192,0.459,0.0,0.0,0.0,0.0,78.35435362600047,5.840855564268221,,classic,True
00-0035710,Daniel Jones,QB,NYG,7400,1539,20.773,20.773,1.249810869004963,0.9553805774278216,24.803913438763487,DAL,22.75,53.0,13.051433772526886,statline_mc,10.410537125950661,41.52311100769441,36.6945,352.7740242374135,1.53875,6.44675,40.57202469266945,0.3435,0.0,0.0,0.0,0.0,72.72465437788019,4.0130999744978695,,classic,True
00-0033908,Cooper Kupp,WR,LA,8400,5552,18.2716,18.2716,1.1156194926021556,1.1758530183727034,23.968719623315593,SEA,28.0,53.5,24.77091976341242,statline_mc,4.376895426431412,53.37290837624068,0.0,0.0,0.0,0.20525,1.362381656966941,0.0065,12.08825,7.53175,138.556064576189,1.042,96.12126828290923,18.11560008387656,,classic,True
00-0029701,Ryan Tannehill,QB,TEN,7200,1410,18.6781,18.6781,1.1402063398372224,1.1128608923884515,23.700441332901914,JAX,26.5,49.0,12.174281302489314,statline_mc,10.135692470372703,39.48609830556834,39.7015,352.39064269206114,1.907,3.6205,22.703156252194688,0.18225,0.0,0.0,0.0,0.0,72.66098714528256,3.9961025413661826,,classic,True
00-0029604,Kirk Cousins,QB,MIN,7500,1415,19.1371,19.1371,0.9603697822707358,1.2493438320209973,22.961257608247262,DET,29.75,49.5,11.846285304582322,statline_mc,9.610764895377596,38.09039551068947,38.424,329.5502235286409,2.421,1.287,6.6274866710162605,0.05625,0.0,0.0,0.0,0.0,76.56348532621877,5.1835288362760235,,classic,True
00-0029263,Russell Wilson,QB,SEA,7800,1412,18.1017,18.1017,1.063057520762842,1.0708661417322836,20.606837890554175,LA,25.5,53.5,11.142107633770626,statline_mc,8.322451313826956,35.50772552293763,27.16075,278.3689004769508,1.93725,3.5305,16.553318714761453,0.1715,0.0,0.0,0.0,0.0,71.12084647101625,3.6061599358757115,,classic,True
00-0034869,Sam Darnold,QB,CAR,7600,1524,19.207,19.207,1.0476277569479662,1.0183727034120735,20.491494335938626,PHI,24.25,46.0,10.872017509247431,statline_mc,8.299934964397913,34.490940404878515,36.7395,309.47365302722795,1.48325,4.55325,16.610482148495066,0.32675,0.0,0.0,0.0,0.0,60.86890613630852,1.8206267091970936,,classic,True
00-0033077,Dak Prescott,QB,DAL,8100,1501,17.4214,17.4214,0.9199331598593364,1.2703412073490814,20.359194259165825,NYG,30.25,53.0,10.96749924876799,statline_mc,7.954026560794558,34.9610285520688,28.721,263.6571848828696,2.02775,4.47925,19.114068638510414,0.17175,0.0,0.0,0.0,0.0,76.58652680087314,5.191497364817514,,classic,True
00-0031280,Derek Carr,QB,LV,7100,1441,20.4412,20.4412,0.9087598826140814,1.0813648293963254,20.087583429310303,CHI,25.75,46.0,11.113668384360965,statline_mc,7.616795395353935,34.87128712152593,39.71225,313.01534122127407,1.807,3.1435,10.602197804593409,0.1,0.0,0.0,0.0,0.0,58.77152558816396,1.5830532478752763,,classic,True
00-0035719,Deebo Samuel,WR,SF,7700,5726,18.0442,18.0442,1.2148038854051395,0.8923884514435696,19.561247390564763,ARI,21.25,48.5,20.872076080451127,statline_mc,3.9037186704905005,42.82106572605147,0.0,0.0,0.0,1.26,6.991398434065149,0.034,10.92875,6.83525,115.7348254715825,0.62725,80.43678621518733,6.367082206573516,,classic,True
00-0031503,Jameis Winston,QB,NO,7000,1465,13.6504,13.6504,1.476734809247882,0.9658792650918635,19.470167904417476,WAS,23.0,43.5,10.78218621660669,statline_mc,7.32188725737858,33.28480136486775,23.078,235.03861925072246,2.10125,2.7135,16.39623134388576,0.15325,0.0,0.0,0.0,0.0,50.72732233810331,0.9259594840498911,,classic,True
00-0033045,Ezekiel Elliott,RB,DAL,8000,5444,14.0457,14.0457,1.0890314504772336,1.2703412073490814,19.43145348780835,NYG,30.25,53.0,21.514379767087185,statline_mc,2.398192722002833,42.43706167044532,0.0,0.0,0.0,16.89425,114.03102242523117,0.9275,1.8725,1.444,15.37351245285235,0.06875,94.70056188859243,17.341563712288764,,classic,True
00-0036355,Justin Herbert,QB,LAC,7700,1552,20.2074,20.2074,0.9284461329985784,1.0288713910761156,19.30312745562993,CLE,24.5,46.5,10.691691653945291,statline_mc,7.42288532451966,33.7549414470035,40.33675,276.7016510138869,1.92875,3.60725,12.070614150744543,0.1165,0.0,0.0,0.0,0.0,57.928086344894496,1.4964956398884488,,classic,True
00-0036972,Mac Jones,QB,NE,6700,1572,16.2052,16.2052,1.1864956312818509,0.9973753280839895,19.176912232894804,HOU,23.75,39.5,10.260355915682247,statline_mc,7.722086657915395,32.79133778944981,41.49275,317.75713583051106,1.59125,1.95075,9.28626799674362,0.07825,0.0,0.0,0.0,0.0,53.41983992238661,1.108021921932001,,classic,True
00-0030578,Cordarrelle Patterson,RB,ATL,7500,5208,12.3206,12.3206,1.4708183382882178,1.0183727034120735,18.454246030736336,NYJ,24.25,45.5,19.013178002537593,statline_mc,3.43505175931606,40.518229762952686,0.0,0.0,0.0,6.893,43.75088317347398,0.295,6.12175,4.694,72.0765771338894,0.479,78.21186029590105,5.776854751450622,,classic,True
00-0034383,Dalton Schultz,TE,DAL,6200,4742,7.9646,7.9646,1.7824435730385648,1.2703412073490814,18.03437483242152,NYG,30.25,53.0,18.234339936624107,statline_mc,2.8076363907415107,39.92307744140142,0.0,0.0,0.0,0.0,0.0,0.0,6.10125,4.47225,104.08249832421518,0.9095,96.42242272044736,13.840891382239771,,classic,True
00-0036389,Jalen Hurts,QB,PHI,8100,1554,23.0074,23.0074,0.8566179221362242,0.9133858267716536,18.00147364409981,CAR,21.75,46.0,10.590807103002666,statline_mc,6.5548403197666225,32.167165253613135,38.5455,238.23018827198905,1.418,8.43875,34.22766113220247,0.22475,0.0,0.0,0.0,0.0,50.3826097501819,0.9049228041395114,,classic,True
00-0037013,Zach Wilson,QB,NYJ,6600,1566,14.3205,14.3205,1.3639379151529258,0.8923884514435696,17.430370882083814,ATL,21.25,45.5,9.677705438366848,statline_mc,6.643811255905139,29.918412237675092,34.55375,282.610364004637,1.493,2.066,9.797063218983359,0.09775,0.0,0.0,0.0,0.0,48.89279650739752,0.8193642690421049,,classic,True
00-0036442,Joe Burrow,QB,CIN,7000,1550,16.4355,16.4355,1.039114783808724,1.0078740157480315,17.212893823208237,GB,24.0,50.0,9.653120274390439,statline_mc,6.299544868259036,30.205043151010592,26.87875,242.9095565810969,1.74925,2.62975,10.005115599643617,0.0965,0.0,0.0,0.0,0.0,51.59198399223867,0.9809039948887238,,classic,True
00-0034681,Chase Edmonds,RB,ARI,6200,5619,12.8754,12.8754,1.1653888280394304,1.1443569553805775,17.170955372633053,SF,27.25,48.5,16.325239291484216,statline_mc,3.598761398683935,35.889240503061345,0.0,0.0,0.0,10.95125,73.15256719724802,0.29525,5.762,4.60575,48.0132365290825,0.19325,84.45711051823105,8.760118118885801,,classic,True
00-0031381,Davante Adams,WR,GB,8200,5263,15.4347,15.4347,0.9962703389483176,1.0918635170603674,16.789748253226186,CIN,26.0,50.0,17.574960379385786,statline_mc,3.612165162640133,36.5914069741215,0.0,0.0,0.0,0.0,0.0,0.0,11.47725,7.41075,101.87373253226183,0.49675,90.11245241434582,12.136115092712018,,classic,True
00-0033856,Leonard Fournette,RB,TB,6400,5534,10.3898,10.3898,1.293068377405727,1.2388451443569555,16.643527441755783,MIA,29.5,48.0,15.591271710939042,statline_mc,3.279690096510354,35.440165669298885,0.0,0.0,0.0,11.97725,78.43315020511979,0.374,4.4235,3.3405,41.484624212438014,0.152,85.08761823914624,9.136188056407713,,classic,True
00-0031237,Teddy Bridgewater,QB,DEN,6600,1439,17.0151,17.0151,1.1050903256378493,0.8818897637795275,16.58232855343115,PIT,21.0,40.0,9.272978365538854,statline_mc,6.2430995217987855,28.67435693484773,32.96825,251.80154522840783,1.46775,2.7205,11.190167442948404,0.0875,0.0,0.0,0.0,0.0,43.80730050933786,0.5837633577512988,,classic,True
00-0031588,Stefon Diggs,WR,BUF,8100,5424,12.9733,12.9733,1.071355383417353,1.1443569553805775,15.90541001842294,KC,27.25,57.0,17.25528426882986,statline_mc,3.1663313720277406,34.57017329159207,0.0,0.0,0.0,0.0,0.0,0.0,10.46325,6.3605,96.15160018422938,0.52925,93.58745742336204,15.299998436075827,,classic,True
00-0023459,Aaron Rodgers,QB,GB,8000,1252,16.7767,16.7767,0.8680572297920804,1.0918635170603674,15.901002372699269,CIN,26.0,50.0,8.967122904260183,statline_mc,5.730284505709857,27.766968179075615,33.06925,226.17137354323322,1.67275,1.998,7.028974309699417,0.0765,0.0,0.0,0.0,0.0,57.76528013582343,1.4803408828361886,,classic,True
00-0037012,Trey Lance,QB,SF,6900,1569,20.2281,20.2281,0.8805606590903422,0.8923884514435696,15.895320977696024,ARI,21.25,48.5,8.976637686127637,statline_mc,5.648684356117499,28.04044245226766,36.57,218.60733568834974,1.7355,2.8875,9.142775501620322,0.09125,0.0,0.0,0.0,0.0,43.14273587193791,0.5584646836484174,,classic,True
00-0035664,Darrell Henderson,RB,LA,6400,5716,10.0199,10.0199,1.3456423094977312,1.1758530183727034,15.854299890368468,SEA,28.0,53.5,16.087664118254416,statline_mc,2.5471395476308434,34.258222987030805,0.0,0.0,0.0,10.392,74.34992789050034,0.5305,3.41575,2.547,33.138071013184316,0.13325,88.71988438839033,11.63938159629312,,classic,True
00-0036971,Trevor Lawrence,QB,JAX,6500,1565,15.0228,15.0228,1.0949811700349996,0.9448818897637795,15.542963830629049,TEN,22.5,49.0,9.23286917822727,statline_mc,5.227619421343243,27.594349151592816,32.1565,213.23036419623443,1.32775,5.0745,21.76749262779673,0.20625,0.0,0.0,0.0,0.0,51.87393887945671,0.9995164207000721,,classic,True
00-0033106,Jared Goff,QB,DET,7100,1490,17.8686,17.8686,1.0329960843648938,0.8293963254593176,15.3091595636968,MIN,19.75,49.5,8.719788067162991,statline_mc,5.574499936444043,27.0565127600288,38.2075,227.18377101578483,1.4525,2.68,11.005587230654095,0.07425,0.0,0.0,0.0,0.0,39.39637399951492,0.43503823512159856,,classic,True
00-0035250,Devin Singletary,RB,BUF,5700,5717,10.2441,10.2441,1.2993271788452512,1.1443569553805775,15.231944067568337,KC,27.25,57.0,16.53174321724885,statline_mc,2.2339252961715266,34.08743767430656,0.0,0.0,0.0,13.16825,94.29167358646336,0.505,2.24675,1.6145,16.350267089219987,0.08425,86.03161128628021,9.72963231433882,,classic,True
00-0034827,D.J. Moore,WR,CAR,7900,5633,17.0075,17.0075,0.8574121890241403,1.0183727034120735,14.850340675317454,PHI,24.25,46.0,14.43146013393792,statline_mc,3.33279457363661,31.07507123467697,0.0,0.0,0.0,0.68175,3.563555474544439,0.01825,10.9265,7.11975,79.5161012786301,0.4915,79.32428371067921,5.911942624454562,,classic,True
00-0031408,Mike Evans,WR,TB,7000,5253,13.0217,13.0217,0.9106930611910324,1.2388451443569555,14.691196411836426,MIA,29.5,48.0,16.217539567318184,statline_mc,2.8361846021262234,31.873319960696904,0.0,0.0,0.0,0.0,0.0,0.0,9.83275,5.9185,85.44446411836425,0.5425,87.33345021037867,10.083686419264485,,classic,True
00-0032063,Mike Davis,RB,ATL,5900,5320,9.785,9.785,1.4708183382882178,1.0183727034120735,14.65640937526723,NYJ,24.25,45.5,13.939819823702816,statline_mc,2.7246361572884186,31.27161458001109,0.0,0.0,0.0,12.4825,65.49602593914089,0.36725,4.24225,3.26025,33.01181781353141,0.1915,72.77326380467298,4.020017574997354,,classic,True
00-0035659,Terry McLaurin,WR,WAS,7400,5757,15.1028,15.1028,1.1205377269560228,0.8608923884514436,14.56913294375396,NO,20.5,43.5,16.041127422571133,statline_mc,2.9951456220542445,31.747425950336392,0.0,0.0,0.0,0.0,0.0,0.0,10.27425,6.38775,82.41757943753962,0.53375,70.46107994389901,3.274267655860775,,classic,True
00-0033906,Alvin Kamara,RB,NO,8600,5562,13.4767,13.4767,1.1190736973869504,0.9658792650918635,14.566839893292189,WAS,23.0,43.5,15.452262533829398,statline_mc,2.2447821781761497,31.883489115715587,0.0,0.0,0.0,20.44025,88.96042269289478,0.38275,2.96,2.1795,17.425476240027088,0.134,73.35890128547175,4.18007326222509,,classic,True
00-0036322,Justin Jefferson,WR,MIN,8000,5835,12.7159,12.7159,0.9074142382884546,1.2493438320209973,14.415664076463477,DET,29.75,49.5,15.598811455483434,statline_mc,2.7779498200631716,31.756956143664176,0.0,0.0,0.0,0.0,0.0,0.0,8.761,5.683,83.37664076463477,0.54975,89.93713684632338,11.995097456814737,,classic,True
00-0026143,Matt Ryan,QB,ATL,7200,1301,17.485,17.485,0.7597828526773467,1.0183727034120735,13.528860559530717,NYJ,24.25,45.5,8.054513988504464,statline_mc,4.3387499820061315,24.262791434558764,40.8705,200.64777325095469,1.48675,1.408,4.324496294925281,0.037,0.0,0.0,0.0,0.0,38.6065971380063,0.41272525658133635,,classic,True
00-0034972,Alexander Mattison,RB,MIN,6500,5720,7.6232,7.6232,1.40447504302926,1.2493438320209973,13.376141265103644,DET,29.75,49.5,13.576167045055104,statline_mc,2.026957107220658,30.599849576562907,0.0,0.0,0.0,10.1875,70.34968014368269,0.36625,2.5245,1.9055,27.414232507353756,0.09975,86.43190637885036,9.992776141754062,,classic,True
00-0033293,Aaron Jones,RB,GB,8400,5543,13.2144,13.2144,0.9237990924737912,1.0918635170603674,13.32886861735398,CIN,26.0,50.0,13.302301314481156,statline_mc,2.1130709607888094,29.137230567183437,0.0,0.0,0.0,15.1025,59.22540991024286,0.46475,3.4765,2.7555,24.185776263296916,0.17275,84.30036785512168,8.669055776421445,,classic,True
00-0033119,Jacoby Brissett,QB,MIA,6300,1496,14.1323,14.1323,1.1989990605801124,0.7769028871391076,13.164331122188921,TB,18.5,48.0,8.128137357883741,statline_mc,4.378134773041662,23.905366351754562,37.50675,192.6779986982993,1.05425,4.2085,15.802111742569487,0.1635,0.0,0.0,0.0,0.0,42.26867572156196,0.526852543364773,,classic,True
00-0034983,Hunter Renfrow,WR,LV,5800,5761,10.0411,10.0411,1.2082462395999836,1.0813648293963254,13.119286803282623,CHI,25.75,46.0,15.045773363515927,statline_mc,2.236843658353509,29.909402212021202,0.0,0.0,0.0,0.0,0.0,0.0,7.3875,4.834,77.39786803282624,0.5035,75.74684431977559,4.657498583103709,,classic,True
00-0035640,D.K. Metcalf,WR,SEA,7400,5725,12.1189,12.1189,1.0090577482683716,1.0708661417322836,13.09524381512704,LA,25.5,53.5,14.356979149928572,statline_mc,2.330272734906315,29.682677131085313,0.0,0.0,0.0,0.0,0.0,0.0,8.31725,4.9945,75.90993815127038,0.50975,85.32483470246444,8.819905991965745,,classic,True
00-0030035,Adam Thielen,WR,MIN,7500,5333,11.5395,11.5395,0.9074142382884546,1.2493438320209973,13.082002377739405,DET,29.75,49.5,13.796705006164556,statline_mc,2.429438747827691,28.841789837046242,0.0,0.0,0.0,0.0,0.0,0.0,8.28175,5.361,69.31002377739405,0.588,87.98061510719295,10.528261769904477,,classic,True
00-0033873,Patrick Mahomes II,QB,KC,8700,1523,22.3996,22.3996,0.4610307015720735,1.2493438320209973,12.901828505621847,BUF,29.75,57.0,7.883628654235241,statline_mc,3.851970973152509,23.740512114923693,34.8505,166.32123947905228,1.5265,3.819,10.152289264597558,0.08675,0.0,0.0,0.0,0.0,78.02207130730051,5.712890611485384,,classic,True
00-0035662,Marquise Brown,WR,BAL,6800,5730,10.1442,10.1442,1.1082421410713552,1.1338582677165354,12.747116646893788,IND,27.0,46.5,14.131781906535853,statline_mc,1.9860298616635135,28.729747072421233,0.0,0.0,0.0,0.1295,0.9932803992969269,0.00425,6.73775,4.18075,76.17913606964095,0.49525,80.85353636545781,6.546461375557721,,classic,True
00-0036275,D'Andre Swift,RB,DET,6900,5822,13.3657,13.3657,1.1278360194022845,0.8293963254593176,12.502537093916013,MIN,19.75,49.5,11.583992309847964,statline_mc,2.8173650183210572,25.679334497917917,0.0,0.0,0.0,10.16175,35.633629488153595,0.255,6.648,5.06275,39.66799145100653,0.18,72.55426873635702,3.9617529968646092,,classic,True
00-0030279,Keenan Allen,WR,LAC,7200,5198,14.4285,14.4285,0.8410180745112504,1.0288713910761156,12.485009949004874,CLE,24.5,46.5,12.36209648384964,statline_mc,2.913900044071204,26.195850626917437,0.0,0.0,0.0,0.0,0.0,0.0,10.949,6.73125,68.54384949004873,0.3905,76.99559206571828,5.061831473041766,,classic,True
00-0031800,Taylor Heinicke,QB,WAS,7300,1487,18.2974,18.2974,0.7890461978434911,0.8608923884514436,12.429113648245428,NO,20.5,43.5,7.707354049855653,statline_mc,3.7683095993758866,22.829392902577318,31.9715,170.1562613772058,1.20275,5.29575,15.151131931571973,0.1325,0.0,0.0,0.0,0.0,29.638915837982054,0.22699697996827511,,classic,True
00-0033553,James Conner,RB,ARI,6300,5537,9.1501,9.1501,1.1653888280394304,1.1443569553805775,12.202819872366195,SF,27.25,48.5,14.17984039707001,statline_mc,1.1468636263088325,28.732373747803404,0.0,0.0,0.0,13.83575,64.27176945128119,0.746,1.044,0.7855,8.558929272380762,0.03725,80.59746139542405,6.772697436496971,,classic,True
00-0036357,Henry Ruggs III,WR,LV,5900,5833,9.319,9.319,1.2082462395999836,1.0813648293963254,12.175756643354445,CHI,25.75,46.0,14.485114923962733,statline_mc,1.820845058094109,27.90802609668352,0.0,0.0,0.0,0.477,3.096060050302212,0.01775,6.3325,3.68625,77.34025638324225,0.3715,75.28100581045882,4.515078705196562,,classic,True
00-0034791,Nick Chubb,RB,CLE,7500,5622,13.2272,13.2272,0.9938976685964638,0.9238845144356955,12.145818941470925,LAC,22.0,46.5,14.106651544722267,statline_mc,1.1051447936746381,28.937239347384203,0.0,0.0,0.0,18.09825,81.25382026772478,0.55025,0.88,0.669,4.914369146984465,0.01575,72.25078826097501,3.8824040861861984,,classic,True
00-0035831,James Robinson,RB,JAX,7400,5849,13.0952,13.0952,0.98012830542951,0.9448818897637795,12.127554954403076,TEN,22.5,49.0,12.311127311525322,statline_mc,2.1567896750492386,26.02595563987917,0.0,0.0,0.0,13.48225,57.175452842147976,0.45975,3.73,2.793,19.480096701882772,0.0815,75.47043010752688,4.811925718960027,,classic,True
00-0033040,Tyreek Hill,WR,KC,8500,5485,17.5932,17.5932,0.5508422476330997,1.2493438320209973,12.10747678043492,BUF,29.75,57.0,12.046404160072013,statline_mc,2.856976921090959,26.260451609051547,0.0,0.0,0.0,0.62825,2.5699383613959275,0.01475,9.2655,6.3875,62.782329442953284,0.3935,88.98316970546985,11.255987526590419,,classic,True
00-0033923,Kareem Hunt,RB,CLE,7000,5560,13.0736,13.0736,0.9938976685964638,0.9238845144356955,12.004801593903062,LAC,22.0,46.5,11.652433337137262,statline_mc,2.212779308145109,26.29151870297628,0.0,0.0,0.0,11.53825,51.75886985723154,0.40425,4.062,3.0595,24.586646081799078,0.0975,71.76833212062412,3.7595182677257903,,classic,True
00-0032950,Carson Wentz,QB,IND,6600,1514,15.7739,15.7739,0.92472170725016,0.8188976377952756,11.944857493878672,BAL,19.5,46.5,7.312714519603944,statline_mc,3.7785849708090224,21.908180917169545,34.809,178.7299345138896,1.045,3.65,11.986601133230863,0.1,0.0,0.0,0.0,0.0,33.49805966529226,0.2935984356158869,,classic,True
00-0035689,Dawson Knox,TE,BUF,6000,4750,7.7763,7.7763,1.341278908203909,1.1443569553805775,11.9358520211843,KC,27.25,57.0,11.870747172297412,statline_mc,1.7951509176672233,26.285334321727845,0.0,0.0,0.0,0.0,0.0,0.0,5.71525,3.898,62.18352021184299,0.63775,93.79821881634132,11.619450107929017,,classic,True
00-0031325,Sammy Watkins,WR,BAL,5500,5252,9.3249,9.3249,1.1082421410713552,1.1338582677165354,11.717545077014028,IND,27.0,46.5,13.741314398103226,statline_mc,2.0010892087038417,26.27337151171495,0.0,0.0,0.0,0.0,0.0,0.0,7.14575,4.151,76.35545077014028,0.34225,76.8783810859547,5.022432126294901,,classic,True
00-0035261,Tony Pollard,RB,DAL,5600,5718,8.3723,8.3723,1.0890314504772336,1.2703412073490814,11.582564660880054,NYG,30.25,53.0,13.098716189870268,statline_mc,1.3827921964971288,26.037551073232706,0.0,0.0,0.0,10.00075,73.64310855889529,0.375,1.4215,1.103,12.167538049905241,0.053,83.20933381841701,8.060892443810777,,classic,True
00-0030431,Robert Woods,WR,LA,6300,5217,8.7973,8.7973,1.1156194926021556,1.1758530183727034,11.540333419713727,SEA,28.0,53.5,13.181970700813512,statline_mc,1.8241907987301962,25.674967342750573,0.0,0.0,0.0,0.84325,5.847216988681651,0.02775,6.41525,3.83725,63.9248672084556,0.4215,86.30760368663594,9.417118440282295,,classic,True
00-0027685,Emmanuel Sanders,WR,BUF,6200,3983,9.3726,9.3726,1.071355383417353,1.1443569553805775,11.490929057082223,KC,27.25,57.0,13.913088110976823,statline_mc,1.7584772904224046,25.602478036199116,0.0,0.0,0.0,0.38625,2.420937856826069,0.011,6.242,3.7675,69.43585271399617,0.39975,86.16509717491483,9.32807537063624,,classic,True
00-0033871,Corey Davis,WR,NYJ,6200,5550,10.8042,10.8042,1.1877535964588712,0.8923884514435696,11.451781008394937,ATL,21.25,45.5,13.123208784521584,statline_mc,1.9812607106337536,25.35395993456493,0.0,0.0,0.0,0.0,0.0,0.0,7.539,4.38225,65.96656008394937,0.4525,66.52274093368062,2.51818472200161,,classic,True
00-0029293,Marvin Jones,WR,JAX,6600,5168,8.4391,8.4391,1.4320259027009306,0.9448818897637795,11.418865224459369,TEN,22.5,49.0,13.13921668463138,statline_mc,1.813673157967612,25.200705295799732,0.0,0.0,0.0,0.0,0.0,0.0,6.73025,4.16425,65.56740224459367,0.47125,73.58119615307554,4.031352690414467,,classic,True
00-0036268,Laviska Shenault Jr.,WR,JAX,5800,5847,8.4029,8.4029,1.4320259027009306,0.9448818897637795,11.369887767688935,TEN,22.5,49.0,12.491403869627533,statline_mc,2.0184351539427783,25.261586674331188,0.0,0.0,0.0,0.71725,5.164166548334219,0.02325,6.53575,4.11125,66.54846112855512,0.34275,72.3079042276097,3.703268642149173,,classic,True
00-0036251,Zack Moss,RB,BUF,6300,5824,7.6406,7.6406,1.2993271788452512,1.1443569553805775,11.36080077804003,KC,27.25,57.0,12.443019692990589,statline_mc,1.2298122007799144,26.64609393349246,0.0,0.0,0.0,9.5935,58.79303036811493,0.56375,1.437,1.086,12.574977412285383,0.071,84.23336567224513,8.630419088044773,,classic,True
00-0034960,Jakobi Meyers,WR,NE,5900,5749,13.1949,13.1949,0.8483954260420509,0.9973753280839895,11.165149529829092,HOU,23.75,39.5,11.063914061343093,statline_mc,2.662403755320746,23.510975672738557,0.0,0.0,0.0,0.0,0.0,0.0,10.65425,6.6995,60.62899529829091,0.305,66.16910438789822,2.4595109363475034,,classic,True
00-0033921,Chris Godwin,WR,TB,7600,5579,9.8852,9.8852,0.9106930611910324,1.2388451443569555,11.152522982584312,MIA,29.5,48.0,12.84578466980189,statline_mc,1.8694775241053574,24.7815957884324,0.0,0.0,0.0,0.26425,1.8008068418685983,0.0115,6.501,4.27575,65.60067298397453,0.37525,80.78065517932278,6.514730931724084,,classic,True
00-0036613,Jaylen Waddle,WR,MIA,5400,5926,9.8556,9.8556,1.4287470797983524,0.7769028871391076,10.939643335648597,TB,18.5,48.0,11.844568301114975,statline_mc,2.1566650743422606,23.99237920789233,0.0,0.0,0.0,0.0,0.0,0.0,7.5915,5.31675,61.47268335648597,0.3665,63.13088559406932,2.0085530841736237,,classic,True
00-0033897,Joe Mixon,RB,CIN,7100,5535,12.8841,12.8841,0.8249100297293068,1.0078740157480315,10.711910030767237,GB,24.0,50.0,11.982863753825171,statline_mc,1.4805800639223419,23.691717440714125,0.0,0.0,0.0,19.26825,66.420694277294,0.4255,1.92125,1.4375,8.375906030378355,0.03625,76.85514188697552,5.27728351747299,,classic,True
00-0033932,Kenny Golladay,WR,NYG,6200,5554,8.9714,8.9714,1.2361162342718963,0.9553805774278216,10.59485138319798,DAL,22.75,53.0,12.310813836193194,statline_mc,1.6619522808576301,24.44462236566745,0.0,0.0,0.0,0.0,0.0,0.0,6.3705,3.9185,68.9460138319798,0.29925,74.46378481266278,4.275671725431362,,classic,True
DST_NE,New England,D,NE,5000,7018,10.564890507,10.564890507,1.513749361745518,1.5119047619047619,10.564890507,HOU,23.75,39.5,6.1668,dst_simulated_session_10_4,0.0,0.0,0.0,0.0,0.0,0.0,0.0,0.0,0.0,0.0,0.0,0.0,74.87543202764978,8.428005910596324,,classic,True
00-0036358,CeeDee Lamb,WR,DAL,6900,5831,8.9196,8.9196,0.9156112955448994,1.2703412073490814,10.374709390752047,NYG,30.25,53.0,11.751805920151309,statline_mc,1.765739135107938,23.20828533471499,0.0,0.0,0.0,0.492,2.793084254593379,0.0155,6.431,3.9025,60.79650965292708,0.337,84.85148266880384,8.545923701556362,,classic,True
00-0032211,Tyler Lockett,WR,SEA,7300,5386,9.5901,9.5901,1.0090577482683716,1.0708661417322836,10.36277501071907,LA,25.5,53.5,12.48037081099866,statline_mc,1.6355192729484547,23.91023916265784,0.0,0.0,0.0,0.0,0.0,0.0,5.79625,3.9445,62.34525010719069,0.36525,79.02048687637748,5.793411689930606,,classic,True
00-0034844,Saquon Barkley,RB,NYG,7800,5614,14.0266,14.0266,0.7723360976373025,0.9553805774278216,10.349900373032632,DAL,22.75,53.0,9.606968774550149,statline_mc,2.127210597056473,21.99020757239932,0.0,0.0,0.0,13.3355,37.439094126433744,0.3,5.1065,3.7575,24.222409603892576,0.11725,76.49658420244158,5.152631908677039,,classic,True
00-0034829,Mike Gesicki,TE,MIA,5600,4719,9.3221,9.3221,1.4178528421897676,0.7769028871391076,10.268609214180644,TB,18.5,48.0,9.679602118152326,statline_mc,2.089556767742986,21.563224336215356,0.0,0.0,0.0,0.0,0.0,0.0,7.23125,4.761,55.601092141806454,0.4,72.58653497644075,2.8251689593035145,,classic,True
00-0036223,Jonathan Taylor,RB,IND,6900,5820,11.7269,11.7269,1.067751525582851,0.8188976377952756,10.253741250069593,BAL,19.5,46.5,10.599311777610174,statline_mc,1.6550064889394884,23.10867664465511,0.0,0.0,0.0,14.876,57.50166173521547,0.31075,2.615,2.05325,14.594500765480461,0.058,64.11209475301156,2.2566355387472763,,classic,True
00-0034348,Courtland Sutton,WR,DEN,6100,5637,9.6004,9.6004,1.2000491823435386,0.8818897637795275,10.1602528247399,PIT,21.0,40.0,12.214022168674488,statline_mc,1.81669420179853,22.29201985260897,0.0,0.0,0.0,0.0,0.0,0.0,6.9165,4.23825,64.47627824739898,0.2735,60.28000400721298,1.6608937012951135,,classic,True
00-0029000,Cole Beasley,WR,BUF,5600,5163,8.2859,8.2859,1.071355383417353,1.1443569553805775,10.158679856375635,KC,27.25,57.0,11.53130454106759,statline_mc,1.9877403822811632,22.30937391759981,0.0,0.0,0.0,0.0,0.0,0.0,6.8765,4.6465,60.06429856375634,0.31325,80.94770587056702,6.587689121894991,,classic,True
00-0033536,Mike Williams,WR,LAC,7700,5594,11.6392,11.6392,0.8410180745112504,1.0288713910761156,10.071428862740746,CLE,24.5,46.5,10.179147307482513,statline_mc,2.030075558197664,22.050647627140822,0.0,0.0,0.0,0.0,0.0,0.0,7.713,4.7595,53.19178862740745,0.40425,71.56080945702264,3.5233404406476887,,classic,True
00-0033955,Jeremy McNichols,RB,TEN,5100,5542,7.5684,7.5684,1.187920513221718,1.1128608923884515,10.005400650011186,JAX,26.5,49.0,12.539475619872398,statline_mc,1.7634379131387956,22.382541323806997,0.0,0.0,0.0,1.378,7.4874683851691435,0.0505,6.36125,4.68675,51.197788114942696,0.259,70.38028539089659,3.427236941947489,,classic,True
00-0035216,Diontae Johnson,WR,PIT,7000,5754,12.6276,12.6276,0.9910242223041928,0.7979002624671916,9.985154454124014,DEN,19.0,40.0,10.188171741850766,statline_mc,2.2049700543511035,21.69339959827801,0.0,0.0,0.0,0.0,0.0,0.0,8.834,5.54825,51.91529454124016,0.34625,57.89370867561611,1.4166139422373167,,classic,True
00-0036415,Van Jefferson,WR,LA,5800,5844,7.5627,7.5627,1.1156194926021556,1.1758530183727034,9.92084415187458,SEA,28.0,53.5,11.69814262570872,statline_mc,1.2685038421939987,22.53756606309302,0.0,0.0,0.0,0.0,0.0,0.0,4.94875,3.17375,60.88469151874578,0.38075,79.91008815868562,6.147393116976652,,classic,True
00-0033009,Tyler Boyd,WR,CIN,6300,5455,11.4558,11.4558,0.8574121890241403,1.0078740157480315,9.899722191376652,GB,24.0,50.0,10.188234050221741,statline_mc,2.038930288888487,21.818108382869653,0.0,0.0,0.0,0.0,0.0,0.0,7.938,5.3195,54.8647219137665,0.301,74.03150671208174,4.154211665436037,,classic,True
00-0034753,Mark Andrews,TE,BAL,6400,4721,9.4145,9.4145,0.9262975885386112,1.1338582677165354,9.887904883098516,IND,27.0,46.5,9.628721297776396,statline_mc,1.996077587750924,21.03668512860714,0.0,0.0,0.0,0.0,0.0,0.0,6.72225,4.589,57.639048830985146,0.31675,84.51638792523171,6.258194352001968,,classic,True
00-0030564,DeAndre Hopkins,WR,ARI,7500,5206,9.0966,9.0966,0.9483995245706792,1.1443569553805775,9.872565927467708,SF,27.25,48.5,11.86849482797793,statline_mc,1.5586774735163218,22.085006296621536,0.0,0.0,0.0,0.0,0.0,0.0,6.10975,3.852,56.095659274677075,0.39675,76.8473251853336,5.012044473070325,,classic,True
DST_ATL,Atlanta,D,ATL,4200,7002,9.8572070565,9.8572070565,1.4123516831985936,1.1205882352941177,9.8572070565,NYJ,24.25,45.5,6.5231,dst_simulated_session_10_4,0.0,0.0,0.0,0.0,0.0,0.0,0.0,0.0,0.0,0.0,0.0,0.0,73.59014976958525,7.735922294006785,,classic,True
00-0033858,Jonnu Smith,TE,NE,4900,4706,6.0448,6.0448,1.5907617253836417,0.9973753280839895,9.590666624362692,HOU,23.75,39.5,10.38742093806487,statline_mc,1.5210535546097879,20.910506296680587,0.0,0.0,0.0,0.0,0.0,0.0,5.26525,3.3465,51.78416624362691,0.46225,68.26904157821157,2.118557172970777,,classic,True
00-0030506,Travis Kelce,TE,KC,8200,4582,13.4274,13.4274,0.5681291876370148,1.2493438320209973,9.530616045855055,BUF,29.75,57.0,8.972321601792132,statline_mc,2.1804507728852367,20.007258755314087,0.0,0.0,0.0,0.0,0.0,0.0,7.905,5.48575,46.96741045855055,0.36225,91.41355563610003,9.911571193656052,,classic,True
00-0034855,Baker Mayfield,QB,CLE,6800,1528,13.8068,13.8068,0.746481332147281,0.9238845144356955,9.52203154726518,LAC,22.0,46.5,6.0365960685406375,statline_mc,2.907773428940005,17.53923547479619,29.21825,160.7952333741535,0.6505,3.71825,10.427222122990395,0.10175,0.0,0.0,0.0,0.0,31.724472471501333,0.26085738026074684,,classic,True
00-0033090,Hunter Henry,TE,NE,5400,4675,5.9998,5.9998,1.5907617253836417,0.9973753280839895,9.519248941567323,HOU,23.75,39.5,10.192377005152812,statline_mc,1.4873918463365443,21.174130536049965,0.0,0.0,0.0,0.0,0.0,0.0,4.7185,3.24275,55.39873941567322,0.40225,71.5274685445037,2.6325783906758624,,classic,True
00-0036252,Michael Pittman Jr.,WR,IND,5800,5837,13.7783,13.7783,0.83364072298045,0.8188976377952756,9.405966927185059,BAL,19.5,46.5,9.346875158769747,statline_mc,2.287115945911722,19.93404343728087,0.0,0.0,0.0,0.28575,1.1949778861935214,0.0035,9.62625,5.92775,50.43594138565707,0.22175,59.72149869765578,1.600189635591742,,classic,True
00-0033699,Austin Ekeler,RB,LAC,7700,5575,17.0058,17.0058,0.5357534032232828,1.0288713910761156,9.37393500945658,CLE,24.5,46.5,8.27331657017009,statline_mc,2.1768240183324608,19.49370085174177,0.0,0.0,0.0,12.5325,34.44519747664462,0.23025,5.52775,4.38775,19.180402617921178,0.1085,72.88422669577167,4.049866026053519,,classic,True
00-0036345,K.J. Osborn,WR,MIN,5200,5859,8.0999,8.0999,0.9074142382884546,1.2493438320209973,9.182616120554021,DET,29.75,49.5,10.568924695345837,statline_mc,1.484663855720691,20.147068265664913,0.0,0.0,0.0,0.34375,2.2569131484031404,0.01075,5.62925,3.603,54.14424805713707,0.28725,74.9681927469445,4.421895341274857,,classic,True
DST_TB,Tampa Bay,D,TB,4800,7029,9.125789571,9.125789571,1.3075533654960534,1.287162162162162,9.125789571,MIA,29.5,48.0,6.1354,dst_simulated_session_10_4,0.0,0.0,0.0,0.0,0.0,0.0,0.0,0.0,0.0,0.0,0.0,0.0,76.92972350230414,9.665017876043864,,classic,True
00-0036900,Ja'Marr Chase,WR,CIN,7300,5924,10.5387,10.5387,0.8574121890241403,1.0078740157480315,9.107193772134291,GB,24.0,50.0,9.79144911549126,statline_mc,1.5780055310033234,20.600961870737272,0.0,0.0,0.0,0.13025,0.6753434895008598,0.00425,6.2755,3.95225,49.49534423184206,0.35525,71.82653776798237,3.586313336755238,,classic,True
00-0027942,A.J. Green,WR,ARI,5700,5091,8.3762,8.3762,0.9483995245706792,1.1443569553805775,9.090743569182903,SF,27.25,48.5,10.357458668059666,statline_mc,1.3885096613234444,20.835442736000008,0.0,0.0,0.0,0.0,0.0,0.0,5.86,3.536,53.78743569182904,0.3305,72.96533760769384,3.8691882807667612,,classic,True
00-0031544,Amari Cooper,WR,DAL,7100,5376,7.7517,7.7517,0.9156112955448994,1.2703412073490814,9.016304544180008,NYG,30.25,53.0,10.207241354049097,statline_mc,1.4123239765353675,20.888652274636037,0.0,0.0,0.0,0.0,0.0,0.0,5.47575,3.632,50.75804544180007,0.36125,80.81421558805849,6.52932305174553,,classic,True
00-0033948,Jamaal Williams,RB,DET,6000,5541,9.4851,9.4851,1.1278360194022845,0.8293963254593176,8.872540670121452,MIN,19.75,49.5,9.087638005216698,statline_mc,1.3446407188253868,20.024505788504957,0.0,0.0,0.0,11.28425,43.706071158858755,0.3355,2.38775,1.889,13.74933554235575,0.0545,64.57181259600615,2.326867309586813,,classic,True
00-0034270,Tyler Conklin,TE,MIN,5100,4732,7.5429,7.5429,0.9411183499552288,1.2493438320209973,8.868822872700632,DET,29.75,49.5,8.762572300690216,statline_mc,1.5997584314662772,19.349486316735227,0.0,0.0,0.0,0.0,0.0,0.0,5.763,4.025,47.59822872700632,0.35975,86.20275203230985,7.002841359085554,,classic,True
00-0034845,Sony Michel,RB,LA,5300,5615,5.5813,5.5813,1.3456423094977312,1.1758530183727034,8.831133228829605,SEA,28.0,53.5,9.913616997791195,statline_mc,1.0114179771303566,20.821312958830617,0.0,0.0,0.0,8.881,54.910700259938224,0.30275,1.05775,0.78625,9.58438202835782,0.04475,75.47427035330261,4.813157808498544,,classic,True
DST_LV,Las Vegas,D,LV,4500,7022,8.747272633500002,8.747272633500002,1.2533190341349427,1.1759259259259258,8.747272633500002,CHI,25.75,46.0,6.3213,dst_simulated_session_10_4,0.0,0.0,0.0,0.0,0.0,0.0,0.0,0.0,0.0,0.0,0.0,0.0,69.75014400921658,5.9886998152979,,classic,True
00-0027793,Antonio Brown,WR,TB,6500,3474,7.7113,7.7113,0.9106930611910324,1.2388451443569555,8.699984582670343,MIA,29.5,48.0,9.920410425395598,statline_mc,1.3618911386034531,19.95405885934427,0.0,0.0,0.0,0.1865,1.5430773054515834,0.00725,5.509,3.34125,51.96551852125184,0.27925,74.258916048888,4.217671933174013,,classic,True
00-0036924,Michael Carter,RB,NYJ,5600,5907,8.3895,8.3895,1.1553747457361914,0.8923884514435696,8.649962939746601,ATL,21.25,45.5,8.731287951178233,statline_mc,1.387785979970838,19.30410186193435,0.0,0.0,0.0,10.07,39.25202946955178,0.2795,2.896,2.019,17.11759992791424,0.077,57.620866682836116,1.4639327319894033,,classic,True
00-0031610,Darren Waller,TE,LV,7400,5419,12.5441,12.5441,0.6372927409145644,1.0813648293963254,8.64474081965158,CHI,25.75,46.0,7.488665774299368,statline_mc,2.12718242110176,17.992839714125033,0.0,0.0,0.0,0.0,0.0,0.0,8.71825,5.429,40.64240819651578,0.325,77.63462434629524,3.955501769126543,,classic,True
DST_BAL,Baltimore,D,BAL,4500,7003,8.562720051000001,8.562720051000001,1.2268761331145523,1.2211538461538463,8.562720051000001,IND,27.0,46.5,6.1257,dst_simulated_session_10_4,0.0,0.0,0.0,0.0,0.0,0.0,0.0,0.0,0.0,0.0,0.0,0.0,70.49251152073732,6.29254435446773,,classic,True
00-0031236,Brandin Cooks,WR,HOU,6300,5255,16.6757,16.6757,0.772162793557113,0.6614173228346457,8.516645149332383,NE,15.75,39.5,7.997725433741921,statline_mc,2.3307651540092906,17.294862875398966,0.0,0.0,0.0,0.2785,0.8201212638178585,0.00275,9.501,6.246,42.04633022950599,0.1945,51.917451412542576,0.9510889625044316,,classic,True
00-0036912,Devonta Smith,WR,PHI,6000,5925,11.4426,11.4426,0.8098692569367596,0.9133858267716536,8.464337637683162,CAR,21.75,46.0,8.58333069808098,statline_mc,1.8382011545137598,18.52694038875788,0.0,0.0,0.0,0.0,0.0,0.0,8.0515,4.7505,45.66087637683163,0.262,59.65688238829894,1.5933112382153516,,classic,True
00-0036326,Chase Claypool,WR,PIT,6000,5861,10.6966,10.6966,0.9910242223041928,0.7979002624671916,8.458173957194326,DEN,19.0,40.0,8.477586832138067,statline_mc,1.751607292420599,18.9591721293235,0.0,0.0,0.0,0.41475,1.9268273061065184,0.0085,7.82625,4.42375,46.16116226583673,0.23975,52.272590663193746,0.9738755802683479,,classic,True
00-0036555,Chuba Hubbard,RB,CAR,6700,5911,7.0042,7.0042,1.1841652323580034,1.0183727034120735,8.44649057409627,PHI,24.25,46.0,8.497909036879298,statline_mc,1.3790080777200815,18.866363814936467,0.0,0.0,0.0,8.53175,40.51923215284676,0.22725,2.5735,1.8595,17.278173588115937,0.08175,67.57943245209799,2.8434862467105955,,classic,True
DST_TEN,Tennessee,D,TEN,4200,7030,8.252868132000001,8.252868132000001,1.1824802026208947,1.0583333333333333,8.252868132000001,JAX,26.5,49.0,6.3454,dst_simulated_session_10_4,0.0,0.0,0.0,0.0,0.0,0.0,0.0,0.0,0.0,0.0,0.0,0.0,71.8879608294931,6.906033506162183,,classic,True
DST_MIN,Minnesota,D,MIN,3900,7017,8.2432926765,8.2432926765,1.1811082206167323,1.2056962025316456,8.2432926765,DET,29.75,49.5,6.1375,dst_simulated_session_10_4,0.0,0.0,0.0,0.0,0.0,0.0,0.0,0.0,0.0,0.0,0.0,0.0,76.65394585253456,9.488948309576816,,classic,True
00-0036893,Najee Harris,RB,PIT,7300,5904,22.8251,22.8251,0.4468784227820372,0.7979002624671916,8.138618534877251,DEN,19.0,40.0,6.366477366108827,statline_mc,2.392965837783348,16.022120674586876,0.0,0.0,0.0,13.868,18.360811405626947,0.122,9.14,6.86175,18.381623943145566,0.09075,55.019403347077365,1.2308384174029932,,classic,True
DST_DEN,Denver,D,DEN,4400,7010,8.1210214755,8.1210214755,1.163589065794354,1.2532894736842106,8.1210214755,PIT,21.0,40.0,6.0972,dst_simulated_session_10_4,0.0,0.0,0.0,0.0,0.0,0.0,0.0,0.0,0.0,0.0,0.0,0.0,51.47177419354839,1.7705962276430927,,classic,True
00-0033658,Blake Jarwin,TE,DAL,5000,4733,3.5771,3.5771,1.7824435730385648,1.2703412073490814,8.099574783965492,NYG,30.25,53.0,9.871378624652621,statline_mc,0.5806603461162481,18.91555176559887,0.0,0.0,0.0,0.0,0.0,0.0,2.915,1.974,48.100747839654915,0.38975,86.81568114741366,7.29491781623114,,classic,True
00-0033110,Tyler Higbee,TE,LA,5500,4680,6.2375,6.2375,1.0967363448297156,1.1758530183727034,8.043907990422046,SEA,28.0,53.5,8.160616882710315,statline_mc,1.2617249209510675,17.980643068046227,0.0,0.0,0.0,0.0,0.0,0.0,4.6995,3.3235,44.96657990422046,0.3225,87.93681716978202,7.861051040255844,,classic,True
00-0022924,Ben Roethlisberger,QB,PIT,6600,1232,15.0653,15.0653,0.6682683914304952,0.7979002624671916,8.033005439905567,DEN,19.0,40.0,5.4257500079237655,statline_mc,2.1414233863498944,15.168210165944554,43.792,147.82901513650316,0.755,0.79675,1.630948344454411,0.01525,0.0,0.0,0.0,0.0,23.966771768130002,0.15552302249620403,,classic,True
00-0036328,Antonio Gibson,RB,WAS,6600,5827,11.0215,11.0215,0.8461899546236895,0.8608923884514436,8.028919144569816,NO,20.5,43.5,8.395114511669275,statline_mc,1.2131107378794448,18.06564652152144,0.0,0.0,0.0,14.0105,43.38730740101588,0.2535,2.38375,1.74425,11.425634044682283,0.0555,57.97224917131538,1.4986309114504803,,classic,True
DST_PIT,Pittsburgh,D,PIT,4000,7024,7.9075788435,7.9075788435,1.1330067660776455,1.1339285714285714,7.9075788435,DEN,19.0,40.0,6.0808,dst_simulated_session_10_4,0.0,0.0,0.0,0.0,0.0,0.0,0.0,0.0,0.0,0.0,0.0,0.0,48.86808755760369,1.4884528615932306,,classic,True
00-0032464,Kalif Raymond,WR,DET,5300,5520,8.7314,8.7314,1.0910283208328209,0.8293963254593176,7.900976002318137,MIN,19.75,49.5,8.715352816058378,statline_mc,1.349928601561131,17.367835884769654,0.0,0.0,0.0,0.131,0.7423537783224938,0.0045,5.91225,3.587,42.81240624485888,0.29525,58.69189541174113,1.4940371094723472,,classic,True
00-0035215,Deonte Harris,WR,NO,4900,5760,6.8105,6.8105,1.193491536538383,0.9658792650918635,7.850923519338325,WAS,23.0,43.5,9.143333852940335,statline_mc,1.1017396312505925,18.49444802108288,0.0,0.0,0.0,0.2185,1.5312178217542889,0.0085,4.63,2.92275,46.10426737162896,0.269,55.491134041274286,1.206951590526146,,classic,True
00-0036360,Clyde Edwards-Helaire,RB,KC,6600,5818,10.8148,10.8148,0.5758097324362385,1.2493438320209973,7.780014105692373,BUF,29.75,57.0,8.435073225673596,statline_mc,1.1593137964985796,17.197943634911617,0.0,0.0,0.0,14.612,48.111808155720226,0.182,2.09025,1.59775,8.929582901203503,0.062,81.1799660441426,7.0408794938860835,,classic,True
00-0032355,Chester Rogers,WR,TEN,5100,5500,6.3727,6.3727,1.086110086478954,1.1128608923884515,7.702576973614808,JAX,26.5,49.0,9.315844414534137,statline_mc,1.1315328519781682,18.015122356765804,0.0,0.0,0.0,0.0,0.0,0.0,4.806,2.959,46.08076973614808,0.27525,66.22996393508315,2.4695101890890774,,classic,True
DST_ARI,Arizona,D,ARI,4700,7001,7.6118036625,7.6118036625,1.0906277663935255,1.1205882352941177,7.6118036625,SF,27.25,48.5,6.1897,dst_simulated_session_10_4,0.0,0.0,0.0,0.0,0.0,0.0,0.0,0.0,0.0,0.0,0.0,0.0,59.13090437788019,2.9503535794058946,,classic,True
00-0035657,Damien Harris,RB,NE,6500,5715,6.925,6.925,1.1002972930683774,0.9973753280839895,7.599523838884958,HOU,23.75,39.5,8.11177715502999,statline_mc,1.1324844977054027,16.87274704804401,0.0,0.0,0.0,9.5775,38.69846729683081,0.2545,1.9145,1.498,12.356771092018768,0.05675,59.516331150456786,1.6611178248868013,,classic,True
00-0035229,T.J. Hockenson,TE,DET,6400,4749,10.6112,10.6112,0.8596041621638313,0.8293963254593176,7.565301777188028,MIN,19.75,49.5,7.268143291280588,statline_mc,1.638697723171325,16.181264814688188,0.0,0.0,0.0,0.0,0.0,0.0,6.91725,4.70025,35.29176777188029,0.292,73.03623207166157,2.911149375968223,,classic,True
00-0036365,Bryan Edwards,WR,LV,5400,5854,5.7724,5.7724,1.2082462395999836,1.0813648293963254,7.541937141528273,CHI,25.75,46.0,9.429033067756423,statline_mc,0.8627533083383048,18.26857329496888,0.0,0.0,0.0,0.0,0.0,0.0,4.1185,2.5235,50.28187141528272,0.213,61.461130034061306,1.796962189887868,,classic,True
00-0036936,Rondale Moore,WR,ARI,5200,5934,6.9305,6.9305,0.9483995245706792,1.1443569553805775,7.521724638757143,SF,27.25,48.5,9.21661214649002,statline_mc,1.0283378426436005,17.701648900986978,0.0,0.0,0.0,1.04275,6.819092588737691,0.03475,4.06075,2.78125,39.39690379883375,0.22375,66.59887798036465,2.530999025780251,,classic,True
DST_NO,New Orleans,D,NO,4600,7019,7.495506891,7.495506891,1.073964634531009,1.1615853658536586,7.495506891,WAS,23.0,43.5,6.0473,dst_simulated_session_10_4,0.0,0.0,0.0,0.0,0.0,0.0,0.0,0.0,0.0,0.0,0.0,0.0,47.71745391705069,1.3785446251449016,,classic,True
00-0032144,Melvin Gordon,RB,DEN,5900,2991,12.1788,12.1788,0.6934751994992958,0.8818897637795275,7.448169038988021,PIT,21.0,40.0,7.81597768894742,statline_mc,1.2960934622298315,16.602261084710637,0.0,0.0,0.0,12.88775,36.916653500005665,0.25925,2.7845,2.0375,11.282536889874537,0.0385,55.43010752688173,1.2650047232814552,,classic,True
00-0033375,Tim Patrick,WR,DEN,6000,5651,7.031,7.031,1.2000491823435386,0.8818897637795275,7.441009289317297,PIT,21.0,40.0,8.655601675611273,statline_mc,1.106194007125099,17.274111654437807,0.0,0.0,0.0,0.0,0.0,0.0,4.814,3.149,42.96509289317297,0.26775,52.14335804448007,0.9655211878427963,,classic,True
DST_CAR,Carolina,D,CAR,3800,7005,7.385184549000002,7.385184549000002,1.0581575256283546,1.0948275862068966,7.385184549000002,PHI,24.25,46.0,6.1688,dst_simulated_session_10_4,0.0,0.0,0.0,0.0,0.0,0.0,0.0,0.0,0.0,0.0,0.0,0.0,52.61232718894009,1.9104774946227234,,classic,True
00-0032688,Robby Anderson,WR,CAR,5600,5502,8.4152,8.4152,0.8574121890241403,1.0183727034120735,7.347842423844741,PHI,24.25,46.0,8.31913856501111,statline_mc,1.2652658404371337,16.25253855937015,0.0,0.0,0.0,0.32775,1.4723014435944988,0.0075,6.25,3.43025,39.714872794852894,0.25225,59.541675015027046,1.5811206993035014,,classic,True
DST_LAC,LA Chargers,D,LAC,3700,7026,7.314800859,7.314800859,1.0480728715806669,1.0823863636363635,7.314800859,CLE,24.5,46.5,6.1642,dst_simulated_session_10_4,0.0,0.0,0.0,0.0,0.0,0.0,0.0,0.0,0.0,0.0,0.0,0.0,60.84749423963133,3.3080680381564953,,classic,True
00-0030061,Zach Ertz,TE,PHI,5000,4569,7.9459,7.9459,1.0004013956217,0.9133858267716536,7.260625753042863,CAR,21.75,46.0,7.316104936850558,statline_mc,1.4222092078774504,16.17924978505356,0.0,0.0,0.0,0.0,0.0,0.0,5.612,3.72375,37.97250753042863,0.27575,66.42637083829544,1.8736540510331194,,classic,True
DST_PHI,Philadelphia,D,PHI,3500,7023,7.218718938,7.218718938,1.0343061461713816,0.9819587628865979,7.218718938,CAR,21.75,46.0,6.2713,dst_simulated_session_10_4,0.0,0.0,0.0,0.0,0.0,0.0,0.0,0.0,0.0,0.0,0.0,0.0,60.160570276497694,3.1599917405212135,,classic,True
DST_DAL,Dallas,D,DAL,4000,7009,7.212253459499999,7.212253459499999,1.0333797651600243,1.0467032967032968,7.212253459499999,NYG,30.25,53.0,6.1745,dst_simulated_session_10_4,0.0,0.0,0.0,0.0,0.0,0.0,0.0,0.0,0.0,0.0,0.0,0.0,61.98948732718895,3.5697558968300744,,classic,True
DST_HOU,Houston,D,HOU,3200,7032,7.1178083685,7.1178083685,1.0198475665890574,1.0026315789473683,7.1178083685,NE,15.75,39.5,6.168,dst_simulated_session_10_4,0.0,0.0,0.0,0.0,0.0,0.0,0.0,0.0,0.0,0.0,0.0,0.0,58.61679147465438,2.8509458803119765,,classic,True
DST_GB,Green Bay,D,GB,4100,7012,7.043168920499999,7.043168920499999,1.009153142761742,0.9921875,7.043168920499999,CIN,26.0,50.0,6.1938,dst_simulated_session_10_4,0.0,0.0,0.0,0.0,0.0,0.0,0.0,0.0,0.0,0.0,0.0,0.0,54.9445564516129,2.2318596435864504,,classic,True
00-0034775,Christian Kirk,WR,ARI,6100,5636,6.4474,6.4474,0.9483995245706792,1.1443569553805775,6.9974172406182005,SF,27.25,48.5,8.250270390282514,statline_mc,0.9354018910493009,16.93062531053417,0.0,0.0,0.0,0.0,0.0,0.0,4.06275,2.782,41.79917240618202,0.243,68.27589661390502,2.830392342251641,,classic,True
DST_WAS,Washington,D,WAS,3800,7031,6.991526934000001,6.991526934000001,1.0017538210127994,1.0353260869565217,6.991526934000001,NO,20.5,43.5,6.0823,dst_simulated_session_10_4,0.0,0.0,0.0,0.0,0.0,0.0,0.0,0.0,0.0,0.0,0.0,0.0,37.0895737327189,0.678753655294684,,classic,True
00-0034419,Braxton Berrios,WR,NYJ,4700,5641,6.5331,6.5331,1.1877535964588712,0.8923884514435696,6.924676286721275,ATL,21.25,45.5,8.213441618448552,statline_mc,1.0323414411506433,15.570506432414527,0.0,0.0,0.0,0.7305,4.4586001643265885,0.02275,4.62575,2.896,37.20816270288616,0.20275,54.7525545982769,1.1489623199006893,,classic,True
00-0032392,Austin Hooper,TE,CLE,4900,4677,5.3614,5.3614,1.3635100503288358,0.9238845144356955,6.753860543568772,LAC,22.0,46.5,7.138634544274235,statline_mc,0.9787446070552501,15.619989666767086,0.0,0.0,0.0,0.0,0.0,0.0,4.2415,2.80925,35.9523554356877,0.2985,66.64759488427482,1.9014919824354202,,classic,True
00-0031549,Nelson Agholor,WR,NE,5500,5378,7.9479,7.9479,0.8483954260420509,0.9973753280839895,6.725277820478703,HOU,23.75,39.5,7.814157189210764,statline_mc,1.1578360614340375,15.03866200626815,0.0,0.0,0.0,0.3845,1.8460150776144364,0.00825,5.5275,3.24,36.3567631271726,0.21225,52.31817271087957,0.9768394975775277,,classic,True
00-0030513,Latavius Murray,RB,BAL,5700,2899,7.1887,7.1887,0.8236582694414019,1.1338582677165354,6.713609897570439,IND,27.0,46.5,8.992193206501904,statline_mc,0.3265222075156161,16.75553254007481,0.0,0.0,0.0,11.86725,42.461098975704395,0.433,0.0,0.0,0.0,0.0,65.9420729242461,2.5494395460457495,,classic,True
00-0030456,Giovani Bernard,RB,TB,4600,2889,4.1885,4.1885,1.293068377405727,1.2388451443569555,6.7095739939956145,MIA,29.5,48.0,10.513132084276766,statline_mc,0.6363371668283273,15.734373452180446,0.0,0.0,0.0,0.0,0.0,0.0,4.15175,3.22775,39.09198993995614,0.205,70.87709192335677,3.542649224487307,,classic,True
00-0027061,Jared Cook,TE,LAC,5200,4437,8.4474,8.4474,0.7706795936641245,1.0288713910761156,6.69821292428734,CLE,24.5,46.5,6.649260734523211,statline_mc,1.2654070588572088,15.012048165342708,0.0,0.0,0.0,0.0,0.0,0.0,5.68625,3.76525,34.7008792428734,0.2325,73.78113188008076,3.059366795538882,,classic,True
00-0033118,Kenyan Drake,RB,LV,5700,5446,6.604,6.604,0.9325614144891252,1.0813648293963254,6.659715512435472,CHI,25.75,46.0,7.404934476300661,statline_mc,1.2026650809427675,14.953534619503923,0.0,0.0,0.0,5.05475,16.812423807765228,0.1245,3.56525,2.639,24.5247313165895,0.0915,61.66626243026922,1.9171112892098028,,classic,True
00-0035676,A.J. Brown,WR,TEN,6900,5728,5.5049,5.5049,1.086110086478954,1.1128608923884515,6.6536836648154996,JAX,26.5,49.0,8.02342336761427,statline_mc,0.7707764102466205,15.842231047925704,0.0,0.0,0.0,0.316,2.0385741793371657,0.0115,4.3755,2.294,37.203262468817826,0.2575,68.24859747545582,2.8252458753148186,,classic,True
DST_JAX,Jacksonville,D,JAX,3300,7014,6.636825873000001,6.636825873000001,0.95093185514922,0.8985849056603774,6.636825873000001,TEN,22.5,49.0,6.2079,dst_simulated_session_10_4,0.0,0.0,0.0,0.0,0.0,0.0,0.0,0.0,0.0,0.0,0.0,0.0,65.57459677419355,4.5335464485690355,,classic,True
00-0035644,Noah Fant,TE,DEN,5900,4748,9.8904,9.8904,0.760799086053046,0.8818897637795275,6.635884266011143,PIT,21.0,40.0,6.210708124268271,statline_mc,1.456988351347627,14.450624799579808,0.0,0.0,0.0,0.0,0.0,0.0,6.6495,4.41075,29.95509266011143,0.24875,62.63048205871693,1.4547459931537343,,classic,True
00-0033857,JuJu Smith-Schuster,WR,PIT,5900,5553,8.3105,8.3105,0.9910242223041928,0.7979002624671916,6.57144900071953,DEN,19.0,40.0,6.928628667061777,statline_mc,1.2723858274771993,14.853034461052511,0.0,0.0,0.0,0.2115,0.8863589910614966,0.004,6.608,3.78075,33.8693810161338,0.20475,46.27880184331797,0.6530786937775355,,classic,True
00-0036309,Darnell Mooney,WR,CHI,5600,5857,9.2943,9.2943,0.830361900077872,0.8503937007874016,6.563048817676081,LV,20.25,46.0,7.281778958857949,statline_mc,1.3488433060183689,14.423960577540274,0.0,0.0,0.0,0.3855,1.4638013687437383,0.0085,6.286,3.907,35.356686808017066,0.155,49.98847926267281,0.8363184495918592,,classic,True
00-0036970,Kyle Pitts,TE,ATL,5800,4801,9.5639,9.5639,0.6669342637478001,1.0183727034120735,6.4956850748527435,NYJ,24.25,45.5,6.012623818500091,statline_mc,1.4360748381151098,14.067327788658089,0.0,0.0,0.0,0.0,0.0,0.0,6.80225,4.23225,32.08060074852743,0.2045,68.76922280329312,2.1903923722761762,,classic,True
00-0033307,Kendrick Bourne,WR,NE,5200,5598,7.6711,7.6711,0.8483954260420509,0.9973753280839895,6.491075806249048,HOU,23.75,39.5,7.274348459341409,statline_mc,1.1328562355181577,14.908368216272276,0.0,0.0,0.0,0.214,0.9389034970297329,0.005,5.0455,3.231,36.14685456546076,0.19525,49.616309356842315,0.8158235828170607,,classic,True
DST_LA,LA Rams,D,LA,3500,7025,6.4246108635,6.4246108635,0.9205254505612499,0.9338235294117647,6.4246108635,SEA,28.0,53.5,6.1757,dst_simulated_session_10_4,0.0,0.0,0.0,0.0,0.0,0.0,0.0,0.0,0.0,0.0,0.0,0.0,62.55760368663594,3.70755133495242,,classic,True
DST_IND,Indianapolis,D,IND,3900,7013,6.308314092,6.308314092,0.9038623186987333,0.8819444444444444,6.308314092,BAL,19.5,46.5,6.2147,dst_simulated_session_10_4,0.0,0.0,0.0,0.0,0.0,0.0,0.0,0.0,0.0,0.0,0.0,0.0,26.738191244239633,0.34041521416692533,,classic,True
DST_NYJ,New York J,D,NYJ,3600,7021,6.307986726000001,6.307986726000001,0.90381541333107,0.9819587628865979,6.307986726000001,ATL,21.25,45.5,6.1011,dst_simulated_session_10_4,0.0,0.0,0.0,0.0,0.0,0.0,0.0,0.0,0.0,0.0,0.0,0.0,37.83194124423963,0.7131911121657114,,classic,True
DST_CHI,Chicago,D,CHI,4300,7006,6.162554380500001,6.162554380500001,0.8829777037464874,0.9247572815533981,6.162554380500001,LV,20.25,46.0,6.2504,dst_simulated_session_10_4,0.0,0.0,0.0,0.0,0.0,0.0,0.0,0.0,0.0,0.0,0.0,0.0,28.917050691244242,0.39363472569394653,,classic,True
00-0032134,C.J. Uzomah,TE,CIN,5500,4656,4.5593,4.5593,1.3393028066816934,1.0078740157480315,6.15433171468191,GB,24.0,50.0,7.2448764105475,statline_mc,0.5989156238155743,14.415651050394462,0.0,0.0,0.0,0.0,0.0,0.0,3.13125,2.12325,34.27206714681909,0.28175,73.90274685445037,3.0842719413631268,,classic,True
00-0034367,Nyheim Hines,RB,IND,5300,5623,7.015,7.015,1.067751525582851,0.8188976377952756,6.133783588924286,BAL,19.5,46.5,6.441045805857468,statline_mc,1.1523986612834851,13.506315097883762,0.0,0.0,0.0,3.92475,14.238994353333615,0.11175,3.95225,2.96375,20.940091535909243,0.09025,49.24367370037998,0.8374840453649033,,classic,True
00-0036265,AJ Dillon,RB,GB,5500,5825,6.0731,6.0731,0.9237990924737912,1.0918635170603674,6.125732718061835,CIN,26.0,50.0,7.044175242068769,statline_mc,0.7495461856363749,14.055032850284876,0.0,0.0,0.0,8.875,36.599945546299814,0.1775,1.33725,1.00975,7.988631634318532,0.03475,64.95826259196377,2.3875940700485003,,classic,True
00-0034816,Ronald Jones,RB,TB,5500,5617,3.7983,3.7983,1.293068377405727,1.2388451443569555,6.0845742961594445,MIA,29.5,48.0,7.781431408589782,statline_mc,0.4248224261352891,14.947628538383668,0.0,0.0,0.0,5.5975,34.704449501265785,0.28225,0.62,0.453,6.021293460328649,0.02775,64.47358315142695,2.311679301954133,,classic,True
00-0033251,Zach Pascal,WR,IND,5400,5647,8.9085,8.9085,0.83364072298045,0.8188976377952756,6.08151816664867,BAL,19.5,46.5,6.339042065669361,statline_mc,1.1430009328573847,13.951234676429841,0.0,0.0,0.0,0.0,0.0,0.0,5.86475,3.5965,29.417681666486708,0.2285,48.57243037467441,0.7609793346070043,,classic,True
00-0031273,Cameron Brate,TE,TB,5000,4648,3.8583,3.8583,1.2647049742180505,1.2388451443569555,6.045076273129228,MIA,29.5,48.0,6.871553698591699,statline_mc,0.6276452354377118,14.090152233586595,0.0,0.0,0.0,0.0,0.0,0.0,3.29925,2.076,35.00076273129228,0.25525,77.09826282814683,3.8165620412877237,,classic,True
00-0036277,Quintez Cephus,WR,DET,5100,5852,6.6294,6.6294,1.0910283208328209,0.8293963254593176,5.9989056605576865,MIN,19.75,49.5,7.348011975311872,statline_mc,0.869897938657711,13.759071289943162,0.0,0.0,0.0,0.0,0.0,0.0,4.497,2.73375,33.17030660557686,0.2245,50.08941093969144,0.8419648264733987,,classic,True
00-0032602,J.D. McKissic,RB,WAS,5300,5586,8.2016,8.2016,0.8461899546236895,0.8608923884514436,5.974690566392118,NO,20.5,43.5,6.207051604974555,statline_mc,1.1190336705369663,13.156025487422845,0.0,0.0,0.0,4.51375,13.465718762662767,0.10825,3.82875,2.948,20.191186901258416,0.097,46.393301802894335,0.6925479101783882,,classic,True
DST_CLE,Cleveland,D,CLE,4100,7008,5.915965941,5.915965941,0.8476462355538327,0.9719387755102041,5.915965941,LAC,22.0,46.5,6.1039,dst_simulated_session_10_4,0.0,0.0,0.0,0.0,0.0,0.0,0.0,0.0,0.0,0.0,0.0,0.0,31.04190668202765,0.4535386324224702,,classic,True
00-0034351,Dallas Goedert,TE,PHI,6100,4725,6.4576,6.4576,1.0004013956217,0.9133858267716536,5.900633887635746,CAR,21.75,46.0,6.6136950845648395,statline_mc,0.8592329770729944,13.436907235099026,0.0,0.0,0.0,0.0,0.0,0.0,4.078,2.8635,31.40883887635746,0.229,65.52749443380107,1.7646731137707783,,classic,True
00-0031558,Maxx Williams,TE,ARI,5200,4650,6.8603,6.8603,0.7509185784419675,1.1443569553805775,5.895180893531497,SF,27.25,48.5,6.202575563262634,statline_mc,0.9790367306690235,13.577590909570699,0.0,0.0,0.0,0.0,0.0,0.0,4.333,3.18275,31.17805893531497,0.20675,76.19375550147568,3.593222886513662,,classic,True
00-0036980,Elijah Moore,WR,NYJ,4900,5927,5.4506,5.4506,1.1877535964588712,0.8923884514435696,5.777247900529265,ATL,21.25,45.5,7.125001206718943,statline_mc,0.7762000260698881,13.574254851442516,0.0,0.0,0.0,0.0,0.0,0.0,4.69275,2.576,32.902479005292655,0.20475,46.212181927469445,0.6501845888608853,,classic,True
00-0036963,Amon-Ra St. Brown,WR,DET,4800,5928,6.3488,6.3488,1.0910283208328209,0.8293963254593176,5.744980104161735,MIN,19.75,49.5,6.988185527782083,statline_mc,0.9009304056477715,13.221788935659829,0.0,0.0,0.0,0.0,0.0,0.0,4.9005,3.01025,32.31355104161736,0.17325,52.20121218192747,0.9692523383345147,,classic,True
00-0036913,Kadarius Toney,WR,NYG,5300,5931,4.8495,4.8495,1.2361162342718963,0.9553805774278216,5.727084151617909,DAL,22.75,53.0,6.75924115916863,statline_mc,0.7498671940965006,13.119433477114994,0.0,0.0,0.0,0.32325,2.400971710218894,0.00725,3.8845,2.445,31.969869805960194,0.17675,57.19670406732118,1.3522941255510832,,classic,True
DST_CIN,Cincinnati,D,CIN,3400,7007,5.6981038680000005,5.6981038680000005,0.8164307133736647,0.9158653846153846,5.6981038680000005,GB,24.0,50.0,6.0223,dst_simulated_session_10_4,0.0,0.0,0.0,0.0,0.0,0.0,0.0,0.0,0.0,0.0,0.0,0.0,48.87816820276498,1.48945350213478,,classic,True
00-0035700,Josh Jacobs,RB,LV,7200,5712,5.5675,5.5675,0.9325614144891252,1.0813648293963254,5.614482393343727,CHI,25.75,46.0,6.053509173433066,statline_mc,0.6619048689039835,13.473985644910272,0.0,0.0,0.0,6.117,23.370156389414163,0.22,1.88175,1.4275,10.092167544023111,0.05525,62.41187646535694,2.0148144737052673,,classic,True
00-0033217,Mo Alie-Cox,TE,IND,5000,4736,4.0987,4.0987,1.672275913175039,0.8188976377952756,5.612833814937755,BAL,19.5,46.5,6.489035505314779,statline_mc,0.5382758829601846,13.708043854136697,0.0,0.0,0.0,0.0,0.0,0.0,3.17375,1.99475,29.759588149377546,0.28,58.96080360379019,1.1390403161172367,,classic,True
00-0030181,Jack Doyle,TE,IND,4600,4594,4.0489,4.0489,1.672275913175039,0.8188976377952756,5.54458930133968,BAL,19.5,46.5,6.535946498490633,statline_mc,0.5723353106445253,13.011257675103005,0.0,0.0,0.0,0.0,0.0,0.0,3.19975,2.10425,32.51464301339679,0.21175,57.27541034536322,1.017986370305862,,classic,True
00-0036997,Javonte Williams,RB,DEN,5800,5905,9.0293,9.0293,0.6934751994992958,0.8818897637795275,5.52201217565064,PIT,21.0,40.0,5.8382141074472,statline_mc,0.8644582359089125,12.596820985740072,0.0,0.0,0.0,10.5885,25.893490663620582,0.16625,2.44225,1.8595,8.919131092885817,0.042,49.158177702320316,0.8327241875895411,,classic,True
00-0036945,Justin Fields,QB,CHI,6400,1567,6.6278,6.6278,0.9760655764962132,0.8503937007874016,5.5013503588517265,LV,20.25,46.0,4.7657209905144935,statline_mc,0.908523234807595,11.702616296736705,12.895,73.87011323341311,0.31675,4.168,13.337958295152017,0.1395,0.0,0.0,0.0,0.0,30.232840164928447,0.23616522557155917,,classic,True
00-0036247,Freddie Swain,WR,SEA,5300,5853,5.0875,5.0875,1.0090577482683716,1.0708661417322836,5.497378146437064,LA,25.5,53.5,7.183431834912908,statline_mc,0.564647990415544,13.012781162711557,0.0,0.0,0.0,0.58525,3.6534430432115865,0.0155,3.19875,2.006,28.35033842115906,0.2045,61.59812662793028,1.8134492107630005,,classic,True
DST_KC,Kansas City,D,KC,3300,7015,5.4804873195,5.4804873195,0.7852503702192444,0.8738532110091743,5.4804873195,BUF,29.75,57.0,5.96,dst_simulated_session_10_4,0.0,0.0,0.0,0.0,0.0,0.0,0.0,0.0,0.0,0.0,0.0,0.0,58.70463709677419,2.8676910731478067,,classic,True
00-0035537,Ty Johnson,RB,NYJ,4900,5742,5.2404,5.2404,1.1553747457361914,0.8923884514435696,5.403094891820716,ATL,21.25,45.5,6.024383686352503,statline_mc,0.7919408842967404,12.163912351405076,0.0,0.0,0.0,4.9995,21.01982999134814,0.12375,2.54525,1.70425,13.57986892685902,0.06925,45.99805966529227,0.6745379542071674,,classic,True
DST_SEA,Seattle,D,SEA,3200,7028,5.3735204790000015,5.3735204790000015,0.7699240413351425,0.8504464285714286,5.3735204790000015,LA,25.5,53.5,6.097,dst_simulated_session_10_4,0.0,0.0,0.0,0.0,0.0,0.0,0.0,0.0,0.0,0.0,0.0,0.0,56.18663594470046,2.424536709195692,,classic,True
00-0036919,Kenny Gainwell,RB,PHI,5700,5910,10.2075,10.2075,0.5733062118604286,0.9133858267716536,5.345164177061899,CAR,21.75,46.0,4.994337015880445,statline_mc,1.1724798512308219,11.189601619282552,0.0,0.0,0.0,3.94275,8.630776398393035,0.081,5.33025,3.89625,17.38461537222595,0.06475,52.00541676772576,1.006786060382421,,classic,True
00-0029632,Mohamed Sanu,WR,SF,4700,5159,4.9167,4.9167,1.2148038854051395,0.8923884514435696,5.3300319341595515,ARI,21.25,48.5,6.711922511165788,statline_mc,0.6401550743713862,12.733397370958249,0.0,0.0,0.0,0.0,0.0,0.0,3.8105,2.296,31.215319341595517,0.181,53.32498497295131,1.0446562627661553,,classic,True
00-0036331,Devin Duvernay,WR,BAL,4900,5841,4.228,4.228,1.1082421410713552,1.1338582677165354,5.3128239015226155,IND,27.0,46.5,6.872687226959756,statline_mc,0.5640934633057213,12.98536743758037,0.0,0.0,0.0,0.0,0.0,0.0,3.40125,1.99175,31.06448901522615,0.207,55.79142456421558,1.2313574789443469,,classic,True
00-0036457,Ty'Son Williams,RB,BAL,5700,5909,5.6837,5.6837,0.8236582694414019,1.1338582677165354,5.30810839851231,IND,27.0,46.5,5.957402174133098,statline_mc,0.6102870093312682,12.683909870503372,0.0,0.0,0.0,6.20925,27.482967660999943,0.16975,1.516,1.11575,8.379366324123156,0.036,61.117511520737324,1.8482442275431767,,classic,True
00-0028002,Randall Cobb,WR,GB,5500,5125,4.8618,4.8618,0.9962703389483176,1.0918635170603674,5.288655763098557,CIN,26.0,50.0,6.79115856056563,statline_mc,0.5669407228508907,12.881371471243858,0.0,0.0,0.0,0.12425,0.6427128081210299,0.00425,3.21875,2.06625,30.467594822864534,0.19025,61.882638749749546,1.8481740430791271,,classic,True
DST_SF,San Francisco,D,SF,3700,7027,5.167607265000001,5.167607265000001,0.7404205650746981,0.8738532110091743,5.167607265000001,ARI,21.25,48.5,6.0204,dst_simulated_session_10_4,0.0,0.0,0.0,0.0,0.0,0.0,0.0,0.0,0.0,0.0,0.0,0.0,23.83352534562212,0.28048540665577637,,classic,True
DST_MIA,Miami,D,MIA,3600,7016,5.120712085499999,5.120712085499999,0.7337013711568781,0.8072033898305084,5.120712085499999,TB,18.5,48.0,6.0945,dst_simulated_session_10_4,0.0,0.0,0.0,0.0,0.0,0.0,0.0,0.0,0.0,0.0,0.0,0.0,21.512096774193544,0.24026915945558786,,classic,True
00-0036271,Quez Watkins,WR,PHI,4900,5895,6.8654,6.8654,0.8098692569367596,0.9133858267716536,5.0784726540114224,CAR,21.75,46.0,6.783221234161695,statline_mc,0.6754502385457792,11.69018943529844,0.0,0.0,0.0,0.0,0.0,0.0,4.06625,2.537,30.604726540114225,0.13,45.402224003205774,0.6160074825682783,,classic,True
00-0036219,Marquez Callaway,WR,NO,5400,5877,4.3884,4.3884,1.193491536538383,0.9658792650918635,5.058841031739479,WAS,23.0,43.5,6.254639051331502,statline_mc,0.5654954871646033,12.24489018223958,0.0,0.0,0.0,0.0,0.0,0.0,3.2215,1.99675,30.134660317394786,0.17825,47.69610298537366,0.7177952605620725,,classic,True
DST_DET,Detroit,D,DET,3100,7011,5.044026599999999,5.044026599999999,0.7227137887816648,0.8004201680672269,5.044026599999999,MIN,19.75,49.5,6.0246,dst_simulated_session_10_4,0.0,0.0,0.0,0.0,0.0,0.0,0.0,0.0,0.0,0.0,0.0,0.0,40.61347926267281,0.8584988080244373,,classic,True
00-0035140,Mecole Hardman,WR,KC,5300,5727,7.2621,7.2621,0.5508422476330997,1.2493438320209973,4.997735359361206,BUF,29.75,57.0,5.660394446334601,statline_mc,0.8173810917588079,11.478678645012392,0.0,0.0,0.0,1.01425,4.776398910533056,0.02275,4.36675,2.77725,21.109704683079006,0.1545,66.28130635143258,2.4779773797104854,,classic,True
00-0036387,Jalen Reagor,WR,PHI,5300,5834,6.7134,6.7134,0.8098692569367596,0.9133858267716536,4.966070527063765,CAR,21.75,46.0,5.713950251108216,statline_mc,0.7691749908051697,11.357345188985123,0.0,0.0,0.0,0.379,1.5927959877419053,0.00875,4.50225,2.8395,23.94040928289575,0.16375,46.4891805249449,0.6623028168415241,,classic,True
00-0026189,DeSean Jackson,WR,LA,5300,3770,3.7519,3.7519,1.1156194926021556,1.1758530183727034,4.9217942537912585,SEA,28.0,53.5,6.8387590685402975,statline_mc,0.07875584906043424,12.340012658276159,0.0,0.0,0.0,0.0,0.0,0.0,2.586,1.5425,31.45544253791258,0.1695,63.20201362452414,2.0180999963830115,,classic,True
00-0035311,Myles Gaskin,RB,MIA,5300,5789,8.0623,8.0623,0.7836019402284462,0.7769028871391076,4.908211382947056,TB,18.5,48.0,4.693073539228235,statline_mc,1.0105769189946254,10.847702946020663,0.0,0.0,0.0,6.6265,17.931065460273107,0.0865,3.45525,2.57175,11.382298369197452,0.04575,45.382710809281264,0.6474261202954225,,classic,True
00-0031428,Allen Robinson,WR,CHI,6100,5258,6.9503,6.9503,0.830361900077872,0.8503937007874016,4.907812759893506,LV,20.25,46.0,5.508844887752214,statline_mc,0.8072229958429477,11.4527603535219,0.0,0.0,0.0,0.0,0.0,0.0,5.02225,2.8805,25.530627598935062,0.15725,47.13133640552995,0.6912719252801193,,classic,True
00-0035243,Miles Sanders,RB,PHI,5900,5714,9.3243,9.3243,0.5733062118604286,0.9133858267716536,4.882692849382554,CAR,21.75,46.0,4.762963296863912,statline_mc,0.9751016395108612,10.914975228462817,0.0,0.0,0.0,8.01325,18.096941327725236,0.085,3.3445,2.485,11.539987166100305,0.046,51.91769746948016,1.000915604408439,,classic,True
00-0030874,Damien Williams,RB,CHI,5800,2957,4.6897,4.6897,1.224221561570959,0.8503937007874016,4.882293775038989,LV,20.25,46.0,5.408272049325891,statline_mc,0.6582498585225643,11.53108567938452,0.0,0.0,0.0,4.21475,18.601673848120605,0.1395,2.0195,1.54275,11.46251390226929,0.05525,48.65389279650739,0.8051941965553797,,classic,True
00-0036410,Tee Higgins,WR,CIN,6700,5839,5.5775,5.5775,0.8574121890241403,1.0078740157480315,4.819889344934935,GB,24.0,50.0,5.946266928836852,statline_mc,0.6029362029275154,11.448039464627088,0.0,0.0,0.0,0.0,0.0,0.0,3.76275,2.325,25.33889344934934,0.192,60.80169304748547,1.719674624491206,,classic,True
DST_NYG,New York G,D,NYG,3000,7020,4.7136324645,4.7136324645,0.6753745464671126,0.7871900826446281,4.7136324645,DAL,22.75,53.0,6.0406,dst_simulated_session_10_4,0.0,0.0,0.0,0.0,0.0,0.0,0.0,0.0,0.0,0.0,0.0,0.0,44.287154377880185,1.0967394999824889,,classic,True
00-0036261,Brandon Aiyuk,WR,SF,5300,5830,4.2035,4.2035,1.2148038854051395,0.8923884514435696,4.556910752566156,ARI,21.25,48.5,5.765244624150172,statline_mc,0.5292864514920886,11.007167882927147,0.0,0.0,0.0,0.2555,1.9694253609046881,0.00825,3.1965,1.8655,23.847182164756877,0.1685,47.70386696052895,0.7181668863681989,,classic,True
00-0033881,Evan Engram,TE,NYG,5300,4701,3.4912,3.4912,1.361039923426066,0.9553805774278216,4.539594082944357,DAL,22.75,53.0,5.460089753952171,statline_mc,0.33249045634504515,10.749466563517869,0.0,0.0,0.0,0.0,0.0,0.0,2.9555,1.87475,25.27719082944358,0.1835,68.28645213068916,2.1210176173401902,,classic,True
00-0036984,Trey Sermon,RB,SF,5800,5908,5.5378,5.5378,0.9175402910342668,0.8923884514435696,4.534344923190694,ARI,21.25,48.5,5.927818542498115,statline_mc,0.34961921308328103,11.246205995989223,0.0,0.0,0.0,8.0545,27.83033101562461,0.19275,0.69625,0.5055,3.4856182162823206,0.016,53.14273587193791,1.086090348985508,,classic,True
00-0034418,Cedrick Wilson,WR,DAL,5200,5766,3.7501,3.7501,0.9156112955448994,1.2703412073490814,4.36193817759835,NYG,30.25,53.0,5.648842550846,statline_mc,0.1623695451644123,10.92961228874054,0.0,0.0,0.0,0.21625,1.3764317433354007,0.007,2.6195,1.6925,23.325450032648092,0.171,61.901172109797635,1.850458979371472,,classic,True
00-0036955,Terrace Marshall,WR,CAR,4900,5933,4.9355,4.9355,0.8574121890241403,1.0183727034120735,4.30946848705497,PHI,24.25,46.0,5.166814238995088,statline_mc,0.5967250538677752,10.140993382379294,0.0,0.0,0.0,0.0,0.0,0.0,3.81175,2.3025,23.522184870549708,0.13925,46.99509116409537,0.6850215204920731,,classic,True
00-0029239,Brandon Bolden,RB,NE,4900,2874,3.9171,3.9171,1.1002972930683774,0.9973753280839895,4.298650134590409,HOU,23.75,39.5,5.49292483462858,statline_mc,0.5412861960508598,10.319641439128489,0.0,0.0,0.0,1.20475,5.058376284325197,0.031,2.9085,2.26075,20.329375061578897,0.07975,44.64791009782521,0.6164751249934762,,classic,True
00-0034301,Darrel Williams,RB,KC,5200,5708,5.9485,5.9485,0.5758097324362385,1.2493438320209973,4.279280988896708,BUF,29.75,57.0,4.796668715510115,statline_mc,0.504162974230975,10.482186751348458,0.0,0.0,0.0,6.486,18.384354029526342,0.17925,1.59,1.1685,6.860955859440731,0.031,63.723825693265425,2.198972927936361,,classic,True
00-0036567,Elijah Mitchell,RB,SF,5500,5947,5.2173,5.2173,0.9175402910342668,0.8923884514435696,4.2718988852244015,ARI,21.25,48.5,5.607996633533435,statline_mc,0.3130863545056865,10.48192893188327,0.0,0.0,0.0,8.353,27.053126838992352,0.18125,0.5915,0.43975,2.952112013251671,0.01275,49.107648152639655,0.8299237618323507,,classic,True
DST_BUF,Buffalo,D,BUF,3500,7004,4.209406983000001,4.209406983000001,0.603128553923155,0.8004201680672269,4.209406983000001,KC,27.25,57.0,5.9783,dst_simulated_session_10_4,0.0,0.0,0.0,0.0,0.0,0.0,0.0,0.0,0.0,0.0,0.0,0.0,39.507488479262676,0.7974766641705763,,classic,True
00-0036290,Cole Kmet,TE,CHI,4800,4778,3.8983,3.8983,1.26717510112082,0.8503937007874016,4.200819291357063,LV,20.25,46.0,4.90122462470329,statline_mc,0.5218584738409785,10.01468622255125,0.0,0.0,0.0,0.0,0.0,0.0,3.2865,2.036,21.978192913570627,0.16875,52.877724848547615,0.759304418366669,,classic,True
00-0033455,Anthony Firkser,TE,TEN,4700,4738,2.874,2.874,1.3091672584679035,1.1128608923884515,4.187242072339215,JAX,26.5,49.0,5.482329171936684,statline_mc,0.0,10.560254480261657,0.0,0.0,0.0,0.0,0.0,0.0,2.305,1.51425,23.326170723392156,0.187,66.79315745870657,1.9200342099514616,,classic,True
00-0032009,Adam Humphries,WR,WAS,4700,5412,4.2866,4.2866,1.1205377269560228,0.8608923884514436,4.1351650735444165,NO,20.5,43.5,5.1856224344546735,statline_mc,0.5149614674022032,9.79844485419213,0.0,0.0,0.0,0.0,0.0,0.0,3.388,2.1585,22.654150735444173,0.1355,42.231266279302744,0.49862879887233663,,classic,True
00-0036232,Harrison Bryant,TE,CLE,4500,4780,3.2689,3.2689,1.3635100503288358,0.9238845144356955,4.117874677432907,LAC,22.0,46.5,5.189938236572163,statline_mc,0.018024061598742678,10.320117119977208,0.0,0.0,0.0,0.0,0.0,0.0,2.49675,1.627,23.348746774329058,0.1655,55.63635892921866,0.9126128179405982,,classic,True
00-0036427,Tyler Johnson,WR,TB,4700,5846,3.6103,3.6103,0.9106930611910324,1.2388451443569555,4.073131077866004,MIA,29.5,48.0,5.614352136082037,statline_mc,0.2085699297044553,10.08364364338298,0.0,0.0,0.0,0.0,0.0,0.0,2.917,1.584,24.476310778660046,0.14275,58.73096573832899,1.4979336831363064,,classic,True
00-0027966,Mark Ingram,RB,HOU,5400,2793,6.1255,6.1255,0.9964011891722734,0.6614173228346457,4.03692498319439,NE,15.75,39.5,5.199595152816308,statline_mc,0.32211017246111123,10.033764960346668,0.0,0.0,0.0,10.3295,25.123401419315428,0.163,0.8255,0.598,3.05584841262847,0.014,35.50549761500526,0.335131773266225,,classic,True
00-0033885,David Njoku,TE,CLE,4700,4702,3.188,3.188,1.3635100503288358,0.9238845144356955,4.015996743647868,LAC,22.0,46.5,5.0866212327138935,statline_mc,0.0,10.149566164538376,0.0,0.0,0.0,0.0,0.0,0.0,2.33325,1.55375,23.466217436478676,0.15275,55.13074095169057,0.8823632759872441,,classic,True
00-0033943,Josh Reynolds,WR,TEN,5000,5582,3.2265,3.2265,1.086110086478954,1.1128608923884515,3.8997887564728444,JAX,26.5,49.0,5.127911855428392,statline_mc,0.03819856812708448,9.795644596675281,0.0,0.0,0.0,0.0,0.0,0.0,2.59025,1.558,23.062887564728445,0.13825,52.13058505309557,0.9646993648761204,,classic,True
00-0032426,Alex Collins,RB,SEA,5400,5450,3.1587,3.1587,1.1453606634329525,1.0708661417322836,3.87423409929018,LA,25.5,53.5,5.041103748298405,statline_mc,0.21848603458287924,10.053196853157678,0.0,0.0,0.0,3.8305,21.827360074161405,0.14375,0.61525,0.46425,5.28373091874039,0.01925,57.48049559382327,1.450297044587299,,classic,True
00-0027981,Kyle Rudolph,TE,NYG,4200,4537,2.9123,2.9123,1.361039923426066,0.9553805774278216,3.7869505999884496,DAL,22.75,53.0,4.8100876401851185,statline_mc,0.0,9.447356374705121,0.0,0.0,0.0,0.0,0.0,0.0,2.377,1.49,21.334505999884495,0.155,60.08420493967793,1.227622659903004,,classic,True
00-0032187,David Johnson,RB,HOU,5000,5395,5.6825,5.6825,0.9964011891722734,0.6614173228346457,3.7450080462895694,NE,15.75,39.5,4.132463172680508,statline_mc,0.5308072988875062,8.98319874826298,0.0,0.0,0.0,4.18225,11.529977135181849,0.0655,2.4805,1.843,10.135103327713841,0.057,32.78619936939123,0.27956568049298947,,classic,True
00-0033757,Robert Tonyan,TE,GB,5300,4744,5.8423,5.8423,0.5829499490536326,1.0918635170603674,3.718629177191258,CIN,26.0,50.0,4.116098249671475,statline_mc,0.5848239571096234,8.972656682830117,0.0,0.0,0.0,0.0,0.0,0.0,3.9945,2.48225,17.06004177191258,0.1345,69.95333454150054,2.3703117243283036,,classic,True
00-0031235,Odell Beckham Jr.,WR,CLE,6400,5323,5.9681,5.9681,0.6680601664002623,0.9238845144356955,3.6835842371992062,LAC,22.0,46.5,4.147857431060302,statline_mc,0.5783972657362311,8.778463567083863,0.0,0.0,0.0,0.499,1.7888691433294608,0.009,3.9655,2.1915,17.849473228662603,0.09975,50.483870967741936,0.8643999569147188,,classic,True
00-0036040,Juwan Johnson,TE,NO,5000,5883,3.6551,3.6551,1.0349831722604748,0.9658792650918635,3.6538652725280834,WAS,23.0,43.5,4.7494077463812285,statline_mc,0.0,9.370287753251292,0.0,0.0,0.0,0.0,0.0,0.0,2.51825,1.60075,17.869902725280838,0.18275,54.954111220421474,0.8720341040795274,,classic,True
00-0032141,Geoff Swaim,TE,TEN,4200,4668,2.5036,2.5036,1.3091672584679035,1.1128608923884515,3.6475738744257677,JAX,26.5,49.0,4.829652466430509,statline_mc,0.0,9.328295020630513,0.0,0.0,0.0,0.0,0.0,0.0,2.05225,1.339,20.460738744257675,0.15825,61.62461813286387,1.3603931177859052,,classic,True
00-0030108,Ryan Griffin,TE,NYJ,4500,4592,3.76,3.76,1.0819155834130978,0.8923884514435696,3.6302037539346013,ATL,21.25,45.5,4.103539530864375,statline_mc,0.35574014335047516,8.98872027239311,0.0,0.0,0.0,0.0,0.0,0.0,3.05675,1.9,18.33203753934601,0.14525,47.724848547610414,0.5385485705158637,,classic,True
00-0035414,Jalen Guyton,WR,LAC,4800,5801,3.9625,3.9625,0.8410180745112504,1.0288713910761156,3.4287844931180507,CLE,24.5,46.5,5.264127702196157,statline_mc,0.03845326663863794,8.718948221827336,0.0,0.0,0.0,1.25825,7.32159380511362,0.02925,2.1835,1.30375,14.017501126066886,0.08275,49.13844920857543,0.7902432352901436,,classic,True
00-0036133,James Proche,WR,BAL,5000,5845,2.698,2.698,1.1082421410713552,1.1338582677165354,3.39029745983517,IND,27.0,46.5,5.080800156612547,statline_mc,0.0,9.012978581916748,0.0,0.0,0.0,0.0,0.0,0.0,1.946,1.227,21.5929745983517,0.105,48.64856742135844,0.7648517353398517,,classic,True
00-0031045,Carlos Hyde,RB,JAX,5200,2933,3.6602,3.6602,0.98012830542951,0.9448818897637795,3.3896896117841844,TEN,22.5,49.0,4.424472340520096,statline_mc,0.25581352626217263,8.41907991614211,0.0,0.0,0.0,4.69125,19.277106735104866,0.1125,0.82225,0.57975,4.326039382736977,0.0215,47.00551782682513,0.7213985955563559,,classic,True
00-0035208,Olamide Zaccheaus,WR,ATL,5100,5799,4.2956,4.2956,0.7582277962211565,1.0183727034120735,3.3169209367882826,NYJ,24.25,45.5,4.403694407627757,statline_mc,0.19677710595707026,8.423273972773416,0.0,0.0,0.0,0.0,0.0,0.0,3.1875,1.77775,17.585459367882823,0.11475,42.77299138449208,0.5169659108660679,,classic,True
00-0031941,Jamison Crowder,WR,NYJ,6000,5410,3.0611,3.0611,1.1877535964588712,0.8923884514435696,3.2445949000841066,ATL,21.25,45.5,4.530284673263657,statline_mc,0.0,8.377327748011174,0.0,0.0,0.0,0.0,0.0,0.0,2.30325,1.441,18.055949000841064,0.12225,43.51031857343217,0.543012359852726,,classic,True
00-0027973,Andy Dalton,QB,CHI,6400,1403,3.9018,3.9018,0.9760655764962132,0.8503937007874016,3.238615499772594,LV,20.25,46.0,3.0067169272040766,statline_mc,0.620884485385362,7.22899809917864,9.44525,48.36394174923528,0.2805,0.97375,3.725578298031831,0.028,0.0,0.0,0.0,0.0,27.99599805966529,0.20344767802881872,,classic,True
00-0036898,Davis Mills,QB,HOU,6300,1574,8.469,8.469,0.5780840822366506,0.6614173228346457,3.238151714011888,NE,15.75,39.5,3.2313832218660683,statline_mc,0.04900788146520675,7.393960619716953,26.138,60.31404882289887,0.389,0.92075,1.3733976109593333,0.0125,0.0,0.0,0.0,0.0,23.707252000970165,0.15285541238451572,,classic,True
00-0034930,Trinity Benson,WR,DET,4600,5954,3.5592,3.5592,1.0910283208328209,0.8293963254593176,3.2207137024980685,MIN,19.75,49.5,4.058054629487232,statline_mc,0.14768617403468862,8.33586483703509,0.0,0.0,0.0,0.0,0.0,0.0,2.87,1.6195,17.95463702498068,0.106,48.56767180925666,0.7607379615656564,,classic,True
00-0034297,Byron Pringle,WR,KC,5100,5759,4.6229,4.6229,0.5508422476330997,1.2493438320209973,3.181420236981999,BUF,29.75,57.0,3.9715634078776274,statline_mc,0.29943701052570754,8.12088639656435,0.0,0.0,0.0,0.0,0.0,0.0,3.139,1.86025,16.67295236981999,0.1015,58.79683430174313,1.5045259292557118,,classic,True
00-0032977,Rashard Higgins,WR,CLE,5000,5475,4.9871,4.9871,0.6680601664002623,0.9238845144356955,3.0780636602614813,LAC,22.0,46.5,3.83606623442559,statline_mc,0.30855420341563117,7.739640609678745,0.0,0.0,0.0,0.0,0.0,0.0,3.18125,1.991,15.975636602614813,0.084,40.11120016028852,0.43290754688814337,,classic,True
00-0032058,Tevin Coleman,RB,NYJ,5000,2994,2.7956,2.7956,1.1553747457361914,0.8923884514435696,2.8824200544465683,ATL,21.25,45.5,3.886222605496208,statline_mc,0.1645004570067522,8.001821655797139,0.0,0.0,0.0,4.08175,16.21586578600485,0.09625,0.6375,0.49125,3.877084758460831,0.017,38.01560352494139,0.39617823624097603,,classic,True
00-0032104,Ameer Abdullah,RB,MIN,4700,2995,1.6103,1.6103,1.40447504302926,1.2493438320209973,2.825566458418896,DET,29.75,49.5,4.162520170287499,statline_mc,0.0,7.832993778828755,0.0,0.0,0.0,1.29,9.403051626556886,0.06425,0.85225,0.6495,9.235112957632067,0.045,59.94067830867492,1.7087815535938573,,classic,True
00-0028237,Chris Hogan,WR,NO,4700,5167,2.4183,2.4183,1.193491536538383,0.9658792650918635,2.7877552478329983,WAS,23.0,43.5,4.292154292669723,statline_mc,0.0,7.678434691012172,0.0,0.0,0.0,0.0,0.0,0.0,1.85875,1.10725,16.051302478329987,0.10675,42.54082348226808,0.5090259897995962,,classic,True
00-0034365,Ian Thomas,TE,CAR,4400,4730,2.1844,2.1844,1.2350634513848149,1.0183727034120735,2.7474414115547234,PHI,24.25,46.0,3.7443362305575287,statline_mc,0.0,7.706113541030507,0.0,0.0,0.0,0.0,0.0,0.0,1.80725,1.18725,15.12816411554723,0.11,50.87777662714234,0.6645252618609211,,classic,True
00-0034521,Allen Lazard,WR,GB,5100,5711,2.5242,2.5242,0.9962703389483176,1.0918635170603674,2.7457902846819944,CIN,26.0,50.0,4.057535187741599,statline_mc,0.0,7.370054496455793,0.0,0.0,0.0,0.0,0.0,0.0,1.87175,1.12625,17.20665284681994,0.07875,50.857794029252645,0.8862187168514566,,classic,True
00-0032200,Ty Montgomery,RB,NO,4800,5392,2.4252,2.4252,1.1190736973869504,0.9658792650918635,2.6214156027317026,WAS,23.0,43.5,3.8030625530266615,statline_mc,0.0,7.306810574531678,0.0,0.0,0.0,0.74225,4.5297757648542705,0.02,1.4825,0.93575,11.850630262462754,0.0685,41.911532864419115,0.513676055290413,,classic,True
00-0034830,Hayden Hurst,TE,ATL,4700,4720,3.8539,3.8539,0.6669342637478001,1.0183727034120735,2.6174977652834066,NYJ,24.25,45.5,3.213976024229372,statline_mc,0.0,6.935153493849754,0.0,0.0,0.0,0.0,0.0,0.0,2.526,1.78675,12.261227652834066,0.088,52.420908196551544,0.7365287946439698,,classic,True
00-0033951,Marlon Mack,RB,IND,5200,5548,2.9755,2.9755,1.067751525582851,0.8188976377952756,2.6016834481744437,BAL,19.5,46.5,3.5137168542966624,statline_mc,0.14487815693418749,7.300891536552465,0.0,0.0,0.0,4.10825,13.246964106177808,0.0925,0.7775,0.54175,3.866120375566627,0.0195,37.05069124423963,0.3714954870355157,,classic,True
00-0034159,Will Dissly,TE,SEA,4500,4727,1.9105,1.9105,1.2647049742180505,1.0708661417322836,2.587410636408384,LA,25.5,53.5,3.9393685415718513,statline_mc,0.0,7.5424659014519015,0.0,0.0,0.0,0.0,0.0,0.0,1.42125,1.006,15.274106364083844,0.095,61.032141562677985,1.3077070723638295,,classic,True
00-0033681,Keelan Cole,WR,NYJ,5200,5570,2.4107,2.4107,1.1877535964588712,0.8923884514435696,2.5551608166004525,ATL,21.25,45.5,4.129002197158801,statline_mc,0.0,7.259820093109137,0.0,0.0,0.0,0.0,0.0,0.0,1.60375,0.9845,16.17910816600453,0.076,36.52274093368062,0.3407992425941986,,classic,True
00-0036020,Salvon Ahmed,RB,MIA,4900,5886,4.0456,4.0456,0.7836019402284462,0.7769028871391076,2.462875017406806,TB,18.5,48.0,3.153610241710738,statline_mc,0.22964885869598584,6.1781996793958935,0.0,0.0,0.0,3.033,6.660088278553647,0.0455,1.93275,1.358,6.9536618955144185,0.03325,37.57569326542162,0.3847280999444586,,classic,True
00-0036654,Demetric Felton,RB,CLE,4600,5952,2.6671,2.6671,0.9938976685964638,0.9238845144356955,2.4490963428537635,LAC,22.0,46.5,4.071499636977707,statline_mc,0.0,6.2273081333048355,0.0,0.0,0.0,0.0,0.0,0.0,2.071,1.56,12.97596342853763,0.065,46.154297032904836,0.6816005406410744,,classic,True
00-0036196,Gabriel Davis,WR,BUF,4700,5858,1.9918,1.9918,1.071355383417353,1.1443569553805775,2.4419189830014347,KC,27.25,57.0,4.059991717967967,statline_mc,0.0,7.344353887446429,0.0,0.0,0.0,0.0,0.0,0.0,1.47525,0.84675,14.675439830014344,0.094,58.4942897214987,1.474484169042554,,classic,True
00-0035639,Parris Campbell,WR,IND,4900,5729,3.3796,3.3796,0.83364072298045,0.8188976377952756,2.3071104561650237,BAL,19.5,46.5,3.093512296177234,statline_mc,0.0,5.919382390657483,0.0,0.0,0.0,0.0,0.0,0.0,2.50575,1.438,11.876104561650234,0.069,34.96994590262472,0.3072844616590563,,classic,True
00-0030068,Marquise Goodwin,WR,CHI,4700,5205,3.2496,3.2496,0.830361900077872,0.8503937007874016,2.294649759392051,LV,20.25,46.0,3.1182236542442023,statline_mc,0.00173567482653558,6.161024830745173,0.0,0.0,0.0,0.4985,1.555409149267128,0.00825,2.18425,1.2685,11.023588444653384,0.0615,37.907733921057904,0.37376469376106447,,classic,True
00-0036422,Adam Trautman,TE,NO,4300,4784,2.2317,2.2317,1.0349831722604748,0.9658792650918635,2.2309766926360473,WAS,23.0,43.5,3.3391846348977703,statline_mc,0.0,6.703598265205583,0.0,0.0,0.0,0.0,0.0,0.0,1.717,1.0785,11.597266926360469,0.0915,44.0552348159271,0.4216758002907579,,classic,True
00-0031585,MyCole Pruitt,TE,TEN,4500,4669,1.4892,1.4892,1.3091672584679035,1.1128608923884515,2.1696136079678285,JAX,26.5,49.0,3.6421726067160245,statline_mc,0.0,6.886633886032141,0.0,0.0,0.0,0.0,0.0,0.0,1.12175,0.787,12.926136079678283,0.08225,58.02911251488634,1.0704438126371185,,classic,True
00-0034652,Cameron Batson,WR,TEN,5000,5679,1.7436,1.7436,1.086110086478954,1.1128608923884515,2.107472548552383,JAX,26.5,49.0,3.5053022853523097,statline_mc,0.0,6.614088845310624,0.0,0.0,0.0,0.0,0.0,0.0,1.3825,0.80725,11.83347548552383,0.08775,46.820026046884394,0.6770731022220482,,classic,True
00-0036254,Collin Johnson,WR,NYG,4900,5860,1.7772,1.7772,1.2361162342718963,0.9553805774278216,2.0987900585201973,DAL,22.75,53.0,3.3731962268420466,statline_mc,0.0,6.215549873338236,0.0,0.0,0.0,0.0,0.0,0.0,1.40625,0.85575,12.679150585201969,0.06875,45.14701462632739,0.6056154126582131,,classic,True
00-0036650,Larry Rountree,RB,LAC,5500,5919,3.7702,3.7702,0.5357534032232828,1.0288713910761156,2.0781890747463576,CLE,24.5,46.5,2.958363917447581,statline_mc,0.11769896021513251,6.3737558771942675,0.0,0.0,0.0,6.56025,12.601176939464862,0.08425,0.51125,0.3705,1.6032138079987146,0.00675,47.40177055542081,0.7407096181931817,,classic,True
00-0032775,Demarcus Robinson,WR,KC,4800,5515,2.9519,2.9519,0.5508422476330997,1.2493438320209973,2.031449770867932,BUF,29.75,57.0,2.9365863684340914,statline_mc,0.0,5.061311574159572,0.0,0.0,0.0,0.0,0.0,0.0,1.91475,1.20125,10.38824770867932,0.0675,57.33720697255059,1.365020385276203,,classic,True
00-0034109,Phillip Lindsay,RB,HOU,4800,5630,3.0444,3.0444,0.9964011891722734,0.6614173228346457,2.0063723233683817,NE,15.75,39.5,3.0354314698471287,statline_mc,0.09108341989811983,6.67853854342345,0.0,0.0,0.0,5.553,10.803219743782504,0.111,0.34325,0.25975,1.5267534899013104,0.00825,30.768655509742096,0.2443824298684814,,classic,True
00-0035594,Travis Homer,RB,SEA,4800,5738,1.5902,1.5902,1.1453606634329525,1.0708661417322836,1.9504270331223934,LA,25.5,53.5,3.615601581941212,statline_mc,0.0,5.029449010088058,0.0,0.0,0.0,0.3605,1.8800376623849175,0.01175,1.21025,0.9335,10.061732668839019,0.03825,52.74365348856011,1.0575753899221267,,classic,True
00-0036894,Pat Freiermuth,TE,PIT,4500,4802,5.3701,5.3701,0.4495630963040726,0.7979002624671916,1.9262890970736624,DEN,19.0,40.0,2.2053547870886527,statline_mc,0.0,4.14450180311991,0.0,0.0,0.0,0.0,0.0,0.0,2.6345,1.80425,7.2616409707366225,0.053,38.116683063221664,0.283818038368036,,classic,True
00-0034798,Durham Smythe,TE,MIA,4100,4737,1.7066,1.7066,1.4178528421897676,0.7769028871391076,1.8798723012394893,TB,18.5,48.0,3.0405350339785366,statline_mc,0.0,5.439425822380415,0.0,0.0,0.0,0.0,0.0,0.0,1.309,0.841,10.038723012394893,0.07825,46.18204059441826,0.48591019599694574,,classic,True
00-0033526,Samaje Perine,RB,CIN,5600,5538,2.1791,2.1791,0.8249100297293068,1.0078740157480315,1.8117222676859686,GB,24.0,50.0,2.5547288371051735,statline_mc,0.03338331781563928,4.488205359070932,0.0,0.0,0.0,2.01125,6.497162333771419,0.03925,0.96825,0.7175,4.827560343088263,0.01925,50.188475220308845,0.891931183625896,,classic,True
00-0034052,Brandon Zylstra,WR,CAR,4900,5677,1.9808,1.9808,0.8574121890241403,1.0183727034120735,1.7295939899581059,PHI,24.25,46.0,2.970935696256884,statline_mc,0.0,4.591275186335628,0.0,0.0,0.0,0.0,0.0,0.0,1.204,0.76925,9.979689899581059,0.059,39.82117812061711,0.4246177638145134,,classic,True
00-0033891,Zay Jones,WR,LV,4900,5557,1.3188,1.3188,1.2082462395999836,1.0813648293963254,1.7231449208102667,CHI,25.75,46.0,3.3243511839916566,statline_mc,0.0,5.105507050609455,0.0,0.0,0.0,0.0,0.0,0.0,0.9345,0.595,10.311449208102665,0.0665,41.492185934682425,0.47465579816527403,,classic,True
00-0033950,Wayne Gallman,RB,ATL,4800,5547,1.1324,1.1324,1.4708183382882178,1.0183727034120735,1.696179314239587,NYJ,24.25,45.5,2.829636187422489,statline_mc,0.0,5.050834213787219,0.0,0.0,0.0,1.52425,9.571076619005977,0.062,0.256,0.18725,2.094466523389894,0.01325,41.45747433098876,0.49835977465019154,,classic,True
00-0035329,Donald Parham,TE,LAC,4300,4787,2.0492,2.0492,0.7706795936641245,1.0288713910761156,1.6248888259070868,CLE,24.5,46.5,2.500756406783611,statline_mc,0.0,4.195340831078112,0.0,0.0,0.0,0.0,0.0,0.0,1.411,0.922,8.118888259070866,0.06075,48.21933412727178,0.5565980767789104,,classic,True
00-0034407,Ray-Ray McCloud,WR,PIT,4700,5665,2.0212,2.0212,0.9910242223041928,0.7979002624671916,1.5982154019387926,DEN,19.0,40.0,2.637207545840666,statline_mc,0.0,3.7506454094048847,0.0,0.0,0.0,0.0,0.0,0.0,1.4345,0.87975,8.843404019387926,0.0475,31.403025445802445,0.24225216957368179,,classic,True
00-0033460,John Ross,WR,NYG,5200,5558,1.3029,1.3029,1.2361162342718963,0.9553805774278216,1.5386539192571311,DAL,22.75,53.0,3.0127754694545392,statline_mc,0.0,4.07269982152275,0.0,0.0,0.0,0.0,0.0,0.0,0.92825,0.55225,9.72528919257131,0.0495,43.87372270086155,0.5563285425837576,,classic,True
00-0034364,Jordan Akins,TE,HOU,4200,4729,5.0859,5.0859,0.439682588692994,0.6614173228346457,1.4790602101300678,NE,15.75,39.5,1.8159586237867809,statline_mc,0.0,2.999231893138621,0.0,0.0,0.0,0.0,0.0,0.0,2.4475,1.5665,4.768102101300679,0.039,33.5061875420701,0.20871443016027416,,classic,True
00-0032778,Tajae Sharpe,WR,ATL,4900,5461,1.8949,1.8949,0.7582277962211565,1.0183727034120735,1.4631797304234182,NYJ,24.25,45.5,2.4196919599449314,statline_mc,0.0,3.398472926817537,0.0,0.0,0.0,0.0,0.0,0.0,1.326,0.84625,7.8455473042341834,0.04375,37.36926467641755,0.3605852798624002,,classic,True
00-0036999,Anthony Schwartz,WR,CLE,4600,5944,2.3472,2.3472,0.6680601664002623,0.9238845144356955,1.4487101830520033,LAC,22.0,46.5,2.2248741058684676,statline_mc,0.0,3.388186786421734,0.0,0.0,0.0,0.13375,0.4977245466110784,0.0025,1.55425,0.872,7.384377283908953,0.03625,42.81306351432578,0.5183488189192991,,classic,True
00-0031387,Eric Ebron,TE,PIT,4600,4601,3.9533,3.9533,0.4495630963040726,0.7979002624671916,1.4180897748082701,DEN,19.0,40.0,1.8367232880301319,statline_mc,0.0,2.891839590755998,0.0,0.0,0.0,0.0,0.0,0.0,2.258,1.357,5.185897748082702,0.04075,36.26275047895199,0.2508205685677656,,classic,True
00-0032725,Stephen Anderson,TE,LAC,4000,4679,1.7746,1.7746,0.7706795936641245,1.0288713910761156,1.4071399840480199,CLE,24.5,46.5,2.405383853096083,statline_mc,0.0,3.3984294750666937,0.0,0.0,0.0,0.0,0.0,0.0,1.18575,0.79425,7.1401498404801975,0.051,58.55641277895717,1.1087427232300664,,classic,True
00-0034011,Dan Arnold,TE,JAX,4800,4741,10.0455,10.0455,0.1482076141661777,0.9448818897637795,1.4067540693291936,TEN,22.5,49.0,1.4420963574346237,statline_mc,0.03939592965409196,2.723106885194961,0.0,0.0,0.0,0.0,0.0,0.0,3.02175,1.978,3.172540693291934,0.02175,49.86181587531715,0.6210068900663678,,classic,True
00-0033879,O.J. Howard,TE,TB,5100,4700,0.8863,0.8863,1.2647049742180505,1.2388451443569555,1.3886466414536605,MIA,29.5,48.0,2.6232149340675095,statline_mc,0.0,4.043189535682782,0.0,0.0,0.0,0.0,0.0,0.0,0.73825,0.48175,8.152716414536604,0.05675,59.1769145135401,1.1555697055067924,,classic,True
00-0035249,Josh Oliver,TE,BAL,4200,4766,1.3219,1.3219,0.9262975885386112,1.1338582677165354,1.3883270856670438,IND,27.0,46.5,2.5217465690917082,statline_mc,0.0,3.5272708538896977,0.0,0.0,0.0,0.0,0.0,0.0,1.0005,0.64375,7.1145208566704365,0.0605,50.47144410500698,0.6467656760518247,,classic,True
00-0035864,Kendall Hinton,WR,DEN,6000,1561,1.305,1.305,1.2000491823435386,0.8818897637795275,1.3811215151395841,PIT,21.0,40.0,2.6718575774266657,statline_mc,0.0,3.3843375815979226,0.0,0.0,0.0,0.0,0.0,0.0,1.0155,0.59275,8.08746515139584,0.0475,34.93838910038069,0.3066386801912243,,classic,True
00-0034838,Royce Freeman,RB,CAR,5400,5620,1.1279,1.1279,1.1841652323580034,1.0183727034120735,1.3601736996868499,PHI,24.25,46.0,2.4064099804056607,statline_mc,0.0,3.6602027101474293,0.0,0.0,0.0,1.66875,8.260552038687438,0.05175,0.197,0.143,1.4211849581810598,0.00525,42.140835960869914,0.5215888830633313,,classic,True
00-0034988,Kaden Smith,TE,NYG,4100,4770,1.013,1.013,1.361039923426066,0.9553805774278216,1.3172624145058824,DAL,22.75,53.0,2.532949606232275,statline_mc,0.0,3.4473355791374134,0.0,0.0,0.0,0.0,0.0,0.0,0.7875,0.52525,7.421374145058822,0.05375,53.06173302956558,0.7686763327947039,,classic,True
00-0033611,Ricky Seals-Jones,TE,WAS,4900,4712,2.1658,2.1658,0.6842251520671874,0.8608923884514436,1.2757767861101934,NO,20.5,43.5,1.9595821462420957,statline_mc,0.0,2.9866577445694475,0.0,0.0,0.0,0.0,0.0,0.0,1.3495,0.8665,5.835267861101932,0.045,38.722298451820016,0.2955114789916338,,classic,True
00-0032972,Devontae Booker,RB,NYG,4600,5468,1.7261,1.7261,0.7723360976373025,0.9553805774278216,1.2736196515005427,DAL,22.75,53.0,2.090864790775821,statline_mc,0.0,2.90394483312904,0.0,0.0,0.0,1.5165,4.460672315474654,0.027,0.72875,0.5635,3.2380241995307717,0.01425,49.30360174630123,0.8408366569093535,,classic,True
00-0033282,Curtis Samuel,WR,WAS,5200,5556,1.2864,1.2864,1.1205377269560228,0.8608923884514436,1.2409867575488855,NO,20.5,43.5,2.3214249373137443,statline_mc,0.0,2.984531507634612,0.0,0.0,0.0,0.0,0.0,0.0,1.00275,0.64,6.844867575488857,0.04075,29.591514726507715,0.21469358496466293,,classic,True
00-0034981,Foster Moreau,TE,LV,4400,4760,1.8005,1.8005,0.6372927409145644,1.0813648293963254,1.240806961656226,CHI,25.75,46.0,2.03266375086592,statline_mc,0.0,2.9103368899676108,0.0,0.0,0.0,0.0,0.0,0.0,1.2085,0.78425,5.796819616562259,0.047,44.263837829441314,0.427580955737662,,classic,True
00-0033367,C.J. Board,WR,NYG,4700,5784,1.0393,1.0393,1.2361162342718963,0.9553805774278216,1.2274005080112167,DAL,22.75,53.0,2.572427961808695,statline_mc,0.0,3.2827925148605286,0.0,0.0,0.0,0.21925,1.385096426833729,0.008,0.66625,0.4135,6.286408653278438,0.0355,45.48862953315969,0.6195661525526704,,classic,True
00-0030663,Willie Snead,WR,LV,4800,5287,0.9378,0.9378,1.2082462395999836,1.0813648293963254,1.2252628622489252,CHI,25.75,46.0,2.5541006820355454,statline_mc,0.0,3.2952452523322564,0.0,0.0,0.0,0.0,0.0,0.0,0.7415,0.441,7.427628622489253,0.045,40.902123822881194,0.45634651935651666,,classic,True
00-0028097,Lee Smith,TE,ATL,4200,4535,1.7968,1.7968,0.6669342637478001,1.0183727034120735,1.2203795607151444,NYJ,24.25,45.5,2.099533717564258,statline_mc,0.0,2.787645204404169,0.0,0.0,0.0,0.0,0.0,0.0,1.089,0.74875,5.4750456071514435,0.05125,41.63439134261896,0.3588294507791061,,classic,True
00-0030525,Tavon Austin,WR,JAX,4600,5199,0.8914,0.8914,1.4320259027009306,0.9448818897637795,1.2061798679315552,TEN,22.5,49.0,2.553403512604437,statline_mc,0.0,3.1510564843913738,0.0,0.0,0.0,0.0,0.0,0.0,0.7205,0.4235,7.184298679315552,0.04675,45.13399118413144,0.6050898277007577,,classic,True
00-0032128,Chris Conley,WR,HOU,4700,5385,2.2235,2.2235,0.772162793557113,0.6614173228346457,1.1356032608068622,NE,15.75,39.5,1.9723692633615353,statline_mc,0.0,2.519329891839852,0.0,0.0,0.0,0.0,0.0,0.0,1.35525,0.7945,5.668532608068623,0.03,27.072730915648165,0.18150676117228187,,classic,True
00-0036233,Donovan Peoples-Jones,WR,CLE,4900,5874,1.7878,1.7878,0.6680601664002623,0.9238845144356955,1.103459921057351,LAC,22.0,46.5,1.920559819579476,statline_mc,0.0,2.643668514723704,0.0,0.0,0.0,0.0,0.0,0.0,1.0965,0.6875,5.867099210573512,0.03075,33.837908234822685,0.2849474353607517,,classic,True
00-0035350,Preston Williams,WR,MIA,4600,5755,0.9496,0.9496,1.4287470797983524,0.7769028871391076,1.054003470423479,TB,18.5,48.0,2.265874155722018,statline_mc,0.0,2.582483898687475,0.0,0.0,0.0,0.0,0.0,0.0,0.7715,0.44025,6.158784704234789,0.0375,36.05014025245441,0.33022916750745607,,classic,True
00-0033439,Pharaoh Brown,TE,HOU,4400,4753,3.4683,3.4683,0.439682588692994,0.6614173228346457,1.0086158212034844,NE,15.75,39.5,1.457551053789747,statline_mc,0.0,2.1627300354511103,0.0,0.0,0.0,0.0,0.0,0.0,1.6305,1.06475,3.597408212034842,0.022,27.157872935328534,0.1366941544581152,,classic,True
00-0033572,Jamal Agnew,WR,JAX,4600,5855,0.7367,0.7367,1.4320259027009306,0.9448818897637795,0.9967817200586896,TEN,22.5,49.0,2.7001220945205295,statline_mc,0.0,2.596578651713866,0.0,0.0,0.0,0.3585,2.6436316186707596,0.015,0.35725,0.21825,3.9079355819161363,0.0245,42.804798637547584,0.5180632916470137,,classic,True
00-0035480,Malik Taylor,WR,GB,4500,5879,0.9161,0.9161,0.9962703389483176,1.0918635170603674,0.996485974977514,CIN,26.0,50.0,2.0426785823364084,statline_mc,0.0,2.59906299646415,0.0,0.0,0.0,0.0,0.0,0.0,0.72725,0.43225,6.018609749775139,0.03075,54.73978160689241,1.1479843572891708,,classic,True
00-0033733,Greg Ward,WR,PHI,4800,5793,1.3309,1.3309,0.8098692569367596,0.9133858267716536,0.984486385848471,CAR,21.75,46.0,1.9250323403823453,statline_mc,0.0,2.3213095708409117,0.0,0.0,0.0,0.0,0.0,0.0,0.9015,0.5515,5.097363858484711,0.03475,31.70657182929273,0.2472044265614768,,classic,True
00-0036988,Josh Palmer,WR,LAC,4700,5929,1.1276,1.1276,0.8410180745112504,1.0288713910761156,0.9757113634360535,CLE,24.5,46.5,2.0943170057564617,statline_mc,0.0,2.35662792368878,0.0,0.0,0.0,0.0,0.0,0.0,0.782,0.48825,5.610863634360534,0.0295,40.44279703466239,0.44258416330276457,,classic,True
00-0035308,Tommy Sweeney,TE,BUF,4100,4752,0.6295,0.6295,1.341278908203909,1.1443569553805775,0.9661903435448342,KC,27.25,57.0,2.2454152124408697,statline_mc,0.0,2.573285388323354,0.0,0.0,0.0,0.0,0.0,0.0,0.51425,0.3475,5.349403435448341,0.0435,58.12406151297054,1.0772411410927285,,classic,True
00-0033466,Isaiah McKenzie,WR,BUF,4600,5574,0.7849,0.7849,1.071355383417353,1.1443569553805775,0.9622907390313672,KC,27.25,57.0,2.3621320085664337,statline_mc,0.0,2.5407749146813647,0.0,0.0,0.0,0.414,2.651734116130245,0.01275,0.434,0.255,3.806173274183425,0.02025,53.96012823081547,1.0898398730725318,,classic,True
00-0035021,Ashton Dulin,WR,IND,4600,5798,1.3883,1.3883,0.83364072298045,0.8188976377952756,0.9477668475440125,BAL,19.5,46.5,1.9455810572368804,statline_mc,0.0,2.2417005913312775,0.0,0.0,0.0,0.27075,0.8689250585344465,0.0045,0.83525,0.499,4.318743416905678,0.02675,34.10038068523342,0.2899773711120927,,classic,True
00-0037005,Tommy Tremble,TE,CAR,4400,4806,0.7282,0.7282,1.2350634513848149,1.0183727034120735,0.9158555840743602,PHI,24.25,46.0,2.0234698046351554,statline_mc,0.0,2.528935393719667,0.0,0.0,0.0,0.0,0.0,0.0,0.544,0.35525,5.387305840743602,0.03425,39.64182157096256,0.3141935581936365,,classic,True
00-0036876,Kylen Granson,TE,IND,4100,4814,0.6055,0.6055,1.672275913175039,0.8188976377952756,0.82912134132432,BAL,19.5,46.5,1.8924002410186067,statline_mc,0.0,2.2162999410086357,0.0,0.0,0.0,0.0,0.0,0.0,0.49675,0.3225,4.323713413243199,0.04,37.27541034536323,0.2683382938534418,,classic,True
00-0031319,Diontae Spencer,WR,DEN,4500,5765,0.7772,0.7772,1.2000491823435386,0.8818897637795275,0.8224747207962602,PIT,21.0,40.0,1.899813788928434,statline_mc,0.0,2.050925031487334,0.0,0.0,0.0,0.0,0.0,0.0,0.6095,0.36825,4.7084972079626,0.02825,35.590563013424166,0.3202648718128738,,classic,True
00-0032062,Blake Bell,TE,KC,4100,4666,1.156,1.156,0.5681291876370148,1.2493438320209973,0.8204872640676079,BUF,29.75,57.0,1.5697596027946221,statline_mc,0.0,1.9401978599143868,0.0,0.0,0.0,0.0,0.0,0.0,0.7535,0.515,3.849872640676078,0.0305,58.211308445088804,1.0835251309852585,,classic,True
00-0035022,Penny Hart,WR,SEA,4600,5894,0.7298,0.7298,1.0090577482683716,1.0708661417322836,0.7886197437491694,LA,25.5,53.5,1.9910700933944592,statline_mc,0.0,2.0322145388036668,0.0,0.0,0.0,0.0,0.0,0.0,0.556,0.32925,4.554947437491694,0.02825,48.43042476457624,0.7538091062689412,,classic,True
00-0031285,Devonta Freeman,RB,BAL,4700,2930,0.8441,0.8441,0.8236582694414019,1.1338582677165354,0.7883340782872253,IND,27.0,46.5,1.733878650334019,statline_mc,0.0,1.834477013580023,0.0,0.0,0.0,1.3845,5.833340782872253,0.0365,0.0,0.0,0.0,0.0,47.74031853828119,0.7576174203501899,,classic,True
00-0033839,Dede Westbrook,WR,MIN,4500,5603,0.6923,0.6923,0.9074142382884546,1.2493438320209973,0.7848415286792032,DET,29.75,49.5,1.8831951492957337,statline_mc,0.0,2.1175862578731515,0.0,0.0,0.0,0.0,0.0,0.0,0.508,0.3125,4.710915286792031,0.02675,55.83775796433581,1.235166891267174,,classic,True
00-0036857,Chris Evans,RB,CIN,4800,5921,0.9107,0.9107,0.8249100297293068,1.0078740157480315,0.7571600283240589,GB,24.0,50.0,1.6055565781767303,statline_mc,0.0,1.9131764928182242,0.0,0.0,0.0,0.0,0.0,0.0,0.7335,0.56875,3.8178502832405883,0.016,45.93408925539656,0.6716673816532789,,classic,True
00-0024243,Marcedes Lewis,TE,GB,4100,4324,1.1339,1.1339,0.5829499490536326,1.0918635170603674,0.721736211609017,CIN,26.0,50.0,1.3911459261021937,statline_mc,0.0,1.7534038166091253,0.0,0.0,0.0,0.0,0.0,0.0,0.76825,0.5045,3.4848621160901696,0.0215,51.07693004711852,0.6734069237413322,,classic,True
00-0034279,Equanimeous St. Brown,WR,GB,4500,5672,0.6398,0.6398,0.9962703389483176,1.0918635170603674,0.6959232386235171,CIN,26.0,50.0,1.858618192397171,statline_mc,0.0,1.8102972922686111,0.0,0.0,0.0,0.0,0.0,0.0,0.47275,0.2765,4.10173238623517,0.02525,52.037918252855135,0.9587580290356357,,classic,True
00-0034766,Chris Herndon,TE,MIN,4100,4734,0.5898,0.5898,0.9411183499552288,1.2493438320209973,0.6935061183590983,DET,29.75,49.5,1.6360710103202754,statline_mc,0.0,1.8704543987395323,0.0,0.0,0.0,0.0,0.0,0.0,0.4995,0.30025,3.883811183590982,0.02725,53.78702169523119,0.8067570462248423,,classic,True
00-0036755,Jaret Patterson,RB,WAS,4500,5951,0.9516,0.9516,0.8461899546236895,0.8608923884514436,0.6932009228696518,NO,20.5,43.5,1.407985766936506,statline_mc,0.0,1.7130188739582135,0.0,0.0,0.0,1.04475,3.03293003521999,0.02025,0.3155,0.23775,1.3903291934765285,0.00475,40.12137197833293,0.4558887293117412,,classic,True
00-0034854,KhaDarel Hodge,WR,DET,4500,5675,0.7297,0.7297,1.0910283208328209,0.8293963254593176,0.6602994680073178,MIN,19.75,49.5,1.5693161609670918,statline_mc,0.0,1.7374666232852893,0.0,0.0,0.0,0.0,0.0,0.0,0.513,0.31925,3.6717446800731763,0.02275,40.990032057703864,0.4590288126672905,,classic,True
00-0033387,Jacob Hollister,TE,JAX,4100,4707,4.7064,4.7064,0.1482076141661777,0.9448818897637795,0.6590753034476083,TEN,22.5,49.0,0.9224772455761201,statline_mc,0.0,1.5255716964609973,0.0,0.0,0.0,0.0,0.0,0.0,1.50325,0.938,1.3757530344760829,0.01,42.61462486408119,0.3830617140811172,,classic,True
00-0031763,DeAndre Carter,WR,WAS,4500,5654,0.6757,0.6757,1.1205377269560228,0.8608923884514436,0.6518140405050367,NO,20.5,43.5,1.9511046621239703,statline_mc,0.0,1.6243939455861252,0.0,0.0,0.0,0.2125,1.3639430631780816,0.00975,0.35825,0.2195,2.6516973418722847,0.01475,34.34306752153877,0.2947071088287426,,classic,True
00-0034686,Auden Tate,WR,CIN,4800,5696,0.6931,0.6931,0.8574121890241403,1.0078740157480315,0.5989800262514,GB,24.0,50.0,1.516761747544042,statline_mc,0.0,1.6592224555082165,0.0,0.0,0.0,0.0,0.0,0.0,0.47,0.2855,3.397300262513999,0.02,38.534612302143856,0.38971602404159345,,classic,True
00-0036669,Kylin Hill,RB,GB,4600,5914,0.5827,0.5827,0.9237990924737912,1.0918635170603674,0.5877835044824065,CIN,26.0,50.0,1.4139745594923028,statline_mc,0.0,1.473147420167954,0.0,0.0,0.0,1.0785,4.4328350448240625,0.0265,0.0,0.0,0.0,0.0,51.49335031126202,0.9729966643152211,,classic,True
00-0035891,Cody White,WR,PIT,4500,4813,0.7293,0.7293,0.9910242223041928,0.7979002624671916,0.5766790350919175,DEN,19.0,40.0,1.4235662428121159,statline_mc,0.0,1.5072743467615368,0.0,0.0,0.0,0.0,0.0,0.0,0.5135,0.315,3.1667903509191753,0.0175,31.030354638349028,0.23630763307868005,,classic,True
00-0036906,Khalil Herbert,RB,CHI,5200,5912,0.5338,0.5338,1.224221561570959,0.8503937007874016,0.5556993837528524,LV,20.25,46.0,1.4254711855443627,statline_mc,0.0,1.2477331502264926,0.0,0.0,0.0,0.9715,4.026993837528525,0.0265,0.0,0.0,0.0,0.0,30.890734901770557,0.24637948270916216,,classic,True
00-0032791,Jakeem Grant,WR,CHI,4500,5486,0.7868,0.7868,0.830361900077872,0.8503937007874016,0.555552265315603,LV,20.25,46.0,1.3085824612708081,statline_mc,0.0,1.4580381731003471,0.0,0.0,0.0,0.0,0.0,0.0,0.597,0.36475,2.87177265315603,0.015,34.92636746143057,0.30639302534340945,,classic,True
00-0036875,Rhamondre Stevenson,RB,NE,5200,5918,0.4387,0.4387,1.1002972930683774,0.9973753280839895,0.48143846845571986,HOU,23.75,39.5,1.3346087757910694,statline_mc,0.0,1.2608316560565451,0.0,0.0,0.0,0.25325,1.1594067446032712,0.01,0.2525,0.19025,1.8037279399539279,0.006,32.19176974694802,0.26870352017853905,,classic,True
00-0036382,K.J. Hill,WR,LAC,4600,5868,0.544,0.544,0.8410180745112504,1.0288713910761156,0.4707109819413905,CLE,24.5,46.5,1.2691937022552948,statline_mc,0.0,1.299816288664002,0.0,0.0,0.0,0.0,0.0,0.0,0.39125,0.24425,2.5408598194139054,0.016,39.4179523141655,0.41335536236293674,,classic,True
00-0027948,Blaine Gabbert,QB,TB,6000,1381,0.3653,0.3653,0.9425457447604478,1.2388451443569555,0.42659225886900926,MIA,29.5,48.0,1.5828095522898642,statline_mc,0.0,1.0545286312269342,0.0,0.0,0.0,0.7365,3.505922588690092,0.03075,0.0,0.0,0.0,0.0,47.3244603444094,0.7380215418822994,,classic,True
00-0036887,Luke Farrell,TE,JAX,4100,4805,2.9068,2.9068,0.1482076141661777,0.9448818897637795,0.40706517976796486,TEN,22.5,49.0,0.6988235596878271,statline_mc,0.0,1.071175600546869,0.0,0.0,0.0,0.0,0.0,0.0,0.89975,0.59125,0.8044017976796484,0.0065,42.0528271112722,0.3689801785940761,,classic,True
00-0027691,Andre Roberts,WR,HOU,4500,3978,0.786,0.786,0.772162793557113,0.6614173228346457,0.4014335805504413,NE,15.75,39.5,1.0892244968645504,statline_mc,0.0,1.0879052542199863,0.0,0.0,0.0,0.0,0.0,0.0,0.43175,0.25975,1.9355858055044128,0.0135,27.91124023241835,0.19194205426372368,,classic,True
00-0036255,Denzel Mims,WR,NYJ,4800,5838,0.3541,0.3541,1.1877535964588712,0.8923884514435696,0.3752766203477779,ATL,21.25,45.5,1.2071108315685264,statline_mc,0.0,1.1191766570862582,0.0,0.0,0.0,0.0,0.0,0.0,0.25825,0.162,2.3977662034777785,0.00925,25.46684031256261,0.16307880188155585,,classic,True
00-0033591,Noah Brown,WR,DAL,4500,5585,0.318,0.318,0.9156112955448994,1.2703412073490814,0.3698779909736728,NYG,30.25,53.0,1.272240659351388,statline_mc,0.0,1.0275339252117153,0.0,0.0,0.0,0.0,0.0,0.0,0.24275,0.15,2.1537799097367283,0.01375,55.255209376878376,1.1881167886845994,,classic,True
00-0033896,Adam Shaheen,TE,MIA,4100,4709,0.3197,0.3197,1.4178528421897676,0.7769028871391076,0.3521964366874546,TB,18.5,48.0,1.0993876945268393,statline_mc,0.0,1.042137998180433,0.0,0.0,0.0,0.0,0.0,0.0,0.24675,0.157,1.9069643668745457,0.01425,33.99102935846321,0.21557087516091572,,classic,True
00-0035217,Benny Snell,RB,PIT,4500,5740,0.9648,0.9648,0.4468784227820372,0.7979002624671916,0.3440294501504449,DEN,19.0,40.0,0.8249078822400988,statline_mc,0.0,0.9036905982966049,0.0,0.0,0.0,0.783,1.0620074120281633,0.0075,0.30675,0.22625,0.7170370894762857,0.003,35.45799983830544,0.3340722507082846,,classic,True
00-0032543,Alex Erickson,WR,CAR,4500,5480,0.3916,0.3916,0.8574121890241403,1.0183727034120735,0.34190972129296365,PHI,24.25,46.0,1.1176077165315552,statline_mc,0.0,0.9600237445977434,0.0,0.0,0.0,0.0,0.0,0.0,0.25275,0.153,1.979097212929636,0.0115,40.19384892807052,0.4352994153571909,,classic,True
00-0035222,Zach Gentry,TE,PIT,4100,4775,0.9125,0.9125,0.4495630963040726,0.7979002624671916,0.3273258665658274,DEN,19.0,40.0,0.7987903797213686,statline_mc,0.0,0.9341630894770943,0.0,0.0,0.0,0.0,0.0,0.0,0.4835,0.31575,1.194508665658274,0.00875,28.28522238906436,0.14736354238978122,,classic,True
00-0035259,Trevon Wesco,TE,NYJ,4100,4758,0.3355,0.3355,1.0819155834130978,0.8923884514435696,0.32387815572419376,ATL,21.25,45.5,1.0191905018487488,statline_mc,0.0,0.983530085573287,0.0,0.0,0.0,0.0,0.0,0.0,0.2585,0.1695,1.6512815572419377,0.01275,32.781028322891316,0.19886436448264314,,classic,True
00-0035624,N'Keal Harry,WR,NE,5000,5724,0.3492,0.3492,0.8483954260420509,0.9973753280839895,0.2954980481155929,HOU,23.75,39.5,0.9848731645855671,statline_mc,0.0,0.864319668378226,0.0,0.0,0.0,0.0,0.0,0.0,0.24175,0.16625,1.443730481155929,0.0115,22.97034662392306,0.13807549745015207,,classic,True
00-0033854,Dare Ogunbowale,RB,JAX,4500,5697,0.2968,0.2968,0.98012830542951,0.9448818897637795,0.27489018456195247,TEN,22.5,49.0,0.9025832484014733,statline_mc,0.0,0.6676998474913429,0.0,0.0,0.0,0.56075,2.008901845619525,0.013,0.0,0.0,0.0,0.0,47.66341256366724,0.7537430072813458,,classic,True
00-0036425,DeeJay Dallas,RB,SEA,4600,5873,0.2043,0.2043,1.1453606634329525,1.0708661417322836,0.25062934413446725,LA,25.5,53.5,0.945773798459952,statline_mc,0.0,0.6625644812304606,0.0,0.0,0.0,0.1245,0.6833121390345123,0.003,0.121,0.09225,0.9617313023101601,0.00425,49.76119734820923,0.8668828007485313,,classic,True
00-0033481,Marcus Kemp,WR,KC,4600,5666,0.3433,0.3433,0.5508422476330997,1.2493438320209973,0.23625946520855695,BUF,29.75,57.0,0.8821502136323875,statline_mc,0.0,0.7118333501727757,0.0,0.0,0.0,0.0,0.0,0.0,0.2265,0.1285,1.1850946520855696,0.009,50.41174113404128,0.8602533330717055,,classic,True
00-0031376,Jerick McKinnon,RB,KC,4600,2935,0.3033,0.3033,0.5758097324362385,1.2493438320209973,0.21816749125317028,BUF,29.75,57.0,0.8082006801841484,statline_mc,0.0,0.6555968387785742,0.0,0.0,0.0,0.0,0.0,0.0,0.20675,0.15825,1.0304249125317029,0.0065,55.43435200905489,1.2653627265968181,,classic,True
00-0034132,Christian Blake,WR,ATL,4700,5790,0.2802,0.2802,0.7582277962211565,1.0183727034120735,0.21635952451351545,NYJ,24.25,45.5,0.8377206594639891,statline_mc,0.0,0.6541899219492608,0.0,0.0,0.0,0.0,0.0,0.0,0.18525,0.1145,1.1410952451351544,0.00775,30.878581446603885,0.23392867784861768,,classic,True
00-0034073,Ross Dwelley,TE,SF,4400,4745,0.5587,0.5587,0.3902800506376015,0.8923884514435696,0.19459694165078004,ARI,21.25,48.5,0.6543847262338641,statline_mc,0.0,0.662651825360556,0.0,0.0,0.0,0.0,0.0,0.0,0.25425,0.1715,0.6734694165078003,0.007,32.7450421995547,0.19838784581001798,,classic,True
00-0036991,Amari Rodgers,WR,GB,4600,5948,0.173,0.173,0.9962703389483176,1.0918635170603674,0.1881632064307529,CIN,26.0,50.0,0.84884732445634,statline_mc,0.0,0.48189453580851793,0.0,0.0,0.0,0.0,0.0,0.0,0.128,0.07925,1.0603820643075288,0.0075,43.218042476457626,0.5325341402654441,,classic,True
00-0034164,Trenton Cannon,RB,SF,4700,5657,0.213,0.213,0.9175402910342668,0.8923884514435696,0.17443324829918863,ARI,21.25,48.5,0.6812275621892773,statline_mc,0.0,0.4487162096607866,0.0,0.0,0.0,0.4415,1.359332482991886,0.0075,0.0,0.0,0.0,0.0,36.69536745088528,0.362798819087887,,classic,True
00-0030520,Mike Glennon,QB,NYG,6000,1420,0.0,0.0,1.249810869004963,0.9553805774278216,0.0,DAL,22.75,53.0,0.0,statline_mc,0.0,0.0,0.0,0.0,0.0,0.0,0.0,0.0,0.0,0.0,0.0,0.0,39.82991753577492,0.0,,classic,True
00-0030565,Geno Smith,QB,SEA,6100,1426,0.0,0.0,1.063057520762842,1.0708661417322836,0.0,LA,25.5,53.5,0.0,statline_mc,0.0,0.0,0.0,0.0,0.0,0.0,0.0,0.0,0.0,0.0,0.0,0.0,42.56821489206888,0.0,,classic,True
00-0036429,Charlie Woerner,TE,SF,4000,4797,0.0,0.0,0.3902800506376015,0.8923884514435696,0.0,ARI,21.25,48.5,0.0,statline_mc,0.0,0.0,0.0,0.0,0.0,0.0,0.0,0.0,0.0,0.0,0.0,0.0,35.89110961528504,0.0,,classic,True
00-0032098,Daniel Brown,TE,NYJ,4000,5436,0.0,0.0,1.0,1.0,0.0,BYE_OR_UNKNOWN,0.0,0.0,0.0,no_game,0.0,0.0,0.0,0.0,0.0,0.0,0.0,0.0,0.0,0.0,0.0,0.0,21.11000362450163,0.0,,classic,True
00-0036187,Reggie Gilliam,TE,BUF,4000,4783,0.0,0.0,1.0,1.0,0.0,BYE_OR_UNKNOWN,0.0,0.0,0.0,no_game,0.0,0.0,0.0,0.0,0.0,0.0,0.0,0.0,0.0,0.0,0.0,0.0,21.11000362450163,0.0,,classic,True
00-0033357,Taysom Hill,QB,NO,6100,1530,0.0,0.0,1.476734809247882,0.9658792650918635,0.0,WAS,23.0,43.5,0.0,statline_mc,0.0,0.0,0.0,0.0,0.0,0.0,0.0,0.0,0.0,0.0,0.0,0.0,29.41153286441911,0.0,,classic,True
00-0033958,Nathan Peterman,QB,LV,6100,1522,0.0,0.0,0.9087598826140814,1.0813648293963254,0.0,CHI,25.75,46.0,0.0,statline_mc,0.0,0.0,0.0,0.0,0.0,0.0,0.0,0.0,0.0,0.0,0.0,0.0,35.35047295658501,0.0,,classic,True
00-0033720,Colin Thompson,TE,CAR,4000,4792,0.0,0.0,1.0,1.0,0.0,BYE_OR_UNKNOWN,0.0,0.0,0.0,no_game,0.0,0.0,0.0,0.0,0.0,0.0,0.0,0.0,0.0,0.0,0.0,0.0,21.11000362450163,0.0,,classic,True
00-0031690,Eric Tomlinson,TE,BAL,4000,4704,0.0,0.0,1.0,1.0,0.0,BYE_OR_UNKNOWN,0.0,0.0,0.0,no_game,0.0,0.0,0.0,0.0,0.0,0.0,0.0,0.0,0.0,0.0,0.0,0.0,21.11000362450163,0.0,,classic,True
00-0029738,Darren Fells,TE,DET,4100,4609,0.0,0.0,1.0,1.0,0.0,BYE_OR_UNKNOWN,0.0,0.0,0.0,no_game,0.0,0.0,0.0,0.0,0.0,0.0,0.0,0.0,0.0,0.0,0.0,0.0,15.042587894164553,0.0,,classic,True
00-0036244,Colby Parkinson,TE,SEA,4000,4798,0.0,0.0,1.2647049742180505,1.0708661417322836,0.0,LA,25.5,53.5,0.0,statline_mc,0.0,0.0,0.0,0.0,0.0,0.0,0.0,0.0,0.0,0.0,0.0,0.0,46.36922021436338,0.0,,classic,True
00-0036332,Josiah Deguara,TE,GB,4100,4781,0.0,0.0,1.0,1.0,0.0,BYE_OR_UNKNOWN,0.0,0.0,0.0,no_game,0.0,0.0,0.0,0.0,0.0,0.0,0.0,0.0,0.0,0.0,0.0,0.0,15.042587894164553,0.0,,classic,True
00-0030615,James Winchester,TE,KC,4000,4759,0.0,0.0,1.0,1.0,0.0,BYE_OR_UNKNOWN,0.0,0.0,0.0,no_game,0.0,0.0,0.0,0.0,0.0,0.0,0.0,0.0,0.0,0.0,0.0,0.0,21.11000362450163,0.0,,classic,True
00-0033338,Cethan Carter,TE,MIA,4000,4711,0.0,0.0,1.0,1.0,0.0,BYE_OR_UNKNOWN,0.0,0.0,0.0,no_game,0.0,0.0,0.0,0.0,0.0,0.0,0.0,0.0,0.0,0.0,0.0,0.0,21.11000362450163,0.0,,classic,True
00-0035823,Ben Ellefson,TE,MIN,4000,4794,0.0,0.0,0.9411183499552288,1.2493438320209973,0.0,DET,29.75,49.5,0.0,statline_mc,0.0,0.0,0.0,0.0,0.0,0.0,0.0,0.0,0.0,0.0,0.0,0.0,49.18028012219749,0.0,,classic,True
00-0034735,Codey McElroy,TE,TB,4000,4776,0.0,0.0,1.0,1.0,0.0,BYE_OR_UNKNOWN,0.0,0.0,0.0,no_game,0.0,0.0,0.0,0.0,0.0,0.0,0.0,0.0,0.0,0.0,0.0,0.0,21.11000362450163,0.0,,classic,True
00-0027696,Jimmy Graham,TE,CHI,4200,4492,0.0,0.0,1.0,1.0,0.0,BYE_OR_UNKNOWN,0.0,0.0,0.0,no_game,0.0,0.0,0.0,0.0,0.0,0.0,0.0,0.0,0.0,0.0,0.0,0.0,10.997644073939833,0.0,,classic,True
00-0036628,John Bates,TE,WAS,4000,4807,0.0,0.0,1.0,1.0,0.0,BYE_OR_UNKNOWN,0.0,0.0,0.0,no_game,0.0,0.0,0.0,0.0,0.0,0.0,0.0,0.0,0.0,0.0,0.0,0.0,21.11000362450163,0.0,,classic,True
00-0030155,Demetrius Harris,TE,ARI,4000,4642,0.0,0.0,1.0,1.0,0.0,BYE_OR_UNKNOWN,0.0,0.0,0.0,no_game,0.0,0.0,0.0,0.0,0.0,0.0,0.0,0.0,0.0,0.0,0.0,0.0,21.11000362450163,0.0,,classic,True
00-0033095,Garrett Griffin,TE,NO,4000,4717,0.0,0.0,1.0349831722604748,0.9658792650918635,0.0,WAS,23.0,43.5,0.0,statline_mc,0.0,0.0,0.0,0.0,0.0,0.0,0.0,0.0,0.0,0.0,0.0,0.0,33.212538186713616,0.0,,classic,True
00-0033246,Johnny Mundt,TE,LA,4100,4747,0.0,0.0,1.0,1.0,0.0,BYE_OR_UNKNOWN,0.0,0.0,0.0,no_game,0.0,0.0,0.0,0.0,0.0,0.0,0.0,0.0,0.0,0.0,0.0,0.0,15.042587894164553,0.0,,classic,True
00-0033528,Jeremy Sprinkle,TE,DAL,4100,4714,0.0,0.0,1.0,1.0,0.0,BYE_OR_UNKNOWN,0.0,0.0,0.0,no_game,0.0,0.0,0.0,0.0,0.0,0.0,0.0,0.0,0.0,0.0,0.0,0.0,15.042587894164553,0.0,,classic,True
00-0036250,Tyler Davis,TE,GB,4000,4790,0.0,0.0,0.5829499490536326,1.0918635170603674,0.0,CIN,26.0,50.0,0.0,statline_mc,0.0,0.0,0.0,0.0,0.0,0.0,0.0,0.0,0.0,0.0,0.0,0.0,45.90839072127582,0.0,,classic,True
00-0033576,Eric Saubert,TE,DEN,4000,4726,0.0,0.0,1.0,1.0,0.0,BYE_OR_UNKNOWN,0.0,0.0,0.0,no_game,0.0,0.0,0.0,0.0,0.0,0.0,0.0,0.0,0.0,0.0,0.0,0.0,21.11000362450163,0.0,,classic,True
00-0034959,Andrew Beck,TE,DEN,4000,4761,0.0,0.0,1.0,1.0,0.0,BYE_OR_UNKNOWN,0.0,0.0,0.0,no_game,0.0,0.0,0.0,0.0,0.0,0.0,0.0,0.0,0.0,0.0,0.0,0.0,21.11000362450163,0.0,,classic,True
00-0031484,Chris Manhertz,TE,JAX,4200,4697,0.0,0.0,1.0,1.0,0.0,BYE_OR_UNKNOWN,0.0,0.0,0.0,no_game,0.0,0.0,0.0,0.0,0.0,0.0,0.0,0.0,0.0,0.0,0.0,0.0,10.997644073939833,0.0,,classic,True
00-0030968,Keith Smith,RB,ATL,4500,5492,0.0,0.0,1.4708183382882178,1.0183727034120735,0.0,NYJ,24.25,45.5,0.0,statline_mc,0.0,0.0,0.0,0.0,0.0,0.0,0.0,0.0,0.0,0.0,0.0,0.0,35.843439243269465,0.0,,classic,True
00-0035631,Drew Sample,TE,CIN,4100,4756,0.0,0.0,1.3393028066816934,1.0078740157480315,0.0,GB,24.0,50.0,0.0,statline_mc,0.0,0.0,0.0,0.0,0.0,0.0,0.0,0.0,0.0,0.0,0.0,0.0,36.43083674209082,0.0,,classic,True
00-0035562,Jesper Horsted,TE,CHI,4000,4771,0.0,0.0,1.26717510112082,0.8503937007874016,0.0,LV,20.25,46.0,0.0,statline_mc,0.0,0.0,0.0,0.0,0.0,0.0,0.0,0.0,0.0,0.0,0.0,0.0,30.34963496090716,0.0,,classic,True
00-0031595,Michael Burton,RB,KC,4500,5415,0.0,0.0,0.5758097324362385,1.2493438320209973,0.0,BUF,29.75,57.0,0.0,statline_mc,0.0,0.0,0.0,0.0,0.0,0.0,0.0,0.0,0.0,0.0,0.0,0.0,52.36417657045841,0.0,,classic,True
00-0032450,Dwayne Washington,RB,NO,4500,5483,0.0,0.0,1.0,1.0,0.0,BYE_OR_UNKNOWN,0.0,0.0,0.0,no_game,0.0,0.0,0.0,0.0,0.0,0.0,0.0,0.0,0.0,0.0,0.0,0.0,20.99320882852292,0.0,,classic,True
00-0035726,Jakob Johnson,RB,NE,4500,5778,0.0,0.0,1.0,1.0,0.0,BYE_OR_UNKNOWN,0.0,0.0,0.0,no_game,0.0,0.0,0.0,0.0,0.0,0.0,0.0,0.0,0.0,0.0,0.0,0.0,20.99320882852292,0.0,,classic,True
00-0028292,Nick Bellore,RB,SEA,4500,5663,0.0,0.0,1.0,1.0,0.0,BYE_OR_UNKNOWN,0.0,0.0,0.0,no_game,0.0,0.0,0.0,0.0,0.0,0.0,0.0,0.0,0.0,0.0,0.0,0.0,20.99320882852292,0.0,,classic,True
00-0036383,Eno Benjamin,RB,ARI,4500,5915,0.0,0.0,1.1653888280394304,1.1443569553805775,0.0,SF,27.25,48.5,0.0,statline_mc,0.0,0.0,0.0,0.0,0.0,0.0,0.0,0.0,0.0,0.0,0.0,0.0,45.2904438515644,0.0,,classic,True
00-0035099,Khari Blasingame,RB,TEN,4500,5800,0.0,0.0,1.0,1.0,0.0,BYE_OR_UNKNOWN,0.0,0.0,0.0,no_game,0.0,0.0,0.0,0.0,0.0,0.0,0.0,0.0,0.0,0.0,0.0,0.0,20.99320882852292,0.0,,classic,True
00-0034597,Ryan Nall,RB,CHI,4500,5815,0.0,0.0,1.0,1.0,0.0,BYE_OR_UNKNOWN,0.0,0.0,0.0,no_game,0.0,0.0,0.0,0.0,0.0,0.0,0.0,0.0,0.0,0.0,0.0,0.0,20.99320882852292,0.0,,classic,True
00-0035304,Cullen Gillaspia,RB,NYG,4500,5762,0.0,0.0,1.0,1.0,0.0,BYE_OR_UNKNOWN,0.0,0.0,0.0,no_game,0.0,0.0,0.0,0.0,0.0,0.0,0.0,0.0,0.0,0.0,0.0,0.0,20.99320882852292,0.0,,classic,True
00-0032398,Chris Moore,WR,HOU,4500,5479,0.0,0.0,0.772162793557113,0.6614173228346457,0.0,NE,15.75,39.5,0.0,statline_mc,0.0,0.0,0.0,0.0,0.0,0.0,0.0,0.0,0.0,0.0,0.0,0.0,21.38950110198357,0.0,,classic,True
00-0031806,Malcolm Brown,RB,MIA,5000,5441,0.0,0.0,1.0,1.0,0.0,BYE_OR_UNKNOWN,0.0,0.0,0.0,no_game,0.0,0.0,0.0,0.0,0.0,0.0,0.0,0.0,0.0,0.0,0.0,0.0,10.466893039049236,0.0,,classic,True
00-0034414,Boston Scott,RB,PHI,4500,5624,0.0,0.0,1.0,1.0,0.0,BYE_OR_UNKNOWN,0.0,0.0,0.0,no_game,0.0,0.0,0.0,0.0,0.0,0.0,0.0,0.0,0.0,0.0,0.0,0.0,20.99320882852292,0.0,,classic,True
00-0036860,Jake Funk,RB,LA,4600,5917,0.0,0.0,1.0,1.0,0.0,BYE_OR_UNKNOWN,0.0,0.0,0.0,no_game,0.0,0.0,0.0,0.0,0.0,0.0,0.0,0.0,0.0,0.0,0.0,0.0,15.730050933786076,0.0,,classic,True
00-0035628,D'Ernest Johnson,RB,CLE,4500,5746,0.0,0.0,1.0,1.0,0.0,BYE_OR_UNKNOWN,0.0,0.0,0.0,no_game,0.0,0.0,0.0,0.0,0.0,0.0,0.0,0.0,0.0,0.0,0.0,0.0,20.99320882852292,0.0,,classic,True
00-0035184,Devine Ozigbo,RB,NO,4500,5813,0.0,0.0,1.0,1.0,0.0,BYE_OR_UNKNOWN,0.0,0.0,0.0,no_game,0.0,0.0,0.0,0.0,0.0,0.0,0.0,0.0,0.0,0.0,0.0,0.0,20.99320882852292,0.0,,classic,True
00-0034799,Kalen Ballage,RB,PIT,4500,5628,0.0,0.0,0.4468784227820372,0.7979002624671916,0.0,DEN,19.0,40.0,0.0,statline_mc,0.0,0.0,0.0,0.0,0.0,0.0,0.0,0.0,0.0,0.0,0.0,0.0,25.8088770312879,0.0,,classic,True
00-0036698,Mekhi Sargent,RB,LA,4500,5953,0.0,0.0,1.0,1.0,0.0,BYE_OR_UNKNOWN,0.0,0.0,0.0,no_game,0.0,0.0,0.0,0.0,0.0,0.0,0.0,0.0,0.0,0.0,0.0,0.0,20.99320882852292,0.0,,classic,True
00-0036297,Darrynton Evans,RB,TEN,4500,5826,0.0,0.0,1.0,1.0,0.0,BYE_OR_UNKNOWN,0.0,0.0,0.0,no_game,0.0,0.0,0.0,0.0,0.0,0.0,0.0,0.0,0.0,0.0,0.0,0.0,20.99320882852292,0.0,,classic,True
00-0035957,Rodney Smith,RB,CAR,5000,5890,0.0,0.0,1.0,1.0,0.0,BYE_OR_UNKNOWN,0.0,0.0,0.0,no_game,0.0,0.0,0.0,0.0,0.0,0.0,0.0,0.0,0.0,0.0,0.0,0.0,10.466893039049236,0.0,,classic,True
00-0032897,Derek Watt,RB,PIT,4500,5504,0.0,0.0,0.4468784227820372,0.7979002624671916,0.0,DEN,19.0,40.0,0.0,statline_mc,0.0,0.0,0.0,0.0,0.0,0.0,0.0,0.0,0.0,0.0,0.0,0.0,25.8088770312879,0.0,,classic,True
00-0035908,Gabe Nabers,RB,LAC,4500,5876,0.0,0.0,1.0,1.0,0.0,BYE_OR_UNKNOWN,0.0,0.0,0.0,no_game,0.0,0.0,0.0,0.0,0.0,0.0,0.0,0.0,0.0,0.0,0.0,0.0,20.99320882852292,0.0,,classic,True
00-0033725,Corey Clement,RB,DAL,4600,5583,0.0,0.0,1.0,1.0,0.0,BYE_OR_UNKNOWN,0.0,0.0,0.0,no_game,0.0,0.0,0.0,0.0,0.0,0.0,0.0,0.0,0.0,0.0,0.0,0.0,15.730050933786076,0.0,,classic,True
00-0035760,Jacques Patrick,RB,SF,4800,5958,0.0,0.0,1.0,1.0,0.0,BYE_OR_UNKNOWN,0.0,0.0,0.0,no_game,0.0,0.0,0.0,0.0,0.0,0.0,0.0,0.0,0.0,0.0,0.0,0.0,12.703735144312393,0.0,,classic,True
00-0035125,Alec Ingold,RB,LV,4600,5764,0.0,0.0,1.0,1.0,0.0,BYE_OR_UNKNOWN,0.0,0.0,0.0,no_game,0.0,0.0,0.0,0.0,0.0,0.0,0.0,0.0,0.0,0.0,0.0,0.0,15.730050933786076,0.0,,classic,True
00-0032956,Andy Janovich,RB,CLE,4500,5482,0.0,0.0,1.0,1.0,0.0,BYE_OR_UNKNOWN,0.0,0.0,0.0,no_game,0.0,0.0,0.0,0.0,0.0,0.0,0.0,0.0,0.0,0.0,0.0,0.0,20.99320882852292,0.0,,classic,True
00-0033376,Patrick Ricard,RB,BAL,4500,5743,0.0,0.0,1.0,1.0,0.0,BYE_OR_UNKNOWN,0.0,0.0,0.0,no_game,0.0,0.0,0.0,0.0,0.0,0.0,0.0,0.0,0.0,0.0,0.0,0.0,20.99320882852292,0.0,,classic,True
00-0035924,Jonathan Ward,RB,ARI,4500,5903,0.0,0.0,1.1653888280394304,1.1443569553805775,0.0,SF,27.25,48.5,0.0,statline_mc,0.0,0.0,0.0,0.0,0.0,0.0,0.0,0.0,0.0,0.0,0.0,0.0,45.2904438515644,0.0,,classic,True
00-0028063,Taiwan Jones,RB,BUF,4500,2820,0.0,0.0,1.0,1.0,0.0,BYE_OR_UNKNOWN,0.0,0.0,0.0,no_game,0.0,0.0,0.0,0.0,0.0,0.0,0.0,0.0,0.0,0.0,0.0,0.0,20.99320882852292,0.0,,classic,True
00-0035448,Damarea Crockett,RB,DEN,4500,5721,0.0,0.0,1.0,1.0,0.0,BYE_OR_UNKNOWN,0.0,0.0,0.0,no_game,0.0,0.0,0.0,0.0,0.0,0.0,0.0,0.0,0.0,0.0,0.0,0.0,20.99320882852292,0.0,,classic,True
00-0033296,Alex Armah,RB,NO,4500,5644,0.0,0.0,1.0,1.0,0.0,BYE_OR_UNKNOWN,0.0,0.0,0.0,no_game,0.0,0.0,0.0,0.0,0.0,0.0,0.0,0.0,0.0,0.0,0.0,0.0,20.99320882852292,0.0,,classic,True
00-0032813,Elijhaa Penny,RB,NYG,4500,5588,0.0,0.0,0.7723360976373025,0.9553805774278216,0.0,DAL,22.75,53.0,0.0,statline_mc,0.0,0.0,0.0,0.0,0.0,0.0,0.0,0.0,0.0,0.0,0.0,0.0,41.5404438515644,0.0,,classic,True
00-0033025,Jalen Richard,RB,LV,4500,5490,0.0,0.0,0.9325614144891252,1.0813648293963254,0.0,CHI,25.75,46.0,0.0,statline_mc,0.0,0.0,0.0,0.0,0.0,0.0,0.0,0.0,0.0,0.0,0.0,0.0,39.0346834829008,0.0,,classic,True
00-0032980,Marcus Johnson,WR,TEN,4500,5587,0.0,0.0,1.086110086478954,1.1128608923884515,0.0,JAX,26.5,49.0,0.0,statline_mc,0.0,0.0,0.0,0.0,0.0,0.0,0.0,0.0,0.0,0.0,0.0,0.0,42.31692045682228,0.0,,classic,True
00-0036569,Gary Brightwell,RB,NYG,4600,5922,0.0,0.0,1.0,1.0,0.0,BYE_OR_UNKNOWN,0.0,0.0,0.0,no_game,0.0,0.0,0.0,0.0,0.0,0.0,0.0,0.0,0.0,0.0,0.0,0.0,15.730050933786076,0.0,,classic,True
00-0033421,Antony Auclair,TE,HOU,4000,4716,0.0,0.0,0.439682588692994,0.6614173228346457,0.0,NE,15.75,39.5,0.0,statline_mc,0.0,0.0,0.0,0.0,0.0,0.0,0.0,0.0,0.0,0.0,0.0,0.0,23.9556257443173,0.0,,classic,True
00-0036849,Tutu Atwell,WR,LA,4600,5939,0.0,0.0,1.1156194926021556,1.1758530183727034,0.0,SEA,28.0,53.5,0.0,statline_mc,0.0,0.0,0.0,0.0,0.0,0.0,0.0,0.0,0.0,0.0,0.0,0.0,43.20201362452414,0.0,,classic,True
00-0035527,Andy Isabella,WR,ARI,4500,5734,0.0,0.0,1.0,1.0,0.0,BYE_OR_UNKNOWN,0.0,0.0,0.0,no_game,0.0,0.0,0.0,0.0,0.0,0.0,0.0,0.0,0.0,0.0,0.0,0.0,18.5438789821679,0.0,,classic,True
00-0036482,Mike Strachan,WR,IND,4600,5949,0.0,0.0,1.0,1.0,0.0,BYE_OR_UNKNOWN,0.0,0.0,0.0,no_game,0.0,0.0,0.0,0.0,0.0,0.0,0.0,0.0,0.0,0.0,0.0,0.0,14.071829292726909,0.0,,classic,True
00-0035246,JJ Arcega-Whiteside,WR,PHI,4500,5732,0.0,0.0,1.0,1.0,0.0,BYE_OR_UNKNOWN,0.0,0.0,0.0,no_game,0.0,0.0,0.0,0.0,0.0,0.0,0.0,0.0,0.0,0.0,0.0,0.0,18.5438789821679,0.0,,classic,True
00-0026293,Matthew Slater,WR,NE,4500,3760,0.0,0.0,0.8483954260420509,0.9973753280839895,0.0,HOU,23.75,39.5,0.0,statline_mc,0.0,0.0,0.0,0.0,0.0,0.0,0.0,0.0,0.0,0.0,0.0,0.0,29.52314165497896,0.0,,classic,True
00-0031787,Jake Kumerow,WR,BUF,4500,5704,0.0,0.0,1.0,1.0,0.0,BYE_OR_UNKNOWN,0.0,0.0,0.0,no_game,0.0,0.0,0.0,0.0,0.0,0.0,0.0,0.0,0.0,0.0,0.0,0.0,18.5438789821679,0.0,,classic,True
00-0036951,Frank Darby,WR,ATL,4500,5942,0.0,0.0,1.0,1.0,0.0,BYE_OR_UNKNOWN,0.0,0.0,0.0,no_game,0.0,0.0,0.0,0.0,0.0,0.0,0.0,0.0,0.0,0.0,0.0,0.0,18.5438789821679,0.0,,classic,True
00-0035341,Trenton Irwin,WR,CIN,4500,5900,0.0,0.0,1.0,1.0,0.0,BYE_OR_UNKNOWN,0.0,0.0,0.0,no_game,0.0,0.0,0.0,0.0,0.0,0.0,0.0,0.0,0.0,0.0,0.0,0.0,18.5438789821679,0.0,,classic,True
00-0029269,Travis Benjamin,WR,SF,4500,5173,0.0,0.0,1.2148038854051395,0.8923884514435696,0.0,ARI,21.25,48.5,0.0,statline_mc,0.0,0.0,0.0,0.0,0.0,0.0,0.0,0.0,0.0,0.0,0.0,0.0,33.32498497295131,0.0,,classic,True
00-0035399,Stanley Morgan,WR,CIN,4500,5779,0.0,0.0,0.8574121890241403,1.0078740157480315,0.0,GB,24.0,50.0,0.0,statline_mc,0.0,0.0,0.0,0.0,0.0,0.0,0.0,0.0,0.0,0.0,0.0,0.0,39.932127830094174,0.0,,classic,True
00-0033006,Jaydon Mickens,WR,TB,4500,5600,0.0,0.0,0.9106930611910324,1.2388451443569555,0.0,MIA,29.5,48.0,0.0,statline_mc,0.0,0.0,0.0,0.0,0.0,0.0,0.0,0.0,0.0,0.0,0.0,0.0,43.296183129633334,0.0,,classic,True
00-0036630,Tylan Wallace,WR,BAL,4500,5937,0.0,0.0,1.1082421410713552,1.1338582677165354,0.0,IND,27.0,46.5,0.0,statline_mc,0.0,0.0,0.0,0.0,0.0,0.0,0.0,0.0,0.0,0.0,0.0,0.0,39.983971148066516,0.0,,classic,True
00-0030669,Albert Wilson,WR,MIA,4600,5339,0.0,0.0,1.0,1.0,0.0,BYE_OR_UNKNOWN,0.0,0.0,0.0,no_game,0.0,0.0,0.0,0.0,0.0,0.0,0.0,0.0,0.0,0.0,0.0,0.0,14.071829292726909,0.0,,classic,True
00-0036370,Joshua Kelley,RB,LAC,4800,5829,0.0,0.0,0.5357534032232828,1.0288713910761156,0.0,CLE,24.5,46.5,0.0,statline_mc,0.0,0.0,0.0,0.0,0.0,0.0,0.0,0.0,0.0,0.0,0.0,0.0,31.21756002910502,0.0,,classic,True
00-0036340,Antonio Gandy-Golden,WR,WAS,4600,5836,0.0,0.0,1.0,1.0,0.0,BYE_OR_UNKNOWN,0.0,0.0,0.0,no_game,0.0,0.0,0.0,0.0,0.0,0.0,0.0,0.0,0.0,0.0,0.0,0.0,14.071829292726909,0.0,,classic,True
00-0031868,Damiere Byrd,WR,CHI,4600,5531,0.0,0.0,1.0,1.0,0.0,BYE_OR_UNKNOWN,0.0,0.0,0.0,no_game,0.0,0.0,0.0,0.0,0.0,0.0,0.0,0.0,0.0,0.0,0.0,0.0,14.071829292726909,0.0,,classic,True
00-0034867,Malik Turner,WR,DAL,4500,5702,0.0,0.0,1.0,1.0,0.0,BYE_OR_UNKNOWN,0.0,0.0,0.0,no_game,0.0,0.0,0.0,0.0,0.0,0.0,0.0,0.0,0.0,0.0,0.0,0.0,18.5438789821679,0.0,,classic,True
00-0035645,Gunner Olszewski,WR,NE,4500,5752,0.0,0.0,0.8483954260420509,0.9973753280839895,0.0,HOU,23.75,39.5,0.0,statline_mc,0.0,0.0,0.0,0.0,0.0,0.0,0.0,0.0,0.0,0.0,0.0,0.0,29.52314165497896,0.0,,classic,True
00-0035703,Miles Boykin,WR,BAL,4500,5748,0.0,0.0,1.0,1.0,0.0,BYE_OR_UNKNOWN,0.0,0.0,0.0,no_game,0.0,0.0,0.0,0.0,0.0,0.0,0.0,0.0,0.0,0.0,0.0,0.0,18.5438789821679,0.0,,classic,True
00-0036439,Tyrie Cleveland,WR,DEN,4500,5862,0.0,0.0,1.2000491823435386,0.8818897637795275,0.0,PIT,21.0,40.0,0.0,statline_mc,0.0,0.0,0.0,0.0,0.0,0.0,0.0,0.0,0.0,0.0,0.0,0.0,25.96323382087758,0.0,,classic,True
00-0033589,David Moore,WR,DEN,4500,5655,0.0,0.0,1.2000491823435386,0.8818897637795275,0.0,PIT,21.0,40.0,0.0,statline_mc,0.0,0.0,0.0,0.0,0.0,0.0,0.0,0.0,0.0,0.0,0.0,0.0,25.96323382087758,0.0,,classic,True
00-0033471,Isaiah Ford,WR,MIA,4500,5706,0.0,0.0,1.4287470797983524,0.7769028871391076,0.0,TB,18.5,48.0,0.0,statline_mc,0.0,0.0,0.0,0.0,0.0,0.0,0.0,0.0,0.0,0.0,0.0,0.0,28.503556401522737,0.0,,classic,True
00-0029892,Kyle Juszczyk,RB,SF,4500,2908,0.0,0.0,0.9175402910342668,0.8923884514435696,0.0,ARI,21.25,48.5,0.0,statline_mc,0.0,0.0,0.0,0.0,0.0,0.0,0.0,0.0,0.0,0.0,0.0,0.0,35.77431481930633,0.0,,classic,True
00-0036671,Dax Milne,WR,WAS,4500,5959,0.0,0.0,1.1205377269560228,0.8608923884514436,0.0,NO,20.5,43.5,0.0,statline_mc,0.0,0.0,0.0,0.0,0.0,0.0,0.0,0.0,0.0,0.0,0.0,0.0,26.26853336004809,0.0,,classic,True
00-0033555,Mack Hollins,WR,MIA,4500,5578,0.0,0.0,1.4287470797983524,0.7769028871391076,0.0,TB,18.5,48.0,0.0,statline_mc,0.0,0.0,0.0,0.0,0.0,0.0,0.0,0.0,0.0,0.0,0.0,0.0,28.503556401522737,0.0,,classic,True
00-0029664,Josh Gordon,WR,KC,5000,5165,0.0,0.0,0.5508422476330997,1.2493438320209973,0.0,BUF,29.75,57.0,0.0,statline_mc,0.0,0.0,0.0,0.0,0.0,0.0,0.0,0.0,0.0,0.0,0.0,0.0,38.082548587457424,0.0,,classic,True
00-0032918,C.J. Ham,RB,MIN,4500,5581,0.0,0.0,1.40447504302926,1.2493438320209973,0.0,DET,29.75,49.5,0.0,statline_mc,0.0,0.0,0.0,0.0,0.0,0.0,0.0,0.0,0.0,0.0,0.0,0.0,49.063485326218775,0.0,,classic,True
00-0034487,Trent Sherfield,WR,SF,4600,5699,0.0,0.0,1.0,1.0,0.0,BYE_OR_UNKNOWN,0.0,0.0,0.0,no_game,0.0,0.0,0.0,0.0,0.0,0.0,0.0,0.0,0.0,0.0,0.0,0.0,14.071829292726909,0.0,,classic,True
