player_id,player_name,position,team,salary,site_player_id,season_avg,recent_form,matchup_factor,vegas_factor,final_projection,opponent,implied_total,over_under,games_played,participation_effective,sigma,sigma_source,statline_p10,statline_p90,proj_pass_att,proj_pass_yd,proj_pass_td,proj_rush_att,proj_rush_yd,proj_rush_td,proj_targets,proj_rec,proj_rec_yd,proj_rec_td,engine_projection,stack_delta,dk_avg_ppg,chalk_score,estimated_ownership_pct,roster_role,slate_format,ownership_available,injury_raw_status,injury_status
00-0034857,Josh Allen,QB,BUF,9100,134503-62239,24.534,24.534,1.0,1.2851688253350304,31.530373639334627,LAC,28.61,50.0,2.0,1.0,8.1684,statline_mc+recal_10_4b,14.016341377604917,51.48824764157705,34.76225,378.29013679693895,2.49425,7.5,42.27268167457069,0.63775,0.0,0.0,0.0,0.0,31.530373639334627,0.0,39.7400016784668,97.97546012269939,14.698127649282341,,classic,True,,ACTIVE
00-0034796,Lamar Jackson,QB,BAL,8600,134503-63115,20.8466,20.8466,1.0,1.2739387587033018,26.557307956440827,DAL,28.36,53.33,2.0,1.0,7.9516,statline_mc+recal_10_4b,11.847830660311482,43.28841797276728,35.667,399.5228253095519,1.939,4.27675,26.318949440587488,0.25975,0.0,0.0,0.0,0.0,26.557307956440827,0.0,21.8799991607666,97.01362324070733,13.722234595766972,,classic,True,,ACTIVE
00-0037834,Brock Purdy,QB,SF,8200,134503-85607,20.4079,20.4079,1.0,1.2663023133937263,25.84257647241217,ARI,28.19,47.89,2.0,1.0,7.9418,statline_mc+recal_10_4b,11.257388826552944,42.94931795934982,33.169,340.45603064410074,2.4545,3.764,23.29085246648137,0.2225,0.0,0.0,0.0,0.0,25.84257647241217,0.0,25.290000915527344,92.42110249007578,9.884622670566074,,classic,True,,ACTIVE
00-0033873,Patrick Mahomes,QB,KC,8100,134503-57439,19.4767,19.4767,1.0,1.249232612113499,24.33097739906022,MIA,27.81,45.22,2.0,1.0,7.8701,statline_mc+recal_10_4b,10.532707675146195,40.228977608027606,35.00675,326.8899392757652,2.341,3.49025,19.1162982802961,0.198,0.0,0.0,0.0,0.0,24.33097739906022,0.0,27.31999969482422,89.41472392638036,7.974420312931133,,classic,True,,ACTIVE
00-0033106,Jared Goff,QB,DET,7900,134503-38435,19.4689,19.4689,1.0,1.2303661001721946,23.9538506453407,NYJ,27.39,48.17,2.0,1.0,7.8618,statline_mc+recal_10_4b,10.198618631506978,40.03328328861018,36.26225,312.80408689284025,2.59725,2.6295,13.036871696270872,0.13275,0.0,0.0,0.0,0.0,23.9538506453407,0.0,24.61000061035156,89.76786358715265,8.178127557648905,,classic,True,,ACTIVE
00-0033077,Dak Prescott,QB,DAL,8300,134503-31716,20.7334,20.7334,1.0,1.1216590551770609,23.255787647491932,BAL,24.97,53.33,2.0,1.0,7.86,statline_mc+recal_10_4b,9.598679553084708,39.04014836568352,36.67725,292.49796596755107,2.55225,3.321,17.186190087898947,0.1475,0.0,0.0,0.0,0.0,23.255787647491932,0.0,22.57999992370605,91.66735835438469,9.366518013852593,,classic,True,,ACTIVE
00-0038134,Kenneth Walker III,RB,KC,8300,134503-103342,18.5244,18.5244,1.0,1.249232612113499,23.141289951444623,MIA,27.81,45.22,2.0,1.0,10.4372,statline_mc+recal_10_4b,5.095581901374539,48.13570746349512,0.0,0.0,0.0,17.68325,116.307045027994,0.60975,6.176,4.29375,44.58710448645218,0.2445,23.141289951444623,0.0,29.700000762939453,90.29580848599254,15.479466579194282,,classic,True,,ACTIVE
00-0039139,Jahmyr Gibbs,RB,DET,9200,134503-129368,17.3081,17.3081,1.0,1.2303661001721946,21.29529348017893,NYJ,27.39,48.17,2.0,1.0,10.0864,statline_mc+recal_10_4b,4.270749229734725,44.46014294430328,0.0,0.0,0.0,17.5395,96.61153888679662,0.73725,5.36425,4.16375,40.092645914992666,0.22125,21.29529348017893,0.0,27.200000762939453,94.32502198721524,22.32721962994791,,classic,True,,ACTIVE
00-0040743,Tyler Shough,QB,NO,7500,134503-88431,18.7008,18.7008,1.0,1.0479898180729206,19.5982966653641,LV,23.33,43.61,2.0,1.0,7.6744,statline_mc+recal_10_4b,7.766362843208955,33.34939582317141,35.278,269.3400276890138,1.673,5.31825,20.706955578035487,0.258,0.0,0.0,0.0,0.0,19.5982966653641,0.0,25.290000915527344,78.74621075424034,3.7217809467307705,,classic,True,,ACTIVE
00-0036971,Trevor Lawrence,QB,JAX,7700,134503-89951,17.3878,17.3878,1.0,1.0969529085872578,19.073636629536843,NE,24.42,45.94,2.0,1.0,7.6622,statline_mc+recal_10_4b,7.6066672220428035,32.651053619038215,32.0645,275.868642426161,1.90525,2.062,9.041409324904029,0.09025,0.0,0.0,0.0,0.0,19.073636629536843,0.0,16.6299991607666,82.38230783110791,4.825544231959633,,classic,True,,ACTIVE
00-0036963,Amon-Ra St. Brown,WR,DET,9000,134503-86997,15.4636,15.4636,1.0,1.2303661001721946,19.025940724706587,NYJ,27.39,48.17,2.0,1.0,9.2161,statline_mc+recal_10_4b,3.5148333962210474,40.934012436203446,0.0,0.0,0.0,0.15675,1.2792367930819264,0.00775,10.86325,7.05975,101.61142045398392,0.87375,19.025940724706587,0.0,28.700000762939453,94.33470666401729,11.796246019031129,,classic,True,,ACTIVE
00-0039150,Bryce Young,QB,CAR,7600,134503-119606,19.0585,19.0585,1.0,0.996780714232238,18.997131682680504,CLE,22.19,42.11,2.0,1.0,7.6474,statline_mc+recal_10_4b,7.474842156037997,32.517679886885965,32.9325,267.6334581419614,1.93775,2.21425,9.117933570020467,0.11175,0.0,0.0,0.0,0.0,18.997131682680504,0.0,29.76000022888184,72.1419613857813,2.3220959512476735,,classic,True,,ACTIVE
00-0032764,Derrick Henry,RB,BAL,9000,134503-39280,14.587,14.587,1.0,1.2739387587033018,18.582995986638547,DAL,28.36,53.33,2.0,1.0,10.0122,statline_mc+recal_10_4b,2.618481198933024,41.05781910220362,0.0,0.0,0.0,15.224,93.6054667981424,0.9385,2.7105,2.09675,21.255743068243063,0.09725,18.582995986638547,0.0,27.0,97.7117261572783,30.377091115894153,,classic,True,,ACTIVE
00-0038543,Jaxon Smith-Njigba,WR,SEA,9200,134503-129458,16.6213,16.6213,1.0,1.0807816126375684,17.96394585466037,WAS,24.06,40.22,2.0,1.0,9.07,statline_mc+recal_10_4b,3.304859747670592,39.43555990609679,0.0,0.0,0.0,0.16475,0.9853378634142128,0.005,10.00025,6.68175,101.26037068318948,0.7395,17.96394585466037,0.0,33.099998474121094,80.80234283798217,5.321525153967337,,classic,True,,ACTIVE
00-0037248,James Cook III,RB,BUF,8100,134503-91626,12.5465,12.5465,1.0,1.2851688253350304,16.124309511171884,LAC,28.61,50.0,2.0,1.0,9.1898,statline_mc+recal_10_4b,2.7643481812883466,34.76246933354001,0.0,0.0,0.0,14.10525,84.99364007790716,0.54675,3.511,2.54175,25.275705033811683,0.12125,16.124309511171884,0.0,15.899999618530272,95.8775580247973,25.711701128516648,,classic,True,,ACTIVE
00-0036442,Joe Burrow,QB,CIN,8000,134503-63336,15.3876,15.3876,1.0,1.036759751441192,15.953258452181489,PIT,23.08,42.67,2.0,1.0,7.4874,statline_mc+recal_10_4b,6.054792235639869,27.35209908964491,32.33475,232.2641463038611,1.47175,2.90275,11.786926000270409,0.1165,0.0,0.0,0.0,0.0,15.953258452181489,0.0,15.670000076293944,74.2382713821725,2.6971795971906416,,classic,True,,ACTIVE
00-0033280,Christian McCaffrey,RB,SF,8900,134503-55050,12.5688,12.5688,1.0,1.2663023133937263,15.91595584144274,ARI,28.19,47.89,2.0,1.0,8.9499,statline_mc+recal_10_4b,3.235813540606614,33.572479106907544,0.0,0.0,0.0,10.9275,61.11589063368598,0.53275,5.17825,3.882,37.76366778074141,0.174,15.91595584144274,0.0,15.949999809265137,92.42645008365866,18.787825862193493,,classic,True,,ACTIVE
00-0029604,Kirk Cousins,QB,LV,6800,134503-22038,17.1642,17.1642,1.0,0.9109830051658308,15.636319264055262,NO,20.28,43.61,2.0,1.0,7.4978,statline_mc+recal_10_4b,5.4399214541184095,27.39181372680027,31.4765,202.13180199187332,1.80675,3.19925,9.43047184380328,0.112,0.0,0.0,0.0,0.0,15.636319264055262,0.0,18.51000022888184,64.52769758210032,1.347962535055226,,classic,True,,ACTIVE
00-0036358,CeeDee Lamb,WR,DAL,8600,134503-86631,13.8964,13.8964,1.0,1.1216590551770609,15.58701573808054,BAL,24.97,53.33,2.0,1.0,8.7143,statline_mc+recal_10_4b,2.8745173264654307,32.893639600482345,0.0,0.0,0.0,0.42075,3.190154560620643,0.018,8.64075,5.695,87.33500282018476,0.60875,15.58701573808054,0.0,23.600000381469727,94.12008519410846,11.648256993520365,,classic,True,,ACTIVE
00-0039163,C.J. Stroud,QB,HOU,7000,134503-129471,15.757,15.757,1.0,0.9882458635921242,15.571773499073217,IND,22.0,42.5,2.0,1.0,7.4764,statline_mc+recal_10_4b,6.038831487831009,26.928405280672614,36.16525,245.5710552044814,1.2405,2.5865,11.959312908939603,0.0985,0.0,0.0,0.0,0.0,15.571773499073217,0.0,18.239999771118164,68.40747924936846,1.7784131555812988,,classic,True,,ACTIVE
00-0033537,Deshaun Watson,QB,CLE,6600,134503-54879,17.2051,17.2051,1.0,0.8948117092161416,15.39536888611102,CAR,19.92,42.11,2.0,1.0,7.5193,statline_mc+recal_10_4b,5.567926785081011,26.831801186750432,29.83025,210.96513166587096,1.3115,5.04325,19.4526361947618,0.17325,0.0,0.0,0.0,0.0,15.39536888611102,0.0,17.360000610351562,56.75978888487911,0.7739435026011708,,classic,True,,ACTIVE
00-0036223,Jonathan Taylor,RB,IND,8500,134503-89675,16.1153,16.1153,1.0,0.920865463801752,14.840038713554026,HOU,20.5,42.5,2.0,1.0,8.8454,statline_mc+recal_10_4b,2.5315991108256823,32.69576601884508,0.0,0.0,0.0,16.9335,68.28499944878138,0.72525,3.43,2.659,20.07038768675886,0.0865,14.840038713554026,0.0,25.39999961853028,75.7749198271054,4.134777928396182,,classic,True,,ACTIVE
00-0036355,Justin Herbert,QB,LAC,7200,134503-69189,15.3868,15.3868,1.0,0.9608445010107062,14.784300959481538,BUF,21.39,50.0,2.0,1.0,7.4643,statline_mc+recal_10_4b,5.331530323398907,25.81559003209416,33.03475,225.5745930804692,1.291,2.94825,12.010672362627693,0.11575,0.0,0.0,0.0,0.0,14.784300959481538,0.0,12.06999969482422,74.16257668711656,2.6826359363250707,,classic,True,,ACTIVE
00-0030565,Geno Smith,QB,NYJ,6700,134503-26483,15.7533,15.7533,1.0,0.9334431384292882,14.704853225340104,DET,20.78,48.17,2.0,1.0,7.4314,statline_mc+recal_10_4b,5.5506696421247925,25.773395152300367,34.66625,232.0011029844688,1.1035,3.7935,13.350591059613524,0.143,0.0,0.0,0.0,0.0,14.704853225340104,0.0,12.4399995803833,69.25559364850234,1.8894789080006942,,classic,True,,ACTIVE
00-0035228,Kyler Murray,QB,MIN,7000,134503-63484,14.8823,14.8823,1.0,0.981957026278356,14.6137314331968,TB,21.86,42.5,1.0,1.0,7.4629,statline_mc+recal_10_4b,5.306450255966837,25.875383991095728,29.12425,194.27240805210133,1.244,4.99625,20.568351111127463,0.2015,0.0,0.0,0.0,0.0,14.6137314331968,0.0,0.6200000047683716,66.06518404907976,1.5044308908110495,,classic,True,,ACTIVE
00-0038606,Parker Washington,WR,JAX,7100,134503-137516,13.2611,13.2611,1.0,1.0969529085872578,14.546791468758922,NE,24.42,45.94,2.0,1.0,8.3571,statline_mc+recal_10_4b,2.667942857796685,31.7739239346517,0.0,0.0,0.0,0.0535,0.5363219807509504,0.0015,9.24975,5.83875,86.06784270683825,0.5045,14.546791468758922,0.0,15.050000190734863,88.18535617595191,8.215764819968678,,classic,True,,ACTIVE
00-0039851,Drake Maye,QB,NE,7400,134503-152316,14.8745,14.8745,1.0,0.9671333383244742,14.385667336438644,JAX,21.53,45.94,2.0,1.0,7.4398,statline_mc+recal_10_4b,5.084100283438155,25.33373280745005,31.836,218.38223530219648,1.12625,3.795,17.096279243507844,0.13725,0.0,0.0,0.0,0.0,14.385667336438644,0.0,10.920000076293944,70.53856910862504,2.0708148668502178,,classic,True,,ACTIVE
00-0034869,Sam Darnold,QB,SEA,6900,134503-63589,13.017,13.017,1.0,1.0807816126375684,14.068528968230757,WAS,24.06,40.22,1.0,1.0,7.3902,statline_mc+recal_10_4b,5.076784006490151,24.62203422361748,29.166,225.91322420576896,1.4285,0.0,0.0,0.0,0.0,0.0,0.0,0.0,14.068528968230757,0.0,0.5199999809265137,64.91117827499096,1.3853955536702873,,classic,True,,ACTIVE
00-0037239,Chris Olave,WR,NO,8100,134503-87770,13.3981,13.3981,1.0,1.0479898180729206,14.041061261042236,LV,23.33,43.61,2.0,1.0,8.5218,statline_mc+recal_10_4b,2.7701192048687178,30.38871081968698,0.0,0.0,0.0,0.11575,0.8335055319058094,0.00425,8.52975,5.749,85.50710707851657,0.428,14.041061261042236,0.0,22.39999961853028,84.4575706018231,6.598044671322896,,classic,True,,ACTIVE
00-0034855,Baker Mayfield,QB,TB,7300,134503-41535,14.5024,14.5024,1.0,0.92715430111552,13.446004251825467,MIN,20.64,42.5,2.0,1.0,7.3951,statline_mc+recal_10_4b,4.658739132057354,23.865103482372422,31.672,197.226715761257,1.0565,3.79675,16.19935621375185,0.15025,0.0,0.0,0.0,0.0,13.446004251825467,0.0,12.40999984741211,63.730167358354386,1.2733201424507767,,classic,True,,ACTIVE
00-0038933,Dalton Kincaid,TE,BUF,5700,134503-145558,10.3498,10.3498,1.0,1.2851688253350304,13.301182837910376,LAC,28.61,50.0,2.0,1.0,7.8283,statline_mc+recal_10_4b,2.4050635984378306,28.019464306072383,0.0,0.0,0.0,0.0,0.0,0.0,6.68825,4.78875,79.64307837910374,0.50225,13.301182837910376,0.0,18.75,96.78340714256693,9.49859840383421,,classic,True,,ACTIVE
00-0038597,Chase Brown,RB,CIN,7500,134503-89493,12.7513,12.7513,1.0,1.036759751441192,13.220010297682194,PIT,23.08,42.67,2.0,1.0,8.2847,statline_mc+recal_10_4b,2.457793597383872,28.307258054789116,0.0,0.0,0.0,15.7175,64.3559352955148,0.4645,3.9775,2.98875,20.160417681307152,0.11225,13.220010297682194,0.0,13.0,81.61189776481187,7.029165404630983,,classic,True,,ACTIVE
00-0036997,Javonte Williams,RB,DAL,7300,134503-93541,11.395,11.395,1.0,1.1216590551770609,12.781308666833718,BAL,24.97,53.33,2.0,1.0,8.2093,statline_mc+recal_10_4b,2.533747043542383,26.87946131239136,0.0,0.0,0.0,11.494,47.86962351665424,0.41975,4.21525,3.264,29.09846315168293,0.18275,12.781308666833718,0.0,14.100000381469728,91.0137178772148,16.523422156505635,,classic,True,,ACTIVE
00-0040122,Ashton Jeanty,RB,LV,7700,134503-167031,13.9405,13.9405,1.0,0.9109830051658308,12.699542470893295,NO,20.28,43.61,2.0,1.0,7.9861,statline_mc+recal_10_4b,2.679496238416328,26.86868042486702,0.0,0.0,0.0,16.01625,53.42114524563313,0.31675,5.12,3.859,26.37927946329982,0.1855,12.699542470893295,0.0,20.5,73.84073748337552,3.4680721498851206,,classic,True,,ACTIVE
00-0039361,Bucky Irving,RB,TB,7600,134503-152664,13.6316,13.6316,1.0,0.92715430111552,12.638608788160694,MIN,20.64,42.5,2.0,1.0,8.0859,statline_mc+recal_10_4b,2.671898033558705,26.690363619573603,0.0,0.0,0.0,12.847,56.911972198640406,0.38475,4.30775,3.47125,23.64786568296655,0.1165,12.638608788160694,0.0,13.899999618530272,72.41727980608349,3.0471100589368008,,classic,True,,ACTIVE
00-0035710,Daniel Jones,QB,IND,7100,134503-63519,13.5971,13.5971,1.0,0.920865463801752,12.521112717401378,HOU,20.5,42.5,2.0,1.0,7.3086,statline_mc+recal_10_4b,4.219414256875315,21.991802555837918,31.663,189.11152227156973,1.19875,1.9495,7.344018265385876,0.0735,0.0,0.0,0.0,0.0,12.521112717401378,0.0,11.220000267028809,58.95204799711295,0.9051392628452486,,classic,True,,ACTIVE
00-0033119,Jacoby Brissett,QB,ARI,6800,134503-30231,14.1482,14.1482,1.0,0.8844800479149512,12.51380697893526,SF,19.69,47.89,2.0,1.0,7.2958,statline_mc+recal_10_4b,4.17891489346934,22.19950745950379,33.45775,183.68774575216707,1.15275,2.76475,9.935471488485774,0.105,0.0,0.0,0.0,0.0,12.51380697893526,0.0,11.989999771118164,60.28793756766511,0.9957632186764,,classic,True,,ACTIVE
00-0037744,Trey McBride,TE,ARI,7300,134503-91750,13.4717,13.4717,1.0,0.8844800479149512,11.915450639279008,SF,19.69,47.89,2.0,1.0,6.9447,statline_mc+recal_10_4b,2.805618073211504,24.971657925511305,0.0,0.0,0.0,0.0,0.0,0.0,9.53925,6.625,56.72950639279008,0.505,11.915450639279008,0.0,17.049999237060547,78.55556514849876,3.2508556923226144,,classic,True,,ACTIVE
00-0039064,Zay Flowers,WR,BAL,7500,134503-112295,9.1732,9.1732,1.0,1.2739387587033018,11.686111061308036,DAL,28.36,53.33,1.0,0.676732140326588,7.7831,statline_mc+recal_10_4b,1.6512490367194812,26.987071808872734,0.0,0.0,0.0,0.1215,0.8789162555470704,0.00625,5.69275,3.63675,74.20844435753328,0.393,11.686111061308036,0.0,26.5,75.3789161105051,3.867989425432498,,classic,True,Questionable,QUESTIONABLE
00-0039491,Jalen Coker,WR,CAR,6200,134503-201547,11.7093,11.7093,1.0,0.996780714232238,11.671624640046216,CLE,22.19,42.11,2.0,1.0,7.5332,statline_mc+recal_10_4b,2.234415899575993,26.04303271194867,0.0,0.0,0.0,0.068,0.3622093458066621,0.00325,7.52875,5.2615,65.8565370546555,0.40825,11.671624640046216,0.0,21.700000762939453,76.50395233600754,4.132627673556187,,classic,True,Questionable,QUESTIONABLE
00-0038128,Malik Willis,QB,MIA,6500,134503-87691,14.88,14.88,1.0,0.7825110428988548,11.643771890830331,KC,17.42,45.22,2.0,1.0,7.2612,statline_mc+recal_10_4b,4.0192568116790985,20.971367496850142,30.562,186.2923561277194,0.88125,2.94425,10.803276457215569,0.11075,0.0,0.0,0.0,0.0,11.643771890830331,0.0,15.09000015258789,52.83886683507758,0.5848953931826179,,classic,True,,ACTIVE
00-0036322,Justin Jefferson,WR,MIN,8400,134503-85671,11.7537,11.7537,1.0,0.981957026278356,11.541604691795406,TB,21.86,42.5,2.0,1.0,7.4618,statline_mc+recal_10_4b,2.117294656250892,25.559545551672574,0.0,0.0,0.0,0.12275,0.9493391044143104,0.005,7.78775,5.05075,63.56295781353975,0.43175,11.541604691795406,0.0,17.100000381469727,80.00099755346363,5.076499693746865,,classic,True,,ACTIVE
00-0030506,Travis Kelce,TE,KC,5500,134503-33076,9.1955,9.1955,1.0,1.249232612113499,11.4872820409977,MIA,27.81,45.22,2.0,1.0,7.2934,statline_mc+recal_10_4b,2.239219720609907,24.323558147951605,0.0,0.0,0.0,0.0,0.0,0.0,6.5605,4.53475,65.71407040997697,0.4525,11.4872820409977,0.0,16.100000381469727,89.11510177548449,6.050055617552947,,classic,True,,ACTIVE
00-0038120,Breece Hall,RB,NYJ,7100,134503-103064,12.0794,12.0794,1.0,0.9334431384292882,11.275433436887084,DET,20.78,48.17,2.0,1.0,7.8023,statline_mc+recal_10_4b,2.12889122224907,24.39116892568557,0.0,0.0,0.0,13.739,49.48636100940723,0.37025,3.61825,2.85725,23.1567233594636,0.0885,11.275433436887084,0.0,16.75,79.3004311639281,5.696971126594249,,classic,True,,ACTIVE
00-0039040,De'Von Achane,RB,MIA,7900,134503-138820,13.521,13.521,1.0,0.7825110428988548,10.580321855026508,KC,17.42,45.22,2.0,1.0,7.4013,statline_mc+recal_10_4b,2.447050246848466,21.67575401204993,0.0,0.0,0.0,13.79,42.06228373458584,0.25325,5.44625,3.96125,23.314684815679247,0.11975,10.580321855026508,0.0,9.699999809265137,67.95240036037582,2.03052724990841,,classic,True,,ACTIVE
00-0036555,Chuba Hubbard,RB,CAR,6700,134503-87467,10.598,10.598,1.0,0.996780714232238,10.56385641098178,CLE,22.19,42.11,2.0,1.0,7.7061,statline_mc+recal_10_4b,1.6559100819698196,23.29970560610348,0.0,0.0,0.0,12.28675,52.35181069118767,0.411,2.3645,1.81825,14.775503418630128,0.103,10.56385641098178,0.0,17.799999237060547,72.8675886996439,3.1744385812898215,,classic,True,,ACTIVE
00-0023459,Aaron Rodgers,QB,PIT,6900,134503-6894,11.9654,11.9654,1.0,0.8795388185969905,10.52404066751644,CIN,19.58,42.67,2.0,1.0,7.1655,statline_mc+recal_10_4b,3.429355962476432,19.082841212988757,33.6395,170.71824027939687,0.90325,1.905,6.150610563405639,0.06875,0.0,0.0,0.0,0.0,10.52404066751644,0.0,8.760000228881836,53.69099603031396,0.6216016088302866,,classic,True,,ACTIVE
00-0040666,Omarion Hampton,RB,LAC,7200,134503-174215,10.9425,10.9425,1.0,0.9608445010107062,10.51406713221133,BUF,21.39,50.0,2.0,1.0,7.832,statline_mc+recal_10_4b,1.509891042525304,23.10509996340821,0.0,0.0,0.0,14.19225,54.9268789064916,0.4905,1.9645,1.5125,11.361292415621714,0.059,10.51406713221133,0.0,12.399999618530272,80.3094298339697,6.2442547696195385,,classic,True,,ACTIVE
00-0034753,Mark Andrews,TE,BAL,5300,134503-52436,8.2413,8.2413,1.0,1.2739387587033018,10.498869481134188,DAL,28.36,53.33,2.0,1.0,6.6756,statline_mc+recal_10_4b,2.0136087935739,22.568485975756804,0.0,0.0,0.0,0.0,0.0,0.0,6.28125,4.34075,58.45994481134187,0.42475,10.498869481134188,0.0,7.400000095367432,95.78774936009425,8.958261206967828,,classic,True,,ACTIVE
00-0035719,Deebo Samuel Sr.,WR,SF,6500,134503-56018,8.2698,8.2698,1.0,1.2663023133937263,10.472059833535075,ARI,28.19,47.89,2.0,1.0,7.3458,statline_mc+recal_10_4b,1.6186213157772518,23.794948968285052,0.0,0.0,0.0,0.71275,4.995286827215096,0.036,5.7215,3.8055,56.06781150813567,0.384,10.472059833535075,0.0,10.0,90.17580599090931,9.236288530851768,,classic,True,,ACTIVE
00-0040124,Tetairoa McMillan,WR,CAR,6800,134503-167620,10.5046,10.5046,1.0,0.996780714232238,10.47079866342994,CLE,22.19,42.11,2.0,1.0,7.2692,statline_mc+recal_10_4b,1.9838602973709056,23.485281651821843,0.0,0.0,0.0,0.06225,0.3610885671166926,0.00275,7.70825,4.555,62.39189806718272,0.32675,10.47079866342994,0.0,11.800000190734863,75.633506991878,3.926352107604157,,classic,True,,ACTIVE
00-0036550,Rashod Bateman,WR,BAL,5600,134503-85845,8.0683,8.0683,1.0,1.2739387587033018,10.27846901912345,DAL,28.36,53.33,2.0,1.0,7.4251,statline_mc+recal_10_4b,1.5395088443524632,23.59652522012541,0.0,0.0,0.0,0.0525,0.3318877424020391,0.00225,5.78825,3.64175,60.54405244883248,0.3995,10.27846901912345,0.0,9.149999618530272,92.33417575321029,10.48665040230847,,classic,True,,ACTIVE
00-0037247,George Pickens,WR,DAL,7700,134503-110246,9.1182,9.1182,1.0,1.1216590551770609,10.227459044901112,BAL,24.97,53.33,2.0,1.0,7.2568,statline_mc+recal_10_4b,1.8988539550564116,22.26907194297959,0.0,0.0,0.0,0.09525,0.5894763212575999,0.0055,7.423,4.6155,57.83761412775352,0.34925,10.227459044901112,0.0,5.650000095367432,90.27393134795459,9.289755284288558,,classic,True,,ACTIVE
00-0032268,Marcus Mariota,QB,WAS,6700,134503-29358,14.0638,14.0638,1.0,0.7263607097402113,10.215393781106751,SEA,16.17,40.22,1.0,1.0,7.1484,statline_mc+recal_10_4b,3.2391461162037896,18.57472538768917,31.1695,159.02788044736434,1.07075,0.78025,2.407785632121798,0.0245,0.0,0.0,0.0,0.0,10.215393781106751,0.0,8.739999771118164,44.60118188379646,0.3247406774286322,,classic,True,,ACTIVE
00-0039065,Sam LaPorta,TE,DET,6200,134503-105646,8.2245,8.2245,1.0,1.2303661001721946,10.1191104424191,NYJ,27.39,48.17,2.0,1.0,6.607,statline_mc+recal_10_4b,1.9756987334931952,22.089225535771963,0.0,0.0,0.0,0.0,0.0,0.0,6.35325,4.2885,53.98360442419101,0.4395,10.1191104424191,0.0,10.75,91.87304473245845,7.1156700659575485,,classic,True,,ACTIVE
00-0034383,Dalton Schultz,TE,HOU,5800,134503-55042,10.1614,10.1614,1.0,0.9882458635921242,10.04200111410298,IND,22.0,42.5,2.0,1.0,6.5389,statline_mc+recal_10_4b,2.245078146175789,20.987862726386933,0.0,0.0,0.0,0.0,0.0,0.0,7.2815,5.012,55.03001114102979,0.351,10.04200111410298,0.0,14.25,78.69263702108641,3.2771734668328065,,classic,True,,ACTIVE
00-0031503,Jameis Winston,QB,NYG,6400,134503-24849,11.162,11.162,1.0,0.8984053305382946,10.027990428281974,TEN,20.0,37.56,1.0,1.0,7.1148,statline_mc+recal_10_4b,3.2429796024234743,18.3947104382934,29.294,151.5003744581882,0.943,1.99225,7.297254499544464,0.0735,0.0,0.0,0.0,0.0,10.027990428281974,0.0,3.539999961853028,46.30535005413208,0.36677671103755033,,classic,True,,ACTIVE
00-0040719,Bhayshul Tuten,RB,JAX,6400,134503-160620,9.1041,9.1041,1.0,1.0969529085872578,9.986720696554713,NE,24.42,45.94,2.0,1.0,7.6527,statline_mc+recal_10_4b,1.5015103892722033,22.29093872400915,0.0,0.0,0.0,10.9805,52.68840430187025,0.3865,1.966,1.51875,13.865052663676876,0.06425,9.986720696554713,0.0,11.25,81.9063720022309,7.219880235463082,,classic,True,,ACTIVE
00-0037740,Garrett Wilson,WR,NYJ,7300,134503-103564,10.5456,10.5456,1.0,0.9334431384292882,9.843727581963774,DET,20.78,48.17,2.0,1.0,7.1499,statline_mc+recal_10_4b,1.870075907343023,21.706480385867504,0.0,0.0,0.0,0.04925,0.1857711431818027,0.00125,6.931,4.603,55.52150467645594,0.33675,9.843727581963774,0.0,12.550000190734863,80.43587466779266,5.208036920947434,,classic,True,,ACTIVE
00-0031408,Mike Evans,WR,SF,7800,134503-32384,7.772,7.772,1.0,1.2663023133937263,9.84165239066489,ARI,28.19,47.89,2.0,1.0,7.4295,statline_mc+recal_10_4b,1.4944775260196712,22.09323742714297,0.0,0.0,0.0,0.0955,0.6101604470681948,0.00325,5.4395,3.6895,58.473863459580734,0.35125,9.84165239066489,0.0,10.399999618530272,88.92074526216437,8.5789628747064,,classic,True,Questionable,QUESTIONABLE
00-0040676,Cam Ward,QB,TEN,6600,134503-168356,12.2652,12.2652,1.0,0.7887998802126227,9.67482300120686,NYG,17.56,37.56,2.0,1.0,7.1648,statline_mc+recal_10_4b,2.7748822939162285,18.014501564474283,27.11475,136.35096413349098,0.77025,3.7525,12.130344358672176,0.16225,0.0,0.0,0.0,0.0,9.67482300120686,0.0,15.859999656677246,43.329889931432696,0.2965513469066819,,classic,True,,ACTIVE
00-0037261,Khalil Shakir,WR,BUF,5900,134503-86518,7.4055,7.4055,1.0,1.2851688253350304,9.517269235317034,LAC,28.61,50.0,2.0,1.0,7.0589,statline_mc+recal_10_4b,1.5507461298819452,21.478423652231506,0.0,0.0,0.0,0.05125,0.3566844697686706,0.002,6.0125,3.65575,56.17225788340165,0.3435,9.517269235317034,0.0,6.150000095367432,92.71230222796254,10.722515594868034,,classic,True,,ACTIVE
00-0036410,Tee Higgins,WR,CIN,7000,134503-89981,8.9879,8.9879,1.0,1.036759751441192,9.31833390733743,PIT,23.08,42.67,2.0,1.0,7.1986,statline_mc+recal_10_4b,1.5054323242909788,20.90637303225825,0.0,0.0,0.0,0.06025,0.3227633461874129,0.002,6.50175,3.76875,57.4618257271869,0.283,9.31833390733743,0.0,9.699999809265137,78.30900250863118,4.595570326996807,,classic,True,,ACTIVE
DST_KC,Kansas City Chiefs,D,KC,5000,134503-12536,9.3163984245,9.3163984245,1.3145288047655823,1.2905696979294508,9.3163984245,MIA,27.81,45.22,,,6.1216,dst_simulated_session_10_4,0.0,0.0,0.0,0.0,0.0,0.0,0.0,0.0,0.0,0.0,0.0,0.0,9.3163984245,0.0,6.5,74.98112317130722,12.558851828201279,,classic,True,,ACTIVE
00-0036973,Travis Etienne Jr.,RB,NO,6800,134503-89956,8.8224,8.8224,1.0,1.0479898180729206,9.245773075684712,LV,23.33,43.61,2.0,1.0,7.1695,statline_mc+recal_10_4b,1.8664708260754563,19.76484781889565,0.0,0.0,0.0,8.48175,37.76648284896664,0.227,3.713,2.831,21.156247907880488,0.11425,9.245773075684712,0.0,8.699999809265137,77.24189154403878,4.724655682508537,,classic,True,,ACTIVE
00-0040715,Cam Skattebo,RB,NYG,6900,134503-183240,10.2657,10.2657,1.0,0.8984053305382946,9.222762977789989,TEN,20.0,37.56,2.0,1.0,7.4948,statline_mc+recal_10_4b,1.4534007890408036,20.153467341795643,0.0,0.0,0.0,13.35325,48.62876173509369,0.37875,2.148,1.656,10.943868042806209,0.0535,9.222762977789989,0.0,10.800000190734863,61.23994487107984,1.1030424903393934,,classic,True,,ACTIVE
00-0039890,Adonai Mitchell,WR,NYJ,5400,134503-151789,9.7152,9.7152,1.0,0.9334431384292882,9.068628813194916,DET,20.78,48.17,2.0,1.0,6.8602,statline_mc+recal_10_4b,1.6599083134739503,20.360769175585844,0.0,0.0,0.0,0.05,0.2669994114311232,0.0015,7.00025,4.253,52.77428872051803,0.2805,9.068628813194916,0.0,8.399999618530273,77.27797993095052,4.325139872074153,,classic,True,Questionable,QUESTIONABLE
DST_NYG,New York Giants,D,NYG,4600,134503-12543,9.050168025,9.050168025,1.276964124413713,1.2802804178776217,9.050168025,TEN,20.0,37.56,,,5.8431,dst_simulated_session_10_4,0.0,0.0,0.0,0.0,0.0,0.0,0.0,0.0,0.0,0.0,0.0,0.0,9.050168025,0.0,3.5,57.27141340254838,3.8565709124319363,,classic,True,,ACTIVE
00-0039893,Brian Thomas Jr.,WR,JAX,5700,134503-151745,8.0869,8.0869,1.0,1.0969529085872578,8.870906971853474,NE,24.42,45.94,2.0,1.0,6.9621,statline_mc+recal_10_4b,1.4203112127956774,19.833602546365917,0.0,0.0,0.0,0.05075,0.2673841942621909,0.00175,6.0355,3.62175,52.95293552427254,0.29525,8.870906971853474,0.0,5.5,83.24608492089119,6.144205727836337,,classic,True,,ACTIVE
00-0039424,Devaughn Vele,WR,NO,5700,134503-103511,8.3969,8.3969,1.0,1.0479898180729206,8.799818859821638,LV,23.33,43.61,2.0,1.0,6.7736,statline_mc+recal_10_4b,1.512357798688218,20.567109441779262,0.0,0.0,0.0,0.043,0.1513784836676199,0.00125,5.92825,3.84675,49.64806011454877,0.323,8.799818859821638,0.0,12.649999618530272,79.11344104716723,4.818259586311901,,classic,True,,ACTIVE
00-0037240,Jameson Williams,WR,DET,6600,134503-111631,7.1502,7.1502,1.0,1.2303661001721946,8.797363763532507,NYJ,27.39,48.17,2.0,1.0,6.7817,statline_mc+recal_10_4b,1.36557060757927,20.227342692842463,0.0,0.0,0.0,0.0475,0.4258488980886585,0.00175,5.785,3.32025,53.246538737236406,0.299,8.797363763532507,0.0,5.400000095367432,87.36919723802191,7.830649825236539,,classic,True,,ACTIVE
00-0037838,Isaiah Likely,TE,NYG,5600,134503-87260,9.7346,9.7346,1.0,0.8984053305382946,8.745657910175924,TEN,20.0,37.56,2.0,1.0,6.053,statline_mc+recal_10_4b,1.8726653270681863,18.70907120655808,0.0,0.0,0.0,0.0,0.0,0.0,6.893,4.714,41.996579101759245,0.376,8.745657910175924,0.0,14.800000190734863,66.93137264860033,1.6407315709613703,,classic,True,,ACTIVE
00-0035685,David Montgomery,RB,HOU,6600,134503-73273,8.815,8.815,1.0,0.9882458635921242,8.711379196225142,IND,22.0,42.5,2.0,1.0,7.259,statline_mc+recal_10_4b,1.1651303139245393,19.82183236510008,0.0,0.0,0.0,11.283,40.21378047382087,0.42025,1.86625,1.44225,11.74876148843054,0.06725,8.711379196225142,0.0,15.399999618530272,70.1088367154318,2.470289022594004,,classic,True,,ACTIVE
00-0041512,Jadarian Price,RB,SEA,6000,134503-169381,8.0314,8.0314,1.0,1.0807816126375684,8.68015745486125,WAS,24.06,40.22,2.0,1.0,7.2282,statline_mc+recal_10_4b,1.444661868786336,19.23483496817714,0.0,0.0,0.0,10.10175,47.56818647253672,0.2705,2.04075,1.53775,12.239638076075783,0.069,8.68015745486125,0.0,5.650000095367432,71.21640246256811,2.7319699767853867,,classic,True,,ACTIVE
00-0039894,Xavier Worthy,WR,KC,6000,134503-158974,6.9225,6.9225,1.0,1.249232612113499,8.647827451002751,MIA,27.81,45.22,2.0,1.0,7.0039,statline_mc+recal_10_4b,1.3504566897891552,19.30271745751071,0.0,0.0,0.0,0.04925,0.3143793119584392,0.003,5.58425,3.439,47.37889519806906,0.362,8.647827451002751,0.0,7.150000095367432,84.81917985146916,6.739895872018745,,classic,True,,ACTIVE
DST_DET,Detroit Lions,D,DET,4700,134503-12532,8.6266382625,8.6266382625,1.2172047574229596,1.081892403172812,8.6266382625,NYJ,27.39,48.17,,,6.2473,dst_simulated_session_10_4,0.0,0.0,0.0,0.0,0.0,0.0,0.0,0.0,0.0,0.0,0.0,0.0,8.6266382625,0.0,4.0,71.7113025011798,10.099013009436598,,classic,True,,ACTIVE
00-0036900,Ja'Marr Chase,WR,CIN,8900,134503-85701,8.2231,8.2231,1.0,1.036759751441192,8.525412932520727,PIT,23.08,42.67,2.0,1.0,6.6553,statline_mc+recal_10_4b,1.5189828000204904,18.96364474411785,0.0,0.0,0.0,0.155,1.0540997333742903,0.00625,5.87525,3.717,45.06502959183297,0.34225,8.525412932520727,0.0,12.600000381469728,78.382367551725,4.615445784206518,,classic,True,,ACTIVE
00-0040784,Quinshon Judkins,RB,CLE,6100,134503-169410,9.5194,9.5194,1.0,0.8948117092161416,8.518028072002776,CAR,19.92,42.11,2.0,1.0,6.8948,statline_mc+recal_10_4b,1.6851206790623168,18.28764548114896,0.0,0.0,0.0,10.834,34.77452756603865,0.2465,3.39025,2.682,18.360753153989137,0.08625,8.518028072002776,0.0,6.650000095367432,62.04279999141962,1.186560862221014,,classic,True,,ACTIVE
DST_CAR,Carolina Panthers,D,CAR,3800,134503-12553,8.5135333095,8.5135333095,1.2012458308178924,1.1286006093338872,8.5135333095,CLE,22.19,42.11,,,6.2328,dst_simulated_session_10_4,0.0,0.0,0.0,0.0,0.0,0.0,0.0,0.0,0.0,0.0,0.0,0.0,8.5135333095,0.0,13.0,60.3501061821614,4.735203053756204,,classic,True,,ACTIVE
DST_SEA,Seattle Seahawks,D,SEA,4800,134503-12550,8.428581832499999,8.428581832499999,1.189259314308443,1.3903354445226366,8.428581832499999,WAS,24.06,40.22,,,5.8914,dst_simulated_session_10_4,0.0,0.0,0.0,0.0,0.0,0.0,0.0,0.0,0.0,0.0,0.0,0.0,8.428581832499999,0.0,10.5,56.338780084945725,3.6240887213334796,,classic,True,,ACTIVE
00-0034827,DJ Moore,WR,BUF,6700,134503-63043,6.5459,6.5459,1.0,1.2851688253350304,8.412549309799058,LAC,28.61,50.0,2.0,1.0,6.8355,statline_mc+recal_10_4b,1.1095767705851105,19.607791381294994,0.0,0.0,0.0,0.374,3.216926162485189,0.0195,4.4825,2.76525,47.992316935505386,0.30425,8.412549309799058,0.0,10.699999809265137,90.74873947492611,9.552874466484012,,classic,True,Questionable,QUESTIONABLE
DST_BUF,Buffalo Bills,D,BUF,4400,134503-12526,8.401819662000001,8.401819662000001,1.1854832151768533,1.051038996630717,8.401819662000001,LAC,28.61,50.0,,,6.1516,dst_simulated_session_10_4,0.0,0.0,0.0,0.0,0.0,0.0,0.0,0.0,0.0,0.0,0.0,0.0,8.401819662000001,0.0,4.5,77.39853704577631,14.755068736018147,,classic,True,,ACTIVE
00-0041037,Denzel Boston,WR,CLE,5600,134503-167110,9.3447,9.3447,1.0,0.8948117092161416,8.361750771871877,CAR,19.92,42.11,2.0,1.0,6.8149,statline_mc+recal_10_4b,1.2082561009865511,19.47252347903928,0.0,0.0,0.0,0.0645,0.3294587973285953,0.001,5.60125,3.455,48.18304892139018,0.30175,8.361750771871877,0.0,15.449999809265137,63.873863664588555,1.965933218211664,,classic,True,,ACTIVE
00-0037228,Jaylen Warren,RB,PIT,6300,134503-112057,9.4958,9.4958,1.0,0.8795388185969905,8.351892287572472,CIN,19.58,42.67,2.0,1.0,6.8846,statline_mc+recal_10_4b,1.6568339732715351,17.99155188482168,0.0,0.0,0.0,9.55325,35.62561975666479,0.22475,3.4745,2.56925,17.957053119059914,0.0805,8.351892287572472,0.0,8.25,62.63422926766484,1.252104065974407,,classic,True,Questionable,QUESTIONABLE
00-0033288,George Kittle,TE,SF,6100,134503-39793,6.5765,6.5765,1.0,1.2663023133937263,8.327816492750069,ARI,28.19,47.89,2.0,1.0,6.1741,statline_mc+recal_10_4b,1.237904275458463,18.53283756664035,0.0,0.0,0.0,0.0,0.0,0.0,4.67925,3.116,46.653164927500704,0.358,8.327816492750069,0.0,9.100000381469728,91.09893653760207,6.798918989837622,,classic,True,,ACTIVE
00-0039915,Ladd McConkey,WR,LAC,6300,134503-133472,8.5559,8.5559,1.0,0.9608445010107062,8.220888923867983,BUF,21.39,50.0,2.0,1.0,6.7685,statline_mc+recal_10_4b,1.383903507201453,18.658083848558224,0.0,0.0,0.0,0.049,0.2571956722965109,0.00225,5.7535,3.715,46.84669356638333,0.2805,8.220888923867983,0.0,10.850000381469728,79.61196939966716,4.9616481725105865,,classic,True,,ACTIVE
00-0036875,Rhamondre Stevenson,RB,NE,5900,134503-111540,8.4898,8.4898,1.0,0.9671333383244742,8.210761793455248,JAX,21.53,45.94,2.0,1.0,6.9145,statline_mc+recal_10_4b,1.6196120321931349,17.88166095200916,0.0,0.0,0.0,8.49025,33.22930767482388,0.19875,3.46125,2.6095,19.62081025972859,0.09225,8.210761793455248,0.0,7.550000190734863,73.54844158908575,3.3771309211864593,,classic,True,,ACTIVE
00-0034829,Mike Gesicki,TE,CIN,5000,134503-56265,7.8681,7.8681,1.0,1.036759751441192,8.157339253551164,PIT,23.08,42.67,1.0,1.0,5.9719,statline_mc+recal_10_4b,1.5395753009499622,18.13955680612554,0.0,0.0,0.0,0.0,0.0,0.0,5.42425,3.63075,43.87464253551165,0.334,8.157339253551164,0.0,16.299999237060547,78.31852070044286,3.205841006806065,,classic,True,,ACTIVE
00-0039067,Rashee Rice,WR,KC,7600,134503-111311,6.4659,6.4659,1.0,1.249232612113499,8.077427883277503,MIA,27.81,45.22,2.0,1.0,6.8331,statline_mc+recal_10_4b,1.0450325206997129,18.295684039043223,0.0,0.0,0.0,0.07825,0.3718600151287174,0.00225,4.42225,2.80675,48.72866881764632,0.2975,8.077427883277503,0.0,9.600000381469728,82.99731750329101,6.054949895822203,,classic,True,,ACTIVE
00-0033293,Aaron Jones Sr.,RB,MIN,6200,134503-40442,8.0327,8.0327,1.0,0.981957026278356,7.887772716750949,TB,21.86,42.5,2.0,1.0,7.2289,statline_mc+recal_10_4b,0.8729297964612709,18.265283932768657,0.0,0.0,0.0,11.8765,49.1294683576244,0.33,1.0155,0.74225,5.787008809885086,0.03,7.887772716750949,0.0,11.75,67.44280642670213,1.9386052420385638,,classic,True,,ACTIVE
DST_TEN,Tennessee Titans,D,TEN,3100,134503-12534,7.872959889,7.872959889,1.1108619534388338,1.1240862068965518,7.872959889,NYG,17.56,37.56,,,6.0117,dst_simulated_session_10_4,0.0,0.0,0.0,0.0,0.0,0.0,0.0,0.0,0.0,0.0,0.0,0.0,7.872959889,0.0,3.5,60.065184049079754,4.6461076308510005,,classic,True,,ACTIVE
DST_NO,New Orleans Saints,D,NO,3400,134503-12542,7.857901052999999,7.857901052999999,1.1087371759458289,1.108566278990682,7.857901052999999,LV,23.33,43.61,,,6.0298,dst_simulated_session_10_4,0.0,0.0,0.0,0.0,0.0,0.0,0.0,0.0,0.0,0.0,0.0,0.0,7.857901052999999,0.0,5.0,69.81182161396886,8.89781408448685,,classic,True,,ACTIVE
DST_IND,Indianapolis Colts,D,IND,3400,134503-12535,7.837604361,7.837604361,1.1058733454117793,1.021896551724138,7.837604361,HOU,20.5,42.5,,,6.1219,dst_simulated_session_10_4,0.0,0.0,0.0,0.0,0.0,0.0,0.0,0.0,0.0,0.0,0.0,0.0,7.837604361,0.0,0.5,57.97693487494101,4.0422973802193765,,classic,True,,ACTIVE
00-0041027,Jeremiyah Love,RB,ARI,5800,134503-188171,8.7628,8.7628,1.0,0.8844800479149512,7.750515461726162,SF,19.69,47.89,2.0,1.0,6.7891,statline_mc+recal_10_4b,1.348613003836712,16.783125921778094,0.0,0.0,0.0,8.756,31.68571827908569,0.2545,3.0325,2.28725,15.643186338175932,0.07625,7.750515461726162,0.0,9.0,66.67995731262602,1.808718977817417,,classic,True,,ACTIVE
DST_SF,San Francisco 49ers,D,SF,4900,134503-12549,7.7483152845,7.7483152845,1.0932748006027142,1.1417838566750145,7.7483152845,ARI,28.19,47.89,,,6.0564,dst_simulated_session_10_4,0.0,0.0,0.0,0.0,0.0,0.0,0.0,0.0,0.0,0.0,0.0,0.0,7.7483152845,0.0,8.0,60.975401132609726,4.936768361654773,,classic,True,,ACTIVE
DST_CIN,Cincinnati Bengals,D,CIN,3600,134503-12528,7.6586170005,7.6586170005,1.0806185172748173,1.1481983727237506,7.6586170005,PIT,23.08,42.67,,,6.1443,dst_simulated_session_10_4,0.0,0.0,0.0,0.0,0.0,0.0,0.0,0.0,0.0,0.0,0.0,0.0,7.6586170005,0.0,14.5,57.83329400660689,4.003772857426237,,classic,True,,ACTIVE
00-0038997,Josh Downs,WR,IND,6100,134503-129305,8.2446,8.2446,1.0,0.920865463801752,7.592132356990318,HOU,20.5,42.5,2.0,1.0,6.3037,statline_mc+recal_10_4b,1.442496206827982,16.536742745094685,0.0,0.0,0.0,0.04525,0.1824994054665495,0.00225,5.98175,3.782,43.14882416443663,0.23175,7.592132356990318,0.0,7.699999809265137,67.76438426765355,2.471489995755036,,classic,True,,ACTIVE
DST_HOU,Houston Texans,D,HOU,4500,134503-12556,7.5661361055,7.5661361055,1.0675696120188654,1.096669470142977,7.5661361055,IND,22.0,42.5,,,6.0165,dst_simulated_session_10_4,0.0,0.0,0.0,0.0,0.0,0.0,0.0,0.0,0.0,0.0,0.0,0.0,7.5661361055,0.0,2.0,43.18575979235488,1.5079254770747146,,classic,True,,ACTIVE
DST_JAX,Jacksonville Jaguars,D,JAX,4000,134503-12554,7.4993534415,7.4993534415,1.0581466857455406,1.0442045581946602,7.4993534415,NE,24.42,45.94,,,6.1257,dst_simulated_session_10_4,0.0,0.0,0.0,0.0,0.0,0.0,0.0,0.0,0.0,0.0,0.0,0.0,7.4993534415,0.0,8.0,58.165113260972156,4.093328341527702,,classic,True,,ACTIVE
00-0038797,Emanuel Wilson,RB,SEA,5800,134503-185861,6.9057,6.9057,1.0,1.0807816126375684,7.463595001199067,WAS,24.06,40.22,2.0,1.0,7.0609,statline_mc+recal_10_4b,0.8289545180978843,17.758661996437013,0.0,0.0,0.0,10.58775,47.30394040644778,0.2865,0.99625,0.72325,5.920759605542891,0.03125,7.463595001199067,0.0,4.75,67.4052136513793,1.931991318164325,,classic,True,,ACTIVE
00-0035640,DK Metcalf,WR,PIT,6900,134503-73048,8.4743,8.4743,1.0,0.8795388185969905,7.453432640619875,CIN,19.58,42.67,2.0,1.0,6.3099,statline_mc+recal_10_4b,1.4028163447507735,16.90305041191644,0.0,0.0,0.0,0.04925,0.3279571169178872,0.00275,7.064,3.88325,39.97511928928086,0.252,7.453432640619875,0.0,5.349999904632568,65.54000769975906,2.168369549469874,,classic,True,,ACTIVE
00-0039880,Malik Washington,WR,MIA,5500,134503-110974,9.4599,9.4599,1.0,0.7825110428988548,7.402445963194164,KC,17.42,45.22,2.0,1.0,6.2311,statline_mc+recal_10_4b,1.4429766369726924,16.8998198273129,0.0,0.0,0.0,0.41275,1.8813915079327752,0.0155,6.41,3.812,39.56306812400886,0.21925,7.402445963194164,0.0,5.75,65.01533742331289,2.1024694196667024,,classic,True,,ACTIVE
DST_MIN,Minnesota Vikings,D,MIN,4300,134503-12540,7.367997834,7.367997834,1.0396126212005825,1.0892308206361936,7.367997834,TB,21.86,42.5,,,6.0972,dst_simulated_session_10_4,0.0,0.0,0.0,0.0,0.0,0.0,0.0,0.0,0.0,0.0,0.0,0.0,7.367997834,0.0,12.5,40.25749174138744,1.2405030463801654,,classic,True,,ACTIVE
00-0041547,KC Concepcion Jr.,WR,CLE,5400,134503-183649,8.1773,8.1773,1.0,0.8948117092161416,7.317115780738307,CAR,19.92,42.11,2.0,1.0,6.1622,statline_mc+recal_10_4b,1.2670927499781068,16.59507373904286,0.0,0.0,0.0,1.2485,5.90491191943123,0.0355,5.2855,3.58325,35.33499588795184,0.2065,7.317115780738307,0.0,5.5,61.72811467673431,1.732813735665318,,classic,True,,ACTIVE
00-0041052,Kaelon Black,RB,SF,5300,134503-167881,5.722,5.722,1.0,1.2663023133937263,7.245733984257595,ARI,28.19,47.89,2.0,1.0,7.0817,statline_mc+recal_10_4b,0.7415564110010344,16.66060987995318,0.0,0.0,0.0,8.29325,45.609410918091854,0.27475,0.82025,0.6175,6.18542892448409,0.03275,7.245733984257595,0.0,5.0,80.01386267107127,6.078707323146296,,classic,True,,ACTIVE
00-0039901,Keon Coleman,WR,BUF,5400,134503-157467,5.6123,5.6123,1.0,1.2851688253350304,7.212760750055402,LAC,28.61,50.0,2.0,1.0,6.4672,statline_mc+recal_10_4b,0.9859453394833012,16.652526539937544,0.0,0.0,0.0,0.04675,0.368950468892076,0.00275,4.1925,2.82375,43.009907031661946,0.2475,7.212760750055402,0.0,4.949999809265137,87.10501477856982,7.7099010507956685,,classic,True,Questionable,QUESTIONABLE
00-0040583,Woody Marks,RB,HOU,5700,134503-138774,7.2421,7.2421,1.0,0.9882458635921242,7.157014125427498,IND,22.0,42.5,2.0,1.0,6.6083,statline_mc+recal_10_4b,1.2496800005808153,15.69412031972651,0.0,0.0,0.0,8.2735,31.66134324211821,0.20825,2.60375,1.99825,14.162548012156764,0.069,7.157014125427498,0.0,5.25,66.01792762452271,1.7030731094237754,,classic,True,,ACTIVE
00-0038559,Michael Wilson,WR,ARI,5800,134503-89612,8.0291,8.0291,1.0,0.8844800479149512,7.101558580584506,SF,19.69,47.89,2.0,1.0,6.1553,statline_mc+recal_10_4b,1.290734449608831,16.241787094186623,0.0,0.0,0.0,0.04625,0.2757065139096442,0.00125,6.25425,3.6475,38.697379291935405,0.23525,7.101558580584506,0.0,5.449999809265137,69.74399853456197,2.776716470673029,,classic,True,,ACTIVE
DST_TB,Tampa Bay Buccaneers,D,TB,3700,134503-12551,7.074432373499999,7.074432373499999,0.9981910077907592,1.028441177398492,7.074432373499999,MIN,20.64,42.5,,,6.1111,dst_simulated_session_10_4,0.0,0.0,0.0,0.0,0.0,0.0,0.0,0.0,0.0,0.0,0.0,0.0,7.074432373499999,0.0,5.5,44.49769938650306,1.6457521102201804,,classic,True,,ACTIVE
00-0038618,Xavier Hutchinson,WR,HOU,5800,134503-119788,7.1545,7.1545,1.0,0.9882458635921242,7.070359437253097,IND,22.0,42.5,2.0,1.0,6.3013,statline_mc+recal_10_4b,1.1447429909224511,15.765339653401156,0.0,0.0,0.0,0.0,0.0,0.0,5.6415,3.1675,40.476094372530966,0.2465,7.070359437253097,0.0,4.949999809265137,70.83758165470306,2.961208679916934,,classic,True,,ACTIVE
00-0039410,Ryan Flournoy,WR,DAL,5100,134503-201233,6.2934,6.2934,1.0,1.1216590551770609,7.059043908646258,BAL,24.97,53.33,2.0,1.0,6.544,statline_mc+recal_10_4b,1.0203988827320492,16.764957271406512,0.0,0.0,0.0,0.031,0.2824160872623482,0.0005,4.86375,3.0505,40.945522999200215,0.2405,7.059043908646258,0.0,4.0,83.1484252750801,6.109010390915701,,classic,True,,ACTIVE
DST_CLE,Cleveland Browns,D,CLE,3200,134503-12529,7.0155064935,7.0155064935,0.9898766610790022,1.0131466488477257,7.0155064935,CAR,19.92,42.11,,,6.0148,dst_simulated_session_10_4,0.0,0.0,0.0,0.0,0.0,0.0,0.0,0.0,0.0,0.0,0.0,0.0,7.0155064935,0.0,3.0,51.72811467673431,2.665056280028695,,classic,True,,ACTIVE
00-0038544,Quentin Johnston,WR,LAC,5600,134503-120639,7.2833,7.2833,1.0,0.9608445010107062,6.998098026997161,BUF,21.39,50.0,2.0,1.0,6.1013,statline_mc+recal_10_4b,1.163833955610531,15.895741182956224,0.0,0.0,0.0,0.387,2.25475497172558,0.01725,5.903,3.19225,36.59497529824603,0.2425,6.998098026997161,0.0,2.299999952316284,76.27188842800724,4.076597225642552,,classic,True,,ACTIVE
00-0038563,Tre Tucker,WR,LV,5800,134503-103619,7.6521,7.6521,1.0,0.9109830051658308,6.970919116035515,NO,20.28,43.61,2.0,1.0,6.195,statline_mc+recal_10_4b,1.1108875474647972,16.302568244157026,0.0,0.0,0.0,0.0575,0.3405960712518486,0.0025,4.87425,3.00325,40.7773450891033,0.231,6.970919116035515,0.0,13.550000190734863,67.8451541193711,2.4832603987504602,,classic,True,,ACTIVE
00-0040129,Emeka Egbuka,WR,TB,6000,134503-152655,7.4798,7.4798,1.0,0.92715430111552,6.934929157353241,MIN,20.64,42.5,2.0,1.0,6.16,statline_mc+recal_10_4b,1.1593994884065864,16.127230120468624,0.0,0.0,0.0,0.4425,2.3381649625934258,0.013,5.0315,3.22725,36.38987661093898,0.2355,6.934929157353241,0.0,8.800000190734863,67.01794230148283,2.365318901586718,,classic,True,,ACTIVE
00-0031588,Stefon Diggs,WR,WAS,6400,134503-25079,9.3577,9.3577,1.0,0.7263607097402113,6.797039713635463,SEA,16.17,40.22,2.0,1.0,6.0021,statline_mc+recal_10_4b,1.1990084986007803,15.274356804268,0.0,0.0,0.0,0.04675,0.2339977810301677,0.00125,6.1165,3.689,32.231399355324456,0.2905,6.797039713635463,0.0,16.350000381469727,56.84528762325824,1.3002042965356344,,classic,True,,ACTIVE
00-0040128,Tyler Warren,TE,IND,5900,134503-137530,7.3153,7.3153,1.0,0.920865463801752,6.736396129775757,HOU,20.5,42.5,2.0,1.0,5.3253,statline_mc+recal_10_4b,1.2487033916624384,15.167343712663214,0.0,0.0,0.0,0.0,0.0,0.0,5.233,3.575,30.42396129775757,0.32625,6.736396129775757,0.0,10.100000381469728,71.77596696867509,2.1817304770034953,,classic,True,,ACTIVE
DST_LV,Las Vegas Raiders,D,LV,3500,134503-12537,6.582319434,6.582319434,0.9287546650438216,0.96364012592932,6.582319434,NO,20.28,43.61,,,6.2232,dst_simulated_session_10_4,0.0,0.0,0.0,0.0,0.0,0.0,0.0,0.0,0.0,0.0,0.0,0.0,6.582319434,0.0,12.5,44.31276545540349,1.6255863164835151,,classic,True,,ACTIVE
00-0035261,Tony Pollard,RB,TEN,5700,134503-63759,8.2364,8.2364,1.0,0.7887998802126227,6.4969011605980125,NYG,17.56,37.56,2.0,1.0,6.4769,statline_mc+recal_10_4b,0.9617897014161788,14.933213011702836,0.0,0.0,0.0,10.806,37.57636519187802,0.20475,1.72475,1.3,7.597646414102112,0.0375,6.4969011605980125,0.0,5.449999809265137,52.35539383928954,0.4918339126548185,,classic,True,,ACTIVE
00-0036040,Juwan Johnson,TE,NO,5200,134503-64808,6.174,6.174,1.0,1.0479898180729206,6.470257044101621,LV,23.33,43.61,2.0,1.0,5.4049,statline_mc+recal_10_4b,1.0271478782274286,14.623265632099551,0.0,0.0,0.0,0.0,0.0,0.0,4.17,2.775,35.9475704410162,0.254,6.470257044101621,0.0,10.75,80.59506155283793,3.6652209805784506,,classic,True,,ACTIVE
DST_PIT,Pittsburgh Steelers,D,PIT,4100,134503-12547,6.423710607,6.423710607,0.9063752151446756,0.9740781688878266,6.423710607,CIN,19.58,42.67,,,6.1749,dst_simulated_session_10_4,0.0,0.0,0.0,0.0,0.0,0.0,0.0,0.0,0.0,0.0,0.0,0.0,6.423710607,0.0,13.0,25.641222274657856,0.4681806821815699,,classic,True,,ACTIVE
00-0037545,Rashid Shaheed,WR,SEA,5300,134503-170287,5.9419,5.9419,1.0,1.0807816126375684,6.421926341325111,WAS,24.06,40.22,2.0,1.0,6.072,statline_mc+recal_10_4b,0.9004003059594534,15.016232901191264,0.0,0.0,0.0,0.4155,2.469341123140224,0.01275,4.5565,2.66975,35.191172290110885,0.21375,6.421926341325111,0.0,3.150000095367432,67.62420518616031,2.4511943059327863,,classic,True,,ACTIVE
00-0040734,TreVeyon Henderson,RB,NE,6500,134503-152647,6.5916,6.5916,1.0,0.9671333383244742,6.374922065343568,JAX,21.53,45.94,1.0,0.5645985466889472,6.5082,statline_mc+recal_10_4b,0.8065480152882745,14.738507232494625,0.0,0.0,0.0,7.6655,33.093400000090284,0.24425,1.4655,1.1095,8.733320653345393,0.04325,6.374922065343568,0.0,13.600000381469728,50.55237703435141,0.4174774224919915,,classic,True,,ACTIVE
00-0035229,T.J. Hockenson,TE,MIN,5100,134503-71706,6.4446,6.4446,1.0,0.981957026278356,6.328287987199607,TB,21.86,42.5,2.0,1.0,5.4098,statline_mc+recal_10_4b,1.0584192744109229,14.58636368807912,0.0,0.0,0.0,0.0,0.0,0.0,4.60575,3.159,32.067879871996055,0.26425,6.328287987199607,0.0,8.0,73.67445557225855,2.439502582550194,,classic,True,,ACTIVE
00-0039337,Malik Nabers,WR,NYG,7900,134503-151761,6.8674,6.8674,1.0,0.8984053305382946,6.169689760334894,TEN,20.0,37.56,2.0,1.0,5.8531,statline_mc+recal_10_4b,1.091743303342521,14.04236302670989,0.0,0.0,0.0,0.112,0.6350556826636052,0.003,5.4145,3.2355,33.24434192068533,0.198,6.169689760334894,0.0,5.25,59.083154293236625,1.4831387500785134,,classic,True,,ACTIVE
00-0032775,Demarcus Robinson,WR,SF,5300,134503-38264,4.7562,4.7562,1.0,1.2663023133937263,0.0,ARI,28.19,47.89,2.0,1.0,6.3973,statline_mc+recal_10_4b,0.5405368243516209,14.686121295802458,0.0,0.0,0.0,0.047,0.3402072446827067,0.00175,3.267,2.08275,36.37940806285908,0.22125,6.022836530754179,0.0,8.449999809265137,41.10698007997814,0.0,,classic,True,Out,OUT
00-0030279,Keenan Allen,WR,IND,5900,134503-29253,6.5313,6.5313,1.0,0.920865463801752,6.014484871391354,HOU,20.5,42.5,2.0,1.0,5.9121,statline_mc+recal_10_4b,0.9440883368911432,14.000631377819683,0.0,0.0,0.0,0.04775,0.2933202817707386,0.001,4.9065,3.0285,32.4040284321428,0.21025,6.014484871391354,0.0,3.5999999046325684,64.5862466158317,2.0500658862678516,,classic,True,,ACTIVE
DST_WAS,Washington Commanders,D,WAS,3200,134503-12552,5.9751373455,5.9751373455,0.843082250801425,0.9344024994983806,5.9751373455,SEA,16.17,40.22,,,5.9661,dst_simulated_session_10_4,0.0,0.0,0.0,0.0,0.0,0.0,0.0,0.0,0.0,0.0,0.0,0.0,5.9751373455,0.0,0.5,35.65095563945257,0.9124833622147922,,classic,True,,ACTIVE
00-0037263,Tyler Allgeier,RB,ARI,5600,134503-90428,6.742,6.742,1.0,0.8844800479149512,5.96315720521632,SF,19.69,47.89,2.0,1.0,6.0754,statline_mc+recal_10_4b,0.9568450200460666,13.267826097609944,0.0,0.0,0.0,8.63,28.994777430051595,0.18125,2.0195,1.57175,9.838044622111603,0.0525,5.96315720521632,0.0,5.449999809265137,63.49813913080784,1.3544055496118061,,classic,True,,ACTIVE
DST_BAL,Baltimore Ravens,D,BAL,3900,134503-12555,5.917602771,5.917602771,0.8349642150536956,0.9003493847789762,5.917602771,DAL,28.36,53.33,,,6.0279,dst_simulated_session_10_4,0.0,0.0,0.0,0.0,0.0,0.0,0.0,0.0,0.0,0.0,0.0,0.0,5.917602771,0.0,4.5,43.7511798017933,1.5658511113386036,,classic,True,,ACTIVE
00-0040663,Harold Fannin Jr.,TE,CLE,5300,134503-172699,6.6014,6.6014,1.0,0.8948117092161416,5.907024141640462,CAR,19.92,42.11,2.0,1.0,5.0977,statline_mc+recal_10_4b,1.109811048520075,12.748401407800232,0.0,0.0,0.0,0.0,0.0,0.0,4.666,3.1955,31.46774141640461,0.20125,5.907024141640462,0.0,5.5,65.58955125340268,1.516206591361401,,classic,True,,ACTIVE
00-0036554,Nico Collins,WR,HOU,7400,134503-91419,5.9116,5.9116,1.0,0.9882458635921242,0.0,IND,22.0,42.5,1.0,0.5,5.9656,statline_mc+recal_10_4b,0.7621421196042611,13.85965550817752,0.0,0.0,0.0,0.30525,1.7113815288919922,0.01125,4.04825,2.575,31.534465873813343,0.19925,5.842084740270533,0.0,17.700000762939453,22.332068021782867,0.0,,classic,True,Out,OUT
00-0033090,Hunter Henry,TE,NE,5100,134503-40845,6.0115,6.0115,1.0,0.9671333383244742,5.813907910734415,JAX,21.53,45.94,2.0,1.0,5.1229,statline_mc+recal_10_4b,0.914677440155166,13.393146333621672,0.0,0.0,0.0,0.0,0.0,0.0,4.2325,2.891,31.349079107344146,0.214,5.813907910734415,0.0,4.800000190734863,77.31262442611627,3.021653177836267,,classic,True,,ACTIVE
00-0037816,Romeo Doubs,WR,NE,5800,134503-94370,5.9991,5.9991,1.0,0.9671333383244742,5.801887953806268,JAX,21.53,45.94,2.0,1.0,5.8226,statline_mc+recal_10_4b,0.7744621346821025,13.806396227739947,0.0,0.0,0.0,0.04,0.1516957992319471,0.0,4.278,2.5145,34.959683738830726,0.17825,5.801887953806268,0.0,5.550000190734863,72.16824284046596,3.202307712965841,,classic,True,,ACTIVE
00-0041438,Carnell Tate,WR,TEN,5500,134503-183756,7.3513,7.3513,1.0,0.7887998802126227,5.798713956792322,NYG,17.56,37.56,2.0,1.0,5.6223,statline_mc+recal_10_4b,1.090663531707171,13.082174950864538,0.0,0.0,0.0,0.06925,0.4243551861365554,0.003,5.44175,3.36225,29.96153438178666,0.18225,5.798713956792322,0.0,5.0,53.739273117905654,1.0830863181866248,,classic,True,,ACTIVE
00-0036139,Rico Dowdle,RB,PIT,5500,134503-72297,6.554,6.554,1.0,0.8795388185969905,0.0,CIN,19.58,42.67,2.0,1.0,6.0035,statline_mc+recal_10_4b,0.968259051070218,12.847514879726688,0.0,0.0,0.0,6.92725,23.335724649648437,0.15825,2.48325,1.80075,12.555402846462396,0.06825,5.764487749611083,0.0,4.25,20.641222274657856,0.0,,classic,True,Out,OUT
00-0038041,Jake Ferguson,TE,DAL,5400,134503-89680,5.0654,5.0654,1.0,1.1216590551770609,5.6816015326751,BAL,24.97,53.33,2.0,1.0,5.1524,statline_mc+recal_10_4b,0.7423492965629772,12.91829450611107,0.0,0.0,0.0,0.0,0.0,0.0,3.578,2.5245,28.483515326751004,0.268,5.6816015326751,0.0,9.949999809265137,88.65878803884127,5.889820256508464,,classic,True,,ACTIVE
DST_DAL,Dallas Cowboys,D,DAL,3300,134503-12530,5.678461908000001,5.678461908000001,0.8012218246484816,0.792726521083605,5.678461908000001,BAL,24.97,53.33,,,6.067,dst_simulated_session_10_4,0.0,0.0,0.0,0.0,0.0,0.0,0.0,0.0,0.0,0.0,0.0,0.0,5.678461908000001,0.0,3.0,53.583647947144875,3.0159877655789664,,classic,True,,ACTIVE
DST_NE,New England Patriots,D,NE,4200,134503-12541,5.6775616515,5.6775616515,0.8010947999070518,0.9206275240758,5.6775616515,JAX,21.53,45.94,,,6.0453,dst_simulated_session_10_4,0.0,0.0,0.0,0.0,0.0,0.0,0.0,0.0,0.0,0.0,0.0,0.0,5.6775616515,0.0,13.5,29.597392638036816,0.6094756426839492,,classic,True,,ACTIVE
00-0041013,Emmett Johnson,RB,KC,5400,134503-166860,4.5342,4.5342,1.0,1.249232612113499,5.664291004455755,MIA,27.81,45.22,2.0,1.0,6.2544,statline_mc+recal_10_4b,0.7227995296070552,13.228259826657633,0.0,0.0,0.0,4.38025,22.40748558961387,0.14925,1.7675,1.37575,15.351674454943684,0.06175,5.664291004455755,0.0,6.150000095367432,73.8622420524261,3.4748587266531197,,classic,True,,ACTIVE
00-0041048,Ted Hurst III,WR,TB,5300,134503-206341,6.0928,6.0928,1.0,0.92715430111552,5.648937891518402,MIN,20.64,42.5,2.0,1.0,5.8018,statline_mc+recal_10_4b,0.7642017240140111,13.429665328919915,0.0,0.0,0.0,0.04725,0.1851389663632948,0.0005,4.44525,2.65,31.189239948820724,0.2025,5.648937891518402,0.0,4.400000095367432,62.321586026179176,1.7943746977921473,,classic,True,,ACTIVE
00-0033921,Chris Godwin Jr.,WR,TB,5600,134503-55635,6.0653,6.0653,1.0,0.92715430111552,5.623493722898904,MIN,20.64,42.5,2.0,1.0,5.8961,statline_mc+recal_10_4b,0.6929279664323215,13.06700041442727,0.0,0.0,0.0,0.718,4.23462477469193,0.02575,3.587,2.41125,30.1090624542971,0.14325,5.623493722898904,0.0,6.800000190734863,63.374217605126546,1.9089934394921755,,classic,True,,ACTIVE
00-0041523,Caleb Douglas,WR,MIA,5000,134503-172647,7.1747,7.1747,1.0,0.7825110428988548,0.0,KC,17.42,45.22,2.0,1.0,5.738,statline_mc+recal_10_4b,0.8587411542868717,12.847366069088151,0.0,0.0,0.0,0.0325,0.1386605747842723,0.001,4.64425,2.9475,32.091871417089706,0.15775,5.614303199187398,0.0,7.400000095367432,20.055823253272397,0.0,,classic,True,Out,OUT
00-0038129,Cade Otton,TE,TB,4900,134503-86811,6.0434,6.0434,1.0,0.92715430111552,5.603132354965478,MIN,20.64,42.5,2.0,1.0,4.9163,statline_mc+recal_10_4b,1.0074444953819508,12.652351362277704,0.0,0.0,0.0,0.0,0.0,0.0,4.56,3.081,28.446323549654775,0.20925,5.603132354965478,0.0,5.199999809265137,68.587103360013,1.8085730178842743,,classic,True,,ACTIVE
00-0038994,Jordan Addison,WR,MIN,5700,134503-129210,5.67,5.67,1.0,0.981957026278356,5.567741332023008,TB,21.86,42.5,2.0,1.0,5.8129,statline_mc+recal_10_4b,0.7342850247784842,12.7656695502993,0.0,0.0,0.0,0.0455,0.2553068207216377,0.00125,4.467,2.543,30.92210649950844,0.20075,5.567741332023008,0.0,1.5499999523162842,66.13805854300688,2.2460092771225395,,classic,True,,ACTIVE
00-0040727,Tre' Harris,WR,LAC,4900,134503-129546,5.7549,5.7549,1.0,0.9608445010107062,5.529597812562027,BUF,21.39,50.0,2.0,1.0,5.7482,statline_mc+recal_10_4b,0.7068380230806326,13.247878886890645,0.0,0.0,0.0,0.026,0.1043191034588113,0.0005,4.26575,2.4965,31.899159022161463,0.184,5.529597812562027,0.0,4.650000095367432,70.23949976403964,2.8588408203784392,,classic,True,,ACTIVE
00-0035659,Terry McLaurin,WR,WAS,5900,134503-56250,7.5344,7.5344,1.0,0.7263607097402113,5.472722101724212,SEA,16.17,40.22,2.0,1.0,5.6087,statline_mc+recal_10_4b,0.9068630027561664,12.440831865170884,0.0,0.0,0.0,0.04075,0.0972557460320283,0.001,5.601,2.9925,29.647465271210088,0.1725,5.472722101724212,0.0,4.199999809265137,53.40399207669954,1.0619345092063215,,classic,True,,ACTIVE
00-0033555,Mack Hollins,WR,NE,5500,134503-25267,5.604,5.604,1.0,0.9671333383244742,5.419827915051415,JAX,21.53,45.94,2.0,1.0,5.7773,statline_mc+recal_10_4b,0.6652177085868143,12.621711872112185,0.0,0.0,0.0,0.036,0.2610377946585034,0.0015,3.83675,2.50525,30.90099135585564,0.178,5.419827915051415,0.0,4.949999809265137,69.415206403219,2.7235287944014965,,classic,True,,ACTIVE
DST_MIA,Miami Dolphins,D,MIA,3000,134503-12539,5.417387523,5.417387523,0.7643846496338913,0.8084043199543702,5.417387523,KC,17.42,45.22,,,6.0356,dst_simulated_session_10_4,0.0,0.0,0.0,0.0,0.0,0.0,0.0,0.0,0.0,0.0,0.0,0.0,5.417387523,0.0,0.0,41.74610665408211,1.3699277128355278,,classic,True,,ACTIVE
00-0033307,Kendrick Bourne,WR,ARI,5000,134503-80289,6.0786,6.0786,1.0,0.8844800479149512,5.376372985663056,SF,19.69,47.89,2.0,1.0,5.7162,statline_mc+recal_10_4b,0.8112300131121598,12.1152926148673,0.0,0.0,0.0,0.0315,0.2100707754792264,0.0005,4.2545,2.89325,29.932409081151345,0.157,5.376372985663056,0.0,6.800000190734863,62.86140744144458,1.8522679447904111,,classic,True,,ACTIVE
00-0037256,Rachaad White,RB,WAS,5400,134503-137902,7.3212,7.3212,1.0,0.7263607097402113,5.31786796502771,SEA,16.17,40.22,2.0,1.0,5.6296,statline_mc+recal_10_4b,1.0863630925424768,11.561971803405877,0.0,0.0,0.0,5.60025,17.578685181551357,0.1065,3.19,2.53475,13.636244468725735,0.06225,5.31786796502771,0.0,7.5,49.56703955553649,0.38170739389690816,,classic,True,,ACTIVE
00-0040242,Jacory Croskey-Merritt,RB,WAS,5900,134503-117178,7.1839,7.1839,1.0,0.7263607097402113,5.218125112377205,SEA,16.17,40.22,2.0,1.0,6.0499,statline_mc+recal_10_4b,0.5848267975120187,12.694852935773524,0.0,0.0,0.0,10.0615,30.19148755965004,0.21175,1.1615,0.88875,4.496013564122015,0.02475,5.218125112377205,0.0,8.699999809265137,50.581025569522495,0.41856612291820905,,classic,True,,ACTIVE
00-0033885,David Njoku,TE,LAC,4900,134503-55335,5.4154,5.4154,1.0,0.9608445010107062,0.0,BUF,21.39,50.0,2.0,1.0,4.8819,statline_mc+recal_10_4b,0.8197486783234048,11.799371090502609,0.0,0.0,0.0,0.0,0.0,0.0,4.09925,2.81025,26.91709113861229,0.19125,5.20333411386123,0.0,4.849999904632568,35.937411124202654,0.0,,classic,True,Injured Reserve,OUT
DST_ARI,Arizona Cardinals,D,ARI,3000,134503-12546,5.151075282000001,5.151075282000001,0.726808421578256,0.797507064133772,5.151075282000001,SF,19.69,47.89,,,6.0943,dst_simulated_session_10_4,0.0,0.0,0.0,0.0,0.0,0.0,0.0,0.0,0.0,0.0,0.0,0.0,5.151075282000001,0.0,6.0,41.69743983010854,1.365490246583932,,classic,True,,ACTIVE
00-0039066,Michael Mayer,TE,LV,5000,134503-138998,5.6133,5.6133,1.0,0.9109830051658308,5.11363565018197,NO,20.28,43.61,2.0,1.0,4.7282,statline_mc+recal_10_4b,0.8468117150394601,11.448123939991302,0.0,0.0,0.0,0.0,0.0,0.0,4.21225,2.9465,25.078856501819697,0.197,5.11363565018197,0.0,5.0,69.37771706009019,1.894670291357685,,classic,True,,ACTIVE
00-0033906,Alvin Kamara,RB,NO,5500,134503-42104,4.8679,4.8679,1.0,1.0479898180729206,5.101465569987567,LV,23.33,43.61,1.0,0.5,5.7637,statline_mc+recal_10_4b,0.7679613845799674,11.733854451673947,0.0,0.0,0.0,5.12625,20.66363716013183,0.14225,1.97675,1.51975,10.95726853974383,0.067,5.101465569987567,0.0,4.699999809265137,45.90750756145695,0.2736827540895199,,classic,True,,ACTIVE
00-0039338,Brock Bowers,TE,LV,6500,134503-151794,5.5763,5.5763,1.0,0.9109830051658308,5.079949559409761,NO,20.28,43.61,0.0,0.0,4.6981,statline_mc+recal_10_4b,0.8234080384172295,11.596815951768816,0.0,0.0,0.0,0.0,0.0,0.0,3.9105,2.60575,26.11074559409761,0.20025,5.079949559409761,0.0,12.516666412353516,24.896439381627594,0.1384147161171821,,classic,True,Questionable,QUESTIONABLE
00-0036894,Pat Freiermuth,TE,PIT,5100,134503-86244,5.7626,5.7626,1.0,0.8795388185969905,5.068440116621141,CIN,19.58,42.67,2.0,1.0,4.72,statline_mc+recal_10_4b,0.7777088989031639,11.796439864285258,0.0,0.0,0.0,0.0,0.0,0.0,3.91875,2.777,25.0194011662114,0.20225,5.068440116621141,0.0,9.25,65.39415146467313,1.4988789270336196,,classic,True,,ACTIVE
00-0039739,Roman Wilson,WR,PIT,5100,134503-138037,5.735,5.735,1.0,0.8795388185969905,5.044125377616903,CIN,19.58,42.67,2.0,1.0,5.4518,statline_mc+recal_10_4b,0.730797513746329,11.746630762841336,0.0,0.0,0.0,0.035,0.1368275766918352,0.00025,4.34975,2.709,27.424426199477203,0.16075,5.044125377616903,0.0,4.699999809265137,56.5116676187874,1.274936912707067,,classic,True,,ACTIVE
00-0041042,Malachi Fields,WR,NYG,5400,134503-156740,5.474,5.474,1.0,0.8984053305382946,4.917872033335554,TEN,20.0,37.56,2.0,1.0,5.5597,statline_mc+recal_10_4b,0.655492501021786,11.447926584782303,0.0,0.0,0.0,0.05325,0.2105615045307867,0.001,4.23375,2.476,26.903158828824758,0.16475,4.917872033335554,0.0,3.75,53.5770814187427,1.0728020667741827,,classic,True,,ACTIVE
00-0036988,Joshua Palmer,WR,BUF,4900,134503-87418,3.7941,3.7941,1.0,1.2851688253350304,4.875994782898769,LAC,28.61,50.0,2.0,1.0,5.7776,statline_mc+recal_10_4b,0.1394758390804704,12.139702174866873,0.0,0.0,0.0,0.023,0.1982265044361585,0.00075,2.66,1.57075,28.702971324551537,0.20275,4.875994782898769,0.0,10.350000381469728,79.12930627654553,4.822758320118498,,classic,True,,ACTIVE
DST_NYJ,New York Jets,D,NYJ,3100,134503-12544,4.83614919,4.83614919,0.682372857485421,0.820800443151918,4.83614919,DET,20.78,48.17,,,5.9571,dst_simulated_session_10_4,0.0,0.0,0.0,0.0,0.0,0.0,0.0,0.0,0.0,0.0,0.0,0.0,4.83614919,0.0,7.5,37.81441717791411,1.0540557498854206,,classic,True,,ACTIVE
00-0039451,Isaiah Williams,WR,NYJ,4800,134503-112041,5.1266,5.1266,1.0,0.9334431384292882,4.785363383163828,DET,20.78,48.17,2.0,1.0,5.5033,statline_mc+recal_10_4b,0.6113634753534973,11.535327947720695,0.0,0.0,0.0,0.3355,1.7094196174635394,0.00925,3.45775,2.32375,25.270464214174744,0.14975,4.785363383163828,0.0,4.5,65.82049005240803,2.2044421581036984,,classic,True,,ACTIVE
DST_LAC,Los Angeles Chargers,D,LAC,3300,134503-12548,4.773213076499999,4.773213076499999,0.6734926732891137,0.785799515481686,4.773213076499999,BUF,21.39,50.0,,,6.0063,dst_simulated_session_10_4,0.0,0.0,0.0,0.0,0.0,0.0,0.0,0.0,0.0,0.0,0.0,0.0,4.773213076499999,0.0,2.5,31.77796130250118,0.7048395791663783,,classic,True,,ACTIVE
00-0038621,DeMario Douglas,WR,NE,5000,134503-111876,4.9292,4.9292,1.0,0.9671333383244742,4.767210197972911,JAX,21.53,45.94,2.0,1.0,5.3269,statline_mc+recal_10_4b,0.6582101520811705,11.095775384521907,0.0,0.0,0.0,0.029,0.1391350088965031,0.00075,3.93375,2.45675,25.9442169708326,0.158,4.767210197972911,0.0,2.950000047683716,65.44759506718661,2.1566141921415825,,classic,True,,ACTIVE
00-0039032,Tyjae Spears,RB,TEN,4900,134503-107293,5.9952,5.9952,1.0,0.7887998802126227,4.728994508264563,NYG,17.56,37.56,2.0,1.0,5.4877,statline_mc+recal_10_4b,0.8477300471546478,10.679692911668615,0.0,0.0,0.0,5.00025,17.557353444996746,0.11025,2.4655,1.8505,11.165091637648876,0.05725,4.728994508264563,0.0,5.699999809265137,46.62112810502381,0.2920263969402309,,classic,True,Questionable,QUESTIONABLE
00-0032398,Chris Moore,WR,BAL,4900,134503-33047,3.6924,3.6924,1.0,1.2739387587033018,4.7039386660648015,DAL,28.36,53.33,2.0,1.0,5.6943,statline_mc+recal_10_4b,0.1685115378644165,11.869604863472404,0.0,0.0,0.0,0.02675,0.2375790081777542,0.0015,2.74,1.62575,28.758057652470256,0.16675,4.7039386660648015,0.0,3.450000047683716,78.77142271677305,4.722290965373893,,classic,True,,ACTIVE
00-0040669,Isaac TeSlaa,WR,DET,4900,134503-183488,3.6967,3.6967,1.0,1.2303661001721946,4.548293898865493,NYJ,27.39,48.17,2.0,1.0,5.5846,statline_mc+recal_10_4b,0.2368932352506919,11.344678027543114,0.0,0.0,0.0,0.02775,0.16926614961906,0.00175,2.93325,1.6985,26.93617283903587,0.16575,4.548293898865493,0.0,1.7999999523162842,73.7457154566454,3.5136810390878224,,classic,True,,ACTIVE
00-0038935,Brenton Strange,TE,JAX,5000,134503-103587,4.1104,4.1104,1.0,1.0969529085872578,4.508931383893327,NE,24.42,45.94,2.0,1.0,4.6783,statline_mc+recal_10_4b,0.268412666014011,11.010886795411071,0.0,0.0,0.0,0.0,0.0,0.0,2.8945,1.96725,23.12306383893328,0.20725,4.508931383893327,0.0,6.0,80.35309084630074,3.6134213192230535,,classic,True,,ACTIVE
00-0040138,Jaylin Noel,WR,HOU,5500,134503-152007,4.5611,4.5611,1.0,0.9882458635921242,4.507462846521699,IND,22.0,42.5,2.0,1.0,5.3932,statline_mc+recal_10_4b,0.4544453339089117,10.878840804282692,0.0,0.0,0.0,0.45175,3.3288637579824543,0.014,3.00225,1.7895,24.52826470723454,0.12775,4.507462846521699,0.0,5.599999904632568,63.732318496808325,1.9496324477024993,,classic,True,,ACTIVE
00-0038104,Tyquan Thornton,WR,KC,5200,134503-89220,3.6006,3.6006,1.0,1.249232612113499,4.497935676184701,MIA,27.81,45.22,2.0,1.0,5.5153,statline_mc+recal_10_4b,0.0851883052387873,11.4491705511577,0.0,0.0,0.0,0.0395,0.2806107530549491,0.0025,2.58825,1.65075,27.944996008792057,0.14275,4.497935676184701,0.0,5.300000190734863,72.39003005389831,3.2443597166597367,,classic,True,,ACTIVE
00-0035250,Devin Singletary,RB,NYG,5600,134503-70603,5.004,5.004,1.0,0.8984053305382946,4.495597032590805,TEN,20.0,37.56,2.0,1.0,5.5207,statline_mc+recal_10_4b,0.6178579676618284,10.593282880924573,0.0,0.0,0.0,5.0765,17.618031759218965,0.13125,1.91525,1.44275,9.769188566689074,0.054,4.495597032590805,0.0,6.349999904632568,51.13504976618474,0.4401874739444277,,classic,True,,ACTIVE
00-0039299,George Holani,RB,SEA,5100,134503-114231,4.0054,4.0054,1.0,1.0807816126375684,4.3289173698216485,WAS,24.06,40.22,2.0,1.0,5.6076,statline_mc+recal_10_4b,0.4412058685919577,10.340196469271582,0.0,0.0,0.0,4.84175,21.329378644567644,0.14575,1.17125,0.871,7.199795053648831,0.03675,4.3289173698216485,0.0,2.450000047683716,60.5171017632674,1.0328885061775699,,classic,True,,ACTIVE
00-0039794,Braelon Allen,RB,NYJ,5200,134503-158412,4.6289,4.6289,1.0,0.9334431384292882,4.320812165987369,DET,20.78,48.17,2.0,1.0,5.5157,statline_mc+recal_10_4b,0.4773147617177281,10.830010000191464,0.0,0.0,0.0,5.2775,19.666376756420597,0.1785,1.297,0.95675,6.712994903453094,0.0325,4.320812165987369,0.0,6.0,64.51022137371831,1.484933701681141,,classic,True,,ACTIVE
00-0039344,Jonathon Brooks,RB,CAR,5000,134503-158968,4.2971,4.2971,1.0,0.996780714232238,0.0,CLE,22.19,42.11,2.0,1.0,5.5979,statline_mc+recal_10_4b,0.4787148751493384,10.194645239340984,0.0,0.0,0.0,4.806,19.7135565145432,0.124,1.317,1.0005,8.76646496428294,0.04175,4.283252147882614,0.0,4.150000095367432,24.196260028315244,0.0,,classic,True,Injured Reserve,OUT
00-0037664,Alec Pierce,WR,IND,5700,134503-86312,4.6158,4.6158,1.0,0.920865463801752,0.0,HOU,20.5,42.5,2.0,1.0,5.1914,statline_mc+recal_10_4b,0.5112179803788358,10.137371095782624,0.0,0.0,0.0,0.047,0.2698830680447264,0.00175,3.26425,2.0515,24.252728519789045,0.13075,4.250511158783378,0.0,4.849999904632568,25.53766361988028,0.0,,classic,True,Out,OUT
00-0036919,Kenny Gainwell,RB,TB,5100,134503-90912,4.5557,4.5557,1.0,0.92715430111552,4.223862574237108,MIN,20.64,42.5,2.0,1.0,5.4451,statline_mc+recal_10_4b,0.6361952080495993,9.766078522062127,0.0,0.0,0.0,3.52025,13.412209595368193,0.0935,2.21575,1.66675,11.502666147002886,0.06425,4.223862574237108,0.0,2.650000095367432,55.424272813076485,0.6501025249949078,,classic,True,,ACTIVE
00-0031610,Darren Waller,TE,CAR,5200,134503-25011,4.1872,4.1872,1.0,0.996780714232238,4.173715176393937,CLE,22.19,42.11,2.0,1.0,4.4768,statline_mc+recal_10_4b,0.257233175786532,10.196556345940891,0.0,0.0,0.0,0.0,0.0,0.0,2.68625,1.8845,20.63465176393937,0.19875,4.173715176393937,0.0,10.300000190734863,70.62774245317514,2.0392370445720607,,classic,True,,ACTIVE
00-0036252,Michael Pittman Jr.,WR,PIT,5700,134503-69213,4.7028,4.7028,1.0,0.8795388185969905,4.136260312225058,CIN,19.58,42.67,1.0,1.0,5.0745,statline_mc+recal_10_4b,0.5399908742535168,10.256037318372323,0.0,0.0,0.0,0.08375,0.2624420183068232,0.00175,3.26075,2.0855,23.382661103943764,0.12425,4.136260312225058,0.0,7.300000190734863,56.91652591838255,1.3056642188504,,classic,True,Questionable,QUESTIONABLE
00-0038608,Kayshon Boutte,WR,HOU,5500,134503-119653,4.1021,4.1021,1.0,0.9882458635921242,4.053882466748525,IND,22.0,42.5,2.0,1.0,5.1641,statline_mc+recal_10_4b,0.3089028197927957,10.089748228437912,0.0,0.0,0.0,0.0565,0.3482280108873354,0.002,2.98575,1.804,23.01559665659791,0.13725,4.053882466748525,0.0,3.900000095367432,62.558229427982404,1.8195274119012212,,classic,True,,ACTIVE
00-0033908,Cooper Kupp,WR,SEA,5200,134503-79970,3.7307,3.7307,1.0,1.0807816126375684,4.032081494023225,WAS,24.06,40.22,2.0,1.0,5.2419,statline_mc+recal_10_4b,0.1018456492319476,10.37777697081074,0.0,0.0,0.0,0.04525,0.4213836007775987,0.0015,2.69075,1.6805,23.891931339454644,0.12825,4.032081494023225,0.0,3.75,61.51084486227366,1.71080829637821,,classic,True,,ACTIVE
00-0034960,Jakobi Meyers,WR,JAX,5200,134503-63634,3.628,3.628,1.0,1.0969529085872578,3.979746103667415,NE,24.42,45.94,2.0,1.0,5.2631,statline_mc+recal_10_4b,1.3369367898137844e-06,10.192904232930102,0.0,0.0,0.0,0.278,1.8410658403872255,0.0105,2.1805,1.415,22.59639519628692,0.13075,3.979746103667415,0.0,7.25,70.10843309902883,2.836884466837051,,classic,True,,ACTIVE
00-0038728,Jared Wayne,WR,HOU,4800,134503-112101,4.0033,4.0033,1.0,0.9882458635921242,3.95626560752955,IND,22.0,42.5,2.0,1.0,5.2531,statline_mc+recal_10_4b,0.2082551540068545,9.820099087344062,0.0,0.0,0.0,0.03,0.186748636344879,0.0015,2.913,1.681,22.51090743895062,0.143,3.95626560752955,0.0,3.0,59.076448051464205,1.4825537897568402,,classic,True,,ACTIVE
00-0041032,Kenyon Sadiq,TE,NYJ,4700,134503-184873,4.1662,4.1662,1.0,0.9334431384292882,3.8889006458018063,DET,20.78,48.17,2.0,1.0,4.1984,statline_mc+recal_10_4b,0.4716425336216216,9.494292769245186,0.0,0.0,0.0,0.0,0.0,0.0,2.9805,2.04725,19.762756458018057,0.153,3.8889006458018063,0.0,6.300000190734863,73.26143704546378,2.3809485327390614,,classic,True,,ACTIVE
00-0034975,Justice Hill,RB,BAL,4600,134503-71521,3.0379,3.0379,1.0,1.2739387587033018,3.870113741550698,DAL,28.36,53.33,2.0,1.0,5.5127,statline_mc+recal_10_4b,0.3411196263944436,9.624424338189009,0.0,0.0,0.0,2.6645,13.452844942726236,0.08975,1.475,1.139,11.38829247278075,0.054,3.870113741550698,0.0,3.049999952316284,74.13579518640869,3.5623565948790006,,classic,True,,ACTIVE
00-0037291,Jalen Nailor,WR,LV,5100,134503-92859,4.1878,4.1878,1.0,0.9109830051658308,3.8150456692606594,NO,20.28,43.61,2.0,1.0,4.9558,statline_mc+recal_10_4b,0.3538601521708461,9.500043821917297,0.0,0.0,0.0,0.03225,0.3496255713953051,0.001,3.1755,1.9,20.835831121211285,0.12775,3.8150456692606594,0.0,2.799999952316284,57.50102456471522,1.3513365835672448,,classic,True,,ACTIVE
00-0040170,Elic Ayomanor,WR,TEN,4900,134503-172861,4.8105,4.8105,1.0,0.7887998802126227,3.7945407846914088,NYG,17.56,37.56,2.0,1.0,5.1262,statline_mc+recal_10_4b,0.2258168695719291,9.690452152654949,0.0,0.0,0.0,0.03375,0.189381831037721,0.0015,3.10325,1.848,20.63102601587636,0.13275,3.7945407846914088,0.0,7.75,45.66235004098258,0.6734790064247217,,classic,True,,ACTIVE
00-0039342,Xavier Legette,WR,CAR,4800,134503-114198,3.7435,3.7435,1.0,0.996780714232238,3.731452344922912,CLE,22.19,42.11,2.0,1.0,5.0645,statline_mc+recal_10_4b,0.0746933973866372,9.534392782485543,0.0,0.0,0.0,0.0335,0.1706701899748514,0.00075,2.683,1.55975,22.505103259254277,0.11525,3.731452344922912,0.0,3.700000047683716,57.55658391495492,1.3557602425914654,,classic,True,Questionable,QUESTIONABLE
00-0035644,Noah Fant,TE,NO,4600,134503-71705,3.5536,3.5536,1.0,1.0479898180729206,3.724122610467096,LV,23.33,43.61,2.0,1.0,4.31,statline_mc+recal_10_4b,0.1491412155103361,9.463275022173397,0.0,0.0,0.0,0.0,0.0,0.0,2.65475,1.67525,19.10997610467096,0.1665,3.724122610467096,0.0,11.300000190734863,73.0785052614472,2.3554652310000463,,classic,True,,ACTIVE
00-0038117,Wan'Dale Robinson,WR,TEN,5100,134503-103539,4.6487,4.6487,1.0,0.7887998802126227,3.6669275692255376,NYG,17.56,37.56,2.0,1.0,4.7962,statline_mc+recal_10_4b,0.5164145972802906,9.21903159182291,0.0,0.0,0.0,0.047,0.2346849864953409,0.0015,3.30625,2.143,18.83459070576004,0.11775,3.6669275692255376,0.0,3.849999904632568,46.107694170537236,0.6913550677327086,,classic,True,,ACTIVE
00-0040584,Gunnar Helm,TE,TEN,4700,134503-152148,4.6451,4.6451,1.0,0.7887998802126227,3.664080481838493,NYG,17.56,37.56,2.0,1.0,4.0207,statline_mc+recal_10_4b,0.549450612064958,9.071511278952023,0.0,0.0,0.0,0.0,0.0,0.0,3.32425,2.2915,17.578304818384932,0.13225,3.664080481838493,0.0,3.549999952316284,54.154588022589685,0.7738065716840912,,classic,True,,ACTIVE
00-0040237,Tez Johnson,WR,TB,5100,134503-128624,3.9214,3.9214,1.0,0.92715430111552,3.635701657941603,MIN,20.64,42.5,2.0,1.0,5.0927,statline_mc+recal_10_4b,0.1348249877850392,9.064596125696228,0.0,0.0,0.0,0.3185,1.824763346558675,0.011,2.67075,1.5315,20.014753232857355,0.10675,3.635701657941603,0.0,2.5,55.33778035816298,1.1898705329388266,,classic,True,,ACTIVE
00-0038611,Chris Rodriguez Jr.,RB,JAX,5200,134503-87127,3.2969,3.2969,1.0,1.0969529085872578,3.616598112329843,NE,24.42,45.94,2.0,1.0,5.4203,statline_mc+recal_10_4b,0.250117150322074,9.36724375170247,0.0,0.0,0.0,4.92075,20.989711286144956,0.1515,0.5565,0.40775,3.4925198371534747,0.019,3.616598112329843,0.0,1.7999999523162842,67.99028808614699,2.0375331318988974,,classic,True,,ACTIVE
00-0036259,Jauan Jennings,WR,MIN,5400,134503-61593,3.6403,3.6403,1.0,0.981957026278356,3.5745986917416426,TB,21.86,42.5,1.0,1.0,4.973,statline_mc+recal_10_4b,0.0885968620081414,9.233624792009955,0.0,0.0,0.0,0.07875,0.4487785426773183,0.001,2.64975,1.596,20.097208374739107,0.12175,3.5745986917416426,0.0,0.0,59.31619619482874,1.5036101247163487,,classic,True,,ACTIVE
00-0037005,Tommy Tremble,TE,CAR,4500,134503-91101,3.5587,3.5587,1.0,0.996780714232238,3.547283891018238,CLE,22.19,42.11,2.0,1.0,4.1468,statline_mc+recal_10_4b,0.1359223120544672,8.95635824055915,0.0,0.0,0.0,0.0,0.0,0.0,2.78475,1.79975,18.084088910182377,0.1435,3.547283891018238,0.0,2.450000047683716,65.52840470483078,1.5107628110072528,,classic,True,,ACTIVE
00-0035689,Dawson Knox,TE,BUF,4700,134503-64585,2.7176,2.7176,1.0,1.2851688253350304,3.492609049949873,LAC,28.61,50.0,2.0,1.0,4.2786,statline_mc+recal_10_4b,0.0,9.10269073844185,0.0,0.0,0.0,0.0,0.0,0.0,2.06875,1.4225,18.24859049949873,0.16275,3.492609049949873,0.0,4.349999904632568,84.13440052005038,4.5135547600917265,,classic,True,,ACTIVE
00-0041489,Germie Bernard,WR,PIT,5300,134503-167636,3.9552,3.9552,1.0,0.8795388185969905,3.4787781552524204,CIN,19.58,42.67,1.0,0.5,4.8837,statline_mc+recal_10_4b,0.2321782696004407,8.880106984036217,0.0,0.0,0.0,0.09075,0.4805638775838336,0.0025,3.02325,1.78575,18.52846767494037,0.1155,3.4787781552524204,0.0,5.5,35.46723799085964,0.3697194042225029,,classic,True,,ACTIVE
00-0041040,Antonio Williams,WR,WAS,5200,134503-166323,4.7889,4.7889,1.0,0.7263607097402113,3.4784815500823574,SEA,16.17,40.22,2.0,1.0,4.7634,statline_mc+recal_10_4b,0.3334185611223426,8.882146675327894,0.0,0.0,0.0,0.0335,0.1140695041303082,0.0005,2.997,2.00975,17.921995996693266,0.1145,3.4784815500823574,0.0,9.149999618530272,45.387797744715726,0.6626895892863212,,classic,True,,ACTIVE
00-0033526,Samaje Perine,RB,CIN,4800,134503-52451,3.3141,3.3141,1.0,1.036759751441192,3.4359115734990477,PIT,23.08,42.67,2.0,1.0,5.122,statline_mc+recal_10_4b,0.2886486250597245,8.784719171261102,0.0,0.0,0.0,2.97375,12.785714582067238,0.08425,1.4155,1.10025,8.792151152923232,0.04475,3.4359115734990477,0.0,4.599999904632568,60.01860869192158,0.9871252975905657,,classic,True,,ACTIVE
00-0039849,Marvin Harrison Jr.,WR,ARI,5600,134503-152651,3.8437,3.8437,1.0,0.8844800479149512,3.399700506511268,SF,19.69,47.89,2.0,1.0,4.8686,statline_mc+recal_10_4b,0.0758649002030335,8.726092597285158,0.0,0.0,0.0,0.05325,0.2398874781062958,0.00175,2.7055,1.5745,19.01461758700638,0.11575,3.399700506511268,0.0,1.899999976158142,59.298654405007326,1.5020593947661978,,classic,True,,ACTIVE
00-0036407,Jerry Jeudy,WR,CLE,5200,134503-90561,3.7856,3.7856,1.0,0.8948117092161416,3.387412828532837,CAR,19.92,42.11,2.0,1.0,4.9109,statline_mc+recal_10_4b,0.0904672307720977,8.697085160948236,0.0,0.0,0.0,0.04625,0.1914030620359069,0.002,2.736,1.60675,18.488975223292464,0.12075,3.387412828532837,0.0,1.7999999523162842,49.62285151883957,0.8501624931885076,,classic,True,,ACTIVE
00-0037252,Greg Dulcich,TE,MIA,4600,134503-91931,4.2939,4.2939,1.0,0.7825110428988548,3.360045040958949,KC,17.42,45.22,2.0,1.0,3.8667,statline_mc+recal_10_4b,0.3418958809810026,8.504575842024309,0.0,0.0,0.0,0.0,0.0,0.0,2.94575,2.00975,16.35170040958949,0.1235,3.360045040958949,0.0,2.75,60.14778775443871,1.1008777505882337,,classic,True,,ACTIVE
00-0040729,Jack Bech,WR,LV,5000,134503-151741,3.6417,3.6417,1.0,0.9109830051658308,3.3175097208922057,NO,20.28,43.61,2.0,1.0,4.8729,statline_mc+recal_10_4b,0.0,8.539244678212004,0.0,0.0,0.0,0.0305,0.1408734366242483,0.00125,2.47025,1.57825,18.05297377229781,0.12,3.3175097208922057,0.0,6.650000095367432,55.01114602220511,1.1672268490140945,,classic,True,,ACTIVE
00-0039792,Devontez Walker,WR,BAL,4800,134503-156527,2.5831,2.5831,1.0,1.2739387587033018,3.290705518948439,DAL,28.36,53.33,1.0,0.5,5.2025,statline_mc+recal_10_4b,0.0,8.819331125267595,0.0,0.0,0.0,0.04275,0.4149152653636929,0.00175,1.75625,1.07275,20.338389924120698,0.11375,3.290705518948439,0.0,5.199999809265137,49.946013977546514,0.8664782917693881,,classic,True,,ACTIVE
00-0036309,Darnell Mooney,WR,NYG,5300,134503-69777,3.6573,3.6573,1.0,0.8984053305382946,3.285765816878557,TEN,20.0,37.56,2.0,1.0,4.865,statline_mc+recal_10_4b,0.0,8.53271503950847,0.0,0.0,0.0,0.044,0.2498887497308509,0.00075,2.469,1.57625,19.12151941905472,0.0955,3.285765816878557,0.0,4.75,48.33416643898561,0.788098037329374,,classic,True,,ACTIVE
00-0036626,Dyami Brown,WR,WAS,4700,134503-93538,4.4238,4.4238,1.0,0.7263607097402113,3.213290334512421,SEA,16.17,40.22,2.0,1.0,4.6316,statline_mc+recal_10_4b,0.2099757783038801,8.371770255499603,0.0,0.0,0.0,0.024,0.1000918986853703,0.0005,3.192,1.89125,16.466561446438845,0.1045,3.213290334512421,0.0,1.0499999523162842,41.7643159633392,0.535478479973099,,classic,True,,ACTIVE
00-0040075,LaJohntay Wester,WR,BAL,4600,134503-138649,2.4767,2.4767,1.0,1.2739387587033018,3.155157616637337,DAL,28.36,53.33,2.0,1.0,4.93,statline_mc+recal_10_4b,0.0,8.49654710522811,0.0,0.0,0.0,0.019,0.1163713600997449,0.0005,1.9455,1.2195,18.88770480627362,0.1085,3.155157616637337,0.0,2.200000047683716,72.4353903281091,3.253028043589158,,classic,True,,ACTIVE
00-0038551,Kendre Miller,RB,NO,5000,134503-120657,2.9441,2.9441,1.0,1.0479898180729206,3.085428140954396,LV,23.33,43.61,1.0,0.5,5.1018,statline_mc+recal_10_4b,0.1484348357365137,8.216893581628579,0.0,0.0,0.0,3.57425,14.949899592918474,0.13675,0.68825,0.527,4.269381816625484,0.0205,3.085428140954396,0.0,9.0,42.06047958942899,0.1929130922282164,,classic,True,,ACTIVE
00-0035249,Josh Oliver,TE,MIN,4300,134503-63907,3.0484,3.0484,1.0,0.981957026278356,2.993378692387674,TB,21.86,42.5,2.0,1.0,3.8676,statline_mc+recal_10_4b,0.0,8.213554188832026,0.0,0.0,0.0,0.0,0.0,0.0,2.22475,1.45975,16.480036923876742,0.10625,2.993378692387674,0.0,3.049999952316284,61.98571385040425,1.2265693381315301,,classic,True,,ACTIVE
00-0039847,Theo Johnson,TE,NYG,4900,134503-128810,3.1978,3.1978,1.0,0.8984053305382946,2.872917808237233,TEN,20.0,37.56,2.0,1.0,3.7096,statline_mc+recal_10_4b,0.0,7.761190306951083,0.0,0.0,0.0,0.0,0.0,0.0,2.51375,1.548,14.034178082372332,0.12,2.872917808237233,0.0,0.699999988079071,56.89826006581888,0.9093357683572721,,classic,True,,ACTIVE
00-0035537,Ty Johnson,RB,BUF,5000,134503-63050,2.1794,2.1794,1.0,1.2851688253350304,2.8008563391924164,LAC,28.61,50.0,0.0,0.0,4.9375,statline_mc+recal_10_4b,0.1110405192847202,7.65443221287474,0.0,0.0,0.0,2.17325,11.64056698438857,0.0785,0.88225,0.66525,6.886746407535591,0.0285,2.8008563391924164,0.0,5.194117826573989,25.651550903084647,0.04340258486726524,,classic,True,,ACTIVE
00-0041067,Bryce Lance,WR,NO,4700,134503-208430,2.6711,2.6711,1.0,1.0479898180729206,2.7992554967456984,LV,23.33,43.61,2.0,1.0,4.6652,statline_mc+recal_10_4b,0.0,7.787638613919392,0.0,0.0,0.0,0.02475,0.2154312747577178,0.00125,1.88625,1.2065,16.624623692699263,0.087,2.7992554967456984,0.0,3.5,59.477813516802854,1.5179729626183336,,classic,True,,ACTIVE
00-0040189,Oronde Gadsden II,TE,LAC,5000,134503-158438,2.9053,2.9053,1.0,0.9608445010107062,2.7915348883893656,BUF,21.39,50.0,2.0,1.0,3.7458,statline_mc+recal_10_4b,0.0,7.865070003562648,0.0,0.0,0.0,0.0,0.0,0.0,1.996,1.40025,14.029098883893656,0.118,2.7915348883893656,0.0,6.5,73.88443099175232,2.4698209402265574,,classic,True,,ACTIVE
00-0032104,Ameer Abdullah,RB,JAX,4200,134503-27229,2.5224,2.5224,1.0,1.0969529085872578,2.7669444417527247,NE,24.42,45.94,2.0,1.0,4.8513,statline_mc+recal_10_4b,0.13290443522811,7.481601439573178,0.0,0.0,0.0,2.455,12.043380877858944,0.07125,0.973,0.75125,6.164813539668301,0.0305,2.7669444417527247,0.0,2.75,61.03224612810502,1.082410564565637,,classic,True,,ACTIVE
00-0040466,Raheim Sanders,RB,CLE,4700,134503-151806,3.0827,3.0827,1.0,0.8948117092161416,2.758438951797138,CAR,19.92,42.11,2.0,1.0,4.882,statline_mc+recal_10_4b,0.1630224551951858,7.076294918472295,0.0,0.0,0.0,1.8275,6.670963568432785,0.04625,1.668,1.27925,9.732175949538592,0.03725,2.758438951797138,0.0,2.8499999046325684,45.9239188725385,0.27409137636178194,,classic,True,,ACTIVE
00-0038454,Keaton Mitchell,RB,LAC,4700,134503-134023,2.8125,2.8125,1.0,0.9608445010107062,2.702399885838414,BUF,21.39,50.0,2.0,1.0,4.7335,statline_mc+recal_10_4b,0.1616327094539605,7.529058836572279,0.0,0.0,0.0,3.39475,12.985446168616347,0.08825,0.838,0.633,4.748552689767792,0.0215,2.702399885838414,0.0,2.650000095367432,60.62411514865502,1.0429859882341228,,classic,True,,ACTIVE
00-0039793,AJ Barner,TE,SEA,4800,134503-137953,2.459,2.459,1.0,1.0807816126375684,2.657607818901732,WAS,24.06,40.22,2.0,1.0,3.727,statline_mc+recal_10_4b,0.0,7.643892467321989,0.0,0.0,0.0,0.0,0.0,0.0,1.82775,1.2605,14.028578189017315,0.1075,2.657607818901732,0.0,4.849999904632568,66.24581014098241,1.575881842979102,,classic,True,,ACTIVE
00-0040878,Mike Washington Jr.,RB,LV,4800,134503-154008,2.8827,2.8827,1.0,0.9109830051658308,2.626056293564579,NO,20.28,43.61,2.0,1.0,4.8078,statline_mc+recal_10_4b,0.1446705508225571,7.339378341409279,0.0,0.0,0.0,3.4615,13.91219244357703,0.088,0.686,0.509,3.813370492068759,0.01875,2.626056293564579,0.0,2.400000095367432,51.847730490368534,0.469651002054339,,classic,True,,ACTIVE
00-0038046,Charlie Kolar,TE,LAC,4200,134503-85635,2.6143,2.6143,1.0,0.9608445010107062,0.0,BUF,21.39,50.0,2.0,1.0,3.644,statline_mc+recal_10_4b,0.0,7.176765631991666,0.0,0.0,0.0,0.0,0.0,0.0,1.862,1.29,12.869472933014992,0.09925,2.5119472933015,0.0,3.5999999046325684,28.785093243407957,0.0,,classic,True,Out,OUT
00-0036425,DeeJay Dallas,RB,MIN,5000,134503-94087,2.3809,2.3809,1.0,0.981957026278356,2.337955614338097,TB,21.86,42.5,2.0,1.0,4.5648,statline_mc+recal_10_4b,0.0440145119693534,6.614735033032397,0.0,0.0,0.0,1.5045,6.645331384752551,0.046,1.251,0.9695,7.261724758628417,0.03475,2.337955614338097,0.0,1.5499999523162842,53.87637286026856,0.5647662358565753,,classic,True,,ACTIVE
00-0038710,Blake Whiteheart,TE,CLE,4400,134503-87634,2.6058,2.6058,1.0,0.8948117092161416,2.331723663308228,CAR,19.92,42.11,2.0,1.0,3.5781,statline_mc+recal_10_4b,0.0,7.150419015511489,0.0,0.0,0.0,0.0,0.0,0.0,1.73325,1.1635,11.224736633082273,0.108,2.331723663308228,0.0,5.050000190734863,54.19882277658148,0.7758226725582604,,classic,True,,ACTIVE
00-0032951,Laquon Treadwell,WR,IND,4500,134503-41806,2.5309,2.5309,1.0,0.920865463801752,2.330609663851764,HOU,20.5,42.5,2.0,1.0,4.3603,statline_mc+recal_10_4b,0.0,6.561097107235439,0.0,0.0,0.0,0.0155,0.0889828040648325,0.00025,1.70375,1.07925,13.330863834452806,0.0765,2.330609663851764,0.0,3.799999952316284,48.0275421623904,0.7740107580798606,,classic,True,,ACTIVE
00-0039814,Erick All Jr.,TE,CIN,4600,134503-103378,2.1394,2.1394,1.0,1.036759751441192,2.2180569309098663,PIT,23.08,42.67,1.0,0.5,3.5689,statline_mc+recal_10_4b,0.0,6.542886336863046,0.0,0.0,0.0,0.0,0.0,0.0,1.60875,1.055,11.730569309098666,0.089,2.2180569309098663,0.0,1.5,45.28801471783204,0.4593253577651667,,classic,True,,ACTIVE
00-0034837,Calvin Ridley,WR,TEN,5000,134503-64555,2.8007,2.8007,1.0,0.7887998802126227,2.209194192465115,NYG,17.56,37.56,1.0,0.5,4.2081,statline_mc+recal_10_4b,0.0,5.74457482942156,0.0,0.0,0.0,0.0815,0.3973544618820515,0.00125,1.92575,1.22425,11.733337462769098,0.0655,2.209194192465115,0.0,4.5,28.704171297906168,0.24836933651045123,,classic,True,,ACTIVE
00-0038619,Andrei Iosivas,WR,CIN,4700,134503-185593,2.13,2.13,1.0,1.036759751441192,0.0,PIT,23.08,42.67,2.0,1.0,4.5651,statline_mc+recal_10_4b,0.0,6.144757110327517,0.0,0.0,0.0,0.02725,0.1831584352170373,0.0005,1.5405,0.956,12.624342789466258,0.07625,2.2082501224683297,0.0,1.7000000476837158,27.033698864906484,0.0,,classic,True,Out,OUT
00-0037525,Jordan Mason,RB,MIN,4000,134503-86875,2.2448,2.2448,1.0,0.981957026278356,0.0,TB,21.86,42.5,1.0,0.5,4.7379,statline_mc+recal_10_4b,0.0388738581526865,6.9474958620173375,0.0,0.0,0.0,2.92625,11.43924868115914,0.10825,0.38125,0.2865,2.325889692375432,0.01075,2.2042638373534578,0.0,11.899999618530272,18.311481750611353,0.0,,classic,True,Injured Reserve,OUT
00-0038558,Darnell Washington,TE,PIT,4600,134503-133477,2.4614,2.4614,1.0,0.8795388185969905,2.164916942308889,CIN,19.58,42.67,2.0,1.0,3.3444,statline_mc+recal_10_4b,0.0,6.1761408211679365,0.0,0.0,0.0,0.0,0.0,0.0,1.81175,1.2145,11.15166942308889,0.07675,2.164916942308889,0.0,2.0,56.685542193149956,0.898028308784796,,classic,True,,ACTIVE
00-0036637,Noah Gray,TE,KC,4800,134503-93143,1.7214,1.7214,1.0,1.249232612113499,2.150409722413374,MIA,27.81,45.22,2.0,1.0,3.6033,statline_mc+recal_10_4b,0.0,6.614798177025257,0.0,0.0,0.0,0.0,0.0,0.0,1.35425,0.88,11.859097224133736,0.08975,2.150409722413374,0.0,0.5,74.21443952382887,2.518234147486755,,classic,True,,ACTIVE
00-0040870,Ja'Kobi Lane,WR,BAL,4000,134503-190930,1.6876,1.6876,1.0,1.2739387587033018,0.0,DAL,28.36,53.33,1.0,0.5,4.4167,statline_mc+recal_10_4b,0.0,6.647616104467391,0.0,0.0,0.0,0.02725,0.1923751640109876,0.0015,1.32725,0.78325,12.819836799595352,0.0765,2.149846196360634,0.0,1.600000023841858,30.611499807506025,0.0,,classic,True,Injured Reserve,OUT
00-0038705,Emari Demercado,RB,DAL,4800,134503-94579,1.9123,1.9123,1.0,1.1216590551770609,2.1449908895856606,BAL,24.97,53.33,2.0,1.0,4.6368,statline_mc+recal_10_4b,0.0416732533940905,6.426873056095961,0.0,0.0,0.0,2.5575,11.996444086036028,0.0815,0.396,0.2935,2.6909648098205805,0.01175,2.1449908895856606,0.0,0.75,67.62210948560642,1.970463994436868,,classic,True,,ACTIVE
00-0035891,Cody White,WR,LV,4800,134503-92890,2.3522,2.3522,1.0,0.9109830051658308,2.142857076460775,NO,20.28,43.61,2.0,1.0,4.3027,statline_mc+recal_10_4b,0.0,6.481894138699949,0.0,0.0,0.0,0.03125,0.1561584281239581,0.0015,1.57225,0.96525,11.191162336483794,0.088,2.142857076460775,0.0,7.699999809265137,51.99495169022131,0.9774653111057618,,classic,True,,ACTIVE
00-0036265,AJ Dillon,RB,CAR,4500,134503-93107,2.1428,2.1428,1.0,0.996780714232238,2.135885558025576,CLE,22.19,42.11,2.0,1.0,4.6661,statline_mc+recal_10_4b,0.0525127615567925,6.775626184620562,0.0,0.0,0.0,3.37,13.432253034776116,0.10225,0.19425,0.14725,1.1303525454796437,0.00625,2.135885558025576,0.0,1.25,50.80465163670686,0.4271625071894024,,classic,True,,ACTIVE
00-0040736,Mason Taylor,TE,NYJ,4400,134503-168054,2.255,2.255,1.0,0.9334431384292882,0.0,DET,20.78,48.17,1.0,0.5,3.3906,statline_mc+recal_10_4b,0.0,5.857393519339163,0.0,0.0,0.0,0.0,0.0,0.0,1.7245,1.1365,10.946801422702327,0.07725,2.104930142270233,0.0,0.800000011920929,20.797496495754277,0.0,,classic,True,Out,OUT
00-0039364,Sione Vaki,RB,DET,4500,134503-168076,1.7105,1.7105,1.0,1.2303661001721946,2.104586079129439,NYJ,27.39,48.17,2.0,1.0,4.486,statline_mc+recal_10_4b,0.0,6.214992494639289,0.0,0.0,0.0,1.295,6.6364864139345485,0.0495,0.8715,0.6695,6.68687437735984,0.02725,2.104586079129439,0.0,2.400000095367432,64.3161976060749,1.4589713047483872,,classic,True,,ACTIVE
00-0041525,Chris Bell,WR,MIA,4700,134503-170825,2.6369,2.6369,1.0,0.7825110428988548,2.0634351180179134,KC,17.42,45.22,2.0,1.0,4.1379,statline_mc+recal_10_4b,0.0,5.443654331405842,0.0,0.0,0.0,0.02775,0.2046386038220193,0.00025,1.802,1.07925,11.178462576357113,0.06575,2.0634351180179134,0.0,1.5,47.52545888080276,0.7514851602357879,,classic,True,,ACTIVE
00-0037805,Jeremy Ruckert,TE,NYJ,4200,134503-87815,2.1799,2.1799,1.0,0.9334431384292882,2.034792273774034,DET,20.78,48.17,2.0,1.0,3.3338,statline_mc+recal_10_4b,0.0,6.233976370639838,0.0,0.0,0.0,0.0,0.0,0.0,1.52425,1.04075,10.139172737740344,0.08625,2.034792273774034,0.0,1.2000000476837158,62.897198634867756,1.2941289825120386,,classic,True,,ACTIVE
00-0035676,A.J. Brown,WR,NE,4000,134503-72846,2.0918,2.0918,1.0,0.9671333383244742,0.0,JAX,21.53,45.94,1.0,0.5,4.2275,statline_mc+recal_10_4b,0.0,5.750832602928889,0.0,0.0,0.0,0.02975,0.2527222502563378,0.00075,1.50325,0.96275,11.273861936207537,0.06675,2.023033418646388,0.0,4.099999904632568,21.31730885658578,0.0,,classic,True,Injured Reserve,OUT
00-0034981,Foster Moreau,TE,HOU,4300,134503-60712,2.0336,2.0336,1.0,0.9882458635921242,2.009709072560463,IND,22.0,42.5,2.0,1.0,3.2269,statline_mc+recal_10_4b,0.0,5.853593267512355,0.0,0.0,0.0,0.0,0.0,0.0,1.44425,1.01925,10.685840725604628,0.075,2.009709072560463,0.0,3.450000047683716,60.050252915126144,1.0945797210491923,,classic,True,,ACTIVE
00-0037809,Chig Okonkwo,TE,WAS,4800,134503-88297,2.732,2.732,1.0,0.7263607097402113,0.0,SEA,16.17,40.22,1.0,0.5,3.2056,statline_mc+recal_10_4b,0.0,5.052044384554206,0.0,0.0,0.0,0.0,0.0,0.0,1.849,1.22325,9.452780917549422,0.0735,1.9844030917549424,0.0,2.5999999046325684,10.373551959330438,0.0,,classic,True,Out,OUT
00-0040691,Jaxson Dart,QB,NYG,7800,134503-151966,2.2022,2.2022,1.0,0.8984053305382946,0.0,TEN,20.0,37.56,2.0,1.0,6.6172,statline_mc+recal_10_4b,-0.9951503368173512,7.015241499890252,0.0,0.0,0.0,4.1945,16.80941920990516,0.13625,0.0,0.0,0.0,0.0,1.9784419209905164,0.0,13.699999809265137,19.65829123060267,0.0,,classic,True,Injured Reserve,OUT
00-0034798,Durham Smythe,TE,BAL,4200,134503-42046,1.5281,1.5281,1.0,1.2739387587033018,1.946663658832404,DAL,28.36,53.33,2.0,1.0,3.4636,statline_mc+recal_10_4b,0.0,5.802048947066127,0.0,0.0,0.0,0.0,0.0,0.0,1.21225,0.80225,10.785386588324036,0.0795,1.946663658832404,0.0,0.449999988079071,74.82351805956202,2.6100935665115883,,classic,True,,ACTIVE
00-0035631,Drew Sample,TE,CIN,4400,134503-56711,1.859,1.859,1.0,1.036759751441192,1.9273788278963788,PIT,23.08,42.67,1.0,0.5,3.3535,statline_mc+recal_10_4b,0.0,5.580168382742996,0.0,0.0,0.0,0.0,0.0,0.0,1.368,0.9275,10.171288278963788,0.077,1.9273788278963788,0.0,3.400000095367432,43.16467034697112,0.405392684756887,,classic,True,,ACTIVE
00-0039910,Jayden Daniels,QB,WAS,7800,134503-102785,2.606,2.606,1.0,0.7263607097402113,0.0,SEA,16.17,40.22,2.0,1.0,6.6169,statline_mc+recal_10_4b,-1.0912215114461123,6.589004962233014,0.0,0.0,0.0,4.41075,17.069197802053438,0.12375,0.0,0.0,0.0,0.0,1.892919780205344,0.0,16.200000762939453,16.307064236737638,0.0,,classic,True,Out,OUT
00-0040646,Jalen Royals,WR,KC,4600,134503-176467,1.5061,1.5061,1.0,1.249232612113499,1.8815114670481885,MIA,27.81,45.22,2.0,1.0,4.2559,statline_mc+recal_10_4b,0.0,6.10040872339062,0.0,0.0,0.0,0.019,0.1524948646345881,0.00075,1.07125,0.67875,10.478869805847294,0.08025,1.8815114670481885,0.0,3.799999952316284,62.71391669357443,1.8362673150383364,,classic,True,,ACTIVE
00-0041395,Eli Raridon,TE,NE,4300,134503-176734,1.9261,1.9261,1.0,0.9671333383244742,1.8628086810277196,JAX,21.53,45.94,2.0,1.0,3.3492,statline_mc+recal_10_4b,0.0,5.678819491320509,0.0,0.0,0.0,0.0,0.0,0.0,1.26875,0.85975,9.619336810277192,0.08,1.8628086810277196,0.0,5.099999904632568,62.54441250558648,1.267549796924349,,classic,True,Questionable,QUESTIONABLE
00-0040890,Cyrus Allen,WR,KC,4800,134503-169046,1.4867,1.4867,1.0,1.249232612113499,1.857282022253529,MIA,27.81,45.22,1.0,0.5,4.2794,statline_mc+recal_10_4b,0.0,5.318011873245379,0.0,0.0,0.0,0.0465,0.3778419114493647,0.00175,1.14975,0.69125,10.988728311085923,0.06225,1.857282022253529,0.0,0.0,43.02875611634088,0.5768253502522712,,classic,True,,ACTIVE
00-0040081,Jake Briningstool,TE,KC,4500,134503-152526,1.4863,1.4863,1.0,1.249232612113499,1.8566896307107184,MIA,27.81,45.22,1.0,0.5,3.3687,statline_mc+recal_10_4b,0.0,5.449301580961696,0.0,0.0,0.0,0.0,0.0,0.0,1.14775,0.77725,10.275646307107184,0.07475,1.8566896307107184,0.0,1.399999976158142,47.56908442692887,0.5252841585368075,,classic,True,,ACTIVE
00-0037801,KaVontae Turpin,WR,DAL,4700,134503-60957,1.652,1.652,1.0,1.1216590551770609,1.8530038396797224,BAL,24.97,53.33,2.0,1.0,4.3578,statline_mc+recal_10_4b,0.0,5.939866961867001,0.0,0.0,0.0,0.424,3.042360198998016,0.01775,0.915,0.5765,8.260178197799211,0.05675,1.8530038396797224,0.0,0.699999988079071,67.35895159086957,2.4132447829920833,,classic,True,,ACTIVE
00-0041125,Seth McGowan,RB,IND,5300,134503-120085,1.9765,1.9765,1.0,0.920865463801752,1.8200855304423589,HOU,20.5,42.5,2.0,1.0,4.1884,statline_mc+recal_10_4b,0.0261855629983404,5.060317277695081,0.0,0.0,0.0,2.12525,7.701607712334921,0.0535,0.69725,0.53125,3.672997592088664,0.0215,1.8200855304423589,0.0,0.25,49.63777403578017,0.3841698366769505,,classic,True,,ACTIVE
00-0040131,Kyle Williams,WR,NE,4600,134503-136538,1.8504,1.8504,1.0,0.9671333383244742,1.789588559825935,JAX,21.53,45.94,2.0,1.0,3.9948,statline_mc+recal_10_4b,0.0,4.577675020453036,0.0,0.0,0.0,0.01775,0.1555008876957955,0.00025,1.3465,0.82475,9.90663471056355,0.063,1.789588559825935,0.0,0.75,55.710752961923454,1.2162642493814648,,classic,True,,ACTIVE
00-0036887,Luke Farrell,TE,SF,4300,134503-73176,1.4103,1.4103,1.0,1.2663023133937263,1.7858656702000908,ARI,28.19,47.89,2.0,1.0,3.3965,statline_mc+recal_10_4b,0.0,5.040640758894236,0.0,0.0,0.0,0.0,0.0,0.0,1.076,0.74025,9.802406702000908,0.075,1.7858656702000908,0.0,1.4500000476837158,71.52940011376101,2.1503151785274253,,classic,True,,ACTIVE
00-0040187,Mitchell Evans,TE,CAR,4200,134503-154124,1.7793,1.7793,1.0,0.996780714232238,1.7735908500603603,CLE,22.19,42.11,2.0,1.0,3.2545,statline_mc+recal_10_4b,0.0,4.722279283342557,0.0,0.0,0.0,0.0,0.0,0.0,1.28,0.8485,9.403408500603604,0.07,1.7735908500603603,0.0,1.600000023841858,54.998603380327474,0.8131941575355407,,classic,True,,ACTIVE
00-0041503,Nate Boerkircher,TE,JAX,4300,134503-129422,1.6003,1.6003,1.0,1.0969529085872578,1.7554246755857552,NE,24.42,45.94,1.0,0.5,3.2853,statline_mc+recal_10_4b,0.0,5.202670732741418,0.0,0.0,0.0,0.0,0.0,0.0,1.14825,0.77625,9.222996755857553,0.07575,1.7554246755857552,0.0,1.399999976158142,45.02972704972982,0.45239939510338856,,classic,True,,ACTIVE
00-0041550,Brenen Thompson,WR,LAC,4200,134503-174329,1.7781,1.7781,1.0,0.9608445010107062,0.0,BUF,21.39,50.0,1.0,0.5,4.0419,statline_mc+recal_10_4b,0.0,4.520529244189857,0.0,0.0,0.0,0.03225,0.1908448704064264,0.0015,1.35675,0.8095,9.650954750759563,0.053,1.7084299621165993,0.0,1.7999999523162842,17.51490120712352,0.0,,classic,True,Out,OUT
00-0039530,Brevyn Spann-Ford,TE,DAL,4300,134503-85842,1.517,1.517,1.0,1.1216590551770609,1.701582848953205,BAL,24.97,53.33,2.0,1.0,3.2733,statline_mc+recal_10_4b,0.0,4.966303705840063,0.0,0.0,0.0,0.0,0.0,0.0,1.11325,0.751,9.350828489532049,0.06725,1.701582848953205,0.0,1.2000000476837158,71.37401982692073,2.1307508070564785,,classic,True,,ACTIVE
00-0036590,Quintin Morris,TE,JAX,4100,134503-90123,1.4912,1.4912,1.0,1.0969529085872578,1.6358298586190636,NE,24.42,45.94,2.0,1.0,3.1475,statline_mc+recal_10_4b,0.0,4.363300777485351,0.0,0.0,0.0,0.0,0.0,0.0,1.1405,0.7575,8.710798586190638,0.06575,1.6358298586190636,0.0,0.6000000238418579,61.71070674034047,1.2068868919077447,,classic,True,,ACTIVE
00-0039855,Jalen McMillan,WR,TB,4900,134503-120042,1.7324,1.7324,1.0,0.92715430111552,1.6062318627909729,MIN,20.64,42.5,0.0,0.0,3.918,statline_mc+recal_10_4b,0.0,4.035955388106993,0.0,0.0,0.0,0.05725,0.2683827417505283,0.001,1.2295,0.76825,8.8726858861592,0.05175,1.6062318627909729,0.0,6.724999904632568,17.306482234668785,0.12703524918708595,,classic,True,,ACTIVE
00-0040177,Jordan James,RB,SF,4300,134503-175021,1.2668,1.2668,1.0,1.2663023133937263,1.6041923591225695,ARI,28.19,47.89,1.0,0.5,4.2172,statline_mc+recal_10_4b,0.0,4.737401597663275,0.0,0.0,0.0,1.5675,8.47916081049139,0.0535,0.35225,0.262,2.537762780734304,0.01175,1.6041923591225695,0.0,1.5,41.50061604423184,0.18334013744883665,,classic,True,,ACTIVE
00-0038547,Luke Schoonmaker,TE,DAL,4200,134503-91417,1.394,1.394,1.0,1.1216590551770609,1.5635497664250153,BAL,24.97,53.33,1.0,0.5,3.2497,statline_mc+recal_10_4b,0.0,4.121045829270959,0.0,0.0,0.0,0.0,0.0,0.0,0.98,0.648,8.715497664250153,0.06325,1.5635497664250153,0.0,1.7000000476837158,46.27762894608541,0.48685746523791945,,classic,True,,ACTIVE
00-0040894,Malik Benson,WR,LV,4300,134503-183410,1.7155,1.7155,1.0,0.9109830051658308,1.5627603821490688,NO,20.28,43.61,2.0,1.0,3.9777,statline_mc+recal_10_4b,0.0,4.00992041176017,0.0,0.0,0.0,0.25475,1.3129672844846303,0.00675,1.14425,0.67825,7.733386537006059,0.04875,1.5627603821490688,0.0,0.1500000059604644,47.23786666997839,0.7388790742588177,,classic,True,,ACTIVE
00-0040739,Elijah Arroyo,TE,SEA,4300,134503-152258,1.4358,1.4358,1.0,1.0807816126375684,1.5517434907077254,WAS,24.06,40.22,1.0,0.5,3.2316,statline_mc+recal_10_4b,0.0,4.008171450833537,0.0,0.0,0.0,0.0,0.0,0.0,1.029,0.693,8.257434907077252,0.06525,1.5517434907077254,0.0,2.200000047683716,37.94357085178564,0.2981905434230239,,classic,True,,ACTIVE
00-0041326,CJ Donaldson,RB,NO,4300,134503-173066,1.4766,1.4766,1.0,1.0479898180729206,1.5474182319830712,LV,23.33,43.61,2.0,1.0,4.1646,statline_mc+recal_10_4b,0.0,3.957131480557248,0.0,0.0,0.0,1.30975,5.3929880730209625,0.0385,0.6725,0.4975,4.223694246809747,0.021,1.5474182319830712,0.0,0.449999988079071,53.04608734823459,0.5237064946039394,,classic,True,,ACTIVE
00-0041100,Josh Cameron,WR,JAX,4300,134503-158529,1.3998,1.3998,1.0,1.0969529085872578,1.5355668713492328,NE,24.42,45.94,2.0,1.0,3.9761,statline_mc+recal_10_4b,0.0,4.344621170781319,0.0,0.0,0.0,0.016,0.1199528930616947,0.001,0.9515,0.60875,8.536965820430632,0.061,1.5355668713492328,0.0,4.5,58.77240071036488,1.456273822011647,,classic,True,,ACTIVE
00-0038573,Derius Davis,WR,LAC,4200,134503-94621,1.5562,1.5562,1.0,0.9608445010107062,1.4952771917074978,BUF,21.39,50.0,2.0,1.0,3.847,statline_mc+recal_10_4b,0.0,3.779418279463406,0.0,0.0,0.0,0.01325,0.0595980630814255,0.001,1.178,0.69425,8.166923853993552,0.05475,1.4952771917074978,0.0,0.0,54.126139440153,1.1080165335363297,,classic,True,,ACTIVE
00-0040556,Corey Kiner,RB,NE,4300,134503-151740,1.5416,1.5416,1.0,0.9671333383244742,1.4909066313226886,JAX,21.53,45.94,2.0,1.0,4.1141,statline_mc+recal_10_4b,0.0,4.121588792349688,0.0,0.0,0.0,2.4895,8.893349984021686,0.06725,0.21675,0.16425,1.1694663292051992,0.0045,1.4909066313226886,0.0,0.550000011920929,50.89109893174311,0.4305327368349916,,classic,True,,ACTIVE
00-0041524,Will Kacmarek,TE,MIA,4300,134503-157490,1.9002,1.9002,1.0,0.7825110428988548,1.4869387635707236,KC,17.42,45.22,2.0,1.0,2.8899,statline_mc+recal_10_4b,0.0,3.61830518065135,0.0,0.0,0.0,0.0,0.0,0.0,1.3415,0.88325,7.343137635707237,0.05425,1.4869387635707236,0.0,0.449999988079071,49.75043676106122,0.5972012828116795,,classic,True,,ACTIVE
00-0040879,Matt Hibner,TE,BAL,4100,134503-138039,1.1638,1.1638,1.0,1.2739387587033018,1.4826109112915598,DAL,28.36,53.33,1.0,0.5,3.2776,statline_mc+recal_10_4b,0.0,4.267957615674136,0.0,0.0,0.0,0.0,0.0,0.0,0.853,0.56775,8.282359112915598,0.06275,1.4826109112915598,0.0,1.7999999523162842,46.505046875634825,0.49341417175334173,,classic,True,,ACTIVE
00-0040718,Travis Hunter,WR,JAX,4700,134503-184184,1.3095,1.3095,1.0,1.0969529085872578,1.4364144464480346,NE,24.42,45.94,0.0,0.0,3.9149,statline_mc+recal_10_4b,0.0,3.819737775627991,0.0,0.0,0.0,0.04625,0.2359989140690029,0.00225,0.93425,0.57825,8.09189555041134,0.05125,1.4364144464480346,0.0,0.800000011920929,21.22216211097588,0.1599399945731497,,classic,True,,ACTIVE
00-0040785,Dohnte Meyers,WR,CIN,4100,134503-241064,1.3825,1.3825,1.0,1.036759751441192,1.4333429661385335,PIT,23.08,42.67,2.0,1.0,3.9306,statline_mc+recal_10_4b,0.0,3.8671486800855592,0.0,0.0,0.0,0.29775,1.961024676882776,0.01225,0.8375,0.52075,6.658654984502558,0.041,1.4333429661385335,0.0,1.649999976158142,52.03369886490649,0.9796957354624874,,classic,True,,ACTIVE
00-0038824,Ryan Miller,TE,MIA,4200,134503-95370,1.8005,1.8005,1.0,0.7825110428988548,1.4088838320097523,KC,17.42,45.22,1.0,0.5,2.9487,statline_mc+recal_10_4b,0.0,3.6150843755420143,0.0,0.0,0.0,0.0,0.0,0.0,1.07975,0.668,8.158838320097527,0.0455,1.4088838320097523,0.0,14.199999809265137,31.681710376630242,0.2063116636490461,,classic,True,Questionable,QUESTIONABLE
00-0041436,DJ Herman,RB,MIA,4000,134503-159649,1.7926,1.7926,1.0,0.7825110428988548,1.4027555986089817,KC,17.42,45.22,1.0,0.5,3.8627,statline_mc+recal_10_4b,0.0,3.1648545320439507,0.0,0.0,0.0,0.71175,2.377240052354787,0.01375,1.134,0.82225,5.044065933735028,0.03025,1.4027555986089817,0.0,2.299999952316284,33.64234576772921,0.08974343663436904,,classic,True,,ACTIVE
00-0041096,Kaytron Allen,RB,WAS,4500,134503-166896,1.8947,1.8947,1.0,0.7263607097402113,1.376203390889499,SEA,16.17,40.22,2.0,1.0,3.9732,statline_mc+recal_10_4b,0.0248076342888594,3.4622321530421627,0.0,0.0,0.0,2.97875,8.990032378527676,0.0605,0.15825,0.1205,0.7195015303673129,0.00225,1.376203390889499,0.0,2.0,34.602004590501515,0.09792448363122774,,classic,True,,ACTIVE
00-0036754,Brock Wright,TE,DET,4400,134503-91046,1.1065,1.1065,1.0,1.2303661001721946,1.3613688142299616,NYJ,27.39,48.17,2.0,1.0,2.9911,statline_mc+recal_10_4b,0.0,3.56685066085119,0.0,0.0,0.0,0.0,0.0,0.0,0.86125,0.5735,7.431188142299615,0.05675,1.3613688142299616,0.0,0.5,69.0584751960346,1.8594223992999188,,classic,True,,ACTIVE
00-0038488,Brady Russell,TE,SEA,4200,134503-87844,1.239,1.239,1.0,1.0807816126375684,1.3391420231960234,WAS,24.06,40.22,1.0,0.5,2.7313,statline_mc+recal_10_4b,0.0,3.1776252751355845,0.0,0.0,0.0,0.0,0.0,0.0,1.1175,0.8465,7.163920231960232,0.03525,1.3391420231960234,0.0,3.0,35.52966356701743,0.25871786495816085,,classic,True,,ACTIVE
00-0037292,Drew Ogletree,TE,IND,4300,134503-147049,1.4314,1.4314,1.0,0.920865463801752,1.318163362186202,HOU,20.5,42.5,2.0,1.0,2.835,statline_mc+recal_10_4b,0.0,3.26288238134183,0.0,0.0,0.0,0.0,0.0,0.0,1.073,0.68225,6.715383621862018,0.05275,1.318163362186202,0.0,0.0,49.55742392231747,0.590459187037965,,classic,True,,ACTIVE
00-0040568,Lan Larison,RB,NE,4100,134503-131266,1.335,1.335,1.0,0.9671333383244742,1.2910811624670295,JAX,21.53,45.94,1.0,0.5,3.8634,statline_mc+recal_10_4b,0.0,3.084930764743827,0.0,0.0,0.0,0.633,2.531600048649076,0.02175,0.82575,0.6215,4.726711576021218,0.02275,1.2910811624670295,0.0,1.899999976158142,35.01233093976576,0.10164628595439987,,classic,True,,ACTIVE
00-0034854,KhaDarel Hodge,WR,SF,4200,134503-85306,1.0085,1.0085,1.0,1.2663023133937263,1.2770086594932235,ARI,28.19,47.89,2.0,1.0,3.8147,statline_mc+recal_10_4b,0.0,3.533779968882606,0.0,0.0,0.0,0.019,0.1524543009874591,0.0015,0.76775,0.4745,7.655132293944779,0.04225,1.2770086594932235,0.0,1.149999976158142,60.45920680062591,1.6081828618119067,,classic,True,,ACTIVE
00-0039062,Jonathan Mingo,WR,DAL,4200,134503-112192,1.1382,1.1382,1.0,1.1216590551770609,1.2767087140749,BAL,24.97,53.33,1.0,0.5,3.8335,statline_mc+recal_10_4b,0.0,3.174596593622226,0.0,0.0,0.0,0.02425,0.2181726243426993,0.00225,0.833,0.51675,7.330164516406301,0.0425,1.2767087140749,0.0,1.5,41.39542997565883,0.5239841975624803,,classic,True,,ACTIVE
00-0041104,Demond Claiborne,RB,MIN,4600,134503-171217,1.2914,1.2914,1.0,0.981957026278356,1.2680671346505796,TB,21.86,42.5,1.0,0.5,3.9182,statline_mc+recal_10_4b,0.0,3.0227254195773074,0.0,0.0,0.0,0.787,3.274435164092195,0.02225,0.70325,0.53625,4.3349861824136,0.0195,1.2680671346505796,0.0,0.699999988079071,31.976691540821143,0.0771330446734549,,classic,True,,ACTIVE
00-0039471,Frank Gore Jr.,RB,BUF,4200,134503-139284,0.985,0.985,1.0,1.2851688253350304,1.2658319343386224,LAC,28.61,50.0,1.0,0.5,3.9894,statline_mc+recal_10_4b,0.0,3.2431268674124785,0.0,0.0,0.0,0.87425,4.917631641180063,0.037,0.40925,0.311,3.2056877022061627,0.01425,1.2658319343386224,0.0,0.3000000119209289,42.41402998841649,0.19921422107011655,,classic,True,,ACTIVE
00-0041529,Kevin Coleman Jr.,WR,MIA,4200,134503-183828,1.6097,1.6097,1.0,0.7825110428988548,1.2595939407230443,KC,17.42,45.22,1.0,0.5,3.5192,statline_mc+recal_10_4b,0.0,3.178389793858753,0.0,0.0,0.0,0.033,0.1432864102040273,0.00075,1.1475,0.67025,6.711402997026418,0.04025,1.2595939407230443,0.0,0.0,27.55691146518964,0.23216098361550025,,classic,True,,ACTIVE
00-0036187,Reggie Gilliam,RB,NE,4100,134503-70426,1.297,1.297,1.0,0.9671333383244742,1.2543672020353964,JAX,21.53,45.94,1.0,0.5,3.8487,statline_mc+recal_10_4b,0.0,2.86137810674039,0.0,0.0,0.0,0.61225,2.39914787443825,0.0145,0.88675,0.67225,4.658274145915715,0.02325,1.2543672020353964,0.0,0.8999999761581421,34.63470856214339,0.09821605498976783,,classic,True,,ACTIVE
00-0036628,John Bates,TE,WAS,4200,134503-72705,1.7015,1.7015,1.0,0.7263607097402113,1.2358819349113757,SEA,16.17,40.22,1.0,0.5,2.783,statline_mc+recal_10_4b,0.0,2.913815064712955,0.0,0.0,0.0,0.0,0.0,0.0,1.1605,0.77075,5.915069349113757,0.04575,1.2358819349113757,0.0,2.299999952316284,25.505174475886726,0.14346086992689075,,classic,True,,ACTIVE
00-0038115,Daniel Bellinger,TE,TEN,4200,134503-90307,1.5547,1.5547,1.0,0.7887998802126227,1.2263376461296824,NYG,17.56,37.56,2.0,1.0,2.7223,statline_mc+recal_10_4b,0.0,2.9152177786776137,0.0,0.0,0.0,0.0,0.0,0.0,1.1315,0.73225,5.987126461296823,0.04525,1.2263376461296824,0.0,0.6000000238418579,37.83008471133141,0.2962065557121833,,classic,True,,ACTIVE
00-0038794,Jaleel McLaughlin,RB,CLE,4200,134503-147051,1.3577,1.3577,1.0,0.8948117092161416,1.2148726537026595,CAR,19.92,42.11,1.0,0.5,3.8427,statline_mc+recal_10_4b,0.0,2.7255833238140554,0.0,0.0,0.0,1.01175,3.805228547920744,0.0305,0.634,0.46575,3.419747989105854,0.015,1.2148726537026595,0.0,0.3000000119209289,24.64986901518727,0.03962487226822837,,classic,True,,ACTIVE
00-0032950,Carson Wentz,QB,MIN,7000,134503-70324,1.2204,1.2204,1.0,0.981957026278356,1.1983724111852707,TB,21.86,42.5,2.0,1.0,6.3673,statline_mc+recal_10_4b,-0.9497059899781352,5.362564809107293,0.0,0.0,0.0,2.65725,9.313724111852707,0.10325,0.0,0.0,0.0,0.0,1.1983724111852707,0.0,12.770000457763672,57.53577228437387,0.8180522930949637,,classic,True,,ACTIVE
00-0040886,Nick Singleton,RB,TEN,4400,134503-166898,1.5169,1.5169,1.0,0.7887998802126227,1.1964991909689515,NYG,17.56,37.56,1.0,0.5,3.7619,statline_mc+recal_10_4b,0.0,2.948055323939786,0.0,0.0,0.0,1.78925,5.901021299417581,0.04275,0.39775,0.29925,1.7777206102719334,0.0075,1.1964991909689515,0.0,1.0,21.58027545690506,0.029976179477109604,,classic,True,,ACTIVE
00-0040668,Shedeur Sanders,QB,CLE,6600,134503-184183,1.3297,1.3297,1.0,0.8948117092161416,1.1898423406456302,CAR,19.92,42.11,0.0,0.0,6.3199,statline_mc+recal_10_4b,-0.1843216958770904,4.7682324279683765,0.0,0.0,0.0,2.48075,9.323423406456303,0.0955,0.0,0.0,0.0,0.0,1.1898423406456302,0.0,12.237500190734863,16.201220227354742,0.042711075178938185,,classic,True,,ACTIVE
00-0040238,LeQuint Allen Jr.,RB,JAX,4300,134503-166749,1.074,1.074,1.0,1.0969529085872578,1.1780753201016394,NE,24.42,45.94,1.0,0.5,3.8712,statline_mc+recal_10_4b,0.0,2.8626784392541804,0.0,0.0,0.0,0.6785,3.0236717934789623,0.0215,0.61025,0.46075,4.058331407537431,0.02,1.1780753201016394,0.0,0.0,36.0988640385688,0.11219907379139045,,classic,True,,ACTIVE
00-0036945,Justin Fields,QB,KC,6400,134503-91591,0.9415,0.9415,1.0,1.249232612113499,1.1761752291697405,MIA,27.81,45.22,0.0,0.0,6.3419,statline_mc+recal_10_4b,0.0,3.998510653512783,0.0,0.0,0.0,1.7535,9.226752291697402,0.07975,0.0,0.0,0.0,0.0,1.1761752291697405,0.0,15.962222629123264,22.591356910862498,0.06741695829436183,,classic,True,,ACTIVE
00-0041041,Oscar Delp,TE,NO,4200,134503-167950,1.1041,1.1041,1.0,1.0479898180729206,1.157046539636457,LV,23.33,43.61,1.0,0.5,2.8664,statline_mc+recal_10_4b,0.0,3.115966752645575,0.0,0.0,0.0,0.0,0.0,0.0,0.78925,0.53625,6.3592153963645695,0.044,1.157046539636457,0.0,1.2999999523162842,37.86193144882786,0.29676197063805654,,classic,True,,ACTIVE
00-0039384,Tyrone Tracy Jr.,RB,NYG,4900,134503-86153,1.2722,1.2722,1.0,0.8984053305382946,1.1429243981213832,TEN,20.0,37.56,2.0,1.0,3.8456,statline_mc+recal_10_4b,0.0,2.7066329830043623,0.0,0.0,0.0,1.519,6.01476600806617,0.04,0.28675,0.2135,1.5119779731476628,0.01025,1.1429243981213832,0.0,-0.3000000119209289,37.533651164786136,0.12783110895414124,,classic,True,,ACTIVE
00-0040563,Efton Chism III,WR,NE,4200,134503-131835,1.174,1.174,1.0,0.9671333383244742,1.1354082580226654,JAX,21.53,45.94,1.0,0.5,3.7997,statline_mc+recal_10_4b,0.0,2.787916790717748,0.0,0.0,0.0,0.029,0.24068381104504,0.00025,0.8195,0.515,6.398398769181614,0.0365,1.1354082580226654,0.0,0.3000000119209289,33.88815905901493,0.3369239896713498,,classic,True,,ACTIVE
00-0041511,Omar Cooper Jr.,WR,NYJ,4000,134503-172715,1.2008,1.2008,1.0,0.9334431384292882,0.0,DET,20.78,48.17,1.0,0.5,3.5322,statline_mc+recal_10_4b,0.0,2.807809040829356,0.0,0.0,0.0,0.03275,0.1915415819863651,0.0005,0.7935,0.502,6.391923677307272,0.036,1.1208465259293636,0.0,3.5,21.801300421002956,0.0,,classic,True,Injured Reserve,OUT
00-0040782,Isaiah Bond,WR,CLE,4500,134503-174245,1.2425,1.2425,1.0,0.8948117092161416,1.111804071452058,CAR,19.92,42.11,1.0,0.5,3.5812,statline_mc+recal_10_4b,0.0,2.743082979056484,0.0,0.0,0.0,0.04075,0.2460891669111515,0.00175,0.81925,0.509,5.961951547609427,0.03875,1.111804071452058,0.0,1.5,26.977712224609423,0.224384361820546,,classic,True,,ACTIVE
00-0040589,Kurtis Rourke,QB,SF,6000,134503-104306,0.8558,0.8558,1.0,1.2663023133937263,1.0836590009368106,ARI,28.19,47.89,0.0,0.0,6.2462,statline_mc+recal_10_4b,0.0,4.025662256469739,0.0,0.0,0.0,1.46625,7.816590009368106,0.081,0.0,0.0,0.0,0.0,1.0836590009368106,0.0,,24.276797636232402,0.07604195414911297,,classic,True,,ACTIVE
00-0036893,Najee Harris,RB,NYG,4200,134503-90575,1.1995,1.1995,1.0,0.8984053305382946,1.0776596767387767,TEN,20.0,37.56,1.0,0.5,3.7224,statline_mc+recal_10_4b,0.0,2.515371295797965,0.0,0.0,0.0,1.541,5.56008304903265,0.04475,0.25775,0.1985,1.4340137183551174,0.00475,1.0776596767387767,0.0,0.6000000238418579,22.6446550956712,0.03302169712910001,,classic,True,,ACTIVE
00-0040218,Jimmy Horn Jr.,WR,CLE,4200,134503-157438,1.2043,1.2043,1.0,0.8948117092161416,1.077615551688558,CAR,19.92,42.11,1.0,0.5,3.5338,statline_mc+recal_10_4b,0.0,2.634219971442157,0.0,0.0,0.0,0.044,0.2852999978751658,0.00225,0.8235,0.5045,5.643355519010412,0.03775,1.077615551688558,0.0,-2.0,25.28338024080376,0.20309907112313433,,classic,True,,ACTIVE
00-0040198,Ollie Gordon II,RB,MIA,4300,134503-166112,1.353,1.353,1.0,0.7825110428988548,1.0587238974227329,KC,17.42,45.22,1.0,0.5,3.6774,statline_mc+recal_10_4b,0.0,2.363426880419012,0.0,0.0,0.0,1.28375,4.152571403290238,0.0265,0.4865,0.36475,2.375917570937089,0.0125,1.0587238974227329,0.0,0.699999988079071,25.051436676820114,0.041098152112912574,,classic,True,,ACTIVE
00-0040506,Myles Price,WR,MIN,4200,134503-137139,1.0626,1.0626,1.0,0.981957026278356,1.0434433739249958,TB,21.86,42.5,2.0,1.0,3.5437,statline_mc+recal_10_4b,0.0,2.5843252945857755,0.0,0.0,0.0,0.01225,0.0431553800694625,0.0,0.79075,0.4755,6.013778359180495,0.0345,1.0434433739249958,0.0,0.0,45.206884453938045,0.6556746667841152,,classic,True,,ACTIVE
00-0034365,Ian Thomas,TE,LV,4200,134503-72515,1.1372,1.1372,1.0,0.9109830051658308,1.0359883930099325,NO,20.28,43.61,1.0,0.5,2.739,statline_mc+recal_10_4b,0.0,2.4959473451894976,0.0,0.0,0.0,0.0,0.0,0.0,0.77575,0.50475,5.376133930099325,0.0425,1.0359883930099325,0.0,1.600000023841858,32.36886630032909,0.21482180971939208,,classic,True,,ACTIVE
00-0034577,Kyle Allen,QB,BUF,6000,134503-53095,0.7979,0.7979,1.0,1.2851688253350304,1.0254882183003815,LAC,28.61,50.0,0.0,0.0,6.2269,statline_mc+recal_10_4b,0.0,3.502844690772821,0.0,0.0,0.0,1.367,7.2798821830038145,0.07975,0.0,0.0,0.0,0.0,1.0254882183003815,0.0,-0.1500000059604644,25.088469866474195,0.08058091252240081,,classic,True,,ACTIVE
00-0038738,Hunter Luepke,RB,DAL,4400,134503-185863,0.9071,0.9071,1.0,1.1216590551770609,1.017433460576826,BAL,24.97,53.33,2.0,1.0,3.7695,statline_mc+recal_10_4b,0.0,2.329143475516198,0.0,0.0,0.0,1.07925,5.138776063503221,0.04275,0.21525,0.16125,1.3643085422650378,0.007,1.017433460576826,0.0,0.4000000059604645,57.97175983525676,0.8195208256593142,,classic,True,,ACTIVE
00-0040179,DJ Giddens,RB,IND,4700,134503-155293,1.0956,1.0956,1.0,0.920865463801752,1.0089352038131456,HOU,20.5,42.5,0.0,0.0,3.645,statline_mc+recal_10_4b,0.0,2.4288175053764007,0.0,0.0,0.0,0.98525,3.848340173669131,0.028,0.40825,0.3035,2.343511864462325,0.0135,1.0089352038131456,0.0,1.920000076293945,14.411682450984594,0.015622509260193906,,classic,True,,ACTIVE
00-0036679,Shane Buechele,QB,BUF,6000,134503-69833,0.7848,0.7848,1.0,1.2851688253350304,1.0085893092235017,LAC,28.61,50.0,0.0,0.0,6.2105,statline_mc+recal_10_4b,0.0,3.3307287647915773,0.0,0.0,0.0,1.34575,6.915893092235016,0.0825,0.0,0.0,0.0,0.0,1.0085893092235017,0.0,3.920000076293945,24.882587513533018,0.0794045698810691,,classic,True,,ACTIVE
00-0037157,Bam Knight,RB,ARI,4000,134503-103252,1.1314,1.1314,1.0,0.8844800479149512,1.0007043268130142,SF,19.69,47.89,1.0,0.5,3.5811,statline_mc+recal_10_4b,0.0,2.389361527252873,0.0,0.0,0.0,1.1285,4.630793350568036,0.02625,0.38125,0.2805,1.9137499175621056,0.01075,1.0007043268130142,0.0,2.400000095367432,33.75110405315544,0.09063514141013129,,classic,True,,ACTIVE
00-0040906,Garrett Nussmeier,QB,KC,6000,134503-151757,0.7994,0.7994,1.0,1.249232612113499,0.998661758712638,MIA,27.81,45.22,0.0,0.0,6.2068,statline_mc+recal_10_4b,0.0,3.23510461885466,0.0,0.0,0.0,1.3885,7.106617587126381,0.078,0.0,0.0,0.0,0.0,0.998661758712638,0.0,,22.282533381450737,0.06594610183175761,,classic,True,,ACTIVE
00-0041149,Haynes King,QB,CAR,6000,134503-128944,0.9884,0.9884,1.0,0.996780714232238,0.9852439239333902,CLE,22.19,42.11,0.0,0.0,6.1978,statline_mc+recal_10_4b,0.0,3.35050367719376,0.0,0.0,0.0,1.8375,7.562439239333902,0.07725,0.0,0.0,0.0,0.0,0.9852439239333902,0.0,,18.167333543846986,0.04915088850959443,,classic,True,,ACTIVE
00-0037231,Kevin Austin Jr.,WR,NO,4000,134503-91055,0.9355,0.9355,1.0,1.0479898180729206,0.9804238242256744,LV,23.33,43.61,1.0,0.5,3.5376,statline_mc+recal_10_4b,0.0,2.595762000578941,0.0,0.0,0.0,0.02825,0.1680644761307719,0.0005,0.664,0.41775,5.332423766125971,0.0375,0.9804238242256744,0.0,1.2000000476837158,39.92890064206056,0.48067679248668516,,classic,True,,ACTIVE
00-0040981,Joe Fagnano,QB,BAL,6000,134503-184983,0.7664,0.7664,1.0,1.2739387587033018,0.976332485140467,DAL,28.36,53.33,0.0,0.0,6.1686,statline_mc+recal_10_4b,0.0,3.2753851592530263,0.0,0.0,0.0,1.33825,7.11332485140467,0.0705,0.0,0.0,0.0,0.0,0.976332485140467,0.0,,24.401826957776976,0.07672410090883264,,classic,True,,ACTIVE
00-0039874,Jaylen Wright,RB,MIA,4600,134503-152103,1.2429,1.2429,1.0,0.7825110428988548,0.0,KC,17.42,45.22,2.0,1.0,3.5583,statline_mc+recal_10_4b,0.0,0.0,0.0,0.0,0.0,1.47925,4.73332703397431,0.03125,0.3195,0.2425,1.560025644798248,0.00925,0.0,0.0,0.5,16.8335192414947,0.0,,classic,True,Doubtful,DOUBTFUL
00-0041453,Luke Altmyer,QB,DET,6000,134503-151938,0.7884,0.7884,1.0,1.2303661001721946,0.9700292805301322,NYJ,27.39,48.17,0.0,0.0,6.1727,statline_mc+recal_10_4b,0.0,2.9635318028777444,0.0,0.0,0.0,1.39175,7.010292805301322,0.0725,0.0,0.0,0.0,0.0,0.9700292805301322,0.0,,22.606987549621078,0.06749226962249474,,classic,True,,ACTIVE
00-0037327,Skylar Thompson,QB,BAL,6000,134503-69294,0.7597,0.7597,1.0,1.2739387587033018,0.0,DAL,28.36,53.33,0.0,0.0,6.1835,statline_mc+recal_10_4b,0.0,3.016490933699997,0.0,0.0,0.0,1.35625,6.988219737561614,0.073,0.0,0.0,0.0,0.0,0.9678219737561616,0.0,,14.519474016600503,0.0,,classic,True,Injured Reserve,OUT
00-0033576,Eric Saubert,TE,SEA,4000,134503-79980,0.8935,0.8935,1.0,1.0807816126375684,0.9657296713837622,WAS,24.06,40.22,2.0,1.0,2.6866,statline_mc+recal_10_4b,0.0,2.418983289682207,0.0,0.0,0.0,0.0,0.0,0.0,0.688,0.45375,5.198546713837622,0.0375,0.9657296713837622,0.0,-0.5,54.19283000853207,0.7755492310323687,,classic,True,,ACTIVE
00-0040078,Brashard Smith,RB,KC,4400,134503-155775,0.7457,0.7457,1.0,1.249232612113499,0.931556823457617,MIA,27.81,45.22,1.0,0.5,3.6077,statline_mc+recal_10_4b,0.0,2.3736187994893383,0.0,0.0,0.0,0.696,3.673054202391108,0.026,0.29725,0.23125,2.4312640321850623,0.0095,0.931556823457617,0.0,0.0,35.601768630142864,0.1072416014304144,,classic,True,,ACTIVE
00-0034613,Tanner Hudson,TE,CIN,4100,134503-83117,0.8981,0.8981,1.0,1.036759751441192,0.9311391017235088,PIT,23.08,42.67,1.0,0.5,2.6062,statline_mc+recal_10_4b,0.0,2.3971649844355496,0.0,0.0,0.0,0.0,0.0,0.0,0.654,0.44175,4.782641017235086,0.0395,0.9311391017235088,0.0,0.8999999761581421,34.38072994962012,0.24181036736163064,,classic,True,,ACTIVE
00-0033949,Joshua Dobbs,QB,DET,6000,134503-40407,0.7553,0.7553,1.0,1.2303661001721946,0.9292805860380804,NYJ,27.39,48.17,0.0,0.0,6.1443,statline_mc+recal_10_4b,0.0,2.751725783330935,0.0,0.0,0.0,1.3705,7.012805860380803,0.0665,0.0,0.0,0.0,0.0,0.9292805860380804,0.0,0.5249999761581421,22.4011051966799,0.0665069986416638,,classic,True,,ACTIVE
00-0036972,Mac Jones,QB,SF,6000,134503-90584,0.7323,0.7323,1.0,1.2663023133937263,0.9273138533383344,ARI,28.19,47.89,1.0,0.5,6.1624,statline_mc+recal_10_4b,0.0,2.8573527647509303,0.0,0.0,0.0,1.28425,6.348138533383344,0.0735,0.0,0.0,0.0,0.0,0.9273138533383344,0.0,-0.2000000029802322,43.08718535727174,0.2914546267158229,,classic,True,,ACTIVE
00-0040673,Jalen Milroe,QB,SEA,6000,134503-154462,0.8481,0.8481,1.0,1.0807816126375684,0.9166366389927124,WAS,24.06,40.22,0.0,0.0,6.1629,statline_mc+recal_10_4b,0.0,2.8609999996769857,0.0,0.0,0.0,1.4435,6.976366389927123,0.066,0.0,0.0,0.0,0.0,0.9166366389927124,0.0,-0.5333333412806193,17.55126533742331,0.04703490812323819,,classic,True,,ACTIVE
00-0039912,Ben Sinnott,TE,WAS,4300,134503-137265,1.2505,1.2505,1.0,0.7263607097402113,0.9082945420595128,SEA,16.17,40.22,1.0,1.0,2.4928,statline_mc+recal_10_4b,0.0,2.1106905153033284,0.0,0.0,0.0,0.0,0.0,0.0,0.828,0.55975,4.254195420595126,0.03475,0.9082945420595128,0.0,1.100000023841858,38.18279466135781,0.30241634036066767,,classic,True,,ACTIVE
00-0035993,Tyler Huntley,QB,BAL,6000,134503-70051,0.7126,0.7126,1.0,1.2739387587033018,0.9077981290317704,DAL,28.36,53.33,0.0,0.0,6.1513,statline_mc+recal_10_4b,0.0,2.8812387924653198,0.0,0.0,0.0,1.30975,7.072981290317704,0.064,0.0,0.0,0.0,0.0,0.9077981290317704,0.0,8.027999877929688,23.372415193071095,0.07128503875813244,,classic,True,,ACTIVE
00-0041132,Deion Burks,WR,IND,4100,134503-152607,0.9843,0.9843,1.0,0.920865463801752,0.9064462898615092,HOU,20.5,42.5,1.0,0.5,3.6493,statline_mc+recal_10_4b,0.0,2.298454143250222,0.0,0.0,0.0,0.4195,2.548189466293686,0.01625,0.4425,0.27275,3.1125234323214066,0.019,0.9064462898615092,0.0,1.399999976158142,28.346728611435385,0.2432016313830572,,classic,True,,ACTIVE
00-0039365,Jacob Cowing,WR,SF,4700,134503-114530,0.7114,0.7114,1.0,1.2663023133937263,0.9008528988814918,ARI,28.19,47.89,2.0,1.0,3.431,statline_mc+recal_10_4b,0.0,2.490652150776691,0.0,0.0,0.0,0.0275,0.1640263749196953,0.002,0.5285,0.323,5.354502613895222,0.02975,0.9008528988814918,0.0,0.0,62.28106914880405,1.790103174801835,,classic,True,,ACTIVE
00-0036898,Davis Mills,QB,HOU,6000,134503-89628,0.9085,0.9085,1.0,0.9882458635921242,0.8978332135917556,IND,22.0,42.5,0.0,0.0,6.1474,statline_mc+recal_10_4b,0.0,2.793135903366223,0.0,0.0,0.0,1.58325,6.668332135917555,0.0705,0.0,0.0,0.0,0.0,0.8978332135917556,0.0,11.59999974568685,17.04555891374955,0.045366237665949966,,classic,True,,ACTIVE
00-0026158,Joe Flacco,QB,CIN,6000,134503-6714,0.8623,0.8623,1.0,1.036759751441192,0.8939477342524488,PIT,23.08,42.67,0.0,0.0,6.1351,statline_mc+recal_10_4b,0.0,2.871461783241611,0.0,0.0,0.0,1.5165,6.654477342524489,0.071,0.0,0.0,0.0,0.0,0.8939477342524488,0.0,12.512307974008412,17.99515968964273,0.04855012607280514,,classic,True,,ACTIVE
00-0039391,Kimani Vidal,RB,LAC,4400,134503-128633,0.9203,0.9203,1.0,0.9608445010107062,0.8842419372271564,BUF,21.39,50.0,1.0,0.5,3.5726,statline_mc+recal_10_4b,0.0,2.098074679815269,0.0,0.0,0.0,0.69025,2.864426363293218,0.02225,0.43775,0.32775,2.4742430089783465,0.01025,0.8842419372271564,0.0,0.0,32.18876024282465,0.07863451747367571,,classic,True,,ACTIVE
00-0040234,Quinn Ewers,QB,JAX,6000,134503-160938,0.8031,0.8031,1.0,1.0969529085872578,0.8809171918766465,NE,24.42,45.94,0.0,0.0,6.1582,statline_mc+recal_10_4b,0.0,2.644110112903956,0.0,0.0,0.0,1.4165,6.514171918766464,0.0705,0.0,0.0,0.0,0.0,0.8809171918766465,0.0,8.920000076293945,19.85733715265247,0.055457084391250105,,classic,True,,ACTIVE
00-0041069,Colbie Young,WR,CIN,4200,134503-178158,0.8495,0.8495,1.0,1.036759751441192,0.8807560226931086,PIT,23.08,42.67,1.0,0.5,3.3686,statline_mc+recal_10_4b,0.0,2.277794705573656,0.0,0.0,0.0,0.03275,0.0940024687543536,0.00025,0.61775,0.3865,4.986057758176732,0.03,0.8807560226931086,0.0,1.2000000476837158,32.745216369439405,0.3150166303075833,,classic,True,,ACTIVE
00-0037742,Treylon Burks,WR,WAS,4600,134503-110259,1.2096,1.2096,1.0,0.7263607097402113,0.8785797408984595,SEA,16.17,40.22,1.0,0.5,3.2182,statline_mc+recal_10_4b,0.0,2.157577030144318,0.0,0.0,0.0,0.03075,0.1192969408502807,0.00025,0.80575,0.47675,4.637750468134314,0.028,0.8785797408984595,0.0,0.0,23.107917323836965,0.17870304972646797,,classic,True,,ACTIVE
00-0040162,Dylan Sampson,RB,CLE,4000,134503-174486,0.9713,0.9713,1.0,0.8948117092161416,0.0,CAR,19.92,42.11,1.0,0.5,3.502,statline_mc+recal_10_4b,0.0,2.03994376064928,0.0,0.0,0.0,0.84625,3.1932237145108155,0.02175,0.411,0.30825,2.081672042431831,0.01175,0.8691145756942646,0.0,0.0,12.94357530889356,0.0,,classic,True,Injured Reserve,OUT
00-0037077,Sam Howell,QB,DAL,6000,134503-104576,0.774,0.774,1.0,1.1216590551770609,0.8681643779942431,BAL,24.97,53.33,0.0,0.0,6.1154,statline_mc+recal_10_4b,0.0,2.6931922873787504,0.0,0.0,0.0,1.356,6.511643779942431,0.0635,0.0,0.0,0.0,0.0,0.8681643779942431,0.0,,21.480634247564055,0.06227495010347636,,classic,True,,ACTIVE
00-0035594,Travis Homer,RB,PIT,4400,134503-71444,0.9786,0.9786,1.0,0.8795388185969905,0.8607199662380787,CIN,19.58,42.67,1.0,0.5,3.432,statline_mc+recal_10_4b,0.0,2.0949335669606324,0.0,0.0,0.0,1.09925,4.102425096671178,0.02475,0.30925,0.23825,1.6485245657096086,0.00575,0.8607199662380787,0.0,1.600000023841858,23.137370489939507,0.03453444192598737,,classic,True,,ACTIVE
00-0026300,Josh Johnson,QB,CIN,6000,134503-8023,0.8228,0.8228,1.0,1.036759751441192,0.8530724282077303,PIT,23.08,42.67,0.0,0.0,6.1605,statline_mc+recal_10_4b,0.0,2.3790406293253548,0.0,0.0,0.0,1.54075,6.600724282077302,0.06525,0.0,0.0,0.0,0.0,0.8530724282077303,0.0,8.793333053588867,17.377512630819197,0.04645476969266464,,classic,True,,ACTIVE
00-0033217,Mo Alie-Cox,TE,IND,4500,134503-24533,0.9249,0.9249,1.0,0.920865463801752,0.8517357571573829,HOU,20.5,42.5,0.0,0.0,2.517,statline_mc+recal_10_4b,0.0,2.053890951761647,0.0,0.0,0.0,0.0,0.0,0.0,0.6585,0.44075,4.28360757157383,0.03525,0.8517357571573829,0.0,2.2000000693581323,16.696091750294556,0.08544569071283573,,classic,True,,ACTIVE
00-0033376,Patrick Ricard,RB,NYG,4100,134503-80299,0.9468,0.9468,1.0,0.8984053305382946,0.8506349081625778,TEN,20.0,37.56,1.0,0.5,3.4129,statline_mc+recal_10_4b,0.0,1.9993161975045517,0.0,0.0,0.0,0.727,2.755263043054284,0.02075,0.45075,0.33075,2.192336038571493,0.0125,0.8506349081625778,0.0,0.0,21.74780194881805,0.030436201231395673,,classic,True,,ACTIVE
00-0040211,Graham Mertz,QB,HOU,6000,134503-103591,0.8598,0.8598,1.0,0.9882458635921242,0.0,IND,22.0,42.5,0.0,0.0,6.0978,statline_mc+recal_10_4b,0.0,2.438160313551344,0.0,0.0,0.0,1.569,6.496523567829413,0.06325,0.0,0.0,0.0,0.0,0.8496523567829413,0.0,,8.398500090220136,0.0,,classic,True,Injured Reserve,OUT
00-0037594,Julius Chestnut,RB,TEN,4000,134503-170184,1.0763,1.0763,1.0,0.7887998802126227,0.8489488683182335,NYG,17.56,37.56,1.0,0.5,3.3936,statline_mc+recal_10_4b,0.0,1.9695577591595428,0.0,0.0,0.0,0.98525,3.4025639428429524,0.02375,0.3845,0.295,1.7519247403393838,0.009,0.8489488683182335,0.0,0.0,24.45964608627569,0.03894553046442941,,classic,True,,ACTIVE
00-0038391,Sean Clifford,QB,CIN,6000,134503-86200,0.813,0.813,1.0,1.036759751441192,0.8428473588655918,PIT,23.08,42.67,0.0,0.0,6.1112,statline_mc+recal_10_4b,0.0,2.448568650913304,0.0,0.0,0.0,1.5395,6.763473588655917,0.061,0.0,0.0,0.0,0.0,0.8428473588655918,0.0,,17.171630277878023,0.045776610004816316,,classic,True,,ACTIVE
00-0039686,Colson Yankoff,TE,WAS,4300,134503-86800,1.1602,1.1602,1.0,0.7263607097402113,0.8427261983024168,SEA,16.17,40.22,2.0,1.0,2.4673,statline_mc+recal_10_4b,0.0,1.9631679401032975,0.0,0.0,0.0,0.0,0.0,0.0,0.7565,0.50425,4.0560119830241685,0.032,0.8427261983024168,0.0,0.949999988079071,37.05696684678828,0.28303753259691367,,classic,True,,ACTIVE
00-0039359,Cade Stover,TE,HOU,4100,134503-111637,0.851,0.851,1.0,0.9882458635921242,0.8410141488194542,IND,22.0,42.5,1.0,0.5,2.5289,statline_mc+recal_10_4b,0.0,2.19270938565947,0.0,0.0,0.0,0.0,0.0,0.0,0.5795,0.39775,4.221391488194542,0.03725,0.8410141488194542,0.0,0.3000000119209289,31.414715419696908,0.20309673042307858,,classic,True,,ACTIVE
00-0041203,Joey Aguilar,QB,JAX,6000,134503-187015,0.7653,0.7653,1.0,1.0969529085872578,0.8394774344070212,NE,24.42,45.94,0.0,0.0,6.1094,statline_mc+recal_10_4b,0.0,2.5514850128193083,0.0,0.0,0.0,1.41325,6.274774344070211,0.06575,0.0,0.0,0.0,0.0,0.8394774344070212,0.0,,19.033807740887767,0.05228899550900311,,classic,True,,ACTIVE
00-0040582,Arian Smith,WR,NYJ,4000,134503-133478,0.8953,0.8953,1.0,0.9334431384292882,0.0,DET,20.78,48.17,2.0,1.0,3.3664,statline_mc+recal_10_4b,0.0,2.0961038175733364,0.0,0.0,0.0,0.01725,0.0640965215913882,0.00075,0.608,0.361,4.7680343640404,0.02875,0.8357130885631788,0.0,0.0,32.298222845930304,0.0,,classic,True,Injured Reserve,OUT
00-0039398,Joe Milton III,QB,DAL,6000,134503-91390,0.7436,0.7436,1.0,1.1216590551770609,0.8340961726088912,BAL,24.97,53.33,0.0,0.0,6.1041,statline_mc+recal_10_4b,0.0,2.3186283820511893,0.0,0.0,0.0,1.35675,6.115961726088913,0.064,0.0,0.0,0.0,0.0,0.8340961726088912,0.0,3.0799999237060547,20.657104835799352,0.058717377987470225,,classic,True,,ACTIVE
00-0035704,Drew Lock,QB,SEA,6900,134503-64051,0.7708,0.7708,1.0,1.0807816126375684,0.8330235971077671,WAS,24.06,40.22,2.0,1.0,6.097,statline_mc+recal_10_4b,0.0,2.3647003976947354,0.0,0.0,0.0,1.32375,6.185235971077671,0.06275,0.0,0.0,0.0,0.0,0.8330235971077671,0.0,17.09000015258789,42.55823709852038,0.2806483102994224,,classic,True,,ACTIVE
00-0040621,Montorie Foster Jr.,WR,SEA,4000,134503-138220,0.7707,0.7707,1.0,1.0807816126375684,0.8329772433324508,WAS,24.06,40.22,1.0,0.5,3.4544,statline_mc+recal_10_4b,0.0,2.087316288546751,0.0,0.0,0.0,0.03425,0.2743307366274631,0.002,0.52875,0.32275,4.601691696697044,0.02925,0.8329772433324508,0.0,0.0,36.054233237500306,0.382708454200459,,classic,True,,ACTIVE
00-0033319,Nick Mullens,QB,JAX,6000,134503-41562,0.7564,0.7564,1.0,1.0969529085872578,0.8297240648932386,NE,24.42,45.94,1.0,0.5,6.1151,statline_mc+recal_10_4b,0.0,2.530468406777012,0.0,0.0,0.0,1.392,5.902240648932386,0.069,0.0,0.0,0.0,0.0,0.8297240648932386,0.0,-0.3000000119209289,35.79482249188019,0.17312281871295526,,classic,True,,ACTIVE
00-0038643,Brayden Willis,TE,SF,4000,134503-86612,0.6512,0.6512,1.0,1.2663023133937263,0.8246092297098958,ARI,28.19,47.89,1.0,0.5,2.6121,statline_mc+recal_10_4b,0.0,2.215498622969124,0.0,0.0,0.0,0.0,0.0,0.0,0.49225,0.33725,4.539842297098958,0.0345,0.8246092297098958,0.0,0.0,44.549729182748955,0.43980446856261796,,classic,True,,ACTIVE
00-0036862,Ben Skowronek,WR,PIT,4200,134503-71105,0.9348,0.9348,1.0,0.8795388185969905,0.8222366154888953,CIN,19.58,42.67,1.0,0.5,3.2657,statline_mc+recal_10_4b,0.0,2.0024267708464807,0.0,0.0,0.0,0.03225,0.2581370053022117,0.0015,0.646,0.41225,4.307979149586739,0.02575,0.8222366154888953,0.0,0.699999988079071,25.629181310697696,0.20727266205150044,,classic,True,,ACTIVE
00-0040208,Tahj Brooks,RB,CIN,4000,134503-137122,0.7903,0.7903,1.0,1.036759751441192,0.8193631753550603,PIT,23.08,42.67,1.0,0.5,3.419,statline_mc+recal_10_4b,0.0,2.02045715756233,0.0,0.0,0.0,0.758,3.2533581001928367,0.02425,0.31375,0.23575,1.796523653357767,0.00975,0.8193631753550603,0.0,0.0,35.107840587326784,0.10253269230621109,,classic,True,,ACTIVE
00-0039798,Isaiah Davis,RB,NYJ,4200,134503-160213,0.8777,0.8777,1.0,0.9334431384292882,0.8192744865419221,DET,20.78,48.17,1.0,0.5,3.4572,statline_mc+recal_10_4b,0.0,1.9480863927642071,0.0,0.0,0.0,0.67525,2.630641865614981,0.0195,0.40175,0.3,2.2821029998042404,0.01175,0.8192744865419221,0.0,0.0,29.690378448238874,0.06265760978156859,,classic,True,,ACTIVE
00-0035021,Ashton Dulin,WR,IND,4000,134503-104012,0.8878,0.8878,1.0,0.920865463801752,0.0,HOU,20.5,42.5,1.0,0.5,3.293,statline_mc+recal_10_4b,0.0,2.137388346601877,0.0,0.0,0.0,0.029,0.1525185657597697,0.0005,0.64075,0.37875,4.594116911765694,0.0255,0.8175385477525463,0.0,0.0,15.680230635726884,0.0,,classic,True,Out,OUT
00-0035282,Easton Stick,QB,TB,6000,134503-103824,0.8809,0.8809,1.0,0.92715430111552,0.8167449816250117,MIN,20.64,42.5,0.0,0.0,6.1008,statline_mc+recal_10_4b,0.0,2.5373118725550734,0.0,0.0,0.0,1.65325,6.497449816250117,0.06425,0.0,0.0,0.0,0.0,0.8167449816250117,0.0,,13.772724197040777,0.035909226078616935,,classic,True,,ACTIVE
00-0040429,Josh Williams,RB,TB,4000,134503-110868,0.8798,0.8798,1.0,0.92715430111552,0.8157043441639027,MIN,20.64,42.5,1.0,0.5,3.421,statline_mc+recal_10_4b,0.0,1.9257266218459992,0.0,0.0,0.0,0.817,3.3110516039215416,0.02225,0.33,0.25475,1.6472418377174844,0.01175,0.8157043441639027,0.0,0.0,29.953342190784674,0.06417353727426585,,classic,True,,ACTIVE
00-0041251,Jalon Daniels,QB,TB,6000,134503-135811,0.8707,0.8707,1.0,0.92715430111552,0.8072403210923531,MIN,20.64,42.5,0.0,0.0,6.12,statline_mc+recal_10_4b,0.0,2.389936139995397,0.0,0.0,0.0,1.60225,6.447403210923531,0.06175,0.0,0.0,0.0,0.0,0.8072403210923531,0.0,,13.5668418440996,0.035385013178424775,,classic,True,,ACTIVE
00-0039923,J.J. McCarthy,QB,MIN,6300,134503-152575,0.8182,0.8182,1.0,0.981957026278356,0.8033982838569194,TB,21.86,42.5,0.0,0.0,6.1264,statline_mc+recal_10_4b,0.0,2.281868019377399,0.0,0.0,0.0,1.47225,6.093982838569192,0.06325,0.0,0.0,0.0,0.0,0.8033982838569194,0.0,13.73800048828125,12.82869677011909,0.03356768089074949,,classic,True,,ACTIVE
00-0039041,Elijah Higgins,TE,ARI,4100,134503-102986,0.9077,0.9077,1.0,0.8844800479149512,0.8028477308407683,SF,19.69,47.89,1.0,0.5,2.493,statline_mc+recal_10_4b,0.0,1.9806340049244255,0.0,0.0,0.0,0.0,0.0,0.0,0.6205,0.41375,3.909727308407682,0.035,0.8028477308407683,0.0,0.0,29.93643031629627,0.18618195027355375,,classic,True,,ACTIVE
00-0037093,Dareke Young,WR,LV,4200,134503-169834,0.8789,0.8789,1.0,0.9109830051658308,0.8006680865210395,NO,20.28,43.61,2.0,1.0,3.2695,statline_mc+recal_10_4b,0.0,2.0633289004924595,0.0,0.0,0.0,0.015,0.0596161295276763,0.0005,0.61125,0.387,4.6170647356827175,0.02375,0.8006680865210395,0.0,3.200000047683716,41.731793795484464,0.5344550521109992,,classic,True,,ACTIVE
00-0040876,Elijah Sarratt,WR,BAL,4500,134503-184917,0.6256,0.6256,1.0,1.2739387587033018,0.7970393531505485,DAL,28.36,53.33,0.0,0.0,3.6313,statline_mc+recal_10_4b,0.0,2.0201221418299817,0.0,0.0,0.0,0.0225,0.3571193977434398,0.001,0.43775,0.27325,4.442024133762045,0.0295,0.7970393531505485,0.0,,22.397933173542633,0.17139343696082787,,classic,True,,ACTIVE
00-0041472,Marlin Klein,TE,HOU,4000,134503-177614,0.8033,0.8033,1.0,0.9882458635921242,0.7938176208396948,IND,22.0,42.5,1.0,0.5,2.5802,statline_mc+recal_10_4b,0.0,2.035654289998614,0.0,0.0,0.0,0.0,0.0,0.0,0.52875,0.36625,4.021926208396947,0.0355,0.7938176208396948,0.0,2.0999999046325684,35.08027833360419,0.2519684088568014,,classic,True,,ACTIVE
00-0041092,Taylen Green,QB,CLE,6000,134503-152820,0.8846,0.8846,1.0,0.8948117092161416,0.791550401622929,CAR,19.92,42.11,0.0,0.0,6.0822,statline_mc+recal_10_4b,0.0,2.3180741669446303,0.0,0.0,0.0,1.6615,6.09050401622929,0.0635,0.0,0.0,0.0,0.0,0.791550401622929,0.0,,11.589455521472392,0.030724073296284356,,classic,True,,ACTIVE
00-0037013,Zach Wilson,QB,NO,6000,134503-90406,0.7486,0.7486,1.0,1.0479898180729206,0.7845481958850288,LV,23.33,43.61,0.0,0.0,6.0852,statline_mc+recal_10_4b,0.0,2.2804603378106814,0.0,0.0,0.0,1.3025,5.995481958850288,0.05875,0.0,0.0,0.0,0.0,0.7845481958850288,0.0,0.3449999988079071,16.29940905810177,0.0430116817062623,,classic,True,,ACTIVE
00-0038550,Hendon Hooker,QB,TEN,6000,134503-85983,0.9881,0.9881,1.0,0.7887998802126227,0.7794251798002235,NYG,17.56,37.56,0.0,0.0,6.1051,statline_mc+recal_10_4b,0.0,2.403669641052433,0.0,0.0,0.0,1.9535,6.6092517980022345,0.06375,0.0,0.0,0.0,0.0,0.7794251798002235,0.0,,9.586049711295558,0.026627541603421692,,classic,True,,ACTIVE
00-0041131,Carsen Ryan,TE,CLE,4000,134503-169733,0.8672,0.8672,1.0,0.8948117092161416,0.7759578582136757,CAR,19.92,42.11,1.0,0.5,2.4571,statline_mc+recal_10_4b,0.0,1.8999772163916824,0.0,0.0,0.0,0.0,0.0,0.0,0.60575,0.405,3.929578582136757,0.031,0.7759578582136757,0.0,0.0,28.627251731808396,0.17238216780396107,,classic,True,,ACTIVE
00-0039603,British Brooks,RB,HOU,4000,134503-93540,0.7822,0.7822,1.0,0.9882458635921242,0.7729989875328575,IND,22.0,42.5,1.0,0.5,3.4478,statline_mc+recal_10_4b,0.0,1.8384436653375749,0.0,0.0,0.0,0.77125,3.1303687363116133,0.029,0.25575,0.19225,1.468371139016961,0.0085,0.7729989875328575,0.0,0.0,31.840947300398987,0.07618704219074277,,classic,True,,ACTIVE
00-0037666,Jalen Tolbert,WR,MIA,4600,134503-88548,0.9791,0.9791,1.0,0.7825110428988548,0.766134535209793,KC,17.42,45.22,0.0,0.0,3.1964,statline_mc+recal_10_4b,0.0,1.938053629629845,0.0,0.0,0.0,0.03275,0.166623090844806,0.001,0.6345,0.3865,3.9172222612531247,0.02775,0.766134535209793,0.0,3.390909021550959,14.317108988847767,0.10655050686054414,,classic,True,,ACTIVE
00-0039875,Ray Davis,RB,BUF,4500,134503-103694,0.5914,0.5914,1.0,1.2851688253350304,0.7599877106415175,LAC,28.61,50.0,2.0,1.0,3.4836,statline_mc+recal_10_4b,0.0,1.9458513290836068,0.0,0.0,0.0,0.604,3.166866567681784,0.02,0.234,0.176,1.908010538733391,0.0085,0.7599877106415175,0.0,0.1500000059604644,57.83559998283924,0.8094391837261384,,classic,True,,ACTIVE
00-0038640,Jalen Brooks,WR,ARI,4000,134503-138277,0.8588,0.8588,1.0,0.8844800479149512,0.7595605520483737,SF,19.69,47.89,1.0,0.5,3.2543,statline_mc+recal_10_4b,0.0,1.8962655950529252,0.0,0.0,0.0,0.034,0.1793787474973569,0.00125,0.57975,0.357,4.081226772986381,0.026,0.7595605520483737,0.0,0.0,34.315053261841484,0.3454917549010074,,classic,True,,ACTIVE
00-0039164,Anthony Richardson Sr.,QB,IND,6400,134503-129315,0.8136,0.8136,1.0,0.920865463801752,0.7492311208180811,HOU,20.5,42.5,0.0,0.0,6.0614,statline_mc+recal_10_4b,0.0,2.212280471646268,0.0,0.0,0.0,1.6455,6.17731120818081,0.05925,0.0,0.0,0.0,0.0,0.7492311208180811,0.0,0.8299999833106995,10.318510916636592,0.02805774579524688,,classic,True,,ACTIVE
00-0040705,Chimere Dike,WR,TEN,4400,134503-129112,0.9477,0.9477,1.0,0.7887998802126227,0.7475709082188563,NYG,17.56,37.56,2.0,1.0,3.1515,statline_mc+recal_10_4b,0.0,1.8406587334071227,0.0,0.0,0.0,0.0245,0.0745941392746661,0.0,0.64275,0.40025,3.989864942913896,0.0245,0.7475709082188563,0.0,-0.4000000059604645,32.32226906932267,0.3072759424170065,,classic,True,,ACTIVE
00-0040704,Dillon Gabriel,QB,CLE,6000,134503-103698,0.8347,0.8347,1.0,0.8948117092161416,0.0,CAR,19.92,42.11,0.0,0.0,6.0316,statline_mc+recal_10_4b,0.0,2.252869711120246,0.0,0.0,0.0,1.69975,6.369021464812515,0.05425,0.0,0.0,0.0,0.0,0.7469021464812515,0.0,7.208000183105469,5.330631992060628,0.0,,classic,True,Injured Reserve,OUT
00-0033869,Mitchell Trubisky,QB,TEN,6000,134503-38628,0.9423,0.9423,1.0,0.7887998802126227,0.7432879903869627,NYG,17.56,37.56,0.0,0.0,6.0714,statline_mc+recal_10_4b,-0.0107991045514011,2.36056190615317,0.0,0.0,0.0,1.99475,6.417879903869628,0.0615,0.0,0.0,0.0,0.0,0.7432879903869627,0.0,7.78000020980835,9.174285005413207,0.0258557836304642,,classic,True,,ACTIVE
00-0037614,John Metchie III,WR,CAR,4400,134503-102696,0.7266,0.7266,1.0,0.996780714232238,0.7242796321065391,CLE,22.19,42.11,1.0,0.5,3.2821,statline_mc+recal_10_4b,0.0,1.84807021030785,0.0,0.0,0.0,0.0365,0.2090201562636409,0.002,0.505,0.305,3.963776164801749,0.0245,0.7242796321065391,0.0,0.0,29.95545122761482,0.26734009186978486,,classic,True,,ACTIVE
00-0038564,Cameron Latu,TE,NE,4000,134503-90522,0.7487,0.7487,1.0,0.9671333383244742,0.7241271798360536,JAX,21.53,45.94,1.0,0.5,2.3378,statline_mc+recal_10_4b,0.0,1.9014523581498377,0.0,0.0,0.0,0.0,0.0,0.0,0.571,0.37675,3.827521798360536,0.0265,0.7241271798360536,0.0,0.0,36.674432083654985,0.2767397317658394,,classic,True,,ACTIVE
00-0041094,Bauer Sharp,TE,TB,4100,134503-158916,0.7809,0.7809,1.0,0.92715430111552,0.7240539064210564,MIN,20.64,42.5,1.0,0.5,2.3807,statline_mc+recal_10_4b,0.0,1.8561586577815767,0.0,0.0,0.0,0.0,0.0,0.0,0.53,0.35625,3.639289064210563,0.0315,0.7240539064210564,0.0,0.0,27.297950397147844,0.1594164119284808,,classic,True,,ACTIVE
00-0041562,Fernando Mendoza,QB,LV,6000,134503-175137,0.7895,0.7895,1.0,0.9109830051658308,0.719202031293332,NO,20.28,43.61,0.0,0.0,6.0526,statline_mc+recal_10_4b,0.0,2.013265587573153,0.0,0.0,0.0,1.40375,5.42202031293332,0.05825,0.0,0.0,0.0,0.0,0.719202031293332,0.0,,12.599400036088051,0.03302237584735484,,classic,True,,ACTIVE
00-0039376,Spencer Rattler,QB,NO,6000,134503-111557,0.6852,0.6852,1.0,1.0479898180729206,0.7180776214674502,LV,23.33,43.61,0.0,0.0,6.0381,statline_mc+recal_10_4b,0.0,1.98682136608729,0.0,0.0,0.0,1.248,5.435776214674503,0.0555,0.0,0.0,0.0,0.0,0.7180776214674502,0.0,11.515555487738716,15.125879646337063,0.039553263909856196,,classic,True,,ACTIVE
00-0038998,Jake Haener,QB,NYG,6000,134503-86793,0.7981,0.7981,1.0,0.8984053305382946,0.7169912166021419,TEN,20.0,37.56,0.0,0.0,6.0258,statline_mc+recal_10_4b,0.0,2.0554740345513585,0.0,0.0,0.0,1.42825,5.469912166021418,0.05675,0.0,0.0,0.0,0.0,0.7169912166021419,0.0,,9.45393134247564,0.026377438761505126,,classic,True,,ACTIVE
00-0038102,Kenny Pickett,QB,CAR,6000,134503-92020,0.7169,0.7169,1.0,0.996780714232238,0.7146325109330539,CLE,22.19,42.11,2.0,1.0,6.0591,statline_mc+recal_10_4b,0.0,1.9869588660599735,0.0,0.0,0.0,1.3305,5.801325109330539,0.051,0.0,0.0,0.0,0.0,0.7146325109330539,0.0,1.0,35.84784373872249,0.1737797181076104,,classic,True,,ACTIVE
00-0038579,Aidan O'Connell,QB,LV,6000,134503-93382,0.7798,0.7798,1.0,0.9109830051658308,0.7103612618022377,NO,20.28,43.61,0.0,0.0,6.0542,statline_mc+recal_10_4b,0.0,2.055988755625898,0.0,0.0,0.0,1.44875,5.468612618022377,0.058,0.0,0.0,0.0,0.0,0.7103612618022377,0.0,4.78000020980835,11.775870624323348,0.031135911332752758,,classic,True,Questionable,QUESTIONABLE
00-0036646,Simi Fehoko,WR,ARI,4000,134503-89613,0.8021,0.8021,1.0,0.8844800479149512,0.7094464304701646,SF,19.69,47.89,1.0,0.5,3.1196,statline_mc+recal_10_4b,0.0,1.8275640468622127,0.0,0.0,0.0,0.039,0.1824355482224865,0.00075,0.562,0.35075,3.948278756479158,0.02,0.7094464304701646,0.0,0.0,34.09642978006011,0.34107710764931487,,classic,True,,ACTIVE
00-0040206,Riley Leonard,QB,IND,6300,134503-154450,0.7698,0.7698,1.0,0.920865463801752,0.7088365124685745,HOU,20.5,42.5,0.0,0.0,6.0452,statline_mc+recal_10_4b,0.0,1.9502274283527343,0.0,0.0,0.0,1.447,5.668365124685744,0.05475,0.0,0.0,0.0,0.0,0.7088365124685745,0.0,6.4,8.794981504871886,0.025164674534134443,,classic,True,,ACTIVE
00-0037012,Trey Lance,QB,LAC,6000,134503-149696,0.7331,0.7331,1.0,0.9608445010107062,0.704410977650899,BUF,21.39,50.0,0.0,0.0,6.0318,statline_mc+recal_10_4b,0.0,2.098069645787967,0.0,0.0,0.0,1.37325,5.404109776508989,0.0575,0.0,0.0,0.0,0.0,0.704410977650899,0.0,3.634999990463257,14.592195958137856,0.038073859851689144,,classic,True,Questionable,QUESTIONABLE
00-0040464,DJ Uiagalelei,QB,LAC,6000,134503-129010,0.7299,0.7299,1.0,0.9608445010107062,0.7013379959272076,BUF,21.39,50.0,0.0,0.0,6.0279,statline_mc+recal_10_4b,0.0,1.9448156800608687,0.0,0.0,0.0,1.4,5.498379959272075,0.055,0.0,0.0,0.0,0.0,0.7013379959272076,0.0,,14.242195958137856,0.037133812902530004,,classic,True,,ACTIVE
00-0040494,Max Brosmer,QB,MIN,6000,134503-200653,0.7063,0.7063,1.0,0.981957026278356,0.693545880060219,TB,21.86,42.5,0.0,0.0,6.0174,statline_mc+recal_10_4b,0.0,1.7887535707801994,0.0,0.0,0.0,1.2575,5.205458800602189,0.05475,0.0,0.0,0.0,0.0,0.693545880060219,0.0,1.1742857524326868,11.552226181883794,0.03064247919358075,,classic,True,,ACTIVE
00-0041565,Drew Allar,QB,PIT,6000,134503-166892,0.784,0.784,1.0,0.8795388185969905,0.6895567772712835,CIN,19.58,42.67,0.0,0.0,6.0321,statline_mc+recal_10_4b,0.0,1.7668333458367158,0.0,0.0,0.0,1.36825,5.2105677727128334,0.05725,0.0,0.0,0.0,0.0,0.6895567772712835,0.0,,9.259495669433415,0.02601363412635723,,classic,True,,ACTIVE
00-0035289,Gardner Minshew II,QB,ARI,6000,134503-61798,0.7633,0.7633,1.0,0.8844800479149512,0.6750989172249188,SF,19.69,47.89,0.0,0.0,6.046,statline_mc+recal_10_4b,0.0,1.8778484528221755,0.0,0.0,0.0,1.4335,5.495989172249186,0.052,0.0,0.0,0.0,0.0,0.6750989172249188,0.0,0.1700000017881393,10.971366383976905,0.0293971364418211,,classic,True,,ACTIVE
00-0041056,Cade Klubnik,QB,NYJ,6000,134503-166314,0.7102,0.7102,1.0,0.9334431384292882,0.6628944276738024,DET,20.78,48.17,0.0,0.0,6.0351,statline_mc+recal_10_4b,0.0,1.8159499900428635,0.0,0.0,0.0,1.3765,5.358944276738024,0.05325,0.0,0.0,0.0,0.0,0.6628944276738024,0.0,,12.627693071093468,0.03308917927259248,,classic,True,,ACTIVE
00-0039518,Treyton Welch,TE,NO,4000,134503-110616,0.6254,0.6254,1.0,1.0479898180729206,0.6553808426360549,LV,23.33,43.61,1.0,0.5,2.363,statline_mc+recal_10_4b,0.0,1.7315002742419323,0.0,0.0,0.0,0.0,0.0,0.0,0.4605,0.30425,3.4975584263605493,0.02675,0.6553808426360549,0.0,0.0,37.280805621013286,0.2867889271125403,,classic,True,,ACTIVE
00-0040014,Kyle McCord,QB,MIA,6000,134503-152646,0.8279,0.8279,1.0,0.7825110428988548,0.6478175625227,KC,17.42,45.22,0.0,0.0,6.0082,statline_mc+recal_10_4b,0.0,1.6930719659829965,0.0,0.0,0.0,1.47425,4.953175625227001,0.0555,0.0,0.0,0.0,0.0,0.6478175625227,0.0,,8.817132804041862,0.02520452249554826,,classic,True,,ACTIVE
00-0041561,Carson Beck,QB,ARI,6000,134503-119670,0.7258,0.7258,1.0,0.8844800479149512,0.6419800231549233,SF,19.69,47.89,0.0,0.0,5.9945,statline_mc+recal_10_4b,0.0,1.7792701524026182,0.0,0.0,0.0,1.4465,5.459800231549232,0.04775,0.0,0.0,0.0,0.0,0.6419800231549233,0.0,,10.20960167809455,0.027840324880519313,,classic,True,,ACTIVE
00-0041123,Behren Morton,QB,NE,6000,134503-152061,0.6632,0.6632,1.0,0.9671333383244742,0.6414161742365456,JAX,21.53,45.94,0.0,0.0,5.9939,statline_mc+recal_10_4b,0.0,1.773305559561998,0.0,0.0,0.0,1.241,5.044161742365458,0.0505,0.0,0.0,0.0,0.0,0.6414161742365456,0.0,,11.759087423312884,0.031098607964107756,,classic,True,,ACTIVE
00-0038476,Tommy DeVito,QB,NE,6000,134503-94748,0.6624,0.6624,1.0,0.9671333383244742,0.6406391693119722,JAX,21.53,45.94,0.0,0.0,5.9872,statline_mc+recal_10_4b,0.0,1.6523852337304428,0.0,0.0,0.0,1.2175,4.9213916931197215,0.048,0.0,0.0,0.0,0.0,0.6406391693119722,0.0,,11.553205070371707,0.030644621809209488,,classic,True,,ACTIVE
00-0041099,Barion Brown,WR,NO,4300,134503-173241,0.608,0.608,1.0,1.0479898180729206,0.0,LV,23.33,43.61,2.0,1.0,3.4715,statline_mc+recal_10_4b,0.0,1.5235871079649654,0.0,0.0,0.0,0.2865,1.909059344987159,0.01275,0.26125,0.159,2.093042118805373,0.01425,0.6372101463792533,0.0,0.1500000059604644,26.461619184819057,0.0,,classic,True,Out,OUT
00-0038108,Bailey Zappe,QB,NYJ,6000,134503-139985,0.6781,0.6781,1.0,0.9334431384292882,0.6329911739493546,DET,20.78,48.17,0.0,0.0,6.0159,statline_mc+recal_10_4b,0.0,1.7938155952238937,0.0,0.0,0.0,1.39175,5.3399117394935445,0.04775,0.0,0.0,0.0,0.0,0.6329911739493546,0.0,,11.598281306387586,0.030743448264377127,,classic,True,,ACTIVE
00-0040398,Brady Cook,QB,MIA,6000,134503-119641,0.7967,0.7967,1.0,0.7825110428988548,0.6234267159327601,KC,17.42,45.22,0.0,0.0,5.9616,statline_mc+recal_10_4b,0.0,1.6615965411176288,0.0,0.0,0.0,1.4245,4.769267159327601,0.05275,0.0,0.0,0.0,0.0,0.6234267159327601,0.0,7.091999816894531,7.787721039335978,0.02341774412072045,,classic,True,,ACTIVE
00-0038951,Sean Tucker,RB,TB,4500,134503-137059,0.6701,0.6701,1.0,0.92715430111552,0.6212478892447996,MIN,20.64,42.5,0.0,0.0,3.2253,statline_mc+recal_10_4b,0.0,1.5506915450900545,0.0,0.0,0.0,0.646,2.482146648602253,0.0165,0.244,0.1855,1.352832243845742,0.0095,0.6212478892447996,0.0,5.317647148581112,12.692201778283064,0.013361752715413268,,classic,True,,ACTIVE
00-0039816,Anthony Gould,WR,IND,4400,134503-102882,0.6733,0.6733,1.0,0.920865463801752,0.6200261975605603,HOU,20.5,42.5,1.0,0.5,3.1522,statline_mc+recal_10_4b,0.0,1.5904618239471469,0.0,0.0,0.0,0.0255,0.1123363381254908,0.001,0.446,0.2745,3.3004256374801124,0.02325,0.6200261975605603,0.0,0.0,27.267275170139836,0.22823906191296267,,classic,True,,ACTIVE
00-0034270,Tyler Conklin,TE,DET,4200,134503-60451,0.4921,0.4921,1.0,1.2303661001721946,0.6054394659509628,NYJ,27.39,48.17,0.0,0.0,2.3795,statline_mc+recal_10_4b,0.0,1.6401524448779774,0.0,0.0,0.0,0.0,0.0,0.0,0.361,0.24125,3.123144659509628,0.02925,0.6054394659509628,0.0,2.300000031789144,20.577751086824037,0.10736281358864826,,classic,True,,ACTIVE
00-0040203,Will Howard,QB,PIT,6000,134503-120105,0.6779,0.6779,1.0,0.8795388185969905,0.5962493842046714,CIN,19.58,42.67,0.0,0.0,5.9509,statline_mc+recal_10_4b,0.0,1.6493345038080098,0.0,0.0,0.0,1.33825,4.852493842046714,0.049,0.0,0.0,0.0,0.0,0.5962493842046714,0.0,,7.262436845904005,0.02255538254436138,,classic,True,,ACTIVE
00-0034771,Mason Rudolph,QB,PIT,6300,134503-53729,0.6713,0.6713,1.0,0.8795388185969905,0.5904394103757861,CIN,19.58,42.67,1.0,0.5,5.9523,statline_mc+recal_10_4b,0.0,1.6141330238673186,0.0,0.0,0.0,1.18525,4.55439410375786,0.04625,0.0,0.0,0.0,0.0,0.5904394103757861,0.0,0.3000000119209289,11.345834085167809,0.03019405234012329,,classic,True,,ACTIVE
00-0039796,Rasheen Ali,RB,BAL,4100,134503-137488,0.4606,0.4606,1.0,1.2739387587033018,0.5867321775005192,DAL,28.36,53.33,2.0,1.0,3.2327,statline_mc+recal_10_4b,0.0,1.5345323187349662,0.0,0.0,0.0,0.37675,2.1199263762555365,0.0145,0.21725,0.15825,1.7361453987496556,0.00675,0.5867321775005192,0.0,0.0,57.247683298296785,0.7673128996450856,,classic,True,,ACTIVE
00-0029892,Kyle Juszczyk,RB,SF,4200,134503-39428,0.4541,0.4541,1.0,1.2663023133937263,0.5749959504271961,ARI,28.19,47.89,0.0,0.0,3.3852,statline_mc+recal_10_4b,0.0,1.383602002426466,0.0,0.0,0.0,0.4225,2.406118701743847,0.018,0.1665,0.1245,1.271340802528115,0.00725,0.5749959504271961,0.0,9.699999809265137,17.87198480200781,0.021397748721634493,,classic,True,,ACTIVE
00-0040648,Tory Horton,WR,SEA,4500,134503-134837,0.521,0.521,1.0,1.0807816126375684,0.5631309595609203,WAS,24.06,40.22,0.0,0.0,3.1165,statline_mc+recal_10_4b,0.0,1.4934239873096202,0.0,0.0,0.0,0.02825,0.2173578064981463,0.001,0.368,0.22775,3.0752017891110563,0.0195,0.5631309595609203,0.0,7.324999809265137,15.825354406249218,0.11643572851737215,,classic,True,,ACTIVE
00-0035500,Greg Dortch,WR,BUF,4400,134503-69558,0.4354,0.4354,1.0,1.2851688253350304,0.5595834931884481,LAC,28.61,50.0,2.0,1.0,3.2894,statline_mc+recal_10_4b,0.0,1.470513970606235,0.0,0.0,0.0,0.017,0.2705146085045583,0.0015,0.31225,0.19625,3.249070323379923,0.01725,0.5595834931884481,0.0,0.0,61.57869898909614,1.7176504954610592,,classic,True,,ACTIVE
00-0038896,Jacob Saylors,RB,DET,4100,134503-185827,0.4495,0.4495,1.0,1.2303661001721946,0.5530234199486267,NYJ,27.39,48.17,2.0,1.0,3.2439,statline_mc+recal_10_4b,0.0,1.428987379496194,0.0,0.0,0.0,0.37575,1.91826139657589,0.0145,0.209,0.16175,1.5532228029103765,0.00725,0.5530234199486267,0.0,0.0,51.763750053627355,0.46607906396698057,,classic,True,,ACTIVE
00-0035544,Tom Kennedy,WR,DET,4000,134503-104388,0.4466,0.4466,1.0,1.2303661001721946,0.5494974866691431,NYJ,27.39,48.17,2.0,1.0,3.1523,statline_mc+recal_10_4b,0.0,1.4557292936754775,0.0,0.0,0.0,0.01475,0.1795772248831265,0.00075,0.32475,0.2045,3.092897641808304,0.02,0.5494974866691431,0.0,0.0,63.66474379672636,1.9418980752995856,,classic,True,,ACTIVE
00-0039405,Jawhar Jordan,RB,HOU,4400,134503-103308,0.5491,0.5491,1.0,0.9882458635921242,0.5426369496557879,IND,22.0,42.5,0.0,0.0,3.1379,statline_mc+recal_10_4b,0.0,1.3438787968368369,0.0,0.0,0.0,0.5725,2.419601894344959,0.01825,0.1735,0.133,1.0417676022129203,0.005,0.5426369496557879,0.0,7.300000190734863,13.242638304946587,0.014047381875280535,,classic,True,,ACTIVE
00-0037524,Tay Martin,WR,DET,4000,134503-93845,0.4387,0.4387,1.0,1.2303661001721946,0.539784879667153,NYJ,27.39,48.17,2.0,1.0,3.106,statline_mc+recal_10_4b,0.0,1.4626351596015106,0.0,0.0,0.0,0.0175,0.1495102318591733,0.0005,0.31475,0.1875,3.0458385648123563,0.021,0.539784879667153,0.0,0.0,63.46231464692878,1.9189118623954646,,classic,True,,ACTIVE
00-0040164,Jaylin Lane,WR,WAS,4300,134503-128986,0.7375,0.7375,1.0,0.7263607097402113,0.5357009254450645,SEA,16.17,40.22,2.0,1.0,2.8523,statline_mc+recal_10_4b,0.0,1.4497424772159735,0.0,0.0,0.0,0.01475,0.0844753051574607,0.00025,0.508,0.3165,2.8100339492931834,0.01475,0.5357009254450645,0.0,0.449999988079071,29.659052805444475,0.26271936227925313,,classic,True,,ACTIVE
00-0040172,Jordan Watkins,WR,SF,4300,134503-134014,0.3882,0.3882,1.0,1.2663023133937263,0.4916224350304662,ARI,28.19,47.89,0.0,0.0,3.1183,statline_mc+recal_10_4b,0.0,1.2830081524852306,0.0,0.0,0.0,0.01675,0.095765869479488,0.001,0.2775,0.1695,2.7729584808251744,0.0195,0.4916224350304662,0.0,1.7999999523162842,19.77914343285065,0.14692397253063075,,classic,True,,ACTIVE
00-0040363,Keleki Latu,TE,BUF,4000,134503-157975,0.3798,0.3798,1.0,1.2851688253350304,0.4880739029223098,LAC,28.61,50.0,2.0,1.0,2.1895,statline_mc+recal_10_4b,0.0,1.4018966241531543,0.0,0.0,0.0,0.0,0.0,0.0,0.29975,0.199,2.6157390292230973,0.0215,0.4880739029223098,0.0,0.0,66.38605614918944,1.5889362720973923,,classic,True,,ACTIVE
00-0039677,Sam Hartman,QB,WAS,6200,134503-87594,0.6662,0.6662,1.0,0.7263607097402113,0.4839056045248434,SEA,16.17,40.22,0.0,0.0,5.846,statline_mc+recal_10_4b,0.0,1.282099406618208,0.0,0.0,0.0,1.366,4.254056045248434,0.038,0.0,0.0,0.0,0.0,0.4839056045248434,0.0,,3.0104136593287616,0.016647462282272193,,classic,True,,ACTIVE
00-0040194,Jackson Hawes,TE,BUF,4100,134503-200291,0.3669,0.3669,1.0,1.2851688253350304,0.4715564783133859,LAC,28.61,50.0,0.0,0.0,2.2208,statline_mc+recal_10_4b,0.0,1.2883619801764188,0.0,0.0,0.0,0.0,0.0,0.0,0.2805,0.18675,2.446814783133859,0.02275,0.4715564783133859,0.0,3.4384615971491885,21.03313289724942,0.11027762449417218,,classic,True,,ACTIVE
00-0041443,Skyler Bell,WR,BUF,4200,134503-158402,0.3668,0.3668,1.0,1.2851688253350304,0.471382804224592,LAC,28.61,50.0,0.0,0.0,2.9684,statline_mc+recal_10_4b,0.0,1.3112797903080131,0.0,0.0,0.0,0.018,0.1297185050873466,0.0005,0.29575,0.185,2.6491095371585733,0.01675,0.471382804224592,0.0,,20.482706589503486,0.15313215815746686,,classic,True,,ACTIVE
00-0039824,Jared Wiley,TE,KC,4200,134503-103192,0.3728,0.3728,1.0,1.249232612113499,0.4657165042697246,MIA,27.81,45.22,0.0,0.0,2.1484,statline_mc+recal_10_4b,0.0,1.3267136448364123,0.0,0.0,0.0,0.0,0.0,0.0,0.291,0.19425,2.615915042697245,0.01825,0.4657165042697246,0.0,0.449999988079071,19.28796774062487,0.09951857113562784,,classic,True,,ACTIVE
00-0041117,Athan Kaliakmanis,QB,WAS,6000,134503-152673,0.6374,0.6374,1.0,0.7263607097402113,0.4630004924350393,SEA,16.17,40.22,0.0,0.0,5.843,statline_mc+recal_10_4b,0.0,1.276705142344449,0.0,0.0,0.0,1.2565,3.865004924350393,0.0395,0.0,0.0,0.0,0.0,0.4630004924350393,0.0,,4.225119541681703,0.018156388735360438,,classic,True,,ACTIVE
00-0038519,Nikko Remigio,WR,KC,4200,134503-91481,0.3597,0.3597,1.0,1.249232612113499,0.4493436956498689,MIA,27.81,45.22,2.0,1.0,3.0132,statline_mc+recal_10_4b,0.0,1.1425848874639268,0.0,0.0,0.0,0.0205,0.1605320165743615,0.00125,0.24125,0.14375,2.5091549399243283,0.01775,0.4493436956498689,0.0,0.0,51.337398474950945,0.94037920451193,,classic,True,,ACTIVE
00-0039920,Malachi Corley,WR,CLE,4000,134503-128913,0.481,0.481,1.0,0.8948117092161416,0.4303850280246956,CAR,19.92,42.11,2.0,1.0,2.7788,statline_mc+recal_10_4b,0.0,1.194938811142812,0.0,0.0,0.0,0.02225,0.1689717636018034,0.00075,0.35575,0.20275,2.346128516645153,0.01225,0.4303850280246956,0.0,0.0,40.59451143786791,0.499870303302356,,classic,True,,ACTIVE
00-0040888,Adam Randall,RB,BAL,4000,134503-166313,0.3255,0.3255,1.0,1.2739387587033018,0.0,DAL,28.36,53.33,0.0,0.0,3.0628,statline_mc+recal_10_4b,0.0,1.0535866902131723,0.0,0.0,0.0,0.264,1.4242605454283574,0.01025,0.149,0.113,1.1772000572102457,0.00675,0.4146460602638603,0.0,,15.900325518040239,0.0,,classic,True,Injured Reserve,OUT
00-0040259,Gage Larvadain,WR,BAL,4000,134503-157609,0.323,0.323,1.0,1.2739387587033018,0.411429075869638,DAL,28.36,53.33,0.0,0.0,2.8758,statline_mc+recal_10_4b,0.0,1.1907584784504797,0.0,0.0,0.0,0.01225,0.1161906326527611,0.00025,0.23425,0.1475,2.30560012604362,0.016,0.411429075869638,0.0,0.7416666348775228,23.27647568366409,0.18048373913810006,,classic,True,,ACTIVE
00-0038840,Brycen Tremayne,WR,CAR,4000,134503-89627,0.4082,0.4082,1.0,0.996780714232238,0.4068915107062136,CLE,22.19,42.11,2.0,1.0,2.7798,statline_mc+recal_10_4b,0.0,1.150543201295607,0.0,0.0,0.0,0.0205,0.1383112851881657,0.0005,0.28275,0.182,2.2306038218739705,0.01275,0.4068915107062136,0.0,0.0,47.90071346961079,0.7682577289953764,,classic,True,,ACTIVE
00-0031235,Odell Beckham Jr.,WR,NYG,4500,134503-31360,0.4486,0.4486,1.0,0.8984053305382946,0.4029817136225859,TEN,20.0,37.56,0.0,0.0,2.7631,statline_mc+recal_10_4b,0.0,1.1421613619353588,0.0,0.0,0.0,0.028,0.1519187985959285,0.00125,0.29075,0.171,2.1428983376299304,0.01375,0.4029817136225859,0.0,,11.135581735426342,0.08836451310543539,,classic,True,,ACTIVE
00-0034487,Trent Sherfield Sr.,WR,BUF,4000,134503-56059,0.3119,0.3119,1.0,1.2851688253350304,0.4008076839561528,LAC,28.61,50.0,0.0,0.0,2.9767,statline_mc+recal_10_4b,0.0,1.0572408073722492,0.0,0.0,0.0,0.0115,0.0675275124201852,0.0005,0.22925,0.1445,2.278049327141344,0.0155,0.4008076839561528,0.0,0.8999999761581421,22.976633715009562,0.1773283188257259,,classic,True,,ACTIVE
00-0036331,Devin Duvernay,WR,ARI,4000,134503-71032,0.4506,0.4506,1.0,0.8844800479149512,0.3985059230609276,SF,19.69,47.89,2.0,1.0,2.7125,statline_mc+recal_10_4b,0.0,1.1613156806801526,0.0,0.0,0.0,0.01725,0.0640139912737528,0.00075,0.33625,0.20225,2.1747952393355225,0.01225,0.3985059230609276,0.0,0.0,47.051690842254295,0.7308313735415921,,classic,True,,ACTIVE
00-0037197,Isiah Pacheco,RB,DET,4000,134503-92575,0.3146,0.3146,1.0,1.2303661001721946,0.0,NYJ,27.39,48.17,0.0,0.0,2.9791,statline_mc+recal_10_4b,0.0,0.9655422953163836,0.0,0.0,0.0,0.26275,1.379407597192956,0.00975,0.1335,0.09725,1.0153745008702884,0.00775,0.3871032098063244,0.0,5.984615619365986,14.311368462825518,0.0,,classic,True,Injured Reserve,OUT
00-0040959,Jaydn Ott,RB,KC,4000,134503-166118,0.308,0.308,1.0,1.249232612113499,0.3848200370151909,MIA,27.81,45.22,0.0,0.0,3.0127,statline_mc+recal_10_4b,0.0,1.0287885734891171,0.0,0.0,0.0,0.27075,1.5582240241024805,0.013,0.11625,0.0895,0.7774763460494285,0.00525,0.3848200370151909,0.0,,19.243393109957523,0.024238910143440998,,classic,True,,ACTIVE
00-0035924,Jonathan Ward,RB,BAL,4000,134503-69068,0.3003,0.3003,1.0,1.2739387587033018,0.3825878256283759,DAL,28.36,53.33,0.0,0.0,2.945,statline_mc+recal_10_4b,0.0,0.9630582780325678,0.0,0.0,0.0,0.2545,1.3607065901647275,0.0095,0.144,0.10825,1.0839216661190323,0.0055,0.3825878256283759,0.0,,21.65207376978849,0.030172477511743935,,classic,True,,ACTIVE
00-0039407,Dylan Laube,RB,LV,4200,134503-201230,0.4199,0.4199,1.0,0.9109830051658308,0.3825574532834102,NO,20.28,43.61,2.0,1.0,2.7866,statline_mc+recal_10_4b,0.0,1.0435390207767936,0.0,0.0,0.0,0.40875,1.5403524891111264,0.007,0.1705,0.12525,1.023972043722975,0.00425,0.3825574532834102,0.0,0.0,32.44213608477412,0.08046681988332596,,classic,True,,ACTIVE
00-0040099,Xavier Guillory,WR,BAL,4000,134503-178011,0.2996,0.2996,1.0,1.2739387587033018,0.381672454953353,DAL,28.36,53.33,0.0,0.0,2.7942,statline_mc+recal_10_4b,0.0,1.0662692591884333,0.0,0.0,0.0,0.0125,0.1208476552206062,0.00175,0.226,0.1365,2.143376894312925,0.013,0.381672454953353,0.0,,22.971819813218747,0.17727811175161456,,classic,True,,ACTIVE
00-0040986,Ty Pezza,TE,BAL,4000,134503-243161,0.2992,0.2992,1.0,1.2739387587033018,0.3811531228461754,DAL,28.36,53.33,0.0,0.0,2.0901,statline_mc+recal_10_4b,0.0,1.1014390570686132,0.0,0.0,0.0,0.0,0.0,0.0,0.21775,0.148,2.0715312284617537,0.01675,0.3811531228461754,0.0,,23.024324036078493,0.1239811993253965,,classic,True,,ACTIVE
00-0039652,Jabari Small,RB,DET,4000,134503-139114,0.3091,0.3091,1.0,1.2303661001721946,0.3803100042487815,NYJ,27.39,48.17,0.0,0.0,2.9102,statline_mc+recal_10_4b,0.0,0.9652271197356984,0.0,0.0,0.0,0.27825,1.4764299146399007,0.01075,0.1375,0.099,0.9516701278479144,0.0045,0.3803100042487815,0.0,,19.90402580548286,0.025739241060035743,,classic,True,,ACTIVE
00-0040567,Brock Lampe,RB,BUF,4000,134503-156426,0.2937,0.2937,1.0,1.2851688253350304,0.3774802651838134,LAC,28.61,50.0,0.0,0.0,2.9727,statline_mc+recal_10_4b,0.0,0.9790728357245196,0.0,0.0,0.0,0.273,1.500293515012336,0.01075,0.13425,0.098,0.9345091368257984,0.00425,0.3774802651838134,0.0,,21.233718735252474,0.029046497043302314,,classic,True,,ACTIVE
00-0037509,Sincere McCormick,RB,SF,4000,134503-104054,0.2974,0.2974,1.0,1.2663023133937263,0.3765642437723631,ARI,28.19,47.89,0.0,0.0,2.9563,statline_mc+recal_10_4b,0.0,0.950674262848198,0.0,0.0,0.0,0.284,1.498949558838271,0.01275,0.11675,0.08975,0.7929428788853595,0.00525,0.3765642437723631,0.0,,19.80555123557424,0.02550984569314048,,classic,True,,ACTIVE
00-0036630,Tylan Wallace,WR,CLE,4200,134503-87515,0.4202,0.4202,1.0,0.8948117092161416,0.3759675841345964,CAR,19.92,42.11,0.0,0.0,2.6744,statline_mc+recal_10_4b,0.0,1.086166956496657,0.0,0.0,0.0,0.01825,0.074479707371344,0.0,0.3085,0.19525,2.0039461339746207,0.01225,0.3759675841345964,0.0,1.3888888888888888,10.594718679367126,0.08559740606435988,,classic,True,,ACTIVE
00-0040361,Stephen Gosnell,WR,BUF,4000,134503-129302,0.2902,0.2902,1.0,1.2851688253350304,0.3729638189495024,LAC,28.61,50.0,0.0,0.0,2.8171,statline_mc+recal_10_4b,0.0,1.0454392393548169,0.0,0.0,0.0,0.01225,0.127258002034821,0.00025,0.21975,0.136,2.1173801874602027,0.01325,0.3729638189495024,0.0,,22.742828046993367,0.1749061681953804,,classic,True,,ACTIVE
00-0038979,Cedric Tillman,WR,NO,4200,134503-87432,0.3543,0.3543,1.0,1.0479898180729206,0.3712867497564718,LV,23.33,43.61,0.0,0.0,2.7701,statline_mc+recal_10_4b,0.0,1.0014178941067513,0.0,0.0,0.0,0.01175,0.0315174214899115,0.00025,0.2465,0.154,2.131350076074807,0.013,0.3712867497564718,0.0,4.125,15.418449305779784,0.11368185939830722,,classic,True,,ACTIVE
00-0036841,Austin Trammell,WR,JAX,4100,134503-88685,0.3374,0.3374,1.0,1.0969529085872578,0.370111513869736,NE,24.42,45.94,0.0,0.0,2.7687,statline_mc+recal_10_4b,0.0,1.064329135704528,0.0,0.0,0.0,0.0135,0.0856575396435775,0.0,0.245,0.14875,2.1267075990537823,0.01275,0.370111513869736,0.0,1.0166666507720947,17.325400977372645,0.1271767012455014,,classic,True,,ACTIVE
00-0037004,Hunter Long,TE,ARI,4000,134503-93075,0.4176,0.4176,1.0,0.8844800479149512,0.3693416224786852,SF,19.69,47.89,2.0,1.0,1.9571,statline_mc+recal_10_4b,0.0,1.1157305500303754,0.0,0.0,0.0,0.0,0.0,0.0,0.2985,0.199,1.843416224786852,0.01475,0.3693416224786852,0.0,0.0,46.668147929955715,0.4981708577297889,,classic,True,,ACTIVE
00-0041272,Ja'Mori Maclin,WR,BUF,4000,134503-119642,0.287,0.287,1.0,1.2851688253350304,0.36885252467161,LAC,28.61,50.0,0.0,0.0,2.8086,statline_mc+recal_10_4b,0.0,1.0085494185062582,0.0,0.0,0.0,0.01025,0.0919840177561839,0.0,0.227,0.13375,2.127791228959916,0.0135,0.36885252467161,0.0,,22.629467723106725,0.1737437294052554,,classic,True,,ACTIVE
00-0040067,Jacardia Wright,RB,SEA,4000,134503-111300,0.3383,0.3383,1.0,1.0807816126375684,0.3656430690691121,WAS,24.06,40.22,0.0,0.0,2.9204,statline_mc+recal_10_4b,0.0,0.918017016340572,0.0,0.0,0.0,0.309,1.3964552772138976,0.012,0.12125,0.09375,0.8812254134772234,0.004,0.3656430690691121,0.0,2.0,15.098817784975758,0.01662952323983402,,classic,True,,ACTIVE
00-0032394,Nick Vannett,TE,BAL,4000,134503-28570,0.286,0.286,1.0,1.2739387587033018,0.3643337691374696,DAL,28.36,53.33,0.0,0.0,2.1164,statline_mc+recal_10_4b,0.0,1.0753121034042934,0.0,0.0,0.0,0.0,0.0,0.0,0.2065,0.136,1.9483376913746964,0.01725,0.3643337691374696,0.0,,22.792535956608297,0.12230223813042605,,classic,True,,ACTIVE
00-0040934,Jordan Hudson,WR,DAL,4000,134503-166977,0.3224,0.3224,1.0,1.1216590551770609,0.3615857013048412,BAL,24.97,53.33,0.0,0.0,2.8317,statline_mc+recal_10_4b,0.0,0.9220435794643616,0.0,0.0,0.0,0.014,0.0921645601254606,0.00075,0.207,0.12975,2.004942452922952,0.014,0.3615857013048412,0.0,,21.62725249000273,0.16379695095351515,,classic,True,,ACTIVE
00-0036215,Danny Pinter,TE,BAL,4000,134503-61693,0.2823,0.2823,1.0,1.2739387587033018,0.3595991648155189,DAL,28.36,53.33,0.0,0.0,2.0217,statline_mc+recal_10_4b,0.0,1.0421451598646243,0.0,0.0,0.0,0.0,0.0,0.0,0.2145,0.1455,1.903491648155189,0.01625,0.3595991648155189,0.0,0.0,22.676641916873194,0.12147130309937733,,classic,True,,ACTIVE
00-0039589,Kameron Johnson,WR,TB,4100,134503-201535,0.3875,0.3875,1.0,0.92715430111552,0.3592928368977245,MIN,20.64,42.5,2.0,1.0,2.6765,statline_mc+recal_10_4b,0.0,1.0414866818860882,0.0,0.0,0.0,0.02275,0.0663320182565465,0.0005,0.273,0.1665,1.9640963507206988,0.01175,0.3592928368977245,0.0,0.0,35.51996659298079,0.37086793669098583,,classic,True,,ACTIVE
00-0041490,Eli Heidenreich,RB,PIT,4000,134503-173113,0.4071,0.4071,1.0,0.8795388185969905,0.3580509965357853,CIN,19.58,42.67,2.0,1.0,2.7463,statline_mc+recal_10_4b,0.0,1.002690055734308,0.0,0.0,0.0,0.36875,1.3632902447027175,0.01025,0.16275,0.1255,0.8297197206551359,0.003,0.3580509965357853,0.0,0.0,35.501362134797716,0.10626716877143415,,classic,True,,ACTIVE
00-0041217,J'Mari Taylor,RB,JAX,4000,134503-225850,0.3236,0.3236,1.0,1.0969529085872578,0.3550040292386007,NE,24.42,45.94,0.0,0.0,2.8968,statline_mc+recal_10_4b,0.0,0.9350996780170372,0.0,0.0,0.0,0.27375,1.2331030126918512,0.00975,0.142,0.11125,0.965687279694156,0.004,0.3550040292386007,0.0,,17.897999431550044,0.02144841356343621,,classic,True,,ACTIVE
00-0040390,Jackson Meeks,WR,DET,4000,134503-151799,0.2867,0.2867,1.0,1.2303661001721946,0.3526962284210941,NYJ,27.39,48.17,0.0,0.0,2.7491,statline_mc+recal_10_4b,0.0,1.0161814846233015,0.0,0.0,0.0,0.017,0.1112586772140912,0.0005,0.21625,0.13575,2.10195360699685,0.0105,0.3526962284210941,0.0,,20.816061138570824,0.15616457490132782,,classic,True,,ACTIVE
00-0031595,Michael Burton,RB,CLE,4000,134503-26057,0.3926,0.3926,1.0,0.8948117092161416,0.3513338412008959,CAR,19.92,42.11,0.0,0.0,2.7968,statline_mc+recal_10_4b,0.0,0.9024723379818308,0.0,0.0,0.0,0.34425,1.3367270314394033,0.0115,0.1535,0.11725,0.7703613805695553,0.00325,0.3513338412008959,0.0,,11.484210766227637,0.011972100517984792,,classic,True,,ACTIVE
00-0041579,Seydou Traore,TE,MIA,4100,134503-154245,0.4488,0.4488,1.0,0.7825110428988548,0.3512296029165168,KC,17.42,45.22,0.0,0.0,1.8787,statline_mc+recal_10_4b,0.0,1.024626752630028,0.0,0.0,0.0,0.0,0.0,0.0,0.29475,0.19425,1.661046029165169,0.015,0.3512296029165168,0.0,,12.220599886238976,0.06566832873806748,,classic,True,,ACTIVE
00-0041446,Kendrick Law,WR,DET,4000,134503-166770,0.2854,0.2854,1.0,1.2303661001721946,0.0,NYJ,27.39,48.17,0.0,0.0,2.8036,statline_mc+recal_10_4b,0.0,0.9399210689327686,0.0,0.0,0.0,0.01425,0.1458937730174421,0.0005,0.20475,0.12525,1.9691567369127247,0.0125,0.3511300509930167,0.0,,14.283672474603213,0.0,,classic,True,Injured Reserve,OUT
00-0034272,Marquez Valdes-Scantling,WR,LAC,4100,134503-40647,0.3642,0.3642,1.0,0.9608445010107062,0.3499654473233284,BUF,21.39,50.0,0.0,0.0,2.7064,statline_mc+recal_10_4b,0.0,0.9712596976126702,0.0,0.0,0.0,0.01475,0.0900269722657311,0.001,0.256,0.15925,1.7833775009675532,0.01325,0.3499654473233284,0.0,2.910000038146973,15.748804674498892,0.11591260579352092,,classic,True,,ACTIVE
00-0036825,Feleipe Franks,TE,CAR,4000,134503-69302,0.3507,0.3507,1.0,0.996780714232238,0.3495911218915382,CLE,22.19,42.11,2.0,1.0,1.9432,statline_mc+recal_10_4b,0.0,1.0585696927828585,0.0,0.0,0.0,0.0,0.0,0.0,0.26175,0.176,1.875911218915383,0.013,0.3495911218915382,0.0,0.0,45.95886828098972,0.47781363603822574,,classic,True,,ACTIVE
00-0036427,Tyler Johnson,WR,NYJ,4100,134503-68712,0.3741,0.3741,1.0,0.9334431384292882,0.3492393623405732,DET,20.78,48.17,0.0,0.0,2.7125,statline_mc+recal_10_4b,0.0,0.998705759866992,0.0,0.0,0.0,0.01425,0.0525760786918812,0.0005,0.245,0.153,1.97981754471385,0.01125,0.3492393623405732,0.0,3.5222223069932728,15.031098643848884,0.11112086769262727,,classic,True,,ACTIVE
00-0040241,Dominic Lovett,WR,DET,4000,134503-152128,0.2836,0.2836,1.0,1.2303661001721946,0.3489841719439827,NYJ,27.39,48.17,0.0,0.0,2.7569,statline_mc+recal_10_4b,0.0,0.9562128603222882,0.0,0.0,0.0,0.01125,0.1051517653773478,0.0005,0.203,0.128,1.8746899540624788,0.01425,0.3489841719439827,0.0,0.0,20.653105672983777,0.1546747929582112,,classic,True,,ACTIVE
00-0040900,Anthony Smith,WR,DAL,4000,134503-133900,0.3064,0.3064,1.0,1.1216590551770609,0.3436407355389337,BAL,24.97,53.33,0.0,0.0,2.8284,statline_mc+recal_10_4b,0.0,0.8530959211763075,0.0,0.0,0.0,0.0145,0.1697335652196152,0.0015,0.20825,0.12425,1.7954237901697223,0.013,0.3436407355389337,0.0,,21.102960992027022,0.15882244504950244,,classic,True,,ACTIVE
00-0038181,Lucky Jackson,WR,DET,4000,134503-63967,0.2784,0.2784,1.0,1.2303661001721946,0.3425593050926843,NYJ,27.39,48.17,0.0,0.0,2.7584,statline_mc+recal_10_4b,0.0,0.94020171543372,0.0,0.0,0.0,0.01275,0.0777699047214343,0.00025,0.2115,0.13175,2.029073146205409,0.01075,0.3425593050926843,0.0,,20.511405268125483,0.15339088769552633,,classic,True,,ACTIVE
00-0040547,Nate Carter,RB,KC,4000,134503-128765,0.2736,0.2736,1.0,1.249232612113499,0.3417321606063464,MIA,27.81,45.22,0.0,0.0,2.9694,statline_mc+recal_10_4b,0.0,0.8697234941329139,0.0,0.0,0.0,0.26525,1.403779738375518,0.00975,0.11075,0.08175,0.8997918676879462,0.00275,0.3417321606063464,0.0,2.0,18.019616886181304,0.021686865810915095,,classic,True,,ACTIVE
00-0040697,Thomas Gordon,TE,DET,4000,134503-110977,0.2739,0.2739,1.0,1.2303661001721946,0.3370269144090332,NYJ,27.39,48.17,0.0,0.0,2.0114,statline_mc+recal_10_4b,0.0,0.9818357194696088,0.0,0.0,0.0,0.0,0.0,0.0,0.213,0.143,1.9302691440903323,0.0125,0.3370269144090332,0.0,,20.74000274245317,0.10839241291150607,,classic,True,,ACTIVE
00-0038389,Israel Abanikanda,RB,DAL,4000,134503-129219,0.2998,0.2998,1.0,1.1216590551770609,0.3362687741489228,BAL,24.97,53.33,0.0,0.0,2.8265,statline_mc+recal_10_4b,0.0,0.8719477470221383,0.0,0.0,0.0,0.2425,1.13992570816645,0.0085,0.14175,0.1065,0.9602620333227788,0.0045,0.3362687741489228,0.0,,19.360046012269937,0.024497326971938096,,classic,True,,ACTIVE
00-0040887,Josh Cuevas,TE,BAL,4000,134503-183404,0.2636,0.2636,1.0,1.2739387587033018,0.3357566620206068,DAL,28.36,53.33,0.0,0.0,1.9533,statline_mc+recal_10_4b,0.0,1.0002953040892604,0.0,0.0,0.0,0.0,0.0,0.0,0.2055,0.13125,1.941316620206068,0.01275,0.3357566620206068,0.0,,22.2130657579328,0.118203635368911,,classic,True,,ACTIVE
00-0041035,De'Zhaun Stribling,WR,SF,4000,134503-152272,0.265,0.265,1.0,1.2663023133937263,0.0,ARI,28.19,47.89,0.0,0.0,2.8229,statline_mc+recal_10_4b,0.0,0.8471246939274727,0.0,0.0,0.0,0.01225,0.1226966764614052,0.00025,0.1845,0.11375,1.9038117615294932,0.0125,0.3355258437990899,0.0,,14.42995314944984,0.0,,classic,True,Injured Reserve,OUT
00-0032385,Sterling Shepard,WR,NYJ,4100,134503-27477,0.3539,0.3539,1.0,0.9334431384292882,0.330345711483204,DET,20.78,48.17,0.0,0.0,2.6918,statline_mc+recal_10_4b,0.0,0.8949280625790509,0.0,0.0,0.0,0.01025,0.0354248709104878,0.0005,0.24225,0.145,1.6980322439215518,0.01375,0.330345711483204,0.0,4.807692307692308,14.8964832592335,0.11024442597383047,,classic,True,,ACTIVE
00-0041323,Myles Montgomery,RB,NE,4000,134503-152754,0.3414,0.3414,1.0,0.9671333383244742,0.0,JAX,21.53,45.94,0.0,0.0,2.8138,statline_mc+recal_10_4b,0.0,0.9271751308686152,0.0,0.0,0.0,0.25525,1.0588174646739226,0.01,0.15025,0.1095,0.9007598270894028,0.004,0.3302077291763325,0.0,,11.081115395340856,0.0,,classic,True,Injured Reserve,OUT
00-0040021,Phil Mafah,RB,NYG,4200,134503-152522,0.3665,0.3665,1.0,0.8984053305382946,0.3293076675867725,TEN,20.0,37.56,0.0,0.0,2.7028,statline_mc+recal_10_4b,0.0,0.8681953358345893,0.0,0.0,0.0,0.3835,1.4435765800877758,0.00975,0.1425,0.1065,0.6370000957799493,0.0025,0.3293076675867725,0.0,9.899999618530272,7.225938746835984,0.00812920674873689,,classic,True,,ACTIVE
00-0040260,Ahmani Marshall,RB,CAR,4000,134503-129081,0.33,0.33,1.0,0.996780714232238,0.3289693044464836,CLE,22.19,42.11,0.0,0.0,2.71,statline_mc+recal_10_4b,0.0,0.91893929169223,0.0,0.0,0.0,0.3455,1.4619494916266154,0.00825,0.1235,0.09325,0.6914935528382209,0.00375,0.3289693044464836,0.0,,13.828830870050194,0.014816275436543945,,classic,True,,ACTIVE
00-0040394,Anthony Tyus III,RB,CAR,4000,134503-152603,0.33,0.33,1.0,0.996780714232238,0.3289415718357908,CLE,22.19,42.11,0.0,0.0,2.7773,statline_mc+recal_10_4b,0.0,0.8613690570414098,0.0,0.0,0.0,0.3305,1.3528595052020702,0.0105,0.12675,0.096,0.681556213155838,0.00325,0.3289415718357908,0.0,,13.706453247672574,0.014652354361380796,,classic,True,,ACTIVE
00-0038040,Zamir White,RB,NO,4100,134503-91578,0.3134,0.3134,1.0,1.0479898180729206,0.3284083647623977,LV,23.33,43.61,0.0,0.0,2.7501,statline_mc+recal_10_4b,0.0,0.9129763493629672,0.0,0.0,0.0,0.301,1.3250966088410938,0.007,0.13025,0.09575,0.8752370387828835,0.00375,0.3284083647623977,0.0,1.5199999809265137,13.181515187266722,0.013969541996707502,,classic,True,,ACTIVE
00-0037120,Tyler Goodson,RB,DAL,4000,134503-105648,0.2918,0.2918,1.0,1.1216590551770609,0.3273048552127235,BAL,24.97,53.33,0.0,0.0,2.786,statline_mc+recal_10_4b,0.0,0.891638923567013,0.0,0.0,0.0,0.255,1.2425241909954683,0.0075,0.13325,0.10075,0.7967743611317671,0.00525,0.3273048552127235,0.0,0.4199999809265137,18.919486571710497,0.023535576033858776,,classic,True,,ACTIVE
00-0041241,Kentrel Bullock,RB,CIN,4000,134503-137495,0.3117,0.3117,1.0,1.036759751441192,0.3231068069399944,PIT,23.08,42.67,0.0,0.0,2.7996,statline_mc+recal_10_4b,0.0,0.862350758311025,0.0,0.0,0.0,0.3115,1.3554190149773062,0.0085,0.10675,0.07625,0.8293990544226378,0.00325,0.3231068069399944,0.0,,14.899869685529193,0.016331462029460456,,classic,True,,ACTIVE
00-0038396,Eric Gray,RB,CLE,4000,134503-102928,0.3596,0.3596,1.0,0.8948117092161416,0.3217644526647866,CAR,19.92,42.11,0.0,0.0,2.7215,statline_mc+recal_10_4b,0.0,0.9107488455839045,0.0,0.0,0.0,0.34025,1.209813992662958,0.00725,0.1645,0.1235,0.8403305339849078,0.003,0.3217644526647866,0.0,0.0,10.554140836157705,0.011001451011334068,,classic,True,,ACTIVE
00-0040644,Trevor Etienne,RB,CAR,4000,134503-172646,0.3224,0.3224,1.0,0.996780714232238,0.0,CLE,22.19,42.11,0.0,0.0,2.7236,statline_mc+recal_10_4b,0.0,0.8697487901270845,0.0,0.0,0.0,0.338,1.4257777634832118,0.00825,0.116,0.0885,0.6501448494210977,0.00375,0.3213422612904309,0.0,0.4777777989705403,9.459949751169075,0.0,,classic,True,Injured Reserve,OUT
00-0040930,Camden Brown,WR,DAL,4000,134503-170769,0.2864,0.2864,1.0,1.1216590551770609,0.321279850452251,BAL,24.97,53.33,0.0,0.0,2.7317,statline_mc+recal_10_4b,0.0,0.8324435530193499,0.0,0.0,0.0,0.01325,0.0847410557809242,0.0005,0.199,0.12175,1.8443074487415851,0.011,0.321279850452251,0.0,,20.791220101338762,0.15593654801206464,,classic,True,,ACTIVE
00-0041319,Cameron Dorner,WR,NE,4000,134503-231015,0.3314,0.3314,1.0,0.9671333383244742,0.320478482835873,JAX,21.53,45.94,0.0,0.0,2.6765,statline_mc+recal_10_4b,0.0,0.9299537828273772,0.0,0.0,0.0,0.01275,0.0651520439129582,0.00025,0.21575,0.13275,1.765882784445772,0.01175,0.320478482835873,0.0,,16.969411309952562,0.12454123914230043,,classic,True,,ACTIVE
00-0036497,Tim Jones,WR,JAX,4000,134503-89437,0.2902,0.2902,1.0,1.0969529085872578,0.3183402006040242,NE,24.42,45.94,0.0,0.0,2.6438,statline_mc+recal_10_4b,0.0,0.9096072790063744,0.0,0.0,0.0,0.01225,0.0633549090007883,0.0005,0.214,0.1345,1.772547097039454,0.0115,0.3183402006040242,0.0,1.0,18.820340248627705,0.1388667821833382,,classic,True,,ACTIVE
00-0037563,Malik Davis,RB,DAL,4000,134503-86047,0.2836,0.2836,1.0,1.1216590551770609,0.0,BAL,24.97,53.33,0.0,0.0,2.7722,statline_mc+recal_10_4b,0.0,0.8571610044008022,0.0,0.0,0.0,0.23825,1.1211033522808955,0.00925,0.12725,0.09375,0.83658747171895,0.00375,0.3181440823999845,0.0,4.733333163791233,14.832073984297908,0.0,,classic,True,Injured Reserve,OUT
00-0041106,CJ Williams,WR,JAX,4000,134503-168005,0.2899,0.2899,1.0,1.0969529085872578,0.3180278344820331,NE,24.42,45.94,0.0,0.0,2.6668,statline_mc+recal_10_4b,0.0,0.906640111168051,0.0,0.0,0.0,0.0145,0.0533873423514298,0.0005,0.20025,0.1265,1.7443910024689004,0.01225,0.3180278344820331,0.0,,18.749490046198556,0.1382892371348003,,classic,True,,ACTIVE
00-0033553,James Conner,RB,ARI,4000,134503-40687,0.358,0.358,1.0,0.8844800479149512,0.0,SF,19.69,47.89,0.0,0.0,2.7697,statline_mc+recal_10_4b,0.0,0.8443429474010448,0.0,0.0,0.0,0.279,1.0411223724989662,0.00925,0.14875,0.1095,0.8224508794572915,0.00375,0.3166073251956258,0.0,9.766666412353516,9.325747297181346,0.0,,classic,True,Injured Reserve,OUT
00-0041397,Kaden Wetjen,WR,PIT,4000,134503-169440,0.3588,0.3588,1.0,0.8795388185969905,0.3156133954103369,CIN,19.58,42.67,2.0,1.0,2.625,statline_mc+recal_10_4b,0.0,0.8816550871001818,0.0,0.0,0.0,0.0145,0.1003719497645854,0.00025,0.23325,0.141,1.6207620043387838,0.012,0.3156133954103369,0.0,0.0,37.38211296291696,0.41380053375831205,,classic,True,,ACTIVE
00-0041361,Will Pauling,WR,SF,4000,134503-152756,0.2489,0.2489,1.0,1.2663023133937263,0.3152270487210062,ARI,28.19,47.89,0.0,0.0,2.863,statline_mc+recal_10_4b,0.0,0.7319804670322717,0.0,0.0,0.0,0.01175,0.0782870033058442,0.001,0.17025,0.11325,1.742733483904218,0.01175,0.3152270487210062,0.0,,20.062544242567245,0.14939381832726228,,classic,True,,ACTIVE
00-0036182,Nick Westbrook-Ikhine,WR,IND,4300,134503-64389,0.3412,0.3412,1.0,0.920865463801752,0.3141768363017559,HOU,20.5,42.5,0.0,0.0,2.576,statline_mc+recal_10_4b,0.0,0.9398281461529936,0.0,0.0,0.0,0.01525,0.1080923567784758,0.0005,0.24675,0.1545,1.7661760062390837,0.00825,0.3141768363017559,0.0,1.309090874411843,11.056603319589676,0.0879549423341004,,classic,True,,ACTIVE
00-0040405,Jamaal Pritchett,WR,NYJ,4000,134503-169185,0.3362,0.3362,1.0,0.9334431384292882,0.3138534432777005,DET,20.78,48.17,0.0,0.0,2.6697,statline_mc+recal_10_4b,0.0,0.8469377611692274,0.0,0.0,0.0,0.0135,0.0840730802606567,0.0005,0.211,0.12925,1.7482113525163483,0.01075,0.3138534432777005,0.0,,16.84486382603512,0.12363214407756482,,classic,True,,ACTIVE
00-0041220,Michael Wortham,WR,JAX,4000,134503-188900,0.286,0.286,1.0,1.0969529085872578,0.3136886755434985,NE,24.42,45.94,0.0,0.0,2.6832,statline_mc+recal_10_4b,0.0,0.849710027055711,0.0,0.0,0.0,0.014,0.1108960883346597,0.0005,0.2045,0.12575,1.717240667100326,0.011,0.3136886755434985,0.0,,18.44483417575321,0.13583303931923807,,classic,True,,ACTIVE
00-0037253,Marcus Jones,WR,NE,4000,134503-92166,0.3235,0.3235,1.0,0.9671333383244742,0.3128936279817215,JAX,21.53,45.94,0.0,0.0,2.6625,statline_mc+recal_10_4b,0.0,0.8774099822341747,0.0,0.0,0.0,0.01275,0.0926715316450306,0.00025,0.21525,0.12825,1.700014748172184,0.01175,0.3128936279817215,0.0,0.0,16.452204832219767,0.12080926610104566,,classic,True,,ACTIVE
00-0039266,Kendall Milton,RB,CIN,4000,134503-119672,0.2995,0.2995,1.0,1.036759751441192,0.310541894667619,PIT,23.08,42.67,0.0,0.0,2.7964,statline_mc+recal_10_4b,0.0,0.7716979368506224,0.0,0.0,0.0,0.29425,1.2141790616452994,0.0065,0.11825,0.086,0.7662398850308907,0.00575,0.310541894667619,0.0,0.2000000029802322,14.483785769445277,0.015725248773267666,,classic,True,,ACTIVE
00-0040323,Chandler Brayboy,WR,NE,4000,134503-226525,0.3178,0.3178,1.0,0.9671333383244742,0.3073532357730457,JAX,21.53,45.94,0.0,0.0,2.6321,statline_mc+recal_10_4b,0.0,0.8885147793692345,0.0,0.0,0.0,0.00925,0.0350004029002947,0.0,0.21975,0.131,1.7735319548301622,0.0105,0.3073532357730457,0.0,,16.381354629790618,0.12030682201501479,,classic,True,,ACTIVE
00-0035125,Alec Ingold,RB,LAC,4000,134503-63717,0.3171,0.3171,1.0,0.9608445010107062,0.3046971516349637,BUF,21.39,50.0,0.0,0.0,2.7624,statline_mc+recal_10_4b,0.0,0.8111917786038081,0.0,0.0,0.0,0.2445,1.0199105658172076,0.00625,0.15075,0.113,0.8320609505324296,0.00525,0.3046971516349637,0.0,0.0,15.405503239092194,0.01709968632788086,,classic,True,,ACTIVE
00-0039356,Ja'Tavion Sanders,TE,CAR,4100,134503-158983,0.3054,0.3054,1.0,0.996780714232238,0.3044128563107627,CLE,22.19,42.11,0.0,0.0,1.8239,statline_mc+recal_10_4b,0.0,0.9348333032212,0.0,0.0,0.0,0.0,0.0,0.0,0.23175,0.1555,1.6466285631076274,0.01075,0.3044128563107627,0.0,3.590909090909091,13.408451580465607,0.07042092010153475,,classic,True,,ACTIVE
00-0041216,Trebor Pena,WR,JAX,4000,134503-137058,0.275,0.275,1.0,1.0969529085872578,0.3016237638849633,NE,24.42,45.94,0.0,0.0,2.5658,statline_mc+recal_10_4b,0.0,0.913190543126688,0.0,0.0,0.0,0.01225,0.0545038829972473,0.00025,0.20925,0.13075,1.7829837558523856,0.00875,0.3016237638849633,0.0,,18.23228356846576,0.13414529486766838,,classic,True,,ACTIVE
00-0040154,Tai Felton,WR,MIN,4100,134503-152537,0.3069,0.3069,1.0,0.981957026278356,0.3013476565621275,TB,21.86,42.5,0.0,0.0,2.5684,statline_mc+recal_10_4b,0.0,0.9135858659180862,0.0,0.0,0.0,0.01275,0.0305284295176046,0.0,0.23075,0.1455,1.62044813610367,0.01075,0.3013476565621275,0.0,0.4444444444444444,12.187794174262931,0.0940066291759029,,classic,True,,ACTIVE
00-0040939,Michael Trigg,TE,DAL,4000,134503-157858,0.2674,0.2674,1.0,1.1216590551770609,0.2998936204464639,BAL,24.97,53.33,0.0,0.0,1.8939,statline_mc+recal_10_4b,0.0,0.91684634236638,0.0,0.0,0.0,0.0,0.0,0.0,0.19525,0.12325,1.5976862044646396,0.01375,0.2998936204464639,0.0,,20.994151972534837,0.11002504807854566,,classic,True,,ACTIVE
00-0041384,Evan Svoboda,TE,LAC,4000,134503-167124,0.311,0.311,1.0,0.9608445010107062,0.2987913409176663,BUF,21.39,50.0,0.0,0.0,1.9315,statline_mc+recal_10_4b,0.0,0.8549355998148866,0.0,0.0,0.0,0.0,0.0,0.0,0.20675,0.13575,1.4941634091766625,0.01375,0.2987913409176663,0.0,,18.025113761020595,0.09239369525196196,,classic,True,,ACTIVE
00-0041081,Max Bredeson,RB,MIN,4000,134503-158511,0.3035,0.3035,1.0,0.981957026278356,0.297978608225731,TB,21.86,42.5,0.0,0.0,2.7888,statline_mc+recal_10_4b,0.0,0.7596443623562782,0.0,0.0,0.0,0.239,1.0135550139339846,0.008,0.12425,0.09475,0.7924810683233254,0.00375,0.297978608225731,0.0,,12.799038193401689,0.01349215967811919,,classic,True,,ACTIVE
00-0036924,Michael Carter,RB,TEN,4000,134503-93539,0.3749,0.3749,1.0,0.7887998802126227,0.2957122944749881,NYG,17.56,37.56,0.0,0.0,2.6579,statline_mc+recal_10_4b,0.0,0.7791495531370276,0.0,0.0,0.0,0.36225,1.2525136151172105,0.01,0.12725,0.0965,0.5521093296326709,0.002,0.2957122944749881,0.0,6.346153846153846,8.301660571024067,0.00896435574418431,,classic,True,,ACTIVE
00-0041376,Gregory Desrosiers,RB,LAC,4000,134503-152295,0.3074,0.3074,1.0,0.9608445010107062,0.295395232719382,BUF,21.39,50.0,0.0,0.0,2.7267,statline_mc+recal_10_4b,0.0,0.8061255549848815,0.0,0.0,0.0,0.237,0.9994140611495644,0.0085,0.143,0.1085,0.7620382660442564,0.00325,0.295395232719382,0.0,,15.038370371959328,0.016538390986884123,,classic,True,,ACTIVE
00-0040039,Amar Johnson,RB,LAC,4000,134503-160287,0.3073,0.3073,1.0,0.9608445010107062,0.2952898862013304,BUF,21.39,50.0,0.0,0.0,2.6936,statline_mc+recal_10_4b,0.0,0.8210369876100561,0.0,0.0,0.0,0.2455,1.001330695109361,0.00675,0.143,0.10525,0.8803181669039434,0.00275,0.2952898862013304,0.0,0.800000011920929,14.915992749581704,0.016355417145472388,,classic,True,,ACTIVE
00-0040331,Patrick Herbert,TE,LAC,4000,134503-104661,0.3073,0.3073,1.0,0.9608445010107062,0.2952753663284979,BUF,21.39,50.0,0.0,0.0,1.8462,statline_mc+recal_10_4b,0.0,0.9201619484180604,0.0,0.0,0.0,0.0,0.0,0.0,0.20925,0.1435,1.4802536632849783,0.01325,0.2952753663284979,0.0,,17.82809389347093,0.09132908838855389,,classic,True,,ACTIVE
00-0041312,Noah Whittington,RB,HOU,4000,134503-128920,0.2982,0.2982,1.0,0.9882458635921242,0.2946978876764134,IND,22.0,42.5,0.0,0.0,2.7423,statline_mc+recal_10_4b,0.0,0.7757412441942385,0.0,0.0,0.0,0.29975,1.3043338265243865,0.00875,0.08975,0.06975,0.5888950502397481,0.004,0.2946978876764134,0.0,,12.594036906345186,0.013243041855431329,,classic,True,,ACTIVE
00-0037282,James Mitchell,TE,DAL,4000,134503-85986,0.2623,0.2623,1.0,1.1216590551770609,0.2942301627144569,BAL,24.97,53.33,0.0,0.0,1.8924,statline_mc+recal_10_4b,0.0,0.8741682053968941,0.0,0.0,0.0,0.0,0.0,0.0,0.1935,0.134,1.532301627144569,0.01275,0.2942301627144569,0.0,1.433333396911621,20.56534402551497,0.10728448588023277,,classic,True,,ACTIVE
00-0038397,Evan Hull,RB,ARI,4000,134503-110978,0.3326,0.3326,1.0,0.8844800479149512,0.2941857507521969,SF,19.69,47.89,0.0,0.0,2.7373,statline_mc+recal_10_4b,0.0,0.7995341187414775,0.0,0.0,0.0,0.28,0.9886575740700412,0.0055,0.13725,0.10275,0.8894499334519276,0.00425,0.2941857507521969,0.0,0.9833333492279052,12.018054989489038,0.012567451772110008,,classic,True,,ACTIVE
00-0041359,Wesley Grimes,WR,SF,4000,134503-171212,0.2305,0.2305,1.0,1.2663023133937263,0.2919104424355997,ARI,28.19,47.89,0.0,0.0,2.6463,statline_mc+recal_10_4b,0.0,0.8171130433035789,0.0,0.0,0.0,0.01325,0.1028125466521309,0.00025,0.17675,0.10325,1.770041877703866,0.00875,0.2919104424355997,0.0,,19.49574262313405,0.14449495933555823,,classic,True,,ACTIVE
00-0038735,Princeton Fant,TE,DAL,4000,134503-87442,0.2599,0.2599,1.0,1.1216590551770609,0.0,BAL,24.97,53.33,0.0,0.0,1.8367,statline_mc+recal_10_4b,0.0,0.9012843261703,0.0,0.0,0.0,0.0,0.0,0.0,0.19325,0.13,1.5403568467593458,0.0125,0.2915356846759346,0.0,,14.249118859952057,0.0,,classic,True,Injured Reserve,OUT
00-0039394,Casey Washington,WR,CAR,4000,134503-112037,0.2923,0.2923,1.0,0.996780714232238,0.2914000161371923,CLE,22.19,42.11,0.0,0.0,2.6515,statline_mc+recal_10_4b,0.0,0.7988027523585377,0.0,0.0,0.0,0.01575,0.142607335428945,0.001,0.19125,0.12,1.6013928259429782,0.0085,0.2914000161371923,0.0,2.4799999237060546,14.427193034201833,0.10724271688107896,,classic,True,,ACTIVE
00-0034775,Christian Kirk,WR,SF,4000,134503-60858,0.23,0.23,1.0,1.2663023133937263,0.0,ARI,28.19,47.89,0.0,0.0,2.666,statline_mc+recal_10_4b,0.0,0.8268545576821612,0.0,0.0,0.0,0.012,0.1049446719982467,0.00025,0.17925,0.104,1.7380183853039306,0.00925,0.2912963057302177,0.0,6.1769233116736775,14.42995314944984,0.0,,classic,True,Injured Reserve,OUT
00-0037267,Jerome Ford,RB,MIN,4000,134503-90533,0.2964,0.2964,1.0,0.981957026278356,0.2910904461142347,TB,21.86,42.5,0.0,0.0,2.6775,statline_mc+recal_10_4b,0.0,0.7848985267731403,0.0,0.0,0.0,0.22625,0.9849224713254624,0.0085,0.12825,0.099,0.7509819898168841,0.00325,0.2910904461142347,0.0,2.353846183189979,12.064772459135956,0.01262093977888136,,classic,True,,ACTIVE
00-0040205,Kalel Mullings,RB,TEN,4000,134503-138028,0.3681,0.3681,1.0,0.7887998802126227,0.2903626661438147,NYG,17.56,37.56,0.0,0.0,2.694,statline_mc+recal_10_4b,0.0,0.7240247928355796,0.0,0.0,0.0,0.36675,1.2019238796325271,0.01,0.1195,0.08775,0.5379527818056201,0.00275,0.2903626661438147,0.0,0.2333333293596903,7.567394836758332,0.008385506598124617,,classic,True,,ACTIVE
00-0039386,Bub Means,WR,CLE,4000,134503-110274,0.3243,0.3243,1.0,0.8948117092161416,0.2901999376090516,CAR,19.92,42.11,0.0,0.0,2.6204,statline_mc+recal_10_4b,0.0,0.8204358049609602,0.0,0.0,0.0,0.0125,0.1120556434828313,0.00075,0.22175,0.1345,1.477443732607686,0.01,0.2901999376090516,0.0,,11.607876574103972,0.09085388011189949,,classic,True,,ACTIVE
00-0039275,Messiah Swinson,TE,CLE,4000,134503-94888,0.3236,0.3236,1.0,0.8948117092161416,0.2895496366764374,CAR,19.92,42.11,0.0,0.0,1.8413,statline_mc+recal_10_4b,0.0,0.8985312239728799,0.0,0.0,0.0,0.0,0.0,0.0,0.2195,0.14125,1.3592463667643742,0.014,0.2895496366764374,0.0,,12.328859494982325,0.06608785298743237,,classic,True,,ACTIVE
00-0040310,John Saunders Jr.,WR,NYJ,4000,134503-129147,0.3092,0.3092,1.0,0.9334431384292882,0.2886422256509786,DET,20.78,48.17,0.0,0.0,2.6567,statline_mc+recal_10_4b,0.0,0.8001476494502291,0.0,0.0,0.0,0.0095,0.040380840263973,0.001,0.21075,0.13225,1.494791416245813,0.0105,0.2886422256509786,0.0,,16.157616862472366,0.11873383229972095,,classic,True,,ACTIVE
00-0040120,Jimmy Holiday,WR,KC,4000,134503-119730,0.2304,0.2304,1.0,1.249232612113499,0.0,MIA,27.81,45.22,0.0,0.0,2.7458,statline_mc+recal_10_4b,0.0,0.805848249447452,0.0,0.0,0.0,0.012,0.1761410774883754,0.00075,0.16925,0.10875,1.703188723161475,0.007,0.2878079800649851,0.0,,13.341571247609348,0.0,,classic,True,Injured Reserve,OUT
00-0041239,Chip Trayanum,RB,NYJ,4000,134503-119718,0.3081,0.3081,1.0,0.9334431384292882,0.0,DET,20.78,48.17,0.0,0.0,2.6629,statline_mc+recal_10_4b,0.0,0.7782232409316764,0.0,0.0,0.0,0.267,1.004247471898902,0.00675,0.12775,0.09675,0.7976438441365121,0.00375,0.2875641316035414,0.0,,11.332073984297908,0.0,,classic,True,Injured Reserve,OUT
00-0037112,Jake Tonges,TE,SF,4000,134503-91467,0.2257,0.2257,1.0,1.2663023133937263,0.0,ARI,28.19,47.89,0.0,0.0,1.9283,statline_mc+recal_10_4b,0.0,0.8137681487974514,0.0,0.0,0.0,0.0,0.0,0.0,0.16725,0.11075,1.5238951507306584,0.01325,0.2857645150730658,0.0,7.049999872843425,13.87469401332629,0.0,,classic,True,Injured Reserve,OUT
00-0038930,Carlos Washington Jr.,RB,MIA,4000,134503-174148,0.365,0.365,1.0,0.7825110428988548,0.285583826189957,KC,17.42,45.22,0.0,0.0,2.6627,statline_mc+recal_10_4b,0.0,0.7480384185545664,0.0,0.0,0.0,0.27275,0.8883447120085259,0.006,0.15275,0.11625,0.7712435498910439,0.005,0.285583826189957,0.0,,10.052570895362306,0.01051107966352848,,classic,True,,ACTIVE
00-0039921,Trey Benson,RB,ARI,4000,134503-142042,0.3224,0.3224,1.0,0.8844800479149512,0.0,SF,19.69,47.89,0.0,0.0,2.6384,statline_mc+recal_10_4b,0.0,0.7911360634738394,0.0,0.0,0.0,0.2715,0.990532404759613,0.00525,0.14075,0.106,0.816149287789666,0.004,0.2851681692549279,0.0,7.224999904632568,9.325747297181346,0.0,,classic,True,Injured Reserve,OUT
00-0035589,Gary Jennings,WR,LAC,4000,134503-63061,0.2962,0.2962,1.0,0.9608445010107062,0.2846141515539103,BUF,21.39,50.0,0.0,0.0,2.6192,statline_mc+recal_10_4b,0.0,0.8374098462902897,0.0,0.0,0.0,0.01275,0.0720117103674788,0.00025,0.208,0.12725,1.5578798051716245,0.01,0.2846141515539103,0.0,,16.73362248826407,0.12282578490412899,,classic,True,,ACTIVE
00-0037276,Ty Chandler,RB,NO,4000,134503-87371,0.2715,0.2715,1.0,1.0479898180729206,0.0,LV,23.33,43.61,0.0,0.0,2.6963,statline_mc+recal_10_4b,0.0,0.7753269681816578,0.0,0.0,0.0,0.24975,1.116578243414597,0.0065,0.11675,0.08775,0.7601803062156168,0.00275,0.2845508549630214,0.0,2.433333396911621,11.627319383070917,0.0,,classic,True,Injured Reserve,OUT
00-0040311,Theo Wease Jr.,WR,LAC,4000,134503-103083,0.2961,0.2961,1.0,0.9608445010107062,0.2845479656125581,BUF,21.39,50.0,0.0,0.0,2.511,statline_mc+recal_10_4b,0.0,0.8650321391930886,0.0,0.0,0.0,0.0115,0.058917401960898,0.0005,0.22625,0.141,1.561562254164683,0.00825,0.2845479656125581,0.0,7.633333206176758,16.662772285834922,0.12231495414396559,,classic,True,,ACTIVE
00-0039916,Ricky Pearsall,WR,SF,4000,134503-102796,0.2246,0.2246,1.0,1.2663023133937263,0.0,ARI,28.19,47.89,0.0,0.0,2.6486,statline_mc+recal_10_4b,0.0,0.7340914603272983,0.0,0.0,0.0,0.0135,0.0396449173238516,0.00025,0.172,0.11175,1.6456920280420702,0.01,0.2844086945365922,0.0,7.659999847412109,14.42995314944984,0.0,,classic,True,Injured Reserve,OUT
00-0040938,DJ Rogers,TE,DAL,4000,134503-151993,0.2535,0.2535,1.0,1.1216590551770609,0.0,BAL,24.97,53.33,0.0,0.0,1.8029,statline_mc+recal_10_4b,0.0,0.8815352173845346,0.0,0.0,0.0,0.0,0.0,0.0,0.19875,0.129,1.543704229053672,0.011,0.2843704229053672,0.0,,14.249118859952057,0.0,,classic,True,Injured Reserve,OUT
00-0041011,E.J. Williams Jr.,WR,CAR,4000,134503-129001,0.285,0.285,1.0,0.996780714232238,0.284130343353935,CLE,22.19,42.11,0.0,0.0,2.6251,statline_mc+recal_10_4b,0.0,0.7870851676363037,0.0,0.0,0.0,0.01725,0.0777301982406085,0.00075,0.1805,0.117,1.5285732352987424,0.01025,0.284130343353935,0.0,,14.072942022056086,0.10503108487798858,,classic,True,,ACTIVE
00-0040953,Jeff Caldwell,WR,KC,4000,134503-225459,0.2274,0.2274,1.0,1.249232612113499,0.0,MIA,27.81,45.22,0.0,0.0,2.574,statline_mc+recal_10_4b,0.0,0.8143821938843055,0.0,0.0,0.0,0.01025,0.0361095938088941,0.0,0.17575,0.1145,1.7067397344291808,0.009,0.2840349328238075,0.0,,13.341571247609348,0.0,,classic,True,Injured Reserve,OUT
00-0041318,Kyle Dixon,WR,NE,4000,134503-243760,0.2936,0.2936,1.0,0.9671333383244742,0.2839679377442705,JAX,21.53,45.94,0.0,0.0,2.5642,statline_mc+recal_10_4b,0.0,0.7988351130954437,0.0,0.0,0.0,0.01275,0.0468616131767849,0.00025,0.2095,0.13075,1.5690677642659208,0.0095,0.2839679377442705,0.0,,15.623257463798714,0.11505972930454351,,classic,True,,ACTIVE
00-0038752,Jake Bobo,WR,SEA,4000,134503-93150,0.2614,0.2614,1.0,1.0807816126375684,0.0,WAS,24.06,40.22,0.0,0.0,2.7328,statline_mc+recal_10_4b,0.0,0.7221685136494438,0.0,0.0,0.0,0.01475,0.1745039329975071,0.00075,0.17225,0.1045,1.4981620001071485,0.01,0.2825165933104656,0.0,1.9000000272478377,9.845597321228981,0.0,,classic,True,Injured Reserve,OUT
00-0038576,Charlie Jones,WR,NYG,4200,134503-88752,0.3138,0.3138,1.0,0.8984053305382946,0.281906305013526,TEN,20.0,37.56,0.0,0.0,2.5771,statline_mc+recal_10_4b,0.0,0.7539196815356157,0.0,0.0,0.0,0.018,0.109124749752682,0.0,0.21875,0.1265,1.5024383003825774,0.00975,0.281906305013526,0.0,0.4615384615384615,7.217565541094357,0.07017547652474024,,classic,True,,ACTIVE
00-0040895,Emmanuel Henderson Jr.,WR,SEA,4000,134503-174263,0.2603,0.2603,1.0,1.0807816126375684,0.2813071804566722,WAS,24.06,40.22,0.0,0.0,2.657,statline_mc+recal_10_4b,0.0,0.7676905129712996,0.0,0.0,0.0,0.01475,0.0735025035230974,0.00025,0.17875,0.10975,1.5858193010436243,0.01,0.2813071804566722,0.0,,14.323330114751245,0.10658950600290573,,classic,True,,ACTIVE
00-0039355,Luke McCaffrey,WR,WAS,4200,134503-103547,0.3858,0.3858,1.0,0.7263607097402113,0.2802639146154526,SEA,16.17,40.22,0.0,0.0,2.5165,statline_mc+recal_10_4b,0.0,0.8389350416132925,0.0,0.0,0.0,0.01425,0.0726245569787079,0.0005,0.232,0.14475,1.396264589175818,0.00975,0.2802639146154526,0.0,5.088888804117839,5.902935688383297,0.06495324769951667,,classic,True,,ACTIVE
00-0036741,Jack Stoll,TE,SF,4000,134503-69451,0.2208,0.2208,1.0,1.2663023133937263,0.2795869728707744,ARI,28.19,47.89,0.0,0.0,1.8418,statline_mc+recal_10_4b,0.0,0.8645710273510684,0.0,0.0,0.0,0.0,0.0,0.0,0.175,0.119,1.6158697287077444,0.01,0.2795869728707744,0.0,1.7000000476837158,19.959131099419004,0.10352617392552398,,classic,True,,ACTIVE
00-0041357,Khalil Dinkins,TE,SF,4000,134503-155629,0.2203,0.2203,1.0,1.2663023133937263,0.2789304499418661,ARI,28.19,47.89,0.0,0.0,1.8357,statline_mc+recal_10_4b,0.0,0.8421060527639146,0.0,0.0,0.0,0.0,0.0,0.0,0.1695,0.112,1.4893044994186615,0.0125,0.2789304499418661,0.0,,19.843237059683908,0.1028228055664477,,classic,True,,ACTIVE
00-0036842,Kene Nwangwu,RB,NYJ,4000,134503-73247,0.2985,0.2985,1.0,0.9334431384292882,0.0,DET,20.78,48.17,0.0,0.0,2.6514,statline_mc+recal_10_4b,0.0,0.0,0.0,0.0,0.0,0.263,1.0638106934160114,0.00625,0.1235,0.09325,0.6909256181429196,0.00375,0.0,0.0,1.0899999618530274,11.332073984297908,0.0,,classic,True,Doubtful,DOUBTFUL
00-0037156,Irvin Charles,WR,SEA,4000,134503-64403,0.2564,0.2564,1.0,1.0807816126375684,0.27707091972054,WAS,24.06,40.22,0.0,0.0,2.6352,statline_mc+recal_10_4b,0.0,0.7153662924114605,0.0,0.0,0.0,0.01625,0.0981135596310543,0.0005,0.174,0.10325,1.5013456375743457,0.01075,0.27707091972054,0.0,,14.23122485159335,0.1060135702855835,,classic,True,,ACTIVE
00-0033589,David Moore,WR,CAR,4000,134503-79987,0.2772,0.2772,1.0,0.996780714232238,0.2763062615214439,CLE,22.19,42.11,0.0,0.0,2.6682,statline_mc+recal_10_4b,0.0,0.7457706532445882,0.0,0.0,0.0,0.015,0.1212736964069075,0.0005,0.18625,0.112,1.536788918807532,0.00875,0.2763062615214439,0.0,0.7333333492279053,13.747031090881995,0.1030366882651762,,classic,True,,ACTIVE
00-0040298,Andrew Armstrong,WR,KC,4000,134503-183290,0.2206,0.2206,1.0,1.249232612113499,0.2755804679551932,MIA,27.81,45.22,0.0,0.0,2.5985,statline_mc+recal_10_4b,0.0,0.7202233383181335,0.0,0.0,0.0,0.01275,0.0720936266026536,0.00025,0.1625,0.09325,1.6374610529492788,0.0095,0.2755804679551932,0.0,,17.58549837311542,0.1291374465955735,,classic,True,,ACTIVE
00-0040692,Jarquez Hunter,RB,MIA,4000,134503-156596,0.3521,0.3521,1.0,0.7825110428988548,0.2755182420997749,KC,17.42,45.22,0.0,0.0,2.5928,statline_mc+recal_10_4b,0.0,0.7563887031942361,0.0,0.0,0.0,0.269,0.8629903310775447,0.00625,0.15375,0.11575,0.7734420899202032,0.00325,0.2755182420997749,0.0,0.0,9.930193272984681,0.010394789473935925,,classic,True,,ACTIVE
00-0034419,Braxton Berrios,WR,NYG,4300,134503-52495,0.3066,0.3066,1.0,0.8984053305382946,0.2754825333785857,TEN,20.0,37.56,2.0,1.0,2.5437,statline_mc+recal_10_4b,0.0,0.7793112040752206,0.0,0.0,0.0,0.01475,0.092966859489363,0.00125,0.22075,0.136,1.4968584742964943,0.00725,0.2754825333785857,0.0,0.0,20.35845793696133,0.15201703441548498,,classic,True,,ACTIVE
00-0041084,Tanner Koziol,TE,JAX,4000,134503-167306,0.251,0.251,1.0,1.0969529085872578,0.2753110993661145,NE,24.42,45.94,0.0,0.0,1.8255,statline_mc+recal_10_4b,0.0,0.8815473628607224,0.0,0.0,0.0,0.0,0.0,0.0,0.201,0.13725,1.5918609936611456,0.00825,0.2753110993661145,0.0,,18.272588418721813,0.09374853854931688,,classic,True,,ACTIVE
00-0036387,Jalen Reagor,WR,MIA,4000,134503-94625,0.3517,0.3517,1.0,0.7825110428988548,0.2752331099136365,KC,17.42,45.22,0.0,0.0,2.4961,statline_mc+recal_10_4b,0.0,0.8601788706783619,0.0,0.0,0.0,0.0115,0.0331856009338014,0.0,0.22525,0.1435,1.5166454982025634,0.00875,0.2752331099136365,0.0,,11.851521944313353,0.09216538106383097,,classic,True,,ACTIVE
00-0041267,Malik McClain,WR,NYJ,4000,134503-152333,0.294,0.294,1.0,0.9334431384292882,0.2744435609245469,DET,20.78,48.17,0.0,0.0,2.5388,statline_mc+recal_10_4b,0.0,0.7898961398560237,0.0,0.0,0.0,0.011,0.078689635922555,0.00075,0.2055,0.1225,1.4782459733229134,0.00925,0.2744435609245469,0.0,,15.385349655994633,0.11346073181462196,,classic,True,,ACTIVE
00-0041368,Harrison Wallace III,WR,ARI,4000,134503-152593,0.3087,0.3087,1.0,0.8844800479149512,0.2730567139619116,SF,19.69,47.89,0.0,0.0,2.4659,statline_mc+recal_10_4b,0.0,0.8375135113329083,0.0,0.0,0.0,0.01025,0.0224680516062695,0.0,0.2185,0.13975,1.4243490880128464,0.01,0.2730567139619116,0.0,,13.30817276644892,0.10041081554434551,,classic,True,,ACTIVE
00-0041257,Eric Rivers Jr.,WR,TB,4000,134503-185699,0.2945,0.2945,1.0,0.92715430111552,0.2730163838179356,MIN,20.64,42.5,0.0,0.0,2.5583,statline_mc+recal_10_4b,0.0,0.7741372269057981,0.0,0.0,0.0,0.014,0.099586178136697,0.0005,0.1875,0.11575,1.4318276600426596,0.01,0.2730163838179356,0.0,,12.332798024142468,0.09481190117095033,,classic,True,,ACTIVE
00-0041029,Jordyn Tyson,WR,NO,4000,134503-172675,0.2601,0.2601,1.0,1.0479898180729206,0.0,LV,23.33,43.61,0.0,0.0,2.6832,statline_mc+recal_10_4b,0.0,0.735625707650449,0.0,0.0,0.0,0.0105,0.1919971823570269,0.0005,0.1755,0.1075,1.3758838344766668,0.01,0.2725381016833693,0.0,,11.59962339484861,0.0,,classic,True,Injured Reserve,OUT
00-0040954,Omari Evans,WR,KC,4000,134503-166894,0.2179,0.2179,1.0,1.249232612113499,0.2722384654424269,MIA,27.81,45.22,0.0,0.0,2.6086,statline_mc+recal_10_4b,0.0,0.7096816790731185,0.0,0.0,0.0,0.012,0.0832455180818329,0.00025,0.15675,0.09575,1.5703891363424367,0.00975,0.2722384654424269,0.0,,17.209992300240927,0.12631625494024873,,classic,True,,ACTIVE
00-0041585,Grant Finley,RB,NYG,4000,134503-252655,0.3016,0.3016,1.0,0.8984053305382946,0.270948434020725,TEN,20.0,37.56,0.0,0.0,2.6378,statline_mc+recal_10_4b,0.0,0.7029321505739875,0.0,0.0,0.0,0.272,1.0093080957643756,0.0095,0.10625,0.0815,0.6126762444428745,0.00225,0.270948434020725,0.0,,8.241673012570251,0.00891560245421105,,classic,True,,ACTIVE
00-0040265,Ja'seem Reed,WR,CAR,4000,134503-226875,0.2713,0.2713,1.0,0.996780714232238,0.2704620385880506,CLE,22.19,42.11,0.0,0.0,2.5782,statline_mc+recal_10_4b,0.0,0.717060922103279,0.0,0.0,0.0,0.0165,0.080876747390291,0.00075,0.1815,0.1145,1.3912436384902152,0.01075,0.2704620385880506,0.0,,13.229824613149203,0.09994911546187013,,classic,True,,ACTIVE
00-0037755,Jelani Woods,TE,NYJ,4000,134503-87469,0.2894,0.2894,1.0,0.9334431384292882,0.2701564596695308,DET,20.78,48.17,0.0,0.0,1.8269,statline_mc+recal_10_4b,0.0,0.8514034365804105,0.0,0.0,0.0,0.0,0.0,0.0,0.203,0.13825,1.415314596695308,0.01025,0.2701564596695308,0.0,0.449999988079071,16.485873826839473,0.08439559578310421,,classic,True,,ACTIVE
00-0040570,Jeremiah Webb,WR,NE,4000,134503-174355,0.2789,0.2789,1.0,0.9671333383244742,0.0,JAX,21.53,45.94,0.0,0.0,2.4955,statline_mc+recal_10_4b,0.0,0.7621728646940454,0.0,0.0,0.0,0.0115,0.0709386975400332,0.0005,0.203,0.12075,1.4528888848249826,0.009,0.2697577582365015,0.0,,11.05341940711855,0.0,,classic,True,Injured Reserve,OUT
00-0038740,Jalen Moreno-Cropper,WR,NO,4000,134503-109008,0.2571,0.2571,1.0,1.0479898180729206,0.2694608935482013,LV,23.33,43.61,0.0,0.0,2.7022,statline_mc+recal_10_4b,0.0,0.7338785917515103,0.0,0.0,0.0,0.0105,0.0947325570074124,0.00075,0.17425,0.10925,1.5736263784746003,0.0075,0.2694608935482013,0.0,0.0,15.326344042621892,0.1130676015253295,,classic,True,,ACTIVE
00-0040184,KeAndre Lambert-Smith,WR,LAC,4000,134503-128805,0.28,0.28,1.0,0.9608445010107062,0.0,BUF,21.39,50.0,0.0,0.0,2.4688,statline_mc+recal_10_4b,0.0,0.8208195370372393,0.0,0.0,0.0,0.01375,0.0362041781631725,0.0005,0.20225,0.12525,1.582827166323172,0.00725,0.2690281344486344,0.0,1.5111111534966364,11.951233824296464,0.0,,classic,True,Injured Reserve,OUT
00-0039489,Hayden Rucci,TE,LAC,4000,134503-114079,0.2785,0.2785,1.0,0.9608445010107062,0.2675669739323778,BUF,21.39,50.0,0.0,0.0,1.7374,statline_mc+recal_10_4b,0.0,0.8345872078550557,0.0,0.0,0.0,0.0,0.0,0.0,0.20775,0.13625,1.334419739323778,0.01125,0.2675669739323778,0.0,,17.01683561532523,0.08707312335414963,,classic,True,,ACTIVE
00-0040753,Will Sheppard,WR,MIA,4000,134503-129641,0.3419,0.3419,1.0,0.7825110428988548,0.2675374722911736,KC,17.42,45.22,0.0,0.0,2.471,statline_mc+recal_10_4b,0.0,0.812701369877139,0.0,0.0,0.0,0.0145,0.048342980921533,0.0005,0.22425,0.137,1.3620317419902022,0.0095,0.2675374722911736,0.0,,11.3059753856089,0.08925465797384537,,classic,True,,ACTIVE
00-0041277,Davon Booth,RB,IND,4000,134503-185153,0.2905,0.2905,1.0,0.920865463801752,0.2675173344809802,HOU,20.5,42.5,0.0,0.0,2.6554,statline_mc+recal_10_4b,0.0,0.720638157806226,0.0,0.0,0.0,0.24025,0.9359418258016314,0.009,0.11275,0.08475,0.6754815190081704,0.0025,0.2675173344809802,0.0,,10.116227905530053,0.010572083636031095,,classic,True,,ACTIVE
00-0039631,Cam Grandy,TE,MIN,4000,134503-201564,0.2723,0.2723,1.0,0.981957026278356,0.2673412566748578,TB,21.86,42.5,0.0,0.0,1.7749,statline_mc+recal_10_4b,0.0,0.8455968286997211,0.0,0.0,0.0,0.0,0.0,0.0,0.18925,0.1275,1.410912566748579,0.01075,0.2673412566748578,0.0,0.8500000238418579,14.41685415227725,0.07472451202683685,,classic,True,,ACTIVE
00-0034959,Andrew Beck,TE,NYJ,4000,134503-54426,0.2864,0.2864,1.0,0.9334431384292882,0.2673315038632227,DET,20.78,48.17,0.0,0.0,1.7588,statline_mc+recal_10_4b,0.0,0.8287212482051199,0.0,0.0,0.0,0.0,0.0,0.0,0.20475,0.1335,1.3308150386322273,0.0115,0.2673315038632227,0.0,0.0,16.138191707634174,0.082687077164949,,classic,True,,ACTIVE
00-0040653,Ricky White III,WR,SEA,4000,134503-138221,0.2466,0.2466,1.0,1.0807816126375684,0.2664853955770167,WAS,24.06,40.22,0.0,0.0,2.5989,statline_mc+recal_10_4b,0.0,0.6969921529411467,0.0,0.0,0.0,0.0165,0.0953690141113439,0.00025,0.1735,0.10075,1.5857349416588231,0.008,0.2664853955770167,0.0,,13.33142728074315,0.10054826275111241,,classic,True,,ACTIVE
00-0038720,Julian Hill,TE,NE,4000,134503-185850,0.2754,0.2754,1.0,0.9671333383244742,0.0,JAX,21.53,45.94,0.0,0.0,1.7949,statline_mc+recal_10_4b,0.0,0.7963599766409125,0.0,0.0,0.0,0.0,0.0,0.0,0.19,0.126,1.4086196874910533,0.01075,0.2663619687491053,0.0,2.136363636363636,10.498160270995003,0.0,,classic,True,Injured Reserve,OUT
00-0037277,Teagan Quitoriano,TE,ARI,4000,134503-93026,0.2996,0.2996,1.0,0.8844800479149512,0.2649460676713591,SF,19.69,47.89,0.0,0.0,1.7577,statline_mc+recal_10_4b,0.0,0.8354983258893289,0.0,0.0,0.0,0.0,0.0,0.0,0.20075,0.1375,1.33196067671359,0.011,0.2649460676713591,0.0,0.0,14.01597098078251,0.0729830202564639,,classic,True,,ACTIVE
00-0040215,Gavin Bartholomew,TE,MIN,4000,134503-152363,0.2681,0.2681,1.0,0.981957026278356,0.2632956231813916,TB,21.86,42.5,0.0,0.0,1.7897,statline_mc+recal_10_4b,0.0,0.7936361522161155,0.0,0.0,0.0,0.0,0.0,0.0,0.18825,0.12875,1.3892062318139164,0.0105,0.2632956231813916,0.0,,14.06917203307195,0.07321177645283225,,classic,True,,ACTIVE
00-0037745,Velus Jones Jr.,WR,SEA,4000,134503-70661,0.2436,0.2436,1.0,1.0807816126375684,0.2632760095806948,WAS,24.06,40.22,0.0,0.0,2.5367,statline_mc+recal_10_4b,0.0,0.7551635218196316,0.0,0.0,0.0,0.01025,0.0399220715629708,0.0,0.1785,0.1145,1.4503380242439772,0.0095,0.2632760095806948,0.0,0.8399999618530274,13.260577078313998,0.10013008390100896,,classic,True,,ACTIVE
00-0038409,Lew Nichols,RB,PIT,4000,134503-104165,0.2993,0.2993,1.0,0.8795388185969905,0.2632727089036419,CIN,19.58,42.67,0.0,0.0,2.6663,statline_mc+recal_10_4b,0.0,0.7030744940642778,0.0,0.0,0.0,0.2805,0.9980885854870128,0.008,0.1125,0.087,0.5246385035494063,0.00375,0.2632727089036419,0.0,,9.243658565361017,0.009765857971069263,,classic,True,,ACTIVE
00-0040649,Robbie Ouzts,TE,SEA,4000,134503-151726,0.243,0.243,1.0,1.0807816126375684,0.0,WAS,24.06,40.22,0.0,0.0,1.834,statline_mc+recal_10_4b,0.0,0.8088453402481957,0.0,0.0,0.0,0.0,0.0,0.0,0.17375,0.11525,1.4504534892141212,0.01,0.2626703489214121,0.0,0.0,9.290338185105432,0.0,,classic,True,Injured Reserve,OUT
00-0040955,John Michael Gyllenborg,TE,KC,4000,134503-152933,0.21,0.21,1.0,1.249232612113499,0.0,MIA,27.81,45.22,0.0,0.0,1.869,statline_mc+recal_10_4b,0.0,0.7400656165078623,0.0,0.0,0.0,0.0,0.0,0.0,0.15975,0.09925,1.4621956655684825,0.01125,0.2623445665568482,0.0,,12.786312111485799,0.0,,classic,True,Injured Reserve,OUT
00-0040970,Michael Briscoe,WR,MIN,4000,134503-243160,0.2671,0.2671,1.0,0.981957026278356,0.2622715046574351,TB,21.86,42.5,0.0,0.0,2.5348,statline_mc+recal_10_4b,0.0,0.7263184030438895,0.0,0.0,0.0,0.01125,0.0251432321416697,0.0,0.19175,0.11725,1.4863218144326815,0.009,0.2622715046574351,0.0,,12.81127595563945,0.09751836330268619,,classic,True,,ACTIVE
00-0041342,Dillon Bell,WR,MIN,4000,134503-173606,0.2658,0.2658,1.0,0.981957026278356,0.2610041628411062,TB,21.86,42.5,0.0,0.0,2.578,statline_mc+recal_10_4b,0.0,0.7043627759763934,0.0,0.0,0.0,0.01,0.0613161750507579,0.00025,0.17475,0.1095,1.356225453360304,0.01075,0.2610041628411062,0.0,,12.740425753210301,0.0971127857629645,,classic,True,,ACTIVE
00-0039052,Trey Palmer,WR,NO,4000,134503-102902,0.2487,0.2487,1.0,1.0479898180729206,0.2605924252389955,LV,23.33,43.61,0.0,0.0,2.556,statline_mc+recal_10_4b,0.0,0.7102038450366601,0.0,0.0,0.0,0.01075,0.0854532172090434,0.0005,0.17075,0.1045,1.4329710351809126,0.009,0.2605924252389955,0.0,,14.802052544646184,0.10963374364173599,,classic,True,,ACTIVE
00-0039550,Shawn Bowman,TE,ARI,4000,134503-192358,0.2931,0.2931,1.0,0.8844800479149512,0.2592756039397678,SF,19.69,47.89,0.0,0.0,1.7666,statline_mc+recal_10_4b,0.0,0.8026190202749296,0.0,0.0,0.0,0.0,0.0,0.0,0.203,0.13325,1.3015060393976787,0.01075,0.2592756039397678,0.0,,13.784182901312315,0.07199467960829237,,classic,True,,ACTIVE
00-0039373,Audric Estime,RB,NO,4000,134503-157150,0.2474,0.2474,1.0,1.0479898180729206,0.2592293805012338,LV,23.33,43.61,0.0,0.0,2.6103,statline_mc+recal_10_4b,0.0,0.730909257330051,0.0,0.0,0.0,0.23925,1.0078366748686467,0.00725,0.1055,0.08375,0.6007071301436911,0.0025,0.2592293805012338,0.0,8.419999694824218,13.34060609635763,0.014173048920887435,,classic,True,,ACTIVE
00-0040375,Jordan Moore,WR,CIN,4000,134503-152232,0.25,0.25,1.0,1.036759751441192,0.2591472358212622,PIT,23.08,42.67,0.0,0.0,2.5494,statline_mc+recal_10_4b,0.0,0.7218963626371524,0.0,0.0,0.0,0.01625,0.117452094232125,0.00025,0.17225,0.1045,1.3215202639804975,0.0105,0.2591472358212622,0.0,,14.038717679640346,0.10481984935434946,,classic,True,,ACTIVE
00-0041366,Jameson Geers,TE,ARI,4000,134503-152669,0.2924,0.2924,1.0,0.8844800479149512,0.0,SF,19.69,47.89,0.0,0.0,1.7261,statline_mc+recal_10_4b,0.0,0.827050354917212,0.0,0.0,0.0,0.0,0.0,0.0,0.207,0.1345,1.3086292437620768,0.0105,0.2586129243762077,0.0,,8.742792172835493,0.0,,classic,True,Injured Reserve,OUT
00-0037078,Cole Turner,TE,MIA,4000,134503-94345,0.3286,0.3286,1.0,0.7825110428988548,0.0,KC,17.42,45.22,0.0,0.0,1.6877,statline_mc+recal_10_4b,0.0,0.8092267765657253,0.0,0.0,0.0,0.0,0.0,0.0,0.21675,0.1455,1.284094124358539,0.0095,0.2571594124358539,0.0,,7.144440945841628,0.0,,classic,True,Injured Reserve,OUT
00-0041314,Tanner Arkin,TE,NE,4000,134503-157051,0.2658,0.2658,1.0,0.9671333383244742,0.2570982679489134,JAX,21.53,45.94,0.0,0.0,1.6781,statline_mc+recal_10_4b,0.0,0.8406192632118779,0.0,0.0,0.0,0.0,0.0,0.0,0.20375,0.13675,1.4622326794891345,0.0075,0.2570982679489134,0.0,,15.423656959736725,0.07928364557088831,,classic,True,,ACTIVE
00-0040633,Kyrese Rowan,WR,NO,4000,134503-114224,0.2452,0.2452,1.0,1.0479898180729206,0.2569527235041682,LV,23.33,43.61,0.0,0.0,2.636,statline_mc+recal_10_4b,0.0,0.69924754793507,0.0,0.0,0.0,0.00825,0.0874661434058247,0.00025,0.1755,0.11125,1.3858110916358573,0.009,0.2569527235041682,0.0,,14.660352139787882,0.10872370951311422,,classic,True,,ACTIVE
00-0033375,Tim Patrick,WR,NYJ,4000,134503-57091,0.2741,0.2741,1.0,0.9334431384292882,0.0,DET,20.78,48.17,0.0,0.0,2.5298,statline_mc+recal_10_4b,0.0,0.746323552550063,0.0,0.0,0.0,0.01175,0.0261304513724194,0.00025,0.193,0.12025,1.4008809519919918,0.009,0.2558261403364411,0.0,3.157142911638533,11.304377996075607,0.0,,classic,True,Injured Reserve,OUT
00-0041047,Chris Brazzell II,WR,CAR,4000,134503-175126,0.2564,0.2564,1.0,0.996780714232238,0.0,CLE,22.19,42.11,0.0,0.0,2.4632,statline_mc+recal_10_4b,0.0,0.7631719095527303,0.0,0.0,0.0,0.0115,0.0864537731640907,0.0005,0.185,0.1195,1.4169327424940634,0.0075,0.2555886515658154,0.0,,9.432253762946772,0.0,,classic,True,Injured Reserve,OUT
00-0038839,Mitch Tinsley,WR,HOU,4200,134503-128912,0.2585,0.2585,1.0,0.9882458635921242,0.2554761527643278,IND,22.0,42.5,0.0,0.0,2.4664,statline_mc+recal_10_4b,0.0,0.7483969931521333,0.0,0.0,0.0,0.0175,0.0906429030527891,0.00075,0.18625,0.10975,1.3953686245904888,0.008,0.2554761527643278,0.0,3.450000047683716,9.6241252390651,0.08084722381199792,,classic,True,,ACTIVE
00-0041475,Trayvon Rudolph,WR,MIN,4000,134503-136155,0.2583,0.2583,1.0,0.981957026278356,0.2536785589577519,TB,21.86,42.5,0.0,0.0,2.5102,statline_mc+recal_10_4b,0.0,0.7133373129258035,0.0,0.0,0.0,0.0145,0.094775366662664,0.00025,0.18625,0.11775,1.4182602229148549,0.00725,0.2536785589577519,0.0,,12.386174741064552,0.09511006006606897,,classic,True,,ACTIVE
00-0041070,Reggie Virgil,WR,ARI,4000,134503-171332,0.2856,0.2856,1.0,0.8844800479149512,0.252592272676147,SF,19.69,47.89,0.0,0.0,2.4998,statline_mc+recal_10_4b,0.0,0.7250701900204546,0.0,0.0,0.0,0.01275,0.0286362715328559,0.00025,0.1995,0.12375,1.3935364552286147,0.008,0.252592272676147,0.0,,12.146229446610862,0.09377706522804531,,classic,True,,ACTIVE
00-0040998,Roman Hemby,RB,LV,4000,134503-156400,0.2761,0.2761,1.0,0.9109830051658308,0.2515197775005314,NO,20.28,43.61,0.0,0.0,2.5956,statline_mc+recal_10_4b,0.0,0.6607865108030222,0.0,0.0,0.0,0.256,1.015075198267635,0.00775,0.09525,0.07525,0.5238725767376791,0.00275,0.2515197775005314,0.0,,10.485866510789823,0.01093337915116616,,classic,True,,ACTIVE
00-0029714,Andrew DePaola,TE,MIN,4000,134503-23435,0.2543,0.2543,1.0,0.981957026278356,0.2496955549078441,TB,21.86,42.5,0.0,0.0,1.7027,statline_mc+recal_10_4b,0.0,0.8040210121129823,0.0,0.0,0.0,0.0,0.0,0.0,0.186,0.11975,1.398205549078441,0.0085,0.2496955549078441,0.0,0.0,13.721489913866654,0.0717296649519034,,classic,True,,ACTIVE
00-0040094,Tre Watson,TE,MIA,4000,134503-156374,0.3185,0.3185,1.0,0.7825110428988548,0.2491943629720711,KC,17.42,45.22,0.0,0.0,1.7201,statline_mc+recal_10_4b,0.0,0.759888301117641,0.0,0.0,0.0,0.0,0.0,0.0,0.21675,0.13825,1.2306936297207112,0.0095,0.2491943629720711,0.0,,11.838149555113151,0.06420747726267895,,classic,True,,ACTIVE
00-0038145,Thomas Odukoya,TE,KC,4000,134503-86692,0.1982,0.1982,1.0,1.249232612113499,0.2475769104287386,MIA,27.81,45.22,0.0,0.0,1.7886,statline_mc+recal_10_4b,0.0,0.7353680989582582,0.0,0.0,0.0,0.0,0.0,0.0,0.14875,0.1045,1.4232691042873862,0.009,0.2475769104287386,0.0,,17.364126681022224,0.08887022416813099,,classic,True,,ACTIVE
00-0036415,Van Jefferson,WR,WAS,4100,134503-64581,0.3404,0.3404,1.0,0.7263607097402113,0.2472830050052854,SEA,16.17,40.22,0.0,0.0,2.4266,statline_mc+recal_10_4b,0.0,0.7304024606086056,0.0,0.0,0.0,0.01225,0.0440429783371705,0.0,0.2075,0.129,1.313787071715684,0.008,0.2472830050052854,0.0,3.9642857142857135,5.12358346166265,0.062042739622769384,,classic,True,,ACTIVE
00-0039244,Chris Collier,RB,LV,4000,134503-201342,0.271,0.271,1.0,0.9109830051658308,0.0,NO,20.28,43.61,0.0,0.0,2.5503,statline_mc+recal_10_4b,0.0,0.7008988079358456,0.0,0.0,0.0,0.2555,0.9128689905492388,0.0075,0.11575,0.084,0.6204537266315722,0.00175,0.2468322717180811,0.0,,8.894957419880733,0.0,,classic,True,Injured Reserve,OUT
00-0040419,Garrett Greene,WR,TB,4000,134503-120684,0.2645,0.2645,1.0,0.92715430111552,0.2452504077531252,MIN,20.64,42.5,0.0,0.0,2.4803,statline_mc+recal_10_4b,0.0,0.7470663157331051,0.0,0.0,0.0,0.01225,0.1131115204887598,0.0005,0.18025,0.11325,1.3431425570424926,0.00675,0.2452504077531252,0.0,,11.14959964357567,0.08843740701533093,,classic,True,,ACTIVE
00-0035359,David Sills V,WR,TB,4000,134503-61555,0.2633,0.2633,1.0,0.92715430111552,0.0,MIN,20.64,42.5,0.0,0.0,2.4411,statline_mc+recal_10_4b,0.0,0.7221761668843231,0.0,0.0,0.0,0.01275,0.0875184670145375,0.00025,0.18525,0.11625,1.312255943738676,0.0075,0.2441024410753213,0.0,3.341666539510092,8.393526769081742,0.0,,classic,True,Injured Reserve,OUT
00-0041435,Dean Patterson IV,WR,TB,4000,134503-154730,0.2627,0.2627,1.0,0.92715430111552,0.243541895944003,MIN,20.64,42.5,0.0,0.0,2.5215,statline_mc+recal_10_4b,0.0,0.6589926217534464,0.0,0.0,0.0,0.016,0.1194734457590402,0.0005,0.18025,0.111,1.2609455136809902,0.008,0.243541895944003,0.0,,11.078749441146519,0.08806959704865508,,classic,True,,ACTIVE
00-0040058,Nick Kallerup,TE,SEA,4000,134503-103506,0.2238,0.2238,1.0,1.0807816126375684,0.2418899749286241,WAS,24.06,40.22,0.0,0.0,1.7006,statline_mc+recal_10_4b,0.0,0.791170913243015,0.0,0.0,0.0,0.0,0.0,0.0,0.18,0.117,1.3438997492862408,0.0085,0.2418899749286241,0.0,0.0,13.752258714906755,0.07185960814511928,,classic,True,,ACTIVE
00-0040509,Ben Yurosek,TE,MIN,4000,134503-133180,0.2453,0.2453,1.0,0.981957026278356,0.0,TB,21.86,42.5,0.0,0.0,1.7365,statline_mc+recal_10_4b,0.0,0.7444593041443819,0.0,0.0,0.0,0.0,0.0,0.0,0.17975,0.1225,1.2712696781225867,0.009,0.2408769678122586,0.0,0.8000000317891439,8.911887264860033,0.0,,classic,True,Injured Reserve,OUT
00-0041486,Anderson Castle,RB,IND,4000,134503-139417,0.2595,0.2595,1.0,0.920865463801752,0.2389502179397622,HOU,20.5,42.5,0.0,0.0,2.5792,statline_mc+recal_10_4b,0.0,0.6736095081845694,0.0,0.0,0.0,0.23175,0.9099389861216216,0.00475,0.1065,0.0795,0.5720631932760009,0.00425,0.2389502179397622,0.0,,9.626717416019563,0.01011193039735365,,classic,True,,ACTIVE
00-0041077,Justin Joly,TE,MIA,4000,134503-177644,0.3041,0.3041,1.0,0.7825110428988548,0.237986890717221,KC,17.42,45.22,0.0,0.0,1.6313,statline_mc+recal_10_4b,0.0,0.8076053809949676,0.0,0.0,0.0,0.0,0.0,0.0,0.2165,0.145,1.26486890717221,0.00675,0.237986890717221,0.0,,11.490467435907851,0.06290765030713505,,classic,True,,ACTIVE
00-0040566,CJ Dippre,TE,TB,4000,134503-152540,0.2551,0.2551,1.0,0.92715430111552,0.23655150467515,MIN,20.64,42.5,0.0,0.0,1.7289,statline_mc+recal_10_4b,0.0,0.6888036897277283,0.0,0.0,0.0,0.0,0.0,0.0,0.17425,0.1175,1.1380150467515004,0.011,0.23655150467515,0.0,,12.068400083289317,0.0650830287990152,,classic,True,,ACTIVE
00-0035045,D.J. Montgomery,WR,IND,4000,134503-95455,0.2536,0.2536,1.0,0.920865463801752,0.0,HOU,20.5,42.5,0.0,0.0,2.5623,statline_mc+recal_10_4b,0.0,0.6344543641982168,0.0,0.0,0.0,0.008,0.0911994106588808,0.0005,0.15525,0.0985,1.121188924593334,0.01025,0.2334888335252214,0.0,,8.130489959265791,0.0,,classic,True,Injured Reserve,OUT
00-0041116,Jack Endries,TE,CIN,4000,134503-175154,0.2248,0.2248,1.0,1.036759751441192,0.233036032065344,PIT,23.08,42.67,0.0,0.0,1.6602,statline_mc+recal_10_4b,0.0,0.7764375493143596,0.0,0.0,0.0,0.0,0.0,0.0,0.1665,0.11125,1.2741103206534403,0.0085,0.233036032065344,0.0,,14.466118006744402,0.07494136829115848,,classic,True,,ACTIVE
00-0033854,Dare Ogunbowale,RB,LV,4000,134503-28827,0.2557,0.2557,1.0,0.9109830051658308,0.2329564758965124,NO,20.28,43.61,0.0,0.0,2.4734,statline_mc+recal_10_4b,0.0,0.6453457789143866,0.0,0.0,0.0,0.25375,1.0238276357700955,0.00675,0.0935,0.0635,0.5432371231950286,0.001,0.2329564758965124,0.0,1.7363636710427024,10.241111266034578,0.01069279275881743,,classic,True,,ACTIVE
00-0039650,Bryce Oliver,WR,HOU,4000,134503-87109,0.2329,0.2329,1.0,0.9882458635921242,0.2301460786239522,IND,22.0,42.5,0.0,0.0,2.6009,statline_mc+recal_10_4b,0.0,0.57398249616059,0.0,0.0,0.0,0.01375,0.1305932739754117,0.001,0.14475,0.089,1.1158675122641102,0.00925,0.2301460786239522,0.0,1.2999999523162842,12.266837789672385,0.09444474243781766,,classic,True,,ACTIVE
00-0040901,Jaren Kanak,TE,TEN,4000,134503-168171,0.2892,0.2892,1.0,0.7887998802126227,0.0,NYG,17.56,37.56,0.0,0.0,1.6282,statline_mc+recal_10_4b,0.0,0.7658103088633851,0.0,0.0,0.0,0.0,0.0,0.0,0.1945,0.1335,1.1187626713624814,0.00875,0.2281262671362481,0.0,,4.536887264860033,0.0,,classic,True,Injured Reserve,OUT
00-0039648,David Martin-Robinson,TE,TEN,4000,134503-92479,0.2888,0.2888,1.0,0.7887998802126227,0.227781046039648,NYG,17.56,37.56,0.0,0.0,1.6349,statline_mc+recal_10_4b,0.0,0.7498915137511057,0.0,0.0,0.0,0.0,0.0,0.0,0.20275,0.13525,1.11656046039648,0.00825,0.227781046039648,0.0,1.5714285714285714,8.535231635720958,0.052869699305726256,,classic,True,,ACTIVE
00-0039329,Julian Hicks,WR,SEA,4000,134503-90501,0.2092,0.2092,1.0,1.0807816126375684,0.2261427464788008,WAS,24.06,40.22,0.0,0.0,2.4083,statline_mc+recal_10_4b,0.0,0.650293728721519,0.0,0.0,0.0,0.01125,0.0581057024034951,0.00025,0.16825,0.0975,1.280821762384513,0.007,0.2261427464788008,0.0,,12.289929305034647,0.0945731162059213,,classic,True,,ACTIVE
00-0037475,Stone Smartt,TE,NO,4000,134503-103966,0.215,0.215,1.0,1.0479898180729206,0.225298598931953,LV,23.33,43.61,0.0,0.0,1.776,statline_mc+recal_10_4b,0.0,0.6726832804200592,0.0,0.0,0.0,0.0,0.0,0.0,0.15725,0.104,1.1579859893195306,0.01,0.225298598931953,0.0,1.7399999618530273,14.92681458985089,0.07700003302071338,,classic,True,,ACTIVE
00-0033439,Pharaoh Brown,TE,IND,4000,134503-29411,0.243,0.243,1.0,0.920865463801752,0.2237621671558131,HOU,20.5,42.5,0.0,0.0,1.7075,statline_mc+recal_10_4b,0.0,0.6702875235409053,0.0,0.0,0.0,0.0,0.0,0.0,0.1605,0.10825,1.1013716715581312,0.01025,0.2237621671558131,0.0,0.3666666746139526,11.34178711453297,0.06235986513842063,,classic,True,,ACTIVE
00-0040522,Xavier Restrepo,WR,TEN,4000,134503-129560,0.2837,0.2837,1.0,0.7887998802126227,0.223757284085825,NYG,17.56,37.56,0.0,0.0,2.3557,statline_mc+recal_10_4b,0.0,0.6690972320032532,0.0,0.0,0.0,0.01525,0.0987311337605288,0.00025,0.1925,0.11875,1.1100917070977208,0.00725,0.223757284085825,0.0,2.799999952316284,7.465628182360099,0.07120697896739411,,classic,True,,ACTIVE
00-0040919,Tyren Montgomery,WR,TEN,4000,134503-243158,0.2832,0.2832,1.0,0.7887998802126227,0.2233981450379988,NYG,17.56,37.56,0.0,0.0,2.3092,statline_mc+recal_10_4b,0.0,0.710057003480398,0.0,0.0,0.0,0.0225,0.0516629648943652,0.0005,0.19775,0.12575,1.1185684854856237,0.007,0.2233981450379988,0.0,,7.394777979930948,0.07091083011539823,,classic,True,,ACTIVE
00-0039023,Joel Wilson,TE,TEN,4000,134503-90480,0.283,0.283,1.0,0.7887998802126227,0.2232595521494133,NYG,17.56,37.56,0.0,0.0,1.6138,statline_mc+recal_10_4b,0.0,0.766361483260863,0.0,0.0,0.0,0.0,0.0,0.0,0.19625,0.131,1.1325955214941328,0.00775,0.2232595521494133,0.0,,8.187549516515661,0.05179939623170988,,classic,True,,ACTIVE
00-0037412,Cal Adomitis,TE,MIA,4000,134503-92056,0.2846,0.2846,1.0,0.7825110428988548,0.2226700504293802,KC,17.42,45.22,0.0,0.0,1.5604,statline_mc+recal_10_4b,0.0,0.7622123616375054,0.0,0.0,0.0,0.0,0.0,0.0,0.214,0.14225,1.2454505042938022,0.00525,0.2226700504293802,0.0,0.0,10.679209157762157,0.0599761334724915,,classic,True,,ACTIVE
00-0037382,Brandon Johnson,WR,PIT,4000,134503-71241,0.2528,0.2528,1.0,0.8795388185969905,0.2223585268528382,CIN,19.58,42.67,0.0,0.0,2.3925,statline_mc+recal_10_4b,0.0,0.6439418681046787,0.0,0.0,0.0,0.01325,0.0646916377072433,0.0005,0.17625,0.10475,1.1601436308211386,0.00775,0.2223585268528382,0.0,,9.612079617992597,0.08078995851293756,,classic,True,,ACTIVE
00-0039050,Payne Durham,TE,TB,4000,134503-93391,0.2394,0.2394,1.0,0.92715430111552,0.221938609071725,MIN,20.64,42.5,0.0,0.0,1.6837,statline_mc+recal_10_4b,0.0,0.7277191961546066,0.0,0.0,0.0,0.0,0.0,0.0,0.166,0.1145,1.1418860907172497,0.00875,0.221938609071725,0.0,0.3200000047683716,11.257141805143622,0.06205013862361686,,classic,True,,ACTIVE
00-0036345,K.J. Osborn,WR,TEN,4000,134503-63855,0.2803,0.2803,1.0,0.7887998802126227,0.2210794410783764,NYG,17.56,37.56,0.0,0.0,2.2444,statline_mc+recal_10_4b,0.0,0.7214675036477038,0.0,0.0,0.0,0.0145,0.0623277832674898,0.0,0.204,0.12475,1.209716627516274,0.00525,0.2210794410783764,0.0,,7.253077575072649,0.07032222232594984,,classic,True,,ACTIVE
00-0041248,Noah Thomas,WR,CIN,4000,134503-176025,0.2127,0.2127,1.0,1.036759751441192,0.2205142187693389,PIT,23.08,42.67,0.0,0.0,2.4539,statline_mc+recal_10_4b,0.0,0.6108069045725583,0.0,0.0,0.0,0.014,0.1166813311491565,0.00075,0.15425,0.09275,1.2497108565442328,0.0055,0.2205142187693389,0.0,,12.997219703931846,0.0985908609700607,,classic,True,,ACTIVE
00-0040534,Ke'Shawn Williams,WR,CIN,4000,134503-138854,0.2122,0.2122,1.0,1.036759751441192,0.220044427182552,PIT,23.08,42.67,0.0,0.0,2.4074,statline_mc+recal_10_4b,0.0,0.6471913772280827,0.0,0.0,0.0,0.0155,0.0694358235262149,0.0005,0.1675,0.09925,1.2047584482993057,0.007,0.220044427182552,0.0,0.0,12.926369501502695,0.09818082292720338,,classic,True,,ACTIVE
00-0036396,Jack Driscoll,TE,PIT,4000,134503-66402,0.2502,0.2502,1.0,0.8795388185969905,0.2200429473425519,CIN,19.58,42.67,0.0,0.0,1.6543,statline_mc+recal_10_4b,0.0,0.713808877945722,0.0,0.0,0.0,0.0,0.0,0.0,0.17275,0.12025,1.0391794734255198,0.00975,0.2200429473425519,0.0,,10.128019237801162,0.05806271800115358,,classic,True,,ACTIVE
00-0040431,Dalen Cambre,WR,NYG,4000,134503-114054,0.2433,0.2433,1.0,0.8984053305382946,0.2185641336776018,TEN,20.0,37.56,0.0,0.0,2.4658,statline_mc+recal_10_4b,0.0,0.6222530790337152,0.0,0.0,0.0,0.01125,0.0522512406352576,0.001,0.15575,0.09825,1.127140096140761,0.00775,0.2185641336776018,0.0,0.0,8.081938010729987,0.07383584749846037,,classic,True,,ACTIVE
00-0039626,Cole Burgess,WR,PIT,4000,134503-201561,0.2472,0.2472,1.0,0.8795388185969905,0.0,CIN,19.58,42.67,0.0,0.0,2.3607,statline_mc+recal_10_4b,0.0,0.6615846035926113,0.0,0.0,0.0,0.01375,0.0454665437790732,0.0,0.1705,0.10975,1.12486975463558,0.00775,0.2174086298414653,0.0,,7.380298241474379,0.0,,classic,True,Injured Reserve,OUT
00-0037311,Ko Kieft,TE,TB,4000,134503-68714,0.234,0.234,1.0,0.92715430111552,0.2169474243085045,MIN,20.64,42.5,0.0,0.0,1.6376,statline_mc+recal_10_4b,0.0,0.696209642989834,0.0,0.0,0.0,0.0,0.0,0.0,0.17425,0.11475,1.1807242430850455,0.00725,0.2169474243085045,0.0,,11.025353725673424,0.06120985174578012,,classic,True,,ACTIVE
00-0030615,James Winchester,TE,KC,4000,134503-42077,0.1733,0.1733,1.0,1.249232612113499,0.2164630951604422,MIA,27.81,45.22,0.0,0.0,1.6473,statline_mc+recal_10_4b,0.0,0.7059569335574671,0.0,0.0,0.0,0.0,0.0,0.0,0.14975,0.1,1.264630951604422,0.00675,0.2164630951604422,0.0,0.0,15.857504164465931,0.08133303725081353,,classic,True,,ACTIVE
00-0037082,Dominique Robinson,WR,HOU,4000,134503-87731,0.2185,0.2185,1.0,0.9882458635921242,0.2158851759951769,IND,22.0,42.5,0.0,0.0,2.598,statline_mc+recal_10_4b,0.0,0.5527058788934245,0.0,0.0,0.0,0.01475,0.0787212547768272,0.00075,0.1405,0.08425,1.1038805051749423,0.00875,0.2158851759951769,0.0,0.0,11.629185967810038,0.09096783628930503,,classic,True,,ACTIVE
00-0037757,Bernhard Raimann,TE,IND,4000,134503-90483,0.233,0.233,1.0,0.920865463801752,0.2145370146657963,HOU,20.5,42.5,0.0,0.0,1.6265,statline_mc+recal_10_4b,0.0,0.6829231348248306,0.0,0.0,0.0,0.0,0.0,0.0,0.16175,0.107,1.1653701466579636,0.0075,0.2145370146657963,0.0,0.0,10.530528836387273,0.059453875269670935,,classic,True,,ACTIVE
00-0040244,Moliki Matavao,TE,NO,4000,134503-151914,0.2038,0.2038,1.0,1.0479898180729206,0.0,LV,23.33,43.61,0.0,0.0,1.636,statline_mc+recal_10_4b,0.0,0.6613114557452268,0.0,0.0,0.0,0.0,0.0,0.0,0.1595,0.1025,1.2128429126983922,0.007,0.2135342912698392,0.0,2.0,11.044364258725063,0.0,,classic,True,Injured Reserve,OUT
00-0041005,Corey Rucker,WR,LV,4000,134503-128717,0.2302,0.2302,1.0,0.9109830051658308,0.0,NO,20.28,43.61,0.0,0.0,2.4178,statline_mc+recal_10_4b,0.0,0.5873961270158548,0.0,0.0,0.0,0.011,0.0575566527441435,0.00025,0.15275,0.09025,1.1679233543105938,0.007,0.2096730007054737,0.0,,8.867261431658429,0.0,,classic,True,Injured Reserve,OUT
00-0040130,Jayden Higgins,WR,HOU,4000,134503-147315,0.2116,0.2116,1.0,0.9882458635921242,0.0,IND,22.0,42.5,0.0,0.0,2.3953,statline_mc+recal_10_4b,0.0,0.5566302410833239,0.0,0.0,0.0,0.0145,0.0968413791340244,0.00075,0.13825,0.0815,1.16214960815958,0.0065,0.2091490987293604,0.0,6.489473844829359,9.75165560343757,0.0,,classic,True,Injured Reserve,OUT
00-0036775,Brandon Smith,WR,PIT,4000,134503-86125,0.2365,0.2365,1.0,0.8795388185969905,0.2080154310444248,CIN,19.58,42.67,0.0,0.0,2.357,statline_mc+recal_10_4b,0.0,0.620811976618035,0.0,0.0,0.0,0.01375,0.0723982986443766,0.0005,0.16525,0.09775,1.0540060117998715,0.0075,0.2080154310444248,0.0,,9.186978403417697,0.07879477820039511,,classic,True,,ACTIVE
00-0040049,Josh Kelly,WR,HOU,4000,134503-109007,0.2077,0.2077,1.0,0.9882458635921242,0.2052286737786832,IND,22.0,42.5,0.0,0.0,2.4464,statline_mc+recal_10_4b,0.0,0.5439653878550774,0.0,0.0,0.0,0.0115,0.0904924607784868,0.00025,0.13525,0.0895,1.0292942770083455,0.00825,0.2052286737786832,0.0,,11.487485562951738,0.0902127418003248,,classic,True,,ACTIVE
00-0036876,Kylen Granson,TE,TEN,4000,134503-71143,0.2578,0.2578,1.0,0.7887998802126227,0.203325720855857,NYG,17.56,37.56,0.0,0.0,1.5726,statline_mc+recal_10_4b,0.0,0.6985061137567556,0.0,0.0,0.0,0.0,0.0,0.0,0.181,0.1185,1.0357572085585702,0.00725,0.203325720855857,0.0,0.8333333333333334,7.376291238369967,0.049385527626917836,,classic,True,,ACTIVE
00-0035567,Craig Reynolds,RB,WAS,4000,134503-104424,0.2799,0.2799,1.0,0.7263607097402113,0.2033105012646383,SEA,16.17,40.22,0.0,0.0,2.4032,statline_mc+recal_10_4b,0.0,0.5954954382740557,0.0,0.0,0.0,0.247,0.7304925336018737,0.006,0.10225,0.07975,0.4288624790445094,0.0025,0.2033105012646383,0.0,9.59999974568685,6.212100208074133,0.007413452150125787,,classic,True,,ACTIVE
00-0038647,Ronnie Bell,WR,LV,4000,134503-91401,0.2229,0.2229,1.0,0.9109830051658308,0.2030722633755967,NO,20.28,43.61,0.0,0.0,2.3507,statline_mc+recal_10_4b,0.0,0.5785875869823842,0.0,0.0,0.0,0.0125,0.0355189266289387,0.0,0.151,0.08925,1.1239537071270287,0.00725,0.2030722633755967,0.0,4.650000095367432,10.532241188743448,0.08528340041823906,,classic,True,,ACTIVE
00-0034054,River Cracraft,WR,WAS,4000,134503-41997,0.2787,0.2787,1.0,0.7263607097402113,0.2024613971034865,SEA,16.17,40.22,0.0,0.0,2.4258,statline_mc+recal_10_4b,0.0,0.5926676008698291,0.0,0.0,0.0,0.0115,0.0718568198483459,0.0005,0.16725,0.098,0.9927571511865194,0.0075,0.2024613971034865,0.0,0.0,6.554757550731477,0.0674920766097622,,classic,True,,ACTIVE
00-0035645,Gunner Olszewski,WR,NYG,4000,134503-104577,0.2225,0.2225,1.0,0.8984053305382946,0.0,TEN,20.0,37.56,0.0,0.0,2.3777,statline_mc+recal_10_4b,0.0,0.5979804030836519,0.0,0.0,0.0,0.01425,0.0952900548225435,0.0005,0.15175,0.09475,1.0750610267530378,0.00575,0.1999101081575581,0.0,1.9887499809265137,6.1335574439283675,0.0,,classic,True,Injured Reserve,OUT
00-0041263,Lake McRee,TE,PIT,4000,134503-151968,0.226,0.226,1.0,0.8795388185969905,0.1987683787929466,CIN,19.58,42.67,0.0,0.0,1.6333,statline_mc+recal_10_4b,0.0,0.6203773674098433,0.0,0.0,0.0,0.0,0.0,0.0,0.1585,0.10475,0.9589337879294668,0.00875,0.1987683787929466,0.0,,9.548549039125664,0.05611691537334874,,classic,True,,ACTIVE
00-0038590,Justin Shorter,WR,LV,4000,134503-86203,0.2161,0.2161,1.0,0.9109830051658308,0.0,NO,20.28,43.61,0.0,0.0,2.3637,statline_mc+recal_10_4b,0.0,0.5822466457678007,0.0,0.0,0.0,0.013,0.0424888227008149,0.0005,0.151,0.09475,1.1325149334934257,0.005,0.196875375619424,0.0,,8.867261431658429,0.0,,classic,True,Injured Reserve,OUT
00-0037487,Deven Thompkins,WR,LV,4000,134503-94481,0.2161,0.2161,1.0,0.9109830051658308,0.1968706522824682,NO,20.28,43.61,0.0,0.0,2.4123,statline_mc+recal_10_4b,0.0,0.5429721089256214,0.0,0.0,0.0,0.01275,0.0474180717110635,0.00025,0.142,0.0825,1.0937884511136189,0.00675,0.1968706522824682,0.0,0.6714285441807338,10.390540783885148,0.08457549058676299,,classic,True,,ACTIVE
00-0040379,William Wagner,TE,CIN,4000,134503-114591,0.1877,0.1877,1.0,1.036759751441192,0.194614115958823,PIT,23.08,42.67,0.0,0.0,1.575,statline_mc+recal_10_4b,0.0,0.6720627198083913,0.0,0.0,0.0,0.0,0.0,0.0,0.1545,0.1085,1.05364115958823,0.006,0.194614115958823,0.0,,12.959495490188111,0.06858550381644567,,classic,True,,ACTIVE
00-0041398,Riley Nowakowski,TE,PIT,4000,134503-141390,0.2213,0.2213,1.0,0.8795388185969905,0.1946092590740018,CIN,19.58,42.67,0.0,0.0,1.5316,statline_mc+recal_10_4b,0.0,0.6845503279424898,0.0,0.0,0.0,0.0,0.0,0.0,0.163,0.10875,1.0223425907400183,0.0065,0.1946092590740018,0.0,0.0,9.316760959655465,0.05535697657774139,,classic,True,,ACTIVE
00-0041178,Robert Henry Jr.,RB,WAS,4000,134503-184821,0.2678,0.2678,1.0,0.7263607097402113,0.1945432822937962,SEA,16.17,40.22,0.0,0.0,2.4264,statline_mc+recal_10_4b,0.0,0.5660201572197687,0.0,0.0,0.0,0.227,0.7387590862034106,0.0045,0.103,0.07475,0.4179237367345511,0.00275,0.1945432822937962,0.0,,6.089722585696511,0.00733143281589271,,classic,True,,ACTIVE
00-0040225,Thomas Fidone II,TE,NYG,4000,134503-152628,0.2156,0.2156,1.0,0.8984053305382946,0.1937266456292313,TEN,20.0,37.56,0.0,0.0,1.6516,statline_mc+recal_10_4b,0.0,0.5874713143933358,0.0,0.0,0.0,0.0,0.0,0.0,0.1445,0.09375,0.9885164562923138,0.00825,0.1937266456292313,0.0,,7.954126122374356,0.05109301042417571,,classic,True,,ACTIVE
00-0040488,Carter Runyon,TE,LV,4000,134503-226878,0.2121,0.2121,1.0,0.9109830051658308,0.0,NO,20.28,43.61,0.0,0.0,1.634,statline_mc+recal_10_4b,0.0,0.6089448394655718,0.0,0.0,0.0,0.0,0.0,0.0,0.1505,0.0965,0.9549554418580284,0.00825,0.1932455441858028,0.0,0.2666666706403096,8.31200229553488,0.0,,classic,True,Injured Reserve,OUT
00-0041143,Ben Mann,TE,NYG,4000,134503-225637,0.2151,0.2151,1.0,0.8984053305382946,0.1932118091599106,TEN,20.0,37.56,0.0,0.0,1.5965,statline_mc+recal_10_4b,0.0,0.6414898514296891,0.0,0.0,0.0,0.0,0.0,0.0,0.159,0.10425,0.9908680915991064,0.00725,0.1932118091599106,0.0,,7.838232082639256,0.0507458788192912,,classic,True,,ACTIVE
00-0031484,Chris Manhertz,TE,NYG,4000,134503-18009,0.215,0.215,1.0,0.8984053305382946,0.1931617613506725,TEN,20.0,37.56,0.0,0.0,1.5895,statline_mc+recal_10_4b,0.0,0.6370629285817548,0.0,0.0,0.0,0.0,0.0,0.0,0.1505,0.10325,0.8953676135067254,0.00875,0.1931617613506725,0.0,0.4000000158945719,7.722338042904156,0.05040110566520277,,classic,True,,ACTIVE
00-0033955,Jeremy McNichols,RB,WAS,4000,134503-56648,0.265,0.265,1.0,0.7263607097402113,0.0,SEA,16.17,40.22,0.0,0.0,2.3771,statline_mc+recal_10_4b,0.0,0.5682167422616391,0.0,0.0,0.0,0.242,0.7125712867567928,0.00675,0.1025,0.0755,0.4098095671302353,0.001,0.1924880853887028,0.0,3.762500047683716,4.98832398429791,0.0,,classic,True,Injured Reserve,OUT
00-0040853,Carson Towt,TE,IND,4000,134503-119584,0.2082,0.2082,1.0,0.920865463801752,0.0,HOU,20.5,42.5,0.0,0.0,1.5943,statline_mc+recal_10_4b,0.0,0.6272264244860931,0.0,0.0,0.0,0.0,0.0,0.0,0.14325,0.10075,0.933358372796854,0.008,0.1917108372796853,0.0,,7.575230823142242,0.0,,classic,True,Injured Reserve,OUT
00-0041309,Daniel Sobkowicz,WR,HOU,4000,134503-243752,0.1927,0.1927,1.0,0.9882458635921242,0.1904780490741114,IND,22.0,42.5,0.0,0.0,2.4307,statline_mc+recal_10_4b,0.0,0.5038793847035985,0.0,0.0,0.0,0.01225,0.1007628322816554,0.0005,0.13625,0.0825,1.0115176584594594,0.006,0.1904780490741114,0.0,,11.20408475323514,0.08872130417838754,,classic,True,,ACTIVE
00-0038394,Will Mallory,TE,IND,4000,134503-94116,0.2041,0.2041,1.0,0.920865463801752,0.0,HOU,20.5,42.5,0.0,0.0,1.5654,statline_mc+recal_10_4b,0.0,0.6436006704081269,0.0,0.0,0.0,0.0,0.0,0.0,0.152,0.10225,1.0579740982253092,0.00525,0.1879224098225309,0.0,2.0999999046325684,7.575230823142242,0.0,,classic,True,Injured Reserve,OUT
00-0035345,Chris Myarick,TE,LV,4000,134503-56947,0.2039,0.2039,1.0,0.9109830051658308,0.1857311370650269,NO,20.28,43.61,0.0,0.0,1.5555,statline_mc+recal_10_4b,0.0,0.6250867977345388,0.0,0.0,0.0,0.0,0.0,0.0,0.1495,0.09875,0.9985613706502692,0.00625,0.1857311370650269,0.0,,10.340147990899117,0.05879177317396746,,classic,True,,ACTIVE
00-0038977,Tank Dell,WR,HOU,4000,134503-129291,0.1872,0.1872,1.0,0.9882458635921242,0.0,IND,22.0,42.5,0.0,0.0,2.3316,statline_mc+recal_10_4b,0.0,0.4970102929162756,0.0,0.0,0.0,0.0175,0.1093828840134212,0.00025,0.12525,0.07625,1.0145269982639122,0.00575,0.1850159882277333,0.0,,9.75165560343757,0.0,,classic,True,Injured Reserve,OUT
00-0038938,Jalin Hyatt,WR,NYG,4000,134503-139094,0.2058,0.2058,1.0,0.8984053305382946,0.1848718703304623,TEN,20.0,37.56,0.0,0.0,2.2485,statline_mc+recal_10_4b,0.0,0.5579999403231691,0.0,0.0,0.0,0.01175,0.0362423839030524,0.0005,0.1485,0.08575,0.9937263194015702,0.006,0.1848718703304623,0.0,0.8571428571428571,7.515136391296788,0.07141465357304937,,classic,True,,ACTIVE
00-0041467,Lewis Bond,WR,HOU,4000,134503-152219,0.1869,0.1869,1.0,0.9882458635921242,0.1846976638139379,IND,22.0,42.5,0.0,0.0,2.3192,statline_mc+recal_10_4b,0.0,0.5143915419521814,0.0,0.0,0.0,0.01325,0.106534516169418,0.00025,0.13275,0.0815,1.0179421219699614,0.00525,0.1846976638139379,0.0,,11.062384348376842,0.08798485742343584,,classic,True,,ACTIVE
00-0037340,Zaire Mitchell-Paden,TE,HOU,4000,134503-153957,0.1862,0.1862,1.0,0.9882458635921242,0.1839994514144916,IND,22.0,42.5,0.0,0.0,1.6152,statline_mc+recal_10_4b,0.0,0.4138413395408318,0.0,0.0,0.0,0.0,0.0,0.0,0.1285,0.08225,0.933744514144916,0.0085,0.1839994514144916,0.0,0.9000000158945719,11.10864812294316,0.06151049577312621,,classic,True,,ACTIVE
00-0041252,Kenny Fletcher Jr.,TE,IND,4000,134503-167714,0.1997,0.1997,1.0,0.920865463801752,0.1838681666701862,HOU,20.5,42.5,0.0,0.0,1.5766,statline_mc+recal_10_4b,0.0,0.5997023260748714,0.0,0.0,0.0,0.0,0.0,0.0,0.146,0.09675,0.9149316667018628,0.0075,0.1838681666701862,0.0,,9.371588439036282,0.05553579911016533,,classic,True,,ACTIVE
00-0037304,Connor Heyward,TE,LV,4000,134503-92882,0.2014,0.2014,1.0,0.9109830051658308,0.1834677860102904,NO,20.28,43.61,0.0,0.0,1.5531,statline_mc+recal_10_4b,0.0,0.605510724147412,0.0,0.0,0.0,0.0,0.0,0.0,0.14825,0.10175,0.9209278601029044,0.007,0.1834677860102904,0.0,0.1000000014901161,9.99246587169382,0.057601582641747875,,classic,True,,ACTIVE
00-0033757,Robert Tonyan,TE,PIT,4000,134503-80353,0.2063,0.2063,1.0,0.8795388185969905,0.181464955771922,CIN,19.58,42.67,0.0,0.0,1.4474,statline_mc+recal_10_4b,0.0,0.6686949043265701,0.0,0.0,0.0,0.0,0.0,0.0,0.16675,0.1165,0.9871495577192207,0.0045,0.181464955771922,0.0,0.6000000238418579,8.389608641774672,0.05241874856299326,,classic,True,,ACTIVE
00-0040581,Dont'e Thornton Jr.,WR,LV,4000,134503-151909,0.1965,0.1965,1.0,0.9109830051658308,0.0,NO,20.28,43.61,0.0,0.0,2.1799,statline_mc+recal_10_4b,0.0,0.5699784764756588,0.0,0.0,0.0,0.01525,0.0460942093485465,0.00075,0.1515,0.093,0.9394339742396148,0.005,0.1790528183588161,0.0,1.681818181818182,8.867261431658429,0.0,,classic,True,Injured Reserve,OUT
00-0036556,Brevin Jordan,TE,HOU,4000,134503-94094,0.1798,0.1798,1.0,0.9882458635921242,0.1777110779288777,IND,22.0,42.5,0.0,0.0,1.5389,statline_mc+recal_10_4b,0.0,0.5710037676358554,0.0,0.0,0.0,0.0,0.0,0.0,0.137,0.08875,0.9933607792887778,0.00575,0.1777110779288777,0.0,,10.645071964002762,0.05985581802624804,,classic,True,,ACTIVE
00-0041176,Jaden Bradley,WR,WAS,4000,134503-157154,0.2432,0.2432,1.0,0.7263607097402113,0.176675203517123,SEA,16.17,40.22,0.0,0.0,2.2266,statline_mc+recal_10_4b,0.0,0.5649156885985087,0.0,0.0,0.0,0.01075,0.0525137485055011,0.0,0.1615,0.098,0.9392382866657286,0.0055,0.176675203517123,0.0,,6.200506538585728,0.0661002092557236,,classic,True,,ACTIVE
00-0037837,Calvin Austin III,WR,NYG,4000,134503-90870,0.1916,0.1916,1.0,0.8984053305382946,0.0,TEN,20.0,37.56,0.0,0.0,2.2172,statline_mc+recal_10_4b,0.0,0.5752236353608039,0.0,0.0,0.0,0.01075,0.0581818565405973,0.00025,0.14725,0.08825,0.8866721995851223,0.0055,0.172110405612572,0.0,4.866666666666666,6.1335574439283675,0.0,,classic,True,Injured Reserve,OUT
00-0041016,Patrick Gurd,TE,LV,4000,134503-138164,0.1869,0.1869,1.0,0.9109830051658308,0.1702295813134115,NO,20.28,43.61,0.0,0.0,1.4569,statline_mc+recal_10_4b,0.0,0.6025699893998676,0.0,0.0,0.0,0.0,0.0,0.0,0.14875,0.09775,0.9235458131341152,0.005,0.1702295813134115,0.0,,9.644783752488522,0.05643548652659568,,classic,True,,ACTIVE
00-0039305,Jack Westover,TE,WAS,4000,134503-86762,0.2297,0.2297,1.0,0.7263607097402113,0.1668769959362234,SEA,16.17,40.22,0.0,0.0,1.4789,statline_mc+recal_10_4b,0.0,0.587988374839719,0.0,0.0,0.0,0.0,0.0,0.0,0.15125,0.10275,0.7650199593622342,0.00675,0.1668769959362234,0.0,0.5999999841054281,5.6222562771706,0.04454406353817005,,classic,True,,ACTIVE
00-0031156,Tyler Ott,TE,WAS,4000,134503-54746,0.1952,0.1952,1.0,0.7263607097402113,0.1417670381730228,SEA,16.17,40.22,0.0,0.0,1.3554,statline_mc+recal_10_4b,0.0,0.553187086965316,0.0,0.0,0.0,0.0,0.0,0.0,0.145,0.09725,0.6964203817302285,0.00425,0.1417670381730228,0.0,,5.506362237435502,0.04424142620802036,,classic,True,,ACTIVE
