player_id,player_name,position,team,salary,site_player_id,season_avg,recent_form,matchup_factor,vegas_factor,final_projection,opponent,implied_total,over_under,games_played,participation_effective,sigma,sigma_source,statline_p10,statline_p90,proj_pass_att,proj_pass_yd,proj_pass_td,proj_rush_att,proj_rush_yd,proj_rush_td,proj_targets,proj_rec,proj_rec_yd,proj_rec_td,engine_projection,stack_delta,dk_avg_ppg,ffc_own_pct,chalk_score,estimated_ownership_pct,roster_role,slate_format,ownership_available,injury_raw_status,injury_status,estimated_ownership_pct_heuristic_x,estimated_ownership_pct_heuristic_y
00-0034857,Josh Allen,QB,BUF,8000,44220217,21.5189,21.5189,1.0,1.286015775845295,27.67366821962583,LAC,28.64,50.22,2.0,1.0,8.4826,statline_mc+recal_10_4b,15.009203980193677,48.382309733817294,34.46775,311.62135188392983,2.2,7.493,40.50832565608362,0.68325,0.0,0.0,0.0,0.0,33.70035407745011,-2.2280184213397227,39.7,13.7,97.9787234042553,23.102337063146553,,classic,True,,ACTIVE,14.745515922838074,14.880157715740275
00-0039139,Jahmyr Gibbs,RB,DET,8800,44220302,20.4613,20.4613,1.0,1.2411129903758364,25.39473678873662,NYJ,27.64,48.72,2.0,1.0,10.3338,statline_mc+recal_10_4b,7.723136824429568,52.79202854334504,0.0,0.0,0.0,17.41,97.65367165828783,0.80425,5.6935,4.42425,39.93619679014899,0.26275,25.051552062749145,-0.3337500561070641,30.5,62.1,95.10390592407175,43.79791187414156,,classic,True,,ACTIVE,25.20382811723475,25.102698348970655
00-0034796,Lamar Jackson,QB,BAL,7500,44220218,18.7137,18.7137,1.0,1.2698507730762898,23.76361419180634,DAL,28.28,53.33,2.0,1.0,8.2471,statline_mc+recal_10_4b,12.121629080648985,40.96602074170866,34.9805,318.22663313090885,1.91225,3.93,23.18522611129641,0.30675,0.0,0.0,0.0,0.0,27.72598051146782,-1.2294737445596553,22.4,,95.37765957446807,3.2106091354202357,,classic,True,,ACTIVE,12.245380425918611,12.35719339902467
00-0038543,Jaxon Smith-Njigba,WR,SEA,8600,44220610,20.0121,20.0121,1.0,1.0974240768735688,21.9617067812463,WAS,24.44,40.28,2.0,1.0,10.5176,statline_mc+recal_10_4b,6.557514003617428,44.84554674422476,0.0,0.0,0.0,0.02625,0.1638064329146884,0.0005,10.20525,6.817,101.73581647755928,0.634,22.144735533440816,0.2817444901988999,37.4,19.6,81.3910082079175,32.22085236280153,,classic,True,,ACTIVE,5.511313286805461,5.665993242968874
00-0038134,Kenneth Walker III,RB,KC,7400,44220310,17.7002,17.7002,1.0,1.2334795168460282,21.832779809952136,MIA,27.47,45.17,2.0,1.0,9.9964,statline_mc+recal_10_4b,6.543416673056147,45.8230703139006,0.0,0.0,0.0,16.684,99.4730095415333,0.58475,5.64775,3.9355,35.981038105899366,0.273,25.89569344273699,-1.9361249547911328,32.0,38.9,89.53178079742536,34.582842334739425,,classic,True,,ACTIVE,15.186988821629908,15.126051385736565
00-0037834,Brock Purdy,QB,SF,6500,44220221,17.3441,17.3441,1.0,1.2487464639056445,21.658359381596057,ARI,27.81,48.06,2.0,1.0,8.2164,statline_mc+recal_10_4b,10.566898403308688,38.41846093148558,33.24275,288.655065791537,2.23375,3.17875,18.899345563351176,0.22925,0.0,0.0,0.0,0.0,27.02571201055937,-2.366277806400543,25.3,,91.23252279635257,4.327199985334055,,classic,True,,ACTIVE,9.107220490031462,9.190378821116667
00-0036963,Amon-Ra St. Brown,WR,DET,7900,44220614,17.3339,17.3339,1.0,1.2411129903758364,21.51329336805012,NYJ,27.64,48.72,2.0,1.0,10.2573,statline_mc+recal_10_4b,6.397251049741112,45.51454674300818,0.0,0.0,0.0,0.03475,0.1744069645899267,0.0015,11.0235,7.1525,95.1420599036101,0.838,23.76950469892465,-1.0518533187698864,33.5,41.4,94.86767809458179,36.33059064951927,,classic,True,,ACTIVE,12.17699149745632,12.518749697908856
00-0033077,Dak Prescott,QB,DAL,6700,44220219,19.0725,19.0725,1.0,1.125263803864633,21.46161555398309,BAL,25.06,53.33,2.0,1.0,8.1807,statline_mc+recal_10_4b,10.421603086616514,37.77966590877115,35.855,278.9545542634458,2.26275,2.9235,15.30906086268662,0.13525,0.0,0.0,0.0,0.0,23.84855661724741,-1.2147227028233978,22.6,,91.98323797604147,3.439229959559669,,classic,True,,ACTIVE,9.608903073374805,9.696642284697948
00-0033873,Patrick Mahomes,QB,KC,6200,44220223,17.1287,17.1287,1.0,1.2334795168460282,21.127926578275968,MIA,27.47,45.17,2.0,1.0,8.2198,statline_mc+recal_10_4b,10.175173778056802,37.72372048345746,35.69675,285.47692726515425,2.3125,2.934,15.5233516917935,0.182,0.0,0.0,0.0,0.0,25.679319371251065,-2.390735681509554,27.3,34.4,89.10201367781154,14.778085938692456,,classic,True,,ACTIVE,7.821593737875045,7.893012968624989
00-0033280,Christian McCaffrey,RB,SF,8300,44220304,16.6477,16.6477,1.0,1.2487464639056445,20.788698202422484,ARI,27.81,48.06,2.0,1.0,9.2937,statline_mc+recal_10_4b,6.197616844642327,42.1796489653272,0.0,0.0,0.0,9.98225,57.26250719045512,0.611,5.91,4.45825,41.62064630269451,0.215,17.6445378728865,0.7628828531075236,18.2,,92.01030057413035,4.720243852983574,,classic,True,,ACTIVE,19.025097763104853,18.948760005243827
00-0033106,Jared Goff,QB,DET,6300,44220222,16.6322,16.6322,1.0,1.2411129903758364,20.64242064098961,NYJ,27.64,48.72,2.0,1.0,8.2062,statline_mc+recal_10_4b,9.816627643370824,37.75818715028245,36.58825,293.6125303264767,2.316,2.24675,10.702643414610186,0.084,0.0,0.0,0.0,0.0,25.77102428510585,-2.28309491353048,24.6,16.1,90.3069461827284,12.289771780368186,,classic,True,,ACTIVE,8.52459013564532,8.602428449721673
00-0032764,Derrick Henry,RB,BAL,7700,44220306,16.0792,16.0792,1.0,1.2698507730762898,20.41816595730465,DAL,28.28,53.33,2.0,1.0,9.9813,statline_mc+recal_10_4b,6.0748965650593005,44.27536360478856,0.0,0.0,0.0,15.164,94.67550185362848,0.972,2.20425,1.71625,16.128767274576546,0.105,19.943099026127392,0.2874890444841469,28.0,,97.5104818523154,9.230630267396393,,classic,True,,ACTIVE,31.36760028779811,31.24173852849114
00-0036223,Jonathan Taylor,RB,IND,7600,44220308,21.3355,21.3355,1.0,0.919160018559818,19.61077754310384,HOU,20.47,42.44,2.0,1.0,9.2671,statline_mc+recal_10_4b,5.807489522275991,40.13033318215456,0.0,0.0,0.0,17.57425,77.6852532314048,0.7225,3.901,3.016,23.46299502586256,0.09425,17.431976717091555,0.8122027173771009,27.7,31.2,76.31072695035459,22.13555119006612,,classic,True,,ACTIVE,4.565486483983547,4.547167576713173
00-0036358,CeeDee Lamb,WR,DAL,7800,44220616,16.8812,16.8812,1.0,1.125263803864633,18.99575597452508,BAL,25.06,53.33,2.0,1.0,9.8676,statline_mc+recal_10_4b,5.497483185295264,39.85238607766914,0.0,0.0,0.0,0.345,2.266458965758776,0.01275,9.203,6.0545,87.27827938015172,0.56375,18.51875826358476,-0.2442178600659694,26.9,,93.65792242471973,5.818483604416173,,classic,True,,ACTIVE,11.340565106143872,11.658848248872534
00-0036442,Joe Burrow,QB,CIN,6600,44220220,18.1319,18.1319,1.0,1.0242325365583511,18.571295053732733,PIT,22.81,42.5,2.0,1.0,7.9629,statline_mc+recal_10_4b,8.287101397181623,31.971946345356063,33.14725,250.1300973329648,1.6075,2.371,10.288244535662432,0.1075,0.0,0.0,0.0,0.0,17.18437908107583,0.5087667068479007,15.7,,74.76296263186124,0.6377329044324559,,classic,True,,ACTIVE,2.8085558103521198,2.834200826216639
00-0040743,Tyler Shough,QB,NO,5400,44220232,17.3817,17.3817,1.0,1.0552154585322775,18.341428314167644,LV,23.5,43.61,2.0,1.0,8.0744,statline_mc+recal_10_4b,8.117344810012806,33.32497926918211,36.6945,270.26308739060704,1.6265,5.27425,20.263477189526,0.25175,0.0,0.0,0.0,0.0,21.986594529752157,-2.427442900409236,25.8,,78.86456284641515,4.349429963297892,,classic,True,,ACTIVE,3.76460088364488,3.798975578649625
00-0037239,Chris Olave,WR,NO,7200,44220620,17.2472,17.2472,1.0,1.0552154585322775,18.19953296095615,LV,23.5,43.61,2.0,1.0,9.5551,statline_mc+recal_10_4b,5.212913080245729,37.79952841422476,0.0,0.0,0.0,0.0355,0.3175844672862752,0.00075,8.9095,6.0255,84.02542699488878,0.44025,17.188894655254742,0.3524818147386455,26.9,,84.54305772614842,6.324463775050827,,classic,True,,ACTIVE,6.634064203139345,6.82025517192052
00-0036900,Ja'Marr Chase,WR,CIN,8100,44220612,17.6048,17.6048,1.0,1.0242325365583511,18.031405883207945,PIT,22.81,42.5,2.0,1.0,8.7574,statline_mc+recal_10_4b,5.152824462658519,35.04320347185512,0.0,0.0,0.0,0.03575,0.2604196513775805,0.00225,8.46875,5.3695,63.52573552390341,0.46025,10.604110828378651,2.956540365679846,14.9,4.2,82.51331233156542,7.484389616456646,,classic,True,,ACTIVE,5.8444105950726,6.052673640522638
00-0040122,Ashton Jeanty,RB,LV,7100,44220312,19.8998,19.8998,1.0,0.9029950157908128,17.96940202776471,NO,20.11,43.61,2.0,1.0,8.5962,statline_mc+recal_10_4b,5.263865951595672,34.94441759048499,0.0,0.0,0.0,15.4125,60.57185296310518,0.3265,5.2475,3.98925,25.80774762938091,0.22025,14.84145759187691,1.4634419685161006,23.0,,74.47369728033055,3.437977709409058,,classic,True,,ACTIVE,3.8633024679091847,3.847801057508493
00-0036322,Justin Jefferson,WR,MIN,7500,44220618,18.1549,18.1549,1.0,0.9793297510888924,17.779646596171276,TB,21.81,42.5,2.0,1.0,8.9306,statline_mc+recal_10_4b,5.062845693471614,35.812566548553434,0.0,0.0,0.0,0.02975,0.1299548149208707,0.00175,8.4675,5.49175,71.50855882709693,0.42675,14.765609849797432,1.9272952319694951,19.9,,82.28264062365406,4.711320506216962,,classic,True,,ACTIVE,5.808090773573568,5.971100056388304
00-0037248,James Cook III,RB,BUF,6900,44220314,13.7981,13.7981,1.0,1.286015775845295,17.744522295674354,LAC,28.64,50.22,2.0,1.0,9.6035,statline_mc+recal_10_4b,5.189385784327346,38.44956126953227,0.0,0.0,0.0,14.04775,90.55160412898525,0.6325,3.0515,2.20575,19.45289252679389,0.14125,18.90431148547926,-0.9884273699035582,16.9,5.6,95.2989848421638,15.782060391265432,,classic,True,,ACTIVE,25.654791043434734,25.551851797022714
00-0036971,Trevor Lawrence,QB,JAX,5700,44220228,16.1832,16.1832,1.0,1.0951789376000958,17.72345147704923,NE,24.39,45.83,2.0,1.0,8.0391,statline_mc+recal_10_4b,7.660968915800857,32.16972180494738,32.324,255.50052682677813,1.83375,1.7765,7.729490911738061,0.1485,0.0,0.0,0.0,0.0,20.210418381042285,-1.5330186871956997,16.6,8.4,81.0636509923118,5.763937669292844,,classic,True,,ACTIVE,4.404908878898598,4.445130247355917
00-0037744,Trey McBride,TE,ARI,6700,44221104,19.2777,19.2777,1.0,0.9092814057565372,17.528810645782062,SF,20.25,48.06,2.0,1.0,7.6764,statline_mc+recal_10_4b,3.913431755425735,34.041827245210044,0.0,0.0,0.0,0.0,0.0,0.0,10.103,6.98,66.56035058697567,0.44625,15.803897617180985,0.6765255870844946,21.3,,80.71681864235055,6.272246311596776,,classic,True,,ACTIVE,3.325063366846777,3.4281654798124572
00-0038597,Chase Brown,RB,CIN,6600,44220320,16.3905,16.3905,1.0,1.0242325365583511,16.78773294439275,PIT,22.81,42.5,2.0,1.0,8.7669,statline_mc+recal_10_4b,4.87249715118288,34.66847335204625,0.0,0.0,0.0,14.964,65.22979825832148,0.46075,4.2385,3.1565,22.93342559440072,0.11825,14.854538085131772,0.7199105591205317,15.0,15.8,81.08162931839402,14.990275301886461,,classic,True,,ACTIVE,7.044473957836409,7.016208171560423
00-0039851,Drake Maye,QB,NE,6100,44220224,17.3639,17.3639,1.0,0.9627157204651928,16.71646146535931,JAX,21.44,45.83,2.0,1.0,7.9137,statline_mc+recal_10_4b,6.91730679216785,29.800186687215454,32.441,224.70015767024356,1.29025,3.668,15.988019508937802,0.19175,0.0,0.0,0.0,0.0,15.349034314511371,0.3541532076557878,10.9,2.8,71.42928660826033,2.5991749773730075,,classic,True,,ACTIVE,2.213446247076674,2.2336572978638136
00-0039150,Bryce Young,QB,CAR,5600,44220229,16.9396,16.9396,1.0,0.9779826675248088,16.566614780396314,CLE,21.78,41.83,2.0,1.0,7.9863,statline_mc+recal_10_4b,6.806645015322679,30.53231063453718,34.25325,250.88631270036075,1.68025,1.698,7.293549130922441,0.12525,0.0,0.0,0.0,0.0,20.21933293526128,-1.6686926407103648,29.8,4.6,67.72286787055248,3.0990209785197544,,classic,True,,ACTIVE,1.6986035854938524,1.7141135909339997
00-0037740,Garrett Wilson,WR,NYJ,6300,44220634,17.4661,17.4661,1.0,0.9465507176961876,16.53252990679423,DET,21.08,48.72,2.0,1.0,8.8389,statline_mc+recal_10_4b,4.617126188688259,33.14732203496673,0.0,0.0,0.0,0.0345,0.1937491202088827,0.0015,8.33725,5.536,68.38189686577279,0.376,12.216412549909272,1.298965308196065,15.3,24.2,83.16449368101102,18.457343794639275,,classic,True,,ACTIVE,6.117329320342936,6.2890176606470805
00-0036355,Justin Herbert,QB,LAC,5800,44220227,16.6087,16.6087,1.0,0.969002110430917,16.09381906524738,BUF,21.58,50.22,2.0,1.0,7.9047,statline_mc+recal_10_4b,6.457485379685191,28.859737536622827,33.556,232.7745613043188,1.33525,2.883,11.476227307617398,0.1535,0.0,0.0,0.0,0.0,16.026042069245737,-0.2340361176871113,12.1,,74.57822277847309,0.5883607003313243,,classic,True,,ACTIVE,2.771738389862644,2.7970472246446785
00-0039163,C.J. Stroud,QB,HOU,5500,44220230,16.2274,16.2274,1.0,0.986514196764006,16.00856121814917,IND,21.97,42.44,2.0,1.0,7.9079,statline_mc+recal_10_4b,6.394522459603162,28.572937855349448,37.50825,247.7412902818527,1.3275,2.473,11.413282664683711,0.10925,0.0,0.0,0.0,0.0,17.27713375576069,-0.982168659593313,19.2,4.2,69.33698372966207,2.1230849539426404,,classic,True,,ACTIVE,1.9061785584756656,1.9235839378498383
00-0039040,De'Von Achane,RB,MIA,6500,44220322,20.0663,20.0663,1.0,0.7943302749547231,15.939307823410516,KC,17.69,45.17,2.0,1.0,8.4189,statline_mc+recal_10_4b,4.591498751113563,31.10167281198896,0.0,0.0,0.0,12.55825,53.49477104050107,0.274,5.3375,3.90875,27.65476213866089,0.142,12.840599142305228,0.8938545054943194,11.5,39.6,70.70060293620993,13.549463454765942,,classic,True,,ACTIVE,2.7415235406125973,2.7305232418062775
00-0038120,Breece Hall,RB,NYJ,6400,44220324,16.7852,16.7852,1.0,0.9465507176961876,15.888021272981344,DET,21.08,48.72,2.0,1.0,8.5885,statline_mc+recal_10_4b,4.574512645611421,32.72808137667758,0.0,0.0,0.0,12.9435,56.5922160080239,0.43625,3.8235,3.0175,23.70413145717543,0.1145,12.8689034432518,1.0051365264614098,18.5,13.0,80.1717176232195,13.508960236468406,,classic,True,,ACTIVE,6.4852101881714015,6.459188434633683
00-0038606,Parker Washington,WR,JAX,6000,44220640,14.4021,14.4021,1.0,1.0951789376000958,15.772861801829984,NE,24.39,45.83,2.0,1.0,9.3361,statline_mc+recal_10_4b,4.345620807974036,33.77231833371601,0.0,0.0,0.0,0.03675,0.3121233816248434,0.00075,8.8045,5.5535,76.92834357010139,0.43075,17.635898190177635,-0.7401848933426418,18.1,17.9,86.79072886799649,20.3992717654701,,classic,True,,ACTIVE,7.571820807287548,7.784330757203193
00-0036997,Javonte Williams,RB,DAL,6700,44220318,13.92,13.92,1.0,1.125263803864633,15.66368305535897,BAL,25.06,53.33,2.0,1.0,8.6723,statline_mc+recal_10_4b,4.500211827934891,33.16240373959591,0.0,0.0,0.0,11.4645,55.98679254437658,0.5195,3.89425,3.03875,21.67356125835234,0.1985,14.701284394179185,0.0258976750860764,16.1,,89.5257216361722,3.6074070646381275,,classic,True,,ACTIVE,15.178625632998992,15.117721754203576
00-0035228,Kyler Murray,QB,MIN,5100,44220235,15.7705,15.7705,1.0,0.9793297510888924,15.44456319388552,TB,21.81,42.5,1.0,1.0,7.9105,statline_mc+recal_10_4b,5.9780099186844575,28.437652319886315,30.01125,210.37605156743928,1.35125,4.71275,19.655267801773743,0.20475,0.0,0.0,0.0,0.0,15.637993663451889,-1.058255648989423,0.6,,69.7706508135169,0.3500281252668174,,classic,True,,ACTIVE,1.9661487958540536,1.9841017654464086
00-0039361,Bucky Irving,RB,TB,6300,44220326,16.4836,16.4836,1.0,0.9290386313630988,15.31394273831836,MIN,20.69,42.5,2.0,1.0,8.5572,statline_mc+recal_10_4b,4.384377834931041,31.486090505440824,0.0,0.0,0.0,12.0625,59.87449165031259,0.36675,4.1135,3.32475,22.027651937267816,0.12775,14.327277839994734,0.2592283795603194,17.2,,72.14119335677533,3.5135220359248147,,classic,True,,ACTIVE,3.1251321431261503,3.112592623813491
00-0037247,George Pickens,WR,DAL,6600,44220628,13.4456,13.4456,1.0,1.125263803864633,15.129880082373612,BAL,25.06,53.33,2.0,1.0,8.7989,statline_mc+recal_10_4b,4.115819141440329,31.300068611369703,0.0,0.0,0.0,0.029,0.2336289946971959,0.001,7.906,4.892,65.91310666512415,0.3995,12.729072058285228,0.6577065163914764,7.9,,91.43120177694645,2.066151334065728,,classic,True,,ACTIVE,9.865731074173343,10.227516974966324
00-0034869,Sam Darnold,QB,SEA,5400,44220231,13.6939,13.6939,1.0,1.0974240768735688,15.028022374223012,WAS,24.44,40.28,1.0,1.0,7.8643,statline_mc+recal_10_4b,5.670394523363696,27.16513936301987,30.51175,232.83125501765508,1.5525,0.0,0.0,0.0,0.0,0.0,0.0,0.0,14.93644050177027,-0.4632278264831893,0.5,2.8,67.22787412837475,0.9096310554887685,,classic,True,,ACTIVE,1.639595880831603,1.6545670849715894
00-0034855,Baker Mayfield,QB,TB,5300,44220233,16.1705,16.1705,1.0,0.9290386313630988,15.023010773605524,MIN,20.69,42.5,2.0,1.0,7.8623,statline_mc+recal_10_4b,5.666693456307679,27.36801187759588,33.07675,218.14434817790573,1.1975,3.61975,15.273319509690696,0.14675,0.0,0.0,0.0,0.0,14.710052585246547,-0.5333451044797748,13.9,,65.43740166279277,1.0545974770233244,,classic,True,,ACTIVE,1.4427613867133235,1.455935288586522
00-0040666,Omarion Hampton,RB,LAC,6800,44220316,15.3641,15.3641,1.0,0.969002110430917,14.887882489183012,BUF,21.58,50.22,2.0,1.0,8.5216,statline_mc+recal_10_4b,4.243266680417414,31.28116655442151,0.0,0.0,0.0,13.71475,61.32185818939361,0.55875,2.18275,1.66475,12.296812430653786,0.056,11.409533302692422,1.6570154271782744,13.9,,81.89194826866915,1.996817731311437,,classic,True,,ACTIVE,7.582999492648297,7.5525728853142375
00-0030565,Geno Smith,QB,NYJ,4900,44220240,15.4786,15.4786,1.0,0.9465507176961876,14.651257932768775,DET,21.08,48.72,2.0,1.0,7.8711,statline_mc+recal_10_4b,5.392153983349743,27.00829229764016,35.4135,234.5972696286995,1.22825,3.47675,12.599404175731102,0.13,0.0,0.0,0.0,0.0,16.09719776972837,-1.4525732699523122,12.4,,70.3874038977293,1.1106117941885338,,classic,True,,ACTIVE,2.054701321717622,2.0734628673483253
00-0036555,Chuba Hubbard,RB,CAR,6100,44220330,14.8629,14.8629,1.0,0.9779826675248088,14.535653531208991,CLE,21.78,41.83,2.0,1.0,8.6,statline_mc+recal_10_4b,4.126608449536419,30.831690597268043,0.0,0.0,0.0,11.39975,64.05427691985501,0.40225,2.89875,2.2485,15.455467956004156,0.102,11.36455131810547,0.767679043623076,19.1,8.1,71.25881558297078,10.346829653721986,,classic,True,,ACTIVE,2.884237038251426,2.8726641048882744
00-0037228,Jaylen Warren,RB,PIT,5700,44220338,16.3948,16.3948,1.0,0.8841358458936404,14.495258819852843,CIN,19.69,42.5,2.0,1.0,8.2357,statline_mc+recal_10_4b,4.113229721135262,28.77799106749377,0.0,0.0,0.0,9.26725,47.60623196475398,0.29625,4.72275,3.5095,25.21154001297796,0.1225,9.861955353876825,0.74998162207965,10.5,21.4,67.19433518088086,9.793224525276967,,classic,True,,ACTIVE,1.993241461069786,1.9852436265299398
00-0033537,Deshaun Watson,QB,CLE,4700,44220243,15.7319,15.7319,1.0,0.90074987651734,14.17053096240059,CAR,20.06,41.83,2.0,1.0,7.8998,statline_mc+recal_10_4b,5.037137115732837,27.06682660587466,31.41425,208.37957770591788,1.2945,4.8875,19.45715791147915,0.18525,0.0,0.0,0.0,0.0,16.787829234489582,-1.911367936984039,17.4,,56.24530663329161,1.1411147446291499,,classic,True,,ACTIVE,0.7482491191619373,0.7550814065819671
00-0039064,Zay Flowers,WR,BAL,6900,44220624,11.0302,11.0302,1.0,1.2698507730762898,14.006711995830424,DAL,28.28,53.33,1.0,0.5,8.944,statline_mc+recal_10_4b,3.714398867309794,29.14753551416502,0.0,0.0,0.0,0.06925,0.3978349908694971,0.002,4.47975,2.888,59.2098596440632,0.40125,11.440208171679764,2.2744425323371527,29.0,,62.01878660952708,2.6539862833498686,,classic,True,Questionable,QUESTIONABLE,1.7436974233587712,1.8129217346845952
00-0033119,Jacoby Brissett,QB,ARI,4800,44220241,15.3173,15.3173,1.0,0.9092814057565372,13.927707704807432,SF,20.25,48.06,2.0,1.0,7.8336,statline_mc+recal_10_4b,4.857812140000289,26.06207554731779,34.64525,216.40227788604008,1.26625,2.352,8.777294379337706,0.1,0.0,0.0,0.0,0.0,13.695416134725573,-0.9166128485679436,12.0,,64.73082424459145,1.0069896449679487,,classic,True,,ACTIVE,1.3717524614739975,1.3842779785055725
00-0040124,Tetairoa McMillan,WR,CAR,6000,44220642,14.1036,14.1036,1.0,0.9779826675248088,13.793086060113032,CLE,21.78,41.83,2.0,1.0,8.708,statline_mc+recal_10_4b,3.638048957884398,29.62144588801065,0.0,0.0,0.0,0.04025,0.2279874013333012,0.00175,8.015,4.7545,65.12619726050248,0.3375,13.482399982951003,-0.0810824060705446,14.8,9.5,73.63689501987372,12.01449185840619,,classic,True,,ACTIVE,3.4637205600535914,3.5907385431602443
00-0029604,Kirk Cousins,QB,LV,4800,44220242,15.1523,15.1523,1.0,0.9029950157908128,13.682437835393518,NO,20.11,43.61,2.0,1.0,7.8797,statline_mc+recal_10_4b,4.6766803414381135,26.36968105298462,32.629,210.39837339283096,1.58925,2.95975,8.850964196976877,0.07,0.0,0.0,0.0,0.0,16.890719662056497,-1.806843520017409,18.5,,59.78088682281423,1.247390042782377,,classic,True,,ACTIVE,0.9632157360124456,0.9720108907107949
00-0036554,Nico Collins,WR,HOU,7000,44220622,13.7214,13.7214,1.0,0.986514196764006,0.0,IND,21.97,42.44,1.0,0.5,7.2287,statline_mc+recal_10_4b,3.546293280925592,22.77972172034864,0.0,0.0,0.0,0.295,1.6430227907168875,0.0095,4.1535,2.6215,32.49241943707496,0.21725,7.436013485255704,5.948810788204563,21.2,,23.223439249720048,0.0,,classic,True,Out,OUT,0.8215924316459846,0.0
00-0038933,Dalton Kincaid,TE,BUF,5500,44221108,10.5007,10.5007,1.0,1.286015775845295,13.50401491099829,LAC,28.64,50.22,2.0,1.0,7.8597,statline_mc+recal_10_4b,2.826334427460638,30.24521407322303,0.0,0.0,0.0,0.0,0.0,0.0,6.663,4.79525,73.98178687503561,0.42325,16.672849083511522,-1.8784137765052729,21.8,,95.32566217976552,4.471302621013374,,classic,True,,ACTIVE,7.852504057300122,8.095991074254924
00-0035710,Daniel Jones,QB,IND,5000,44220237,14.6341,14.6341,1.0,0.919160018559818,13.451123388251464,HOU,20.47,42.44,2.0,1.0,7.8017,statline_mc+recal_10_4b,4.505854622223706,25.416846271105925,32.8085,209.14445620068517,1.2075,1.84875,6.845364890116609,0.1015,0.0,0.0,0.0,0.0,13.59925563967877,-0.6234413487876029,11.2,,56.22273377436081,0.44761668280358424,,classic,True,,ACTIVE,0.7470436539649428,0.7538649342424452
00-0039491,Jalen Coker,WR,CAR,5500,44220654,13.7292,13.7292,1.0,0.9779826675248088,13.426899262903907,CLE,21.78,41.83,2.0,1.0,8.7469,statline_mc+recal_10_4b,3.507173796561857,29.94869337603192,0.0,0.0,0.0,0.038,0.1972124664376175,0.0,7.28,5.0565,64.95115072793175,0.35975,15.047570151262072,-0.8434370565330287,25.7,25.3,73.98102457452961,22.59941974591645,,classic,True,,ACTIVE,3.551426207907463,3.664166246189091
00-0039067,Rashee Rice,WR,KC,6400,44220632,10.7947,10.7947,1.0,1.2334795168460282,13.315035933044095,MIA,27.47,45.17,2.0,1.0,8.2007,statline_mc+recal_10_4b,3.4671938424699604,27.2118345597075,0.0,0.0,0.0,0.038,0.2776173341980225,0.0025,5.485,3.48775,49.38102913615906,0.38525,9.106804246430269,2.137921286008389,11.1,,83.81494345520102,2.073228357432748,,classic,True,,ACTIVE,6.228555551084692,6.534309209146348
00-0036410,Tee Higgins,WR,CIN,6100,44220638,12.9023,12.9023,1.0,1.0242325365583511,13.215001906566034,PIT,22.81,42.5,2.0,1.0,8.4709,statline_mc+recal_10_4b,3.4314416814067004,27.63085019538509,0.0,0.0,0.0,0.043,0.3088142300358432,0.00175,6.90275,4.0005,57.945391269221005,0.351,11.2353654611058,0.7903313566403476,11.7,2.8,77.29475591597652,5.164414039255659,,classic,True,,ACTIVE,4.244415032237948,4.452769186229978
00-0040784,Quinshon Judkins,RB,CLE,5500,44220344,14.6233,14.6233,1.0,0.90074987651734,13.171934344619531,CAR,20.06,41.83,2.0,1.0,8.1449,statline_mc+recal_10_4b,3.674944654937989,27.12252198403525,0.0,0.0,0.0,10.387,50.519933420792455,0.30125,3.3905,2.67675,18.418853827729137,0.1255,9.836419478102613,0.6295556197673751,8.4,5.3,63.89236545682103,5.603904495270394,,classic,True,,ACTIVE,1.4763652023569018,1.4704413216633407
00-0031408,Mike Evans,WR,SF,6800,44220626,10.5466,10.5466,1.0,1.2487464639056445,13.170000850867195,ARI,27.81,48.06,2.0,1.0,8.4234,statline_mc+recal_10_4b,3.4153583040999367,28.316603385429943,0.0,0.0,0.0,0.03725,0.1607464123069592,0.00075,5.65975,3.784,54.86761105284888,0.37825,10.927988012389436,1.1566651043516156,12.7,,86.03414222955095,2.2136276270872806,,classic,True,Questionable,QUESTIONABLE,7.097095079070148,7.44548448721456
00-0023459,Aaron Rodgers,QB,PIT,5000,44220238,14.8129,14.8129,1.0,0.8841358458936404,13.096638409498636,CIN,19.69,42.5,2.0,1.0,7.7274,statline_mc+recal_10_4b,4.244067465414744,23.98117230410114,35.48525,204.43532770325763,1.107,1.58825,5.582169616268213,0.05725,0.0,0.0,0.0,0.0,11.380352484909078,-0.0052416602584877,9.3,,53.46884498480243,0.39433726625654086,,classic,True,,ACTIVE,0.6136454266758202,0.6192486433341065
00-0040715,Cam Skattebo,RB,NYG,6200,44220328,14.5408,14.5408,1.0,0.8967086258250886,13.038884407927736,TEN,19.97,37.5,2.0,1.0,8.1787,statline_mc+recal_10_4b,3.630878515905666,26.978653663784343,0.0,0.0,0.0,11.639,55.53470610898664,0.39175,2.4165,1.8675,12.289354782657515,0.062,9.694497343476073,1.2564783187633193,11.8,,60.79586089755051,0.6659200442106203,,classic,True,,ACTIVE,1.1141398900419217,1.1096694299050875
00-0039337,Malik Nabers,WR,NYG,6500,44220630,14.4449,14.4449,1.0,0.8967086258250886,12.95288619896352,TEN,19.97,37.5,2.0,1.0,7.9874,statline_mc+recal_10_4b,3.337761527509562,25.269585883688023,0.0,0.0,0.0,0.02625,0.1474827032472557,0.00075,6.519,3.8985,48.055605298970384,0.25725,8.224118939169664,2.3363273987417568,7.0,,60.95423193827449,0.7108665298556153,,classic,True,,ACTIVE,1.623195465336423,1.7028765321913637
00-0039915,Ladd McConkey,WR,LAC,5900,44220644,13.3108,13.3108,1.0,0.969002110430917,12.898215658129324,BUF,21.58,50.22,2.0,1.0,8.3378,statline_mc+recal_10_4b,3.3182222762154208,26.440085880173413,0.0,0.0,0.0,0.028,0.1520693267337155,0.0015,6.59125,4.2615,54.56430635621437,0.30275,10.118553209464189,0.9150780898345144,12.9,8.4,81.29339305711085,10.753592008998076,,classic,True,,ACTIVE,5.369946566792746,5.633551955381845
00-0030506,Travis Kelce,TE,KC,4500,44221116,10.4345,10.4345,1.0,1.2334795168460282,12.870792823361027,MIA,27.47,45.17,2.0,1.0,7.5522,statline_mc+recal_10_4b,2.655301141589814,28.54133539377617,0.0,0.0,0.0,0.0,0.0,0.0,6.69925,4.6275,62.64056662233328,0.44775,14.533219247104189,-1.2160138388723034,19.1,41.4,88.74746707193515,21.072207870328736,,classic,True,,ACTIVE,5.332818063004775,5.498175756887988
00-0033293,Aaron Jones Sr.,RB,MIN,5900,44220334,13.0883,13.0883,1.0,0.9793297510888924,12.817715639879475,TB,21.81,42.5,2.0,1.0,8.0115,statline_mc+recal_10_4b,3.557627419928082,26.099189158373065,0.0,0.0,0.0,11.27175,51.84412187751714,0.43875,1.84525,1.364,10.426360425528008,0.0355,8.310985341437577,2.008167409574962,11.8,,73.42424558475874,1.630264109924772,,classic,True,,ACTIVE,3.511761206014542,3.4976703466692416
00-0035719,Deebo Samuel Sr.,WR,SF,5300,44220662,10.1917,10.1917,1.0,1.2487464639056445,12.726891173153655,ARI,27.81,48.06,2.0,1.0,8.3616,statline_mc+recal_10_4b,3.2569909052851163,27.15126180999838,0.0,0.0,0.0,0.73575,6.065947514490179,0.0425,5.8815,3.84725,50.67583535257312,0.3665,11.837317987096837,0.3242128864473255,12.3,,88.68596409189914,4.124074772926085,,classic,True,,ACTIVE,8.434628848887813,8.702386173310796
00-0038128,Malik Willis,QB,MIA,4900,44220239,15.721,15.721,1.0,0.7943302749547231,12.48767604716766,KC,17.69,45.17,2.0,1.0,7.7325,statline_mc+recal_10_4b,3.7943487608333166,23.39415830183527,31.79575,188.2538618125298,1.01575,2.67,9.658216959539654,0.16075,0.0,0.0,0.0,0.0,12.63164707417084,-0.4870501212874956,15.1,,54.439165027713216,0.521837410294545,,classic,True,,ACTIVE,0.6576848431776414,0.6636901852025272
00-0035640,DK Metcalf,WR,PIT,5400,44220658,13.9642,13.9642,1.0,0.8841358458936404,12.346235791055694,CIN,19.69,42.5,2.0,1.0,8.0645,statline_mc+recal_10_4b,3.120944671723305,25.440167921055924,0.0,0.0,0.0,0.0325,0.2357411275803673,0.00125,7.78875,4.2955,48.75483175719575,0.3215,9.687836604463271,0.8414285025780828,7.4,,67.1125696811587,1.505693587282358,,classic,True,,ACTIVE,2.351344271766319,2.4462935937597345
00-0034383,Dalton Schultz,TE,HOU,4200,44221122,12.5028,12.5028,1.0,0.986514196764006,12.334163689215083,IND,21.97,42.44,2.0,1.0,7.3383,statline_mc+recal_10_4b,2.510357612456994,25.866528207331186,0.0,0.0,0.0,0.0,0.0,0.0,7.735,5.3035,57.36967591927128,0.36925,13.177663523450176,-1.3545539027120448,18.3,27.4,78.84118541033435,12.644479369116405,,classic,True,,ACTIVE,2.977718386159681,3.0700501776349696
00-0037240,Jameson Williams,WR,DET,5400,44220656,9.8531,9.8531,1.0,1.2411129903758364,12.22875798645974,NYJ,27.64,48.72,2.0,1.0,8.4639,statline_mc+recal_10_4b,3.0789581043607117,26.52186700863076,0.0,0.0,0.0,0.03625,0.2230588360521254,0.00225,6.16575,3.54425,55.59219860117277,0.39425,10.36256312858556,0.2712322427372502,6.9,4.9,88.04235937634594,3.176523090586509,,classic,True,,ACTIVE,8.053858512077985,8.379080307259109
00-0035685,David Montgomery,RB,HOU,6000,44220332,12.3672,12.3672,1.0,0.986514196764006,12.200458424311044,IND,21.97,42.44,2.0,1.0,8.1755,statline_mc+recal_10_4b,3.353191830131818,26.04431905626678,0.0,0.0,0.0,10.97,49.11333355759756,0.46625,2.01675,1.57375,11.326516872957342,0.07975,9.74273876042855,0.9572233812555542,16.7,,71.24548046168822,1.8469905839675862,,classic,True,,ACTIVE,2.880742643077471,2.8691837308928694
00-0040129,Emeka Egbuka,WR,TB,6200,44220636,13.0975,13.0975,1.0,0.9290386313630988,12.168074763577632,MIN,20.69,42.5,2.0,1.0,7.9171,statline_mc+recal_10_4b,3.057269920502645,24.376396243429117,0.0,0.0,0.0,0.433,2.5629545083559906,0.01725,6.07975,3.869,46.31555592041902,0.2745,9.384983707143842,1.2942237207001297,10.8,,69.06056569410433,1.6956934077520356,,classic,True,,ACTIVE,2.6149366666688194,2.743301332420942
00-0038997,Josh Downs,WR,IND,5700,44220648,13.2002,13.2002,1.0,0.919160018559818,12.133119772828262,HOU,20.47,42.44,2.0,1.0,7.9455,statline_mc+recal_10_4b,3.044777006808821,24.496465650768,0.0,0.0,0.0,0.04175,0.2479747543860338,0.00175,7.0295,4.48575,50.19604593530421,0.22975,10.181655907362789,0.8142177038592369,10.0,,67.94219078793547,2.5898854119267036,,classic,True,,ACTIVE,2.4484449745714985,2.568636727121176
00-0033288,George Kittle,TE,SF,4800,44221112,9.6374,9.6374,1.0,1.2487464639056445,12.034693016909266,ARI,27.81,48.06,2.0,1.0,7.1979,statline_mc+recal_10_4b,2.429470583867193,25.533789646595856,0.0,0.0,0.0,0.0,0.0,0.0,5.51,3.66425,49.90116679906628,0.38275,9.712619250104709,0.7088263370026393,10.6,,91.34136633376754,1.8705151423090947,,classic,True,,ACTIVE,6.211870915675716,6.404485896569621
00-0034753,Mark Andrews,TE,BAL,4400,44221118,9.4609,9.4609,1.0,1.2698507730762898,12.013900750267446,DAL,28.28,53.33,2.0,1.0,7.4169,statline_mc+recal_10_4b,2.423854592647237,26.70626207263472,0.0,0.0,0.0,0.0,0.0,0.0,6.37525,4.3975,53.69913910304229,0.47425,13.048158829634913,-1.006763160036785,9.9,,95.98112244897958,2.9669730281722804,,classic,True,,ACTIVE,8.161181543927357,8.414239897601188
00-0040676,Cam Ward,QB,TEN,5100,44220236,15.2391,15.2391,1.0,0.7871458292796097,11.995414371940182,NYG,17.53,37.5,2.0,1.0,7.614,statline_mc+recal_10_4b,3.4308135136778253,21.47396951930968,29.65525,165.15652951688617,0.94125,3.321,10.35981834163498,0.14725,0.0,0.0,0.0,0.0,10.671563995229477,0.3254213571012379,15.9,,46.3113266583229,0.4642323986275206,,classic,True,,ACTIVE,0.3680305574691445,0.3713910566446054
00-0040128,Tyler Warren,TE,IND,5300,44221110,12.9611,12.9611,1.0,0.919160018559818,11.91335849159071,HOU,20.47,42.44,2.0,1.0,6.9036,statline_mc+recal_10_4b,2.396698128578651,23.485542920830056,0.0,0.0,0.0,0.0,0.0,0.0,6.3955,4.38275,43.36965546531175,0.3235,8.96477383875717,0.964642945059536,12.4,,70.60048487480097,0.7899873619910339,,classic,True,,ACTIVE,1.8338365994852817,1.8906994040038103
00-0039338,Brock Bowers,TE,LV,6600,44221106,13.1401,13.1401,1.0,0.9029950157908128,11.86548739813315,NO,20.11,43.61,0.0,0.0,6.6687,statline_mc+recal_10_4b,2.383768146235764,22.10142262311302,0.0,0.0,0.0,0.0,0.0,0.0,5.4225,3.61775,40.35896555378023,0.253,6.14960210688781,2.459840842755124,0.0,,24.7361955420466,0.3017033916058823,,classic,True,Questionable,QUESTIONABLE,0.1228991647524011,0.12733262054564434
00-0039065,Sam LaPorta,TE,DET,4300,44221120,9.5006,9.5006,1.0,1.2411129903758364,11.791272931015271,NYJ,27.64,48.72,2.0,1.0,7.284,statline_mc+recal_10_4b,2.363722818667225,25.204596490121567,0.0,0.0,0.0,0.0,0.0,0.0,6.463,4.4435,54.06257464084403,0.422,12.123051255246446,-1.0049845330691325,13.5,31.9,91.67589376176002,12.258615768924354,,classic,True,,ACTIVE,6.335319263307311,6.531762076659943
00-0037261,Khalil Shakir,WR,BUF,4800,44220678,9.1284,9.1284,1.0,1.286015775845295,11.73921440663061,LAC,28.64,50.22,2.0,1.0,8.1948,statline_mc+recal_10_4b,2.90399522892978,25.49699024511128,0.0,0.0,0.0,0.046,0.3477503787159695,0.00025,6.43325,3.938,53.05076253100464,0.321,11.314861783713608,0.1108631156585495,7.9,,91.60220518563182,4.543631841427551,,classic,True,,ACTIVE,10.013050653249392,10.33091498376814
00-0034827,DJ Moore,WR,BUF,5800,44220646,9.0823,9.0823,1.0,1.286015775845295,11.680007233635608,LAC,28.64,50.22,2.0,1.0,8.0434,statline_mc+recal_10_4b,2.882834585301365,25.002818356342217,0.0,0.0,0.0,0.4115,2.838570617967264,0.018,5.2925,3.229,48.07017238668652,0.31375,8.965727009511465,0.9961329331702284,12.0,,88.72771125850633,2.3615348540820413,,classic,True,,ACTIVE,8.315579416742818,8.72378302104857
00-0038559,Michael Wilson,WR,ARI,5200,44220664,12.8046,12.8046,1.0,0.9092814057565372,11.642958650525568,SF,20.25,48.06,2.0,1.0,7.8755,statline_mc+recal_10_4b,2.8695934216978376,24.001944077636104,0.0,0.0,0.0,0.03475,0.1706522084426819,0.0015,6.76075,3.92025,46.75026410110805,0.26325,9.315282888059077,1.0993670195704937,7.2,,74.3364446303976,2.9620022474879995,,classic,True,,ACTIVE,3.5963556586854315,3.74157962079918
00-0036550,Rashod Bateman,WR,BAL,4700,44220684,8.9353,8.9353,1.0,1.2698507730762898,11.346557193828868,DAL,28.28,53.33,2.0,1.0,8.6353,statline_mc+recal_10_4b,2.7636595410744373,26.733196575622895,0.0,0.0,0.0,0.03,0.1797697379482333,0.0015,5.6345,3.5825,56.56740077010642,0.42925,11.73062002472531,-0.9536598569765982,10.9,,91.09021018175554,3.919200512515103,,classic,True,,ACTIVE,9.715980015688466,10.02441383770435
00-0040719,Bhayshul Tuten,RB,JAX,5600,44220340,10.3511,10.3511,1.0,1.0951789376000958,11.336350448817294,NE,24.39,45.83,2.0,1.0,8.1818,statline_mc+recal_10_4b,3.066999268648288,26.053842556239218,0.0,0.0,0.0,10.747,54.88614905274261,0.37875,2.0365,1.578,12.678765629663504,0.06575,10.661972936733596,-0.1218910194233178,12.0,,78.39044837793273,0.9970001156627059,,classic,True,,ACTIVE,5.515656369398791,5.493524927783371
00-0041027,Jeremiyah Love,RB,ARI,5500,44220342,12.4174,12.4174,1.0,0.9092814057565372,11.290925401227817,SF,20.25,48.06,2.0,1.0,7.6105,statline_mc+recal_10_4b,3.0519544928866527,23.41197355297313,0.0,0.0,0.0,8.457,37.83389435147147,0.31625,3.2895,2.4755,16.58948534874134,0.09075,9.153379625483478,0.6478374312065345,10.3,,71.58049744720583,1.8865448786209373,,classic,True,,ACTIVE,2.969828516748929,2.9579121495889127
00-0041512,Jadarian Price,RB,SEA,5300,44220352,10.2564,10.2564,1.0,1.0974240768735688,11.255581494462984,WAS,24.44,40.28,2.0,1.0,7.9415,statline_mc+recal_10_4b,3.04024859096614,25.488558560694717,0.0,0.0,0.0,9.1665,54.31740034031794,0.29425,2.17475,1.63525,11.763342924981163,0.06875,9.36751022078204,0.3795071679330739,6.9,,71.06447543556429,1.3214011486065618,,classic,True,,ACTIVE,2.8337278908068515,2.822357624211325
00-0039424,Devaughn Vele,WR,NO,4400,44220700,10.576,10.576,1.0,1.0552154585322775,11.159945461508016,LV,23.5,43.61,2.0,1.0,8.301,statline_mc+recal_10_4b,2.6969645079429645,25.080260885482915,0.0,0.0,0.0,0.0315,0.1064249634876124,0.0,6.359,4.16475,53.40014110425911,0.289,11.166286344370342,-0.5047111452666577,15.7,,78.42969740226178,4.081334218319657,,classic,True,,ACTIVE,4.613726622545994,4.760189391472085
00-0031503,Jameis Winston,QB,NYG,4000,44220261,12.4041,12.4041,1.0,0.8967086258250886,11.122887843223385,TEN,19.97,37.5,1.0,1.0,7.6289,statline_mc+recal_10_4b,2.786452672220469,20.99482110945775,31.12025,181.79972840365105,1.08425,1.71475,6.255716598274313,0.1015,0.0,0.0,0.0,0.0,10.690411223380275,-1.1449229527500897,3.5,4.2,48.03115501519757,0.8476039235185683,,classic,True,,ACTIVE,0.4161354690299214,0.41993521574163933
00-0036875,Rhamondre Stevenson,RB,NE,5400,44220346,11.4441,11.4441,1.0,0.9627157204651928,11.017408481590982,JAX,21.44,45.83,2.0,1.0,7.7322,statline_mc+recal_10_4b,2.9613656891029327,23.16471428211537,0.0,0.0,0.0,8.536,38.06105018324773,0.25725,3.41925,2.57425,19.488045740775405,0.111,10.045703879207997,0.1882488891886691,9.6,,72.57961340564594,1.5132617674436877,,classic,True,,ACTIVE,3.252204051477426,3.2391546591175198
00-0035261,Tony Pollard,RB,TEN,5400,44220348,13.9889,13.9889,1.0,0.7871458292796097,11.011292909158792,NYG,17.53,37.5,2.0,1.0,7.6906,statline_mc+recal_10_4b,2.959340211513392,23.38875530581328,0.0,0.0,0.0,9.9945,50.06004198935689,0.28575,1.80725,1.3495,7.664146936601819,0.058,7.100983591186189,1.4833740165629212,6.0,,55.3113266583229,0.9243092962873862,,classic,True,,ACTIVE,0.6767107746122457,0.673995488525544
00-0036973,Travis Etienne Jr.,RB,NO,5800,44220336,10.3745,10.3745,1.0,1.0552154585322775,10.947334220126349,LV,23.5,43.61,2.0,1.0,7.6464,statline_mc+recal_10_4b,2.938157093705846,22.425869993859912,0.0,0.0,0.0,7.8875,39.07879944574283,0.2555,3.04175,2.34125,15.753158505264503,0.12,10.788207389810497,0.6033884250256136,11.0,,74.86456284641515,0.8802501338739454,,classic,True,,ACTIVE,3.92065768039521,3.98698403654835
00-0038563,Tre Tucker,WR,LV,5000,44220672,11.9789,11.9789,1.0,0.9029950157908128,10.816887544055223,NO,20.11,43.61,2.0,1.0,8.006,statline_mc+recal_10_4b,2.5743556082453365,22.95961628630052,0.0,0.0,0.0,0.026,0.1187946329737108,0.00025,5.5025,3.3815,46.56987467118714,0.2575,8.887797052314957,0.8827706136391367,15.3,,68.23385181447891,2.7119191274524126,,classic,True,,ACTIVE,2.490814211915347,2.6130858286006053
00-0037838,Isaiah Likely,TE,NYG,4700,44221114,11.9583,11.9583,1.0,0.8967086258250886,10.723150028021736,TEN,19.97,37.5,2.0,1.0,6.8961,statline_mc+recal_10_4b,2.07522282256867,22.317885805264066,0.0,0.0,0.0,0.0,0.0,0.0,6.63975,4.5365,44.908136144907736,0.31225,12.262585059274228,-0.4699135864690387,18.1,,63.75904617166015,3.083874817757119,,classic,True,,ACTIVE,1.2262646808011874,1.2642881605659306
00-0031588,Stefon Diggs,WR,WAS,5500,44220652,14.9119,14.9119,1.0,0.71081109398153,10.599546938739994,SEA,15.83,40.28,2.0,1.0,7.4394,statline_mc+recal_10_4b,2.496678075905674,20.47048647891875,0.0,0.0,0.0,0.02725,0.12391291555383,0.001,6.431,3.96175,36.92409168621018,0.21075,8.987440680562516,1.4287464785635944,18.6,,56.20919114480145,1.085347632600529,,classic,True,,ACTIVE,1.2176726236479307,1.2881394007171945
00-0041438,Carnell Tate,WR,TEN,5000,44220670,13.3538,13.3538,1.0,0.7871458292796097,10.511377163295956,NYG,17.53,37.5,2.0,1.0,7.4965,statline_mc+recal_10_4b,2.465166198161975,21.37038183343089,0.0,0.0,0.0,0.03525,0.1581053818440811,0.0005,5.6555,3.52225,39.386631043499975,0.20525,8.043483910570142,1.518903520761551,6.8,,56.92361529847531,1.3050746288262651,,classic,True,,ACTIVE,1.2805652978845945,1.3434269872447906
00-0032268,Marcus Mariota,QB,WAS,4500,44220245,14.7216,14.7216,1.0,0.71081109398153,10.464277051671209,SEA,15.83,40.28,1.0,1.0,7.5497,statline_mc+recal_10_4b,2.300068602659186,19.743202615797017,33.2915,169.68335810021722,1.06475,0.7225,2.0642172334289963,0.0425,0.0,0.0,0.0,0.0,10.674286551268391,-0.4744789956803803,8.7,,42.59261576971215,0.334195302384626,,classic,True,,ACTIVE,0.2821796048941455,0.284756196186183
00-0041037,Denzel Boston,WR,CLE,4500,44220692,11.6,11.6,1.0,0.90074987651734,10.44868831571542,CAR,20.06,41.83,2.0,1.0,8.0171,statline_mc+recal_10_4b,2.4427612040366906,23.225536481867444,0.0,0.0,0.0,0.03225,0.1014197269675622,0.00075,5.72,3.5295,49.42502795639717,0.29475,9.917321059782417,-0.1799564526210542,17.2,30.5,63.22077698337497,11.66672658320326,,classic,True,,ACTIVE,1.8702240058655464,1.9457452740460475
00-0035659,Terry McLaurin,WR,WAS,5100,44220668,14.5371,14.5371,1.0,0.71081109398153,10.333103913358688,SEA,15.83,40.28,2.0,1.0,7.2617,statline_mc+recal_10_4b,2.401451338634395,20.122247851311972,0.0,0.0,0.0,0.024,0.1023271445916359,0.001,6.274,3.387,37.95510767954245,0.20275,7.500919136290073,1.6743604309452795,5.2,2.8,56.59380652941684,4.001795284216358,,classic,True,,ACTIVE,1.255961109236718,1.3176150032066316
00-0037816,Romeo Doubs,WR,NE,5100,44220666,10.6636,10.6636,1.0,0.9627157204651928,10.265976345504686,JAX,21.44,45.83,2.0,1.0,7.7423,statline_mc+recal_10_4b,2.377459945883375,21.18325111440555,0.0,0.0,0.0,0.03175,0.1556283917133651,0.00125,4.94125,2.8995,44.223907665089634,0.22775,7.180438657921603,1.2320227398243857,6.3,,72.50882935653372,1.9428276247315712,,classic,True,,ACTIVE,3.2029713214782314,3.360202029332793
00-0041547,KC Concepcion Jr.,WR,CLE,4300,44220704,11.2622,11.2622,1.0,0.90074987651734,10.144386052275618,CAR,20.06,41.83,2.0,1.0,7.7117,statline_mc+recal_10_4b,2.334003575083305,20.45243427639515,0.0,0.0,0.0,1.275,6.323450311983784,0.03475,5.5515,3.77025,37.669773409036615,0.1995,9.41214972279128,0.3325636801735783,8.5,,62.45154621414421,1.7669869006484062,,classic,True,,ACTIVE,1.802446055412111,1.859664712197175
00-0037664,Alec Pierce,WR,IND,5600,44220650,10.9518,10.9518,1.0,0.919160018559818,0.0,HOU,20.47,42.44,2.0,1.0,6.7469,statline_mc+recal_10_4b,2.3061557435404936,17.04840973680296,0.0,0.0,0.0,0.04075,0.2527033533674396,0.0005,3.36675,2.1545,26.248591667407705,0.1495,5.71779327275121,4.230088722714017,6.1,,27.355146253522513,0.0,,classic,True,Injured Reserve,OUT,1.868527459456715,0.0
00-0039890,Adonai Mitchell,WR,NYJ,4300,44220706,10.6263,10.6263,1.0,0.9465507176961876,0.0,DET,21.08,48.72,2.0,1.0,8.1876,statline_mc+recal_10_4b,2.3032582253274247,23.41994923039521,0.0,0.0,0.0,0.02425,0.0921389804316061,0.00025,6.694,4.066,50.32098819233602,0.2735,11.922323109013623,-1.0717017062878842,10.7,5.6,33.58959489558594,0.0,,classic,True,Out,OUT,3.8448297776517615,0.0
00-0039880,Malik Washington,WR,MIA,4200,44220710,12.5579,12.5579,1.0,0.7943302749547231,9.97508804284622,KC,17.69,45.17,2.0,1.0,7.7071,statline_mc+recal_10_4b,2.2734964665132398,21.488895475883453,0.0,0.0,0.0,0.38825,1.854902759196508,0.0115,6.3995,3.7825,43.01930422595055,0.2135,9.56219400390384,0.0401673443315129,8.0,12.3,65.91546890958985,6.943560505314362,,classic,True,,ACTIVE,2.194074379076763,2.27995650897159
00-0039893,Brian Thomas Jr.,WR,JAX,4600,44220690,9.0921,9.0921,1.0,1.0951789376000958,9.957454757214965,NE,24.39,45.83,2.0,1.0,7.9972,statline_mc+recal_10_4b,2.2671943302286275,22.630367977264303,0.0,0.0,0.0,0.036,0.2514944124177934,0.00025,5.6055,3.34225,46.39168298960492,0.29275,10.566915463724015,-0.151112982987307,7.0,,78.49113372629608,2.527443818497049,,classic,True,,ACTIVE,4.521458486315145,4.77742336883466
00-0038544,Quentin Johnston,WR,LAC,4900,44220674,10.1931,10.1931,1.0,0.969002110430917,9.877159942977238,BUF,21.58,50.22,2.0,1.0,7.3755,statline_mc+recal_10_4b,2.238496963620065,20.1911590390788,0.0,0.0,0.0,0.39425,2.0847223094812284,0.016,5.8265,3.17325,38.30485733619028,0.254,8.966411248167061,0.7819519784100866,3.1,,76.21242139719183,1.4352027299663113,,classic,True,,ACTIVE,3.954256976039213,4.1781119390754275
00-0033921,Chris Godwin Jr.,WR,TB,5300,44220660,10.5142,10.5142,1.0,0.9290386313630988,9.768074593227176,MIN,20.69,42.5,2.0,1.0,7.4927,statline_mc+recal_10_4b,2.1995098596193925,20.08712766301457,0.0,0.0,0.0,0.7085,3.835474377762453,0.025,4.44,2.97375,37.94972833140433,0.1685,7.323846643809294,1.1775543223104972,8.6,,65.80145638236344,0.8354606670387102,,classic,True,,ACTIVE,2.125586340718685,2.264716869115133
00-0033090,Hunter Henry,TE,NE,3900,44221128,10.0946,10.0946,1.0,0.9627157204651928,9.718186147158484,JAX,21.44,45.83,2.0,1.0,6.5418,statline_mc+recal_10_4b,1.8037820783475067,19.59666113447008,0.0,0.0,0.0,0.0,0.0,0.0,5.172,3.54125,38.60799306104441,0.25325,7.254113573434568,0.5803868410540396,6.3,6.3,78.34925459545519,5.020927046565055,,classic,True,,ACTIVE,2.8927865978679854,2.982484861538018
00-0039894,Xavier Worthy,WR,KC,4400,44220698,7.8693,7.8693,1.0,1.2334795168460282,9.706649912590166,MIA,27.47,45.17,2.0,1.0,7.7587,statline_mc+recal_10_4b,2.177556678759725,22.590189164344856,0.0,0.0,0.0,0.03075,0.1985861542390804,0.001,5.583,3.46825,42.62086601970633,0.3565,10.3610702655008,-0.5020453048043745,9.2,21.4,79.38174507463421,7.842340293644014,,classic,True,,ACTIVE,4.764647314885377,5.034379392243339
00-0040734,TreVeyon Henderson,RB,NE,5200,44220354,9.8416,9.8416,1.0,0.9627157204651928,9.474663047184944,JAX,21.44,45.83,1.0,0.5,7.2515,statline_mc+recal_10_4b,2.450408401227654,19.415774348187675,0.0,0.0,0.0,6.12375,36.79342590464713,0.262,1.65375,1.2265,9.07245565121698,0.03375,5.509219049740179,1.651074891598535,13.6,,47.40300375469337,0.5838393874302407,,classic,True,,ACTIVE,0.3251439757236295,0.3284172723056943
00-0040663,Harold Fannin Jr.,TE,CLE,4000,44221126,10.5031,10.5031,1.0,0.90074987651734,9.46066758810153,CAR,20.06,41.83,2.0,1.0,6.4867,statline_mc+recal_10_4b,1.734226315546223,19.119283131443037,0.0,0.0,0.0,0.0,0.0,0.0,5.34525,3.653,37.239199210065856,0.2425,7.778619680321332,0.429247667094943,7.3,6.0,65.90316977854971,3.1254710450592373,,classic,True,,ACTIVE,1.3911039241675516,1.4342386672123242
00-0030279,Keenan Allen,WR,IND,4600,44220688,10.2652,10.2652,1.0,0.919160018559818,9.435402256094411,HOU,20.47,42.44,2.0,1.0,7.269,statline_mc+recal_10_4b,2.0806127663281435,18.71367505365849,0.0,0.0,0.0,0.036,0.1314274987699188,0.0015,5.5035,3.423,34.99302120269394,0.209,7.514308626849217,1.0369573859480266,5.4,,63.650692812226964,2.1216770435898935,,classic,True,,ACTIVE,1.8886598493989604,1.9955790211515938
DST_KC,Chiefs,DST,KC,3700,44221399,9.215487855,9.215487855,1.3032511972930294,1.2711837975867917,9.215487855,MIA,27.47,45.17,,,5.9139,dst_simulated_session_10_4+recal_10_4b,0.0,0.0,0.0,0.0,0.0,0.0,0.0,0.0,0.0,0.0,0.0,0.0,9.215487855,0.0,6.5,,75.79874912321719,2.3817525885065005,,classic,True,,ACTIVE,13.120749399707233,13.120749399707233
00-0034960,Jakobi Meyers,WR,JAX,4800,44220680,8.3908,8.3908,1.0,1.0951789376000958,9.189475853500284,NE,24.39,45.83,2.0,1.0,7.2023,statline_mc+recal_10_4b,1.992718670041001,18.32588101404204,0.0,0.0,0.0,0.2855,1.6584600435940071,0.013,3.99875,2.539,32.62199429522832,0.216,5.247743184061889,1.6534304196180507,8.0,,75.81906894896817,0.9567388424521549,,classic,True,,ACTIVE,3.8317400332886873,4.082547071938099
00-0038117,Wan'Dale Robinson,WR,TEN,4500,44220696,11.5738,11.5738,1.0,0.7871458292796097,9.11029592892524,NYG,17.53,37.5,2.0,1.0,6.6629,statline_mc+recal_10_4b,1.9644197649978807,16.712816313662916,0.0,0.0,0.0,0.036,0.2504655923351481,0.001,4.6375,3.0195,28.905396033359825,0.1475,5.331149415889358,2.132459766355743,5.4,,53.80620639159272,0.42280360210581885,,classic,True,,ACTIVE,1.0584230022886691,1.1183415264234686
00-0036894,Pat Freiermuth,TE,PIT,3800,44221130,10.239,10.239,1.0,0.8841358458936404,9.052635200012286,CIN,19.69,42.5,2.0,1.0,6.514,statline_mc+recal_10_4b,1.6240167675233188,18.516424114076308,0.0,0.0,0.0,0.0,0.0,0.0,4.938,3.546,35.93784774543302,0.217,6.846249651265192,0.4218504254689836,11.5,,66.97224634534665,1.0487764111833737,,classic,True,,ACTIVE,1.4813953962048414,1.5273298577881076
00-0038618,Xavier Hutchinson,WR,HOU,4000,44220722,9.1747,9.1747,1.0,0.986514196764006,9.050998652953531,IND,21.97,42.44,2.0,1.0,7.5168,statline_mc+recal_10_4b,1.943226918565592,19.67400446125764,0.0,0.0,0.0,0.0,0.0,0.0,5.90975,3.285,41.7763544291302,0.2135,8.651070723542881,0.0143632100405106,6.5,58.9,68.81805065035748,10.94710281169755,,classic,True,,ACTIVE,2.5809693537391323,2.704444336123044
00-0040583,Woody Marks,RB,HOU,5000,44220360,9.1457,9.1457,1.0,0.986514196764006,9.022358789127557,IND,21.97,42.44,2.0,1.0,7.0911,statline_mc+recal_10_4b,2.3006052309590466,18.893340478342505,0.0,0.0,0.0,7.9725,31.027841749368868,0.20325,2.6965,2.083,14.53403537561019,0.07775,8.543683201540626,0.5196710766296473,6.8,,66.6703170629954,0.6517899926812745,,classic,True,,ACTIVE,1.86139830187315,1.8928878571409395
00-0036139,Rico Dowdle,RB,PIT,4700,44220372,10.1706,10.1706,1.0,0.8841358458936404,0.0,CIN,19.69,42.5,2.0,1.0,6.6089,statline_mc+recal_10_4b,2.2906284805129697,16.728316898922643,0.0,0.0,0.0,6.6555,21.902343185290693,0.14775,2.56775,1.86675,13.098775427332024,0.0645,6.512597255819088,2.265123889078822,5.3,,20.42962929852792,0.0,,classic,True,Out,OUT,0.8937074013230026,0.0
DST_NYG,Giants,DST,NYG,3400,44221402,8.953185847500002,8.953185847500002,1.2661565354904785,1.2827861596868422,8.953185847500002,TEN,19.97,37.5,,,5.6018,dst_simulated_session_10_4+recal_10_4b,0.0,0.0,0.0,0.0,0.0,0.0,0.0,0.0,0.0,0.0,0.0,0.0,8.953185847500002,0.0,3.5,,55.76192424596681,1.4649004088728605,,classic,True,,ACTIVE,3.450111590576519,3.450111590576519
00-0038994,Jordan Addison,WR,MIN,4900,44220676,9.089,9.089,1.0,0.9793297510888924,8.901123400183215,TB,21.81,42.5,2.0,1.0,7.1459,statline_mc+recal_10_4b,1.8896615032254809,18.27382965359277,0.0,0.0,0.0,0.0225,0.1120504226007993,0.001,5.08625,2.898,34.86225864518028,0.21475,6.907237655380846,0.995692493405106,2.1,,67.96117236626755,0.6576732816762362,,classic,True,,ACTIVE,2.4135285517338625,2.5715063747326248
00-0033906,Alvin Kamara,RB,NO,4800,44220370,8.4274,8.4274,1.0,1.0552154585322775,8.892678407285324,LV,23.5,43.61,1.0,0.5,6.9003,statline_mc+recal_10_4b,2.257655088492899,17.604759061924653,0.0,0.0,0.0,4.71325,26.44103879105404,0.177,2.92775,2.2385,13.1295139380014,0.0795,5.933055145974089,1.0361231343797792,7.2,,48.06299168603612,1.0737715173624385,,classic,True,,ACTIVE,0.3431785777520836,0.34872507964676464
00-0033555,Mack Hollins,WR,NE,4200,44220712,9.2338,9.2338,1.0,0.9627157204651928,8.889523908517308,JAX,21.44,45.83,2.0,1.0,7.1827,statline_mc+recal_10_4b,1.8855158449040856,18.104317135906605,0.0,0.0,0.0,0.027,0.1327530898561539,0.001,4.279,2.82275,34.958156065666216,0.19175,6.261170525636386,1.1854329929650715,6.5,,70.60599534843655,1.0593994991188171,,classic,True,,ACTIVE,2.843406901663268,3.0043753846742782
00-0036040,Juwan Johnson,TE,NO,3700,44221132,8.4088,8.4088,1.0,1.0552154585322775,8.873129484311315,LV,23.5,43.61,2.0,1.0,6.596,statline_mc+recal_10_4b,1.5755322737124864,18.85534332349546,0.0,0.0,0.0,0.0,0.0,0.0,4.89125,3.2025,39.06639170121088,0.26325,8.21867204765062,-0.0640096858097738,12.5,,79.47640758431032,1.657793643840024,,classic,True,,ACTIVE,3.0910887504345927,3.1869358806613093
00-0037263,Tyler Allgeier,RB,ARI,5000,44220358,9.5694,9.5694,1.0,0.9092814057565372,8.701314957911993,SF,20.25,48.06,2.0,1.0,7.2998,statline_mc+recal_10_4b,2.194275514060452,18.578606133772556,0.0,0.0,0.0,8.48975,34.96569052792607,0.26275,1.85925,1.44625,9.675153153642274,0.05675,7.0736955674956485,0.6939805897551583,6.5,,67.16873274132347,0.6493147421281446,,classic,True,,ACTIVE,1.9303973078578849,1.9806283559895834
DST_SEA,Seahawks,DST,SEA,3800,44221398,8.6917840965,8.6917840965,1.2291891876597925,1.4205458862482845,8.6917840965,WAS,24.44,40.28,,,5.6009,dst_simulated_session_10_4+recal_10_4b,0.0,0.0,0.0,0.0,0.0,0.0,0.0,0.0,0.0,0.0,0.0,0.0,8.6917840965,0.0,10.5,,55.08534019172317,5.754943360373905,,classic,True,,ACTIVE,3.2979496988297408,3.2979496988297408
00-0041523,Caleb Douglas,WR,MIA,3900,44220732,10.9188,10.9188,1.0,0.7943302749547231,0.0,KC,17.69,45.17,2.0,1.0,7.185,statline_mc+recal_10_4b,1.808189464946529,17.762158968646638,0.0,0.0,0.0,0.03025,0.1751454304207764,0.00025,4.9045,3.102,34.57868328157905,0.18,7.63814422141249,0.7940329512581297,9.2,,22.59563085290969,0.0,,classic,True,Out,OUT,1.7898652772338774,0.0
DST_DET,Lions,DST,DET,3500,44221401,8.5397225895,8.5397225895,1.2076847004120113,1.0667571811817051,8.5397225895,NYJ,27.64,48.72,,,6.0002,dst_simulated_session_10_4+recal_10_4b,0.0,0.0,0.0,0.0,0.0,0.0,0.0,0.0,0.0,0.0,0.0,0.0,8.5397225895,0.0,4.0,,74.60106382978724,2.032564761071629,,classic,True,,ACTIVE,12.113847436971245,12.113847436971243
00-0039901,Keon Coleman,WR,BUF,4300,44220708,6.5802,6.5802,1.0,1.286015775845295,8.462190299047862,LAC,28.64,50.22,2.0,1.0,7.6998,statline_mc+recal_10_4b,1.7327868128797057,20.02005152826887,0.0,0.0,0.0,0.035,0.2245526379970586,0.001,4.12225,2.7855,42.7671483558036,0.227,8.944570827508748,-0.3002298003322039,6.7,,83.32285295891117,0.6760599684007567,,classic,True,Questionable,QUESTIONABLE,5.986345435713204,6.347875153302093
DST_CAR,Panthers,DST,CAR,3000,44221406,8.4244897575,8.4244897575,1.191388512013262,1.1209990717502665,8.4244897575,CLE,21.78,41.83,,,5.9507,dst_simulated_session_10_4+recal_10_4b,0.0,0.0,0.0,0.0,0.0,0.0,0.0,0.0,0.0,0.0,0.0,0.0,8.4244897575,0.0,13.0,,61.329202712181434,9.936320293952138,,classic,True,,ACTIVE,5.000602840980612,5.000602840980612
00-0040242,Jacory Croskey-Merritt,RB,WAS,5300,44220350,11.8019,11.8019,1.0,0.71081109398153,8.388937548824359,SEA,15.83,40.28,2.0,1.0,6.9397,statline_mc+recal_10_4b,2.090816116170628,17.42757129217832,0.0,0.0,0.0,9.79425,35.44959901176248,0.2495,1.18325,0.909,4.508482604563476,0.02675,5.691634270111475,1.6541293871917624,9.2,,51.98477263245724,0.5282263012190838,,classic,True,,ACTIVE,0.4854717554406222,0.49810426120244355
DST_BUF,Bills,DST,BUF,2800,44221409,8.3234973465,8.3234973465,1.1771061991694716,1.0420408424147518,8.3234973465,LAC,28.64,50.22,,,5.9685,dst_simulated_session_10_4+recal_10_4b,0.0,0.0,0.0,0.0,0.0,0.0,0.0,0.0,0.0,0.0,0.0,0.0,8.3234973465,0.0,4.5,,79.13256955810147,6.316330533345385,,classic,True,,ACTIVE,16.386365161231346,16.386365161231346
00-0039410,Ryan Flournoy,WR,DAL,3800,44220738,7.3938,7.3938,1.0,1.125263803864633,8.319958821501782,BAL,25.06,53.33,2.0,1.0,7.5039,statline_mc+recal_10_4b,1.6819532828047368,18.150224145093176,0.0,0.0,0.0,0.02925,0.1815509679889617,0.001,5.03125,3.1805,37.637872452934666,0.2365,8.976602073148788,-0.3092335205905794,5.8,,81.43120177694645,1.8942723023727095,,classic,True,,ACTIVE,5.355946913019223,5.679405356184428
00-0037256,Rachaad White,RB,WAS,5100,44220356,11.7018,11.7018,1.0,0.71081109398153,8.317757193371387,SEA,15.83,40.28,2.0,1.0,6.7784,statline_mc+recal_10_4b,2.0672411824446035,16.41594291144428,0.0,0.0,0.0,5.73725,20.12544344387157,0.11725,3.49825,2.7755,17.697969588782655,0.076,7.045718678756013,0.5101658901059629,9.5,,52.31157001807815,0.5450260523688515,,classic,True,,ACTIVE,0.5001109446197588,0.5131243780866038
00-0035229,T.J. Hockenson,TE,MIN,3200,44221148,8.3885,8.3885,1.0,0.9793297510888924,8.215082967110131,TB,21.81,42.5,2.0,1.0,6.4905,statline_mc+recal_10_4b,1.3977939094164469,17.65164740176941,0.0,0.0,0.0,0.0,0.0,0.0,4.918,3.36625,34.996147826783485,0.2505,8.280740025834264,-0.3397818155682177,9.8,,74.43931828050368,1.9418920689678125,,classic,True,,ACTIVE,2.2984247671726235,2.3696933187289426
00-0038608,Kayshon Boutte,WR,HOU,4500,44220694,8.244,8.244,1.0,0.986514196764006,8.13279105523574,IND,21.97,42.44,2.0,1.0,7.0179,statline_mc+recal_10_4b,1.6150595231412537,17.252847642690867,0.0,0.0,0.0,0.0375,0.3400760015565407,0.00225,3.92025,2.35475,32.653019669619965,0.2035,5.415266227664007,1.054481488118089,4.9,,65.51845550865707,0.4805928495697806,,classic,True,,ACTIVE,2.083039864313084,2.227327949961747
00-0038129,Cade Otton,TE,TB,3100,44221152,8.7438,8.7438,1.0,0.9290386313630988,8.12330290085292,MIN,20.69,42.5,2.0,1.0,6.3026,statline_mc+recal_10_4b,1.373004113520374,16.732959044935846,0.0,0.0,0.0,0.0,0.0,0.0,4.7055,3.21325,32.28100587275733,0.216,7.74509161903319,0.2207023135771875,7.2,,70.60591257779707,1.4587943860191055,,classic,True,,ACTIVE,1.834422194163978,1.8913031565465992
DST_NO,Saints,DST,NO,3300,44221403,7.994330833499999,7.994330833499999,1.1305555814565666,1.1182119034962876,7.994330833499999,LV,23.5,43.61,,,5.797,dst_simulated_session_10_4+recal_10_4b,0.0,0.0,0.0,0.0,0.0,0.0,0.0,0.0,0.0,0.0,0.0,0.0,7.994330833499999,0.0,5.0,,60.65641805003507,1.7506206930642187,,classic,True,,ACTIVE,4.781269813349784,4.781269813349784
00-0038041,Jake Ferguson,TE,DAL,4100,44221124,7.0537,7.0537,1.0,1.125263803864633,7.937305974508525,BAL,25.06,53.33,2.0,1.0,6.2995,statline_mc+recal_10_4b,1.3227663437147528,16.99559302458399,0.0,0.0,0.0,0.0,0.0,0.0,4.4915,3.17,30.72537236671144,0.278,7.140782406318837,-0.1052312621626194,11.5,,86.36579099724996,0.6960829059501592,,classic,True,,ACTIVE,4.571199398219408,4.779413135786777
DST_IND,Colts,DST,IND,2500,44221415,7.8137884845,7.8137884845,1.1050233430988672,1.023543075981354,7.8137884845,HOU,20.47,42.44,,,5.7866,dst_simulated_session_10_4+recal_10_4b,0.0,0.0,0.0,0.0,0.0,0.0,0.0,0.0,0.0,0.0,0.0,0.0,7.8137884845,0.0,0.5,,60.44219078793547,5.9937900311332575,,classic,True,,ACTIVE,4.713469896033725,4.713469896033725
DST_TEN,Titans,DST,TEN,2400,44221417,7.766320414500001,7.766320414500001,1.098310424582337,1.1260511456840434,7.766320414500001,NYG,17.53,37.5,,,5.7634,dst_simulated_session_10_4+recal_10_4b,0.0,0.0,0.0,0.0,0.0,0.0,0.0,0.0,0.0,0.0,0.0,0.0,7.766320414500001,0.0,3.5,,57.551145662847794,6.766046707851375,,classic,True,,ACTIVE,3.887195721350936,3.8871957213509356
00-0038797,Emanuel Wilson,RB,SEA,4900,44220364,7.0764,7.0764,1.0,1.0974240768735688,7.765845301032229,WAS,24.44,40.28,2.0,1.0,7.2247,statline_mc+recal_10_4b,1.8844479637018745,17.923868291517206,0.0,0.0,0.0,9.82425,39.25574241427218,0.263,0.9855,0.72225,5.933857209602512,0.032,8.421686998706193,0.5311353386447601,4.8,,65.47624014144665,0.5583818092749608,,classic,True,,ACTIVE,1.6551023951547696,1.698169968723947
00-0038935,Brenton Strange,TE,JAX,3400,44221140,7.0498,7.0498,1.0,1.0951789376000958,7.720789098615976,NE,24.39,45.83,2.0,1.0,6.2361,statline_mc+recal_10_4b,1.2642851355361753,16.01923544414822,0.0,0.0,0.0,0.0,0.0,0.0,3.83875,2.5995,30.84665857308114,0.2245,5.5261525248175145,0.5358732413078622,7.0,4.9,80.15848892748588,4.98010435882591,,classic,True,,ACTIVE,3.2176323923357244,3.3174033325542944
00-0037545,Rashid Shaheed,WR,SEA,4200,44220714,7.0172,7.0172,1.0,1.0974240768735688,7.700810414636656,WAS,24.44,40.28,2.0,1.0,7.2831,statline_mc+recal_10_4b,1.4606696421911407,17.771355599087126,0.0,0.0,0.0,0.4075,2.451668355481309,0.0115,4.561,2.65425,34.905634269049706,0.2075,8.37109883011567,-0.2321698478164462,4.2,,65.62177743868673,0.449173587484538,,classic,True,,ACTIVE,2.095738632855111,2.2409063372928433
00-0036252,Michael Pittman Jr.,WR,PIT,4700,44220682,8.6494,8.6494,1.0,0.8841358458936404,7.647248121780256,CIN,19.69,42.5,1.0,0.8791578009696391,6.6115,statline_mc+recal_10_4b,1.4415264787242636,14.80600442491324,0.0,0.0,0.0,0.05,0.3141180244063203,0.00175,3.92075,2.49925,26.821364429451368,0.1595,5.289739553538695,1.3246998763944875,8.8,,52.98092898286164,0.7059749596733098,,classic,True,,ACTIVE,0.9766484341041404,1.0653475436202
00-0041052,Kaelon Black,RB,SF,4800,44220366,6.1141,6.1141,1.0,1.2487464639056445,7.634908265866146,ARI,27.81,48.06,2.0,1.0,7.2863,statline_mc+recal_10_4b,1.8410816176548677,17.603121906991777,0.0,0.0,0.0,8.75225,41.656498864266645,0.2585,0.8255,0.62375,6.079379268317966,0.03025,7.839476255797106,0.2655704526076858,5.3,,77.53317639112383,0.735462160177748,,classic,True,,ACTIVE,4.952774827375885,5.081651442426426
DST_HOU,Texans,DST,HOU,3200,44221404,7.577430232500001,7.577430232500001,1.0715976384855237,1.0985462325017268,7.577430232500001,IND,21.97,42.44,,,5.7613,dst_simulated_session_10_4+recal_10_4b,0.0,0.0,0.0,0.0,0.0,0.0,0.0,0.0,0.0,0.0,0.0,0.0,7.577430232500001,0.0,2.0,,47.33019639934535,2.193444850391251,,classic,True,,ACTIVE,1.9665709387362995,1.9665709387362995
00-0039066,Michael Mayer,TE,LV,3300,44221144,8.3871,8.3871,1.0,0.9029950157908128,7.57354263549332,NO,20.11,43.61,2.0,1.0,6.0711,statline_mc+recal_10_4b,1.2245138658467458,15.60287389448376,0.0,0.0,0.0,0.0,0.0,0.0,3.94825,2.79275,25.74964367014728,0.23075,6.900306506279695,0.7238282684785924,7.3,,68.42994644666376,1.2618934888526228,,classic,True,,ACTIVE,1.6140257819113182,1.6640727885805322
DST_CIN,Bengals,DST,CIN,2900,44221407,7.559670626999999,7.559670626999999,1.0690860810405456,1.14206406192536,7.559670626999999,PIT,22.81,42.5,,,5.8504,dst_simulated_session_10_4+recal_10_4b,0.0,0.0,0.0,0.0,0.0,0.0,0.0,0.0,0.0,0.0,0.0,0.0,7.559670626999999,0.0,14.5,,57.31499883095628,9.974077034558873,,classic,True,,ACTIVE,3.82647831916196,3.8264783191619594
00-0040727,Tre' Harris,WR,LAC,3900,44220730,7.7882,7.7882,1.0,0.969002110430917,7.546803208927616,BUF,21.58,50.22,2.0,1.0,7.0646,statline_mc+recal_10_4b,1.4056274668707298,16.249841676723058,0.0,0.0,0.0,0.02525,0.1845133170008664,0.0005,4.7465,2.761,33.9500337585572,0.19575,7.506740442034433,-0.0129014986281896,5.7,,71.03023516237401,0.531822094292443,,classic,True,,ACTIVE,2.904862190732951,3.080293765594154
00-0038621,DeMario Douglas,WR,NE,3700,44220742,7.8241,7.8241,1.0,0.9627157204651928,7.532366775737078,JAX,21.44,45.83,2.0,1.0,6.8762,statline_mc+recal_10_4b,1.4004678856484316,16.443759536940973,0.0,0.0,0.0,0.03325,0.1109665494386747,0.00025,4.60875,2.8395,31.61462057058343,0.1775,6.486608823049073,0.263058063734868,4.5,,67.65052976139202,1.121189884394158,,classic,True,,ACTIVE,2.381140918821508,2.5249437135592188
DST_JAX,Jaguars,DST,JAX,2900,44221408,7.4723457465,7.4723457465,1.0567366257696185,1.048845213587236,7.4723457465,NE,24.39,45.83,,,5.8564,dst_simulated_session_10_4+recal_10_4b,0.0,0.0,0.0,0.0,0.0,0.0,0.0,0.0,0.0,0.0,0.0,0.0,7.4723457465,0.0,8.0,,61.16319850362404,4.2622137743183925,,classic,True,,ACTIVE,4.94556653684626,4.94556653684626
00-0040189,Oronde Gadsden II,TE,LAC,3500,44221136,7.6969,7.6969,1.0,0.969002110430917,7.45834227620928,BUF,21.58,50.22,2.0,1.0,6.0501,statline_mc+recal_10_4b,1.1933982488041268,14.747807480376286,0.0,0.0,0.0,0.0,0.0,0.0,3.33125,2.314,25.8775113735318,0.1985,3.1590565896641847,1.2593411388561009,7.5,4.2,78.28050369083802,3.593094574808705,,classic,True,,ACTIVE,2.881111298969725,2.970447540069626
DST_SF,49ers,DST,SF,3600,44221400,7.431588679500001,7.431588679500001,1.0509727750433564,1.1104810557684122,7.431588679500001,ARI,27.81,48.06,,,5.7938,dst_simulated_session_10_4+recal_10_4b,0.0,0.0,0.0,0.0,0.0,0.0,0.0,0.0,0.0,0.0,0.0,0.0,7.431588679500001,0.0,8.0,,54.0402151040449,1.8524296304778538,,classic,True,,ACTIVE,3.075987433058315,3.075987433058315
00-0039849,Marvin Harrison Jr.,WR,ARI,4700,44220686,8.0906,8.0906,1.0,0.9092814057565372,7.356636790064957,SF,20.25,48.06,2.0,1.0,6.745,statline_mc+recal_10_4b,1.3376619887692158,14.72029986684542,0.0,0.0,0.0,0.028,0.1700697451398724,0.00125,3.39425,1.9565,28.674834874386963,0.15725,4.052836091836213,1.3788963281122737,2.2,,65.470047869264,0.6114869295025138,,classic,True,,ACTIVE,2.0090048904429354,2.2209946367211084
DST_MIN,Vikings,DST,MIN,3100,44221405,7.334115453000001,7.334115453000001,1.0371881440895847,1.086865218913018,7.334115453000001,TB,21.81,42.5,,,5.8455,dst_simulated_session_10_4+recal_10_4b,0.0,0.0,0.0,0.0,0.0,0.0,0.0,0.0,0.0,0.0,0.0,0.0,7.334115453000001,0.0,12.5,,43.42675941080196,4.313153647052252,,classic,True,,ACTIVE,1.515980240661052,1.5159802406610519
00-0039451,Isaiah Williams,WR,NYJ,3300,44220780,7.7206,7.7206,1.0,0.9465507176961876,7.307950639500864,DET,21.08,48.72,2.0,1.0,6.9126,statline_mc+recal_10_4b,1.3202615585576087,15.454040159194594,0.0,0.0,0.0,0.3595,2.476700399617175,0.01125,3.986,2.67825,28.444297072046005,0.183,6.292441113242232,0.2103508923345449,6.3,,68.91348153526205,1.8989404747590626,,classic,True,,ACTIVE,2.564775707400124,2.7196686461943815
00-0039032,Tyjae Spears,RB,TEN,4900,44220362,9.1829,9.1829,1.0,0.7871458292796097,7.22827323413328,NYG,17.53,37.5,2.0,1.0,6.5056,statline_mc+recal_10_4b,1.706404095144942,14.685294914603208,0.0,0.0,0.0,5.5895,19.604743548023052,0.1295,2.877,2.12175,13.330067809706364,0.062,6.60530440651497,0.6000420983603378,6.7,,49.78845084132944,0.4431269958328799,,classic,True,,ACTIVE,0.397603585434599,0.4079496653612569
DST_CLE,Browns,DST,CLE,2500,44221416,7.220028402,7.220028402,1.0210539916550274,1.0324720559830276,7.220028402,CAR,20.06,41.83,,,5.8247,dst_simulated_session_10_4+recal_10_4b,0.0,0.0,0.0,0.0,0.0,0.0,0.0,0.0,0.0,0.0,0.0,0.0,7.220028402,0.0,3.0,,50.204582651391156,4.5961742066851174,,classic,True,,ACTIVE,2.3819444167817427,2.3819444167817427
00-0041042,Malachi Fields,WR,NYG,4400,44220702,7.9858,7.9858,1.0,0.8967086258250886,7.160893579197104,TEN,19.97,37.5,2.0,1.0,6.6744,statline_mc+recal_10_4b,1.2677033652050451,14.55738008360244,0.0,0.0,0.0,0.032,0.2339913729884044,0.001,4.16425,2.39175,28.60326436776478,0.14925,6.646556022807418,0.8254180051217856,4.8,,51.92589185730283,0.3837781641335417,,classic,True,,ACTIVE,0.9132549240833532,1.001240839784048
00-0041013,Emmett Johnson,RB,KC,4400,44220384,5.7926,5.7926,1.0,1.2334795168460282,7.145060763076355,MIA,27.47,45.17,2.0,1.0,6.9451,statline_mc+recal_10_4b,1.6788441247308887,15.654758512626962,0.0,0.0,0.0,4.17475,26.894680053638687,0.1615,1.88875,1.45875,14.295199974091906,0.05875,6.152129307576493,0.0713227603032953,7.2,,71.88472197389594,0.47997619913980494,,classic,True,,ACTIVE,2.963740445469876,3.040860211623849
00-0034829,Mike Gesicki,TE,CIN,3300,44221146,6.9442,6.9442,1.0,1.0242325365583511,7.112502787191084,PIT,22.81,42.5,1.0,1.0,6.3538,statline_mc+recal_10_4b,1.0999870028203116,16.35657647842465,0.0,0.0,0.0,0.0,0.0,0.0,4.71375,3.184,34.90271468032648,0.25875,10.032759749077032,-1.3077686808415647,9.4,,73.196736141265,0.5800277231467775,,classic,True,,ACTIVE,2.1364187319508394,2.2026638711081343
DST_TB,Buccaneers,DST,TB,2600,44221414,7.0669029555,7.0669029555,0.999399042440496,1.0310518743379342,7.0669029555,MIN,20.69,42.5,,,5.8724,dst_simulated_session_10_4+recal_10_4b,0.0,0.0,0.0,0.0,0.0,0.0,0.0,0.0,0.0,0.0,0.0,0.0,7.0669029555,0.0,5.5,,50.588905775075986,5.283689475747111,,classic,True,,ACTIVE,2.443762054569246,2.443762054569246
00-0036919,Kenny Gainwell,RB,TB,4800,44220368,7.5744,7.5744,1.0,0.9290386313630988,7.036941769388726,MIN,20.69,42.5,2.0,1.0,6.5269,statline_mc+recal_10_4b,1.643035114021546,14.1181447036708,0.0,0.0,0.0,4.2045,18.61064069479191,0.12725,2.66675,2.03675,12.860117962720194,0.07675,6.107865574805077,0.5561159036375161,3.7,,60.18040904304985,0.47831801092551063,,classic,True,,ACTIVE,1.022676986958435,1.0492881600811834
00-0041032,Kenyon Sadiq,TE,NYJ,3500,44221138,7.3951,7.3951,1.0,0.9465507176961876,6.999805471351904,DET,21.08,48.72,2.0,1.0,5.9847,statline_mc+recal_10_4b,1.069547457812149,14.570836365049876,0.0,0.0,0.0,0.0,0.0,0.0,3.92675,2.704,26.7079412797034,0.195,5.535681854753115,0.3382613433815624,7.6,,74.75955275727311,0.5126373014297038,,classic,True,,ACTIVE,2.3095569841293666,2.414755084211746
DST_LV,Raiders,DST,LV,2600,44221413,6.6770100495,6.6770100495,0.9442605186254096,0.9569038884812912,6.6770100495,NO,20.11,43.61,,,6.0427,dst_simulated_session_10_4+recal_10_4b,0.0,0.0,0.0,0.0,0.0,0.0,0.0,0.0,0.0,0.0,0.0,0.0,6.6770100495,0.0,12.5,,44.08405424362871,6.314297339439455,,classic,True,,ACTIVE,1.58388693082942,1.5838869308294201
00-0036407,Jerry Jeudy,WR,CLE,3800,44220736,7.293,7.293,1.0,0.90074987651734,6.569152791722983,CAR,20.06,41.83,2.0,1.0,6.3524,statline_mc+recal_10_4b,1.056215207761794,12.803750478331889,0.0,0.0,0.0,0.03175,0.1317740902332369,0.00225,2.9725,1.753,22.725604181147137,0.13825,3.949162411462364,1.5796649645849454,2.3,,52.91713325867861,0.345895301277155,,classic,True,,ACTIVE,0.9843622908800306,1.0613571170105918
00-0033307,Kendrick Bourne,WR,ARI,3700,44220740,7.1859,7.1859,1.0,0.9092814057565372,6.533979625645273,SF,20.25,48.06,2.0,1.0,6.9558,statline_mc+recal_10_4b,1.0436443182056203,14.623998277244135,0.0,0.0,0.0,0.02675,0.1294470144793569,0.001,4.206,2.86025,31.12817254347793,0.1425,7.639524860788479,-0.4852823301504561,9.3,,62.838468921895576,0.5971271030840087,,classic,True,,ACTIVE,1.7644635601914114,1.9024763287516473
00-0032775,Demarcus Robinson,WR,SF,3800,44220734,5.2274,5.2274,1.0,1.2487464639056445,0.0,ARI,27.81,48.06,2.0,1.0,7.4452,statline_mc+recal_10_4b,1.0414001754185522,16.152778789744236,0.0,0.0,0.0,0.03325,0.3481370250117686,0.002,3.20025,2.04175,35.01138006342718,0.2205,7.395187242163453,-0.6100011620656298,9.7,,40.73049850485461,0.0,,classic,True,Injured Reserve,OUT,3.557453314626137,0.0
00-0039344,Jonathon Brooks,RB,CAR,4600,44220376,6.6303,6.6303,1.0,0.9779826675248088,0.0,CLE,21.78,41.83,2.0,1.0,6.5278,statline_mc+recal_10_4b,1.460011229349153,13.306951419858574,0.0,0.0,0.0,5.33825,22.01308026933745,0.151,1.50125,1.132,9.831904268872172,0.04125,5.408575863471166,0.9465849681269632,4.7,,24.820907086238748,0.0,,classic,True,Injured Reserve,OUT,0.929929128606468,0.0
DST_PIT,Steelers,DST,PIT,2700,44221412,6.4590661350000005,6.4590661350000005,0.9134389634365818,0.9858501262301772,6.4590661350000005,CIN,19.69,42.5,,,5.867,dst_simulated_session_10_4+recal_10_4b,0.0,0.0,0.0,0.0,0.0,0.0,0.0,0.0,0.0,0.0,0.0,0.0,6.4590661350000005,0.0,13.0,,30.391921907879354,4.187922141685994,,classic,True,,ACTIVE,0.6357645976798556,0.6357645976798556
00-0037291,Jalen Nailor,WR,LV,3700,44220744,7.104,7.104,1.0,0.9029950157908128,6.41484727576451,NO,20.11,43.61,2.0,1.0,6.4993,statline_mc+recal_10_4b,1.001066416358236,13.809574157381167,0.0,0.0,0.0,0.02625,0.1974945142884889,0.00125,3.6935,2.2,26.096753216683336,0.15,5.107063764087613,0.5376725026673279,3.8,,58.132637239580134,0.9476369346902926,,classic,True,,ACTIVE,1.333038342434993,1.4424495432771485
00-0040138,Jaylin Noel,WR,HOU,3600,44220746,6.4395,6.4395,1.0,0.986514196764006,6.352627344014667,IND,21.97,42.44,2.0,1.0,6.7008,statline_mc+recal_10_4b,0.978829012750842,14.03232115283006,0.0,0.0,0.0,0.45075,2.6512371113524504,0.0155,3.51675,2.05725,28.105743359045817,0.14225,5.570793199609876,0.1216792969748405,6.4,,61.28768627788785,0.4971885140424346,,classic,True,,ACTIVE,1.6048847139710387,1.736608129704187
00-0037252,Greg Dulcich,TE,MIA,3000,44221156,7.9389,7.9389,1.0,0.7943302749547231,6.3061362567804,KC,17.69,45.17,2.0,1.0,5.6807,statline_mc+recal_10_4b,0.882187402956386,12.655613611033491,0.0,0.0,0.0,0.0,0.0,0.0,3.1635,2.16125,21.261132058468355,0.16175,4.191897010885986,0.975523050933564,3.8,,63.55641192647271,0.6728976138153462,,classic,True,,ACTIVE,1.2117347886485828,1.249307731862043
00-0031610,Darren Waller,TE,CAR,3400,44221142,6.4197,6.4197,1.0,0.9779826675248088,6.278311137434942,CLE,21.78,41.83,2.0,1.0,5.824,statline_mc+recal_10_4b,0.8746718382211779,12.801850379369046,0.0,0.0,0.0,0.0,0.0,0.0,3.06625,2.1455,22.45583288096784,0.1925,5.024889033194291,0.6569778493381584,11.6,,66.65364017947604,0.6023907303436391,,classic,True,,ACTIVE,1.4336696376805766,1.4989719112621247
00-0041048,Ted Hurst III,WR,TB,3000,44220812,6.7005,6.7005,1.0,0.9290386313630988,6.225020920592796,MIN,20.69,42.5,2.0,1.0,6.865,statline_mc+recal_10_4b,0.9332224770198654,14.317694846031792,0.0,0.0,0.0,0.0245,0.1345556733213016,0.001,4.0245,2.38675,29.386607491891148,0.17075,6.545368348546963,-0.3033453959284493,5.7,,60.53829848762659,1.167746944249659,,classic,True,,ACTIVE,1.5614906749122923,1.6617183628477545
00-0039739,Roman Wilson,WR,PIT,3400,44220760,6.9927,6.9927,1.0,0.8841358458936404,6.182493713967912,CIN,19.69,42.5,2.0,1.0,6.8527,statline_mc+recal_10_4b,0.9180232533721318,13.849261807487885,0.0,0.0,0.0,0.024,0.1763892796871176,0.00025,4.21125,2.656,28.49792383167222,0.152,6.748675022327371,-0.4139375971680206,6.7,,53.246172920025096,0.464662119004854,,classic,True,,ACTIVE,1.008392062693467,1.082100070236925
00-0033908,Cooper Kupp,WR,SEA,4000,44220726,5.5854,5.5854,1.0,1.0974240768735688,6.129555811487249,WAS,24.44,40.28,2.0,1.0,6.6048,statline_mc+recal_10_4b,0.8991032470255427,12.921755040826454,0.0,0.0,0.0,0.03,0.2041086208463765,0.002,3.148,1.98225,24.005777628553783,0.15475,5.269032016943464,0.6758171865472322,4.8,,62.11975314718876,0.44557456865155465,,classic,True,,ACTIVE,1.643767857660594,1.8237210922027578
00-0036988,Joshua Palmer,WR,BUF,3500,44220756,4.7068,4.7068,1.0,1.286015775845295,6.052958452943217,LAC,28.64,50.22,2.0,1.0,7.191,statline_mc+recal_10_4b,0.8717273510819059,15.32442126422464,0.0,0.0,0.0,0.03075,0.2478312942026004,0.001,2.843,1.67925,32.234273640493825,0.20175,6.459826764738047,-0.2905020405264249,10.9,,77.3309501249031,0.8228055488652548,,classic,True,,ACTIVE,4.12379282085282,4.462259547721012
00-0041489,Germie Bernard,WR,PIT,3900,44220728,6.7893,6.7893,1.0,0.8841358458936404,6.00264682782627,CIN,19.69,42.5,1.0,0.5,6.0728,statline_mc+recal_10_4b,0.853745976265109,11.556943189737192,0.0,0.0,0.0,0.05225,0.3463188650276108,0.003,3.1285,1.85675,19.06784996395831,0.12375,4.7391455991681175,1.3759799449276775,3.8,,36.064142429518974,0.3012756608814124,,classic,True,,ACTIVE,0.3638825600337908,0.3938425718322406
00-0040584,Gunnar Helm,TE,TEN,2900,44221162,7.4399,7.4399,1.0,0.7871458292796097,5.856289129562961,NYG,17.53,37.5,2.0,1.0,5.6076,statline_mc+recal_10_4b,0.7606836938949556,12.0146849252461,0.0,0.0,0.0,0.0,0.0,0.0,3.602,2.5105,21.24744693370012,0.1385,4.553614912293642,0.3277944361929483,5.1,4.2,53.75470400926328,1.0403310327500557,,classic,True,,ACTIVE,0.6807786846386623,0.7018879728248915
DST_BAL,Ravens,DST,BAL,2800,44221410,5.8348610145,5.8348610145,0.8251640849442087,0.8973360486556403,5.8348610145,DAL,28.28,53.33,,,5.7775,dst_simulated_session_10_4+recal_10_4b,0.0,0.0,0.0,0.0,0.0,0.0,0.0,0.0,0.0,0.0,0.0,0.0,5.8348610145,0.0,4.5,,45.10842880523732,1.3932823668257752,,classic,True,,ACTIVE,1.6958321193413766,1.6958321193413766
00-0038611,Chris Rodriguez Jr.,RB,JAX,4600,44220378,5.3053,5.3053,1.0,1.0951789376000958,5.810198062934306,NE,24.39,45.83,2.0,1.0,6.2932,statline_mc+recal_10_4b,1.2367375984438422,12.401657652841497,0.0,0.0,0.0,5.34075,23.350721647811287,0.20125,0.5875,0.4405,3.663868527853685,0.023,4.253167502713254,1.2462390453678085,1.8,,69.89371635178894,0.5335071001094437,,classic,True,,ACTIVE,2.3512487570258798,2.5373999845630246
DST_WAS,Commanders,DST,WAS,2300,44221419,5.784855858,5.784855858,0.8180923725069674,0.9200998927704724,5.784855858,SEA,15.83,40.28,,,5.6891,dst_simulated_session_10_4+recal_10_4b,0.0,0.0,0.0,0.0,0.0,0.0,0.0,0.0,0.0,0.0,0.0,0.0,5.784855858,0.0,0.5,,34.10392798690671,1.620658311043549,,classic,True,,ACTIVE,0.8142727937576582,0.8142727937576582
00-0039793,AJ Barner,TE,SEA,3100,44221154,5.2092,5.2092,1.0,1.0974240768735688,5.716728736126766,WAS,24.44,40.28,2.0,1.0,5.5836,statline_mc+recal_10_4b,0.7229884316278393,11.77953368635254,0.0,0.0,0.0,0.0,0.0,0.0,2.86775,1.976,19.181447430164518,0.16825,3.383707603331855,0.7598339931103135,5.6,18.2,68.55080330004341,1.7935620500968834,,classic,True,,ACTIVE,1.6029331473878128,1.675945211096572
DST_DAL,Cowboys,DST,DAL,2400,44221418,5.705960652,5.705960652,0.8069350389725963,0.7951641223235624,5.705960652,BAL,25.06,53.33,,,5.8729,dst_simulated_session_10_4+recal_10_4b,0.0,0.0,0.0,0.0,0.0,0.0,0.0,0.0,0.0,0.0,0.0,0.0,5.705960652,0.0,3.0,,58.93120177694645,1.577632181541095,,classic,True,,ACTIVE,4.2618005885423225,4.2618005885423225
00-0034975,Justice Hill,RB,BAL,4200,44220404,4.4462,4.4462,1.0,1.2698507730762898,5.645966605007569,DAL,28.28,53.33,2.0,1.0,6.6003,statline_mc+recal_10_4b,1.1823441395785068,12.85024691179154,0.0,0.0,0.0,3.63725,18.01410337798748,0.12175,2.27325,1.74475,14.805270961866356,0.053,5.877251905328119,-0.526470828977815,3.8,,76.61295369211514,0.44867773482991796,,classic,True,,ACTIVE,4.4219577525553335,4.673833845690564
00-0036309,Darnell Mooney,WR,NYG,4100,44220716,6.2941,6.2941,1.0,0.8967086258250886,5.643952435524167,TEN,19.97,37.5,2.0,1.0,6.0865,statline_mc+recal_10_4b,0.7255486004563372,11.47080113384374,0.0,0.0,0.0,0.0315,0.2229747452923487,0.00075,2.613,1.63975,20.266223236875508,0.1065,4.485159346898674,1.2280326373073809,5.8,,48.24168133098704,0.3898016367153381,,classic,True,,ACTIVE,0.7145968648631442,0.8061558477503751
DST_NE,Patriots,DST,NE,2700,44221411,5.6282930685,5.6282930685,0.7959513153998597,0.9219861164128882,5.6282930685,JAX,21.44,45.83,,,5.7972,dst_simulated_session_10_4+recal_10_4b,0.0,0.0,0.0,0.0,0.0,0.0,0.0,0.0,0.0,0.0,0.0,0.0,5.6282930685,0.0,13.5,,28.915711947626846,2.2932051962455655,,classic,True,,ACTIVE,0.5761766905255153,0.5761766905255153
00-0039794,Braelon Allen,RB,NYJ,4400,44220388,5.8383,5.8383,1.0,0.9465507176961876,5.526201865988111,DET,21.08,48.72,2.0,1.0,6.3024,statline_mc+recal_10_4b,1.1426780580152622,12.367677405480322,0.0,0.0,0.0,5.47,20.11144411973463,0.19925,1.28025,0.936,7.386196520034196,0.0405,5.078580098049563,0.3564378020112277,6.3,,64.28936468204303,0.39149239320158236,,classic,True,,ACTIVE,1.412639665750227,1.5244800684559348
DST_MIA,Dolphins,DST,MIA,2000,44221423,5.506431075,5.506431075,0.7787176332082847,0.8186108984095503,5.506431075,KC,17.69,45.17,,,5.8082,dst_simulated_session_10_4+recal_10_4b,0.0,0.0,0.0,0.0,0.0,0.0,0.0,0.0,0.0,0.0,0.0,0.0,5.506431075,0.0,0.0,,34.194821136310495,1.9193737708166705,,classic,True,,ACTIVE,0.8192218945059044,0.8192218945059044
00-0041040,Antonio Williams,WR,WAS,4100,44220720,7.6218,7.6218,1.0,0.71081109398153,5.4176951737447485,SEA,15.83,40.28,2.0,1.0,5.9524,statline_mc+recal_10_4b,0.644684255096373,11.03950207527167,0.0,0.0,0.0,0.026,0.123389169356015,0.00025,3.1575,2.118,18.619771710934664,0.1065,4.7558823586611885,0.7243790857156798,10.9,,45.6221466103885,0.49472299035242856,,classic,True,,ACTIVE,0.6125485965858738,0.6910324652257739
00-0033885,David Njoku,TE,LAC,2700,44221168,5.5887,5.5887,1.0,0.969002110430917,0.0,BUF,21.58,50.22,2.0,1.0,6.0129,statline_mc+recal_10_4b,0.6416201055444123,12.905309373132194,0.0,0.0,0.0,0.0,0.0,0.0,3.79425,2.586,27.39757140733416,0.18025,6.329163256094047,-1.1105310002505862,6.4,,35.15125199015776,0.0,,classic,True,Injured Reserve,OUT,2.185983066185689,0.0
00-0039299,George Holani,RB,SEA,4500,44220382,4.818,4.818,1.0,1.0974240768735688,5.287397107866202,WAS,24.44,40.28,2.0,1.0,6.2081,statline_mc+recal_10_4b,1.063585922125286,11.614475114805296,0.0,0.0,0.0,4.97225,21.322986879810056,0.14275,1.23425,0.9285,7.406795403934546,0.03975,5.034919736126218,0.3261688794917408,2.7,,60.86839700419175,0.30456430486073427,,classic,True,,ACTIVE,1.035063726101748,1.117010981838624
00-0035250,Devin Singletary,RB,NYG,4200,44220390,5.8883,5.8883,1.0,0.8967086258250886,5.2800845119672,TEN,19.97,37.5,2.0,1.0,5.8722,statline_mc+recal_10_4b,1.0611639903635366,10.945834884136502,0.0,0.0,0.0,3.955,14.554798012574174,0.0915,2.0155,1.54275,8.751368080044008,0.063,4.784193684596226,0.461217902705382,7.4,,46.51481514591652,0.2931950030170345,,classic,True,,ACTIVE,0.2807170428035425,0.30294175295057796
00-0037809,Chig Okonkwo,TE,WAS,3600,44221134,7.3944,7.3944,1.0,0.71081109398153,0.0,SEA,15.83,40.28,1.0,0.5,4.6861,statline_mc+recal_10_4b,0.5985420365117412,9.483991910095336,0.0,0.0,0.0,0.0,0.0,0.0,2.09525,1.3845,10.483444317266382,0.07775,2.942990468818845,2.3543923750550766,3.6,,12.171054059921842,0.0,,classic,True,Out,OUT,0.2435220367751397,0.0
DST_ARI,Cardinals,DST,ARI,2300,44221420,5.2541137305,5.2541137305,0.7430349990936936,0.8086027105109796,5.2541137305,SF,20.25,48.06,,,5.8135,dst_simulated_session_10_4+recal_10_4b,0.0,0.0,0.0,0.0,0.0,0.0,0.0,0.0,0.0,0.0,0.0,0.0,5.2541137305,0.0,6.0,,37.099602525134436,1.5244116338749494,,classic,True,,ACTIVE,0.9942682835509992,0.9942682835509993
00-0034837,Calvin Ridley,WR,TEN,4000,44220724,6.608,6.608,1.0,0.7871458292796097,5.201471275560906,NYG,17.53,37.5,1.0,0.5,5.8744,statline_mc+recal_10_4b,0.5674058338854677,10.185925279969126,0.0,0.0,0.0,0.06675,0.3436799731748218,0.001,2.29775,1.4495,17.394476919319466,0.08725,3.462263965778694,1.3849055863114774,2.8,,30.14307595400121,0.26253474770853724,,classic,True,,ACTIVE,0.2539863362111734,0.27800893059075155
00-0037525,Jordan Mason,RB,MIN,4000,44220420,5.2992,5.2992,1.0,0.9793297510888924,0.0,TB,21.81,42.5,1.0,0.5,5.6269,statline_mc+recal_10_4b,1.0312283853692172,10.470878112121676,0.0,0.0,0.0,3.58,14.387741881530443,0.12275,0.64225,0.48525,3.6666721583042734,0.0155,3.1370768677701237,2.047007827203778,11.9,,17.752542240300375,0.0,,classic,True,Injured Reserve,OUT,0.1680395540790225,0.0
00-0036259,Jauan Jennings,WR,MIN,3600,44220750,5.2525,5.2525,1.0,0.9793297510888924,5.1438930190460015,TB,21.81,42.5,1.0,0.9831769758668806,5.9903,statline_mc+recal_10_4b,0.5468273650070408,10.75808523543408,0.0,0.0,0.0,0.03975,0.2078534809645787,0.0015,2.40975,1.442,17.270081418630703,0.12325,3.6945840081289063,1.1383495290864731,0.0,,59.14933084060579,0.3265955842907747,,classic,True,,ACTIVE,1.3700531354443566,1.531347774591757
00-0035676,A.J. Brown,WR,NE,3000,44221018,5.3397,5.3397,1.0,0.9627157204651928,0.0,JAX,21.44,45.83,1.0,0.5,5.3612,statline_mc+recal_10_4b,0.545666781473473,9.701198563697188,0.0,0.0,0.0,0.0275,0.1389429078385242,0.0005,1.701,1.09,12.646893080801656,0.07575,2.8575776554262484,2.286062124340998,5.6,,19.292650099061078,0.0,,classic,True,Injured Reserve,OUT,0.5160102247213637,0.0
00-0032398,Chris Moore,WR,BAL,3100,44220790,3.9591,3.9591,1.0,1.2698507730762898,5.02752828582294,DAL,28.28,53.33,2.0,1.0,6.8877,statline_mc+recal_10_4b,0.5052386093531185,12.310139900470569,0.0,0.0,0.0,0.02725,0.1384133490636038,0.001,2.50475,1.47425,26.932108108524947,0.1765,5.131750602043448,-0.3642738599359161,4.0,,74.43029115341545,0.9833279284051062,,classic,True,,ACTIVE,3.407242844231069,3.7622916926686987
00-0033526,Samaje Perine,RB,CIN,4100,44220414,4.8961,4.8961,1.0,1.0242325365583511,5.014763696541612,PIT,22.81,42.5,2.0,1.0,6.029,statline_mc+recal_10_4b,0.973289736294582,10.836468065899588,0.0,0.0,0.0,3.39725,15.5117899722918,0.1105,1.7735,1.3785,9.585022949764216,0.0455,4.664799189467871,0.1498324043360108,5.6,,59.61263583447563,0.34884622033471074,,classic,True,,ACTIVE,0.9152026467457576,0.9965023762345634
00-0040729,Jack Bech,WR,LV,3500,44220758,5.5459,5.5459,1.0,0.9029950157908128,5.007928046593536,NO,20.11,43.61,2.0,1.0,6.0313,statline_mc+recal_10_4b,0.4982334838525295,10.80511059390441,0.0,0.0,0.0,0.0225,0.1644019579376398,0.0005,2.6855,1.7385,18.847674818335072,0.116,4.388903353621728,0.6037203689662647,7.9,,55.05571416265705,0.5066928844889178,,classic,True,,ACTIVE,1.0720275681133378,1.2036363483510413
00-0040170,Elic Ayomanor,WR,TEN,3300,44220774,6.3606,6.3606,1.0,0.7871458292796097,5.006722450746501,NYG,17.53,37.5,2.0,1.0,6.0565,statline_mc+recal_10_4b,0.4978026038967995,10.6658535042231,0.0,0.0,0.0,0.02975,0.1749675170152984,0.001,2.702,1.639,18.475437291448085,0.1175,4.736905888397256,0.7171819699001629,8.5,,43.3001335170988,0.4644404140224515,,classic,True,,ACTIVE,0.5413887686219032,0.6028074346101046
00-0040669,Isaac TeSlaa,WR,DET,3400,44220764,3.913,3.913,1.0,1.2411129903758364,4.856506344112093,NYJ,27.64,48.72,2.0,1.0,6.5999,statline_mc+recal_10_4b,0.4441153673856619,11.543250951001223,0.0,0.0,0.0,0.02875,0.2027981220002703,0.0015,2.724,1.5835,22.80965573526892,0.18275,5.792783788938615,-0.2352390416148262,2.3,,71.15976828322853,0.4418030094183254,,classic,True,,ACTIVE,2.7644704013641617,3.1038540033801776
DST_NYJ,Jets,DST,NYJ,2100,44221422,4.826901100499999,4.826901100499999,0.682618732444921,0.8135760267478417,4.826901100499999,DET,21.08,48.72,,,5.7784,dst_simulated_session_10_4+recal_10_4b,0.0,0.0,0.0,0.0,0.0,0.0,0.0,0.0,0.0,0.0,0.0,0.0,4.826901100499999,0.0,7.5,,34.500526069675004,1.8014908868510464,,classic,True,,ACTIVE,0.8360892029709839,0.8360892029709839
DST_LAC,Chargers,DST,LAC,2200,44221421,4.7877808635,4.7877808635,0.6770863616675048,0.7851690425736851,4.7877808635,BUF,21.58,50.22,,,5.7206,dst_simulated_session_10_4+recal_10_4b,0.0,0.0,0.0,0.0,0.0,0.0,0.0,0.0,0.0,0.0,0.0,0.0,4.7877808635,0.0,2.5,,35.18003273322422,2.495274174273786,,classic,True,,ACTIVE,0.8748353994499584,0.8748353994499584
00-0041525,Chris Bell,WR,MIA,3400,44220766,6.0079,6.0079,1.0,0.7943302749547231,4.772293433085681,KC,17.69,45.17,2.0,1.0,6.0203,statline_mc+recal_10_4b,0.4140176729848224,10.353469070288115,0.0,0.0,0.0,0.02725,0.1099081498400555,0.00125,2.505,1.47975,18.868218180257028,0.108,3.095038007417752,0.6677308000759732,1.8,,51.80615716869916,0.33147617919642225,,classic,True,,ACTIVE,0.885503709536881,0.9942136593315584
00-0039342,Xavier Legette,WR,CAR,3500,44220754,4.8751,4.8751,1.0,0.9779826675248088,4.767777198646825,CLE,21.78,41.83,2.0,1.0,6.1575,statline_mc+recal_10_4b,0.4124035707963751,10.648044772017656,0.0,0.0,0.0,0.02675,0.1696970442870192,0.00025,2.814,1.61425,19.763149718204264,0.13775,5.004298964615644,0.2532425223976968,4.2,,54.52758327898305,0.3984756918129138,,classic,True,Questionable,QUESTIONABLE,1.03060905017912,1.1668184162522965
00-0040870,Ja'Kobi Lane,WR,BAL,3000,44220804,3.742,3.742,1.0,1.2698507730762898,0.0,DAL,28.28,53.33,1.0,0.5,5.6037,statline_mc+recal_10_4b,0.4066957086534748,9.568372624566608,0.0,0.0,0.0,0.035,0.3029626201045437,0.00175,1.5095,0.90375,14.23838942707288,0.088,2.947408563690579,1.803421478699927,2.1,,29.184272439486605,0.0,,classic,True,Injured Reserve,OUT,0.8876720316783554,0.0
00-0038104,Tyquan Thornton,WR,KC,3300,44220770,3.8118,3.8118,1.0,1.2334795168460282,4.701833909740314,MIA,27.47,45.17,2.0,1.0,6.5611,statline_mc+recal_10_4b,0.3888354393411881,11.318903413092624,0.0,0.0,0.0,0.02575,0.1806113086656528,0.00125,2.3455,1.46975,24.50465042355789,0.14675,5.389675553526255,-0.2484422634820404,6.3,,65.98093535803503,0.5389034594161287,,classic,True,,ACTIVE,2.031226037379365,2.288753475059767
00-0036893,Najee Harris,RB,NYG,4700,44220374,5.2116,5.2116,1.0,0.8967086258250886,4.673309045278344,TEN,19.97,37.5,1.0,0.773067397153474,5.6662,statline_mc+recal_10_4b,0.8601999557961872,9.885895591327412,0.0,0.0,0.0,3.90475,16.51108946958095,0.11575,0.77675,0.5815,4.13477885567384,0.0225,3.085438016846464,1.1844722127528646,0.6,,40.82368143972213,0.29357630436110016,,classic,True,,ACTIVE,0.1680405751285025,0.1805783509856153
00-0039792,Devontez Walker,WR,BAL,3500,44220752,3.6738,3.6738,1.0,1.2698507730762898,4.665186589676636,DAL,28.28,53.33,1.0,0.5,6.5573,statline_mc+recal_10_4b,0.3757376871504294,10.797917801001317,0.0,0.0,0.0,0.05125,0.2759101069311521,0.002,2.0305,1.25025,22.425776624943587,0.121,4.415253112173692,0.2967679164891619,5.7,,50.117470820053406,0.4124085945237384,,classic,True,,ACTIVE,0.818458176862495,0.9002006127019063
00-0038454,Keaton Mitchell,RB,LAC,4300,44220394,4.6933,4.6933,1.0,0.969002110430917,4.547831676311683,BUF,21.58,50.22,2.0,1.0,5.7736,statline_mc+recal_10_4b,0.8186418511944293,9.872044774624849,0.0,0.0,0.0,4.04,16.96275830022648,0.10775,1.0035,0.773,5.683217301185863,0.02975,3.8356657884125775,0.6622341161704481,2.9,,64.93116395494367,0.33465851003744523,,classic,True,,ACTIVE,1.4842250586691272,1.6160724655788092
00-0038728,Jared Wayne,WR,HOU,3100,44220794,4.5476,4.5476,1.0,0.986514196764006,4.486307416545481,IND,21.97,42.44,2.0,1.0,6.3427,statline_mc+recal_10_4b,0.3118062706733546,10.478752379724789,0.0,0.0,0.0,0.02375,0.1162066555487693,0.00025,2.9355,1.684,21.366866946432207,0.13475,5.070393895478573,-0.2514999436526173,3.8,,55.842342148333195,0.40427584783967363,,classic,True,,ACTIVE,1.1187944640048797,1.26063996337526
00-0035644,Noah Fant,TE,NO,3200,44221150,4.2105,4.2105,1.0,1.0552154585322775,4.442940351935443,LV,23.5,43.61,2.0,1.0,5.5103,statline_mc+recal_10_4b,0.3789381890577631,10.489353549104775,0.0,0.0,0.0,0.0,0.0,0.0,2.74725,1.773,18.15188625971248,0.16,5.043138856172751,-0.1559982740358059,6.7,,71.65327833260963,0.4782272086692159,,classic,True,,ACTIVE,1.848394996355274,2.011490204358318
00-0041550,Brenen Thompson,WR,LAC,3000,44220814,4.5277,4.5277,1.0,0.969002110430917,0.0,BUF,21.58,50.22,1.0,0.5,5.0758,statline_mc+recal_10_4b,0.2764488498419666,8.415957412252192,0.0,0.0,0.0,0.0315,0.1568193661720316,0.00125,1.596,0.95375,11.087384665287402,0.06625,2.50869570885611,1.8817074643469685,1.2,,22.093182013954696,0.0,,classic,True,Out,OUT,0.5632381402904375,0.0
00-0038551,Kendre Miller,RB,NO,4300,44220402,4.011,4.011,1.0,1.0552154585322775,4.232465542143911,LV,23.5,43.61,1.0,0.5,5.6832,statline_mc+recal_10_4b,0.7141925875580633,9.491294814212424,0.0,0.0,0.0,4.168,17.188039837410685,0.11225,0.72925,0.5555,4.549887019421616,0.01525,3.91338788365221,0.7139228564606803,9.0,,42.06299168603612,0.2946302057822604,,classic,True,,ACTIVE,0.1910794765715282,0.20211348143076738
00-0040075,LaJohntay Wester,WR,BAL,3000,44220806,3.3271,3.3271,1.0,1.2698507730762898,4.22492459381229,DAL,28.28,53.33,2.0,1.0,6.4065,statline_mc+recal_10_4b,0.2183880498285122,10.544480841271506,0.0,0.0,0.0,0.0185,0.2120380802515825,0.00125,1.9725,1.2405,19.378949627629837,0.178,4.062300636401663,-0.1314241769758517,3.0,,74.34931949349642,0.4907449186598033,,classic,True,,ACTIVE,3.3112480783063587,3.7444143603009032
00-0038619,Andrei Iosivas,WR,CIN,3000,44220820,4.0996,4.0996,1.0,1.0242325365583511,0.0,PIT,22.81,42.5,2.0,1.0,5.2698,statline_mc+recal_10_4b,0.2091076509639777,8.50622158195557,0.0,0.0,0.0,0.023,0.166724203249285,0.0015,1.521,0.94425,11.577635271228376,0.071,2.414740738603348,1.622772225366945,2.5,,28.327144579944132,0.0,,classic,True,Injured Reserve,OUT,1.3499845835081503,0.0
00-0037005,Tommy Tremble,TE,CAR,2500,44221184,4.2532,4.2532,1.0,0.9779826675248088,4.159573601201775,CLE,21.78,41.83,2.0,1.0,5.2573,statline_mc+recal_10_4b,0.3024008296845993,9.334444554404364,0.0,0.0,0.0,0.0,0.0,0.0,2.67,1.73725,15.143468162698518,0.12675,4.254469172299469,0.1214767849319224,3.5,,57.87812997539441,0.7916100044828563,,classic,True,,ACTIVE,0.8453758589209119,0.8945566898999272
00-0040466,Raheim Sanders,RB,CLE,4500,44220380,4.6166,4.6166,1.0,0.90074987651734,4.158391419807536,CAR,20.06,41.83,2.0,1.0,5.4974,statline_mc+recal_10_4b,0.689659238240256,9.170212362137956,0.0,0.0,0.0,2.699,9.466973423362308,0.062,1.5525,1.19975,6.867644267428159,0.055,4.1643397568937255,0.6199296507284893,3.9,,48.9904046725073,0.2534759462045065,,classic,True,,ACTIVE,0.3484476954855475,0.3794011717289817
00-0038558,Darnell Washington,TE,PIT,2800,44221166,4.6886,4.6886,1.0,0.8841358458936404,4.145386443972621,CIN,19.69,42.5,2.0,1.0,5.1885,statline_mc+recal_10_4b,0.2985688785170047,9.132772742300292,0.0,0.0,0.0,0.0,0.0,0.0,2.2755,1.52225,14.855763474590336,0.0965,2.851835767851722,0.5320600965135873,2.8,,57.4824504269793,0.3101568477859872,,classic,True,,ACTIVE,0.8144397569872235,0.8739760822747351
00-0040878,Mike Washington Jr.,RB,LV,4100,44220410,4.5556,4.5556,1.0,0.9029950157908128,4.113725081704157,NO,20.11,43.61,2.0,1.0,5.7843,statline_mc+recal_10_4b,0.6748657470604167,9.38013958323372,0.0,0.0,0.0,3.74925,16.87180527389721,0.11675,0.74275,0.54625,4.005482722036144,0.0225,3.1463530064587264,0.6092462821108211,2.4,,52.51291296660508,0.25378189781318133,,classic,True,,ACTIVE,0.4799664285729379,0.5226030412897372
00-0041067,Bryce Lance,WR,NO,3000,44220800,3.8667,3.8667,1.0,1.0552154585322775,4.080200725303672,LV,23.5,43.61,2.0,1.0,6.0113,statline_mc+recal_10_4b,0.1666637392235321,9.379218815942664,0.0,0.0,0.0,0.01725,0.1223385982550039,0.0005,2.13775,1.33925,17.48537773463291,0.11375,3.257812264952649,0.2149290920148807,4.5,,61.38516298930632,0.4606992734318625,,classic,True,,ACTIVE,1.526259762442709,1.7465943117319391
00-0039847,Theo Johnson,TE,NYG,2700,44221170,4.4927,4.4927,1.0,0.8967086258250886,4.0286151163914425,TEN,19.97,37.5,2.0,1.0,5.0012,statline_mc+recal_10_4b,0.2670289429373286,9.01155292314056,0.0,0.0,0.0,0.0,0.0,0.0,2.3655,1.463,13.548928517162992,0.09175,3.5391073814241967,0.6479722646751429,1.0,,52.77265161383701,0.25359779369872454,,classic,True,,ACTIVE,0.6173607105605925,0.6624903690385011
00-0040237,Tez Johnson,WR,TB,3000,44221066,4.2826,4.2826,1.0,0.9290386313630988,3.978734820663005,MIN,20.69,42.5,2.0,1.0,5.9254,statline_mc+recal_10_4b,0.1303998249049578,9.48327370499923,0.0,0.0,0.0,0.30775,1.66036838655857,0.00925,2.3495,1.345,17.586689446834754,0.1005,4.132687907968452,-0.0252209626763275,2.8,,53.08890577507598,0.36462049737099306,,classic,True,,ACTIVE,0.9368847647782372,1.0721357144940185
00-0035249,Josh Oliver,TE,MIN,2500,44221368,4.0541,4.0541,1.0,0.9793297510888924,3.970339132295429,TB,21.81,42.5,2.0,1.0,5.2432,statline_mc+recal_10_4b,0.2512885996329955,9.074237895266103,0.0,0.0,0.0,0.0,0.0,0.0,2.2095,1.45575,14.892050881893512,0.11075,3.841889017733471,0.3256340441060783,3.8,,60.969930525401644,0.361731608945656,,classic,True,,ACTIVE,1.0139936811323422,1.0729840714058652
00-0032951,Laquon Treadwell,WR,IND,3100,44220798,4.2989,4.2989,1.0,0.919160018559818,3.951363690698279,HOU,20.47,42.44,2.0,1.0,5.8885,statline_mc+recal_10_4b,0.1206173830555648,9.40628282787118,0.0,0.0,0.0,0.0215,0.0849648075445684,0.00075,2.1675,1.365,17.978113796867913,0.09825,3.3209099046168205,0.1195558302570303,4.6,,48.12437702275329,0.38618630936575626,,classic,True,,ACTIVE,0.6996143036726588,0.8006123159830308
00-0040736,Mason Taylor,TE,NYJ,2500,44221186,4.1721,4.1721,1.0,0.9465507176961876,0.0,DET,21.08,48.72,1.0,0.5,4.657,statline_mc+recal_10_4b,0.2455570155260179,7.311854477888857,0.0,0.0,0.0,0.0,0.0,0.0,1.3825,0.92325,8.81978302248501,0.0685,2.157363250132811,1.7258906001062488,0.9,,18.733106274424664,0.0,,classic,True,Out,OUT,0.3596970432490249,0.0
00-0039364,Sione Vaki,RB,DET,4300,44220398,3.1648,3.1648,1.0,1.2411129903758364,3.927880088947611,NYJ,27.64,48.72,2.0,1.0,5.835,statline_mc+recal_10_4b,0.6133138854594489,9.194425873114904,0.0,0.0,0.0,2.31,12.66318474955008,0.089,1.19325,0.91925,8.936027345670682,0.034,3.98927730935949,0.0699588794255348,2.9,,69.43766513697678,0.3657860624100112,,classic,True,,ACTIVE,2.235745469093571,2.4343523049560405
00-0032104,Ameer Abdullah,RB,JAX,4000,44220606,3.5561,3.5561,1.0,1.0951789376000958,3.894514025356615,NE,24.39,45.83,2.0,1.0,5.8347,statline_mc+recal_10_4b,0.6022630451981108,9.125294073569586,0.0,0.0,0.0,3.03025,15.43124470845017,0.07625,1.17975,0.90825,7.580401846221086,0.035,3.904674533759866,-0.018400630110511,3.3,,64.50155948904384,0.3399381696484249,,classic,True,,ACTIVE,1.4273760641747926,1.5541734333791284
00-0041529,Kevin Coleman Jr.,WR,MIA,3000,44221028,4.8445,4.8445,1.0,0.7943302749547231,3.848165796371527,KC,17.69,45.17,1.0,0.5,5.385,statline_mc+recal_10_4b,0.0837344556231836,8.61679835884482,0.0,0.0,0.0,0.03,0.1155757422536045,0.00075,2.0205,1.19625,12.9322211275011,0.0845,2.01409027349014,0.805636109396056,0.0,,33.876038679965056,0.23144226270908655,,classic,True,,ACTIVE,0.3133188494046215,0.3462770857052415
00-0035689,Dawson Knox,TE,BUF,2800,44221164,2.9809,2.9809,1.0,1.286015775845295,3.833529265950116,LAC,28.64,50.22,2.0,1.0,5.2025,statline_mc+recal_10_4b,0.2143362547331263,9.21124841415084,0.0,0.0,0.0,0.0,0.0,0.0,1.886,1.29825,13.678177397376675,0.13675,3.8064469711720568,0.3219615262124486,5.1,,81.21001592126211,0.5077318808283534,,classic,True,,ACTIVE,3.2235277251009697,3.5290788123076577
00-0040177,Jordan James,RB,SF,4000,44220446,3.0003,3.0003,1.0,1.2487464639056445,3.74666679873633,ARI,27.81,48.06,1.0,0.5,5.4434,statline_mc+recal_10_4b,0.5532960437414722,8.54199015959058,0.0,0.0,0.0,2.53675,13.183565503775943,0.09225,0.59075,0.446,4.247937893744775,0.018,2.8773179602612635,0.8817664589842575,1.5,,46.68783524047917,0.21499605796053986,,classic,True,,ACTIVE,0.2909436984493055,0.3077444257699761
00-0038794,Jaleel McLaughlin,RB,CLE,4000,44220510,4.1033,4.1033,1.0,0.90074987651734,3.696068788917616,CAR,20.06,41.83,1.0,1.0,5.0179,statline_mc+recal_10_4b,0.5365379828895145,7.4112328117203425,0.0,0.0,0.0,2.1635,7.966279337746731,0.043,1.12725,0.8255,5.784029144716355,0.023,2.759469851678268,1.1037879406713071,0.3,,46.50674454178834,0.20085411133171838,,classic,True,,ACTIVE,0.2780221674765621,0.302719568744038
00-0039910,Jayden Daniels,QB,WAS,6000,44220225,5.1325,5.1325,1.0,0.71081109398153,0.0,SEA,15.83,40.28,2.0,1.0,6.947,statline_mc+recal_10_4b,0.0,8.153735630164551,0.0,0.0,0.0,4.1535,15.666685930713518,0.1145,0.0,0.0,0.0,0.0,2.0069403747941617,1.605552299835329,16.2,,17.886733416770962,0.0,,classic,True,Out,OUT,0.4479710630590215,0.0
00-0040162,Dylan Sampson,RB,CLE,4000,44220426,4.0145,4.0145,1.0,0.90074987651734,0.0,CAR,20.06,41.83,1.0,0.5,4.9196,statline_mc+recal_10_4b,0.5100538765170384,7.108032705765776,0.0,0.0,0.0,1.737,6.605733362392753,0.057,0.687,0.52,3.9513331619380234,0.02125,1.9683100589945772,1.574648047195662,0.0,,11.164111389236547,0.0,,classic,True,Injured Reserve,OUT,0.0700012546553012,0.0
00-0036626,Dyami Brown,WR,WAS,3200,44220784,5.0481,5.0481,1.0,0.71081109398153,3.5882510182017406,SEA,15.83,40.28,2.0,1.0,5.504,statline_mc+recal_10_4b,0.0,8.284743897623418,0.0,0.0,0.0,0.021,0.1514596995087382,0.0005,2.8535,1.71425,13.812389479141023,0.0925,4.563600990405046,-0.1111338996632356,2.6,,39.954130416056515,0.2998061470792122,,classic,True,,ACTIVE,0.4326488577248278,0.49510709282547255
00-0040890,Cyrus Allen,WR,KC,3600,44220748,2.8918,2.8918,1.0,1.2334795168460282,3.5669398005658635,MIA,27.47,45.17,1.0,0.5,5.5233,statline_mc+recal_10_4b,0.0,7.9403620200322,0.0,0.0,0.0,0.05125,0.3675503332699579,0.00175,1.535,0.90225,14.378163362301343,0.06625,3.086536895327405,0.7318684310087331,0.0,,43.84026901849551,0.26546283037119256,,classic,True,,ACTIVE,0.5567408533743897,0.6222677564321403
00-0040886,Nick Singleton,RB,TEN,4000,44220608,4.4486,4.4486,1.0,0.7871458292796097,3.501733056713034,NYG,17.53,37.5,1.0,0.5,4.8093,statline_mc+recal_10_4b,0.4721739883833569,6.768490363665693,0.0,0.0,0.0,2.51,7.949038077003659,0.05925,0.65325,0.496,3.067808212439871,0.01525,2.016187182365559,1.4635484277686808,1.0,,27.408674906132667,0.19543493769891387,,classic,True,,ACTIVE,0.0494234672484902,0.05333638334039961
00-0040131,Kyle Williams,WR,NE,3400,44220768,3.5922,3.5922,1.0,0.9627157204651928,3.458233140288263,JAX,21.44,45.83,2.0,1.0,5.2649,statline_mc+recal_10_4b,0.0,7.85053412617858,0.0,0.0,0.0,0.027,0.1541667677368856,0.00075,1.62025,0.98625,10.62667914931929,0.08425,2.9297925213135505,0.8581485485826454,1.0,,57.508829356533724,0.33782499745400824,,classic,True,,ACTIVE,1.1949805169682255,1.390478814610145
00-0036425,DeeJay Dallas,RB,MIN,4200,44220406,3.4651,3.4651,1.0,0.9793297510888924,3.393520558408396,TB,21.81,42.5,2.0,1.0,5.4152,statline_mc+recal_10_4b,0.4363340089448606,8.181430837351895,0.0,0.0,0.0,1.60125,6.515481384971995,0.06275,1.336,1.02325,7.546893977636392,0.039,3.034707451864236,0.3425330221475571,2.1,,54.99287303573911,0.26143993805759447,,classic,True,,ACTIVE,0.5837414855647974,0.6547628362337496
00-0038705,Emari Demercado,RB,DAL,4200,44220400,3.0142,3.0142,1.0,1.125263803864633,3.3917666777035818,BAL,25.06,53.33,2.0,1.0,5.4894,statline_mc+recal_10_4b,0.4357531236554262,8.234458969786315,0.0,0.0,0.0,3.188,12.836913536141743,0.10675,0.5255,0.39225,3.6540554536379024,0.01675,2.968764211735769,0.5989197787256173,0.8,,68.05513340087808,0.3184650023725341,,classic,True,,ACTIVE,1.9139729479453007,2.146837918601599
00-0040691,Jaxson Dart,QB,NYG,5900,44220226,3.7811,3.7811,1.0,0.8967086258250886,0.0,TEN,19.97,37.5,2.0,1.0,6.8582,statline_mc+recal_10_4b,0.0,7.901943890136037,0.0,0.0,0.0,3.4275,13.401599633945064,0.116,0.0,0.0,0.0,0.0,1.9217128534089585,1.5373702827271667,13.7,,19.384096191668156,0.0,,classic,True,Injured Reserve,OUT,0.4780265697230388,0.0
00-0038046,Charlie Kolar,TE,LAC,2500,44221192,3.4688,3.4688,1.0,0.969002110430917,0.0,BUF,21.58,50.22,2.0,1.0,5.0046,statline_mc+recal_10_4b,0.0867858388373135,8.183621193835757,0.0,0.0,0.0,0.0,0.0,0.0,1.79075,1.24675,12.502549356537086,0.09275,3.126775388725936,0.2897902840327537,2.6,,30.355333622810825,0.0,,classic,True,Out,OUT,1.2838363682462244,0.0
00-0041104,Demond Claiborne,RB,MIN,4400,44220392,3.4286,3.4286,1.0,0.9793297510888924,3.3576871667356585,TB,21.81,42.5,1.0,0.5,5.2737,statline_mc+recal_10_4b,0.42446598962285,7.515998569989453,0.0,0.0,0.0,2.009,7.966405339604071,0.0465,1.13625,0.848,6.745377293993964,0.03275,2.985584105184951,0.5562589033758547,1.2,,37.1201892991239,0.19704782601430168,,classic,True,,ACTIVE,0.119496884718304,0.1289575986094681
00-0035021,Ashton Dulin,WR,IND,3200,44220782,3.59,3.59,1.0,0.919160018559818,0.0,HOU,20.47,42.44,1.0,0.5,4.7684,statline_mc+recal_10_4b,0.0,5.972129915990562,0.0,0.0,0.0,0.04675,0.2155383853521854,0.00225,1.16775,0.6955,8.226302051234079,0.04525,1.829144775229699,1.4633158201837593,0.0,,12.930816838536606,0.0,,classic,True,Out,OUT,0.2866036324923229,0.0
00-0039875,Ray Davis,RB,BUF,4400,44220386,2.5098,2.5098,1.0,1.286015775845295,3.227638859627846,LAC,28.64,50.22,2.0,1.0,5.1971,statline_mc+recal_10_4b,0.3813939903087426,7.505864289111004,0.0,0.0,0.0,1.8605,10.055693736676648,0.0665,0.502,0.38425,4.009553606307788,0.02275,2.2246603133235068,0.8898641253294026,0.2,,70.52774301209845,0.3257423303667272,,classic,True,,ACTIVE,2.396390989199441,2.687949716808426
00-0040568,Lan Larison,RB,NE,4000,44220556,3.3489,3.3489,1.0,0.9627157204651928,3.2240675659006715,JAX,21.44,45.83,1.0,0.5,5.1283,statline_mc+recal_10_4b,0.3802111778263024,7.071283161275403,0.0,0.0,0.0,1.4975,6.064981633598324,0.042,1.14125,0.87425,6.244999499350035,0.02975,2.487462825204956,0.6833194526058355,2.9,,38.050062578222786,0.21617719634077867,,classic,True,,ACTIVE,0.1300376776047382,0.14033291890571428
00-0036637,Noah Gray,TE,KC,3000,44221158,2.6085,2.6085,1.0,1.2334795168460282,3.2174835052952515,MIA,27.47,45.17,2.0,1.0,4.7763,statline_mc+recal_10_4b,0.0479422947802473,8.222932787271787,0.0,0.0,0.0,0.0,0.0,0.0,1.10825,0.723,9.23708564211757,0.106,2.320062352708736,0.9280249410834944,0.8,,72.69304530322768,0.32245459514047303,,classic,True,,ACTIVE,1.91452596056041,2.1383587714283703
00-0040198,Ollie Gordon II,RB,MIA,4000,44220558,4.0105,4.0105,1.0,0.7943302749547231,3.185645114785667,KC,17.69,45.17,1.0,0.5,5.1955,statline_mc+recal_10_4b,0.3674856620170128,7.876575954971974,0.0,0.0,0.0,2.11675,8.708181811051615,0.084,0.73475,0.56,3.423701590454556,0.0315,1.9923321902697813,0.7164567746350494,0.4,,32.43614227605936,0.18828724170635897,,classic,True,,ACTIVE,0.0780592259089027,0.08423926988771241
00-0041511,Omar Cooper Jr.,WR,NYJ,3000,44220808,3.3642,3.3642,1.0,0.9465507176961876,0.0,DET,21.08,48.72,1.0,0.5,4.9055,statline_mc+recal_10_4b,0.0,6.007857213132674,0.0,0.0,0.0,0.02875,0.09324243338687,0.001,1.063,0.672,8.464688302118066,0.04875,1.996531813541777,1.344826589386163,4.0,,20.336438092982046,0.0,,classic,True,Injured Reserve,OUT,0.4444955397618529,0.0
00-0037805,Jeremy Ruckert,TE,NYJ,2500,44221304,3.3278,3.3278,1.0,0.9465507176961876,3.1499627710486413,DET,21.08,48.72,2.0,1.0,4.8702,statline_mc+recal_10_4b,0.0297049444602379,7.764950759747167,0.0,0.0,0.0,0.0,0.0,0.0,1.61425,1.1115,10.307301402973213,0.09625,2.6247283962869017,0.4164826307513207,2.0,,62.85479085251121,0.3154164409674643,,classic,True,,ACTIVE,1.073312007358329,1.198796042829451
00-0039471,Frank Gore Jr.,RB,BUF,4000,44220582,2.4357,2.4357,1.0,1.286015775845295,3.132338283037439,LAC,28.64,50.22,1.0,0.5,5.4001,statline_mc+recal_10_4b,0.3498304393419997,7.658184560564733,0.0,0.0,0.0,1.928,10.199326022653826,0.07575,0.6535,0.49025,5.188326470454177,0.022,2.548392748626401,0.503823033726639,0.2,,47.231226533166456,0.2014584347553576,,classic,True,,ACTIVE,0.2996081651641627,0.32332850847484146
00-0036265,AJ Dillon,RB,CAR,4000,44220502,3.194,3.194,1.0,0.9779826675248088,3.1236833356972724,CLE,21.78,41.83,2.0,1.0,5.4954,statline_mc+recal_10_4b,0.3469639207829367,7.954739625556233,0.0,0.0,0.0,3.9605,15.853501550477583,0.1095,0.34275,0.26025,1.8228829352189635,0.00775,2.807215723830913,0.3775448871276174,1.3,,49.918946301925025,0.2257760172678597,,classic,True,,ACTIVE,0.3680401945077071,0.41281808396867387
00-0035631,Drew Sample,TE,CIN,2600,44221174,2.9826,2.9826,1.0,1.0242325365583511,3.054911118382358,PIT,22.81,42.5,1.0,0.5,4.7773,statline_mc+recal_10_4b,0.0040314930750747,7.309468193497006,0.0,0.0,0.0,0.0,0.0,0.0,1.6735,1.16575,9.608561190214171,0.08575,2.5857578548176607,0.41155499936094,2.5,,43.78279689535388,0.25506882055442803,,classic,True,,ACTIVE,0.3587525544382924,0.39040748891015065
00-0035891,Cody White,WR,LV,3200,44220788,3.3488,3.3488,1.0,0.9029950157908128,3.023977914056021,NO,20.11,43.61,2.0,1.0,5.1954,statline_mc+recal_10_4b,0.0,7.026440663643597,0.0,0.0,0.0,0.01775,0.0637039490368225,0.00025,1.574,0.96275,11.055765940285603,0.07275,2.704852740964442,0.4957809251237783,8.2,,49.569884203142884,0.49755071684165547,,classic,True,,ACTIVE,0.7437789113319347,0.8716662972465731
00-0040218,Jimmy Horn Jr.,WR,CLE,3000,44220960,3.3183,3.3183,1.0,0.90074987651734,2.988982949047558,CAR,20.06,41.83,1.0,0.5,4.6884,statline_mc+recal_10_4b,0.0,5.378724581543576,0.0,0.0,0.0,0.03,0.1538954074021172,0.0015,1.072,0.6555,7.365596462362671,0.04725,1.6000422025888488,1.280033762071079,-1.0,,30.854692479972442,0.2062078529151058,,classic,True,,ACTIVE,0.258118777568193,0.2898933315996419
00-0041395,Eli Raridon,TE,NE,2900,44221160,3.0646,3.0646,1.0,0.9627157204651928,0.0,JAX,21.44,45.83,2.0,1.0,4.6961,statline_mc+recal_10_4b,0.0,7.3341765934398895,0.0,0.0,0.0,0.0,0.0,0.0,1.33075,0.90075,9.620264937428074,0.08175,2.572314216571034,0.5900457429157351,5.6,,31.818642350557248,0.0,,classic,True,Out,OUT,1.1875164575507546,0.0
00-0040429,Josh Williams,RB,TB,4000,44220586,3.1702,3.1702,1.0,0.9290386313630988,2.9452661476905204,MIN,20.69,42.5,1.0,0.5,4.8058,statline_mc+recal_10_4b,0.2878721481151003,6.146721108145421,0.0,0.0,0.0,1.9625,7.671021376978669,0.05125,0.6495,0.49475,3.519287417090732,0.01625,2.015938826439117,0.9302352682835804,0.0,,33.21001139817629,0.18418791978408341,,classic,True,,ACTIVE,0.0837486108298127,0.09037909034156817
00-0040187,Mitchell Evans,TE,CAR,2500,44221278,3.007,3.007,1.0,0.9779826675248088,2.940835685538576,CLE,21.78,41.83,2.0,1.0,4.7093,statline_mc+recal_10_4b,0.0,6.963909398013326,0.0,0.0,0.0,0.0,0.0,0.0,1.35625,0.91275,9.748249086289366,0.078,2.2323806210493293,0.5787607769096392,2.1,,55.3951367781155,0.2883006361633742,,classic,True,,ACTIVE,0.687938124758527,0.7729928923438752
00-0041096,Kaytron Allen,RB,WAS,4300,44220396,4.1341,4.1341,1.0,0.71081109398153,2.938554361658027,SEA,15.83,40.28,2.0,1.0,4.9128,statline_mc+recal_10_4b,0.2856492045811385,6.466133890805988,0.0,0.0,0.0,3.81625,11.631476697798544,0.0725,0.38475,0.29325,1.415854945800534,0.00575,2.1901779932452974,0.8760711972981188,2.0,,37.21353080239188,0.20488828605598275,,classic,True,,ACTIVE,0.1159494573580241,0.13005653604702858
00-0040078,Brashard Smith,RB,KC,4000,44220566,2.3564,2.3564,1.0,1.2334795168460282,2.9065778401372424,MIA,27.47,45.17,1.0,0.5,4.9874,statline_mc+recal_10_4b,0.2750585806534547,6.326306009813477,0.0,0.0,0.0,1.59775,8.335976604385392,0.05225,0.54675,0.4145,4.181782869733785,0.016,2.0657547318133105,0.8263018927253243,0.0,,41.088363802968,0.18393133136977174,,classic,True,,ACTIVE,0.1714057303882866,0.18497613080778144
00-0040238,LeQuint Allen Jr.,RB,JAX,4000,44220546,2.6489,2.6489,1.0,1.0951789376000958,2.900996747404309,NE,24.39,45.83,1.0,0.5,5.0859,statline_mc+recal_10_4b,0.2732101227403072,6.996264935785504,0.0,0.0,0.0,1.64175,7.7584417066991715,0.0475,0.928,0.681,5.648599209495342,0.0285,2.524821878151343,0.4252926557848577,0.0,,40.07531736098695,0.1838179127018907,,classic,True,,ACTIVE,0.156325177256926,0.16870163191931908
00-0037157,Bam Knight,RB,ARI,4000,44220454,3.1732,3.1732,1.0,0.9092814057565372,2.8853357753197626,SF,20.25,48.06,1.0,0.8422166915581784,4.8306,statline_mc+recal_10_4b,0.2680232087859053,5.741852925363601,0.0,0.0,0.0,2.21875,9.018844002467992,0.04175,0.6285,0.4795,3.399301675789503,0.01125,2.1225530187350325,0.8490212074940131,1.2,,46.40775797666212,0.20952304310519593,,classic,True,,ACTIVE,0.270745936308284,0.3000076824848631
00-0041326,CJ Donaldson,RB,NO,4000,44220428,2.7187,2.7187,1.0,1.0552154585322775,2.8687813026441966,LV,23.5,43.61,2.0,1.0,5.074,statline_mc+recal_10_4b,0.2625403674357579,6.933088647223364,0.0,0.0,0.0,1.784,7.626504513497656,0.0605,0.831,0.6155,4.949147620091375,0.025,2.400221184299528,0.4862160892852936,0.7,,55.518157617656996,0.24451584608361504,,classic,True,,ACTIVE,0.6122932699092724,0.6867883950799489
00-0040879,Matt Hibner,TE,BAL,2500,44221380,2.2394,2.2394,1.0,1.2698507730762898,2.843718534481733,DAL,28.28,53.33,1.0,0.5,4.6584,statline_mc+recal_10_4b,0.0,6.194688534771426,0.0,0.0,0.0,0.0,0.0,0.0,0.9145,0.6095,8.668988918537606,0.07075,1.9189426880097415,0.932569642627973,1.2,,50.58604266174555,0.25000933953232496,,classic,True,,ACTIVE,0.5331336771995555,0.5825307445841272
00-0034981,Foster Moreau,TE,HOU,2500,44221178,2.8771,2.8771,1.0,0.986514196764006,2.838329487244532,IND,21.97,42.44,2.0,1.0,4.8102,statline_mc+recal_10_4b,0.0,7.216639607519385,0.0,0.0,0.0,0.0,0.0,0.0,1.4455,1.00625,10.991754326313744,0.08125,2.592095654994565,0.2344040546131576,4.5,,57.20853234910986,0.36391219138778125,,classic,True,,ACTIVE,0.765377538640104,0.8600067012365661
00-0038824,Ryan Miller,WR,MIA,3200,44220786,3.564,3.564,1.0,0.7943302749547231,2.830975277926571,KC,17.69,45.17,1.0,0.5,5.1574,statline_mc+recal_10_4b,0.0,6.921070793089251,0.0,0.0,0.0,0.0375,0.2200121526248136,0.0005,1.53575,0.95425,11.697636154397108,0.06025,2.7009578592357686,0.2927104472243789,7.4,,31.67613989453995,0.37248572190371604,,classic,True,,ACTIVE,0.2708974384389719,0.3042450521839117
00-0040894,Malik Benson,WR,LV,3000,44220838,3.1221,3.1221,1.0,0.9029950157908128,2.819254739439922,NO,20.11,43.61,2.0,1.0,5.084,statline_mc+recal_10_4b,0.0,6.580168923154453,0.0,0.0,0.0,0.26475,1.4389053149278697,0.00875,1.308,0.76225,8.92590705638999,0.05625,2.211582266355189,0.6115235023081365,0.4,,50.58202995213073,0.29442970758856973,,classic,True,,ACTIVE,0.7894068287257364,0.9251396038969386
00-0041100,Josh Cameron,WR,JAX,3000,44221004,2.5495,2.5495,1.0,1.0951789376000958,2.792192471391184,NE,24.39,45.83,2.0,1.0,5.0966,statline_mc+recal_10_4b,0.0,6.602796851774534,0.0,0.0,0.0,0.01875,0.0881575788518169,0.00025,1.111,0.697,9.610838847165166,0.06675,1.9988720046140065,0.7035428287894856,5.0,,62.0741296777131,0.4794320948852812,,classic,True,,ACTIVE,1.5519813438080952,1.8188332725519138
00-0041132,Deion Burks,WR,IND,3300,44220772,2.959,2.959,1.0,0.919160018559818,2.7197555785851097,HOU,20.47,42.44,1.0,0.5,4.9431,statline_mc+recal_10_4b,0.0,5.739263839741123,0.0,0.0,0.0,0.4515,2.288938271592255,0.00875,1.1255,0.69025,8.09984643410458,0.0365,2.093807417774584,0.7018771080154265,0.7,,31.418165016674262,0.2343804724582016,,classic,True,,ACTIVE,0.2668176057644773,0.2996629900126858
00-0039814,Erick All Jr.,TE,CIN,2500,44221296,2.6534,2.6534,1.0,1.0242325365583511,2.717722158823816,PIT,22.81,42.5,1.0,0.5,4.4905,statline_mc+recal_10_4b,0.0,5.885763268328242,0.0,0.0,0.0,0.0,0.0,0.0,1.206,0.81575,7.241307206132453,0.06975,1.9033535955264247,0.7613414382105701,1.3,,40.06340914025185,0.21986431765250597,,classic,True,,ACTIVE,0.2870894247665584,0.3136894619937761
00-0040646,Jalen Royals,WR,KC,3000,44220810,2.1952,2.1952,1.0,1.2334795168460282,2.707766757136869,MIA,27.47,45.17,2.0,1.0,5.2207,statline_mc+recal_10_4b,0.0,7.267037698024101,0.0,0.0,0.0,0.0175,0.1766236234580535,0.0015,1.133,0.72375,10.19622380965276,0.07425,2.358790422219258,0.462732013825788,4.3,,62.984983941030976,0.4602656172036459,,classic,True,,ACTIVE,1.637404004323037,1.9189437395973834
00-0040785,Dohnte Meyers,WR,CIN,3000,44220974,2.6049,2.6049,1.0,1.0242325365583511,2.668049193258532,PIT,22.81,42.5,2.0,1.0,5.1693,statline_mc+recal_10_4b,0.0,6.720060687899588,0.0,0.0,0.0,0.30575,1.7208088254667004,0.01575,1.0065,0.603,7.4975411324961,0.0675,1.9600750336270207,0.6304641974622522,1.9,,55.83726603743401,0.3513143231508746,,classic,True,,ACTIVE,1.075362774352725,1.2602635990824922
00-0039798,Isaiah Davis,RB,NYJ,4000,44220530,2.8069,2.8069,1.0,0.9465507176961876,2.656833113214604,DET,21.08,48.72,1.0,0.5,4.7896,statline_mc+recal_10_4b,0.1923431270966767,5.561399714488495,0.0,0.0,0.0,1.494,5.788693296038907,0.03925,0.726,0.5485,4.030901411664269,0.02075,1.9328091061107149,0.7731236424442862,0.0,,36.57914468979081,0.18366704441809614,,classic,True,,ACTIVE,0.1137615314585987,0.12276817044745279
00-0036187,Reggie Gilliam,RB,NE,4000,44220554,2.7596,2.7596,1.0,0.9627157204651928,2.6567281881033185,JAX,21.44,45.83,1.0,0.5,5.0175,statline_mc+recal_10_4b,0.192308375899819,6.185768375629614,0.0,0.0,0.0,1.48625,6.008316953030082,0.03325,1.125,0.83475,6.050551857287194,0.02575,2.4425270598114763,0.2590913070715914,0.7,,35.31476846057573,0.19060456691768904,,classic,True,,ACTIVE,0.1014089279969268,0.10943759632623287
00-0039855,Jalen McMillan,WR,TB,4100,44220718,2.8365,2.8365,1.0,0.9290386313630988,2.6351917677236774,MIN,20.69,42.5,0.0,0.0,5.0304,statline_mc+recal_10_4b,0.0,6.382092729329476,0.0,0.0,0.0,0.03,0.1920207414503069,0.00225,1.2615,0.77675,9.526176552188046,0.0635,1.1796800958996043,0.4718720383598418,0.0,,17.900955077956755,0.21238479535042623,,classic,True,,ACTIVE,0.1253472144598262,0.13530459283789933
00-0039391,Kimani Vidal,RB,LAC,4000,44220422,2.7194,2.7194,1.0,0.969002110430917,2.635069185855528,BUF,21.58,50.22,1.0,0.5,4.7686,statline_mc+recal_10_4b,0.1851349143553509,5.731361839617833,0.0,0.0,0.0,1.327,5.60103448382946,0.0475,0.71525,0.54025,3.602249231058888,0.0265,1.833102035916732,0.7332408143666931,0.0,,37.89471214017522,0.1836460019479663,,classic,True,,ACTIVE,0.1282140931096535,0.13836495900532075
00-0038488,Brady Russell,RB,SEA,4000,44220470,2.4011,2.4011,1.0,1.0974240768735688,2.635068347617884,WAS,24.44,40.28,1.0,0.5,5.0913,statline_mc+recal_10_4b,0.1851346367310432,6.249625338724101,0.0,0.0,0.0,1.39,6.227034018046845,0.027,1.07725,0.81675,7.153349311569961,0.021,2.5463121237282182,0.183530014656204,2.0,,33.58616797782943,0.2045813335556048,,classic,True,,ACTIVE,0.0866620122551187,0.09352314930577055
00-0039530,Brevyn Spann-Ford,TE,DAL,2500,44221190,2.3237,2.3237,1.0,1.125263803864633,2.614726009640096,BAL,25.06,53.33,2.0,1.0,4.5341,statline_mc+recal_10_4b,0.0,5.969125868492824,0.0,0.0,0.0,0.0,0.0,0.0,0.9935,0.66725,8.150535924786501,0.06675,1.824806042903614,0.7299224171614458,1.7,,70.5834780720799,0.3391526349671302,,classic,True,,ACTIVE,1.68097748543819,1.8888088938084342
00-0039874,Jaylen Wright,RB,MIA,4000,44220418,3.2742,3.2742,1.0,0.7943302749547231,0.0,KC,17.69,45.17,2.0,1.0,4.6032,statline_mc+recal_10_4b,0.1737879324797021,4.726778979206436,0.0,0.0,0.0,1.84125,6.154612199494847,0.04375,0.42225,0.315,2.070955922506018,0.01125,1.4284402033478014,1.142752162678241,0.5,,20.14504738065439,0.0,,classic,True,Out,OUT,0.202512710519656,0.0
00-0034798,Durham Smythe,TE,BAL,2500,44221378,2.042,2.042,1.0,1.2698507730762898,2.593032735320211,DAL,28.28,53.33,2.0,1.0,4.8518,statline_mc+recal_10_4b,0.0,7.602845442731843,0.0,0.0,0.0,0.0,0.0,0.0,1.135,0.73525,10.11928062005647,0.105,2.2775666739980944,0.2071046733145638,0.7,,73.34364596902591,0.32152551381616956,,classic,True,,ACTIVE,1.97731186483812,2.221781236508125
00-0040556,Corey Kiner,RB,NE,4000,44220550,2.6815,2.6815,1.0,0.9627157204651928,2.581565126582323,JAX,21.44,45.83,2.0,1.0,4.9124,statline_mc+recal_10_4b,0.1674143699240654,5.616766161558239,0.0,0.0,0.0,3.033,10.99404703366988,0.0545,0.355,0.26325,1.983392717968699,0.0075,2.156995235755804,0.6465711514184651,0.6,,51.33778334028647,0.22301909951325244,,classic,True,,ACTIVE,0.4064530761410244,0.46965209940430774
00-0041125,Seth McGowan,RB,IND,4100,44220408,2.788,2.788,1.0,0.919160018559818,2.5626202933836604,HOU,20.47,42.44,2.0,1.0,4.8035,statline_mc+recal_10_4b,0.1611398411686683,5.782383901279382,0.0,0.0,0.0,2.05275,7.328365360774288,0.053,0.64175,0.48325,3.318652454353859,0.0205,1.99057406087556,0.5806685118708457,0.5,,41.74560959135428,0.18874312770948284,,classic,True,,ACTIVE,0.1699412336914839,0.19636524328055835
00-0037801,KaVontae Turpin,WR,DAL,3000,44221102,2.2684,2.2684,1.0,1.125263803864633,2.55258786338581,BAL,25.06,53.33,2.0,1.0,5.1865,statline_mc+recal_10_4b,0.0,6.713114294907037,0.0,0.0,0.0,0.4515,2.6597720961175506,0.02475,0.76025,0.48825,6.720179071396158,0.05975,1.7825332103141451,0.6065927466344387,1.0,,67.24091837613675,0.38198096149948063,,classic,True,,ACTIVE,2.103202425998711,2.464832819402353
00-0038573,Derius Davis,WR,LAC,3000,44221046,2.6084,2.6084,1.0,0.969002110430917,2.5275804218144198,BUF,21.58,50.22,2.0,1.0,4.9399,statline_mc+recal_10_4b,0.0,5.811759727351408,0.0,0.0,0.0,0.014,0.1100906934117831,0.00025,1.316,0.75,9.13410706072373,0.05625,2.009848864187989,0.4936606464008677,0.0,,59.633474028770785,0.32129044927670397,,classic,True,,ACTIVE,1.3444223235819417,1.575585985133307
00-0038710,Blake Whiteheart,TE,CLE,2500,44221284,2.8024,2.8024,1.0,0.90074987651734,2.5242819941149355,CAR,20.06,41.83,2.0,1.0,4.5721,statline_mc+recal_10_4b,0.0,6.090831194817746,0.0,0.0,0.0,0.0,0.0,0.0,1.45775,0.9645,8.423846113900348,0.07175,2.691446432876245,0.2843973827249,5.6,,46.753509914604145,0.34905601334111924,,classic,True,,ACTIVE,0.4080388150202976,0.4649541793388975
00-0034854,KhaDarel Hodge,WR,SF,3000,44220852,2.0021,2.0021,1.0,1.2487464639056445,2.50010832342917,ARI,27.81,48.06,2.0,1.0,5.1251,statline_mc+recal_10_4b,0.0,6.783000915516386,0.0,0.0,0.0,0.02,0.1560488592251837,0.001,0.8255,0.509,8.496355704503637,0.0835,1.6799194182374926,0.5973678670562876,1.4,,65.79122724979388,0.3856715114301948,,classic,True,,ACTIVE,1.9312842561217267,2.26335456789113
00-0039062,Jonathan Mingo,WR,DAL,3000,44221094,2.2116,2.2116,1.0,1.125263803864633,2.488588162343939,BAL,25.06,53.33,1.0,0.5,4.9243,statline_mc+recal_10_4b,0.0,5.477899469512193,0.0,0.0,0.0,0.03775,0.2610971557558174,0.001,1.02525,0.65275,9.045061867669585,0.0485,1.934459402203264,0.5917222600013989,1.0,,44.97770087555222,0.28507918715593694,,classic,True,,ACTIVE,0.5924017620950797,0.6653267231357095
00-0041436,DJ Herman,RB,MIA,4000,44220562,3.0777,3.0777,1.0,0.7943302749547231,2.4446971679807064,KC,17.69,45.17,1.0,0.5,5.0274,statline_mc+recal_10_4b,0.1220837020352099,5.732000635760792,0.0,0.0,0.0,1.5275,4.869987324079055,0.026,1.489,1.0645,7.26286960195443,0.0215,2.6236295311885707,-0.1210885246226425,1.4,,28.818495217235835,0.19753509211317655,,classic,True,,ACTIVE,0.0550662697136671,0.06062965897582134
00-0035594,Travis Homer,RB,PIT,4000,44220516,2.7525,2.7525,1.0,0.8841358458936404,2.433553161874788,CIN,19.69,42.5,1.0,0.7810138226128809,4.9392,statline_mc+recal_10_4b,0.1183928072129297,5.746653309351435,0.0,0.0,0.0,2.13425,8.569271655768286,0.05825,0.62275,0.46975,3.1155099987506496,0.01325,2.0571945727748973,0.3678249964228941,1.6,,34.39455410195332,0.1998081915344452,,classic,True,,ACTIVE,0.0889717463884937,0.10065498102704307
00-0038738,Hunter Luepke,RB,DAL,4000,44220604,2.1603,2.1603,1.0,1.125263803864633,2.430916056418972,BAL,25.06,53.33,2.0,1.0,4.7136,statline_mc+recal_10_4b,0.1175193978859633,5.611383628794733,0.0,0.0,0.0,1.59625,7.68885875827894,0.0595,0.37575,0.287,2.6028746561228813,0.011,1.7374817874469728,0.6949927149787891,0.4,,61.58454516558397,0.27119844761959466,,classic,True,,ACTIVE,1.0317300070913271,1.192152778001712
00-0040563,Efton Chism III,WR,NE,3000,44221016,2.5221,2.5221,1.0,0.9627157204651928,2.428099835608436,JAX,21.44,45.83,1.0,0.5,4.8089,statline_mc+recal_10_4b,0.0,5.127060564468422,0.0,0.0,0.0,0.0315,0.2131379969213789,0.0015,1.01125,0.6485,7.696960940030579,0.05325,1.6189748547831015,0.6475899419132405,0.8,,36.94649625290723,0.2529862181146958,,classic,True,,ACTIVE,0.3693561133783557,0.41482404055496663
00-0041524,Will Kacmarek,TE,MIA,2500,44221328,3.0564,3.0564,1.0,0.7943302749547231,2.4277990869706176,KC,17.69,45.17,2.0,1.0,4.4512,statline_mc+recal_10_4b,0.0,5.556181983714971,0.0,0.0,0.0,0.0,0.0,0.0,1.19825,0.78725,6.836398194238076,0.071,1.795348729513955,0.52990926754681,0.7,,50.01899696048632,0.2367281277805481,,classic,True,,ACTIVE,0.4944518513745722,0.5634205529369222
00-0040782,Isaiah Bond,WR,CLE,3000,44220952,2.6933,2.6933,1.0,0.90074987651734,2.425945130523482,CAR,20.06,41.83,1.0,0.5,4.7591,statline_mc+recal_10_4b,0.0,5.032329469580642,0.0,0.0,0.0,0.04025,0.1899799697006224,0.001,1.05275,0.6705,7.4768885704556,0.04575,1.7393956912696489,0.6957582765078594,1.0,,28.982728917219404,0.23152384786378122,,classic,True,,ACTIVE,0.2312049053442491,0.25966634788790877
00-0040208,Tahj Brooks,RB,CIN,4000,44220524,2.3642,2.3642,1.0,1.0242325365583511,2.4214528608341848,PIT,22.81,42.5,1.0,0.5,4.7702,statline_mc+recal_10_4b,0.1143851875082819,5.374602599453192,0.0,0.0,0.0,1.839,7.999883244372789,0.03925,0.5835,0.4445,3.402653618944316,0.0145,2.0452418838878788,0.5159491745024742,0.0,,33.378235070623994,0.18315921649554864,,classic,True,,ACTIVE,0.0833508801356273,0.09177188620611033
00-0036887,Luke Farrell,TE,SF,2500,44221212,1.9368,1.9368,1.0,1.2487464639056445,2.4186081886752864,ARI,27.81,48.06,2.0,1.0,4.7116,statline_mc+recal_10_4b,0.0,6.670972884625986,0.0,0.0,0.0,0.0,0.0,0.0,0.9845,0.675,8.850739521844028,0.0865,1.9613998655881089,0.3337842364908838,2.0,,68.1781010276451,0.3360992977034678,,classic,True,,ACTIVE,1.4388973501766118,1.6396021946368025
00-0041503,Nate Boerkircher,TE,JAX,2500,44221314,2.2,2.2,1.0,1.0951789376000958,2.4094236218967944,NE,24.39,45.83,1.0,0.5,4.5537,statline_mc+recal_10_4b,0.0,5.73790441760914,0.0,0.0,0.0,0.0,0.0,0.0,0.92125,0.62175,7.400323875542972,0.072,1.6871476045379223,0.6116412343424971,1.0,,42.42075553625706,0.2199417776691184,,classic,True,,ACTIVE,0.326688594030275,0.36034826156654537
00-0040739,Elijah Arroyo,TE,SEA,2500,44221240,2.1889,2.1889,1.0,1.0974240768735688,2.402146980699415,WAS,24.44,40.28,1.0,0.5,4.4719,statline_mc+recal_10_4b,0.0,5.2098840104153625,0.0,0.0,0.0,0.0,0.0,0.0,1.0755,0.7305,6.508186134077434,0.06975,1.5070709182291793,0.6028283672916717,1.4,,37.17995549283543,0.21290609558079698,,classic,True,,ACTIVE,0.2400206712474816,0.2647506928755828
00-0039603,British Brooks,RB,HOU,4000,44220496,2.3921,2.3921,1.0,0.986514196764006,2.359887494997076,IND,21.97,42.44,1.0,0.5,4.589,statline_mc+recal_10_4b,0.0939947383430315,4.726143321955892,0.0,0.0,0.0,1.84175,7.582728786899993,0.03475,0.50175,0.3785,2.930475589280209,0.0075,1.9553123133191088,0.6773170573790557,0.0,,31.480405193992492,0.18323623005653694,,classic,True,,ACTIVE,0.0701425205374074,0.07722907547579991
00-0036590,Quintin Morris,TE,JAX,2500,44221316,2.1331,2.1331,1.0,1.0951789376000958,2.336116272151699,NE,24.39,45.83,2.0,1.0,4.5478,statline_mc+recal_10_4b,0.0,5.552902098984486,0.0,0.0,0.0,0.0,0.0,0.0,1.173,0.77875,8.955491264513904,0.0625,2.1535226184213063,0.2858171457003089,0.9,,62.165291648574325,0.2819084702539363,,classic,True,,ACTIVE,1.010234439128077,1.1511471636866715
00-0038115,Daniel Bellinger,TE,TEN,2500,44221180,2.955,2.955,1.0,0.7871458292796097,2.326019790129962,NYG,17.53,37.5,2.0,1.0,4.1975,statline_mc+recal_10_4b,0.0,4.766059450105779,0.0,0.0,0.0,0.0,0.0,0.0,1.15825,0.7545,6.167838746533216,0.04775,1.6743397886916005,0.6697359154766402,0.9,,39.36694890722246,0.20982040865583906,,classic,True,,ACTIVE,0.2642402470594303,0.3010978433846134
00-0036628,John Bates,TE,WAS,2500,44221188,3.2375,3.2375,1.0,0.71081109398153,2.3012193409066897,SEA,15.83,40.28,1.0,0.5,4.2465,statline_mc+recal_10_4b,0.0,4.699120436649153,0.0,0.0,0.0,0.0,0.0,0.0,1.15925,0.76925,5.709314660039432,0.0545,1.5957196872568664,0.6382878749027465,1.7,,26.61238059053408,0.21093858687173017,,classic,True,,ACTIVE,0.1289085188711885,0.14219033515460333
00-0038547,Luke Schoonmaker,TE,DAL,2500,44221388,2.024,2.024,1.0,1.125263803864633,2.2775284584100923,BAL,25.06,53.33,1.0,0.5,4.4713,statline_mc+recal_10_4b,0.0,5.141352863848906,0.0,0.0,0.0,0.0,0.0,0.0,0.89575,0.60725,7.450229778647621,0.0575,1.705892024271178,0.57525548054533,1.1,,45.34792933130699,0.23022383931267132,,classic,True,,ACTIVE,0.3880732456101017,0.4280575507424285
00-0038489,Ben VanSumeren,RB,KC,4000,44220570,1.8432,1.8432,1.0,1.2334795168460282,2.2735376869972077,MIA,27.47,45.17,1.0,0.5,4.8819,statline_mc+recal_10_4b,0.065395681933475,5.429817895962754,0.0,0.0,0.0,1.59,8.017364549336232,0.041,0.56225,0.424,3.9756525907650175,0.0165,2.08850051654239,0.3072359729870824,0.0,,37.62512850885035,0.18262233948841677,,classic,True,,ACTIVE,0.122626161561996,0.13501518072092167
00-0040582,Arian Smith,WR,NYJ,3000,44220982,2.3679,2.3679,1.0,0.9465507176961876,0.0,DET,21.08,48.72,2.0,1.0,4.4084,statline_mc+recal_10_4b,0.0,4.251280810588949,0.0,0.0,0.0,0.018,0.1660943436831725,0.00025,0.7685,0.4555,5.393198957683926,0.03625,1.2570650793865503,1.0056520635092403,0.0,,30.128056434047473,0.0,,classic,True,Injured Reserve,OUT,1.0778819587670474,0.0
00-0032950,Carson Wentz,QB,MIN,4600,44220244,2.1895,2.1895,1.0,0.9793297510888924,2.144244239984744,TB,21.81,42.5,2.0,1.0,6.5314,statline_mc+recal_10_4b,0.0,4.953628748067377,0.0,0.0,0.0,2.28875,7.880862160751308,0.0835,0.0,0.0,0.0,0.0,1.236447529887016,0.9891580239096128,12.8,,57.06476846057571,0.48725418546067056,,classic,True,,ACTIVE,0.7294095299487957,0.8005976845308954
00-0037594,Julius Chestnut,RB,TEN,4000,44220484,2.7212,2.7212,1.0,0.7871458292796097,2.1419922339754893,NYG,17.53,37.5,1.0,0.5,4.5341,statline_mc+recal_10_4b,0.0218278278926821,4.336106914167227,0.0,0.0,0.0,1.75075,5.995329757767718,0.02975,0.6475,0.49225,2.9694388704266865,0.01325,1.58665951163069,0.501765371156049,0.0,,21.45279255319149,0.18271459373409377,,classic,True,,ACTIVE,0.0281888928759044,0.031036839264016132
00-0041069,Colbie Young,WR,CIN,3000,44220972,2.0868,2.0868,1.0,1.0242325365583511,2.1373539817824807,PIT,22.81,42.5,1.0,0.5,4.6419,statline_mc+recal_10_4b,0.0,4.465630338947223,0.0,0.0,0.0,0.0355,0.2110675595799027,0.001,0.867,0.544,6.849756396880779,0.045,1.506303965341031,0.6025215861364124,0.9,,36.50138939308172,0.2525734847773355,,classic,True,,ACTIVE,0.3569304236654362,0.404103759404386
00-0037231,Kevin Austin Jr.,WR,NO,3000,44220824,2.0201,2.0201,1.0,1.0552154585322775,2.1316626224322475,LV,23.5,43.61,1.0,0.5,4.7495,statline_mc+recal_10_4b,0.0,4.5356905875581415,0.0,0.0,0.0,0.035,0.1999764905362895,0.0015,0.841,0.51975,6.927292859532205,0.04675,1.4998392185634937,0.5999356874253978,0.9,,38.10097692061578,0.25765130954795573,,classic,True,,ACTIVE,0.3921460139748174,0.44397358133641757
00-0037292,Drew Ogletree,TE,IND,2500,44221260,2.3144,2.3144,1.0,0.919160018559818,2.127280979478421,HOU,20.47,42.44,2.0,1.0,4.2219,statline_mc+recal_10_4b,0.0,4.226705337205367,0.0,0.0,0.0,0.0,0.0,0.0,1.008,0.6375,6.200435767049048,0.048,1.542979945484396,0.5839874027735161,0.0,,47.199124330583295,0.2140223916742791,,classic,True,,ACTIVE,0.4188759933129677,0.47730298331032067
00-0040081,Jake Briningstool,TE,KC,2500,44221340,1.723,1.723,1.0,1.2334795168460282,2.125253775320034,MIA,27.47,45.17,1.0,0.5,4.4195,statline_mc+recal_10_4b,0.0,4.5493047814883365,0.0,0.0,0.0,0.0,0.0,0.0,0.7605,0.51025,7.042724700094191,0.05275,1.4718282632765374,0.5887313053106147,1.0,,41.60607088580113,0.21694090102904862,,classic,True,,ACTIVE,0.3114020301567843,0.3434866789530188
00-0040506,Myles Price,WR,MIN,3000,44221080,2.1496,2.1496,1.0,0.9793297510888924,2.105210301364597,TB,21.81,42.5,2.0,1.0,4.4841,statline_mc+recal_10_4b,0.0,4.354699384420367,0.0,0.0,0.0,0.01125,0.0726996176523574,0.0,0.94025,0.553,6.766900565073949,0.04225,1.5802743859444468,0.6087502830919662,0.0,,52.090727022138,0.290069336629898,,classic,True,,ACTIVE,0.8524555807789719,1.0109962761976798
00-0033376,Patrick Ricard,RB,NYG,4000,44220480,2.3135,2.3135,1.0,0.8967086258250886,2.074501654875073,TEN,19.97,37.5,1.0,0.5,4.4694,statline_mc+recal_10_4b,0.0,4.4386301328125,0.0,0.0,0.0,1.4155,5.250019114881328,0.02475,0.73025,0.5325,3.793779809690362,0.0095,1.8081847779041584,0.4386217624179038,0.0,,22.750441399964238,0.18260064622286773,,classic,True,,ACTIVE,0.0317183731521329,0.03492290575485218
00-0036862,Ben Skowronek,WR,PIT,3000,44220962,2.2662,2.2662,1.0,0.8841358458936404,2.0036727213748238,CIN,19.69,42.5,1.0,0.5,4.4445,statline_mc+recal_10_4b,0.0,4.098643424071187,0.0,0.0,0.0,0.03075,0.0920800530060581,0.0005,0.915,0.57175,6.206195491859424,0.03575,1.5102325661949525,0.5778451668882751,0.6,,29.341470364741642,0.22492682877716413,,classic,True,,ACTIVE,0.2342453718336321,0.2652041661480129
00-0037614,John Metchie III,WR,CAR,3000,44220940,1.9962,1.9962,1.0,0.9779826675248088,1.9522878717699088,CLE,21.78,41.83,1.0,0.5,4.752,statline_mc+recal_10_4b,0.0,4.3990778149949366,0.0,0.0,0.0,0.03575,0.1755140685499931,0.0025,0.739,0.45225,5.709731746313038,0.06375,1.2612832257090143,0.5045132902836058,0.0,,32.433649077686034,0.22328082439704774,,classic,True,,ACTIVE,0.2809739692748581,0.3181085997453951
00-0036754,Brock Wright,TE,DET,2500,44221182,1.5648,1.5648,1.0,1.2411129903758364,1.9420914846075727,NYJ,27.64,48.72,2.0,1.0,4.4632,statline_mc+recal_10_4b,0.0,4.487922458699934,0.0,0.0,0.0,0.0,0.0,0.0,0.651,0.44075,5.933270405458405,0.06525,1.2850361101543308,0.5140144440617325,0.8,,65.48541757128383,0.2902336472239097,,classic,True,,ACTIVE,1.2281192654756952,1.3994236925257626
00-0039384,Tyrone Tracy Jr.,RB,NYG,4100,44220412,2.1361,2.1361,1.0,0.8967086258250886,1.915477714804794,TEN,19.97,37.5,2.0,1.0,4.4563,statline_mc+recal_10_4b,0.0,3.873957888860484,0.0,0.0,0.0,1.61525,6.284074918120725,0.037,0.3595,0.27625,2.0611756189656654,0.0085,1.3411316527403878,0.5364526610961551,0.2,,32.201089655720445,0.18434452968619883,,classic,True,,ACTIVE,0.071362253180192,0.08245830574713203
00-0033576,Eric Saubert,TE,SEA,2500,44221238,1.7364,1.7364,1.0,1.0974240768735688,1.905615958930089,WAS,24.44,40.28,2.0,1.0,4.1545,statline_mc+recal_10_4b,0.0,4.136810127485925,0.0,0.0,0.0,0.0,0.0,0.0,0.75875,0.51875,5.663880603009444,0.0435,1.3974447465728614,0.5589778986291447,0.0,,52.36032710956724,0.2281925679568882,,classic,True,,ACTIVE,0.567462734379101,0.6466153715192922
00-0039365,Jacob Cowing,WR,SF,3300,44220776,1.5212,1.5212,1.0,1.2487464639056445,1.8995357178221108,ARI,27.81,48.06,2.0,1.0,4.7885,statline_mc+recal_10_4b,0.0,4.345224988100847,0.0,0.0,0.0,0.02875,0.1848560702700187,0.00125,0.632,0.391,5.981181027641797,0.065,1.215455020077323,0.4861820080309293,0.0,,62.6738183429113,0.3329886368232818,,classic,True,,ACTIVE,1.5754883532960655,1.8841391652285449
00-0040621,Montorie Foster Jr.,WR,SEA,3000,44220886,1.725,1.725,1.0,1.0974240768735688,0.0,WAS,24.44,40.28,1.0,0.5,4.5898,statline_mc+recal_10_4b,0.0,4.17061270037169,0.0,0.0,0.0,0.02725,0.145252292802342,0.00125,0.7285,0.45775,6.065467969561958,0.0465,1.3055793946831182,0.5222317578732474,0.0,,18.00522608690302,0.0,,classic,True,Out,OUT,0.3185220741661434,0.0
00-0034613,Tanner Hudson,TE,CIN,2500,44221302,1.8395,1.8395,1.0,1.0242325365583511,1.884033286568397,PIT,22.81,42.5,1.0,0.5,4.2633,statline_mc+recal_10_4b,0.0,4.007429601878352,0.0,0.0,0.0,0.0,0.0,0.0,0.779,0.52375,5.769171619315585,0.04225,1.3177903115920964,0.5271161246368385,1.4,,36.22922546678246,0.20889964869155522,,classic,True,,ACTIVE,0.2269658927933272,0.2503508429663601
00-0041041,Oscar Delp,TE,NO,2500,44221194,1.7661,1.7661,1.0,1.0552154585322775,1.8636144306620472,LV,23.5,43.61,1.0,0.5,4.2351,statline_mc+recal_10_4b,0.0,3.987456682185519,0.0,0.0,0.0,0.0,0.0,0.0,0.73425,0.49225,5.819154348820952,0.04525,1.2854974894498796,0.514198995779952,1.8,,37.735860833695185,0.22062351499192975,,classic,True,,ACTIVE,0.2479991612242695,0.27355122967300527
00-0039796,Rasheen Ali,RB,BAL,4000,44220592,1.4355,1.4355,1.0,1.2698507730762898,1.8228761493323775,DAL,28.28,53.33,2.0,1.0,4.45,statline_mc+recal_10_4b,0.0,3.841702171542611,0.0,0.0,0.0,0.89875,4.642635912851399,0.0315,0.38225,0.29,2.8263455859979323,0.01025,1.346604929598413,0.5377279994474444,0.0,,62.397267417605335,0.267495701210844,,classic,True,,ACTIVE,1.1108448510521511,1.2835691178976187
00-0037093,Dareke Young,WR,LV,3000,44220840,1.9892,1.9892,1.0,0.9029950157908128,1.7962520482618,NO,20.11,43.61,2.0,1.0,4.4768,statline_mc+recal_10_4b,0.0,3.8782476732633273,0.0,0.0,0.0,0.01275,0.1006721404258105,0.0005,0.75125,0.4695,5.664777721694715,0.0435,1.2073926551243686,0.4829570620497474,1.9,,46.93830525577446,0.30976863219155476,,classic,True,,ACTIVE,0.6221180543870084,0.7466584878973024
00-0039912,Ben Sinnott,TE,WAS,2600,44221172,2.4931,2.4931,1.0,0.71081109398153,1.7721314937724566,SEA,15.83,40.28,1.0,1.0,4.1138,statline_mc+recal_10_4b,0.0,3.7948468528744823,0.0,0.0,0.0,0.0,0.0,0.0,0.8355,0.5555,4.0823201006186665,0.05775,1.1647487092764743,0.4658994837105898,0.8,,40.85432045158489,0.21001210635885761,,classic,True,,ACTIVE,0.2884007943811633,0.32862842880648363
00-0038896,Jacob Saylors,RB,DET,4000,44220540,1.4089,1.4089,1.0,1.2411129903758364,1.7485625725364948,NYJ,27.64,48.72,2.0,1.0,4.405,statline_mc+recal_10_4b,0.0,3.715384290361235,0.0,0.0,0.0,0.8875,4.419153628094747,0.0345,0.3575,0.26875,2.6544147091483774,0.01125,1.2548893470304552,0.5019557388121823,0.0,,58.293874287303574,0.24580202583818087,,classic,True,,ACTIVE,0.764972888058215,0.8839178344396706
00-0034365,Ian Thomas,TE,LV,2500,44221204,1.9261,1.9261,1.0,0.9029950157908128,1.7392451589351197,NO,20.11,43.61,1.0,0.5,4.1208,statline_mc+recal_10_4b,0.0,3.82144898255454,0.0,0.0,0.0,0.0,0.0,0.0,0.71925,0.48625,4.823749049219199,0.04925,1.1965506350329993,0.4786202540131998,1.1,,31.70296895353886,0.19836638605285234,,classic,True,,ACTIVE,0.1739119907641965,0.19183064448110973
00-0037742,Treylon Burks,WR,WAS,3000,44220876,2.4325,2.4325,1.0,0.71081109398153,1.7290432515911336,SEA,15.83,40.28,1.0,0.5,4.2947,statline_mc+recal_10_4b,0.0,3.579917095608028,0.0,0.0,0.0,0.027,0.1062463747083842,0.00075,0.882,0.5325,4.690258049770448,0.0435,1.1303570228581252,0.4521428091432502,0.0,,24.550515763631665,0.20665345615535927,,classic,True,,ACTIVE,0.1753020834038373,0.20007236152902427
00-0041099,Barion Brown,WR,NO,3000,44220822,1.6116,1.6116,1.0,1.0552154585322775,0.0,LV,23.5,43.61,2.0,1.0,4.6704,statline_mc+recal_10_4b,0.0,3.176483897731336,0.0,0.0,0.0,0.30275,2.0567859038145944,0.00975,0.362,0.22275,3.2994471527555853,0.02025,0.936180881183788,0.7489447049470304,0.2,,30.89933302979216,0.0,,classic,True,Out,OUT,0.9929806409829168,0.0
00-0040705,Chimere Dike,WR,TEN,3000,44220910,2.1575,2.1575,1.0,0.7871458292796097,1.6982821369777246,NYG,17.53,37.5,2.0,1.0,4.3678,statline_mc+recal_10_4b,0.0,3.5462167427461777,0.0,0.0,0.0,0.022,0.0610568310811864,0.001,0.772,0.485,4.573049388086203,0.044,1.197803787652464,0.4791215150609857,0.4,,35.62806873977087,0.2391418176103018,,classic,True,,ACTIVE,0.3160543667227554,0.3838684332208898
00-0041472,Marlin Klein,TE,HOU,2500,44221270,1.7182,1.7182,1.0,0.986514196764006,1.695012095623749,IND,21.97,42.44,1.0,0.5,4.1084,statline_mc+recal_10_4b,0.0,3.577796172291838,0.0,0.0,0.0,0.0,0.0,0.0,0.696,0.466,5.258754574337021,0.036,1.2165915954751167,0.4866366381900469,1.3,,33.6336164785063,0.20170529512088517,,classic,True,,ACTIVE,0.1948279521642373,0.21490163767531723
00-0036646,Simi Fehoko,WR,ARI,3000,44220866,1.8554,1.8554,1.0,0.9092814057565372,1.6870969311492896,SF,20.25,48.06,1.0,0.5,4.2431,statline_mc+recal_10_4b,0.0,3.5749144860576374,0.0,0.0,0.0,0.03575,0.1394510069935937,0.001,0.75125,0.45825,5.207968573612281,0.032,1.228387432721755,0.4913549730887021,0.0,,34.12193818219855,0.2279356395037065,,classic,True,,ACTIVE,0.305361981290441,0.351322272295443
00-0039359,Cade Stover,TE,HOU,2500,44221272,1.6955,1.6955,1.0,0.986514196764006,1.6725948733952904,IND,21.97,42.44,1.0,0.5,4.1398,statline_mc+recal_10_4b,0.0,3.600646009409957,0.0,0.0,0.0,0.0,0.0,0.0,0.677,0.45325,4.877033107358483,0.04425,1.1697289066486047,0.467891562659442,0.4,,33.404024641771606,0.1861919158235753,,classic,True,,ACTIVE,0.1922144105084612,0.21201881528910488
00-0038640,Jalen Brooks,WR,ARI,3000,44220864,1.8141,1.8141,1.0,0.9092814057565372,1.6494974597800445,SF,20.25,48.06,1.0,0.5,4.2446,statline_mc+recal_10_4b,0.0,3.439834542674288,0.0,0.0,0.0,0.03275,0.2129212242704295,0.0005,0.7405,0.4435,5.470546440886821,0.02225,1.2410017331607988,0.4964006932643194,0.0,,33.985298506085186,0.22731132045063474,,classic,True,,ACTIVE,0.3029174326243721,0.3485097925346332
00-0038564,Cameron Latu,TE,NE,2500,44221322,1.6794,1.6794,1.0,0.9627157204651928,1.6167537419399434,JAX,21.44,45.83,1.0,0.5,4.1172,statline_mc+recal_10_4b,0.0,3.5322625658106497,0.0,0.0,0.0,0.0,0.0,0.0,0.66325,0.4485,4.598138210325487,0.0465,1.0735998022684865,0.4294399209073947,0.0,,35.02350195397308,0.18096723977911036,,classic,True,,ACTIVE,0.2114259547962252,0.2332097803629053
00-0038643,Brayden Willis,TE,SF,2500,44221214,1.2545,1.2545,1.0,1.2487464639056445,1.566587043517881,ARI,27.81,48.06,1.0,0.5,4.1258,statline_mc+recal_10_4b,0.0,3.537221097359362,0.0,0.0,0.0,0.0,0.0,0.0,0.554,0.37475,4.948529211085537,0.04175,1.106835306023318,0.4427341224093273,0.0,,41.88756513243596,0.197582425948673,,classic,True,,ACTIVE,0.3166013032796412,0.3492216481728425
00-0039816,Anthony Gould,WR,IND,3000,44220918,1.6827,1.6827,1.0,0.919160018559818,1.5466467930271302,HOU,20.47,42.44,1.0,0.5,4.6228,statline_mc+recal_10_4b,0.0,3.176380840320879,0.0,0.0,0.0,0.0395,0.1759341833606846,0.00075,0.63775,0.3995,5.029458024439815,0.03325,1.0271439306177,0.4108575722470799,0.0,,29.614521291977905,0.21327234433565453,,classic,True,,ACTIVE,0.2342422243549648,0.26949822037489285
00-0041094,Bauer Sharp,TE,TB,2500,44221362,1.6142,1.6142,1.0,0.9290386313630988,1.4996665623776422,MIN,20.69,42.5,1.0,0.5,3.9128,statline_mc+recal_10_4b,0.0,3.238441584216885,0.0,0.0,0.0,0.0,0.0,0.0,0.6515,0.44175,4.163295701540557,0.03575,1.0683424805589656,0.4273369922235863,0.0,,30.761031806339556,0.17935398897563917,,classic,True,,ACTIVE,0.1645379600170289,0.1814907803250316
00-0037197,Isiah Pacheco,RB,DET,4000,44220542,1.2028,1.2028,1.0,1.2411129903758364,0.0,NYJ,27.64,48.72,0.0,0.0,4.2142,statline_mc+recal_10_4b,0.0,2.810466075685922,0.0,0.0,0.0,0.563,3.010845328256529,0.021,0.236,0.1805,1.7506090368058522,0.011,0.8011276897172914,0.640902151773833,0.0,,13.654489987484354,0.0,,classic,True,Injured Reserve,OUT,0.0266118882084153,0.0
00-0039041,Elijah Higgins,TE,ARI,2500,44221220,1.638,1.638,1.0,0.9092814057565372,1.4894071739938757,SF,20.25,48.06,1.0,0.5,4.0528,statline_mc+recal_10_4b,0.0,3.236413941808428,0.0,0.0,0.0,0.0,0.0,0.0,0.61525,0.412,4.1187869847458165,0.0415,1.0444461887982346,0.4177784755192939,0.0,,33.108852583586625,0.17902180268924844,,classic,True,,ACTIVE,0.1889057867762142,0.20836929451648029
00-0041131,Carsen Ryan,TE,CLE,2500,44221286,1.6496,1.6496,1.0,0.90074987651734,1.485883022821007,CAR,20.06,41.83,1.0,0.5,3.9173,statline_mc+recal_10_4b,0.0,3.225595217212664,0.0,0.0,0.0,0.0,0.0,0.0,0.66375,0.4415,4.486343279363811,0.026,1.0974967372115652,0.438998694884626,0.0,,26.278006947459836,0.1792731430857485,,classic,True,,ACTIVE,0.1263977851392087,0.13942091328892442
00-0041490,Eli Heidenreich,RB,PIT,4000,44220518,1.6417,1.6417,1.0,0.8841358458936404,0.0,CIN,19.69,42.5,2.0,1.0,4.3401,statline_mc+recal_10_4b,0.0,2.9937880129033605,0.0,0.0,0.0,0.8715,3.347122160112584,0.0395,0.3275,0.248,1.6821524880581664,0.01575,0.9370754189851814,0.3748301675940726,0.0,,17.880609690684786,0.0,,classic,True,Out,OUT,0.1055634170906222,0.0
00-0039686,Colson Yankoff,TE,WAS,2500,44221232,2.0332,2.0332,1.0,0.71081109398153,1.4452527592501778,SEA,15.83,40.28,2.0,1.0,3.9076,statline_mc+recal_10_4b,0.0,3.102128622164715,0.0,0.0,0.0,0.0,0.0,0.0,0.7235,0.482,3.7265843386758153,0.034,0.9733608134564906,0.3893443253825961,1.2,,33.64343609784339,0.19901442832938462,,classic,True,,ACTIVE,0.1887043476240496,0.21502580602009005
00-0037524,Tay Martin,WR,DET,3000,44220996,1.1166,1.1166,1.0,1.2411129903758364,1.3857656775363196,NYJ,27.64,48.72,2.0,1.0,4.4796,statline_mc+recal_10_4b,0.0,3.109899943480213,0.0,0.0,0.0,0.01725,0.1141835888465894,0.00025,0.456,0.274,4.604323690552562,0.04125,0.9679123739910112,0.3871649495964044,0.0,,62.637501076750794,0.32734099248589626,,classic,True,,ACTIVE,1.5479772889931596,1.8801183566894921
00-0035544,Tom Kennedy,WR,DET,3000,44220994,1.1117,1.1117,1.0,1.2411129903758364,1.3797991900698294,NYJ,27.64,48.72,2.0,1.0,4.398,statline_mc+recal_10_4b,0.0,3.1306972498914427,0.0,0.0,0.0,0.02125,0.1293870412708262,0.0015,0.4545,0.28125,4.487017516856172,0.0425,0.916021835642824,0.3664087342571296,0.0,,62.43507192695323,0.326706601602762,,classic,True,,ACTIVE,1.5296539094151402,1.857863429213372
00-0026158,Joe Flacco,QB,CIN,4400,44220246,1.3304,1.3304,1.0,1.0242325365583511,1.3626170881116764,PIT,22.81,42.5,0.0,0.0,6.3363,statline_mc+recal_10_4b,0.0,2.401657449205222,0.0,0.0,0.0,1.1915,5.013710191341223,0.0515,0.0,0.0,0.0,0.0,0.7784325862219424,0.622746068977554,0.0,,19.92880162703379,0.1942461794563881,,classic,True,,ACTIVE,0.0542871816097508,0.05641806986388181
00-0035537,Ty Johnson,RB,BUF,4000,44220416,1.0583,1.0583,1.0,1.286015775845295,1.360953314025165,LAC,28.64,50.22,0.0,0.0,4.5665,statline_mc+recal_10_4b,0.0,2.888067661806355,0.0,0.0,0.0,0.61425,3.4303427770860675,0.0475,0.20325,0.15125,1.4334754457779595,0.01525,0.8620537293469056,0.3448214917387622,0.0,,21.47065776665276,0.17900560120808992,,classic,True,,ACTIVE,0.0290213808860653,0.031087287470436414
00-0040164,Jaylin Lane,WR,WAS,3000,44220874,1.8873,1.8873,1.0,0.71081109398153,1.3415123641075934,SEA,15.83,40.28,2.0,1.0,4.2373,statline_mc+recal_10_4b,0.0,2.852316592468419,0.0,0.0,0.0,0.01725,0.1024065672205917,0.0005,0.6535,0.412,3.629519438295932,0.031,0.9182994088898532,0.3673197635559412,0.7,,34.81243001119822,0.23953962362851147,,classic,True,,ACTIVE,0.3012484973190897,0.36588574894605486
00-0039518,Treyton Welch,TE,NO,2500,44221196,1.2681,1.2681,1.0,1.0552154585322775,1.338108037228598,LV,23.5,43.61,1.0,0.5,3.9546,statline_mc+recal_10_4b,0.0,2.9982504004950106,0.0,0.0,0.0,0.0,0.0,0.0,0.54025,0.3725,4.000131042595423,0.03275,0.9246123324226392,0.3698449329690558,0.0,,35.21035062961355,0.1801837188994164,,classic,True,,ACTIVE,0.2137625757981394,0.23578715016205293
00-0029892,Kyle Juszczyk,RB,SF,4000,44220452,1.0635,1.0635,1.0,1.2487464639056445,1.328049245614224,ARI,27.81,48.06,0.0,0.0,4.3752,statline_mc+recal_10_4b,0.0,2.942070719452044,0.0,0.0,0.0,0.5695,3.014662311141308,0.03625,0.32175,0.23875,2.1622542982989392,0.01025,0.7340189616754983,0.2936075846701993,5.4,,20.045108468919484,0.24112544984720932,,classic,True,,ACTIVE,0.025493854919274,0.027308652187036656
00-0035500,Greg Dortch,WR,BUF,3000,44221060,1.0045,1.0045,1.0,1.286015775845295,1.2917853311573635,LAC,28.64,50.22,2.0,1.0,4.3525,statline_mc+recal_10_4b,0.0,2.931968794643009,0.0,0.0,0.0,0.023,0.1888575964754637,0.00125,0.4525,0.28175,4.51669741351001,0.03,0.8674495753970405,0.3469798301588161,0.0,,65.40787320182616,0.33886195333549685,,classic,True,,ACTIVE,1.8219587708111071,2.212886554919295
00-0040547,Nate Carter,RB,KC,4000,44220568,1.0387,1.0387,1.0,1.2334795168460282,1.2812653151682212,MIA,27.47,45.17,0.0,0.0,3.9045,statline_mc+recal_10_4b,0.0,2.540888579164452,0.0,0.0,0.0,0.5815,2.959219915511627,0.01875,0.1685,0.13025,1.1714641939682124,0.006,0.7396211302752965,0.5916969042202372,0.0,,18.594293213739398,0.17992080387760065,,classic,True,,ACTIVE,0.0223437165680897,0.0239342691113528
00-0037563,Malik Davis,RB,DAL,4000,44220600,1.1257,1.1257,1.0,1.125263803864633,0.0,BAL,25.06,53.33,0.0,0.0,3.9432,statline_mc+recal_10_4b,0.0,2.507130061172161,0.0,0.0,0.0,0.5185,2.4441625140533905,0.0185,0.2285,0.1715,1.493626150967832,0.0065,0.6915141974909079,0.5532113579927264,0.0,,13.89119211514393,0.0,,classic,True,Injured Reserve,OUT,0.0258131983002514,0.0
00-0039407,Dylan Laube,RB,LV,4000,44220436,1.3913,1.3913,1.0,0.9029950157908128,1.2563039132928857,NO,20.11,43.61,2.0,1.0,4.0886,statline_mc+recal_10_4b,0.0,2.729658613917295,0.0,0.0,0.0,0.79975,3.1727007790203734,0.02875,0.29925,0.223,1.5473245491392442,0.00975,0.83450345119231,0.3338013804769238,0.0,,39.931213620199856,0.17930491983933236,,classic,True,,ACTIVE,0.1318125773580664,0.16650599635777322
00-0039266,Kendall Milton,RB,CIN,4000,44220528,1.2219,1.2219,1.0,1.0242325365583511,1.2514804246135274,PIT,22.81,42.5,0.0,0.0,3.8859,statline_mc+recal_10_4b,0.0,2.375432918697543,0.0,0.0,0.0,0.64625,2.721691816583051,0.01775,0.19925,0.14775,1.239340669694435,0.00625,0.7064089699822235,0.5651271759857788,0.0,,15.934683979974968,0.17974909808581505,,classic,True,,ACTIVE,0.0173633973052236,0.01879383007305117
00-0036972,Mac Jones,QB,SF,4000,44220255,0.9957,0.9957,1.0,1.2487464639056445,1.2433454459046756,ARI,27.81,48.06,1.0,0.5,6.2468,statline_mc+recal_10_4b,0.0,2.275294388814856,0.0,0.0,0.0,0.8985,4.339066986420374,0.04925,0.0,0.0,0.0,0.0,0.711798434078298,0.5694387472626383,-0.2,,46.4540117110674,0.21247040800206526,,classic,True,,ACTIVE,0.3512980722313837,0.3751955504776241
00-0036679,Shane Buechele,QB,BUF,4000,44220293,0.9524,0.9524,1.0,1.286015775845295,1.224782353219395,LAC,28.64,50.22,0.0,0.0,6.2841,statline_mc+recal_10_4b,0.0,2.2871174070017872,0.0,0.0,0.0,0.86075,4.778725251416516,0.04325,0.0,0.0,0.0,0.0,0.6789497850971794,0.5431598280777437,0.0,,25.048435544430532,0.1918787452755259,,classic,True,,ACTIVE,0.0782552773962781,0.08132696479066545
00-0034577,Kyle Allen,QB,BUF,4000,44220292,0.9515,0.9515,1.0,1.286015775845295,1.223700944568341,LAC,28.64,50.22,0.0,0.0,6.2688,statline_mc+recal_10_4b,0.0,2.3312696692441905,0.0,0.0,0.0,0.875,4.575791159094355,0.04725,0.0,0.0,0.0,0.0,0.6764022858236322,0.5411218286589058,0.0,,24.842553191489362,0.1918787452755259,,classic,True,,ACTIVE,0.0771128850253193,0.08013973107018924
00-0038396,Eric Gray,RB,CLE,4000,44220514,1.3563,1.3563,1.0,0.90074987651734,1.2216900791063363,CAR,20.06,41.83,0.0,0.0,3.7461,statline_mc+recal_10_4b,0.0,2.315908884502682,0.0,0.0,0.0,0.60175,2.330095843993945,0.01175,0.24525,0.18375,1.2782264688148426,0.00675,0.711072309781822,0.5688578478254577,0.0,,11.850890001390628,0.17986436558638766,,classic,True,,ACTIVE,0.0119784642223278,0.012965275007721343
00-0039363,Isaac Guerendo,RB,SF,4000,44220448,0.9736,0.9736,1.0,1.2487464639056445,0.0,ARI,27.81,48.06,0.0,0.0,3.8463,statline_mc+recal_10_4b,0.0,2.33755711752864,0.0,0.0,0.0,0.5495,2.8023738503285176,0.01725,0.16625,0.127,1.1247113620332505,0.00475,0.709423465036487,0.5675387720291897,0.0,,13.525500625782227,0.0,,classic,True,Out,OUT,0.0239519286252461,0.0
00-0033319,Nick Mullens,QB,JAX,4000,44220282,1.0854,1.0854,1.0,1.0951789376000958,1.1886626740044497,NE,24.39,45.83,1.0,0.5,6.2746,statline_mc+recal_10_4b,0.0,2.019952032468568,0.0,0.0,0.0,1.0215,4.341618497246984,0.05,0.0,0.0,0.0,0.0,0.6506260303496886,0.5205008242797511,-0.3,,41.61502324333989,0.1957741284622435,,classic,True,,ACTIVE,0.2486367605254149,0.26555057829313167
00-0035704,Drew Lock,QB,SEA,5200,44220234,1.0775,1.0775,1.0,1.0974240768735688,1.1824481645839966,WAS,24.44,40.28,2.0,1.0,6.2531,statline_mc+recal_10_4b,0.0,2.1030332726659897,0.0,0.0,0.0,0.909,4.44444459843529,0.04625,0.0,0.0,0.0,0.0,0.6431296309255843,0.5145037047404676,17.1,,49.58081530484534,0.472915698641398,,classic,True,,ACTIVE,0.4029625911825753,0.46908804115179964
00-0040644,Trevor Etienne,RB,CAR,4000,44220504,1.2089,1.2089,1.0,0.9779826675248088,0.0,CLE,21.78,41.83,0.0,0.0,3.8077,statline_mc+recal_10_4b,0.0,2.3259372473113173,0.0,0.0,0.0,0.59675,2.373271620124753,0.01775,0.20675,0.156,1.235261605186587,0.00675,0.650486033890933,0.5203888271127465,0.0,,7.932415519399249,0.0,,classic,True,Injured Reserve,OUT,0.0142561510574424,0.0
00-0040981,Joe Fagnano,QB,BAL,4000,44220298,0.9204,0.9204,1.0,1.2698507730762898,1.1687458316243933,DAL,28.28,53.33,0.0,0.0,6.2161,statline_mc+recal_10_4b,0.0,2.078607380779004,0.0,0.0,0.0,0.8355,4.248463743864553,0.04275,0.0,0.0,0.0,0.0,0.6695618215474224,0.5356494572379379,0.0,,24.50865143929912,0.1918787452755259,,classic,True,,ACTIVE,0.0752954917428502,0.07825100120541983
00-0039405,Jawhar Jordan,RB,HOU,4000,44220498,1.179,1.179,1.0,0.986514196764006,1.1631207050725243,IND,21.97,42.44,0.0,0.0,3.8446,statline_mc+recal_10_4b,0.0,2.235048439083174,0.0,0.0,0.0,0.6515,2.816486673210303,0.02075,0.18125,0.136,1.0147899548420003,0.0055,0.6128038028341176,0.4902430422672942,0.0,,14.8362449589765,0.17915371507637493,,classic,True,,ACTIVE,0.0153898791806002,0.01700777403235031
00-0040589,Kurtis Rourke,QB,SF,4000,44220256,0.9102,0.9102,1.0,1.2487464639056445,1.13659265612058,ARI,27.81,48.06,0.0,0.0,6.26,statline_mc+recal_10_4b,0.0,2.0857494551847147,0.0,0.0,0.0,0.79775,4.344211671592998,0.0445,0.0,0.0,0.0,0.0,0.6033393612016,0.4826714889612801,0.0,,22.851971214017517,0.1918787452755259,,classic,True,,ACTIVE,0.0668924402896733,0.06951811196900429
00-0038102,Kenny Pickett,QB,CAR,4000,44220269,1.1517,1.1517,1.0,0.9779826675248088,1.1262939891241466,CLE,21.78,41.83,2.0,1.0,6.2441,statline_mc+recal_10_4b,0.0,1.9888126917011828,0.0,0.0,0.0,1.09225,4.636549953413638,0.042,0.0,0.0,0.0,0.0,0.5992362422284784,0.4793889937827827,1.0,,48.72286787055248,0.23521455874434705,,classic,True,,ACTIVE,0.4019731525180408,0.4412045112326944
00-0036842,Kene Nwangwu,RB,NYJ,4000,44220532,1.1843,1.1843,1.0,0.9465507176961876,0.0,DET,21.08,48.72,0.0,0.0,3.8134,statline_mc+recal_10_4b,0.0,2.21608146654265,0.0,0.0,0.0,0.492,1.9641792992535172,0.01625,0.2245,0.16825,1.2885352472652989,0.0075,0.610619252920116,0.4884954023360928,0.0,,10.388532540675843,0.0,,classic,True,Out,OUT,0.0174558639475269,0.0
00-0035993,Tyler Huntley,QB,BAL,4000,44220297,0.8826,0.8826,1.0,1.2698507730762898,1.1207094591126538,DAL,28.28,53.33,0.0,0.0,6.214,statline_mc+recal_10_4b,0.0,2.0329938621976904,0.0,0.0,0.0,0.80825,4.239209969109386,0.04325,0.0,0.0,0.0,0.0,0.6078605777521439,0.4862884622017152,0.0,,23.891004380475596,0.1918787452755259,,classic,True,,ACTIVE,0.0720458423231432,0.07487379607968489
00-0037327,Skylar Thompson,QB,BAL,4000,44220299,0.8803,0.8803,1.0,1.2698507730762898,0.0,DAL,28.28,53.33,0.0,0.0,6.1721,statline_mc+recal_10_4b,0.0,1.9520022662309016,0.0,0.0,0.0,0.781,4.049035599658788,0.0375,0.0,0.0,0.0,0.0,0.6690418044899484,0.5352334435919588,0.0,,14.893945556946182,0.0,,classic,True,Injured Reserve,OUT,0.07099409701768,0.0
00-0033949,Joshua Dobbs,QB,DET,4000,44220280,0.8987,0.8987,1.0,1.2411129903758364,1.1153752294133854,NYJ,27.64,48.72,0.0,0.0,6.2028,statline_mc+recal_10_4b,0.0,1.8835271656969053,0.0,0.0,0.0,0.78675,3.925054668080724,0.0405,0.0,0.0,0.0,0.0,0.6601497032566411,0.528119762605313,0.0,,22.363313516896117,0.1918787452755259,,classic,True,,ACTIVE,0.0636548778146832,0.06713350181476253
00-0039921,Trey Benson,RB,ARI,4000,44220458,1.2169,1.2169,1.0,0.9092814057565372,0.0,SF,20.25,48.06,0.0,0.0,3.7591,statline_mc+recal_10_4b,0.0,2.155381872682149,0.0,0.0,0.0,0.521,1.9419180730535537,0.01775,0.22975,0.172,1.1737978501686603,0.006,0.6040180271872129,0.4832144217497702,0.0,,9.211670838548184,0.0,,classic,True,Injured Reserve,OUT,0.0155224926218541,0.0
00-0039589,Kameron Johnson,WR,TB,3000,44221068,1.1903,1.1903,1.0,0.9290386313630988,1.1057968393993076,MIN,20.69,42.5,2.0,1.0,4.0906,statline_mc+recal_10_4b,0.0,2.57298269973455,0.0,0.0,0.0,0.0195,0.0994506319239783,0.00125,0.4385,0.26925,3.373859059200324,0.0345,0.6867896757171936,0.2747158702868774,0.0,,45.31562642284926,0.2586403380702379,,classic,True,,ACTIVE,0.558788238666509,0.6786843918765881
00-0038519,Nikko Remigio,WR,KC,3000,44221036,0.89,0.89,1.0,1.2334795168460282,1.097849128647021,MIA,27.47,45.17,2.0,1.0,4.378,statline_mc+recal_10_4b,0.0,2.48406636727617,0.0,0.0,0.0,0.02325,0.1851295620538809,0.00275,0.363,0.21625,3.5414542172285004,0.0345,0.7067268767969572,0.282690750718783,0.0,,57.43842523657753,0.30179177782181893,,classic,True,,ACTIVE,1.1401058548969991,1.3847321673273503
00-0041453,Luke Altmyer,QB,DET,4000,44220281,0.8827,0.8827,1.0,1.2411129903758364,1.0955813620023371,NYJ,27.64,48.72,0.0,0.0,6.1782,statline_mc+recal_10_4b,0.0,1.869179480745895,0.0,0.0,0.0,0.77525,3.950005215812965,0.0375,0.0,0.0,0.0,0.0,0.6541635505263009,0.5233308404210407,0.0,,22.157431163954943,0.1918787452755259,,classic,True,,ACTIVE,0.0627256261500119,0.06615346822647734
00-0038040,Zamir White,RB,NO,4000,44220434,1.033,1.033,1.0,1.0552154585322775,1.0900199294283022,LV,23.5,43.61,0.0,0.0,3.8694,statline_mc+recal_10_4b,0.0,2.150939513440745,0.0,0.0,0.0,0.5045,2.284578567985548,0.01725,0.1825,0.1385,1.1689393936949946,0.00625,0.5830226665753095,0.4664181332602478,0.0,,16.491812682519818,0.17843010682625726,,classic,True,,ACTIVE,0.0175213485876292,0.01977021855958798
00-0038951,Sean Tucker,RB,TB,4000,44220424,1.173,1.173,1.0,0.9290386313630988,1.0897608759275,MIN,20.69,42.5,0.0,0.0,4.1563,statline_mc+recal_10_4b,0.0,2.223782728872108,0.0,0.0,0.0,0.74575,2.7693525953528004,0.0365,0.20475,0.1565,1.0798413224438763,0.0095,0.6902287103695799,0.2760914841478321,0.0,,13.594188916701432,0.1776514923718423,,classic,True,,ACTIVE,0.0134637341894693,0.015191808223137567
00-0040649,Robbie Ouzts,RB,SEA,4000,44220476,0.9855,0.9855,1.0,1.0974240768735688,0.0,WAS,24.44,40.28,0.0,0.0,3.764,statline_mc+recal_10_4b,0.0,2.127646931718162,0.0,0.0,0.0,0.45825,2.1139390366301622,0.01275,0.19125,0.14425,1.2475575939046957,0.00575,0.615794121213019,0.4926352969704152,0.0,,9.179755944931163,0.0,,classic,True,Injured Reserve,OUT,0.0150021640256321,0.0
00-0040067,Jacardia Wright,RB,SEA,4000,44220474,0.9828,0.9828,1.0,1.0974240768735688,1.078520887823275,WAS,24.44,40.28,0.0,0.0,3.7689,statline_mc+recal_10_4b,0.0,2.1516196040041877,0.0,0.0,0.0,0.46625,2.192048435533396,0.015,0.18775,0.14225,1.1913055036062246,0.00475,0.6017943673866413,0.481435493909313,0.0,,14.784331108329857,0.17859366806551283,,classic,True,,ACTIVE,0.0148469782610496,0.016927695957315966
00-0039373,Audric Estime,RB,NO,4000,44220430,1.0174,1.0174,1.0,1.0552154585322775,1.0735941424076918,LV,23.5,43.61,0.0,0.0,3.7322,statline_mc+recal_10_4b,0.0,2.154987114267157,0.0,0.0,0.0,0.4995,2.2708640117250485,0.0165,0.18425,0.138,1.0594903587821405,0.00475,0.5975733816962162,0.4780587053569729,0.0,,16.148675427617857,0.17864734254843037,,classic,True,,ACTIVE,0.0168075411251625,0.019163020309879566
00-0037120,Tyler Goodson,RB,DAL,4000,44220598,0.9528,0.9528,1.0,1.125263803864633,1.072110230084816,BAL,25.06,53.33,0.0,0.0,4.1424,statline_mc+recal_10_4b,0.0,2.3085269335641536,0.0,0.0,0.0,0.52225,2.4763897248600237,0.0255,0.21875,0.162,1.4527293708468865,0.01275,0.7229958012853123,0.289198320514125,0.0,,19.267009108607983,0.17750498427627037,,classic,True,,ACTIVE,0.0223161926392113,0.025443677311261504
00-0038391,Sean Clifford,QB,CIN,4000,44220277,1.0447,1.0447,1.0,1.0242325365583511,1.0699649396528472,PIT,22.81,42.5,0.0,0.0,6.2083,statline_mc+recal_10_4b,0.0,1.8548640922236632,0.0,0.0,0.0,0.889,3.9422416953952415,0.0415,0.0,0.0,0.0,0.0,0.5909259626416533,0.4727407701133228,0.0,,18.055272215269085,0.1918787452755259,,classic,True,,ACTIVE,0.046794174617378,0.04935139166776358
00-0038397,Evan Hull,RB,ARI,4000,44220460,1.1766,1.1766,1.0,0.9092814057565372,1.0698227648753849,SF,20.25,48.06,0.0,0.0,3.7193,statline_mc+recal_10_4b,0.0,2.094689139524508,0.0,0.0,0.0,0.51425,2.044363260564883,0.0135,0.21325,0.1655,1.1686660777447238,0.00625,0.5853372888055302,0.4682698310444242,0.0,,14.473108747044916,0.17864676005490157,,classic,True,,ACTIVE,0.0144328003513977,0.01645547342128527
00-0039920,Malachi Corley,WR,CLE,3000,44220956,1.1874,1.1874,1.0,0.90074987651734,1.0695503588582176,CAR,20.06,41.83,2.0,1.0,4.0537,statline_mc+recal_10_4b,0.0,2.434773260449917,0.0,0.0,0.0,0.0185,0.0683718177845326,0.0,0.46125,0.28,3.200685897126415,0.03,0.7028614684178071,0.2811445873671228,0.0,,38.94952192264622,0.23766070072880757,,classic,True,,ACTIVE,0.3842501775056947,0.4666966482173269
00-0040906,Garrett Nussmeier,QB,KC,4000,44220289,0.8634,0.8634,1.0,1.2334795168460282,1.0650182688017376,MIA,27.47,45.17,0.0,0.0,6.2264,statline_mc+recal_10_4b,0.0,1.8317760291449745,0.0,0.0,0.0,0.7605,3.9334091904656376,0.0395,0.0,0.0,0.0,0.0,0.5977216871939673,0.4781773497551739,0.0,,20.2802409261577,0.1918787452755259,,classic,True,,ACTIVE,0.0548545456604626,0.05785224741716791
00-0040363,Keleki Latu,TE,BUF,2500,44221356,0.8247,0.8247,1.0,1.286015775845295,1.0605770842857316,LAC,28.64,50.22,2.0,1.0,3.8079,statline_mc+recal_10_4b,0.0,2.59129454533305,0.0,0.0,0.0,0.0,0.0,0.0,0.384,0.2535,3.5393930900227306,0.02425,0.7684694382086465,0.3073877752834585,0.0,,63.76103632942539,0.25886382534552893,,classic,True,,ACTIVE,1.1096556656073595,1.264436177047427
00-0039165,Zach Charbonnet,RB,SEA,4000,44220468,0.9657,0.9657,1.0,1.0974240768735688,0.0,WAS,24.44,40.28,0.0,0.0,3.7425,statline_mc+recal_10_4b,0.0,2.1474368385244853,0.0,0.0,0.0,0.4535,2.0949709382718016,0.0135,0.199,0.148,1.299057321612932,0.0045,0.5822931132745433,0.4658344906196345,0.0,,9.179755944931163,0.0,,classic,True,Out,OUT,0.0142421227714841,0.0
00-0038840,Brycen Tremayne,WR,CAR,3000,44220938,1.0782,1.0782,1.0,0.9779826675248088,1.0544849630938449,CLE,21.78,41.83,2.0,1.0,4.0475,statline_mc+recal_10_4b,0.0,2.415517920885451,0.0,0.0,0.0,0.02025,0.081929871559235,0.0005,0.432,0.25925,3.260626834839808,0.03175,0.6630732311348513,0.2652292924539405,0.0,,44.871712833638924,0.2565528580796293,,classic,True,,ACTIVE,0.5443857068729864,0.6611915871692149
00-0037276,Ty Chandler,RB,NO,4000,44220432,0.99,0.99,1.0,1.0552154585322775,0.0,LV,23.5,43.61,0.0,0.0,3.708,statline_mc+recal_10_4b,0.0,2.0927995219532454,0.0,0.0,0.0,0.516,2.281572217249815,0.01275,0.1805,0.13125,1.2100869278521036,0.00425,0.579669350254596,0.4637354802036768,0.0,,10.658479349186484,0.0,,classic,True,Injured Reserve,OUT,0.0161228136784791,0.0
00-0033553,James Conner,RB,ARI,4000,44220456,1.1268,1.1268,1.0,0.9092814057565372,0.0,SF,20.25,48.06,0.0,0.0,3.5846,statline_mc+recal_10_4b,0.0,2.012647649267184,0.0,0.0,0.0,0.52,1.9157400432249072,0.01075,0.212,0.16075,1.047541490521152,0.005,0.5956600035014702,0.4765280028011761,0.0,,9.211670838548184,0.0,,classic,True,Injured Reserve,OUT,0.0139895290195534,0.0
00-0040241,Dominic Lovett,WR,DET,3000,44221002,0.8222,0.8222,1.0,1.2411129903758364,1.0203821311428554,NYJ,27.64,48.72,0.0,0.0,3.8678,statline_mc+recal_10_4b,0.0,2.2693784293349064,0.0,0.0,0.0,0.01075,0.0659357785535069,0.0015,0.2845,0.182,2.7605766404230554,0.01925,0.5390386115564988,0.431230889245199,0.0,,21.35632375742958,0.20223017159853973,,classic,True,,ACTIVE,0.1521335825980343,0.16580053364999608
00-0040039,Amar Johnson,RB,LAC,4000,44220576,1.0495,1.0495,1.0,0.969002110430917,1.0169523974973584,BUF,21.58,50.22,0.0,0.0,3.7349,statline_mc+recal_10_4b,0.0,2.002108588061146,0.0,0.0,0.0,0.42725,1.7622541985595248,0.014,0.21525,0.16275,1.2289025162239622,0.00475,0.5560459075237622,0.4448367260190097,0.0,,16.446495619524406,0.17806767511545296,,classic,True,,ACTIVE,0.016738440978157,0.019688938079675755
00-0040205,Kalel Mullings,RB,TEN,4000,44220488,1.2867,1.2867,1.0,0.7871458292796097,1.0128048470358832,NYG,17.53,37.5,0.0,0.0,3.6047,statline_mc+recal_10_4b,0.0,1.9137194156404227,0.0,0.0,0.0,0.62925,2.144665350012335,0.0155,0.193,0.13875,0.8400621833744253,0.00325,0.583227617121509,0.4665820936972071,0.0,,8.950467598386872,0.17840268377198173,,classic,True,,ACTIVE,0.008467631506817,0.009960227038873776
00-0040259,Gage Larvadain,WR,BAL,3000,44221090,0.7957,0.7957,1.0,1.2698507730762898,1.0104341807578543,DAL,28.28,53.33,0.0,0.0,3.8028,statline_mc+recal_10_4b,0.0,2.230171449498781,0.0,0.0,0.0,0.01175,0.0879686049640047,0.0,0.2685,0.1685,2.822363988446277,0.015,0.5730011517710332,0.4584009214168264,0.0,,22.607282065638728,0.20232064117615023,,classic,True,,ACTIVE,0.1637506347127755,0.17846120598263332
00-0037267,Jerome Ford,RB,MIN,4000,44220590,1.0252,1.0252,1.0,0.9793297510888924,1.0040466803513015,TB,21.81,42.5,0.0,0.0,3.7496,statline_mc+recal_10_4b,0.0,2.015125930734877,0.0,0.0,0.0,0.4605,1.90304135117966,0.0155,0.2,0.15225,1.1686813331812436,0.0055,0.527655514894014,0.4221244119152112,0.0,,14.123322555972743,0.1778854107930663,,classic,True,,ACTIVE,0.0135516780089939,0.01594044209630817
00-0026300,Josh Johnson,QB,CIN,4000,44220276,0.9787,0.9787,1.0,1.0242325365583511,1.002388174344418,PIT,22.81,42.5,0.0,0.0,6.1355,statline_mc+recal_10_4b,0.0,1.7897075311912547,0.0,0.0,0.0,0.8685,3.74685793588316,0.03775,0.0,0.0,0.0,0.0,0.5686904759451274,0.454952380756102,0.0,,17.643507509386733,0.1918787452755259,,classic,True,,ACTIVE,0.0454379180809396,0.04792101816338982
00-0041203,Joey Aguilar,QB,JAX,4000,44220284,0.9075,0.9075,1.0,1.0951789376000958,0.9939006734983163,NE,24.39,45.83,0.0,0.0,6.1919,statline_mc+recal_10_4b,0.0,1.671160276806358,0.0,0.0,0.0,0.79225,3.6007134972692136,0.03975,0.0,0.0,0.0,0.0,0.5572866547142437,0.445829323771395,0.0,,19.4575719649562,0.1918787452755259,,classic,True,,ACTIVE,0.0517240568234802,0.05455068302440471
00-0037077,Sam Howell,QB,DAL,4000,44220300,0.8826,0.8826,1.0,1.125263803864633,0.9931833079165888,BAL,25.06,53.33,0.0,0.0,6.1771,statline_mc+recal_10_4b,0.0,1.768912450619355,0.0,0.0,0.0,0.77975,3.8123459168626743,0.038,0.0,0.0,0.0,0.0,0.5405608952879013,0.4324487162303211,0.0,,21.364721526908635,0.1918787452755259,,classic,True,,ACTIVE,0.0592726483574158,0.06251179143965752
00-0034487,Trent Sherfield Sr.,WR,BUF,3000,44221064,0.7676,0.7676,1.0,1.286015775845295,0.9871196364180822,LAC,28.64,50.22,0.0,0.0,3.7606,statline_mc+recal_10_4b,0.0,2.1863757979299154,0.0,0.0,0.0,0.01375,0.0692444851511677,0.0005,0.28275,0.17525,2.735428423237937,0.0175,0.5286279319739646,0.4229023455791717,0.0,,22.39680420363511,0.20216612308948093,,classic,True,,ACTIVE,0.1617357288657188,0.17626529066274513
00-0038614,Scott Matlock,RB,LAC,4000,44220574,1.0184,1.0184,1.0,0.969002110430917,0.0,BUF,21.58,50.22,0.0,0.0,3.624,statline_mc+recal_10_4b,0.0,2.002820709960839,0.0,0.0,0.0,0.40425,1.671936642148989,0.0115,0.21725,0.166,1.133461009189048,0.006,0.5471796788072856,0.4377437430458285,0.0,,11.299436795994993,0.0,,classic,True,Injured Reserve,OUT,0.0162243570273827,0.0
00-0036945,Justin Fields,QB,KC,4000,44220251,0.7991,0.7991,1.0,1.2334795168460282,0.9856509994682796,MIA,27.47,45.17,0.0,0.0,6.1249,statline_mc+recal_10_4b,0.0,1.7430121982683249,0.0,0.0,0.0,0.762,3.7842300280694183,0.0335,0.0,0.0,0.0,0.0,0.5599724958266724,0.4479779966613378,0.0,,19.45671151439299,0.1918787452755259,,classic,True,,ACTIVE,0.0517208779216112,0.05454733040129514
00-0036331,Devin Duvernay,WR,ARI,3000,44220868,1.0629,1.0629,1.0,0.9092814057565372,0.966438180427624,SF,20.25,48.06,2.0,1.0,3.9496,statline_mc+recal_10_4b,0.0,2.2554672149635278,0.0,0.0,0.0,0.01875,0.1001058646961442,0.0005,0.40825,0.24725,3.0005799937376856,0.0235,0.6571739864606027,0.262869594584241,0.0,,47.717011432017024,0.2651862505649564,,classic,True,,ACTIVE,0.6435685327684152,0.7816555325773685
00-0039398,Joe Milton III,QB,DAL,4000,44220301,0.8555,0.8555,1.0,1.125263803864633,0.9627083833475896,BAL,25.06,53.33,0.0,0.0,6.109,statline_mc+recal_10_4b,0.0,1.6816483958859538,0.0,0.0,0.0,0.758,3.5944143483383155,0.035,0.0,0.0,0.0,0.0,0.5500211856421975,0.440016948513758,0.0,,20.95295682102628,0.1918787452755259,,classic,True,,ACTIVE,0.0575547226236236,0.06069998417010424
00-0040234,Quinn Ewers,QB,JAX,4000,44220283,0.8742,0.8742,1.0,1.0951789376000958,0.9574415400837988,NE,24.39,45.83,0.0,0.0,6.1229,statline_mc+recal_10_4b,0.0,1.661930116018498,0.0,0.0,0.0,0.79,3.6943215013828814,0.03475,0.0,0.0,0.0,0.0,0.5331367374318879,0.4265093899455103,0.0,,18.63404255319149,0.1918787452755259,,classic,True,,ACTIVE,0.048769224070083,0.05143437400265123
00-0038679,Tyrell Shavers,WR,BUF,3000,44221056,0.7375,0.7375,1.0,1.286015775845295,0.0,LAC,28.64,50.22,0.0,0.0,3.8866,statline_mc+recal_10_4b,0.0,1.9685017657571275,0.0,0.0,0.0,0.01675,0.1635044751650158,0.00075,0.2585,0.1505,2.5394385741166654,0.01925,0.5057648471145995,0.4046118776916796,0.0,,14.992958049788957,0.0,,classic,True,Out,OUT,0.1603932130654165,0.0
00-0040211,Graham Mertz,QB,HOU,4000,44220268,0.9609,0.9609,1.0,0.986514196764006,0.0,IND,21.97,42.44,0.0,0.0,6.1339,statline_mc+recal_10_4b,0.0,1.6169482773932753,0.0,0.0,0.0,0.895,3.673082713025478,0.0365,0.0,0.0,0.0,0.0,0.5263965098182191,0.4211172078545753,0.0,,8.806179599499373,0.0,,classic,True,Injured Reserve,OUT,0.039094883497001,0.0
00-0041251,Jalon Daniels,QB,TB,4000,44220294,1.0135,1.0135,1.0,0.9290386313630988,0.9415768847563516,MIN,20.69,42.5,0.0,0.0,6.1374,statline_mc+recal_10_4b,0.0,1.5867508070747791,0.0,0.0,0.0,0.92325,3.549286801948524,0.03725,0.0,0.0,0.0,0.0,0.5226852557018739,0.4181482045614991,0.0,,14.525234668335418,0.1918787452755259,,classic,True,,ACTIVE,0.035834363229279,0.03835252729291741
00-0035282,Easton Stick,QB,TB,4000,44220295,1.0132,1.0132,1.0,0.9290386313630988,0.9413053738802014,MIN,20.69,42.5,0.0,0.0,6.1418,statline_mc+recal_10_4b,0.0,1.6349251312097532,0.0,0.0,0.0,0.93175,3.609765908474124,0.0345,0.0,0.0,0.0,0.0,0.5335359787909861,0.4268287830327889,0.0,,14.319352315394243,0.1918787452755259,,classic,True,,ACTIVE,0.0353112431978466,0.03779264639997077
00-0041398,Riley Nowakowski,RB,PIT,4000,44220522,1.0639,1.0639,1.0,0.8841358458936404,0.9406669026148018,CIN,19.69,42.5,0.0,0.0,3.9488,statline_mc+recal_10_4b,0.0,1.9398578680187415,0.0,0.0,0.0,0.54525,2.0721902999082964,0.028,0.219,0.1625,1.1044776970643506,0.00775,0.6206252572938429,0.2482501029175371,0.0,,11.062134960367125,0.17652573012389783,,classic,True,,ACTIVE,0.0101535408605461,0.012068148501123942
00-0040668,Shedeur Sanders,QB,CLE,4200,44220249,1.0416,1.0416,1.0,0.90074987651734,0.9382564181195152,CAR,20.06,41.83,0.0,0.0,6.1173,statline_mc+recal_10_4b,0.0,1.600948940976296,0.0,0.0,0.0,0.9615,3.772585314461674,0.0335,0.0,0.0,0.0,0.0,0.5224973583416848,0.4179978866733478,0.0,,10.894680851063828,0.19250118132256977,,classic,True,,ACTIVE,0.0276487916975731,0.029591736608031664
00-0041149,Haynes King,QB,CAR,4000,44220270,0.9547,0.9547,1.0,0.9779826675248088,0.9337001438133038,CLE,21.78,41.83,0.0,0.0,6.1112,statline_mc+recal_10_4b,0.0,1.5913162128058589,0.0,0.0,0.0,0.87675,3.516285077896089,0.0365,0.0,0.0,0.0,0.0,0.5269645450296186,0.4215716360236949,0.0,,14.108886107634541,0.1918787452755259,,classic,True,,ACTIVE,0.0347843689183745,0.0372287474392414
00-0037745,Velus Jones Jr.,RB,SEA,4000,44220472,0.8477,0.8477,1.0,1.0974240768735688,0.9303285926341875,WAS,24.44,40.28,0.0,0.0,4.0432,statline_mc+recal_10_4b,0.0,1.9942145728119307,0.0,0.0,0.0,0.453,2.17230671169925,0.02275,0.17975,0.13575,1.296764531645642,0.01125,0.6116786707492455,0.2446714682996983,0.0,,13.869298428591293,0.17609330577028187,,classic,True,,ACTIVE,0.0131053320857269,0.015576545752787727
00-0040021,Phil Mafah,RB,NYG,4000,44220482,1.0354,1.0354,1.0,0.8967086258250886,0.9284286549008716,TEN,19.97,37.5,0.0,0.0,3.5566,statline_mc+recal_10_4b,0.0,1.8819321085631,0.0,0.0,0.0,0.52275,1.984034138413356,0.0155,0.171,0.12525,0.8598009576072636,0.00275,0.515368931623512,0.4122951452988096,0.0,,9.280185301070782,0.1776020282026318,,classic,True,,ACTIVE,0.0086350290372861,0.01026329771699777
00-0034419,Braxton Berrios,WR,NYG,3000,44220908,1.0296,1.0296,1.0,0.8967086258250886,0.9232518785453884,TEN,19.97,37.5,2.0,1.0,4.0156,statline_mc+recal_10_4b,0.0,2.027574274395369,0.0,0.0,0.0,0.01675,0.0847710097370799,0.001,0.3505,0.22025,2.4915535994729563,0.034,0.5859235440609616,0.2343694176243846,0.0,,34.63844246459028,0.22260988878901988,,classic,True,,ACTIVE,0.294651510598996,0.36216016609618146
00-0036898,Davis Mills,QB,HOU,4000,44220267,0.9351,0.9351,1.0,0.986514196764006,0.9224852240405124,IND,21.97,42.44,0.0,0.0,6.0658,statline_mc+recal_10_4b,0.0,1.6307638078944886,0.0,0.0,0.0,0.9075,3.763084256169455,0.03175,0.0,0.0,0.0,0.0,0.5099084980294586,0.4079267984235669,0.0,,14.859120775969963,0.1918787452755259,,classic,True,,ACTIVE,0.0366992495806218,0.03927819122010679
00-0040179,DJ Giddens,RB,IND,4000,44220490,1.0026,1.0026,1.0,0.919160018559818,0.0,HOU,20.47,42.44,0.0,0.0,4.0515,statline_mc+recal_10_4b,0.0,1.9394498359067405,0.0,0.0,0.0,0.573,2.081752814974128,0.03275,0.18775,0.1365,1.1021301113383006,0.008,0.5640405471851686,0.2256162188740674,0.0,,7.016192115143929,0.0,,classic,True,Out,OUT,0.0105437720508973,0.0
00-0041397,Kaden Wetjen,WR,PIT,3000,44220964,1.0318,1.0318,1.0,0.8841358458936404,0.9122137033004184,CIN,19.69,42.5,2.0,1.0,3.7552,statline_mc+recal_10_4b,0.0,2.158867466817239,0.0,0.0,0.0,0.01825,0.0942229926470123,0.0015,0.40925,0.25175,2.634558603444994,0.02275,0.6070888592280446,0.2428355436912178,0.0,,38.87370328439757,0.2361463496014516,,classic,True,,ACTIVE,0.3780121460188538,0.4646198531623226
00-0034959,Andrew Beck,RB,NYJ,4000,44220534,0.9624,0.9624,1.0,0.9465507176961876,0.9109602856880455,DET,21.08,48.72,0.0,0.0,3.8906,statline_mc+recal_10_4b,0.0,1.9954312876367188,0.0,0.0,0.0,0.48675,1.9908938358094028,0.0175,0.22825,0.17325,1.2578972315613546,0.00875,0.6502029473774248,0.2600811789509699,0.0,,14.849316854401332,0.17631246379732116,,classic,True,,ACTIVE,0.014178314683298,0.017027997304680444
00-0040876,Elijah Sarratt,WR,BAL,3400,44220762,0.7107,0.7107,1.0,1.2698507730762898,0.9024499960200254,DAL,28.28,53.33,0.0,0.0,4.6035,statline_mc+recal_10_4b,0.0,2.930806103759401,0.0,0.0,0.0,0.01875,0.1012159367172421,0.00125,0.49125,0.2895,4.906217133151589,0.05525,1.0009682687511885,-0.2355433109668576,0.0,,21.983800284262205,0.19951025339882303,,classic,True,,ACTIVE,0.156739365179876,0.17203463886100417
00-0039164,Anthony Richardson Sr.,QB,IND,4000,44220265,0.9818,0.9818,1.0,0.919160018559818,0.9024269687869862,HOU,20.47,42.44,0.0,0.0,6.1009,statline_mc+recal_10_4b,0.0,1.548860344666238,0.0,0.0,0.0,0.869,3.320292061489784,0.0355,0.0,0.0,0.0,0.0,0.5179972032975098,0.4143977626380078,0.0,,12.636780350438048,0.1918787452755259,,classic,True,,ACTIVE,0.0313125102325566,0.03351291316717625
00-0036497,Tim Jones,WR,JAX,3000,44221010,0.821,0.821,1.0,1.0951789376000958,0.8991403691317329,NE,24.39,45.83,0.0,0.0,3.8023,statline_mc+recal_10_4b,0.0,1.97420486289084,0.0,0.0,0.0,0.015,0.0936803027896859,0.0005,0.272,0.1675,2.500656883305,0.0165,0.4574458131528304,0.3659566505222643,0.0,,19.033637694891894,0.2007678027043313,,classic,True,,ACTIVE,0.1321533138151084,0.14462683442140614
00-0040718,Travis Hunter,WR,JAX,3100,44220792,0.8195,0.8195,1.0,1.0951789376000958,0.897480639468295,NE,24.39,45.83,0.0,0.0,4.0676,statline_mc+recal_10_4b,0.0,2.1039161545004443,0.0,0.0,0.0,0.013,0.0704991441951924,0.00075,0.31125,0.19575,2.8628475574091983,0.02825,0.57786492326964,0.231145969307856,1.1,,18.303880609871648,0.21633198896020853,,classic,True,,ACTIVE,0.1266004202919301,0.13854982137533153
00-0037004,Hunter Long,TE,ARI,2500,44221222,0.9849,0.9849,1.0,0.9092814057565372,0.8955949105273007,SF,20.25,48.06,2.0,1.0,3.6739,statline_mc+recal_10_4b,0.0,2.1764946218183323,0.0,0.0,0.0,0.0,0.0,0.0,0.363,0.243,2.3112894320756823,0.0325,0.5736649182993312,0.2294659673197324,0.0,,47.34947170357505,0.20705764192260767,,classic,True,,ACTIVE,0.4225969468835154,0.4815429547298688
00-0033854,Dare Ogunbowale,RB,LV,4000,44220440,0.9879,0.9879,1.0,0.9029950157908128,0.8921062635063151,NO,20.11,43.61,0.0,0.0,3.6187,statline_mc+recal_10_4b,0.0,1.8186802464835023,0.0,0.0,0.0,0.45825,1.6876202021996582,0.01375,0.17375,0.13175,0.9790002022005466,0.005,0.4783677788328682,0.3826942230662945,0.0,,12.031480322625503,0.1769398723955435,,classic,True,,ACTIVE,0.0109741960665068,0.013179886694265864
00-0038409,Lew Nichols,RB,PIT,4000,44220520,0.9827,0.9827,1.0,0.8841358458936404,0.8688449661575433,CIN,19.69,42.5,0.0,0.0,3.9316,statline_mc+recal_10_4b,0.0,1.9004380119093571,0.0,0.0,0.0,0.5355,1.950351874986437,0.02075,0.205,0.154,1.2313954294815594,0.0095,0.546675589276859,0.2186702357107436,0.0,,10.490239535530524,0.1755718531263185,,classic,True,,ACTIVE,0.0095394316299124,0.011456750658361626
00-0041562,Fernando Mendoza,QB,LV,4300,44220247,0.9611,0.9611,1.0,0.9029950157908128,0.8679036959731379,NO,20.11,43.61,0.0,0.0,6.0017,statline_mc+recal_10_4b,0.0,1.452742026053277,0.0,0.0,0.0,0.86525,3.2780184241933448,0.027,0.0,0.0,0.0,0.0,0.5398148169422542,0.4318518535538034,0.0,,12.379192740926156,0.19281315310043876,,classic,True,,ACTIVE,0.0298067905311869,0.0329019431148595
00-0035125,Alec Ingold,RB,LAC,4000,44220578,0.8844,0.8844,1.0,0.969002110430917,0.8570180734320182,BUF,21.58,50.22,0.0,0.0,3.8757,statline_mc+recal_10_4b,0.0,1.9001149585301,0.0,0.0,0.0,0.404,1.6199390613917266,0.021,0.226,0.17025,1.201949681911893,0.00825,0.58019799775414,0.2320791991016561,0.0,,15.417083854818522,0.17557993468976832,,classic,True,,ACTIVE,0.0149293465681233,0.017929978195653312
00-0040206,Riley Leonard,QB,IND,4000,44220266,0.9315,0.9315,1.0,0.919160018559818,0.0,HOU,20.47,42.44,0.0,0.0,6.0612,statline_mc+recal_10_4b,0.0,1.4815093600535372,0.0,0.0,0.0,0.865,3.244971578532448,0.03275,0.0,0.0,0.0,0.0,0.4861910811882254,0.3889528649505803,0.0,,6.933839173967458,0.0,,classic,True,Out,OUT,0.0304049657139825,0.0
00-0037013,Zach Wilson,QB,NO,4000,44220253,0.8058,0.8058,1.0,1.0552154585322775,0.8502468174101812,LV,23.5,43.61,0.0,0.0,6.0642,statline_mc+recal_10_4b,0.0,1.449511408800282,0.0,0.0,0.0,0.73725,3.2317627292340947,0.0315,0.0,0.0,0.0,0.0,0.4744631806084644,0.3795705444867716,0.0,,15.867302878598245,0.1918787452755259,,classic,True,,ACTIVE,0.0388638080191078,0.042211067149582324
00-0036427,Tyler Johnson,WR,NYJ,3000,44220992,0.8895,0.8895,1.0,0.9465507176961876,0.8419470133626901,DET,21.08,48.72,0.0,0.0,3.5977,statline_mc+recal_10_4b,0.0,1.871964569310133,0.0,0.0,0.0,0.00975,0.0246342534461816,0.00075,0.2875,0.18025,2.141424981830682,0.0145,0.4407388622937545,0.3525910898350036,0.0,,17.502309630459123,0.2006207279594152,,classic,True,,ACTIVE,0.1207695996693282,0.1321686485966769
00-0036841,Austin Trammell,WR,JAX,3000,44221014,0.7676,0.7676,1.0,1.0951789376000958,0.840671960353501,NE,24.39,45.83,0.0,0.0,3.5016,statline_mc+recal_10_4b,0.0,1.8424884090592668,0.0,0.0,0.0,0.01125,0.1295382572688076,0.0005,0.253,0.15125,2.098215196155462,0.01,0.5042457687638425,0.403396615011074,0.0,,18.821087087604443,0.2009792817927703,,classic,True,,ACTIVE,0.1305112904659599,0.14282982583964907
00-0036924,Michael Carter,RB,TEN,4000,44220486,1.067,1.067,1.0,0.7871458292796097,0.8398983428339234,NYG,17.53,37.5,0.0,0.0,3.7621,statline_mc+recal_10_4b,0.0,1.8117815812793217,0.0,0.0,0.0,0.5925,1.921658238498939,0.0205,0.2105,0.15425,0.9406797703149692,0.006,0.6166613548813313,0.2466645419525325,0.0,,7.92105583368099,0.17570521780020884,,classic,True,,ACTIVE,0.0075524480171958,0.009070405570278698
00-0040311,Theo Wease Jr.,WR,LAC,3000,44221050,0.8586,0.8586,1.0,0.969002110430917,0.8319663017751391,BUF,21.58,50.22,0.0,0.0,3.6297,statline_mc+recal_10_4b,0.0,1.8809956678938016,0.0,0.0,0.0,0.00825,0.038665291064456,0.0,0.285,0.17075,2.148997323360235,0.015,0.4374375504158374,0.3499500403326699,0.0,,18.271513480919975,0.20032286880464775,,classic,True,,ACTIVE,0.1263596088974876,0.1382862805781666
00-0040704,Dillon Gabriel,QB,CLE,4000,44220272,0.9183,0.9183,1.0,0.90074987651734,0.0,CAR,20.06,41.83,0.0,0.0,6.0721,statline_mc+recal_10_4b,0.0,1.3462997047199226,0.0,0.0,0.0,0.818,2.986957003139925,0.0345,0.0,0.0,0.0,0.0,0.4684226272613937,0.374738101809115,0.0,,5.706445556946181,0.0,,classic,True,Injured Reserve,OUT,0.0270455695264688,0.0
00-0040673,Jalen Milroe,QB,SEA,4000,44220250,0.7511,0.7511,1.0,1.0974240768735688,0.0,WAS,24.44,40.28,0.0,0.0,6.0748,statline_mc+recal_10_4b,0.0,1.4031261045226815,0.0,0.0,0.0,0.67975,3.2222014851344465,0.02925,0.0,0.0,0.0,0.0,0.458527588614991,0.3668220708919927,0.0,,9.097403003754692,0.0,,classic,True,Out,OUT,0.0339547436019766,0.0
00-0040184,KeAndre Lambert-Smith,WR,LAC,3000,44220816,0.8307,0.8307,1.0,0.969002110430917,0.0,BUF,21.58,50.22,0.0,0.0,3.5684,statline_mc+recal_10_4b,0.0,1.7231116247958915,0.0,0.0,0.0,0.00725,0.0683278430841923,0.00025,0.2715,0.16125,2.093646905352192,0.01425,0.4241189654139851,0.3392951723311881,0.0,,11.455724007235766,0.0,,classic,True,Injured Reserve,OUT,0.1258340810116497,0.0
00-0035567,Craig Reynolds,RB,WAS,4000,44220464,1.1289,1.1289,1.0,0.71081109398153,0.8024113853137603,SEA,15.83,40.28,0.0,0.0,3.463,statline_mc+recal_10_4b,0.0,1.6956828795460497,0.0,0.0,0.0,0.452,1.3426826573789288,0.011,0.2015,0.14825,0.8376677342745342,0.004,0.4342204326855175,0.347376346148414,0.0,,7.946304408288138,0.1761815330564085,,classic,True,,ACTIVE,0.007569803250001,0.009091249010703767
00-0039376,Spencer Rattler,QB,NO,4000,44220252,0.7503,0.7503,1.0,1.0552154585322775,0.7917513908011522,LV,23.5,43.61,0.0,0.0,6.0,statline_mc+recal_10_4b,0.0,1.393116539253992,0.0,0.0,0.0,0.702,3.059017355830323,0.0265,0.0,0.0,0.0,0.0,0.4660620690226499,0.3728496552181199,0.0,,15.51730287859825,0.1918787452755259,,classic,True,,ACTIVE,0.0368056611053736,0.04116887218828119
00-0033375,Tim Patrick,WR,NYJ,3000,44220984,0.8363,0.8363,1.0,0.9465507176961876,0.0,DET,21.08,48.72,0.0,0.0,3.5116,statline_mc+recal_10_4b,0.0,1.8078288711855064,0.0,0.0,0.0,0.00975,0.0903294371549151,0.00075,0.282,0.16725,2.0169574222566538,0.012,0.4205079412393801,0.336406352991504,0.0,,10.544819751916615,0.0,,classic,True,Injured Reserve,OUT,0.1184269835774466,0.0
00-0041056,Cade Klubnik,QB,NYJ,4000,44220278,0.8343,0.8343,1.0,0.9465507176961876,0.7896763782125409,DET,21.08,48.72,0.0,0.0,6.0969,statline_mc+recal_10_4b,0.0,1.3486056423075965,0.0,0.0,0.0,0.693,2.8728704604840223,0.0355,0.0,0.0,0.0,0.0,0.4101741652051732,0.3281393321641386,0.0,,15.04147371714643,0.1918787452755259,,classic,True,,ACTIVE,0.0355757373531018,0.03979314431822219
00-0038476,Tommy DeVito,QB,NE,4000,44220285,0.8194,0.8194,1.0,0.9627157204651928,0.7888820398953238,JAX,21.44,45.83,0.0,0.0,6.0487,statline_mc+recal_10_4b,0.0,1.404651552650398,0.0,0.0,0.0,0.7195,3.012576670943423,0.0315,0.0,0.0,0.0,0.0,0.4326554660012268,0.3461243728009814,0.0,,14.294367959949938,0.1918787452755259,,classic,True,,ACTIVE,0.0337270158522527,0.03772526190844068
00-0040172,Jordan Watkins,WR,SF,3100,44220796,0.6275,0.6275,1.0,1.2487464639056445,0.7835883908548891,ARI,27.81,48.06,0.0,0.0,3.9904,statline_mc+recal_10_4b,0.0,1.821761678495215,0.0,0.0,0.0,0.013,0.0973048779590217,0.0015,0.2435,0.151,2.457360947456555,0.02675,0.5140545207833285,0.2056218083133313,0.0,,19.71822508398656,0.19854193740978984,,classic,True,,ACTIVE,0.1364416765624009,0.15056979274073384
00-0041092,Taylen Green,QB,CLE,4000,44220271,0.8644,0.8644,1.0,0.90074987651734,0.7785969071975412,CAR,20.06,41.83,0.0,0.0,6.047,statline_mc+recal_10_4b,0.0,1.3699683057566692,0.0,0.0,0.0,0.81175,3.030396889083234,0.032,0.0,0.0,0.0,0.0,0.4166340228615222,0.3333072182892178,0.0,,10.029974968710887,0.1918787452755259,,classic,True,,ACTIVE,0.0248709305620346,0.027819311778712504
00-0038735,Princeton Fant,TE,DAL,2500,44221390,0.6879,0.6879,1.0,1.125263803864633,0.0,BAL,25.06,53.33,0.0,0.0,3.355,statline_mc+recal_10_4b,0.0,1.862462892586185,0.0,0.0,0.0,0.0,0.0,0.0,0.22675,0.1465,1.887784988238552,0.015,0.4381600608915657,0.3505280487132525,0.0,,13.216122087132725,0.0,,classic,True,Injured Reserve,OUT,0.0964753051470541,0.0
00-0036825,Feleipe Franks,TE,CAR,2500,44221280,0.7897,0.7897,1.0,0.9779826675248088,0.7722944650687117,CLE,21.78,41.83,2.0,1.0,3.4484,statline_mc+recal_10_4b,0.0,1.938293534738309,0.0,0.0,0.0,0.0,0.0,0.0,0.33475,0.22,2.3662551123777487,0.01425,0.5816723845773422,0.2326689538309369,0.0,,43.35432045158489,0.19537787184445832,,classic,True,,ACTIVE,0.3274718116841211,0.3806904357686891
00-0033955,Jeremy McNichols,RB,WAS,4000,44220462,1.0754,1.0754,1.0,0.71081109398153,0.0,SEA,15.83,40.28,0.0,0.0,3.3949,statline_mc+recal_10_4b,0.0,1.6100528106682015,0.0,0.0,0.0,0.47275,1.429440629640666,0.0085,0.181,0.14325,0.7735644169103338,0.00375,0.4136084454547726,0.3308867563638181,0.0,,4.057415519399249,0.0,,classic,True,Injured Reserve,OUT,0.0074914994997499,0.0
00-0034270,Tyler Conklin,TE,DET,2500,44221308,0.6095,0.6095,1.0,1.2411129903758364,0.7565180538647371,NYJ,27.64,48.72,0.0,0.0,3.7859,statline_mc+recal_10_4b,0.0,1.8503584189576825,0.0,0.0,0.0,0.0,0.0,0.0,0.24075,0.159,2.3238779324870245,0.03075,0.4497006515400866,0.1798802606160346,0.0,,20.777039007092196,0.17239257336565297,,classic,True,,ACTIVE,0.0938181011656805,0.10087792891222698
00-0032385,Sterling Shepard,WR,NYJ,3000,44220990,0.7943,0.7943,1.0,0.9465507176961876,0.7518430644909327,DET,21.08,48.72,0.0,0.0,4.0906,statline_mc+recal_10_4b,0.0,1.7972004733596818,0.0,0.0,0.0,0.009,0.1766563955740412,0.00075,0.27775,0.17275,2.101695616705704,0.02725,0.4556446581573957,0.1822578632629582,0.0,,17.16931367904212,0.19822020836106485,,classic,True,,ACTIVE,0.117443959617621,0.12960492060641637
00-0037304,Connor Heyward,RB,LV,4000,44220442,0.8309,0.8309,1.0,0.9029950157908128,0.7502856022839677,NO,20.11,43.61,0.0,0.0,3.7922,statline_mc+recal_10_4b,0.0,1.6223926447355987,0.0,0.0,0.0,0.454,1.6310747610323797,0.01775,0.17275,0.12775,1.0542149443651514,0.00775,0.5056415793605366,0.2022566317442146,0.1,,11.459584897788902,0.17515739529367974,,classic,True,,ACTIVE,0.0103104517436359,0.012512165851091337
00-0039394,Casey Washington,WR,CAR,3000,44220948,0.7624,0.7624,1.0,0.9779826675248088,0.7456593668510262,CLE,21.78,41.83,0.0,0.0,3.3664,statline_mc+recal_10_4b,0.0,1.7046211311580333,0.0,0.0,0.0,0.01325,0.0687139724440292,0.001,0.253,0.15125,1.792839273713635,0.0095,0.4315675527940746,0.3452540422352598,0.0,,14.642346455336376,0.1998197295012476,,classic,True,,ACTIVE,0.1012220025356172,0.11170322973581713
00-0037282,James Mitchell,TE,DAL,2500,44221396,0.6573,0.6573,1.0,1.125263803864633,0.739682418041415,BAL,25.06,53.33,0.0,0.0,3.3981,statline_mc+recal_10_4b,0.0,1.7896265610946251,0.0,0.0,0.0,0.0,0.0,0.0,0.21675,0.14475,1.7319932168842107,0.017,0.3996663704412424,0.3197330963529939,0.0,,20.89469351570415,0.173555414732354,,classic,True,,ACTIVE,0.0944696545466422,0.10157851179368083
00-0038752,Jake Bobo,WR,SEA,3000,44220890,0.6729,0.6729,1.0,1.0974240768735688,0.0,WAS,24.44,40.28,0.0,0.0,3.4796,statline_mc+recal_10_4b,0.0,1.691588457965862,0.0,0.0,0.0,0.012,0.0802909604691794,0.001,0.22775,0.14075,1.9259802977957043,0.0115,0.4048043995157821,0.3238435196126257,0.0,,9.336043156171934,0.0,,classic,True,Injured Reserve,OUT,0.1084751871345745,0.0
00-0035289,Gardner Minshew II,QB,ARI,4000,44220257,0.8084,0.8084,1.0,0.9092814057565372,0.7350976869744745,SF,20.25,48.06,0.0,0.0,5.9583,statline_mc+recal_10_4b,0.0,1.241689896454285,0.0,0.0,0.0,0.74675,2.783861010043291,0.02625,0.0,0.0,0.0,0.0,0.4343269824626816,0.3474615859701453,0.0,,13.246964956195242,0.1918787452755259,,classic,True,,ACTIVE,0.0312958240987906,0.035005858980805944
00-0041123,Behren Morton,QB,NE,4000,44220286,0.763,0.763,1.0,0.9627157204651928,0.0,JAX,21.44,45.83,0.0,0.0,5.9905,statline_mc+recal_10_4b,0.0,1.2582350540590896,0.0,0.0,0.0,0.7375,2.950057678608825,0.02725,0.0,0.0,0.0,0.0,0.4035264612324601,0.3228211689859681,0.0,,9.764956195244054,0.0,,classic,True,Out,OUT,0.0322714044344133,0.0
00-0034775,Christian Kirk,WR,SF,3000,44220854,0.5877,0.5877,1.0,1.2487464639056445,0.0,ARI,27.81,48.06,0.0,0.0,3.603,statline_mc+recal_10_4b,0.0,1.6962115087560226,0.0,0.0,0.0,0.01175,0.0323743136173607,0.0,0.20975,0.1305,2.0991227846141816,0.01075,0.403497914099172,0.3227983312793377,0.0,,13.681787837022998,0.0,,classic,True,Injured Reserve,OUT,0.1394890129447093,0.0
00-0039710,Jeshaun Jones,WR,MIN,3000,44221084,0.7488,0.7488,1.0,0.9793297510888924,0.0,TB,21.81,42.5,0.0,0.0,3.4775,statline_mc+recal_10_4b,0.0,1.7163614734765449,0.0,0.0,0.0,0.01075,0.1019754499270467,0.001,0.23475,0.14675,1.8351094404889543,0.0125,0.3894902686599352,0.3115922149279482,0.0,,9.361309113618743,0.0,,classic,True,Suspension,OUT,0.1077347698271115,0.0
00-0039916,Ricky Pearsall,WR,SF,3000,44220858,0.5774,0.5774,1.0,1.2487464639056445,0.0,ARI,27.81,48.06,0.0,0.0,3.6001,statline_mc+recal_10_4b,0.0,1.6569655568184585,0.0,0.0,0.0,0.00975,0.0960027677175815,0.00025,0.20125,0.12375,1.888356474589752,0.0125,0.3998604225644035,0.3198883380515227,0.0,,13.681787837022998,0.0,,classic,True,Injured Reserve,OUT,0.1383311599139648,0.0
00-0041561,Carson Beck,QB,ARI,4000,44220258,0.7876,0.7876,1.0,0.9092814057565372,0.716159534868086,SF,20.25,48.06,0.0,0.0,6.0089,statline_mc+recal_10_4b,0.0,1.1494070059388932,0.0,0.0,0.0,0.73525,2.7013874236569664,0.02475,0.0,0.0,0.0,0.0,0.4322134906279865,0.3457707925023893,0.0,,13.041082603254067,0.1918787452755259,,classic,True,,ACTIVE,0.0303887632019103,0.03449483368552749
00-0039623,Mason Tipton,WR,NO,3000,44220828,0.6776,0.6776,1.0,1.0552154585322775,0.0,LV,23.5,43.61,0.0,0.0,3.5359,statline_mc+recal_10_4b,0.0,1.6261600713180684,0.0,0.0,0.0,0.0115,0.1100262076861153,0.00025,0.2145,0.134,1.6414316290042374,0.01425,0.398881690297391,0.3191053522379129,0.0,,10.814766560427255,0.0,,classic,True,Out,OUT,0.1163769568646621,0.0
00-0038550,Hendon Hooker,QB,TEN,4000,44220264,0.9073,0.9073,1.0,0.7871458292796097,0.7141837304087969,NYG,17.53,37.5,0.0,0.0,6.0284,statline_mc+recal_10_4b,0.0,1.1765877381063503,0.0,0.0,0.0,0.8305,2.7174940411360566,0.03225,0.0,0.0,0.0,0.0,0.373042907868989,0.2984343262951912,0.0,,7.541317271589486,0.1918787452755259,,classic,True,,ACTIVE,0.0205165633402739,0.023288721410578864
00-0035359,David Sills V,WR,TB,3000,44221070,0.7624,0.7624,1.0,0.9290386313630988,0.0,MIN,20.69,42.5,0.0,0.0,3.3671,statline_mc+recal_10_4b,0.0,1.665490335126734,0.0,0.0,0.0,0.017,0.0365874132195976,0.00025,0.2515,0.15725,1.8124654804556108,0.01,0.3820817523945901,0.305665401915672,0.0,,8.031521879576191,0.0,,classic,True,Injured Reserve,OUT,0.0983907323619181,0.0
00-0040494,Max Brosmer,QB,MIN,4000,44220296,0.7171,0.7171,1.0,0.9793297510888924,0.7022713742423199,TB,21.81,42.5,0.0,0.0,6.0512,statline_mc+recal_10_4b,0.0,1.1661660558658,0.0,0.0,0.0,0.60425,2.5758401215481226,0.03175,0.0,0.0,0.0,0.0,0.3602342026093845,0.2881873620875076,0.0,,12.622668961201502,0.1918787452755259,,classic,True,,ACTIVE,0.0294939813308558,0.03347915063117696
00-0038108,Bailey Zappe,QB,NYJ,4000,44220279,0.7417,0.7417,1.0,0.9465507176961876,0.7020631311696074,DET,21.08,48.72,0.0,0.0,5.9462,statline_mc+recal_10_4b,0.0,1.1472234268276282,0.0,0.0,0.0,0.692,2.5082962609776964,0.02575,0.0,0.0,0.0,0.0,0.4215418813397971,0.3372335050718377,0.0,,13.600297246558197,0.1918787452755259,,classic,True,,ACTIVE,0.0316271779183118,0.035900580585858474
00-0041565,Drew Allar,QB,PIT,4000,44220275,0.781,0.781,1.0,0.8841358458936404,0.0,CIN,19.69,42.5,0.0,0.0,5.9686,statline_mc+recal_10_4b,0.0,1.1534586945255167,0.0,0.0,0.0,0.71675,2.62733204855982,0.0285,0.0,0.0,0.0,0.0,0.3768879823884307,0.3015103859107445,0.0,,6.175860450563203,0.0,,classic,True,Out,OUT,0.0232031520334198,0.0
00-0040194,Jackson Hawes,TE,BUF,2500,44221354,0.5354,0.5354,1.0,1.286015775845295,0.6884965234690456,LAC,28.64,50.22,0.0,0.0,3.7054,statline_mc+recal_10_4b,0.0,1.7231514236921657,0.0,0.0,0.0,0.0,0.0,0.0,0.2155,0.14375,1.978799641277473,0.02775,0.4484163983532455,0.1793665593412982,0.0,,21.72112462006079,0.17239257336565297,,classic,True,,ACTIVE,0.0991756243081855,0.10663860656398212
00-0040203,Will Howard,QB,PIT,4000,44220274,0.7774,0.7774,1.0,0.8841358458936404,0.6873369862636687,CIN,19.69,42.5,0.0,0.0,5.9747,statline_mc+recal_10_4b,0.0,1.1912680205592463,0.0,0.0,0.0,0.72775,2.6585076812787896,0.02725,0.0,0.0,0.0,0.0,0.3815452726697371,0.3052362181357896,0.0,,9.26409574468085,0.1918787452755259,,classic,True,,ACTIVE,0.0228644259468589,0.02633831673421019
00-0039923,J.J. McCarthy,QB,MIN,4100,44220248,0.7007,0.7007,1.0,0.9793297510888924,0.6861782895763995,TB,21.81,42.5,0.0,0.0,5.9583,statline_mc+recal_10_4b,0.0,1.176523852865579,0.0,0.0,0.0,0.621,2.658082949654225,0.02425,0.0,0.0,0.0,0.0,0.3957749932637213,0.316619994610977,0.0,,10.749139549436794,0.19218971231553028,,classic,True,,ACTIVE,0.0254230643705006,0.029285700122134342
00-0040464,DJ Uiagalelei,QB,LAC,4000,44220291,0.7061,0.7061,1.0,0.969002110430917,0.6842417110231422,BUF,21.58,50.22,0.0,0.0,6.0526,statline_mc+recal_10_4b,0.0,1.1788530567856828,0.0,0.0,0.0,0.653,2.8108802410263154,0.02825,0.0,0.0,0.0,0.0,0.3389421086506383,0.2711536869205106,0.0,,14.03767209011264,0.1918787452755259,,classic,True,Active,ACTIVE,0.032154486487875,0.037039856216459076
00-0038998,Jake Haener,QB,NYG,4000,44220262,0.7622,0.7622,1.0,0.8967086258250886,0.6834328842556657,TEN,19.97,37.5,0.0,0.0,5.951,statline_mc+recal_10_4b,0.0,1.2115525835892589,0.0,0.0,0.0,0.70475,2.6999948370004168,0.02525,0.0,0.0,0.0,0.0,0.38491675069453,0.307933400555624,0.0,,7.237374843554443,0.1918787452755259,,classic,True,,ACTIVE,0.0197828711913744,0.022788568082203788
00-0033869,Mitchell Trubisky,QB,TEN,4000,44220263,0.8668,0.8668,1.0,0.7871458292796097,0.6822814467572136,NYG,17.53,37.5,0.0,0.0,5.9517,statline_mc+recal_10_4b,0.0,1.1646325708528322,0.0,0.0,0.0,0.81425,2.714467415312267,0.02525,0.0,0.0,0.0,0.0,0.3954183815324835,0.3163347052259868,0.0,,6.244258448060075,0.1918787452755259,,classic,True,,ACTIVE,0.0184281536806183,0.021228022500757553
00-0040648,Tory Horton,WR,SEA,3000,44220802,0.6207,0.6207,1.0,1.0974240768735688,0.6811745602139214,WAS,24.44,40.28,0.0,0.0,3.8014,statline_mc+recal_10_4b,0.0,1.607656135669658,0.0,0.0,0.0,0.00875,0.0787375190307494,0.0015,0.2315,0.14375,1.8122912540063645,0.026,0.4608042072755251,0.18432168291021,0.0,,15.81883667843914,0.19822020836106485,,classic,True,,ACTIVE,0.1057962953297768,0.1197074593032823
00-0037012,Trey Lance,QB,LAC,4000,44220290,0.7006,0.7006,1.0,0.969002110430917,0.6788574185882449,BUF,21.58,50.22,0.0,0.0,5.983,statline_mc+recal_10_4b,0.0,1.1575114634736448,0.0,0.0,0.0,0.64575,2.5198419772550777,0.0285,0.0,0.0,0.0,0.0,0.3729665260784214,0.2983732208627371,0.0,,13.42002503128911,0.1918787452755259,,classic,True,Questionable,QUESTIONABLE,0.0307667432653038,0.035441267184450016
00-0040154,Tai Felton,WR,MIN,3000,44221078,0.69,0.69,1.0,0.9793297510888924,0.6757212615528039,TB,21.81,42.5,0.0,0.0,3.7569,statline_mc+recal_10_4b,0.0,1.5912888170910842,0.0,0.0,0.0,0.01325,0.0335024959998046,0.00075,0.241,0.1455,2.040478026961195,0.02425,0.4333080231417596,0.1733232092567038,0.0,,15.773252433456799,0.19822020836106485,,classic,True,,ACTIVE,0.1055129903746249,0.11938690255520766
00-0036630,Tylan Wallace,WR,CLE,3000,44220954,0.749,0.749,1.0,0.90074987651734,0.6746531384785631,CAR,20.06,41.83,0.0,0.0,3.6345,statline_mc+recal_10_4b,0.0,1.6605864127395384,0.0,0.0,0.0,0.0135,0.0484692879542197,0.0005,0.279,0.16525,1.9479200414701403,0.02,0.4712855138403177,0.188514205536127,0.0,,12.286178826772332,0.19822020836106485,,classic,True,,ACTIVE,0.0859453904666561,0.0972463572521358
00-0038740,Jalen Moreno-Cropper,WR,NO,3000,44220830,0.6388,0.6388,1.0,1.0552154585322775,0.6740351992467396,LV,23.5,43.61,0.0,0.0,3.4803,statline_mc+recal_10_4b,0.0,1.641369363243257,0.0,0.0,0.0,0.01025,0.0784617024876729,0.00075,0.22075,0.13375,1.8645674184647716,0.01175,0.3384153589393689,0.2707322871514951,0.0,,17.08500947540701,0.19822020836106485,,classic,True,,ACTIVE,0.1139769523728926,0.1289637916446972
00-0038979,Cedric Tillman,WR,NO,3000,44220836,0.6386,0.6386,1.0,1.0552154585322775,0.6738164457406653,LV,23.5,43.61,0.0,0.0,3.3449,statline_mc+recal_10_4b,0.0,1.5823433618809593,0.0,0.0,0.0,0.00775,0.058174386638346,0.00025,0.20925,0.129,1.7211602805153858,0.00925,0.3876662237816152,0.3101329790252921,0.0,,17.01415927297786,0.1983380468130181,,classic,True,,ACTIVE,0.1135029237862469,0.12842743299841752
00-0037277,Teagan Quitoriano,TE,ARI,2500,44221228,0.7386,0.7386,1.0,0.9092814057565372,0.6715689994443594,SF,20.25,48.06,0.0,0.0,3.2725,statline_mc+recal_10_4b,0.0,1.6200828285905593,0.0,0.0,0.0,0.0,0.0,0.0,0.22675,0.153,1.5975118921130358,0.0115,0.3638347627913197,0.2910678102330558,0.0,,15.97707700101317,0.17275571774070092,,classic,True,,ACTIVE,0.0707397116330351,0.07606288672147202
00-0038839,Mitch Tinsley,WR,HOU,3000,44220932,0.6744,0.6744,1.0,0.986514196764006,0.6653228546039716,IND,21.97,42.44,0.0,0.0,3.4322,statline_mc+recal_10_4b,0.0,1.5823908008962286,0.0,0.0,0.0,0.0145,0.1081153229122723,0.0005,0.20925,0.13,1.7269434066041585,0.011,0.3547712270654105,0.2838169816523285,0.0,,15.173362262038072,0.19822020836106485,,classic,True,,ACTIVE,0.1018546115703111,0.11524748320722095
00-0037412,Cal Adomitis,TE,MIA,2500,44221336,0.8363,0.8363,1.0,0.7943302749547231,0.6643107029102311,KC,17.69,45.17,0.0,0.0,3.3201,statline_mc+recal_10_4b,0.0,1.602561074723034,0.0,0.0,0.0,0.0,0.0,0.0,0.24,0.15525,1.468333270277033,0.01425,0.3468467198531595,0.2774773758825277,0.0,,13.697125126646402,0.17239881922232617,,classic,True,,ACTIVE,0.0618611459014517,0.06651620743906456
00-0039650,Bryce Oliver,WR,HOU,3000,44220936,0.6656,0.6656,1.0,0.986514196764006,0.6566617957204612,IND,21.97,42.44,0.0,0.0,3.4451,statline_mc+recal_10_4b,0.0,1.5343996301217733,0.0,0.0,0.0,0.01525,0.0888069357306235,0.00075,0.212,0.1325,1.569445112092139,0.0105,0.3622957386727312,0.289836590938185,0.0,,15.102512059608925,0.19822020836106485,,classic,True,,ACTIVE,0.1014309996333288,0.11476817050020577
00-0040522,Xavier Restrepo,WR,TEN,3000,44220914,0.832,0.832,1.0,0.7871458292796097,0.654933957818443,NYG,17.53,37.5,0.0,0.0,3.2676,statline_mc+recal_10_4b,0.0,1.593201833505375,0.0,0.0,0.0,0.012,0.0572135230518616,0.00075,0.25225,0.161,1.41404761067943,0.008,0.3669473055566423,0.2935578444453138,0.0,,10.06091717632871,0.19825564489524394,,classic,True,,ACTIVE,0.0754005338962947,0.08531495658426949
00-0033589,David Moore,WR,CAR,3000,44220950,0.6648,0.6648,1.0,0.9779826675248088,0.650180117871123,CLE,21.78,41.83,0.0,0.0,3.6761,statline_mc+recal_10_4b,0.0,1.5776469281050205,0.0,0.0,0.0,0.012,0.0439175830802153,0.00075,0.2545,0.152,1.9687733000416068,0.018,0.4572775738973518,0.1829110295589407,0.0,,14.00469463347403,0.19822020836106485,,classic,True,,ACTIVE,0.0950878560807214,0.10759096645622912
00-0038720,Julian Hill,TE,NE,2500,44221326,0.6679,0.6679,1.0,0.9627157204651928,0.0,JAX,21.44,45.83,0.0,0.0,3.2412,statline_mc+recal_10_4b,0.0,1.5769473700969103,0.0,0.0,0.0,0.0,0.0,0.0,0.2185,0.13975,1.5136819632519418,0.0115,0.3554582166198577,0.2843665732958862,0.0,,9.17223910840932,0.0,,classic,True,Injured Reserve,OUT,0.0724134454803403,0.0
00-0037666,Jalen Tolbert,WR,MIA,3000,44221030,0.8088,0.8088,1.0,0.7943302749547231,0.6424243404295792,KC,17.69,45.17,0.0,0.0,3.5984,statline_mc+recal_10_4b,0.0,1.5881593421857765,0.0,0.0,0.0,0.0135,0.0581486136967093,0.001,0.28525,0.17575,1.6904044096585953,0.01875,0.4326725952351215,0.1730690380940486,0.0,,13.052195494874665,0.19822020836106485,,classic,True,,ACTIVE,0.0899066494758885,0.10172848254923957
00-0034272,Marquez Valdes-Scantling,WR,LAC,3000,44221052,0.6614,0.6614,1.0,0.969002110430917,0.6408753032599592,BUF,21.58,50.22,0.0,0.0,3.6111,statline_mc+recal_10_4b,0.0,1.6515699590351125,0.0,0.0,0.0,0.00975,0.0501222254241079,0.0005,0.263,0.164,1.9274574366480484,0.0205,0.3834183426318588,0.1533673370527435,0.0,,17.230015505211473,0.19822020836106485,,classic,True,,ACTIVE,0.1149533072783068,0.1300685275406103
00-0039631,Cam Grandy,TE,MIN,2500,44221376,0.6484,0.6484,1.0,0.9793297510888924,0.6349748833537503,TB,21.81,42.5,0.0,0.0,3.2672,statline_mc+recal_10_4b,0.0,1.571883875396903,0.0,0.0,0.0,0.0,0.0,0.0,0.2025,0.139,1.462245024781172,0.0135,0.3384379760945413,0.2707503808756331,0.0,,15.732332826747719,0.17239257336565297,,classic,True,,ACTIVE,0.0692419982795154,0.07497567584462347
00-0036741,Jack Stoll,TE,SF,2500,44221216,0.508,0.508,1.0,1.2487464639056445,0.6343698388938073,ARI,27.81,48.06,0.0,0.0,3.3111,statline_mc+recal_10_4b,0.0,1.5636252764120289,0.0,0.0,0.0,0.0,0.0,0.0,0.178,0.11925,1.528918980363562,0.01425,0.3480974260718137,0.278477940857451,0.0,,19.933763931104355,0.17239257336565297,,classic,True,,ACTIVE,0.0886548372039176,0.09599602122149076
00-0040130,Jayden Higgins,WR,HOU,3000,44220928,0.6411,0.6411,1.0,0.986514196764006,0.0,IND,21.97,42.44,0.0,0.0,3.253,statline_mc+recal_10_4b,0.0,1.5366235163484818,0.0,0.0,0.0,0.0145,0.1032366103534806,0.00025,0.205,0.12625,1.4372494518345589,0.009,0.3692388830997736,0.2953911064798189,0.0,,9.044819751916616,0.0,,classic,True,Injured Reserve,OUT,0.0993392208028532,0.0
00-0040014,Kyle McCord,QB,MIA,4000,44220287,0.7956,0.7956,1.0,0.7943302749547231,0.6319520579672444,KC,17.69,45.17,0.0,0.0,5.9386,statline_mc+recal_10_4b,0.0,1.0598935412018833,0.0,0.0,0.0,0.747,2.508572349375554,0.0255,0.0,0.0,0.0,0.0,0.3476185287871112,0.2780948230296889,0.0,,8.821354818523155,0.1918787452755259,,classic,True,,ACTIVE,0.0221526670701874,0.025518417263489607
00-0030615,James Winchester,TE,KC,2500,44221346,0.5111,0.5111,1.0,1.2334795168460282,0.6304502183380827,MIA,27.47,45.17,0.0,0.0,3.3427,statline_mc+recal_10_4b,0.0,1.6267743383072557,0.0,0.0,0.0,0.0,0.0,0.0,0.1835,0.122,1.694972178500112,0.01075,0.3408787506100892,0.2727030004880714,0.0,,18.47828014184397,0.17239257336565297,,classic,True,,ACTIVE,0.0813803548306072,0.08811916547049058
00-0034771,Mason Rudolph,QB,PIT,4000,44220273,0.7114,0.7114,1.0,0.8841358458936404,0.6289699738977613,CIN,19.69,42.5,1.0,0.5,5.9202,statline_mc+recal_10_4b,0.0,1.0725575504956055,0.0,0.0,0.0,0.6455,2.342398610875613,0.02575,0.0,0.0,0.0,0.0,0.3499751410127499,0.2799801128101999,0.3,,15.087058600035759,0.19506659608100713,,classic,True,,ACTIVE,0.0306492750378019,0.03992292447714898
00-0040509,Ben Yurosek,TE,MIN,2500,44221372,0.6418,0.6418,1.0,0.9793297510888924,0.0,TB,21.81,42.5,0.0,0.0,3.2573,statline_mc+recal_10_4b,0.0,1.5580265684635592,0.0,0.0,0.0,0.0,0.0,0.0,0.20475,0.133,1.4870304527322828,0.01225,0.3417127065890137,0.2733701652712109,0.0,,8.529951874366766,0.0,,classic,True,Injured Reserve,OUT,0.0678025080886178,0.0
00-0037837,Calvin Austin III,WR,NYG,3000,44220898,0.6998,0.6998,1.0,0.8967086258250886,0.0,TEN,19.97,37.5,0.0,0.0,3.4163,statline_mc+recal_10_4b,0.0,1.4781450269391847,0.0,0.0,0.0,0.01,0.112795934085084,0.00125,0.213,0.13325,1.3571064777254114,0.0115,0.3381966334815026,0.2705573067852022,0.0,,4.861309113618744,0.0,,classic,True,Injured Reserve,OUT,0.0773456197043045,0.0
00-0029714,Andrew DePaola,TE,MIN,2500,44221374,0.6406,0.6406,1.0,0.9793297510888924,0.6273979924114661,TB,21.81,42.5,0.0,0.0,3.131,statline_mc+recal_10_4b,0.0,1.6072155831600865,0.0,0.0,0.0,0.0,0.0,0.0,0.207,0.13725,1.4646785390056956,0.00925,0.3611626731386206,0.2889301385108965,0.0,,15.375189969604861,0.17241982868161346,,classic,True,,ACTIVE,0.0673293592262669,0.0734169867164072
00-0038579,Aidan O'Connell,QB,LV,4000,44220254,0.6926,0.6926,1.0,0.9029950157908128,0.0,NO,20.11,43.61,0.0,0.0,5.9162,statline_mc+recal_10_4b,0.0,1.053193968568936,0.0,0.0,0.0,0.66125,2.5208763141615345,0.02075,0.0,0.0,0.0,0.0,0.3629203385144015,0.2903362708115212,0.0,,7.602722152690863,0.0,,classic,True,Out,OUT,0.0225076192402181,0.0
00-0037112,Jake Tonges,TE,SF,2500,44221176,0.4973,0.4973,1.0,1.2487464639056445,0.0,ARI,27.81,48.06,0.0,0.0,3.3454,statline_mc+recal_10_4b,0.0,1.503654487919659,0.0,0.0,0.0,0.0,0.0,0.0,0.1725,0.11625,1.6205187838481327,0.012,0.33612660766819,0.268901286134552,0.0,,12.850430597771023,0.0,,classic,True,Injured Reserve,OUT,0.086205966459155,0.0
00-0040379,William Wagner,TE,CIN,2500,44221300,0.6036,0.6036,1.0,1.0242325365583511,0.6182475965939295,PIT,22.81,42.5,0.0,0.0,3.227,statline_mc+recal_10_4b,0.0,1.5749959414726908,0.0,0.0,0.0,0.0,0.0,0.0,0.20025,0.13625,1.471292850287411,0.01075,0.3398353894564854,0.2718683115651883,0.0,,15.809333839918944,0.17239257336565297,,classic,True,,ACTIVE,0.0685889511086052,0.07531604628845037
00-0039737,Tip Reiman,TE,ARI,2500,44221224,0.6789,0.6789,1.0,0.9092814057565372,0.0,SF,20.25,48.06,0.0,0.0,3.2903,statline_mc+recal_10_4b,0.0,1.5420255965558924,0.0,0.0,0.0,0.0,0.0,0.0,0.2165,0.144,1.4519854229160605,0.01275,0.3151168297371182,0.2520934637896946,0.0,,8.53660081053698,0.0,,classic,True,Out,OUT,0.065955422431871,0.0
00-0040431,Dalen Cambre,WR,NYG,3000,44220902,0.685,0.685,1.0,0.8967086258250886,0.614260731986545,TEN,19.97,37.5,0.0,0.0,3.4097,statline_mc+recal_10_4b,0.0,1.4817333552257217,0.0,0.0,0.0,0.01275,0.0600451624432297,0.001,0.2065,0.1315,1.453067085836315,0.01125,0.3230618839482381,0.2584495071585904,0.0,,10.564750409165303,0.19822020836106485,,classic,True,,ACTIVE,0.0770239403294103,0.08788129901359036
00-0037755,Jelani Woods,TE,NYJ,2500,44221306,0.645,0.645,1.0,0.9465507176961876,0.6105170106708768,DET,21.08,48.72,0.0,0.0,3.4975,statline_mc+recal_10_4b,0.0,1.5904707867683388,0.0,0.0,0.0,0.0,0.0,0.0,0.24075,0.15875,1.748981975751568,0.02025,0.3902970327392998,0.15611881309572,0.0,,16.320605369807495,0.17239257336565297,,classic,True,,ACTIVE,0.0701898317699408,0.0776155664845556
00-0037487,Deven Thompkins,WR,LV,3000,44220848,0.6735,0.6735,1.0,0.9029950157908128,0.6081710535877538,NO,20.11,43.61,0.0,0.0,3.4618,statline_mc+recal_10_4b,0.0,1.4968773321216335,0.0,0.0,0.0,0.01075,0.032373300328259,0.0,0.21425,0.13725,1.6061708552374157,0.01025,0.3028957975389829,0.2423166380311863,0.0,,13.473953398225513,0.19822020836106485,,classic,True,,ACTIVE,0.0914000361972201,0.1042838613105056
00-0040398,Brady Cook,QB,MIA,4000,44220288,0.7634,0.7634,1.0,0.7943302749547231,0.0,KC,17.69,45.17,0.0,0.0,5.8851,statline_mc+recal_10_4b,0.0,1.052442793336495,0.0,0.0,0.0,0.72975,2.444861475977507,0.022,0.0,0.0,0.0,0.0,0.3452211540291369,0.2761769232233095,0.0,,6.968413642052566,0.0,,classic,True,Out,OUT,0.0211965885584028,0.0
00-0040534,Ke'Shawn Williams,WR,CIN,3000,44220976,0.5793,0.5793,1.0,1.0242325365583511,0.5932910425067984,PIT,22.81,42.5,0.0,0.0,3.4903,statline_mc+recal_10_4b,0.0,1.5276916610910267,0.0,0.0,0.0,0.0135,0.076244322660183,0.00075,0.2355,0.14575,1.7506379134227077,0.01575,0.415257047246273,0.1661028188985092,0.0,,15.476241493668704,0.19822020836106485,,classic,True,,ACTIVE,0.1028248985166615,0.11731918172374285
00-0038938,Jalin Hyatt,WR,NYG,3000,44220904,0.6574,0.6574,1.0,0.8967086258250886,0.5895251028349259,TEN,19.97,37.5,0.0,0.0,3.2985,statline_mc+recal_10_4b,0.0,1.4602511846181536,0.0,0.0,0.0,0.01325,0.0833759549567548,0.00075,0.20525,0.12875,1.4763465169247163,0.0095,0.3050660695584734,0.2440528556467787,0.0,,10.352199801877852,0.19822020836106485,,classic,True,,ACTIVE,0.0760669071320342,0.08678936162081557
00-0039489,Hayden Rucci,TE,LAC,2500,44221320,0.6073,0.6073,1.0,0.969002110430917,0.5884934822287842,BUF,21.58,50.22,0.0,0.0,3.4572,statline_mc+recal_10_4b,0.0,1.5476662908105805,0.0,0.0,0.0,0.0,0.0,0.0,0.218,0.1495,1.512603471943354,0.0215,0.3974578375861217,0.1589831350344487,0.0,,17.112462006079024,0.17239257336565297,,classic,True,,ACTIVE,0.0735366010758502,0.08131640731891879
00-0035645,Gunner Olszewski,WR,NYG,3000,44220900,0.6554,0.6554,1.0,0.8967086258250886,0.0,TEN,19.97,37.5,0.0,0.0,3.2415,statline_mc+recal_10_4b,0.0,1.461526045315832,0.0,0.0,0.0,0.0095,0.0739878420092092,0.00025,0.19925,0.121,1.4113194637576465,0.0085,0.3314484978396833,0.2651587982717467,0.0,,4.861309113618744,0.0,,classic,True,Injured Reserve,OUT,0.0757505459052457,0.0
00-0039824,Jared Wiley,TE,KC,2500,44221342,0.4745,0.4745,1.0,1.2334795168460282,0.5852466446331908,MIA,27.47,45.17,0.0,0.0,3.5964,statline_mc+recal_10_4b,0.0,1.5210524966490069,0.0,0.0,0.0,0.0,0.0,0.0,0.18525,0.12075,1.7023008325043565,0.0255,0.3550414034568875,0.1420165613827551,0.0,,17.883042046605876,0.17239257336565297,,classic,True,,ACTIVE,0.0769465860724209,0.08508715174925396
00-0038817,Evan Deckers,TE,TB,2500,44221364,0.6284,0.6284,1.0,0.9290386313630988,0.5838411349575026,MIN,20.69,42.5,0.0,0.0,3.1549,statline_mc+recal_10_4b,0.0,1.5199360934877464,0.0,0.0,0.0,0.0,0.0,0.0,0.19375,0.1275,1.273914089463433,0.0105,0.3346246575139489,0.2676997260111592,0.0,,13.450164640324214,0.17239257336565297,,classic,True,,ACTIVE,0.0592848622439289,0.06555690548031735
00-0038576,Charlie Jones,WR,NYG,3000,44220906,0.6453,0.6453,1.0,0.8967086258250886,0.5786630520622242,TEN,19.97,37.5,0.0,0.0,3.1442,statline_mc+recal_10_4b,0.0,1.4727279423312,0.0,0.0,0.0,0.016,0.0534956976477303,0.0005,0.1945,0.1215,1.3855749134566782,0.00675,0.3375074886897292,0.2700059909517834,0.0,,10.281349599448701,0.19822020836106485,,classic,True,,ACTIVE,0.0754355004204741,0.08642840585240373
00-0040581,Dont'e Thornton Jr.,WR,LV,3000,44220842,0.6395,0.6395,1.0,0.9029950157908128,0.0,NO,20.11,43.61,0.0,0.0,3.2106,statline_mc+recal_10_4b,0.0,1.463076437626527,0.0,0.0,0.0,0.012,0.0555330576478788,0.0005,0.19775,0.12075,1.425616337341878,0.0085,0.3192311890473936,0.2553849512379149,0.0,,7.841362305108106,0.0,,classic,True,Injured Reserve,OUT,0.0895151226943148,0.0
00-0038590,Justin Shorter,WR,LV,3000,44220844,0.6371,0.6371,1.0,0.9029950157908128,0.0,NO,20.11,43.61,0.0,0.0,3.1934,statline_mc+recal_10_4b,0.0,1.4500190685209853,0.0,0.0,0.0,0.00875,0.0400801221099768,0.00025,0.20875,0.13,1.386106515790828,0.007,0.3252015269098823,0.2601612215279058,0.0,,7.841362305108106,0.0,,classic,True,Injured Reserve,OUT,0.0891428305228645,0.0
00-0038647,Ronnie Bell,WR,LV,3000,44220850,0.6366,0.6366,1.0,0.9029950157908128,0.5748885444375034,NO,20.11,43.61,0.0,0.0,3.2543,statline_mc+recal_10_4b,0.0,1.4377999908909522,0.0,0.0,0.0,0.008,0.0461474374248379,0.00025,0.19925,0.126,1.4415451423177503,0.00725,0.3170241080790557,0.2536192864632445,0.0,,13.190552588508915,0.19822020836106485,,classic,True,,ACTIVE,0.0887720867094652,0.10255979361213512
00-0040244,Moliki Matavao,TE,NO,2500,44221198,0.5413,0.5413,1.0,1.0552154585322775,0.0,LV,23.5,43.61,0.0,0.0,3.1813,statline_mc+recal_10_4b,0.0,1.5334543152295868,0.0,0.0,0.0,0.0,0.0,0.0,0.193,0.1365,1.3940738293793793,0.01075,0.2896950271928484,0.2317560217542787,0.0,,9.983409321175278,0.0,,classic,True,Injured Reserve,OUT,0.0693434347206078,0.0
00-0037475,Stone Smartt,TE,NO,2500,44221200,0.5393,0.5393,1.0,1.0552154585322775,0.5690380432187683,LV,23.5,43.61,0.0,0.0,3.3386,statline_mc+recal_10_4b,0.0,1.4116312233045565,0.0,0.0,0.0,0.0,0.0,0.0,0.16475,0.11225,1.2872410710140745,0.01325,0.310392420146701,0.2483139361173608,0.0,,16.11436170212766,0.17239257336565297,,classic,True,,ACTIVE,0.0688595327503934,0.07667962484175246
00-0033063,Zach Wood,TE,NO,2500,44221202,0.5341,0.5341,1.0,1.0552154585322775,0.563635675917292,LV,23.5,43.61,0.0,0.0,3.1463,statline_mc+recal_10_4b,0.0,1.5333827766835204,0.0,0.0,0.0,0.0,0.0,0.0,0.1855,0.12625,1.4294358675826893,0.01,0.2946151114487788,0.235692089159023,0.0,,15.99531408308004,0.17239257336565297,,classic,True,,ACTIVE,0.0683790076119975,0.07614452845251628
00-0036182,Nick Westbrook-Ikhine,WR,IND,3000,44220922,0.6124,0.6124,1.0,0.919160018559818,0.5628662744260877,HOU,20.47,42.44,0.0,0.0,3.52,statline_mc+recal_10_4b,0.0,1.4296951786685104,0.0,0.0,0.0,0.01025,0.0662259919700613,0.00075,0.226,0.133,1.5805328887716592,0.01875,0.3717259658797892,0.1486903863519156,0.0,,12.450819407356361,0.19822020836106485,,classic,True,,ACTIVE,0.0849921199045575,0.09819273827140809
00-0033439,Pharaoh Brown,TE,IND,2500,44221266,0.6099,0.6099,1.0,0.919160018559818,0.5606392585803628,HOU,20.47,42.44,0.0,0.0,3.176,statline_mc+recal_10_4b,0.0,1.487650134271944,0.0,0.0,0.0,0.0,0.0,0.0,0.1885,0.1285,1.3373724652831434,0.01075,0.2945650150650605,0.2356520120520484,0.0,,12.233979229989869,0.17239257336565297,,classic,True,,ACTIVE,0.0548066139893559,0.061030774268890864
00-0038394,Will Mallory,TE,IND,2500,44221262,0.5978,0.5978,1.0,0.919160018559818,0.0,HOU,20.47,42.44,0.0,0.0,3.1828,statline_mc+recal_10_4b,0.0,1.4287585748742286,0.0,0.0,0.0,0.0,0.0,0.0,0.1825,0.11975,1.2225429619708177,0.01225,0.2924727054389129,0.2339781643511302,0.0,,6.3411220871327245,0.0,,classic,True,Injured Reserve,OUT,0.0544241548770104,0.0
00-0034054,River Cracraft,WR,WAS,3000,44220882,0.7678,0.7678,1.0,0.71081109398153,0.5457353765381184,SEA,15.83,40.28,0.0,0.0,2.9982,statline_mc+recal_10_4b,0.0,1.469398016404711,0.0,0.0,0.0,0.0105,0.045602427407111,0.0005,0.2345,0.14825,1.1659210382029546,0.005,0.3044787874713898,0.2435830299771119,0.0,,9.42119260918253,0.19822020836106485,,classic,True,,ACTIVE,0.0711183367298117,0.08216413748298333
00-0037311,Ko Kieft,TE,TB,2500,44221360,0.5791,0.5791,1.0,0.9290386313630988,0.5380523466337801,MIN,20.69,42.5,0.0,0.0,3.4452,statline_mc+recal_10_4b,0.0,1.4732808678747378,0.0,0.0,0.0,0.0,0.0,0.0,0.2085,0.138,1.3353811541434424,0.023,0.3256605780485897,0.1302642312194358,0.0,,12.97397416413374,0.17239257336565297,,classic,True,,ACTIVE,0.0568455074563977,0.06374605800700184
00-0036415,Van Jefferson,WR,WAS,3000,44220884,0.7557,0.7557,1.0,0.71081109398153,0.5371896906847577,SEA,15.83,40.28,0.0,0.0,3.0685,statline_mc+recal_10_4b,0.0,1.4470428239863506,0.0,0.0,0.0,0.01,0.0334794091228914,0.00025,0.22675,0.14025,1.1455819227366928,0.0075,0.2916044468734991,0.2332835574987993,0.0,,9.35034240675338,0.19822020836106485,,classic,True,,ACTIVE,0.07082255653967,0.08182241795852546
00-0033757,Robert Tonyan,TE,PIT,2500,44221292,0.5991,0.5991,1.0,0.8841358458936404,0.5296995693539338,CIN,19.69,42.5,0.0,0.0,3.4157,statline_mc+recal_10_4b,0.0,1.427667249580522,0.0,0.0,0.0,0.0,0.0,0.0,0.20475,0.13375,1.3448935842215974,0.02125,0.338025527329435,0.135210210931774,0.0,,11.237905268490374,0.17239257336565297,,classic,True,,ACTIVE,0.051326926258856,0.057557569015067485
00-0037340,Zaire Mitchell-Paden,TE,HOU,2500,44221276,0.5363,0.5363,1.0,0.986514196764006,0.5290307818941016,IND,21.97,42.44,0.0,0.0,3.115,statline_mc+recal_10_4b,0.0,1.3890895250257644,0.0,0.0,0.0,0.0,0.0,0.0,0.17175,0.111,1.108765390739566,0.0095,0.3126928035251813,0.250154242820145,0.0,,13.749176798378928,0.17239257336565297,,classic,True,,ACTIVE,0.0594976816255431,0.06672018306975536
00-0041443,Skyler Bell,WR,BUF,3000,44221054,0.4086,0.4086,1.0,1.286015775845295,0.525477897561019,LAC,28.64,50.22,0.0,0.0,4.0825,statline_mc+recal_10_4b,0.0,1.6544788123135905,0.0,0.0,0.0,0.0135,0.0620568117443263,0.00125,0.28175,0.17025,2.8617960283134805,0.031,0.5346295457790466,-0.1336573864447616,0.0,,20.058747523473166,0.19822020836106485,,classic,True,,ACTIVE,0.1329647065191299,0.15361622514215456
00-0041081,Max Bredeson,RB,MIN,4000,44220588,0.5345,0.5345,1.0,0.9793297510888924,0.5234285944477943,TB,21.81,42.5,0.0,0.0,4.0059,statline_mc+recal_10_4b,0.0,1.5232625681586436,0.0,0.0,0.0,0.467,1.8664356783381664,0.0235,0.20625,0.159,1.1835960441515594,0.0095,0.5512983112047134,-0.1378245778011783,0.0,,12.86515262133222,0.17419655944517218,,classic,True,,ACTIVE,0.0117157840541722,0.014217595582255325
00-0039356,Ja'Tavion Sanders,TE,CAR,2500,44221282,0.5287,0.5287,1.0,0.9779826675248088,0.5170433790135216,CLE,21.78,41.83,0.0,0.0,3.3246,statline_mc+recal_10_4b,0.0,1.4604973426652772,0.0,0.0,0.0,0.0,0.0,0.0,0.20275,0.134,1.5043329036923296,0.0155,0.3502752216107218,0.1401100886442886,0.0,,12.674012158054712,0.17239257336565297,,classic,True,,ACTIVE,0.0558512758049492,0.06263113527411496
00-0039677,Sam Hartman,QB,WAS,4000,44220260,0.7222,0.7222,1.0,0.71081109398153,0.5133521192296506,SEA,15.83,40.28,0.0,0.0,5.8619,statline_mc+recal_10_4b,0.0,0.8136880963261424,0.0,0.0,0.0,0.64875,1.9078677354638591,0.02175,0.0,0.0,0.0,0.0,0.294769182104081,0.2358153456832647,0.0,,5.416239048811013,0.1918787452755259,,classic,True,,ACTIVE,0.0168664017173843,0.02000891415724764
00-0031595,Michael Burton,RB,CLE,4000,44220512,0.5593,0.5593,1.0,0.90074987651734,0.5038031990415477,CAR,20.06,41.83,0.0,0.0,3.8614,statline_mc+recal_10_4b,0.0,1.5940868550316727,0.0,0.0,0.0,0.60875,2.235637221518839,0.01625,0.24725,0.1865,1.330723406791945,0.0055,0.662331455158123,-0.1655828637895307,0.0,,9.33455013210958,0.17419655944517218,,classic,True,,ACTIVE,0.0084992092897712,0.01031414712768474
00-0040058,Nick Kallerup,TE,SEA,2500,44221242,0.4588,0.4588,1.0,1.0974240768735688,0.5035287415727394,WAS,24.44,40.28,0.0,0.0,3.4042,statline_mc+recal_10_4b,0.0,1.4186985091058373,0.0,0.0,0.0,0.0,0.0,0.0,0.1795,0.12025,1.3016826564130644,0.0195,0.3421511898285823,0.1368604759314329,0.0,,13.802304964539008,0.17239257336565297,,classic,True,,ACTIVE,0.0596839138153161,0.06692902222878913
00-0039050,Payne Durham,TE,TB,2500,44221358,0.542,0.542,1.0,0.9290386313630988,0.5035135242246481,MIN,20.69,42.5,0.0,0.0,3.3696,statline_mc+recal_10_4b,0.0,1.4422135236045817,0.0,0.0,0.0,0.0,0.0,0.0,0.202,0.14,1.3093035122013563,0.01775,0.317707932511281,0.1270831730045124,0.0,,12.378736068895645,0.17239257336565297,,classic,True,,ACTIVE,0.0548895611230637,0.06155267678828502
00-0040488,Carter Runyon,TE,LV,2500,44221208,0.5455,0.5455,1.0,0.9029950157908128,0.0,NO,20.11,43.61,0.0,0.0,3.0601,statline_mc+recal_10_4b,0.0,1.338743211012278,0.0,0.0,0.0,0.0,0.0,0.0,0.159,0.10825,1.003942619598134,0.0105,0.2771593520650458,0.2217274816520366,0.0,,7.010005065856129,0.0,,classic,True,Injured Reserve,OUT,0.0539002183278349,0.0
00-0031156,Tyler Ott,TE,WAS,2500,44221236,0.68,0.68,1.0,0.71081109398153,0.4833260926086027,SEA,15.83,40.28,0.0,0.0,2.9636,statline_mc+recal_10_4b,0.0,1.3551165201643758,0.0,0.0,0.0,0.0,0.0,0.0,0.18825,0.1275,0.9631870514281706,0.00725,0.271571734332232,0.2172573874657856,0.0,,8.441869300911854,0.17239257336565297,,classic,True,,ACTIVE,0.0432388755562535,0.04882844064616733
00-0031235,Odell Beckham Jr.,WR,NYG,3300,44220778,0.5382,0.5382,1.0,0.8967086258250886,0.4826109774042252,TEN,19.97,37.5,0.0,0.0,3.9441,statline_mc+recal_10_4b,0.0,1.592945393301986,0.0,0.0,0.0,0.017,0.129593651681334,0.00125,0.333,0.20075,2.395984571832808,0.02675,0.5687873797887562,-0.142196844947189,0.0,,9.55159251442846,0.19918695908874454,,classic,True,,ACTIVE,0.0716659533948501,0.08279680766374321
00-0040394,Anthony Tyus III,RB,CAR,4000,44220506,0.4926,0.4926,1.0,0.9779826675248088,0.4817117180833852,CLE,21.78,41.83,0.0,0.0,3.807,statline_mc+recal_10_4b,0.0,1.583555972403908,0.0,0.0,0.0,0.6085,2.4810396618881825,0.017,0.20675,0.15525,1.0679001352976178,0.00675,0.6637290465407792,-0.1659322616351948,0.0,,11.363788068418858,0.17419655944517218,,classic,True,,ACTIVE,0.0102210499104667,0.012403672974947976
00-0041117,Athan Kaliakmanis,QB,WAS,4000,44220259,0.6705,0.6705,1.0,0.71081109398153,0.4766231364660509,SEA,15.83,40.28,0.0,0.0,5.7916,statline_mc+recal_10_4b,0.0,0.8158153702107667,0.0,0.0,0.0,0.66025,1.912547673566388,0.0195,0.0,0.0,0.0,0.0,0.2657729613867651,0.2126183691094121,0.0,,5.210356695869837,0.1918787452755259,,classic,True,,ACTIVE,0.0166201812797531,0.019716818446326362
00-0040887,Josh Cuevas,TE,BAL,2500,44221382,0.3746,0.3746,1.0,1.2698507730762898,0.4757306764752862,DAL,28.28,53.33,0.0,0.0,3.8132,statline_mc+recal_10_4b,0.0,1.5516665198023831,0.0,0.0,0.0,0.0,0.0,0.0,0.22975,0.15625,2.1955349438465417,0.03425,0.4172912716374717,-0.1043228179093679,0.0,,19.24170466058764,0.17239257336565297,,classic,True,,ACTIVE,0.0816159265017581,0.09216656010835345
00-0039305,Jack Westover,TE,WAS,2500,44221234,0.6602,0.6602,1.0,0.71081109398153,0.4693057305785257,SEA,15.83,40.28,0.0,0.0,2.8679,statline_mc+recal_10_4b,0.0,1.3500752664111724,0.0,0.0,0.0,0.0,0.0,0.0,0.1855,0.12475,0.9222501992588276,0.00575,0.2732258883158036,0.2185807106526429,0.0,,8.203774062816617,0.17239257336565297,,classic,True,,ACTIVE,0.0426375101364369,0.04814933566643753
00-0036876,Kylen Granson,TE,TEN,2500,44221252,0.585,0.585,1.0,0.7871458292796097,0.4604923391010661,NYG,17.53,37.5,0.0,0.0,3.2438,statline_mc+recal_10_4b,0.0,1.3534421668213594,0.0,0.0,0.0,0.0,0.0,0.0,0.205,0.1355,1.1957023843402177,0.01425,0.2998052516676109,0.1199221006670444,0.0,,7.945098784194529,0.17239257336565297,,classic,True,,ACTIVE,0.0419936406036331,0.0474222319926732
00-0039355,Luke McCaffrey,WR,WAS,3000,44220878,0.6415,0.6415,1.0,0.71081109398153,0.4560061589766226,SEA,15.83,40.28,0.0,0.0,3.2811,statline_mc+recal_10_4b,0.0,1.2921417852622143,0.0,0.0,0.0,0.009,0.0183288910262467,0.00075,0.223,0.13725,1.200743748501505,0.012,0.3008722375596185,0.1203488950238474,0.0,,9.187386941166334,0.19822020836106485,,classic,True,,ACTIVE,0.0701469220946313,0.08104184681494973
00-0039652,Jabari Small,RB,DET,4000,44220544,0.3639,0.3639,1.0,1.2411129903758364,0.4516675665715691,NYJ,27.64,48.72,0.0,0.0,4.1627,statline_mc+recal_10_4b,0.0,1.882131278676128,0.0,0.0,0.0,0.577,3.0873019185823614,0.0225,0.23975,0.18225,1.9780612056149636,0.00875,0.8422374916963267,-0.4211187458481633,0.0,,16.971483451536642,0.17419655944517218,,classic,True,,ACTIVE,0.0170174587070676,0.020651400249107065
00-0040567,Brock Lampe,RB,BUF,4000,44220584,0.3498,0.3498,1.0,1.286015775845295,0.4498969662364938,LAC,28.64,50.22,0.0,0.0,4.2534,statline_mc+recal_10_4b,0.0,1.9152378533634304,0.0,0.0,0.0,0.6185,3.4674310544984257,0.02375,0.21825,0.16,1.8000215838063658,0.01,0.8776965951879705,-0.4388482975939852,0.0,,18.03928521763315,0.17419655944517218,,classic,True,,ACTIVE,0.0187522301685465,0.022756618214281293
00-0039648,David Martin-Robinson,TE,TEN,2500,44221250,0.5642,0.5642,1.0,0.7871458292796097,0.4441198747364202,NYG,17.53,37.5,0.0,0.0,3.2033,statline_mc+recal_10_4b,0.0,1.3053194681231202,0.0,0.0,0.0,0.0,0.0,0.0,0.1955,0.12525,1.0837030914881298,0.01575,0.2943739139690179,0.1177495655876071,0.0,,7.826051165146909,0.17239257336565297,,classic,True,,ACTIVE,0.0417005947586089,0.04709130359857676
00-0033217,Mo Alie-Cox,TE,IND,2500,44221258,0.4758,0.4758,1.0,0.919160018559818,0.4373241418280836,HOU,20.47,42.44,0.0,0.0,3.1677,statline_mc+recal_10_4b,0.0,1.3401327839976438,0.0,0.0,0.0,0.0,0.0,0.0,0.1895,0.1265,1.1877018088109468,0.0115,0.3101349023674723,0.1240539609469889,0.0,,10.805407801418438,0.17239257336565297,,classic,True,,ACTIVE,0.049688407888691,0.05611171530672715
00-0041106,CJ Williams,WR,JAX,3000,44221006,0.3945,0.3945,1.0,1.0951789376000958,0.0,NE,24.39,45.83,0.0,0.0,3.8441,statline_mc+recal_10_4b,0.0,1.5189801880111804,0.0,0.0,0.0,0.017,0.1099908346254106,0.002,0.2715,0.16225,2.271401955901775,0.02425,0.5065405577527147,-0.1266351394381786,0.0,,11.934447411491087,0.0,,classic,True,Out,OUT,0.1096911139819682,0.0
00-0040930,Camden Brown,WR,DAL,3000,44221096,0.3718,0.3718,1.0,1.125263803864633,0.4183511204088781,BAL,25.06,53.33,0.0,0.0,3.7978,statline_mc+recal_10_4b,0.0,1.471679392617398,0.0,0.0,0.0,0.0105,0.0537549088589012,0.001,0.26475,0.16875,2.255845711830876,0.02275,0.5034357666403987,-0.1258589416600997,0.0,,18.90071819278146,0.19822020836106485,,classic,True,,ACTIVE,0.1236922588154398,0.14350043623742798
00-0041267,Malik McClain,WR,NYJ,3000,44220986,0.4373,0.4373,1.0,0.9465507176961876,0.4139130639213967,DET,21.08,48.72,0.0,0.0,3.7224,statline_mc+recal_10_4b,0.0,1.4337359780779817,0.0,0.0,0.0,0.00925,0.0716677753631451,0.00025,0.28,0.169,2.056947396266689,0.024,0.4567938129663463,-0.1141984532415865,0.0,,15.327208415884225,0.19822020836106485,,classic,True,,ACTIVE,0.100242298436942,0.11629518041712765
00-0040225,Thomas Fidone II,TE,NYG,2500,44221246,0.4592,0.4592,1.0,0.8967086258250886,0.4117555524724898,TEN,19.97,37.5,0.0,0.0,3.187,statline_mc+recal_10_4b,0.0,1.2290784230997107,0.0,0.0,0.0,0.0,0.0,0.0,0.16325,0.1105,1.1415694890558497,0.0125,0.2814965089172619,0.1125986035669048,0.0,,8.375189969604865,0.17239257336565297,,classic,True,,ACTIVE,0.0430696112970961,0.04863729530009953
00-0040405,Jamaal Pritchett,WR,NYJ,3000,44220988,0.4326,0.4326,1.0,0.9465507176961876,0.4094930884542716,DET,21.08,48.72,0.0,0.0,3.7256,statline_mc+recal_10_4b,0.0,1.430680902637873,0.0,0.0,0.0,0.01175,0.0832767612153048,0.00075,0.28525,0.1725,2.054163975134509,0.0225,0.4640039407228393,-0.1160009851807098,0.0,,15.256358213455075,0.19822020836106485,,classic,True,,ACTIVE,0.0998253920882381,0.11581151035174041
00-0040390,Jackson Meeks,TE,DET,2500,44221310,0.3274,0.3274,1.0,1.2411129903758364,0.4063540583668265,NYJ,27.64,48.72,0.0,0.0,3.6676,statline_mc+recal_10_4b,0.0,1.4147672243403997,0.0,0.0,0.0,0.0,0.0,0.0,0.23225,0.15675,2.090803344403766,0.0275,0.491905104294201,-0.1229762760735502,0.0,,17.205610435663626,0.17239257336565297,,classic,True,,ACTIVE,0.0724034660683543,0.08176318879745069
00-0037509,Sincere McCormick,RB,SF,4000,44220450,0.3236,0.3236,1.0,1.2487464639056445,0.4040951903942595,ARI,27.81,48.06,0.0,0.0,4.0687,statline_mc+recal_10_4b,0.0,1.605844366109384,0.0,0.0,0.0,0.55925,2.8761703351651557,0.0235,0.17875,0.1365,1.375538764668865,0.0085,0.6941514391782848,-0.3470757195891424,0.0,,16.613735919899877,0.17419655944517218,,classic,True,,ACTIVE,0.0164729113754647,0.019990569211224496
00-0031484,Chris Manhertz,TE,NYG,2500,44221244,0.4468,0.4468,1.0,0.8967086258250886,0.4006592962984875,TEN,19.97,37.5,0.0,0.0,3.1822,statline_mc+recal_10_4b,0.0,1.2132548701299546,0.0,0.0,0.0,0.0,0.0,0.0,0.16325,0.1035,1.0876715204735905,0.0135,0.272230360627821,0.1088921442511284,0.0,,8.137094731509626,0.17239257336565297,,classic,True,,ACTIVE,0.0424706000012238,0.04796084876603478
00-0040888,Adam Randall,RB,BAL,4000,44220594,0.3153,0.3153,1.0,1.2698507730762898,0.0,DAL,28.28,53.33,0.0,0.0,4.0815,statline_mc+recal_10_4b,0.0,1.8007703213757469,0.0,0.0,0.0,0.608,3.102036588431852,0.0215,0.232,0.173,1.7821275289819094,0.007,0.8629704307509471,-0.4314852153754736,0.0,,14.976298498122652,0.0,,classic,True,Injured Reserve,OUT,0.0186008990206888,0.0
00-0038389,Israel Abanikanda,RB,DAL,4000,44220602,0.3541,0.3541,1.0,1.125263803864633,0.3984596076139258,BAL,25.06,53.33,0.0,0.0,4.0031,statline_mc+recal_10_4b,0.0,1.6581417127242903,0.0,0.0,0.0,0.5305,2.5727481964485097,0.02125,0.2125,0.1615,1.407488380350518,0.00775,0.6661281001319537,-0.3330640500659768,0.0,,16.865048324294257,0.17419655944517218,,classic,True,,ACTIVE,0.0166792558153244,0.020452542555918697
00-0041217,J'Mari Taylor,RB,JAX,4000,44220548,0.361,0.361,1.0,1.0951789376000958,0.3954110806330638,NE,24.39,45.83,0.0,0.0,3.9485,statline_mc+recal_10_4b,0.0,1.6648317066543994,0.0,0.0,0.0,0.619,2.829556781345975,0.021,0.2265,0.17275,1.4503208126036156,0.0075,0.7466533575237905,-0.3733266787618952,0.0,,14.637637324433319,0.17419655944517218,,classic,True,,ACTIVE,0.0136218329769099,0.016703450185942815
00-0041241,Kentrel Bullock,RB,CIN,4000,44220526,0.3787,0.3787,1.0,1.0242325365583511,0.3879173081578204,PIT,22.81,42.5,0.0,0.0,3.9561,statline_mc+recal_10_4b,0.0,1.5698615769101982,0.0,0.0,0.0,0.65675,2.9242911479731184,0.01975,0.19975,0.14925,1.2918550142522116,0.00775,0.6888946161294255,-0.3444473080647127,0.0,,12.50331143095536,0.17419655944517218,,classic,True,,ACTIVE,0.011219398003622,0.013757521178495411
00-0035924,Jonathan Ward,RB,BAL,4000,44220596,0.3008,0.3008,1.0,1.2698507730762898,0.3819739312769161,DAL,28.28,53.33,0.0,0.0,4.1315,statline_mc+recal_10_4b,0.0,1.7210930197726686,0.0,0.0,0.0,0.5805,2.914664443354533,0.02,0.227,0.1715,1.7510783007180584,0.008,0.845200686260686,-0.422600343130343,0.0,,17.607017452371018,0.17419655944517218,,classic,True,,ACTIVE,0.0178431114301302,0.021879692948857096
00-0041084,Tanner Koziol,TE,JAX,2500,44221318,0.3484,0.3484,1.0,1.0951789376000958,0.381547106712412,NE,24.39,45.83,0.0,0.0,3.5017,statline_mc+recal_10_4b,0.0,1.4482703168045603,0.0,0.0,0.0,0.0,0.0,0.0,0.23875,0.165,1.8290744844177635,0.0225,0.4014413669174572,-0.1003603417293643,0.0,,15.091185410334347,0.17239257336565297,,classic,True,,ACTIVE,0.0639355937791534,0.07220065984281482
00-0040959,Jaydn Ott,RB,KC,4000,44220572,0.2965,0.2965,1.0,1.2334795168460282,0.3657307873077878,MIA,27.47,45.17,0.0,0.0,4.0306,statline_mc+recal_10_4b,0.0,1.6039335804915211,0.0,0.0,0.0,0.57575,2.979151213659079,0.02275,0.16625,0.123,1.3105247647812404,0.00575,0.714973621072488,-0.357486810536244,0.0,,14.705404324850507,0.17419655944517218,,classic,True,,ACTIVE,0.0137060111663751,0.016806671697824356
00-0041314,Tanner Arkin,TE,NE,2500,44221324,0.3563,0.3563,1.0,0.9627157204651928,0.3430577083610733,JAX,21.44,45.83,0.0,0.0,3.526,statline_mc+recal_10_4b,0.0,1.341226052475464,0.0,0.0,0.0,0.0,0.0,0.0,0.221,0.149,1.6624300526493487,0.02075,0.3897411876154463,-0.0974352969038616,0.0,,13.04128672745694,0.17239257336565297,,classic,True,,ACTIVE,0.0566727759803152,0.06399896488076319
00-0041116,Jack Endries,TE,CIN,2500,44221298,0.3301,0.3301,1.0,1.0242325365583511,0.0,PIT,22.81,42.5,0.0,0.0,3.4772,statline_mc+recal_10_4b,0.0,1.2716722835061651,0.0,0.0,0.0,0.0,0.0,0.0,0.21025,0.13525,1.5680742629624698,0.0225,0.3527251160668282,-0.088181279016707,0.0,,9.08314336372847,0.0,,classic,True,Out,OUT,0.0559831205589972,0.0
00-0040215,Gavin Bartholomew,TE,MIN,2500,44221370,0.3365,0.3365,1.0,0.9793297510888924,0.3295006146599467,TB,21.81,42.5,0.0,0.0,3.4547,statline_mc+recal_10_4b,0.0,1.271894888782251,0.0,0.0,0.0,0.0,0.0,0.0,0.21325,0.1435,1.576403614216271,0.02075,0.3795589870467212,-0.0948897467616803,0.0,,12.279951874366768,0.17239257336565297,,classic,True,,ACTIVE,0.0538125520666807,0.06119604151921849
00-0041077,Justin Joly,TE,MIA,2500,44221332,0.4074,0.4074,1.0,0.7943302749547231,0.3236186787741811,KC,17.69,45.17,0.0,0.0,3.3691,statline_mc+recal_10_4b,0.0,1.287187821183422,0.0,0.0,0.0,0.0,0.0,0.0,0.24775,0.1655,1.4072948637814957,0.0185,0.3744432304158737,-0.0936108076039684,0.0,,10.006648936170214,0.17239257336565297,,classic,True,,ACTIVE,0.0470769288413609,0.05353623980522949
00-0041323,Myles Montgomery,RB,NE,4000,44220552,0.3342,0.3342,1.0,0.9627157204651928,0.0,JAX,21.44,45.83,0.0,0.0,3.9142,statline_mc+recal_10_4b,0.0,1.4158675372313572,0.0,0.0,0.0,0.59225,2.4182949917825924,0.01675,0.21175,0.15975,1.2556909028498489,0.00625,0.6818364208519767,-0.3409182104259883,0.0,,9.847309136420524,0.0,,classic,True,Injured Reserve,OUT,0.0109632586788653,0.0
00-0040692,Jarquez Hunter,RB,MIA,4000,44220564,0.3977,0.3977,1.0,0.7943302749547231,0.3159089739023075,KC,17.69,45.17,0.0,0.0,3.7756,statline_mc+recal_10_4b,0.0,1.2765712796092878,0.0,0.0,0.0,0.54475,1.8861116278970451,0.01725,0.2305,0.1675,1.084607342250853,0.00625,0.5743258462249646,-0.2871629231124823,0.0,,9.452727367542762,0.17419655944517218,,classic,True,,ACTIVE,0.0084141963601514,0.010425553350058537
00-0040331,Patrick Herbert,TE,LAC,2500,44221352,0.3232,0.3232,1.0,0.969002110430917,0.3131661419334406,BUF,21.58,50.22,0.0,0.0,3.4541,statline_mc+recal_10_4b,0.0,1.219321884306816,0.0,0.0,0.0,0.0,0.0,0.0,0.2175,0.13875,1.5633798456522356,0.019,0.3896873705271318,-0.0974218426317829,0.0,,14.13627152988855,0.17239257336565297,,classic,True,,ACTIVE,0.060021451516434,0.06825684896884353
00-0041239,Chip Trayanum,RB,NYJ,4000,44220536,0.3308,0.3308,1.0,0.9465507176961876,0.0,DET,21.08,48.72,0.0,0.0,3.7797,statline_mc+recal_10_4b,0.0,1.3977280505496243,0.0,0.0,0.0,0.4905,1.8933990952345348,0.01525,0.22975,0.17325,1.3310659009990122,0.00525,0.6061510180710549,-0.3030755090355274,0.0,,10.388532540675843,0.0,,classic,True,Injured Reserve,OUT,0.0112791455313565,0.0
00-0041312,Noah Whittington,RB,HOU,4000,44220500,0.3171,0.3171,1.0,0.986514196764006,0.3128114133803595,IND,21.97,42.44,0.0,0.0,3.8951,statline_mc+recal_10_4b,0.0,1.4063312395761312,0.0,0.0,0.0,0.6445,2.7541848119354904,0.0195,0.16075,0.12125,1.03542967345255,0.0035,0.6478000703168889,-0.3239000351584444,0.0,,11.17611424002225,0.17419655944517218,,classic,True,,ACTIVE,0.009739538722409,0.012193845768759584
00-0040260,Ahmani Marshall,RB,CAR,4000,44220508,0.3134,0.3134,1.0,0.9779826675248088,0.3065102614804294,CLE,21.78,41.83,0.0,0.0,3.8341,statline_mc+recal_10_4b,0.0,1.3698680618843542,0.0,0.0,0.0,0.5875,2.6008058811536245,0.01725,0.18975,0.14625,1.133475279498826,0.00375,0.6718357091696313,-0.3359178545848156,0.0,,10.105618133778334,0.17419655944517218,,classic,True,,ACTIVE,0.0088363679743919,0.011063081251253574
00-0041486,Anderson Castle,RB,IND,4000,44220492,0.332,0.332,1.0,0.919160018559818,0.3051369865955849,HOU,20.47,42.44,0.0,0.0,3.7115,statline_mc+recal_10_4b,0.0,1.3294400036869536,0.0,0.0,0.0,0.581,2.2528837760796123,0.01675,0.18425,0.14025,0.9658559558968328,0.00475,0.5664739732041192,-0.2832369866020596,0.0,,9.075015644555695,0.17419655944517218,,classic,True,,ACTIVE,0.0080460782130161,0.010073643071735494
00-0038181,Lucky Jackson,WR,DET,3000,44221000,0.2345,0.2345,1.0,1.2411129903758364,0.2909973682032131,NYJ,27.64,48.72,0.0,0.0,3.8975,statline_mc+recal_10_4b,0.0,1.4766087493941702,0.0,0.0,0.0,0.013,0.0992834741388837,0.0005,0.291,0.18275,2.878333127633512,0.01775,0.6035285839480528,-0.3017642919740264,0.0,,18.451465457834438,0.19822020836106485,,classic,True,,ACTIVE,0.1204663023966171,0.13975787257324007
00-0041467,Lewis Bond,WR,HOU,3000,44220924,0.2871,0.2871,1.0,0.986514196764006,0.2832712406959676,IND,21.97,42.44,0.0,0.0,3.5131,statline_mc+recal_10_4b,0.0,1.1385678232710357,0.0,0.0,0.0,0.01225,0.0545877822134423,0.0015,0.2035,0.11975,1.6063068987022162,0.012,0.3372729095823929,-0.0843182273955982,0.0,,13.614657808596776,0.19822020836106485,,classic,True,,ACTIVE,0.0906360438250295,0.10515057249567246
00-0041579,Seydou Traore,TE,MIA,2500,44221330,0.3565,0.3565,1.0,0.7943302749547231,0.2831968421885625,KC,17.69,45.17,0.0,0.0,3.3378,statline_mc+recal_10_4b,0.0,1.1802342917498243,0.0,0.0,0.0,0.0,0.0,0.0,0.2205,0.1415,1.2590214591552702,0.01825,0.3698212149078581,-0.0924553037269645,0.0,,9.768553698074975,0.17239257336565297,,classic,True,,ACTIVE,0.0464221838529181,0.052791658848585846
00-0041376,Gregory Desrosiers,RB,LAC,4000,44220580,0.2906,0.2906,1.0,0.969002110430917,0.281553813573825,BUF,21.58,50.22,0.0,0.0,3.6909,statline_mc+recal_10_4b,0.0,1.2906453508381466,0.0,0.0,0.0,0.41425,1.761339663481816,0.0155,0.20125,0.1475,1.1997275368093012,0.005,0.5641058129105736,-0.2820529064552868,0.0,,13.243881240439437,0.17419655944517218,,classic,True,,ACTIVE,0.011753752786203,0.014715630048199797
00-0036556,Brevin Jordan,TE,HOU,2500,44221274,0.2833,0.2833,1.0,0.986514196764006,0.0,IND,21.97,42.44,0.0,0.0,3.3404,statline_mc+recal_10_4b,0.0,1.1273433625635283,0.0,0.0,0.0,0.0,0.0,0.0,0.1765,0.1185,1.2075055639713446,0.01975,0.3101404448718646,-0.0775351112179661,0.0,,8.21346251266464,0.0,,classic,True,Out,OUT,0.0513609688952389,0.0
00-0041220,Michael Wortham,WR,JAX,3000,44221012,0.2551,0.2551,1.0,1.0951789376000958,0.2794135540465782,NE,24.39,45.83,0.0,0.0,3.7314,statline_mc+recal_10_4b,0.0,1.3452515179096738,0.0,0.0,0.0,0.01275,0.0746439416234041,0.001,0.262,0.162,2.426478429905369,0.0175,0.4908973662125983,-0.2454486831062991,0.0,,16.433435265742098,0.19822020836106485,,classic,True,,ACTIVE,0.1069821937757197,0.1241144079950825
00-0041277,Davon Booth,RB,IND,4000,44220494,0.3031,0.3031,1.0,0.919160018559818,0.2786035142949902,HOU,20.47,42.44,0.0,0.0,3.7007,statline_mc+recal_10_4b,0.0,1.221904206161261,0.0,0.0,0.0,0.57275,2.2077843471697,0.014,0.17475,0.132,1.0751673735269809,0.00525,0.5873833155493556,-0.2936916577746778,0.0,,8.846257474621053,0.17419655944517218,,classic,True,,ACTIVE,0.0078804782759573,0.009866312914798458
00-0040099,Xavier Guillory,WR,BAL,3000,44221092,0.2177,0.2177,1.0,1.2698507730762898,0.2764763932877468,DAL,28.28,53.33,0.0,0.0,3.8424,statline_mc+recal_10_4b,0.0,1.3752685784803722,0.0,0.0,0.0,0.01325,0.0618889006043483,0.00025,0.25725,0.161,2.607604345329082,0.01825,0.5284458626111925,-0.2642229313055962,0.0,,19.560723361185286,0.19822020836106485,,classic,True,,ACTIVE,0.1285889047112634,0.14918123492992622
00-0041446,Kendrick Law,WR,DET,3000,44220998,0.2205,0.2205,1.0,1.2411129903758364,0.0,NYJ,27.64,48.72,0.0,0.0,3.8022,statline_mc+recal_10_4b,0.0,1.4148577631555117,0.0,0.0,0.0,0.0145,0.0730809182296101,0.0005,0.27725,0.16825,2.7758527536404425,0.017,0.5735165298626628,-0.2867582649313314,0.0,,13.810777198725127,0.0,,classic,True,Injured Reserve,OUT,0.1184746993039224,0.0
00-0032394,Nick Vannett,TE,BAL,2500,44221386,0.2098,0.2098,1.0,1.2698507730762898,0.2663797370393455,DAL,28.28,53.33,0.0,0.0,3.6206,statline_mc+recal_10_4b,0.0,1.4276747803074283,0.0,0.0,0.0,0.0,0.0,0.0,0.23475,0.15825,2.4099666240995847,0.01575,0.4567338507412261,-0.228366925370613,0.0,,17.57503799392097,0.17239257336565297,,classic,True,,ACTIVE,0.0729649801970181,0.08355943378021546
00-0040998,Roman Hemby,RB,LV,4000,44220444,0.295,0.295,1.0,0.9029950157908128,0.2663628195266965,NO,20.11,43.61,0.0,0.0,3.625,statline_mc+recal_10_4b,0.0,1.1991992279444097,0.0,0.0,0.0,0.465,1.767138441031027,0.014,0.177,0.13375,0.9349008981625476,0.005,0.496682228785322,-0.248341114392661,0.0,,9.400761368377138,0.17419655944517218,,classic,True,,ACTIVE,0.0082879117856177,0.010376417296476518
00-0040954,Omari Evans,WR,KC,3000,44221042,0.2131,0.2131,1.0,1.2334795168460282,0.2628032694028993,MIA,27.47,45.17,0.0,0.0,3.8953,statline_mc+recal_10_4b,0.0,1.2350331738898526,0.0,0.0,0.0,0.01425,0.0968389964948014,0.001,0.21625,0.13875,2.330654019950197,0.0175,0.4688920644832009,-0.2344460322416005,0.0,,16.702639116202946,0.19822020836106485,,classic,True,,ACTIVE,0.1082377578412603,0.126095468425191
00-0039244,Chris Collier,RB,LV,4000,44220438,0.2853,0.2853,1.0,0.9029950157908128,0.0,NO,20.11,43.61,0.0,0.0,3.5926,statline_mc+recal_10_4b,0.0,1.1600037044917002,0.0,0.0,0.0,0.4715,1.8574647840893093,0.01425,0.1605,0.122,0.9512532640116104,0.0025,0.4875727593373616,-0.2437863796686807,0.0,,7.685075093867333,0.0,,classic,True,Injured Reserve,OUT,0.0082021797588884,0.0
00-0041272,Ja'Mori Maclin,WR,BUF,3000,44221062,0.2002,0.2002,1.0,1.286015775845295,0.257473024063962,LAC,28.64,50.22,0.0,0.0,3.9423,statline_mc+recal_10_4b,0.0,1.3338993528243983,0.0,0.0,0.0,0.014,0.1096866127745469,0.0005,0.26775,0.174,2.7544508691963268,0.01625,0.6143814482662509,-0.3071907241331254,0.0,,19.27939529675252,0.19822020836106485,,classic,True,,ACTIVE,0.1259524131150932,0.14673279313789162
00-0038930,Carlos Washington Jr.,RB,MIA,4000,44220560,0.3236,0.3236,1.0,0.7943302749547231,0.2570544174185426,KC,17.69,45.17,0.0,0.0,3.5903,statline_mc+recal_10_4b,0.0,1.2859464927315245,0.0,0.0,0.0,0.55325,1.826973073022036,0.0115,0.23425,0.1735,1.099835612180751,0.00425,0.5997529022034722,-0.2998764511017361,0.0,,8.65207377277152,0.17419655944517218,,classic,True,,ACTIVE,0.0076624933585014,0.009693670579839329
00-0041047,Chris Brazzell II,WR,CAR,3000,44220942,0.2568,0.2568,1.0,0.9779826675248088,0.0,CLE,21.78,41.83,0.0,0.0,3.5432,statline_mc+recal_10_4b,0.0,1.271458437107141,0.0,0.0,0.0,0.01025,0.0458823428945985,0.0005,0.26475,0.1605,2.1065820295609714,0.0135,0.4186282514198979,-0.2093141257099489,0.0,,8.088702730640021,0.0,,classic,True,Injured Reserve,OUT,0.0835632505838231,0.0
00-0040986,Ty Pezza,TE,BAL,2500,44221384,0.1949,0.1949,1.0,1.2698507730762898,0.247444977404896,DAL,28.28,53.33,0.0,0.0,3.5462,statline_mc+recal_10_4b,0.0,1.34781353502048,0.0,0.0,0.0,0.0,0.0,0.0,0.23025,0.1525,2.2452496772416843,0.01575,0.4511599806385448,-0.2255799903192724,0.0,,17.455990374873352,0.17239257336565297,,classic,True,,ACTIVE,0.0724558058560548,0.08297632775440111
00-0041585,Grant Finley,RB,NYG,4000,44220478,0.2747,0.2747,1.0,0.8967086258250886,0.2462893064277328,TEN,19.97,37.5,0.0,0.0,3.6323,statline_mc+recal_10_4b,0.0,1.1549106043224402,0.0,0.0,0.0,0.54925,2.10699974542995,0.01575,0.15175,0.1135,0.7790588832795453,0.0035,0.5381331128864333,-0.2690665564432166,0.0,,6.191950006953136,0.17419655944517218,,classic,True,,ACTIVE,0.0061269055572539,0.00775102846646014
00-0040570,Jeremiah Webb,WR,NE,3000,44221020,0.2526,0.2526,1.0,0.9627157204651928,0.0,JAX,21.44,45.83,0.0,0.0,3.4762,statline_mc+recal_10_4b,0.0,1.2774735446509438,0.0,0.0,0.0,0.00975,0.0339441043775379,0.00025,0.26825,0.1705,1.946502212108644,0.013,0.4107566116265663,-0.2053783058132831,0.0,,10.003596347661299,0.0,,classic,True,Injured Reserve,OUT,0.0931375077566167,0.0
00-0040934,Jordan Hudson,WR,DAL,3000,44221100,0.2157,0.2157,1.0,1.125263803864633,0.2426716051227264,BAL,25.06,53.33,0.0,0.0,3.6677,statline_mc+recal_10_4b,0.0,1.319735428514847,0.0,0.0,0.0,0.00925,0.0147879674451637,0.00025,0.273,0.16925,2.473149385060568,0.01275,0.5117442602556935,-0.2558721301278467,0.0,,18.263066370919113,0.19822020836106485,,classic,True,,ACTIVE,0.1176583151320568,0.1382175847394035
00-0041216,Trebor Pena,WR,JAX,3000,44221008,0.2206,0.2206,1.0,1.0951789376000958,0.2415831516827703,NE,24.39,45.83,0.0,0.0,3.6791,statline_mc+recal_10_4b,0.0,1.3141707720291187,0.0,0.0,0.0,0.01075,0.1246801638388537,0.00025,0.27175,0.169,2.3257368360271906,0.0125,0.4999170966076684,-0.2499585483038342,0.0,,16.07918425359635,0.19822020836106485,,classic,True,,ACTIVE,0.1034740788630776,0.12155483654119136
00-0041011,E.J. Williams Jr.,WR,CAR,3000,44220944,0.2438,0.2438,1.0,0.9779826675248088,0.2384617749288227,CLE,21.78,41.83,0.0,0.0,3.478,statline_mc+recal_10_4b,0.0,1.262702883645798,0.0,0.0,0.0,0.01175,0.0440741119873226,0.00075,0.25475,0.1495,1.9999064992849795,0.0135,0.402372572396815,-0.2011862861984075,0.0,,12.162589370316134,0.19822020836106485,,classic,True,,ACTIVE,0.0821817453413825,0.09654194298129794
00-0040361,Stephen Gosnell,WR,BUF,3000,44221058,0.1825,0.1825,1.0,1.286015775845295,0.2347244136182895,LAC,28.64,50.22,0.0,0.0,3.7361,statline_mc+recal_10_4b,0.0,1.389774747234268,0.0,0.0,0.0,0.0155,0.0644226114223888,0.0005,0.26175,0.16125,2.628530427440095,0.01475,0.5791417805359177,-0.2895708902679588,0.0,,18.99599448703592,0.19822020836106485,,classic,True,,ACTIVE,0.1228419055769045,0.14430694060652557
00-0041070,Reggie Virgil,WR,ARI,3000,44220870,0.2566,0.2566,1.0,0.9092814057565372,0.2333648969245664,SF,20.25,48.06,0.0,0.0,3.5074,statline_mc+recal_10_4b,0.0,1.190829591787483,0.0,0.0,0.0,0.00925,0.0309187213161941,0.00025,0.2565,0.16275,1.779979458946695,0.015,0.405449842203445,-0.2027249211017225,0.0,,13.30014428460677,0.19822020836106485,,classic,True,,ACTIVE,0.0878690990481319,0.10322308822822172
00-0041319,Cameron Dorner,WR,NE,3000,44221022,0.2392,0.2392,1.0,0.9627157204651928,0.2302353637724362,JAX,21.44,45.83,0.0,0.0,3.5875,statline_mc+recal_10_4b,0.0,1.223095485811512,0.0,0.0,0.0,0.011,0.0475084641929316,0.001,0.26025,0.15725,2.0709385188593314,0.01275,0.4452186690655801,-0.22260933453279,0.0,,13.86493238004996,0.19822020836106485,,classic,True,,ACTIVE,0.0908373936674937,0.10671005396135043
00-0040953,Jeff Caldwell,WR,KC,3000,44221038,0.1838,0.1838,1.0,1.2334795168460282,0.0,MIA,27.47,45.17,0.0,0.0,3.6492,statline_mc+recal_10_4b,0.0,1.2324476788403234,0.0,0.0,0.0,0.01125,0.0762460753687021,0.0,0.21175,0.13225,2.204814736004528,0.01525,0.4498896970372676,-0.2249448485186338,0.0,,12.345351666810235,0.0,,classic,True,Injured Reserve,OUT,0.1038194859768536,0.0
00-0039626,Cole Burgess,WR,PIT,3000,44220966,0.2538,0.2538,1.0,0.8841358458936404,0.0,CIN,19.69,42.5,0.0,0.0,3.4469,statline_mc+recal_10_4b,0.0,1.1704150451136708,0.0,0.0,0.0,0.01175,0.0550117677990018,0.0005,0.26875,0.1665,1.897940705866448,0.01025,0.4042237393132091,-0.2021118696566045,0.0,,6.414500602980446,0.0,,classic,True,Injured Reserve,OUT,0.0729381942431563,0.0
00-0041035,De'Zhaun Stribling,WR,SF,3000,44220818,0.1793,0.1793,1.0,1.2487464639056445,0.0,ARI,27.81,48.06,0.0,0.0,3.5372,statline_mc+recal_10_4b,0.0,1.2422793116010635,0.0,0.0,0.0,0.01,0.0952435206550744,0.00125,0.215,0.13575,2.067412153259929,0.0135,0.4321482622539123,-0.2160741311269561,0.0,,13.681787837022998,0.0,,classic,True,Injured Reserve,OUT,0.1113782709011224,0.0
00-0040633,Kyrese Rowan,WR,NO,3000,44220832,0.2122,0.2122,1.0,1.0552154585322775,0.2239271882785249,LV,23.5,43.61,0.0,0.0,3.5782,statline_mc+recal_10_4b,0.0,1.1453671003689243,0.0,0.0,0.0,0.01275,0.0757418862262314,0.0005,0.222,0.1395,1.832321337794179,0.01325,0.3807582682470321,-0.190379134123516,0.0,,14.605252390386767,0.19822020836106485,,classic,True,,ACTIVE,0.0937016955281963,0.11145975858585382
00-0041257,Eric Rivers Jr.,WR,TB,3000,44221072,0.2395,0.2395,1.0,0.9290386313630988,0.2225366958512612,MIN,20.69,42.5,0.0,0.0,3.4592,statline_mc+recal_10_4b,0.0,1.2154056548558068,0.0,0.0,0.0,0.017,0.0654723703866349,0.0005,0.25,0.159,1.9100078565590428,0.0105,0.401022653686613,-0.2005113268433065,0.0,,11.751157507106553,0.19822020836106485,,classic,True,,ACTIVE,0.079219964973772,0.09423349408335292
00-0039386,Bub Means,WR,CLE,3000,44220958,0.2449,0.2449,1.0,0.90074987651734,0.220617439013719,CAR,20.06,41.83,0.0,0.0,3.5036,statline_mc+recal_10_4b,0.0,1.2451733768330675,0.0,0.0,0.0,0.0085,0.0809292393010647,0.00025,0.291,0.177,2.019161366382899,0.0135,0.4952832431093546,-0.2476416215546773,0.0,,9.593871134464639,0.19822020836106485,,classic,True,,ACTIVE,0.0697787241475596,0.08300297773774548
00-0041475,Trayvon Rudolph,WR,MIN,3000,44221088,0.2249,0.2249,1.0,0.9793297510888924,0.2202249163444065,TB,21.81,42.5,0.0,0.0,3.4904,statline_mc+recal_10_4b,0.0,1.1973692305961516,0.0,0.0,0.0,0.011,0.0849546398058657,0.00025,0.246,0.1525,1.9841533916533616,0.01275,0.4323717736030324,-0.2161858868015162,0.0,,12.939244336290807,0.19822020836106485,,classic,True,,ACTIVE,0.0849544992815904,0.10105482005775218
00-0039275,Messiah Swinson,TE,CLE,2500,44221290,0.2435,0.2435,1.0,0.90074987651734,0.2193603608358497,CAR,20.06,41.83,0.0,0.0,3.3535,statline_mc+recal_10_4b,0.0,1.2129210291324448,0.0,0.0,0.0,0.0,0.0,0.0,0.244,0.1685,1.5586029683242115,0.01575,0.3969998719931428,-0.1984999359965714,0.0,,8.149442755825733,0.17239257336565297,,classic,True,,ACTIVE,0.0419103504557082,0.047995697993110584
00-0041361,Will Pauling,WR,SF,3000,44220862,0.1732,0.1732,1.0,1.2487464639056445,0.2163115285035847,ARI,27.81,48.06,0.0,0.0,3.519,statline_mc+recal_10_4b,0.0,1.1902284355838582,0.0,0.0,0.0,0.01275,0.0611633365371932,0.00025,0.2155,0.13075,2.029135045235145,0.0125,0.4014366193472983,-0.2007183096736491,0.0,,17.188872857265913,0.19822020836106485,,classic,True,,ACTIVE,0.1090813526997032,0.129754122052879
00-0041318,Kyle Dixon,WR,NE,3000,44221026,0.2245,0.2245,1.0,0.9627157204651928,0.2161310054766191,JAX,21.44,45.83,0.0,0.0,3.457,statline_mc+recal_10_4b,0.0,1.226537520783936,0.0,0.0,0.0,0.01025,0.0423613007260076,0.0,0.2615,0.16575,1.9443809687220428,0.0115,0.4360864429363718,-0.2180432214681859,0.0,,13.439831165475065,0.19822020836106485,,classic,True,,ACTIVE,0.0874932891212261,0.10407475369962384
00-0040265,Ja'seem Reed,WR,CAR,3000,44220946,0.2186,0.2186,1.0,0.9779826675248088,0.2138225467051659,CLE,21.78,41.83,0.0,0.0,3.5111,statline_mc+recal_10_4b,0.0,1.1675679807982842,0.0,0.0,0.0,0.01125,0.1330855684060356,0.00075,0.235,0.14425,1.8555346119503848,0.01025,0.3915789426609523,-0.1957894713304761,0.0,,11.454087346024636,0.19822020836106485,,classic,True,,ACTIVE,0.0778476440157297,0.09260109499149581
00-0040094,Tre Watson,TE,MIA,2500,44221338,0.2679,0.2679,1.0,0.7943302749547231,0.212786442442849,KC,17.69,45.17,0.0,0.0,3.2286,statline_mc+recal_10_4b,0.0,1.1972749375041838,0.0,0.0,0.0,0.0,0.0,0.0,0.241,0.164,1.529184699768768,0.01075,0.3367640550680554,-0.1683820275340277,0.0,,9.292363221884496,0.17239257336565297,,classic,True,,ACTIVE,0.044824884358985,0.05133341976091568
00-0041435,Dean Patterson IV,WR,TB,3000,44221076,0.2286,0.2286,1.0,0.9290386313630988,0.212394357120603,MIN,20.69,42.5,0.0,0.0,3.7823,statline_mc+recal_10_4b,0.0,1.1250827874744906,0.0,0.0,0.0,0.01675,0.2170028219189057,0.0005,0.242,0.15175,1.7557516205970505,0.011,0.4162621742619851,-0.2081310871309925,0.0,,11.326056292531657,0.19822020836106485,,classic,True,,ACTIVE,0.0772635570564359,0.09190631363125402
00-0041342,Dillon Bell,WR,MIN,3000,44221082,0.2168,0.2168,1.0,0.9793297510888924,0.2123511173043725,TB,21.81,42.5,0.0,0.0,3.3674,statline_mc+recal_10_4b,0.0,1.188986283775362,0.0,0.0,0.0,0.00875,0.035401176399176,0.0,0.248,0.1595,1.8776902336475323,0.0075,0.3669160474005967,-0.1834580237002983,0.0,,12.584993324145058,0.19822020836106485,,classic,True,,ACTIVE,0.0832025100101322,0.09897079905748138
00-0040298,Andrew Armstrong,WR,KC,3000,44221044,0.1717,0.1717,1.0,1.2334795168460282,0.2118434608623222,MIA,27.47,45.17,0.0,0.0,3.6037,statline_mc+recal_10_4b,0.0,1.1968399572799628,0.0,0.0,0.0,0.01475,0.0679720483091882,0.00075,0.2175,0.13875,2.2632838709561973,0.01075,0.4630642621284329,-0.2315321310642164,0.0,,15.498185674907399,0.19822020836106485,,classic,True,,ACTIVE,0.0987549739562848,0.11747071911849818
00-0040653,Ricky White III,WR,SEA,3000,44220892,0.1924,0.1924,1.0,1.0974240768735688,0.2111321898330115,WAS,24.44,40.28,0.0,0.0,3.5352,statline_mc+recal_10_4b,0.0,1.1381493974578816,0.0,0.0,0.0,0.01225,0.049499258743374,0.0005,0.22525,0.134,1.842029527497159,0.016,0.4245413775820835,-0.2122706887910417,0.0,,12.418026961839953,0.19822020836106485,,classic,True,,ACTIVE,0.0823893322080107,0.09800351024802154
00-0040900,Anthony Smith,WR,DAL,3000,44221098,0.1876,0.1876,1.0,1.125263803864633,0.2110673511678573,BAL,25.06,53.33,0.0,0.0,3.5447,statline_mc+recal_10_4b,0.0,1.2819876781349595,0.0,0.0,0.0,0.00775,0.0208490315350694,0.0005,0.25525,0.156,2.248569408433968,0.013,0.5062489856580927,-0.2531244928290463,0.0,,17.058612929623568,0.19822020836106485,,classic,True,,ACTIVE,0.1082487273469178,0.1287637000515397
00-0040375,Jordan Moore,WR,CIN,3000,44220980,0.2058,0.2058,1.0,1.0242325365583511,0.210753234544628,PIT,22.81,42.5,0.0,0.0,3.5387,statline_mc+recal_10_4b,0.0,1.1449448029037883,0.0,0.0,0.0,0.01025,0.0376611057412355,0.0005,0.2445,0.146,1.911598501047008,0.013,0.4223454522683925,-0.2111727261341962,0.0,,12.854784003790163,0.19822020836106485,,classic,True,,ACTIVE,0.0845334704336013,0.10055399909085273
00-0040938,DJ Rogers,TE,DAL,2500,44221392,0.1856,0.1856,1.0,1.125263803864633,0.0,BAL,25.06,53.33,0.0,0.0,3.3281,statline_mc+recal_10_4b,0.0,1.2357199260798162,0.0,0.0,0.0,0.0,0.0,0.0,0.22525,0.15175,1.7600530298139416,0.01375,0.4007763980223582,-0.2003881990111791,0.0,,13.216122087132725,0.0,,classic,True,Injured Reserve,OUT,0.0665623172925944,0.0
00-0041178,Robert Henry Jr.,RB,WAS,4000,44220466,0.2934,0.2934,1.0,0.71081109398153,0.2085287258074876,SEA,15.83,40.28,0.0,0.0,3.377,statline_mc+recal_10_4b,0.0,1.064173798882126,0.0,0.0,0.0,0.459,1.3792153702614938,0.00875,0.19,0.14375,0.7364163202526679,0.0035,0.4360688864878569,-0.2180344432439284,0.0,,5.429964539007091,0.17419655944517218,,classic,True,,ACTIVE,0.0057168526232155,0.007232278514337267
00-0041368,Harrison Wallace III,WR,ARI,3000,44220872,0.2278,0.2278,1.0,0.9092814057565372,0.2071182854352931,SF,20.25,48.06,0.0,0.0,3.3507,statline_mc+recal_10_4b,0.0,1.2071324700970527,0.0,0.0,0.0,0.0065,0.0279028462092216,0.0,0.26875,0.1705,1.9504565071542996,0.0075,0.412935299802118,-0.206467649901059,0.0,,12.237391248169523,0.19822020836106485,,classic,True,,ACTIVE,0.0815185282437801,0.09696767413981006
00-0038977,Tank Dell,WR,HOU,3000,44220926,0.2087,0.2087,1.0,0.986514196764006,0.0,IND,21.97,42.44,0.0,0.0,3.4723,statline_mc+recal_10_4b,0.0,1.115093203396646,0.0,0.0,0.0,0.016,0.0997165618808143,0.0005,0.21325,0.13325,1.6689029197904814,0.0115,0.3554001915542247,-0.1777000957771123,0.0,,9.044819751916616,0.0,,classic,True,Injured Reserve,OUT,0.0796509959762661,0.0
00-0041359,Wesley Grimes,WR,SF,3000,44220860,0.1646,0.1646,1.0,1.2487464639056445,0.2054986839388444,ARI,27.81,48.06,0.0,0.0,3.5842,statline_mc+recal_10_4b,0.0,1.1916488324448964,0.0,0.0,0.0,0.0085,0.0422639280125323,0.0005,0.2115,0.13,2.021370615543175,0.01275,0.4277295408334528,-0.2138647704167264,0.0,,16.480370832974415,0.19822020836106485,,classic,True,,ACTIVE,0.1041934961367223,0.12445755089147521
00-0040323,Chandler Brayboy,WR,NE,3000,44221024,0.2126,0.2126,1.0,0.9627157204651928,0.2046552654621016,JAX,21.44,45.83,0.0,0.0,3.3339,statline_mc+recal_10_4b,0.0,1.219274132989674,0.0,0.0,0.0,0.0115,0.0326468303119033,0.0,0.27475,0.17025,1.967583373501036,0.0085,0.4332355098383847,-0.2166177549191923,0.0,,12.731329141183565,0.19822020836106485,,classic,True,,ACTIVE,0.0835727780818619,0.0998264159177152
00-0040697,Thomas Gordon,TE,DET,2500,44221312,0.1629,0.1629,1.0,1.2411129903758364,0.2021819553528361,NYJ,27.64,48.72,0.0,0.0,3.4575,statline_mc+recal_10_4b,0.0,1.254451237779577,0.0,0.0,0.0,0.0,0.0,0.0,0.2235,0.14575,2.113376273924394,0.0155,0.4933113440792064,-0.2466556720396032,0.0,,15.777039007092196,0.17239257336565297,,classic,True,,ACTIVE,0.0651838771456755,0.07517310450887242
00-0041309,Daniel Sobkowicz,WR,HOU,3000,44220930,0.2043,0.2043,1.0,0.986514196764006,0.20154955146907,IND,21.97,42.44,0.0,0.0,3.393,statline_mc+recal_10_4b,0.0,1.0846060827066202,0.0,0.0,0.0,0.013,0.0709408654545173,0.00125,0.20775,0.12875,1.5873561883887368,0.012,0.3425603078305109,-0.1712801539152554,0.0,,11.701702343009734,0.19822020836106485,,classic,True,,ACTIVE,0.0786613212462102,0.09395975521681792
00-0040753,Will Sheppard,WR,MIA,3000,44221034,0.2525,0.2525,1.0,0.7943302749547231,0.2005655686325662,KC,17.69,45.17,0.0,0.0,3.4028,statline_mc+recal_10_4b,0.0,1.185888763083443,0.0,0.0,0.0,0.009,0.0392011347785329,0.0005,0.27575,0.1735,1.6692701998140336,0.01125,0.4265631296533808,-0.2132815648266904,0.0,,9.793086183133775,0.19822020836106485,,classic,True,,ACTIVE,0.070307608710482,0.08398137228892504
00-0037382,Brandon Johnson,WR,PIT,3000,44220970,0.2256,0.2256,1.0,0.8841358458936404,0.1994321519403138,CIN,19.69,42.5,0.0,0.0,3.3688,statline_mc+recal_10_4b,0.0,1.1302405313086288,0.0,0.0,0.0,0.008,0.0479038191766815,0.0,0.2525,0.15425,1.6533373850119255,0.01125,0.3853839369570938,-0.1926919684785469,0.0,,8.929682789215262,0.19822020836106485,,classic,True,,ACTIVE,0.0668259574762037,0.07982259269381509
00-0041384,Evan Svoboda,TE,LAC,2500,44221350,0.2057,0.2057,1.0,0.969002110430917,0.1992927434641299,BUF,21.58,50.22,0.0,0.0,3.3104,statline_mc+recal_10_4b,0.0,1.2218595054354449,0.0,0.0,0.0,0.0,0.0,0.0,0.2245,0.14425,1.6173819602048112,0.0115,0.3533909051127025,-0.1766954525563512,0.0,,13.302938196555218,0.17239257336565297,,classic,True,,ACTIVE,0.056355329442205,0.0649916092030415
00-0040895,Emmanuel Henderson Jr.,WR,SEA,3000,44220896,0.1799,0.1799,1.0,1.0974240768735688,0.1973946849842595,WAS,24.44,40.28,0.0,0.0,3.4834,statline_mc+recal_10_4b,0.0,1.1200496095547416,0.0,0.0,0.0,0.00675,0.0256207376049902,0.0005,0.22025,0.13325,1.8846894522690496,0.011,0.3937726680062889,-0.1968863340031444,0.0,,11.780375139977604,0.19822020836106485,,classic,True,,ACTIVE,0.0790261946515605,0.09439559096568012
00-0040970,Michael Briscoe,WR,MIN,3000,44221086,0.2011,0.2011,1.0,0.9793297510888924,0.1969592774257704,TB,21.81,42.5,0.0,0.0,3.4309,statline_mc+recal_10_4b,0.0,1.1407471916043588,0.0,0.0,0.0,0.0115,0.0488345517752835,0.0005,0.24325,0.146,1.850235106370265,0.012,0.4273953767775689,-0.2136976883887844,0.0,,11.73479089499526,0.19822020836106485,,classic,True,,ACTIVE,0.0788145755919157,0.09414281520844116
00-0040955,John Michael Gyllenborg,TE,KC,2500,44221344,0.1589,0.1589,1.0,1.2334795168460282,0.0,MIA,27.47,45.17,0.0,0.0,3.4779,statline_mc+recal_10_4b,0.0,1.1402276889331626,0.0,0.0,0.0,0.0,0.0,0.0,0.18825,0.12025,1.826184844965988,0.014,0.3826373777945564,-0.1913186888972782,0.0,,11.513994427558256,0.0,,classic,True,Injured Reserve,OUT,0.0589685971900099,0.0
00-0040919,Tyren Montgomery,WR,TEN,3000,44220916,0.2489,0.2489,1.0,0.7871458292796097,0.1958908621453845,NYG,17.53,37.5,0.0,0.0,3.2375,statline_mc+recal_10_4b,0.0,1.117981297314898,0.0,0.0,0.0,0.0135,0.0714470166301511,0.0005,0.25575,0.15975,1.581758450214833,0.00825,0.3608593690782278,-0.1804296845391139,0.0,,6.37670665001292,0.19822020836106485,,classic,True,,ACTIVE,0.0575075660729455,0.0686919154893965
00-0036387,Jalen Reagor,WR,MIA,3000,44221032,0.2448,0.2448,1.0,0.7943302749547231,0.1944518947981631,KC,17.69,45.17,0.0,0.0,3.2715,statline_mc+recal_10_4b,0.0,1.194842332715007,0.0,0.0,0.0,0.01275,0.0187997868546318,0.00025,0.282,0.17325,1.7852745190798878,0.00925,0.4319110715905776,-0.2159555357952888,0.0,,9.438835170988025,0.19822020836106485,,classic,True,,ACTIVE,0.0688576775449253,0.08224945150195356
00-0041248,Noah Thomas,WR,CIN,3000,44220978,0.1885,0.1885,1.0,1.0242325365583511,0.1931137661457085,PIT,22.81,42.5,0.0,0.0,3.5086,statline_mc+recal_10_4b,0.0,1.145907862395766,0.0,0.0,0.0,0.01275,0.0780522501302848,0.00125,0.22575,0.13475,1.8798475628790168,0.01125,0.4253524303104433,-0.2126762151552216,0.0,,12.075431777069516,0.19822020836106485,,classic,True,,ACTIVE,0.0804097669387986,0.09604824707892763
00-0040419,Garrett Greene,WR,TB,3000,44221074,0.2034,0.2034,1.0,0.9290386313630988,0.1889525822244457,MIN,20.69,42.5,0.0,0.0,3.4519,statline_mc+recal_10_4b,0.0,1.1184629223448792,0.0,0.0,0.0,0.01325,0.0465721969683757,0.00025,0.23825,0.15075,1.7535072664502016,0.0095,0.404610728234824,-0.202305364117412,0.0,,10.121602851236108,0.19822020836106485,,classic,True,,ACTIVE,0.0716794814826758,0.08562005350889187
00-0039329,Julian Hicks,WR,SEA,3000,44220894,0.169,0.169,1.0,1.0974240768735688,0.1854747576305435,WAS,24.44,40.28,0.0,0.0,3.4576,statline_mc+recal_10_4b,0.0,1.104829350775317,0.0,0.0,0.0,0.0115,0.0470147335676482,0.0,0.2215,0.1375,1.8849100008783983,0.009,0.4039354316281223,-0.2019677158140611,0.0,,11.355273925402704,0.19822020836106485,,classic,True,,ACTIVE,0.0770745720657079,0.09206440738603544
00-0040939,Michael Trigg,TE,DAL,2500,44221394,0.1625,0.1625,1.0,1.125263803864633,0.1828472847098202,BAL,25.06,53.33,0.0,0.0,3.3295,statline_mc+recal_10_4b,0.0,1.1942445325282809,0.0,0.0,0.0,0.0,0.0,0.0,0.20775,0.14,1.7122458544123378,0.012,0.400754601462827,-0.2003773007314135,0.0,,15.775645896656533,0.17239257336565297,,classic,True,,ACTIVE,0.0647236978030959,0.07516694450031196
00-0035589,Gary Jennings,WR,LAC,3000,44221048,0.1861,0.1861,1.0,0.969002110430917,0.1803065162419687,BUF,21.58,50.22,0.0,0.0,3.4521,statline_mc+recal_10_4b,0.0,1.157511650501994,0.0,0.0,0.0,0.01125,0.1165603974335336,0.00025,0.249,0.15875,1.7614778644096436,0.01025,0.4599946198846981,-0.229997309942349,0.0,,13.404104574037383,0.19822020836106485,,classic,True,,ACTIVE,0.0869464899598626,0.10385626358880669
00-0040120,Jimmy Holiday,WR,KC,3000,44221040,0.1452,0.1452,1.0,1.2334795168460282,0.0,MIA,27.47,45.17,0.0,0.0,3.4814,statline_mc+recal_10_4b,0.0,1.1546027567983568,0.0,0.0,0.0,0.0125,0.0937217313140656,0.00025,0.2185,0.133,2.017356225710249,0.011,0.4650927476779333,-0.2325463738389666,0.0,,12.345351666810235,0.0,,classic,True,Injured Reserve,OUT,0.0912366108538905,0.0
00-0039023,Joel Wilson,TE,TEN,2500,44221256,0.227,0.227,1.0,0.7871458292796097,0.1786614572724146,NYG,17.53,37.5,0.0,0.0,3.1448,statline_mc+recal_10_4b,0.0,1.0916256335897527,0.0,0.0,0.0,0.0,0.0,0.0,0.2065,0.14125,1.1253430642571571,0.0125,0.2972456983066022,-0.1486228491533011,0.0,,5.683194022289766,0.17239257336565297,,classic,True,,ACTIVE,0.0357465502095752,0.041514299196178335
00-0039550,Shawn Bowman,TE,ARI,2500,44221230,0.1959,0.1959,1.0,0.9092814057565372,0.1780831157316859,SF,20.25,48.06,0.0,0.0,3.2009,statline_mc+recal_10_4b,0.0,1.1420668809192842,0.0,0.0,0.0,0.0,0.0,0.0,0.214,0.14375,1.37805660612094,0.012,0.3484450897608161,-0.174222544880408,0.0,,10.858029381965553,0.17239257336565297,,classic,True,,ACTIVE,0.0484656765221277,0.056285671878509275
00-0035045,D.J. Montgomery,WR,IND,3000,44220920,0.1916,0.1916,1.0,0.919160018559818,0.0,HOU,20.47,42.44,0.0,0.0,3.2783,statline_mc+recal_10_4b,0.0,1.070367586215799,0.0,0.0,0.0,0.01075,0.0414591285048514,0.00025,0.2225,0.12975,1.5963087553130255,0.009,0.3438449997761895,-0.1719224998880947,0.0,,7.172479326384701,0.0,,classic,True,Injured Reserve,OUT,0.0670207306421102,0.0
00-0038145,Thomas Odukoya,TE,KC,2500,44221348,0.1413,0.1413,1.0,1.2334795168460282,0.1742522615769436,MIA,27.47,45.17,0.0,0.0,3.2578,statline_mc+recal_10_4b,0.0,1.1576764161677813,0.0,0.0,0.0,0.0,0.0,0.0,0.1865,0.12775,1.6985069320752828,0.00975,0.3621968632611693,-0.1810984316305846,0.0,,13.71637537993921,0.17239257336565297,,classic,True,,ACTIVE,0.0573397354485333,0.06659157091479263
00-0041029,Jordyn Tyson,WR,NO,3000,44220826,0.1646,0.1646,1.0,1.0552154585322775,0.0,LV,23.5,43.61,0.0,0.0,3.4818,statline_mc+recal_10_4b,0.0,1.0360944712688405,0.0,0.0,0.0,0.0105,0.1087888903468539,0.0005,0.20925,0.12275,1.739225091891378,0.01025,0.4007910455760174,-0.2003955227880087,0.0,,10.814766560427255,0.0,,classic,True,Injured Reserve,OUT,0.0826889944658528,0.0
00-0037078,Cole Turner,TE,MIA,2500,44221334,0.2173,0.2173,1.0,0.7943302749547231,0.0,KC,17.69,45.17,0.0,0.0,3.1112,statline_mc+recal_10_4b,0.0,1.13278053119889,0.0,0.0,0.0,0.0,0.0,0.0,0.22975,0.1505,1.258897222856682,0.01125,0.3410045959115533,-0.1705022979557766,0.0,,6.375696555217832,0.0,,classic,True,Injured Reserve,OUT,0.0420869715982741,0.0
00-0041005,Corey Rucker,WR,LV,3000,44220846,0.1907,0.1907,1.0,0.9029950157908128,0.0,NO,20.11,43.61,0.0,0.0,3.1867,statline_mc+recal_10_4b,0.0,1.1137045834858164,0.0,0.0,0.0,0.00875,0.0376773574777165,0.0,0.21225,0.13225,1.5162610036781845,0.00875,0.3333856853712089,-0.1666928426856044,0.0,,7.841362305108106,0.0,,classic,True,Injured Reserve,OUT,0.0691316545622552,0.0
00-0040049,Josh Kelly,WR,HOU,3000,44220934,0.1727,0.1727,1.0,0.986514196764006,0.1703778499943047,IND,21.97,42.44,0.0,0.0,3.3578,statline_mc+recal_10_4b,0.0,1.038952020407378,0.0,0.0,0.0,0.01175,0.0652616097008175,0.0,0.20675,0.12625,1.5915998076083795,0.01,0.36261658347323,-0.181308291736615,0.0,,10.922350116289085,0.19822020836106485,,classic,True,,ACTIVE,0.0738943728281519,0.08974948650611596
00-0036261,Brandon Aiyuk,WR,SF,3000,44220856,0.1339,0.1339,1.0,1.2487464639056445,0.1672688329994327,ARI,27.81,48.06,0.0,0.0,3.3967,statline_mc+recal_10_4b,0.0,1.0861324885836066,0.0,0.0,0.0,0.0115,0.0844023696674257,0.00025,0.20225,0.12175,1.923821899327564,0.00875,0.4181071878001326,-0.2090535939000663,0.0,,15.48846799896632,0.19822020836106485,,classic,True,,ACTIVE,0.0966631108051649,0.11740358875530252
00-0041176,Jaden Bradley,WR,WAS,3000,44220880,0.2348,0.2348,1.0,0.71081109398153,0.1669297725159078,SEA,15.83,40.28,0.0,0.0,3.1981,statline_mc+recal_10_4b,0.0,1.048581329766202,0.0,0.0,0.0,0.00975,0.0752293373491498,0.0,0.23875,0.14575,1.3247552892718326,0.00775,0.3331373802923809,-0.1665686901461904,0.0,,5.949532690154191,0.19822020836106485,,classic,True,,ACTIVE,0.0551533786734137,0.06698733916489012
00-0037156,Irvin Charles,WR,SEA,3000,44220888,0.1511,0.1511,1.0,1.0974240768735688,0.1657862290730643,WAS,24.44,40.28,0.0,0.0,3.3855,statline_mc+recal_10_4b,0.0,1.0953013126569189,0.0,0.0,0.0,0.00825,0.0348394039917509,0.00075,0.211,0.13725,1.7369197173159696,0.009,0.4102793661154154,-0.2051396830577077,0.0,,11.001022913256957,0.19822020836106485,,classic,True,,ACTIVE,0.0742371345695372,0.0901657927701237
00-0036775,Brandon Smith,WR,PIT,3000,44220968,0.1808,0.1808,1.0,0.8841358458936404,0.1598784698073575,CIN,19.69,42.5,0.0,0.0,3.2643,statline_mc+recal_10_4b,0.0,1.1369913877496924,0.0,0.0,0.0,0.011,0.0509634175558073,0.0,0.251,0.158,1.7592878161554522,0.00725,0.4447933071275369,-0.2223966535637684,0.0,,8.008630157636315,0.19822020836106485,,classic,True,,ACTIVE,0.0622551577669825,0.07561290837311596
00-0041087,Joe Royer,TE,CLE,2500,44221288,0.1753,0.1753,1.0,0.90074987651734,0.0,CAR,20.06,41.83,0.0,0.0,3.225,statline_mc+recal_10_4b,0.0,1.1416031100690327,0.0,0.0,0.0,0.0,0.0,0.0,0.23725,0.1565,1.5702513717475142,0.01,0.4297202356958324,-0.2148601178479162,0.0,,5.1137284701114485,0.0,,classic,True,Out,OUT,0.0388031726136496,0.0
00-0041357,Khalil Dinkins,TE,SF,2500,44221218,0.1225,0.1225,1.0,1.2487464639056445,0.1529624836150631,ARI,27.81,48.06,0.0,0.0,3.2647,statline_mc+recal_10_4b,0.0,0.996025419374948,0.0,0.0,0.0,0.0,0.0,0.0,0.1645,0.10875,1.4152682937498708,0.012,0.3381286915198478,-0.1690643457599239,0.0,,14.933763931104355,0.17239257336565297,,classic,True,,ACTIVE,0.0607398102544769,0.07153516149204367
00-0040901,Jaren Kanak,TE,TEN,2500,44221254,0.1942,0.1942,1.0,0.7871458292796097,0.0,NYG,17.53,37.5,0.0,0.0,3.0729,statline_mc+recal_10_4b,0.0,1.0763134140505055,0.0,0.0,0.0,0.0,0.0,0.0,0.20425,0.1395,1.1837853307415849,0.00925,0.3175509820033471,-0.1587754910016735,0.0,,3.242717831813576,0.0,,classic,True,Injured Reserve,OUT,0.0342757106884733,0.0
00-0039052,Trey Palmer,WR,NO,3000,44220834,0.1417,0.1417,1.0,1.0552154585322775,0.1494968672307226,LV,23.5,43.61,0.0,0.0,3.3335,statline_mc+recal_10_4b,0.0,1.0378767582578998,0.0,0.0,0.0,0.00925,0.0833202415283488,0.0,0.20175,0.12,1.5900008704944188,0.00925,0.3886704879431084,-0.1943352439715542,0.0,,12.338045912653975,0.19822020836106485,,classic,True,,ACTIVE,0.0803115063412243,0.09754350945531703
00-0041252,Kenny Fletcher Jr.,TE,IND,2500,44221268,0.1617,0.1617,1.0,0.919160018559818,0.1486327936826774,HOU,20.47,42.44,0.0,0.0,3.0444,statline_mc+recal_10_4b,0.0,1.05123486088976,0.0,0.0,0.0,0.0,0.0,0.0,0.18,0.11875,1.2084661265539194,0.00775,0.2729276379454289,-0.1364638189727144,0.0,,8.305407801418438,0.17239257336565297,,classic,True,,ACTIVE,0.0408412758432426,0.04843805650555064
00-0036345,K.J. Osborn,WR,TEN,3000,44220912,0.1885,0.1885,1.0,0.7871458292796097,0.1483743153129442,NYG,17.53,37.5,0.0,0.0,3.1271,statline_mc+recal_10_4b,0.0,1.0782675948728668,0.0,0.0,0.0,0.014,0.0975126060270938,0.0,0.243,0.152,1.3443863158176252,0.006,0.3671311537430552,-0.1835655768715276,0.0,,5.526504220863124,0.19822020836106485,,classic,True,,ACTIVE,0.0537978756087276,0.0653409931799805
00-0041366,Jameson Geers,TE,ARI,2500,44221226,0.1627,0.1627,1.0,0.9092814057565372,0.0,SF,20.25,48.06,0.0,0.0,3.1408,statline_mc+recal_10_4b,0.0,1.0974096664694106,0.0,0.0,0.0,0.0,0.0,0.0,0.2065,0.137,1.356214899707806,0.01,0.3678643673907606,-0.1839321836953803,0.0,,8.53660081053698,0.0,,classic,True,Injured Reserve,OUT,0.0461471977665557,0.0
00-0035345,Chris Myarick,TE,LV,2500,44221206,0.1592,0.1592,1.0,0.9029950157908128,0.1437802940012698,NO,20.11,43.61,0.0,0.0,3.097,statline_mc+recal_10_4b,0.0,1.002968910571267,0.0,0.0,0.0,0.0,0.0,0.0,0.168,0.1175,1.083570179713321,0.01025,0.2851534479401245,-0.1425767239700622,0.0,,8.855243161094226,0.17239257336565297,,classic,True,,ACTIVE,0.0418894367182086,0.05003031154507545
00-0040566,CJ Dippre,TE,TB,2500,44221366,0.1547,0.1547,1.0,0.9290386313630988,0.1437408120727708,MIN,20.69,42.5,0.0,0.0,3.162,statline_mc+recal_10_4b,0.0,1.0853073727587992,0.0,0.0,0.0,0.0,0.0,0.0,0.20275,0.13125,1.378873748920108,0.00975,0.36479312563848,-0.18239656281924,0.0,,8.92635511651469,0.17239257336565297,,classic,True,,ACTIVE,0.0420650295876153,0.05024002947517335
00-0041263,Lake McRee,TE,PIT,2500,44221294,0.1597,0.1597,1.0,0.8841358458936404,0.141200761921393,CIN,19.69,42.5,0.0,0.0,3.0806,statline_mc+recal_10_4b,0.0,1.0812151600981683,0.0,0.0,0.0,0.0,0.0,0.0,0.207,0.13875,1.2546001453030575,0.0085,0.3450185052178255,-0.1725092526089127,0.0,,7.190286220871327,0.17239257336565297,,classic,True,,ACTIVE,0.0379813422085501,0.04536271032663215
00-0040853,Carson Towt,TE,IND,2500,44221264,0.1402,0.1402,1.0,0.919160018559818,0.0,HOU,20.47,42.44,0.0,0.0,3.0129,statline_mc+recal_10_4b,0.0,1.0244012426862543,0.0,0.0,0.0,0.0,0.0,0.0,0.18425,0.12025,1.1422328264155472,0.00775,0.3022195912500947,-0.1511097956250473,0.0,,6.3411220871327245,0.0,,classic,True,Injured Reserve,OUT,0.0394360048322389,0.0
00-0041143,Ben Mann,TE,NYG,2500,44221248,0.143,0.143,1.0,0.8967086258250886,0.128242423034083,TEN,19.97,37.5,0.0,0.0,3.0795,statline_mc+recal_10_4b,0.0,0.9756257145498672,0.0,0.0,0.0,0.0,0.0,0.0,0.168,0.108,1.122876092846724,0.00775,0.2770903725011787,-0.1385451862505893,0.0,,5.518047112462005,0.17239257336565297,,classic,True,,ACTIVE,0.0341828903642837,0.0411129601012457
00-0041016,Patrick Gurd,TE,LV,2500,44221210,0.1255,0.1255,1.0,0.9029950157908128,0.1132970270127161,NO,20.11,43.61,0.0,0.0,2.9415,statline_mc+recal_10_4b,0.0,0.95137647230661,0.0,0.0,0.0,0.0,0.0,0.0,0.15875,0.10425,1.0290151045933136,0.00675,0.2672089668932303,-0.1336044834466151,0.0,,8.37905268490375,0.17239257336565297,,classic,True,,ACTIVE,0.0404481004751071,0.048648347851292066
