player_id,player_name,position,team,salary,site_player_id,season_avg,recent_form,matchup_factor,vegas_factor,final_projection,opponent,implied_total,over_under,sigma,sigma_source,statline_p10,statline_p90,proj_pass_att,proj_pass_yd,proj_pass_td,proj_rush_att,proj_rush_yd,proj_rush_td,proj_targets,proj_rec,proj_rec_yd,proj_rec_td,chalk_score,estimated_ownership_pct,roster_role,slate_format,ownership_available
00-0033077,Dak Prescott,QB,DAL,8400,1501,23.1229,23.1229,1.2183188425851488,1.1472480343102216,32.319226717372686,KC,26.75,56.0,16.078440902487277,statline_mc,14.449242887704905,53.45983677100509,39.49775,445.0450730636924,3.48875,1.96325,10.654237948249884,0.1,0.0,0.0,0.0,0.0,94.5956118903616,15.276858285703026,,classic,True
00-0034857,Josh Allen,QB,BUF,8800,1529,21.0247,21.0247,1.1152921585639162,1.2223016440314511,28.66136770989716,IND,28.5,49.5,14.982315126554045,statline_mc,12.073714713620575,47.744112543748464,35.43275,355.5313515806068,2.493,5.9685,39.338636466728914,0.3415,0.0,0.0,0.0,0.0,92.34944022648308,13.152270106945505,,classic,True
00-0033873,Patrick Mahomes II,QB,KC,8300,1523,22.0855,22.0855,0.9802001488320458,1.2544674767691208,27.156934620118722,DAL,29.25,56.0,13.99519378320617,statline_mc,11.309812144359247,45.4300601367983,41.7235,367.49059789336116,2.9475,2.237,14.100607043842745,0.0925,0.0,0.0,0.0,0.0,100.0,21.90317697528861,,classic,True
00-0036442,Joe Burrow,QB,CIN,7400,1550,21.6052,21.6052,1.0597030356469654,1.104360257326662,25.284457151890265,LV,25.75,50.5,12.998378103166404,statline_mc,10.55486660104228,42.761475732176294,36.94975,367.8320552336782,2.664,2.08175,8.194249425431371,0.0775,0.0,0.0,0.0,0.0,83.34094711105391,7.214033078104625,,classic,True
00-0019596,Tom Brady,QB,TB,8000,1131,18.979,18.979,0.8995651006542554,1.3080771979985704,22.33261835785601,NYG,30.5,49.5,11.787778048243522,statline_mc,9.114122986995019,37.602327261483,33.70675,301.0805013143365,2.54675,1.448,6.146483052825481,0.06425,0.0,0.0,0.0,0.0,87.37839402908249,9.442221639206236,,classic,True
00-0036972,Mac Jones,QB,NE,7000,1572,15.2212,15.2212,1.2019779802477153,1.1686919228020014,21.381919277349944,ATL,27.25,47.5,11.318480733466544,statline_mc,8.654831617141529,36.353202144574965,33.0195,335.1219051670343,1.94775,1.448,7.577930706685755,0.0635,0.0,0.0,0.0,0.0,72.58460944537383,3.521682963654703,,classic,True
00-0033856,Leonard Fournette,RB,TB,7300,5534,14.4819,14.4819,1.1217359323280616,1.3080771979985704,21.24948130002682,NYG,30.5,49.5,20.04437314975951,statline_mc,3.9728874861100367,44.99521135757992,0.0,0.0,0.0,14.9835,93.5800210136195,0.7175,5.16075,3.96725,48.13854198664866,0.16875,93.91090176902057,17.922688635631175,,classic,True
00-0027939,Cam Newton,QB,CAR,7500,1378,15.2443,15.2443,1.321106514763109,0.9971408148677627,20.0817717433945,WAS,23.25,43.0,11.205620683021744,statline_mc,7.801513536603501,35.377193129855925,32.035,280.1723788854917,2.16575,1.358,7.391265879748296,0.06725,0.0,0.0,0.0,0.0,62.109445373825764,1.7517139674322322,,classic,True
00-0031280,Derek Carr,QB,LV,7200,1441,18.1714,18.1714,1.0147939682530944,1.0614724803431022,19.573846749610865,CIN,24.75,50.5,10.190317730722404,statline_mc,7.889098267353528,33.488557643970445,36.24675,310.9115000516715,1.67725,2.8165,10.358867475439999,0.10075,0.0,0.0,0.0,0.0,72.48520138978252,3.4984212185655306,,classic,True
00-0029701,Ryan Tannehill,QB,TEN,7800,1410,15.3295,15.3295,1.0815914886624654,1.1794138670478913,19.554974739176735,HOU,27.5,44.5,10.414271300439337,statline_mc,8.073194743449735,33.775842578299695,32.39175,309.018968684632,1.67975,1.339,8.149659917914548,0.10475,0.0,0.0,0.0,0.0,71.52329172564663,3.2811188445552113,,classic,True
00-0036355,Justin Herbert,QB,LAC,7700,1552,18.3933,18.3933,0.9067354559524364,1.1365260900643317,18.95478414503156,PIT,26.5,47.5,9.990434304064562,statline_mc,7.358265918858093,32.24188697346987,35.53925,262.9709338265506,1.85475,3.382,13.421967919695335,0.15075,0.0,0.0,0.0,0.0,69.31508171406512,2.831964030351244,,classic,True
00-0034855,Baker Mayfield,QB,CLE,6800,1528,14.87,14.87,1.0473750563623734,1.1901358112937812,18.535778879369158,DET,27.75,42.5,9.930419105452177,statline_mc,7.385957506070343,31.773662970361137,31.6705,314.82769305181654,1.53025,0.74225,3.621711572964989,0.036,0.0,0.0,0.0,0.0,61.73787157380002,1.7088542759992271,,classic,True
00-0033040,Tyreek Hill,WR,KC,8500,5485,14.2976,14.2976,1.0288673101886177,1.2544674767691208,18.45366264751069,DAL,29.25,56.0,19.069998249656976,statline_mc,3.6012081625859924,39.89504704411941,0.0,0.0,0.0,0.769,5.969365245363711,0.028,10.2085,6.70025,99.26101122974319,0.7505,98.28288184718016,21.86313065334893,,classic,True
00-0036212,Tua Tagovailoa,QB,MIA,7000,1551,16.5703,16.5703,1.0624705412006494,1.0293066476054324,18.121451481637507,NYJ,24.0,44.5,10.093594537527997,statline_mc,6.689757795547417,31.624083470603715,34.93475,266.87369108395586,1.61525,2.91075,12.4275383827927,0.175,0.0,0.0,0.0,0.0,56.01627847123922,1.1669384288886597,,classic,True
00-0026158,Joe Flacco,QB,NYJ,6300,1302,18.64,18.64,1.0994418994837265,0.8791994281629736,18.017967370015512,MIA,20.5,44.5,9.944721148817885,statline_mc,6.881200763711528,31.198047178054246,36.29825,274.4745995564856,1.811,1.249,5.054833877560842,0.04775,0.0,0.0,0.0,0.0,60.31463132158023,1.5541681464456687,,classic,True
00-0035628,D'Ernest Johnson,RB,CLE,8000,5746,11.6193,11.6193,1.2446802921242053,1.1901358112937812,17.212110766445303,DET,27.75,42.5,17.14640373718818,statline_mc,2.8761806924317286,37.258341135632406,0.0,0.0,0.0,12.37325,88.5945435299681,0.5485,3.53175,2.6675,30.924064134484908,0.13425,81.92363008773191,8.060019584415693,,classic,True
00-0036900,Ja'Marr Chase,WR,CIN,7700,5924,17.6405,17.6405,0.8614844194265888,1.104360257326662,16.783013264299484,LV,25.75,50.5,17.587939644286614,statline_mc,3.2703710767813194,36.83799190091037,0.0,0.0,0.0,1.005,5.111209642541259,0.03025,9.9145,5.9625,94.85142300045358,0.618,91.85349503716057,14.241723044003656,,classic,True
00-0033699,Austin Ekeler,RB,LAC,8200,5575,16.6992,16.6992,0.8747964062417904,1.1365260900643317,16.602845288397933,PIT,26.5,47.5,15.358449573976577,statline_mc,3.347804245845966,34.977331948005,0.0,0.0,0.0,14.52725,65.28947888675478,0.5075,5.60025,4.2285,36.57147399722457,0.24525,85.80372980488039,10.439422875692399,,classic,True
00-0036389,Jalen Hurts,QB,PHI,7700,1554,17.7528,17.7528,0.9652304597007556,0.9649749821300929,16.535392063283137,NO,22.5,42.5,10.405900433592373,statline_mc,5.364420357017127,29.4254638704918,29.31825,199.04281861877143,1.19325,7.281,35.426793185322765,0.31,0.0,0.0,0.0,0.0,53.186205121605965,0.9662932060490289,,classic,True
00-0029263,Russell Wilson,QB,SEA,7300,1412,18.6962,18.6962,0.8410826764766353,1.0400285918513223,16.354488625045498,ARI,24.25,46.0,9.31580142411758,statline_mc,5.993421827390603,28.504385466542747,33.36525,234.07821949984418,1.55475,3.4,12.601098450517325,0.12275,0.0,0.0,0.0,0.0,58.16368549736199,1.3465477031486797,,classic,True
00-0035311,Myles Gaskin,RB,MIA,6200,5789,9.4592,9.4592,1.6723585351757473,1.0293066476054324,16.28285915000749,NYJ,24.0,44.5,15.700771719629374,statline_mc,2.7495199705777886,35.62448471903831,0.0,0.0,0.0,13.304,81.53939936067289,0.43825,3.54075,2.697,29.62419213940201,0.2285,73.91617527206482,4.72603065546216,,classic,True
00-0033897,Joe Mixon,RB,CIN,7600,5535,13.4432,13.4432,1.0902117375085378,1.104360257326662,16.18543632001699,LV,25.75,50.5,15.677973586337071,statline_mc,2.6078402833203125,35.109501928282604,0.0,0.0,0.0,14.4055,71.93767950862595,0.64225,3.62075,2.83725,29.860433691543935,0.15725,88.63248477875256,12.606000941092049,,classic,True
00-0034301,Darrel Williams,RB,KC,6300,5708,14.6164,14.6164,0.8632375348079651,1.2544674767691208,15.82811766126136,DAL,29.25,56.0,14.33105564574647,statline_mc,3.1346252545234203,32.44718365786751,0.0,0.0,0.0,14.685,57.96896346287157,0.5395,5.313,4.1425,38.85471314974203,0.17325,90.32839541684643,14.114938081103334,,classic,True
00-0031588,Stefon Diggs,WR,BUF,8100,5424,11.2108,11.2108,1.155057117971826,1.2223016440314511,15.8276550867098,IND,28.5,49.5,16.902372978668705,statline_mc,2.8607317179996334,34.96207141004387,0.0,0.0,0.0,0.0,0.0,0.0,8.64475,5.513,97.931550867098,0.55775,93.98415615537816,16.41540090087851,,classic,True
00-0036893,Najee Harris,RB,PIT,8700,5904,14.5057,14.5057,1.187936741449062,0.9006433166547534,15.51972238767974,LAC,21.0,47.5,15.746192800781127,statline_mc,2.585299677647227,33.17515522314558,0.0,0.0,0.0,20.645,83.20359925676105,0.5385,3.4465,2.645,21.968624620036344,0.1175,77.88017162855361,6.15553753610568,,classic,True
00-0029604,Kirk Cousins,QB,MIN,7400,1415,17.5231,17.5231,0.8778779207699327,1.0078627591136526,15.504052728784773,GB,23.5,48.0,8.707682900991971,statline_mc,5.547700252960844,27.206950773435054,34.9475,219.73309701651573,1.55275,2.47425,8.749788481241408,0.083,0.0,0.0,0.0,0.0,57.18022133573543,1.2610942326690946,,classic,True
00-0035993,Tyler Huntley,QB,BAL,6100,1562,13.9989,13.9989,1.0565581429723243,1.0293066476054324,15.22410345918833,CHI,24.0,43.0,8.712531733633984,statline_mc,5.486811145274423,26.59115638760758,34.639,240.4607472814097,1.483,0.85975,4.111735679319393,0.03275,0.0,0.0,0.0,0.0,57.18729893192639,1.2616894074541172,,classic,True
00-0023459,Aaron Rodgers,QB,GB,7700,1252,14.0326,14.0326,0.9981889349309911,1.0507505360972123,14.71801133815998,MIN,24.5,48.0,8.375521578588852,statline_mc,5.2390963051984745,25.963670175363674,26.78275,208.17811283575384,1.5105,1.64625,6.151368247298267,0.0785,0.0,0.0,0.0,0.0,59.68343842491314,1.4901263603916026,,classic,True
00-0030506,Travis Kelce,TE,KC,7300,4582,10.8716,10.8716,1.078019058803315,1.2544674767691208,14.702096771594109,DAL,29.25,56.0,14.359225973970975,statline_mc,2.816335915575937,31.395462153050282,0.0,0.0,0.0,0.0,0.0,0.0,7.86175,5.3615,83.99846771594105,0.61525,98.1169426539231,15.208841204757876,,classic,True
00-0030279,Keenan Allen,WR,LAC,7100,5198,12.369,12.369,1.02733168733759,1.1365260900643317,14.441861478381629,PIT,26.5,47.5,15.714435897659916,statline_mc,2.9292384282997235,30.882146775820637,0.0,0.0,0.0,0.0,0.0,0.0,9.724,6.48275,88.59986478381627,0.40375,86.53188199290793,9.988173029389197,,classic,True
00-0033921,Chris Godwin,WR,TB,7600,5579,10.8312,10.8312,1.0130503948230316,1.3080771979985704,14.352942664737892,NYG,30.5,49.5,15.308904616958314,statline_mc,2.5861787613394998,31.723094161241857,0.0,0.0,0.0,0.0,0.0,0.0,7.692,5.2965,88.3519266473789,0.48825,93.5408199614631,15.93733113213677,,classic,True
00-0035719,Deebo Samuel,WR,SF,7600,5726,12.253,12.253,1.033474178741701,1.104360257326662,13.984692127827476,JAX,25.75,45.0,15.135769966201986,statline_mc,2.2495608388659747,31.472886041506857,0.0,0.0,0.0,0.79625,5.3045061697175475,0.04025,7.30975,4.494,84.91741510855721,0.422,82.5805955407309,7.675109797108094,,classic,True
00-0035700,Josh Jacobs,RB,LV,6900,5712,11.1378,11.1378,1.1327694005148952,1.0614724803431022,13.392173930876579,CIN,24.75,50.5,13.464182715150834,statline_mc,2.350677593996884,28.983699675209035,0.0,0.0,0.0,11.72925,52.89437593314943,0.5665,3.719,3.01575,27.238613375616364,0.10475,84.59046454767724,9.628283360247327,,classic,True
00-0032211,Tyler Lockett,WR,SEA,6800,5386,12.8343,12.8343,0.997502213456375,1.0400285918513223,13.314677778788118,ARI,24.25,46.0,14.247817784528749,statline_mc,2.6378032483596865,29.37908677546099,0.0,0.0,0.0,0.0,0.0,0.0,9.06025,5.737,77.95677778788118,0.452,80.79874997976002,6.815455461463542,,classic,True
00-0036358,CeeDee Lamb,WR,DAL,8000,5831,11.8368,11.8368,0.9776696443353514,1.1472480343102216,13.276508518187432,KC,26.75,56.0,14.815217843640438,statline_mc,2.1312806404119247,29.772072544338798,0.0,0.0,0.0,0.4645,3.4074107479324023,0.01725,7.2675,4.53,77.04767443394192,0.4875,91.31223789245291,13.736988556462805,,classic,True
00-0027688,Colt McCoy,QB,ARI,6300,1361,14.6108,14.6108,0.9708912665151092,0.9328091493924232,13.23239271076959,SEA,21.75,46.0,7.676943209055594,statline_mc,4.707698262924349,23.27789396855865,32.33375,219.8258278008812,1.10625,2.47225,7.5410959873434,0.063,0.0,0.0,0.0,0.0,51.738836700553335,0.8774114916341877,,classic,True
00-0033045,Ezekiel Elliott,RB,DAL,8500,5444,12.2848,12.2848,0.9386329007513268,1.1472480343102216,13.228809465322302,KC,26.75,56.0,12.512597281912404,statline_mc,2.3602180234889745,28.352994510146434,0.0,0.0,0.0,12.201,59.83771122401256,0.527,3.78225,2.91625,21.479133429210464,0.10675,88.22822282947408,12.270796476504469,,classic,True
00-0035710,Daniel Jones,QB,NYG,6900,1539,15.1735,15.1735,1.0556775730234251,0.8148677626876341,13.052812671414857,TB,19.0,49.5,7.569364407937222,statline_mc,4.588874384112273,23.081293955651915,34.21975,207.91407129683935,0.96975,3.4265,13.392498195412808,0.1165,0.0,0.0,0.0,0.0,39.16645219405481,0.3794857773969228,,classic,True
00-0033553,James Conner,RB,ARI,7200,5537,10.7483,10.7483,1.2720012609677929,0.9328091493924232,12.75326904240658,SEA,21.75,46.0,12.770989946120839,statline_mc,1.842154872185157,28.12349723329123,0.0,0.0,0.0,9.96375,46.668003470032794,0.6865,2.92575,2.3105,23.507186954032992,0.09825,74.22335682439234,4.823811752040125,,classic,True
00-0028118,Tyrod Taylor,QB,HOU,6600,1400,15.738,15.738,1.106687732206099,0.7290922087205146,12.698601454682475,TEN,17.0,44.5,7.613105597062111,statline_mc,4.253655794947391,22.79197657956371,33.82225,203.07441688383494,1.117,2.01525,8.223747793290771,0.0715,0.0,0.0,0.0,0.0,38.609252348475096,0.365647758875673,,classic,True
00-0032156,Trevor Siemian,QB,NO,7000,1488,14.8572,14.8572,0.9759230947945344,0.8577555396711937,12.437031666341475,PHI,20.0,42.5,7.450615787081087,statline_mc,4.031733286195624,22.204024007583158,33.45875,193.67716206997144,1.2615,0.78225,2.581951835426186,0.0185,0.0,0.0,0.0,0.0,32.09207309226612,0.23679430324210765,,classic,True
00-0036223,Jonathan Taylor,RB,IND,8800,5820,19.0739,19.0739,0.7219040613670993,0.9006433166547534,12.40143331557215,BUF,21.0,49.5,11.51303686811899,statline_mc,2.4463092160537556,26.692852638728464,0.0,0.0,0.0,15.3795,55.06725264345827,0.4455,4.37175,3.39875,22.108330512263215,0.0855,77.32177956757275,5.930603340926582,,classic,True
00-0036971,Trevor Lawrence,QB,JAX,6500,1565,13.3544,13.3544,1.115556329548586,0.825589706933524,12.299294682816695,SF,19.25,45.0,7.437556789133773,statline_mc,4.13906074873608,21.850609639650006,34.35275,192.89819957167487,0.88375,3.781,15.363666999497003,0.1435,0.0,0.0,0.0,0.0,40.26701840175009,0.40837595131484455,,classic,True
00-0031345,Jimmy Garoppolo,QB,SF,7100,1452,10.8228,10.8228,1.0146681725461089,1.104360257326662,12.127594042507972,JAX,25.75,45.0,7.091074919834445,statline_mc,4.213515525979151,21.67499400648527,21.8595,199.23382862261295,1.06625,0.7925,2.6449089760345275,0.0425,0.0,0.0,0.0,0.0,45.53371509458242,0.5801584827214047,,classic,True
00-0035640,D.K. Metcalf,WR,SEA,7500,5725,11.6516,11.6516,0.997502213456375,1.0400285918513223,12.08768611711569,ARI,24.25,46.0,13.073796243865704,statline_mc,1.9721673692533224,26.948913256093018,0.0,0.0,0.0,0.0,0.0,0.0,7.116,4.525,65.23186117115688,0.5595,79.63980958240903,6.3087035885219045,,classic,True
00-0036875,Rhamondre Stevenson,RB,NE,6500,5918,8.335,8.335,1.1987600483370986,1.1686919228020014,11.677161204465923,ATL,27.25,47.5,12.133534123792089,statline_mc,1.7311864799657148,26.021137259113022,0.0,0.0,0.0,8.07675,49.19380732549599,0.421,2.84475,2.18,26.882804719163232,0.09425,80.82506352174121,7.490819583775154,,classic,True
00-0031236,Brandin Cooks,WR,HOU,6600,5255,12.0696,12.0696,1.3198678404583837,0.7290922087205146,11.614649813178872,TEN,17.0,44.5,11.806488243480453,statline_mc,2.605609987888174,24.879579910240842,0.0,0.0,0.0,0.0,0.0,0.0,9.2915,6.055,67.4414981317887,0.3195,66.65473858061172,2.654506606528342,,classic,True
00-0034983,Hunter Renfrow,WR,LV,6100,5761,10.7177,10.7177,1.0163519839527413,1.0614724803431022,11.562621068356153,CIN,24.75,50.5,11.856492699172001,statline_mc,2.430574275246453,24.85900014799746,0.0,0.0,0.0,0.0,0.0,0.0,8.02525,5.57125,62.02496068356153,0.4385,84.34212017681632,8.63149372186026,,classic,True
DST_CLE,Cleveland,D,CLE,5000,7008,11.537167527000001,11.537167527000001,1.6348366770976863,1.5807909604519774,11.537167527000001,DET,27.75,42.5,6.0496,dst_simulated_session_10_4,0.0,0.0,0.0,0.0,0.0,0.0,0.0,0.0,0.0,0.0,0.0,0.0,85.15892420537898,16.864615781393468,,classic,True
00-0035657,Damien Harris,RB,NE,6500,5715,8.2115,8.2115,1.1987600483370986,1.1686919228020014,11.504157344969332,ATL,27.25,47.5,13.499858473113685,statline_mc,1.1390244814535695,27.576985311279437,0.0,0.0,0.0,10.8415,63.24567761989235,0.6355,1.03925,0.8055,8.723395829800989,0.03725,79.64859293350592,6.925753416269997,,classic,True
00-0035676,A.J. Brown,WR,TEN,7200,5728,9.3661,9.3661,1.0277155930503468,1.1794138670478913,11.352624170843482,HOU,27.5,44.5,13.03499443093993,statline_mc,1.9986302037170582,25.37367412784601,0.0,0.0,0.0,0.14875,1.1379204085243264,0.00425,7.3165,4.31,68.90832129991048,0.37025,81.41436875597078,7.1009895449623,,classic,True
00-0033307,Kendrick Bourne,WR,NE,6000,5598,8.8486,8.8486,1.0814623928363196,1.1686919228020014,11.18375726617536,ATL,27.25,47.5,13.259645727886737,statline_mc,1.677899595308345,25.530930809524182,0.0,0.0,0.0,0.852,7.552570220934318,0.02875,5.21775,3.556,65.48500244081929,0.33125,82.0661361097168,7.4163372541140555,,classic,True
00-0022924,Ben Roethlisberger,QB,PIT,6600,1232,14.2901,14.2901,0.866229238303063,0.9006433166547534,11.148632554895864,LAC,21.0,47.5,6.750986623656492,statline_mc,3.6762987352454073,20.317432752449783,35.4385,185.4831382308039,1.02175,1.1595,2.9805702566370846,0.0315,0.0,0.0,0.0,0.0,40.15313344485909,0.4052871665155921,,classic,True
00-0034791,Nick Chubb,RB,CLE,9000,5622,7.5227,7.5227,1.2446802921242053,1.1901358112937812,11.14371920941103,DET,27.75,42.5,13.369236901777539,statline_mc,0.9886038604326687,27.10321549399707,0.0,0.0,0.0,8.8985,72.64712507652969,0.4915,0.6165,0.487,6.405067017580632,0.0245,75.40402224459467,5.218841609963905,,classic,True
00-0031381,Davante Adams,WR,GB,8400,5263,9.5055,9.5055,1.1140943784206598,1.0507505360972123,11.127490822015963,MIN,24.5,48.0,12.422789787904566,statline_mc,1.908829775990877,24.663188409127244,0.0,0.0,0.0,0.0,0.0,0.0,6.977,4.4745,70.53240822015962,0.316,81.11425055457505,6.960325682907052,,classic,True
00-0031800,Taylor Heinicke,QB,WAS,6700,1487,15.5644,15.5644,0.8303271435293637,0.8470335954253038,10.946671179248982,CAR,19.75,43.0,6.740447723259607,statline_mc,3.332276046262163,19.83101494618636,33.07925,167.25545787839818,0.94925,3.5495,12.85952864113055,0.0845,0.0,0.0,0.0,0.0,28.68195856389139,0.18864196943423076,,classic,True
00-0036924,Michael Carter,RB,NYJ,6600,5907,13.2023,13.2023,0.9353228602952766,0.8791994281629736,10.85672436494538,MIA,20.5,44.5,10.310241154233838,statline_mc,2.1387917725503023,23.172125239792564,0.0,0.0,0.0,13.52925,42.53146948095387,0.37125,4.621,3.30775,24.77702416849994,0.06925,66.1815043865957,2.821986133208064,,classic,True
00-0036322,Justin Jefferson,WR,MIN,7900,5835,12.9528,12.9528,0.8309639152624116,1.0078627591136526,10.847911989154708,GB,23.5,48.0,11.680606619350788,statline_mc,2.28670019507568,24.04684672157344,0.0,0.0,0.0,0.56325,2.5232136325021983,0.0135,8.097,5.3335,60.163406259044905,0.31725,78.74261241276577,5.9424235625093385,,classic,True
00-0034775,Christian Kirk,WR,ARI,6500,5636,12.0035,12.0035,0.9670584904347492,0.9328091493924232,10.828171840699492,SEA,21.75,46.0,11.414397248768147,statline_mc,2.1582820992935368,23.72788094116455,0.0,0.0,0.0,0.0,0.0,0.0,7.13025,5.265,61.09671840699492,0.35875,73.45981962143169,4.178410333571327,,classic,True
00-0029000,Cole Beasley,WR,BUF,5700,5163,7.666,7.666,1.155057117971826,1.2223016440314511,10.823126641322844,IND,28.5,49.5,12.119419344835165,statline_mc,1.9222090687109403,24.470335225025735,0.0,0.0,0.0,0.0,0.0,0.0,6.55875,4.62925,66.42501641322843,0.32,85.01064622160332,9.024886950750796,,classic,True
00-0033893,Dalvin Cook,RB,MIN,8400,5559,12.5572,12.5572,0.8549361635054905,1.0078627591136526,10.81998283539769,GB,23.5,48.0,11.276340030597234,statline_mc,1.7373284439031835,23.81908280135944,0.0,0.0,0.0,15.8475,63.317163311183116,0.33575,2.8345,1.99275,13.223915042793786,0.06075,75.37681576298002,5.2093844345514295,,classic,True
00-0036894,Pat Freiermuth,TE,PIT,5200,4802,8.4998,8.4998,1.407052988397901,0.9006433166547534,10.771374854682989,LAC,21.0,47.5,10.900778657440293,statline_mc,1.9005981461608485,22.876248776369412,0.0,0.0,0.0,0.0,0.0,0.0,6.171,4.361,55.24374854682987,0.52175,76.5945210046677,3.622081305941686,,classic,True
00-0034827,D.J. Moore,WR,CAR,6700,5633,8.7983,8.7983,1.199705352365459,0.9971408148677627,10.525137200165227,WAS,23.25,43.0,11.835594979895285,statline_mc,1.852318926100063,23.811194328538704,0.0,0.0,0.0,0.2725,2.132293268854229,0.00925,6.9945,4.19475,62.72032873279805,0.32275,69.9771693194514,3.3126689190126988,,classic,True
00-0036410,Tee Higgins,WR,CIN,6500,5839,11.0542,11.0542,0.8614844194265888,1.104360257326662,10.51687370733988,LV,25.75,50.5,11.893420249206853,statline_mc,2.096420054832456,22.871870940427286,0.0,0.0,0.0,0.0,0.0,0.0,8.20875,4.98575,60.56998707339878,0.337,83.77402483848508,8.310705910460165,,classic,True
00-0036945,Justin Fields,QB,CHI,6800,1567,11.8992,11.8992,1.0710246492756723,0.8148677626876341,10.384944295688888,BAL,19.0,43.0,7.119470404321333,statline_mc,2.978565503246072,19.647156056766043,24.5385,147.93763466219184,0.64025,5.3235,23.186889092012134,0.175,0.0,0.0,0.0,0.0,24.763865654355936,0.14527735129161112,,classic,True
00-0033118,Kenyan Drake,RB,LV,5900,5446,8.5797,8.5797,1.1327694005148952,1.0614724803431022,10.316283497702408,CIN,24.75,50.5,10.686945022383467,statline_mc,1.7025299572302637,22.92282425054942,0.0,0.0,0.0,6.8235,33.58289982759484,0.25375,3.82225,2.87875,32.566185149429245,0.14325,77.2865429790498,5.916688076233033,,classic,True
00-0036613,Jaylen Waddle,WR,MIA,6700,5926,9.7762,9.7762,1.0152002668144704,1.0293066476054324,10.215684306074872,NYJ,24.0,44.5,10.92256787379007,statline_mc,2.119156726238218,21.865495988425874,0.0,0.0,0.0,0.0,0.0,0.0,7.85625,5.336,55.931843060748726,0.3365,72.4322770770252,3.9017611765612914,,classic,True
00-0034177,Tim Boyle,QB,DET,6000,1544,14.0615,14.0615,1.1391807633204878,0.6325947105075054,10.133245132881576,CLE,14.75,42.5,6.221424145873351,statline_mc,3.0614390176536017,18.56991471001959,31.305,160.78474813453946,0.9995,1.5035,4.286052074999984,0.0335,0.0,0.0,0.0,0.0,33.80066915454896,0.26536288049292756,,classic,True
DST_TEN,Tennessee,D,TEN,4600,7030,10.062138172500001,10.062138172500001,1.4258224556357078,1.3715686274509804,10.062138172500001,HOU,27.5,44.5,6.1097,dst_simulated_session_10_4,0.0,0.0,0.0,0.0,0.0,0.0,0.0,0.0,0.0,0.0,0.0,0.0,80.63732681336593,12.475638966799602,,classic,True
00-0030035,Adam Thielen,WR,MIN,7100,5333,11.8199,11.8199,0.8309639152624116,1.0078627591136526,9.899139974470701,GB,23.5,48.0,10.264162950463852,statline_mc,2.0503565920101017,21.150475825653256,0.0,0.0,0.0,0.11375,0.4480493007104295,0.00225,7.74425,5.0625,47.825850443996586,0.42975,76.88830777700417,5.251410715739369,,classic,True
00-0036275,D'Andre Swift,RB,DET,7500,5822,16.3689,16.3689,0.9556559659538696,0.6325947105075054,9.895722895871506,CLE,14.75,42.5,8.769765344684693,statline_mc,2.3729197416547754,20.57046646889416,0.0,0.0,0.0,15.69275,33.408326217632506,0.248,6.12525,4.70025,23.552652741082543,0.0985,57.8434968119277,1.6186197306558534,,classic,True
DST_BAL,Baltimore,D,BAL,4500,7003,9.849022906500002,9.849022906500002,1.3956236522907046,1.2271929824561403,9.849022906500002,CHI,24.0,43.0,6.3462,dst_simulated_session_10_4,0.0,0.0,0.0,0.0,0.0,0.0,0.0,0.0,0.0,0.0,0.0,0.0,71.81010594947026,6.926097125383741,,classic,True
00-0033536,Mike Williams,WR,LAC,6500,5594,8.4227,8.4227,1.02733168733759,1.1365260900643317,9.834289779321075,PIT,26.5,47.5,11.575709825913513,statline_mc,1.3914070304601214,22.300365837272718,0.0,0.0,0.0,0.0,0.0,0.0,5.813,3.3855,57.07039779321075,0.4115,78.48552437701386,5.841442997520301,,classic,True
00-0033280,Christian McCaffrey,RB,CAR,10000,5536,10.0883,10.0883,0.9688435874533704,0.9971408148677627,9.746069413358372,WAS,23.25,43.0,10.463885938764612,statline_mc,2.1775084070186255,20.187141844082962,0.0,0.0,0.0,6.00775,24.595562784174103,0.132,5.24375,4.3325,37.4076313494096,0.1175,64.76940409415599,2.5684456746939976,,classic,True
00-0035831,James Robinson,RB,JAX,7100,5849,11.6349,11.6349,1.002994798507855,0.825589706933524,9.634436926462056,SF,19.25,45.0,9.8864935357904,statline_mc,1.4995663196532831,21.604851036622332,0.0,0.0,0.0,11.44025,46.9479800475831,0.396,2.80975,2.1145,13.388889217037457,0.05275,64.34596577017115,2.4969542733791013,,classic,True
00-0036912,Devonta Smith,WR,PHI,6600,5925,8.6823,8.6823,1.141351684026403,0.9649749821300929,9.562433006159775,NO,22.5,42.5,11.660042032505883,statline_mc,1.5037463389249202,22.3883365763757,0.0,0.0,0.0,0.0,0.0,0.0,6.00825,3.643,57.22433006159774,0.34275,65.94326333004096,2.531538241235613,,classic,True
00-0036265,AJ Dillon,RB,GB,7000,5825,8.5556,8.5556,1.055535123207061,1.0507505360972123,9.489096606225077,MIN,24.5,48.0,10.18220219147239,statline_mc,1.2211246927543897,22.026347608771026,0.0,0.0,0.0,11.5295,54.57433309259538,0.3115,1.59,1.2455,13.634132969655388,0.054,75.19943429694617,5.148144028765129,,classic,True
00-0034829,Mike Gesicki,TE,MIA,6300,4719,8.0539,8.0539,1.1234776938130933,1.0293066476054324,9.313598003095144,NYJ,24.0,44.5,9.404571076066476,statline_mc,1.6664188892188097,19.886722755613043,0.0,0.0,0.0,0.0,0.0,0.0,6.211,3.97675,53.14723003095144,0.34525,78.1663980884641,4.022246641621666,,classic,True
00-0035216,Diontae Johnson,WR,PIT,7000,5754,14.3051,14.3051,0.7205910228447893,0.9006433166547534,9.28393842709519,LAC,21.0,47.5,9.086435900735863,statline_mc,2.2566887333067056,19.534109056117135,0.0,0.0,0.0,0.54225,2.4990271409621854,0.01125,9.14575,5.7055,46.13785712998972,0.263,71.62838614614874,3.6981596581101144,,classic,True
00-0032134,C.J. Uzomah,TE,CIN,5200,4656,5.7808,5.7808,1.4481822295972244,1.104360257326662,9.245365403657235,LV,25.75,50.5,10.788331541820193,statline_mc,1.0711630425024725,20.893226309483918,0.0,0.0,0.0,0.0,0.0,0.0,3.684,2.778,52.173654036572344,0.44675,86.01439208713046,6.787211722328142,,classic,True
00-0034960,Jakobi Meyers,WR,NE,5900,5749,7.2784,7.2784,1.0814623928363196,1.1686919228020014,9.199123907641692,ATL,27.25,47.5,10.079563423443554,statline_mc,1.6558466119766748,20.58684045368643,0.0,0.0,0.0,0.0,0.0,0.0,6.4865,4.12725,55.10498907641691,0.2795,78.0595135931605,5.677875528026471,,classic,True
DST_SF,San Francisco,D,SF,4900,7027,9.1856157075,9.1856157075,1.3016176999425495,1.2112554112554113,9.1856157075,JAX,25.75,45.0,6.2927,dst_simulated_session_10_4,0.0,0.0,0.0,0.0,0.0,0.0,0.0,0.0,0.0,0.0,0.0,0.0,71.12143439282804,6.6152992330292735,,classic,True
00-0027685,Emmanuel Sanders,WR,BUF,5800,3983,6.468,6.468,1.155057117971826,1.2223016440314511,9.131762212861966,IND,28.5,49.5,11.646624974537163,statline_mc,1.0321380521338475,21.66615461254761,0.0,0.0,0.0,0.38225,3.114676206069368,0.016,4.341,2.50775,54.43419592255028,0.343,82.46097734743115,7.6141476749832,,classic,True
00-0035261,Tony Pollard,RB,DAL,5600,5718,8.4538,8.4538,0.9386329007513268,1.1472480343102216,9.103437517694692,KC,26.75,56.0,8.879531822997343,statline_mc,1.6300667207218749,19.822507336267268,0.0,0.0,0.0,7.17775,38.08740467027715,0.17025,3.46275,2.81375,24.708220506669768,0.0845,76.80665420202311,5.730393835879713,,classic,True
00-0036290,Cole Kmet,TE,CHI,5100,4778,7.6373,7.6373,1.3983942007769912,0.8148677626876341,8.702753288776467,BAL,19.0,43.0,8.430964259922401,statline_mc,1.7473642008485248,19.206215362623226,0.0,0.0,0.0,0.0,0.0,0.0,6.40625,4.11575,49.12878288776466,0.2995,64.91039675483441,1.6621420969745664,,classic,True
00-0031408,Mike Evans,WR,TB,7400,5253,6.5092,6.5092,1.0130503948230316,1.3080771979985704,8.625702108491216,NYG,30.5,49.5,10.364237901885621,statline_mc,0.8853856764328845,20.955006213353663,0.0,0.0,0.0,0.0,0.0,0.0,4.16025,2.55775,48.253271084912164,0.425,84.36863453099953,8.64676444644226,,classic,True
00-0032426,Alex Collins,RB,SEA,5600,5450,9.3677,9.3677,0.8818893500761833,1.0400285918513223,8.591982491070292,ARI,24.25,46.0,10.157486675240259,statline_mc,0.8538324211217194,20.164771846158267,0.0,0.0,0.0,14.48625,56.01348635771741,0.347,0.98025,0.7535,5.988838552985498,0.02175,65.85718394937436,2.761625835477141,,classic,True
DST_TB,Tampa Bay,D,TB,4600,7029,8.591691942,8.591691942,1.2174576708048046,1.2271929824561403,8.591691942,NYG,30.5,49.5,6.1529,dst_simulated_session_10_4,0.0,0.0,0.0,0.0,0.0,0.0,0.0,0.0,0.0,0.0,0.0,0.0,76.3520782396088,9.375450479595933,,classic,True
DST_MIA,Miami,D,MIA,4800,7016,8.5883364405,8.5883364405,1.2169821904141955,1.1373983739837399,8.5883364405,NYJ,24.0,44.5,6.2047,dst_simulated_session_10_4,0.0,0.0,0.0,0.0,0.0,0.0,0.0,0.0,0.0,0.0,0.0,0.0,60.867155664221684,3.339317517951396,,classic,True
00-0034270,Tyler Conklin,TE,MIN,5500,4732,7.8417,7.8417,1.0590563139135216,1.0078627591136526,8.370100860483259,GB,23.5,48.0,8.57703316935687,statline_mc,1.4914997470706737,18.42508796590523,0.0,0.0,0.0,0.0,0.0,0.0,5.701,3.9335,44.52850860483259,0.3345,79.72507779506557,4.462693881686888,,classic,True
00-0034383,Dalton Schultz,TE,DAL,6000,4742,5.8727,5.8727,1.2283572588713678,1.1472480343102216,8.27596478367117,KC,26.75,56.0,8.856325404056903,statline_mc,1.1084145147305564,18.50225492911432,0.0,0.0,0.0,0.0,0.0,0.0,4.3045,3.02175,47.24589783671169,0.34825,89.36235830184484,8.48447446785704,,classic,True
00-0027966,Mark Ingram,RB,NO,6800,2793,8.721,8.721,1.0771817369831345,0.8577555396711937,8.057806589975982,PHI,20.0,42.5,7.691796027291682,statline_mc,1.4813935137421292,17.994795604800135,0.0,0.0,0.0,9.573,32.67484819593884,0.19775,3.51925,2.64825,19.16696770382097,0.08225,55.77628361858191,1.4102395097945724,,classic,True
DST_BUF,Buffalo,D,BUF,4500,7004,7.904059659,7.904059659,1.1200189819781083,1.1103174603174604,7.904059659,IND,28.5,49.5,6.2829,dst_simulated_session_10_4,0.0,0.0,0.0,0.0,0.0,0.0,0.0,0.0,0.0,0.0,0.0,0.0,66.17400162999185,4.756709659503587,,classic,True
00-0035659,Terry McLaurin,WR,WAS,7000,5757,11.7719,11.7719,0.7906768497656976,0.8470335954253038,7.883963615006982,CAR,19.75,43.0,8.215270156852592,statline_mc,1.6967898488304896,17.287410485075448,0.0,0.0,0.0,0.2385,0.9551882892867586,0.00475,7.73275,4.55175,39.96569786078305,0.25575,60.399455949740116,1.7493424243099145,,classic,True
DST_CAR,Carolina,D,CAR,4100,7005,7.8552821250000004,7.8552821250000004,1.1131071206902352,1.180590717299578,7.8552821250000004,WAS,23.25,43.0,6.1681,dst_simulated_session_10_4,0.0,0.0,0.0,0.0,0.0,0.0,0.0,0.0,0.0,0.0,0.0,0.0,55.41646291768541,2.3219025951996333,,classic,True
00-0032972,Devontae Booker,RB,NYG,6300,5468,10.4607,10.4607,0.9147270530131876,0.8148677626876341,7.797203648358107,TB,19.0,49.5,7.603542228130441,statline_mc,1.458134922287651,16.8524710794429,0.0,0.0,0.0,11.786,33.79513537874901,0.22575,3.204,2.52025,14.980651104832054,0.07925,62.822282947408794,2.2557733059951297,,classic,True
00-0032950,Carson Wentz,QB,IND,6900,1514,14.2447,14.2447,0.6046999634799339,0.9006433166547534,7.757934069429297,BUF,21.0,49.5,5.391659579749941,statline_mc,1.9051801268197686,14.909394961355929,29.47025,114.76903020039187,0.784,2.99925,6.249228614136224,0.0565,0.0,0.0,0.0,0.0,33.371831167159954,0.2578837882892439,,classic,True
00-0036261,Brandon Aiyuk,WR,SF,6000,5830,6.7923,6.7923,1.033474178741701,1.104360257326662,7.752223118996534,JAX,25.75,45.0,9.302311660452887,statline_mc,1.0941095548818627,17.81925848427078,0.0,0.0,0.0,0.17875,1.472021729653682,0.00675,4.96725,3.0345,44.222709460311656,0.27675,71.18986706390972,3.5916104697584084,,classic,True
00-0026143,Matt Ryan,QB,ATL,6900,1301,12.108,12.108,0.7292251338250111,0.8684774839170837,7.668168264021406,NE,20.25,47.5,5.254124459734243,statline_mc,2.06651823980335,14.967144648812933,27.02725,120.72448297274266,0.77,1.60225,3.6143894511169936,0.0405,0.0,0.0,0.0,0.0,27.691738514991634,0.17659097929242443,,classic,True
00-0036328,Antonio Gibson,RB,WAS,6700,5827,11.6593,11.6593,0.7736037408711185,0.8470335954253038,7.639952880445421,CAR,19.75,43.0,8.072158648330264,statline_mc,1.0558532177747832,17.918998250147048,0.0,0.0,0.0,15.45625,38.72951977734242,0.3325,2.06925,1.60125,9.098759027111788,0.0435,55.07514741838055,1.3458383692354123,,classic,True
00-0029239,Brandon Bolden,RB,NE,5300,2874,5.4514,5.4514,1.1987600483370986,1.1686919228020014,7.637245023815325,ATL,27.25,47.5,9.027545817651722,statline_mc,1.1801268209873983,17.37113391911437,0.0,0.0,0.0,3.384,22.24297860973297,0.103,2.9415,2.39275,29.195721628420273,0.1235,67.73682822762356,3.1303010926799617,,classic,True
00-0036309,Darnell Mooney,WR,CHI,6000,5857,9.5629,9.5629,0.9701297361368048,0.8148677626876341,7.559758630856479,BAL,19.0,43.0,8.279208258163665,statline_mc,1.4793941282592185,16.714788294753554,0.0,0.0,0.0,0.24275,1.267451030071539,0.0115,6.709,4.0445,40.52263527849324,0.22225,57.09394582166163,1.403364570317105,,classic,True
DST_LAC,LA Chargers,D,LAC,4200,7026,7.489614303,7.489614303,1.0612913551965815,1.1103174603174604,7.489614303,PIT,26.5,47.5,5.9736,dst_simulated_session_10_4,0.0,0.0,0.0,0.0,0.0,0.0,0.0,0.0,0.0,0.0,0.0,0.0,57.57823960880196,2.681846044063275,,classic,True
DST_PHI,Philadelphia,D,PHI,3900,7023,7.4369902185,7.4369902185,1.0538344310219128,1.1658333333333333,7.4369902185,NO,22.5,42.5,5.9161,dst_simulated_session_10_4,0.0,0.0,0.0,0.0,0.0,0.0,0.0,0.0,0.0,0.0,0.0,0.0,46.87041564792176,1.3134410500457878,,classic,True
DST_NE,New England,D,NE,4800,7018,7.416939051,7.416939051,1.0509931457609583,1.151440329218107,7.416939051,ATL,27.25,47.5,5.9767,dst_simulated_session_10_4,0.0,0.0,0.0,0.0,0.0,0.0,0.0,0.0,0.0,0.0,0.0,0.0,56.54074979625102,2.502623026160526,,classic,True
00-0036252,Michael Pittman Jr.,WR,IND,6900,5837,11.3135,11.3135,0.7225105514085741,0.9006433166547534,7.361949765631387,BUF,21.0,49.5,7.762909674199288,statline_mc,1.596383484292189,16.250469834041386,0.0,0.0,0.0,0.06775,0.22005233700058494,0.00175,6.5845,4.45625,37.97319531931328,0.226,69.75036027137745,3.2629561573702333,,classic,True
00-0034753,Mark Andrews,TE,BAL,7000,4721,10.7977,10.7977,0.6537384653787173,1.0293066476054324,7.265768752954939,CHI,24.0,43.0,6.774035134109963,statline_mc,1.6032876590452978,15.816877494930633,0.0,0.0,0.0,0.0,0.0,0.0,6.4255,4.40475,36.30893752954938,0.249,73.3744998888642,2.9223285076497643,,classic,True
DST_NYJ,New York J,D,NYJ,3800,7021,7.255547613000001,7.255547613000001,1.0281236986809483,0.9715277777777778,7.255547613000001,MIA,20.5,44.5,6.2008,dst_simulated_session_10_4,0.0,0.0,0.0,0.0,0.0,0.0,0.0,0.0,0.0,0.0,0.0,0.0,49.112876935615326,1.5252340417123722,,classic,True
00-0030061,Zach Ertz,TE,ARI,5000,4569,7.8801,7.8801,0.9849370918785308,0.9328091493924232,7.239925031358622,SEA,21.75,46.0,7.290736659411781,statline_mc,1.3339382674667415,16.490453041855048,0.0,0.0,0.0,0.0,0.0,0.0,5.55075,3.5245,36.931750313586214,0.30575,71.30223382973993,2.545251998051829,,classic,True
DST_CHI,Chicago,D,CHI,3500,7006,7.188764949000001,7.188764949000001,1.0186604791995648,0.9715277777777778,7.188764949000001,BAL,19.0,43.0,6.2954,dst_simulated_session_10_4,0.0,0.0,0.0,0.0,0.0,0.0,0.0,0.0,0.0,0.0,0.0,0.0,54.42176039119805,2.1729233611422067,,classic,True
00-0035689,Dawson Knox,TE,BUF,5600,4750,4.5298,4.5298,1.296545211386035,1.2223016440314511,7.1786981205335065,IND,28.5,49.5,8.642727692838262,statline_mc,0.5909370404359563,17.00086457979969,0.0,0.0,0.0,0.0,0.0,0.0,2.8845,2.04625,40.02073120533506,0.36375,86.64369859968882,7.078018389306286,,classic,True
00-0035140,Mecole Hardman,WR,KC,5500,5727,5.53,5.53,1.0288673101886177,1.2544674767691208,7.137478445280065,DAL,29.25,56.0,8.496779213022108,statline_mc,1.0266292158600785,16.58578658631859,0.0,0.0,0.0,0.467,4.196677915486988,0.0175,4.27625,2.8445,39.655606537313666,0.2095,79.40870966174973,6.212252431599198,,classic,True
DST_SEA,Seattle,D,SEA,3700,7028,7.1153531235,7.1153531235,1.0082578960196615,1.072030651340996,7.1153531235,ARI,24.25,46.0,6.0157,dst_simulated_session_10_4,0.0,0.0,0.0,0.0,0.0,0.0,0.0,0.0,0.0,0.0,0.0,0.0,59.26894865525673,3.0018216355376772,,classic,True
00-0033090,Hunter Henry,TE,NE,5700,4675,6.2468,6.2468,0.9721653801376882,1.1686919228020014,7.097431268175113,ATL,27.25,47.5,7.660243889157681,statline_mc,0.9762533833413454,15.841592471714202,0.0,0.0,0.0,0.0,0.0,0.0,4.03575,2.823,34.52931268175112,0.37825,81.95362858412982,5.177501715592162,,classic,True
00-0033871,Corey Davis,WR,NYJ,6400,5550,6.9088,6.9088,1.165422572216264,0.8791994281629736,7.078975662381269,MIA,20.5,44.5,8.25252610957038,statline_mc,0.9597211376813296,16.71230700426948,0.0,0.0,0.0,0.0,0.0,0.0,4.78975,2.84825,41.03350662381269,0.265,61.19124338153144,1.844163502623057,,classic,True
00-0036251,Zack Moss,RB,BUF,5800,5824,7.5038,7.5038,0.7702937004150685,1.2223016440314511,7.065015851600572,IND,28.5,49.5,7.29170377874915,statline_mc,1.1225034119843202,16.099691104136156,0.0,0.0,0.0,7.1625,25.166850065253243,0.24125,2.85575,2.10325,16.842058450752482,0.07925,74.03674672803106,4.764172035294283,,classic,True
DST_WAS,Washington,D,WAS,3500,7031,7.0433326035000015,7.0433326035000015,0.9980524632456207,1.0028673835125448,7.0433326035000015,CAR,19.75,43.0,6.1756,dst_simulated_session_10_4,0.0,0.0,0.0,0.0,0.0,0.0,0.0,0.0,0.0,0.0,0.0,0.0,53.67318663406682,2.0671451790308373,,classic,True
00-0033288,George Kittle,TE,SF,6800,4703,5.7906,5.7906,1.0964189824977493,1.104360257326662,7.011500723409571,JAX,25.75,45.0,7.8124654456317275,statline_mc,1.0112175100806582,15.875370484378948,0.0,0.0,0.0,0.0,0.0,0.0,4.15825,2.799,39.9900072340957,0.2755,77.9320404534341,3.959892071657977,,classic,True
00-0031549,Nelson Agholor,WR,NE,5200,5378,5.5411,5.5411,1.0814623928363196,1.1686919228020014,7.003347210024429,ATL,27.25,47.5,8.806816505789545,statline_mc,0.8646755616994979,16.331639748067847,0.0,0.0,0.0,0.08375,0.5225865383235992,0.00225,4.4545,2.44375,42.25713556192069,0.252,67.72838776534594,2.8514721767469444,,classic,True
00-0031610,Darren Waller,TE,LV,6700,5419,8.0611,8.0611,0.8160907332707826,1.0614724803431022,6.983031244725823,CIN,24.75,50.5,7.07596895370578,statline_mc,1.32846068182713,15.245125349453877,0.0,0.0,0.0,0.0,0.0,0.0,6.00775,3.80075,37.24656244725821,0.23475,83.8518281840409,5.875959028706344,,classic,True
00-0037012,Trey Lance,QB,SF,7100,1569,6.2267,6.2267,1.0146681725461089,1.104360257326662,6.977434114610475,JAX,25.75,45.0,5.347769408445931,statline_mc,1.6419475262637515,14.167336756449838,10.3555,83.75618294969416,0.571,2.549,12.844367966227074,0.10625,0.0,0.0,0.0,0.0,36.32318877879295,0.31396019946168724,,classic,True
00-0036550,Rashod Bateman,WR,BAL,5800,5930,5.8221,5.8221,1.1624664982280353,1.0293066476054324,6.966360727792106,CHI,24.0,43.0,8.46072849712709,statline_mc,1.0046379430484236,16.684185176144677,0.0,0.0,0.0,0.0,0.0,0.0,4.4945,2.78,43.863607277921055,0.204,62.59597791415017,2.0252127513016323,,classic,True
00-0035250,Devin Singletary,RB,BUF,5800,5717,7.3984,7.3984,0.7702937004150685,1.2223016440314511,6.965835322969162,IND,28.5,49.5,7.17831998479222,statline_mc,1.249775410728361,15.428756376396393,0.0,0.0,0.0,6.96325,30.840258286461115,0.176,2.948,2.232,14.268094943230501,0.06325,73.54655064959968,4.610996636632315,,classic,True
00-0033572,Jamal Agnew,WR,JAX,5300,5855,8.6872,8.6872,0.9609927801731896,0.825589706933524,6.892339645547583,SF,19.25,45.0,7.457059810413187,statline_mc,1.2277231610459505,15.630998076623571,0.0,0.0,0.0,1.358,7.695209294989518,0.034,5.65875,3.35875,31.60443716048631,0.18825,54.594310141032075,1.1879513146936849,,classic,True
DST_ARI,Arizona,D,ARI,4300,7001,6.8203963575,6.8203963575,0.9664620099768845,0.961512027491409,6.8203963575,SEA,21.75,46.0,6.2713,dst_simulated_session_10_4,0.0,0.0,0.0,0.0,0.0,0.0,0.0,0.0,0.0,0.0,0.0,0.0,39.703748981255096,0.8145435950328137,,classic,True
00-0036271,Quez Watkins,WR,PHI,5300,5895,6.1307,6.1307,1.141351684026403,0.9649749821300929,6.752212956676109,NO,22.5,42.5,8.22953908575868,statline_mc,0.9959005991962235,15.790138805701691,0.0,0.0,0.0,0.0,0.0,0.0,4.37975,2.842,43.737129566761084,0.1655,53.824058032027715,1.1284895967759208,,classic,True
00-0027656,Rob Gronkowski,TE,TB,6000,4494,4.3944,4.3944,1.155515208010461,1.3080771979985704,6.642155133896793,NYG,30.5,49.5,8.120141074983849,statline_mc,0.6091527867420219,15.881358740434052,0.0,0.0,0.0,0.0,0.0,0.0,3.10225,2.114,35.59155133896793,0.3435,87.64753278506335,7.567904850320219,,classic,True
00-0036422,Adam Trautman,TE,NO,4800,4784,4.8771,4.8771,1.5663746806226482,0.8577555396711937,6.552662690952297,PHI,20.0,42.5,7.430620179438784,statline_mc,0.9054693508920736,15.023474809503437,0.0,0.0,0.0,0.0,0.0,0.0,4.1955,2.6895,37.41412690952296,0.2515,59.52628361858191,1.1608660421336892,,classic,True
00-0031382,Jarvis Landry,WR,CLE,6300,5335,5.5705,5.5705,0.9874054932108676,1.1901358112937812,6.546125618260365,DET,27.75,42.5,7.197261468653699,statline_mc,1.0171750446587922,15.648464342511492,0.0,0.0,0.0,0.36025,2.22305734547318,0.01425,4.509,2.852,37.30819883713047,0.187,66.08607652325978,2.555755815266461,,classic,True
00-0036365,Bryan Edwards,WR,LV,5500,5854,6.0503,6.0503,1.0163519839527413,1.0614724803431022,6.527238259850463,CIN,24.75,50.5,8.054316370749381,statline_mc,0.7461056664543421,15.496584026954986,0.0,0.0,0.0,0.0,0.0,0.0,4.033,2.281,41.45738259850462,0.21125,70.89841156754481,3.5224977791112746,,classic,True
DST_LV,Las Vegas,D,LV,4200,7022,6.3575008335,6.3575008335,0.9008689102382754,0.9055016181229774,6.3575008335,CIN,24.75,50.5,6.2304,dst_simulated_session_10_4,0.0,0.0,0.0,0.0,0.0,0.0,0.0,0.0,0.0,0.0,0.0,0.0,45.590464547677264,1.2060136006514712,,classic,True
00-0034011,Dan Arnold,TE,JAX,5400,4741,9.7516,9.7516,0.7836202796923695,0.825589706933524,6.3088081772100235,SF,19.25,45.0,5.737019200536755,statline_mc,1.4373708259670321,13.234329456958578,0.0,0.0,0.0,0.0,0.0,0.0,6.66225,4.41875,31.79433177210023,0.163,65.48232940653479,1.7267413745880063,,classic,True
00-0036936,Rondale Moore,WR,ARI,5200,5934,6.9449,6.9449,0.9670584904347492,0.9328091493924232,6.264869433226777,SEA,21.75,46.0,7.005054491805808,statline_mc,1.054546643010041,14.301887823403389,0.0,0.0,0.0,0.83275,4.6260231541744945,0.01825,4.4385,3.151,32.18767117809327,0.1575,56.27438915785554,1.3287458228382476,,classic,True
DST_KC,Kansas City,D,KC,3300,7015,6.204375387000001,6.204375387000001,0.8791707685107407,0.8716510903426791,6.204375387000001,DAL,29.25,56.0,6.1614,dst_simulated_session_10_4,0.0,0.0,0.0,0.0,0.0,0.0,0.0,0.0,0.0,0.0,0.0,0.0,74.3480032599837,8.202915363495901,,classic,True
00-0032602,J.D. McKissic,RB,WAS,5200,5586,9.4197,9.4197,0.7736037408711185,0.8470335954253038,6.172429646375662,CAR,19.75,43.0,6.310301169570573,statline_mc,1.2830728362772683,13.336596054203824,0.0,0.0,0.0,3.275,8.715699631251711,0.06025,5.33,4.111,24.168596832504903,0.093,46.4476964379884,0.7571860696733249,,classic,True
00-0027942,A.J. Green,WR,ARI,5400,5091,6.7938,6.7938,0.9670584904347492,0.9328091493924232,6.1285245715258165,SEA,21.75,46.0,7.247402871658164,statline_mc,0.9549423499849314,13.883005716332578,0.0,0.0,0.0,0.0,0.0,0.0,4.47175,2.7315,35.092745715258154,0.2145,58.72472028368335,1.5645385360700585,,classic,True
DST_JAX,Jacksonville,D,JAX,3400,7014,6.1160684085,6.1160684085,0.8666575162798426,0.9055016181229774,6.1160684085,SF,19.25,45.0,6.079,dst_simulated_session_10_4,0.0,0.0,0.0,0.0,0.0,0.0,0.0,0.0,0.0,0.0,0.0,0.0,46.679299103504476,1.2968125202486034,,classic,True
DST_NO,New Orleans,D,NO,4400,7019,6.0934801545,6.0934801545,0.863456721455257,1.0362962962962963,6.0934801545,PHI,20.0,42.5,5.9621,dst_simulated_session_10_4,0.0,0.0,0.0,0.0,0.0,0.0,0.0,0.0,0.0,0.0,0.0,0.0,24.276283618581907,0.2912349295303392,,classic,True
00-0031285,Devonta Freeman,RB,BAL,5700,2930,6.1907,6.1907,0.9520306835496244,1.0293066476054324,6.066487297476949,CHI,24.0,43.0,6.647108378111267,statline_mc,0.8857633044312703,13.607494027984986,0.0,0.0,0.0,4.96075,23.08073285714375,0.1505,2.501,1.81375,14.730390117625747,0.09075,54.9375569298624,1.3335498442890854,,classic,True
00-0036906,Khalil Herbert,RB,CHI,5300,5912,7.5393,7.5393,0.9867072978511008,0.8148677626876341,6.061873057451674,BAL,19.0,43.0,6.9632306988014,statline_mc,0.8476356865969461,13.254179186311626,0.0,0.0,0.0,9.585,34.5087205377058,0.156,1.851,1.4235,8.507510036810931,0.03975,44.588427057864706,0.6689154904833741,,classic,True
DST_CIN,Cincinnati,D,CIN,3600,7007,6.0563241135000005,6.0563241135000005,0.8581916459104677,0.9420875420875421,6.0563241135000005,LV,25.75,50.5,6.036,dst_simulated_session_10_4,0.0,0.0,0.0,0.0,0.0,0.0,0.0,0.0,0.0,0.0,0.0,0.0,49.77954360228199,1.594551192620347,,classic,True
00-0029293,Marvin Jones,WR,JAX,5700,5168,7.6113,7.6113,0.9609927801731896,0.825589706933524,6.0386915467158255,SF,19.25,45.0,6.59428096606663,statline_mc,1.0925993341709146,14.218950260148645,0.0,0.0,0.0,0.0,0.0,0.0,5.70125,3.32175,31.923165467158235,0.204,54.82609822050227,1.2064507417238028,,classic,True
00-0033009,Tyler Boyd,WR,CIN,5600,5455,6.2539,6.2539,0.8614844194265888,1.104360257326662,5.94988143899536,LV,25.75,50.5,6.800771592548004,statline_mc,0.9295205153315386,13.846718093506306,0.0,0.0,0.0,0.0,0.0,0.0,4.67425,3.0525,32.786314389953596,0.19775,70.16475331530627,3.354355947894431,,classic,True
DST_HOU,Houston,D,HOU,3000,7032,5.9243956155,5.9243956155,0.8394971486016561,0.8478787878787879,5.9243956155,TEN,17.0,44.5,6.1889,dst_simulated_session_10_4,0.0,0.0,0.0,0.0,0.0,0.0,0.0,0.0,0.0,0.0,0.0,0.0,56.40749796251019,2.4804895421350244,,classic,True
00-0033526,Samaje Perine,RB,CIN,5100,5538,4.9003,4.9003,1.0902117375085378,1.104360257326662,5.899898589099397,LV,25.75,50.5,6.696389205520945,statline_mc,0.7308411830377337,13.80040059253122,0.0,0.0,0.0,4.83875,24.362758150769086,0.16325,1.8615,1.42275,14.032477740224895,0.0725,65.2501318375761,2.6520937870124053,,classic,True
00-0036970,Kyle Pitts,TE,ATL,6400,4801,9.7387,9.7387,0.6935688884349038,0.8684774839170837,5.866098779528383,NE,20.25,47.5,6.010237553420191,statline_mc,1.2478740327865456,12.57500919540296,0.0,0.0,0.0,0.0,0.0,0.0,5.95225,3.7975,30.933487795283828,0.15425,68.80417870637919,2.154788670023688,,classic,True
DST_GB,Green Bay,D,GB,4000,7012,5.8572037439999995,5.8572037439999995,0.8299759437067837,0.9921985815602837,5.8572037439999995,MIN,24.5,48.0,5.9352,dst_simulated_session_10_4,0.0,0.0,0.0,0.0,0.0,0.0,0.0,0.0,0.0,0.0,0.0,0.0,34.96414017929911,0.593866193283104,,classic,True
00-0031941,Jamison Crowder,WR,NYJ,5700,5410,5.6559,5.6559,1.165422572216264,0.8791994281629736,5.795299313842809,MIA,20.5,44.5,6.701794629426439,statline_mc,0.8917593418314133,13.682845247762335,0.0,0.0,0.0,0.0,0.0,0.0,4.507,2.99275,32.329243138428076,0.1825,55.03230298418044,1.2231503225107474,,classic,True
DST_DET,Detroit,D,DET,3500,7011,5.794513155000001,5.794513155000001,0.8210925783602891,0.8402402402402402,5.794513155000001,CLE,14.75,42.5,6.1511,dst_simulated_session_10_4,0.0,0.0,0.0,0.0,0.0,0.0,0.0,0.0,0.0,0.0,0.0,0.0,26.019967400162997,0.32713595364595555,,classic,True
00-0036268,Laviska Shenault Jr.,WR,JAX,5400,5847,7.2964,7.2964,0.9609927801731896,0.825589706933524,5.788825814413186,SF,19.25,45.0,6.058796930094166,statline_mc,1.0620415571590704,12.828092730640774,0.0,0.0,0.0,1.139,4.471305711559304,0.0235,5.16675,3.1375,28.899452432572552,0.13125,52.37576709467446,1.0246256941374723,,classic,True
00-0035537,Ty Johnson,RB,NYJ,5200,5742,7.0341,7.0341,0.9353228602952766,0.8791994281629736,5.7844223737439044,MIA,20.5,44.5,6.532948376248074,statline_mc,1.0239063871869243,12.912279445913464,0.0,0.0,0.0,3.2815,10.049451832100804,0.06,4.17675,2.9035,23.272271905338233,0.11825,47.75013183757611,0.8258705553995379,,classic,True
00-0035229,T.J. Hockenson,TE,DET,5900,4749,9.1278,9.1278,0.9916476522847364,0.6325947105075054,5.725962958574046,CLE,14.75,42.5,5.434361507616141,statline_mc,1.2302797951305222,12.404353064309845,0.0,0.0,0.0,0.0,0.0,0.0,5.856,4.1165,26.187129585740458,0.18475,57.864664369859966,1.0391381815460847,,classic,True
00-0036980,Elijah Moore,WR,NYJ,5900,5927,5.5716,5.5716,1.165422572216264,0.8791994281629736,5.708892080213813,MIA,20.5,44.5,6.651383933910703,statline_mc,0.786355665621487,13.445792197177294,0.0,0.0,0.0,0.311,1.8241849763643285,0.0095,4.3075,2.4365,29.652235825773793,0.22025,55.62832947424668,1.2727308422239005,,classic,True
DST_MIN,Minnesota,D,MIN,3400,7017,5.582134462500001,5.582134462500001,0.790998148759566,0.9517006802721089,5.582134462500001,GB,23.5,48.0,5.9288,dst_simulated_session_10_4,0.0,0.0,0.0,0.0,0.0,0.0,0.0,0.0,0.0,0.0,0.0,0.0,43.75916870415648,1.0674087540441966,,classic,True
DST_IND,Indianapolis,D,IND,3200,7013,5.571249543,5.571249543,0.789455736760762,0.8181286549707603,5.571249543,BUF,21.0,49.5,6.1445,dst_simulated_session_10_4,0.0,0.0,0.0,0.0,0.0,0.0,0.0,0.0,0.0,0.0,0.0,0.0,48.71393643031785,1.4852035514918696,,classic,True
DST_ATL,Atlanta,D,ATL,3100,7002,5.490799348500001,5.490799348500001,0.7780558044688504,0.8556574923547401,5.490799348500001,NE,20.25,47.5,6.1319,dst_simulated_session_10_4,0.0,0.0,0.0,0.0,0.0,0.0,0.0,0.0,0.0,0.0,0.0,0.0,47.18296658516707,1.3410959840750196,,classic,True
DST_PIT,Pittsburgh,D,PIT,4000,7024,5.471975803500001,5.471975803500001,0.7753884754483623,0.879874213836478,5.471975803500001,LAC,21.0,47.5,6.0558,dst_simulated_session_10_4,0.0,0.0,0.0,0.0,0.0,0.0,0.0,0.0,0.0,0.0,0.0,0.0,22.723308883455584,0.26259124205847456,,classic,True
00-0032688,Robby Anderson,WR,CAR,5600,5502,4.5192,4.5192,1.199705352365459,0.9971408148677627,5.406187372903205,WAS,23.25,43.0,6.621953023745067,statline_mc,0.6379633388155916,12.83430067313208,0.0,0.0,0.0,0.0,0.0,0.0,4.35975,2.072,28.93687372903205,0.2505,54.05001700157062,1.1456177714657303,,classic,True
00-0036196,Gabriel Davis,WR,BUF,5000,5858,3.8187,3.8187,1.155057117971826,1.2223016440314511,5.391382627779341,IND,28.5,49.5,7.747726307870979,statline_mc,0.014908527066164483,13.92850973528132,0.0,0.0,0.0,0.0,0.0,0.0,2.545,1.58125,34.177576277793406,0.1995,69.38150714875565,3.183697868876053,,classic,True
00-0033681,Keelan Cole,WR,NYJ,5200,5570,5.2054,5.2054,1.165422572216264,0.8791994281629736,5.333685305764779,MIA,20.5,44.5,6.53756510440599,statline_mc,0.6700514243542435,12.675034375078459,0.0,0.0,0.0,0.0,0.0,0.0,3.9485,2.29,32.80185305764779,0.1545,48.21111093120032,0.7762222658194721,,classic,True
00-0034764,Michael Gallup,WR,DAL,5400,5634,4.7455,4.7455,0.9776696443353514,1.1472480343102216,5.32274724179947,KC,26.75,56.0,6.709737781844981,statline_mc,0.6149255629345125,12.326477142681918,0.0,0.0,0.0,0.037,0.24043526093561826,0.00125,3.791,2.2575,31.299537157059078,0.17625,68.33210544212179,2.9685786204194597,,classic,True
DST_DAL,Dallas,D,DAL,3700,7009,5.2683541515000005,5.2683541515000005,0.7465349336963009,0.7971509971509971,5.2683541515000005,KC,26.75,56.0,6.1473,dst_simulated_session_10_4,0.0,0.0,0.0,0.0,0.0,0.0,0.0,0.0,0.0,0.0,0.0,0.0,38.551752241238795,0.754328664515517,,classic,True
00-0034297,Byron Pringle,WR,KC,5300,5759,4.0804,4.0804,1.0288673101886177,1.2544674767691208,5.266524510937532,DAL,29.25,56.0,6.873626618112534,statline_mc,0.2483389922154362,13.029600721250775,0.0,0.0,0.0,0.0,0.0,0.0,2.77275,1.81225,31.558995109375314,0.2035,69.90539840347157,3.296856559253957,,classic,True
00-0034418,Cedrick Wilson,WR,DAL,4900,5766,4.6488,4.6488,0.9776696443353514,1.1472480343102216,5.214258246678912,KC,26.75,56.0,6.820240536842021,statline_mc,0.47200413200617664,12.62701641540725,0.0,0.0,0.0,0.08475,0.5897784074064518,0.00325,3.0525,1.94975,29.634054059382667,0.203,69.85528425006882,3.2858603266878967,,classic,True
00-0034816,Ronald Jones,RB,TB,5000,5617,3.5365,3.5365,1.1217359323280616,1.3080771979985704,5.189171238226141,NYG,30.5,49.5,6.671174831505015,statline_mc,0.33498974322868025,13.138143958854767,0.0,0.0,0.0,5.41175,33.239215116487976,0.209,0.44575,0.32025,4.241247265773436,0.01525,68.61678412196174,3.319429470609393,,classic,True
00-0035243,Miles Sanders,RB,PHI,6000,5714,6.7837,6.7837,0.774444386066306,0.9649749821300929,5.069557101863789,NO,22.5,42.5,5.0222374377506815,statline_mc,1.0375555124082767,11.050779610249577,0.0,0.0,0.0,5.18525,17.513282412999637,0.0675,3.342,2.53225,14.021038605638257,0.055,50.252768589098224,0.9758222986203103,,classic,True
00-0035685,David Montgomery,RB,CHI,6800,5713,6.2076,6.2076,0.9867072978511008,0.8148677626876341,4.991150491146157,BAL,19.0,43.0,5.7009437001435925,statline_mc,0.5628774385677795,11.883164062495927,0.0,0.0,0.0,7.268,25.576774439442968,0.1975,1.3775,1.01575,6.540980472018602,0.029,46.99038784217844,0.7850822182763987,,classic,True
00-0033925,D'Onta Foreman,RB,TEN,6200,5539,3.9036,3.9036,1.068670204381863,1.1794138670478913,4.920085760525153,HOU,27.5,44.5,6.020838334565951,statline_mc,0.5147944790262325,11.56158482374695,0.0,0.0,0.0,4.25775,21.370315939466227,0.12725,1.46175,1.08775,12.246791665785299,0.05075,60.960856225130634,1.992515137388539,,classic,True
00-0028002,Randall Cobb,WR,GB,5400,5125,4.1274,4.1274,1.1140943784206598,1.0507505360972123,4.831691520865661,MIN,24.5,48.0,6.278753593121401,statline_mc,0.38268763566012065,11.889908399475818,0.0,0.0,0.0,0.0,0.0,0.0,2.85725,1.853,26.816915208656617,0.20775,60.58444923007173,1.771050450023911,,classic,True
00-0032980,Marcus Johnson,WR,TEN,5600,5587,3.9796,3.9796,1.0277155930503468,1.1794138670478913,4.823684179802252,HOU,27.5,44.5,6.26393213658485,statline_mc,0.3705410483890659,11.768060286309062,0.0,0.0,0.0,0.166,1.079473356290473,0.0065,2.94475,1.67225,29.551118441732044,0.15125,61.31503100762642,1.8594454478921019,,classic,True
00-0032392,Austin Hooper,TE,CLE,5300,4677,4.9617,4.9617,0.8139260363655552,1.1901358112937812,4.806358658724546,DET,27.75,42.5,5.159848526667619,statline_mc,0.6933115509139002,11.259711732594344,0.0,0.0,0.0,0.0,0.0,0.0,3.8315,2.5635,23.60108658724547,0.202,68.7952878417426,2.1535118528356545,,classic,True
00-0027061,Jared Cook,TE,LAC,5000,4437,5.0535,5.0535,0.8344906569652168,1.1365260900643317,4.792835027028036,PIT,26.5,47.5,5.308908346723028,statline_mc,0.6988651563300481,11.057087774909279,0.0,0.0,0.0,0.0,0.0,0.0,3.8495,2.428,25.053350270280355,0.18625,72.36233051789287,2.731641674852036,,classic,True
00-0032464,Kalif Raymond,WR,DET,5300,5520,7.0181,7.0181,1.0486384543956004,0.6325947105075054,4.655533647293481,CLE,14.75,42.5,5.424112463824237,statline_mc,0.7926158137323396,10.570497468313762,0.0,0.0,0.0,0.15375,0.8140297609112073,0.00425,4.504,2.845,23.736306712023605,0.13175,39.687737819589046,0.4397533625486581,,classic,True
00-0032104,Ameer Abdullah,RB,CAR,4900,2995,4.7858,4.7858,0.9688435874533704,0.9971408148677627,4.6234698992494705,WAS,23.25,43.0,5.542972850806564,statline_mc,0.7306587416212701,10.2553411659082,0.0,0.0,0.0,2.382,8.56606140452319,0.05225,3.172,2.39925,18.68738758797151,0.07375,51.33803154513639,1.0490406538281276,,classic,True
00-0031273,Cameron Brate,TE,TB,4800,4648,3.0489,3.0489,1.155515208010461,1.3080771979985704,4.60838914173187,NYG,30.5,49.5,5.65083179005099,statline_mc,0.23743795820301838,11.105347065858542,0.0,0.0,0.0,0.0,0.0,0.0,2.8315,1.65375,25.215141417318694,0.21375,78.49980551233607,4.112650759193168,,classic,True
00-0031045,Carlos Hyde,RB,JAX,5200,2933,5.5617,5.5617,1.002994798507855,0.825589706933524,4.605457184703329,SF,19.25,45.0,5.0315438551146325,statline_mc,0.6845732547870289,10.650213022910336,0.0,0.0,0.0,6.9235,22.048780657738337,0.11,1.89225,1.347,8.885791189294952,0.04575,44.05184812311232,0.6454100175893922,,classic,True
00-0036326,Chase Claypool,WR,PIT,6200,5861,7.0677,7.0677,0.7205910228447893,0.9006433166547534,4.5868993144079955,LAC,21.0,47.5,5.309066249103073,statline_mc,0.6841737823270826,10.555190330079528,0.0,0.0,0.0,0.7945,2.9142033498918667,0.01225,4.40125,2.51,23.389789794188086,0.112,56.92639939118185,1.3877765413773064,,classic,True
DST_NYG,New York G,D,NYG,3400,7020,4.5836681625,4.5836681625,0.6495137398467247,0.7644808743169399,4.5836681625,TB,19.0,49.5,6.0594,dst_simulated_session_10_4,0.0,0.0,0.0,0.0,0.0,0.0,0.0,0.0,0.0,0.0,0.0,0.0,26.67522412387938,0.3417432166220429,,classic,True
00-0033885,David Njoku,TE,CLE,4900,4702,4.7146,4.7146,0.8139260363655552,1.1901358112937812,4.566950156770004,DET,27.75,42.5,5.535277658205418,statline_mc,0.36101835836217033,10.98251519252592,0.0,0.0,0.0,0.0,0.0,0.0,2.926,1.9915,26.52200156770005,0.158,66.52256056901533,1.8507385543079806,,classic,True
00-0033881,Evan Engram,TE,NYG,5300,4701,4.914,4.914,1.1375482236970724,0.8148677626876341,4.555034501321876,TB,19.0,49.5,5.20291272708263,statline_mc,0.6214371289034926,10.701950498774808,0.0,0.0,0.0,0.0,0.0,0.0,3.6265,2.511,22.240345013218764,0.185,63.5653756390309,1.5195878031896646,,classic,True
00-0034414,Boston Scott,RB,PHI,5700,5624,6.0386,6.0386,0.774444386066306,0.9649749821300929,4.512758195650693,NO,22.5,42.5,5.4107940983425955,statline_mc,0.4940928784471583,10.99365108804155,0.0,0.0,0.0,6.3525,22.229932471815037,0.18875,1.37175,1.0075,5.870149484691893,0.0255,46.42923917733353,0.7562549372857694,,classic,True
00-0034367,Nyheim Hines,RB,IND,5200,5623,6.937,6.937,0.7219040613670993,0.9006433166547534,4.510271035177448,BUF,21.0,49.5,4.709508662689164,statline_mc,0.8791373464315461,9.95173911878287,0.0,0.0,0.0,2.99425,8.477298067871295,0.06925,4.10575,2.8845,15.457912283903173,0.0535,51.78256388129824,1.080594737656968,,classic,True
00-0036963,Amon-Ra St. Brown,WR,DET,5500,5928,6.7366,6.7366,1.0486384543956004,0.6325947105075054,4.468818493039693,CLE,14.75,42.5,4.685303291516816,statline_mc,0.7907901175213677,10.360529475497803,0.0,0.0,0.0,0.0,0.0,0.0,4.67425,3.06,23.52318493039693,0.10325,41.31025437588044,0.48998844074422254,,classic,True
00-0031763,DeAndre Carter,WR,WAS,5500,5654,6.6158,6.6158,0.7906768497656976,0.8470335954253038,4.430802788557485,CAR,19.75,43.0,5.184980440209844,statline_mc,0.6202048865605558,10.414998467775625,0.0,0.0,0.0,0.609,2.279114989026644,0.01175,4.06025,2.317,21.77891289654821,0.138,45.46568111530303,0.6463946624363869,,classic,True
00-0031325,Sammy Watkins,WR,BAL,5300,5252,3.6646,3.6646,1.1624664982280353,1.0293066476054324,4.3847728962874095,CHI,24.0,43.0,5.8955095749424835,statline_mc,0.2646285246633109,10.817262961730302,0.0,0.0,0.0,0.0,0.0,0.0,2.90025,1.64025,28.3564789628741,0.1245,48.98670639097135,0.8174136482834741,,classic,True
00-0036427,Tyler Johnson,WR,TB,5100,5846,3.3089,3.3089,1.0130503948230316,1.3080771979985704,4.3847425360341,NYG,30.5,49.5,5.989342516606006,statline_mc,0.19330852649767,10.69016133556267,0.0,0.0,0.0,0.0,0.0,0.0,2.7525,1.682,27.487425360341,0.13625,63.90505837205913,2.2098989443335793,,classic,True
00-0034351,Dallas Goedert,TE,PHI,5700,4725,6.364,6.364,0.7121852818198607,0.9649749821300929,4.373622164224479,NO,22.5,42.5,4.7672119488088125,statline_mc,0.6812847911216808,9.8424018139697,0.0,0.0,0.0,0.0,0.0,0.0,3.7735,2.6275,22.923721642244775,0.1335,60.16587019337631,1.2114347725584786,,classic,True
00-0033251,Zach Pascal,WR,IND,5400,5647,6.6541,6.6541,0.7225105514085741,0.9006433166547534,4.330013425441406,BUF,21.0,49.5,4.953373793115555,statline_mc,0.6961220424221539,10.044115187881811,0.0,0.0,0.0,0.0,0.0,0.0,4.635,2.778,20.925134254414065,0.14675,54.51857219190725,1.1819682325349996,,classic,True
00-0032187,David Johnson,RB,HOU,5500,5395,6.7204,6.7204,0.8790521725424262,0.7290922087205146,4.307194277289836,TEN,17.0,44.5,4.50517462694741,statline_mc,0.8240596550957643,9.723888039617002,0.0,0.0,0.0,3.4785,8.39842107053941,0.046,3.7835,2.80725,14.39727170235896,0.069,40.89769404094156,0.5230143294244036,,classic,True
00-0036247,Freddie Swain,WR,SEA,4900,5853,4.0807,4.0807,0.997502213456375,1.0400285918513223,4.233439772380043,ARI,24.25,46.0,5.6135568041443475,statline_mc,0.3838454258030592,10.142968683153093,0.0,0.0,0.0,0.23175,1.4730497748252045,0.0065,3.0715,1.818,21.891347948975227,0.163,55.96431289366732,1.301560274632467,,classic,True
00-0033308,Matt Breida,RB,BUF,5400,5567,4.4774,4.4774,0.7702937004150685,1.2223016440314511,4.215578099692628,IND,28.5,49.5,5.066967532274765,statline_mc,0.3757346854787939,10.385094363950952,0.0,0.0,0.0,4.17025,16.839192401411996,0.1345,1.52425,1.17325,8.585338595514287,0.05525,61.29164868881538,2.0369438254167163,,classic,True
00-0036219,Marquez Callaway,WR,NO,5800,5877,6.1734,6.1734,0.7922662194165113,0.8577555396711937,4.195273082445683,PHI,20.0,42.5,4.817039318451292,statline_mc,0.5877587082050462,9.898840485466717,0.0,0.0,0.0,0.0,0.0,0.0,4.068,2.347,20.397730824456833,0.168,44.501449181495815,0.6061503883545311,,classic,True
00-0031376,Jerick McKinnon,RB,KC,5200,2935,3.8639,3.8639,0.8632375348079651,1.2544674767691208,4.184242009199876,DAL,29.25,56.0,5.530298598927441,statline_mc,0.5170647162738284,9.810766680338439,0.0,0.0,0.0,1.591,7.160821361369593,0.0415,2.83175,1.98375,18.15784873062916,0.07575,63.61270914233665,2.3778290875085073,,classic,True
00-0035215,Deonte Harris,WR,NO,5400,5760,6.1304,6.1304,0.7922662194165113,0.8577555396711937,4.166030759383979,PHI,20.0,42.5,5.249049240873112,statline_mc,0.5449428790795439,9.778920588564688,0.0,0.0,0.0,0.402,1.525359031442957,0.0075,3.35025,2.14275,22.891198562396827,0.10575,41.8193299761978,0.506903258558673,,classic,True
00-0030456,Giovani Bernard,RB,TB,4900,2889,2.8292,2.8292,1.1217359323280616,1.3080771979985704,4.151283254739189,NYG,30.5,49.5,5.806196829351444,statline_mc,0.20186085155434755,10.207480765860334,0.0,0.0,0.0,1.38925,9.524010728621812,0.05675,1.854,1.426,14.818821818770079,0.1165,67.04815667098134,2.98983367438832,,classic,True
00-0036264,Jordan Love,QB,GB,6100,1571,3.9443,3.9443,0.9981889349309911,1.0507505360972123,4.136954041497878,MIN,24.5,48.0,3.6618836875240612,statline_mc,0.7889841774790065,8.872468747976173,8.19625,57.540814503263,0.34675,1.3095,5.135714613673583,0.05425,0.0,0.0,0.0,0.0,41.9202805301763,0.4559602682373762,,classic,True
00-0032063,Mike Davis,RB,ATL,5300,5320,4.7711,4.7711,0.9939578626595912,0.8684774839170837,4.118558840445176,NE,20.25,47.5,4.525358899868047,statline_mc,0.6554998999721077,9.74973886487582,0.0,0.0,0.0,5.47075,16.81470946801393,0.0965,2.065,1.51425,8.909628936437826,0.0475,44.82022148712786,0.6793324956056672,,classic,True
00-0034411,Russell Gage,WR,ATL,5600,5680,5.2258,5.2258,0.8921200953045932,0.8684774839170837,4.048891863038391,NE,20.25,47.5,4.695624378953142,statline_mc,0.5954099389987971,10.00494796674535,0.0,0.0,0.0,0.0,0.0,0.0,3.8325,2.3105,20.786418630383917,0.14025,49.856255768390035,0.8661994784570513,,classic,True
00-0025394,Adrian Peterson,RB,TEN,5700,2553,3.2064,3.2064,1.068670204381863,1.1794138670478913,4.0413067085753225,HOU,27.5,44.5,4.986531732311241,statline_mc,0.27868445032077893,10.06777152687067,0.0,0.0,0.0,3.699,16.640924717227087,0.14775,1.1975,0.90525,8.375892368526134,0.04125,54.44124838199338,1.2901483425167248,,classic,True
00-0029608,T.Y. Hilton,WR,IND,5700,5151,6.1995,6.1995,0.7225105514085741,0.9006433166547534,4.034135649640396,BUF,21.0,49.5,4.858573089069617,statline_mc,0.596443361195142,9.441225178604103,0.0,0.0,0.0,0.018,0.08682687673038046,0.0005,4.27325,2.4185,21.192029619673576,0.12,54.31989669521851,1.1664162448108437,,classic,True
00-0034407,Ray-Ray McCloud,WR,PIT,5400,5665,6.1259,6.1259,0.7205910228447893,0.9006433166547534,3.9756668114916294,LAC,21.0,47.5,4.529111482857293,statline_mc,0.6577295500778848,9.140548833321573,0.0,0.0,0.0,0.16975,0.7509437855474395,0.0025,4.20325,2.759,19.015724329368854,0.106,49.939644424294436,0.8710283023421018,,classic,True
00-0036554,Nico Collins,WR,HOU,5200,5932,4.0996,4.0996,1.3198678404583837,0.7290922087205146,3.9451076693319846,TEN,17.0,44.5,4.913765791634265,statline_mc,0.3403158368312862,9.61988580968602,0.0,0.0,0.0,0.0,0.0,0.0,2.9805,1.87,23.361076693319845,0.1165,38.177917388558754,0.39764487563036627,,classic,True
00-0034844,Saquon Barkley,RB,NYG,7000,5614,5.2593,5.2593,0.9147270530131876,0.8148677626876341,3.9202049624645463,TB,19.0,49.5,4.495853899035875,statline_mc,0.5150109312458686,9.54440245753468,0.0,0.0,0.0,4.58375,13.432635957672433,0.10725,2.069,1.50775,9.68566366697303,0.046,51.10659667289899,1.0329792388549455,,classic,True
00-0034765,Tre'Quan Smith,WR,NO,5700,5639,5.7324,5.7324,0.7922662194165113,0.8577555396711937,3.895571207151561,PHI,20.0,42.5,4.841328219891815,statline_mc,0.5471726775251874,9.323839621977363,0.0,0.0,0.0,0.0,0.0,0.0,3.68325,2.2505,19.20321207151562,0.147,41.852442558979256,0.508023486298967,,classic,True
00-0030513,Latavius Murray,RB,BAL,5700,2899,3.9437,3.9437,0.9520306835496244,1.0293066476054324,3.8645597221436336,CHI,24.0,43.0,4.872020694933725,statline_mc,0.2606677203365399,9.831780042040737,0.0,0.0,0.0,4.81125,17.619370483913546,0.188,0.923,0.68625,5.434976737522786,0.02475,45.96696869456829,0.7333041143246352,,classic,True
00-0036988,Josh Palmer,WR,LAC,4900,5929,3.266,3.266,1.02733168733759,1.1365260900643317,3.8133663891561227,PIT,26.5,47.5,5.11977808058758,statline_mc,0.011485212675626973,9.787883688589568,0.0,0.0,0.0,0.0,0.0,0.0,2.52675,1.57,22.42866389156123,0.13425,57.856385304166196,1.4765405962516758,,classic,True
00-0033895,Gerald Everett,TE,SEA,5000,4705,6.9064,6.9064,0.5299178023997018,1.0400285918513223,3.806316729845489,ARI,24.25,46.0,3.8635612288686167,statline_mc,0.7047821974398555,8.637249697852539,0.0,0.0,0.0,0.0,0.0,0.0,4.05725,3.01875,16.509417298454892,0.11425,64.41667592798399,1.6083237194589182,,classic,True
00-0033879,O.J. Howard,TE,TB,4500,4700,2.4628,2.4628,1.155515208010461,1.3080771979985704,3.7225932150019334,NYG,30.5,49.5,5.263475991238654,statline_mc,0.0,9.471102196241857,0.0,0.0,0.0,0.0,0.0,0.0,2.0005,1.342,21.155932150019332,0.1595,70.99980551233607,2.494448778141095,,classic,True
00-0032780,Jordan Howard,RB,PHI,5900,5447,4.9629,4.9629,0.774444386066306,0.9649749821300929,3.708834793473148,NO,22.5,42.5,5.385687945637235,statline_mc,0.1918061316710064,9.700206230278342,0.0,0.0,0.0,6.899,23.237126829290077,0.197,0.29475,0.21725,1.2549711054414052,0.00775,42.99786662831391,0.6016166016191811,,classic,True
00-0036331,Devin Duvernay,WR,BAL,5100,5841,3.0936,3.0936,1.1624664982280353,1.0293066476054324,3.7015505544744753,CHI,24.0,43.0,5.191608184559764,statline_mc,0.0,9.773360827789707,0.0,0.0,0.0,0.35275,2.2668459659772013,0.01,2.149,1.42475,18.799909578767547,0.14075,43.88736864262698,0.581836463846331,,classic,True
00-0034272,Marquez Valdes-Scantling,WR,GB,5200,5656,3.1507,3.1507,1.1140943784206598,1.0507505360972123,3.688357128988524,MIN,24.5,48.0,5.400526427214833,statline_mc,0.027742204455182783,9.566446663925166,0.0,0.0,0.0,0.0,0.0,0.0,2.56225,1.4095,21.466071289885235,0.1425,50.81623730954193,0.9234475434083478,,classic,True
00-0034972,Alexander Mattison,RB,MIN,5500,5720,4.2465,4.2465,0.8549361635054905,1.0078627591136526,3.659023962438606,GB,23.5,48.0,4.239209450215916,statline_mc,0.46288019697172433,8.955045203278885,0.0,0.0,0.0,4.979,16.08442510879978,0.07375,1.5545,1.22975,8.172064515586278,0.0415,49.347403998274125,0.9186662219371905,,classic,True
00-0036913,Kadarius Toney,WR,NYG,5500,5931,4.3606,4.3606,1.0250282530610482,0.8148677626876341,3.6422728505832405,TB,19.0,49.5,4.498755702275213,statline_mc,0.3144032965966081,8.726167811859652,0.0,0.0,0.0,0.32275,1.5856752313547047,0.0065,2.857,1.955,20.202053274477702,0.07825,46.70392169562331,0.7020184051360863,,classic,True
00-0026035,Danny Amendola,WR,HOU,5100,3851,3.7656,3.7656,1.3198678404583837,0.7290922087205146,3.6236819313865554,TEN,17.0,44.5,4.941617734974233,statline_mc,0.21083291125114348,9.054499663047798,0.0,0.0,0.0,0.0,0.0,0.0,3.02125,1.8125,19.729319313865556,0.127,36.15804983888987,0.3475475527338909,,classic,True
00-0035208,Olamide Zaccheaus,WR,ATL,5300,5799,4.6396,4.6396,0.8921200953045932,0.8684774839170837,3.59472671909526,NE,20.25,47.5,4.545287396465086,statline_mc,0.3061674525249317,9.268304228829036,0.0,0.0,0.0,0.0,0.0,0.0,3.23025,1.82125,18.011017190952597,0.15175,43.82976570216487,0.5796063824826928,,classic,True
00-0033555,Mack Hollins,WR,MIA,5200,5578,3.346,3.346,1.0152002668144704,1.0293066476054324,3.496420023343728,NYJ,24.0,44.5,4.794259772972137,statline_mc,0.016125973931627978,9.16447349633092,0.0,0.0,0.0,0.0,0.0,0.0,2.5415,1.47175,19.220450233437273,0.1425,43.0614161498729,0.5506646035217921,,classic,True
00-0035594,Travis Homer,RB,SEA,5000,5738,3.7732,3.7732,0.8818893500761833,1.0400285918513223,3.4607181640373086,ARI,24.25,46.0,4.180476850664002,statline_mc,0.33807270291629626,8.421180949694305,0.0,0.0,0.0,2.087,8.638923334509181,0.04975,2.00125,1.59275,12.609508305863903,0.046,48.89639963564888,0.8914558402405831,,classic,True
00-0033466,Isaiah McKenzie,WR,BUF,4700,5574,2.4359,2.4359,1.155057117971826,1.2223016440314511,3.439094272171279,IND,28.5,49.5,5.948992394109759,statline_mc,0.0,9.003948305971912,0.0,0.0,0.0,0.87675,6.888781475074519,0.04125,1.5125,0.9185,15.004661246638273,0.095,65.1099839699477,2.3947411869769724,,classic,True
00-0033932,Kenny Golladay,WR,NYG,5800,5554,4.0669,4.0669,1.0250282530610482,0.8148677626876341,3.3969012187643446,TB,19.0,49.5,5.115312652657625,statline_mc,0.12383009805272609,8.341046545208414,0.0,0.0,0.0,0.0,0.0,0.0,2.79,1.681,20.664012187643443,0.08475,47.26683560290808,0.7288640422494975,,classic,True
00-0030068,Marquise Goodwin,WR,CHI,5100,5205,4.232,4.232,0.9701297361368048,0.8148677626876341,3.345550056435446,BAL,19.0,43.0,4.156836961147792,statline_mc,0.3156225571605317,8.442299102327388,0.0,0.0,0.0,0.0,0.0,0.0,3.1635,1.78875,18.911750564354456,0.09625,33.21977363623115,0.28572117361972393,,classic,True
00-0033858,Jonnu Smith,TE,NE,4500,4706,2.9109,2.9109,0.9721653801376882,1.1686919228020014,3.3072841258178656,ATL,27.25,47.5,4.039840561559809,statline_mc,0.0,8.464043897966706,0.0,0.0,0.0,0.0,0.0,0.0,2.463,1.5765,17.290341258178653,0.136,63.26044676594799,1.489008592640083,,classic,True
00-0036857,Chris Evans,RB,CIN,4600,5921,2.7369,2.7369,1.0902117375085378,1.104360257326662,3.2952151934000966,LV,25.75,50.5,5.020755952331893,statline_mc,0.04835178128920512,8.321763701683984,0.0,0.0,0.0,1.0815,5.27036946414884,0.0345,1.6995,1.34375,14.878032469852121,0.07125,63.43640634738002,2.350044827847011,,classic,True
00-0036182,Nick Westbrook,WR,TEN,5300,5871,2.7143,2.7143,1.0277155930503468,1.1794138670478913,3.2899799439860278,HOU,27.5,44.5,5.1988371842801,statline_mc,0.0,8.55129110916053,0.0,0.0,0.0,0.0,0.0,0.0,2.02325,1.2745,19.272299439860276,0.12325,49.29516345795755,0.8343968033866931,,classic,True
00-0036345,K.J. Osborn,WR,MIN,5200,5859,3.8274,3.8274,0.8309639152624116,1.0078627591136526,3.2054269784820217,GB,23.5,48.0,4.534693320210327,statline_mc,0.008998688113852682,8.277030464482852,0.0,0.0,0.0,0.0,0.0,0.0,2.5215,1.646,17.974269784820216,0.1005,45.464466717401514,0.6463423325332855,,classic,True
00-0027981,Kyle Rudolph,TE,NYG,4300,4537,3.4188,3.4188,1.1375482236970724,0.8148677626876341,3.169058436704403,TB,19.0,49.5,4.057558994231148,statline_mc,0.0,8.142540404339163,0.0,0.0,0.0,0.0,0.0,0.0,2.544,1.71275,15.766834367044034,0.127,52.9403756390309,0.7483427250580391,,classic,True
00-0035308,Tommy Sweeney,TE,BUF,4300,4752,1.9707,1.9707,1.296545211386035,1.2223016440314511,3.1231736882056373,IND,28.5,49.5,4.632309726772727,statline_mc,0.0,8.608367496439588,0.0,0.0,0.0,0.0,0.0,0.0,1.56225,1.0845,16.81423688205637,0.152,66.47324405423427,1.8446637477051,,classic,True
00-0036383,Eno Benjamin,RB,ARI,5100,5915,2.5582,2.5582,1.2720012609677929,0.9328091493924232,3.035408935360766,SEA,21.75,46.0,4.488328724621608,statline_mc,0.12267123215469031,8.339202364373447,0.0,0.0,0.0,3.75725,18.127646827570196,0.13425,0.36475,0.264,2.601442526037462,0.0125,42.01747447145117,0.5635527220765862,,classic,True
00-0036110,Ja'Marcus Bradley,WR,CLE,4700,5897,2.5798,2.5798,0.9874054932108676,1.1901358112937812,3.0316580367172925,DET,27.75,42.5,4.39813009710701,statline_mc,0.0,8.39384507221902,0.0,0.0,0.0,0.08175,0.39573061551950367,0.00275,1.9925,1.19875,17.847099751653424,0.10075,51.48342751663725,0.9654490628739351,,classic,True
00-0033891,Zay Jones,WR,LV,5000,5557,2.7926,2.7926,1.0163519839527413,1.0614724803431022,3.012761873704031,CIN,24.75,50.5,4.751223407946199,statline_mc,0.0,8.1160772343517,0.0,0.0,0.0,0.0,0.0,0.0,1.952,1.15575,18.05886873704031,0.1075,52.7527162033064,1.0507007368654542,,classic,True
00-0036387,Jalen Reagor,WR,PHI,5000,5834,2.7194,2.7194,1.141351684026403,0.9649749821300929,2.995127415600264,NO,22.5,42.5,4.569912471734506,statline_mc,0.0,8.07776168217642,0.0,0.0,0.0,0.5885,3.9053548270548433,0.0145,1.91875,1.19275,13.357169328947801,0.10025,37.20154147573633,0.37258589698359085,,classic,True
00-0033896,Adam Shaheen,TE,MIA,4600,4709,2.5879,2.5879,1.1234776938130933,1.0293066476054324,2.9925994860143623,NYJ,24.0,44.5,4.030019643274268,statline_mc,0.0,8.237043168202637,0.0,0.0,0.0,0.0,0.0,0.0,2.027,1.3655,16.308494860143625,0.11625,54.984579906645926,0.8576030494676828,,classic,True
00-0036654,Demetric Felton,RB,CLE,4800,5952,2.008,2.008,1.2446802921242053,1.1901358112937812,2.9745934280448934,DET,27.75,42.5,4.858756247512962,statline_mc,0.0,8.288184668101847,0.0,0.0,0.0,0.65275,4.230750871004002,0.02725,1.329,1.056,14.655183409444929,0.0695,49.91382616616328,0.9540197153512625,,classic,True
00-0034798,Durham Smythe,TE,MIA,4700,4737,2.4985,2.4985,1.1234776938130933,1.0293066476054324,2.8892320301068337,NYJ,24.0,44.5,3.958108673729997,statline_mc,0.0,7.985449458665209,0.0,0.0,0.0,0.0,0.0,0.0,1.87175,1.2755,16.52482030106834,0.103,55.55276172482774,0.8907111013683442,,classic,True
00-0030669,Albert Wilson,WR,MIA,5100,5339,2.6396,2.6396,1.0152002668144704,1.0293066476054324,2.7582951683254415,NYJ,24.0,44.5,4.0750580852532945,statline_mc,0.0,7.66755316643115,0.0,0.0,0.0,0.38475,2.129524214870225,0.0135,1.79775,1.09325,14.642177468384187,0.07825,39.58459495781992,0.43673990695091364,,classic,True
00-0032977,Rashard Higgins,WR,CLE,5000,5475,2.3347,2.3347,0.9874054932108676,1.1901358112937812,2.743656578610594,DET,27.75,42.5,4.13380217066208,statline_mc,0.0,7.735215517018936,0.0,0.0,0.0,0.0,0.0,0.0,1.89175,1.08825,16.01031578610594,0.10175,44.36422221862401,0.6006303317518795,,classic,True
00-0035535,Darius Slayton,WR,NYG,5400,5767,3.2804,3.2804,1.0250282530610482,0.8148677626876341,2.7399636521788633,TB,19.0,49.5,3.8692794159696238,statline_mc,0.0,7.443446135076266,0.0,0.0,0.0,0.0,0.0,0.0,2.42225,1.31825,15.238386521788636,0.09525,40.54498129827232,0.4656170873294829,,classic,True
00-0027948,Blaine Gabbert,QB,TB,6000,1381,2.322,2.322,0.8995651006542554,1.3080771979985704,2.7322560018564257,NYG,30.5,49.5,3.27570492830552,statline_mc,0.1727608011327146,7.054352072786925,3.14575,27.63521902776752,0.1625,2.04325,8.423472407457256,0.08075,0.0,0.0,0.0,0.0,52.378394029082486,0.9156308133656971,,classic,True
00-0032398,Chris Moore,WR,HOU,4900,5479,2.8106,2.8106,1.3198678404583837,0.7290922087205146,2.704624423463675,TEN,17.0,44.5,4.068985238874323,statline_mc,0.0,7.629781231922009,0.0,0.0,0.0,0.0,0.0,0.0,1.83275,1.23275,15.38249423463675,0.09425,34.66798361372432,0.31468236018344686,,classic,True
00-0035414,Jalen Guyton,WR,LAC,4700,5801,2.3159,2.3159,1.02733168733759,1.1365260900643317,2.7040068662187275,PIT,26.5,47.5,4.071432398412443,statline_mc,0.0,7.398765639504289,0.0,0.0,0.0,0.0,0.0,0.0,1.926,1.05425,16.733818662187275,0.08575,53.81665020482845,1.1279324239733004,,classic,True
00-0033455,Anthony Firkser,TE,TEN,4400,4738,1.6211,1.6211,1.374582534819488,1.1794138670478913,2.6281258045252462,HOU,27.5,44.5,4.002626278207283,statline_mc,0.0,7.753523257540665,0.0,0.0,0.0,0.0,0.0,0.0,1.40125,0.9445,15.203758045252464,0.10825,55.47066014669927,0.8858491667845158,,classic,True
00-0030108,Ryan Griffin,TE,NYJ,4600,4592,2.6786,2.6786,1.1143859668111378,0.8791994281629736,2.624439441967916,MIA,20.5,44.5,3.449735426696622,statline_mc,0.0,7.457812975441558,0.0,0.0,0.0,0.0,0.0,0.0,2.171,1.3235,12.946894419679152,0.1145,48.62802845076684,0.5613649613908979,,classic,True
00-0034052,Brandon Zylstra,WR,CAR,4800,5677,2.1675,2.1675,1.199705352365459,0.9971408148677627,2.59289525348958,WAS,23.25,43.0,3.9922136041274627,statline_mc,0.0,7.404757185144595,0.0,0.0,0.0,0.0,0.0,0.0,1.47225,0.986,15.888952534895799,0.08675,40.20895739892162,0.45530248580994664,,classic,True
00-0032128,Chris Conley,WR,HOU,5000,5385,2.6814,2.6814,1.3198678404583837,0.7290922087205146,2.580319313410255,TEN,17.0,44.5,3.856964576071345,statline_mc,0.0,7.188551202849552,0.0,0.0,0.0,0.0,0.0,0.0,1.88,1.10725,15.691943134102544,0.07875,31.754076328956103,0.2591231066559312,,classic,True
00-0030181,Jack Doyle,TE,IND,4600,4594,4.1284,4.1284,0.682961873599289,0.9006433166547534,2.5394108381247142,BUF,21.0,49.5,3.114484188983811,statline_mc,0.07628665109937892,7.012511581471985,0.0,0.0,0.0,0.0,0.0,0.0,2.6785,1.72125,10.937858381247143,0.101,55.32757279395422,0.877439088936447,,classic,True
00-0035631,Drew Sample,TE,CIN,4100,4756,1.5773,1.5773,1.4481822295972244,1.104360257326662,2.5225244288655366,LV,25.75,50.5,4.16567125562561,statline_mc,0.0,7.553902148265369,0.0,0.0,0.0,0.0,0.0,0.0,1.288,0.84,14.535244288655365,0.11,69.08257390531229,2.1951542858141595,,classic,True
00-0034676,James Washington,WR,PIT,5200,5635,3.8516,3.8516,0.7205910228447893,0.9006433166547534,2.4996817994438247,LAC,21.0,47.5,3.2952147487634096,statline_mc,0.015438895888772093,6.811937610231005,0.0,0.0,0.0,0.34025,1.156773770301777,0.005,2.49025,1.4785,11.882544224136472,0.0745,37.72110137793682,0.3857173834142843,,classic,True
00-0032257,Duke Johnson,RB,MIA,4500,2997,1.4214,1.4214,1.6723585351757473,1.0293066476054324,2.446745036387916,NYJ,24.0,44.5,3.6719191687550063,statline_mc,0.0,7.336504602225769,0.0,0.0,0.0,1.49875,10.727952358848924,0.071,0.59025,0.4345,5.806998005030235,0.02825,52.69068507598639,1.148036378013976,,classic,True
00-0035329,Donald Parham,TE,LAC,4600,4787,2.5612,2.5612,0.8344906569652168,1.1365260900643317,2.429083324292608,PIT,26.5,47.5,3.611274853252991,statline_mc,0.0,7.235150966685966,0.0,0.0,0.0,0.0,0.0,0.0,1.65,1.13625,11.909583242926084,0.1145,58.555512336074685,1.0881165100091252,,classic,True
00-0034867,Malik Turner,WR,DAL,4700,5702,2.1575,2.1575,0.9776696443353514,1.1472480343102216,2.4199283590302376,KC,26.75,56.0,3.8604019348812195,statline_mc,0.0,7.369742079568163,0.0,0.0,0.0,0.011,0.0465014399094082,0.0,1.653,1.01625,13.13153215039297,0.10175,57.83541670039994,1.4744779719521128,,classic,True
00-0037005,Tommy Tremble,TE,CAR,4400,4806,2.2322,2.2322,1.0671955742771773,0.9971408148677627,2.375407330298566,WAS,23.25,43.0,3.2703914450341647,statline_mc,0.0,7.112917174954196,0.0,0.0,0.0,0.0,0.0,0.0,1.79325,1.13775,11.840323302985656,0.107,44.53767503889753,0.42738319441724915,,classic,True
00-0026189,DeSean Jackson,WR,LV,5300,3770,2.2007,2.2007,1.0163519839527413,1.0614724803431022,2.374177099806636,CIN,24.75,50.5,4.258510980341863,statline_mc,0.0,6.961229148966845,0.0,0.0,0.0,0.0,0.0,0.0,1.32625,0.77525,15.61052099806636,0.0725,47.852053951650774,0.7578623495307529,,classic,True
00-0033460,John Ross,WR,NYG,5200,5558,2.7935,2.7935,1.0250282530610482,0.8148677626876341,2.3333155827540457,TB,19.0,49.5,3.6772199166291926,statline_mc,0.0,6.610289278625571,0.0,0.0,0.0,0.0,0.0,0.0,1.822,1.0355,13.590655827540456,0.07775,35.114517722113376,0.3241909487722185,,classic,True
00-0032778,Tajae Sharpe,WR,ATL,5000,5461,3.002,3.002,0.8921200953045932,0.8684774839170837,2.325889722558771,NE,20.25,47.5,3.156669426142156,statline_mc,0.0,6.021191251325964,0.0,0.0,0.0,0.0,0.0,0.0,2.07825,1.4035,12.611397225587712,0.06325,37.439037225343675,0.3785320164971492,,classic,True
00-0033948,Jamaal Williams,RB,DET,5300,5541,3.8446,3.8446,0.9556559659538696,0.6325947105075054,2.3241999711495547,CLE,14.75,42.5,3.2054591213166366,statline_mc,0.13999631367956467,6.735147353583543,0.0,0.0,0.0,5.10375,13.6793065212832,0.08975,0.5845,0.4615,2.1501931902123452,0.00575,27.74545759624143,0.21762928750244653,,classic,True
00-0034419,Braxton Berrios,WR,NYJ,5100,5641,2.2068,2.2068,1.165422572216264,0.8791994281629736,2.261173576693861,MIA,20.5,44.5,3.6123028934605874,statline_mc,0.0,6.717661452162999,0.0,0.0,0.0,0.0,0.0,0.0,1.64675,1.10175,12.127985766938611,0.085,31.35680629543872,0.25235039930872327,,classic,True
00-0033217,Mo Alie-Cox,TE,IND,4700,4736,3.6332,3.6332,0.682961873599289,0.9006433166547534,2.234805334707131,BUF,21.0,49.5,3.1202398828641904,statline_mc,0.0,6.510769039764502,0.0,0.0,0.0,0.0,0.0,0.0,2.20075,1.3235,10.265553347071313,0.0945,54.986663703045124,0.8577221957531391,,classic,True
00-0027973,Andy Dalton,QB,CHI,6100,1403,2.5486,2.5486,1.0710246492756723,0.8148677626876341,2.2242815321833973,BAL,19.0,43.0,2.366961776914309,statline_mc,0.3795524179280743,5.740566061233048,6.2485,33.94471434311247,0.19525,0.511,1.9724295845889832,0.015,0.0,0.0,0.0,0.0,23.579655128040148,0.13424913826926477,,classic,True
00-0032009,Adam Humphries,WR,WAS,5000,5412,3.321,3.321,0.7906768497656976,0.8470335954253038,2.224183860490643,CAR,19.75,43.0,3.235361919602071,statline_mc,0.0,5.240423286797662,0.0,0.0,0.0,0.0,0.0,0.0,2.29325,1.46425,11.845588604906432,0.0545,29.571641380203694,0.2240361898860766,,classic,True
00-0034395,Daurice Fountain,WR,KC,4600,5870,1.6466,1.6466,1.0288673101886177,1.2544674767691208,2.1252536215605025,DAL,29.25,56.0,3.50768361839526,statline_mc,0.0,6.681959049733901,0.0,0.0,0.0,0.0705,0.37919808850571257,0.00325,1.27225,0.75225,12.512088127099315,0.07525,62.52129244320666,2.0151542150925237,,classic,True
00-0034440,Justin Jackson,RB,LAC,4700,5682,2.1369,2.1369,0.8747964062417904,1.1365260900643317,2.124545743010789,PIT,26.5,47.5,3.0790169699422436,statline_mc,0.013523412428364925,5.597481264669494,0.0,0.0,0.0,1.95025,9.646402052175384,0.043,0.8255,0.6475,4.6465553779325015,0.02425,53.548827844096074,1.2156300516740297,,classic,True
00-0034115,Jeff Wilson Jr.,RB,SF,5000,5703,1.8949,1.8949,1.0103504439657436,1.104360257326662,2.114330588963629,JAX,25.75,45.0,3.1727654892495774,statline_mc,0.025881687431685396,5.895356925888663,0.0,0.0,0.0,1.95025,8.358598487637316,0.049,0.8235,0.61475,5.535957401998971,0.024,45.621434392828036,0.7166050741155607,,classic,True
00-0033591,Noah Brown,WR,DAL,4600,5585,1.8621,1.8621,0.9776696443353514,1.1472480343102216,2.088592181833479,KC,26.75,56.0,3.218959143462385,statline_mc,0.0,6.338273609861375,0.0,0.0,0.0,0.0,0.0,0.0,1.40325,0.868,13.020921818334793,0.06,59.060582263313854,1.5999649360261254,,classic,True
00-0032058,Tevin Coleman,RB,NYJ,5000,2994,2.5114,2.5114,0.9353228602952766,0.8791994281629736,2.0652449973285476,MIA,20.5,44.5,2.850412765840458,statline_mc,0.08818177863506703,5.688521001375017,0.0,0.0,0.0,2.77775,9.294556542801507,0.0545,0.86325,0.62325,4.176643430483969,0.0185,36.62268085718395,0.3933138852499645,,classic,True
00-0033950,Wayne Gallman,RB,ATL,5100,5547,2.2759,2.2759,0.9939578626595912,0.8684774839170837,1.9646386896391745,NE,20.25,47.5,2.8809907401619017,statline_mc,0.07312872519520934,5.377795636544513,0.0,0.0,0.0,3.33325,11.713528006991117,0.06775,0.447,0.31875,2.124108889400628,0.0105,37.22218227144158,0.4093517227193256,,classic,True
00-0036671,Dax Milne,WR,WAS,4900,5959,2.9143,2.9143,0.7906768497656976,0.8470335954253038,1.951769037057965,CAR,19.75,43.0,2.90663829753096,statline_mc,0.0,4.795130558986125,0.0,0.0,0.0,0.0,0.0,0.0,2.0025,1.18825,10.25644037057965,0.0575,30.26700561861429,0.23466646701254573,,classic,True
00-0035624,N'Keal Harry,WR,NE,4700,5724,1.5004,1.5004,1.0814623928363196,1.1686919228020014,1.8963857562065365,ATL,27.25,47.5,3.2914896086864545,statline_mc,0.0,5.454829282092748,0.0,0.0,0.0,0.0,0.0,0.0,1.10325,0.7435,11.081357562065369,0.07025,50.11249372561084,0.8811234642561124,,classic,True
00-0036984,Trey Sermon,RB,SF,5500,5908,1.6966,1.6966,1.0103504439657436,1.104360257326662,1.8930083651530187,JAX,25.75,45.0,3.0126688538553625,statline_mc,0.0,5.7768068806342505,0.0,0.0,0.0,2.39725,11.000232868939474,0.07275,0.32925,0.24125,2.0736007825907126,0.01025,42.778297137926074,0.5928742991082355,,classic,True
00-0035021,Ashton Dulin,WR,IND,4900,5798,2.8979,2.8979,0.7225105514085741,0.9006433166547534,1.8857515264594549,BUF,21.0,49.5,2.6839335490103338,statline_mc,0.0,4.656535873657114,0.0,0.0,0.0,0.0,0.0,0.0,2.09075,1.239,9.257515264594549,0.059,40.710625172039705,0.4707873567728379,,classic,True
00-0034365,Ian Thomas,TE,CAR,4200,4730,1.7682,1.7682,1.0671955742771773,0.9971408148677627,1.881628586126167,WAS,23.25,43.0,2.905169549492423,statline_mc,0.0,5.105506426688774,0.0,0.0,0.0,0.0,0.0,0.0,1.3795,0.87575,10.367535861261668,0.0705,47.264947766170266,0.5126017374594805,,classic,True
00-0036232,Harrison Bryant,TE,CLE,4400,4780,1.8938,1.8938,0.8139260363655552,1.1901358112937812,1.8344534119657174,DET,27.75,42.5,2.784555168374421,statline_mc,0.0,4.874361340152319,0.0,0.0,0.0,0.0,0.0,0.0,1.37175,0.9245,10.197034119657173,0.061,48.5111969326517,0.5570096034678631,,classic,True
00-0029892,Kyle Juszczyk,RB,SF,4600,2908,1.6037,1.6037,1.0103504439657436,1.104360257326662,1.7894422764699025,JAX,25.75,45.0,2.879883121690723,statline_mc,0.0,4.83178187783794,0.0,0.0,0.0,1.0205,4.953248771456197,0.03525,0.89175,0.66425,6.069923993242828,0.02725,50.67045400067117,1.0033766017926553,,classic,True
00-0035022,Penny Hart,WR,SEA,4700,5894,1.7207,1.7207,0.997502213456375,1.0400285918513223,1.785155180304016,ARI,24.25,46.0,2.9528368821499082,statline_mc,0.0,4.865473181905979,0.0,0.0,0.0,0.0,0.0,0.0,1.3635,0.78725,10.115301803040161,0.0645,43.61331951618387,0.5713028626762496,,classic,True
00-0036332,Josiah Deguara,TE,GB,4200,4781,2.6062,2.6062,0.6331738447790556,1.0507505360972123,1.733926086763033,MIN,24.5,48.0,2.5380001407264445,statline_mc,0.0,4.196972343498436,0.0,0.0,0.0,0.0,0.0,0.0,1.676,1.17,8.02926086763033,0.0605,55.67626139142031,0.8980748754957316,,classic,True
00-0035126,Antoine Wesley,WR,ARI,4600,5966,1.9098,1.9098,0.9670584904347492,0.9328091493924232,1.722790092052646,SEA,21.75,46.0,2.7123683687588156,statline_mc,0.0,4.564972632568751,0.0,0.0,0.0,0.011,0.059071121772336116,0.00025,1.39475,0.83175,9.775079798754122,0.05525,42.96313087970984,0.5470682507172017,,classic,True
00-0036450,Ke'Shawn Vaughn,RB,TB,4500,5823,1.1673,1.1673,1.1217359323280616,1.3080771979985704,1.712765533116349,NYG,30.5,49.5,2.82766241904893,statline_mc,0.0,5.028163792374514,0.0,0.0,0.0,1.40475,9.163525202332337,0.05375,0.34975,0.2585,2.9566301288311507,0.01175,63.76384294549115,2.401908213014814,,classic,True
00-0036254,Collin Johnson,WR,NYG,4700,5860,2.0477,2.0477,1.0250282530610482,0.8148677626876341,1.7104063611436198,TB,19.0,49.5,2.71075719140313,statline_mc,0.0,4.324653899224791,0.0,0.0,0.0,0.0,0.0,0.0,1.61575,0.9245,9.226563611436196,0.0555,38.690676662510725,0.4114729514166231,,classic,True
00-0034981,Foster Moreau,TE,LV,4400,4760,1.9527,1.9527,0.8160907332707826,1.0614724803431022,1.6915602557607676,CIN,24.75,50.5,2.6786669969697057,statline_mc,0.0,4.478508307076294,0.0,0.0,0.0,0.0,0.0,0.0,1.27825,0.89425,8.314352557607675,0.07075,54.30637363858636,0.8196911270112041,,classic,True
00-0036877,Jaelon Darden,WR,TB,4700,5956,1.2732,1.2732,1.0130503948230316,1.3080771979985704,1.6871824360696366,NYG,30.5,49.5,3.1316334749161214,statline_mc,0.0,4.966560107277182,0.0,0.0,0.0,0.15975,1.124323275227506,0.00325,0.9625,0.5855,9.35000108546886,0.05575,54.20307161709224,1.157367084918153,,classic,True
00-0033943,Josh Reynolds,WR,DET,4800,5582,2.5167,2.5167,1.0486384543956004,0.6325947105075054,1.6694594451895,CLE,14.75,42.5,2.5508322081460353,statline_mc,0.0,3.9389867836322634,0.0,0.0,0.0,0.0,0.0,0.0,1.70975,1.08825,8.643344451894999,0.046,24.78707556793342,0.16285114238423798,,classic,True
00-0035273,Qadree Ollison,RB,ATL,4600,5722,1.9293,1.9293,0.9939578626595912,0.8684774839170837,1.665465670696365,NE,20.25,47.5,2.5234572210943567,statline_mc,0.0,4.201805827302554,0.0,0.0,0.0,1.528,5.640028582580269,0.03525,0.86475,0.64525,4.423378124383381,0.024,43.74179011457884,0.6322059852770449,,classic,True
00-0036650,Larry Rountree,RB,LAC,5100,5919,1.6674,1.6674,0.8747964062417904,1.1365260900643317,1.6577585046249987,PIT,26.5,47.5,2.94633503671805,statline_mc,0.03247798213319007,5.563172078216171,0.0,0.0,0.0,3.49375,11.497585046249988,0.09025,0.0,0.0,0.0,0.0,43.49980823625293,0.6220889829386383,,classic,True
00-0034109,Phillip Lindsay,RB,HOU,5400,5630,2.5509,2.5509,0.8790521725424262,0.7290922087205146,1.6348657397967141,TEN,17.0,44.5,2.6422306383663865,statline_mc,0.06644774884512476,4.519396909891978,0.0,0.0,0.0,4.8675,10.12062714546476,0.07825,0.2345,0.1725,0.9255302525023795,0.00525,25.701615609569007,0.18990747251519277,,classic,True
00-0036628,John Bates,TE,WAS,4800,4807,2.186,2.186,0.8815728146539158,0.8470335954253038,1.6323461482191841,CAR,19.75,43.0,2.4952963012473104,statline_mc,0.0,4.047767010373856,0.0,0.0,0.0,0.0,0.0,0.0,1.4435,1.011,7.758461482191841,0.06175,41.101216937097135,0.33987700930282,,classic,True
00-0030525,Tavon Austin,WR,JAX,4700,5199,2.0543,2.0543,0.9609927801731896,0.825589706933524,1.6298795512979973,SF,19.25,45.0,2.6744206287777237,statline_mc,0.0,3.9859606489975423,0.0,0.0,0.0,0.0,0.0,0.0,1.52075,0.898,9.05379551297997,0.048,33.534707492025454,0.29178347646496106,,classic,True
00-0031387,Eric Ebron,TE,PIT,4600,4601,1.2577,1.2577,1.407052988397901,0.9006433166547534,1.5938046382836581,LAC,21.0,47.5,2.7090885937193834,statline_mc,0.0,4.4487012128999455,0.0,0.0,0.0,0.0,0.0,0.0,1.0905,0.694,8.44304638283658,0.0695,46.82179373194043,0.49767915441201316,,classic,True
00-0036755,Jaret Patterson,RB,WAS,4900,5951,2.4111,2.4111,0.7736037408711185,0.8470335954253038,1.579948192111339,CAR,19.75,43.0,2.526154715816071,statline_mc,0.05852908923429553,3.793915440831072,0.0,0.0,0.0,3.842,9.792509748072021,0.057,0.3655,0.26125,1.3757221730413671,0.006,30.859461143870746,0.2678409504142801,,classic,True
00-0033725,Corey Clement,RB,DAL,4900,5583,1.4584,1.4584,0.9386329007513268,1.1472480343102216,1.570442615294571,KC,26.75,56.0,2.6906595008457583,statline_mc,0.0,4.172838117091422,0.0,0.0,0.0,2.145,8.938150213935591,0.05825,0.28725,0.2155,2.013775939010116,0.00825,51.071360084376046,1.0305555091422518,,classic,True
00-0035726,Jakob Johnson,RB,NE,4500,5778,1.1102,1.1102,1.1987600483370986,1.1686919228020014,1.5553831966991551,ATL,27.25,47.5,2.8105571634536957,statline_mc,0.0,3.9925803040048042,0.0,0.0,0.0,0.35375,1.9428877673776337,0.01375,0.913,0.67725,7.764694199613916,0.029,56.21722038448631,1.4523099233517107,,classic,True
00-0032054,Breshad Perriman,WR,TB,4500,5379,1.166,1.166,1.0130503948230316,1.3080771979985704,1.5451704233629466,NYG,30.5,49.5,3.419596408603225,statline_mc,0.0,4.117963967773248,0.0,0.0,0.0,0.07725,0.7589008557627835,0.003,0.849,0.49675,8.914053377866683,0.05325,59.169959034310786,1.611674174662183,,classic,True
00-0030288,Rex Burkhead,RB,HOU,5000,2890,2.4047,2.4047,0.8790521725424262,0.7290922087205146,1.5412221804320998,TEN,17.0,44.5,2.265081031488002,statline_mc,0.015222601553726409,3.5156828563578917,0.0,0.0,0.0,1.68075,4.487285871503642,0.03575,1.0825,0.7815,4.062435932817356,0.0185,26.338870511529795,0.19814926828810095,,classic,True
00-0032394,Nick Vannett,TE,NO,4000,4688,1.1354,1.1354,1.5663746806226482,0.8577555396711937,1.5254568938837296,PHI,20.0,42.5,2.8571651167618377,statline_mc,0.0,4.4080135923226145,0.0,0.0,0.0,0.0,0.0,0.0,0.8845,0.56075,8.620818938837296,0.06575,47.02628361858191,0.5045103022280037,,classic,True
00-0035350,Preston Williams,WR,MIA,5000,5755,1.4488,1.4488,1.0152002668144704,1.0293066476054324,1.5139444109983642,NYJ,24.0,44.5,2.670041330691046,statline_mc,0.0,3.9419143195063446,0.0,0.0,0.0,0.08125,0.46900268243157056,0.0015,1.165,0.6205,8.442941427552068,0.05175,33.35942939490601,0.2883937695792777,,classic,True
00-0036425,DeeJay Dallas,RB,SEA,4700,5873,1.6498,1.6498,0.8818893500761833,1.0400285918513223,1.5131694691529203,ARI,24.25,46.0,2.323687291992712,statline_mc,0.0,3.5185172730868652,0.0,0.0,0.0,1.19625,4.2662821458683355,0.02925,0.84775,0.66925,4.794162545660867,0.01875,43.06306630231555,0.6042373068839636,,classic,True
00-0034159,Will Dissly,TE,SEA,4600,4727,2.7021,2.7021,0.5299178023997018,1.0400285918513223,1.4891829439446256,ARI,24.25,46.0,2.198913454145108,statline_mc,0.0,3.376095942947227,0.0,0.0,0.0,0.0,0.0,0.0,1.55,1.0905,6.779329439446253,0.0475,47.76894865525673,0.5301178088529866,,classic,True
00-0032355,Chester Rogers,WR,TEN,5000,5500,1.2193,1.2193,1.0277155930503468,1.1794138670478913,1.4778878196110945,HOU,27.5,44.5,2.862560869123149,statline_mc,0.0,4.1390957543018665,0.0,0.0,0.0,0.03125,0.2448384525748119,0.0005,0.91125,0.536,8.744039743536133,0.05225,38.798474716235695,0.4144406680012725,,classic,True
00-0036032,Sean McKeon,TE,DAL,4000,4808,1.0439,1.0439,1.2283572588713678,1.1472480343102216,1.471057470001263,KC,26.75,56.0,2.7466272415878237,statline_mc,0.0,4.078686937015658,0.0,0.0,0.0,0.0,0.0,0.0,0.848,0.54525,8.189324700012628,0.06425,68.39644921093577,2.0970061557738133,,classic,True
00-0035342,Patrick Laird,RB,MIA,4600,5788,0.8498,0.8498,1.6723585351757473,1.0293066476054324,1.462792216221137,NYJ,24.0,44.5,2.7552704385710425,statline_mc,0.0,3.9004413704019196,0.0,0.0,0.0,0.64575,4.522753257383469,0.0295,0.49975,0.379,5.185168904827903,0.0235,41.51421448775109,0.5449588162680167,,classic,True
00-0035973,Patrick Taylor,RB,GB,4600,5970,1.2831,1.2831,1.055535123207061,1.0507505360972123,1.4230790436220873,MIN,24.5,48.0,2.4519920301265974,statline_mc,0.0,3.7015708445757443,0.0,0.0,0.0,1.229,5.6290359875632054,0.0355,0.53225,0.39125,3.615504448657666,0.01825,47.454336257730475,0.8097441578970501,,classic,True
00-0036879,Sam Ehlinger,QB,IND,6000,1570,2.587,2.587,0.6046999634799339,0.9006433166547534,1.4089382560817016,BUF,21.0,49.5,1.9444906228185743,statline_mc,0.04942994360967592,4.627423198952719,5.6225,21.7662919329302,0.1225,0.8655,1.8153657876449374,0.019,0.0,0.0,0.0,0.0,38.10867327242311,0.35364674666872375,,classic,True
00-0034750,Rashaad Penny,RB,SEA,4800,5618,1.5327,1.5327,0.8818893500761833,1.0400285918513223,1.4057891571938124,ARI,24.25,46.0,2.373864908261439,statline_mc,0.006716425427766898,3.572862765308162,0.0,0.0,0.0,2.69725,8.673523050521437,0.0575,0.211,0.159,1.0493685214166852,0.006,39.1905172827077,0.466751538365039,,classic,True
00-0033439,Pharaoh Brown,TE,HOU,4200,4753,2.5717,2.5717,0.746560668674874,0.7290922087205146,1.3998166441927504,TEN,17.0,44.5,1.9958892476629406,statline_mc,0.0,3.033282878245941,0.0,0.0,0.0,0.0,0.0,0.0,1.6345,1.074,6.173166441927504,0.04325,37.206740386752614,0.26215922411484943,,classic,True
00-0034343,Josh Rosen,QB,ATL,6000,1525,2.1672,2.1672,0.7292251338250111,0.8684774839170837,1.3725121142351848,NE,20.25,47.5,1.9317403480482052,statline_mc,0.09669534807990601,4.533892220262394,5.2395,20.89631828802685,0.13775,0.491,1.3515938271411057,0.00975,0.0,0.0,0.0,0.0,32.42858062025479,0.24216654227122134,,classic,True
00-0032918,C.J. Ham,RB,MIN,4500,5581,1.5774,1.5774,0.8549361635054905,1.0078627591136526,1.3592091948798726,GB,23.5,48.0,2.1356257009804804,statline_mc,0.0,3.2553301875956633,0.0,0.0,0.0,1.32875,4.594153426785039,0.033,0.71175,0.52725,3.6216885220136854,0.017,47.288580468862364,0.8008454301923813,,classic,True
00-0036955,Terrace Marshall,WR,CAR,4700,5933,1.1357,1.1357,1.199705352365459,0.9971408148677627,1.358608061341058,WAS,23.25,43.0,2.554262343474126,statline_mc,0.0,3.480041866808068,0.0,0.0,0.0,0.0,0.0,0.0,1.0385,0.60325,8.05983061341058,0.04275,34.21557991547791,0.30533315842083664,,classic,True
00-0033839,Dede Westbrook,WR,MIN,4700,5603,1.5998,1.5998,0.8309639152624116,1.0078627591136526,1.339820749806416,GB,23.5,48.0,2.376296446364994,statline_mc,0.0,3.3309301672839124,0.0,0.0,0.0,0.0,0.0,0.0,1.1175,0.69225,7.081957498064161,0.04875,41.06049320746774,0.48189731693349913,,classic,True
00-0036556,Brevin Jordan,TE,HOU,4500,4803,2.4598,2.4598,0.746560668674874,0.7290922087205146,1.3389068114861107,TEN,17.0,44.5,1.9803889763626306,statline_mc,0.0,3.020003684182327,0.0,0.0,0.0,0.0,0.0,0.0,1.51,1.01275,5.625318114861105,0.0475,33.22946765947988,0.2010996446304175,,classic,True
00-0036259,Jauan Jennings,WR,SF,4600,5955,1.1728,1.1728,1.033474178741701,1.104360257326662,1.3385673268431857,JAX,25.75,45.0,2.607354347053839,statline_mc,0.0,3.3452013077175384,0.0,0.0,0.0,0.0,0.0,0.0,0.91875,0.5245,7.493173268431855,0.05525,44.69980083874415,0.6142190138949557,,classic,True
00-0034799,Kalen Ballage,RB,PIT,4700,5628,1.2432,1.2432,1.187936741449062,0.9006433166547534,1.330145730970458,LAC,21.0,47.5,2.264469189647084,statline_mc,0.0,3.192053173393287,0.0,0.0,0.0,0.65,2.4967977135647277,0.019,0.88875,0.62475,5.230909596139853,0.02475,36.70370104031832,0.39544405716918574,,classic,True
00-0035356,Tyree Jackson,TE,PHI,4200,4820,1.9328,1.9328,0.7121852818198607,0.9649749821300929,1.3283131921316946,NO,22.5,42.5,2.1146114515776113,statline_mc,0.0,3.1454296030316358,0.0,0.0,0.0,0.0,0.0,0.0,1.312,0.859,6.378131921316948,0.0465,38.80223382973994,0.29158112656689616,,classic,True
00-0037011,Tre' McKitty,TE,LAC,4000,4809,1.3955,1.3955,0.8344906569652168,1.1365260900643317,1.323551224456511,PIT,26.5,47.5,2.327554217703443,statline_mc,0.0,3.309997844447686,0.0,0.0,0.0,0.0,0.0,0.0,1.005,0.64825,6.919262244565111,0.05275,60.31687597243832,1.2236919425991026,,classic,True
00-0030968,Keith Smith,RB,ATL,4500,5492,1.4383,1.4383,0.9939578626595912,0.8684774839170837,1.2415730646731382,NE,20.25,47.5,2.0498933380330375,statline_mc,0.0,2.883478793591996,0.0,0.0,0.0,1.188,4.1490852927979525,0.02875,0.6745,0.49725,3.4103953539334277,0.014,40.55551560477491,0.5112184359419198,,classic,True
00-0034433,Nick Bawden,RB,NYJ,4500,5741,1.4347,1.4347,0.9353228602952766,0.8791994281629736,1.1798419342828113,MIA,20.5,44.5,2.0039004913807346,statline_mc,0.0,2.684592299653768,0.0,0.0,0.0,1.48175,5.13957730711269,0.028,0.519,0.37775,2.4700920357154237,0.0125,37.16189654345846,0.4077098199325695,,classic,True
00-0036627,Dez Fitzpatrick,WR,TEN,4500,5943,0.8858,0.8858,1.0277155930503468,1.1794138670478913,1.0736768477667735,HOU,27.5,44.5,2.256710775759764,statline_mc,0.0,2.8929562669002795,0.0,0.0,0.0,0.0215,0.1363762166392855,0.001,0.68525,0.40125,6.17414226102845,0.04025,48.30178597451384,0.7809287426587663,,classic,True
00-0034253,Dontrell Hilliard,RB,TEN,4600,5683,0.8474,0.8474,1.068670204381863,1.1794138670478913,1.0681283972585052,HOU,27.5,44.5,2.28673971307777,statline_mc,0.0,2.5425811449476874,0.0,0.0,0.0,0.57675,2.8014924754319113,0.019,0.50875,0.3725,3.8422914971531426,0.01925,42.82360132316986,0.5946676517625432,,classic,True
00-0036493,Deon Jackson,RB,IND,4500,5972,1.6158,1.6158,0.7219040613670993,0.9006433166547534,1.05055129423985,BUF,21.0,49.5,1.7585932414784113,statline_mc,0.0,2.489651270868915,0.0,0.0,0.0,1.14875,3.108091797603979,0.01575,0.7245,0.52925,3.016171144794519,0.01575,43.79236780286687,0.634341284354148,,classic,True
00-0034279,Equanimeous St. Brown,WR,GB,4700,5672,0.8797,0.8797,1.1140943784206598,1.0507505360972123,1.029864966473067,MIN,24.5,48.0,2.2174648420674457,statline_mc,0.0,2.6217392392504375,0.0,0.0,0.0,0.12775,0.8485918837889459,0.00525,0.67875,0.39725,5.273807780941724,0.032,42.43875386583332,0.5282740059911432,,classic,True
00-0036637,Noah Gray,TE,KC,4100,4812,0.7516,0.7516,1.078019058803315,1.2544674767691208,1.0163725923522966,DAL,29.25,56.0,2.241134763738333,statline_mc,0.0,2.676755402268729,0.0,0.0,0.0,0.0,0.0,0.0,0.60325,0.388,5.3587259235229645,0.04875,63.401033563014,1.5030298600934653,,classic,True
00-0033869,Mitchell Trubisky,QB,BUF,6100,1519,0.7443,0.7443,1.1152921585639162,1.2223016440314511,1.0147093970309535,IND,28.5,49.5,1.6185727644681582,statline_mc,0.0,3.4782856132062836,1.439,13.860428182349153,0.08825,0.20675,1.0104226973698753,0.0115,0.0,0.0,0.0,0.0,42.21786127911466,0.4650962582975078,,classic,True
00-0036991,Amari Rodgers,WR,GB,4500,5948,0.8505,0.8505,1.1140943784206598,1.0507505360972123,0.9956661383933586,MIN,24.5,48.0,2.220117031398882,statline_mc,0.0,2.607378804316776,0.0,0.0,0.0,0.1675,0.9514452366353155,0.00375,0.58025,0.34175,5.26646614729827,0.03075,48.5314690976214,0.7929785049608412,,classic,True
00-0027696,Jimmy Graham,TE,CHI,4400,4492,0.8596,0.8596,1.3983942007769912,0.8148677626876341,0.9795650654908413,BAL,19.0,43.0,2.060292706077647,statline_mc,0.0,2.538373339206516,0.0,0.0,0.0,0.0,0.0,0.0,0.661,0.40225,5.1594006549084135,0.04475,28.887669482107132,0.15055783827299465,,classic,True
00-0033528,Jeremy Sprinkle,TE,DAL,4200,4714,0.6313,0.6313,1.2283572588713678,1.1472480343102216,0.8895890116124567,KC,26.75,56.0,2.0004096066893124,statline_mc,0.0,2.507310502312859,0.0,0.0,0.0,0.0,0.0,0.0,0.50625,0.3285,5.018390116124566,0.03825,54.646449210935764,0.8384871865451758,,classic,True
00-0036741,Jack Stoll,TE,PHI,4400,4816,1.2911,1.2911,0.7121852818198607,0.9649749821300929,0.8872998227764384,NO,22.5,42.5,1.6264905726144312,statline_mc,0.0,2.13209567203702,0.0,0.0,0.0,0.0,0.0,0.0,0.884,0.589,4.202998227764385,0.0295,31.30223382973994,0.17685289305637242,,classic,True
00-0031598,Nick Boyle,TE,BAL,4000,4660,1.2948,1.2948,0.6537384653787173,1.0293066476054324,0.8712559998997249,CHI,24.0,43.0,1.6724209807859403,statline_mc,0.0,2.071193522817331,0.0,0.0,0.0,0.0,0.0,0.0,0.847,0.5565,4.240059998997249,0.0295,47.97677261613692,0.5375136706390613,,classic,True
00-0035217,Benny Snell,RB,PIT,4900,5740,0.7978,0.7978,1.187936741449062,0.9006433166547534,0.8535509174139607,LAC,21.0,47.5,1.7422023826024036,statline_mc,0.0,2.077849304287794,0.0,0.0,0.0,1.05025,4.341336357605606,0.032,0.23675,0.16325,1.2829228165340014,0.00575,32.04683829522029,0.2899045736620554,,classic,True
00-0032741,Peyton Barber,RB,LV,5300,5507,0.6976,0.6976,1.1327694005148952,1.0614724803431022,0.8387924899125614,CIN,24.75,50.5,1.7218046944904803,statline_mc,0.0,2.1253443870629334,0.0,0.0,0.0,0.787,3.7986214404104675,0.02025,0.28925,0.21275,1.9455534587151442,0.00825,37.23752337120668,0.4097705972571662,,classic,True
00-0031868,Damiere Byrd,WR,CHI,4600,5531,1.0237,1.0237,0.9701297361368048,0.8148677626876341,0.8092929211290553,BAL,19.0,43.0,1.61777472832495,statline_mc,0.0,2.110592986008606,0.0,0.0,0.0,0.011,0.04469681680253235,0.00025,0.715,0.442,4.408232394488021,0.0245,29.37871403358215,0.2211731276109674,,classic,True
00-0036244,Colby Parkinson,TE,SEA,4100,4798,1.4508,1.4508,0.5299178023997018,1.0400285918513223,0.7995741857758897,ARI,24.25,46.0,1.5286532606491543,statline_mc,0.0,1.7681801820281022,0.0,0.0,0.0,0.0,0.0,0.0,0.8795,0.573,3.4257418577588963,0.0295,47.314403200711276,0.5142945893950879,,classic,True
00-0033095,Garrett Griffin,TE,NO,4100,4717,0.5874,0.5874,1.5663746806226482,0.8577555396711937,0.7891887942640053,PHI,20.0,42.5,1.979708896358778,statline_mc,0.0,2.1488253911154294,0.0,0.0,0.0,0.0,0.0,0.0,0.4755,0.319,4.621887942640052,0.02825,34.75355634585463,0.222606678819609,,classic,True
00-0029664,Josh Gordon,WR,KC,5000,5165,0.5949,0.5949,1.0288673101886177,1.2544674767691208,0.7678182354499993,DAL,29.25,56.0,1.8230739063203192,statline_mc,0.0,2.071287655660741,0.0,0.0,0.0,0.0,0.0,0.0,0.51425,0.29325,4.706932354499993,0.02525,46.22990171472984,0.6801805582518734,,classic,True
00-0036876,Kylen Granson,TE,IND,4300,4814,1.2447,1.2447,0.682961873599289,0.9006433166547534,0.7656409160285901,BUF,21.0,49.5,1.4512919489541398,statline_mc,0.0,1.8392811892580803,0.0,0.0,0.0,0.0,0.0,0.0,0.80875,0.54275,3.6726591602859,0.02175,38.73666370304512,0.29030930760907453,,classic,True
00-0031051,John Brown,WR,JAX,4500,5264,0.9512,0.9512,0.9609927801731896,0.825589706933524,0.7547069698802789,SF,19.25,45.0,1.709941873213157,statline_mc,0.0,1.9098639498106078,0.0,0.0,0.0,0.0465,0.18738237234281568,0.0015,0.6555,0.37975,4.205937326459973,0.02,35.75325053838307,0.3382938437477232,,classic,True
00-0028097,Lee Smith,TE,ATL,4100,4535,1.2445,1.2445,0.6935688884349038,0.8684774839170837,0.7495974025990247,NE,20.25,47.5,1.4238254515070217,statline_mc,0.0,1.8326249669631312,0.0,0.0,0.0,0.0,0.0,0.0,0.787,0.556,3.2059740259902467,0.026,41.588269615470104,0.3510939998248208,,classic,True
00-0033296,Alex Armah,RB,NO,4600,5644,0.8005,0.8005,1.0771817369831345,0.8577555396711937,0.7396249699516139,PHI,20.0,42.5,1.596453965526185,statline_mc,0.0,1.7499587364118603,0.0,0.0,0.0,1.03225,3.8493665183839187,0.02475,0.18475,0.1395,1.0843831811322189,0.0065,26.854714991130926,0.20508207377337584,,classic,True
00-0036228,Dezmon Patmon,WR,IND,4500,5940,1.1092,1.1092,0.7225105514085741,0.9006433166547534,0.7217611703930075,BUF,21.0,49.5,1.5448122453106767,statline_mc,0.0,1.7797446855460926,0.0,0.0,0.0,0.032,0.1206302174245579,0.00025,0.7,0.426,3.5969814865055167,0.02325,43.7900953707152,0.578075529203311,,classic,True
00-0032062,Blake Bell,TE,KC,4200,4666,0.5045,0.5045,1.078019058803315,1.2544674767691208,0.6822476638582373,DAL,29.25,56.0,1.7048292006889112,statline_mc,0.0,1.8159878698476932,0.0,0.0,0.0,0.0,0.0,0.0,0.43,0.27275,3.8137266385823723,0.02825,54.19648810846855,0.8137082552005869,,classic,True
00-0033258,Darrell Daniels,TE,ARI,4100,4708,0.7124,0.7124,0.9849370918785308,0.9328091493924232,0.6545153702438438,SEA,21.75,46.0,1.486416221308323,statline_mc,0.0,1.6872844281447885,0.0,0.0,0.0,0.0,0.0,0.0,0.5415,0.34625,3.423903702438437,0.024,41.07496110246721,0.3392826126971639,,classic,True
00-0036842,Kene Nwangwu,RB,MIN,4600,5968,0.7254,0.7254,0.8549361635054905,1.0078627591136526,0.6250369920112746,GB,23.5,48.0,1.4077878380921405,statline_mc,0.0,1.4715619815645435,0.0,0.0,0.0,0.69775,2.4731687937503555,0.0175,0.288,0.20775,1.313451126362391,0.00775,39.00426674337216,0.46099185544910803,,classic,True
00-0034487,Trent Sherfield,WR,SF,4900,5699,0.5474,0.5474,1.033474178741701,1.104360257326662,0.6247067077505684,JAX,25.75,45.0,1.6612843288412524,statline_mc,0.0,1.5896600257122313,0.0,0.0,0.0,0.0,0.0,0.0,0.448,0.25575,3.4933170775056843,0.02525,35.09715183212163,0.3238158416595644,,classic,True
00-0036754,Brock Wright,TE,DET,4100,5971,0.9887,0.9887,0.9916476522847364,0.6325947105075054,0.6201933954555932,CLE,14.75,42.5,1.3479878831164718,statline_mc,0.0,1.557917644600448,0.0,0.0,0.0,0.0,0.0,0.0,0.652,0.41425,2.8356839545559307,0.02275,28.489664369859966,0.14661551905018144,,classic,True
00-0035572,Parker Hesse,TE,ATL,4000,4819,0.9674,0.9674,0.6935688884349038,0.8684774839170837,0.5827309223343334,NE,20.25,47.5,1.2676529680803776,statline_mc,0.0,1.4611652944850866,0.0,0.0,0.0,0.0,0.0,0.0,0.59325,0.38,2.5573092233433337,0.0235,43.00872416092465,0.38596664857558893,,classic,True
00-0033111,Pharoh Cooper,WR,NYG,4500,5462,0.6925,0.6925,1.0250282530610482,0.8148677626876341,0.5784304067610756,TB,19.0,49.5,1.4702022689930503,statline_mc,0.0,1.526569982205626,0.0,0.0,0.0,0.01775,0.05461670993802703,0.00025,0.48125,0.27875,3.0259373576727286,0.0225,38.92246474198093,0.41788063306607026,,classic,True
00-0034104,Cam Sims,WR,WAS,4800,5812,0.8241,0.8241,0.7906768497656976,0.8470335954253038,0.5519100192825143,CAR,19.75,43.0,1.3313283491618042,statline_mc,0.0,1.4427190037247524,0.0,0.0,0.0,0.0445,0.1566064295551235,0.00075,0.5155,0.319,2.782493763270019,0.0165,23.6444890623229,0.15090705431196064,,classic,True
00-0032951,Laquon Treadwell,WR,JAX,4700,5453,0.6599,0.6599,0.9609927801731896,0.825589706933524,0.523546251959534,SF,19.25,45.0,1.2659163535529718,statline_mc,0.0,1.4494088030918444,0.0,0.0,0.0,0.0,0.0,0.0,0.489,0.28025,2.869212519595339,0.01625,27.90556841917777,0.20048432618733578,,classic,True
00-0035406,Lil'Jordan Humphrey,WR,NO,4600,5771,0.7287,0.7287,0.7922662194165113,0.8577555396711937,0.4952304117108847,PHI,20.0,42.5,1.2242306406705599,statline_mc,0.0,1.3195639547717815,0.0,0.0,0.0,0.023,0.04506246534556206,0.0005,0.48225,0.28,2.6572416517632846,0.014,27.084230638449462,0.18980177119097946,,classic,True
00-0033376,Patrick Ricard,RB,BAL,4600,5743,0.4127,0.4127,0.9520306835496244,1.0293066476054324,0.4043857131270915,CHI,24.0,43.0,1.244509955844094,statline_mc,0.0,1.0868224232962902,0.0,0.0,0.0,0.01225,0.03708481495109221,0.00025,0.33675,0.247,2.036772316319823,0.01275,32.73167457692123,0.3034471816676222,,classic,True
00-0036456,Dominique Dafney,TE,GB,4000,4800,0.6016,0.6016,0.6331738447790556,1.0507505360972123,0.4002197183340994,MIN,24.5,48.0,1.024444441260292,statline_mc,0.0,1.1401007935761736,0.0,0.0,0.0,0.0,0.0,0.0,0.40675,0.2635,1.9346971833409943,0.01325,50.22171593687486,0.6242912969484367,,classic,True
00-0034597,Ryan Nall,RB,CHI,4600,5815,0.4814,0.4814,0.9867072978511008,0.8148677626876341,0.38702708762354987,BAL,19.0,43.0,0.9984739666594606,statline_mc,0.0,1.0387157022988711,0.0,0.0,0.0,0.30675,1.0280784567107384,0.00675,0.26625,0.19875,1.2484424195247597,0.004,24.686466273550984,0.17748042912406292,,classic,True
00-0031690,Eric Tomlinson,TE,BAL,4000,4704,0.5221,0.5221,0.6537384653787173,1.0293066476054324,0.3512883894719614,CHI,24.0,43.0,0.9917727555862481,statline_mc,0.0,1.0442616536747245,0.0,0.0,0.0,0.0,0.0,0.0,0.337,0.22725,1.696633894719614,0.012,41.49949988886419,0.34902236791906444,,classic,True
00-0035645,Gunner Olszewski,WR,NE,4500,5752,0.2724,0.2724,1.0814623928363196,1.1686919228020014,0.34431056594588194,ATL,27.25,47.5,1.343053615719529,statline_mc,0.0,0.8822844840242583,0.0,0.0,0.0,0.0,0.0,0.0,0.20275,0.1145,2.090605659458819,0.0135,47.23169902362409,0.7271587210538542,,classic,True
00-0036825,Feleipe Franks,QB,ATL,6000,1575,0.5197,0.5197,0.7292251338250111,0.8684774839170837,0.32914144132355627,NE,20.25,47.5,0.9050193818509377,statline_mc,0.0,0.6096711781964139,1.0515,4.74690498267356,0.02775,0.1985,0.4601524201661381,0.0045,0.0,0.0,0.0,0.0,29.79700167288637,0.2031992620743519,,classic,True
00-0033114,Mike Thomas,WR,CIN,4600,5503,0.3366,0.3366,0.8614844194265888,1.104360257326662,0.32024966425537016,LV,25.75,50.5,1.1214017064825723,statline_mc,0.0,0.891421715032933,0.0,0.0,0.0,0.0,0.0,0.0,0.2425,0.1495,1.8499966425537013,0.01025,46.09190563318707,0.6739517703418233,,classic,True
00-0035246,JJ Arcega-Whiteside,WR,PHI,4600,5732,0.2616,0.2616,1.141351684026403,0.9649749821300929,0.2880986753374954,NO,22.5,42.5,1.0598982503075836,statline_mc,0.0,0.8342761877114699,0.0,0.0,0.0,0.01,0.06453601445021319,0.0005,0.1965,0.11425,1.6902007389247407,0.00925,29.6849851843456,0.22573547618834683,,classic,True
00-0032450,Dwayne Washington,RB,NO,4700,5483,0.2903,0.2903,1.0771817369831345,0.8577555396711937,0.2682171825898616,PHI,20.0,42.5,0.8819137848655615,statline_mc,0.0,0.723348651268307,0.0,0.0,0.0,0.35975,1.3974989504266842,0.0105,0.066,0.047,0.3646728754719318,0.00175,22.197852246032888,0.15034802037134662,,classic,True
00-0036173,Tommy Hudson,TE,TEN,4000,4810,0.1568,0.1568,1.374582534819488,1.1794138670478913,0.25424669863279814,HOU,27.5,44.5,1.0593765649792246,statline_mc,0.0,0.6663846050184091,0.0,0.0,0.0,0.0,0.0,0.0,0.1325,0.08725,1.451216986327981,0.011,48.42520560124472,0.5538255390919983,,classic,True
00-0027691,Andre Roberts,WR,LAC,4500,3978,0.1975,0.1975,1.02733168733759,1.1365260900643317,0.23064031994501732,PIT,26.5,47.5,1.417018977083724,statline_mc,0.0,0.11313791257858485,0.0,0.0,0.0,0.302,2.0564031994501732,0.00475,0.0,0.0,0.0,0.0,44.94247801939798,0.6242369622065841,,classic,True
00-0036187,Reggie Gilliam,TE,BUF,4100,4783,0.1091,0.1091,1.296545211386035,1.2223016440314511,0.1729700287295173,IND,28.5,49.5,0.7700801899559665,statline_mc,0.0,0.14205238796108413,0.0,0.0,0.0,0.0,0.0,0.0,0.1105,0.07775,1.125950287295173,0.004,51.302789508779725,0.6709459973845878,,classic,True
00-0032543,Alex Erickson,WR,CAR,4600,5480,0.1126,0.1126,1.199705352365459,0.9971408148677627,0.1346721093150922,WAS,23.25,43.0,0.8029013457997555,statline_mc,0.0,0.0,0.0,0.0,0.0,0.0,0.0,0.0,0.0695,0.04025,0.7554710931509219,0.0065,31.23544746514678,0.2503169729233162,,classic,True
00-0033338,Cethan Carter,TE,MIA,4100,4711,0.0941,0.0941,1.1234776938130933,1.0293066476054324,0.1087840020057322,NYJ,24.0,44.5,0.5871359772774596,statline_mc,0.0,0.0,0.0,0.0,0.0,0.0,0.0,0.0,0.0805,0.05275,0.569090020057322,0.00425,37.42776172482774,0.26605067566919416,,classic,True
00-0036569,Gary Brightwell,RB,NYG,5000,5922,0.0272,0.0272,0.9147270530131876,0.8148677626876341,0.020280073275055075,TB,19.0,49.5,0.1934748970164382,statline_mc,0.0,0.0,0.0,0.0,0.0,0.02475,0.06579381569870603,0.0005,0.013,0.0105,0.05450691705184472,0.0,25.469341770938204,0.1869894212140252,,classic,True
00-0028063,Taiwan Jones,RB,BUF,4500,2820,0.0,0.0,1.0,1.0,0.0,BYE_OR_UNKNOWN,0.0,0.0,0.0,no_game,0.0,0.0,0.0,0.0,0.0,0.0,0.0,0.0,0.0,0.0,0.0,0.0,18.05287885325279,0.0,,classic,True
00-0032897,Derek Watt,RB,PIT,4500,5504,0.0,0.0,1.0,1.0,0.0,BYE_OR_UNKNOWN,0.0,0.0,0.0,no_game,0.0,0.0,0.0,0.0,0.0,0.0,0.0,0.0,0.0,0.0,0.0,0.0,18.05287885325279,0.0,,classic,True
00-0033854,Dare Ogunbowale,RB,JAX,4700,5697,0.0,0.0,1.0,1.0,0.0,BYE_OR_UNKNOWN,0.0,0.0,0.0,no_game,0.0,0.0,0.0,0.0,0.0,0.0,0.0,0.0,0.0,0.0,0.0,0.0,12.17052591207632,0.0,,classic,True
00-0036457,Ty'Son Williams,RB,BAL,4900,5909,0.0,0.0,1.0,1.0,0.0,BYE_OR_UNKNOWN,0.0,0.0,0.0,no_game,0.0,0.0,0.0,0.0,0.0,0.0,0.0,0.0,0.0,0.0,0.0,0.0,9.964643559135146,0.0,,classic,True
00-0032813,Elijhaa Penny,RB,NYG,5500,5588,0.0,0.0,1.0,1.0,0.0,BYE_OR_UNKNOWN,0.0,0.0,0.0,no_game,0.0,0.0,0.0,0.0,0.0,0.0,0.0,0.0,0.0,0.0,0.0,0.0,8.199937676782204,0.0,,classic,True
00-0032956,Andy Janovich,RB,CLE,4500,5482,0.0,0.0,1.0,1.0,0.0,BYE_OR_UNKNOWN,0.0,0.0,0.0,no_game,0.0,0.0,0.0,0.0,0.0,0.0,0.0,0.0,0.0,0.0,0.0,0.0,18.05287885325279,0.0,,classic,True
00-0036555,Chuba Hubbard,RB,CAR,6000,5911,0.0,0.0,1.0,1.0,0.0,BYE_OR_UNKNOWN,0.0,0.0,0.0,no_game,0.0,0.0,0.0,0.0,0.0,0.0,0.0,0.0,0.0,0.0,0.0,0.0,12.023467088546909,0.0,,classic,True
00-0034854,KhaDarel Hodge,WR,DET,4600,5675,0.0,0.0,1.0,1.0,0.0,BYE_OR_UNKNOWN,0.0,0.0,0.0,no_game,0.0,0.0,0.0,0.0,0.0,0.0,0.0,0.0,0.0,0.0,0.0,0.0,15.766487475509644,0.0,,classic,True
00-0028292,Nick Bellore,RB,SEA,4500,5663,0.0,0.0,1.0,1.0,0.0,BYE_OR_UNKNOWN,0.0,0.0,0.0,no_game,0.0,0.0,0.0,0.0,0.0,0.0,0.0,0.0,0.0,0.0,0.0,0.0,18.05287885325279,0.0,,classic,True
00-0029269,Travis Benjamin,WR,SF,4500,5173,0.0,0.0,1.0,1.0,0.0,BYE_OR_UNKNOWN,0.0,0.0,0.0,no_game,0.0,0.0,0.0,0.0,0.0,0.0,0.0,0.0,0.0,0.0,0.0,0.0,18.647282177496397,0.0,,classic,True
00-0031595,Michael Burton,RB,KC,4500,5415,0.0,0.0,1.0,1.0,0.0,BYE_OR_UNKNOWN,0.0,0.0,0.0,no_game,0.0,0.0,0.0,0.0,0.0,0.0,0.0,0.0,0.0,0.0,0.0,0.0,18.05287885325279,0.0,,classic,True
00-0036630,Tylan Wallace,WR,BAL,4500,5937,0.0,0.0,1.0,1.0,0.0,BYE_OR_UNKNOWN,0.0,0.0,0.0,no_game,0.0,0.0,0.0,0.0,0.0,0.0,0.0,0.0,0.0,0.0,0.0,0.0,18.647282177496397,0.0,,classic,True
00-0035860,Tony Jones,RB,NO,4600,5901,0.0,0.0,1.0771817369831345,0.8577555396711937,0.0,PHI,20.0,42.5,0.0,statline_mc,0.0,0.0,0.0,0.0,0.0,0.0,0.0,0.0,0.0,0.0,0.0,0.0,20.874322834268177,0.0,,classic,True
00-0036620,D'Wayne Eskridge,WR,SEA,4600,5935,0.0,0.0,1.0,1.0,0.0,BYE_OR_UNKNOWN,0.0,0.0,0.0,no_game,0.0,0.0,0.0,0.0,0.0,0.0,0.0,0.0,0.0,0.0,0.0,0.0,15.766487475509644,0.0,,classic,True
00-0035510,Jeff Smith,WR,NYJ,4700,5807,0.0,0.0,1.0,1.0,0.0,BYE_OR_UNKNOWN,0.0,0.0,0.0,no_game,0.0,0.0,0.0,0.0,0.0,0.0,0.0,0.0,0.0,0.0,0.0,0.0,12.687017276834146,0.0,,classic,True
00-0036951,Frank Darby,WR,ATL,4600,5942,0.0,0.0,1.0,1.0,0.0,BYE_OR_UNKNOWN,0.0,0.0,0.0,no_game,0.0,0.0,0.0,0.0,0.0,0.0,0.0,0.0,0.0,0.0,0.0,0.0,15.766487475509644,0.0,,classic,True
00-0026293,Matthew Slater,WR,NE,4500,3760,0.0,0.0,1.0814623928363196,1.1686919228020014,0.0,ATL,27.25,47.5,0.0,statline_mc,0.0,0.0,0.0,0.0,0.0,0.0,0.0,0.0,0.0,0.0,0.0,0.0,42.59593743422012,0.0,,classic,True
00-0035527,Andy Isabella,WR,ARI,4500,5734,0.0,0.0,1.0,1.0,0.0,BYE_OR_UNKNOWN,0.0,0.0,0.0,no_game,0.0,0.0,0.0,0.0,0.0,0.0,0.0,0.0,0.0,0.0,0.0,0.0,18.647282177496397,0.0,,classic,True
00-0030085,Kenny Stills,WR,NO,4800,5212,0.0,0.0,1.0,1.0,0.0,BYE_OR_UNKNOWN,0.0,0.0,0.0,no_game,0.0,0.0,0.0,0.0,0.0,0.0,0.0,0.0,0.0,0.0,0.0,0.0,10.60092456160236,0.0,,classic,True
00-0034164,Trenton Cannon,RB,SF,4500,5657,0.0,0.0,1.0103504439657436,1.104360257326662,0.0,JAX,25.75,45.0,0.0,statline_mc,0.0,0.0,0.0,0.0,0.0,0.0,0.0,0.0,0.0,0.0,0.0,0.0,37.582218706553526,0.0,,classic,True
00-0032791,Jakeem Grant,WR,CHI,4500,5486,0.0,0.0,0.9701297361368048,0.8148677626876341,0.0,BAL,19.0,43.0,0.0,statline_mc,0.0,0.0,0.0,0.0,0.0,0.0,0.0,0.0,0.0,0.0,0.0,0.0,24.643614695833804,0.0,,classic,True
00-0036360,Clyde Edwards-Helaire,RB,KC,6300,5818,0.0,0.0,0.8632375348079651,1.2544674767691208,0.0,DAL,29.25,56.0,0.0,statline_mc,0.0,0.0,0.0,0.0,0.0,0.0,0.0,0.0,0.0,0.0,0.0,0.0,44.93623855410135,0.0,,classic,True
00-0034766,Chris Herndon,TE,MIN,4400,4734,0.0,0.0,1.0,1.0,0.0,BYE_OR_UNKNOWN,0.0,0.0,0.0,no_game,0.0,0.0,0.0,0.0,0.0,0.0,0.0,0.0,0.0,0.0,0.0,0.0,8.118609691042455,0.0,,classic,True
00-0035399,Stanley Morgan,WR,CIN,4500,5779,0.0,0.0,0.8614844194265888,1.104360257326662,0.0,LV,25.75,50.5,0.0,statline_mc,0.0,0.0,0.0,0.0,0.0,0.0,0.0,0.0,0.0,0.0,0.0,0.0,44.66806457358442,0.0,,classic,True
00-0036626,Dyami Brown,WR,WAS,4700,5936,0.0,0.0,1.0,1.0,0.0,BYE_OR_UNKNOWN,0.0,0.0,0.0,no_game,0.0,0.0,0.0,0.0,0.0,0.0,0.0,0.0,0.0,0.0,0.0,0.0,12.687017276834146,0.0,,classic,True
00-0035544,Tom Kennedy,WR,DET,4600,5960,0.0,0.0,1.0,1.0,0.0,BYE_OR_UNKNOWN,0.0,0.0,0.0,no_game,0.0,0.0,0.0,0.0,0.0,0.0,0.0,0.0,0.0,0.0,0.0,0.0,15.766487475509644,0.0,,classic,True
00-0035593,Juwann Winfree,WR,GB,4600,5965,0.0,0.0,1.0,1.0,0.0,BYE_OR_UNKNOWN,0.0,0.0,0.0,no_game,0.0,0.0,0.0,0.0,0.0,0.0,0.0,0.0,0.0,0.0,0.0,0.0,15.766487475509644,0.0,,classic,True
00-0033471,Isaiah Ford,WR,MIA,5300,5706,0.0,0.0,1.0,1.0,0.0,BYE_OR_UNKNOWN,0.0,0.0,0.0,no_game,0.0,0.0,0.0,0.0,0.0,0.0,0.0,0.0,0.0,0.0,0.0,0.0,7.720129859615602,0.0,,classic,True
00-0031484,Chris Manhertz,TE,JAX,4200,4697,0.0,0.0,1.0,1.0,0.0,BYE_OR_UNKNOWN,0.0,0.0,0.0,no_game,0.0,0.0,0.0,0.0,0.0,0.0,0.0,0.0,0.0,0.0,0.0,0.0,12.379973327406091,0.0,,classic,True
00-0032135,Jesse James,TE,CHI,4500,4653,0.0,0.0,1.0,1.0,0.0,BYE_OR_UNKNOWN,0.0,0.0,0.0,no_game,0.0,0.0,0.0,0.0,0.0,0.0,0.0,0.0,0.0,0.0,0.0,0.0,10.164064236497,0.0,,classic,True
00-0035249,Josh Oliver,TE,BAL,4200,4766,0.0,0.0,1.0,1.0,0.0,BYE_OR_UNKNOWN,0.0,0.0,0.0,no_game,0.0,0.0,0.0,0.0,0.0,0.0,0.0,0.0,0.0,0.0,0.0,0.0,12.379973327406091,0.0,,classic,True
00-0033421,Antony Auclair,TE,HOU,4400,4716,0.0,0.0,1.0,1.0,0.0,BYE_OR_UNKNOWN,0.0,0.0,0.0,no_game,0.0,0.0,0.0,0.0,0.0,0.0,0.0,0.0,0.0,0.0,0.0,0.0,8.118609691042455,0.0,,classic,True
00-0024243,Marcedes Lewis,TE,GB,4300,4324,0.0,0.0,1.0,1.0,0.0,BYE_OR_UNKNOWN,0.0,0.0,0.0,no_game,0.0,0.0,0.0,0.0,0.0,0.0,0.0,0.0,0.0,0.0,0.0,0.0,9.482246054678818,0.0,,classic,True
00-0030615,James Winchester,TE,KC,4000,4759,0.0,0.0,1.0,1.0,0.0,BYE_OR_UNKNOWN,0.0,0.0,0.0,no_game,0.0,0.0,0.0,0.0,0.0,0.0,0.0,0.0,0.0,0.0,0.0,0.0,20.561791509224268,0.0,,classic,True
00-0030155,Demetrius Harris,TE,ARI,4100,4642,0.0,0.0,1.0,1.0,0.0,BYE_OR_UNKNOWN,0.0,0.0,0.0,no_game,0.0,0.0,0.0,0.0,0.0,0.0,0.0,0.0,0.0,0.0,0.0,0.0,16.470882418315178,0.0,,classic,True
00-0032986,J.P. Holtz,TE,CHI,4000,4763,0.0,0.0,1.0,1.0,0.0,BYE_OR_UNKNOWN,0.0,0.0,0.0,no_game,0.0,0.0,0.0,0.0,0.0,0.0,0.0,0.0,0.0,0.0,0.0,0.0,20.561791509224268,0.0,,classic,True
00-0034073,Ross Dwelley,TE,SF,4300,4745,0.0,0.0,1.0,1.0,0.0,BYE_OR_UNKNOWN,0.0,0.0,0.0,no_game,0.0,0.0,0.0,0.0,0.0,0.0,0.0,0.0,0.0,0.0,0.0,0.0,9.482246054678818,0.0,,classic,True
00-0036133,James Proche,WR,BAL,4700,5845,0.0,0.0,1.0,1.0,0.0,BYE_OR_UNKNOWN,0.0,0.0,0.0,no_game,0.0,0.0,0.0,0.0,0.0,0.0,0.0,0.0,0.0,0.0,0.0,0.0,12.687017276834146,0.0,,classic,True
00-0036250,Tyler Davis,TE,GB,4100,4790,0.0,0.0,1.0,1.0,0.0,BYE_OR_UNKNOWN,0.0,0.0,0.0,no_game,0.0,0.0,0.0,0.0,0.0,0.0,0.0,0.0,0.0,0.0,0.0,0.0,16.470882418315178,0.0,,classic,True
00-0033733,Greg Ward,WR,PHI,4700,5793,0.0,0.0,1.0,1.0,0.0,BYE_OR_UNKNOWN,0.0,0.0,0.0,no_game,0.0,0.0,0.0,0.0,0.0,0.0,0.0,0.0,0.0,0.0,0.0,0.0,12.687017276834146,0.0,,classic,True
00-0031585,MyCole Pruitt,TE,TEN,4700,4669,0.0,0.0,1.0,1.0,0.0,BYE_OR_UNKNOWN,0.0,0.0,0.0,no_game,0.0,0.0,0.0,0.0,0.0,0.0,0.0,0.0,0.0,0.0,0.0,0.0,13.402700600133365,0.0,,classic,True
00-0035222,Zach Gentry,TE,PIT,4300,4775,0.0,0.0,1.0,1.0,0.0,BYE_OR_UNKNOWN,0.0,0.0,0.0,no_game,0.0,0.0,0.0,0.0,0.0,0.0,0.0,0.0,0.0,0.0,0.0,0.0,9.482246054678818,0.0,,classic,True
00-0033720,Colin Thompson,TE,CAR,4000,4792,0.0,0.0,1.0,1.0,0.0,BYE_OR_UNKNOWN,0.0,0.0,0.0,no_game,0.0,0.0,0.0,0.0,0.0,0.0,0.0,0.0,0.0,0.0,0.0,0.0,20.561791509224268,0.0,,classic,True
00-0032775,Demarcus Robinson,WR,KC,5100,5515,0.0,0.0,1.0,1.0,0.0,BYE_OR_UNKNOWN,0.0,0.0,0.0,no_game,0.0,0.0,0.0,0.0,0.0,0.0,0.0,0.0,0.0,0.0,0.0,0.0,6.130725886105669,0.0,,classic,True
00-0032725,Stephen Anderson,TE,LAC,4200,4679,0.0,0.0,1.0,1.0,0.0,BYE_OR_UNKNOWN,0.0,0.0,0.0,no_game,0.0,0.0,0.0,0.0,0.0,0.0,0.0,0.0,0.0,0.0,0.0,0.0,12.379973327406091,0.0,,classic,True
00-0028042,Luke Stocker,TE,MIN,4100,4532,0.0,0.0,1.0,1.0,0.0,BYE_OR_UNKNOWN,0.0,0.0,0.0,no_game,0.0,0.0,0.0,0.0,0.0,0.0,0.0,0.0,0.0,0.0,0.0,0.0,16.470882418315178,0.0,,classic,True
00-0036429,Charlie Woerner,TE,SF,4200,4797,0.0,0.0,1.0,1.0,0.0,BYE_OR_UNKNOWN,0.0,0.0,0.0,no_game,0.0,0.0,0.0,0.0,0.0,0.0,0.0,0.0,0.0,0.0,0.0,0.0,12.379973327406091,0.0,,classic,True
00-0036887,Luke Farrell,TE,JAX,4200,4805,0.0,0.0,1.0,1.0,0.0,BYE_OR_UNKNOWN,0.0,0.0,0.0,no_game,0.0,0.0,0.0,0.0,0.0,0.0,0.0,0.0,0.0,0.0,0.0,0.0,12.379973327406091,0.0,,classic,True
00-0035259,Trevon Wesco,TE,NYJ,4100,4758,0.0,0.0,1.0,1.0,0.0,BYE_OR_UNKNOWN,0.0,0.0,0.0,no_game,0.0,0.0,0.0,0.0,0.0,0.0,0.0,0.0,0.0,0.0,0.0,0.0,16.470882418315178,0.0,,classic,True
00-0035891,Cody White,WR,PIT,4500,4813,0.0,0.0,1.0,1.0,0.0,BYE_OR_UNKNOWN,0.0,0.0,0.0,no_game,0.0,0.0,0.0,0.0,0.0,0.0,0.0,0.0,0.0,0.0,0.0,0.0,18.647282177496397,0.0,,classic,True
