player_id,player_name,position,team,salary,site_player_id,season_avg,recent_form,matchup_factor,vegas_factor,final_projection,opponent,implied_total,over_under,sigma,sigma_source,statline_p10,statline_p90,proj_pass_att,proj_pass_yd,proj_pass_td,proj_rush_att,proj_rush_yd,proj_rush_td,proj_targets,proj_rec,proj_rec_yd,proj_rec_td,chalk_score,estimated_ownership_pct,roster_role,slate_format,ownership_available
00-0026498,Matthew Stafford,QB,LA,8100,1340,23.8096,23.8096,1.0060664230253364,1.4684385382059801,35.17505400159352,DET,34.0,51.0,17.232106343719344,statline_mc,16.030273721631577,57.870421570899765,36.958,491.3794014322673,3.6915,2.59275,12.333779443028316,0.1165,0.0,0.0,0.0,0.0,93.7897384305835,15.24903864518626,,classic,True
00-0023459,Aaron Rodgers,QB,GB,7900,1252,19.7431,19.7431,1.429720438912362,1.2200996677740865,34.43980989570721,WAS,28.25,48.0,16.942029734970347,statline_mc,15.617286978949469,57.10453809247919,34.4955,456.66019930261194,3.398,3.31875,20.839019236027227,0.2815,0.0,0.0,0.0,0.0,87.19617706237425,9.825152738382169,,classic,True
00-0035228,Kyler Murray,QB,ARI,8700,1537,21.5649,21.5649,1.0538550255778654,1.4576411960132891,33.12679733858287,HOU,33.75,47.0,16.50064201078016,statline_mc,14.507270946387106,55.25364110269748,31.0895,410.8836794578242,2.956,6.287,36.567001602698994,0.463,0.0,0.0,0.0,0.0,89.28571428571426,11.293735427948087,,classic,True
00-0033873,Patrick Mahomes II,QB,KC,8800,1523,19.9072,19.9072,1.1880926731973285,1.3280730897009967,31.410977499292134,TEN,30.75,57.5,15.576057585949307,statline_mc,13.97454272690591,51.75915250880605,32.618,394.47413954547847,3.2955,3.3195,26.940119174729954,0.187,0.0,0.0,0.0,0.0,100.0,23.070019083093374,,classic,True
00-0033040,Tyreek Hill,WR,KC,8500,5485,14.3031,14.3031,1.3901712048675157,1.3280730897009967,26.407010051492097,TEN,30.75,57.5,28.491786129397177,statline_mc,4.283851881325768,61.02034689710318,0.0,0.0,0.0,0.32975,3.7617666238213916,0.01675,9.96575,6.81025,162.81708389109954,1.053,97.3305623212962,23.275317968008565,,classic,True
00-0031381,Davante Adams,WR,GB,9000,5263,16.5253,16.5253,1.2516468587345966,1.2200996677740865,25.23641734328131,WAS,28.25,48.0,29.22314388397537,statline_mc,4.565263702988495,54.745174742811656,0.0,0.0,0.0,0.0,0.0,0.0,11.97725,7.91075,169.36542343281312,0.73975,92.12850788944192,16.45434959998512,,classic,True
00-0033908,Cooper Kupp,WR,LA,8800,5552,19.0152,19.0152,0.8968493239751834,1.4684385382059801,25.04243798862684,DET,34.0,51.0,27.353553622049077,statline_mc,4.514391784428648,54.5566475449847,0.0,0.0,0.0,0.08025,0.5650812085561645,0.0025,12.234,7.892,147.0842986777122,1.06525,97.5040241448692,23.546038882462454,,classic,True
00-0035664,Darrell Henderson,RB,LA,8000,5716,11.8878,11.8878,1.395141987677578,1.4684385382059801,24.354387613679183,DET,34.0,51.0,24.501393003628802,statline_mc,3.3642153960920416,54.34185597479104,0.0,0.0,0.0,14.37575,128.56963347549868,1.05325,2.64725,1.962,33.66924266129317,0.17,96.71830985915493,22.324901737967316,,classic,True
00-0019596,Tom Brady,QB,TB,8000,1131,19.1788,19.1788,0.8900850954821202,1.2848837209302326,21.93399944091903,CHI,29.75,47.0,11.959380516831661,statline_mc,8.647562269691901,37.436040429641785,33.9775,295.7067724891202,2.242,2.9675,12.779785413542218,0.14625,0.0,0.0,0.0,0.0,79.50704225352112,5.884587920579099,,classic,True
00-0036212,Tua Tagovailoa,QB,MIA,7100,1551,17.2565,17.2565,1.186875585192245,1.0149501661129567,20.787574791424944,ATL,23.5,48.5,10.869216869448637,statline_mc,8.386971891696767,35.29293501904599,36.899,311.7487835676378,1.84625,2.88475,13.641234487194314,0.14375,0.0,0.0,0.0,0.0,69.90845070422534,3.1031899947994757,,classic,True
00-0026143,Matt Ryan,QB,ATL,7300,1301,17.0269,17.0269,1.1275962400034902,1.079734219269103,20.73027716537256,MIA,25.0,48.5,11.029710877511658,statline_mc,8.4796789482286,35.51491349899691,37.48625,305.8689562692353,2.13625,1.15275,5.902689146031432,0.04825,0.0,0.0,0.0,0.0,74.66901408450704,4.262268392237135,,classic,True
00-0036389,Jalen Hurts,QB,PHI,8300,1554,22.5903,22.5903,0.9020769920027922,1.0149501661129567,20.68282827868997,LV,23.5,48.0,13.112251850006446,statline_mc,7.276391843910052,36.522049699939075,35.124,229.57602253729488,1.295,11.29225,51.002873771981776,0.5855,0.0,0.0,0.0,0.0,71.8158953722334,3.52398901491909,,classic,True
00-0031503,Jameis Winston,QB,NO,7500,1465,19.2124,19.2124,1.0236068089809462,1.036544850498339,20.384644155929262,SEA,24.0,42.0,11.256082703553396,statline_mc,7.673699215565223,35.35907362723151,30.38975,243.13473930607086,2.38125,3.3085,15.002545836864257,0.13625,0.0,0.0,0.0,0.0,63.512072434607646,2.025882473490735,,classic,True
00-0029701,Ryan Tannehill,QB,TEN,7600,1410,13.0584,13.0584,1.339691723242242,1.1553156146179402,20.211381390482195,KC,26.75,57.5,11.071950594986468,statline_mc,7.858378929227222,34.96738217123402,28.04375,315.70625052197687,1.52775,2.0515,15.078813696031174,0.1475,0.0,0.0,0.0,0.0,76.75754527162978,4.899028486884705,,classic,True
00-0032764,Derrick Henry,RB,TEN,11000,5445,15.661,15.661,1.0913288327678476,1.1553156146179402,19.745904420939077,KC,26.75,57.5,21.550975251159393,statline_mc,2.3281976681497274,44.81256407224088,0.0,0.0,0.0,18.186,105.42254129289387,1.064,2.20275,1.731,17.9415029164969,0.06275,90.63849765258215,14.885415551518149,,classic,True
00-0033293,Aaron Jones,RB,GB,8500,5543,14.2789,14.2789,1.1233091648636089,1.2200996677740865,19.570001823193937,WAS,28.25,48.0,18.669242932176303,statline_mc,3.6800445477462778,40.192017944077705,0.0,0.0,0.0,14.43175,86.05404020028679,0.5115,4.5725,3.67925,42.04472803165255,0.34375,90.26760563380282,14.521869825421614,,classic,True
00-0031345,Jimmy Garoppolo,QB,SF,7200,1452,16.064,16.064,1.1510430824543565,0.9717607973421927,17.968210418875575,IND,22.5,41.5,9.960636497797571,statline_mc,6.72332201662882,30.826920837634518,32.269,275.77952853078597,1.57075,2.761,10.420292776441356,0.11975,0.0,0.0,0.0,0.0,53.50804828973843,1.0398437401581917,,classic,True
00-0030578,Cordarrelle Patterson,RB,ATL,8000,5208,12.9681,12.9681,1.2352403271987726,1.079734219269103,17.295959876799177,MIA,25.0,48.5,19.535790441690658,statline_mc,3.256705101139711,36.80056077790066,0.0,0.0,0.0,9.06475,48.87298538783165,0.33,5.74925,4.43725,60.94036338016012,0.37725,87.33568075117371,11.943582658638874,,classic,True
00-0034796,Lamar Jackson,QB,BAL,8400,1527,18.2588,18.2588,0.8340632505422642,1.1229235880398671,17.10099237062935,CIN,26.0,45.5,10.021833415304403,statline_mc,6.152655378707131,30.264103389596436,28.774,226.27622374979526,1.231,7.15125,34.78193420637536,0.22525,0.0,0.0,0.0,0.0,67.25452716297787,2.5999764229739504,,classic,True
00-0031237,Teddy Bridgewater,QB,DEN,7200,1439,16.6234,16.6234,1.235702292219698,0.8313953488372093,17.07820810787421,CLE,19.25,40.5,9.407329641199036,statline_mc,6.51364700513789,29.515241184816478,32.998,255.95857072618077,1.5935,2.29575,10.5086527882698,0.07725,0.0,0.0,0.0,0.0,46.46076458752515,0.6500223958942256,,classic,True
00-0033906,Alvin Kamara,RB,NO,9200,5562,13.0054,13.0054,1.264022626084958,1.036544850498339,17.03985233436509,SEA,24.0,42.0,16.787459632917045,statline_mc,3.0458314975419616,36.297882155682856,0.0,0.0,0.0,16.355,86.4564579832328,0.42225,4.20725,2.99325,30.975815360418096,0.24725,76.7660406885759,5.903535727584845,,classic,True
00-0033856,Leonard Fournette,RB,TB,7000,5534,14.1387,14.1387,0.928229139079466,1.2848837209302326,16.862809812923807,CHI,29.75,47.0,16.52385230276392,statline_mc,2.9385698398697944,36.55077927582873,0.0,0.0,0.0,16.3275,83.3242391190742,0.62625,3.8785,3.028,29.40385901016383,0.08825,87.28482003129889,11.90315395767373,,classic,True
00-0030061,Zach Ertz,TE,ARI,5300,4569,7.0558,7.0558,1.527134331629654,1.4576411960132891,15.706370287672929,HOU,33.75,47.0,16.29577590659367,statline_mc,2.2510471508281595,33.71919715107049,0.0,0.0,0.0,0.0,0.0,0.0,6.1325,3.802,91.3837028767293,0.78775,88.35211267605634,9.498816021209352,,classic,True
00-0036442,Joe Burrow,QB,CIN,7200,1550,19.6058,19.6058,0.92266009797111,0.8421926910299004,15.234865757657097,BAL,19.5,45.5,8.882773121742934,statline_mc,5.319846065120085,26.749628079670998,32.54375,218.65426975321083,1.6235,3.508,9.814449675286635,0.08125,0.0,0.0,0.0,0.0,49.79979879275653,0.8120883160589654,,classic,True
00-0031280,Derek Carr,QB,LV,7400,1441,15.1142,15.1142,0.92015432854888,1.058139534883721,14.71592171803545,PHI,24.5,48.0,8.277046245960278,statline_mc,5.32788379435435,25.836714411807538,29.3495,233.686794781629,1.271,2.54525,8.131999267702913,0.074,0.0,0.0,0.0,0.0,58.47786720321932,1.448301822094054,,classic,True
00-0030431,Robert Woods,WR,LA,6800,5217,11.1404,11.1404,0.8968493239751834,1.4684385382059801,14.671496525122038,DET,34.0,51.0,16.394149375525977,statline_mc,2.5507117260425773,32.29415241490701,0.0,0.0,0.0,0.29025,2.5718546595763048,0.01275,8.16775,5.13375,84.75436059164407,0.5585,93.6694376787038,18.234556602950263,,classic,True
00-0032950,Carson Wentz,QB,IND,6700,1514,15.4867,15.4867,1.1327509656720776,0.8205980066445183,14.39544071549931,SF,19.0,41.5,8.331467597054484,statline_mc,5.087024190606955,25.85331127050238,30.44225,219.91647520553389,1.24875,2.69475,10.385317072779543,0.07975,0.0,0.0,0.0,0.0,43.24849094567404,0.5247149912614559,,classic,True
00-0033553,James Conner,RB,ARI,6500,5537,8.9539,8.9539,1.097724899187,1.4576411960132891,14.3269737859648,HOU,33.75,47.0,16.269253998621128,statline_mc,1.4039023887968778,33.59006945808966,0.0,0.0,0.0,13.14675,74.2258607134412,0.86575,1.1065,0.8505,11.586377146206797,0.048,85.22222222222221,10.373939902831166,,classic,True
00-0031800,Taylor Heinicke,QB,WAS,6900,1487,16.7403,16.7403,0.981903646453833,0.8529900332225914,14.02092884588438,GB,19.75,48.0,8.208884974166494,statline_mc,4.7612865898309025,24.987289746403167,35.22675,207.42507947490733,1.2905,3.43775,12.976756668880862,0.10225,0.0,0.0,0.0,0.0,47.550301810865186,0.6989943312542813,,classic,True
00-0034681,Chase Edmonds,RB,ARI,6200,5619,8.7305,8.7305,1.097724899187,1.4576411960132891,13.969554612707679,HOU,33.75,47.0,13.95783707661056,statline_mc,2.834871077916387,29.244128895550553,0.0,0.0,0.0,6.83625,56.17776913777654,0.222,4.727,3.743,42.657776989300245,0.16775,84.6111111111111,9.959791544546825,,classic,True
00-0035140,Mecole Hardman,WR,KC,5400,5727,7.5615,7.5615,1.3901712048675157,1.3280730897009967,13.960424971395193,TEN,30.75,57.5,16.44435655044669,statline_mc,1.8354771435529882,32.0096943699692,0.0,0.0,0.0,0.657,6.358690593148172,0.03125,5.84675,3.85575,84.77180912080375,0.46425,85.82680292279996,10.810049288732928,,classic,True
00-0035719,Deebo Samuel,WR,SF,8000,5726,12.8941,12.8941,1.1081947690633522,0.9717607973421927,13.885675739447812,IND,22.5,41.5,13.9925707404242,statline_mc,2.601964480238725,30.978002731002583,0.0,0.0,0.0,1.127,6.3877688635883985,0.043,8.31725,4.957,78.7539885308897,0.449,75.26744678597902,5.3469115583348055,,classic,True
00-0035710,Daniel Jones,QB,NYG,7000,1539,14.8644,14.8644,1.036672606682574,0.8529900332225914,13.144166232858494,CAR,19.75,42.5,7.575182341732383,statline_mc,4.697701487632475,23.130399269795518,34.48225,221.5791048226007,0.82725,3.3635,14.555020399544663,0.1225,0.0,0.0,0.0,0.0,40.29577464788732,0.43095664276422946,,classic,True
00-0034827,D.J. Moore,WR,CAR,7700,5633,12.3263,12.3263,1.076876221241997,0.9825581395348837,13.042409806312552,NYG,22.75,42.5,13.591995503023794,statline_mc,2.605765483662988,27.755480222333507,0.0,0.0,0.0,0.77075,4.635321950137133,0.0205,8.534,5.29875,72.21002611298839,0.4435,77.04352430371705,6.019018964008848,,classic,True
00-0035657,Damien Harris,RB,NE,6800,5715,8.7013,8.7013,1.3786721166482612,1.079734219269103,12.952799934745794,NYJ,25.0,43.0,14.861531867910681,statline_mc,1.315716755163626,30.10729228691607,0.0,0.0,0.0,12.535,79.75231852856065,0.602,0.97875,0.75175,9.051930818897292,0.03925,77.43114241001565,6.171189222442223,,classic,True
00-0032063,Mike Davis,RB,ATL,6300,5320,9.6288,9.6288,1.2352403271987726,1.079734219269103,12.842219440805401,MIA,25.0,48.5,12.864012263624856,statline_mc,2.3016348577692876,27.520233921820118,0.0,0.0,0.0,12.0,59.14748345774161,0.40275,3.576,2.64125,24.878460950312395,0.1455,82.1134585289515,8.432101000552382,,classic,True
00-0034869,Sam Darnold,QB,CAR,7700,1524,12.8694,12.8694,1.0110779618697965,0.9825581395348837,12.785022603579026,NYG,22.75,42.5,7.805634809409194,statline_mc,4.256876758012379,23.047457346170635,26.63675,186.41444448830276,0.946,3.489,14.709448240469142,0.21075,0.0,0.0,0.0,0.0,47.97585513078471,0.7191089338855681,,classic,True
00-0034845,Sony Michel,RB,LA,5300,5615,6.1288,6.1288,1.395141987677578,1.4684385382059801,12.555863731292593,DET,34.0,51.0,14.87390814941026,statline_mc,1.181053669718229,28.861448453101445,0.0,0.0,0.0,10.15475,80.94626317841814,0.513,0.77725,0.58375,9.55362413450782,0.043,82.77386541471047,8.81163577891342,,classic,True
DST_ARI,Arizona,D,ARI,5000,7001,12.4487999955,12.4487999955,1.669530992892825,1.7474600870827286,12.4487999955,HOU,33.75,47.0,6.3221,dst_simulated_session_10_4,0.0,0.0,0.0,0.0,0.0,0.0,0.0,0.0,0.0,0.0,0.0,0.0,91.65384615384615,24.03334778309547,,classic,True
00-0036223,Jonathan Taylor,RB,IND,8800,5820,14.038,14.038,1.0188933805709488,0.8205980066445183,11.737230898985638,SF,19.0,41.5,12.185917215970248,statline_mc,1.839954537631944,26.36088255792018,0.0,0.0,0.0,14.83175,61.008756607722546,0.44775,2.61,1.99375,17.194802382133815,0.07075,64.6056338028169,2.6244140573919728,,classic,True
00-0036555,Chuba Hubbard,RB,CAR,7300,5911,9.7782,9.7782,1.2104555698245578,0.9825581395348837,11.62969220397696,NYG,22.75,42.5,12.339521898887018,statline_mc,1.7850536556931902,25.688602420863095,0.0,0.0,0.0,13.561,64.16067801289417,0.363,2.761,1.97775,17.937494026875417,0.07375,71.24569640062597,4.085844728224814,,classic,True
00-0034348,Courtland Sutton,WR,DEN,6700,5637,11.9879,11.9879,1.1377612302933031,0.8313953488372093,11.339671702792792,CLE,19.25,40.5,12.158027077869786,statline_mc,2.271511554152176,25.774630613813567,0.0,0.0,0.0,0.0,0.0,0.0,8.30425,5.1005,67.34921702792789,0.3535,67.35550142963041,3.15521327149221,,classic,True
00-0035662,Marquise Brown,WR,BAL,7300,5730,10.2307,10.2307,0.9687943796347308,1.1229235880398671,11.12980875206355,CIN,26.0,45.5,12.887056166830478,statline_mc,1.7401788507835685,25.639186279580336,0.0,0.0,0.0,0.0,0.0,0.0,6.1255,4.10725,65.66683752063548,0.42525,81.4424970877899,8.070287726786372,,classic,True
00-0030564,DeAndre Hopkins,WR,ARI,8000,5206,9.3657,9.3657,0.8141727379432829,1.4576411960132891,11.114898918770342,HOU,33.75,47.0,12.580686681618515,statline_mc,1.601717061205121,25.577394953890845,0.0,0.0,0.0,0.0,0.0,0.0,6.07575,3.916,60.453989187703414,0.5255,85.66917293233081,10.697044893640486,,classic,True
00-0036945,Justin Fields,QB,CHI,6500,1567,12.6092,12.6092,1.164645830746462,0.7450166112956811,10.940767699021675,TB,17.25,47.0,6.76566792047798,statline_mc,3.4601550113307495,20.144362700300732,30.7645,177.61787978003872,0.882,2.69025,9.365525078201244,0.0835,0.0,0.0,0.0,0.0,40.44668008048289,0.435314104742321,,classic,True
00-0033897,Joe Mixon,RB,CIN,7200,5535,12.2118,12.2118,1.061747025579269,0.8421926910299004,10.919780505871492,BAL,19.5,45.5,11.450326095888492,statline_mc,1.7474386977665337,23.73268840690112,0.0,0.0,0.0,14.857,55.75355912069287,0.36125,3.103,2.3465,17.17174593802203,0.08125,68.79186228482003,3.4692538905118715,,classic,True
00-0035243,Miles Sanders,RB,PHI,5900,5714,9.6845,9.6845,1.108118507118122,1.0149501661129567,10.892040917393556,LV,23.5,48.0,10.880323923519944,statline_mc,2.128314902767258,23.155836033832202,0.0,0.0,0.0,10.6655,53.230219656370586,0.2205,3.81725,2.86525,23.613939517564976,0.10325,73.94287949921753,4.8907257192615265,,classic,True
00-0034837,Calvin Ridley,WR,ATL,7300,5631,8.2878,8.2878,1.2029169504111583,1.079734219269103,10.764437558634022,MIA,25.0,48.5,11.7940435234705,statline_mc,2.002158676552402,23.821608652915337,0.0,0.0,0.0,0.0,0.0,0.0,7.27625,4.4865,63.196875586340205,0.37625,84.41337498676268,9.83795301134685,,classic,True
00-0031408,Mike Evans,WR,TB,7100,5253,7.9501,7.9501,1.044134103065125,1.2848837209302326,10.6658003633168,CHI,29.75,47.0,12.597914932789724,statline_mc,1.536605573685531,24.883391244499162,0.0,0.0,0.0,0.0,0.0,0.0,5.86475,3.6035,63.015503633167974,0.433,84.10102721592713,9.635213663625956,,classic,True
00-0030506,Travis Kelce,TE,KC,8200,4582,14.3228,14.3228,0.5483655637584561,1.3280730897009967,10.43082803480182,TEN,30.75,57.5,9.178207911039602,statline_mc,2.5355869099761867,21.647450963737093,0.0,0.0,0.0,0.0,0.0,0.0,8.64,5.955,50.94828034801819,0.40825,95.1056338028169,14.900606298190366,,classic,True
DST_NE,New England,D,NE,4800,7018,10.354148644500002,10.354148644500002,1.3886135268669066,1.2863247863247862,10.354148644500002,NYJ,25.0,43.0,6.3991,dst_simulated_session_10_4,0.0,0.0,0.0,0.0,0.0,0.0,0.0,0.0,0.0,0.0,0.0,0.0,77.27302275189598,9.213969872270953,,classic,True
00-0034775,Christian Kirk,WR,ARI,6200,5636,8.7164,8.7164,0.8141727379432829,1.4576411960132891,10.344384976135695,HOU,33.75,47.0,12.158687036768896,statline_mc,1.6397212089325228,23.422309490523055,0.0,0.0,0.0,0.233,1.8718892650214383,0.00875,5.45,3.816,60.56696049633552,0.36375,84.76691729323308,10.072582707006855,,classic,True
DST_TB,Tampa Bay,D,TB,4400,7029,10.326649900500001,10.326649900500001,1.3849256207723255,1.3422519509476032,10.326649900500001,CHI,29.75,47.0,6.2594,dst_simulated_session_10_4,0.0,0.0,0.0,0.0,0.0,0.0,0.0,0.0,0.0,0.0,0.0,0.0,79.5839653304442,10.74868729797193,,classic,True
00-0034301,Darrel Williams,RB,KC,6700,5708,8.3813,8.3813,0.918635039450738,1.3280730897009967,10.22530394575165,TEN,30.75,57.5,10.239044414554254,statline_mc,1.638631169873519,22.692203871632646,0.0,0.0,0.0,8.311,38.83141680851282,0.446,3.1155,2.2785,20.66912264900366,0.09875,85.44835680751174,10.531518490506599,,classic,True
00-0036265,AJ Dillon,RB,GB,5400,5825,7.3957,7.3957,1.1233091648636089,1.2200996677740865,10.13622270526977,WAS,28.25,48.0,10.665953449629503,statline_mc,1.36701635345553,22.92105387208272,0.0,0.0,0.0,9.7295,59.563402092058126,0.265,1.691,1.30425,15.492574960639562,0.08525,74.93427230046947,5.224889005919448,,classic,True
00-0036613,Jaylen Waddle,WR,MIA,5900,5926,8.9526,8.9526,1.103814552584841,1.0149501661129567,10.029784370900844,ATL,23.5,48.5,10.625616191579736,statline_mc,1.845102522248364,22.209430491094917,0.0,0.0,0.0,0.2945,1.77636416633732,0.00925,6.723,4.58025,51.90522954267111,0.3955,79.77311235836069,7.22030228840097,,classic,True
00-0036900,Ja'Marr Chase,WR,CIN,7500,5924,14.2438,14.2438,0.8229331709003056,0.8421926910299004,9.87190936362828,BAL,19.5,45.5,10.724367160710337,statline_mc,1.8491133071395625,22.030998792292127,0.0,0.0,0.0,0.0,0.0,0.0,7.52975,4.7095,55.29659363628278,0.34075,69.73964841681668,3.6987659024127493,,classic,True
DST_LA,LA Rams,D,LA,4900,7025,9.859989667499999,9.859989667499999,1.3223409762744043,1.3619909502262444,9.859989667499999,DET,34.0,51.0,6.1245,dst_simulated_session_10_4,0.0,0.0,0.0,0.0,0.0,0.0,0.0,0.0,0.0,0.0,0.0,0.0,85.91061755146262,16.388181749676555,,classic,True
00-0035640,D.K. Metcalf,WR,SEA,7400,5725,11.678,11.678,1.0729340264113367,0.7774086378737541,9.740687964125947,NO,18.0,42.0,10.38596134308716,statline_mc,1.9142733426387046,21.408488404386077,0.0,0.0,0.0,0.0,0.0,0.0,7.232,4.6605,52.124379641259466,0.376,64.25600974266652,2.566192576086883,,classic,True
DST_CLE,Cleveland,D,CLE,3500,7008,9.679447318500001,9.679447318500001,1.2981281166177203,1.2027972027972027,9.679447318500001,DEN,21.25,40.5,6.2092,dst_simulated_session_10_4,0.0,0.0,0.0,0.0,0.0,0.0,0.0,0.0,0.0,0.0,0.0,0.0,65.81256771397616,4.29173234249251,,classic,True
00-0032211,Tyler Lockett,WR,SEA,6600,5386,11.5614,11.5614,1.0729340264113367,0.7774086378737541,9.643420484334897,NO,18.0,42.0,10.189428607764544,statline_mc,1.817149303143857,21.50549132881582,0.0,0.0,0.0,0.0,0.0,0.0,7.25975,4.521,54.58420484334894,0.32875,63.99285184792968,2.521564274689197,,classic,True
00-0036972,Mac Jones,QB,NE,6800,1572,10.5553,10.5553,0.8451602294121399,1.079734219269103,9.632244022389507,NYJ,25.0,43.0,6.116428424360917,statline_mc,2.9625455548414825,17.853192931445776,24.64775,156.89235690609163,0.81575,1.86525,6.32049746145841,0.06125,0.0,0.0,0.0,0.0,41.827967806841045,0.47730404503625773,,classic,True
00-0036936,Rondale Moore,WR,ARI,5800,5934,8.0991,8.0991,0.8141727379432829,1.4576411960132891,9.611726883065174,HOU,33.75,47.0,12.801552440483007,statline_mc,1.3797608262297247,21.851794399548304,0.0,0.0,0.0,2.2225,17.661597007807885,0.0725,4.38325,3.0655,45.033171822843855,0.23975,81.34586466165412,8.018464733223393,,classic,True
00-0035659,Terry McLaurin,WR,WAS,7200,5757,12.3472,12.3472,0.8957542698555554,0.8529900332225914,9.434134091320168,GB,19.75,48.0,9.725502098696447,statline_mc,2.0239570390205843,20.59917147764313,0.0,0.0,0.0,0.0,0.0,0.0,8.75425,5.12125,49.80509091320167,0.326,72.58789579582759,4.472208609680893,,classic,True
00-0033921,Chris Godwin,WR,TB,6700,5579,7.0261,7.0261,1.044134103065125,1.2848837209302326,9.426155774069302,CHI,29.75,47.0,11.21763252865143,statline_mc,1.4256779379037232,21.192925744745974,0.0,0.0,0.0,0.1225,0.5824950603990248,0.00325,5.1465,3.43625,57.96781268029401,0.31225,80.60478661442338,7.631937696315921,,classic,True
00-0036275,D'Andre Swift,RB,DET,7100,5822,13.8318,13.8318,0.925830614172284,0.7342192691029901,9.40231909061219,LA,17.0,51.0,8.766135119463845,statline_mc,2.2014058388068825,19.90919017610295,0.0,0.0,0.0,11.17425,26.69795667586127,0.2515,5.81575,4.51825,25.23898423026064,0.101,68.76604068857588,3.463286916330051,,classic,True
00-0036970,Kyle Pitts,TE,ATL,6100,4801,8.5331,8.5331,1.0154327445178388,1.079734219269103,9.355676230778274,MIA,25.0,48.5,9.014660780038103,statline_mc,1.7352222159553456,20.153604643601145,0.0,0.0,0.0,0.0,0.0,0.0,6.26475,4.1205,53.04926230778273,0.342,89.48591549295776,10.244633586571474,,classic,True
00-0034753,Mark Andrews,TE,BAL,7500,4721,12.7306,12.7306,0.6487929780514293,1.1229235880398671,9.274831570945814,CIN,26.0,45.5,8.58116168779559,statline_mc,2.092721274316284,19.202661125623674,0.0,0.0,0.0,0.0,0.0,0.0,7.28875,5.21225,48.247065709458155,0.31825,83.66901408450704,6.951521724137502,,classic,True
00-0028986,Case Keenum,QB,CLE,6000,1435,12.7635,12.7635,0.7857376973992575,0.9177740863787376,9.204166510962471,DEN,21.25,40.5,5.9631218669080805,statline_mc,2.543498771811492,17.130520567851065,30.729,150.05899973843916,0.9565,0.30625,0.8555652142490557,0.0085,0.0,0.0,0.0,0.0,43.76861167002012,0.5432284536190531,,classic,True
DST_NO,New Orleans,D,NO,4700,7019,9.198464823,9.198464823,1.2336226876955383,1.2863247863247862,9.198464823,SEA,24.0,42.0,6.1635,dst_simulated_session_10_4,0.0,0.0,0.0,0.0,0.0,0.0,0.0,0.0,0.0,0.0,0.0,0.0,61.847237269772485,3.2947658325666827,,classic,True
00-0035311,Myles Gaskin,RB,MIA,5600,5789,8.0495,8.0495,1.1234690665240876,1.0149501661129567,9.178604976897244,ATL,23.5,48.5,9.077300454762051,statline_mc,1.7529525144837157,19.939025001589737,0.0,0.0,0.0,6.45875,31.606301635937804,0.14975,4.2695,3.1915,25.852248133034625,0.17325,71.3528951486698,4.115149146035813,,classic,True
00-0033106,Jared Goff,QB,DET,6700,1490,13.5933,13.5933,0.9183644932472872,0.7342192691029901,9.165693956511502,LA,17.0,51.0,5.813116511576868,statline_mc,2.7947335726104194,17.07081039607631,36.34875,155.3610712362312,0.829,1.366,4.222511070622548,0.033,0.0,0.0,0.0,0.0,37.79778672032193,0.3648458587909592,,classic,True
00-0027942,A.J. Green,WR,ARI,5600,5091,7.6315,7.6315,0.8141727379432829,1.4576411960132891,9.056797383195526,HOU,33.75,47.0,11.556097001750832,statline_mc,1.1987586982638851,21.07904559007768,0.0,0.0,0.0,0.0,0.0,0.0,4.95675,3.06625,55.35172383195527,0.338,79.16541353383458,6.933630552431152,,classic,True
00-0031236,Brandin Cooks,WR,HOU,6500,5255,13.9489,13.9489,1.1290007973362808,0.5722591362126246,9.01214638567911,ARI,13.25,47.0,8.976190421618544,statline_mc,2.2667185843880326,18.751663144119505,0.0,0.0,0.0,0.103,0.5001157868797194,0.0015,9.05475,5.933,47.876348069911366,0.2095,64.33125066186592,2.57909709317156,,classic,True
DST_SF,San Francisco,D,SF,4000,7027,8.8721627625,8.8721627625,1.1898617305553751,1.2186234817813766,8.8721627625,IND,22.5,41.5,6.097,dst_simulated_session_10_4,0.0,0.0,0.0,0.0,0.0,0.0,0.0,0.0,0.0,0.0,0.0,0.0,57.1673889490791,2.411732116476965,,classic,True
DST_GB,Green Bay,D,GB,4100,7012,8.593492455,8.593492455,1.1524887536147541,1.172346640701071,8.593492455,WAS,28.25,48.0,6.1077,dst_simulated_session_10_4,0.0,0.0,0.0,0.0,0.0,0.0,0.0,0.0,0.0,0.0,0.0,0.0,69.11375947995666,5.348252713385215,,classic,True
00-0036309,Darnell Mooney,WR,CHI,5900,5857,10.4192,10.4192,1.1010769172857715,0.7450166112956811,8.547065797047308,TB,17.25,47.0,9.024471585937002,statline_mc,1.755796350910505,18.319428657000632,0.0,0.0,0.0,0.10925,0.6924839044676048,0.0025,7.27175,4.488,47.56317406600548,0.2525,64.42412368950545,2.595115200713026,,classic,True
00-0036415,Van Jefferson,WR,LA,5500,5844,6.4782,6.4782,0.8968493239751834,1.4684385382059801,8.531542568875121,DET,34.0,51.0,10.03837202015281,statline_mc,1.1531839431220359,20.026083154928404,0.0,0.0,0.0,0.0,0.0,0.0,4.7385,2.92425,52.03917568875122,0.31575,82.87996399449328,8.88194231840797,,classic,True
00-0036252,Michael Pittman Jr.,WR,IND,6400,5837,10.1793,10.1793,1.0177432987820945,0.8205980066445183,8.501364152470813,SF,19.0,41.5,8.628866412706099,statline_mc,1.789554629399688,18.43698461537486,0.0,0.0,0.0,0.4835,2.432632729193872,0.013,7.0295,4.48625,46.60475879551426,0.2215,60.79736312612517,2.037751249996448,,classic,True
DST_BAL,Baltimore,D,BAL,4300,7003,8.355661056,8.355661056,1.1205927562610258,1.1873767258382644,8.355661056,CIN,26.0,45.5,6.0916,dst_simulated_session_10_4,0.0,0.0,0.0,0.0,0.0,0.0,0.0,0.0,0.0,0.0,0.0,0.0,59.029252437703136,2.7304582232364747,,classic,True
DST_DEN,Denver,D,DEN,4500,7010,8.259415452,8.259415452,1.1076850849299922,1.0895927601809954,8.259415452,CLE,19.25,40.5,6.1736,dst_simulated_session_10_4,0.0,0.0,0.0,0.0,0.0,0.0,0.0,0.0,0.0,0.0,0.0,0.0,43.93878656554713,0.9984396029950432,,classic,True
00-0032688,Robby Anderson,WR,CAR,5500,5502,7.7947,7.7947,1.076876221241997,0.9825581395348837,8.24757263999439,NYG,22.75,42.5,9.76256063359631,statline_mc,1.3219101860260336,19.03108785609701,0.0,0.0,0.0,0.16,0.8975657488211728,0.00425,6.58825,3.156,45.64816065112273,0.337,64.33675738642381,2.580044092143016,,classic,True
00-0035700,Josh Jacobs,RB,LV,6900,5712,6.7557,6.7557,1.153690480354582,1.058139534883721,8.247177659600387,PHI,24.5,48.0,8.999118576548087,statline_mc,1.0214639121650613,19.059451328985244,0.0,0.0,0.0,8.0445,35.143237583437234,0.4105,1.8715,1.428,13.358539012566622,0.0545,73.99374021909232,4.907336920654834,,classic,True
00-0033090,Hunter Henry,TE,NE,5700,4675,6.1893,6.1893,1.2223450996801866,1.079734219269103,8.168647618866812,NYJ,25.0,43.0,8.497224680945408,statline_mc,1.1951338289043536,18.522773923467497,0.0,0.0,0.0,0.0,0.0,0.0,4.3495,3.09375,44.16772618866812,0.3745,80.75352112676056,5.723579472286654,,classic,True
00-0037013,Zach Wilson,QB,NYJ,6400,1566,12.1001,12.1001,0.8496348176661219,0.7774086378737541,7.992264139148727,NE,18.0,43.0,5.62806779066948,statline_mc,2.1201606139198264,15.390871993232667,32.1265,142.76893605217532,0.69275,1.99525,5.107566970617137,0.05,0.0,0.0,0.0,0.0,31.504024144869213,0.23982051466777846,,classic,True
00-0034983,Hunter Renfrow,WR,LV,5600,5761,9.3327,9.3327,0.8081499402853299,1.058139534883721,7.980757559235987,PHI,24.5,48.0,8.613102773573456,statline_mc,1.5816744300204868,17.690113582645957,0.0,0.0,0.0,0.0,0.0,0.0,6.517,4.34175,43.563825592359876,0.25025,72.43275442126442,4.426192016405079,,classic,True
DST_IND,Indianapolis,D,IND,4500,7013,7.927057120500001,7.927057120500001,1.0631119103761413,1.029059829059829,7.927057120500001,SF,19.0,41.5,6.2698,dst_simulated_session_10_4,0.0,0.0,0.0,0.0,0.0,0.0,0.0,0.0,0.0,0.0,0.0,0.0,41.02871072589382,0.8223685130549411,,classic,True
00-0036328,Antonio Gibson,RB,WAS,6600,5827,10.2175,10.2175,0.9026448734028572,0.8529900332225914,7.866961082138541,GB,19.75,48.0,8.550991249196182,statline_mc,1.1089281759689456,17.583046455195166,0.0,0.0,0.0,13.38825,41.61447687320481,0.31175,2.00125,1.48725,9.473883948180603,0.051,67.36776212832551,3.155034854328018,,classic,True
00-0036912,Devonta Smith,WR,PHI,5800,5925,9.3762,9.3762,0.8218381167806778,1.0149501661129567,7.8208791347715305,LV,23.5,48.0,9.452051205750177,statline_mc,1.5042690396342704,17.08490024815299,0.0,0.0,0.0,0.0,0.0,0.0,6.65,4.008,45.0087913477153,0.227,71.18431642486497,4.0727173272979105,,classic,True
00-0034438,Logan Woodside,QB,TEN,6000,1560,5.0257,5.0257,1.339691723242242,1.1553156146179402,7.778623039508576,KC,26.75,57.5,5.511759849501238,statline_mc,2.042691803711748,14.908662379985559,10.107,113.61738444908094,0.6975,0.7815,5.034276615453379,0.04525,0.0,0.0,0.0,0.0,58.75754527162978,1.4755590242426664,,classic,True
DST_NYG,New York G,D,NYG,3600,7020,7.7294917395,7.7294917395,1.0366160612323354,1.0177514792899407,7.7294917395,CAR,19.75,42.5,6.2182,dst_simulated_session_10_4,0.0,0.0,0.0,0.0,0.0,0.0,0.0,0.0,0.0,0.0,0.0,0.0,54.25731310942579,1.9864321773340698,,classic,True
00-0030565,Geno Smith,QB,SEA,6800,1426,13.3651,13.3651,0.7435691776937303,0.7774086378737541,7.7257662702410315,NO,18.0,42.0,5.397810127446411,statline_mc,2.048701639378524,14.817464571829694,31.00675,126.16657402459464,0.77925,1.26975,3.106033092572464,0.0265,0.0,0.0,0.0,0.0,23.248490945674043,0.13831337002293836,,classic,True
DST_CAR,Carolina,D,CAR,4500,7005,7.698637494,7.698637494,1.0324781427869274,1.172346640701071,7.698637494,NYG,22.75,42.5,6.0164,dst_simulated_session_10_4,0.0,0.0,0.0,0.0,0.0,0.0,0.0,0.0,0.0,0.0,0.0,0.0,45.113217768147344,1.0797546050957607,,classic,True
00-0033375,Tim Patrick,WR,DEN,6000,5651,8.127,8.127,1.1377612302933031,0.8313953488372093,7.687597220540767,CLE,19.25,40.5,9.58133892829065,statline_mc,1.0950946248984232,17.5379125543742,0.0,0.0,0.0,0.0,0.0,0.0,4.9875,3.26475,44.31722220540767,0.27725,57.80662924917929,1.669400555099977,,classic,True
00-0032602,J.D. McKissic,RB,WAS,5700,5586,9.9782,9.9782,0.9026448734028572,0.8529900332225914,7.682721521932348,GB,19.75,48.0,7.945653301508625,statline_mc,1.6566823285867862,16.17701247515792,0.0,0.0,0.0,5.243,16.50419571308348,0.1145,5.28275,3.90875,27.639269506239994,0.122,65.36776212832551,2.7612023251584326,,classic,True
00-0026197,Chad Henne,QB,KC,6000,1309,4.8079,4.8079,1.1880926731973285,1.3280730897009967,7.586307772380548,TEN,30.75,57.5,5.422988552544181,statline_mc,1.9654706220319156,14.751495967880462,9.1915,103.9367044376196,0.63075,1.3295,8.733395948757629,0.07175,0.0,0.0,0.0,0.0,59.2102615694165,1.5207718529947902,,classic,True
00-0034351,Dallas Goedert,TE,PHI,5900,4725,5.4815,5.4815,1.358161221866874,1.0149501661129567,7.555995063806225,LV,23.5,48.0,8.284746288440616,statline_mc,0.9640073609580098,17.654947735393645,0.0,0.0,0.0,0.0,0.0,0.0,3.65975,2.57475,44.501200638062265,0.30875,81.82394366197182,6.146949201172755,,classic,True
00-0033871,Corey Davis,WR,NYJ,5900,5550,9.6329,9.6329,1.000879465339826,0.7774086378737541,7.495248484792198,NE,18.0,43.0,8.499985774168024,statline_mc,1.3161837477243374,16.686171331755258,0.0,0.0,0.0,0.0,0.0,0.0,6.373,3.701,40.11748484792198,0.27975,59.22582865614741,1.8350613363413055,,classic,True
00-0034829,Mike Gesicki,TE,MIA,6000,4719,8.4737,8.4737,0.8550676988373135,1.0149501661129567,7.353929986173851,ATL,23.5,48.5,7.322167769208065,statline_mc,1.4882327541450253,15.950696456860017,0.0,0.0,0.0,0.0,0.0,0.0,6.01675,4.0685,39.8267998617385,0.23325,82.2887323943662,6.340399692103546,,classic,True
00-0036219,Marquez Callaway,WR,NO,5800,5877,6.4407,6.4407,1.0961491737474462,1.036544850498339,7.317956958713832,SEA,24.0,42.0,8.964893167856772,statline_mc,0.9837597791503817,16.904056421588013,0.0,0.0,0.0,0.0,0.0,0.0,4.481,2.6815,42.88706958713831,0.2865,63.27147093084825,2.4031668580322356,,classic,True
DST_ATL,Atlanta,D,ATL,3900,7002,7.173869796,7.173869796,0.9621006014820047,0.9852700490998363,7.173869796,MIA,25.0,48.5,6.1568,dst_simulated_session_10_4,0.0,0.0,0.0,0.0,0.0,0.0,0.0,0.0,0.0,0.0,0.0,0.0,51.66901408450704,1.6716094177876395,,classic,True
00-0034960,Jakobi Meyers,WR,NE,5700,5749,9.6028,9.6028,0.6898840953655256,1.079734219269103,7.1530569023679975,NYJ,25.0,43.0,6.96042301927033,statline_mc,1.6849799320735377,15.302205412751176,0.0,0.0,0.0,0.0,0.0,0.0,7.314,4.7675,37.41806902367997,0.179,65.7678174309012,2.8383147885300755,,classic,True
00-0033955,Jeremy McNichols,RB,TEN,5500,5542,5.6314,5.6314,1.0913288327678476,1.1553156146179402,7.1001920509194125,KC,26.75,57.5,9.080483451462461,statline_mc,1.0210292313012213,16.55953694337949,0.0,0.0,0.0,0.858,4.678846212071223,0.02575,4.61125,3.42325,37.146824297122905,0.183,73.52738654147105,4.757113947477476,,classic,True
00-0036924,Michael Carter,RB,NYJ,5600,5907,9.8109,9.8109,0.9306276639866482,0.7774086378737541,7.097960732880325,NE,18.0,43.0,7.769649077148578,statline_mc,1.0898064971537402,16.042444268768232,0.0,0.0,0.0,11.94075,32.86595951718633,0.287,2.52075,1.7915,10.441147811616904,0.0505,54.71830985915493,1.3575786727876302,,classic,True
00-0033110,Tyler Higbee,TE,LA,5500,4680,5.9714,5.9714,0.8066074862261012,1.4684385382059801,7.072830492663421,DET,34.0,51.0,7.730408134073477,statline_mc,1.0360241161865742,16.041933308417917,0.0,0.0,0.0,0.0,0.0,0.0,4.2295,3.13275,37.519554926634214,0.2995,91.88028169014085,12.017674354914883,,classic,True
00-0036357,Henry Ruggs III,WR,LV,5700,5833,8.054,8.054,0.8081499402853299,1.058139534883721,6.887276665904439,PHI,24.5,48.0,8.22408667333285,statline_mc,1.0186477018747062,15.68150452216462,0.0,0.0,0.0,0.1825,0.8419243093304144,0.00375,4.6865,2.865,41.99084234971397,0.19775,68.63576194006141,3.4363394530880127,,classic,True
00-0035229,T.J. Hockenson,TE,DET,6200,4749,9.3071,9.3071,1.0026800569885723,0.7342192691029901,6.8517481775604825,LA,17.0,51.0,6.364852046068234,statline_mc,1.4962447726157573,14.55919141849898,0.0,0.0,0.0,0.0,0.0,0.0,6.408,4.444,32.83248177560481,0.2345,74.68309859154928,3.8186599240881915,,classic,True
00-0035676,A.J. Brown,WR,TEN,7000,5728,6.3572,6.3572,0.9307960016836456,1.1553156146179402,6.836335246451352,KC,26.75,57.5,8.384204012384874,statline_mc,1.073280310722067,15.755204304156823,0.0,0.0,0.0,0.1115,0.7657905414761339,0.00325,5.13,2.84,39.642561923037384,0.2325,77.99062797839669,6.411315834315854,,classic,True
DST_SEA,Seattle,D,SEA,3600,7028,6.7167850184999995,6.7167850184999995,0.9008001385705897,0.9647435897435898,6.7167850184999995,NO,18.0,42.0,5.9965,dst_simulated_session_10_4,0.0,0.0,0.0,0.0,0.0,0.0,0.0,0.0,0.0,0.0,0.0,0.0,38.91332611050922,0.7141999508108875,,classic,True
DST_KC,Kansas City,D,KC,3400,7015,6.691495995,6.691495995,0.8974085820728946,0.8655643421998562,6.691495995,TEN,30.75,57.5,6.2888,dst_simulated_session_10_4,0.0,0.0,0.0,0.0,0.0,0.0,0.0,0.0,0.0,0.0,0.0,0.0,71.24322860238352,6.164053026894497,,classic,True
DST_MIA,Miami,D,MIA,4000,7016,6.656958882,6.656958882,0.8927767476326767,0.9261538461538461,6.656958882,ATL,23.5,48.5,6.1198,dst_simulated_session_10_4,0.0,0.0,0.0,0.0,0.0,0.0,0.0,0.0,0.0,0.0,0.0,0.0,42.17768147345612,0.8878356589816198,,classic,True
00-0031428,Allen Robinson,WR,CHI,5800,5258,8.0086,8.0086,1.1010769172857715,0.7450166112956811,6.5696286213359025,TB,17.25,47.0,7.17393132829229,statline_mc,1.2297136406389608,14.93144635480085,0.0,0.0,0.0,0.0,0.0,0.0,5.9245,3.51,36.496286213359035,0.201,57.58201842634756,1.644589087357044,,classic,True
DST_NYJ,New York J,D,NYJ,3300,7021,6.527567470500001,6.527567470500001,0.8754238323483533,0.9261538461538461,6.527567470500001,NE,18.0,43.0,6.159,dst_simulated_session_10_4,0.0,0.0,0.0,0.0,0.0,0.0,0.0,0.0,0.0,0.0,0.0,0.0,51.026002166847235,1.6014659433873102,,classic,True
DST_LV,Las Vegas,D,LV,4200,7022,6.52699458,6.52699458,0.8753470009713827,0.9852700490998363,6.52699458,PHI,24.5,48.0,6.0829,dst_simulated_session_10_4,0.0,0.0,0.0,0.0,0.0,0.0,0.0,0.0,0.0,0.0,0.0,0.0,41.356988082340195,0.8405645625963292,,classic,True
00-0034297,Byron Pringle,WR,KC,5200,5759,3.5123,3.5123,1.3901712048675157,1.3280730897009967,6.484632474759042,TEN,30.75,57.5,9.154627436739588,statline_mc,0.0,16.549819264801766,0.0,0.0,0.0,0.0,0.0,0.0,2.5625,1.612,40.94132474759042,0.26725,71.87943450174731,4.265893392873595,,classic,True
00-0027944,Julio Jones,WR,TEN,6900,5089,6.0281,6.0281,0.9307960016836456,1.1553156146179402,6.482430908826018,KC,26.75,57.5,7.737446763356611,statline_mc,0.8686567426143743,15.395388487898169,0.0,0.0,0.0,0.0,0.0,0.0,4.2435,2.59325,40.99305908826017,0.18625,76.37408662501323,5.756301136736815,,classic,True
00-0033009,Tyler Boyd,WR,CIN,5800,5455,9.1532,9.1532,0.8229331709003056,0.8421926910299004,6.343825952551256,BAL,19.5,45.5,6.423619771590415,statline_mc,1.3800085735758632,13.92999991890475,0.0,0.0,0.0,0.0,0.0,0.0,6.17675,4.07825,32.672009525512564,0.18125,58.49904691305729,1.7482683618597674,,classic,True
DST_PHI,Philadelphia,D,PHI,3500,7023,6.28147008,6.28147008,0.8424192679840514,0.945054945054945,6.28147008,LV,23.5,48.0,6.1273,dst_simulated_session_10_4,0.0,0.0,0.0,0.0,0.0,0.0,0.0,0.0,0.0,0.0,0.0,0.0,48.15655471289274,1.3226309904756812,,classic,True
00-0032144,Melvin Gordon,RB,DEN,5900,2991,10.2422,10.2422,0.7227555053642011,0.8313953488372093,6.154469780557179,CLE,19.25,40.5,6.551707838569951,statline_mc,0.9277098820896552,13.897910412749516,0.0,0.0,0.0,12.4525,33.06974461119769,0.2045,2.106,1.60125,7.9237031943741005,0.0325,52.802034428795,1.1947668120244894,,classic,True
00-0028002,Randall Cobb,WR,GB,5400,5125,4.0013,4.0013,1.2516468587345966,1.2200996677740865,6.110501400621496,WAS,28.25,48.0,8.303195979692214,statline_mc,0.3128147038590633,15.280730268208675,0.0,0.0,0.0,0.0665,0.5942040065449168,0.0025,2.85075,1.829,37.03080999967003,0.24,68.2939214232765,3.3589130498009285,,classic,True
00-0032775,Demarcus Robinson,WR,KC,5300,5515,3.2631,3.2631,1.3901712048675157,1.3280730897009967,6.024547679247261,TEN,30.75,57.5,9.257720652669327,statline_mc,0.13021592218031652,14.80532604216373,0.0,0.0,0.0,0.0,0.0,0.0,2.59975,1.574,37.26547679247261,0.25475,72.70650217092026,4.507710948287506,,classic,True
00-0031235,Odell Beckham Jr.,WR,CLE,6100,5323,6.2088,6.2088,1.0282558183305217,0.9177740863787376,5.859300410064585,DEN,21.25,40.5,6.754707327492762,statline_mc,0.916266258079367,13.701978477675485,0.0,0.0,0.0,0.05825,0.4334784363311206,0.00275,4.8325,2.713,34.96452566431473,0.16475,55.2573334745314,1.4084806374436203,,classic,True
00-0036898,Davis Mills,QB,HOU,6400,1574,12.2672,12.2672,0.8338842670121049,0.5722591362126246,5.853893848070862,ARI,13.25,47.0,4.490434957511909,statline_mc,1.1682090471720203,12.17347976838181,32.8515,104.91335271833834,0.62425,1.29,2.2760973933732833,0.02275,0.0,0.0,0.0,0.0,28.120724346076457,0.19139463878293814,,classic,True
DST_CIN,Cincinnati,D,CIN,3500,7007,5.794185789,5.794185789,0.7770686939151947,0.8905325443786982,5.794185789,BAL,19.5,45.5,6.1187,dst_simulated_session_10_4,0.0,0.0,0.0,0.0,0.0,0.0,0.0,0.0,0.0,0.0,0.0,0.0,34.32177681473456,0.5258729690702868,,classic,True
00-0035644,Noah Fant,TE,DEN,6000,4748,9.3767,9.3767,0.7412499626386108,0.8313953488372093,5.778598406578083,CLE,19.25,40.5,5.463665389811137,statline_mc,1.255527505332231,12.562754939608459,0.0,0.0,0.0,0.0,0.0,0.0,5.9795,4.06025,24.669734065780837,0.22275,63.53521126760564,1.8161285544999917,,classic,True
00-0032134,C.J. Uzomah,TE,CIN,5200,4656,4.6918,4.6918,1.4490241205128973,0.8421926910299004,5.725703690402737,BAL,19.5,45.5,6.593934401912261,statline_mc,0.634389378376818,13.384128481634487,0.0,0.0,0.0,0.0,0.0,0.0,3.09725,2.2085,30.369536904027374,0.269,66.97887323943661,2.284813798456363,,classic,True
00-0036919,Kenny Gainwell,RB,PHI,5200,5910,5.0707,5.0707,1.108118507118122,1.0149501661129567,5.702903452393026,LV,23.5,48.0,7.158968813823146,statline_mc,0.846584803740443,13.199223688897668,0.0,0.0,0.0,2.0415,10.09410371453491,0.08475,3.67425,2.57675,23.58618080939535,0.099,59.220657276995304,1.8328263332796475,,classic,True
00-0036997,Javonte Williams,RB,DEN,5700,5905,9.4705,9.4705,0.7227555053642011,0.8313953488372093,5.690809539192051,CLE,19.25,40.5,5.990032188411474,statline_mc,0.9520621211884315,12.637391438860211,0.0,0.0,0.0,11.16575,29.866337580998394,0.15625,2.279,1.8155,8.11925781092211,0.0315,50.02425665101721,0.9927919482928728,,classic,True
00-0034521,Allen Lazard,WR,GB,5500,5711,3.6982,3.6982,1.2516468587345966,1.2200996677740865,5.64764030101279,WAS,28.25,48.0,7.398335727521424,statline_mc,0.34444823027107196,13.618050931761417,0.0,0.0,0.0,0.0,0.0,0.0,2.96775,1.8435,34.6139030101279,0.21375,68.03076352853965,3.3004986559039127,,classic,True
00-0033757,Robert Tonyan,TE,GB,5100,4744,4.3973,4.3973,1.0505026352233215,1.2200996677740865,5.636147314667049,WAS,28.25,48.0,6.413642141897695,statline_mc,0.6896519388578337,13.359613493953368,0.0,0.0,0.0,0.0,0.0,0.0,3.65325,2.286,29.75647314667049,0.2585,80.1619718309859,5.50225369932471,,classic,True
00-0036457,Ty'Son Williams,RB,BAL,5500,5909,5.1685,5.1685,0.9610089794776212,1.1229235880398671,5.577523322029943,CIN,26.0,45.5,6.422835794401637,statline_mc,0.6801416125708883,13.082819388642447,0.0,0.0,0.0,5.01775,25.4772466241325,0.158,1.74075,1.29525,12.13673659616692,0.05075,62.183098591549296,2.233020844302954,,classic,True
00-0036271,Quez Watkins,WR,PHI,5300,5895,6.5983,6.5983,0.8218381167806778,1.0149501661129567,5.50377491931496,LV,23.5,48.0,6.590564485494811,statline_mc,0.8381594687808559,12.897425074532894,0.0,0.0,0.0,0.0,0.0,0.0,4.1595,2.66875,34.258999193149606,0.1295,60.658000635391296,2.0189065211837782,,classic,True
00-0036365,Bryan Edwards,WR,LV,5200,5854,6.3963,6.3963,0.8081499402853299,1.058139534883721,5.469716208062586,PHI,24.5,48.0,6.2255027422643145,statline_mc,0.8117708124878307,12.376253311895573,0.0,0.0,0.0,0.0,0.0,0.0,4.46075,2.57675,33.57841208062587,0.1415,60.66583712803135,2.0199615398209225,,classic,True
00-0032464,Kalif Raymond,WR,DET,5500,5520,7.1398,7.1398,1.0293508724501492,0.7342192691029901,5.396013541375495,LA,17.0,51.0,6.001136098923953,statline_mc,0.8990202624507683,12.311462179917886,0.0,0.0,0.0,0.0,0.0,0.0,4.99175,3.08,27.505135413754942,0.18875,56.31658371280314,1.511538859078615,,classic,True
00-0029239,Brandon Bolden,RB,NE,5000,2874,3.5348,3.5348,1.3786721166482612,1.079734219269103,5.261934616651921,NYJ,25.0,43.0,6.543445617436508,statline_mc,0.6077856573156066,12.295483293725939,0.0,0.0,0.0,1.422,8.185688594451179,0.05825,2.78275,2.20775,24.33490757206802,0.09975,58.9866979655712,1.8044610003255055,,classic,True
00-0033118,Kenyan Drake,RB,LV,5500,5446,4.3022,4.3022,1.153690480354582,1.058139534883721,5.252019715492899,PHI,24.5,48.0,6.371558305430606,statline_mc,0.6412279024835447,12.162455681692315,0.0,0.0,0.0,3.39375,15.239390365043405,0.114,2.14525,1.5995,18.208306789885587,0.07825,62.04929577464789,2.2131904559107856,,classic,True
DST_WAS,Washington,D,WAS,3800,7031,5.168180155500002,5.168180155500002,0.693113950708496,0.8196051735874744,5.168180155500002,GB,19.75,48.0,6.0071,dst_simulated_session_10_4,0.0,0.0,0.0,0.0,0.0,0.0,0.0,0.0,0.0,0.0,0.0,0.0,28.401950162513543,0.3543923276857254,,classic,True
00-0026189,DeSean Jackson,WR,LA,5400,3770,3.9101,3.9101,0.8968493239751834,1.4684385382059801,5.149449275311419,DET,34.0,51.0,7.1985147138372225,statline_mc,0.0656927052609712,12.960033189116075,0.0,0.0,0.0,0.0,0.0,0.0,2.62275,1.5115,33.971992753114186,0.17,70.5867309117865,3.913653710401814,,classic,True
00-0033948,Jamaal Williams,RB,DET,5300,5541,7.5637,7.5637,0.925830614172284,0.7342192691029901,5.141531936333362,LA,17.0,51.0,5.747886835536706,statline_mc,0.6536562493034028,11.975444041494015,0.0,0.0,0.0,9.4715,28.03124939995342,0.197,1.51475,1.17975,5.615319963380207,0.0215,52.37715179968701,1.161399242067938,,classic,True
00-0036290,Cole Kmet,TE,CHI,4900,4778,5.3486,5.3486,1.2816450966912754,0.7450166112956811,5.107070170094986,TB,17.25,47.0,5.549052599312074,statline_mc,0.7969522615057405,11.887522406296464,0.0,0.0,0.0,0.0,0.0,0.0,4.30425,2.6855,26.623201700949867,0.1905,61.112676056338024,1.5452793764419954,,classic,True
00-0033526,Samaje Perine,RB,CIN,5400,5538,5.6938,5.6938,1.061747025579269,0.8421926910299004,5.091335856574289,BAL,19.5,45.5,5.7844156035940655,statline_mc,0.7314466937045826,11.68187078642872,0.0,0.0,0.0,4.87575,17.358808561800192,0.10475,2.46775,1.85325,13.908300003942692,0.08075,50.62519561815337,1.033373241190945,,classic,True
00-0036331,Devin Duvernay,WR,BAL,5200,5841,4.5953,4.5953,0.9687943796347308,1.1229235880398671,4.999194738001024,CIN,26.0,45.5,6.610661570656591,statline_mc,0.530655537002715,12.355172520811394,0.0,0.0,0.0,0.257,1.766412881387698,0.011,3.29325,2.0075,27.118034498622553,0.178,57.64550460658689,1.6515644167931418,,classic,True
00-0033858,Jonnu Smith,TE,NE,4900,4706,3.781,3.781,1.2223450996801866,1.079734219269103,4.990185109468729,NYJ,25.0,43.0,6.166260110408596,statline_mc,0.43619424100938203,11.950517181734888,0.0,0.0,0.0,0.0,0.0,0.0,3.12225,2.02075,26.82310109468729,0.2215,68.21830985915493,2.4816251311076325,,classic,True
00-0033611,Ricky Seals-Jones,TE,WAS,5400,4712,5.5332,5.5332,1.0460391945880785,0.8529900332225914,4.937071872670653,GB,19.75,48.0,5.634327627363332,statline_mc,0.6698719715349194,11.460546984784996,0.0,0.0,0.0,0.0,0.0,0.0,3.93025,2.50225,24.704468726706523,0.2095,70.1056338028169,2.814360997215875,,classic,True
00-0032426,Alex Collins,RB,SEA,6500,5450,7.3057,7.3057,0.8663471964741682,0.7774086378737541,4.92041439438335,NO,18.0,42.0,5.559282357930173,statline_mc,0.5705839058969304,11.670946586615539,0.0,0.0,0.0,8.88025,25.99550087633024,0.1815,1.46425,1.108,6.68864306750325,0.02175,49.16118935837246,0.9372811627983927,,classic,True
DST_CHI,Chicago,D,CHI,3700,7006,4.9083333929999995,4.9083333929999995,0.6582654332969035,0.7782805429864253,4.9083333929999995,TB,17.25,47.0,6.0821,dst_simulated_session_10_4,0.0,0.0,0.0,0.0,0.0,0.0,0.0,0.0,0.0,0.0,0.0,0.0,21.386240520043337,0.22200293302061988,,classic,True
DST_TEN,Tennessee,D,TEN,3200,7030,4.862420311499999,4.862420311499999,0.6521079472282726,0.7529706066291432,4.862420311499999,KC,26.75,57.5,6.053,dst_simulated_session_10_4,0.0,0.0,0.0,0.0,0.0,0.0,0.0,0.0,0.0,0.0,0.0,0.0,50.47183098591549,1.5433797877004682,,classic,True
00-0031549,Nelson Agholor,WR,NE,5500,5378,6.429,6.429,0.6898840953655256,1.079734219269103,4.788876488601082,NYJ,25.0,43.0,5.633954501860436,statline_mc,0.6823633723213246,11.031708721249393,0.0,0.0,0.0,0.53475,2.131214071291196,0.01475,4.22725,2.43675,23.70380081471962,0.15525,57.76029863390871,1.6642522197210878,,classic,True
00-0033251,Zach Pascal,WR,IND,5200,5647,5.7234,5.7234,1.0177432987820945,0.8205980066445183,4.779950706224705,SF,19.0,41.5,5.552569974071587,statline_mc,0.6602378840497738,11.270567803849111,0.0,0.0,0.0,0.0,0.0,0.0,4.02325,2.429,24.554507062247048,0.1895,42.526686434395856,0.6027828631580064,,classic,True
00-0032977,Rashard Higgins,WR,CLE,5100,5475,5.0164,5.0164,1.0282558183305217,0.9177740863787376,4.7339834700459145,DEN,21.25,40.5,5.878586108723168,statline_mc,0.6225022727968461,10.985296867726214,0.0,0.0,0.0,0.0,0.0,0.0,3.759,2.202,26.349834700459148,0.17,43.866356030922375,0.6590954364000008,,classic,True
00-0031806,Malcolm Brown,RB,MIA,5200,5441,4.0752,4.0752,1.1234690665240876,1.0149501661129567,4.646771550486488,ATL,23.5,48.5,6.160154304956466,statline_mc,0.29548603832352993,11.718965807794072,0.0,0.0,0.0,6.00325,28.09530731927708,0.20375,0.59225,0.426,3.7424081855877906,0.01625,55.908450704225345,1.4696811144649269,,classic,True
00-0030456,Giovani Bernard,RB,TB,4900,2889,3.8378,3.8378,0.928229139079466,1.2848837209302326,4.57725979867524,CHI,29.75,47.0,6.377014538322909,statline_mc,0.5286806306070122,10.706291631535489,0.0,0.0,0.0,1.036,5.170665499902245,0.03175,2.85475,2.25875,20.133182486850163,0.12725,63.06259780907668,2.367864723870667,,classic,True
00-0031941,Jamison Crowder,WR,NYJ,5800,5410,5.8748,5.8748,1.000879465339826,0.7774086378737541,4.571111759409254,NE,18.0,43.0,5.15536723495505,statline_mc,0.6544680095415751,10.811644773287528,0.0,0.0,0.0,0.07225,0.2973915899633687,0.002,4.1965,2.657,23.30872600412917,0.151,49.26342264110982,0.9445161489960332,,classic,True
00-0035350,Preston Williams,WR,MIA,5200,5755,3.9646,3.9646,1.103814552584841,1.0149501661129567,4.441553544924115,ATL,23.5,48.5,5.789463640457927,statline_mc,0.35112158165248786,10.839303417391221,0.0,0.0,0.0,0.4785,3.0164982119041466,0.01525,2.88425,1.6635,24.251537237336997,0.1365,56.46484168166896,1.5265527800401435,,classic,True
00-0033307,Kendrick Bourne,WR,NE,5300,5598,5.9103,5.9103,0.6898840953655256,1.079734219269103,4.402554397134991,NYJ,25.0,43.0,5.6533830360213795,statline_mc,0.5646978747253599,10.533724464564065,0.0,0.0,0.0,0.33125,1.8691881649039064,0.00475,3.367,2.19675,23.282605806445993,0.13225,54.264058032404954,1.318234311691117,,classic,True
00-0034816,Ronald Jones,RB,TB,5100,5617,3.6285,3.6285,0.928229139079466,1.2848837209302326,4.327532122069668,CHI,29.75,47.0,5.5801191960530785,statline_mc,0.2810052347084218,10.749349418528803,0.0,0.0,0.0,5.3435,24.783802641681802,0.178,0.6525,0.46625,4.94026857901487,0.02075,58.618153364632235,1.7606662566832116,,classic,True
00-0036410,Tee Higgins,WR,CIN,6100,5839,6.2329,6.2329,0.8229331709003056,0.8421926910299004,4.319831221395247,BAL,19.5,45.5,4.904768680897503,statline_mc,0.6507731815181506,10.24013006933968,0.0,0.0,0.0,0.0,0.0,0.0,4.30425,2.602,21.273312213952472,0.1535,52.63438525892195,1.1825207004916953,,classic,True
00-0036261,Brandon Aiyuk,WR,SF,5700,5830,3.9411,3.9411,1.1081947690633522,0.9717607973421927,4.244225149470658,IND,22.5,41.5,5.540361452691705,statline_mc,0.31770157729890786,10.743420794529179,0.0,0.0,0.0,0.1685,0.9822016542463412,0.00525,2.99725,1.72025,23.278799840460245,0.158,48.46293550778355,0.8954326200442229,,classic,True
00-0035537,Ty Johnson,RB,NYJ,5100,5742,5.7948,5.7948,0.9306276639866482,0.7774086378737541,4.192445326570722,NE,18.0,43.0,4.742230126906955,statline_mc,0.5450156602645003,9.944833013851326,0.0,0.0,0.0,5.29275,15.396669682427866,0.10975,2.43525,1.63875,9.829033583279353,0.0465,42.773865414710485,0.6122628648372241,,classic,True
00-0035208,Olamide Zaccheaus,WR,ATL,5300,5799,3.2063,3.2063,1.2029169504111583,1.079734219269103,4.164487096337933,MIA,25.0,48.5,5.72689664636413,statline_mc,0.09872185021801236,10.498916305554278,0.0,0.0,0.0,0.0,0.0,0.0,2.7365,1.523,24.234870963379326,0.16575,58.99984115217621,1.8076218261677282,,classic,True
00-0034830,Hayden Hurst,TE,ATL,4800,4720,3.7656,3.7656,1.0154327445178388,1.079734219269103,4.1285513413117565,MIA,25.0,48.5,4.8259862515734415,statline_mc,0.3060802649303175,10.124273036755792,0.0,0.0,0.0,0.0,0.0,0.0,2.76375,1.9545,20.953013413117567,0.18,70.96478873239437,2.9802650273518356,,classic,True
00-0034367,Nyheim Hines,RB,IND,5300,5623,4.9126,4.9126,1.0188933805709488,0.8205980066445183,4.107420627843294,SF,19.0,41.5,4.6492345910281125,statline_mc,0.5927548965690244,9.807362146062854,0.0,0.0,0.0,3.7225,12.384483100418398,0.09475,2.313,1.69625,11.913473178014547,0.05325,40.55007824726135,0.5279012449714607,,classic,True
00-0036020,Salvon Ahmed,RB,MIA,5100,5886,3.5962,3.5962,1.1234690665240876,1.0149501661129567,4.10061708660586,ATL,23.5,48.5,4.7700828220045075,statline_mc,0.4749870662421725,10.20101371962735,0.0,0.0,0.0,4.406,17.519490026643528,0.11575,1.472,1.0225,9.839180839415066,0.0365,54.74178403755868,1.3597048723107394,,classic,True
00-0036387,Jalen Reagor,WR,PHI,5200,5834,4.9126,4.9126,0.8218381167806778,1.0149501661129567,4.09775788365888,LV,23.5,48.0,4.82750575068542,statline_mc,0.5887037251686238,9.941057684804905,0.0,0.0,0.0,0.25225,1.1861087962166805,0.00575,3.77,2.26325,20.665220040372123,0.12875,53.064015672985285,1.2168802050623342,,classic,True
00-0029632,Mohamed Sanu,WR,SF,4800,5159,3.7853,3.7853,1.1081947690633522,0.9717607973421927,4.076354995121248,IND,22.5,41.5,5.396005028000996,statline_mc,0.32745340029965914,9.958337954294365,0.0,0.0,0.0,0.0,0.0,0.0,3.05,1.849,23.333549951212472,0.14,49.177221222069264,0.9391038067873068,,classic,True
00-0026625,Brian Hoyer,QB,NE,6000,1336,4.3565,4.3565,0.8451602294121399,1.079734219269103,3.975523412313754,NYJ,25.0,43.0,3.66234964803358,statline_mc,0.6306843954767907,9.025189569264892,7.8505,51.19015262846997,0.32375,1.889,6.971673071749556,0.06525,0.0,0.0,0.0,0.0,42.11368209255534,0.4864826888025758,,classic,True
00-0036247,Freddie Swain,WR,SEA,5000,5853,4.7356,4.7356,1.0729340264113367,0.7774086378737541,3.9499660336333475,NO,18.0,42.0,5.465530183743143,statline_mc,0.4760752770582439,9.565359193039908,0.0,0.0,0.0,0.14825,0.959603099707393,0.00475,3.226,2.008,20.110057236626083,0.13975,40.98533305093721,0.54391889484465,,classic,True
00-0036567,Elijah Mitchell,RB,SF,5800,5947,5.4046,5.4046,0.751537804250386,0.9717607973421927,3.947027752365574,IND,22.5,41.5,4.8958423993462175,statline_mc,0.32740264353060405,9.720820498415428,0.0,0.0,0.0,7.684,22.846384452979713,0.14775,0.891,0.694,4.098893070676027,0.0185,48.381064162754306,0.8897806377191279,,classic,True
00-0036550,Rashod Bateman,WR,BAL,5300,5930,3.6101,3.6101,0.9687943796347308,1.1229235880398671,3.9273763799382544,CIN,26.0,45.5,5.004478088358162,statline_mc,0.2389102052450962,9.589911578690945,0.0,0.0,0.0,0.08,0.43442265475279296,0.002,2.83625,1.7145,22.226841144629756,0.13575,53.51016626072223,1.253617970475144,,classic,True
00-0033275,P.J. Walker,QB,CAR,6000,1558,3.8782,3.8782,1.0110779618697965,0.9825581395348837,3.8527875722366036,NYG,22.75,42.5,3.5501315737825956,statline_mc,0.603034531914343,8.559854932050518,7.0085,49.58808323018913,0.303,1.67575,6.742642430290381,0.063,0.0,0.0,0.0,0.0,35.83299798792757,0.32005378001236795,,classic,True
00-0031285,Devonta Freeman,RB,BAL,5700,2930,3.5429,3.5429,0.9610089794776212,1.1229235880398671,3.82329955069224,CIN,26.0,45.5,4.577909137156252,statline_mc,0.347749762022635,9.174371464688713,0.0,0.0,0.0,3.01325,14.77052687349543,0.11325,1.48225,1.05725,9.421218633426967,0.03975,56.183098591549296,1.4968386351516991,,classic,True
00-0030874,Damien Williams,RB,CHI,6100,2957,6.35,6.35,0.8059043688131798,0.7450166112956811,3.812587410499127,TB,17.25,47.0,3.98771957155766,statline_mc,0.6469120866328529,9.162904937144758,0.0,0.0,0.0,4.9015,12.002260691611532,0.098,2.60175,1.952,8.743613413379732,0.042,47.39906103286385,0.8333953026033812,,classic,True
00-0034765,Tre'Quan Smith,WR,NO,5000,5639,3.3492,3.3492,1.0961491737474462,1.036544850498339,3.8054024720525157,SEA,24.0,42.0,5.234046677974448,statline_mc,7.113344327386875e-06,9.591710403003079,0.0,0.0,0.0,0.116,0.7045513623300557,0.00425,2.536,1.53225,21.823223358195097,0.13,47.25643333686329,0.8262302583231439,,classic,True
00-0029664,Josh Gordon,WR,KC,5000,5165,2.0114,2.0114,1.3901712048675157,1.3280730897009967,3.7135139340643355,TEN,30.75,57.5,5.889736770835203,statline_mc,0.0,10.231388721796131,0.0,0.0,0.0,0.04675,0.5043518899935024,0.00225,1.60925,0.978,23.065787450649847,0.144,62.74409615588266,2.320143583948243,,classic,True
DST_HOU,Houston,D,HOU,3000,7032,3.7053451844999987,3.7053451844999987,0.4969305175699761,0.686039886039886,3.7053451844999987,ARI,13.25,47.0,5.8998,dst_simulated_session_10_4,0.0,0.0,0.0,0.0,0.0,0.0,0.0,0.0,0.0,0.0,0.0,0.0,29.241603466955574,0.37479584212409756,,classic,True
00-0035864,Kendall Hinton,WR,DEN,6000,1561,3.8492,3.8492,1.1377612302933031,0.8313953488372093,3.6410715803330587,CLE,19.25,40.5,4.913375132372721,statline_mc,0.1045312603804636,9.141862757866294,0.0,0.0,0.0,0.0,0.0,0.0,2.74375,1.73225,20.164465803330586,0.13,43.708884888277034,0.652212394863032,,classic,True
00-0036297,Darrynton Evans,RB,TEN,5200,5826,2.8677,2.8677,1.0913288327678476,1.1553156146179402,3.615737694335001,KC,26.75,57.5,4.660850096997219,statline_mc,0.2542042129737314,8.94148900893375,0.0,0.0,0.0,2.17775,11.025947346363969,0.067,1.57925,1.17425,12.155179596986038,0.05725,58.63849765258216,1.7630558435523294,,classic,True
DST_DET,Detroit,D,DET,3100,7011,3.551073957,3.551073957,0.47624092534293644,0.6809954751131222,3.551073957,LA,17.0,51.0,5.9215,dst_simulated_session_10_4,0.0,0.0,0.0,0.0,0.0,0.0,0.0,0.0,0.0,0.0,0.0,0.0,31.270314192849405,0.4290737598122658,,classic,True
00-0033455,Anthony Firkser,TE,TEN,4900,4738,2.1149,2.1149,1.420330573572048,1.1553156146179402,3.470364374866138,KC,26.75,57.5,5.0015930298373945,statline_mc,0.0,9.234371169890311,0.0,0.0,0.0,0.0,0.0,0.0,1.77075,1.19275,20.52989374866138,0.1395,74.55633802816901,3.7865255289050856,,classic,True
00-0035806,JaMycal Hasty,RB,SF,5000,5865,4.6173,4.6173,0.751537804250386,0.9717607973421927,3.372097466756998,IND,22.5,41.5,3.7677102048669378,statline_mc,0.44862638749031414,8.210189612379523,0.0,0.0,0.0,3.14675,10.332080026104341,0.0685,2.15525,1.61225,9.227644641465638,0.04175,42.65884194053208,0.6075858465301658,,classic,True
00-0032980,Marcus Johnson,WR,TEN,5200,5587,3.1198,3.1198,0.9307960016836456,1.1553156146179402,3.3548691943572004,KC,26.75,57.5,4.624705595916176,statline_mc,0.0,8.643881288866073,0.0,0.0,0.0,0.0225,0.09476387951798063,0.00075,2.404,1.39225,20.127678064054024,0.1075,58.25378587313354,1.7199153156843814,,classic,True
00-0034365,Ian Thomas,TE,CAR,4500,4730,2.3423,2.3423,1.4212870251367429,0.9825581395348837,3.270983529352615,NYG,22.75,42.5,4.593239572145033,statline_mc,0.0,8.766524489376087,0.0,0.0,0.0,0.0,0.0,0.0,1.82,1.2175,19.36233529352615,0.1235,55.40845070422535,1.0564592959139432,,classic,True
00-0034419,Braxton Berrios,WR,NYJ,4800,5641,4.1912,4.1912,1.000879465339826,0.7774086378737541,3.261170946588993,NE,18.0,43.0,4.3225318571216,statline_mc,0.13303839023533442,8.347284918602037,0.0,0.0,0.0,0.599,2.7193483188407965,0.0125,2.6835,1.686,16.06236114704913,0.0815,43.77470083659854,0.6550804141269853,,classic,True
00-0033217,Mo Alie-Cox,TE,IND,5400,4736,6.4116,6.4116,0.6178677107929582,0.8205980066445183,3.250833978015577,SF,19.0,41.5,3.561684848999069,statline_mc,0.529622907290631,8.072713355261483,0.0,0.0,0.0,0.0,0.0,0.0,3.621,2.25825,13.89708978015577,0.12675,55.936619718309856,1.094321238600678,,classic,True
00-0027688,Colt McCoy,QB,ARI,6000,1361,2.1074,2.1074,1.0538550255778654,1.4576411960132891,3.2373096810341777,HOU,33.75,47.0,3.423697013696588,statline_mc,0.4015729004769659,7.667290545563012,3.40725,37.35362811224826,0.238,1.226,6.704145565442468,0.06025,0.0,0.0,0.0,0.0,46.714285714285715,0.6611020571012468,,classic,True
00-0031376,Jerick McKinnon,RB,KC,5000,2935,2.6192,2.6192,0.918635039450738,1.3280730897009967,3.1955211637233525,TEN,30.75,57.5,4.677279461798554,statline_mc,0.11803629952344315,8.051790413782017,0.0,0.0,0.0,1.0265,4.882195723822319,0.03325,1.93475,1.38625,14.266765913411204,0.06975,61.55946791862284,2.1420855901544833,,classic,True
00-0032141,Geoff Swaim,TE,TEN,4300,4668,1.91,1.91,1.420330573572048,1.1553156146179402,3.134169037798767,KC,26.75,57.5,4.35021768862551,statline_mc,0.0,8.521087970275648,0.0,0.0,0.0,0.0,0.0,0.0,1.716,1.073,17.986690377987664,0.136,70.2605633802817,2.843580151840972,,classic,True
00-0033879,O.J. Howard,TE,TB,5200,4700,4.0011,4.0011,0.6041585716989968,1.2848837209302326,3.105916644692434,CHI,29.75,47.0,3.64377804741395,statline_mc,0.14562554673799677,8.17616857206181,0.0,0.0,0.0,0.0,0.0,0.0,2.7715,1.88825,14.977916446924334,0.11525,70.94366197183099,2.976070425613586,,classic,True
00-0032778,Tajae Sharpe,WR,ATL,5100,5461,2.3882,2.3882,1.2029169504111583,1.079734219269103,3.1019007754709644,MIA,25.0,48.5,4.6958770089368125,statline_mc,0.0,8.545358920536263,0.0,0.0,0.0,0.0,0.0,0.0,1.879,1.20075,18.725257754709645,0.10725,52.53367573864238,1.1746078872388181,,classic,True
00-0036980,Elijah Moore,WR,NYJ,4900,5927,3.9724,3.9724,1.000879465339826,0.7774086378737541,3.090931429318484,NE,18.0,43.0,4.012421393434329,statline_mc,0.23875005240324979,7.970191343114666,0.0,0.0,0.0,0.0,0.0,0.0,3.23675,1.70575,16.115564293184843,0.10725,40.99274594938049,0.5441877623106766,,classic,True
00-0033951,Marlon Mack,RB,IND,4900,5548,3.6947,3.6947,1.0188933805709488,0.8205980066445183,3.0891250580403464,SF,19.0,41.5,3.8585723719542444,statline_mc,0.22360875009021186,8.121756826699787,0.0,0.0,0.0,5.0865,16.708448003321653,0.099,0.90875,0.63175,4.354052577081815,0.0215,39.161189358372454,0.4812161943274684,,classic,True
00-0036906,Khalil Herbert,RB,CHI,6000,5912,5.1372,5.1372,0.8059043688131798,0.7450166112956811,3.084453290718902,TB,17.25,47.0,3.735862938370783,statline_mc,0.2734853734643698,7.90225175375901,0.0,0.0,0.0,6.46125,16.721121236775804,0.104,1.07425,0.7965,3.6609116704132165,0.01725,43.89906103286385,0.6599570447657027,,classic,True
00-0034411,Russell Gage,WR,ATL,5200,5680,2.3254,2.3254,1.2029169504111583,1.079734219269103,3.0203136510306194,MIA,25.0,48.5,4.614480693424251,statline_mc,0.0,8.316053838475446,0.0,0.0,0.0,0.03925,0.2048566250289648,0.00175,2.0155,1.18025,17.91202988527723,0.1035,52.42089378375516,1.165809367580488,,classic,True
00-0034798,Durham Smythe,TE,MIA,4500,4737,3.4737,3.4737,0.8550676988373135,1.0149501661129567,3.014641750687849,ATL,23.5,48.5,3.680268148045,statline_mc,0.0,8.035429242036612,0.0,0.0,0.0,0.0,0.0,0.0,2.519,1.6735,15.413917506878482,0.11,61.79577464788733,1.6172782218086108,,classic,True
00-0027966,Mark Ingram,RB,HOU,5400,2793,6.8774,6.8774,0.7627309204839023,0.5722591362126246,3.001853404461428,ARI,13.25,47.0,3.810803578489297,statline_mc,0.23926893459098225,7.963687110366398,0.0,0.0,0.0,12.38375,19.157221507145316,0.108,0.905,0.66175,2.112562537468962,0.00875,38.382629107981224,0.45687627485872256,,classic,True
00-0036427,Tyler Johnson,WR,TB,4800,5846,2.2061,2.2061,1.044134103065125,1.2848837209302326,2.9596739601530104,CHI,29.75,47.0,4.337374107717434,statline_mc,0.0,8.199226162470747,0.0,0.0,0.0,0.0,0.0,0.0,1.88325,1.07375,18.417989601530106,0.0985,57.82283172720533,1.6712047577303824,,classic,True
00-0032009,Adam Humphries,WR,WAS,5000,5412,3.8555,3.8555,0.8957542698555554,0.8529900332225914,2.9458905160908517,GB,19.75,48.0,3.797464206344487,statline_mc,0.09211774339930813,7.5729576058423955,0.0,0.0,0.0,0.0,0.0,0.0,2.78725,1.75725,15.657655160908519,0.087,45.67060256274489,0.7433384403354953,,classic,True
00-0031273,Cameron Brate,TE,TB,4600,4648,3.7622,3.7622,0.6041585716989968,1.2848837209302326,2.920462648087165,CHI,29.75,47.0,3.5946219926318403,statline_mc,0.07358871440382125,7.624952282778642,0.0,0.0,0.0,0.0,0.0,0.0,2.68375,1.75775,14.680876480871644,0.099,65.16901408450704,2.0251165518876957,,classic,True
00-0031382,Jarvis Landry,WR,CLE,6000,5335,3.0398,3.0398,1.0282558183305217,0.9177740863787376,2.8687219565547664,DEN,21.25,40.5,4.025321837403176,statline_mc,0.0,8.013829455688688,0.0,0.0,0.0,0.0365,0.204891502990522,0.001,2.0505,1.35575,16.12857806255714,0.09475,42.625754527162975,0.6067771420656624,,classic,True
00-0032268,Marcus Mariota,QB,LV,6100,1466,2.9067,2.9067,0.92015432854888,1.058139534883721,2.8301125638594002,PHI,24.5,48.0,2.90998635095154,statline_mc,0.43608672000613385,6.724628094166877,5.45425,38.180073491787965,0.23975,0.84725,3.901596241878812,0.0315,0.0,0.0,0.0,0.0,37.04929577464789,0.34708703274535246,,classic,True
00-0035535,Darius Slayton,WR,NYG,5500,5767,3.4737,3.4737,0.9505069758369464,0.8529900332225914,2.8163437316972546,CAR,19.75,42.5,3.9610904528635453,statline_mc,0.0,7.456424488532757,0.0,0.0,0.0,0.02175,0.13120051448711703,0.00075,2.40675,1.381,15.382236802485428,0.098,41.491263369691836,0.5625774611443934,,classic,True
00-0036040,Juwan Johnson,TE,NO,5200,5883,2.4232,2.4232,1.1190483306931285,1.036544850498339,2.8107729826627414,SEA,24.0,42.0,4.105481882809372,statline_mc,0.0,8.18019250074068,0.0,0.0,0.0,0.0,0.0,0.0,1.7045,1.07975,13.968979826627415,0.149,59.471830985915496,1.3851591583555545,,classic,True
00-0032187,David Johnson,RB,HOU,5000,5395,6.4179,6.4179,0.7627309204839023,0.5722591362126246,2.80128905036009,ARI,13.25,47.0,3.008314858983832,statline_mc,0.5184602473982818,6.464072607361392,0.0,0.0,0.0,2.7615,4.943626655982861,0.02975,3.0205,2.261,8.209263847618043,0.04,38.10485133020344,0.4484934613084104,,classic,True
00-0033555,Mack Hollins,WR,MIA,5100,5578,2.48,2.48,1.103814552584841,1.0149501661129567,2.7783642064448397,ATL,23.5,48.5,4.108945916820455,statline_mc,0.0,7.679770353410814,0.0,0.0,0.0,0.0,0.0,0.0,1.8365,1.1225,16.691142064448393,0.09325,47.931007095202794,0.8642353103504075,,classic,True
00-0030496,Le'Veon Bell,RB,BAL,5200,2888,2.5614,2.5614,0.9610089794776212,1.1229235880398671,2.7641442431220744,CIN,26.0,45.5,3.93730062848339,statline_mc,0.10463024629723197,7.995960662485702,0.0,0.0,0.0,3.29875,13.131486486461267,0.12075,0.651,0.469,4.089955944759478,0.0205,45.40532081377151,0.729669774386757,,classic,True
00-0037005,Tommy Tremble,TE,CAR,4700,4806,1.9744,1.9744,1.4212870251367429,0.9825581395348837,2.7573033983275907,NYG,22.75,42.5,4.0961631661447155,statline_mc,0.0,7.965610169485365,0.0,0.0,0.0,0.0,0.0,0.0,1.56025,0.94425,15.301783983275905,0.128,53.29577464788732,0.917665769301918,,classic,True
00-0036096,J.J. Taylor,RB,NE,4900,5850,1.847,1.847,1.3786721166482612,1.079734219269103,2.74948795257771,NYJ,25.0,43.0,3.9304697496798093,statline_mc,0.004266871709867947,7.4902141337700145,0.0,0.0,0.0,1.5735,8.638543267486494,0.061,1.02425,0.765,8.936336258290599,0.045,48.986697965571196,0.9264411681937894,,classic,True
00-0033943,Josh Reynolds,WR,TEN,5100,5582,2.4922,2.4922,0.9307960016836456,1.1553156146179402,2.6800516865413417,KC,26.75,57.5,3.8505286380703665,statline_mc,0.0,7.61104742268771,0.0,0.0,0.0,0.00725,0.07481787496491592,0.00025,2.002,1.2315,15.338198990448506,0.089,54.11844752726887,1.3054996375036474,,classic,True
00-0036425,DeeJay Dallas,RB,SEA,5100,5873,3.8475,3.8475,0.8663471964741682,0.7774086378737541,2.591325526128286,NO,18.0,42.0,3.2997141055611907,statline_mc,0.194266288772249,6.136784604407245,0.0,0.0,0.0,1.62375,4.200261812113442,0.0275,2.23125,1.765,9.707993449169418,0.03125,31.550078247261343,0.28971834594886076,,classic,True
00-0033881,Evan Engram,TE,NYG,5000,4701,3.0909,3.0909,0.969204252224248,0.8529900332225914,2.5553482456088843,CAR,19.75,42.5,3.276085049292274,statline_mc,0.0,6.912049210299702,0.0,0.0,0.0,0.0,0.0,0.0,2.311,1.5175,12.710982456088841,0.091,53.014084507042256,0.9005934148431399,,classic,True
00-0033885,David Njoku,TE,CLE,5000,4702,5.1822,5.1822,0.537206962170348,0.9177740863787376,2.554994311559569,DEN,21.25,40.5,2.913582724780745,statline_mc,0.0783434082507985,6.173182881912619,0.0,0.0,0.0,0.0,0.0,0.0,2.72,1.90625,12.298693115595684,0.06725,50.2112676056338,0.7471002919658215,,classic,True
00-0036133,James Proche,WR,BAL,5000,5845,2.3433,2.3433,0.9687943796347308,1.1229235880398671,2.549191280675531,CIN,26.0,45.5,3.9854075873342163,statline_mc,0.0,7.2334437667125995,0.0,0.0,0.0,0.0,0.0,0.0,1.64025,1.0455,15.50441280675531,0.082,47.23197077200042,0.8248839090410383,,classic,True
00-0035125,Alec Ingold,RB,LV,4600,5764,2.0789,2.0789,1.153690480354582,1.058139534883721,2.5378174602396437,PHI,24.5,48.0,4.12592548704228,statline_mc,0.007664059803676255,7.072713865991186,0.0,0.0,0.0,1.568,7.951780852457151,0.05525,1.0545,0.7825,8.068893749939289,0.0405,54.660406885759,1.3523482517287213,,classic,True
00-0035993,Tyler Huntley,QB,BAL,6100,1562,2.6871,2.6871,0.8340632505422642,1.1229235880398671,2.5167209345223736,CIN,26.0,45.5,2.7036216826434933,statline_mc,0.3044231583135762,6.22369726997363,5.2425,34.746678541443025,0.2145,0.92175,3.3960379286465256,0.03325,0.0,0.0,0.0,0.0,34.254527162977865,0.28808559933311695,,classic,True
00-0031763,DeAndre Carter,WR,WAS,4800,5654,3.2888,3.2888,0.8957542698555554,0.8529900332225914,2.512894085558919,GB,19.75,48.0,3.5246869340534777,statline_mc,0.0,6.927326570147564,0.0,0.0,0.0,0.32225,1.306196571870969,0.0055,2.17175,1.26125,13.426494283718219,0.06625,47.66308376575241,0.8489357671392883,,classic,True
00-0036554,Nico Collins,WR,HOU,5100,5932,3.8419,3.8419,1.1290007973362808,0.5722591362126246,2.482186880785516,ARI,13.25,47.0,3.1386139056312237,statline_mc,0.03186649065852539,6.686806223921237,0.0,0.0,0.0,0.015,0.028224946886323814,0.0,2.61125,1.562,13.213643860968837,0.0655,33.5417769776554,0.3311472279213948,,classic,True
00-0034860,Dante Pettis,WR,NYG,5200,5638,3.0354,3.0354,0.9505069758369464,0.8529900332225914,2.461042659677293,CAR,19.75,42.5,3.3427057327408054,statline_mc,0.0,6.883858097101736,0.0,0.0,0.0,0.08575,0.3188050234244608,0.00225,2.3445,1.3075,13.234121573348471,0.07525,35.551413745631685,0.3786221940258238,,classic,True
00-0036255,Denzel Mims,WR,NYJ,5000,5838,3.1424,3.1424,1.000879465339826,0.7774086378737541,2.4451027598958217,NE,18.0,43.0,3.64987145419569,statline_mc,0.0,6.554244915250391,0.0,0.0,0.0,0.04425,0.18999235764591965,0.00075,2.04,1.24475,13.817285241312296,0.072,35.05289632532034,0.3662456794997488,,classic,True
00-0032972,Devontae Booker,RB,NYG,5800,5468,4.5119,4.5119,0.6284135256817057,0.8529900332225914,2.4185293960260106,CAR,19.75,42.5,2.9585273310658193,statline_mc,0.1853336409787011,6.711720652755386,0.0,0.0,0.0,5.53175,10.52850615973589,0.071,1.22975,0.96575,3.8430378005242165,0.024,39.79577464788733,0.5020111464600995,,classic,True
00-0027948,Blaine Gabbert,QB,TB,6000,1381,2.0955,2.0955,0.8900850954821202,1.2848837209302326,2.3965582610169287,CHI,29.75,47.0,2.781651457202064,statline_mc,0.23927444448066115,6.276371048566028,3.329,28.995029232131234,0.1625,1.41175,5.342570917316791,0.05175,0.0,0.0,0.0,0.0,40.93561368209256,0.4497372052405856,,classic,True
00-0034854,KhaDarel Hodge,WR,DET,4900,5675,3.022,3.022,1.0293508724501492,0.7342192691029901,2.2839582212698057,LA,17.0,51.0,3.2080106583270385,statline_mc,0.0,6.195034294230671,0.0,0.0,0.0,0.0,0.0,0.0,2.32075,1.302,11.879582212698056,0.0775,41.01583183310389,0.5450259441778238,,classic,True
00-0035726,Jakob Johnson,RB,NE,4500,5778,1.5305,1.5305,1.3786721166482612,1.079734219269103,2.278320339011112,NYJ,25.0,43.0,3.5384298707514654,statline_mc,0.0,6.776067204521388,0.0,0.0,0.0,1.57575,9.34608351121685,0.06275,0.6305,0.47175,5.7933698788942705,0.029,52.931142410015646,1.2050947911563672,,classic,True
00-0033460,John Ross,WR,NYG,5100,5558,2.7921,2.7921,0.9505069758369464,0.8529900332225914,2.2637396469959086,CAR,19.75,42.5,3.371009045064682,statline_mc,0.0,6.45778542995121,0.0,0.0,0.0,0.01275,0.03671948460024201,0.0005,1.94175,1.06625,12.814426985358846,0.0765,33.7844964523986,0.33654920765761337,,classic,True
00-0033681,Keelan Cole,WR,NYJ,5100,5570,2.8935,2.8935,1.000879465339826,0.7774086378737541,2.2513803979810785,NE,18.0,43.0,3.3421875638101324,statline_mc,0.0,6.206786405094241,0.0,0.0,0.0,0.02525,0.16002604962209152,0.00075,1.7965,1.113,13.113777930188691,0.06275,31.331091814042146,0.28576907737742996,,classic,True
00-0034073,Ross Dwelley,TE,SF,5000,4745,1.7306,1.7306,1.337438104631816,0.9717607973421927,2.249212289717074,IND,22.5,41.5,3.4906442516006,statline_mc,0.0,7.162619116143273,0.0,0.0,0.0,0.0,0.0,0.0,1.27575,0.8545,12.479622897170742,0.0975,49.767605633802816,0.7253265527198758,,classic,True
00-0036422,Adam Trautman,TE,NO,4300,4784,1.9226,1.9226,1.1190483306931285,1.036544850498339,2.230082740654669,SEA,24.0,42.0,3.344463694446483,statline_mc,0.0,6.833865799108262,0.0,0.0,0.0,0.0,0.0,0.0,1.48325,0.95375,12.352077406546691,0.0885,50.105633802816904,0.741857504490628,,classic,True
00-0031585,MyCole Pruitt,TE,TEN,4800,4669,1.3507,1.3507,1.420330573572048,1.1553156146179402,2.216333631053252,KC,26.75,57.5,3.89503843420675,statline_mc,0.0,7.307063250170832,0.0,0.0,0.0,0.0,0.0,0.0,0.9665,0.66975,13.164586310532519,0.096,64.90845070422534,1.9902422467665772,,classic,True
00-0024243,Marcedes Lewis,TE,GB,4300,4324,1.6973,1.6973,1.0505026352233215,1.2200996677740865,2.1755052091636964,WAS,28.25,48.0,3.5406059419769536,statline_mc,0.0,6.726586419834742,0.0,0.0,0.0,0.0,0.0,0.0,1.25225,0.847,12.600052091636961,0.0845,59.316901408450704,1.3709259813508001,,classic,True
00-0032392,Austin Hooper,TE,CLE,4600,4677,4.2671,4.2671,0.537206962170348,0.9177740863787376,2.103804853981531,DEN,21.25,40.5,2.588093482298445,statline_mc,0.03357339445400998,4.8321975106082995,0.0,0.0,0.0,0.0,0.0,0.0,2.62675,1.6855,8.645548539815303,0.07,43.028169014084504,0.4628144400593585,,classic,True
00-0034449,Buddy Howell,RB,LA,4500,5763,1.0189,1.0189,1.395141987677578,1.4684385382059801,2.087435159271074,DET,34.0,51.0,3.6792643708534114,statline_mc,0.0,6.6692191783200405,0.0,0.0,0.0,1.0075,8.532667860770744,0.064,0.44675,0.32275,5.487933731939997,0.0255,65.05164319248827,2.7036199957991562,,classic,True
00-0035184,Devine Ozigbo,RB,NO,4500,5813,1.551,1.551,1.264022626084958,1.036544850498339,2.032106167911442,SEA,24.0,42.0,3.2293984862816862,statline_mc,0.0,6.251487531958928,0.0,0.0,0.0,1.48,8.103953347883337,0.05375,0.66,0.48975,5.318358331231078,0.024,47.93270735524257,0.86357824221641,,classic,True
00-0036999,Anthony Schwartz,WR,CLE,4800,5944,2.125,2.125,1.0282558183305217,0.9177740863787376,2.00533639223372,DEN,21.25,40.5,3.1971683420049386,statline_mc,0.0,5.806806753523888,0.0,0.0,0.0,0.0695,0.4087226944139381,0.001,1.53975,0.84275,11.40589122792326,0.06775,36.460340993328394,0.4022742251638382,,classic,True
00-0035624,N'Keal Harry,WR,NE,5000,5724,2.6365,2.6365,0.6898840953655256,1.079734219269103,1.9639308852855681,NYJ,25.0,43.0,3.045793581164085,statline_mc,0.0,5.247375503539157,0.0,0.0,0.0,0.031,0.10554176564487304,0.00075,1.77625,1.166,9.643767087210806,0.0695,41.4445091602245,0.5608266668313315,,classic,True
00-0030108,Ryan Griffin,TE,NYJ,4500,4592,3.277,3.277,0.7699435095794601,0.7774086378737541,1.961507998458028,NE,18.0,43.0,2.515859593550024,statline_mc,0.0,4.942016746742185,0.0,0.0,0.0,0.0,0.0,0.0,2.2935,1.443,8.24507998458028,0.072,39.88028169014084,0.37520293568218993,,classic,True
00-0034838,Royce Freeman,RB,CAR,4900,5620,1.6379,1.6379,1.2104555698245578,0.9825581395348837,1.9479861674935137,NYG,22.75,42.5,3.0165173158041148,statline_mc,0.0,5.7381159138319555,0.0,0.0,0.0,2.02525,9.350257859802015,0.059,0.52825,0.39125,3.9983538151331217,0.0155,38.30125195618153,0.4544043668178621,,classic,True
00-0030068,Marquise Goodwin,WR,CHI,4800,5205,2.3547,2.3547,1.1010769172857715,0.7450166112956811,1.931570109598882,TB,17.25,47.0,2.883925166547293,statline_mc,0.0,4.931911047520379,0.0,0.0,0.0,0.12175,0.5466002377631808,0.0025,1.7725,1.0375,9.83660085822564,0.06175,37.50683045642275,0.4313414364466781,,classic,True
00-0036450,Ke'Shawn Vaughn,RB,TB,4500,5823,1.5982,1.5982,0.928229139079466,1.2848837209302326,1.9061233431459539,CHI,29.75,47.0,2.8570922688362277,statline_mc,0.0,5.784086908315223,0.0,0.0,0.0,1.4995,7.544534976239931,0.05025,0.66975,0.4905,4.834198455219607,0.0235,57.062597809076685,1.5872271907111524,,classic,True
00-0028097,Lee Smith,TE,ATL,4200,4535,1.7135,1.7135,1.0154327445178388,1.079734219269103,1.8787235688775332,MIA,25.0,48.5,2.9542453272882447,statline_mc,0.0,5.760619332825559,0.0,0.0,0.0,0.0,0.0,0.0,1.22575,0.86275,9.83848568877533,0.07925,58.781690140845065,1.3228726991441127,,classic,True
00-0033950,Wayne Gallman,RB,ATL,4800,5547,1.3923,1.3923,1.2352403271987726,1.079734219269103,1.8569233804276941,MIA,25.0,48.5,3.0535750524691134,statline_mc,0.0,5.4809036138448075,0.0,0.0,0.0,1.61325,9.053355875408434,0.05825,0.45475,0.31675,3.7021279288685083,0.01725,49.89123630672926,0.9840267688569397,,classic,True
00-0033891,Zay Jones,WR,LV,4800,5557,2.1511,2.1511,0.8081499402853299,1.058139534883721,1.8394535507150458,PHI,24.5,48.0,2.8409361574660448,statline_mc,0.0,4.7813587803831386,0.0,0.0,0.0,0.0,0.0,0.0,1.47925,0.94675,10.215785507150457,0.05925,48.18463412051255,0.8789724458343029,,classic,True
00-0032813,Elijhaa Penny,RB,NYG,5000,5588,3.4021,3.4021,0.6284135256817057,0.8529900332225914,1.823648822733429,CAR,19.75,42.5,2.5469087731041484,statline_mc,0.09778745302998568,4.623066912894395,0.0,0.0,0.0,3.34925,7.520784161527962,0.054,1.00875,0.73525,3.3444540658063295,0.01675,32.40688575899843,0.3067489715810578,,classic,True
00-0034981,Foster Moreau,TE,LV,4400,4760,1.3009,1.3009,1.310338643632125,1.058139534883721,1.8036876649484408,PHI,24.5,48.0,3.2232554287580792,statline_mc,0.0,5.740974636898289,0.0,0.0,0.0,0.0,0.0,0.0,0.9565,0.63025,10.02562664948441,0.08225,50.105633802816904,0.741857504490628,,classic,True
00-0034487,Trent Sherfield,WR,SF,4700,5699,1.6669,1.6669,1.1081947690633522,0.9717607973421927,1.7951080991161172,IND,22.5,41.5,3.0141141825007787,statline_mc,0.0,5.140274115479639,0.0,0.0,0.0,0.01475,0.07859446492789687,0.0005,1.3195,0.7275,9.994986526233275,0.0715,38.500529492745954,0.4608840877525276,,classic,True
00-0033895,Gerald Everett,TE,SEA,4900,4705,3.4051,3.4051,0.6561257733807574,0.7774086378737541,1.7368888809575573,NO,18.0,42.0,2.3521367216203153,statline_mc,0.0,4.19672393876659,0.0,0.0,0.0,0.0,0.0,0.0,1.86425,1.2895,7.646388809575572,0.05875,40.302816901408455,0.38592230063037436,,classic,True
00-0032200,Ty Montgomery,RB,NO,4800,5392,1.3228,1.3228,1.264022626084958,1.036544850498339,1.7332048098540935,SEA,24.0,42.0,3.4343032778860487,statline_mc,0.0,4.775419796437509,0.0,0.0,0.0,0.395,2.767638985093342,0.01325,0.852,0.537,8.354409113447593,0.047,38.37715179968701,0.45670947516703947,,classic,True
00-0034364,Jordan Akins,TE,HOU,4600,4729,8.5006,8.5006,0.3538870789371433,0.5722591362126246,1.7215065775657115,ARI,13.25,47.0,1.7481469239095804,statline_mc,0.11768238926419008,3.3579140189516123,0.0,0.0,0.0,0.0,0.0,0.0,3.295,2.167,4.650065775657114,0.03475,39.85915492957746,0.37467485281983853,,classic,True
00-0030968,Keith Smith,RB,ATL,4500,5492,1.2846,1.2846,1.2352403271987726,1.079734219269103,1.7133174048660942,MIA,25.0,48.5,2.854946741806625,statline_mc,0.0,4.506838415015923,0.0,0.0,0.0,1.2295,6.522359384834951,0.04475,0.567,0.421,4.530814663825991,0.02375,55.00234741784037,1.383530495884289,,classic,True
00-0036254,Collin Johnson,WR,NYG,4900,5860,2.0846,2.0846,0.9505069758369464,0.8529900332225914,1.6901578350397526,CAR,19.75,42.5,2.6510727782845582,statline_mc,0.0,4.356828534744634,0.0,0.0,0.0,0.0,0.0,0.0,1.6345,0.901,9.391578350397525,0.0515,34.386000211797096,0.3503191593308487,,classic,True
00-0034109,Phillip Lindsay,RB,HOU,4900,5630,3.8151,3.8151,0.7627309204839023,0.5722591362126246,1.6651930539226738,ARI,13.25,47.0,2.41118679876344,statline_mc,0.08379453293946325,4.121429863435342,0.0,0.0,0.0,5.3575,7.860573699665749,0.06525,0.741,0.54925,2.135106839560987,0.01025,31.215962441314552,0.28333638833326413,,classic,True
00-0031545,Kevin White,WR,NO,4500,5377,1.4183,1.4183,1.0961491737474462,1.036544850498339,1.611475660237696,SEA,24.0,42.0,3.0982374946600073,statline_mc,0.0,4.2516771744247075,0.0,0.0,0.0,0.06275,0.46845083850997493,0.002,1.074,0.6405,9.158805763866985,0.05375,46.57974160753998,0.7897849678554916,,classic,True
00-0034597,Ryan Nall,RB,CHI,4700,5815,2.5738,2.5738,0.8059043688131798,0.7450166112956811,1.5453160636555086,TB,17.25,47.0,2.1378700612852555,statline_mc,0.01533154263740341,3.545231238747186,0.0,0.0,0.0,1.4735,3.7069094457196425,0.02575,1.2935,0.96,4.491251190835441,0.01975,33.787949921752734,0.3363326416492526,,classic,True
00-0033025,Jalen Richard,RB,LV,4700,5490,1.2395,1.2395,1.153690480354582,1.058139534883721,1.5131352850517286,PHI,24.5,48.0,2.555135633999125,statline_mc,0.0,4.004976644981332,0.0,0.0,0.0,0.83225,4.074563734430553,0.0265,0.7165,0.54625,5.285539116086731,0.02625,44.54929577464789,0.689194643107637,,classic,True
00-0036654,Demetric Felton,RB,CLE,5300,5952,2.1656,2.1656,0.7571343623671444,0.9177740863787376,1.5048305542897615,DEN,21.25,40.5,2.496657538866545,statline_mc,0.0,3.523925315173514,0.0,0.0,0.0,0.0,0.0,0.0,1.52525,1.16325,7.022055542897613,0.0385,26.14162754303599,0.20201578742009613,,classic,True
00-0036383,Eno Benjamin,RB,ARI,4500,5915,0.9293,0.9293,1.097724899187,1.4576411960132891,1.4870095587256313,HOU,33.75,47.0,2.7035647876939137,statline_mc,0.0,4.088593780598981,0.0,0.0,0.0,0.84675,5.556638757689505,0.04075,0.408,0.314,4.3134568295668085,0.0185,53.94444444444444,1.2893158097978337,,classic,True
00-0036340,Antonio Gandy-Golden,WR,WAS,4600,5836,1.9205,1.9205,0.8957542698555554,0.8529900332225914,1.4673637151722645,GB,19.75,48.0,2.3064169658592375,statline_mc,0.0,3.6649803023420104,0.0,0.0,0.0,0.06375,0.34359781796360506,0.0025,1.401,0.828,7.59503933375904,0.043,44.73075293868474,0.6981924663886379,,classic,True
00-0035021,Ashton Dulin,WR,IND,4600,5798,1.7462,1.7462,1.0177432987820945,0.8205980066445183,1.458345214311017,SF,19.0,41.5,2.5396893824722566,statline_mc,0.0,3.4075884794716984,0.0,0.0,0.0,0.12675,0.5306687966944003,0.003,1.2535,0.782,7.642783346415768,0.04025,34.48157365244096,0.35255836586995604,,classic,True
00-0034317,Keith Kirkwood,WR,CAR,4500,5695,1.362,1.362,1.076876221241997,0.9825581395348837,1.4410806510109513,NYG,22.75,42.5,2.738177787623641,statline_mc,0.0,3.872963047742695,0.0,0.0,0.0,0.0585,0.3965589243978945,0.0015,0.98025,0.60275,8.100497585711617,0.04825,44.75029122101027,0.6991024910389814,,classic,True
00-0035594,Travis Homer,RB,SEA,5200,5738,2.1069,2.1069,0.8663471964741682,0.7774086378737541,1.4190078498469436,NO,18.0,42.0,2.1298577289045424,statline_mc,0.0,3.3202737715821993,0.0,0.0,0.0,0.74775,2.305468762075831,0.01325,1.13175,0.887,5.554609736393604,0.0215,21.661189358372454,0.1498522743134872,,classic,True
00-0030181,Jack Doyle,TE,IND,4400,4594,2.7929,2.7929,0.6178677107929582,0.8205980066445183,1.4160564188147005,SF,19.0,41.5,2.03324978719912,statline_mc,0.0,3.1230235827915975,0.0,0.0,0.0,0.0,0.0,0.0,1.7165,1.10975,6.081814188147002,0.04475,33.04929577464789,0.23795176388571232,,classic,True
00-0032626,Geronimo Allison,WR,DET,4500,5511,1.8366,1.8366,1.0293508724501492,0.7342192691029901,1.3880183526391883,LA,17.0,51.0,2.421183292612336,statline_mc,0.0,3.297275693024327,0.0,0.0,0.0,0.05675,0.19297193669581533,0.00125,1.2225,0.73225,7.275961589696067,0.04575,44.812824314306894,0.7020230439357984,,classic,True
00-0034366,Keke Coutee,WR,IND,4500,5670,1.608,1.608,1.0177432987820945,0.8205980066445183,1.3429329592234185,SF,19.0,41.5,2.3944584038321186,statline_mc,0.0,3.279783069910027,0.0,0.0,0.0,0.0665,0.33970546253415845,0.00125,1.12175,0.65875,7.1658741297000255,0.04375,36.887588690034946,0.41389701547454755,,classic,True
00-0036572,Shi Smith,WR,CAR,4600,5938,1.2249,1.2249,1.076876221241997,0.9825581395348837,1.2960175664653037,NYG,22.75,42.5,2.4461680916050668,statline_mc,0.0,3.309003088826437,0.0,0.0,0.0,0.05075,0.21535539706935747,0.00075,0.8985,0.566,7.464820267583682,0.04175,39.825479190935084,0.503446049117791,,classic,True
00-0035406,Lil'Jordan Humphrey,WR,NO,4500,5771,1.0923,1.0923,1.0961491737474462,1.036544850498339,1.2410717859486486,SEA,24.0,42.0,2.6065894493341393,statline_mc,0.0,3.2935234211253572,0.0,0.0,0.0,0.04,0.23214609027742608,0.0025,0.7535,0.44425,7.152321769209061,0.04525,43.68500476543472,0.6511748934636149,,classic,True
00-0033439,Pharaoh Brown,TE,HOU,4500,4753,6.0481,6.0481,0.3538870789371433,0.5722591362126246,1.2248365772502725,ARI,13.25,47.0,1.4460051784428674,statline_mc,0.0,2.466390989981587,0.0,0.0,0.0,0.0,0.0,0.0,2.37175,1.5325,3.415865772502724,0.024,35.0,0.27099894523172685,,classic,True
00-0034750,Rashaad Penny,RB,SEA,5000,5618,1.8029,1.8029,0.8663471964741682,0.7774086378737541,1.2142700278262608,NO,18.0,42.0,1.857575231985739,statline_mc,0.0,2.792389684339297,0.0,0.0,0.0,1.42325,3.7419003788699667,0.02675,0.77475,0.58025,3.1145498993926397,0.01675,23.6056338028169,0.1705928290627509,,classic,True
00-0033576,Eric Saubert,TE,DEN,4200,4726,1.9532,1.9532,0.7412499626386108,0.8313953488372093,1.2037085512976,CLE,19.25,40.5,1.9444597655270541,statline_mc,0.0,2.73028414206063,0.0,0.0,0.0,0.0,0.0,0.0,1.2755,0.82775,5.338335512975998,0.04375,36.63380281690141,0.3021837017941562,,classic,True
00-0031868,Damiere Byrd,WR,CHI,4700,5531,1.4263,1.4263,1.1010769172857715,0.7450166112956811,1.1700023952987795,TB,17.25,47.0,2.1485233697044697,statline_mc,0.0,2.793859501841343,0.0,0.0,0.0,0.0195,0.1066089236472511,0.0005,1.02025,0.62275,6.164665029340544,0.04,34.273747749655826,0.34770733177773533,,classic,True
00-0035249,Josh Oliver,TE,BAL,4200,4766,1.6024,1.6024,0.6487929780514293,1.1229235880398671,1.167393817529632,CIN,26.0,45.5,1.8963220394756302,statline_mc,0.0,2.806543541682385,0.0,0.0,0.0,0.0,0.0,0.0,1.1465,0.74225,5.507688175296319,0.04275,49.86619718309859,0.7301096592013344,,classic,True
00-0036877,Jaelon Darden,WR,TB,4500,5956,0.8655,0.8655,1.044134103065125,1.2848837209302326,1.1611373517177197,CHI,29.75,47.0,2.543327499432661,statline_mc,0.0,3.0743941400410804,0.0,0.0,0.0,0.04275,0.3329684965856339,0.002,0.654,0.40075,6.759655020591563,0.04125,53.04839563697977,1.2156136837725566,,classic,True
00-0027981,Kyle Rudolph,TE,NYG,4300,4537,1.3686,1.3686,0.969204252224248,0.8529900332225914,1.1314431082107526,CAR,19.75,42.5,2.0634269650852888,statline_mc,0.0,2.6927657723784453,0.0,0.0,0.0,0.0,0.0,0.0,0.97775,0.627,5.624431082107526,0.04375,35.61971830985915,0.2824296470919134,,classic,True
00-0026035,Danny Amendola,WR,HOU,4800,3851,1.6957,1.6957,1.1290007973362808,0.5722591362126246,1.0955749041653502,ARI,13.25,47.0,1.9991590517326971,statline_mc,0.0,2.518157074083104,0.0,0.0,0.0,0.02325,0.05934509782894744,0.0,1.08475,0.7,5.441403943824556,0.034,30.27110028592608,0.266271898371899,,classic,True
00-0034319,Deon Yelder,TE,TB,4000,4764,1.4043,1.4043,0.6041585716989968,1.2848837209302326,1.0901300289444718,CHI,29.75,47.0,1.893180904563666,statline_mc,0.0,2.6603848043710427,0.0,0.0,0.0,0.0,0.0,0.0,0.96275,0.62775,5.342550289444718,0.0415,60.59154929577465,1.4925154770910682,,classic,True
00-0036259,Jauan Jennings,WR,SF,4600,5955,1.0103,1.0103,1.1081947690633522,0.9717607973421927,1.0880359818313003,IND,22.5,41.5,2.299744437816439,statline_mc,0.0,2.8317199499790604,0.0,0.0,0.0,0.0285,0.16683127882791798,0.00075,0.72125,0.444,6.0335285394850855,0.0415,35.19225881605422,0.36966426299361876,,classic,True
00-0031051,John Brown,WR,DEN,4500,5264,1.1426,1.1426,1.1377612302933031,0.8313953488372093,1.0808368571783271,CLE,19.25,40.5,2.305333155644893,statline_mc,0.0,2.6656707583120465,0.0,0.0,0.0,0.09125,0.49434859109432167,0.00225,0.77825,0.452,5.829019980688948,0.036,34.42317060256275,0.35118833581005643,,classic,True
00-0032135,Jesse James,TE,CHI,4100,4653,1.072,1.072,1.2816450966912754,0.7450166112956811,1.023601332624697,TB,17.25,47.0,2.04191982129367,statline_mc,0.0,2.4098196023476004,0.0,0.0,0.0,0.0,0.0,0.0,0.79625,0.51925,5.354763326246972,0.039,40.83098591549296,0.3997531865760174,,classic,True
00-0033720,Colin Thompson,TE,CAR,4000,4792,0.7209,0.7209,1.4212870251367429,0.9825581395348837,1.0067258666314887,NYG,22.75,42.5,2.31369485590985,statline_mc,0.0,2.6509407163034653,0.0,0.0,0.0,0.0,0.0,0.0,0.56475,0.37325,5.816008666314886,0.041,47.87323943661972,0.6392725512253207,,classic,True
00-0036429,Charlie Woerner,TE,SF,4000,4797,0.7656,0.7656,1.337438104631816,0.9717607973421927,0.9950564925717565,IND,22.5,41.5,2.1705418630715676,statline_mc,0.0,2.5690916728011204,0.0,0.0,0.0,0.0,0.0,0.0,0.59975,0.39175,5.531814925717566,0.042,43.92253521126761,0.49124874549941444,,classic,True
00-0036332,Josiah Deguara,TE,GB,4200,4781,0.7553,0.7553,1.0505026352233215,1.2200996677740865,0.9680843781988331,WAS,28.25,48.0,1.9530541426996553,statline_mc,0.0,2.719031588370179,0.0,0.0,0.0,0.0,0.0,0.0,0.617,0.4265,5.348343781988331,0.03775,50.232394366197184,0.7481532872700851,,classic,True
00-0036232,Harrison Bryant,TE,CLE,4200,4780,1.9562,1.9562,0.537206962170348,0.9177740863787376,0.9644649536821703,DEN,21.25,40.5,1.6635620107514573,statline_mc,0.0,2.100934827519313,0.0,0.0,0.0,0.0,0.0,0.0,1.1325,0.72825,4.068399536821702,0.03425,32.95774647887324,0.23650389898639493,,classic,True
00-0034414,Boston Scott,RB,PHI,4500,5624,0.8187,0.8187,1.108118507118122,1.0149501661129567,0.920812249363121,LV,23.5,48.0,1.9741916463950442,statline_mc,0.0,2.1727607546480887,0.0,0.0,0.0,0.629,2.871088270817356,0.023,0.41725,0.3135,2.7745342228138545,0.012,45.49843505477308,0.7342133720662274,,classic,True
00-0035924,Jonathan Ward,RB,ARI,4500,5903,0.5689,0.5689,1.097724899187,1.4576411960132891,0.9103219948788389,HOU,33.75,47.0,2.0926246337974774,statline_mc,0.0,2.304054203543038,0.0,0.0,0.0,0.77275,5.108027144711436,0.03875,0.09625,0.06775,1.0464428040769538,0.00625,50.55555555555556,1.028586749028667,,classic,True
00-0033471,Isaiah Ford,WR,MIA,4600,5706,0.8055,0.8055,1.103814552584841,1.0149501661129567,0.9024207347773618,ATL,23.5,48.5,2.133235180774388,statline_mc,0.0,2.3093882205347276,0.0,0.0,0.0,0.026,0.19460354737938543,0.001,0.6035,0.349,5.134603800394232,0.03225,45.41221010272159,0.7306432292780983,,classic,True
00-0035022,Penny Hart,WR,SEA,4800,5894,1.0786,1.0786,1.0729340264113367,0.7774086378737541,0.8996869957002047,NO,18.0,42.0,1.835007621207126,statline_mc,0.0,2.1899019093449077,0.0,0.0,0.0,0.0,0.0,0.0,0.80675,0.48875,5.003119957002046,0.02675,26.849994705072536,0.21196989410677008,,classic,True
00-0036876,Kylen Granson,TE,IND,4200,4814,1.7538,1.7538,0.6178677107929582,0.8205980066445183,0.8892024269076971,SF,19.0,41.5,1.5850172366400275,statline_mc,0.0,1.992145662042291,0.0,0.0,0.0,0.0,0.0,0.0,1.02525,0.67525,3.810774269076971,0.0295,30.16197183098592,0.19628736186460474,,classic,True
00-0035562,Jesper Horsted,TE,CHI,4200,4771,0.9189,0.9189,1.2816450966912754,0.7450166112956811,0.8774281723284966,TB,17.25,47.0,1.787232021665732,statline_mc,0.0,2.1693485484306945,0.0,0.0,0.0,0.0,0.0,0.0,0.664,0.4315,4.326781723284966,0.03925,33.08450704225352,0.23851099221588964,,classic,True
00-0028292,Nick Bellore,RB,SEA,4500,5663,1.2912,1.2912,0.8663471964741682,0.7774086378737541,0.8696640802349097,NO,18.0,42.0,1.6208267382585433,statline_mc,0.0,2.0043951828525697,0.0,0.0,0.0,0.872,2.3388219203938916,0.01975,0.611,0.4505,2.350318881955205,0.01225,31.1056338028169,0.28126002590466836,,classic,True
00-0033896,Adam Shaheen,TE,MIA,4200,4709,0.9708,0.9708,0.8550676988373135,1.0149501661129567,0.8424681121237224,ATL,23.5,48.5,1.7341939656575134,statline_mc,0.0,2.0721276364789296,0.0,0.0,0.0,0.0,0.0,0.0,0.6965,0.45375,4.330931121237224,0.03175,43.55633802816901,0.4794010268515751,,classic,True
00-0035359,David Sills,WR,NYG,4500,5964,1.004,1.004,0.9505069758369464,0.8529900332225914,0.8139971388185092,CAR,19.75,42.5,1.809479753879321,statline_mc,0.0,1.9905751741207947,0.0,0.0,0.0,0.05975,0.3059980514977626,0.00075,0.691,0.41775,4.170223336687328,0.0265,37.31833103886477,0.42595484567228525,,classic,True
00-0029738,Darren Fells,TE,DET,4100,4609,1.0314,1.0314,1.0026800569885723,0.7342192691029901,0.7593265010547202,LA,17.0,51.0,1.5569458338584425,statline_mc,0.0,1.8796353574157576,0.0,0.0,0.0,0.0,0.0,0.0,0.6865,0.459,3.733265010547203,0.02725,39.61267605633803,0.3685685304935644,,classic,True
00-0036991,Amari Rodgers,WR,GB,4600,5948,0.4897,0.4897,1.2516468587345966,1.2200996677740865,0.7477800926118953,WAS,28.25,48.0,2.069586637050963,statline_mc,0.0,2.1476429328116624,0.0,0.0,0.0,0.0,0.0,0.0,0.3725,0.23325,4.606550926118953,0.02875,48.143545483426884,0.8765680218322536,,classic,True
00-0034808,John Kelly,RB,CLE,4500,5627,1.0139,1.0139,0.7571343623671444,0.9177740863787376,0.7045267273359125,DEN,21.25,40.5,1.323778878270342,statline_mc,0.0,1.689149196430742,0.0,0.0,0.0,0.37925,1.0998254676438053,0.0075,0.674,0.497,2.5354418057153194,0.01,32.641627543035995,0.3115871839153228,,classic,True
00-0034311,Johnny Stanton,RB,CLE,4600,5961,0.9394,0.9394,0.7571343623671444,0.9177740863787376,0.6527562082492041,DEN,21.25,40.5,1.3732136671658597,statline_mc,0.0,1.6231526984001212,0.0,0.0,0.0,0.284,0.8094569355387091,0.00625,0.57875,0.4315,2.4956051469533302,0.0125,28.41940532081377,0.23514390813087874,,classic,True
00-0036637,Noah Gray,TE,KC,4100,4812,0.8718,0.8718,0.5483655637584561,1.3280730897009967,0.6349108858742039,TEN,30.75,57.5,1.3830566936573336,statline_mc,0.0,1.600788967508407,0.0,0.0,0.0,0.0,0.0,0.0,0.615,0.38725,3.157858858742037,0.02175,55.03521126760563,1.0304961661158387,,classic,True
00-0036671,Dax Milne,WR,WAS,4500,5959,0.8295,0.8295,0.8957542698555554,0.8529900332225914,0.6338331025121291,GB,19.75,48.0,1.4475768620844582,statline_mc,0.0,1.6182751711685333,0.0,0.0,0.0,0.0175,0.10429679259784373,0.0005,0.5805,0.33325,3.377784232523447,0.01975,42.24954993116594,0.591748237970105,,classic,True
00-0035628,D'Ernest Johnson,RB,CLE,5700,5746,0.8837,0.8837,0.7571343623671444,0.9177740863787376,0.6140557817976466,DEN,21.25,40.5,1.3509450719923988,statline_mc,0.0,1.4907844340615777,0.0,0.0,0.0,0.4025,1.1068599478439691,0.00725,0.4895,0.37725,2.0424478701324977,0.013,25.64162754303599,0.1953929221442672,,classic,True
00-0036250,Tyler Davis,TE,GB,4000,4790,0.4474,0.4474,1.0505026352233215,1.2200996677740865,0.573504513472891,WAS,28.25,48.0,1.5012037299576333,statline_mc,0.0,1.6572213760577494,0.0,0.0,0.0,0.0,0.0,0.0,0.37075,0.243,3.330045134728909,0.02075,53.11971830985916,0.9069580062195175,,classic,True
00-0032543,Alex Erickson,WR,CAR,4700,5480,0.5264,0.5264,1.076876221241997,0.9825581395348837,0.5569927137335169,NYG,22.75,42.5,1.5269754471976391,statline_mc,0.0,1.5549025393989049,0.0,0.0,0.0,0.0,0.0,0.0,0.36725,0.226,3.3599271373351685,0.01825,33.472095732288466,0.32961247870649996,,classic,True
00-0034279,Equanimeous St. Brown,WR,GB,4800,5672,0.361,0.361,1.2516468587345966,1.2200996677740865,0.5512761919051038,WAS,28.25,48.0,1.6027118277102426,statline_mc,0.0,1.5590752403150374,0.0,0.0,0.0,0.0,0.0,0.0,0.31325,0.17675,3.4440119190510385,0.02025,43.36910939320131,0.6376047442228726,,classic,True
00-0031319,Diontae Spencer,WR,DEN,4500,5765,0.5714,0.5714,1.1377612302933031,0.8313953488372093,0.5405084336070091,CLE,19.25,40.5,1.4877985616980316,statline_mc,0.0,1.414785444359687,0.0,0.0,0.0,0.0,0.0,0.0,0.42375,0.24525,2.91383433607009,0.02125,31.415651805570263,0.28738460210843647,,classic,True
00-0033338,Cethan Carter,TE,MIA,4100,4711,0.6136,0.6136,0.8550676988373135,1.0149501661129567,0.5324835484540879,ATL,23.5,48.5,1.3036204362005954,statline_mc,0.0,1.4189355578448888,0.0,0.0,0.0,0.0,0.0,0.0,0.42025,0.27675,2.6860854845408775,0.0215,44.75352112676056,0.519231415215141,,classic,True
00-0036669,Kylin Hill,RB,GB,4600,5914,0.3664,0.3664,1.1233091648636089,1.2200996677740865,0.5022014908782558,WAS,28.25,48.0,1.4423007139459534,statline_mc,0.0,1.3277478934577023,0.0,0.0,0.0,0.15975,0.8493042696770524,0.00475,0.28075,0.21175,2.233960639105505,0.011,44.26760563380282,0.6763727904987342,,classic,True
00-0035341,Trenton Irwin,WR,CIN,4500,5900,0.7031,0.7031,0.8229331709003056,0.8421926910299004,0.4872914299503162,BAL,19.5,45.5,1.2616395676487537,statline_mc,0.0,1.3747203456288095,0.0,0.0,0.0,0.0145,0.05545486119502255,0.00025,0.44625,0.279,2.64745943830814,0.0135,36.281001800275334,0.3974932934007731,,classic,True
00-0035246,JJ Arcega-Whiteside,WR,PHI,4500,5732,0.5806,0.5806,0.8218381167806778,1.0149501661129567,0.4842703302685156,LV,23.5,48.0,1.3479735881173862,statline_mc,0.0,1.3295690243795901,0.0,0.0,0.0,0.025,0.1101040156420815,0.0005,0.404,0.24175,2.633849287043075,0.01475,43.778301387271,0.6552376763489568,,classic,True
00-0030155,Demetrius Harris,TE,ARI,4100,4642,0.2166,0.2166,1.527134331629654,1.4576411960132891,0.4821874632016798,HOU,33.75,47.0,1.724552940971033,statline_mc,0.0,1.2507847855981318,0.0,0.0,0.0,0.0,0.0,0.0,0.1875,0.115,2.7968746320167974,0.0245,48.140845070422536,0.6507797548520539,,classic,True
00-0033296,Alex Armah,RB,NO,4500,5644,0.3642,0.3642,1.264022626084958,1.036544850498339,0.4772404288218655,SEA,24.0,42.0,1.2464838357289763,statline_mc,0.0,1.243469996082532,0.0,0.0,0.0,0.5215,2.652861053606333,0.017,0.0925,0.07225,0.6782932346123222,0.00225,35.87715179968701,0.3865962243132827,,classic,True
00-0035259,Trevon Wesco,TE,NYJ,4100,4758,0.6823,0.6823,0.7699435095794601,0.7774086378737541,0.408379216422177,NE,18.0,43.0,1.0959635398827765,statline_mc,0.0,1.0858023235869743,0.0,0.0,0.0,0.0,0.0,0.0,0.421,0.266,1.8537921642217703,0.01575,30.654929577464785,0.20284528938750362,,classic,True
00-0030288,Rex Burkhead,RB,HOU,4500,2890,0.8976,0.8976,0.7627309204839023,0.5722591362126246,0.39178265811444873,ARI,13.25,47.0,0.9054451229667878,statline_mc,0.0,1.0847198120114876,0.0,0.0,0.0,0.1475,0.24985957173263487,0.0015,0.5015,0.367,1.2729670094118521,0.0085,30.215962441314552,0.26506317039939964,,classic,True
00-0036439,Tyrie Cleveland,WR,DEN,4500,5862,0.3725,0.3725,1.1377612302933031,0.8313953488372093,0.3523864804101385,CLE,19.25,40.5,1.2325002863122085,statline_mc,0.0,0.987860475260667,0.0,0.0,0.0,0.03125,0.2807184769121048,0.00075,0.25275,0.15075,1.8643963271892798,0.01,29.7615164672244,0.25737797041280575,,classic,True
00-0032791,Jakeem Grant,WR,CHI,4500,5486,0.4032,0.4032,1.1010769172857715,0.7450166112956811,0.3307848473940177,TB,17.25,47.0,1.0365494438567726,statline_mc,0.0,0.9435935199884496,0.0,0.0,0.0,0.0,0.0,0.0,0.3065,0.19225,1.791598473940177,0.0095,33.37149211055809,0.3274091949680489,,classic,True
00-0036862,Ben Skowronek,WR,LA,4500,5962,0.2,0.2,0.8968493239751834,1.4684385382059801,0.26345419262845854,DET,34.0,51.0,1.0817923867853498,statline_mc,0.0,0.6996401601125142,0.0,0.0,0.0,0.0125,0.08479376386229383,0.00025,0.1615,0.09,1.5647481624222914,0.00875,53.48146775389178,1.2512217991647954,,classic,True
00-0035304,Cullen Gillaspia,RB,NYG,4500,5762,0.4283,0.4283,0.6284135256817057,0.8529900332225914,0.22957296837610403,CAR,19.75,42.5,0.6493528423153759,statline_mc,0.0,0.6737376998011042,0.0,0.0,0.0,0.4125,0.8579759828389786,0.00325,0.16,0.12,0.5527537009220618,0.00225,31.406885758998435,0.2869658055653448,,classic,True
00-0036630,Tylan Wallace,WR,BAL,4500,5937,0.209,0.209,0.9687943796347308,1.1229235880398671,0.2273819423576067,CIN,26.0,45.5,1.017575790035569,statline_mc,0.0,0.5748537573299579,0.0,0.0,0.0,0.005,0.03851195802652504,0.0005,0.138,0.0825,1.252807465549542,0.009,42.57031663666208,0.6045387180797266,,classic,True
00-0033481,Marcus Kemp,WR,KC,4600,5666,0.1017,0.1017,1.3901712048675157,1.3280730897009967,0.18779754536331056,TEN,30.75,57.5,1.0790818440253993,statline_mc,0.0,0.0,0.0,0.0,0.0,0.0,0.0,0.0,0.088,0.05,1.1629754536331052,0.00775,49.022291644604465,0.9294540631984824,,classic,True
00-0034164,Trenton Cannon,RB,SF,4600,5657,0.1356,0.1356,0.751537804250386,0.9717607973421927,0.09905836926219293,IND,22.5,41.5,0.5016171308801839,statline_mc,0.0,0.24665666500718364,0.0,0.0,0.0,0.26,0.7255836926219292,0.005,0.0,0.0,0.0,0.0,26.82550860719875,0.21143929179144821,,classic,True
00-0032434,Brandon Allen,QB,CIN,6100,1504,0.0,0.0,1.0,1.0,0.0,BYE_OR_UNKNOWN,0.0,0.0,0.0,no_game,0.0,0.0,0.0,0.0,0.0,0.0,0.0,0.0,0.0,0.0,0.0,0.0,10.735412474849095,0.0,,classic,True
00-0032398,Chris Moore,WR,HOU,5200,5479,0.0,0.0,1.0,1.0,0.0,BYE_OR_UNKNOWN,0.0,0.0,0.0,no_game,0.0,0.0,0.0,0.0,0.0,0.0,0.0,0.0,0.0,0.0,0.0,0.0,6.870750820713757,0.0,,classic,True
00-0036269,La'Mical Perine,RB,NYJ,4600,5863,0.0,0.0,1.0,1.0,0.0,BYE_OR_UNKNOWN,0.0,0.0,0.0,no_game,0.0,0.0,0.0,0.0,0.0,0.0,0.0,0.0,0.0,0.0,0.0,0.0,13.13223787167449,0.0,,classic,True
00-0035099,Khari Blasingame,RB,TEN,4500,5800,0.0,0.0,1.0,1.0,0.0,BYE_OR_UNKNOWN,0.0,0.0,0.0,no_game,0.0,0.0,0.0,0.0,0.0,0.0,0.0,0.0,0.0,0.0,0.0,0.0,16.79890453834116,0.0,,classic,True
00-0033733,Greg Ward,WR,PHI,4900,5793,0.0,0.0,1.0,1.0,0.0,BYE_OR_UNKNOWN,0.0,0.0,0.0,no_game,0.0,0.0,0.0,0.0,0.0,0.0,0.0,0.0,0.0,0.0,0.0,0.0,9.464735783119771,0.0,,classic,True
00-0030669,Albert Wilson,WR,MIA,4800,5339,0.0,0.0,1.0,1.0,0.0,BYE_OR_UNKNOWN,0.0,0.0,0.0,no_game,0.0,0.0,0.0,0.0,0.0,0.0,0.0,0.0,0.0,0.0,0.0,0.0,11.494810971089695,0.0,,classic,True
00-0036569,Gary Brightwell,RB,NYG,4700,5922,0.0,0.0,1.0,1.0,0.0,BYE_OR_UNKNOWN,0.0,0.0,0.0,no_game,0.0,0.0,0.0,0.0,0.0,0.0,0.0,0.0,0.0,0.0,0.0,0.0,11.798904538341157,0.0,,classic,True
00-0035544,Tom Kennedy,WR,DET,4600,5960,0.0,0.0,1.0,1.0,0.0,BYE_OR_UNKNOWN,0.0,0.0,0.0,no_game,0.0,0.0,0.0,0.0,0.0,0.0,0.0,0.0,0.0,0.0,0.0,0.0,14.878269617706236,0.0,,classic,True
00-0036755,Jaret Patterson,RB,WAS,5300,5951,0.0,0.0,1.0,1.0,0.0,BYE_OR_UNKNOWN,0.0,0.0,0.0,no_game,0.0,0.0,0.0,0.0,0.0,0.0,0.0,0.0,0.0,0.0,0.0,0.0,6.798904538341158,0.0,,classic,True
00-0035448,Damarea Crockett,RB,DEN,4500,5721,0.0,0.0,1.0,1.0,0.0,BYE_OR_UNKNOWN,0.0,0.0,0.0,no_game,0.0,0.0,0.0,0.0,0.0,0.0,0.0,0.0,0.0,0.0,0.0,0.0,16.79890453834116,0.0,,classic,True
00-0036626,Dyami Brown,WR,WAS,4900,5936,0.0,0.0,1.0,1.0,0.0,BYE_OR_UNKNOWN,0.0,0.0,0.0,no_game,0.0,0.0,0.0,0.0,0.0,0.0,0.0,0.0,0.0,0.0,0.0,0.0,9.464735783119771,0.0,,classic,True
00-0036984,Trey Sermon,RB,SF,5500,5908,0.0,0.0,1.0,1.0,0.0,BYE_OR_UNKNOWN,0.0,0.0,0.0,no_game,0.0,0.0,0.0,0.0,0.0,0.0,0.0,0.0,0.0,0.0,0.0,0.0,9.298904538341159,0.0,,classic,True
00-0036857,Chris Evans,RB,CIN,4800,5921,0.0,0.0,1.0,1.0,0.0,BYE_OR_UNKNOWN,0.0,0.0,0.0,no_game,0.0,0.0,0.0,0.0,0.0,0.0,0.0,0.0,0.0,0.0,0.0,0.0,10.798904538341159,0.0,,classic,True
00-0033376,Patrick Ricard,RB,BAL,4500,5743,0.0,0.0,1.0,1.0,0.0,BYE_OR_UNKNOWN,0.0,0.0,0.0,no_game,0.0,0.0,0.0,0.0,0.0,0.0,0.0,0.0,0.0,0.0,0.0,0.0,16.79890453834116,0.0,,classic,True
00-0035703,Miles Boykin,WR,BAL,4800,5748,0.0,0.0,1.0,1.0,0.0,BYE_OR_UNKNOWN,0.0,0.0,0.0,no_game,0.0,0.0,0.0,0.0,0.0,0.0,0.0,0.0,0.0,0.0,0.0,0.0,11.494810971089695,0.0,,classic,True
00-0029892,Kyle Juszczyk,RB,SF,4500,2908,0.0,0.0,1.0,1.0,0.0,BYE_OR_UNKNOWN,0.0,0.0,0.0,no_game,0.0,0.0,0.0,0.0,0.0,0.0,0.0,0.0,0.0,0.0,0.0,0.0,16.79890453834116,0.0,,classic,True
00-0035645,Gunner Olszewski,WR,NE,4500,5752,0.0,0.0,0.6898840953655256,1.079734219269103,0.0,NYJ,25.0,43.0,0.0,statline_mc,0.0,0.0,0.0,0.0,0.0,0.0,0.0,0.0,0.0,0.0,0.0,0.0,36.67007306999894,0.0,,classic,True
00-0032128,Chris Conley,WR,HOU,5000,5385,0.0,0.0,1.0,1.0,0.0,BYE_OR_UNKNOWN,0.0,0.0,0.0,no_game,0.0,0.0,0.0,0.0,0.0,0.0,0.0,0.0,0.0,0.0,0.0,0.0,7.773006459811501,0.0,,classic,True
00-0036849,Tutu Atwell,WR,LA,4600,5939,0.0,0.0,1.0,1.0,0.0,BYE_OR_UNKNOWN,0.0,0.0,0.0,no_game,0.0,0.0,0.0,0.0,0.0,0.0,0.0,0.0,0.0,0.0,0.0,0.0,14.878269617706236,0.0,,classic,True
00-0036482,Mike Strachan,WR,IND,4700,5949,0.0,0.0,1.0,1.0,0.0,BYE_OR_UNKNOWN,0.0,0.0,0.0,no_game,0.0,0.0,0.0,0.0,0.0,0.0,0.0,0.0,0.0,0.0,0.0,0.0,13.299322249285186,0.0,,classic,True
00-0036963,Amon-Ra St. Brown,WR,DET,5400,5928,0.0,0.0,1.0,1.0,0.0,BYE_OR_UNKNOWN,0.0,0.0,0.0,no_game,0.0,0.0,0.0,0.0,0.0,0.0,0.0,0.0,0.0,0.0,0.0,0.0,9.690299692894207,0.0,,classic,True
00-0033095,Garrett Griffin,TE,NO,4000,4717,0.0,0.0,1.0,1.0,0.0,BYE_OR_UNKNOWN,0.0,0.0,0.0,no_game,0.0,0.0,0.0,0.0,0.0,0.0,0.0,0.0,0.0,0.0,0.0,0.0,19.97887323943662,0.0,,classic,True
00-0031384,Richard Rodgers,TE,PHI,4400,4629,0.0,0.0,1.0,1.0,0.0,BYE_OR_UNKNOWN,0.0,0.0,0.0,no_game,0.0,0.0,0.0,0.0,0.0,0.0,0.0,0.0,0.0,0.0,0.0,0.0,7.302816901408451,0.0,,classic,True
00-0026293,Matthew Slater,WR,NE,4500,3760,0.0,0.0,1.0,1.0,0.0,BYE_OR_UNKNOWN,0.0,0.0,0.0,no_game,0.0,0.0,0.0,0.0,0.0,0.0,0.0,0.0,0.0,0.0,0.0,0.0,18.148946309435562,0.0,,classic,True
00-0036182,Nick Westbrook,WR,TEN,5200,5871,0.0,0.0,1.0,1.0,0.0,BYE_OR_UNKNOWN,0.0,0.0,0.0,no_game,0.0,0.0,0.0,0.0,0.0,0.0,0.0,0.0,0.0,0.0,0.0,0.0,6.870750820713757,0.0,,classic,True
00-0034959,Andrew Beck,TE,DEN,4000,4761,0.0,0.0,1.0,1.0,0.0,BYE_OR_UNKNOWN,0.0,0.0,0.0,no_game,0.0,0.0,0.0,0.0,0.0,0.0,0.0,0.0,0.0,0.0,0.0,0.0,19.97887323943662,0.0,,classic,True
00-0034132,Christian Blake,WR,ATL,5000,5790,0.0,0.0,1.0,1.0,0.0,BYE_OR_UNKNOWN,0.0,0.0,0.0,no_game,0.0,0.0,0.0,0.0,0.0,0.0,0.0,0.0,0.0,0.0,0.0,0.0,7.773006459811501,0.0,,classic,True
00-0033421,Antony Auclair,TE,HOU,4200,4716,0.0,0.0,1.0,1.0,0.0,BYE_OR_UNKNOWN,0.0,0.0,0.0,no_game,0.0,0.0,0.0,0.0,0.0,0.0,0.0,0.0,0.0,0.0,0.0,0.0,12.161971830985916,0.0,,classic,True
00-0030615,James Winchester,TE,KC,4000,4759,0.0,0.0,1.0,1.0,0.0,BYE_OR_UNKNOWN,0.0,0.0,0.0,no_game,0.0,0.0,0.0,0.0,0.0,0.0,0.0,0.0,0.0,0.0,0.0,0.0,19.97887323943662,0.0,,classic,True
00-0031690,Eric Tomlinson,TE,BAL,4000,4704,0.0,0.0,1.0,1.0,0.0,BYE_OR_UNKNOWN,0.0,0.0,0.0,no_game,0.0,0.0,0.0,0.0,0.0,0.0,0.0,0.0,0.0,0.0,0.0,0.0,19.97887323943662,0.0,,classic,True
00-0035631,Drew Sample,TE,CIN,4100,4756,0.0,0.0,1.0,1.0,0.0,BYE_OR_UNKNOWN,0.0,0.0,0.0,no_game,0.0,0.0,0.0,0.0,0.0,0.0,0.0,0.0,0.0,0.0,0.0,0.0,16.176056338028168,0.0,,classic,True
00-0032986,J.P. Holtz,TE,CHI,4000,4763,0.0,0.0,1.0,1.0,0.0,BYE_OR_UNKNOWN,0.0,0.0,0.0,no_game,0.0,0.0,0.0,0.0,0.0,0.0,0.0,0.0,0.0,0.0,0.0,0.0,19.97887323943662,0.0,,classic,True
00-0030663,Willie Snead,WR,LV,4600,5287,0.0,0.0,1.0,1.0,0.0,BYE_OR_UNKNOWN,0.0,0.0,0.0,no_game,0.0,0.0,0.0,0.0,0.0,0.0,0.0,0.0,0.0,0.0,0.0,0.0,14.878269617706236,0.0,,classic,True
00-0034988,Kaden Smith,TE,NYG,4400,4770,0.0,0.0,1.0,1.0,0.0,BYE_OR_UNKNOWN,0.0,0.0,0.0,no_game,0.0,0.0,0.0,0.0,0.0,0.0,0.0,0.0,0.0,0.0,0.0,0.0,7.302816901408451,0.0,,classic,True
00-0034159,Will Dissly,TE,SEA,4800,4727,0.0,0.0,1.0,1.0,0.0,BYE_OR_UNKNOWN,0.0,0.0,0.0,no_game,0.0,0.0,0.0,0.0,0.0,0.0,0.0,0.0,0.0,0.0,0.0,0.0,12.161971830985916,0.0,,classic,True
00-0032062,Blake Bell,TE,KC,4200,4666,0.0,0.0,1.0,1.0,0.0,BYE_OR_UNKNOWN,0.0,0.0,0.0,no_game,0.0,0.0,0.0,0.0,0.0,0.0,0.0,0.0,0.0,0.0,0.0,0.0,12.161971830985916,0.0,,classic,True
00-0036628,John Bates,TE,WAS,4200,4807,0.0,0.0,1.0,1.0,0.0,BYE_OR_UNKNOWN,0.0,0.0,0.0,no_game,0.0,0.0,0.0,0.0,0.0,0.0,0.0,0.0,0.0,0.0,0.0,0.0,12.161971830985916,0.0,,classic,True
00-0034686,Auden Tate,WR,CIN,4900,5696,0.0,0.0,1.0,1.0,0.0,BYE_OR_UNKNOWN,0.0,0.0,0.0,no_game,0.0,0.0,0.0,0.0,0.0,0.0,0.0,0.0,0.0,0.0,0.0,0.0,9.464735783119771,0.0,,classic,True
00-0035399,Stanley Morgan,WR,CIN,4500,5779,0.0,0.0,1.0,1.0,0.0,BYE_OR_UNKNOWN,0.0,0.0,0.0,no_game,0.0,0.0,0.0,0.0,0.0,0.0,0.0,0.0,0.0,0.0,0.0,0.0,18.148946309435562,0.0,,classic,True
00-0032098,Daniel Brown,TE,NYJ,4000,5436,0.0,0.0,1.0,1.0,0.0,BYE_OR_UNKNOWN,0.0,0.0,0.0,no_game,0.0,0.0,0.0,0.0,0.0,0.0,0.0,0.0,0.0,0.0,0.0,0.0,19.97887323943662,0.0,,classic,True
00-0036244,Colby Parkinson,TE,SEA,4100,4798,0.0,0.0,1.0,1.0,0.0,BYE_OR_UNKNOWN,0.0,0.0,0.0,no_game,0.0,0.0,0.0,0.0,0.0,0.0,0.0,0.0,0.0,0.0,0.0,0.0,16.176056338028168,0.0,,classic,True
