lineup_id,roster_slot,player_id,player_name,position,team,salary,projection,value,opponent,site_player_id,sigma,sigma_source,stack_target,proj_rank
1,QB,00-0033119,Jacoby Brissett,QB,ARI,5500,19.67345552959332,3.58,DET,44391835,8.0521,statline_mc+recal_10_4b,team:ARI,4
1,DST,DST_TEN,Titans,DST,TEN,2100,5.7550823935,2.74,HOU,44392872,5.7332,dst_simulated_session_10_4+recal_10_4b,team:ARI,4
1,RB1,00-0039139,Jahmyr Gibbs,RB,DET,9800,28.46138175609904,2.9,ARI,44391896,10.8249,statline_mc+recal_10_4b,team:ARI,4
1,RB2,00-0038597,Chase Brown,RB,CIN,6900,18.36988980563728,2.66,MIA,44391904,9.1285,statline_mc+recal_10_4b,team:ARI,4
1,WR1,00-0038559,Michael Wilson,WR,ARI,6200,15.84404516572461,2.56,DET,44392188,9.2188,statline_mc+recal_10_4b,team:ARI,4
1,WR2,00-0039880,Malik Washington,WR,MIA,4600,10.38728053800999,2.26,CIN,44392228,7.8471,statline_mc+recal_10_4b,team:ARI,4
1,WR3,00-0032464,Kalif Raymond,WR,CHI,3900,8.132083208811828,2.09,GB,44392262,7.3792,statline_mc+recal_10_4b,team:ARI,4
1,TE,00-0037838,Isaiah Likely,TE,NYG,4300,12.773396030701068,2.97,WAS,44392608,7.1552,statline_mc+recal_10_4b,team:ARI,4
1,FLEX,00-0037744,Trey McBride,TE,ARI,6700,19.586241124382408,2.92,DET,44392590,7.9223,statline_mc+recal_10_4b,team:ARI,4
2,QB,00-0033119,Jacoby Brissett,QB,ARI,5500,19.67345552959332,3.58,DET,44391835,8.0521,statline_mc+recal_10_4b,team:ARI,3
2,DST,DST_TEN,Titans,DST,TEN,2100,5.7550823935,2.74,HOU,44392872,5.7332,dst_simulated_session_10_4+recal_10_4b,team:ARI,3
2,RB1,00-0039139,Jahmyr Gibbs,RB,DET,9800,28.46138175609904,2.9,ARI,44391896,10.8249,statline_mc+recal_10_4b,team:ARI,3
2,RB2,00-0037228,Jaylen Warren,RB,PIT,6700,17.69721976010284,2.64,IND,44391906,9.2686,statline_mc+recal_10_4b,team:ARI,3
2,WR1,00-0038559,Michael Wilson,WR,ARI,6200,15.84404516572461,2.56,DET,44392188,9.2188,statline_mc+recal_10_4b,team:ARI,3
2,WR2,00-0040735,Luther Burden III,WR,CHI,4900,12.10094773685242,2.47,GB,44392222,8.4099,statline_mc+recal_10_4b,team:ARI,3
2,WR3,00-0039739,Roman Wilson,WR,PIT,3700,7.101683046020511,1.92,IND,44392270,7.5282,statline_mc+recal_10_4b,team:ARI,3
2,TE,00-0037838,Isaiah Likely,TE,NYG,4300,12.773396030701068,2.97,WAS,44392608,7.1552,statline_mc+recal_10_4b,team:ARI,3
2,FLEX,00-0037744,Trey McBride,TE,ARI,6700,19.586241124382408,2.92,DET,44392590,7.9223,statline_mc+recal_10_4b,team:ARI,3
3,QB,00-0033119,Jacoby Brissett,QB,ARI,5500,19.67345552959332,3.58,DET,44391835,8.0521,statline_mc+recal_10_4b,team:ARI,1
3,DST,DST_TEN,Titans,DST,TEN,2100,5.7550823935,2.74,HOU,44392872,5.7332,dst_simulated_session_10_4+recal_10_4b,team:ARI,1
3,RB1,00-0039139,Jahmyr Gibbs,RB,DET,9800,28.46138175609904,2.9,ARI,44391896,10.8249,statline_mc+recal_10_4b,team:ARI,1
3,RB2,00-0038597,Chase Brown,RB,CIN,6900,18.36988980563728,2.66,MIA,44391904,9.1285,statline_mc+recal_10_4b,team:ARI,1
3,WR1,00-0038559,Michael Wilson,WR,ARI,6200,15.84404516572461,2.56,DET,44392188,9.2188,statline_mc+recal_10_4b,team:ARI,1
3,WR2,00-0040735,Luther Burden III,WR,CHI,4900,12.10094773685242,2.47,GB,44392222,8.4099,statline_mc+recal_10_4b,team:ARI,1
3,WR3,00-0040669,Isaac TeSlaa,WR,DET,3400,6.552496698235615,1.93,ARI,44392294,7.7874,statline_mc+recal_10_4b,team:ARI,1
3,TE,00-0037838,Isaiah Likely,TE,NYG,4300,12.773396030701068,2.97,WAS,44392608,7.1552,statline_mc+recal_10_4b,team:ARI,1
3,FLEX,00-0037744,Trey McBride,TE,ARI,6700,19.586241124382408,2.92,DET,44392590,7.9223,statline_mc+recal_10_4b,team:ARI,1
4,QB,00-0033119,Jacoby Brissett,QB,ARI,5500,19.67345552959332,3.58,DET,44391835,8.0521,statline_mc+recal_10_4b,team:ARI,14
4,DST,DST_TEN,Titans,DST,TEN,2100,5.7550823935,2.74,HOU,44392872,5.7332,dst_simulated_session_10_4+recal_10_4b,team:ARI,14
4,RB1,00-0037228,Jaylen Warren,RB,PIT,6700,17.69721976010284,2.64,IND,44391906,9.2686,statline_mc+recal_10_4b,team:ARI,14
4,RB2,00-0040784,Quinshon Judkins,RB,CLE,5700,13.810313942197284,2.42,NYJ,44391924,8.2587,statline_mc+recal_10_4b,team:ARI,14
4,WR1,00-0036963,Amon-Ra St. Brown,WR,DET,7900,20.90607422511972,2.65,ARI,44392170,10.347,statline_mc+recal_10_4b,team:ARI,14
4,WR2,00-0038559,Michael Wilson,WR,ARI,6200,15.84404516572461,2.56,DET,44392188,9.2188,statline_mc+recal_10_4b,team:ARI,14
4,WR3,00-0040735,Luther Burden III,WR,CHI,4900,12.10094773685242,2.47,GB,44392222,8.4099,statline_mc+recal_10_4b,team:ARI,14
4,TE,00-0037838,Isaiah Likely,TE,NYG,4300,12.773396030701068,2.97,WAS,44392608,7.1552,statline_mc+recal_10_4b,team:ARI,14
4,FLEX,00-0037744,Trey McBride,TE,ARI,6700,19.586241124382408,2.92,DET,44392590,7.9223,statline_mc+recal_10_4b,team:ARI,14
5,QB,00-0033119,Jacoby Brissett,QB,ARI,5500,19.67345552959332,3.58,DET,44391835,8.0521,statline_mc+recal_10_4b,team:ARI,2
5,DST,DST_TEN,Titans,DST,TEN,2100,5.7550823935,2.74,HOU,44392872,5.7332,dst_simulated_session_10_4+recal_10_4b,team:ARI,2
5,RB1,00-0039139,Jahmyr Gibbs,RB,DET,9800,28.46138175609904,2.9,ARI,44391896,10.8249,statline_mc+recal_10_4b,team:ARI,2
5,RB2,00-0038597,Chase Brown,RB,CIN,6900,18.36988980563728,2.66,MIA,44391904,9.1285,statline_mc+recal_10_4b,team:ARI,2
5,WR1,00-0038559,Michael Wilson,WR,ARI,6200,15.84404516572461,2.56,DET,44392188,9.2188,statline_mc+recal_10_4b,team:ARI,2
5,WR2,00-0040735,Luther Burden III,WR,CHI,4900,12.10094773685242,2.47,GB,44392222,8.4099,statline_mc+recal_10_4b,team:ARI,2
5,WR3,00-0038621,DeMario Douglas,WR,NE,3500,6.460119804527809,1.85,LV,44392290,7.0977,statline_mc+recal_10_4b,team:ARI,2
5,TE,00-0037838,Isaiah Likely,TE,NYG,4300,12.773396030701068,2.97,WAS,44392608,7.1552,statline_mc+recal_10_4b,team:ARI,2
5,FLEX,00-0037744,Trey McBride,TE,ARI,6700,19.586241124382408,2.92,DET,44392590,7.9223,statline_mc+recal_10_4b,team:ARI,2
6,QB,00-0033119,Jacoby Brissett,QB,ARI,5500,19.67345552959332,3.58,DET,44391835,8.0521,statline_mc+recal_10_4b,team:ARI,37
6,DST,DST_TEN,Titans,DST,TEN,2100,5.7550823935,2.74,HOU,44392872,5.7332,dst_simulated_session_10_4+recal_10_4b,team:ARI,37
6,RB1,00-0038597,Chase Brown,RB,CIN,6900,18.36988980563728,2.66,MIA,44391904,9.1285,statline_mc+recal_10_4b,team:ARI,37
6,RB2,00-0037228,Jaylen Warren,RB,PIT,6700,17.69721976010284,2.64,IND,44391906,9.2686,statline_mc+recal_10_4b,team:ARI,37
6,WR1,00-0038559,Michael Wilson,WR,ARI,6200,15.84404516572461,2.56,DET,44392188,9.2188,statline_mc+recal_10_4b,team:ARI,37
6,WR2,00-0039880,Malik Washington,WR,MIA,4600,10.38728053800999,2.26,CIN,44392228,7.8471,statline_mc+recal_10_4b,team:ARI,37
6,WR3,00-0032464,Kalif Raymond,WR,CHI,3900,8.132083208811828,2.09,GB,44392262,7.3792,statline_mc+recal_10_4b,team:ARI,37
6,TE,00-0037838,Isaiah Likely,TE,NYG,4300,12.773396030701068,2.97,WAS,44392608,7.1552,statline_mc+recal_10_4b,team:ARI,37
6,FLEX,00-0039139,Jahmyr Gibbs,RB,DET,9800,28.46138175609904,2.9,ARI,44391896,10.8249,statline_mc+recal_10_4b,team:ARI,37
7,QB,00-0033119,Jacoby Brissett,QB,ARI,5500,19.67345552959332,3.58,DET,44391835,8.0521,statline_mc+recal_10_4b,team:ARI,7
7,DST,DST_TEN,Titans,DST,TEN,2100,5.7550823935,2.74,HOU,44392872,5.7332,dst_simulated_session_10_4+recal_10_4b,team:ARI,7
7,RB1,00-0039139,Jahmyr Gibbs,RB,DET,9800,28.46138175609904,2.9,ARI,44391896,10.8249,statline_mc+recal_10_4b,team:ARI,7
7,RB2,00-0037228,Jaylen Warren,RB,PIT,6700,17.69721976010284,2.64,IND,44391906,9.2686,statline_mc+recal_10_4b,team:ARI,7
7,WR1,00-0038559,Michael Wilson,WR,ARI,6200,15.84404516572461,2.56,DET,44392188,9.2188,statline_mc+recal_10_4b,team:ARI,7
7,WR2,00-0040735,Luther Burden III,WR,CHI,4900,12.10094773685242,2.47,GB,44392222,8.4099,statline_mc+recal_10_4b,team:ARI,7
7,WR3,00-0040669,Isaac TeSlaa,WR,DET,3400,6.552496698235615,1.93,ARI,44392294,7.7874,statline_mc+recal_10_4b,team:ARI,7
7,TE,00-0037838,Isaiah Likely,TE,NYG,4300,12.773396030701068,2.97,WAS,44392608,7.1552,statline_mc+recal_10_4b,team:ARI,7
7,FLEX,00-0037744,Trey McBride,TE,ARI,6700,19.586241124382408,2.92,DET,44392590,7.9223,statline_mc+recal_10_4b,team:ARI,7
8,QB,00-0033119,Jacoby Brissett,QB,ARI,5500,19.67345552959332,3.58,DET,44391835,8.0521,statline_mc+recal_10_4b,team:ARI,27
8,DST,DST_NYJ,Jets,DST,NYJ,2700,7.530470052999999,2.79,CLE,44392864,5.8332,dst_simulated_session_10_4+recal_10_4b,team:ARI,27
8,RB1,00-0039139,Jahmyr Gibbs,RB,DET,9800,28.46138175609904,2.9,ARI,44391896,10.8249,statline_mc+recal_10_4b,team:ARI,27
8,RB2,00-0036275,D'Andre Swift,RB,CHI,6200,14.542105876295748,2.35,GB,44391912,8.6622,statline_mc+recal_10_4b,team:ARI,27
8,WR1,00-0038559,Michael Wilson,WR,ARI,6200,15.84404516572461,2.56,DET,44392188,9.2188,statline_mc+recal_10_4b,team:ARI,27
8,WR2,00-0040735,Luther Burden III,WR,CHI,4900,12.10094773685242,2.47,GB,44392222,8.4099,statline_mc+recal_10_4b,team:ARI,27
8,WR3,00-0039739,Roman Wilson,WR,PIT,3700,7.101683046020511,1.92,IND,44392270,7.5282,statline_mc+recal_10_4b,team:ARI,27
8,TE,00-0037838,Isaiah Likely,TE,NYG,4300,12.773396030701068,2.97,WAS,44392608,7.1552,statline_mc+recal_10_4b,team:ARI,27
8,FLEX,00-0037744,Trey McBride,TE,ARI,6700,19.586241124382408,2.92,DET,44392590,7.9223,statline_mc+recal_10_4b,team:ARI,27
9,QB,00-0033106,Jared Goff,QB,DET,6600,22.40254133186812,3.39,ARI,44391825,8.2407,statline_mc+recal_10_4b,team:DET,13
9,DST,DST_NYJ,Jets,DST,NYJ,2700,7.530470052999999,2.79,CLE,44392864,5.8332,dst_simulated_session_10_4+recal_10_4b,team:DET,13
9,RB1,00-0039139,Jahmyr Gibbs,RB,DET,9800,28.46138175609904,2.9,ARI,44391896,10.8249,statline_mc+recal_10_4b,team:DET,13
9,RB2,00-0038597,Chase Brown,RB,CIN,6900,18.36988980563728,2.66,MIA,44391904,9.1285,statline_mc+recal_10_4b,team:DET,13
9,WR1,00-0040735,Luther Burden III,WR,CHI,4900,12.10094773685242,2.47,GB,44392222,8.4099,statline_mc+recal_10_4b,team:DET,13
9,WR2,00-0039880,Malik Washington,WR,MIA,4600,10.38728053800999,2.26,CIN,44392228,7.8471,statline_mc+recal_10_4b,team:DET,13
9,WR3,00-0040669,Isaac TeSlaa,WR,DET,3400,6.552496698235615,1.93,ARI,44392294,7.7874,statline_mc+recal_10_4b,team:DET,13
9,TE,00-0037838,Isaiah Likely,TE,NYG,4300,12.773396030701068,2.97,WAS,44392608,7.1552,statline_mc+recal_10_4b,team:DET,13
9,FLEX,00-0037744,Trey McBride,TE,ARI,6700,19.586241124382408,2.92,DET,44392590,7.9223,statline_mc+recal_10_4b,team:DET,13
10,QB,00-0033106,Jared Goff,QB,DET,6600,22.40254133186812,3.39,ARI,44391825,8.2407,statline_mc+recal_10_4b,team:DET,26
10,DST,DST_TEN,Titans,DST,TEN,2100,5.7550823935,2.74,HOU,44392872,5.7332,dst_simulated_session_10_4+recal_10_4b,team:DET,26
10,RB1,00-0039139,Jahmyr Gibbs,RB,DET,9800,28.46138175609904,2.9,ARI,44391896,10.8249,statline_mc+recal_10_4b,team:DET,26
10,RB2,00-0038597,Chase Brown,RB,CIN,6900,18.36988980563728,2.66,MIA,44391904,9.1285,statline_mc+recal_10_4b,team:DET,26
10,WR1,00-0036963,Amon-Ra St. Brown,WR,DET,7900,20.90607422511972,2.65,ARI,44392170,10.347,statline_mc+recal_10_4b,team:DET,26
10,WR2,00-0040735,Luther Burden III,WR,CHI,4900,12.10094773685242,2.47,GB,44392222,8.4099,statline_mc+recal_10_4b,team:DET,26
10,WR3,00-0041547,KC Concepcion Jr.,WR,CLE,4200,9.720923846372347,2.31,NYJ,44392244,7.5666,statline_mc+recal_10_4b,team:DET,26
10,TE,00-0037838,Isaiah Likely,TE,NYG,4300,12.773396030701068,2.97,WAS,44392608,7.1552,statline_mc+recal_10_4b,team:DET,26
10,FLEX,00-0039793,AJ Barner,TE,SEA,3200,7.196837037424077,2.25,SF,44392626,6.2427,statline_mc+recal_10_4b,team:DET,26
11,QB,00-0033119,Jacoby Brissett,QB,ARI,5500,19.67345552959332,3.58,DET,44391835,8.0521,statline_mc+recal_10_4b,team:ARI,8
11,DST,DST_NYJ,Jets,DST,NYJ,2700,7.530470052999999,2.79,CLE,44392864,5.8332,dst_simulated_session_10_4+recal_10_4b,team:ARI,8
11,RB1,00-0039139,Jahmyr Gibbs,RB,DET,9800,28.46138175609904,2.9,ARI,44391896,10.8249,statline_mc+recal_10_4b,team:ARI,8
11,RB2,00-0037228,Jaylen Warren,RB,PIT,6700,17.69721976010284,2.64,IND,44391906,9.2686,statline_mc+recal_10_4b,team:ARI,8
11,WR1,00-0038559,Michael Wilson,WR,ARI,6200,15.84404516572461,2.56,DET,44392188,9.2188,statline_mc+recal_10_4b,team:ARI,8
11,WR2,00-0039880,Malik Washington,WR,MIA,4600,10.38728053800999,2.26,CIN,44392228,7.8471,statline_mc+recal_10_4b,team:ARI,8
11,WR3,00-0038621,DeMario Douglas,WR,NE,3500,6.460119804527809,1.85,LV,44392290,7.0977,statline_mc+recal_10_4b,team:ARI,8
11,TE,00-0037838,Isaiah Likely,TE,NYG,4300,12.773396030701068,2.97,WAS,44392608,7.1552,statline_mc+recal_10_4b,team:ARI,8
11,FLEX,00-0037744,Trey McBride,TE,ARI,6700,19.586241124382408,2.92,DET,44392590,7.9223,statline_mc+recal_10_4b,team:ARI,8
12,QB,00-0033119,Jacoby Brissett,QB,ARI,5500,19.67345552959332,3.58,DET,44391835,8.0521,statline_mc+recal_10_4b,team:ARI,16
12,DST,DST_NYJ,Jets,DST,NYJ,2700,7.530470052999999,2.79,CLE,44392864,5.8332,dst_simulated_session_10_4+recal_10_4b,team:ARI,16
12,RB1,00-0039139,Jahmyr Gibbs,RB,DET,9800,28.46138175609904,2.9,ARI,44391896,10.8249,statline_mc+recal_10_4b,team:ARI,16
12,RB2,00-0037228,Jaylen Warren,RB,PIT,6700,17.69721976010284,2.64,IND,44391906,9.2686,statline_mc+recal_10_4b,team:ARI,16
12,WR1,00-0040667,Matthew Golden,WR,GB,5700,13.15096666837468,2.31,CHI,44392198,8.5552,statline_mc+recal_10_4b,team:ARI,16
12,WR2,00-0040735,Luther Burden III,WR,CHI,4900,12.10094773685242,2.47,GB,44392222,8.4099,statline_mc+recal_10_4b,team:ARI,16
12,WR3,00-0039739,Roman Wilson,WR,PIT,3700,7.101683046020511,1.92,IND,44392270,7.5282,statline_mc+recal_10_4b,team:ARI,16
12,TE,00-0037838,Isaiah Likely,TE,NYG,4300,12.773396030701068,2.97,WAS,44392608,7.1552,statline_mc+recal_10_4b,team:ARI,16
12,FLEX,00-0037744,Trey McBride,TE,ARI,6700,19.586241124382408,2.92,DET,44392590,7.9223,statline_mc+recal_10_4b,team:ARI,16
13,QB,00-0033119,Jacoby Brissett,QB,ARI,5500,19.67345552959332,3.58,DET,44391835,8.0521,statline_mc+recal_10_4b,team:ARI,5
13,DST,DST_NO,Saints,DST,NO,2600,6.881139592000001,2.65,MIN,44392865,5.8808,dst_simulated_session_10_4+recal_10_4b,team:ARI,5
13,RB1,00-0039139,Jahmyr Gibbs,RB,DET,9800,28.46138175609904,2.9,ARI,44391896,10.8249,statline_mc+recal_10_4b,team:ARI,5
13,RB2,00-0037228,Jaylen Warren,RB,PIT,6700,17.69721976010284,2.64,IND,44391906,9.2686,statline_mc+recal_10_4b,team:ARI,5
13,WR1,00-0038559,Michael Wilson,WR,ARI,6200,15.84404516572461,2.56,DET,44392188,9.2188,statline_mc+recal_10_4b,team:ARI,5
13,WR2,00-0041547,KC Concepcion Jr.,WR,CLE,4200,9.720923846372347,2.31,NYJ,44392244,7.5666,statline_mc+recal_10_4b,team:ARI,5
13,WR3,00-0032464,Kalif Raymond,WR,CHI,3900,8.132083208811828,2.09,GB,44392262,7.3792,statline_mc+recal_10_4b,team:ARI,5
13,TE,00-0037838,Isaiah Likely,TE,NYG,4300,12.773396030701068,2.97,WAS,44392608,7.1552,statline_mc+recal_10_4b,team:ARI,5
13,FLEX,00-0037744,Trey McBride,TE,ARI,6700,19.586241124382408,2.92,DET,44392590,7.9223,statline_mc+recal_10_4b,team:ARI,5
14,QB,00-0033106,Jared Goff,QB,DET,6600,22.40254133186812,3.39,ARI,44391825,8.2407,statline_mc+recal_10_4b,team:DET,39
14,DST,DST_TEN,Titans,DST,TEN,2100,5.7550823935,2.74,HOU,44392872,5.7332,dst_simulated_session_10_4+recal_10_4b,team:DET,39
14,RB1,00-0039139,Jahmyr Gibbs,RB,DET,9800,28.46138175609904,2.9,ARI,44391896,10.8249,statline_mc+recal_10_4b,team:DET,39
14,RB2,00-0038597,Chase Brown,RB,CIN,6900,18.36988980563728,2.66,MIA,44391904,9.1285,statline_mc+recal_10_4b,team:DET,39
14,WR1,00-0036963,Amon-Ra St. Brown,WR,DET,7900,20.90607422511972,2.65,ARI,44392170,10.347,statline_mc+recal_10_4b,team:DET,39
14,WR2,00-0040735,Luther Burden III,WR,CHI,4900,12.10094773685242,2.47,GB,44392222,8.4099,statline_mc+recal_10_4b,team:DET,39
14,WR3,00-0030279,Keenan Allen,WR,IND,4300,9.083813780458543,2.11,PIT,44392240,6.9196,statline_mc+recal_10_4b,team:DET,39
14,TE,00-0037838,Isaiah Likely,TE,NYG,4300,12.773396030701068,2.97,WAS,44392608,7.1552,statline_mc+recal_10_4b,team:DET,39
14,FLEX,00-0039793,AJ Barner,TE,SEA,3200,7.196837037424077,2.25,SF,44392626,6.2427,statline_mc+recal_10_4b,team:DET,39
15,QB,00-0033119,Jacoby Brissett,QB,ARI,5500,19.67345552959332,3.58,DET,44391835,8.0521,statline_mc+recal_10_4b,team:ARI,11
15,DST,DST_NYJ,Jets,DST,NYJ,2700,7.530470052999999,2.79,CLE,44392864,5.8332,dst_simulated_session_10_4+recal_10_4b,team:ARI,11
15,RB1,00-0039139,Jahmyr Gibbs,RB,DET,9800,28.46138175609904,2.9,ARI,44391896,10.8249,statline_mc+recal_10_4b,team:ARI,11
15,RB2,00-0038597,Chase Brown,RB,CIN,6900,18.36988980563728,2.66,MIA,44391904,9.1285,statline_mc+recal_10_4b,team:ARI,11
15,WR1,00-0040667,Matthew Golden,WR,GB,5700,13.15096666837468,2.31,CHI,44392198,8.5552,statline_mc+recal_10_4b,team:ARI,11
15,WR2,00-0040735,Luther Burden III,WR,CHI,4900,12.10094773685242,2.47,GB,44392222,8.4099,statline_mc+recal_10_4b,team:ARI,11
15,WR3,00-0040669,Isaac TeSlaa,WR,DET,3400,6.552496698235615,1.93,ARI,44392294,7.7874,statline_mc+recal_10_4b,team:ARI,11
15,TE,00-0037838,Isaiah Likely,TE,NYG,4300,12.773396030701068,2.97,WAS,44392608,7.1552,statline_mc+recal_10_4b,team:ARI,11
15,FLEX,00-0037744,Trey McBride,TE,ARI,6700,19.586241124382408,2.92,DET,44392590,7.9223,statline_mc+recal_10_4b,team:ARI,11
16,QB,00-0033119,Jacoby Brissett,QB,ARI,5500,19.67345552959332,3.58,DET,44391835,8.0521,statline_mc+recal_10_4b,team:ARI,15
16,DST,DST_NYJ,Jets,DST,NYJ,2700,7.530470052999999,2.79,CLE,44392864,5.8332,dst_simulated_session_10_4+recal_10_4b,team:ARI,15
16,RB1,00-0039139,Jahmyr Gibbs,RB,DET,9800,28.46138175609904,2.9,ARI,44391896,10.8249,statline_mc+recal_10_4b,team:ARI,15
16,RB2,00-0038597,Chase Brown,RB,CIN,6900,18.36988980563728,2.66,MIA,44391904,9.1285,statline_mc+recal_10_4b,team:ARI,15
16,WR1,00-0040667,Matthew Golden,WR,GB,5700,13.15096666837468,2.31,CHI,44392198,8.5552,statline_mc+recal_10_4b,team:ARI,15
16,WR2,00-0040735,Luther Burden III,WR,CHI,4900,12.10094773685242,2.47,GB,44392222,8.4099,statline_mc+recal_10_4b,team:ARI,15
16,WR3,00-0038621,DeMario Douglas,WR,NE,3500,6.460119804527809,1.85,LV,44392290,7.0977,statline_mc+recal_10_4b,team:ARI,15
16,TE,00-0037838,Isaiah Likely,TE,NYG,4300,12.773396030701068,2.97,WAS,44392608,7.1552,statline_mc+recal_10_4b,team:ARI,15
16,FLEX,00-0037744,Trey McBride,TE,ARI,6700,19.586241124382408,2.92,DET,44392590,7.9223,statline_mc+recal_10_4b,team:ARI,15
17,QB,00-0033119,Jacoby Brissett,QB,ARI,5500,19.67345552959332,3.58,DET,44391835,8.0521,statline_mc+recal_10_4b,team:ARI,18
17,DST,DST_TEN,Titans,DST,TEN,2100,5.7550823935,2.74,HOU,44392872,5.7332,dst_simulated_session_10_4+recal_10_4b,team:ARI,18
17,RB1,00-0039139,Jahmyr Gibbs,RB,DET,9800,28.46138175609904,2.9,ARI,44391896,10.8249,statline_mc+recal_10_4b,team:ARI,18
17,RB2,00-0037228,Jaylen Warren,RB,PIT,6700,17.69721976010284,2.64,IND,44391906,9.2686,statline_mc+recal_10_4b,team:ARI,18
17,WR1,00-0038559,Michael Wilson,WR,ARI,6200,15.84404516572461,2.56,DET,44392188,9.2188,statline_mc+recal_10_4b,team:ARI,18
17,WR2,00-0040735,Luther Burden III,WR,CHI,4900,12.10094773685242,2.47,GB,44392222,8.4099,statline_mc+recal_10_4b,team:ARI,18
17,WR3,00-0039880,Malik Washington,WR,MIA,4600,10.38728053800999,2.26,CIN,44392228,7.8471,statline_mc+recal_10_4b,team:ARI,18
17,TE,00-0039066,Michael Mayer,TE,LV,3500,8.356104979774173,2.39,NE,44392622,6.2973,statline_mc+recal_10_4b,team:ARI,18
17,FLEX,00-0037744,Trey McBride,TE,ARI,6700,19.586241124382408,2.92,DET,44392590,7.9223,statline_mc+recal_10_4b,team:ARI,18
18,QB,00-0033119,Jacoby Brissett,QB,ARI,5500,19.67345552959332,3.58,DET,44391835,8.0521,statline_mc+recal_10_4b,team:ARI,25
18,DST,DST_TEN,Titans,DST,TEN,2100,5.7550823935,2.74,HOU,44392872,5.7332,dst_simulated_session_10_4+recal_10_4b,team:ARI,25
18,RB1,00-0038597,Chase Brown,RB,CIN,6900,18.36988980563728,2.66,MIA,44391904,9.1285,statline_mc+recal_10_4b,team:ARI,25
18,RB2,00-0037228,Jaylen Warren,RB,PIT,6700,17.69721976010284,2.64,IND,44391906,9.2686,statline_mc+recal_10_4b,team:ARI,25
18,WR1,00-0036963,Amon-Ra St. Brown,WR,DET,7900,20.90607422511972,2.65,ARI,44392170,10.347,statline_mc+recal_10_4b,team:ARI,25
18,WR2,00-0038559,Michael Wilson,WR,ARI,6200,15.84404516572461,2.56,DET,44392188,9.2188,statline_mc+recal_10_4b,team:ARI,25
18,WR3,00-0039739,Roman Wilson,WR,PIT,3700,7.101683046020511,1.92,IND,44392270,7.5282,statline_mc+recal_10_4b,team:ARI,25
18,TE,00-0037838,Isaiah Likely,TE,NYG,4300,12.773396030701068,2.97,WAS,44392608,7.1552,statline_mc+recal_10_4b,team:ARI,25
18,FLEX,00-0037744,Trey McBride,TE,ARI,6700,19.586241124382408,2.92,DET,44392590,7.9223,statline_mc+recal_10_4b,team:ARI,25
19,QB,00-0033119,Jacoby Brissett,QB,ARI,5500,19.67345552959332,3.58,DET,44391835,8.0521,statline_mc+recal_10_4b,team:ARI,28
19,DST,DST_NYJ,Jets,DST,NYJ,2700,7.530470052999999,2.79,CLE,44392864,5.8332,dst_simulated_session_10_4+recal_10_4b,team:ARI,28
19,RB1,00-0039139,Jahmyr Gibbs,RB,DET,9800,28.46138175609904,2.9,ARI,44391896,10.8249,statline_mc+recal_10_4b,team:ARI,28
19,RB2,00-0037228,Jaylen Warren,RB,PIT,6700,17.69721976010284,2.64,IND,44391906,9.2686,statline_mc+recal_10_4b,team:ARI,28
19,WR1,00-0040667,Matthew Golden,WR,GB,5700,13.15096666837468,2.31,CHI,44392198,8.5552,statline_mc+recal_10_4b,team:ARI,28
19,WR2,00-0040735,Luther Burden III,WR,CHI,4900,12.10094773685242,2.47,GB,44392222,8.4099,statline_mc+recal_10_4b,team:ARI,28
19,WR3,00-0040669,Isaac TeSlaa,WR,DET,3400,6.552496698235615,1.93,ARI,44392294,7.7874,statline_mc+recal_10_4b,team:ARI,28
19,TE,00-0037838,Isaiah Likely,TE,NYG,4300,12.773396030701068,2.97,WAS,44392608,7.1552,statline_mc+recal_10_4b,team:ARI,28
19,FLEX,00-0037744,Trey McBride,TE,ARI,6700,19.586241124382408,2.92,DET,44392590,7.9223,statline_mc+recal_10_4b,team:ARI,28
20,QB,00-0033119,Jacoby Brissett,QB,ARI,5500,19.67345552959332,3.58,DET,44391835,8.0521,statline_mc+recal_10_4b,team:ARI,20
20,DST,DST_NO,Saints,DST,NO,2600,6.881139592000001,2.65,MIN,44392865,5.8808,dst_simulated_session_10_4+recal_10_4b,team:ARI,20
20,RB1,00-0039139,Jahmyr Gibbs,RB,DET,9800,28.46138175609904,2.9,ARI,44391896,10.8249,statline_mc+recal_10_4b,team:ARI,20
20,RB2,00-0038597,Chase Brown,RB,CIN,6900,18.36988980563728,2.66,MIA,44391904,9.1285,statline_mc+recal_10_4b,team:ARI,20
20,WR1,00-0038559,Michael Wilson,WR,ARI,6200,15.84404516572461,2.56,DET,44392188,9.2188,statline_mc+recal_10_4b,team:ARI,20
20,WR2,00-0040735,Luther Burden III,WR,CHI,4900,12.10094773685242,2.47,GB,44392222,8.4099,statline_mc+recal_10_4b,team:ARI,20
20,WR3,00-0041547,KC Concepcion Jr.,WR,CLE,4200,9.720923846372347,2.31,NYJ,44392244,7.5666,statline_mc+recal_10_4b,team:ARI,20
20,TE,00-0039793,AJ Barner,TE,SEA,3200,7.196837037424077,2.25,SF,44392626,6.2427,statline_mc+recal_10_4b,team:ARI,20
20,FLEX,00-0037744,Trey McBride,TE,ARI,6700,19.586241124382408,2.92,DET,44392590,7.9223,statline_mc+recal_10_4b,team:ARI,20
21,QB,00-0033119,Jacoby Brissett,QB,ARI,5500,19.67345552959332,3.58,DET,44391835,8.0521,statline_mc+recal_10_4b,team:ARI,51
21,DST,DST_NYJ,Jets,DST,NYJ,2700,7.530470052999999,2.79,CLE,44392864,5.8332,dst_simulated_session_10_4+recal_10_4b,team:ARI,51
21,RB1,00-0038597,Chase Brown,RB,CIN,6900,18.36988980563728,2.66,MIA,44391904,9.1285,statline_mc+recal_10_4b,team:ARI,51
21,RB2,00-0037228,Jaylen Warren,RB,PIT,6700,17.69721976010284,2.64,IND,44391906,9.2686,statline_mc+recal_10_4b,team:ARI,51
21,WR1,00-0038543,Jaxon Smith-Njigba,WR,SEA,8800,21.69718535284877,2.47,SF,44392166,10.2339,statline_mc+recal_10_4b,team:ARI,51
21,WR2,00-0040735,Luther Burden III,WR,CHI,4900,12.10094773685242,2.47,GB,44392222,8.4099,statline_mc+recal_10_4b,team:ARI,51
21,WR3,00-0038621,DeMario Douglas,WR,NE,3500,6.460119804527809,1.85,LV,44392290,7.0977,statline_mc+recal_10_4b,team:ARI,51
21,TE,00-0037838,Isaiah Likely,TE,NYG,4300,12.773396030701068,2.97,WAS,44392608,7.1552,statline_mc+recal_10_4b,team:ARI,51
21,FLEX,00-0037744,Trey McBride,TE,ARI,6700,19.586241124382408,2.92,DET,44392590,7.9223,statline_mc+recal_10_4b,team:ARI,51
22,QB,00-0033119,Jacoby Brissett,QB,ARI,5500,19.67345552959332,3.58,DET,44391835,8.0521,statline_mc+recal_10_4b,team:ARI,43
22,DST,DST_NYJ,Jets,DST,NYJ,2700,7.530470052999999,2.79,CLE,44392864,5.8332,dst_simulated_session_10_4+recal_10_4b,team:ARI,43
22,RB1,00-0039139,Jahmyr Gibbs,RB,DET,9800,28.46138175609904,2.9,ARI,44391896,10.8249,statline_mc+recal_10_4b,team:ARI,43
22,RB2,00-0038597,Chase Brown,RB,CIN,6900,18.36988980563728,2.66,MIA,44391904,9.1285,statline_mc+recal_10_4b,team:ARI,43
22,WR1,00-0035640,DK Metcalf,WR,PIT,5400,11.930257260652374,2.21,IND,44392208,8.4627,statline_mc+recal_10_4b,team:ARI,43
22,WR2,00-0039880,Malik Washington,WR,MIA,4600,10.38728053800999,2.26,CIN,44392228,7.8471,statline_mc+recal_10_4b,team:ARI,43
22,WR3,00-0032464,Kalif Raymond,WR,CHI,3900,8.132083208811828,2.09,GB,44392262,7.3792,statline_mc+recal_10_4b,team:ARI,43
22,TE,00-0037838,Isaiah Likely,TE,NYG,4300,12.773396030701068,2.97,WAS,44392608,7.1552,statline_mc+recal_10_4b,team:ARI,43
22,FLEX,00-0037744,Trey McBride,TE,ARI,6700,19.586241124382408,2.92,DET,44392590,7.9223,statline_mc+recal_10_4b,team:ARI,43
23,QB,00-0033106,Jared Goff,QB,DET,6600,22.40254133186812,3.39,ARI,44391825,8.2407,statline_mc+recal_10_4b,team:DET,32
23,DST,DST_NO,Saints,DST,NO,2600,6.881139592000001,2.65,MIN,44392865,5.8808,dst_simulated_session_10_4+recal_10_4b,team:DET,32
23,RB1,00-0038597,Chase Brown,RB,CIN,6900,18.36988980563728,2.66,MIA,44391904,9.1285,statline_mc+recal_10_4b,team:DET,32
23,RB2,00-0037228,Jaylen Warren,RB,PIT,6700,17.69721976010284,2.64,IND,44391906,9.2686,statline_mc+recal_10_4b,team:DET,32
23,WR1,00-0036963,Amon-Ra St. Brown,WR,DET,7900,20.90607422511972,2.65,ARI,44392170,10.347,statline_mc+recal_10_4b,team:DET,32
23,WR2,00-0040735,Luther Burden III,WR,CHI,4900,12.10094773685242,2.47,GB,44392222,8.4099,statline_mc+recal_10_4b,team:DET,32
23,WR3,00-0040669,Isaac TeSlaa,WR,DET,3400,6.552496698235615,1.93,ARI,44392294,7.7874,statline_mc+recal_10_4b,team:DET,32
23,TE,00-0037838,Isaiah Likely,TE,NYG,4300,12.773396030701068,2.97,WAS,44392608,7.1552,statline_mc+recal_10_4b,team:DET,32
23,FLEX,00-0037744,Trey McBride,TE,ARI,6700,19.586241124382408,2.92,DET,44392590,7.9223,statline_mc+recal_10_4b,team:DET,32
24,QB,00-0033106,Jared Goff,QB,DET,6600,22.40254133186812,3.39,ARI,44391825,8.2407,statline_mc+recal_10_4b,team:DET,44
24,DST,DST_TEN,Titans,DST,TEN,2100,5.7550823935,2.74,HOU,44392872,5.7332,dst_simulated_session_10_4+recal_10_4b,team:DET,44
24,RB1,00-0038597,Chase Brown,RB,CIN,6900,18.36988980563728,2.66,MIA,44391904,9.1285,statline_mc+recal_10_4b,team:DET,44
24,RB2,00-0037228,Jaylen Warren,RB,PIT,6700,17.69721976010284,2.64,IND,44391906,9.2686,statline_mc+recal_10_4b,team:DET,44
24,WR1,00-0036963,Amon-Ra St. Brown,WR,DET,7900,20.90607422511972,2.65,ARI,44392170,10.347,statline_mc+recal_10_4b,team:DET,44
24,WR2,00-0040735,Luther Burden III,WR,CHI,4900,12.10094773685242,2.47,GB,44392222,8.4099,statline_mc+recal_10_4b,team:DET,44
24,WR3,00-0039739,Roman Wilson,WR,PIT,3700,7.101683046020511,1.92,IND,44392270,7.5282,statline_mc+recal_10_4b,team:DET,44
24,TE,00-0037838,Isaiah Likely,TE,NYG,4300,12.773396030701068,2.97,WAS,44392608,7.1552,statline_mc+recal_10_4b,team:DET,44
24,FLEX,00-0037744,Trey McBride,TE,ARI,6700,19.586241124382408,2.92,DET,44392590,7.9223,statline_mc+recal_10_4b,team:DET,44
25,QB,00-0033119,Jacoby Brissett,QB,ARI,5500,19.67345552959332,3.58,DET,44391835,8.0521,statline_mc+recal_10_4b,team:ARI,30
25,DST,DST_TEN,Titans,DST,TEN,2100,5.7550823935,2.74,HOU,44392872,5.7332,dst_simulated_session_10_4+recal_10_4b,team:ARI,30
25,RB1,00-0039139,Jahmyr Gibbs,RB,DET,9800,28.46138175609904,2.9,ARI,44391896,10.8249,statline_mc+recal_10_4b,team:ARI,30
25,RB2,00-0037228,Jaylen Warren,RB,PIT,6700,17.69721976010284,2.64,IND,44391906,9.2686,statline_mc+recal_10_4b,team:ARI,30
25,WR1,00-0038559,Michael Wilson,WR,ARI,6200,15.84404516572461,2.56,DET,44392188,9.2188,statline_mc+recal_10_4b,team:ARI,30
25,WR2,00-0040735,Luther Burden III,WR,CHI,4900,12.10094773685242,2.47,GB,44392222,8.4099,statline_mc+recal_10_4b,team:ARI,30
25,WR3,00-0041547,KC Concepcion Jr.,WR,CLE,4200,9.720923846372347,2.31,NYJ,44392244,7.5666,statline_mc+recal_10_4b,team:ARI,30
25,TE,00-0041032,Kenyon Sadiq,TE,NYJ,3800,8.528717544224024,2.24,CLE,44392616,6.4394,statline_mc+recal_10_4b,team:ARI,30
25,FLEX,00-0037744,Trey McBride,TE,ARI,6700,19.586241124382408,2.92,DET,44392590,7.9223,statline_mc+recal_10_4b,team:ARI,30
26,QB,00-0033106,Jared Goff,QB,DET,6600,22.40254133186812,3.39,ARI,44391825,8.2407,statline_mc+recal_10_4b,team:DET,12
26,DST,DST_TEN,Titans,DST,TEN,2100,5.7550823935,2.74,HOU,44392872,5.7332,dst_simulated_session_10_4+recal_10_4b,team:DET,12
26,RB1,00-0039139,Jahmyr Gibbs,RB,DET,9800,28.46138175609904,2.9,ARI,44391896,10.8249,statline_mc+recal_10_4b,team:DET,12
26,RB2,00-0037228,Jaylen Warren,RB,PIT,6700,17.69721976010284,2.64,IND,44391906,9.2686,statline_mc+recal_10_4b,team:DET,12
26,WR1,00-0036963,Amon-Ra St. Brown,WR,DET,7900,20.90607422511972,2.65,ARI,44392170,10.347,statline_mc+recal_10_4b,team:DET,12
26,WR2,00-0040735,Luther Burden III,WR,CHI,4900,12.10094773685242,2.47,GB,44392222,8.4099,statline_mc+recal_10_4b,team:DET,12
26,WR3,00-0041547,KC Concepcion Jr.,WR,CLE,4200,9.720923846372347,2.31,NYJ,44392244,7.5666,statline_mc+recal_10_4b,team:DET,12
26,TE,00-0037838,Isaiah Likely,TE,NYG,4300,12.773396030701068,2.97,WAS,44392608,7.1552,statline_mc+recal_10_4b,team:DET,12
26,FLEX,00-0039066,Michael Mayer,TE,LV,3500,8.356104979774173,2.39,NE,44392622,6.2973,statline_mc+recal_10_4b,team:DET,12
27,QB,00-0033119,Jacoby Brissett,QB,ARI,5500,19.67345552959332,3.58,DET,44391835,8.0521,statline_mc+recal_10_4b,team:ARI,38
27,DST,DST_NYJ,Jets,DST,NYJ,2700,7.530470052999999,2.79,CLE,44392864,5.8332,dst_simulated_session_10_4+recal_10_4b,team:ARI,38
27,RB1,00-0039139,Jahmyr Gibbs,RB,DET,9800,28.46138175609904,2.9,ARI,44391896,10.8249,statline_mc+recal_10_4b,team:ARI,38
27,RB2,00-0037228,Jaylen Warren,RB,PIT,6700,17.69721976010284,2.64,IND,44391906,9.2686,statline_mc+recal_10_4b,team:ARI,38
27,WR1,00-0041438,Carnell Tate,WR,TEN,5300,12.32635887338521,2.33,HOU,44392210,8.1615,statline_mc+recal_10_4b,team:ARI,38
27,WR2,00-0037816,Romeo Doubs,WR,NE,5000,10.912192898359471,2.18,LV,44392220,8.3058,statline_mc+recal_10_4b,team:ARI,38
27,WR3,00-0032464,Kalif Raymond,WR,CHI,3900,8.132083208811828,2.09,GB,44392262,7.3792,statline_mc+recal_10_4b,team:ARI,38
27,TE,00-0037838,Isaiah Likely,TE,NYG,4300,12.773396030701068,2.97,WAS,44392608,7.1552,statline_mc+recal_10_4b,team:ARI,38
27,FLEX,00-0037744,Trey McBride,TE,ARI,6700,19.586241124382408,2.92,DET,44392590,7.9223,statline_mc+recal_10_4b,team:ARI,38
28,QB,00-0033106,Jared Goff,QB,DET,6600,22.40254133186812,3.39,ARI,44391825,8.2407,statline_mc+recal_10_4b,team:DET,10
28,DST,DST_TEN,Titans,DST,TEN,2100,5.7550823935,2.74,HOU,44392872,5.7332,dst_simulated_session_10_4+recal_10_4b,team:DET,10
28,RB1,00-0039139,Jahmyr Gibbs,RB,DET,9800,28.46138175609904,2.9,ARI,44391896,10.8249,statline_mc+recal_10_4b,team:DET,10
28,RB2,00-0038597,Chase Brown,RB,CIN,6900,18.36988980563728,2.66,MIA,44391904,9.1285,statline_mc+recal_10_4b,team:DET,10
28,WR1,00-0041438,Carnell Tate,WR,TEN,5300,12.32635887338521,2.33,HOU,44392210,8.1615,statline_mc+recal_10_4b,team:DET,10
28,WR2,00-0040735,Luther Burden III,WR,CHI,4900,12.10094773685242,2.47,GB,44392222,8.4099,statline_mc+recal_10_4b,team:DET,10
28,WR3,00-0040669,Isaac TeSlaa,WR,DET,3400,6.552496698235615,1.93,ARI,44392294,7.7874,statline_mc+recal_10_4b,team:DET,10
28,TE,00-0037838,Isaiah Likely,TE,NYG,4300,12.773396030701068,2.97,WAS,44392608,7.1552,statline_mc+recal_10_4b,team:DET,10
28,FLEX,00-0037744,Trey McBride,TE,ARI,6700,19.586241124382408,2.92,DET,44392590,7.9223,statline_mc+recal_10_4b,team:DET,10
29,QB,00-0033106,Jared Goff,QB,DET,6600,22.40254133186812,3.39,ARI,44391825,8.2407,statline_mc+recal_10_4b,team:DET,60
29,DST,DST_NYJ,Jets,DST,NYJ,2700,7.530470052999999,2.79,CLE,44392864,5.8332,dst_simulated_session_10_4+recal_10_4b,team:DET,60
29,RB1,00-0038597,Chase Brown,RB,CIN,6900,18.36988980563728,2.66,MIA,44391904,9.1285,statline_mc+recal_10_4b,team:DET,60
29,RB2,00-0037228,Jaylen Warren,RB,PIT,6700,17.69721976010284,2.64,IND,44391906,9.2686,statline_mc+recal_10_4b,team:DET,60
29,WR1,00-0036963,Amon-Ra St. Brown,WR,DET,7900,20.90607422511972,2.65,ARI,44392170,10.347,statline_mc+recal_10_4b,team:DET,60
29,WR2,00-0038559,Michael Wilson,WR,ARI,6200,15.84404516572461,2.56,DET,44392188,9.2188,statline_mc+recal_10_4b,team:DET,60
29,WR3,00-0040735,Luther Burden III,WR,CHI,4900,12.10094773685242,2.47,GB,44392222,8.4099,statline_mc+recal_10_4b,team:DET,60
29,TE,00-0035229,T.J. Hockenson,TE,MIN,4800,12.157879270381436,2.53,NO,44392598,7.195,statline_mc+recal_10_4b,team:DET,60
29,FLEX,00-0039793,AJ Barner,TE,SEA,3200,7.196837037424077,2.25,SF,44392626,6.2427,statline_mc+recal_10_4b,team:DET,60
30,QB,00-0033119,Jacoby Brissett,QB,ARI,5500,19.67345552959332,3.58,DET,44391835,8.0521,statline_mc+recal_10_4b,team:ARI,35
30,DST,DST_CLE,Browns,DST,CLE,2800,6.856505300499999,2.45,NYJ,44392861,5.8038,dst_simulated_session_10_4+recal_10_4b,team:ARI,35
30,RB1,00-0039139,Jahmyr Gibbs,RB,DET,9800,28.46138175609904,2.9,ARI,44391896,10.8249,statline_mc+recal_10_4b,team:ARI,35
30,RB2,00-0037228,Jaylen Warren,RB,PIT,6700,17.69721976010284,2.64,IND,44391906,9.2686,statline_mc+recal_10_4b,team:ARI,35
30,WR1,00-0038559,Michael Wilson,WR,ARI,6200,15.84404516572461,2.56,DET,44392188,9.2188,statline_mc+recal_10_4b,team:ARI,35
30,WR2,00-0040735,Luther Burden III,WR,CHI,4900,12.10094773685242,2.47,GB,44392222,8.4099,statline_mc+recal_10_4b,team:ARI,35
30,WR3,00-0041547,KC Concepcion Jr.,WR,CLE,4200,9.720923846372347,2.31,NYJ,44392244,7.5666,statline_mc+recal_10_4b,team:ARI,35
30,TE,00-0039793,AJ Barner,TE,SEA,3200,7.196837037424077,2.25,SF,44392626,6.2427,statline_mc+recal_10_4b,team:ARI,35
30,FLEX,00-0037744,Trey McBride,TE,ARI,6700,19.586241124382408,2.92,DET,44392590,7.9223,statline_mc+recal_10_4b,team:ARI,35
31,QB,00-0033119,Jacoby Brissett,QB,ARI,5500,19.67345552959332,3.58,DET,44391835,8.0521,statline_mc+recal_10_4b,team:ARI,6
31,DST,DST_TEN,Titans,DST,TEN,2100,5.7550823935,2.74,HOU,44392872,5.7332,dst_simulated_session_10_4+recal_10_4b,team:ARI,6
31,RB1,00-0039139,Jahmyr Gibbs,RB,DET,9800,28.46138175609904,2.9,ARI,44391896,10.8249,statline_mc+recal_10_4b,team:ARI,6
31,RB2,00-0037228,Jaylen Warren,RB,PIT,6700,17.69721976010284,2.64,IND,44391906,9.2686,statline_mc+recal_10_4b,team:ARI,6
31,WR1,00-0038559,Michael Wilson,WR,ARI,6200,15.84404516572461,2.56,DET,44392188,9.2188,statline_mc+recal_10_4b,team:ARI,6
31,WR2,00-0041438,Carnell Tate,WR,TEN,5300,12.32635887338521,2.33,HOU,44392210,8.1615,statline_mc+recal_10_4b,team:ARI,6
31,WR3,00-0040669,Isaac TeSlaa,WR,DET,3400,6.552496698235615,1.93,ARI,44392294,7.7874,statline_mc+recal_10_4b,team:ARI,6
31,TE,00-0037838,Isaiah Likely,TE,NYG,4300,12.773396030701068,2.97,WAS,44392608,7.1552,statline_mc+recal_10_4b,team:ARI,6
31,FLEX,00-0037744,Trey McBride,TE,ARI,6700,19.586241124382408,2.92,DET,44392590,7.9223,statline_mc+recal_10_4b,team:ARI,6
32,QB,00-0033106,Jared Goff,QB,DET,6600,22.40254133186812,3.39,ARI,44391825,8.2407,statline_mc+recal_10_4b,team:DET,29
32,DST,DST_CLE,Browns,DST,CLE,2800,6.856505300499999,2.45,NYJ,44392861,5.8038,dst_simulated_session_10_4+recal_10_4b,team:DET,29
32,RB1,00-0039139,Jahmyr Gibbs,RB,DET,9800,28.46138175609904,2.9,ARI,44391896,10.8249,statline_mc+recal_10_4b,team:DET,29
32,RB2,00-0038597,Chase Brown,RB,CIN,6900,18.36988980563728,2.66,MIA,44391904,9.1285,statline_mc+recal_10_4b,team:DET,29
32,WR1,00-0040735,Luther Burden III,WR,CHI,4900,12.10094773685242,2.47,GB,44392222,8.4099,statline_mc+recal_10_4b,team:DET,29
32,WR2,00-0039880,Malik Washington,WR,MIA,4600,10.38728053800999,2.26,CIN,44392228,7.8471,statline_mc+recal_10_4b,team:DET,29
32,WR3,00-0040669,Isaac TeSlaa,WR,DET,3400,6.552496698235615,1.93,ARI,44392294,7.7874,statline_mc+recal_10_4b,team:DET,29
32,TE,00-0037838,Isaiah Likely,TE,NYG,4300,12.773396030701068,2.97,WAS,44392608,7.1552,statline_mc+recal_10_4b,team:DET,29
32,FLEX,00-0037744,Trey McBride,TE,ARI,6700,19.586241124382408,2.92,DET,44392590,7.9223,statline_mc+recal_10_4b,team:DET,29
33,QB,00-0033119,Jacoby Brissett,QB,ARI,5500,19.67345552959332,3.58,DET,44391835,8.0521,statline_mc+recal_10_4b,team:ARI,21
33,DST,DST_CLE,Browns,DST,CLE,2800,6.856505300499999,2.45,NYJ,44392861,5.8038,dst_simulated_session_10_4+recal_10_4b,team:ARI,21
33,RB1,00-0039139,Jahmyr Gibbs,RB,DET,9800,28.46138175609904,2.9,ARI,44391896,10.8249,statline_mc+recal_10_4b,team:ARI,21
33,RB2,00-0037228,Jaylen Warren,RB,PIT,6700,17.69721976010284,2.64,IND,44391906,9.2686,statline_mc+recal_10_4b,team:ARI,21
33,WR1,00-0038559,Michael Wilson,WR,ARI,6200,15.84404516572461,2.56,DET,44392188,9.2188,statline_mc+recal_10_4b,team:ARI,21
33,WR2,00-0039880,Malik Washington,WR,MIA,4600,10.38728053800999,2.26,CIN,44392228,7.8471,statline_mc+recal_10_4b,team:ARI,21
33,WR3,00-0040669,Isaac TeSlaa,WR,DET,3400,6.552496698235615,1.93,ARI,44392294,7.7874,statline_mc+recal_10_4b,team:ARI,21
33,TE,00-0037838,Isaiah Likely,TE,NYG,4300,12.773396030701068,2.97,WAS,44392608,7.1552,statline_mc+recal_10_4b,team:ARI,21
33,FLEX,00-0037744,Trey McBride,TE,ARI,6700,19.586241124382408,2.92,DET,44392590,7.9223,statline_mc+recal_10_4b,team:ARI,21
34,QB,00-0033106,Jared Goff,QB,DET,6600,22.40254133186812,3.39,ARI,44391825,8.2407,statline_mc+recal_10_4b,team:DET,31
34,DST,DST_NO,Saints,DST,NO,2600,6.881139592000001,2.65,MIN,44392865,5.8808,dst_simulated_session_10_4+recal_10_4b,team:DET,31
34,RB1,00-0039139,Jahmyr Gibbs,RB,DET,9800,28.46138175609904,2.9,ARI,44391896,10.8249,statline_mc+recal_10_4b,team:DET,31
34,RB2,00-0037228,Jaylen Warren,RB,PIT,6700,17.69721976010284,2.64,IND,44391906,9.2686,statline_mc+recal_10_4b,team:DET,31
34,WR1,00-0040735,Luther Burden III,WR,CHI,4900,12.10094773685242,2.47,GB,44392222,8.4099,statline_mc+recal_10_4b,team:DET,31
34,WR2,00-0037816,Romeo Doubs,WR,NE,5000,10.912192898359471,2.18,LV,44392220,8.3058,statline_mc+recal_10_4b,team:DET,31
34,WR3,00-0040669,Isaac TeSlaa,WR,DET,3400,6.552496698235615,1.93,ARI,44392294,7.7874,statline_mc+recal_10_4b,team:DET,31
34,TE,00-0037838,Isaiah Likely,TE,NYG,4300,12.773396030701068,2.97,WAS,44392608,7.1552,statline_mc+recal_10_4b,team:DET,31
34,FLEX,00-0037744,Trey McBride,TE,ARI,6700,19.586241124382408,2.92,DET,44392590,7.9223,statline_mc+recal_10_4b,team:DET,31
35,QB,00-0033106,Jared Goff,QB,DET,6600,22.40254133186812,3.39,ARI,44391825,8.2407,statline_mc+recal_10_4b,team:DET,49
35,DST,DST_NYJ,Jets,DST,NYJ,2700,7.530470052999999,2.79,CLE,44392864,5.8332,dst_simulated_session_10_4+recal_10_4b,team:DET,49
35,RB1,00-0039139,Jahmyr Gibbs,RB,DET,9800,28.46138175609904,2.9,ARI,44391896,10.8249,statline_mc+recal_10_4b,team:DET,49
35,RB2,00-0038597,Chase Brown,RB,CIN,6900,18.36988980563728,2.66,MIA,44391904,9.1285,statline_mc+recal_10_4b,team:DET,49
35,WR1,00-0037740,Garrett Wilson,WR,NYJ,6600,15.920516851654291,2.41,CLE,44392180,8.7182,statline_mc+recal_10_4b,team:DET,49
35,WR2,00-0040735,Luther Burden III,WR,CHI,4900,12.10094773685242,2.47,GB,44392222,8.4099,statline_mc+recal_10_4b,team:DET,49
35,WR3,00-0040669,Isaac TeSlaa,WR,DET,3400,6.552496698235615,1.93,ARI,44392294,7.7874,statline_mc+recal_10_4b,team:DET,49
35,TE,00-0037838,Isaiah Likely,TE,NYG,4300,12.773396030701068,2.97,WAS,44392608,7.1552,statline_mc+recal_10_4b,team:DET,49
35,FLEX,00-0035229,T.J. Hockenson,TE,MIN,4800,12.157879270381436,2.53,NO,44392598,7.195,statline_mc+recal_10_4b,team:DET,49
36,QB,00-0033119,Jacoby Brissett,QB,ARI,5500,19.67345552959332,3.58,DET,44391835,8.0521,statline_mc+recal_10_4b,team:ARI,45
36,DST,DST_NYJ,Jets,DST,NYJ,2700,7.530470052999999,2.79,CLE,44392864,5.8332,dst_simulated_session_10_4+recal_10_4b,team:ARI,45
36,RB1,00-0039139,Jahmyr Gibbs,RB,DET,9800,28.46138175609904,2.9,ARI,44391896,10.8249,statline_mc+recal_10_4b,team:ARI,45
36,RB2,00-0036875,Rhamondre Stevenson,RB,NE,5500,12.651191999199709,2.3,LV,44391930,8.285,statline_mc+recal_10_4b,team:ARI,45
36,WR1,00-0036963,Amon-Ra St. Brown,WR,DET,7900,20.90607422511972,2.65,ARI,44392170,10.347,statline_mc+recal_10_4b,team:ARI,45
36,WR2,00-0038559,Michael Wilson,WR,ARI,6200,15.84404516572461,2.56,DET,44392188,9.2188,statline_mc+recal_10_4b,team:ARI,45
36,WR3,00-0039880,Malik Washington,WR,MIA,4600,10.38728053800999,2.26,CIN,44392228,7.8471,statline_mc+recal_10_4b,team:ARI,45
36,TE,00-0037838,Isaiah Likely,TE,NYG,4300,12.773396030701068,2.97,WAS,44392608,7.1552,statline_mc+recal_10_4b,team:ARI,45
36,FLEX,00-0039066,Michael Mayer,TE,LV,3500,8.356104979774173,2.39,NE,44392622,6.2973,statline_mc+recal_10_4b,team:ARI,45
37,QB,00-0033119,Jacoby Brissett,QB,ARI,5500,19.67345552959332,3.58,DET,44391835,8.0521,statline_mc+recal_10_4b,team:ARI,41
37,DST,DST_TEN,Titans,DST,TEN,2100,5.7550823935,2.74,HOU,44392872,5.7332,dst_simulated_session_10_4+recal_10_4b,team:ARI,41
37,RB1,00-0039139,Jahmyr Gibbs,RB,DET,9800,28.46138175609904,2.9,ARI,44391896,10.8249,statline_mc+recal_10_4b,team:ARI,41
37,RB2,00-0038797,Emanuel Wilson,RB,SEA,5300,11.283265524965651,2.13,SF,44391938,8.3073,statline_mc+recal_10_4b,team:ARI,41
37,WR1,00-0036963,Amon-Ra St. Brown,WR,DET,7900,20.90607422511972,2.65,ARI,44392170,10.347,statline_mc+recal_10_4b,team:ARI,41
37,WR2,00-0040735,Luther Burden III,WR,CHI,4900,12.10094773685242,2.47,GB,44392222,8.4099,statline_mc+recal_10_4b,team:ARI,41
37,WR3,00-0038621,DeMario Douglas,WR,NE,3500,6.460119804527809,1.85,LV,44392290,7.0977,statline_mc+recal_10_4b,team:ARI,41
37,TE,00-0037838,Isaiah Likely,TE,NYG,4300,12.773396030701068,2.97,WAS,44392608,7.1552,statline_mc+recal_10_4b,team:ARI,41
37,FLEX,00-0037744,Trey McBride,TE,ARI,6700,19.586241124382408,2.92,DET,44392590,7.9223,statline_mc+recal_10_4b,team:ARI,41
38,QB,00-0033106,Jared Goff,QB,DET,6600,22.40254133186812,3.39,ARI,44391825,8.2407,statline_mc+recal_10_4b,team:DET,42
38,DST,DST_TEN,Titans,DST,TEN,2100,5.7550823935,2.74,HOU,44392872,5.7332,dst_simulated_session_10_4+recal_10_4b,team:DET,42
38,RB1,00-0039139,Jahmyr Gibbs,RB,DET,9800,28.46138175609904,2.9,ARI,44391896,10.8249,statline_mc+recal_10_4b,team:DET,42
38,RB2,00-0040784,Quinshon Judkins,RB,CLE,5700,13.810313942197284,2.42,NYJ,44391924,8.2587,statline_mc+recal_10_4b,team:DET,42
38,WR1,00-0036963,Amon-Ra St. Brown,WR,DET,7900,20.90607422511972,2.65,ARI,44392170,10.347,statline_mc+recal_10_4b,team:DET,42
38,WR2,00-0038559,Michael Wilson,WR,ARI,6200,15.84404516572461,2.56,DET,44392188,9.2188,statline_mc+recal_10_4b,team:DET,42
38,WR3,00-0041547,KC Concepcion Jr.,WR,CLE,4200,9.720923846372347,2.31,NYJ,44392244,7.5666,statline_mc+recal_10_4b,team:DET,42
38,TE,00-0037838,Isaiah Likely,TE,NYG,4300,12.773396030701068,2.97,WAS,44392608,7.1552,statline_mc+recal_10_4b,team:DET,42
38,FLEX,00-0039793,AJ Barner,TE,SEA,3200,7.196837037424077,2.25,SF,44392626,6.2427,statline_mc+recal_10_4b,team:DET,42
39,QB,00-0033119,Jacoby Brissett,QB,ARI,5500,19.67345552959332,3.58,DET,44391835,8.0521,statline_mc+recal_10_4b,team:ARI,48
39,DST,DST_TEN,Titans,DST,TEN,2100,5.7550823935,2.74,HOU,44392872,5.7332,dst_simulated_session_10_4+recal_10_4b,team:ARI,48
39,RB1,00-0039139,Jahmyr Gibbs,RB,DET,9800,28.46138175609904,2.9,ARI,44391896,10.8249,statline_mc+recal_10_4b,team:ARI,48
39,RB2,00-0041027,Jeremiyah Love,RB,ARI,6100,13.964557962149268,2.29,DET,44391914,8.5577,statline_mc+recal_10_4b,team:ARI,48
39,WR1,00-0036963,Amon-Ra St. Brown,WR,DET,7900,20.90607422511972,2.65,ARI,44392170,10.347,statline_mc+recal_10_4b,team:ARI,48
39,WR2,00-0032464,Kalif Raymond,WR,CHI,3900,8.132083208811828,2.09,GB,44392262,7.3792,statline_mc+recal_10_4b,team:ARI,48
39,WR3,00-0039739,Roman Wilson,WR,PIT,3700,7.101683046020511,1.92,IND,44392270,7.5282,statline_mc+recal_10_4b,team:ARI,48
39,TE,00-0037838,Isaiah Likely,TE,NYG,4300,12.773396030701068,2.97,WAS,44392608,7.1552,statline_mc+recal_10_4b,team:ARI,48
39,FLEX,00-0037744,Trey McBride,TE,ARI,6700,19.586241124382408,2.92,DET,44392590,7.9223,statline_mc+recal_10_4b,team:ARI,48
40,QB,00-0033119,Jacoby Brissett,QB,ARI,5500,19.67345552959332,3.58,DET,44391835,8.0521,statline_mc+recal_10_4b,team:ARI,33
40,DST,DST_TEN,Titans,DST,TEN,2100,5.7550823935,2.74,HOU,44392872,5.7332,dst_simulated_session_10_4+recal_10_4b,team:ARI,33
40,RB1,00-0039139,Jahmyr Gibbs,RB,DET,9800,28.46138175609904,2.9,ARI,44391896,10.8249,statline_mc+recal_10_4b,team:ARI,33
40,RB2,00-0040784,Quinshon Judkins,RB,CLE,5700,13.810313942197284,2.42,NYJ,44391924,8.2587,statline_mc+recal_10_4b,team:ARI,33
40,WR1,00-0036963,Amon-Ra St. Brown,WR,DET,7900,20.90607422511972,2.65,ARI,44392170,10.347,statline_mc+recal_10_4b,team:ARI,33
40,WR2,00-0040735,Luther Burden III,WR,CHI,4900,12.10094773685242,2.47,GB,44392222,8.4099,statline_mc+recal_10_4b,team:ARI,33
40,WR3,00-0041547,KC Concepcion Jr.,WR,CLE,4200,9.720923846372347,2.31,NYJ,44392244,7.5666,statline_mc+recal_10_4b,team:ARI,33
40,TE,00-0039793,AJ Barner,TE,SEA,3200,7.196837037424077,2.25,SF,44392626,6.2427,statline_mc+recal_10_4b,team:ARI,33
40,FLEX,00-0037744,Trey McBride,TE,ARI,6700,19.586241124382408,2.92,DET,44392590,7.9223,statline_mc+recal_10_4b,team:ARI,33
41,QB,00-0033119,Jacoby Brissett,QB,ARI,5500,19.67345552959332,3.58,DET,44391835,8.0521,statline_mc+recal_10_4b,team:ARI,17
41,DST,DST_TEN,Titans,DST,TEN,2100,5.7550823935,2.74,HOU,44392872,5.7332,dst_simulated_session_10_4+recal_10_4b,team:ARI,17
41,RB1,00-0039139,Jahmyr Gibbs,RB,DET,9800,28.46138175609904,2.9,ARI,44391896,10.8249,statline_mc+recal_10_4b,team:ARI,17
41,RB2,00-0038597,Chase Brown,RB,CIN,6900,18.36988980563728,2.66,MIA,44391904,9.1285,statline_mc+recal_10_4b,team:ARI,17
41,WR1,00-0038559,Michael Wilson,WR,ARI,6200,15.84404516572461,2.56,DET,44392188,9.2188,statline_mc+recal_10_4b,team:ARI,17
41,WR2,00-0040735,Luther Burden III,WR,CHI,4900,12.10094773685242,2.47,GB,44392222,8.4099,statline_mc+recal_10_4b,team:ARI,17
41,WR3,00-0041547,KC Concepcion Jr.,WR,CLE,4200,9.720923846372347,2.31,NYJ,44392244,7.5666,statline_mc+recal_10_4b,team:ARI,17
41,TE,00-0039066,Michael Mayer,TE,LV,3500,8.356104979774173,2.39,NE,44392622,6.2973,statline_mc+recal_10_4b,team:ARI,17
41,FLEX,00-0037744,Trey McBride,TE,ARI,6700,19.586241124382408,2.92,DET,44392590,7.9223,statline_mc+recal_10_4b,team:ARI,17
42,QB,00-0033106,Jared Goff,QB,DET,6600,22.40254133186812,3.39,ARI,44391825,8.2407,statline_mc+recal_10_4b,team:DET,34
42,DST,DST_TEN,Titans,DST,TEN,2100,5.7550823935,2.74,HOU,44392872,5.7332,dst_simulated_session_10_4+recal_10_4b,team:DET,34
42,RB1,00-0039139,Jahmyr Gibbs,RB,DET,9800,28.46138175609904,2.9,ARI,44391896,10.8249,statline_mc+recal_10_4b,team:DET,34
42,RB2,00-0038597,Chase Brown,RB,CIN,6900,18.36988980563728,2.66,MIA,44391904,9.1285,statline_mc+recal_10_4b,team:DET,34
42,WR1,00-0040735,Luther Burden III,WR,CHI,4900,12.10094773685242,2.47,GB,44392222,8.4099,statline_mc+recal_10_4b,team:DET,34
42,WR2,00-0035659,Terry McLaurin,WR,WAS,5300,11.193426489512268,2.11,NYG,44392212,7.8699,statline_mc+recal_10_4b,team:DET,34
42,WR3,00-0040669,Isaac TeSlaa,WR,DET,3400,6.552496698235615,1.93,ARI,44392294,7.7874,statline_mc+recal_10_4b,team:DET,34
42,TE,00-0037838,Isaiah Likely,TE,NYG,4300,12.773396030701068,2.97,WAS,44392608,7.1552,statline_mc+recal_10_4b,team:DET,34
42,FLEX,00-0037744,Trey McBride,TE,ARI,6700,19.586241124382408,2.92,DET,44392590,7.9223,statline_mc+recal_10_4b,team:DET,34
43,QB,00-0033119,Jacoby Brissett,QB,ARI,5500,19.67345552959332,3.58,DET,44391835,8.0521,statline_mc+recal_10_4b,team:ARI,53
43,DST,DST_WAS,Commanders,DST,WAS,2900,7.399032604000001,2.55,NYG,44392860,5.8945,dst_simulated_session_10_4+recal_10_4b,team:ARI,53
43,RB1,00-0039139,Jahmyr Gibbs,RB,DET,9800,28.46138175609904,2.9,ARI,44391896,10.8249,statline_mc+recal_10_4b,team:ARI,53
43,RB2,00-0037228,Jaylen Warren,RB,PIT,6700,17.69721976010284,2.64,IND,44391906,9.2686,statline_mc+recal_10_4b,team:ARI,53
43,WR1,00-0040667,Matthew Golden,WR,GB,5700,13.15096666837468,2.31,CHI,44392198,8.5552,statline_mc+recal_10_4b,team:ARI,53
43,WR2,00-0040735,Luther Burden III,WR,CHI,4900,12.10094773685242,2.47,GB,44392222,8.4099,statline_mc+recal_10_4b,team:ARI,53
43,WR3,00-0039880,Malik Washington,WR,MIA,4600,10.38728053800999,2.26,CIN,44392228,7.8471,statline_mc+recal_10_4b,team:ARI,53
43,TE,00-0039793,AJ Barner,TE,SEA,3200,7.196837037424077,2.25,SF,44392626,6.2427,statline_mc+recal_10_4b,team:ARI,53
43,FLEX,00-0037744,Trey McBride,TE,ARI,6700,19.586241124382408,2.92,DET,44392590,7.9223,statline_mc+recal_10_4b,team:ARI,53
44,QB,00-0033119,Jacoby Brissett,QB,ARI,5500,19.67345552959332,3.58,DET,44391835,8.0521,statline_mc+recal_10_4b,team:ARI,9
44,DST,DST_NO,Saints,DST,NO,2600,6.881139592000001,2.65,MIN,44392865,5.8808,dst_simulated_session_10_4+recal_10_4b,team:ARI,9
44,RB1,00-0039139,Jahmyr Gibbs,RB,DET,9800,28.46138175609904,2.9,ARI,44391896,10.8249,statline_mc+recal_10_4b,team:ARI,9
44,RB2,00-0038597,Chase Brown,RB,CIN,6900,18.36988980563728,2.66,MIA,44391904,9.1285,statline_mc+recal_10_4b,team:ARI,9
44,WR1,00-0038559,Michael Wilson,WR,ARI,6200,15.84404516572461,2.56,DET,44392188,9.2188,statline_mc+recal_10_4b,team:ARI,9
44,WR2,00-0041547,KC Concepcion Jr.,WR,CLE,4200,9.720923846372347,2.31,NYJ,44392244,7.5666,statline_mc+recal_10_4b,team:ARI,9
44,WR3,00-0039739,Roman Wilson,WR,PIT,3700,7.101683046020511,1.92,IND,44392270,7.5282,statline_mc+recal_10_4b,team:ARI,9
44,TE,00-0037838,Isaiah Likely,TE,NYG,4300,12.773396030701068,2.97,WAS,44392608,7.1552,statline_mc+recal_10_4b,team:ARI,9
44,FLEX,00-0037744,Trey McBride,TE,ARI,6700,19.586241124382408,2.92,DET,44392590,7.9223,statline_mc+recal_10_4b,team:ARI,9
45,QB,00-0033119,Jacoby Brissett,QB,ARI,5500,19.67345552959332,3.58,DET,44391835,8.0521,statline_mc+recal_10_4b,team:ARI,57
45,DST,DST_CLE,Browns,DST,CLE,2800,6.856505300499999,2.45,NYJ,44392861,5.8038,dst_simulated_session_10_4+recal_10_4b,team:ARI,57
45,RB1,00-0038597,Chase Brown,RB,CIN,6900,18.36988980563728,2.66,MIA,44391904,9.1285,statline_mc+recal_10_4b,team:ARI,57
45,RB2,00-0037228,Jaylen Warren,RB,PIT,6700,17.69721976010284,2.64,IND,44391906,9.2686,statline_mc+recal_10_4b,team:ARI,57
45,WR1,00-0038543,Jaxon Smith-Njigba,WR,SEA,8800,21.69718535284877,2.47,SF,44392166,10.2339,statline_mc+recal_10_4b,team:ARI,57
45,WR2,00-0040735,Luther Burden III,WR,CHI,4900,12.10094773685242,2.47,GB,44392222,8.4099,statline_mc+recal_10_4b,team:ARI,57
45,WR3,00-0040669,Isaac TeSlaa,WR,DET,3400,6.552496698235615,1.93,ARI,44392294,7.7874,statline_mc+recal_10_4b,team:ARI,57
45,TE,00-0037838,Isaiah Likely,TE,NYG,4300,12.773396030701068,2.97,WAS,44392608,7.1552,statline_mc+recal_10_4b,team:ARI,57
45,FLEX,00-0037744,Trey McBride,TE,ARI,6700,19.586241124382408,2.92,DET,44392590,7.9223,statline_mc+recal_10_4b,team:ARI,57
46,QB,00-0033119,Jacoby Brissett,QB,ARI,5500,19.67345552959332,3.58,DET,44391835,8.0521,statline_mc+recal_10_4b,team:ARI,47
46,DST,DST_CLE,Browns,DST,CLE,2800,6.856505300499999,2.45,NYJ,44392861,5.8038,dst_simulated_session_10_4+recal_10_4b,team:ARI,47
46,RB1,00-0039139,Jahmyr Gibbs,RB,DET,9800,28.46138175609904,2.9,ARI,44391896,10.8249,statline_mc+recal_10_4b,team:ARI,47
46,RB2,00-0037228,Jaylen Warren,RB,PIT,6700,17.69721976010284,2.64,IND,44391906,9.2686,statline_mc+recal_10_4b,team:ARI,47
46,WR1,00-0041438,Carnell Tate,WR,TEN,5300,12.32635887338521,2.33,HOU,44392210,8.1615,statline_mc+recal_10_4b,team:ARI,47
46,WR2,00-0037816,Romeo Doubs,WR,NE,5000,10.912192898359471,2.18,LV,44392220,8.3058,statline_mc+recal_10_4b,team:ARI,47
46,WR3,00-0032464,Kalif Raymond,WR,CHI,3900,8.132083208811828,2.09,GB,44392262,7.3792,statline_mc+recal_10_4b,team:ARI,47
46,TE,00-0037838,Isaiah Likely,TE,NYG,4300,12.773396030701068,2.97,WAS,44392608,7.1552,statline_mc+recal_10_4b,team:ARI,47
46,FLEX,00-0037744,Trey McBride,TE,ARI,6700,19.586241124382408,2.92,DET,44392590,7.9223,statline_mc+recal_10_4b,team:ARI,47
47,QB,00-0033119,Jacoby Brissett,QB,ARI,5500,19.67345552959332,3.58,DET,44391835,8.0521,statline_mc+recal_10_4b,team:ARI,23
47,DST,DST_TEN,Titans,DST,TEN,2100,5.7550823935,2.74,HOU,44392872,5.7332,dst_simulated_session_10_4+recal_10_4b,team:ARI,23
47,RB1,00-0039139,Jahmyr Gibbs,RB,DET,9800,28.46138175609904,2.9,ARI,44391896,10.8249,statline_mc+recal_10_4b,team:ARI,23
47,RB2,00-0036223,Jonathan Taylor,RB,IND,7800,19.370163149880604,2.48,PIT,44391900,9.4082,statline_mc+recal_10_4b,team:ARI,23
47,WR1,00-0038559,Michael Wilson,WR,ARI,6200,15.84404516572461,2.56,DET,44392188,9.2188,statline_mc+recal_10_4b,team:ARI,23
47,WR2,00-0041547,KC Concepcion Jr.,WR,CLE,4200,9.720923846372347,2.31,NYJ,44392244,7.5666,statline_mc+recal_10_4b,team:ARI,23
47,WR3,00-0040669,Isaac TeSlaa,WR,DET,3400,6.552496698235615,1.93,ARI,44392294,7.7874,statline_mc+recal_10_4b,team:ARI,23
47,TE,00-0037838,Isaiah Likely,TE,NYG,4300,12.773396030701068,2.97,WAS,44392608,7.1552,statline_mc+recal_10_4b,team:ARI,23
47,FLEX,00-0037744,Trey McBride,TE,ARI,6700,19.586241124382408,2.92,DET,44392590,7.9223,statline_mc+recal_10_4b,team:ARI,23
48,QB,00-0033119,Jacoby Brissett,QB,ARI,5500,19.67345552959332,3.58,DET,44391835,8.0521,statline_mc+recal_10_4b,team:ARI,58
48,DST,DST_NYJ,Jets,DST,NYJ,2700,7.530470052999999,2.79,CLE,44392864,5.8332,dst_simulated_session_10_4+recal_10_4b,team:ARI,58
48,RB1,00-0036223,Jonathan Taylor,RB,IND,7800,19.370163149880604,2.48,PIT,44391900,9.4082,statline_mc+recal_10_4b,team:ARI,58
48,RB2,00-0037228,Jaylen Warren,RB,PIT,6700,17.69721976010284,2.64,IND,44391906,9.2686,statline_mc+recal_10_4b,team:ARI,58
48,WR1,00-0037740,Garrett Wilson,WR,NYJ,6600,15.920516851654291,2.41,CLE,44392180,8.7182,statline_mc+recal_10_4b,team:ARI,58
48,WR2,00-0038559,Michael Wilson,WR,ARI,6200,15.84404516572461,2.56,DET,44392188,9.2188,statline_mc+recal_10_4b,team:ARI,58
48,WR3,00-0038621,DeMario Douglas,WR,NE,3500,6.460119804527809,1.85,LV,44392290,7.0977,statline_mc+recal_10_4b,team:ARI,58
48,TE,00-0037838,Isaiah Likely,TE,NYG,4300,12.773396030701068,2.97,WAS,44392608,7.1552,statline_mc+recal_10_4b,team:ARI,58
48,FLEX,00-0037744,Trey McBride,TE,ARI,6700,19.586241124382408,2.92,DET,44392590,7.9223,statline_mc+recal_10_4b,team:ARI,58
49,QB,00-0033106,Jared Goff,QB,DET,6600,22.40254133186812,3.39,ARI,44391825,8.2407,statline_mc+recal_10_4b,team:DET,63
49,DST,DST_CLE,Browns,DST,CLE,2800,6.856505300499999,2.45,NYJ,44392861,5.8038,dst_simulated_session_10_4+recal_10_4b,team:DET,63
49,RB1,00-0038597,Chase Brown,RB,CIN,6900,18.36988980563728,2.66,MIA,44391904,9.1285,statline_mc+recal_10_4b,team:DET,63
49,RB2,00-0037228,Jaylen Warren,RB,PIT,6700,17.69721976010284,2.64,IND,44391906,9.2686,statline_mc+recal_10_4b,team:DET,63
49,WR1,00-0036963,Amon-Ra St. Brown,WR,DET,7900,20.90607422511972,2.65,ARI,44392170,10.347,statline_mc+recal_10_4b,team:DET,63
49,WR2,00-0038559,Michael Wilson,WR,ARI,6200,15.84404516572461,2.56,DET,44392188,9.2188,statline_mc+recal_10_4b,team:DET,63
49,WR3,00-0040735,Luther Burden III,WR,CHI,4900,12.10094773685242,2.47,GB,44392222,8.4099,statline_mc+recal_10_4b,team:DET,63
49,TE,00-0035229,T.J. Hockenson,TE,MIN,4800,12.157879270381436,2.53,NO,44392598,7.195,statline_mc+recal_10_4b,team:DET,63
49,FLEX,00-0039793,AJ Barner,TE,SEA,3200,7.196837037424077,2.25,SF,44392626,6.2427,statline_mc+recal_10_4b,team:DET,63
50,QB,00-0033119,Jacoby Brissett,QB,ARI,5500,19.67345552959332,3.58,DET,44391835,8.0521,statline_mc+recal_10_4b,team:ARI,24
50,DST,DST_NO,Saints,DST,NO,2600,6.881139592000001,2.65,MIN,44392865,5.8808,dst_simulated_session_10_4+recal_10_4b,team:ARI,24
50,RB1,00-0039139,Jahmyr Gibbs,RB,DET,9800,28.46138175609904,2.9,ARI,44391896,10.8249,statline_mc+recal_10_4b,team:ARI,24
50,RB2,00-0038597,Chase Brown,RB,CIN,6900,18.36988980563728,2.66,MIA,44391904,9.1285,statline_mc+recal_10_4b,team:ARI,24
50,WR1,00-0038559,Michael Wilson,WR,ARI,6200,15.84404516572461,2.56,DET,44392188,9.2188,statline_mc+recal_10_4b,team:ARI,24
50,WR2,00-0034348,Courtland Sutton,WR,DEN,4600,9.593070499436552,2.09,LAC,44392230,7.4321,statline_mc+recal_10_4b,team:ARI,24
50,WR3,00-0040669,Isaac TeSlaa,WR,DET,3400,6.552496698235615,1.93,ARI,44392294,7.7874,statline_mc+recal_10_4b,team:ARI,24
50,TE,00-0037838,Isaiah Likely,TE,NYG,4300,12.773396030701068,2.97,WAS,44392608,7.1552,statline_mc+recal_10_4b,team:ARI,24
50,FLEX,00-0037744,Trey McBride,TE,ARI,6700,19.586241124382408,2.92,DET,44392590,7.9223,statline_mc+recal_10_4b,team:ARI,24
51,QB,00-0033119,Jacoby Brissett,QB,ARI,5500,19.67345552959332,3.58,DET,44391835,8.0521,statline_mc+recal_10_4b,team:ARI,19
51,DST,DST_CLE,Browns,DST,CLE,2800,6.856505300499999,2.45,NYJ,44392861,5.8038,dst_simulated_session_10_4+recal_10_4b,team:ARI,19
51,RB1,00-0039139,Jahmyr Gibbs,RB,DET,9800,28.46138175609904,2.9,ARI,44391896,10.8249,statline_mc+recal_10_4b,team:ARI,19
51,RB2,00-0038597,Chase Brown,RB,CIN,6900,18.36988980563728,2.66,MIA,44391904,9.1285,statline_mc+recal_10_4b,team:ARI,19
51,WR1,00-0038559,Michael Wilson,WR,ARI,6200,15.84404516572461,2.56,DET,44392188,9.2188,statline_mc+recal_10_4b,team:ARI,19
51,WR2,00-0041547,KC Concepcion Jr.,WR,CLE,4200,9.720923846372347,2.31,NYJ,44392244,7.5666,statline_mc+recal_10_4b,team:ARI,19
51,WR3,00-0040669,Isaac TeSlaa,WR,DET,3400,6.552496698235615,1.93,ARI,44392294,7.7874,statline_mc+recal_10_4b,team:ARI,19
51,TE,00-0037838,Isaiah Likely,TE,NYG,4300,12.773396030701068,2.97,WAS,44392608,7.1552,statline_mc+recal_10_4b,team:ARI,19
51,FLEX,00-0037744,Trey McBride,TE,ARI,6700,19.586241124382408,2.92,DET,44392590,7.9223,statline_mc+recal_10_4b,team:ARI,19
52,QB,00-0033119,Jacoby Brissett,QB,ARI,5500,19.67345552959332,3.58,DET,44391835,8.0521,statline_mc+recal_10_4b,team:ARI,22
52,DST,DST_CLE,Browns,DST,CLE,2800,6.856505300499999,2.45,NYJ,44392861,5.8038,dst_simulated_session_10_4+recal_10_4b,team:ARI,22
52,RB1,00-0039139,Jahmyr Gibbs,RB,DET,9800,28.46138175609904,2.9,ARI,44391896,10.8249,statline_mc+recal_10_4b,team:ARI,22
52,RB2,00-0038597,Chase Brown,RB,CIN,6900,18.36988980563728,2.66,MIA,44391904,9.1285,statline_mc+recal_10_4b,team:ARI,22
52,WR1,00-0038559,Michael Wilson,WR,ARI,6200,15.84404516572461,2.56,DET,44392188,9.2188,statline_mc+recal_10_4b,team:ARI,22
52,WR2,00-0041547,KC Concepcion Jr.,WR,CLE,4200,9.720923846372347,2.31,NYJ,44392244,7.5666,statline_mc+recal_10_4b,team:ARI,22
52,WR3,00-0038621,DeMario Douglas,WR,NE,3500,6.460119804527809,1.85,LV,44392290,7.0977,statline_mc+recal_10_4b,team:ARI,22
52,TE,00-0037838,Isaiah Likely,TE,NYG,4300,12.773396030701068,2.97,WAS,44392608,7.1552,statline_mc+recal_10_4b,team:ARI,22
52,FLEX,00-0037744,Trey McBride,TE,ARI,6700,19.586241124382408,2.92,DET,44392590,7.9223,statline_mc+recal_10_4b,team:ARI,22
53,QB,00-0033106,Jared Goff,QB,DET,6600,22.40254133186812,3.39,ARI,44391825,8.2407,statline_mc+recal_10_4b,team:DET,36
53,DST,DST_TEN,Titans,DST,TEN,2100,5.7550823935,2.74,HOU,44392872,5.7332,dst_simulated_session_10_4+recal_10_4b,team:DET,36
53,RB1,00-0039139,Jahmyr Gibbs,RB,DET,9800,28.46138175609904,2.9,ARI,44391896,10.8249,statline_mc+recal_10_4b,team:DET,36
53,RB2,00-0038597,Chase Brown,RB,CIN,6900,18.36988980563728,2.66,MIA,44391904,9.1285,statline_mc+recal_10_4b,team:DET,36
53,WR1,00-0036963,Amon-Ra St. Brown,WR,DET,7900,20.90607422511972,2.65,ARI,44392170,10.347,statline_mc+recal_10_4b,team:DET,36
53,WR2,00-0039880,Malik Washington,WR,MIA,4600,10.38728053800999,2.26,CIN,44392228,7.8471,statline_mc+recal_10_4b,team:DET,36
53,WR3,00-0041547,KC Concepcion Jr.,WR,CLE,4200,9.720923846372347,2.31,NYJ,44392244,7.5666,statline_mc+recal_10_4b,team:DET,36
53,TE,00-0037838,Isaiah Likely,TE,NYG,4300,12.773396030701068,2.97,WAS,44392608,7.1552,statline_mc+recal_10_4b,team:DET,36
53,FLEX,00-0039066,Michael Mayer,TE,LV,3500,8.356104979774173,2.39,NE,44392622,6.2973,statline_mc+recal_10_4b,team:DET,36
54,QB,00-0033119,Jacoby Brissett,QB,ARI,5500,19.67345552959332,3.58,DET,44391835,8.0521,statline_mc+recal_10_4b,team:ARI,55
54,DST,DST_CLE,Browns,DST,CLE,2800,6.856505300499999,2.45,NYJ,44392861,5.8038,dst_simulated_session_10_4+recal_10_4b,team:ARI,55
54,RB1,00-0036223,Jonathan Taylor,RB,IND,7800,19.370163149880604,2.48,PIT,44391900,9.4082,statline_mc+recal_10_4b,team:ARI,55
54,RB2,00-0038597,Chase Brown,RB,CIN,6900,18.36988980563728,2.66,MIA,44391904,9.1285,statline_mc+recal_10_4b,team:ARI,55
54,WR1,00-0036963,Amon-Ra St. Brown,WR,DET,7900,20.90607422511972,2.65,ARI,44392170,10.347,statline_mc+recal_10_4b,team:ARI,55
54,WR2,00-0041547,KC Concepcion Jr.,WR,CLE,4200,9.720923846372347,2.31,NYJ,44392244,7.5666,statline_mc+recal_10_4b,team:ARI,55
54,WR3,00-0032464,Kalif Raymond,WR,CHI,3900,8.132083208811828,2.09,GB,44392262,7.3792,statline_mc+recal_10_4b,team:ARI,55
54,TE,00-0037838,Isaiah Likely,TE,NYG,4300,12.773396030701068,2.97,WAS,44392608,7.1552,statline_mc+recal_10_4b,team:ARI,55
54,FLEX,00-0037744,Trey McBride,TE,ARI,6700,19.586241124382408,2.92,DET,44392590,7.9223,statline_mc+recal_10_4b,team:ARI,55
55,QB,00-0033106,Jared Goff,QB,DET,6600,22.40254133186812,3.39,ARI,44391825,8.2407,statline_mc+recal_10_4b,team:DET,54
55,DST,DST_NO,Saints,DST,NO,2600,6.881139592000001,2.65,MIN,44392865,5.8808,dst_simulated_session_10_4+recal_10_4b,team:DET,54
55,RB1,00-0038597,Chase Brown,RB,CIN,6900,18.36988980563728,2.66,MIA,44391904,9.1285,statline_mc+recal_10_4b,team:DET,54
55,RB2,00-0037228,Jaylen Warren,RB,PIT,6700,17.69721976010284,2.64,IND,44391906,9.2686,statline_mc+recal_10_4b,team:DET,54
55,WR1,00-0036963,Amon-Ra St. Brown,WR,DET,7900,20.90607422511972,2.65,ARI,44392170,10.347,statline_mc+recal_10_4b,team:DET,54
55,WR2,00-0038559,Michael Wilson,WR,ARI,6200,15.84404516572461,2.56,DET,44392188,9.2188,statline_mc+recal_10_4b,team:DET,54
55,WR3,00-0041438,Carnell Tate,WR,TEN,5300,12.32635887338521,2.33,HOU,44392210,8.1615,statline_mc+recal_10_4b,team:DET,54
55,TE,00-0037838,Isaiah Likely,TE,NYG,4300,12.773396030701068,2.97,WAS,44392608,7.1552,statline_mc+recal_10_4b,team:DET,54
55,FLEX,00-0039066,Michael Mayer,TE,LV,3500,8.356104979774173,2.39,NE,44392622,6.2973,statline_mc+recal_10_4b,team:DET,54
56,QB,00-0033119,Jacoby Brissett,QB,ARI,5500,19.67345552959332,3.58,DET,44391835,8.0521,statline_mc+recal_10_4b,team:ARI,64
56,DST,DST_NYJ,Jets,DST,NYJ,2700,7.530470052999999,2.79,CLE,44392864,5.8332,dst_simulated_session_10_4+recal_10_4b,team:ARI,64
56,RB1,00-0038597,Chase Brown,RB,CIN,6900,18.36988980563728,2.66,MIA,44391904,9.1285,statline_mc+recal_10_4b,team:ARI,64
56,RB2,00-0037228,Jaylen Warren,RB,PIT,6700,17.69721976010284,2.64,IND,44391906,9.2686,statline_mc+recal_10_4b,team:ARI,64
56,WR1,00-0038543,Jaxon Smith-Njigba,WR,SEA,8800,21.69718535284877,2.47,SF,44392166,10.2339,statline_mc+recal_10_4b,team:ARI,64
56,WR2,00-0038559,Michael Wilson,WR,ARI,6200,15.84404516572461,2.56,DET,44392188,9.2188,statline_mc+recal_10_4b,team:ARI,64
56,WR3,00-0040735,Luther Burden III,WR,CHI,4900,12.10094773685242,2.47,GB,44392222,8.4099,statline_mc+recal_10_4b,team:ARI,64
56,TE,00-0035229,T.J. Hockenson,TE,MIN,4800,12.157879270381436,2.53,NO,44392598,7.195,statline_mc+recal_10_4b,team:ARI,64
56,FLEX,00-0039066,Michael Mayer,TE,LV,3500,8.356104979774173,2.39,NE,44392622,6.2973,statline_mc+recal_10_4b,team:ARI,64
57,QB,00-0033119,Jacoby Brissett,QB,ARI,5500,19.67345552959332,3.58,DET,44391835,8.0521,statline_mc+recal_10_4b,team:ARI,62
57,DST,DST_NYJ,Jets,DST,NYJ,2700,7.530470052999999,2.79,CLE,44392864,5.8332,dst_simulated_session_10_4+recal_10_4b,team:ARI,62
57,RB1,00-0036223,Jonathan Taylor,RB,IND,7800,19.370163149880604,2.48,PIT,44391900,9.4082,statline_mc+recal_10_4b,team:ARI,62
57,RB2,00-0037228,Jaylen Warren,RB,PIT,6700,17.69721976010284,2.64,IND,44391906,9.2686,statline_mc+recal_10_4b,team:ARI,62
57,WR1,00-0036963,Amon-Ra St. Brown,WR,DET,7900,20.90607422511972,2.65,ARI,44392170,10.347,statline_mc+recal_10_4b,team:ARI,62
57,WR2,00-0038559,Michael Wilson,WR,ARI,6200,15.84404516572461,2.56,DET,44392188,9.2188,statline_mc+recal_10_4b,team:ARI,62
57,WR3,00-0040735,Luther Burden III,WR,CHI,4900,12.10094773685242,2.47,GB,44392222,8.4099,statline_mc+recal_10_4b,team:ARI,62
57,TE,00-0035229,T.J. Hockenson,TE,MIN,4800,12.157879270381436,2.53,NO,44392598,7.195,statline_mc+recal_10_4b,team:ARI,62
57,FLEX,00-0039066,Michael Mayer,TE,LV,3500,8.356104979774173,2.39,NE,44392622,6.2973,statline_mc+recal_10_4b,team:ARI,62
58,QB,00-0033106,Jared Goff,QB,DET,6600,22.40254133186812,3.39,ARI,44391825,8.2407,statline_mc+recal_10_4b,team:DET,67
58,DST,DST_WAS,Commanders,DST,WAS,2900,7.399032604000001,2.55,NYG,44392860,5.8945,dst_simulated_session_10_4+recal_10_4b,team:DET,67
58,RB1,00-0038597,Chase Brown,RB,CIN,6900,18.36988980563728,2.66,MIA,44391904,9.1285,statline_mc+recal_10_4b,team:DET,67
58,RB2,00-0037228,Jaylen Warren,RB,PIT,6700,17.69721976010284,2.64,IND,44391906,9.2686,statline_mc+recal_10_4b,team:DET,67
58,WR1,00-0036963,Amon-Ra St. Brown,WR,DET,7900,20.90607422511972,2.65,ARI,44392170,10.347,statline_mc+recal_10_4b,team:DET,67
58,WR2,00-0038559,Michael Wilson,WR,ARI,6200,15.84404516572461,2.56,DET,44392188,9.2188,statline_mc+recal_10_4b,team:DET,67
58,WR3,00-0040735,Luther Burden III,WR,CHI,4900,12.10094773685242,2.47,GB,44392222,8.4099,statline_mc+recal_10_4b,team:DET,67
58,TE,00-0038996,Tucker Kraft,TE,GB,4700,11.054607823426371,2.35,CHI,44392600,6.7894,statline_mc+recal_10_4b,team:DET,67
58,FLEX,00-0039793,AJ Barner,TE,SEA,3200,7.196837037424077,2.25,SF,44392626,6.2427,statline_mc+recal_10_4b,team:DET,67
59,QB,00-0033119,Jacoby Brissett,QB,ARI,5500,19.67345552959332,3.58,DET,44391835,8.0521,statline_mc+recal_10_4b,team:ARI,50
59,DST,DST_CLE,Browns,DST,CLE,2800,6.856505300499999,2.45,NYJ,44392861,5.8038,dst_simulated_session_10_4+recal_10_4b,team:ARI,50
59,RB1,00-0039139,Jahmyr Gibbs,RB,DET,9800,28.46138175609904,2.9,ARI,44391896,10.8249,statline_mc+recal_10_4b,team:ARI,50
59,RB2,00-0038597,Chase Brown,RB,CIN,6900,18.36988980563728,2.66,MIA,44391904,9.1285,statline_mc+recal_10_4b,team:ARI,50
59,WR1,00-0041438,Carnell Tate,WR,TEN,5300,12.32635887338521,2.33,HOU,44392210,8.1615,statline_mc+recal_10_4b,team:ARI,50
59,WR2,00-0040735,Luther Burden III,WR,CHI,4900,12.10094773685242,2.47,GB,44392222,8.4099,statline_mc+recal_10_4b,team:ARI,50
59,WR3,00-0039880,Malik Washington,WR,MIA,4600,10.38728053800999,2.26,CIN,44392228,7.8471,statline_mc+recal_10_4b,team:ARI,50
59,TE,00-0039066,Michael Mayer,TE,LV,3500,8.356104979774173,2.39,NE,44392622,6.2973,statline_mc+recal_10_4b,team:ARI,50
59,FLEX,00-0037744,Trey McBride,TE,ARI,6700,19.586241124382408,2.92,DET,44392590,7.9223,statline_mc+recal_10_4b,team:ARI,50
60,QB,00-0033106,Jared Goff,QB,DET,6600,22.40254133186812,3.39,ARI,44391825,8.2407,statline_mc+recal_10_4b,team:DET,70
60,DST,DST_WAS,Commanders,DST,WAS,2900,7.399032604000001,2.55,NYG,44392860,5.8945,dst_simulated_session_10_4+recal_10_4b,team:DET,70
60,RB1,00-0036223,Jonathan Taylor,RB,IND,7800,19.370163149880604,2.48,PIT,44391900,9.4082,statline_mc+recal_10_4b,team:DET,70
60,RB2,00-0038597,Chase Brown,RB,CIN,6900,18.36988980563728,2.66,MIA,44391904,9.1285,statline_mc+recal_10_4b,team:DET,70
60,WR1,00-0036963,Amon-Ra St. Brown,WR,DET,7900,20.90607422511972,2.65,ARI,44392170,10.347,statline_mc+recal_10_4b,team:DET,70
60,WR2,00-0038559,Michael Wilson,WR,ARI,6200,15.84404516572461,2.56,DET,44392188,9.2188,statline_mc+recal_10_4b,team:DET,70
60,WR3,00-0040735,Luther Burden III,WR,CHI,4900,12.10094773685242,2.47,GB,44392222,8.4099,statline_mc+recal_10_4b,team:DET,70
60,TE,00-0039066,Michael Mayer,TE,LV,3500,8.356104979774173,2.39,NE,44392622,6.2973,statline_mc+recal_10_4b,team:DET,70
60,FLEX,00-0039793,AJ Barner,TE,SEA,3200,7.196837037424077,2.25,SF,44392626,6.2427,statline_mc+recal_10_4b,team:DET,70
61,QB,00-0033119,Jacoby Brissett,QB,ARI,5500,19.67345552959332,3.58,DET,44391835,8.0521,statline_mc+recal_10_4b,team:ARI,52
61,DST,DST_CLE,Browns,DST,CLE,2800,6.856505300499999,2.45,NYJ,44392861,5.8038,dst_simulated_session_10_4+recal_10_4b,team:ARI,52
61,RB1,00-0039139,Jahmyr Gibbs,RB,DET,9800,28.46138175609904,2.9,ARI,44391896,10.8249,statline_mc+recal_10_4b,team:ARI,52
61,RB2,00-0038597,Chase Brown,RB,CIN,6900,18.36988980563728,2.66,MIA,44391904,9.1285,statline_mc+recal_10_4b,team:ARI,52
61,WR1,00-0038559,Michael Wilson,WR,ARI,6200,15.84404516572461,2.56,DET,44392188,9.2188,statline_mc+recal_10_4b,team:ARI,52
61,WR2,00-0040667,Matthew Golden,WR,GB,5700,13.15096666837468,2.31,CHI,44392198,8.5552,statline_mc+recal_10_4b,team:ARI,52
61,WR3,00-0041438,Carnell Tate,WR,TEN,5300,12.32635887338521,2.33,HOU,44392210,8.1615,statline_mc+recal_10_4b,team:ARI,52
61,TE,00-0037838,Isaiah Likely,TE,NYG,4300,12.773396030701068,2.97,WAS,44392608,7.1552,statline_mc+recal_10_4b,team:ARI,52
61,FLEX,00-0039066,Michael Mayer,TE,LV,3500,8.356104979774173,2.39,NE,44392622,6.2973,statline_mc+recal_10_4b,team:ARI,52
62,QB,00-0033106,Jared Goff,QB,DET,6600,22.40254133186812,3.39,ARI,44391825,8.2407,statline_mc+recal_10_4b,team:DET,61
62,DST,DST_TEN,Titans,DST,TEN,2100,5.7550823935,2.74,HOU,44392872,5.7332,dst_simulated_session_10_4+recal_10_4b,team:DET,61
62,RB1,00-0038597,Chase Brown,RB,CIN,6900,18.36988980563728,2.66,MIA,44391904,9.1285,statline_mc+recal_10_4b,team:DET,61
62,RB2,00-0037228,Jaylen Warren,RB,PIT,6700,17.69721976010284,2.64,IND,44391906,9.2686,statline_mc+recal_10_4b,team:DET,61
62,WR1,00-0036963,Amon-Ra St. Brown,WR,DET,7900,20.90607422511972,2.65,ARI,44392170,10.347,statline_mc+recal_10_4b,team:DET,61
62,WR2,00-0037740,Garrett Wilson,WR,NYJ,6600,15.920516851654291,2.41,CLE,44392180,8.7182,statline_mc+recal_10_4b,team:DET,61
62,WR3,00-0040735,Luther Burden III,WR,CHI,4900,12.10094773685242,2.47,GB,44392222,8.4099,statline_mc+recal_10_4b,team:DET,61
62,TE,00-0035229,T.J. Hockenson,TE,MIN,4800,12.157879270381436,2.53,NO,44392598,7.195,statline_mc+recal_10_4b,team:DET,61
62,FLEX,00-0039066,Michael Mayer,TE,LV,3500,8.356104979774173,2.39,NE,44392622,6.2973,statline_mc+recal_10_4b,team:DET,61
63,QB,00-0033106,Jared Goff,QB,DET,6600,22.40254133186812,3.39,ARI,44391825,8.2407,statline_mc+recal_10_4b,team:DET,69
63,DST,DST_WAS,Commanders,DST,WAS,2900,7.399032604000001,2.55,NYG,44392860,5.8945,dst_simulated_session_10_4+recal_10_4b,team:DET,69
63,RB1,00-0038597,Chase Brown,RB,CIN,6900,18.36988980563728,2.66,MIA,44391904,9.1285,statline_mc+recal_10_4b,team:DET,69
63,RB2,00-0037228,Jaylen Warren,RB,PIT,6700,17.69721976010284,2.64,IND,44391906,9.2686,statline_mc+recal_10_4b,team:DET,69
63,WR1,00-0036963,Amon-Ra St. Brown,WR,DET,7900,20.90607422511972,2.65,ARI,44392170,10.347,statline_mc+recal_10_4b,team:DET,69
63,WR2,00-0038559,Michael Wilson,WR,ARI,6200,15.84404516572461,2.56,DET,44392188,9.2188,statline_mc+recal_10_4b,team:DET,69
63,WR3,00-0039880,Malik Washington,WR,MIA,4600,10.38728053800999,2.26,CIN,44392228,7.8471,statline_mc+recal_10_4b,team:DET,69
63,TE,00-0035229,T.J. Hockenson,TE,MIN,4800,12.157879270381436,2.53,NO,44392598,7.195,statline_mc+recal_10_4b,team:DET,69
63,FLEX,00-0039793,AJ Barner,TE,SEA,3200,7.196837037424077,2.25,SF,44392626,6.2427,statline_mc+recal_10_4b,team:DET,69
64,QB,00-0033106,Jared Goff,QB,DET,6600,22.40254133186812,3.39,ARI,44391825,8.2407,statline_mc+recal_10_4b,team:DET,40
64,DST,DST_CLE,Browns,DST,CLE,2800,6.856505300499999,2.45,NYJ,44392861,5.8038,dst_simulated_session_10_4+recal_10_4b,team:DET,40
64,RB1,00-0039139,Jahmyr Gibbs,RB,DET,9800,28.46138175609904,2.9,ARI,44391896,10.8249,statline_mc+recal_10_4b,team:DET,40
64,RB2,00-0038597,Chase Brown,RB,CIN,6900,18.36988980563728,2.66,MIA,44391904,9.1285,statline_mc+recal_10_4b,team:DET,40
64,WR1,00-0041438,Carnell Tate,WR,TEN,5300,12.32635887338521,2.33,HOU,44392210,8.1615,statline_mc+recal_10_4b,team:DET,40
64,WR2,00-0041547,KC Concepcion Jr.,WR,CLE,4200,9.720923846372347,2.31,NYJ,44392244,7.5666,statline_mc+recal_10_4b,team:DET,40
64,WR3,00-0040669,Isaac TeSlaa,WR,DET,3400,6.552496698235615,1.93,ARI,44392294,7.7874,statline_mc+recal_10_4b,team:DET,40
64,TE,00-0037838,Isaiah Likely,TE,NYG,4300,12.773396030701068,2.97,WAS,44392608,7.1552,statline_mc+recal_10_4b,team:DET,40
64,FLEX,00-0037744,Trey McBride,TE,ARI,6700,19.586241124382408,2.92,DET,44392590,7.9223,statline_mc+recal_10_4b,team:DET,40
65,QB,00-0033119,Jacoby Brissett,QB,ARI,5500,19.67345552959332,3.58,DET,44391835,8.0521,statline_mc+recal_10_4b,team:ARI,65
65,DST,DST_NYJ,Jets,DST,NYJ,2700,7.530470052999999,2.79,CLE,44392864,5.8332,dst_simulated_session_10_4+recal_10_4b,team:ARI,65
65,RB1,00-0038597,Chase Brown,RB,CIN,6900,18.36988980563728,2.66,MIA,44391904,9.1285,statline_mc+recal_10_4b,team:ARI,65
65,RB2,00-0037228,Jaylen Warren,RB,PIT,6700,17.69721976010284,2.64,IND,44391906,9.2686,statline_mc+recal_10_4b,team:ARI,65
65,WR1,00-0036963,Amon-Ra St. Brown,WR,DET,7900,20.90607422511972,2.65,ARI,44392170,10.347,statline_mc+recal_10_4b,team:ARI,65
65,WR2,00-0037740,Garrett Wilson,WR,NYJ,6600,15.920516851654291,2.41,CLE,44392180,8.7182,statline_mc+recal_10_4b,team:ARI,65
65,WR3,00-0038559,Michael Wilson,WR,ARI,6200,15.84404516572461,2.56,DET,44392188,9.2188,statline_mc+recal_10_4b,team:ARI,65
65,TE,00-0034383,Dalton Schultz,TE,HOU,4000,8.78847136898117,2.2,TEN,44392612,6.3467,statline_mc+recal_10_4b,team:ARI,65
65,FLEX,00-0039066,Michael Mayer,TE,LV,3500,8.356104979774173,2.39,NE,44392622,6.2973,statline_mc+recal_10_4b,team:ARI,65
66,QB,00-0033106,Jared Goff,QB,DET,6600,22.40254133186812,3.39,ARI,44391825,8.2407,statline_mc+recal_10_4b,team:DET,82
66,DST,DST_CLE,Browns,DST,CLE,2800,6.856505300499999,2.45,NYJ,44392861,5.8038,dst_simulated_session_10_4+recal_10_4b,team:DET,82
66,RB1,00-0037228,Jaylen Warren,RB,PIT,6700,17.69721976010284,2.64,IND,44391906,9.2686,statline_mc+recal_10_4b,team:DET,82
66,RB2,00-0036275,D'Andre Swift,RB,CHI,6200,14.542105876295748,2.35,GB,44391912,8.6622,statline_mc+recal_10_4b,team:DET,82
66,WR1,00-0036963,Amon-Ra St. Brown,WR,DET,7900,20.90607422511972,2.65,ARI,44392170,10.347,statline_mc+recal_10_4b,team:DET,82
66,WR2,00-0038559,Michael Wilson,WR,ARI,6200,15.84404516572461,2.56,DET,44392188,9.2188,statline_mc+recal_10_4b,team:DET,82
66,WR3,00-0040735,Luther Burden III,WR,CHI,4900,12.10094773685242,2.47,GB,44392222,8.4099,statline_mc+recal_10_4b,team:DET,82
66,TE,00-0039793,AJ Barner,TE,SEA,3200,7.196837037424077,2.25,SF,44392626,6.2427,statline_mc+recal_10_4b,team:DET,82
66,FLEX,00-0036875,Rhamondre Stevenson,RB,NE,5500,12.651191999199709,2.3,LV,44391930,8.285,statline_mc+recal_10_4b,team:DET,82
67,QB,00-0033106,Jared Goff,QB,DET,6600,22.40254133186812,3.39,ARI,44391825,8.2407,statline_mc+recal_10_4b,team:DET,75
67,DST,DST_WAS,Commanders,DST,WAS,2900,7.399032604000001,2.55,NYG,44392860,5.8945,dst_simulated_session_10_4+recal_10_4b,team:DET,75
67,RB1,00-0036223,Jonathan Taylor,RB,IND,7800,19.370163149880604,2.48,PIT,44391900,9.4082,statline_mc+recal_10_4b,team:DET,75
67,RB2,00-0040784,Quinshon Judkins,RB,CLE,5700,13.810313942197284,2.42,NYJ,44391924,8.2587,statline_mc+recal_10_4b,team:DET,75
67,WR1,00-0036963,Amon-Ra St. Brown,WR,DET,7900,20.90607422511972,2.65,ARI,44392170,10.347,statline_mc+recal_10_4b,team:DET,75
67,WR2,00-0038559,Michael Wilson,WR,ARI,6200,15.84404516572461,2.56,DET,44392188,9.2188,statline_mc+recal_10_4b,team:DET,75
67,WR3,00-0040735,Luther Burden III,WR,CHI,4900,12.10094773685242,2.47,GB,44392222,8.4099,statline_mc+recal_10_4b,team:DET,75
67,TE,00-0035229,T.J. Hockenson,TE,MIN,4800,12.157879270381436,2.53,NO,44392598,7.195,statline_mc+recal_10_4b,team:DET,75
67,FLEX,00-0039793,AJ Barner,TE,SEA,3200,7.196837037424077,2.25,SF,44392626,6.2427,statline_mc+recal_10_4b,team:DET,75
68,QB,00-0033119,Jacoby Brissett,QB,ARI,5500,19.67345552959332,3.58,DET,44391835,8.0521,statline_mc+recal_10_4b,team:ARI,46
68,DST,DST_WAS,Commanders,DST,WAS,2900,7.399032604000001,2.55,NYG,44392860,5.8945,dst_simulated_session_10_4+recal_10_4b,team:ARI,46
68,RB1,00-0039139,Jahmyr Gibbs,RB,DET,9800,28.46138175609904,2.9,ARI,44391896,10.8249,statline_mc+recal_10_4b,team:ARI,46
68,RB2,00-0038597,Chase Brown,RB,CIN,6900,18.36988980563728,2.66,MIA,44391904,9.1285,statline_mc+recal_10_4b,team:ARI,46
68,WR1,00-0038559,Michael Wilson,WR,ARI,6200,15.84404516572461,2.56,DET,44392188,9.2188,statline_mc+recal_10_4b,team:ARI,46
68,WR2,00-0041547,KC Concepcion Jr.,WR,CLE,4200,9.720923846372347,2.31,NYJ,44392244,7.5666,statline_mc+recal_10_4b,team:ARI,46
68,WR3,00-0030279,Keenan Allen,WR,IND,4300,9.083813780458543,2.11,PIT,44392240,6.9196,statline_mc+recal_10_4b,team:ARI,46
68,TE,00-0039066,Michael Mayer,TE,LV,3500,8.356104979774173,2.39,NE,44392622,6.2973,statline_mc+recal_10_4b,team:ARI,46
68,FLEX,00-0037744,Trey McBride,TE,ARI,6700,19.586241124382408,2.92,DET,44392590,7.9223,statline_mc+recal_10_4b,team:ARI,46
69,QB,00-0033106,Jared Goff,QB,DET,6600,22.40254133186812,3.39,ARI,44391825,8.2407,statline_mc+recal_10_4b,team:DET,73
69,DST,DST_NYJ,Jets,DST,NYJ,2700,7.530470052999999,2.79,CLE,44392864,5.8332,dst_simulated_session_10_4+recal_10_4b,team:DET,73
69,RB1,00-0036223,Jonathan Taylor,RB,IND,7800,19.370163149880604,2.48,PIT,44391900,9.4082,statline_mc+recal_10_4b,team:DET,73
69,RB2,00-0037228,Jaylen Warren,RB,PIT,6700,17.69721976010284,2.64,IND,44391906,9.2686,statline_mc+recal_10_4b,team:DET,73
69,WR1,00-0036963,Amon-Ra St. Brown,WR,DET,7900,20.90607422511972,2.65,ARI,44392170,10.347,statline_mc+recal_10_4b,team:DET,73
69,WR2,00-0040735,Luther Burden III,WR,CHI,4900,12.10094773685242,2.47,GB,44392222,8.4099,statline_mc+recal_10_4b,team:DET,73
69,WR3,00-0039880,Malik Washington,WR,MIA,4600,10.38728053800999,2.26,CIN,44392228,7.8471,statline_mc+recal_10_4b,team:DET,73
69,TE,00-0035229,T.J. Hockenson,TE,MIN,4800,12.157879270381436,2.53,NO,44392598,7.195,statline_mc+recal_10_4b,team:DET,73
69,FLEX,00-0034383,Dalton Schultz,TE,HOU,4000,8.78847136898117,2.2,TEN,44392612,6.3467,statline_mc+recal_10_4b,team:DET,73
70,QB,00-0033106,Jared Goff,QB,DET,6600,22.40254133186812,3.39,ARI,44391825,8.2407,statline_mc+recal_10_4b,team:DET,56
70,DST,DST_CLE,Browns,DST,CLE,2800,6.856505300499999,2.45,NYJ,44392861,5.8038,dst_simulated_session_10_4+recal_10_4b,team:DET,56
70,RB1,00-0039139,Jahmyr Gibbs,RB,DET,9800,28.46138175609904,2.9,ARI,44391896,10.8249,statline_mc+recal_10_4b,team:DET,56
70,RB2,00-0037228,Jaylen Warren,RB,PIT,6700,17.69721976010284,2.64,IND,44391906,9.2686,statline_mc+recal_10_4b,team:DET,56
70,WR1,00-0035640,DK Metcalf,WR,PIT,5400,11.930257260652374,2.21,IND,44392208,8.4627,statline_mc+recal_10_4b,team:DET,56
70,WR2,00-0030279,Keenan Allen,WR,IND,4300,9.083813780458543,2.11,PIT,44392240,6.9196,statline_mc+recal_10_4b,team:DET,56
70,WR3,00-0040669,Isaac TeSlaa,WR,DET,3400,6.552496698235615,1.93,ARI,44392294,7.7874,statline_mc+recal_10_4b,team:DET,56
70,TE,00-0037838,Isaiah Likely,TE,NYG,4300,12.773396030701068,2.97,WAS,44392608,7.1552,statline_mc+recal_10_4b,team:DET,56
70,FLEX,00-0037744,Trey McBride,TE,ARI,6700,19.586241124382408,2.92,DET,44392590,7.9223,statline_mc+recal_10_4b,team:DET,56
71,QB,00-0033119,Jacoby Brissett,QB,ARI,5500,19.67345552959332,3.58,DET,44391835,8.0521,statline_mc+recal_10_4b,team:ARI,59
71,DST,DST_WAS,Commanders,DST,WAS,2900,7.399032604000001,2.55,NYG,44392860,5.8945,dst_simulated_session_10_4+recal_10_4b,team:ARI,59
71,RB1,00-0039139,Jahmyr Gibbs,RB,DET,9800,28.46138175609904,2.9,ARI,44391896,10.8249,statline_mc+recal_10_4b,team:ARI,59
71,RB2,00-0037228,Jaylen Warren,RB,PIT,6700,17.69721976010284,2.64,IND,44391906,9.2686,statline_mc+recal_10_4b,team:ARI,59
71,WR1,00-0035640,DK Metcalf,WR,PIT,5400,11.930257260652374,2.21,IND,44392208,8.4627,statline_mc+recal_10_4b,team:ARI,59
71,WR2,00-0041547,KC Concepcion Jr.,WR,CLE,4200,9.720923846372347,2.31,NYJ,44392244,7.5666,statline_mc+recal_10_4b,team:ARI,59
71,WR3,00-0032464,Kalif Raymond,WR,CHI,3900,8.132083208811828,2.09,GB,44392262,7.3792,statline_mc+recal_10_4b,team:ARI,59
71,TE,00-0035229,T.J. Hockenson,TE,MIN,4800,12.157879270381436,2.53,NO,44392598,7.195,statline_mc+recal_10_4b,team:ARI,59
71,FLEX,00-0037744,Trey McBride,TE,ARI,6700,19.586241124382408,2.92,DET,44392590,7.9223,statline_mc+recal_10_4b,team:ARI,59
72,QB,00-0033106,Jared Goff,QB,DET,6600,22.40254133186812,3.39,ARI,44391825,8.2407,statline_mc+recal_10_4b,team:DET,74
72,DST,DST_CLE,Browns,DST,CLE,2800,6.856505300499999,2.45,NYJ,44392861,5.8038,dst_simulated_session_10_4+recal_10_4b,team:DET,74
72,RB1,00-0038597,Chase Brown,RB,CIN,6900,18.36988980563728,2.66,MIA,44391904,9.1285,statline_mc+recal_10_4b,team:DET,74
72,RB2,00-0037228,Jaylen Warren,RB,PIT,6700,17.69721976010284,2.64,IND,44391906,9.2686,statline_mc+recal_10_4b,team:DET,74
72,WR1,00-0036963,Amon-Ra St. Brown,WR,DET,7900,20.90607422511972,2.65,ARI,44392170,10.347,statline_mc+recal_10_4b,team:DET,74
72,WR2,00-0036554,Nico Collins,WR,HOU,7500,17.3145930909322,2.31,TEN,44392174,9.1205,statline_mc+recal_10_4b,team:DET,74
72,WR3,00-0040735,Luther Burden III,WR,CHI,4900,12.10094773685242,2.47,GB,44392222,8.4099,statline_mc+recal_10_4b,team:DET,74
72,TE,00-0039066,Michael Mayer,TE,LV,3500,8.356104979774173,2.39,NE,44392622,6.2973,statline_mc+recal_10_4b,team:DET,74
72,FLEX,00-0039793,AJ Barner,TE,SEA,3200,7.196837037424077,2.25,SF,44392626,6.2427,statline_mc+recal_10_4b,team:DET,74
73,QB,00-0033119,Jacoby Brissett,QB,ARI,5500,19.67345552959332,3.58,DET,44391835,8.0521,statline_mc+recal_10_4b,team:ARI,68
73,DST,DST_WAS,Commanders,DST,WAS,2900,7.399032604000001,2.55,NYG,44392860,5.8945,dst_simulated_session_10_4+recal_10_4b,team:ARI,68
73,RB1,00-0038597,Chase Brown,RB,CIN,6900,18.36988980563728,2.66,MIA,44391904,9.1285,statline_mc+recal_10_4b,team:ARI,68
73,RB2,00-0037228,Jaylen Warren,RB,PIT,6700,17.69721976010284,2.64,IND,44391906,9.2686,statline_mc+recal_10_4b,team:ARI,68
73,WR1,00-0036963,Amon-Ra St. Brown,WR,DET,7900,20.90607422511972,2.65,ARI,44392170,10.347,statline_mc+recal_10_4b,team:ARI,68
73,WR2,00-0038559,Michael Wilson,WR,ARI,6200,15.84404516572461,2.56,DET,44392188,9.2188,statline_mc+recal_10_4b,team:ARI,68
73,WR3,00-0041547,KC Concepcion Jr.,WR,CLE,4200,9.720923846372347,2.31,NYJ,44392244,7.5666,statline_mc+recal_10_4b,team:ARI,68
73,TE,00-0039066,Michael Mayer,TE,LV,3500,8.356104979774173,2.39,NE,44392622,6.2973,statline_mc+recal_10_4b,team:ARI,68
73,FLEX,00-0036275,D'Andre Swift,RB,CHI,6200,14.542105876295748,2.35,GB,44391912,8.6622,statline_mc+recal_10_4b,team:ARI,68
74,QB,00-0033119,Jacoby Brissett,QB,ARI,5500,19.67345552959332,3.58,DET,44391835,8.0521,statline_mc+recal_10_4b,team:ARI,66
74,DST,DST_CLE,Browns,DST,CLE,2800,6.856505300499999,2.45,NYJ,44392861,5.8038,dst_simulated_session_10_4+recal_10_4b,team:ARI,66
74,RB1,00-0038597,Chase Brown,RB,CIN,6900,18.36988980563728,2.66,MIA,44391904,9.1285,statline_mc+recal_10_4b,team:ARI,66
74,RB2,00-0037228,Jaylen Warren,RB,PIT,6700,17.69721976010284,2.64,IND,44391906,9.2686,statline_mc+recal_10_4b,team:ARI,66
74,WR1,00-0036963,Amon-Ra St. Brown,WR,DET,7900,20.90607422511972,2.65,ARI,44392170,10.347,statline_mc+recal_10_4b,team:ARI,66
74,WR2,00-0038559,Michael Wilson,WR,ARI,6200,15.84404516572461,2.56,DET,44392188,9.2188,statline_mc+recal_10_4b,team:ARI,66
74,WR3,00-0040667,Matthew Golden,WR,GB,5700,13.15096666837468,2.31,CHI,44392198,8.5552,statline_mc+recal_10_4b,team:ARI,66
74,TE,00-0035229,T.J. Hockenson,TE,MIN,4800,12.157879270381436,2.53,NO,44392598,7.195,statline_mc+recal_10_4b,team:ARI,66
74,FLEX,00-0039066,Michael Mayer,TE,LV,3500,8.356104979774173,2.39,NE,44392622,6.2973,statline_mc+recal_10_4b,team:ARI,66
75,QB,00-0033106,Jared Goff,QB,DET,6600,22.40254133186812,3.39,ARI,44391825,8.2407,statline_mc+recal_10_4b,team:DET,78
75,DST,DST_WAS,Commanders,DST,WAS,2900,7.399032604000001,2.55,NYG,44392860,5.8945,dst_simulated_session_10_4+recal_10_4b,team:DET,78
75,RB1,00-0036223,Jonathan Taylor,RB,IND,7800,19.370163149880604,2.48,PIT,44391900,9.4082,statline_mc+recal_10_4b,team:DET,78
75,RB2,00-0037228,Jaylen Warren,RB,PIT,6700,17.69721976010284,2.64,IND,44391906,9.2686,statline_mc+recal_10_4b,team:DET,78
75,WR1,00-0036963,Amon-Ra St. Brown,WR,DET,7900,20.90607422511972,2.65,ARI,44392170,10.347,statline_mc+recal_10_4b,team:DET,78
75,WR2,00-0041438,Carnell Tate,WR,TEN,5300,12.32635887338521,2.33,HOU,44392210,8.1615,statline_mc+recal_10_4b,team:DET,78
75,WR3,00-0040735,Luther Burden III,WR,CHI,4900,12.10094773685242,2.47,GB,44392222,8.4099,statline_mc+recal_10_4b,team:DET,78
75,TE,00-0040663,Harold Fannin Jr.,TE,CLE,4400,10.148479368626852,2.31,NYJ,44392606,6.5728,statline_mc+recal_10_4b,team:DET,78
75,FLEX,00-0039066,Michael Mayer,TE,LV,3500,8.356104979774173,2.39,NE,44392622,6.2973,statline_mc+recal_10_4b,team:DET,78
76,QB,00-0033119,Jacoby Brissett,QB,ARI,5500,19.67345552959332,3.58,DET,44391835,8.0521,statline_mc+recal_10_4b,team:ARI,85
76,DST,DST_WAS,Commanders,DST,WAS,2900,7.399032604000001,2.55,NYG,44392860,5.8945,dst_simulated_session_10_4+recal_10_4b,team:ARI,85
76,RB1,00-0038597,Chase Brown,RB,CIN,6900,18.36988980563728,2.66,MIA,44391904,9.1285,statline_mc+recal_10_4b,team:ARI,85
76,RB2,00-0036275,D'Andre Swift,RB,CHI,6200,14.542105876295748,2.35,GB,44391912,8.6622,statline_mc+recal_10_4b,team:ARI,85
76,WR1,00-0036963,Amon-Ra St. Brown,WR,DET,7900,20.90607422511972,2.65,ARI,44392170,10.347,statline_mc+recal_10_4b,team:ARI,85
76,WR2,00-0037239,Chris Olave,WR,NO,7700,17.750606957270115,2.31,MIN,44392172,8.8745,statline_mc+recal_10_4b,team:ARI,85
76,WR3,00-0038559,Michael Wilson,WR,ARI,6200,15.84404516572461,2.56,DET,44392188,9.2188,statline_mc+recal_10_4b,team:ARI,85
76,TE,00-0039066,Michael Mayer,TE,LV,3500,8.356104979774173,2.39,NE,44392622,6.2973,statline_mc+recal_10_4b,team:ARI,85
76,FLEX,00-0039793,AJ Barner,TE,SEA,3200,7.196837037424077,2.25,SF,44392626,6.2427,statline_mc+recal_10_4b,team:ARI,85
77,QB,00-0034869,Sam Darnold,QB,SEA,5800,17.963353723715308,3.1,SF,44391832,8.024,statline_mc+recal_10_4b,team:SEA,90
77,DST,DST_WAS,Commanders,DST,WAS,2900,7.399032604000001,2.55,NYG,44392860,5.8945,dst_simulated_session_10_4+recal_10_4b,team:SEA,90
77,RB1,00-0037228,Jaylen Warren,RB,PIT,6700,17.69721976010284,2.64,IND,44391906,9.2686,statline_mc+recal_10_4b,team:SEA,90
77,RB2,00-0040784,Quinshon Judkins,RB,CLE,5700,13.810313942197284,2.42,NYJ,44391924,8.2587,statline_mc+recal_10_4b,team:SEA,90
77,WR1,00-0037740,Garrett Wilson,WR,NYJ,6600,15.920516851654291,2.41,CLE,44392180,8.7182,statline_mc+recal_10_4b,team:SEA,90
77,WR2,00-0038559,Michael Wilson,WR,ARI,6200,15.84404516572461,2.56,DET,44392188,9.2188,statline_mc+recal_10_4b,team:SEA,90
77,WR3,00-0040735,Luther Burden III,WR,CHI,4900,12.10094773685242,2.47,GB,44392222,8.4099,statline_mc+recal_10_4b,team:SEA,90
77,TE,00-0039793,AJ Barner,TE,SEA,3200,7.196837037424077,2.25,SF,44392626,6.2427,statline_mc+recal_10_4b,team:SEA,90
77,FLEX,00-0036963,Amon-Ra St. Brown,WR,DET,7900,20.90607422511972,2.65,ARI,44392170,10.347,statline_mc+recal_10_4b,team:SEA,90
78,QB,00-0033106,Jared Goff,QB,DET,6600,22.40254133186812,3.39,ARI,44391825,8.2407,statline_mc+recal_10_4b,team:DET,76
78,DST,DST_TEN,Titans,DST,TEN,2100,5.7550823935,2.74,HOU,44392872,5.7332,dst_simulated_session_10_4+recal_10_4b,team:DET,76
78,RB1,00-0037228,Jaylen Warren,RB,PIT,6700,17.69721976010284,2.64,IND,44391906,9.2686,statline_mc+recal_10_4b,team:DET,76
78,RB2,00-0040784,Quinshon Judkins,RB,CLE,5700,13.810313942197284,2.42,NYJ,44391924,8.2587,statline_mc+recal_10_4b,team:DET,76
78,WR1,00-0036963,Amon-Ra St. Brown,WR,DET,7900,20.90607422511972,2.65,ARI,44392170,10.347,statline_mc+recal_10_4b,team:DET,76
78,WR2,00-0037239,Chris Olave,WR,NO,7700,17.750606957270115,2.31,MIN,44392172,8.8745,statline_mc+recal_10_4b,team:DET,76
78,WR3,00-0040735,Luther Burden III,WR,CHI,4900,12.10094773685242,2.47,GB,44392222,8.4099,statline_mc+recal_10_4b,team:DET,76
78,TE,00-0035229,T.J. Hockenson,TE,MIN,4800,12.157879270381436,2.53,NO,44392598,7.195,statline_mc+recal_10_4b,team:DET,76
78,FLEX,00-0039066,Michael Mayer,TE,LV,3500,8.356104979774173,2.39,NE,44392622,6.2973,statline_mc+recal_10_4b,team:DET,76
79,QB,00-0033106,Jared Goff,QB,DET,6600,22.40254133186812,3.39,ARI,44391825,8.2407,statline_mc+recal_10_4b,team:DET,79
79,DST,DST_TEN,Titans,DST,TEN,2100,5.7550823935,2.74,HOU,44392872,5.7332,dst_simulated_session_10_4+recal_10_4b,team:DET,79
79,RB1,00-0038597,Chase Brown,RB,CIN,6900,18.36988980563728,2.66,MIA,44391904,9.1285,statline_mc+recal_10_4b,team:DET,79
79,RB2,00-0037228,Jaylen Warren,RB,PIT,6700,17.69721976010284,2.64,IND,44391906,9.2686,statline_mc+recal_10_4b,team:DET,79
79,WR1,00-0038543,Jaxon Smith-Njigba,WR,SEA,8800,21.69718535284877,2.47,SF,44392166,10.2339,statline_mc+recal_10_4b,team:DET,79
79,WR2,00-0038559,Michael Wilson,WR,ARI,6200,15.84404516572461,2.56,DET,44392188,9.2188,statline_mc+recal_10_4b,team:DET,79
79,WR3,00-0040669,Isaac TeSlaa,WR,DET,3400,6.552496698235615,1.93,ARI,44392294,7.7874,statline_mc+recal_10_4b,team:DET,79
79,TE,00-0039066,Michael Mayer,TE,LV,3500,8.356104979774173,2.39,NE,44392622,6.2973,statline_mc+recal_10_4b,team:DET,79
79,FLEX,00-0040784,Quinshon Judkins,RB,CLE,5700,13.810313942197284,2.42,NYJ,44391924,8.2587,statline_mc+recal_10_4b,team:DET,79
80,QB,00-0034869,Sam Darnold,QB,SEA,5800,17.963353723715308,3.1,SF,44391832,8.024,statline_mc+recal_10_4b,team:SEA,71
80,DST,DST_TEN,Titans,DST,TEN,2100,5.7550823935,2.74,HOU,44392872,5.7332,dst_simulated_session_10_4+recal_10_4b,team:SEA,71
80,RB1,00-0036223,Jonathan Taylor,RB,IND,7800,19.370163149880604,2.48,PIT,44391900,9.4082,statline_mc+recal_10_4b,team:SEA,71
80,RB2,00-0038597,Chase Brown,RB,CIN,6900,18.36988980563728,2.66,MIA,44391904,9.1285,statline_mc+recal_10_4b,team:SEA,71
80,WR1,00-0038543,Jaxon Smith-Njigba,WR,SEA,8800,21.69718535284877,2.47,SF,44392166,10.2339,statline_mc+recal_10_4b,team:SEA,71
80,WR2,00-0041547,KC Concepcion Jr.,WR,CLE,4200,9.720923846372347,2.31,NYJ,44392244,7.5666,statline_mc+recal_10_4b,team:SEA,71
80,WR3,00-0040669,Isaac TeSlaa,WR,DET,3400,6.552496698235615,1.93,ARI,44392294,7.7874,statline_mc+recal_10_4b,team:SEA,71
80,TE,00-0037838,Isaiah Likely,TE,NYG,4300,12.773396030701068,2.97,WAS,44392608,7.1552,statline_mc+recal_10_4b,team:SEA,71
80,FLEX,00-0037744,Trey McBride,TE,ARI,6700,19.586241124382408,2.92,DET,44392590,7.9223,statline_mc+recal_10_4b,team:SEA,71
81,QB,00-0033106,Jared Goff,QB,DET,6600,22.40254133186812,3.39,ARI,44391825,8.2407,statline_mc+recal_10_4b,team:DET,86
81,DST,DST_WAS,Commanders,DST,WAS,2900,7.399032604000001,2.55,NYG,44392860,5.8945,dst_simulated_session_10_4+recal_10_4b,team:DET,86
81,RB1,00-0038597,Chase Brown,RB,CIN,6900,18.36988980563728,2.66,MIA,44391904,9.1285,statline_mc+recal_10_4b,team:DET,86
81,RB2,00-0037228,Jaylen Warren,RB,PIT,6700,17.69721976010284,2.64,IND,44391906,9.2686,statline_mc+recal_10_4b,team:DET,86
81,WR1,00-0036554,Nico Collins,WR,HOU,7500,17.3145930909322,2.31,TEN,44392174,9.1205,statline_mc+recal_10_4b,team:DET,86
81,WR2,00-0040735,Luther Burden III,WR,CHI,4900,12.10094773685242,2.47,GB,44392222,8.4099,statline_mc+recal_10_4b,team:DET,86
81,WR3,00-0040669,Isaac TeSlaa,WR,DET,3400,6.552496698235615,1.93,ARI,44392294,7.7874,statline_mc+recal_10_4b,team:DET,86
81,TE,00-0035229,T.J. Hockenson,TE,MIN,4800,12.157879270381436,2.53,NO,44392598,7.195,statline_mc+recal_10_4b,team:DET,86
81,FLEX,00-0038559,Michael Wilson,WR,ARI,6200,15.84404516572461,2.56,DET,44392188,9.2188,statline_mc+recal_10_4b,team:DET,86
82,QB,00-0033119,Jacoby Brissett,QB,ARI,5500,19.67345552959332,3.58,DET,44391835,8.0521,statline_mc+recal_10_4b,team:ARI,72
82,DST,DST_WAS,Commanders,DST,WAS,2900,7.399032604000001,2.55,NYG,44392860,5.8945,dst_simulated_session_10_4+recal_10_4b,team:ARI,72
82,RB1,00-0036223,Jonathan Taylor,RB,IND,7800,19.370163149880604,2.48,PIT,44391900,9.4082,statline_mc+recal_10_4b,team:ARI,72
82,RB2,00-0037228,Jaylen Warren,RB,PIT,6700,17.69721976010284,2.64,IND,44391906,9.2686,statline_mc+recal_10_4b,team:ARI,72
82,WR1,00-0036963,Amon-Ra St. Brown,WR,DET,7900,20.90607422511972,2.65,ARI,44392170,10.347,statline_mc+recal_10_4b,team:ARI,72
82,WR2,00-0038559,Michael Wilson,WR,ARI,6200,15.84404516572461,2.56,DET,44392188,9.2188,statline_mc+recal_10_4b,team:ARI,72
82,WR3,00-0041547,KC Concepcion Jr.,WR,CLE,4200,9.720923846372347,2.31,NYJ,44392244,7.5666,statline_mc+recal_10_4b,team:ARI,72
82,TE,00-0035229,T.J. Hockenson,TE,MIN,4800,12.157879270381436,2.53,NO,44392598,7.195,statline_mc+recal_10_4b,team:ARI,72
82,FLEX,00-0034383,Dalton Schultz,TE,HOU,4000,8.78847136898117,2.2,TEN,44392612,6.3467,statline_mc+recal_10_4b,team:ARI,72
83,QB,00-0033106,Jared Goff,QB,DET,6600,22.40254133186812,3.39,ARI,44391825,8.2407,statline_mc+recal_10_4b,team:DET,77
83,DST,DST_WAS,Commanders,DST,WAS,2900,7.399032604000001,2.55,NYG,44392860,5.8945,dst_simulated_session_10_4+recal_10_4b,team:DET,77
83,RB1,00-0038597,Chase Brown,RB,CIN,6900,18.36988980563728,2.66,MIA,44391904,9.1285,statline_mc+recal_10_4b,team:DET,77
83,RB2,00-0040122,Ashton Jeanty,RB,LV,7200,16.7960729214078,2.33,NE,44391902,8.5634,statline_mc+recal_10_4b,team:DET,77
83,WR1,00-0036963,Amon-Ra St. Brown,WR,DET,7900,20.90607422511972,2.65,ARI,44392170,10.347,statline_mc+recal_10_4b,team:DET,77
83,WR2,00-0041438,Carnell Tate,WR,TEN,5300,12.32635887338521,2.33,HOU,44392210,8.1615,statline_mc+recal_10_4b,team:DET,77
83,WR3,00-0040735,Luther Burden III,WR,CHI,4900,12.10094773685242,2.47,GB,44392222,8.4099,statline_mc+recal_10_4b,team:DET,77
83,TE,00-0035229,T.J. Hockenson,TE,MIN,4800,12.157879270381436,2.53,NO,44392598,7.195,statline_mc+recal_10_4b,team:DET,77
83,FLEX,00-0039066,Michael Mayer,TE,LV,3500,8.356104979774173,2.39,NE,44392622,6.2973,statline_mc+recal_10_4b,team:DET,77
84,QB,00-0033106,Jared Goff,QB,DET,6600,22.40254133186812,3.39,ARI,44391825,8.2407,statline_mc+recal_10_4b,team:DET,80
84,DST,DST_WAS,Commanders,DST,WAS,2900,7.399032604000001,2.55,NYG,44392860,5.8945,dst_simulated_session_10_4+recal_10_4b,team:DET,80
84,RB1,00-0038597,Chase Brown,RB,CIN,6900,18.36988980563728,2.66,MIA,44391904,9.1285,statline_mc+recal_10_4b,team:DET,80
84,RB2,00-0037228,Jaylen Warren,RB,PIT,6700,17.69721976010284,2.64,IND,44391906,9.2686,statline_mc+recal_10_4b,team:DET,80
84,WR1,00-0038543,Jaxon Smith-Njigba,WR,SEA,8800,21.69718535284877,2.47,SF,44392166,10.2339,statline_mc+recal_10_4b,team:DET,80
84,WR2,00-0038559,Michael Wilson,WR,ARI,6200,15.84404516572461,2.56,DET,44392188,9.2188,statline_mc+recal_10_4b,team:DET,80
84,WR3,00-0040669,Isaac TeSlaa,WR,DET,3400,6.552496698235615,1.93,ARI,44392294,7.7874,statline_mc+recal_10_4b,team:DET,80
84,TE,00-0035229,T.J. Hockenson,TE,MIN,4800,12.157879270381436,2.53,NO,44392598,7.195,statline_mc+recal_10_4b,team:DET,80
84,FLEX,00-0039066,Michael Mayer,TE,LV,3500,8.356104979774173,2.39,NE,44392622,6.2973,statline_mc+recal_10_4b,team:DET,80
85,QB,00-0034869,Sam Darnold,QB,SEA,5800,17.963353723715308,3.1,SF,44391832,8.024,statline_mc+recal_10_4b,team:SEA,91
85,DST,DST_WAS,Commanders,DST,WAS,2900,7.399032604000001,2.55,NYG,44392860,5.8945,dst_simulated_session_10_4+recal_10_4b,team:SEA,91
85,RB1,00-0037228,Jaylen Warren,RB,PIT,6700,17.69721976010284,2.64,IND,44391906,9.2686,statline_mc+recal_10_4b,team:SEA,91
85,RB2,00-0040784,Quinshon Judkins,RB,CLE,5700,13.810313942197284,2.42,NYJ,44391924,8.2587,statline_mc+recal_10_4b,team:SEA,91
85,WR1,00-0038543,Jaxon Smith-Njigba,WR,SEA,8800,21.69718535284877,2.47,SF,44392166,10.2339,statline_mc+recal_10_4b,team:SEA,91
85,WR2,00-0036963,Amon-Ra St. Brown,WR,DET,7900,20.90607422511972,2.65,ARI,44392170,10.347,statline_mc+recal_10_4b,team:SEA,91
85,WR3,00-0040735,Luther Burden III,WR,CHI,4900,12.10094773685242,2.47,GB,44392222,8.4099,statline_mc+recal_10_4b,team:SEA,91
85,TE,00-0041032,Kenyon Sadiq,TE,NYJ,3800,8.528717544224024,2.24,CLE,44392616,6.4394,statline_mc+recal_10_4b,team:SEA,91
85,FLEX,00-0039066,Michael Mayer,TE,LV,3500,8.356104979774173,2.39,NE,44392622,6.2973,statline_mc+recal_10_4b,team:SEA,91
86,QB,00-0033106,Jared Goff,QB,DET,6600,22.40254133186812,3.39,ARI,44391825,8.2407,statline_mc+recal_10_4b,team:DET,83
86,DST,DST_WAS,Commanders,DST,WAS,2900,7.399032604000001,2.55,NYG,44392860,5.8945,dst_simulated_session_10_4+recal_10_4b,team:DET,83
86,RB1,00-0036223,Jonathan Taylor,RB,IND,7800,19.370163149880604,2.48,PIT,44391900,9.4082,statline_mc+recal_10_4b,team:DET,83
86,RB2,00-0037228,Jaylen Warren,RB,PIT,6700,17.69721976010284,2.64,IND,44391906,9.2686,statline_mc+recal_10_4b,team:DET,83
86,WR1,00-0036963,Amon-Ra St. Brown,WR,DET,7900,20.90607422511972,2.65,ARI,44392170,10.347,statline_mc+recal_10_4b,team:DET,83
86,WR2,00-0038559,Michael Wilson,WR,ARI,6200,15.84404516572461,2.56,DET,44392188,9.2188,statline_mc+recal_10_4b,team:DET,83
86,WR3,00-0039739,Roman Wilson,WR,PIT,3700,7.101683046020511,1.92,IND,44392270,7.5282,statline_mc+recal_10_4b,team:DET,83
86,TE,00-0038996,Tucker Kraft,TE,GB,4700,11.054607823426371,2.35,CHI,44392600,6.7894,statline_mc+recal_10_4b,team:DET,83
86,FLEX,00-0039066,Michael Mayer,TE,LV,3500,8.356104979774173,2.39,NE,44392622,6.2973,statline_mc+recal_10_4b,team:DET,83
87,QB,00-0033106,Jared Goff,QB,DET,6600,22.40254133186812,3.39,ARI,44391825,8.2407,statline_mc+recal_10_4b,team:DET,96
87,DST,DST_NYJ,Jets,DST,NYJ,2700,7.530470052999999,2.79,CLE,44392864,5.8332,dst_simulated_session_10_4+recal_10_4b,team:DET,96
87,RB1,00-0036275,D'Andre Swift,RB,CHI,6200,14.542105876295748,2.35,GB,44391912,8.6622,statline_mc+recal_10_4b,team:DET,96
87,RB2,00-0036875,Rhamondre Stevenson,RB,NE,5500,12.651191999199709,2.3,LV,44391930,8.285,statline_mc+recal_10_4b,team:DET,96
87,WR1,00-0038543,Jaxon Smith-Njigba,WR,SEA,8800,21.69718535284877,2.47,SF,44392166,10.2339,statline_mc+recal_10_4b,team:DET,96
87,WR2,00-0036963,Amon-Ra St. Brown,WR,DET,7900,20.90607422511972,2.65,ARI,44392170,10.347,statline_mc+recal_10_4b,team:DET,96
87,WR3,00-0037816,Romeo Doubs,WR,NE,5000,10.912192898359471,2.18,LV,44392220,8.3058,statline_mc+recal_10_4b,team:DET,96
87,TE,00-0041032,Kenyon Sadiq,TE,NYJ,3800,8.528717544224024,2.24,CLE,44392616,6.4394,statline_mc+recal_10_4b,team:DET,96
87,FLEX,00-0039066,Michael Mayer,TE,LV,3500,8.356104979774173,2.39,NE,44392622,6.2973,statline_mc+recal_10_4b,team:DET,96
88,QB,00-0033106,Jared Goff,QB,DET,6600,22.40254133186812,3.39,ARI,44391825,8.2407,statline_mc+recal_10_4b,team:DET,81
88,DST,DST_CLE,Browns,DST,CLE,2800,6.856505300499999,2.45,NYJ,44392861,5.8038,dst_simulated_session_10_4+recal_10_4b,team:DET,81
88,RB1,00-0036223,Jonathan Taylor,RB,IND,7800,19.370163149880604,2.48,PIT,44391900,9.4082,statline_mc+recal_10_4b,team:DET,81
88,RB2,00-0037228,Jaylen Warren,RB,PIT,6700,17.69721976010284,2.64,IND,44391906,9.2686,statline_mc+recal_10_4b,team:DET,81
88,WR1,00-0038559,Michael Wilson,WR,ARI,6200,15.84404516572461,2.56,DET,44392188,9.2188,statline_mc+recal_10_4b,team:DET,81
88,WR2,00-0041547,KC Concepcion Jr.,WR,CLE,4200,9.720923846372347,2.31,NYJ,44392244,7.5666,statline_mc+recal_10_4b,team:DET,81
88,WR3,00-0030279,Keenan Allen,WR,IND,4300,9.083813780458543,2.11,PIT,44392240,6.9196,statline_mc+recal_10_4b,team:DET,81
88,TE,00-0039066,Michael Mayer,TE,LV,3500,8.356104979774173,2.39,NE,44392622,6.2973,statline_mc+recal_10_4b,team:DET,81
88,FLEX,00-0036963,Amon-Ra St. Brown,WR,DET,7900,20.90607422511972,2.65,ARI,44392170,10.347,statline_mc+recal_10_4b,team:DET,81
89,QB,00-0033106,Jared Goff,QB,DET,6600,22.40254133186812,3.39,ARI,44391825,8.2407,statline_mc+recal_10_4b,team:DET,95
89,DST,DST_WAS,Commanders,DST,WAS,2900,7.399032604000001,2.55,NYG,44392860,5.8945,dst_simulated_session_10_4+recal_10_4b,team:DET,95
89,RB1,00-0036275,D'Andre Swift,RB,CHI,6200,14.542105876295748,2.35,GB,44391912,8.6622,statline_mc+recal_10_4b,team:DET,95
89,RB2,00-0041027,Jeremiyah Love,RB,ARI,6100,13.964557962149268,2.29,DET,44391914,8.5577,statline_mc+recal_10_4b,team:DET,95
89,WR1,00-0036963,Amon-Ra St. Brown,WR,DET,7900,20.90607422511972,2.65,ARI,44392170,10.347,statline_mc+recal_10_4b,team:DET,95
89,WR2,00-0037740,Garrett Wilson,WR,NYJ,6600,15.920516851654291,2.41,CLE,44392180,8.7182,statline_mc+recal_10_4b,team:DET,95
89,WR3,00-0040667,Matthew Golden,WR,GB,5700,13.15096666837468,2.31,CHI,44392198,8.5552,statline_mc+recal_10_4b,team:DET,95
89,TE,00-0035229,T.J. Hockenson,TE,MIN,4800,12.157879270381436,2.53,NO,44392598,7.195,statline_mc+recal_10_4b,team:DET,95
89,FLEX,00-0039793,AJ Barner,TE,SEA,3200,7.196837037424077,2.25,SF,44392626,6.2427,statline_mc+recal_10_4b,team:DET,95
90,QB,00-0033106,Jared Goff,QB,DET,6600,22.40254133186812,3.39,ARI,44391825,8.2407,statline_mc+recal_10_4b,team:DET,89
90,DST,DST_WAS,Commanders,DST,WAS,2900,7.399032604000001,2.55,NYG,44392860,5.8945,dst_simulated_session_10_4+recal_10_4b,team:DET,89
90,RB1,00-0036275,D'Andre Swift,RB,CHI,6200,14.542105876295748,2.35,GB,44391912,8.6622,statline_mc+recal_10_4b,team:DET,89
90,RB2,00-0040784,Quinshon Judkins,RB,CLE,5700,13.810313942197284,2.42,NYJ,44391924,8.2587,statline_mc+recal_10_4b,team:DET,89
90,WR1,00-0036963,Amon-Ra St. Brown,WR,DET,7900,20.90607422511972,2.65,ARI,44392170,10.347,statline_mc+recal_10_4b,team:DET,89
90,WR2,00-0036554,Nico Collins,WR,HOU,7500,17.3145930909322,2.31,TEN,44392174,9.1205,statline_mc+recal_10_4b,team:DET,89
90,WR3,00-0040735,Luther Burden III,WR,CHI,4900,12.10094773685242,2.47,GB,44392222,8.4099,statline_mc+recal_10_4b,team:DET,89
90,TE,00-0035229,T.J. Hockenson,TE,MIN,4800,12.157879270381436,2.53,NO,44392598,7.195,statline_mc+recal_10_4b,team:DET,89
90,FLEX,00-0039066,Michael Mayer,TE,LV,3500,8.356104979774173,2.39,NE,44392622,6.2973,statline_mc+recal_10_4b,team:DET,89
91,QB,00-0033106,Jared Goff,QB,DET,6600,22.40254133186812,3.39,ARI,44391825,8.2407,statline_mc+recal_10_4b,team:DET,98
91,DST,DST_WAS,Commanders,DST,WAS,2900,7.399032604000001,2.55,NYG,44392860,5.8945,dst_simulated_session_10_4+recal_10_4b,team:DET,98
91,RB1,00-0036223,Jonathan Taylor,RB,IND,7800,19.370163149880604,2.48,PIT,44391900,9.4082,statline_mc+recal_10_4b,team:DET,98
91,RB2,00-0033293,Aaron Jones Sr.,RB,MIN,6500,15.35295451553898,2.36,NO,44391908,8.746,statline_mc+recal_10_4b,team:DET,98
91,WR1,00-0036963,Amon-Ra St. Brown,WR,DET,7900,20.90607422511972,2.65,ARI,44392170,10.347,statline_mc+recal_10_4b,team:DET,98
91,WR2,00-0036410,Tee Higgins,WR,CIN,7100,16.029227539427517,2.26,MIA,44392178,9.1926,statline_mc+recal_10_4b,team:DET,98
91,WR3,00-0041547,KC Concepcion Jr.,WR,CLE,4200,9.720923846372347,2.31,NYJ,44392244,7.5666,statline_mc+recal_10_4b,team:DET,98
91,TE,00-0041032,Kenyon Sadiq,TE,NYJ,3800,8.528717544224024,2.24,CLE,44392616,6.4394,statline_mc+recal_10_4b,team:DET,98
91,FLEX,00-0039793,AJ Barner,TE,SEA,3200,7.196837037424077,2.25,SF,44392626,6.2427,statline_mc+recal_10_4b,team:DET,98
92,QB,00-0033106,Jared Goff,QB,DET,6600,22.40254133186812,3.39,ARI,44391825,8.2407,statline_mc+recal_10_4b,team:DET,87
92,DST,DST_WAS,Commanders,DST,WAS,2900,7.399032604000001,2.55,NYG,44392860,5.8945,dst_simulated_session_10_4+recal_10_4b,team:DET,87
92,RB1,00-0038597,Chase Brown,RB,CIN,6900,18.36988980563728,2.66,MIA,44391904,9.1285,statline_mc+recal_10_4b,team:DET,87
92,RB2,00-0040784,Quinshon Judkins,RB,CLE,5700,13.810313942197284,2.42,NYJ,44391924,8.2587,statline_mc+recal_10_4b,team:DET,87
92,WR1,00-0038543,Jaxon Smith-Njigba,WR,SEA,8800,21.69718535284877,2.47,SF,44392166,10.2339,statline_mc+recal_10_4b,team:DET,87
92,WR2,00-0038559,Michael Wilson,WR,ARI,6200,15.84404516572461,2.56,DET,44392188,9.2188,statline_mc+recal_10_4b,team:DET,87
92,WR3,00-0040669,Isaac TeSlaa,WR,DET,3400,6.552496698235615,1.93,ARI,44392294,7.7874,statline_mc+recal_10_4b,team:DET,87
92,TE,00-0035229,T.J. Hockenson,TE,MIN,4800,12.157879270381436,2.53,NO,44392598,7.195,statline_mc+recal_10_4b,team:DET,87
92,FLEX,00-0038996,Tucker Kraft,TE,GB,4700,11.054607823426371,2.35,CHI,44392600,6.7894,statline_mc+recal_10_4b,team:DET,87
93,QB,00-0033106,Jared Goff,QB,DET,6600,22.40254133186812,3.39,ARI,44391825,8.2407,statline_mc+recal_10_4b,team:DET,84
93,DST,DST_WAS,Commanders,DST,WAS,2900,7.399032604000001,2.55,NYG,44392860,5.8945,dst_simulated_session_10_4+recal_10_4b,team:DET,84
93,RB1,00-0036223,Jonathan Taylor,RB,IND,7800,19.370163149880604,2.48,PIT,44391900,9.4082,statline_mc+recal_10_4b,team:DET,84
93,RB2,00-0040784,Quinshon Judkins,RB,CLE,5700,13.810313942197284,2.42,NYJ,44391924,8.2587,statline_mc+recal_10_4b,team:DET,84
93,WR1,00-0036963,Amon-Ra St. Brown,WR,DET,7900,20.90607422511972,2.65,ARI,44392170,10.347,statline_mc+recal_10_4b,team:DET,84
93,WR2,00-0037740,Garrett Wilson,WR,NYJ,6600,15.920516851654291,2.41,CLE,44392180,8.7182,statline_mc+recal_10_4b,team:DET,84
93,WR3,00-0041547,KC Concepcion Jr.,WR,CLE,4200,9.720923846372347,2.31,NYJ,44392244,7.5666,statline_mc+recal_10_4b,team:DET,84
93,TE,00-0035229,T.J. Hockenson,TE,MIN,4800,12.157879270381436,2.53,NO,44392598,7.195,statline_mc+recal_10_4b,team:DET,84
93,FLEX,00-0039066,Michael Mayer,TE,LV,3500,8.356104979774173,2.39,NE,44392622,6.2973,statline_mc+recal_10_4b,team:DET,84
94,QB,00-0033106,Jared Goff,QB,DET,6600,22.40254133186812,3.39,ARI,44391825,8.2407,statline_mc+recal_10_4b,team:DET,93
94,DST,DST_CLE,Browns,DST,CLE,2800,6.856505300499999,2.45,NYJ,44392861,5.8038,dst_simulated_session_10_4+recal_10_4b,team:DET,93
94,RB1,00-0036275,D'Andre Swift,RB,CHI,6200,14.542105876295748,2.35,GB,44391912,8.6622,statline_mc+recal_10_4b,team:DET,93
94,RB2,00-0040784,Quinshon Judkins,RB,CLE,5700,13.810313942197284,2.42,NYJ,44391924,8.2587,statline_mc+recal_10_4b,team:DET,93
94,WR1,00-0038543,Jaxon Smith-Njigba,WR,SEA,8800,21.69718535284877,2.47,SF,44392166,10.2339,statline_mc+recal_10_4b,team:DET,93
94,WR2,00-0036963,Amon-Ra St. Brown,WR,DET,7900,20.90607422511972,2.65,ARI,44392170,10.347,statline_mc+recal_10_4b,team:DET,93
94,WR3,00-0039739,Roman Wilson,WR,PIT,3700,7.101683046020511,1.92,IND,44392270,7.5282,statline_mc+recal_10_4b,team:DET,93
94,TE,00-0035229,T.J. Hockenson,TE,MIN,4800,12.157879270381436,2.53,NO,44392598,7.195,statline_mc+recal_10_4b,team:DET,93
94,FLEX,00-0039066,Michael Mayer,TE,LV,3500,8.356104979774173,2.39,NE,44392622,6.2973,statline_mc+recal_10_4b,team:DET,93
95,QB,00-0033106,Jared Goff,QB,DET,6600,22.40254133186812,3.39,ARI,44391825,8.2407,statline_mc+recal_10_4b,team:DET,88
95,DST,DST_WAS,Commanders,DST,WAS,2900,7.399032604000001,2.55,NYG,44392860,5.8945,dst_simulated_session_10_4+recal_10_4b,team:DET,88
95,RB1,00-0040784,Quinshon Judkins,RB,CLE,5700,13.810313942197284,2.42,NYJ,44391924,8.2587,statline_mc+recal_10_4b,team:DET,88
95,RB2,00-0036875,Rhamondre Stevenson,RB,NE,5500,12.651191999199709,2.3,LV,44391930,8.285,statline_mc+recal_10_4b,team:DET,88
95,WR1,00-0038543,Jaxon Smith-Njigba,WR,SEA,8800,21.69718535284877,2.47,SF,44392166,10.2339,statline_mc+recal_10_4b,team:DET,88
95,WR2,00-0036963,Amon-Ra St. Brown,WR,DET,7900,20.90607422511972,2.65,ARI,44392170,10.347,statline_mc+recal_10_4b,team:DET,88
95,WR3,00-0041547,KC Concepcion Jr.,WR,CLE,4200,9.720923846372347,2.31,NYJ,44392244,7.5666,statline_mc+recal_10_4b,team:DET,88
95,TE,00-0035229,T.J. Hockenson,TE,MIN,4800,12.157879270381436,2.53,NO,44392598,7.195,statline_mc+recal_10_4b,team:DET,88
95,FLEX,00-0039066,Michael Mayer,TE,LV,3500,8.356104979774173,2.39,NE,44392622,6.2973,statline_mc+recal_10_4b,team:DET,88
96,QB,00-0033106,Jared Goff,QB,DET,6600,22.40254133186812,3.39,ARI,44391825,8.2407,statline_mc+recal_10_4b,team:DET,94
96,DST,DST_WAS,Commanders,DST,WAS,2900,7.399032604000001,2.55,NYG,44392860,5.8945,dst_simulated_session_10_4+recal_10_4b,team:DET,94
96,RB1,00-0040122,Ashton Jeanty,RB,LV,7200,16.7960729214078,2.33,NE,44391902,8.5634,statline_mc+recal_10_4b,team:DET,94
96,RB2,00-0040784,Quinshon Judkins,RB,CLE,5700,13.810313942197284,2.42,NYJ,44391924,8.2587,statline_mc+recal_10_4b,team:DET,94
96,WR1,00-0036963,Amon-Ra St. Brown,WR,DET,7900,20.90607422511972,2.65,ARI,44392170,10.347,statline_mc+recal_10_4b,team:DET,94
96,WR2,00-0036554,Nico Collins,WR,HOU,7500,17.3145930909322,2.31,TEN,44392174,9.1205,statline_mc+recal_10_4b,team:DET,94
96,WR3,00-0041547,KC Concepcion Jr.,WR,CLE,4200,9.720923846372347,2.31,NYJ,44392244,7.5666,statline_mc+recal_10_4b,team:DET,94
96,TE,00-0035229,T.J. Hockenson,TE,MIN,4800,12.157879270381436,2.53,NO,44392598,7.195,statline_mc+recal_10_4b,team:DET,94
96,FLEX,00-0039793,AJ Barner,TE,SEA,3200,7.196837037424077,2.25,SF,44392626,6.2427,statline_mc+recal_10_4b,team:DET,94
97,QB,00-0033106,Jared Goff,QB,DET,6600,22.40254133186812,3.39,ARI,44391825,8.2407,statline_mc+recal_10_4b,team:DET,100
97,DST,DST_CLE,Browns,DST,CLE,2800,6.856505300499999,2.45,NYJ,44392861,5.8038,dst_simulated_session_10_4+recal_10_4b,team:DET,100
97,RB1,00-0033293,Aaron Jones Sr.,RB,MIN,6500,15.35295451553898,2.36,NO,44391908,8.746,statline_mc+recal_10_4b,team:DET,100
97,RB2,00-0040784,Quinshon Judkins,RB,CLE,5700,13.810313942197284,2.42,NYJ,44391924,8.2587,statline_mc+recal_10_4b,team:DET,100
97,WR1,00-0036963,Amon-Ra St. Brown,WR,DET,7900,20.90607422511972,2.65,ARI,44392170,10.347,statline_mc+recal_10_4b,team:DET,100
97,WR2,00-0036410,Tee Higgins,WR,CIN,7100,16.029227539427517,2.26,MIA,44392178,9.1926,statline_mc+recal_10_4b,team:DET,100
97,WR3,00-0032464,Kalif Raymond,WR,CHI,3900,8.132083208811828,2.09,GB,44392262,7.3792,statline_mc+recal_10_4b,team:DET,100
97,TE,00-0035229,T.J. Hockenson,TE,MIN,4800,12.157879270381436,2.53,NO,44392598,7.195,statline_mc+recal_10_4b,team:DET,100
97,FLEX,00-0038996,Tucker Kraft,TE,GB,4700,11.054607823426371,2.35,CHI,44392600,6.7894,statline_mc+recal_10_4b,team:DET,100
98,QB,00-0033106,Jared Goff,QB,DET,6600,22.40254133186812,3.39,ARI,44391825,8.2407,statline_mc+recal_10_4b,team:DET,92
98,DST,DST_WAS,Commanders,DST,WAS,2900,7.399032604000001,2.55,NYG,44392860,5.8945,dst_simulated_session_10_4+recal_10_4b,team:DET,92
98,RB1,00-0036275,D'Andre Swift,RB,CHI,6200,14.542105876295748,2.35,GB,44391912,8.6622,statline_mc+recal_10_4b,team:DET,92
98,RB2,00-0040784,Quinshon Judkins,RB,CLE,5700,13.810313942197284,2.42,NYJ,44391924,8.2587,statline_mc+recal_10_4b,team:DET,92
98,WR1,00-0036963,Amon-Ra St. Brown,WR,DET,7900,20.90607422511972,2.65,ARI,44392170,10.347,statline_mc+recal_10_4b,team:DET,92
98,WR2,00-0036410,Tee Higgins,WR,CIN,7100,16.029227539427517,2.26,MIA,44392178,9.1926,statline_mc+recal_10_4b,team:DET,92
98,WR3,00-0041438,Carnell Tate,WR,TEN,5300,12.32635887338521,2.33,HOU,44392210,8.1615,statline_mc+recal_10_4b,team:DET,92
98,TE,00-0035229,T.J. Hockenson,TE,MIN,4800,12.157879270381436,2.53,NO,44392598,7.195,statline_mc+recal_10_4b,team:DET,92
98,FLEX,00-0039066,Michael Mayer,TE,LV,3500,8.356104979774173,2.39,NE,44392622,6.2973,statline_mc+recal_10_4b,team:DET,92
99,QB,00-0033106,Jared Goff,QB,DET,6600,22.40254133186812,3.39,ARI,44391825,8.2407,statline_mc+recal_10_4b,team:DET,97
99,DST,DST_WAS,Commanders,DST,WAS,2900,7.399032604000001,2.55,NYG,44392860,5.8945,dst_simulated_session_10_4+recal_10_4b,team:DET,97
99,RB1,00-0036223,Jonathan Taylor,RB,IND,7800,19.370163149880604,2.48,PIT,44391900,9.4082,statline_mc+recal_10_4b,team:DET,97
99,RB2,00-0036875,Rhamondre Stevenson,RB,NE,5500,12.651191999199709,2.3,LV,44391930,8.285,statline_mc+recal_10_4b,team:DET,97
99,WR1,00-0036963,Amon-Ra St. Brown,WR,DET,7900,20.90607422511972,2.65,ARI,44392170,10.347,statline_mc+recal_10_4b,team:DET,97
99,WR2,00-0041438,Carnell Tate,WR,TEN,5300,12.32635887338521,2.33,HOU,44392210,8.1615,statline_mc+recal_10_4b,team:DET,97
99,WR3,00-0041547,KC Concepcion Jr.,WR,CLE,4200,9.720923846372347,2.31,NYJ,44392244,7.5666,statline_mc+recal_10_4b,team:DET,97
99,TE,00-0039066,Michael Mayer,TE,LV,3500,8.356104979774173,2.39,NE,44392622,6.2973,statline_mc+recal_10_4b,team:DET,97
99,FLEX,00-0041027,Jeremiyah Love,RB,ARI,6100,13.964557962149268,2.29,DET,44391914,8.5577,statline_mc+recal_10_4b,team:DET,97
100,QB,00-0033106,Jared Goff,QB,DET,6600,22.40254133186812,3.39,ARI,44391825,8.2407,statline_mc+recal_10_4b,team:DET,99
100,DST,DST_MIN,Vikings,DST,MIN,3100,7.024116692500001,2.27,NO,44392856,5.9699,dst_simulated_session_10_4+recal_10_4b,team:DET,99
100,RB1,00-0033280,Christian McCaffrey,RB,SF,8200,19.08514513542702,2.33,SEA,44391898,9.0315,statline_mc+recal_10_4b,team:DET,99
100,RB2,00-0040784,Quinshon Judkins,RB,CLE,5700,13.810313942197284,2.42,NYJ,44391924,8.2587,statline_mc+recal_10_4b,team:DET,99
100,WR1,00-0036963,Amon-Ra St. Brown,WR,DET,7900,20.90607422511972,2.65,ARI,44392170,10.347,statline_mc+recal_10_4b,team:DET,99
100,WR2,00-0040667,Matthew Golden,WR,GB,5700,13.15096666837468,2.31,CHI,44392198,8.5552,statline_mc+recal_10_4b,team:DET,99
100,WR3,00-0041547,KC Concepcion Jr.,WR,CLE,4200,9.720923846372347,2.31,NYJ,44392244,7.5666,statline_mc+recal_10_4b,team:DET,99
100,TE,00-0035229,T.J. Hockenson,TE,MIN,4800,12.157879270381436,2.53,NO,44392598,7.195,statline_mc+recal_10_4b,team:DET,99
100,FLEX,00-0041032,Kenyon Sadiq,TE,NYJ,3800,8.528717544224024,2.24,CLE,44392616,6.4394,statline_mc+recal_10_4b,team:DET,99
