lineup_id,roster_slot,player_id,player_name,position,team,salary,projection,value,opponent,site_player_id,sigma,sigma_source,stack_target
1,QB,00-0036442,Joe Burrow,QB,CIN,6800,20.98596828535134,3.09,JAX,44312199,8.1999,statline_mc+recal_10_4b,team:CIN
1,DST,DST_GB,Packers,DST,GB,3200,9.9403580205,3.11,TB,44313313,5.9753,dst_simulated_session_10_4+recal_10_4b,team:CIN
1,RB1,00-0038597,Chase Brown,RB,CIN,6100,16.324450515688284,2.68,JAX,44312302,9.0478,statline_mc+recal_10_4b,team:CIN
1,RB2,00-0033293,Aaron Jones Sr.,RB,MIN,6000,15.782813018854103,2.63,MIA,44312304,8.9197,statline_mc+recal_10_4b,team:CIN
1,WR1,00-0038606,Parker Washington,WR,JAX,6500,16.30992131927916,2.51,CIN,44312586,9.5129,statline_mc+recal_10_4b,team:CIN
1,WR2,00-0036410,Tee Higgins,WR,CIN,6100,14.197531906667203,2.33,JAX,44312594,9.1511,statline_mc+recal_10_4b,team:CIN
1,WR3,00-0038393,Dontayvion Wicks,WR,PHI,4300,9.95744446516493,2.32,LA,44312644,7.9364,statline_mc+recal_10_4b,team:CIN
1,TE,00-0035229,T.J. Hockenson,TE,MIN,3300,9.344170522410224,2.83,MIA,44313054,6.6583,statline_mc+recal_10_4b,team:CIN
1,FLEX,00-0033280,Christian McCaffrey,RB,SF,7700,19.64909305842292,2.55,DEN,44312280,9.3833,statline_mc+recal_10_4b,team:CIN
2,QB,00-0036442,Joe Burrow,QB,CIN,6800,20.98596828535134,3.09,JAX,44312199,8.1999,statline_mc+recal_10_4b,team:CIN
2,DST,DST_GB,Packers,DST,GB,3200,9.9403580205,3.11,TB,44313313,5.9753,dst_simulated_session_10_4+recal_10_4b,team:CIN
2,RB1,00-0038597,Chase Brown,RB,CIN,6100,16.324450515688284,2.68,JAX,44312302,9.0478,statline_mc+recal_10_4b,team:CIN
2,RB2,00-0033293,Aaron Jones Sr.,RB,MIN,6000,15.782813018854103,2.63,MIA,44312304,8.9197,statline_mc+recal_10_4b,team:CIN
2,WR1,00-0036900,Ja'Marr Chase,WR,CIN,8100,19.298354922883625,2.38,JAX,44312564,9.6232,statline_mc+recal_10_4b,team:CIN
2,WR2,00-0037740,Garrett Wilson,WR,NYJ,6800,16.868354560415632,2.48,CHI,44312580,9.1063,statline_mc+recal_10_4b,team:CIN
2,WR3,00-0038559,Michael Wilson,WR,ARI,5500,13.3657837341323,2.43,NYG,44312606,8.8736,statline_mc+recal_10_4b,team:CIN
2,TE,00-0034753,Mark Andrews,TE,BAL,4200,10.570236939575876,2.52,TEN,44313040,6.9737,statline_mc+recal_10_4b,team:CIN
2,FLEX,00-0035229,T.J. Hockenson,TE,MIN,3300,9.344170522410224,2.83,MIA,44313054,6.6583,statline_mc+recal_10_4b,team:CIN
3,QB,00-0039163,C.J. Stroud,QB,HOU,5700,18.9809143587984,3.33,DAL,44312209,7.9958,statline_mc+recal_10_4b,team:HOU
3,DST,DST_ARI,Cardinals,DST,ARI,2500,7.9280392185,3.17,NYG,44313325,5.8716,dst_simulated_session_10_4+recal_10_4b,team:HOU
3,RB1,00-0038597,Chase Brown,RB,CIN,6100,16.324450515688284,2.68,JAX,44312302,9.0478,statline_mc+recal_10_4b,team:HOU
3,RB2,00-0033293,Aaron Jones Sr.,RB,MIN,6000,15.782813018854103,2.63,MIA,44312304,8.9197,statline_mc+recal_10_4b,team:HOU
3,WR1,00-0038543,Jaxon Smith-Njigba,WR,SEA,9100,22.9085748982868,2.52,LAC,44312562,10.4872,statline_mc+recal_10_4b,team:HOU
3,WR2,00-0037740,Garrett Wilson,WR,NYJ,6800,16.868354560415632,2.48,CHI,44312580,9.1063,statline_mc+recal_10_4b,team:HOU
3,WR3,00-0036554,Nico Collins,WR,HOU,7200,15.926770743363136,2.21,DAL,44312572,8.855,statline_mc+recal_10_4b,team:HOU
3,TE,00-0038935,Brenton Strange,TE,JAX,3200,8.378125166976574,2.62,CIN,44313056,6.5581,statline_mc+recal_10_4b,team:HOU
3,FLEX,00-0035229,T.J. Hockenson,TE,MIN,3300,9.344170522410224,2.83,MIA,44313054,6.6583,statline_mc+recal_10_4b,team:HOU
4,QB,00-0034857,Josh Allen,QB,BUF,7700,23.84956469638282,3.1,NE,44312197,8.3406,statline_mc+recal_10_4b,team:BUF
4,DST,DST_GB,Packers,DST,GB,3200,9.9403580205,3.11,TB,44313313,5.9753,dst_simulated_session_10_4+recal_10_4b,team:BUF
4,RB1,00-0033280,Christian McCaffrey,RB,SF,7700,19.64909305842292,2.55,DEN,44312280,9.3833,statline_mc+recal_10_4b,team:BUF
4,RB2,00-0038597,Chase Brown,RB,CIN,6100,16.324450515688284,2.68,JAX,44312302,9.0478,statline_mc+recal_10_4b,team:BUF
4,WR1,00-0037740,Garrett Wilson,WR,NYJ,6800,16.868354560415632,2.48,CHI,44312580,9.1063,statline_mc+recal_10_4b,team:BUF
4,WR2,00-0038606,Parker Washington,WR,JAX,6500,16.30992131927916,2.51,CIN,44312586,9.5129,statline_mc+recal_10_4b,team:BUF
4,WR3,00-0034827,DJ Moore,WR,BUF,5700,12.546542832719918,2.2,NE,44312602,8.7017,statline_mc+recal_10_4b,team:BUF
4,TE,00-0039793,AJ Barner,TE,SEA,3000,7.526452740773325,2.51,LAC,44313066,6.5032,statline_mc+recal_10_4b,team:BUF
4,FLEX,00-0035229,T.J. Hockenson,TE,MIN,3300,9.344170522410224,2.83,MIA,44313054,6.6583,statline_mc+recal_10_4b,team:BUF
5,QB,00-0034857,Josh Allen,QB,BUF,7700,23.84956469638282,3.1,NE,44312197,8.3406,statline_mc+recal_10_4b,team:BUF
5,DST,DST_ARI,Cardinals,DST,ARI,2500,7.9280392185,3.17,NYG,44313325,5.8716,dst_simulated_session_10_4+recal_10_4b,team:BUF
5,RB1,00-0038597,Chase Brown,RB,CIN,6100,16.324450515688284,2.68,JAX,44312302,9.0478,statline_mc+recal_10_4b,team:BUF
5,RB2,00-0033293,Aaron Jones Sr.,RB,MIN,6000,15.782813018854103,2.63,MIA,44312304,8.9197,statline_mc+recal_10_4b,team:BUF
5,WR1,00-0038606,Parker Washington,WR,JAX,6500,16.30992131927916,2.51,CIN,44312586,9.5129,statline_mc+recal_10_4b,team:BUF
5,WR2,00-0038559,Michael Wilson,WR,ARI,5500,13.3657837341323,2.43,NYG,44312606,8.8736,statline_mc+recal_10_4b,team:BUF
5,WR3,00-0037261,Khalil Shakir,WR,BUF,4700,9.625068464468155,2.05,NE,44312630,7.8411,statline_mc+recal_10_4b,team:BUF
5,TE,00-0035229,T.J. Hockenson,TE,MIN,3300,9.344170522410224,2.83,MIA,44313054,6.6583,statline_mc+recal_10_4b,team:BUF
5,FLEX,00-0033280,Christian McCaffrey,RB,SF,7700,19.64909305842292,2.55,DEN,44312280,9.3833,statline_mc+recal_10_4b,team:BUF
6,QB,00-0036442,Joe Burrow,QB,CIN,6800,20.98596828535134,3.09,JAX,44312199,8.1999,statline_mc+recal_10_4b,team:CIN
6,DST,DST_ARI,Cardinals,DST,ARI,2500,7.9280392185,3.17,NYG,44313325,5.8716,dst_simulated_session_10_4+recal_10_4b,team:CIN
6,RB1,00-0033280,Christian McCaffrey,RB,SF,7700,19.64909305842292,2.55,DEN,44312280,9.3833,statline_mc+recal_10_4b,team:CIN
6,RB2,00-0038597,Chase Brown,RB,CIN,6100,16.324450515688284,2.68,JAX,44312302,9.0478,statline_mc+recal_10_4b,team:CIN
6,WR1,00-0037740,Garrett Wilson,WR,NYJ,6800,16.868354560415632,2.48,CHI,44312580,9.1063,statline_mc+recal_10_4b,team:CIN
6,WR2,00-0038606,Parker Washington,WR,JAX,6500,16.30992131927916,2.51,CIN,44312586,9.5129,statline_mc+recal_10_4b,team:CIN
6,WR3,00-0036410,Tee Higgins,WR,CIN,6100,14.197531906667203,2.33,JAX,44312594,9.1511,statline_mc+recal_10_4b,team:CIN
6,TE,00-0034753,Mark Andrews,TE,BAL,4200,10.570236939575876,2.52,TEN,44313040,6.9737,statline_mc+recal_10_4b,team:CIN
6,FLEX,00-0035229,T.J. Hockenson,TE,MIN,3300,9.344170522410224,2.83,MIA,44313054,6.6583,statline_mc+recal_10_4b,team:CIN
7,QB,00-0036442,Joe Burrow,QB,CIN,6800,20.98596828535134,3.09,JAX,44312199,8.1999,statline_mc+recal_10_4b,team:CIN
7,DST,DST_GB,Packers,DST,GB,3200,9.9403580205,3.11,TB,44313313,5.9753,dst_simulated_session_10_4+recal_10_4b,team:CIN
7,RB1,00-0038134,Kenneth Walker III,RB,KC,8200,20.597246898041952,2.51,LV,44312278,9.7424,statline_mc+recal_10_4b,team:CIN
7,RB2,00-0038597,Chase Brown,RB,CIN,6100,16.324450515688284,2.68,JAX,44312302,9.0478,statline_mc+recal_10_4b,team:CIN
7,WR1,00-0037740,Garrett Wilson,WR,NYJ,6800,16.868354560415632,2.48,CHI,44312580,9.1063,statline_mc+recal_10_4b,team:CIN
7,WR2,00-0038606,Parker Washington,WR,JAX,6500,16.30992131927916,2.51,CIN,44312586,9.5129,statline_mc+recal_10_4b,team:CIN
7,WR3,00-0036410,Tee Higgins,WR,CIN,6100,14.197531906667203,2.33,JAX,44312594,9.1511,statline_mc+recal_10_4b,team:CIN
7,TE,00-0039793,AJ Barner,TE,SEA,3000,7.526452740773325,2.51,LAC,44313066,6.5032,statline_mc+recal_10_4b,team:CIN
7,FLEX,00-0035229,T.J. Hockenson,TE,MIN,3300,9.344170522410224,2.83,MIA,44313054,6.6583,statline_mc+recal_10_4b,team:CIN
8,QB,00-0039163,C.J. Stroud,QB,HOU,5700,18.9809143587984,3.33,DAL,44312209,7.9958,statline_mc+recal_10_4b,team:HOU
8,DST,DST_ARI,Cardinals,DST,ARI,2500,7.9280392185,3.17,NYG,44313325,5.8716,dst_simulated_session_10_4+recal_10_4b,team:HOU
8,RB1,00-0033280,Christian McCaffrey,RB,SF,7700,19.64909305842292,2.55,DEN,44312280,9.3833,statline_mc+recal_10_4b,team:HOU
8,RB2,00-0038597,Chase Brown,RB,CIN,6100,16.324450515688284,2.68,JAX,44312302,9.0478,statline_mc+recal_10_4b,team:HOU
8,WR1,00-0037740,Garrett Wilson,WR,NYJ,6800,16.868354560415632,2.48,CHI,44312580,9.1063,statline_mc+recal_10_4b,team:HOU
8,WR2,00-0038606,Parker Washington,WR,JAX,6500,16.30992131927916,2.51,CIN,44312586,9.5129,statline_mc+recal_10_4b,team:HOU
8,WR3,00-0036554,Nico Collins,WR,HOU,7200,15.926770743363136,2.21,DAL,44312572,8.855,statline_mc+recal_10_4b,team:HOU
8,TE,00-0034753,Mark Andrews,TE,BAL,4200,10.570236939575876,2.52,TEN,44313040,6.9737,statline_mc+recal_10_4b,team:HOU
8,FLEX,00-0035229,T.J. Hockenson,TE,MIN,3300,9.344170522410224,2.83,MIA,44313054,6.6583,statline_mc+recal_10_4b,team:HOU
9,QB,00-0034857,Josh Allen,QB,BUF,7700,23.84956469638282,3.1,NE,44312197,8.3406,statline_mc+recal_10_4b,team:BUF
9,DST,DST_GB,Packers,DST,GB,3200,9.9403580205,3.11,TB,44313313,5.9753,dst_simulated_session_10_4+recal_10_4b,team:BUF
9,RB1,00-0033280,Christian McCaffrey,RB,SF,7700,19.64909305842292,2.55,DEN,44312280,9.3833,statline_mc+recal_10_4b,team:BUF
9,RB2,00-0038597,Chase Brown,RB,CIN,6100,16.324450515688284,2.68,JAX,44312302,9.0478,statline_mc+recal_10_4b,team:BUF
9,WR1,00-0038606,Parker Washington,WR,JAX,6500,16.30992131927916,2.51,CIN,44312586,9.5129,statline_mc+recal_10_4b,team:BUF
9,WR2,00-0038559,Michael Wilson,WR,ARI,5500,13.3657837341323,2.43,NYG,44312606,8.8736,statline_mc+recal_10_4b,team:BUF
9,WR3,00-0034827,DJ Moore,WR,BUF,5700,12.546542832719918,2.2,NE,44312602,8.7017,statline_mc+recal_10_4b,team:BUF
9,TE,00-0034753,Mark Andrews,TE,BAL,4200,10.570236939575876,2.52,TEN,44313040,6.9737,statline_mc+recal_10_4b,team:BUF
9,FLEX,00-0035229,T.J. Hockenson,TE,MIN,3300,9.344170522410224,2.83,MIA,44313054,6.6583,statline_mc+recal_10_4b,team:BUF
10,QB,00-0034857,Josh Allen,QB,BUF,7700,23.84956469638282,3.1,NE,44312197,8.3406,statline_mc+recal_10_4b,team:BUF
10,DST,DST_ARI,Cardinals,DST,ARI,2500,7.9280392185,3.17,NYG,44313325,5.8716,dst_simulated_session_10_4+recal_10_4b,team:BUF
10,RB1,00-0038597,Chase Brown,RB,CIN,6100,16.324450515688284,2.68,JAX,44312302,9.0478,statline_mc+recal_10_4b,team:BUF
10,RB2,00-0033293,Aaron Jones Sr.,RB,MIN,6000,15.782813018854103,2.63,MIA,44312304,8.9197,statline_mc+recal_10_4b,team:BUF
10,WR1,00-0038543,Jaxon Smith-Njigba,WR,SEA,9100,22.9085748982868,2.52,LAC,44312562,10.4872,statline_mc+recal_10_4b,team:BUF
10,WR2,00-0038559,Michael Wilson,WR,ARI,5500,13.3657837341323,2.43,NYG,44312606,8.8736,statline_mc+recal_10_4b,team:BUF
10,WR3,00-0034827,DJ Moore,WR,BUF,5700,12.546542832719918,2.2,NE,44312602,8.7017,statline_mc+recal_10_4b,team:BUF
10,TE,00-0041032,Kenyon Sadiq,TE,NYJ,4000,9.75675967632816,2.44,CHI,44313042,6.7536,statline_mc+recal_10_4b,team:BUF
10,FLEX,00-0035229,T.J. Hockenson,TE,MIN,3300,9.344170522410224,2.83,MIA,44313054,6.6583,statline_mc+recal_10_4b,team:BUF
11,QB,00-0036442,Joe Burrow,QB,CIN,6800,20.98596828535134,3.09,JAX,44312199,8.1999,statline_mc+recal_10_4b,team:CIN
11,DST,DST_CHI,Bears,DST,CHI,3000,8.795722801499998,2.93,NYJ,44313315,6.0437,dst_simulated_session_10_4+recal_10_4b,team:CIN
11,RB1,00-0038597,Chase Brown,RB,CIN,6100,16.324450515688284,2.68,JAX,44312302,9.0478,statline_mc+recal_10_4b,team:CIN
11,RB2,00-0033293,Aaron Jones Sr.,RB,MIN,6000,15.782813018854103,2.63,MIA,44312304,8.9197,statline_mc+recal_10_4b,team:CIN
11,WR1,00-0038543,Jaxon Smith-Njigba,WR,SEA,9100,22.9085748982868,2.52,LAC,44312562,10.4872,statline_mc+recal_10_4b,team:CIN
11,WR2,00-0036900,Ja'Marr Chase,WR,CIN,8100,19.298354922883625,2.38,JAX,44312564,9.6232,statline_mc+recal_10_4b,team:CIN
11,WR3,00-0038393,Dontayvion Wicks,WR,PHI,4300,9.95744446516493,2.32,LA,44312644,7.9364,statline_mc+recal_10_4b,team:CIN
11,TE,00-0038935,Brenton Strange,TE,JAX,3200,8.378125166976574,2.62,CIN,44313056,6.5581,statline_mc+recal_10_4b,team:CIN
11,FLEX,00-0035229,T.J. Hockenson,TE,MIN,3300,9.344170522410224,2.83,MIA,44313054,6.6583,statline_mc+recal_10_4b,team:CIN
12,QB,00-0034857,Josh Allen,QB,BUF,7700,23.84956469638282,3.1,NE,44312197,8.3406,statline_mc+recal_10_4b,team:BUF
12,DST,DST_GB,Packers,DST,GB,3200,9.9403580205,3.11,TB,44313313,5.9753,dst_simulated_session_10_4+recal_10_4b,team:BUF
12,RB1,00-0038597,Chase Brown,RB,CIN,6100,16.324450515688284,2.68,JAX,44312302,9.0478,statline_mc+recal_10_4b,team:BUF
12,RB2,00-0033293,Aaron Jones Sr.,RB,MIN,6000,15.782813018854103,2.63,MIA,44312304,8.9197,statline_mc+recal_10_4b,team:BUF
12,WR1,00-0038606,Parker Washington,WR,JAX,6500,16.30992131927916,2.51,CIN,44312586,9.5129,statline_mc+recal_10_4b,team:BUF
12,WR2,00-0038393,Dontayvion Wicks,WR,PHI,4300,9.95744446516493,2.32,LA,44312644,7.9364,statline_mc+recal_10_4b,team:BUF
12,WR3,00-0037261,Khalil Shakir,WR,BUF,4700,9.625068464468155,2.05,NE,44312630,7.8411,statline_mc+recal_10_4b,team:BUF
12,TE,00-0035229,T.J. Hockenson,TE,MIN,3300,9.344170522410224,2.83,MIA,44313054,6.6583,statline_mc+recal_10_4b,team:BUF
12,FLEX,00-0038134,Kenneth Walker III,RB,KC,8200,20.597246898041952,2.51,LV,44312278,9.7424,statline_mc+recal_10_4b,team:BUF
13,QB,00-0034796,Lamar Jackson,QB,BAL,7300,20.572375358035515,2.82,TEN,44312198,8.1968,statline_mc+recal_10_4b,team:BAL
13,DST,DST_GB,Packers,DST,GB,3200,9.9403580205,3.11,TB,44313313,5.9753,dst_simulated_session_10_4+recal_10_4b,team:BAL
13,RB1,00-0038597,Chase Brown,RB,CIN,6100,16.324450515688284,2.68,JAX,44312302,9.0478,statline_mc+recal_10_4b,team:BAL
13,RB2,00-0033293,Aaron Jones Sr.,RB,MIN,6000,15.782813018854103,2.63,MIA,44312304,8.9197,statline_mc+recal_10_4b,team:BAL
13,WR1,00-0038543,Jaxon Smith-Njigba,WR,SEA,9100,22.9085748982868,2.52,LAC,44312562,10.4872,statline_mc+recal_10_4b,team:BAL
13,WR2,00-0038606,Parker Washington,WR,JAX,6500,16.30992131927916,2.51,CIN,44312586,9.5129,statline_mc+recal_10_4b,team:BAL
13,WR3,00-0038393,Dontayvion Wicks,WR,PHI,4300,9.95744446516493,2.32,LA,44312644,7.9364,statline_mc+recal_10_4b,team:BAL
13,TE,00-0034753,Mark Andrews,TE,BAL,4200,10.570236939575876,2.52,TEN,44313040,6.9737,statline_mc+recal_10_4b,team:BAL
13,FLEX,00-0035229,T.J. Hockenson,TE,MIN,3300,9.344170522410224,2.83,MIA,44313054,6.6583,statline_mc+recal_10_4b,team:BAL
14,QB,00-0039163,C.J. Stroud,QB,HOU,5700,18.9809143587984,3.33,DAL,44312209,7.9958,statline_mc+recal_10_4b,team:HOU
14,DST,DST_ARI,Cardinals,DST,ARI,2500,7.9280392185,3.17,NYG,44313325,5.8716,dst_simulated_session_10_4+recal_10_4b,team:HOU
14,RB1,00-0038597,Chase Brown,RB,CIN,6100,16.324450515688284,2.68,JAX,44312302,9.0478,statline_mc+recal_10_4b,team:HOU
14,RB2,00-0033293,Aaron Jones Sr.,RB,MIN,6000,15.782813018854103,2.63,MIA,44312304,8.9197,statline_mc+recal_10_4b,team:HOU
14,WR1,00-0038543,Jaxon Smith-Njigba,WR,SEA,9100,22.9085748982868,2.52,LAC,44312562,10.4872,statline_mc+recal_10_4b,team:HOU
14,WR2,00-0036554,Nico Collins,WR,HOU,7200,15.926770743363136,2.21,DAL,44312572,8.855,statline_mc+recal_10_4b,team:HOU
14,WR3,00-0032464,Kalif Raymond,WR,CHI,3600,7.843467379217994,2.18,NYJ,44312686,7.5141,statline_mc+recal_10_4b,team:HOU
14,TE,00-0037744,Trey McBride,TE,ARI,6500,16.56205686851521,2.55,NYG,44313020,7.5465,statline_mc+recal_10_4b,team:HOU
14,FLEX,00-0035229,T.J. Hockenson,TE,MIN,3300,9.344170522410224,2.83,MIA,44313054,6.6583,statline_mc+recal_10_4b,team:HOU
15,QB,00-0034857,Josh Allen,QB,BUF,7700,23.84956469638282,3.1,NE,44312197,8.3406,statline_mc+recal_10_4b,team:BUF
15,DST,DST_ARI,Cardinals,DST,ARI,2500,7.9280392185,3.17,NYG,44313325,5.8716,dst_simulated_session_10_4+recal_10_4b,team:BUF
15,RB1,00-0038597,Chase Brown,RB,CIN,6100,16.324450515688284,2.68,JAX,44312302,9.0478,statline_mc+recal_10_4b,team:BUF
15,RB2,00-0033293,Aaron Jones Sr.,RB,MIN,6000,15.782813018854103,2.63,MIA,44312304,8.9197,statline_mc+recal_10_4b,team:BUF
15,WR1,00-0038606,Parker Washington,WR,JAX,6500,16.30992131927916,2.51,CIN,44312586,9.5129,statline_mc+recal_10_4b,team:BUF
15,WR2,00-0034827,DJ Moore,WR,BUF,5700,12.546542832719918,2.2,NE,44312602,8.7017,statline_mc+recal_10_4b,team:BUF
15,WR3,00-0033555,Mack Hollins,WR,NE,4000,8.817689247731257,2.2,BUF,44312664,7.7248,statline_mc+recal_10_4b,team:BUF
15,TE,00-0035229,T.J. Hockenson,TE,MIN,3300,9.344170522410224,2.83,MIA,44313054,6.6583,statline_mc+recal_10_4b,team:BUF
15,FLEX,00-0038134,Kenneth Walker III,RB,KC,8200,20.597246898041952,2.51,LV,44312278,9.7424,statline_mc+recal_10_4b,team:BUF
16,QB,00-0039163,C.J. Stroud,QB,HOU,5700,18.9809143587984,3.33,DAL,44312209,7.9958,statline_mc+recal_10_4b,team:HOU
16,DST,DST_GB,Packers,DST,GB,3200,9.9403580205,3.11,TB,44313313,5.9753,dst_simulated_session_10_4+recal_10_4b,team:HOU
16,RB1,00-0038597,Chase Brown,RB,CIN,6100,16.324450515688284,2.68,JAX,44312302,9.0478,statline_mc+recal_10_4b,team:HOU
16,RB2,00-0033293,Aaron Jones Sr.,RB,MIN,6000,15.782813018854103,2.63,MIA,44312304,8.9197,statline_mc+recal_10_4b,team:HOU
16,WR1,00-0037740,Garrett Wilson,WR,NYJ,6800,16.868354560415632,2.48,CHI,44312580,9.1063,statline_mc+recal_10_4b,team:HOU
16,WR2,00-0036554,Nico Collins,WR,HOU,7200,15.926770743363136,2.21,DAL,44312572,8.855,statline_mc+recal_10_4b,team:HOU
16,WR3,00-0038994,Jordan Addison,WR,MIN,5300,12.620114839569617,2.38,MIA,44312610,8.6649,statline_mc+recal_10_4b,team:HOU
16,TE,00-0037744,Trey McBride,TE,ARI,6500,16.56205686851521,2.55,NYG,44313020,7.5465,statline_mc+recal_10_4b,team:HOU
16,FLEX,00-0038935,Brenton Strange,TE,JAX,3200,8.378125166976574,2.62,CIN,44313056,6.5581,statline_mc+recal_10_4b,team:HOU
17,QB,00-0036442,Joe Burrow,QB,CIN,6800,20.98596828535134,3.09,JAX,44312199,8.1999,statline_mc+recal_10_4b,team:CIN
17,DST,DST_CHI,Bears,DST,CHI,3000,8.795722801499998,2.93,NYJ,44313315,6.0437,dst_simulated_session_10_4+recal_10_4b,team:CIN
17,RB1,00-0038597,Chase Brown,RB,CIN,6100,16.324450515688284,2.68,JAX,44312302,9.0478,statline_mc+recal_10_4b,team:CIN
17,RB2,00-0033293,Aaron Jones Sr.,RB,MIN,6000,15.782813018854103,2.63,MIA,44312304,8.9197,statline_mc+recal_10_4b,team:CIN
17,WR1,00-0038543,Jaxon Smith-Njigba,WR,SEA,9100,22.9085748982868,2.52,LAC,44312562,10.4872,statline_mc+recal_10_4b,team:CIN
17,WR2,00-0036900,Ja'Marr Chase,WR,CIN,8100,19.298354922883625,2.38,JAX,44312564,9.6232,statline_mc+recal_10_4b,team:CIN
17,WR3,00-0039880,Malik Washington,WR,MIA,4400,9.530596099444493,2.17,MIN,44312642,7.5453,statline_mc+recal_10_4b,team:CIN
17,TE,00-0038935,Brenton Strange,TE,JAX,3200,8.378125166976574,2.62,CIN,44313056,6.5581,statline_mc+recal_10_4b,team:CIN
17,FLEX,00-0035229,T.J. Hockenson,TE,MIN,3300,9.344170522410224,2.83,MIA,44313054,6.6583,statline_mc+recal_10_4b,team:CIN
18,QB,00-0036442,Joe Burrow,QB,CIN,6800,20.98596828535134,3.09,JAX,44312199,8.1999,statline_mc+recal_10_4b,team:CIN
18,DST,DST_ARI,Cardinals,DST,ARI,2500,7.9280392185,3.17,NYG,44313325,5.8716,dst_simulated_session_10_4+recal_10_4b,team:CIN
18,RB1,00-0033280,Christian McCaffrey,RB,SF,7700,19.64909305842292,2.55,DEN,44312280,9.3833,statline_mc+recal_10_4b,team:CIN
18,RB2,00-0033293,Aaron Jones Sr.,RB,MIN,6000,15.782813018854103,2.63,MIA,44312304,8.9197,statline_mc+recal_10_4b,team:CIN
18,WR1,00-0038543,Jaxon Smith-Njigba,WR,SEA,9100,22.9085748982868,2.52,LAC,44312562,10.4872,statline_mc+recal_10_4b,team:CIN
18,WR2,00-0036410,Tee Higgins,WR,CIN,6100,14.197531906667203,2.33,JAX,44312594,9.1511,statline_mc+recal_10_4b,team:CIN
18,WR3,00-0038393,Dontayvion Wicks,WR,PHI,4300,9.95744446516493,2.32,LA,44312644,7.9364,statline_mc+recal_10_4b,team:CIN
18,TE,00-0034753,Mark Andrews,TE,BAL,4200,10.570236939575876,2.52,TEN,44313040,6.9737,statline_mc+recal_10_4b,team:CIN
18,FLEX,00-0035229,T.J. Hockenson,TE,MIN,3300,9.344170522410224,2.83,MIA,44313054,6.6583,statline_mc+recal_10_4b,team:CIN
19,QB,00-0039163,C.J. Stroud,QB,HOU,5700,18.9809143587984,3.33,DAL,44312209,7.9958,statline_mc+recal_10_4b,team:HOU
19,DST,DST_GB,Packers,DST,GB,3200,9.9403580205,3.11,TB,44313313,5.9753,dst_simulated_session_10_4+recal_10_4b,team:HOU
19,RB1,00-0038134,Kenneth Walker III,RB,KC,8200,20.597246898041952,2.51,LV,44312278,9.7424,statline_mc+recal_10_4b,team:HOU
19,RB2,00-0033293,Aaron Jones Sr.,RB,MIN,6000,15.782813018854103,2.63,MIA,44312304,8.9197,statline_mc+recal_10_4b,team:HOU
19,WR1,00-0037740,Garrett Wilson,WR,NYJ,6800,16.868354560415632,2.48,CHI,44312580,9.1063,statline_mc+recal_10_4b,team:HOU
19,WR2,00-0038606,Parker Washington,WR,JAX,6500,16.30992131927916,2.51,CIN,44312586,9.5129,statline_mc+recal_10_4b,team:HOU
19,WR3,00-0036554,Nico Collins,WR,HOU,7200,15.926770743363136,2.21,DAL,44312572,8.855,statline_mc+recal_10_4b,team:HOU
19,TE,00-0039793,AJ Barner,TE,SEA,3000,7.526452740773325,2.51,LAC,44313066,6.5032,statline_mc+recal_10_4b,team:HOU
19,FLEX,00-0035229,T.J. Hockenson,TE,MIN,3300,9.344170522410224,2.83,MIA,44313054,6.6583,statline_mc+recal_10_4b,team:HOU
20,QB,00-0039163,C.J. Stroud,QB,HOU,5700,18.9809143587984,3.33,DAL,44312209,7.9958,statline_mc+recal_10_4b,team:HOU
20,DST,DST_ARI,Cardinals,DST,ARI,2500,7.9280392185,3.17,NYG,44313325,5.8716,dst_simulated_session_10_4+recal_10_4b,team:HOU
20,RB1,00-0038597,Chase Brown,RB,CIN,6100,16.324450515688284,2.68,JAX,44312302,9.0478,statline_mc+recal_10_4b,team:HOU
20,RB2,00-0033293,Aaron Jones Sr.,RB,MIN,6000,15.782813018854103,2.63,MIA,44312304,8.9197,statline_mc+recal_10_4b,team:HOU
20,WR1,00-0038543,Jaxon Smith-Njigba,WR,SEA,9100,22.9085748982868,2.52,LAC,44312562,10.4872,statline_mc+recal_10_4b,team:HOU
20,WR2,00-0036554,Nico Collins,WR,HOU,7200,15.926770743363136,2.21,DAL,44312572,8.855,statline_mc+recal_10_4b,team:HOU
20,WR3,00-0039064,Zay Flowers,WR,BAL,6900,15.65844247236442,2.27,TEN,44312578,9.1327,statline_mc+recal_10_4b,team:HOU
20,TE,00-0038935,Brenton Strange,TE,JAX,3200,8.378125166976574,2.62,CIN,44313056,6.5581,statline_mc+recal_10_4b,team:HOU
20,FLEX,00-0035229,T.J. Hockenson,TE,MIN,3300,9.344170522410224,2.83,MIA,44313054,6.6583,statline_mc+recal_10_4b,team:HOU
21,QB,00-0036442,Joe Burrow,QB,CIN,6800,20.98596828535134,3.09,JAX,44312199,8.1999,statline_mc+recal_10_4b,team:CIN
21,DST,DST_CHI,Bears,DST,CHI,3000,8.795722801499998,2.93,NYJ,44313315,6.0437,dst_simulated_session_10_4+recal_10_4b,team:CIN
21,RB1,00-0038597,Chase Brown,RB,CIN,6100,16.324450515688284,2.68,JAX,44312302,9.0478,statline_mc+recal_10_4b,team:CIN
21,RB2,00-0041027,Jeremiyah Love,RB,ARI,5800,14.307006584667832,2.47,NYG,44312310,8.6727,statline_mc+recal_10_4b,team:CIN
21,WR1,00-0036900,Ja'Marr Chase,WR,CIN,8100,19.298354922883625,2.38,JAX,44312564,9.6232,statline_mc+recal_10_4b,team:CIN
21,WR2,00-0038606,Parker Washington,WR,JAX,6500,16.30992131927916,2.51,CIN,44312586,9.5129,statline_mc+recal_10_4b,team:CIN
21,WR3,00-0038393,Dontayvion Wicks,WR,PHI,4300,9.95744446516493,2.32,LA,44312644,7.9364,statline_mc+recal_10_4b,team:CIN
21,TE,00-0035229,T.J. Hockenson,TE,MIN,3300,9.344170522410224,2.83,MIA,44313054,6.6583,statline_mc+recal_10_4b,team:CIN
21,FLEX,00-0033293,Aaron Jones Sr.,RB,MIN,6000,15.782813018854103,2.63,MIA,44312304,8.9197,statline_mc+recal_10_4b,team:CIN
22,QB,00-0036442,Joe Burrow,QB,CIN,6800,20.98596828535134,3.09,JAX,44312199,8.1999,statline_mc+recal_10_4b,team:CIN
22,DST,DST_ARI,Cardinals,DST,ARI,2500,7.9280392185,3.17,NYG,44313325,5.8716,dst_simulated_session_10_4+recal_10_4b,team:CIN
22,RB1,00-0038597,Chase Brown,RB,CIN,6100,16.324450515688284,2.68,JAX,44312302,9.0478,statline_mc+recal_10_4b,team:CIN
22,RB2,00-0033293,Aaron Jones Sr.,RB,MIN,6000,15.782813018854103,2.63,MIA,44312304,8.9197,statline_mc+recal_10_4b,team:CIN
22,WR1,00-0037740,Garrett Wilson,WR,NYJ,6800,16.868354560415632,2.48,CHI,44312580,9.1063,statline_mc+recal_10_4b,team:CIN
22,WR2,00-0038606,Parker Washington,WR,JAX,6500,16.30992131927916,2.51,CIN,44312586,9.5129,statline_mc+recal_10_4b,team:CIN
22,WR3,00-0038393,Dontayvion Wicks,WR,PHI,4300,9.95744446516493,2.32,LA,44312644,7.9364,statline_mc+recal_10_4b,team:CIN
22,TE,00-0034829,Mike Gesicki,TE,CIN,3300,7.224824502370232,2.19,JAX,44313052,6.5137,statline_mc+recal_10_4b,team:CIN
22,FLEX,00-0033280,Christian McCaffrey,RB,SF,7700,19.64909305842292,2.55,DEN,44312280,9.3833,statline_mc+recal_10_4b,team:CIN
23,QB,00-0036442,Joe Burrow,QB,CIN,6800,20.98596828535134,3.09,JAX,44312199,8.1999,statline_mc+recal_10_4b,team:CIN
23,DST,DST_GB,Packers,DST,GB,3200,9.9403580205,3.11,TB,44313313,5.9753,dst_simulated_session_10_4+recal_10_4b,team:CIN
23,RB1,00-0038134,Kenneth Walker III,RB,KC,8200,20.597246898041952,2.51,LV,44312278,9.7424,statline_mc+recal_10_4b,team:CIN
23,RB2,00-0038597,Chase Brown,RB,CIN,6100,16.324450515688284,2.68,JAX,44312302,9.0478,statline_mc+recal_10_4b,team:CIN
23,WR1,00-0038606,Parker Washington,WR,JAX,6500,16.30992131927916,2.51,CIN,44312586,9.5129,statline_mc+recal_10_4b,team:CIN
23,WR2,00-0036410,Tee Higgins,WR,CIN,6100,14.197531906667203,2.33,JAX,44312594,9.1511,statline_mc+recal_10_4b,team:CIN
23,WR3,00-0038559,Michael Wilson,WR,ARI,5500,13.3657837341323,2.43,NYG,44312606,8.8736,statline_mc+recal_10_4b,team:CIN
23,TE,00-0035229,T.J. Hockenson,TE,MIN,3300,9.344170522410224,2.83,MIA,44313054,6.6583,statline_mc+recal_10_4b,team:CIN
23,FLEX,00-0038393,Dontayvion Wicks,WR,PHI,4300,9.95744446516493,2.32,LA,44312644,7.9364,statline_mc+recal_10_4b,team:CIN
24,QB,00-0039163,C.J. Stroud,QB,HOU,5700,18.9809143587984,3.33,DAL,44312209,7.9958,statline_mc+recal_10_4b,team:HOU
24,DST,DST_ARI,Cardinals,DST,ARI,2500,7.9280392185,3.17,NYG,44313325,5.8716,dst_simulated_session_10_4+recal_10_4b,team:HOU
24,RB1,00-0033280,Christian McCaffrey,RB,SF,7700,19.64909305842292,2.55,DEN,44312280,9.3833,statline_mc+recal_10_4b,team:HOU
24,RB2,00-0033293,Aaron Jones Sr.,RB,MIN,6000,15.782813018854103,2.63,MIA,44312304,8.9197,statline_mc+recal_10_4b,team:HOU
24,WR1,00-0037740,Garrett Wilson,WR,NYJ,6800,16.868354560415632,2.48,CHI,44312580,9.1063,statline_mc+recal_10_4b,team:HOU
24,WR2,00-0036554,Nico Collins,WR,HOU,7200,15.926770743363136,2.21,DAL,44312572,8.855,statline_mc+recal_10_4b,team:HOU
24,WR3,00-0038393,Dontayvion Wicks,WR,PHI,4300,9.95744446516493,2.32,LA,44312644,7.9364,statline_mc+recal_10_4b,team:HOU
24,TE,00-0037744,Trey McBride,TE,ARI,6500,16.56205686851521,2.55,NYG,44313020,7.5465,statline_mc+recal_10_4b,team:HOU
24,FLEX,00-0035229,T.J. Hockenson,TE,MIN,3300,9.344170522410224,2.83,MIA,44313054,6.6583,statline_mc+recal_10_4b,team:HOU
25,QB,00-0039163,C.J. Stroud,QB,HOU,5700,18.9809143587984,3.33,DAL,44312209,7.9958,statline_mc+recal_10_4b,team:HOU
25,DST,DST_GB,Packers,DST,GB,3200,9.9403580205,3.11,TB,44313313,5.9753,dst_simulated_session_10_4+recal_10_4b,team:HOU
25,RB1,00-0038597,Chase Brown,RB,CIN,6100,16.324450515688284,2.68,JAX,44312302,9.0478,statline_mc+recal_10_4b,team:HOU
25,RB2,00-0033293,Aaron Jones Sr.,RB,MIN,6000,15.782813018854103,2.63,MIA,44312304,8.9197,statline_mc+recal_10_4b,team:HOU
25,WR1,00-0036554,Nico Collins,WR,HOU,7200,15.926770743363136,2.21,DAL,44312572,8.855,statline_mc+recal_10_4b,team:HOU
25,WR2,00-0038559,Michael Wilson,WR,ARI,5500,13.3657837341323,2.43,NYG,44312606,8.8736,statline_mc+recal_10_4b,team:HOU
25,WR3,00-0038994,Jordan Addison,WR,MIN,5300,12.620114839569617,2.38,MIA,44312610,8.6649,statline_mc+recal_10_4b,team:HOU
25,TE,00-0038935,Brenton Strange,TE,JAX,3200,8.378125166976574,2.62,CIN,44313056,6.5581,statline_mc+recal_10_4b,team:HOU
25,FLEX,00-0033280,Christian McCaffrey,RB,SF,7700,19.64909305842292,2.55,DEN,44312280,9.3833,statline_mc+recal_10_4b,team:HOU
26,QB,00-0036442,Joe Burrow,QB,CIN,6800,20.98596828535134,3.09,JAX,44312199,8.1999,statline_mc+recal_10_4b,team:CIN
26,DST,DST_ARI,Cardinals,DST,ARI,2500,7.9280392185,3.17,NYG,44313325,5.8716,dst_simulated_session_10_4+recal_10_4b,team:CIN
26,RB1,00-0038597,Chase Brown,RB,CIN,6100,16.324450515688284,2.68,JAX,44312302,9.0478,statline_mc+recal_10_4b,team:CIN
26,RB2,00-0033293,Aaron Jones Sr.,RB,MIN,6000,15.782813018854103,2.63,MIA,44312304,8.9197,statline_mc+recal_10_4b,team:CIN
26,WR1,00-0036900,Ja'Marr Chase,WR,CIN,8100,19.298354922883625,2.38,JAX,44312564,9.6232,statline_mc+recal_10_4b,team:CIN
26,WR2,00-0037740,Garrett Wilson,WR,NYJ,6800,16.868354560415632,2.48,CHI,44312580,9.1063,statline_mc+recal_10_4b,team:CIN
26,WR3,00-0032464,Kalif Raymond,WR,CHI,3600,7.843467379217994,2.18,NYJ,44312686,7.5141,statline_mc+recal_10_4b,team:CIN
26,TE,00-0037744,Trey McBride,TE,ARI,6500,16.56205686851521,2.55,NYG,44313020,7.5465,statline_mc+recal_10_4b,team:CIN
26,FLEX,00-0035229,T.J. Hockenson,TE,MIN,3300,9.344170522410224,2.83,MIA,44313054,6.6583,statline_mc+recal_10_4b,team:CIN
27,QB,00-0039163,C.J. Stroud,QB,HOU,5700,18.9809143587984,3.33,DAL,44312209,7.9958,statline_mc+recal_10_4b,team:HOU
27,DST,DST_ARI,Cardinals,DST,ARI,2500,7.9280392185,3.17,NYG,44313325,5.8716,dst_simulated_session_10_4+recal_10_4b,team:HOU
27,RB1,00-0033280,Christian McCaffrey,RB,SF,7700,19.64909305842292,2.55,DEN,44312280,9.3833,statline_mc+recal_10_4b,team:HOU
27,RB2,00-0041027,Jeremiyah Love,RB,ARI,5800,14.307006584667832,2.47,NYG,44312310,8.6727,statline_mc+recal_10_4b,team:HOU
27,WR1,00-0038543,Jaxon Smith-Njigba,WR,SEA,9100,22.9085748982868,2.52,LAC,44312562,10.4872,statline_mc+recal_10_4b,team:HOU
27,WR2,00-0036554,Nico Collins,WR,HOU,7200,15.926770743363136,2.21,DAL,44312572,8.855,statline_mc+recal_10_4b,team:HOU
27,WR3,00-0038559,Michael Wilson,WR,ARI,5500,13.3657837341323,2.43,NYG,44312606,8.8736,statline_mc+recal_10_4b,team:HOU
27,TE,00-0038935,Brenton Strange,TE,JAX,3200,8.378125166976574,2.62,CIN,44313056,6.5581,statline_mc+recal_10_4b,team:HOU
27,FLEX,00-0035229,T.J. Hockenson,TE,MIN,3300,9.344170522410224,2.83,MIA,44313054,6.6583,statline_mc+recal_10_4b,team:HOU
28,QB,00-0034857,Josh Allen,QB,BUF,7700,23.84956469638282,3.1,NE,44312197,8.3406,statline_mc+recal_10_4b,team:BUF
28,DST,DST_ARI,Cardinals,DST,ARI,2500,7.9280392185,3.17,NYG,44313325,5.8716,dst_simulated_session_10_4+recal_10_4b,team:BUF
28,RB1,00-0038134,Kenneth Walker III,RB,KC,8200,20.597246898041952,2.51,LV,44312278,9.7424,statline_mc+recal_10_4b,team:BUF
28,RB2,00-0038597,Chase Brown,RB,CIN,6100,16.324450515688284,2.68,JAX,44312302,9.0478,statline_mc+recal_10_4b,team:BUF
28,WR1,00-0038543,Jaxon Smith-Njigba,WR,SEA,9100,22.9085748982868,2.52,LAC,44312562,10.4872,statline_mc+recal_10_4b,team:BUF
28,WR2,00-0034827,DJ Moore,WR,BUF,5700,12.546542832719918,2.2,NE,44312602,8.7017,statline_mc+recal_10_4b,team:BUF
28,WR3,00-0040867,Makai Lemon,WR,PHI,4100,8.903661375070648,2.17,LA,44312658,6.9792,statline_mc+recal_10_4b,team:BUF
28,TE,00-0038935,Brenton Strange,TE,JAX,3200,8.378125166976574,2.62,CIN,44313056,6.5581,statline_mc+recal_10_4b,team:BUF
28,FLEX,00-0035229,T.J. Hockenson,TE,MIN,3300,9.344170522410224,2.83,MIA,44313054,6.6583,statline_mc+recal_10_4b,team:BUF
29,QB,00-0039163,C.J. Stroud,QB,HOU,5700,18.9809143587984,3.33,DAL,44312209,7.9958,statline_mc+recal_10_4b,team:HOU
29,DST,DST_ARI,Cardinals,DST,ARI,2500,7.9280392185,3.17,NYG,44313325,5.8716,dst_simulated_session_10_4+recal_10_4b,team:HOU
29,RB1,00-0033280,Christian McCaffrey,RB,SF,7700,19.64909305842292,2.55,DEN,44312280,9.3833,statline_mc+recal_10_4b,team:HOU
29,RB2,00-0033293,Aaron Jones Sr.,RB,MIN,6000,15.782813018854103,2.63,MIA,44312304,8.9197,statline_mc+recal_10_4b,team:HOU
29,WR1,00-0036900,Ja'Marr Chase,WR,CIN,8100,19.298354922883625,2.38,JAX,44312564,9.6232,statline_mc+recal_10_4b,team:HOU
29,WR2,00-0038606,Parker Washington,WR,JAX,6500,16.30992131927916,2.51,CIN,44312586,9.5129,statline_mc+recal_10_4b,team:HOU
29,WR3,00-0036554,Nico Collins,WR,HOU,7200,15.926770743363136,2.21,DAL,44312572,8.855,statline_mc+recal_10_4b,team:HOU
29,TE,00-0039793,AJ Barner,TE,SEA,3000,7.526452740773325,2.51,LAC,44313066,6.5032,statline_mc+recal_10_4b,team:HOU
29,FLEX,00-0035229,T.J. Hockenson,TE,MIN,3300,9.344170522410224,2.83,MIA,44313054,6.6583,statline_mc+recal_10_4b,team:HOU
30,QB,00-0033873,Patrick Mahomes,QB,KC,6500,19.8813396870808,3.06,LV,44312202,8.1759,statline_mc+recal_10_4b,team:KC
30,DST,DST_GB,Packers,DST,GB,3200,9.9403580205,3.11,TB,44313313,5.9753,dst_simulated_session_10_4+recal_10_4b,team:KC
30,RB1,00-0038134,Kenneth Walker III,RB,KC,8200,20.597246898041952,2.51,LV,44312278,9.7424,statline_mc+recal_10_4b,team:KC
30,RB2,00-0038597,Chase Brown,RB,CIN,6100,16.324450515688284,2.68,JAX,44312302,9.0478,statline_mc+recal_10_4b,team:KC
30,WR1,00-0037740,Garrett Wilson,WR,NYJ,6800,16.868354560415632,2.48,CHI,44312580,9.1063,statline_mc+recal_10_4b,team:KC
30,WR2,00-0038606,Parker Washington,WR,JAX,6500,16.30992131927916,2.51,CIN,44312586,9.5129,statline_mc+recal_10_4b,team:KC
30,WR3,00-0039067,Rashee Rice,WR,KC,6400,13.951365332913662,2.18,LV,44312588,8.7363,statline_mc+recal_10_4b,team:KC
30,TE,00-0039793,AJ Barner,TE,SEA,3000,7.526452740773325,2.51,LAC,44313066,6.5032,statline_mc+recal_10_4b,team:KC
30,FLEX,00-0035229,T.J. Hockenson,TE,MIN,3300,9.344170522410224,2.83,MIA,44313054,6.6583,statline_mc+recal_10_4b,team:KC
31,QB,00-0034857,Josh Allen,QB,BUF,7700,23.84956469638282,3.1,NE,44312197,8.3406,statline_mc+recal_10_4b,team:BUF
31,DST,DST_ARI,Cardinals,DST,ARI,2500,7.9280392185,3.17,NYG,44313325,5.8716,dst_simulated_session_10_4+recal_10_4b,team:BUF
31,RB1,00-0038597,Chase Brown,RB,CIN,6100,16.324450515688284,2.68,JAX,44312302,9.0478,statline_mc+recal_10_4b,team:BUF
31,RB2,00-0041027,Jeremiyah Love,RB,ARI,5800,14.307006584667832,2.47,NYG,44312310,8.6727,statline_mc+recal_10_4b,team:BUF
31,WR1,00-0038543,Jaxon Smith-Njigba,WR,SEA,9100,22.9085748982868,2.52,LAC,44312562,10.4872,statline_mc+recal_10_4b,team:BUF
31,WR2,00-0038606,Parker Washington,WR,JAX,6500,16.30992131927916,2.51,CIN,44312586,9.5129,statline_mc+recal_10_4b,team:BUF
31,WR3,00-0034827,DJ Moore,WR,BUF,5700,12.546542832719918,2.2,NE,44312602,8.7017,statline_mc+recal_10_4b,team:BUF
31,TE,00-0034829,Mike Gesicki,TE,CIN,3300,7.224824502370232,2.19,JAX,44313052,6.5137,statline_mc+recal_10_4b,team:BUF
31,FLEX,00-0035229,T.J. Hockenson,TE,MIN,3300,9.344170522410224,2.83,MIA,44313054,6.6583,statline_mc+recal_10_4b,team:BUF
32,QB,00-0034857,Josh Allen,QB,BUF,7700,23.84956469638282,3.1,NE,44312197,8.3406,statline_mc+recal_10_4b,team:BUF
32,DST,DST_GB,Packers,DST,GB,3200,9.9403580205,3.11,TB,44313313,5.9753,dst_simulated_session_10_4+recal_10_4b,team:BUF
32,RB1,00-0038597,Chase Brown,RB,CIN,6100,16.324450515688284,2.68,JAX,44312302,9.0478,statline_mc+recal_10_4b,team:BUF
32,RB2,00-0033293,Aaron Jones Sr.,RB,MIN,6000,15.782813018854103,2.63,MIA,44312304,8.9197,statline_mc+recal_10_4b,team:BUF
32,WR1,00-0038559,Michael Wilson,WR,ARI,5500,13.3657837341323,2.43,NYG,44312606,8.8736,statline_mc+recal_10_4b,team:BUF
32,WR2,00-0034827,DJ Moore,WR,BUF,5700,12.546542832719918,2.2,NE,44312602,8.7017,statline_mc+recal_10_4b,team:BUF
32,WR3,00-0038393,Dontayvion Wicks,WR,PHI,4300,9.95744446516493,2.32,LA,44312644,7.9364,statline_mc+recal_10_4b,team:BUF
32,TE,00-0038935,Brenton Strange,TE,JAX,3200,8.378125166976574,2.62,CIN,44313056,6.5581,statline_mc+recal_10_4b,team:BUF
32,FLEX,00-0038134,Kenneth Walker III,RB,KC,8200,20.597246898041952,2.51,LV,44312278,9.7424,statline_mc+recal_10_4b,team:BUF
33,QB,00-0039163,C.J. Stroud,QB,HOU,5700,18.9809143587984,3.33,DAL,44312209,7.9958,statline_mc+recal_10_4b,team:HOU
33,DST,DST_CHI,Bears,DST,CHI,3000,8.795722801499998,2.93,NYJ,44313315,6.0437,dst_simulated_session_10_4+recal_10_4b,team:HOU
33,RB1,00-0038134,Kenneth Walker III,RB,KC,8200,20.597246898041952,2.51,LV,44312278,9.7424,statline_mc+recal_10_4b,team:HOU
33,RB2,00-0033293,Aaron Jones Sr.,RB,MIN,6000,15.782813018854103,2.63,MIA,44312304,8.9197,statline_mc+recal_10_4b,team:HOU
33,WR1,00-0038543,Jaxon Smith-Njigba,WR,SEA,9100,22.9085748982868,2.52,LAC,44312562,10.4872,statline_mc+recal_10_4b,team:HOU
33,WR2,00-0036554,Nico Collins,WR,HOU,7200,15.926770743363136,2.21,DAL,44312572,8.855,statline_mc+recal_10_4b,team:HOU
33,WR3,00-0038393,Dontayvion Wicks,WR,PHI,4300,9.95744446516493,2.32,LA,44312644,7.9364,statline_mc+recal_10_4b,team:HOU
33,TE,00-0038935,Brenton Strange,TE,JAX,3200,8.378125166976574,2.62,CIN,44313056,6.5581,statline_mc+recal_10_4b,team:HOU
33,FLEX,00-0035229,T.J. Hockenson,TE,MIN,3300,9.344170522410224,2.83,MIA,44313054,6.6583,statline_mc+recal_10_4b,team:HOU
34,QB,00-0034857,Josh Allen,QB,BUF,7700,23.84956469638282,3.1,NE,44312197,8.3406,statline_mc+recal_10_4b,team:BUF
34,DST,DST_CHI,Bears,DST,CHI,3000,8.795722801499998,2.93,NYJ,44313315,6.0437,dst_simulated_session_10_4+recal_10_4b,team:BUF
34,RB1,00-0038597,Chase Brown,RB,CIN,6100,16.324450515688284,2.68,JAX,44312302,9.0478,statline_mc+recal_10_4b,team:BUF
34,RB2,00-0033293,Aaron Jones Sr.,RB,MIN,6000,15.782813018854103,2.63,MIA,44312304,8.9197,statline_mc+recal_10_4b,team:BUF
34,WR1,00-0038543,Jaxon Smith-Njigba,WR,SEA,9100,22.9085748982868,2.52,LAC,44312562,10.4872,statline_mc+recal_10_4b,team:BUF
34,WR2,00-0039064,Zay Flowers,WR,BAL,6900,15.65844247236442,2.27,TEN,44312578,9.1327,statline_mc+recal_10_4b,team:BUF
34,WR3,00-0037261,Khalil Shakir,WR,BUF,4700,9.625068464468155,2.05,NE,44312630,7.8411,statline_mc+recal_10_4b,team:BUF
34,TE,00-0038935,Brenton Strange,TE,JAX,3200,8.378125166976574,2.62,CIN,44313056,6.5581,statline_mc+recal_10_4b,team:BUF
34,FLEX,00-0035229,T.J. Hockenson,TE,MIN,3300,9.344170522410224,2.83,MIA,44313054,6.6583,statline_mc+recal_10_4b,team:BUF
35,QB,00-0034857,Josh Allen,QB,BUF,7700,23.84956469638282,3.1,NE,44312197,8.3406,statline_mc+recal_10_4b,team:BUF
35,DST,DST_GB,Packers,DST,GB,3200,9.9403580205,3.11,TB,44313313,5.9753,dst_simulated_session_10_4+recal_10_4b,team:BUF
35,RB1,00-0033280,Christian McCaffrey,RB,SF,7700,19.64909305842292,2.55,DEN,44312280,9.3833,statline_mc+recal_10_4b,team:BUF
35,RB2,00-0038597,Chase Brown,RB,CIN,6100,16.324450515688284,2.68,JAX,44312302,9.0478,statline_mc+recal_10_4b,team:BUF
35,WR1,00-0037740,Garrett Wilson,WR,NYJ,6800,16.868354560415632,2.48,CHI,44312580,9.1063,statline_mc+recal_10_4b,team:BUF
35,WR2,00-0038606,Parker Washington,WR,JAX,6500,16.30992131927916,2.51,CIN,44312586,9.5129,statline_mc+recal_10_4b,team:BUF
35,WR3,00-0037261,Khalil Shakir,WR,BUF,4700,9.625068464468155,2.05,NE,44312630,7.8411,statline_mc+recal_10_4b,team:BUF
35,TE,00-0034753,Mark Andrews,TE,BAL,4200,10.570236939575876,2.52,TEN,44313040,6.9737,statline_mc+recal_10_4b,team:BUF
35,FLEX,00-0039793,AJ Barner,TE,SEA,3000,7.526452740773325,2.51,LAC,44313066,6.5032,statline_mc+recal_10_4b,team:BUF
36,QB,00-0034857,Josh Allen,QB,BUF,7700,23.84956469638282,3.1,NE,44312197,8.3406,statline_mc+recal_10_4b,team:BUF
36,DST,DST_GB,Packers,DST,GB,3200,9.9403580205,3.11,TB,44313313,5.9753,dst_simulated_session_10_4+recal_10_4b,team:BUF
36,RB1,00-0038134,Kenneth Walker III,RB,KC,8200,20.597246898041952,2.51,LV,44312278,9.7424,statline_mc+recal_10_4b,team:BUF
36,RB2,00-0033293,Aaron Jones Sr.,RB,MIN,6000,15.782813018854103,2.63,MIA,44312304,8.9197,statline_mc+recal_10_4b,team:BUF
36,WR1,00-0037740,Garrett Wilson,WR,NYJ,6800,16.868354560415632,2.48,CHI,44312580,9.1063,statline_mc+recal_10_4b,team:BUF
36,WR2,00-0036410,Tee Higgins,WR,CIN,6100,14.197531906667203,2.33,JAX,44312594,9.1511,statline_mc+recal_10_4b,team:BUF
36,WR3,00-0034827,DJ Moore,WR,BUF,5700,12.546542832719918,2.2,NE,44312602,8.7017,statline_mc+recal_10_4b,team:BUF
36,TE,00-0039793,AJ Barner,TE,SEA,3000,7.526452740773325,2.51,LAC,44313066,6.5032,statline_mc+recal_10_4b,team:BUF
36,FLEX,00-0035229,T.J. Hockenson,TE,MIN,3300,9.344170522410224,2.83,MIA,44313054,6.6583,statline_mc+recal_10_4b,team:BUF
37,QB,00-0036442,Joe Burrow,QB,CIN,6800,20.98596828535134,3.09,JAX,44312199,8.1999,statline_mc+recal_10_4b,team:CIN
37,DST,DST_GB,Packers,DST,GB,3200,9.9403580205,3.11,TB,44313313,5.9753,dst_simulated_session_10_4+recal_10_4b,team:CIN
37,RB1,00-0038597,Chase Brown,RB,CIN,6100,16.324450515688284,2.68,JAX,44312302,9.0478,statline_mc+recal_10_4b,team:CIN
37,RB2,00-0041027,Jeremiyah Love,RB,ARI,5800,14.307006584667832,2.47,NYG,44312310,8.6727,statline_mc+recal_10_4b,team:CIN
37,WR1,00-0038543,Jaxon Smith-Njigba,WR,SEA,9100,22.9085748982868,2.52,LAC,44312562,10.4872,statline_mc+recal_10_4b,team:CIN
37,WR2,00-0036410,Tee Higgins,WR,CIN,6100,14.197531906667203,2.33,JAX,44312594,9.1511,statline_mc+recal_10_4b,team:CIN
37,WR3,00-0040667,Matthew Golden,WR,GB,5400,12.063031140419078,2.23,TB,44312608,8.2705,statline_mc+recal_10_4b,team:CIN
37,TE,00-0034753,Mark Andrews,TE,BAL,4200,10.570236939575876,2.52,TEN,44313040,6.9737,statline_mc+recal_10_4b,team:CIN
37,FLEX,00-0035229,T.J. Hockenson,TE,MIN,3300,9.344170522410224,2.83,MIA,44313054,6.6583,statline_mc+recal_10_4b,team:CIN
38,QB,00-0036442,Joe Burrow,QB,CIN,6800,20.98596828535134,3.09,JAX,44312199,8.1999,statline_mc+recal_10_4b,team:CIN
38,DST,DST_CHI,Bears,DST,CHI,3000,8.795722801499998,2.93,NYJ,44313315,6.0437,dst_simulated_session_10_4+recal_10_4b,team:CIN
38,RB1,00-0033280,Christian McCaffrey,RB,SF,7700,19.64909305842292,2.55,DEN,44312280,9.3833,statline_mc+recal_10_4b,team:CIN
38,RB2,00-0033293,Aaron Jones Sr.,RB,MIN,6000,15.782813018854103,2.63,MIA,44312304,8.9197,statline_mc+recal_10_4b,team:CIN
38,WR1,00-0038606,Parker Washington,WR,JAX,6500,16.30992131927916,2.51,CIN,44312586,9.5129,statline_mc+recal_10_4b,team:CIN
38,WR2,00-0036410,Tee Higgins,WR,CIN,6100,14.197531906667203,2.33,JAX,44312594,9.1511,statline_mc+recal_10_4b,team:CIN
38,WR3,00-0040867,Makai Lemon,WR,PHI,4100,8.903661375070648,2.17,LA,44312658,6.9792,statline_mc+recal_10_4b,team:CIN
38,TE,00-0037744,Trey McBride,TE,ARI,6500,16.56205686851521,2.55,NYG,44313020,7.5465,statline_mc+recal_10_4b,team:CIN
38,FLEX,00-0035229,T.J. Hockenson,TE,MIN,3300,9.344170522410224,2.83,MIA,44313054,6.6583,statline_mc+recal_10_4b,team:CIN
39,QB,00-0039163,C.J. Stroud,QB,HOU,5700,18.9809143587984,3.33,DAL,44312209,7.9958,statline_mc+recal_10_4b,team:HOU
39,DST,DST_GB,Packers,DST,GB,3200,9.9403580205,3.11,TB,44313313,5.9753,dst_simulated_session_10_4+recal_10_4b,team:HOU
39,RB1,00-0033280,Christian McCaffrey,RB,SF,7700,19.64909305842292,2.55,DEN,44312280,9.3833,statline_mc+recal_10_4b,team:HOU
39,RB2,00-0038597,Chase Brown,RB,CIN,6100,16.324450515688284,2.68,JAX,44312302,9.0478,statline_mc+recal_10_4b,team:HOU
39,WR1,00-0037740,Garrett Wilson,WR,NYJ,6800,16.868354560415632,2.48,CHI,44312580,9.1063,statline_mc+recal_10_4b,team:HOU
39,WR2,00-0036554,Nico Collins,WR,HOU,7200,15.926770743363136,2.21,DAL,44312572,8.855,statline_mc+recal_10_4b,team:HOU
39,WR3,00-0032464,Kalif Raymond,WR,CHI,3600,7.843467379217994,2.18,NYJ,44312686,7.5141,statline_mc+recal_10_4b,team:HOU
39,TE,00-0037744,Trey McBride,TE,ARI,6500,16.56205686851521,2.55,NYG,44313020,7.5465,statline_mc+recal_10_4b,team:HOU
39,FLEX,00-0038935,Brenton Strange,TE,JAX,3200,8.378125166976574,2.62,CIN,44313056,6.5581,statline_mc+recal_10_4b,team:HOU
40,QB,00-0036442,Joe Burrow,QB,CIN,6800,20.98596828535134,3.09,JAX,44312199,8.1999,statline_mc+recal_10_4b,team:CIN
40,DST,DST_CHI,Bears,DST,CHI,3000,8.795722801499998,2.93,NYJ,44313315,6.0437,dst_simulated_session_10_4+recal_10_4b,team:CIN
40,RB1,00-0038597,Chase Brown,RB,CIN,6100,16.324450515688284,2.68,JAX,44312302,9.0478,statline_mc+recal_10_4b,team:CIN
40,RB2,00-0033293,Aaron Jones Sr.,RB,MIN,6000,15.782813018854103,2.63,MIA,44312304,8.9197,statline_mc+recal_10_4b,team:CIN
40,WR1,00-0038606,Parker Washington,WR,JAX,6500,16.30992131927916,2.51,CIN,44312586,9.5129,statline_mc+recal_10_4b,team:CIN
40,WR2,00-0036410,Tee Higgins,WR,CIN,6100,14.197531906667203,2.33,JAX,44312594,9.1511,statline_mc+recal_10_4b,team:CIN
40,WR3,00-0032464,Kalif Raymond,WR,CHI,3600,7.843467379217994,2.18,NYJ,44312686,7.5141,statline_mc+recal_10_4b,team:CIN
40,TE,00-0034753,Mark Andrews,TE,BAL,4200,10.570236939575876,2.52,TEN,44313040,6.9737,statline_mc+recal_10_4b,team:CIN
40,FLEX,00-0033280,Christian McCaffrey,RB,SF,7700,19.64909305842292,2.55,DEN,44312280,9.3833,statline_mc+recal_10_4b,team:CIN
41,QB,00-0039163,C.J. Stroud,QB,HOU,5700,18.9809143587984,3.33,DAL,44312209,7.9958,statline_mc+recal_10_4b,team:HOU
41,DST,DST_GB,Packers,DST,GB,3200,9.9403580205,3.11,TB,44313313,5.9753,dst_simulated_session_10_4+recal_10_4b,team:HOU
41,RB1,00-0038134,Kenneth Walker III,RB,KC,8200,20.597246898041952,2.51,LV,44312278,9.7424,statline_mc+recal_10_4b,team:HOU
41,RB2,00-0033293,Aaron Jones Sr.,RB,MIN,6000,15.782813018854103,2.63,MIA,44312304,8.9197,statline_mc+recal_10_4b,team:HOU
41,WR1,00-0037740,Garrett Wilson,WR,NYJ,6800,16.868354560415632,2.48,CHI,44312580,9.1063,statline_mc+recal_10_4b,team:HOU
41,WR2,00-0036554,Nico Collins,WR,HOU,7200,15.926770743363136,2.21,DAL,44312572,8.855,statline_mc+recal_10_4b,team:HOU
41,WR3,00-0038559,Michael Wilson,WR,ARI,5500,13.3657837341323,2.43,NYG,44312606,8.8736,statline_mc+recal_10_4b,team:HOU
41,TE,00-0034753,Mark Andrews,TE,BAL,4200,10.570236939575876,2.52,TEN,44313040,6.9737,statline_mc+recal_10_4b,team:HOU
41,FLEX,00-0038935,Brenton Strange,TE,JAX,3200,8.378125166976574,2.62,CIN,44313056,6.5581,statline_mc+recal_10_4b,team:HOU
42,QB,00-0036442,Joe Burrow,QB,CIN,6800,20.98596828535134,3.09,JAX,44312199,8.1999,statline_mc+recal_10_4b,team:CIN
42,DST,DST_ARI,Cardinals,DST,ARI,2500,7.9280392185,3.17,NYG,44313325,5.8716,dst_simulated_session_10_4+recal_10_4b,team:CIN
42,RB1,00-0038134,Kenneth Walker III,RB,KC,8200,20.597246898041952,2.51,LV,44312278,9.7424,statline_mc+recal_10_4b,team:CIN
42,RB2,00-0038597,Chase Brown,RB,CIN,6100,16.324450515688284,2.68,JAX,44312302,9.0478,statline_mc+recal_10_4b,team:CIN
42,WR1,00-0038606,Parker Washington,WR,JAX,6500,16.30992131927916,2.51,CIN,44312586,9.5129,statline_mc+recal_10_4b,team:CIN
42,WR2,00-0036410,Tee Higgins,WR,CIN,6100,14.197531906667203,2.33,JAX,44312594,9.1511,statline_mc+recal_10_4b,team:CIN
42,WR3,00-0038393,Dontayvion Wicks,WR,PHI,4300,9.95744446516493,2.32,LA,44312644,7.9364,statline_mc+recal_10_4b,team:CIN
42,TE,00-0037744,Trey McBride,TE,ARI,6500,16.56205686851521,2.55,NYG,44313020,7.5465,statline_mc+recal_10_4b,team:CIN
42,FLEX,00-0039793,AJ Barner,TE,SEA,3000,7.526452740773325,2.51,LAC,44313066,6.5032,statline_mc+recal_10_4b,team:CIN
43,QB,00-0034796,Lamar Jackson,QB,BAL,7300,20.572375358035515,2.82,TEN,44312198,8.1968,statline_mc+recal_10_4b,team:BAL
43,DST,DST_GB,Packers,DST,GB,3200,9.9403580205,3.11,TB,44313313,5.9753,dst_simulated_session_10_4+recal_10_4b,team:BAL
43,RB1,00-0038597,Chase Brown,RB,CIN,6100,16.324450515688284,2.68,JAX,44312302,9.0478,statline_mc+recal_10_4b,team:BAL
43,RB2,00-0033293,Aaron Jones Sr.,RB,MIN,6000,15.782813018854103,2.63,MIA,44312304,8.9197,statline_mc+recal_10_4b,team:BAL
43,WR1,00-0038543,Jaxon Smith-Njigba,WR,SEA,9100,22.9085748982868,2.52,LAC,44312562,10.4872,statline_mc+recal_10_4b,team:BAL
43,WR2,00-0037740,Garrett Wilson,WR,NYJ,6800,16.868354560415632,2.48,CHI,44312580,9.1063,statline_mc+recal_10_4b,team:BAL
43,WR3,00-0040867,Makai Lemon,WR,PHI,4100,8.903661375070648,2.17,LA,44312658,6.9792,statline_mc+recal_10_4b,team:BAL
43,TE,00-0034753,Mark Andrews,TE,BAL,4200,10.570236939575876,2.52,TEN,44313040,6.9737,statline_mc+recal_10_4b,team:BAL
43,FLEX,00-0038935,Brenton Strange,TE,JAX,3200,8.378125166976574,2.62,CIN,44313056,6.5581,statline_mc+recal_10_4b,team:BAL
44,QB,00-0034857,Josh Allen,QB,BUF,7700,23.84956469638282,3.1,NE,44312197,8.3406,statline_mc+recal_10_4b,team:BUF
44,DST,DST_GB,Packers,DST,GB,3200,9.9403580205,3.11,TB,44313313,5.9753,dst_simulated_session_10_4+recal_10_4b,team:BUF
44,RB1,00-0038134,Kenneth Walker III,RB,KC,8200,20.597246898041952,2.51,LV,44312278,9.7424,statline_mc+recal_10_4b,team:BUF
44,RB2,00-0038597,Chase Brown,RB,CIN,6100,16.324450515688284,2.68,JAX,44312302,9.0478,statline_mc+recal_10_4b,team:BUF
44,WR1,00-0037740,Garrett Wilson,WR,NYJ,6800,16.868354560415632,2.48,CHI,44312580,9.1063,statline_mc+recal_10_4b,team:BUF
44,WR2,00-0036410,Tee Higgins,WR,CIN,6100,14.197531906667203,2.33,JAX,44312594,9.1511,statline_mc+recal_10_4b,team:BUF
44,WR3,00-0034827,DJ Moore,WR,BUF,5700,12.546542832719918,2.2,NE,44312602,8.7017,statline_mc+recal_10_4b,team:BUF
44,TE,00-0038935,Brenton Strange,TE,JAX,3200,8.378125166976574,2.62,CIN,44313056,6.5581,statline_mc+recal_10_4b,team:BUF
44,FLEX,00-0039793,AJ Barner,TE,SEA,3000,7.526452740773325,2.51,LAC,44313066,6.5032,statline_mc+recal_10_4b,team:BUF
45,QB,00-0034857,Josh Allen,QB,BUF,7700,23.84956469638282,3.1,NE,44312197,8.3406,statline_mc+recal_10_4b,team:BUF
45,DST,DST_CHI,Bears,DST,CHI,3000,8.795722801499998,2.93,NYJ,44313315,6.0437,dst_simulated_session_10_4+recal_10_4b,team:BUF
45,RB1,00-0033280,Christian McCaffrey,RB,SF,7700,19.64909305842292,2.55,DEN,44312280,9.3833,statline_mc+recal_10_4b,team:BUF
45,RB2,00-0041027,Jeremiyah Love,RB,ARI,5800,14.307006584667832,2.47,NYG,44312310,8.6727,statline_mc+recal_10_4b,team:BUF
45,WR1,00-0038543,Jaxon Smith-Njigba,WR,SEA,9100,22.9085748982868,2.52,LAC,44312562,10.4872,statline_mc+recal_10_4b,team:BUF
45,WR2,00-0038559,Michael Wilson,WR,ARI,5500,13.3657837341323,2.43,NYG,44312606,8.8736,statline_mc+recal_10_4b,team:BUF
45,WR3,00-0037261,Khalil Shakir,WR,BUF,4700,9.625068464468155,2.05,NE,44312630,7.8411,statline_mc+recal_10_4b,team:BUF
45,TE,00-0038935,Brenton Strange,TE,JAX,3200,8.378125166976574,2.62,CIN,44313056,6.5581,statline_mc+recal_10_4b,team:BUF
45,FLEX,00-0035229,T.J. Hockenson,TE,MIN,3300,9.344170522410224,2.83,MIA,44313054,6.6583,statline_mc+recal_10_4b,team:BUF
46,QB,00-0034857,Josh Allen,QB,BUF,7700,23.84956469638282,3.1,NE,44312197,8.3406,statline_mc+recal_10_4b,team:BUF
46,DST,DST_GB,Packers,DST,GB,3200,9.9403580205,3.11,TB,44313313,5.9753,dst_simulated_session_10_4+recal_10_4b,team:BUF
46,RB1,00-0038134,Kenneth Walker III,RB,KC,8200,20.597246898041952,2.51,LV,44312278,9.7424,statline_mc+recal_10_4b,team:BUF
46,RB2,00-0033293,Aaron Jones Sr.,RB,MIN,6000,15.782813018854103,2.63,MIA,44312304,8.9197,statline_mc+recal_10_4b,team:BUF
46,WR1,00-0038606,Parker Washington,WR,JAX,6500,16.30992131927916,2.51,CIN,44312586,9.5129,statline_mc+recal_10_4b,team:BUF
46,WR2,00-0036410,Tee Higgins,WR,CIN,6100,14.197531906667203,2.33,JAX,44312594,9.1511,statline_mc+recal_10_4b,team:BUF
46,WR3,00-0037261,Khalil Shakir,WR,BUF,4700,9.625068464468155,2.05,NE,44312630,7.8411,statline_mc+recal_10_4b,team:BUF
46,TE,00-0034753,Mark Andrews,TE,BAL,4200,10.570236939575876,2.52,TEN,44313040,6.9737,statline_mc+recal_10_4b,team:BUF
46,FLEX,00-0035229,T.J. Hockenson,TE,MIN,3300,9.344170522410224,2.83,MIA,44313054,6.6583,statline_mc+recal_10_4b,team:BUF
47,QB,00-0036442,Joe Burrow,QB,CIN,6800,20.98596828535134,3.09,JAX,44312199,8.1999,statline_mc+recal_10_4b,team:CIN
47,DST,DST_ARI,Cardinals,DST,ARI,2500,7.9280392185,3.17,NYG,44313325,5.8716,dst_simulated_session_10_4+recal_10_4b,team:CIN
47,RB1,00-0038134,Kenneth Walker III,RB,KC,8200,20.597246898041952,2.51,LV,44312278,9.7424,statline_mc+recal_10_4b,team:CIN
47,RB2,00-0038597,Chase Brown,RB,CIN,6100,16.324450515688284,2.68,JAX,44312302,9.0478,statline_mc+recal_10_4b,team:CIN
47,WR1,00-0037740,Garrett Wilson,WR,NYJ,6800,16.868354560415632,2.48,CHI,44312580,9.1063,statline_mc+recal_10_4b,team:CIN
47,WR2,00-0038606,Parker Washington,WR,JAX,6500,16.30992131927916,2.51,CIN,44312586,9.5129,statline_mc+recal_10_4b,team:CIN
47,WR3,00-0038559,Michael Wilson,WR,ARI,5500,13.3657837341323,2.43,NYG,44312606,8.8736,statline_mc+recal_10_4b,team:CIN
47,TE,00-0034753,Mark Andrews,TE,BAL,4200,10.570236939575876,2.52,TEN,44313040,6.9737,statline_mc+recal_10_4b,team:CIN
47,FLEX,00-0034829,Mike Gesicki,TE,CIN,3300,7.224824502370232,2.19,JAX,44313052,6.5137,statline_mc+recal_10_4b,team:CIN
48,QB,00-0036442,Joe Burrow,QB,CIN,6800,20.98596828535134,3.09,JAX,44312199,8.1999,statline_mc+recal_10_4b,team:CIN
48,DST,DST_ARI,Cardinals,DST,ARI,2500,7.9280392185,3.17,NYG,44313325,5.8716,dst_simulated_session_10_4+recal_10_4b,team:CIN
48,RB1,00-0038134,Kenneth Walker III,RB,KC,8200,20.597246898041952,2.51,LV,44312278,9.7424,statline_mc+recal_10_4b,team:CIN
48,RB2,00-0033293,Aaron Jones Sr.,RB,MIN,6000,15.782813018854103,2.63,MIA,44312304,8.9197,statline_mc+recal_10_4b,team:CIN
48,WR1,00-0036900,Ja'Marr Chase,WR,CIN,8100,19.298354922883625,2.38,JAX,44312564,9.6232,statline_mc+recal_10_4b,team:CIN
48,WR2,00-0037740,Garrett Wilson,WR,NYJ,6800,16.868354560415632,2.48,CHI,44312580,9.1063,statline_mc+recal_10_4b,team:CIN
48,WR3,00-0038994,Jordan Addison,WR,MIN,5300,12.620114839569617,2.38,MIA,44312610,8.6649,statline_mc+recal_10_4b,team:CIN
48,TE,00-0038935,Brenton Strange,TE,JAX,3200,8.378125166976574,2.62,CIN,44313056,6.5581,statline_mc+recal_10_4b,team:CIN
48,FLEX,00-0039793,AJ Barner,TE,SEA,3000,7.526452740773325,2.51,LAC,44313066,6.5032,statline_mc+recal_10_4b,team:CIN
49,QB,00-0034796,Lamar Jackson,QB,BAL,7300,20.572375358035515,2.82,TEN,44312198,8.1968,statline_mc+recal_10_4b,team:BAL
49,DST,DST_ARI,Cardinals,DST,ARI,2500,7.9280392185,3.17,NYG,44313325,5.8716,dst_simulated_session_10_4+recal_10_4b,team:BAL
49,RB1,00-0033280,Christian McCaffrey,RB,SF,7700,19.64909305842292,2.55,DEN,44312280,9.3833,statline_mc+recal_10_4b,team:BAL
49,RB2,00-0038597,Chase Brown,RB,CIN,6100,16.324450515688284,2.68,JAX,44312302,9.0478,statline_mc+recal_10_4b,team:BAL
49,WR1,00-0036900,Ja'Marr Chase,WR,CIN,8100,19.298354922883625,2.38,JAX,44312564,9.6232,statline_mc+recal_10_4b,team:BAL
49,WR2,00-0038606,Parker Washington,WR,JAX,6500,16.30992131927916,2.51,CIN,44312586,9.5129,statline_mc+recal_10_4b,team:BAL
49,WR3,00-0038393,Dontayvion Wicks,WR,PHI,4300,9.95744446516493,2.32,LA,44312644,7.9364,statline_mc+recal_10_4b,team:BAL
49,TE,00-0034753,Mark Andrews,TE,BAL,4200,10.570236939575876,2.52,TEN,44313040,6.9737,statline_mc+recal_10_4b,team:BAL
49,FLEX,00-0035229,T.J. Hockenson,TE,MIN,3300,9.344170522410224,2.83,MIA,44313054,6.6583,statline_mc+recal_10_4b,team:BAL
50,QB,00-0033873,Patrick Mahomes,QB,KC,6500,19.8813396870808,3.06,LV,44312202,8.1759,statline_mc+recal_10_4b,team:KC
50,DST,DST_GB,Packers,DST,GB,3200,9.9403580205,3.11,TB,44313313,5.9753,dst_simulated_session_10_4+recal_10_4b,team:KC
50,RB1,00-0038597,Chase Brown,RB,CIN,6100,16.324450515688284,2.68,JAX,44312302,9.0478,statline_mc+recal_10_4b,team:KC
50,RB2,00-0033293,Aaron Jones Sr.,RB,MIN,6000,15.782813018854103,2.63,MIA,44312304,8.9197,statline_mc+recal_10_4b,team:KC
50,WR1,00-0038543,Jaxon Smith-Njigba,WR,SEA,9100,22.9085748982868,2.52,LAC,44312562,10.4872,statline_mc+recal_10_4b,team:KC
50,WR2,00-0039067,Rashee Rice,WR,KC,6400,13.951365332913662,2.18,LV,44312588,8.7363,statline_mc+recal_10_4b,team:KC
50,WR3,00-0040667,Matthew Golden,WR,GB,5400,12.063031140419078,2.23,TB,44312608,8.2705,statline_mc+recal_10_4b,team:KC
50,TE,00-0041032,Kenyon Sadiq,TE,NYJ,4000,9.75675967632816,2.44,CHI,44313042,6.7536,statline_mc+recal_10_4b,team:KC
50,FLEX,00-0035229,T.J. Hockenson,TE,MIN,3300,9.344170522410224,2.83,MIA,44313054,6.6583,statline_mc+recal_10_4b,team:KC
51,QB,00-0039163,C.J. Stroud,QB,HOU,5700,18.9809143587984,3.33,DAL,44312209,7.9958,statline_mc+recal_10_4b,team:HOU
51,DST,DST_ARI,Cardinals,DST,ARI,2500,7.9280392185,3.17,NYG,44313325,5.8716,dst_simulated_session_10_4+recal_10_4b,team:HOU
51,RB1,00-0033293,Aaron Jones Sr.,RB,MIN,6000,15.782813018854103,2.63,MIA,44312304,8.9197,statline_mc+recal_10_4b,team:HOU
51,RB2,00-0041027,Jeremiyah Love,RB,ARI,5800,14.307006584667832,2.47,NYG,44312310,8.6727,statline_mc+recal_10_4b,team:HOU
51,WR1,00-0038543,Jaxon Smith-Njigba,WR,SEA,9100,22.9085748982868,2.52,LAC,44312562,10.4872,statline_mc+recal_10_4b,team:HOU
51,WR2,00-0036554,Nico Collins,WR,HOU,7200,15.926770743363136,2.21,DAL,44312572,8.855,statline_mc+recal_10_4b,team:HOU
51,WR3,00-0036410,Tee Higgins,WR,CIN,6100,14.197531906667203,2.33,JAX,44312594,9.1511,statline_mc+recal_10_4b,team:HOU
51,TE,00-0034753,Mark Andrews,TE,BAL,4200,10.570236939575876,2.52,TEN,44313040,6.9737,statline_mc+recal_10_4b,team:HOU
51,FLEX,00-0035229,T.J. Hockenson,TE,MIN,3300,9.344170522410224,2.83,MIA,44313054,6.6583,statline_mc+recal_10_4b,team:HOU
52,QB,00-0036442,Joe Burrow,QB,CIN,6800,20.98596828535134,3.09,JAX,44312199,8.1999,statline_mc+recal_10_4b,team:CIN
52,DST,DST_ARI,Cardinals,DST,ARI,2500,7.9280392185,3.17,NYG,44313325,5.8716,dst_simulated_session_10_4+recal_10_4b,team:CIN
52,RB1,00-0038134,Kenneth Walker III,RB,KC,8200,20.597246898041952,2.51,LV,44312278,9.7424,statline_mc+recal_10_4b,team:CIN
52,RB2,00-0033293,Aaron Jones Sr.,RB,MIN,6000,15.782813018854103,2.63,MIA,44312304,8.9197,statline_mc+recal_10_4b,team:CIN
52,WR1,00-0036900,Ja'Marr Chase,WR,CIN,8100,19.298354922883625,2.38,JAX,44312564,9.6232,statline_mc+recal_10_4b,team:CIN
52,WR2,00-0037247,George Pickens,WR,DAL,6300,14.199322702951967,2.25,HOU,44312590,8.6433,statline_mc+recal_10_4b,team:CIN
52,WR3,00-0038559,Michael Wilson,WR,ARI,5500,13.3657837341323,2.43,NYG,44312606,8.8736,statline_mc+recal_10_4b,team:CIN
52,TE,00-0038935,Brenton Strange,TE,JAX,3200,8.378125166976574,2.62,CIN,44313056,6.5581,statline_mc+recal_10_4b,team:CIN
52,FLEX,00-0035229,T.J. Hockenson,TE,MIN,3300,9.344170522410224,2.83,MIA,44313054,6.6583,statline_mc+recal_10_4b,team:CIN
53,QB,00-0034857,Josh Allen,QB,BUF,7700,23.84956469638282,3.1,NE,44312197,8.3406,statline_mc+recal_10_4b,team:BUF
53,DST,DST_CHI,Bears,DST,CHI,3000,8.795722801499998,2.93,NYJ,44313315,6.0437,dst_simulated_session_10_4+recal_10_4b,team:BUF
53,RB1,00-0038134,Kenneth Walker III,RB,KC,8200,20.597246898041952,2.51,LV,44312278,9.7424,statline_mc+recal_10_4b,team:BUF
53,RB2,00-0033293,Aaron Jones Sr.,RB,MIN,6000,15.782813018854103,2.63,MIA,44312304,8.9197,statline_mc+recal_10_4b,team:BUF
53,WR1,00-0038606,Parker Washington,WR,JAX,6500,16.30992131927916,2.51,CIN,44312586,9.5129,statline_mc+recal_10_4b,team:BUF
53,WR2,00-0034827,DJ Moore,WR,BUF,5700,12.546542832719918,2.2,NE,44312602,8.7017,statline_mc+recal_10_4b,team:BUF
53,WR3,00-0040667,Matthew Golden,WR,GB,5400,12.063031140419078,2.23,TB,44312608,8.2705,statline_mc+recal_10_4b,team:BUF
53,TE,00-0034753,Mark Andrews,TE,BAL,4200,10.570236939575876,2.52,TEN,44313040,6.9737,statline_mc+recal_10_4b,team:BUF
53,FLEX,00-0035229,T.J. Hockenson,TE,MIN,3300,9.344170522410224,2.83,MIA,44313054,6.6583,statline_mc+recal_10_4b,team:BUF
54,QB,00-0033873,Patrick Mahomes,QB,KC,6500,19.8813396870808,3.06,LV,44312202,8.1759,statline_mc+recal_10_4b,team:KC
54,DST,DST_CHI,Bears,DST,CHI,3000,8.795722801499998,2.93,NYJ,44313315,6.0437,dst_simulated_session_10_4+recal_10_4b,team:KC
54,RB1,00-0038597,Chase Brown,RB,CIN,6100,16.324450515688284,2.68,JAX,44312302,9.0478,statline_mc+recal_10_4b,team:KC
54,RB2,00-0033293,Aaron Jones Sr.,RB,MIN,6000,15.782813018854103,2.63,MIA,44312304,8.9197,statline_mc+recal_10_4b,team:KC
54,WR1,00-0038606,Parker Washington,WR,JAX,6500,16.30992131927916,2.51,CIN,44312586,9.5129,statline_mc+recal_10_4b,team:KC
54,WR2,00-0039067,Rashee Rice,WR,KC,6400,13.951365332913662,2.18,LV,44312588,8.7363,statline_mc+recal_10_4b,team:KC
54,WR3,00-0033555,Mack Hollins,WR,NE,4000,8.817689247731257,2.2,BUF,44312664,7.7248,statline_mc+recal_10_4b,team:KC
54,TE,00-0035229,T.J. Hockenson,TE,MIN,3300,9.344170522410224,2.83,MIA,44313054,6.6583,statline_mc+recal_10_4b,team:KC
54,FLEX,00-0038134,Kenneth Walker III,RB,KC,8200,20.597246898041952,2.51,LV,44312278,9.7424,statline_mc+recal_10_4b,team:KC
55,QB,00-0033873,Patrick Mahomes,QB,KC,6500,19.8813396870808,3.06,LV,44312202,8.1759,statline_mc+recal_10_4b,team:KC
55,DST,DST_GB,Packers,DST,GB,3200,9.9403580205,3.11,TB,44313313,5.9753,dst_simulated_session_10_4+recal_10_4b,team:KC
55,RB1,00-0038597,Chase Brown,RB,CIN,6100,16.324450515688284,2.68,JAX,44312302,9.0478,statline_mc+recal_10_4b,team:KC
55,RB2,00-0041027,Jeremiyah Love,RB,ARI,5800,14.307006584667832,2.47,NYG,44312310,8.6727,statline_mc+recal_10_4b,team:KC
55,WR1,00-0038543,Jaxon Smith-Njigba,WR,SEA,9100,22.9085748982868,2.52,LAC,44312562,10.4872,statline_mc+recal_10_4b,team:KC
55,WR2,00-0038606,Parker Washington,WR,JAX,6500,16.30992131927916,2.51,CIN,44312586,9.5129,statline_mc+recal_10_4b,team:KC
55,WR3,00-0039067,Rashee Rice,WR,KC,6400,13.951365332913662,2.18,LV,44312588,8.7363,statline_mc+recal_10_4b,team:KC
55,TE,00-0033110,Tyler Higbee,TE,LA,3100,6.814385294879287,2.2,PHI,44313062,6.0729,statline_mc+recal_10_4b,team:KC
55,FLEX,00-0035229,T.J. Hockenson,TE,MIN,3300,9.344170522410224,2.83,MIA,44313054,6.6583,statline_mc+recal_10_4b,team:KC
56,QB,00-0036442,Joe Burrow,QB,CIN,6800,20.98596828535134,3.09,JAX,44312199,8.1999,statline_mc+recal_10_4b,team:CIN
56,DST,DST_CHI,Bears,DST,CHI,3000,8.795722801499998,2.93,NYJ,44313315,6.0437,dst_simulated_session_10_4+recal_10_4b,team:CIN
56,RB1,00-0038597,Chase Brown,RB,CIN,6100,16.324450515688284,2.68,JAX,44312302,9.0478,statline_mc+recal_10_4b,team:CIN
56,RB2,00-0033293,Aaron Jones Sr.,RB,MIN,6000,15.782813018854103,2.63,MIA,44312304,8.9197,statline_mc+recal_10_4b,team:CIN
56,WR1,00-0038606,Parker Washington,WR,JAX,6500,16.30992131927916,2.51,CIN,44312586,9.5129,statline_mc+recal_10_4b,team:CIN
56,WR2,00-0036410,Tee Higgins,WR,CIN,6100,14.197531906667203,2.33,JAX,44312594,9.1511,statline_mc+recal_10_4b,team:CIN
56,WR3,00-0040735,Luther Burden III,WR,CHI,5200,11.356332138667982,2.18,NYJ,44312612,8.2754,statline_mc+recal_10_4b,team:CIN
56,TE,00-0035229,T.J. Hockenson,TE,MIN,3300,9.344170522410224,2.83,MIA,44313054,6.6583,statline_mc+recal_10_4b,team:CIN
56,FLEX,00-0039338,Brock Bowers,TE,LV,6900,16.64607031007958,2.41,KC,44313018,7.5407,statline_mc+recal_10_4b,team:CIN
57,QB,00-0034857,Josh Allen,QB,BUF,7700,23.84956469638282,3.1,NE,44312197,8.3406,statline_mc+recal_10_4b,team:BUF
57,DST,DST_CHI,Bears,DST,CHI,3000,8.795722801499998,2.93,NYJ,44313315,6.0437,dst_simulated_session_10_4+recal_10_4b,team:BUF
57,RB1,00-0037248,James Cook III,RB,BUF,7400,17.14378931015013,2.32,NE,44312282,9.5288,statline_mc+recal_10_4b,team:BUF
57,RB2,00-0038597,Chase Brown,RB,CIN,6100,16.324450515688284,2.68,JAX,44312302,9.0478,statline_mc+recal_10_4b,team:BUF
57,WR1,00-0038543,Jaxon Smith-Njigba,WR,SEA,9100,22.9085748982868,2.52,LAC,44312562,10.4872,statline_mc+recal_10_4b,team:BUF
57,WR2,00-0038559,Michael Wilson,WR,ARI,5500,13.3657837341323,2.43,NYG,44312606,8.8736,statline_mc+recal_10_4b,team:BUF
57,WR3,00-0037261,Khalil Shakir,WR,BUF,4700,9.625068464468155,2.05,NE,44312630,7.8411,statline_mc+recal_10_4b,team:BUF
57,TE,00-0038935,Brenton Strange,TE,JAX,3200,8.378125166976574,2.62,CIN,44313056,6.5581,statline_mc+recal_10_4b,team:BUF
57,FLEX,00-0035229,T.J. Hockenson,TE,MIN,3300,9.344170522410224,2.83,MIA,44313054,6.6583,statline_mc+recal_10_4b,team:BUF
58,QB,00-0034857,Josh Allen,QB,BUF,7700,23.84956469638282,3.1,NE,44312197,8.3406,statline_mc+recal_10_4b,team:BUF
58,DST,DST_GB,Packers,DST,GB,3200,9.9403580205,3.11,TB,44313313,5.9753,dst_simulated_session_10_4+recal_10_4b,team:BUF
58,RB1,00-0038134,Kenneth Walker III,RB,KC,8200,20.597246898041952,2.51,LV,44312278,9.7424,statline_mc+recal_10_4b,team:BUF
58,RB2,00-0038597,Chase Brown,RB,CIN,6100,16.324450515688284,2.68,JAX,44312302,9.0478,statline_mc+recal_10_4b,team:BUF
58,WR1,00-0038606,Parker Washington,WR,JAX,6500,16.30992131927916,2.51,CIN,44312586,9.5129,statline_mc+recal_10_4b,team:BUF
58,WR2,00-0034827,DJ Moore,WR,BUF,5700,12.546542832719918,2.2,NE,44312602,8.7017,statline_mc+recal_10_4b,team:BUF
58,WR3,00-0040667,Matthew Golden,WR,GB,5400,12.063031140419078,2.23,TB,44312608,8.2705,statline_mc+recal_10_4b,team:BUF
58,TE,00-0034753,Mark Andrews,TE,BAL,4200,10.570236939575876,2.52,TEN,44313040,6.9737,statline_mc+recal_10_4b,team:BUF
58,FLEX,00-0039793,AJ Barner,TE,SEA,3000,7.526452740773325,2.51,LAC,44313066,6.5032,statline_mc+recal_10_4b,team:BUF
59,QB,00-0034796,Lamar Jackson,QB,BAL,7300,20.572375358035515,2.82,TEN,44312198,8.1968,statline_mc+recal_10_4b,team:BAL
59,DST,DST_ARI,Cardinals,DST,ARI,2500,7.9280392185,3.17,NYG,44313325,5.8716,dst_simulated_session_10_4+recal_10_4b,team:BAL
59,RB1,00-0033280,Christian McCaffrey,RB,SF,7700,19.64909305842292,2.55,DEN,44312280,9.3833,statline_mc+recal_10_4b,team:BAL
59,RB2,00-0038597,Chase Brown,RB,CIN,6100,16.324450515688284,2.68,JAX,44312302,9.0478,statline_mc+recal_10_4b,team:BAL
59,WR1,00-0038543,Jaxon Smith-Njigba,WR,SEA,9100,22.9085748982868,2.52,LAC,44312562,10.4872,statline_mc+recal_10_4b,team:BAL
59,WR2,00-0038559,Michael Wilson,WR,ARI,5500,13.3657837341323,2.43,NYG,44312606,8.8736,statline_mc+recal_10_4b,team:BAL
59,WR3,00-0038393,Dontayvion Wicks,WR,PHI,4300,9.95744446516493,2.32,LA,44312644,7.9364,statline_mc+recal_10_4b,team:BAL
59,TE,00-0034753,Mark Andrews,TE,BAL,4200,10.570236939575876,2.52,TEN,44313040,6.9737,statline_mc+recal_10_4b,team:BAL
59,FLEX,00-0038935,Brenton Strange,TE,JAX,3200,8.378125166976574,2.62,CIN,44313056,6.5581,statline_mc+recal_10_4b,team:BAL
60,QB,00-0036442,Joe Burrow,QB,CIN,6800,20.98596828535134,3.09,JAX,44312199,8.1999,statline_mc+recal_10_4b,team:CIN
60,DST,DST_GB,Packers,DST,GB,3200,9.9403580205,3.11,TB,44313313,5.9753,dst_simulated_session_10_4+recal_10_4b,team:CIN
60,RB1,00-0033293,Aaron Jones Sr.,RB,MIN,6000,15.782813018854103,2.63,MIA,44312304,8.9197,statline_mc+recal_10_4b,team:CIN
60,RB2,00-0041027,Jeremiyah Love,RB,ARI,5800,14.307006584667832,2.47,NYG,44312310,8.6727,statline_mc+recal_10_4b,team:CIN
60,WR1,00-0036900,Ja'Marr Chase,WR,CIN,8100,19.298354922883625,2.38,JAX,44312564,9.6232,statline_mc+recal_10_4b,team:CIN
60,WR2,00-0038606,Parker Washington,WR,JAX,6500,16.30992131927916,2.51,CIN,44312586,9.5129,statline_mc+recal_10_4b,team:CIN
60,WR3,00-0040867,Makai Lemon,WR,PHI,4100,8.903661375070648,2.17,LA,44312658,6.9792,statline_mc+recal_10_4b,team:CIN
60,TE,00-0037744,Trey McBride,TE,ARI,6500,16.56205686851521,2.55,NYG,44313020,7.5465,statline_mc+recal_10_4b,team:CIN
60,FLEX,00-0039793,AJ Barner,TE,SEA,3000,7.526452740773325,2.51,LAC,44313066,6.5032,statline_mc+recal_10_4b,team:CIN
61,QB,00-0039163,C.J. Stroud,QB,HOU,5700,18.9809143587984,3.33,DAL,44312209,7.9958,statline_mc+recal_10_4b,team:HOU
61,DST,DST_CHI,Bears,DST,CHI,3000,8.795722801499998,2.93,NYJ,44313315,6.0437,dst_simulated_session_10_4+recal_10_4b,team:HOU
61,RB1,00-0033293,Aaron Jones Sr.,RB,MIN,6000,15.782813018854103,2.63,MIA,44312304,8.9197,statline_mc+recal_10_4b,team:HOU
61,RB2,00-0041027,Jeremiyah Love,RB,ARI,5800,14.307006584667832,2.47,NYG,44312310,8.6727,statline_mc+recal_10_4b,team:HOU
61,WR1,00-0038606,Parker Washington,WR,JAX,6500,16.30992131927916,2.51,CIN,44312586,9.5129,statline_mc+recal_10_4b,team:HOU
61,WR2,00-0036554,Nico Collins,WR,HOU,7200,15.926770743363136,2.21,DAL,44312572,8.855,statline_mc+recal_10_4b,team:HOU
61,WR3,00-0038559,Michael Wilson,WR,ARI,5500,13.3657837341323,2.43,NYG,44312606,8.8736,statline_mc+recal_10_4b,team:HOU
61,TE,00-0035229,T.J. Hockenson,TE,MIN,3300,9.344170522410224,2.83,MIA,44313054,6.6583,statline_mc+recal_10_4b,team:HOU
61,FLEX,00-0039338,Brock Bowers,TE,LV,6900,16.64607031007958,2.41,KC,44313018,7.5407,statline_mc+recal_10_4b,team:HOU
62,QB,00-0039163,C.J. Stroud,QB,HOU,5700,18.9809143587984,3.33,DAL,44312209,7.9958,statline_mc+recal_10_4b,team:HOU
62,DST,DST_GB,Packers,DST,GB,3200,9.9403580205,3.11,TB,44313313,5.9753,dst_simulated_session_10_4+recal_10_4b,team:HOU
62,RB1,00-0038134,Kenneth Walker III,RB,KC,8200,20.597246898041952,2.51,LV,44312278,9.7424,statline_mc+recal_10_4b,team:HOU
62,RB2,00-0033280,Christian McCaffrey,RB,SF,7700,19.64909305842292,2.55,DEN,44312280,9.3833,statline_mc+recal_10_4b,team:HOU
62,WR1,00-0038606,Parker Washington,WR,JAX,6500,16.30992131927916,2.51,CIN,44312586,9.5129,statline_mc+recal_10_4b,team:HOU
62,WR2,00-0036554,Nico Collins,WR,HOU,7200,15.926770743363136,2.21,DAL,44312572,8.855,statline_mc+recal_10_4b,team:HOU
62,WR3,00-0038393,Dontayvion Wicks,WR,PHI,4300,9.95744446516493,2.32,LA,44312644,7.9364,statline_mc+recal_10_4b,team:HOU
62,TE,00-0034753,Mark Andrews,TE,BAL,4200,10.570236939575876,2.52,TEN,44313040,6.9737,statline_mc+recal_10_4b,team:HOU
62,FLEX,00-0039793,AJ Barner,TE,SEA,3000,7.526452740773325,2.51,LAC,44313066,6.5032,statline_mc+recal_10_4b,team:HOU
63,QB,00-0034796,Lamar Jackson,QB,BAL,7300,20.572375358035515,2.82,TEN,44312198,8.1968,statline_mc+recal_10_4b,team:BAL
63,DST,DST_GB,Packers,DST,GB,3200,9.9403580205,3.11,TB,44313313,5.9753,dst_simulated_session_10_4+recal_10_4b,team:BAL
63,RB1,00-0033280,Christian McCaffrey,RB,SF,7700,19.64909305842292,2.55,DEN,44312280,9.3833,statline_mc+recal_10_4b,team:BAL
63,RB2,00-0033293,Aaron Jones Sr.,RB,MIN,6000,15.782813018854103,2.63,MIA,44312304,8.9197,statline_mc+recal_10_4b,team:BAL
63,WR1,00-0037740,Garrett Wilson,WR,NYJ,6800,16.868354560415632,2.48,CHI,44312580,9.1063,statline_mc+recal_10_4b,team:BAL
63,WR2,00-0036410,Tee Higgins,WR,CIN,6100,14.197531906667203,2.33,JAX,44312594,9.1511,statline_mc+recal_10_4b,team:BAL
63,WR3,00-0038559,Michael Wilson,WR,ARI,5500,13.3657837341323,2.43,NYG,44312606,8.8736,statline_mc+recal_10_4b,team:BAL
63,TE,00-0034753,Mark Andrews,TE,BAL,4200,10.570236939575876,2.52,TEN,44313040,6.9737,statline_mc+recal_10_4b,team:BAL
63,FLEX,00-0038935,Brenton Strange,TE,JAX,3200,8.378125166976574,2.62,CIN,44313056,6.5581,statline_mc+recal_10_4b,team:BAL
64,QB,00-0036442,Joe Burrow,QB,CIN,6800,20.98596828535134,3.09,JAX,44312199,8.1999,statline_mc+recal_10_4b,team:CIN
64,DST,DST_ARI,Cardinals,DST,ARI,2500,7.9280392185,3.17,NYG,44313325,5.8716,dst_simulated_session_10_4+recal_10_4b,team:CIN
64,RB1,00-0038134,Kenneth Walker III,RB,KC,8200,20.597246898041952,2.51,LV,44312278,9.7424,statline_mc+recal_10_4b,team:CIN
64,RB2,00-0033293,Aaron Jones Sr.,RB,MIN,6000,15.782813018854103,2.63,MIA,44312304,8.9197,statline_mc+recal_10_4b,team:CIN
64,WR1,00-0038606,Parker Washington,WR,JAX,6500,16.30992131927916,2.51,CIN,44312586,9.5129,statline_mc+recal_10_4b,team:CIN
64,WR2,00-0037247,George Pickens,WR,DAL,6300,14.199322702951967,2.25,HOU,44312590,8.6433,statline_mc+recal_10_4b,team:CIN
64,WR3,00-0036410,Tee Higgins,WR,CIN,6100,14.197531906667203,2.33,JAX,44312594,9.1511,statline_mc+recal_10_4b,team:CIN
64,TE,00-0035229,T.J. Hockenson,TE,MIN,3300,9.344170522410224,2.83,MIA,44313054,6.6583,statline_mc+recal_10_4b,team:CIN
64,FLEX,00-0038393,Dontayvion Wicks,WR,PHI,4300,9.95744446516493,2.32,LA,44312644,7.9364,statline_mc+recal_10_4b,team:CIN
65,QB,00-0034796,Lamar Jackson,QB,BAL,7300,20.572375358035515,2.82,TEN,44312198,8.1968,statline_mc+recal_10_4b,team:BAL
65,DST,DST_MIA,Dolphins,DST,MIA,2000,6.575608431000001,3.29,MIN,44313331,5.7524,dst_simulated_session_10_4+recal_10_4b,team:BAL
65,RB1,00-0038134,Kenneth Walker III,RB,KC,8200,20.597246898041952,2.51,LV,44312278,9.7424,statline_mc+recal_10_4b,team:BAL
65,RB2,00-0038597,Chase Brown,RB,CIN,6100,16.324450515688284,2.68,JAX,44312302,9.0478,statline_mc+recal_10_4b,team:BAL
65,WR1,00-0038543,Jaxon Smith-Njigba,WR,SEA,9100,22.9085748982868,2.52,LAC,44312562,10.4872,statline_mc+recal_10_4b,team:BAL
65,WR2,00-0038559,Michael Wilson,WR,ARI,5500,13.3657837341323,2.43,NYG,44312606,8.8736,statline_mc+recal_10_4b,team:BAL
65,WR3,00-0038393,Dontayvion Wicks,WR,PHI,4300,9.95744446516493,2.32,LA,44312644,7.9364,statline_mc+recal_10_4b,team:BAL
65,TE,00-0034753,Mark Andrews,TE,BAL,4200,10.570236939575876,2.52,TEN,44313040,6.9737,statline_mc+recal_10_4b,team:BAL
65,FLEX,00-0038935,Brenton Strange,TE,JAX,3200,8.378125166976574,2.62,CIN,44313056,6.5581,statline_mc+recal_10_4b,team:BAL
66,QB,00-0034857,Josh Allen,QB,BUF,7700,23.84956469638282,3.1,NE,44312197,8.3406,statline_mc+recal_10_4b,team:BUF
66,DST,DST_GB,Packers,DST,GB,3200,9.9403580205,3.11,TB,44313313,5.9753,dst_simulated_session_10_4+recal_10_4b,team:BUF
66,RB1,00-0038134,Kenneth Walker III,RB,KC,8200,20.597246898041952,2.51,LV,44312278,9.7424,statline_mc+recal_10_4b,team:BUF
66,RB2,00-0033293,Aaron Jones Sr.,RB,MIN,6000,15.782813018854103,2.63,MIA,44312304,8.9197,statline_mc+recal_10_4b,team:BUF
66,WR1,00-0037247,George Pickens,WR,DAL,6300,14.199322702951967,2.25,HOU,44312590,8.6433,statline_mc+recal_10_4b,team:BUF
66,WR2,00-0038559,Michael Wilson,WR,ARI,5500,13.3657837341323,2.43,NYG,44312606,8.8736,statline_mc+recal_10_4b,team:BUF
66,WR3,00-0034827,DJ Moore,WR,BUF,5700,12.546542832719918,2.2,NE,44312602,8.7017,statline_mc+recal_10_4b,team:BUF
66,TE,00-0034753,Mark Andrews,TE,BAL,4200,10.570236939575876,2.52,TEN,44313040,6.9737,statline_mc+recal_10_4b,team:BUF
66,FLEX,00-0038935,Brenton Strange,TE,JAX,3200,8.378125166976574,2.62,CIN,44313056,6.5581,statline_mc+recal_10_4b,team:BUF
67,QB,00-0036442,Joe Burrow,QB,CIN,6800,20.98596828535134,3.09,JAX,44312199,8.1999,statline_mc+recal_10_4b,team:CIN
67,DST,DST_CHI,Bears,DST,CHI,3000,8.795722801499998,2.93,NYJ,44313315,6.0437,dst_simulated_session_10_4+recal_10_4b,team:CIN
67,RB1,00-0038597,Chase Brown,RB,CIN,6100,16.324450515688284,2.68,JAX,44312302,9.0478,statline_mc+recal_10_4b,team:CIN
67,RB2,00-0033293,Aaron Jones Sr.,RB,MIN,6000,15.782813018854103,2.63,MIA,44312304,8.9197,statline_mc+recal_10_4b,team:CIN
67,WR1,00-0036900,Ja'Marr Chase,WR,CIN,8100,19.298354922883625,2.38,JAX,44312564,9.6232,statline_mc+recal_10_4b,team:CIN
67,WR2,00-0037247,George Pickens,WR,DAL,6300,14.199322702951967,2.25,HOU,44312590,8.6433,statline_mc+recal_10_4b,team:CIN
67,WR3,00-0033555,Mack Hollins,WR,NE,4000,8.817689247731257,2.2,BUF,44312664,7.7248,statline_mc+recal_10_4b,team:CIN
67,TE,00-0037744,Trey McBride,TE,ARI,6500,16.56205686851521,2.55,NYG,44313020,7.5465,statline_mc+recal_10_4b,team:CIN
67,FLEX,00-0038935,Brenton Strange,TE,JAX,3200,8.378125166976574,2.62,CIN,44313056,6.5581,statline_mc+recal_10_4b,team:CIN
68,QB,00-0039163,C.J. Stroud,QB,HOU,5700,18.9809143587984,3.33,DAL,44312209,7.9958,statline_mc+recal_10_4b,team:HOU
68,DST,DST_CHI,Bears,DST,CHI,3000,8.795722801499998,2.93,NYJ,44313315,6.0437,dst_simulated_session_10_4+recal_10_4b,team:HOU
68,RB1,00-0038134,Kenneth Walker III,RB,KC,8200,20.597246898041952,2.51,LV,44312278,9.7424,statline_mc+recal_10_4b,team:HOU
68,RB2,00-0038597,Chase Brown,RB,CIN,6100,16.324450515688284,2.68,JAX,44312302,9.0478,statline_mc+recal_10_4b,team:HOU
68,WR1,00-0036900,Ja'Marr Chase,WR,CIN,8100,19.298354922883625,2.38,JAX,44312564,9.6232,statline_mc+recal_10_4b,team:HOU
68,WR2,00-0036554,Nico Collins,WR,HOU,7200,15.926770743363136,2.21,DAL,44312572,8.855,statline_mc+recal_10_4b,team:HOU
68,WR3,00-0040735,Luther Burden III,WR,CHI,5200,11.356332138667982,2.18,NYJ,44312612,8.2754,statline_mc+recal_10_4b,team:HOU
68,TE,00-0038935,Brenton Strange,TE,JAX,3200,8.378125166976574,2.62,CIN,44313056,6.5581,statline_mc+recal_10_4b,team:HOU
68,FLEX,00-0035229,T.J. Hockenson,TE,MIN,3300,9.344170522410224,2.83,MIA,44313054,6.6583,statline_mc+recal_10_4b,team:HOU
69,QB,00-0034857,Josh Allen,QB,BUF,7700,23.84956469638282,3.1,NE,44312197,8.3406,statline_mc+recal_10_4b,team:BUF
69,DST,DST_MIA,Dolphins,DST,MIA,2000,6.575608431000001,3.29,MIN,44313331,5.7524,dst_simulated_session_10_4+recal_10_4b,team:BUF
69,RB1,00-0033280,Christian McCaffrey,RB,SF,7700,19.64909305842292,2.55,DEN,44312280,9.3833,statline_mc+recal_10_4b,team:BUF
69,RB2,00-0041027,Jeremiyah Love,RB,ARI,5800,14.307006584667832,2.47,NYG,44312310,8.6727,statline_mc+recal_10_4b,team:BUF
69,WR1,00-0036900,Ja'Marr Chase,WR,CIN,8100,19.298354922883625,2.38,JAX,44312564,9.6232,statline_mc+recal_10_4b,team:BUF
69,WR2,00-0037740,Garrett Wilson,WR,NYJ,6800,16.868354560415632,2.48,CHI,44312580,9.1063,statline_mc+recal_10_4b,team:BUF
69,WR3,00-0034827,DJ Moore,WR,BUF,5700,12.546542832719918,2.2,NE,44312602,8.7017,statline_mc+recal_10_4b,team:BUF
69,TE,00-0038935,Brenton Strange,TE,JAX,3200,8.378125166976574,2.62,CIN,44313056,6.5581,statline_mc+recal_10_4b,team:BUF
69,FLEX,00-0039793,AJ Barner,TE,SEA,3000,7.526452740773325,2.51,LAC,44313066,6.5032,statline_mc+recal_10_4b,team:BUF
70,QB,00-0039163,C.J. Stroud,QB,HOU,5700,18.9809143587984,3.33,DAL,44312209,7.9958,statline_mc+recal_10_4b,team:HOU
70,DST,DST_GB,Packers,DST,GB,3200,9.9403580205,3.11,TB,44313313,5.9753,dst_simulated_session_10_4+recal_10_4b,team:HOU
70,RB1,00-0033293,Aaron Jones Sr.,RB,MIN,6000,15.782813018854103,2.63,MIA,44312304,8.9197,statline_mc+recal_10_4b,team:HOU
70,RB2,00-0041027,Jeremiyah Love,RB,ARI,5800,14.307006584667832,2.47,NYG,44312310,8.6727,statline_mc+recal_10_4b,team:HOU
70,WR1,00-0036554,Nico Collins,WR,HOU,7200,15.926770743363136,2.21,DAL,44312572,8.855,statline_mc+recal_10_4b,team:HOU
70,WR2,00-0038393,Dontayvion Wicks,WR,PHI,4300,9.95744446516493,2.32,LA,44312644,7.9364,statline_mc+recal_10_4b,team:HOU
70,WR3,00-0032464,Kalif Raymond,WR,CHI,3600,7.843467379217994,2.18,NYJ,44312686,7.5141,statline_mc+recal_10_4b,team:HOU
70,TE,00-0037744,Trey McBride,TE,ARI,6500,16.56205686851521,2.55,NYG,44313020,7.5465,statline_mc+recal_10_4b,team:HOU
70,FLEX,00-0033280,Christian McCaffrey,RB,SF,7700,19.64909305842292,2.55,DEN,44312280,9.3833,statline_mc+recal_10_4b,team:HOU
71,QB,00-0034857,Josh Allen,QB,BUF,7700,23.84956469638282,3.1,NE,44312197,8.3406,statline_mc+recal_10_4b,team:BUF
71,DST,DST_CHI,Bears,DST,CHI,3000,8.795722801499998,2.93,NYJ,44313315,6.0437,dst_simulated_session_10_4+recal_10_4b,team:BUF
71,RB1,00-0033280,Christian McCaffrey,RB,SF,7700,19.64909305842292,2.55,DEN,44312280,9.3833,statline_mc+recal_10_4b,team:BUF
71,RB2,00-0041027,Jeremiyah Love,RB,ARI,5800,14.307006584667832,2.47,NYG,44312310,8.6727,statline_mc+recal_10_4b,team:BUF
71,WR1,00-0038543,Jaxon Smith-Njigba,WR,SEA,9100,22.9085748982868,2.52,LAC,44312562,10.4872,statline_mc+recal_10_4b,team:BUF
71,WR2,00-0034827,DJ Moore,WR,BUF,5700,12.546542832719918,2.2,NE,44312602,8.7017,statline_mc+recal_10_4b,team:BUF
71,WR3,00-0032464,Kalif Raymond,WR,CHI,3600,7.843467379217994,2.18,NYJ,44312686,7.5141,statline_mc+recal_10_4b,team:BUF
71,TE,00-0034753,Mark Andrews,TE,BAL,4200,10.570236939575876,2.52,TEN,44313040,6.9737,statline_mc+recal_10_4b,team:BUF
71,FLEX,00-0038935,Brenton Strange,TE,JAX,3200,8.378125166976574,2.62,CIN,44313056,6.5581,statline_mc+recal_10_4b,team:BUF
72,QB,00-0036442,Joe Burrow,QB,CIN,6800,20.98596828535134,3.09,JAX,44312199,8.1999,statline_mc+recal_10_4b,team:CIN
72,DST,DST_ARI,Cardinals,DST,ARI,2500,7.9280392185,3.17,NYG,44313325,5.8716,dst_simulated_session_10_4+recal_10_4b,team:CIN
72,RB1,00-0038134,Kenneth Walker III,RB,KC,8200,20.597246898041952,2.51,LV,44312278,9.7424,statline_mc+recal_10_4b,team:CIN
72,RB2,00-0033280,Christian McCaffrey,RB,SF,7700,19.64909305842292,2.55,DEN,44312280,9.3833,statline_mc+recal_10_4b,team:CIN
72,WR1,00-0036900,Ja'Marr Chase,WR,CIN,8100,19.298354922883625,2.38,JAX,44312564,9.6232,statline_mc+recal_10_4b,team:CIN
72,WR2,00-0038994,Jordan Addison,WR,MIN,5300,12.620114839569617,2.38,MIA,44312610,8.6649,statline_mc+recal_10_4b,team:CIN
72,WR3,00-0033555,Mack Hollins,WR,NE,4000,8.817689247731257,2.2,BUF,44312664,7.7248,statline_mc+recal_10_4b,team:CIN
72,TE,00-0034753,Mark Andrews,TE,BAL,4200,10.570236939575876,2.52,TEN,44313040,6.9737,statline_mc+recal_10_4b,team:CIN
72,FLEX,00-0038935,Brenton Strange,TE,JAX,3200,8.378125166976574,2.62,CIN,44313056,6.5581,statline_mc+recal_10_4b,team:CIN
73,QB,00-0036442,Joe Burrow,QB,CIN,6800,20.98596828535134,3.09,JAX,44312199,8.1999,statline_mc+recal_10_4b,team:CIN
73,DST,DST_ARI,Cardinals,DST,ARI,2500,7.9280392185,3.17,NYG,44313325,5.8716,dst_simulated_session_10_4+recal_10_4b,team:CIN
73,RB1,00-0033280,Christian McCaffrey,RB,SF,7700,19.64909305842292,2.55,DEN,44312280,9.3833,statline_mc+recal_10_4b,team:CIN
73,RB2,00-0041027,Jeremiyah Love,RB,ARI,5800,14.307006584667832,2.47,NYG,44312310,8.6727,statline_mc+recal_10_4b,team:CIN
73,WR1,00-0038543,Jaxon Smith-Njigba,WR,SEA,9100,22.9085748982868,2.52,LAC,44312562,10.4872,statline_mc+recal_10_4b,team:CIN
73,WR2,00-0038606,Parker Washington,WR,JAX,6500,16.30992131927916,2.51,CIN,44312586,9.5129,statline_mc+recal_10_4b,team:CIN
73,WR3,00-0040867,Makai Lemon,WR,PHI,4100,8.903661375070648,2.17,LA,44312658,6.9792,statline_mc+recal_10_4b,team:CIN
73,TE,00-0034753,Mark Andrews,TE,BAL,4200,10.570236939575876,2.52,TEN,44313040,6.9737,statline_mc+recal_10_4b,team:CIN
73,FLEX,00-0034829,Mike Gesicki,TE,CIN,3300,7.224824502370232,2.19,JAX,44313052,6.5137,statline_mc+recal_10_4b,team:CIN
74,QB,00-0034857,Josh Allen,QB,BUF,7700,23.84956469638282,3.1,NE,44312197,8.3406,statline_mc+recal_10_4b,team:BUF
74,DST,DST_GB,Packers,DST,GB,3200,9.9403580205,3.11,TB,44313313,5.9753,dst_simulated_session_10_4+recal_10_4b,team:BUF
74,RB1,00-0038597,Chase Brown,RB,CIN,6100,16.324450515688284,2.68,JAX,44312302,9.0478,statline_mc+recal_10_4b,team:BUF
74,RB2,00-0041027,Jeremiyah Love,RB,ARI,5800,14.307006584667832,2.47,NYG,44312310,8.6727,statline_mc+recal_10_4b,team:BUF
74,WR1,00-0038606,Parker Washington,WR,JAX,6500,16.30992131927916,2.51,CIN,44312586,9.5129,statline_mc+recal_10_4b,team:BUF
74,WR2,00-0036410,Tee Higgins,WR,CIN,6100,14.197531906667203,2.33,JAX,44312594,9.1511,statline_mc+recal_10_4b,team:BUF
74,WR3,00-0037261,Khalil Shakir,WR,BUF,4700,9.625068464468155,2.05,NE,44312630,7.8411,statline_mc+recal_10_4b,team:BUF
74,TE,00-0039793,AJ Barner,TE,SEA,3000,7.526452740773325,2.51,LAC,44313066,6.5032,statline_mc+recal_10_4b,team:BUF
74,FLEX,00-0039338,Brock Bowers,TE,LV,6900,16.64607031007958,2.41,KC,44313018,7.5407,statline_mc+recal_10_4b,team:BUF
75,QB,00-0034796,Lamar Jackson,QB,BAL,7300,20.572375358035515,2.82,TEN,44312198,8.1968,statline_mc+recal_10_4b,team:BAL
75,DST,DST_GB,Packers,DST,GB,3200,9.9403580205,3.11,TB,44313313,5.9753,dst_simulated_session_10_4+recal_10_4b,team:BAL
75,RB1,00-0033280,Christian McCaffrey,RB,SF,7700,19.64909305842292,2.55,DEN,44312280,9.3833,statline_mc+recal_10_4b,team:BAL
75,RB2,00-0041027,Jeremiyah Love,RB,ARI,5800,14.307006584667832,2.47,NYG,44312310,8.6727,statline_mc+recal_10_4b,team:BAL
75,WR1,00-0038543,Jaxon Smith-Njigba,WR,SEA,9100,22.9085748982868,2.52,LAC,44312562,10.4872,statline_mc+recal_10_4b,team:BAL
75,WR2,00-0038559,Michael Wilson,WR,ARI,5500,13.3657837341323,2.43,NYG,44312606,8.8736,statline_mc+recal_10_4b,team:BAL
75,WR3,00-0033555,Mack Hollins,WR,NE,4000,8.817689247731257,2.2,BUF,44312664,7.7248,statline_mc+recal_10_4b,team:BAL
75,TE,00-0034753,Mark Andrews,TE,BAL,4200,10.570236939575876,2.52,TEN,44313040,6.9737,statline_mc+recal_10_4b,team:BAL
75,FLEX,00-0038935,Brenton Strange,TE,JAX,3200,8.378125166976574,2.62,CIN,44313056,6.5581,statline_mc+recal_10_4b,team:BAL
76,QB,00-0036442,Joe Burrow,QB,CIN,6800,20.98596828535134,3.09,JAX,44312199,8.1999,statline_mc+recal_10_4b,team:CIN
76,DST,DST_GB,Packers,DST,GB,3200,9.9403580205,3.11,TB,44313313,5.9753,dst_simulated_session_10_4+recal_10_4b,team:CIN
76,RB1,00-0038134,Kenneth Walker III,RB,KC,8200,20.597246898041952,2.51,LV,44312278,9.7424,statline_mc+recal_10_4b,team:CIN
76,RB2,00-0033280,Christian McCaffrey,RB,SF,7700,19.64909305842292,2.55,DEN,44312280,9.3833,statline_mc+recal_10_4b,team:CIN
76,WR1,00-0038606,Parker Washington,WR,JAX,6500,16.30992131927916,2.51,CIN,44312586,9.5129,statline_mc+recal_10_4b,team:CIN
76,WR2,00-0036410,Tee Higgins,WR,CIN,6100,14.197531906667203,2.33,JAX,44312594,9.1511,statline_mc+recal_10_4b,team:CIN
76,WR3,00-0039880,Malik Washington,WR,MIA,4400,9.530596099444493,2.17,MIN,44312642,7.5453,statline_mc+recal_10_4b,team:CIN
76,TE,00-0041032,Kenyon Sadiq,TE,NYJ,4000,9.75675967632816,2.44,CHI,44313042,6.7536,statline_mc+recal_10_4b,team:CIN
76,FLEX,00-0039793,AJ Barner,TE,SEA,3000,7.526452740773325,2.51,LAC,44313066,6.5032,statline_mc+recal_10_4b,team:CIN
77,QB,00-0034796,Lamar Jackson,QB,BAL,7300,20.572375358035515,2.82,TEN,44312198,8.1968,statline_mc+recal_10_4b,team:BAL
77,DST,DST_ARI,Cardinals,DST,ARI,2500,7.9280392185,3.17,NYG,44313325,5.8716,dst_simulated_session_10_4+recal_10_4b,team:BAL
77,RB1,00-0033280,Christian McCaffrey,RB,SF,7700,19.64909305842292,2.55,DEN,44312280,9.3833,statline_mc+recal_10_4b,team:BAL
77,RB2,00-0038597,Chase Brown,RB,CIN,6100,16.324450515688284,2.68,JAX,44312302,9.0478,statline_mc+recal_10_4b,team:BAL
77,WR1,00-0036900,Ja'Marr Chase,WR,CIN,8100,19.298354922883625,2.38,JAX,44312564,9.6232,statline_mc+recal_10_4b,team:BAL
77,WR2,00-0037740,Garrett Wilson,WR,NYJ,6800,16.868354560415632,2.48,CHI,44312580,9.1063,statline_mc+recal_10_4b,team:BAL
77,WR3,00-0040867,Makai Lemon,WR,PHI,4100,8.903661375070648,2.17,LA,44312658,6.9792,statline_mc+recal_10_4b,team:BAL
77,TE,00-0034753,Mark Andrews,TE,BAL,4200,10.570236939575876,2.52,TEN,44313040,6.9737,statline_mc+recal_10_4b,team:BAL
77,FLEX,00-0038935,Brenton Strange,TE,JAX,3200,8.378125166976574,2.62,CIN,44313056,6.5581,statline_mc+recal_10_4b,team:BAL
78,QB,00-0039163,C.J. Stroud,QB,HOU,5700,18.9809143587984,3.33,DAL,44312209,7.9958,statline_mc+recal_10_4b,team:HOU
78,DST,DST_ARI,Cardinals,DST,ARI,2500,7.9280392185,3.17,NYG,44313325,5.8716,dst_simulated_session_10_4+recal_10_4b,team:HOU
78,RB1,00-0038134,Kenneth Walker III,RB,KC,8200,20.597246898041952,2.51,LV,44312278,9.7424,statline_mc+recal_10_4b,team:HOU
78,RB2,00-0033280,Christian McCaffrey,RB,SF,7700,19.64909305842292,2.55,DEN,44312280,9.3833,statline_mc+recal_10_4b,team:HOU
78,WR1,00-0036554,Nico Collins,WR,HOU,7200,15.926770743363136,2.21,DAL,44312572,8.855,statline_mc+recal_10_4b,team:HOU
78,WR2,00-0038994,Jordan Addison,WR,MIN,5300,12.620114839569617,2.38,MIA,44312610,8.6649,statline_mc+recal_10_4b,team:HOU
78,WR3,00-0032464,Kalif Raymond,WR,CHI,3600,7.843467379217994,2.18,NYJ,44312686,7.5141,statline_mc+recal_10_4b,team:HOU
78,TE,00-0037744,Trey McBride,TE,ARI,6500,16.56205686851521,2.55,NYG,44313020,7.5465,statline_mc+recal_10_4b,team:HOU
78,FLEX,00-0038935,Brenton Strange,TE,JAX,3200,8.378125166976574,2.62,CIN,44313056,6.5581,statline_mc+recal_10_4b,team:HOU
79,QB,00-0034857,Josh Allen,QB,BUF,7700,23.84956469638282,3.1,NE,44312197,8.3406,statline_mc+recal_10_4b,team:BUF
79,DST,DST_GB,Packers,DST,GB,3200,9.9403580205,3.11,TB,44313313,5.9753,dst_simulated_session_10_4+recal_10_4b,team:BUF
79,RB1,00-0040122,Ashton Jeanty,RB,LV,7100,16.438802404371057,2.32,KC,44312284,8.771,statline_mc+recal_10_4b,team:BUF
79,RB2,00-0041027,Jeremiyah Love,RB,ARI,5800,14.307006584667832,2.47,NYG,44312310,8.6727,statline_mc+recal_10_4b,team:BUF
79,WR1,00-0037740,Garrett Wilson,WR,NYJ,6800,16.868354560415632,2.48,CHI,44312580,9.1063,statline_mc+recal_10_4b,team:BUF
79,WR2,00-0038606,Parker Washington,WR,JAX,6500,16.30992131927916,2.51,CIN,44312586,9.5129,statline_mc+recal_10_4b,team:BUF
79,WR3,00-0034827,DJ Moore,WR,BUF,5700,12.546542832719918,2.2,NE,44312602,8.7017,statline_mc+recal_10_4b,team:BUF
79,TE,00-0034753,Mark Andrews,TE,BAL,4200,10.570236939575876,2.52,TEN,44313040,6.9737,statline_mc+recal_10_4b,team:BUF
79,FLEX,00-0039793,AJ Barner,TE,SEA,3000,7.526452740773325,2.51,LAC,44313066,6.5032,statline_mc+recal_10_4b,team:BUF
80,QB,00-0036442,Joe Burrow,QB,CIN,6800,20.98596828535134,3.09,JAX,44312199,8.1999,statline_mc+recal_10_4b,team:CIN
80,DST,DST_GB,Packers,DST,GB,3200,9.9403580205,3.11,TB,44313313,5.9753,dst_simulated_session_10_4+recal_10_4b,team:CIN
80,RB1,00-0033280,Christian McCaffrey,RB,SF,7700,19.64909305842292,2.55,DEN,44312280,9.3833,statline_mc+recal_10_4b,team:CIN
80,RB2,00-0037248,James Cook III,RB,BUF,7400,17.14378931015013,2.32,NE,44312282,9.5288,statline_mc+recal_10_4b,team:CIN
80,WR1,00-0037740,Garrett Wilson,WR,NYJ,6800,16.868354560415632,2.48,CHI,44312580,9.1063,statline_mc+recal_10_4b,team:CIN
80,WR2,00-0038606,Parker Washington,WR,JAX,6500,16.30992131927916,2.51,CIN,44312586,9.5129,statline_mc+recal_10_4b,team:CIN
80,WR3,00-0038994,Jordan Addison,WR,MIN,5300,12.620114839569617,2.38,MIA,44312610,8.6649,statline_mc+recal_10_4b,team:CIN
80,TE,00-0034829,Mike Gesicki,TE,CIN,3300,7.224824502370232,2.19,JAX,44313052,6.5137,statline_mc+recal_10_4b,team:CIN
80,FLEX,00-0039793,AJ Barner,TE,SEA,3000,7.526452740773325,2.51,LAC,44313066,6.5032,statline_mc+recal_10_4b,team:CIN
81,QB,00-0036442,Joe Burrow,QB,CIN,6800,20.98596828535134,3.09,JAX,44312199,8.1999,statline_mc+recal_10_4b,team:CIN
81,DST,DST_CHI,Bears,DST,CHI,3000,8.795722801499998,2.93,NYJ,44313315,6.0437,dst_simulated_session_10_4+recal_10_4b,team:CIN
81,RB1,00-0033293,Aaron Jones Sr.,RB,MIN,6000,15.782813018854103,2.63,MIA,44312304,8.9197,statline_mc+recal_10_4b,team:CIN
81,RB2,00-0041027,Jeremiyah Love,RB,ARI,5800,14.307006584667832,2.47,NYG,44312310,8.6727,statline_mc+recal_10_4b,team:CIN
81,WR1,00-0039064,Zay Flowers,WR,BAL,6900,15.65844247236442,2.27,TEN,44312578,9.1327,statline_mc+recal_10_4b,team:CIN
81,WR2,00-0036410,Tee Higgins,WR,CIN,6100,14.197531906667203,2.33,JAX,44312594,9.1511,statline_mc+recal_10_4b,team:CIN
81,WR3,00-0039880,Malik Washington,WR,MIA,4400,9.530596099444493,2.17,MIN,44312642,7.5453,statline_mc+recal_10_4b,team:CIN
81,TE,00-0035229,T.J. Hockenson,TE,MIN,3300,9.344170522410224,2.83,MIA,44313054,6.6583,statline_mc+recal_10_4b,team:CIN
81,FLEX,00-0033280,Christian McCaffrey,RB,SF,7700,19.64909305842292,2.55,DEN,44312280,9.3833,statline_mc+recal_10_4b,team:CIN
82,QB,00-0034857,Josh Allen,QB,BUF,7700,23.84956469638282,3.1,NE,44312197,8.3406,statline_mc+recal_10_4b,team:BUF
82,DST,DST_CHI,Bears,DST,CHI,3000,8.795722801499998,2.93,NYJ,44313315,6.0437,dst_simulated_session_10_4+recal_10_4b,team:BUF
82,RB1,00-0032764,Derrick Henry,RB,BAL,8400,19.39702933254887,2.31,TEN,44312276,9.9672,statline_mc+recal_10_4b,team:BUF
82,RB2,00-0033293,Aaron Jones Sr.,RB,MIN,6000,15.782813018854103,2.63,MIA,44312304,8.9197,statline_mc+recal_10_4b,team:BUF
82,WR1,00-0038606,Parker Washington,WR,JAX,6500,16.30992131927916,2.51,CIN,44312586,9.5129,statline_mc+recal_10_4b,team:BUF
82,WR2,00-0038559,Michael Wilson,WR,ARI,5500,13.3657837341323,2.43,NYG,44312606,8.8736,statline_mc+recal_10_4b,team:BUF
82,WR3,00-0034827,DJ Moore,WR,BUF,5700,12.546542832719918,2.2,NE,44312602,8.7017,statline_mc+recal_10_4b,team:BUF
82,TE,00-0034753,Mark Andrews,TE,BAL,4200,10.570236939575876,2.52,TEN,44313040,6.9737,statline_mc+recal_10_4b,team:BUF
82,FLEX,00-0039793,AJ Barner,TE,SEA,3000,7.526452740773325,2.51,LAC,44313066,6.5032,statline_mc+recal_10_4b,team:BUF
83,QB,00-0036442,Joe Burrow,QB,CIN,6800,20.98596828535134,3.09,JAX,44312199,8.1999,statline_mc+recal_10_4b,team:CIN
83,DST,DST_MIA,Dolphins,DST,MIA,2000,6.575608431000001,3.29,MIN,44313331,5.7524,dst_simulated_session_10_4+recal_10_4b,team:CIN
83,RB1,00-0038134,Kenneth Walker III,RB,KC,8200,20.597246898041952,2.51,LV,44312278,9.7424,statline_mc+recal_10_4b,team:CIN
83,RB2,00-0033280,Christian McCaffrey,RB,SF,7700,19.64909305842292,2.55,DEN,44312280,9.3833,statline_mc+recal_10_4b,team:CIN
83,WR1,00-0036900,Ja'Marr Chase,WR,CIN,8100,19.298354922883625,2.38,JAX,44312564,9.6232,statline_mc+recal_10_4b,team:CIN
83,WR2,00-0037740,Garrett Wilson,WR,NYJ,6800,16.868354560415632,2.48,CHI,44312580,9.1063,statline_mc+recal_10_4b,team:CIN
83,WR3,00-0040867,Makai Lemon,WR,PHI,4100,8.903661375070648,2.17,LA,44312658,6.9792,statline_mc+recal_10_4b,team:CIN
83,TE,00-0038935,Brenton Strange,TE,JAX,3200,8.378125166976574,2.62,CIN,44313056,6.5581,statline_mc+recal_10_4b,team:CIN
83,FLEX,00-0033110,Tyler Higbee,TE,LA,3100,6.814385294879287,2.2,PHI,44313062,6.0729,statline_mc+recal_10_4b,team:CIN
84,QB,00-0033873,Patrick Mahomes,QB,KC,6500,19.8813396870808,3.06,LV,44312202,8.1759,statline_mc+recal_10_4b,team:KC
84,DST,DST_CHI,Bears,DST,CHI,3000,8.795722801499998,2.93,NYJ,44313315,6.0437,dst_simulated_session_10_4+recal_10_4b,team:KC
84,RB1,00-0033293,Aaron Jones Sr.,RB,MIN,6000,15.782813018854103,2.63,MIA,44312304,8.9197,statline_mc+recal_10_4b,team:KC
84,RB2,00-0041027,Jeremiyah Love,RB,ARI,5800,14.307006584667832,2.47,NYG,44312310,8.6727,statline_mc+recal_10_4b,team:KC
84,WR1,00-0038606,Parker Washington,WR,JAX,6500,16.30992131927916,2.51,CIN,44312586,9.5129,statline_mc+recal_10_4b,team:KC
84,WR2,00-0036410,Tee Higgins,WR,CIN,6100,14.197531906667203,2.33,JAX,44312594,9.1511,statline_mc+recal_10_4b,team:KC
84,WR3,00-0039894,Xavier Worthy,WR,KC,4600,8.789412812194975,1.91,LV,44312632,7.4803,statline_mc+recal_10_4b,team:KC
84,TE,00-0035229,T.J. Hockenson,TE,MIN,3300,9.344170522410224,2.83,MIA,44313054,6.6583,statline_mc+recal_10_4b,team:KC
84,FLEX,00-0038134,Kenneth Walker III,RB,KC,8200,20.597246898041952,2.51,LV,44312278,9.7424,statline_mc+recal_10_4b,team:KC
85,QB,00-0039163,C.J. Stroud,QB,HOU,5700,18.9809143587984,3.33,DAL,44312209,7.9958,statline_mc+recal_10_4b,team:HOU
85,DST,DST_GB,Packers,DST,GB,3200,9.9403580205,3.11,TB,44313313,5.9753,dst_simulated_session_10_4+recal_10_4b,team:HOU
85,RB1,00-0038134,Kenneth Walker III,RB,KC,8200,20.597246898041952,2.51,LV,44312278,9.7424,statline_mc+recal_10_4b,team:HOU
85,RB2,00-0041027,Jeremiyah Love,RB,ARI,5800,14.307006584667832,2.47,NYG,44312310,8.6727,statline_mc+recal_10_4b,team:HOU
85,WR1,00-0036900,Ja'Marr Chase,WR,CIN,8100,19.298354922883625,2.38,JAX,44312564,9.6232,statline_mc+recal_10_4b,team:HOU
85,WR2,00-0036554,Nico Collins,WR,HOU,7200,15.926770743363136,2.21,DAL,44312572,8.855,statline_mc+recal_10_4b,team:HOU
85,WR3,00-0038393,Dontayvion Wicks,WR,PHI,4300,9.95744446516493,2.32,LA,44312644,7.9364,statline_mc+recal_10_4b,team:HOU
85,TE,00-0034753,Mark Andrews,TE,BAL,4200,10.570236939575876,2.52,TEN,44313040,6.9737,statline_mc+recal_10_4b,team:HOU
85,FLEX,00-0038935,Brenton Strange,TE,JAX,3200,8.378125166976574,2.62,CIN,44313056,6.5581,statline_mc+recal_10_4b,team:HOU
86,QB,00-0034796,Lamar Jackson,QB,BAL,7300,20.572375358035515,2.82,TEN,44312198,8.1968,statline_mc+recal_10_4b,team:BAL
86,DST,DST_ARI,Cardinals,DST,ARI,2500,7.9280392185,3.17,NYG,44313325,5.8716,dst_simulated_session_10_4+recal_10_4b,team:BAL
86,RB1,00-0033293,Aaron Jones Sr.,RB,MIN,6000,15.782813018854103,2.63,MIA,44312304,8.9197,statline_mc+recal_10_4b,team:BAL
86,RB2,00-0041027,Jeremiyah Love,RB,ARI,5800,14.307006584667832,2.47,NYG,44312310,8.6727,statline_mc+recal_10_4b,team:BAL
86,WR1,00-0036900,Ja'Marr Chase,WR,CIN,8100,19.298354922883625,2.38,JAX,44312564,9.6232,statline_mc+recal_10_4b,team:BAL
86,WR2,00-0038606,Parker Washington,WR,JAX,6500,16.30992131927916,2.51,CIN,44312586,9.5129,statline_mc+recal_10_4b,team:BAL
86,WR3,00-0038559,Michael Wilson,WR,ARI,5500,13.3657837341323,2.43,NYG,44312606,8.8736,statline_mc+recal_10_4b,team:BAL
86,TE,00-0034753,Mark Andrews,TE,BAL,4200,10.570236939575876,2.52,TEN,44313040,6.9737,statline_mc+recal_10_4b,team:BAL
86,FLEX,00-0041032,Kenyon Sadiq,TE,NYJ,4000,9.75675967632816,2.44,CHI,44313042,6.7536,statline_mc+recal_10_4b,team:BAL
87,QB,00-0036442,Joe Burrow,QB,CIN,6800,20.98596828535134,3.09,JAX,44312199,8.1999,statline_mc+recal_10_4b,team:CIN
87,DST,DST_CHI,Bears,DST,CHI,3000,8.795722801499998,2.93,NYJ,44313315,6.0437,dst_simulated_session_10_4+recal_10_4b,team:CIN
87,RB1,00-0033293,Aaron Jones Sr.,RB,MIN,6000,15.782813018854103,2.63,MIA,44312304,8.9197,statline_mc+recal_10_4b,team:CIN
87,RB2,00-0041027,Jeremiyah Love,RB,ARI,5800,14.307006584667832,2.47,NYG,44312310,8.6727,statline_mc+recal_10_4b,team:CIN
87,WR1,00-0036900,Ja'Marr Chase,WR,CIN,8100,19.298354922883625,2.38,JAX,44312564,9.6232,statline_mc+recal_10_4b,team:CIN
87,WR2,00-0038606,Parker Washington,WR,JAX,6500,16.30992131927916,2.51,CIN,44312586,9.5129,statline_mc+recal_10_4b,team:CIN
87,WR3,00-0040667,Matthew Golden,WR,GB,5400,12.063031140419078,2.23,TB,44312608,8.2705,statline_mc+recal_10_4b,team:CIN
87,TE,00-0039793,AJ Barner,TE,SEA,3000,7.526452740773325,2.51,LAC,44313066,6.5032,statline_mc+recal_10_4b,team:CIN
87,FLEX,00-0038994,Jordan Addison,WR,MIN,5300,12.620114839569617,2.38,MIA,44312610,8.6649,statline_mc+recal_10_4b,team:CIN
88,QB,00-0034857,Josh Allen,QB,BUF,7700,23.84956469638282,3.1,NE,44312197,8.3406,statline_mc+recal_10_4b,team:BUF
88,DST,DST_CHI,Bears,DST,CHI,3000,8.795722801499998,2.93,NYJ,44313315,6.0437,dst_simulated_session_10_4+recal_10_4b,team:BUF
88,RB1,00-0038597,Chase Brown,RB,CIN,6100,16.324450515688284,2.68,JAX,44312302,9.0478,statline_mc+recal_10_4b,team:BUF
88,RB2,00-0041027,Jeremiyah Love,RB,ARI,5800,14.307006584667832,2.47,NYG,44312310,8.6727,statline_mc+recal_10_4b,team:BUF
88,WR1,00-0038124,Christian Watson,WR,GB,6700,14.58202508877467,2.18,TB,44312582,8.8836,statline_mc+recal_10_4b,team:BUF
88,WR2,00-0034827,DJ Moore,WR,BUF,5700,12.546542832719918,2.2,NE,44312602,8.7017,statline_mc+recal_10_4b,team:BUF
88,WR3,00-0040735,Luther Burden III,WR,CHI,5200,11.356332138667982,2.18,NYJ,44312612,8.2754,statline_mc+recal_10_4b,team:BUF
88,TE,00-0037744,Trey McBride,TE,ARI,6500,16.56205686851521,2.55,NYG,44313020,7.5465,statline_mc+recal_10_4b,team:BUF
88,FLEX,00-0035229,T.J. Hockenson,TE,MIN,3300,9.344170522410224,2.83,MIA,44313054,6.6583,statline_mc+recal_10_4b,team:BUF
89,QB,00-0034857,Josh Allen,QB,BUF,7700,23.84956469638282,3.1,NE,44312197,8.3406,statline_mc+recal_10_4b,team:BUF
89,DST,DST_CHI,Bears,DST,CHI,3000,8.795722801499998,2.93,NYJ,44313315,6.0437,dst_simulated_session_10_4+recal_10_4b,team:BUF
89,RB1,00-0038134,Kenneth Walker III,RB,KC,8200,20.597246898041952,2.51,LV,44312278,9.7424,statline_mc+recal_10_4b,team:BUF
89,RB2,00-0041027,Jeremiyah Love,RB,ARI,5800,14.307006584667832,2.47,NYG,44312310,8.6727,statline_mc+recal_10_4b,team:BUF
89,WR1,00-0038606,Parker Washington,WR,JAX,6500,16.30992131927916,2.51,CIN,44312586,9.5129,statline_mc+recal_10_4b,team:BUF
89,WR2,00-0038559,Michael Wilson,WR,ARI,5500,13.3657837341323,2.43,NYG,44312606,8.8736,statline_mc+recal_10_4b,team:BUF
89,WR3,00-0034827,DJ Moore,WR,BUF,5700,12.546542832719918,2.2,NE,44312602,8.7017,statline_mc+recal_10_4b,team:BUF
89,TE,00-0034753,Mark Andrews,TE,BAL,4200,10.570236939575876,2.52,TEN,44313040,6.9737,statline_mc+recal_10_4b,team:BUF
89,FLEX,00-0034829,Mike Gesicki,TE,CIN,3300,7.224824502370232,2.19,JAX,44313052,6.5137,statline_mc+recal_10_4b,team:BUF
90,QB,00-0033873,Patrick Mahomes,QB,KC,6500,19.8813396870808,3.06,LV,44312202,8.1759,statline_mc+recal_10_4b,team:KC
90,DST,DST_ARI,Cardinals,DST,ARI,2500,7.9280392185,3.17,NYG,44313325,5.8716,dst_simulated_session_10_4+recal_10_4b,team:KC
90,RB1,00-0033280,Christian McCaffrey,RB,SF,7700,19.64909305842292,2.55,DEN,44312280,9.3833,statline_mc+recal_10_4b,team:KC
90,RB2,00-0033293,Aaron Jones Sr.,RB,MIN,6000,15.782813018854103,2.63,MIA,44312304,8.9197,statline_mc+recal_10_4b,team:KC
90,WR1,00-0039067,Rashee Rice,WR,KC,6400,13.951365332913662,2.18,LV,44312588,8.7363,statline_mc+recal_10_4b,team:KC
90,WR2,00-0040735,Luther Burden III,WR,CHI,5200,11.356332138667982,2.18,NYJ,44312612,8.2754,statline_mc+recal_10_4b,team:KC
90,WR3,00-0038393,Dontayvion Wicks,WR,PHI,4300,9.95744446516493,2.32,LA,44312644,7.9364,statline_mc+recal_10_4b,team:KC
90,TE,00-0038935,Brenton Strange,TE,JAX,3200,8.378125166976574,2.62,CIN,44313056,6.5581,statline_mc+recal_10_4b,team:KC
90,FLEX,00-0038134,Kenneth Walker III,RB,KC,8200,20.597246898041952,2.51,LV,44312278,9.7424,statline_mc+recal_10_4b,team:KC
91,QB,00-0036442,Joe Burrow,QB,CIN,6800,20.98596828535134,3.09,JAX,44312199,8.1999,statline_mc+recal_10_4b,team:CIN
91,DST,DST_GB,Packers,DST,GB,3200,9.9403580205,3.11,TB,44313313,5.9753,dst_simulated_session_10_4+recal_10_4b,team:CIN
91,RB1,00-0033280,Christian McCaffrey,RB,SF,7700,19.64909305842292,2.55,DEN,44312280,9.3833,statline_mc+recal_10_4b,team:CIN
91,RB2,00-0032764,Derrick Henry,RB,BAL,8400,19.39702933254887,2.31,TEN,44312276,9.9672,statline_mc+recal_10_4b,team:CIN
91,WR1,00-0038606,Parker Washington,WR,JAX,6500,16.30992131927916,2.51,CIN,44312586,9.5129,statline_mc+recal_10_4b,team:CIN
91,WR2,00-0036410,Tee Higgins,WR,CIN,6100,14.197531906667203,2.33,JAX,44312594,9.1511,statline_mc+recal_10_4b,team:CIN
91,WR3,00-0033555,Mack Hollins,WR,NE,4000,8.817689247731257,2.2,BUF,44312664,7.7248,statline_mc+recal_10_4b,team:CIN
91,TE,00-0034753,Mark Andrews,TE,BAL,4200,10.570236939575876,2.52,TEN,44313040,6.9737,statline_mc+recal_10_4b,team:CIN
91,FLEX,00-0039793,AJ Barner,TE,SEA,3000,7.526452740773325,2.51,LAC,44313066,6.5032,statline_mc+recal_10_4b,team:CIN
92,QB,00-0033873,Patrick Mahomes,QB,KC,6500,19.8813396870808,3.06,LV,44312202,8.1759,statline_mc+recal_10_4b,team:KC
92,DST,DST_ARI,Cardinals,DST,ARI,2500,7.9280392185,3.17,NYG,44313325,5.8716,dst_simulated_session_10_4+recal_10_4b,team:KC
92,RB1,00-0033280,Christian McCaffrey,RB,SF,7700,19.64909305842292,2.55,DEN,44312280,9.3833,statline_mc+recal_10_4b,team:KC
92,RB2,00-0041027,Jeremiyah Love,RB,ARI,5800,14.307006584667832,2.47,NYG,44312310,8.6727,statline_mc+recal_10_4b,team:KC
92,WR1,00-0038543,Jaxon Smith-Njigba,WR,SEA,9100,22.9085748982868,2.52,LAC,44312562,10.4872,statline_mc+recal_10_4b,team:KC
92,WR2,00-0038559,Michael Wilson,WR,ARI,5500,13.3657837341323,2.43,NYG,44312606,8.8736,statline_mc+recal_10_4b,team:KC
92,WR3,00-0039894,Xavier Worthy,WR,KC,4600,8.789412812194975,1.91,LV,44312632,7.4803,statline_mc+recal_10_4b,team:KC
92,TE,00-0034753,Mark Andrews,TE,BAL,4200,10.570236939575876,2.52,TEN,44313040,6.9737,statline_mc+recal_10_4b,team:KC
92,FLEX,00-0041032,Kenyon Sadiq,TE,NYJ,4000,9.75675967632816,2.44,CHI,44313042,6.7536,statline_mc+recal_10_4b,team:KC
93,QB,00-0034796,Lamar Jackson,QB,BAL,7300,20.572375358035515,2.82,TEN,44312198,8.1968,statline_mc+recal_10_4b,team:BAL
93,DST,DST_CHI,Bears,DST,CHI,3000,8.795722801499998,2.93,NYJ,44313315,6.0437,dst_simulated_session_10_4+recal_10_4b,team:BAL
93,RB1,00-0033280,Christian McCaffrey,RB,SF,7700,19.64909305842292,2.55,DEN,44312280,9.3833,statline_mc+recal_10_4b,team:BAL
93,RB2,00-0041027,Jeremiyah Love,RB,ARI,5800,14.307006584667832,2.47,NYG,44312310,8.6727,statline_mc+recal_10_4b,team:BAL
93,WR1,00-0038543,Jaxon Smith-Njigba,WR,SEA,9100,22.9085748982868,2.52,LAC,44312562,10.4872,statline_mc+recal_10_4b,team:BAL
93,WR2,00-0038559,Michael Wilson,WR,ARI,5500,13.3657837341323,2.43,NYG,44312606,8.8736,statline_mc+recal_10_4b,team:BAL
93,WR3,00-0038393,Dontayvion Wicks,WR,PHI,4300,9.95744446516493,2.32,LA,44312644,7.9364,statline_mc+recal_10_4b,team:BAL
93,TE,00-0034753,Mark Andrews,TE,BAL,4200,10.570236939575876,2.52,TEN,44313040,6.9737,statline_mc+recal_10_4b,team:BAL
93,FLEX,00-0033110,Tyler Higbee,TE,LA,3100,6.814385294879287,2.2,PHI,44313062,6.0729,statline_mc+recal_10_4b,team:BAL
94,QB,00-0033873,Patrick Mahomes,QB,KC,6500,19.8813396870808,3.06,LV,44312202,8.1759,statline_mc+recal_10_4b,team:KC
94,DST,DST_CHI,Bears,DST,CHI,3000,8.795722801499998,2.93,NYJ,44313315,6.0437,dst_simulated_session_10_4+recal_10_4b,team:KC
94,RB1,00-0033280,Christian McCaffrey,RB,SF,7700,19.64909305842292,2.55,DEN,44312280,9.3833,statline_mc+recal_10_4b,team:KC
94,RB2,00-0041027,Jeremiyah Love,RB,ARI,5800,14.307006584667832,2.47,NYG,44312310,8.6727,statline_mc+recal_10_4b,team:KC
94,WR1,00-0038606,Parker Washington,WR,JAX,6500,16.30992131927916,2.51,CIN,44312586,9.5129,statline_mc+recal_10_4b,team:KC
94,WR2,00-0039067,Rashee Rice,WR,KC,6400,13.951365332913662,2.18,LV,44312588,8.7363,statline_mc+recal_10_4b,team:KC
94,WR3,00-0038393,Dontayvion Wicks,WR,PHI,4300,9.95744446516493,2.32,LA,44312644,7.9364,statline_mc+recal_10_4b,team:KC
94,TE,00-0037744,Trey McBride,TE,ARI,6500,16.56205686851521,2.55,NYG,44313020,7.5465,statline_mc+recal_10_4b,team:KC
94,FLEX,00-0039793,AJ Barner,TE,SEA,3000,7.526452740773325,2.51,LAC,44313066,6.5032,statline_mc+recal_10_4b,team:KC
95,QB,00-0034857,Josh Allen,QB,BUF,7700,23.84956469638282,3.1,NE,44312197,8.3406,statline_mc+recal_10_4b,team:BUF
95,DST,DST_CHI,Bears,DST,CHI,3000,8.795722801499998,2.93,NYJ,44313315,6.0437,dst_simulated_session_10_4+recal_10_4b,team:BUF
95,RB1,00-0038134,Kenneth Walker III,RB,KC,8200,20.597246898041952,2.51,LV,44312278,9.7424,statline_mc+recal_10_4b,team:BUF
95,RB2,00-0041027,Jeremiyah Love,RB,ARI,5800,14.307006584667832,2.47,NYG,44312310,8.6727,statline_mc+recal_10_4b,team:BUF
95,WR1,00-0038606,Parker Washington,WR,JAX,6500,16.30992131927916,2.51,CIN,44312586,9.5129,statline_mc+recal_10_4b,team:BUF
95,WR2,00-0038559,Michael Wilson,WR,ARI,5500,13.3657837341323,2.43,NYG,44312606,8.8736,statline_mc+recal_10_4b,team:BUF
95,WR3,00-0034827,DJ Moore,WR,BUF,5700,12.546542832719918,2.2,NE,44312602,8.7017,statline_mc+recal_10_4b,team:BUF
95,TE,00-0039793,AJ Barner,TE,SEA,3000,7.526452740773325,2.51,LAC,44313066,6.5032,statline_mc+recal_10_4b,team:BUF
95,FLEX,00-0039880,Malik Washington,WR,MIA,4400,9.530596099444493,2.17,MIN,44312642,7.5453,statline_mc+recal_10_4b,team:BUF
96,QB,00-0039163,C.J. Stroud,QB,HOU,5700,18.9809143587984,3.33,DAL,44312209,7.9958,statline_mc+recal_10_4b,team:HOU
96,DST,DST_CHI,Bears,DST,CHI,3000,8.795722801499998,2.93,NYJ,44313315,6.0437,dst_simulated_session_10_4+recal_10_4b,team:HOU
96,RB1,00-0040122,Ashton Jeanty,RB,LV,7100,16.438802404371057,2.32,KC,44312284,8.771,statline_mc+recal_10_4b,team:HOU
96,RB2,00-0041027,Jeremiyah Love,RB,ARI,5800,14.307006584667832,2.47,NYG,44312310,8.6727,statline_mc+recal_10_4b,team:HOU
96,WR1,00-0038606,Parker Washington,WR,JAX,6500,16.30992131927916,2.51,CIN,44312586,9.5129,statline_mc+recal_10_4b,team:HOU
96,WR2,00-0036554,Nico Collins,WR,HOU,7200,15.926770743363136,2.21,DAL,44312572,8.855,statline_mc+recal_10_4b,team:HOU
96,WR3,00-0033555,Mack Hollins,WR,NE,4000,8.817689247731257,2.2,BUF,44312664,7.7248,statline_mc+recal_10_4b,team:HOU
96,TE,00-0037744,Trey McBride,TE,ARI,6500,16.56205686851521,2.55,NYG,44313020,7.5465,statline_mc+recal_10_4b,team:HOU
96,FLEX,00-0034753,Mark Andrews,TE,BAL,4200,10.570236939575876,2.52,TEN,44313040,6.9737,statline_mc+recal_10_4b,team:HOU
97,QB,00-0034796,Lamar Jackson,QB,BAL,7300,20.572375358035515,2.82,TEN,44312198,8.1968,statline_mc+recal_10_4b,team:BAL
97,DST,DST_CHI,Bears,DST,CHI,3000,8.795722801499998,2.93,NYJ,44313315,6.0437,dst_simulated_session_10_4+recal_10_4b,team:BAL
97,RB1,00-0033280,Christian McCaffrey,RB,SF,7700,19.64909305842292,2.55,DEN,44312280,9.3833,statline_mc+recal_10_4b,team:BAL
97,RB2,00-0041027,Jeremiyah Love,RB,ARI,5800,14.307006584667832,2.47,NYG,44312310,8.6727,statline_mc+recal_10_4b,team:BAL
97,WR1,00-0039064,Zay Flowers,WR,BAL,6900,15.65844247236442,2.27,TEN,44312578,9.1327,statline_mc+recal_10_4b,team:BAL
97,WR2,00-0038994,Jordan Addison,WR,MIN,5300,12.620114839569617,2.38,MIA,44312610,8.6649,statline_mc+recal_10_4b,team:BAL
97,WR3,00-0038393,Dontayvion Wicks,WR,PHI,4300,9.95744446516493,2.32,LA,44312644,7.9364,statline_mc+recal_10_4b,team:BAL
97,TE,00-0037744,Trey McBride,TE,ARI,6500,16.56205686851521,2.55,NYG,44313020,7.5465,statline_mc+recal_10_4b,team:BAL
97,FLEX,00-0038935,Brenton Strange,TE,JAX,3200,8.378125166976574,2.62,CIN,44313056,6.5581,statline_mc+recal_10_4b,team:BAL
98,QB,00-0034857,Josh Allen,QB,BUF,7700,23.84956469638282,3.1,NE,44312197,8.3406,statline_mc+recal_10_4b,team:BUF
98,DST,DST_CHI,Bears,DST,CHI,3000,8.795722801499998,2.93,NYJ,44313315,6.0437,dst_simulated_session_10_4+recal_10_4b,team:BUF
98,RB1,00-0033280,Christian McCaffrey,RB,SF,7700,19.64909305842292,2.55,DEN,44312280,9.3833,statline_mc+recal_10_4b,team:BUF
98,RB2,00-0040122,Ashton Jeanty,RB,LV,7100,16.438802404371057,2.32,KC,44312284,8.771,statline_mc+recal_10_4b,team:BUF
98,WR1,00-0036900,Ja'Marr Chase,WR,CIN,8100,19.298354922883625,2.38,JAX,44312564,9.6232,statline_mc+recal_10_4b,team:BUF
98,WR2,00-0034827,DJ Moore,WR,BUF,5700,12.546542832719918,2.2,NE,44312602,8.7017,statline_mc+recal_10_4b,team:BUF
98,WR3,00-0038393,Dontayvion Wicks,WR,PHI,4300,9.95744446516493,2.32,LA,44312644,7.9364,statline_mc+recal_10_4b,team:BUF
98,TE,00-0038935,Brenton Strange,TE,JAX,3200,8.378125166976574,2.62,CIN,44313056,6.5581,statline_mc+recal_10_4b,team:BUF
98,FLEX,00-0039793,AJ Barner,TE,SEA,3000,7.526452740773325,2.51,LAC,44313066,6.5032,statline_mc+recal_10_4b,team:BUF
99,QB,00-0034857,Josh Allen,QB,BUF,7700,23.84956469638282,3.1,NE,44312197,8.3406,statline_mc+recal_10_4b,team:BUF
99,DST,DST_CHI,Bears,DST,CHI,3000,8.795722801499998,2.93,NYJ,44313315,6.0437,dst_simulated_session_10_4+recal_10_4b,team:BUF
99,RB1,00-0040122,Ashton Jeanty,RB,LV,7100,16.438802404371057,2.32,KC,44312284,8.771,statline_mc+recal_10_4b,team:BUF
99,RB2,00-0038797,Emanuel Wilson,RB,SEA,4700,10.107228640702663,2.15,LAC,44312352,7.6967,statline_mc+recal_10_4b,team:BUF
99,WR1,00-0038543,Jaxon Smith-Njigba,WR,SEA,9100,22.9085748982868,2.52,LAC,44312562,10.4872,statline_mc+recal_10_4b,team:BUF
99,WR2,00-0038994,Jordan Addison,WR,MIN,5300,12.620114839569617,2.38,MIA,44312610,8.6649,statline_mc+recal_10_4b,team:BUF
99,WR3,00-0034827,DJ Moore,WR,BUF,5700,12.546542832719918,2.2,NE,44312602,8.7017,statline_mc+recal_10_4b,team:BUF
99,TE,00-0034753,Mark Andrews,TE,BAL,4200,10.570236939575876,2.52,TEN,44313040,6.9737,statline_mc+recal_10_4b,team:BUF
99,FLEX,00-0038935,Brenton Strange,TE,JAX,3200,8.378125166976574,2.62,CIN,44313056,6.5581,statline_mc+recal_10_4b,team:BUF
100,QB,00-0034796,Lamar Jackson,QB,BAL,7300,20.572375358035515,2.82,TEN,44312198,8.1968,statline_mc+recal_10_4b,team:BAL
100,DST,DST_GB,Packers,DST,GB,3200,9.9403580205,3.11,TB,44313313,5.9753,dst_simulated_session_10_4+recal_10_4b,team:BAL
100,RB1,00-0033280,Christian McCaffrey,RB,SF,7700,19.64909305842292,2.55,DEN,44312280,9.3833,statline_mc+recal_10_4b,team:BAL
100,RB2,00-0040719,Bhayshul Tuten,RB,JAX,5600,12.220619653331704,2.18,CIN,44312314,8.5118,statline_mc+recal_10_4b,team:BAL
100,WR1,00-0038606,Parker Washington,WR,JAX,6500,16.30992131927916,2.51,CIN,44312586,9.5129,statline_mc+recal_10_4b,team:BAL
100,WR2,00-0040667,Matthew Golden,WR,GB,5400,12.063031140419078,2.23,TB,44312608,8.2705,statline_mc+recal_10_4b,team:BAL
100,WR3,00-0032464,Kalif Raymond,WR,CHI,3600,7.843467379217994,2.18,NYJ,44312686,7.5141,statline_mc+recal_10_4b,team:BAL
100,TE,00-0037744,Trey McBride,TE,ARI,6500,16.56205686851521,2.55,NYG,44313020,7.5465,statline_mc+recal_10_4b,team:BAL
100,FLEX,00-0034753,Mark Andrews,TE,BAL,4200,10.570236939575876,2.52,TEN,44313040,6.9737,statline_mc+recal_10_4b,team:BAL
