lineup_id,roster_slot,player_id,player_name,position,team,salary,projection,value,opponent,site_player_id,sigma,sigma_source,stack_target
1,QB,00-0038416,Tyson Bagent,QB,CHI,4700,16.935874034816088,3.6,GB,44418496,7.8968,statline_mc+recal_10_4b,team:CHI
1,DST,DST_CLE,Browns,DST,CLE,2800,6.738571699,2.41,NYJ,44419228,5.8244,dst_simulated_session_10_4+recal_10_4b,team:CHI
1,RB1,00-0036223,Jonathan Taylor,RB,IND,7800,19.31898483411088,2.48,PIT,44418535,9.4973,statline_mc+recal_10_4b,team:CHI
1,RB2,00-0038597,Chase Brown,RB,CIN,6900,17.920554502624324,2.6,MIA,44418539,8.9731,statline_mc+recal_10_4b,team:CHI
1,WR1,00-0036410,Tee Higgins,WR,CIN,7100,16.5159201298452,2.33,MIA,44418735,9.3125,statline_mc+recal_10_4b,team:CHI
1,WR2,00-0040735,Luther Burden III,WR,CHI,4900,12.19089720900248,2.49,GB,44418765,8.3269,statline_mc+recal_10_4b,team:CHI
1,WR3,00-0039919,Rome Odunze,WR,CHI,4700,9.542577257350509,2.03,GB,44418769,8.0802,statline_mc+recal_10_4b,team:CHI
1,TE,00-0037838,Isaiah Likely,TE,NYG,4300,12.349959140451036,2.87,WAS,44419043,7.003,statline_mc+recal_10_4b,team:CHI
1,FLEX,00-0037228,Jaylen Warren,RB,PIT,6700,17.25388058290333,2.58,IND,44418541,9.1394,statline_mc+recal_10_4b,team:CHI
2,QB,00-0038416,Tyson Bagent,QB,CHI,4700,16.935874034816088,3.6,GB,44418496,7.8968,statline_mc+recal_10_4b,team:CHI
2,DST,DST_MIN,Vikings,DST,MIN,3100,7.142541343,2.3,NO,44419224,5.9501,dst_simulated_session_10_4+recal_10_4b,team:CHI
2,RB1,00-0036223,Jonathan Taylor,RB,IND,7800,19.31898483411088,2.48,PIT,44418535,9.4973,statline_mc+recal_10_4b,team:CHI
2,RB2,00-0038597,Chase Brown,RB,CIN,6900,17.920554502624324,2.6,MIA,44418539,8.9731,statline_mc+recal_10_4b,team:CHI
2,WR1,00-0037740,Garrett Wilson,WR,NYJ,6600,15.636191623859066,2.37,CLE,44418737,8.5641,statline_mc+recal_10_4b,team:CHI
2,WR2,00-0040735,Luther Burden III,WR,CHI,4900,12.19089720900248,2.49,GB,44418765,8.3269,statline_mc+recal_10_4b,team:CHI
2,WR3,00-0039919,Rome Odunze,WR,CHI,4700,9.542577257350509,2.03,GB,44418769,8.0802,statline_mc+recal_10_4b,team:CHI
2,TE,00-0037838,Isaiah Likely,TE,NYG,4300,12.349959140451036,2.87,WAS,44419043,7.003,statline_mc+recal_10_4b,team:CHI
2,FLEX,00-0037228,Jaylen Warren,RB,PIT,6700,17.25388058290333,2.58,IND,44418541,9.1394,statline_mc+recal_10_4b,team:CHI
3,QB,00-0038416,Tyson Bagent,QB,CHI,4700,16.935874034816088,3.6,GB,44418496,7.8968,statline_mc+recal_10_4b,team:CHI
3,DST,DST_CHI,Bears,DST,CHI,2900,6.0922693735,2.1,GB,44419226,5.8423,dst_simulated_session_10_4+recal_10_4b,team:CHI
3,RB1,00-0036223,Jonathan Taylor,RB,IND,7800,19.31898483411088,2.48,PIT,44418535,9.4973,statline_mc+recal_10_4b,team:CHI
3,RB2,00-0038597,Chase Brown,RB,CIN,6900,17.920554502624324,2.6,MIA,44418539,8.9731,statline_mc+recal_10_4b,team:CHI
3,WR1,00-0036410,Tee Higgins,WR,CIN,7100,16.5159201298452,2.33,MIA,44418735,9.3125,statline_mc+recal_10_4b,team:CHI
3,WR2,00-0040735,Luther Burden III,WR,CHI,4900,12.19089720900248,2.49,GB,44418765,8.3269,statline_mc+recal_10_4b,team:CHI
3,WR3,00-0039919,Rome Odunze,WR,CHI,4700,9.542577257350509,2.03,GB,44418769,8.0802,statline_mc+recal_10_4b,team:CHI
3,TE,00-0037838,Isaiah Likely,TE,NYG,4300,12.349959140451036,2.87,WAS,44419043,7.003,statline_mc+recal_10_4b,team:CHI
3,FLEX,00-0037228,Jaylen Warren,RB,PIT,6700,17.25388058290333,2.58,IND,44418541,9.1394,statline_mc+recal_10_4b,team:CHI
4,QB,00-0038416,Tyson Bagent,QB,CHI,4700,16.935874034816088,3.6,GB,44418496,7.8968,statline_mc+recal_10_4b,team:CHI
4,DST,DST_CLE,Browns,DST,CLE,2800,6.738571699,2.41,NYJ,44419228,5.8244,dst_simulated_session_10_4+recal_10_4b,team:CHI
4,RB1,00-0038597,Chase Brown,RB,CIN,6900,17.920554502624324,2.6,MIA,44418539,8.9731,statline_mc+recal_10_4b,team:CHI
4,RB2,00-0037228,Jaylen Warren,RB,PIT,6700,17.25388058290333,2.58,IND,44418541,9.1394,statline_mc+recal_10_4b,team:CHI
4,WR1,00-0037239,Chris Olave,WR,NO,7700,17.869379509506782,2.32,MIN,44418729,8.9708,statline_mc+recal_10_4b,team:CHI
4,WR2,00-0040735,Luther Burden III,WR,CHI,4900,12.19089720900248,2.49,GB,44418765,8.3269,statline_mc+recal_10_4b,team:CHI
4,WR3,00-0039919,Rome Odunze,WR,CHI,4700,9.542577257350509,2.03,GB,44418769,8.0802,statline_mc+recal_10_4b,team:CHI
4,TE,00-0037838,Isaiah Likely,TE,NYG,4300,12.349959140451036,2.87,WAS,44419043,7.003,statline_mc+recal_10_4b,team:CHI
4,FLEX,00-0040122,Ashton Jeanty,RB,LV,7200,17.045921354277848,2.37,NE,44418537,8.6576,statline_mc+recal_10_4b,team:CHI
5,QB,00-0038416,Tyson Bagent,QB,CHI,4700,16.935874034816088,3.6,GB,44418496,7.8968,statline_mc+recal_10_4b,team:CHI
5,DST,DST_NE,Patriots,DST,NE,3000,6.560239070500001,2.19,LV,44419225,5.8025,dst_simulated_session_10_4+recal_10_4b,team:CHI
5,RB1,00-0036223,Jonathan Taylor,RB,IND,7800,19.31898483411088,2.48,PIT,44418535,9.4973,statline_mc+recal_10_4b,team:CHI
5,RB2,00-0038597,Chase Brown,RB,CIN,6900,17.920554502624324,2.6,MIA,44418539,8.9731,statline_mc+recal_10_4b,team:CHI
5,WR1,00-0037740,Garrett Wilson,WR,NYJ,6600,15.636191623859066,2.37,CLE,44418737,8.5641,statline_mc+recal_10_4b,team:CHI
5,WR2,00-0040735,Luther Burden III,WR,CHI,4900,12.19089720900248,2.49,GB,44418765,8.3269,statline_mc+recal_10_4b,team:CHI
5,WR3,00-0039919,Rome Odunze,WR,CHI,4700,9.542577257350509,2.03,GB,44418769,8.0802,statline_mc+recal_10_4b,team:CHI
5,TE,00-0037838,Isaiah Likely,TE,NYG,4300,12.349959140451036,2.87,WAS,44419043,7.003,statline_mc+recal_10_4b,team:CHI
5,FLEX,00-0037228,Jaylen Warren,RB,PIT,6700,17.25388058290333,2.58,IND,44418541,9.1394,statline_mc+recal_10_4b,team:CHI
6,QB,00-0038416,Tyson Bagent,QB,CHI,4700,16.935874034816088,3.6,GB,44418496,7.8968,statline_mc+recal_10_4b,team:CHI
6,DST,DST_MIN,Vikings,DST,MIN,3100,7.142541343,2.3,NO,44419224,5.9501,dst_simulated_session_10_4+recal_10_4b,team:CHI
6,RB1,00-0036223,Jonathan Taylor,RB,IND,7800,19.31898483411088,2.48,PIT,44418535,9.4973,statline_mc+recal_10_4b,team:CHI
6,RB2,00-0037228,Jaylen Warren,RB,PIT,6700,17.25388058290333,2.58,IND,44418541,9.1394,statline_mc+recal_10_4b,team:CHI
6,WR1,00-0037740,Garrett Wilson,WR,NYJ,6600,15.636191623859066,2.37,CLE,44418737,8.5641,statline_mc+recal_10_4b,team:CHI
6,WR2,00-0040735,Luther Burden III,WR,CHI,4900,12.19089720900248,2.49,GB,44418765,8.3269,statline_mc+recal_10_4b,team:CHI
6,WR3,00-0039919,Rome Odunze,WR,CHI,4700,9.542577257350509,2.03,GB,44418769,8.0802,statline_mc+recal_10_4b,team:CHI
6,TE,00-0037838,Isaiah Likely,TE,NYG,4300,12.349959140451036,2.87,WAS,44419043,7.003,statline_mc+recal_10_4b,team:CHI
6,FLEX,00-0040122,Ashton Jeanty,RB,LV,7200,17.045921354277848,2.37,NE,44418537,8.6576,statline_mc+recal_10_4b,team:CHI
7,QB,00-0038416,Tyson Bagent,QB,CHI,4700,16.935874034816088,3.6,GB,44418496,7.8968,statline_mc+recal_10_4b,team:CHI
7,DST,DST_MIN,Vikings,DST,MIN,3100,7.142541343,2.3,NO,44419224,5.9501,dst_simulated_session_10_4+recal_10_4b,team:CHI
7,RB1,00-0038597,Chase Brown,RB,CIN,6900,17.920554502624324,2.6,MIA,44418539,8.9731,statline_mc+recal_10_4b,team:CHI
7,RB2,00-0037228,Jaylen Warren,RB,PIT,6700,17.25388058290333,2.58,IND,44418541,9.1394,statline_mc+recal_10_4b,team:CHI
7,WR1,00-0036554,Nico Collins,WR,HOU,7500,17.03119322143743,2.27,TEN,44418731,8.8891,statline_mc+recal_10_4b,team:CHI
7,WR2,00-0040735,Luther Burden III,WR,CHI,4900,12.19089720900248,2.49,GB,44418765,8.3269,statline_mc+recal_10_4b,team:CHI
7,WR3,00-0039919,Rome Odunze,WR,CHI,4700,9.542577257350509,2.03,GB,44418769,8.0802,statline_mc+recal_10_4b,team:CHI
7,TE,00-0037838,Isaiah Likely,TE,NYG,4300,12.349959140451036,2.87,WAS,44419043,7.003,statline_mc+recal_10_4b,team:CHI
7,FLEX,00-0040122,Ashton Jeanty,RB,LV,7200,17.045921354277848,2.37,NE,44418537,8.6576,statline_mc+recal_10_4b,team:CHI
8,QB,00-0038416,Tyson Bagent,QB,CHI,4700,16.935874034816088,3.6,GB,44418496,7.8968,statline_mc+recal_10_4b,team:CHI
8,DST,DST_MIN,Vikings,DST,MIN,3100,7.142541343,2.3,NO,44419224,5.9501,dst_simulated_session_10_4+recal_10_4b,team:CHI
8,RB1,00-0036223,Jonathan Taylor,RB,IND,7800,19.31898483411088,2.48,PIT,44418535,9.4973,statline_mc+recal_10_4b,team:CHI
8,RB2,00-0038597,Chase Brown,RB,CIN,6900,17.920554502624324,2.6,MIA,44418539,8.9731,statline_mc+recal_10_4b,team:CHI
8,WR1,00-0036410,Tee Higgins,WR,CIN,7100,16.5159201298452,2.33,MIA,44418735,9.3125,statline_mc+recal_10_4b,team:CHI
8,WR2,00-0040735,Luther Burden III,WR,CHI,4900,12.19089720900248,2.49,GB,44418765,8.3269,statline_mc+recal_10_4b,team:CHI
8,WR3,00-0039919,Rome Odunze,WR,CHI,4700,9.542577257350509,2.03,GB,44418769,8.0802,statline_mc+recal_10_4b,team:CHI
8,TE,00-0037838,Isaiah Likely,TE,NYG,4300,12.349959140451036,2.87,WAS,44419043,7.003,statline_mc+recal_10_4b,team:CHI
8,FLEX,00-0033293,Aaron Jones Sr.,RB,MIN,6500,15.457161789215952,2.38,NO,44418543,8.7008,statline_mc+recal_10_4b,team:CHI
9,QB,00-0038416,Tyson Bagent,QB,CHI,4700,16.935874034816088,3.6,GB,44418496,7.8968,statline_mc+recal_10_4b,team:CHI
9,DST,DST_CLE,Browns,DST,CLE,2800,6.738571699,2.41,NYJ,44419228,5.8244,dst_simulated_session_10_4+recal_10_4b,team:CHI
9,RB1,00-0038597,Chase Brown,RB,CIN,6900,17.920554502624324,2.6,MIA,44418539,8.9731,statline_mc+recal_10_4b,team:CHI
9,RB2,00-0037228,Jaylen Warren,RB,PIT,6700,17.25388058290333,2.58,IND,44418541,9.1394,statline_mc+recal_10_4b,team:CHI
9,WR1,00-0037239,Chris Olave,WR,NO,7700,17.869379509506782,2.32,MIN,44418729,8.9708,statline_mc+recal_10_4b,team:CHI
9,WR2,00-0036410,Tee Higgins,WR,CIN,7100,16.5159201298452,2.33,MIA,44418735,9.3125,statline_mc+recal_10_4b,team:CHI
9,WR3,00-0040735,Luther Burden III,WR,CHI,4900,12.19089720900248,2.49,GB,44418765,8.3269,statline_mc+recal_10_4b,team:CHI
9,TE,00-0037838,Isaiah Likely,TE,NYG,4300,12.349959140451036,2.87,WAS,44419043,7.003,statline_mc+recal_10_4b,team:CHI
9,FLEX,00-0039919,Rome Odunze,WR,CHI,4700,9.542577257350509,2.03,GB,44418769,8.0802,statline_mc+recal_10_4b,team:CHI
10,QB,00-0038416,Tyson Bagent,QB,CHI,4700,16.935874034816088,3.6,GB,44418496,7.8968,statline_mc+recal_10_4b,team:CHI
10,DST,DST_CLE,Browns,DST,CLE,2800,6.738571699,2.41,NYJ,44419228,5.8244,dst_simulated_session_10_4+recal_10_4b,team:CHI
10,RB1,00-0036223,Jonathan Taylor,RB,IND,7800,19.31898483411088,2.48,PIT,44418535,9.4973,statline_mc+recal_10_4b,team:CHI
10,RB2,00-0038597,Chase Brown,RB,CIN,6900,17.920554502624324,2.6,MIA,44418539,8.9731,statline_mc+recal_10_4b,team:CHI
10,WR1,00-0037239,Chris Olave,WR,NO,7700,17.869379509506782,2.32,MIN,44418729,8.9708,statline_mc+recal_10_4b,team:CHI
10,WR2,00-0040735,Luther Burden III,WR,CHI,4900,12.19089720900248,2.49,GB,44418765,8.3269,statline_mc+recal_10_4b,team:CHI
10,WR3,00-0039919,Rome Odunze,WR,CHI,4700,9.542577257350509,2.03,GB,44418769,8.0802,statline_mc+recal_10_4b,team:CHI
10,TE,00-0037838,Isaiah Likely,TE,NYG,4300,12.349959140451036,2.87,WAS,44419043,7.003,statline_mc+recal_10_4b,team:CHI
10,FLEX,00-0036275,D'Andre Swift,RB,CHI,6200,14.372643113895712,2.32,GB,44418547,8.5538,statline_mc+recal_10_4b,team:CHI
11,QB,00-0038416,Tyson Bagent,QB,CHI,4700,16.935874034816088,3.6,GB,44418496,7.8968,statline_mc+recal_10_4b,team:CHI
11,DST,DST_WAS,Commanders,DST,WAS,2900,7.926091863999999,2.73,NYG,44419227,5.9117,dst_simulated_session_10_4+recal_10_4b,team:CHI
11,RB1,00-0036223,Jonathan Taylor,RB,IND,7800,19.31898483411088,2.48,PIT,44418535,9.4973,statline_mc+recal_10_4b,team:CHI
11,RB2,00-0038597,Chase Brown,RB,CIN,6900,17.920554502624324,2.6,MIA,44418539,8.9731,statline_mc+recal_10_4b,team:CHI
11,WR1,00-0037239,Chris Olave,WR,NO,7700,17.869379509506782,2.32,MIN,44418729,8.9708,statline_mc+recal_10_4b,team:CHI
11,WR2,00-0040735,Luther Burden III,WR,CHI,4900,12.19089720900248,2.49,GB,44418765,8.3269,statline_mc+recal_10_4b,team:CHI
11,WR3,00-0039919,Rome Odunze,WR,CHI,4700,9.542577257350509,2.03,GB,44418769,8.0802,statline_mc+recal_10_4b,team:CHI
11,TE,00-0039066,Michael Mayer,TE,LV,3500,8.2616005870675,2.36,NE,44419055,6.2533,statline_mc+recal_10_4b,team:CHI
11,FLEX,00-0037228,Jaylen Warren,RB,PIT,6700,17.25388058290333,2.58,IND,44418541,9.1394,statline_mc+recal_10_4b,team:CHI
12,QB,00-0038416,Tyson Bagent,QB,CHI,4700,16.935874034816088,3.6,GB,44418496,7.8968,statline_mc+recal_10_4b,team:CHI
12,DST,DST_CHI,Bears,DST,CHI,2900,6.0922693735,2.1,GB,44419226,5.8423,dst_simulated_session_10_4+recal_10_4b,team:CHI
12,RB1,00-0038597,Chase Brown,RB,CIN,6900,17.920554502624324,2.6,MIA,44418539,8.9731,statline_mc+recal_10_4b,team:CHI
12,RB2,00-0037228,Jaylen Warren,RB,PIT,6700,17.25388058290333,2.58,IND,44418541,9.1394,statline_mc+recal_10_4b,team:CHI
12,WR1,00-0037239,Chris Olave,WR,NO,7700,17.869379509506782,2.32,MIN,44418729,8.9708,statline_mc+recal_10_4b,team:CHI
12,WR2,00-0040735,Luther Burden III,WR,CHI,4900,12.19089720900248,2.49,GB,44418765,8.3269,statline_mc+recal_10_4b,team:CHI
12,WR3,00-0039919,Rome Odunze,WR,CHI,4700,9.542577257350509,2.03,GB,44418769,8.0802,statline_mc+recal_10_4b,team:CHI
12,TE,00-0037838,Isaiah Likely,TE,NYG,4300,12.349959140451036,2.87,WAS,44419043,7.003,statline_mc+recal_10_4b,team:CHI
12,FLEX,00-0040122,Ashton Jeanty,RB,LV,7200,17.045921354277848,2.37,NE,44418537,8.6576,statline_mc+recal_10_4b,team:CHI
13,QB,00-0038416,Tyson Bagent,QB,CHI,4700,16.935874034816088,3.6,GB,44418496,7.8968,statline_mc+recal_10_4b,team:CHI
13,DST,DST_NE,Patriots,DST,NE,3000,6.560239070500001,2.19,LV,44419225,5.8025,dst_simulated_session_10_4+recal_10_4b,team:CHI
13,RB1,00-0038597,Chase Brown,RB,CIN,6900,17.920554502624324,2.6,MIA,44418539,8.9731,statline_mc+recal_10_4b,team:CHI
13,RB2,00-0037228,Jaylen Warren,RB,PIT,6700,17.25388058290333,2.58,IND,44418541,9.1394,statline_mc+recal_10_4b,team:CHI
13,WR1,00-0037239,Chris Olave,WR,NO,7700,17.869379509506782,2.32,MIN,44418729,8.9708,statline_mc+recal_10_4b,team:CHI
13,WR2,00-0036410,Tee Higgins,WR,CIN,7100,16.5159201298452,2.33,MIA,44418735,9.3125,statline_mc+recal_10_4b,team:CHI
13,WR3,00-0040735,Luther Burden III,WR,CHI,4900,12.19089720900248,2.49,GB,44418765,8.3269,statline_mc+recal_10_4b,team:CHI
13,TE,00-0037838,Isaiah Likely,TE,NYG,4300,12.349959140451036,2.87,WAS,44419043,7.003,statline_mc+recal_10_4b,team:CHI
13,FLEX,00-0039919,Rome Odunze,WR,CHI,4700,9.542577257350509,2.03,GB,44418769,8.0802,statline_mc+recal_10_4b,team:CHI
14,QB,00-0038416,Tyson Bagent,QB,CHI,4700,16.935874034816088,3.6,GB,44418496,7.8968,statline_mc+recal_10_4b,team:CHI
14,DST,DST_NE,Patriots,DST,NE,3000,6.560239070500001,2.19,LV,44419225,5.8025,dst_simulated_session_10_4+recal_10_4b,team:CHI
14,RB1,00-0036223,Jonathan Taylor,RB,IND,7800,19.31898483411088,2.48,PIT,44418535,9.4973,statline_mc+recal_10_4b,team:CHI
14,RB2,00-0038597,Chase Brown,RB,CIN,6900,17.920554502624324,2.6,MIA,44418539,8.9731,statline_mc+recal_10_4b,team:CHI
14,WR1,00-0036410,Tee Higgins,WR,CIN,7100,16.5159201298452,2.33,MIA,44418735,9.3125,statline_mc+recal_10_4b,team:CHI
14,WR2,00-0037740,Garrett Wilson,WR,NYJ,6600,15.636191623859066,2.37,CLE,44418737,8.5641,statline_mc+recal_10_4b,team:CHI
14,WR3,00-0040735,Luther Burden III,WR,CHI,4900,12.19089720900248,2.49,GB,44418765,8.3269,statline_mc+recal_10_4b,team:CHI
14,TE,00-0037838,Isaiah Likely,TE,NYG,4300,12.349959140451036,2.87,WAS,44419043,7.003,statline_mc+recal_10_4b,team:CHI
14,FLEX,00-0039919,Rome Odunze,WR,CHI,4700,9.542577257350509,2.03,GB,44418769,8.0802,statline_mc+recal_10_4b,team:CHI
15,QB,00-0038416,Tyson Bagent,QB,CHI,4700,16.935874034816088,3.6,GB,44418496,7.8968,statline_mc+recal_10_4b,team:CHI
15,DST,DST_CLE,Browns,DST,CLE,2800,6.738571699,2.41,NYJ,44419228,5.8244,dst_simulated_session_10_4+recal_10_4b,team:CHI
15,RB1,00-0036223,Jonathan Taylor,RB,IND,7800,19.31898483411088,2.48,PIT,44418535,9.4973,statline_mc+recal_10_4b,team:CHI
15,RB2,00-0038597,Chase Brown,RB,CIN,6900,17.920554502624324,2.6,MIA,44418539,8.9731,statline_mc+recal_10_4b,team:CHI
15,WR1,00-0036410,Tee Higgins,WR,CIN,7100,16.5159201298452,2.33,MIA,44418735,9.3125,statline_mc+recal_10_4b,team:CHI
15,WR2,00-0040735,Luther Burden III,WR,CHI,4900,12.19089720900248,2.49,GB,44418765,8.3269,statline_mc+recal_10_4b,team:CHI
15,WR3,00-0039919,Rome Odunze,WR,CHI,4700,9.542577257350509,2.03,GB,44418769,8.0802,statline_mc+recal_10_4b,team:CHI
15,TE,00-0037838,Isaiah Likely,TE,NYG,4300,12.349959140451036,2.87,WAS,44419043,7.003,statline_mc+recal_10_4b,team:CHI
15,FLEX,00-0033293,Aaron Jones Sr.,RB,MIN,6500,15.457161789215952,2.38,NO,44418543,8.7008,statline_mc+recal_10_4b,team:CHI
16,QB,00-0038416,Tyson Bagent,QB,CHI,4700,16.935874034816088,3.6,GB,44418496,7.8968,statline_mc+recal_10_4b,team:CHI
16,DST,DST_WAS,Commanders,DST,WAS,2900,7.926091863999999,2.73,NYG,44419227,5.9117,dst_simulated_session_10_4+recal_10_4b,team:CHI
16,RB1,00-0036223,Jonathan Taylor,RB,IND,7800,19.31898483411088,2.48,PIT,44418535,9.4973,statline_mc+recal_10_4b,team:CHI
16,RB2,00-0038597,Chase Brown,RB,CIN,6900,17.920554502624324,2.6,MIA,44418539,8.9731,statline_mc+recal_10_4b,team:CHI
16,WR1,00-0037239,Chris Olave,WR,NO,7700,17.869379509506782,2.32,MIN,44418729,8.9708,statline_mc+recal_10_4b,team:CHI
16,WR2,00-0040735,Luther Burden III,WR,CHI,4900,12.19089720900248,2.49,GB,44418765,8.3269,statline_mc+recal_10_4b,team:CHI
16,WR3,00-0039919,Rome Odunze,WR,CHI,4700,9.542577257350509,2.03,GB,44418769,8.0802,statline_mc+recal_10_4b,team:CHI
16,TE,00-0033090,Hunter Henry,TE,NE,3700,7.998434137980679,2.16,LV,44419053,6.4279,statline_mc+recal_10_4b,team:CHI
16,FLEX,00-0037228,Jaylen Warren,RB,PIT,6700,17.25388058290333,2.58,IND,44418541,9.1394,statline_mc+recal_10_4b,team:CHI
17,QB,00-0038416,Tyson Bagent,QB,CHI,4700,16.935874034816088,3.6,GB,44418496,7.8968,statline_mc+recal_10_4b,team:CHI
17,DST,DST_MIN,Vikings,DST,MIN,3100,7.142541343,2.3,NO,44419224,5.9501,dst_simulated_session_10_4+recal_10_4b,team:CHI
17,RB1,00-0038597,Chase Brown,RB,CIN,6900,17.920554502624324,2.6,MIA,44418539,8.9731,statline_mc+recal_10_4b,team:CHI
17,RB2,00-0037228,Jaylen Warren,RB,PIT,6700,17.25388058290333,2.58,IND,44418541,9.1394,statline_mc+recal_10_4b,team:CHI
17,WR1,00-0036554,Nico Collins,WR,HOU,7500,17.03119322143743,2.27,TEN,44418731,8.8891,statline_mc+recal_10_4b,team:CHI
17,WR2,00-0036410,Tee Higgins,WR,CIN,7100,16.5159201298452,2.33,MIA,44418735,9.3125,statline_mc+recal_10_4b,team:CHI
17,WR3,00-0040735,Luther Burden III,WR,CHI,4900,12.19089720900248,2.49,GB,44418765,8.3269,statline_mc+recal_10_4b,team:CHI
17,TE,00-0037838,Isaiah Likely,TE,NYG,4300,12.349959140451036,2.87,WAS,44419043,7.003,statline_mc+recal_10_4b,team:CHI
17,FLEX,00-0039919,Rome Odunze,WR,CHI,4700,9.542577257350509,2.03,GB,44418769,8.0802,statline_mc+recal_10_4b,team:CHI
18,QB,00-0038416,Tyson Bagent,QB,CHI,4700,16.935874034816088,3.6,GB,44418496,7.8968,statline_mc+recal_10_4b,team:CHI
18,DST,DST_CLE,Browns,DST,CLE,2800,6.738571699,2.41,NYJ,44419228,5.8244,dst_simulated_session_10_4+recal_10_4b,team:CHI
18,RB1,00-0036223,Jonathan Taylor,RB,IND,7800,19.31898483411088,2.48,PIT,44418535,9.4973,statline_mc+recal_10_4b,team:CHI
18,RB2,00-0037228,Jaylen Warren,RB,PIT,6700,17.25388058290333,2.58,IND,44418541,9.1394,statline_mc+recal_10_4b,team:CHI
18,WR1,00-0036554,Nico Collins,WR,HOU,7500,17.03119322143743,2.27,TEN,44418731,8.8891,statline_mc+recal_10_4b,team:CHI
18,WR2,00-0040735,Luther Burden III,WR,CHI,4900,12.19089720900248,2.49,GB,44418765,8.3269,statline_mc+recal_10_4b,team:CHI
18,WR3,00-0039919,Rome Odunze,WR,CHI,4700,9.542577257350509,2.03,GB,44418769,8.0802,statline_mc+recal_10_4b,team:CHI
18,TE,00-0037838,Isaiah Likely,TE,NYG,4300,12.349959140451036,2.87,WAS,44419043,7.003,statline_mc+recal_10_4b,team:CHI
18,FLEX,00-0033293,Aaron Jones Sr.,RB,MIN,6500,15.457161789215952,2.38,NO,44418543,8.7008,statline_mc+recal_10_4b,team:CHI
19,QB,00-0038416,Tyson Bagent,QB,CHI,4700,16.935874034816088,3.6,GB,44418496,7.8968,statline_mc+recal_10_4b,team:CHI
19,DST,DST_MIN,Vikings,DST,MIN,3100,7.142541343,2.3,NO,44419224,5.9501,dst_simulated_session_10_4+recal_10_4b,team:CHI
19,RB1,00-0036223,Jonathan Taylor,RB,IND,7800,19.31898483411088,2.48,PIT,44418535,9.4973,statline_mc+recal_10_4b,team:CHI
19,RB2,00-0037228,Jaylen Warren,RB,PIT,6700,17.25388058290333,2.58,IND,44418541,9.1394,statline_mc+recal_10_4b,team:CHI
19,WR1,00-0036410,Tee Higgins,WR,CIN,7100,16.5159201298452,2.33,MIA,44418735,9.3125,statline_mc+recal_10_4b,team:CHI
19,WR2,00-0040735,Luther Burden III,WR,CHI,4900,12.19089720900248,2.49,GB,44418765,8.3269,statline_mc+recal_10_4b,team:CHI
19,WR3,00-0039919,Rome Odunze,WR,CHI,4700,9.542577257350509,2.03,GB,44418769,8.0802,statline_mc+recal_10_4b,team:CHI
19,TE,00-0037838,Isaiah Likely,TE,NYG,4300,12.349959140451036,2.87,WAS,44419043,7.003,statline_mc+recal_10_4b,team:CHI
19,FLEX,00-0033293,Aaron Jones Sr.,RB,MIN,6500,15.457161789215952,2.38,NO,44418543,8.7008,statline_mc+recal_10_4b,team:CHI
20,QB,00-0038416,Tyson Bagent,QB,CHI,4700,16.935874034816088,3.6,GB,44418496,7.8968,statline_mc+recal_10_4b,team:CHI
20,DST,DST_CHI,Bears,DST,CHI,2900,6.0922693735,2.1,GB,44419226,5.8423,dst_simulated_session_10_4+recal_10_4b,team:CHI
20,RB1,00-0038597,Chase Brown,RB,CIN,6900,17.920554502624324,2.6,MIA,44418539,8.9731,statline_mc+recal_10_4b,team:CHI
20,RB2,00-0037228,Jaylen Warren,RB,PIT,6700,17.25388058290333,2.58,IND,44418541,9.1394,statline_mc+recal_10_4b,team:CHI
20,WR1,00-0037239,Chris Olave,WR,NO,7700,17.869379509506782,2.32,MIN,44418729,8.9708,statline_mc+recal_10_4b,team:CHI
20,WR2,00-0036410,Tee Higgins,WR,CIN,7100,16.5159201298452,2.33,MIA,44418735,9.3125,statline_mc+recal_10_4b,team:CHI
20,WR3,00-0040735,Luther Burden III,WR,CHI,4900,12.19089720900248,2.49,GB,44418765,8.3269,statline_mc+recal_10_4b,team:CHI
20,TE,00-0037838,Isaiah Likely,TE,NYG,4300,12.349959140451036,2.87,WAS,44419043,7.003,statline_mc+recal_10_4b,team:CHI
20,FLEX,00-0039919,Rome Odunze,WR,CHI,4700,9.542577257350509,2.03,GB,44418769,8.0802,statline_mc+recal_10_4b,team:CHI
21,QB,00-0038416,Tyson Bagent,QB,CHI,4700,16.935874034816088,3.6,GB,44418496,7.8968,statline_mc+recal_10_4b,team:CHI
21,DST,DST_WAS,Commanders,DST,WAS,2900,7.926091863999999,2.73,NYG,44419227,5.9117,dst_simulated_session_10_4+recal_10_4b,team:CHI
21,RB1,00-0036223,Jonathan Taylor,RB,IND,7800,19.31898483411088,2.48,PIT,44418535,9.4973,statline_mc+recal_10_4b,team:CHI
21,RB2,00-0038597,Chase Brown,RB,CIN,6900,17.920554502624324,2.6,MIA,44418539,8.9731,statline_mc+recal_10_4b,team:CHI
21,WR1,00-0036554,Nico Collins,WR,HOU,7500,17.03119322143743,2.27,TEN,44418731,8.8891,statline_mc+recal_10_4b,team:CHI
21,WR2,00-0040735,Luther Burden III,WR,CHI,4900,12.19089720900248,2.49,GB,44418765,8.3269,statline_mc+recal_10_4b,team:CHI
21,WR3,00-0039919,Rome Odunze,WR,CHI,4700,9.542577257350509,2.03,GB,44418769,8.0802,statline_mc+recal_10_4b,team:CHI
21,TE,00-0041032,Kenyon Sadiq,TE,NYJ,3800,8.443134233486262,2.22,CLE,44419051,6.3407,statline_mc+recal_10_4b,team:CHI
21,FLEX,00-0037228,Jaylen Warren,RB,PIT,6700,17.25388058290333,2.58,IND,44418541,9.1394,statline_mc+recal_10_4b,team:CHI
22,QB,00-0038416,Tyson Bagent,QB,CHI,4700,16.935874034816088,3.6,GB,44418496,7.8968,statline_mc+recal_10_4b,team:CHI
22,DST,DST_WAS,Commanders,DST,WAS,2900,7.926091863999999,2.73,NYG,44419227,5.9117,dst_simulated_session_10_4+recal_10_4b,team:CHI
22,RB1,00-0036223,Jonathan Taylor,RB,IND,7800,19.31898483411088,2.48,PIT,44418535,9.4973,statline_mc+recal_10_4b,team:CHI
22,RB2,00-0038597,Chase Brown,RB,CIN,6900,17.920554502624324,2.6,MIA,44418539,8.9731,statline_mc+recal_10_4b,team:CHI
22,WR1,00-0036554,Nico Collins,WR,HOU,7500,17.03119322143743,2.27,TEN,44418731,8.8891,statline_mc+recal_10_4b,team:CHI
22,WR2,00-0040735,Luther Burden III,WR,CHI,4900,12.19089720900248,2.49,GB,44418765,8.3269,statline_mc+recal_10_4b,team:CHI
22,WR3,00-0039919,Rome Odunze,WR,CHI,4700,9.542577257350509,2.03,GB,44418769,8.0802,statline_mc+recal_10_4b,team:CHI
22,TE,00-0039066,Michael Mayer,TE,LV,3500,8.2616005870675,2.36,NE,44419055,6.2533,statline_mc+recal_10_4b,team:CHI
22,FLEX,00-0037228,Jaylen Warren,RB,PIT,6700,17.25388058290333,2.58,IND,44418541,9.1394,statline_mc+recal_10_4b,team:CHI
23,QB,00-0038416,Tyson Bagent,QB,CHI,4700,16.935874034816088,3.6,GB,44418496,7.8968,statline_mc+recal_10_4b,team:CHI
23,DST,DST_MIN,Vikings,DST,MIN,3100,7.142541343,2.3,NO,44419224,5.9501,dst_simulated_session_10_4+recal_10_4b,team:CHI
23,RB1,00-0036223,Jonathan Taylor,RB,IND,7800,19.31898483411088,2.48,PIT,44418535,9.4973,statline_mc+recal_10_4b,team:CHI
23,RB2,00-0038597,Chase Brown,RB,CIN,6900,17.920554502624324,2.6,MIA,44418539,8.9731,statline_mc+recal_10_4b,team:CHI
23,WR1,00-0038124,Christian Watson,WR,GB,6400,13.790424628140013,2.15,CHI,44418739,8.6198,statline_mc+recal_10_4b,team:CHI
23,WR2,00-0040735,Luther Burden III,WR,CHI,4900,12.19089720900248,2.49,GB,44418765,8.3269,statline_mc+recal_10_4b,team:CHI
23,WR3,00-0039919,Rome Odunze,WR,CHI,4700,9.542577257350509,2.03,GB,44418769,8.0802,statline_mc+recal_10_4b,team:CHI
23,TE,00-0037838,Isaiah Likely,TE,NYG,4300,12.349959140451036,2.87,WAS,44419043,7.003,statline_mc+recal_10_4b,team:CHI
23,FLEX,00-0040122,Ashton Jeanty,RB,LV,7200,17.045921354277848,2.37,NE,44418537,8.6576,statline_mc+recal_10_4b,team:CHI
24,QB,00-0038416,Tyson Bagent,QB,CHI,4700,16.935874034816088,3.6,GB,44418496,7.8968,statline_mc+recal_10_4b,team:CHI
24,DST,DST_NE,Patriots,DST,NE,3000,6.560239070500001,2.19,LV,44419225,5.8025,dst_simulated_session_10_4+recal_10_4b,team:CHI
24,RB1,00-0036223,Jonathan Taylor,RB,IND,7800,19.31898483411088,2.48,PIT,44418535,9.4973,statline_mc+recal_10_4b,team:CHI
24,RB2,00-0038597,Chase Brown,RB,CIN,6900,17.920554502624324,2.6,MIA,44418539,8.9731,statline_mc+recal_10_4b,team:CHI
24,WR1,00-0036554,Nico Collins,WR,HOU,7500,17.03119322143743,2.27,TEN,44418731,8.8891,statline_mc+recal_10_4b,team:CHI
24,WR2,00-0040735,Luther Burden III,WR,CHI,4900,12.19089720900248,2.49,GB,44418765,8.3269,statline_mc+recal_10_4b,team:CHI
24,WR3,00-0039919,Rome Odunze,WR,CHI,4700,9.542577257350509,2.03,GB,44418769,8.0802,statline_mc+recal_10_4b,team:CHI
24,TE,00-0037838,Isaiah Likely,TE,NYG,4300,12.349959140451036,2.87,WAS,44419043,7.003,statline_mc+recal_10_4b,team:CHI
24,FLEX,00-0036275,D'Andre Swift,RB,CHI,6200,14.372643113895712,2.32,GB,44418547,8.5538,statline_mc+recal_10_4b,team:CHI
25,QB,00-0038416,Tyson Bagent,QB,CHI,4700,16.935874034816088,3.6,GB,44418496,7.8968,statline_mc+recal_10_4b,team:CHI
25,DST,DST_CLE,Browns,DST,CLE,2800,6.738571699,2.41,NYJ,44419228,5.8244,dst_simulated_session_10_4+recal_10_4b,team:CHI
25,RB1,00-0036223,Jonathan Taylor,RB,IND,7800,19.31898483411088,2.48,PIT,44418535,9.4973,statline_mc+recal_10_4b,team:CHI
25,RB2,00-0038597,Chase Brown,RB,CIN,6900,17.920554502624324,2.6,MIA,44418539,8.9731,statline_mc+recal_10_4b,team:CHI
25,WR1,00-0037239,Chris Olave,WR,NO,7700,17.869379509506782,2.32,MIN,44418729,8.9708,statline_mc+recal_10_4b,team:CHI
25,WR2,00-0040667,Matthew Golden,WR,GB,5700,13.23495145214886,2.32,CHI,44418747,8.3983,statline_mc+recal_10_4b,team:CHI
25,WR3,00-0040735,Luther Burden III,WR,CHI,4900,12.19089720900248,2.49,GB,44418765,8.3269,statline_mc+recal_10_4b,team:CHI
25,TE,00-0037838,Isaiah Likely,TE,NYG,4300,12.349959140451036,2.87,WAS,44419043,7.003,statline_mc+recal_10_4b,team:CHI
25,FLEX,00-0039919,Rome Odunze,WR,CHI,4700,9.542577257350509,2.03,GB,44418769,8.0802,statline_mc+recal_10_4b,team:CHI
26,QB,00-0038416,Tyson Bagent,QB,CHI,4700,16.935874034816088,3.6,GB,44418496,7.8968,statline_mc+recal_10_4b,team:CHI
26,DST,DST_WAS,Commanders,DST,WAS,2900,7.926091863999999,2.73,NYG,44419227,5.9117,dst_simulated_session_10_4+recal_10_4b,team:CHI
26,RB1,00-0036223,Jonathan Taylor,RB,IND,7800,19.31898483411088,2.48,PIT,44418535,9.4973,statline_mc+recal_10_4b,team:CHI
26,RB2,00-0038597,Chase Brown,RB,CIN,6900,17.920554502624324,2.6,MIA,44418539,8.9731,statline_mc+recal_10_4b,team:CHI
26,WR1,00-0036410,Tee Higgins,WR,CIN,7100,16.5159201298452,2.33,MIA,44418735,9.3125,statline_mc+recal_10_4b,team:CHI
26,WR2,00-0040735,Luther Burden III,WR,CHI,4900,12.19089720900248,2.49,GB,44418765,8.3269,statline_mc+recal_10_4b,team:CHI
26,WR3,00-0039919,Rome Odunze,WR,CHI,4700,9.542577257350509,2.03,GB,44418769,8.0802,statline_mc+recal_10_4b,team:CHI
26,TE,00-0041032,Kenyon Sadiq,TE,NYJ,3800,8.443134233486262,2.22,CLE,44419051,6.3407,statline_mc+recal_10_4b,team:CHI
26,FLEX,00-0037228,Jaylen Warren,RB,PIT,6700,17.25388058290333,2.58,IND,44418541,9.1394,statline_mc+recal_10_4b,team:CHI
27,QB,00-0038416,Tyson Bagent,QB,CHI,4700,16.935874034816088,3.6,GB,44418496,7.8968,statline_mc+recal_10_4b,team:CHI
27,DST,DST_CLE,Browns,DST,CLE,2800,6.738571699,2.41,NYJ,44419228,5.8244,dst_simulated_session_10_4+recal_10_4b,team:CHI
27,RB1,00-0036223,Jonathan Taylor,RB,IND,7800,19.31898483411088,2.48,PIT,44418535,9.4973,statline_mc+recal_10_4b,team:CHI
27,RB2,00-0037228,Jaylen Warren,RB,PIT,6700,17.25388058290333,2.58,IND,44418541,9.1394,statline_mc+recal_10_4b,team:CHI
27,WR1,00-0037239,Chris Olave,WR,NO,7700,17.869379509506782,2.32,MIN,44418729,8.9708,statline_mc+recal_10_4b,team:CHI
27,WR2,00-0038124,Christian Watson,WR,GB,6400,13.790424628140013,2.15,CHI,44418739,8.6198,statline_mc+recal_10_4b,team:CHI
27,WR3,00-0040735,Luther Burden III,WR,CHI,4900,12.19089720900248,2.49,GB,44418765,8.3269,statline_mc+recal_10_4b,team:CHI
27,TE,00-0037838,Isaiah Likely,TE,NYG,4300,12.349959140451036,2.87,WAS,44419043,7.003,statline_mc+recal_10_4b,team:CHI
27,FLEX,00-0039919,Rome Odunze,WR,CHI,4700,9.542577257350509,2.03,GB,44418769,8.0802,statline_mc+recal_10_4b,team:CHI
28,QB,00-0038416,Tyson Bagent,QB,CHI,4700,16.935874034816088,3.6,GB,44418496,7.8968,statline_mc+recal_10_4b,team:CHI
28,DST,DST_MIN,Vikings,DST,MIN,3100,7.142541343,2.3,NO,44419224,5.9501,dst_simulated_session_10_4+recal_10_4b,team:CHI
28,RB1,00-0038597,Chase Brown,RB,CIN,6900,17.920554502624324,2.6,MIA,44418539,8.9731,statline_mc+recal_10_4b,team:CHI
28,RB2,00-0037228,Jaylen Warren,RB,PIT,6700,17.25388058290333,2.58,IND,44418541,9.1394,statline_mc+recal_10_4b,team:CHI
28,WR1,00-0036900,Ja'Marr Chase,WR,CIN,8100,16.955106491804045,2.09,MIA,44418727,8.4324,statline_mc+recal_10_4b,team:CHI
28,WR2,00-0037740,Garrett Wilson,WR,NYJ,6600,15.636191623859066,2.37,CLE,44418737,8.5641,statline_mc+recal_10_4b,team:CHI
28,WR3,00-0040735,Luther Burden III,WR,CHI,4900,12.19089720900248,2.49,GB,44418765,8.3269,statline_mc+recal_10_4b,team:CHI
28,TE,00-0037838,Isaiah Likely,TE,NYG,4300,12.349959140451036,2.87,WAS,44419043,7.003,statline_mc+recal_10_4b,team:CHI
28,FLEX,00-0039919,Rome Odunze,WR,CHI,4700,9.542577257350509,2.03,GB,44418769,8.0802,statline_mc+recal_10_4b,team:CHI
29,QB,00-0038416,Tyson Bagent,QB,CHI,4700,16.935874034816088,3.6,GB,44418496,7.8968,statline_mc+recal_10_4b,team:CHI
29,DST,DST_WAS,Commanders,DST,WAS,2900,7.926091863999999,2.73,NYG,44419227,5.9117,dst_simulated_session_10_4+recal_10_4b,team:CHI
29,RB1,00-0036223,Jonathan Taylor,RB,IND,7800,19.31898483411088,2.48,PIT,44418535,9.4973,statline_mc+recal_10_4b,team:CHI
29,RB2,00-0038597,Chase Brown,RB,CIN,6900,17.920554502624324,2.6,MIA,44418539,8.9731,statline_mc+recal_10_4b,team:CHI
29,WR1,00-0036410,Tee Higgins,WR,CIN,7100,16.5159201298452,2.33,MIA,44418735,9.3125,statline_mc+recal_10_4b,team:CHI
29,WR2,00-0040735,Luther Burden III,WR,CHI,4900,12.19089720900248,2.49,GB,44418765,8.3269,statline_mc+recal_10_4b,team:CHI
29,WR3,00-0039919,Rome Odunze,WR,CHI,4700,9.542577257350509,2.03,GB,44418769,8.0802,statline_mc+recal_10_4b,team:CHI
29,TE,00-0041032,Kenyon Sadiq,TE,NYJ,3800,8.443134233486262,2.22,CLE,44419051,6.3407,statline_mc+recal_10_4b,team:CHI
29,FLEX,00-0040122,Ashton Jeanty,RB,LV,7200,17.045921354277848,2.37,NE,44418537,8.6576,statline_mc+recal_10_4b,team:CHI
30,QB,00-0038416,Tyson Bagent,QB,CHI,4700,16.935874034816088,3.6,GB,44418496,7.8968,statline_mc+recal_10_4b,team:CHI
30,DST,DST_WAS,Commanders,DST,WAS,2900,7.926091863999999,2.73,NYG,44419227,5.9117,dst_simulated_session_10_4+recal_10_4b,team:CHI
30,RB1,00-0036223,Jonathan Taylor,RB,IND,7800,19.31898483411088,2.48,PIT,44418535,9.4973,statline_mc+recal_10_4b,team:CHI
30,RB2,00-0037228,Jaylen Warren,RB,PIT,6700,17.25388058290333,2.58,IND,44418541,9.1394,statline_mc+recal_10_4b,team:CHI
30,WR1,00-0037239,Chris Olave,WR,NO,7700,17.869379509506782,2.32,MIN,44418729,8.9708,statline_mc+recal_10_4b,team:CHI
30,WR2,00-0036410,Tee Higgins,WR,CIN,7100,16.5159201298452,2.33,MIA,44418735,9.3125,statline_mc+recal_10_4b,team:CHI
30,WR3,00-0040735,Luther Burden III,WR,CHI,4900,12.19089720900248,2.49,GB,44418765,8.3269,statline_mc+recal_10_4b,team:CHI
30,TE,00-0039066,Michael Mayer,TE,LV,3500,8.2616005870675,2.36,NE,44419055,6.2533,statline_mc+recal_10_4b,team:CHI
30,FLEX,00-0039919,Rome Odunze,WR,CHI,4700,9.542577257350509,2.03,GB,44418769,8.0802,statline_mc+recal_10_4b,team:CHI
31,QB,00-0039851,Drake Maye,QB,NE,6300,19.09016548841616,3.03,LV,44418482,8.0826,statline_mc+recal_10_4b,team:NE
31,DST,DST_WAS,Commanders,DST,WAS,2900,7.926091863999999,2.73,NYG,44419227,5.9117,dst_simulated_session_10_4+recal_10_4b,team:NE
31,RB1,00-0036223,Jonathan Taylor,RB,IND,7800,19.31898483411088,2.48,PIT,44418535,9.4973,statline_mc+recal_10_4b,team:NE
31,RB2,00-0038597,Chase Brown,RB,CIN,6900,17.920554502624324,2.6,MIA,44418539,8.9731,statline_mc+recal_10_4b,team:NE
31,WR1,00-0040667,Matthew Golden,WR,GB,5700,13.23495145214886,2.32,CHI,44418747,8.3983,statline_mc+recal_10_4b,team:NE
31,WR2,00-0040735,Luther Burden III,WR,CHI,4900,12.19089720900248,2.49,GB,44418765,8.3269,statline_mc+recal_10_4b,team:NE
31,WR3,00-0037816,Romeo Doubs,WR,NE,5000,10.83974574817727,2.17,LV,44418763,8.4014,statline_mc+recal_10_4b,team:NE
31,TE,00-0033090,Hunter Henry,TE,NE,3700,7.998434137980679,2.16,LV,44419053,6.4279,statline_mc+recal_10_4b,team:NE
31,FLEX,00-0037228,Jaylen Warren,RB,PIT,6700,17.25388058290333,2.58,IND,44418541,9.1394,statline_mc+recal_10_4b,team:NE
32,QB,00-0038416,Tyson Bagent,QB,CHI,4700,16.935874034816088,3.6,GB,44418496,7.8968,statline_mc+recal_10_4b,team:CHI
32,DST,DST_WAS,Commanders,DST,WAS,2900,7.926091863999999,2.73,NYG,44419227,5.9117,dst_simulated_session_10_4+recal_10_4b,team:CHI
32,RB1,00-0036223,Jonathan Taylor,RB,IND,7800,19.31898483411088,2.48,PIT,44418535,9.4973,statline_mc+recal_10_4b,team:CHI
32,RB2,00-0038597,Chase Brown,RB,CIN,6900,17.920554502624324,2.6,MIA,44418539,8.9731,statline_mc+recal_10_4b,team:CHI
32,WR1,00-0036410,Tee Higgins,WR,CIN,7100,16.5159201298452,2.33,MIA,44418735,9.3125,statline_mc+recal_10_4b,team:CHI
32,WR2,00-0040735,Luther Burden III,WR,CHI,4900,12.19089720900248,2.49,GB,44418765,8.3269,statline_mc+recal_10_4b,team:CHI
32,WR3,00-0039919,Rome Odunze,WR,CHI,4700,9.542577257350509,2.03,GB,44418769,8.0802,statline_mc+recal_10_4b,team:CHI
32,TE,00-0039066,Michael Mayer,TE,LV,3500,8.2616005870675,2.36,NE,44419055,6.2533,statline_mc+recal_10_4b,team:CHI
32,FLEX,00-0040122,Ashton Jeanty,RB,LV,7200,17.045921354277848,2.37,NE,44418537,8.6576,statline_mc+recal_10_4b,team:CHI
33,QB,00-0038416,Tyson Bagent,QB,CHI,4700,16.935874034816088,3.6,GB,44418496,7.8968,statline_mc+recal_10_4b,team:CHI
33,DST,DST_WAS,Commanders,DST,WAS,2900,7.926091863999999,2.73,NYG,44419227,5.9117,dst_simulated_session_10_4+recal_10_4b,team:CHI
33,RB1,00-0036223,Jonathan Taylor,RB,IND,7800,19.31898483411088,2.48,PIT,44418535,9.4973,statline_mc+recal_10_4b,team:CHI
33,RB2,00-0038597,Chase Brown,RB,CIN,6900,17.920554502624324,2.6,MIA,44418539,8.9731,statline_mc+recal_10_4b,team:CHI
33,WR1,00-0036554,Nico Collins,WR,HOU,7500,17.03119322143743,2.27,TEN,44418731,8.8891,statline_mc+recal_10_4b,team:CHI
33,WR2,00-0036410,Tee Higgins,WR,CIN,7100,16.5159201298452,2.33,MIA,44418735,9.3125,statline_mc+recal_10_4b,team:CHI
33,WR3,00-0040735,Luther Burden III,WR,CHI,4900,12.19089720900248,2.49,GB,44418765,8.3269,statline_mc+recal_10_4b,team:CHI
33,TE,00-0039066,Michael Mayer,TE,LV,3500,8.2616005870675,2.36,NE,44419055,6.2533,statline_mc+recal_10_4b,team:CHI
33,FLEX,00-0039919,Rome Odunze,WR,CHI,4700,9.542577257350509,2.03,GB,44418769,8.0802,statline_mc+recal_10_4b,team:CHI
34,QB,00-0038416,Tyson Bagent,QB,CHI,4700,16.935874034816088,3.6,GB,44418496,7.8968,statline_mc+recal_10_4b,team:CHI
34,DST,DST_WAS,Commanders,DST,WAS,2900,7.926091863999999,2.73,NYG,44419227,5.9117,dst_simulated_session_10_4+recal_10_4b,team:CHI
34,RB1,00-0036223,Jonathan Taylor,RB,IND,7800,19.31898483411088,2.48,PIT,44418535,9.4973,statline_mc+recal_10_4b,team:CHI
34,RB2,00-0037228,Jaylen Warren,RB,PIT,6700,17.25388058290333,2.58,IND,44418541,9.1394,statline_mc+recal_10_4b,team:CHI
34,WR1,00-0036554,Nico Collins,WR,HOU,7500,17.03119322143743,2.27,TEN,44418731,8.8891,statline_mc+recal_10_4b,team:CHI
34,WR2,00-0040735,Luther Burden III,WR,CHI,4900,12.19089720900248,2.49,GB,44418765,8.3269,statline_mc+recal_10_4b,team:CHI
34,WR3,00-0039919,Rome Odunze,WR,CHI,4700,9.542577257350509,2.03,GB,44418769,8.0802,statline_mc+recal_10_4b,team:CHI
34,TE,00-0039066,Michael Mayer,TE,LV,3500,8.2616005870675,2.36,NE,44419055,6.2533,statline_mc+recal_10_4b,team:CHI
34,FLEX,00-0040122,Ashton Jeanty,RB,LV,7200,17.045921354277848,2.37,NE,44418537,8.6576,statline_mc+recal_10_4b,team:CHI
35,QB,00-0038416,Tyson Bagent,QB,CHI,4700,16.935874034816088,3.6,GB,44418496,7.8968,statline_mc+recal_10_4b,team:CHI
35,DST,DST_CLE,Browns,DST,CLE,2800,6.738571699,2.41,NYJ,44419228,5.8244,dst_simulated_session_10_4+recal_10_4b,team:CHI
35,RB1,00-0036223,Jonathan Taylor,RB,IND,7800,19.31898483411088,2.48,PIT,44418535,9.4973,statline_mc+recal_10_4b,team:CHI
35,RB2,00-0038597,Chase Brown,RB,CIN,6900,17.920554502624324,2.6,MIA,44418539,8.9731,statline_mc+recal_10_4b,team:CHI
35,WR1,00-0036900,Ja'Marr Chase,WR,CIN,8100,16.955106491804045,2.09,MIA,44418727,8.4324,statline_mc+recal_10_4b,team:CHI
35,WR2,00-0040735,Luther Burden III,WR,CHI,4900,12.19089720900248,2.49,GB,44418765,8.3269,statline_mc+recal_10_4b,team:CHI
35,WR3,00-0039919,Rome Odunze,WR,CHI,4700,9.542577257350509,2.03,GB,44418769,8.0802,statline_mc+recal_10_4b,team:CHI
35,TE,00-0037838,Isaiah Likely,TE,NYG,4300,12.349959140451036,2.87,WAS,44419043,7.003,statline_mc+recal_10_4b,team:CHI
35,FLEX,00-0040784,Quinshon Judkins,RB,CLE,5700,13.538671693848102,2.38,NYJ,44418555,8.1776,statline_mc+recal_10_4b,team:CHI
36,QB,00-0038416,Tyson Bagent,QB,CHI,4700,16.935874034816088,3.6,GB,44418496,7.8968,statline_mc+recal_10_4b,team:CHI
36,DST,DST_WAS,Commanders,DST,WAS,2900,7.926091863999999,2.73,NYG,44419227,5.9117,dst_simulated_session_10_4+recal_10_4b,team:CHI
36,RB1,00-0036223,Jonathan Taylor,RB,IND,7800,19.31898483411088,2.48,PIT,44418535,9.4973,statline_mc+recal_10_4b,team:CHI
36,RB2,00-0038597,Chase Brown,RB,CIN,6900,17.920554502624324,2.6,MIA,44418539,8.9731,statline_mc+recal_10_4b,team:CHI
36,WR1,00-0036410,Tee Higgins,WR,CIN,7100,16.5159201298452,2.33,MIA,44418735,9.3125,statline_mc+recal_10_4b,team:CHI
36,WR2,00-0040735,Luther Burden III,WR,CHI,4900,12.19089720900248,2.49,GB,44418765,8.3269,statline_mc+recal_10_4b,team:CHI
36,WR3,00-0039919,Rome Odunze,WR,CHI,4700,9.542577257350509,2.03,GB,44418769,8.0802,statline_mc+recal_10_4b,team:CHI
36,TE,00-0033090,Hunter Henry,TE,NE,3700,7.998434137980679,2.16,LV,44419053,6.4279,statline_mc+recal_10_4b,team:CHI
36,FLEX,00-0040122,Ashton Jeanty,RB,LV,7200,17.045921354277848,2.37,NE,44418537,8.6576,statline_mc+recal_10_4b,team:CHI
37,QB,00-0039851,Drake Maye,QB,NE,6300,19.09016548841616,3.03,LV,44418482,8.0826,statline_mc+recal_10_4b,team:NE
37,DST,DST_WAS,Commanders,DST,WAS,2900,7.926091863999999,2.73,NYG,44419227,5.9117,dst_simulated_session_10_4+recal_10_4b,team:NE
37,RB1,00-0038597,Chase Brown,RB,CIN,6900,17.920554502624324,2.6,MIA,44418539,8.9731,statline_mc+recal_10_4b,team:NE
37,RB2,00-0037228,Jaylen Warren,RB,PIT,6700,17.25388058290333,2.58,IND,44418541,9.1394,statline_mc+recal_10_4b,team:NE
37,WR1,00-0036410,Tee Higgins,WR,CIN,7100,16.5159201298452,2.33,MIA,44418735,9.3125,statline_mc+recal_10_4b,team:NE
37,WR2,00-0040735,Luther Burden III,WR,CHI,4900,12.19089720900248,2.49,GB,44418765,8.3269,statline_mc+recal_10_4b,team:NE
37,WR3,00-0037816,Romeo Doubs,WR,NE,5000,10.83974574817727,2.17,LV,44418763,8.4014,statline_mc+recal_10_4b,team:NE
37,TE,00-0033090,Hunter Henry,TE,NE,3700,7.998434137980679,2.16,LV,44419053,6.4279,statline_mc+recal_10_4b,team:NE
37,FLEX,00-0033293,Aaron Jones Sr.,RB,MIN,6500,15.457161789215952,2.38,NO,44418543,8.7008,statline_mc+recal_10_4b,team:NE
38,QB,00-0038416,Tyson Bagent,QB,CHI,4700,16.935874034816088,3.6,GB,44418496,7.8968,statline_mc+recal_10_4b,team:CHI
38,DST,DST_WAS,Commanders,DST,WAS,2900,7.926091863999999,2.73,NYG,44419227,5.9117,dst_simulated_session_10_4+recal_10_4b,team:CHI
38,RB1,00-0036223,Jonathan Taylor,RB,IND,7800,19.31898483411088,2.48,PIT,44418535,9.4973,statline_mc+recal_10_4b,team:CHI
38,RB2,00-0037228,Jaylen Warren,RB,PIT,6700,17.25388058290333,2.58,IND,44418541,9.1394,statline_mc+recal_10_4b,team:CHI
38,WR1,00-0036410,Tee Higgins,WR,CIN,7100,16.5159201298452,2.33,MIA,44418735,9.3125,statline_mc+recal_10_4b,team:CHI
38,WR2,00-0040735,Luther Burden III,WR,CHI,4900,12.19089720900248,2.49,GB,44418765,8.3269,statline_mc+recal_10_4b,team:CHI
38,WR3,00-0039919,Rome Odunze,WR,CHI,4700,9.542577257350509,2.03,GB,44418769,8.0802,statline_mc+recal_10_4b,team:CHI
38,TE,00-0041032,Kenyon Sadiq,TE,NYJ,3800,8.443134233486262,2.22,CLE,44419051,6.3407,statline_mc+recal_10_4b,team:CHI
38,FLEX,00-0040122,Ashton Jeanty,RB,LV,7200,17.045921354277848,2.37,NE,44418537,8.6576,statline_mc+recal_10_4b,team:CHI
39,QB,00-0038416,Tyson Bagent,QB,CHI,4700,16.935874034816088,3.6,GB,44418496,7.8968,statline_mc+recal_10_4b,team:CHI
39,DST,DST_WAS,Commanders,DST,WAS,2900,7.926091863999999,2.73,NYG,44419227,5.9117,dst_simulated_session_10_4+recal_10_4b,team:CHI
39,RB1,00-0036223,Jonathan Taylor,RB,IND,7800,19.31898483411088,2.48,PIT,44418535,9.4973,statline_mc+recal_10_4b,team:CHI
39,RB2,00-0038597,Chase Brown,RB,CIN,6900,17.920554502624324,2.6,MIA,44418539,8.9731,statline_mc+recal_10_4b,team:CHI
39,WR1,00-0037239,Chris Olave,WR,NO,7700,17.869379509506782,2.32,MIN,44418729,8.9708,statline_mc+recal_10_4b,team:CHI
39,WR2,00-0040735,Luther Burden III,WR,CHI,4900,12.19089720900248,2.49,GB,44418765,8.3269,statline_mc+recal_10_4b,team:CHI
39,WR3,00-0039919,Rome Odunze,WR,CHI,4700,9.542577257350509,2.03,GB,44418769,8.0802,statline_mc+recal_10_4b,team:CHI
39,TE,00-0033090,Hunter Henry,TE,NE,3700,7.998434137980679,2.16,LV,44419053,6.4279,statline_mc+recal_10_4b,team:CHI
39,FLEX,00-0033293,Aaron Jones Sr.,RB,MIN,6500,15.457161789215952,2.38,NO,44418543,8.7008,statline_mc+recal_10_4b,team:CHI
40,QB,00-0038416,Tyson Bagent,QB,CHI,4700,16.935874034816088,3.6,GB,44418496,7.8968,statline_mc+recal_10_4b,team:CHI
40,DST,DST_WAS,Commanders,DST,WAS,2900,7.926091863999999,2.73,NYG,44419227,5.9117,dst_simulated_session_10_4+recal_10_4b,team:CHI
40,RB1,00-0038597,Chase Brown,RB,CIN,6900,17.920554502624324,2.6,MIA,44418539,8.9731,statline_mc+recal_10_4b,team:CHI
40,RB2,00-0037228,Jaylen Warren,RB,PIT,6700,17.25388058290333,2.58,IND,44418541,9.1394,statline_mc+recal_10_4b,team:CHI
40,WR1,00-0037239,Chris Olave,WR,NO,7700,17.869379509506782,2.32,MIN,44418729,8.9708,statline_mc+recal_10_4b,team:CHI
40,WR2,00-0040735,Luther Burden III,WR,CHI,4900,12.19089720900248,2.49,GB,44418765,8.3269,statline_mc+recal_10_4b,team:CHI
40,WR3,00-0039919,Rome Odunze,WR,CHI,4700,9.542577257350509,2.03,GB,44418769,8.0802,statline_mc+recal_10_4b,team:CHI
40,TE,00-0041032,Kenyon Sadiq,TE,NYJ,3800,8.443134233486262,2.22,CLE,44419051,6.3407,statline_mc+recal_10_4b,team:CHI
40,FLEX,00-0040122,Ashton Jeanty,RB,LV,7200,17.045921354277848,2.37,NE,44418537,8.6576,statline_mc+recal_10_4b,team:CHI
41,QB,00-0038416,Tyson Bagent,QB,CHI,4700,16.935874034816088,3.6,GB,44418496,7.8968,statline_mc+recal_10_4b,team:CHI
41,DST,DST_WAS,Commanders,DST,WAS,2900,7.926091863999999,2.73,NYG,44419227,5.9117,dst_simulated_session_10_4+recal_10_4b,team:CHI
41,RB1,00-0038597,Chase Brown,RB,CIN,6900,17.920554502624324,2.6,MIA,44418539,8.9731,statline_mc+recal_10_4b,team:CHI
41,RB2,00-0037228,Jaylen Warren,RB,PIT,6700,17.25388058290333,2.58,IND,44418541,9.1394,statline_mc+recal_10_4b,team:CHI
41,WR1,00-0037239,Chris Olave,WR,NO,7700,17.869379509506782,2.32,MIN,44418729,8.9708,statline_mc+recal_10_4b,team:CHI
41,WR2,00-0036554,Nico Collins,WR,HOU,7500,17.03119322143743,2.27,TEN,44418731,8.8891,statline_mc+recal_10_4b,team:CHI
41,WR3,00-0040735,Luther Burden III,WR,CHI,4900,12.19089720900248,2.49,GB,44418765,8.3269,statline_mc+recal_10_4b,team:CHI
41,TE,00-0041032,Kenyon Sadiq,TE,NYJ,3800,8.443134233486262,2.22,CLE,44419051,6.3407,statline_mc+recal_10_4b,team:CHI
41,FLEX,00-0039919,Rome Odunze,WR,CHI,4700,9.542577257350509,2.03,GB,44418769,8.0802,statline_mc+recal_10_4b,team:CHI
42,QB,00-0038416,Tyson Bagent,QB,CHI,4700,16.935874034816088,3.6,GB,44418496,7.8968,statline_mc+recal_10_4b,team:CHI
42,DST,DST_WAS,Commanders,DST,WAS,2900,7.926091863999999,2.73,NYG,44419227,5.9117,dst_simulated_session_10_4+recal_10_4b,team:CHI
42,RB1,00-0036223,Jonathan Taylor,RB,IND,7800,19.31898483411088,2.48,PIT,44418535,9.4973,statline_mc+recal_10_4b,team:CHI
42,RB2,00-0037228,Jaylen Warren,RB,PIT,6700,17.25388058290333,2.58,IND,44418541,9.1394,statline_mc+recal_10_4b,team:CHI
42,WR1,00-0036410,Tee Higgins,WR,CIN,7100,16.5159201298452,2.33,MIA,44418735,9.3125,statline_mc+recal_10_4b,team:CHI
42,WR2,00-0040735,Luther Burden III,WR,CHI,4900,12.19089720900248,2.49,GB,44418765,8.3269,statline_mc+recal_10_4b,team:CHI
42,WR3,00-0039919,Rome Odunze,WR,CHI,4700,9.542577257350509,2.03,GB,44418769,8.0802,statline_mc+recal_10_4b,team:CHI
42,TE,00-0039066,Michael Mayer,TE,LV,3500,8.2616005870675,2.36,NE,44419055,6.2533,statline_mc+recal_10_4b,team:CHI
42,FLEX,00-0040122,Ashton Jeanty,RB,LV,7200,17.045921354277848,2.37,NE,44418537,8.6576,statline_mc+recal_10_4b,team:CHI
43,QB,00-0038416,Tyson Bagent,QB,CHI,4700,16.935874034816088,3.6,GB,44418496,7.8968,statline_mc+recal_10_4b,team:CHI
43,DST,DST_CLE,Browns,DST,CLE,2800,6.738571699,2.41,NYJ,44419228,5.8244,dst_simulated_session_10_4+recal_10_4b,team:CHI
43,RB1,00-0036223,Jonathan Taylor,RB,IND,7800,19.31898483411088,2.48,PIT,44418535,9.4973,statline_mc+recal_10_4b,team:CHI
43,RB2,00-0038597,Chase Brown,RB,CIN,6900,17.920554502624324,2.6,MIA,44418539,8.9731,statline_mc+recal_10_4b,team:CHI
43,WR1,00-0036554,Nico Collins,WR,HOU,7500,17.03119322143743,2.27,TEN,44418731,8.8891,statline_mc+recal_10_4b,team:CHI
43,WR2,00-0040735,Luther Burden III,WR,CHI,4900,12.19089720900248,2.49,GB,44418765,8.3269,statline_mc+recal_10_4b,team:CHI
43,WR3,00-0039919,Rome Odunze,WR,CHI,4700,9.542577257350509,2.03,GB,44418769,8.0802,statline_mc+recal_10_4b,team:CHI
43,TE,00-0039066,Michael Mayer,TE,LV,3500,8.2616005870675,2.36,NE,44419055,6.2533,statline_mc+recal_10_4b,team:CHI
43,FLEX,00-0040122,Ashton Jeanty,RB,LV,7200,17.045921354277848,2.37,NE,44418537,8.6576,statline_mc+recal_10_4b,team:CHI
44,QB,00-0038416,Tyson Bagent,QB,CHI,4700,16.935874034816088,3.6,GB,44418496,7.8968,statline_mc+recal_10_4b,team:CHI
44,DST,DST_WAS,Commanders,DST,WAS,2900,7.926091863999999,2.73,NYG,44419227,5.9117,dst_simulated_session_10_4+recal_10_4b,team:CHI
44,RB1,00-0036223,Jonathan Taylor,RB,IND,7800,19.31898483411088,2.48,PIT,44418535,9.4973,statline_mc+recal_10_4b,team:CHI
44,RB2,00-0037228,Jaylen Warren,RB,PIT,6700,17.25388058290333,2.58,IND,44418541,9.1394,statline_mc+recal_10_4b,team:CHI
44,WR1,00-0037239,Chris Olave,WR,NO,7700,17.869379509506782,2.32,MIN,44418729,8.9708,statline_mc+recal_10_4b,team:CHI
44,WR2,00-0040735,Luther Burden III,WR,CHI,4900,12.19089720900248,2.49,GB,44418765,8.3269,statline_mc+recal_10_4b,team:CHI
44,WR3,00-0039919,Rome Odunze,WR,CHI,4700,9.542577257350509,2.03,GB,44418769,8.0802,statline_mc+recal_10_4b,team:CHI
44,TE,00-0041032,Kenyon Sadiq,TE,NYJ,3800,8.443134233486262,2.22,CLE,44419051,6.3407,statline_mc+recal_10_4b,team:CHI
44,FLEX,00-0033293,Aaron Jones Sr.,RB,MIN,6500,15.457161789215952,2.38,NO,44418543,8.7008,statline_mc+recal_10_4b,team:CHI
45,QB,00-0023459,Aaron Rodgers,QB,PIT,5300,16.309386779645138,3.08,IND,44418489,7.94,statline_mc+recal_10_4b,team:PIT
45,DST,DST_CLE,Browns,DST,CLE,2800,6.738571699,2.41,NYJ,44419228,5.8244,dst_simulated_session_10_4+recal_10_4b,team:PIT
45,RB1,00-0036223,Jonathan Taylor,RB,IND,7800,19.31898483411088,2.48,PIT,44418535,9.4973,statline_mc+recal_10_4b,team:PIT
45,RB2,00-0038597,Chase Brown,RB,CIN,6900,17.920554502624324,2.6,MIA,44418539,8.9731,statline_mc+recal_10_4b,team:PIT
45,WR1,00-0036410,Tee Higgins,WR,CIN,7100,16.5159201298452,2.33,MIA,44418735,9.3125,statline_mc+recal_10_4b,team:PIT
45,WR2,00-0035640,DK Metcalf,WR,PIT,5400,11.686919655085743,2.16,IND,44418751,8.0609,statline_mc+recal_10_4b,team:PIT
45,WR3,00-0039739,Roman Wilson,WR,PIT,3700,6.792604942096717,1.84,IND,44418801,7.4918,statline_mc+recal_10_4b,team:PIT
45,TE,00-0037838,Isaiah Likely,TE,NYG,4300,12.349959140451036,2.87,WAS,44419043,7.003,statline_mc+recal_10_4b,team:PIT
45,FLEX,00-0037228,Jaylen Warren,RB,PIT,6700,17.25388058290333,2.58,IND,44418541,9.1394,statline_mc+recal_10_4b,team:PIT
46,QB,00-0039851,Drake Maye,QB,NE,6300,19.09016548841616,3.03,LV,44418482,8.0826,statline_mc+recal_10_4b,team:NE
46,DST,DST_WAS,Commanders,DST,WAS,2900,7.926091863999999,2.73,NYG,44419227,5.9117,dst_simulated_session_10_4+recal_10_4b,team:NE
46,RB1,00-0038597,Chase Brown,RB,CIN,6900,17.920554502624324,2.6,MIA,44418539,8.9731,statline_mc+recal_10_4b,team:NE
46,RB2,00-0037228,Jaylen Warren,RB,PIT,6700,17.25388058290333,2.58,IND,44418541,9.1394,statline_mc+recal_10_4b,team:NE
46,WR1,00-0037740,Garrett Wilson,WR,NYJ,6600,15.636191623859066,2.37,CLE,44418737,8.5641,statline_mc+recal_10_4b,team:NE
46,WR2,00-0041438,Carnell Tate,WR,TEN,5300,12.646017256852442,2.39,HOU,44418757,8.2402,statline_mc+recal_10_4b,team:NE
46,WR3,00-0037816,Romeo Doubs,WR,NE,5000,10.83974574817727,2.17,LV,44418763,8.4014,statline_mc+recal_10_4b,team:NE
46,TE,00-0033090,Hunter Henry,TE,NE,3700,7.998434137980679,2.16,LV,44419053,6.4279,statline_mc+recal_10_4b,team:NE
46,FLEX,00-0033293,Aaron Jones Sr.,RB,MIN,6500,15.457161789215952,2.38,NO,44418543,8.7008,statline_mc+recal_10_4b,team:NE
47,QB,00-0039851,Drake Maye,QB,NE,6300,19.09016548841616,3.03,LV,44418482,8.0826,statline_mc+recal_10_4b,team:NE
47,DST,DST_WAS,Commanders,DST,WAS,2900,7.926091863999999,2.73,NYG,44419227,5.9117,dst_simulated_session_10_4+recal_10_4b,team:NE
47,RB1,00-0038597,Chase Brown,RB,CIN,6900,17.920554502624324,2.6,MIA,44418539,8.9731,statline_mc+recal_10_4b,team:NE
47,RB2,00-0037228,Jaylen Warren,RB,PIT,6700,17.25388058290333,2.58,IND,44418541,9.1394,statline_mc+recal_10_4b,team:NE
47,WR1,00-0036410,Tee Higgins,WR,CIN,7100,16.5159201298452,2.33,MIA,44418735,9.3125,statline_mc+recal_10_4b,team:NE
47,WR2,00-0037816,Romeo Doubs,WR,NE,5000,10.83974574817727,2.17,LV,44418763,8.4014,statline_mc+recal_10_4b,team:NE
47,WR3,00-0041547,KC Concepcion Jr.,WR,CLE,4200,10.152592266640614,2.42,NYJ,44418783,7.5891,statline_mc+recal_10_4b,team:NE
47,TE,00-0033090,Hunter Henry,TE,NE,3700,7.998434137980679,2.16,LV,44419053,6.4279,statline_mc+recal_10_4b,team:NE
47,FLEX,00-0040122,Ashton Jeanty,RB,LV,7200,17.045921354277848,2.37,NE,44418537,8.6576,statline_mc+recal_10_4b,team:NE
48,QB,00-0039851,Drake Maye,QB,NE,6300,19.09016548841616,3.03,LV,44418482,8.0826,statline_mc+recal_10_4b,team:NE
48,DST,DST_CLE,Browns,DST,CLE,2800,6.738571699,2.41,NYJ,44419228,5.8244,dst_simulated_session_10_4+recal_10_4b,team:NE
48,RB1,00-0036223,Jonathan Taylor,RB,IND,7800,19.31898483411088,2.48,PIT,44418535,9.4973,statline_mc+recal_10_4b,team:NE
48,RB2,00-0037228,Jaylen Warren,RB,PIT,6700,17.25388058290333,2.58,IND,44418541,9.1394,statline_mc+recal_10_4b,team:NE
48,WR1,00-0037239,Chris Olave,WR,NO,7700,17.869379509506782,2.32,MIN,44418729,8.9708,statline_mc+recal_10_4b,team:NE
48,WR2,00-0040667,Matthew Golden,WR,GB,5700,13.23495145214886,2.32,CHI,44418747,8.3983,statline_mc+recal_10_4b,team:NE
48,WR3,00-0037816,Romeo Doubs,WR,NE,5000,10.83974574817727,2.17,LV,44418763,8.4014,statline_mc+recal_10_4b,team:NE
48,TE,00-0037838,Isaiah Likely,TE,NYG,4300,12.349959140451036,2.87,WAS,44419043,7.003,statline_mc+recal_10_4b,team:NE
48,FLEX,00-0033090,Hunter Henry,TE,NE,3700,7.998434137980679,2.16,LV,44419053,6.4279,statline_mc+recal_10_4b,team:NE
49,QB,00-0039851,Drake Maye,QB,NE,6300,19.09016548841616,3.03,LV,44418482,8.0826,statline_mc+recal_10_4b,team:NE
49,DST,DST_WAS,Commanders,DST,WAS,2900,7.926091863999999,2.73,NYG,44419227,5.9117,dst_simulated_session_10_4+recal_10_4b,team:NE
49,RB1,00-0036223,Jonathan Taylor,RB,IND,7800,19.31898483411088,2.48,PIT,44418535,9.4973,statline_mc+recal_10_4b,team:NE
49,RB2,00-0038597,Chase Brown,RB,CIN,6900,17.920554502624324,2.6,MIA,44418539,8.9731,statline_mc+recal_10_4b,team:NE
49,WR1,00-0041438,Carnell Tate,WR,TEN,5300,12.646017256852442,2.39,HOU,44418757,8.2402,statline_mc+recal_10_4b,team:NE
49,WR2,00-0035640,DK Metcalf,WR,PIT,5400,11.686919655085743,2.16,IND,44418751,8.0609,statline_mc+recal_10_4b,team:NE
49,WR3,00-0037816,Romeo Doubs,WR,NE,5000,10.83974574817727,2.17,LV,44418763,8.4014,statline_mc+recal_10_4b,team:NE
49,TE,00-0033090,Hunter Henry,TE,NE,3700,7.998434137980679,2.16,LV,44419053,6.4279,statline_mc+recal_10_4b,team:NE
49,FLEX,00-0037228,Jaylen Warren,RB,PIT,6700,17.25388058290333,2.58,IND,44418541,9.1394,statline_mc+recal_10_4b,team:NE
50,QB,00-0039851,Drake Maye,QB,NE,6300,19.09016548841616,3.03,LV,44418482,8.0826,statline_mc+recal_10_4b,team:NE
50,DST,DST_NE,Patriots,DST,NE,3000,6.560239070500001,2.19,LV,44419225,5.8025,dst_simulated_session_10_4+recal_10_4b,team:NE
50,RB1,00-0038597,Chase Brown,RB,CIN,6900,17.920554502624324,2.6,MIA,44418539,8.9731,statline_mc+recal_10_4b,team:NE
50,RB2,00-0037228,Jaylen Warren,RB,PIT,6700,17.25388058290333,2.58,IND,44418541,9.1394,statline_mc+recal_10_4b,team:NE
50,WR1,00-0036554,Nico Collins,WR,HOU,7500,17.03119322143743,2.27,TEN,44418731,8.8891,statline_mc+recal_10_4b,team:NE
50,WR2,00-0037740,Garrett Wilson,WR,NYJ,6600,15.636191623859066,2.37,CLE,44418737,8.5641,statline_mc+recal_10_4b,team:NE
50,WR3,00-0037816,Romeo Doubs,WR,NE,5000,10.83974574817727,2.17,LV,44418763,8.4014,statline_mc+recal_10_4b,team:NE
50,TE,00-0037838,Isaiah Likely,TE,NYG,4300,12.349959140451036,2.87,WAS,44419043,7.003,statline_mc+recal_10_4b,team:NE
50,FLEX,00-0033090,Hunter Henry,TE,NE,3700,7.998434137980679,2.16,LV,44419053,6.4279,statline_mc+recal_10_4b,team:NE
51,QB,00-0038416,Tyson Bagent,QB,CHI,4700,16.935874034816088,3.6,GB,44418496,7.8968,statline_mc+recal_10_4b,team:CHI
51,DST,DST_WAS,Commanders,DST,WAS,2900,7.926091863999999,2.73,NYG,44419227,5.9117,dst_simulated_session_10_4+recal_10_4b,team:CHI
51,RB1,00-0036223,Jonathan Taylor,RB,IND,7800,19.31898483411088,2.48,PIT,44418535,9.4973,statline_mc+recal_10_4b,team:CHI
51,RB2,00-0038597,Chase Brown,RB,CIN,6900,17.920554502624324,2.6,MIA,44418539,8.9731,statline_mc+recal_10_4b,team:CHI
51,WR1,00-0036900,Ja'Marr Chase,WR,CIN,8100,16.955106491804045,2.09,MIA,44418727,8.4324,statline_mc+recal_10_4b,team:CHI
51,WR2,00-0040735,Luther Burden III,WR,CHI,4900,12.19089720900248,2.49,GB,44418765,8.3269,statline_mc+recal_10_4b,team:CHI
51,WR3,00-0039919,Rome Odunze,WR,CHI,4700,9.542577257350509,2.03,GB,44418769,8.0802,statline_mc+recal_10_4b,team:CHI
51,TE,00-0039066,Michael Mayer,TE,LV,3500,8.2616005870675,2.36,NE,44419055,6.2533,statline_mc+recal_10_4b,team:CHI
51,FLEX,00-0033293,Aaron Jones Sr.,RB,MIN,6500,15.457161789215952,2.38,NO,44418543,8.7008,statline_mc+recal_10_4b,team:CHI
52,QB,00-0039851,Drake Maye,QB,NE,6300,19.09016548841616,3.03,LV,44418482,8.0826,statline_mc+recal_10_4b,team:NE
52,DST,DST_WAS,Commanders,DST,WAS,2900,7.926091863999999,2.73,NYG,44419227,5.9117,dst_simulated_session_10_4+recal_10_4b,team:NE
52,RB1,00-0038597,Chase Brown,RB,CIN,6900,17.920554502624324,2.6,MIA,44418539,8.9731,statline_mc+recal_10_4b,team:NE
52,RB2,00-0037228,Jaylen Warren,RB,PIT,6700,17.25388058290333,2.58,IND,44418541,9.1394,statline_mc+recal_10_4b,team:NE
52,WR1,00-0037239,Chris Olave,WR,NO,7700,17.869379509506782,2.32,MIN,44418729,8.9708,statline_mc+recal_10_4b,team:NE
52,WR2,00-0037816,Romeo Doubs,WR,NE,5000,10.83974574817727,2.17,LV,44418763,8.4014,statline_mc+recal_10_4b,team:NE
52,WR3,00-0041547,KC Concepcion Jr.,WR,CLE,4200,10.152592266640614,2.42,NYJ,44418783,7.5891,statline_mc+recal_10_4b,team:NE
52,TE,00-0033090,Hunter Henry,TE,NE,3700,7.998434137980679,2.16,LV,44419053,6.4279,statline_mc+recal_10_4b,team:NE
52,FLEX,00-0033293,Aaron Jones Sr.,RB,MIN,6500,15.457161789215952,2.38,NO,44418543,8.7008,statline_mc+recal_10_4b,team:NE
53,QB,00-0023459,Aaron Rodgers,QB,PIT,5300,16.309386779645138,3.08,IND,44418489,7.94,statline_mc+recal_10_4b,team:PIT
53,DST,DST_MIN,Vikings,DST,MIN,3100,7.142541343,2.3,NO,44419224,5.9501,dst_simulated_session_10_4+recal_10_4b,team:PIT
53,RB1,00-0036223,Jonathan Taylor,RB,IND,7800,19.31898483411088,2.48,PIT,44418535,9.4973,statline_mc+recal_10_4b,team:PIT
53,RB2,00-0038597,Chase Brown,RB,CIN,6900,17.920554502624324,2.6,MIA,44418539,8.9731,statline_mc+recal_10_4b,team:PIT
53,WR1,00-0037740,Garrett Wilson,WR,NYJ,6600,15.636191623859066,2.37,CLE,44418737,8.5641,statline_mc+recal_10_4b,team:PIT
53,WR2,00-0035640,DK Metcalf,WR,PIT,5400,11.686919655085743,2.16,IND,44418751,8.0609,statline_mc+recal_10_4b,team:PIT
53,WR3,00-0039739,Roman Wilson,WR,PIT,3700,6.792604942096717,1.84,IND,44418801,7.4918,statline_mc+recal_10_4b,team:PIT
53,TE,00-0037838,Isaiah Likely,TE,NYG,4300,12.349959140451036,2.87,WAS,44419043,7.003,statline_mc+recal_10_4b,team:PIT
53,FLEX,00-0037228,Jaylen Warren,RB,PIT,6700,17.25388058290333,2.58,IND,44418541,9.1394,statline_mc+recal_10_4b,team:PIT
54,QB,00-0038416,Tyson Bagent,QB,CHI,4700,16.935874034816088,3.6,GB,44418496,7.8968,statline_mc+recal_10_4b,team:CHI
54,DST,DST_CLE,Browns,DST,CLE,2800,6.738571699,2.41,NYJ,44419228,5.8244,dst_simulated_session_10_4+recal_10_4b,team:CHI
54,RB1,00-0036223,Jonathan Taylor,RB,IND,7800,19.31898483411088,2.48,PIT,44418535,9.4973,statline_mc+recal_10_4b,team:CHI
54,RB2,00-0037228,Jaylen Warren,RB,PIT,6700,17.25388058290333,2.58,IND,44418541,9.1394,statline_mc+recal_10_4b,team:CHI
54,WR1,00-0036554,Nico Collins,WR,HOU,7500,17.03119322143743,2.27,TEN,44418731,8.8891,statline_mc+recal_10_4b,team:CHI
54,WR2,00-0040735,Luther Burden III,WR,CHI,4900,12.19089720900248,2.49,GB,44418765,8.3269,statline_mc+recal_10_4b,team:CHI
54,WR3,00-0039919,Rome Odunze,WR,CHI,4700,9.542577257350509,2.03,GB,44418769,8.0802,statline_mc+recal_10_4b,team:CHI
54,TE,00-0039066,Michael Mayer,TE,LV,3500,8.2616005870675,2.36,NE,44419055,6.2533,statline_mc+recal_10_4b,team:CHI
54,FLEX,00-0040122,Ashton Jeanty,RB,LV,7200,17.045921354277848,2.37,NE,44418537,8.6576,statline_mc+recal_10_4b,team:CHI
55,QB,00-0039851,Drake Maye,QB,NE,6300,19.09016548841616,3.03,LV,44418482,8.0826,statline_mc+recal_10_4b,team:NE
55,DST,DST_WAS,Commanders,DST,WAS,2900,7.926091863999999,2.73,NYG,44419227,5.9117,dst_simulated_session_10_4+recal_10_4b,team:NE
55,RB1,00-0038597,Chase Brown,RB,CIN,6900,17.920554502624324,2.6,MIA,44418539,8.9731,statline_mc+recal_10_4b,team:NE
55,RB2,00-0037228,Jaylen Warren,RB,PIT,6700,17.25388058290333,2.58,IND,44418541,9.1394,statline_mc+recal_10_4b,team:NE
55,WR1,00-0036410,Tee Higgins,WR,CIN,7100,16.5159201298452,2.33,MIA,44418735,9.3125,statline_mc+recal_10_4b,team:NE
55,WR2,00-0040667,Matthew Golden,WR,GB,5700,13.23495145214886,2.32,CHI,44418747,8.3983,statline_mc+recal_10_4b,team:NE
55,WR3,00-0037816,Romeo Doubs,WR,NE,5000,10.83974574817727,2.17,LV,44418763,8.4014,statline_mc+recal_10_4b,team:NE
55,TE,00-0033090,Hunter Henry,TE,NE,3700,7.998434137980679,2.16,LV,44419053,6.4279,statline_mc+recal_10_4b,team:NE
55,FLEX,00-0040784,Quinshon Judkins,RB,CLE,5700,13.538671693848102,2.38,NYJ,44418555,8.1776,statline_mc+recal_10_4b,team:NE
56,QB,00-0039851,Drake Maye,QB,NE,6300,19.09016548841616,3.03,LV,44418482,8.0826,statline_mc+recal_10_4b,team:NE
56,DST,DST_WAS,Commanders,DST,WAS,2900,7.926091863999999,2.73,NYG,44419227,5.9117,dst_simulated_session_10_4+recal_10_4b,team:NE
56,RB1,00-0036223,Jonathan Taylor,RB,IND,7800,19.31898483411088,2.48,PIT,44418535,9.4973,statline_mc+recal_10_4b,team:NE
56,RB2,00-0037228,Jaylen Warren,RB,PIT,6700,17.25388058290333,2.58,IND,44418541,9.1394,statline_mc+recal_10_4b,team:NE
56,WR1,00-0037740,Garrett Wilson,WR,NYJ,6600,15.636191623859066,2.37,CLE,44418737,8.5641,statline_mc+recal_10_4b,team:NE
56,WR2,00-0041438,Carnell Tate,WR,TEN,5300,12.646017256852442,2.39,HOU,44418757,8.2402,statline_mc+recal_10_4b,team:NE
56,WR3,00-0037816,Romeo Doubs,WR,NE,5000,10.83974574817727,2.17,LV,44418763,8.4014,statline_mc+recal_10_4b,team:NE
56,TE,00-0033090,Hunter Henry,TE,NE,3700,7.998434137980679,2.16,LV,44419053,6.4279,statline_mc+recal_10_4b,team:NE
56,FLEX,00-0040784,Quinshon Judkins,RB,CLE,5700,13.538671693848102,2.38,NYJ,44418555,8.1776,statline_mc+recal_10_4b,team:NE
57,QB,00-0039851,Drake Maye,QB,NE,6300,19.09016548841616,3.03,LV,44418482,8.0826,statline_mc+recal_10_4b,team:NE
57,DST,DST_WAS,Commanders,DST,WAS,2900,7.926091863999999,2.73,NYG,44419227,5.9117,dst_simulated_session_10_4+recal_10_4b,team:NE
57,RB1,00-0038597,Chase Brown,RB,CIN,6900,17.920554502624324,2.6,MIA,44418539,8.9731,statline_mc+recal_10_4b,team:NE
57,RB2,00-0037228,Jaylen Warren,RB,PIT,6700,17.25388058290333,2.58,IND,44418541,9.1394,statline_mc+recal_10_4b,team:NE
57,WR1,00-0036554,Nico Collins,WR,HOU,7500,17.03119322143743,2.27,TEN,44418731,8.8891,statline_mc+recal_10_4b,team:NE
57,WR2,00-0041438,Carnell Tate,WR,TEN,5300,12.646017256852442,2.39,HOU,44418757,8.2402,statline_mc+recal_10_4b,team:NE
57,WR3,00-0037816,Romeo Doubs,WR,NE,5000,10.83974574817727,2.17,LV,44418763,8.4014,statline_mc+recal_10_4b,team:NE
57,TE,00-0033090,Hunter Henry,TE,NE,3700,7.998434137980679,2.16,LV,44419053,6.4279,statline_mc+recal_10_4b,team:NE
57,FLEX,00-0040784,Quinshon Judkins,RB,CLE,5700,13.538671693848102,2.38,NYJ,44418555,8.1776,statline_mc+recal_10_4b,team:NE
58,QB,00-0039851,Drake Maye,QB,NE,6300,19.09016548841616,3.03,LV,44418482,8.0826,statline_mc+recal_10_4b,team:NE
58,DST,DST_WAS,Commanders,DST,WAS,2900,7.926091863999999,2.73,NYG,44419227,5.9117,dst_simulated_session_10_4+recal_10_4b,team:NE
58,RB1,00-0036223,Jonathan Taylor,RB,IND,7800,19.31898483411088,2.48,PIT,44418535,9.4973,statline_mc+recal_10_4b,team:NE
58,RB2,00-0037228,Jaylen Warren,RB,PIT,6700,17.25388058290333,2.58,IND,44418541,9.1394,statline_mc+recal_10_4b,team:NE
58,WR1,00-0037239,Chris Olave,WR,NO,7700,17.869379509506782,2.32,MIN,44418729,8.9708,statline_mc+recal_10_4b,team:NE
58,WR2,00-0037816,Romeo Doubs,WR,NE,5000,10.83974574817727,2.17,LV,44418763,8.4014,statline_mc+recal_10_4b,team:NE
58,WR3,00-0041547,KC Concepcion Jr.,WR,CLE,4200,10.152592266640614,2.42,NYJ,44418783,7.5891,statline_mc+recal_10_4b,team:NE
58,TE,00-0033090,Hunter Henry,TE,NE,3700,7.998434137980679,2.16,LV,44419053,6.4279,statline_mc+recal_10_4b,team:NE
58,FLEX,00-0040784,Quinshon Judkins,RB,CLE,5700,13.538671693848102,2.38,NYJ,44418555,8.1776,statline_mc+recal_10_4b,team:NE
59,QB,00-0039851,Drake Maye,QB,NE,6300,19.09016548841616,3.03,LV,44418482,8.0826,statline_mc+recal_10_4b,team:NE
59,DST,DST_WAS,Commanders,DST,WAS,2900,7.926091863999999,2.73,NYG,44419227,5.9117,dst_simulated_session_10_4+recal_10_4b,team:NE
59,RB1,00-0038597,Chase Brown,RB,CIN,6900,17.920554502624324,2.6,MIA,44418539,8.9731,statline_mc+recal_10_4b,team:NE
59,RB2,00-0037228,Jaylen Warren,RB,PIT,6700,17.25388058290333,2.58,IND,44418541,9.1394,statline_mc+recal_10_4b,team:NE
59,WR1,00-0036554,Nico Collins,WR,HOU,7500,17.03119322143743,2.27,TEN,44418731,8.8891,statline_mc+recal_10_4b,team:NE
59,WR2,00-0037740,Garrett Wilson,WR,NYJ,6600,15.636191623859066,2.37,CLE,44418737,8.5641,statline_mc+recal_10_4b,team:NE
59,WR3,00-0037816,Romeo Doubs,WR,NE,5000,10.83974574817727,2.17,LV,44418763,8.4014,statline_mc+recal_10_4b,team:NE
59,TE,00-0040663,Harold Fannin Jr.,TE,CLE,4400,10.284786135242047,2.34,NYJ,44419041,6.5361,statline_mc+recal_10_4b,team:NE
59,FLEX,00-0033090,Hunter Henry,TE,NE,3700,7.998434137980679,2.16,LV,44419053,6.4279,statline_mc+recal_10_4b,team:NE
60,QB,00-0039851,Drake Maye,QB,NE,6300,19.09016548841616,3.03,LV,44418482,8.0826,statline_mc+recal_10_4b,team:NE
60,DST,DST_CLE,Browns,DST,CLE,2800,6.738571699,2.41,NYJ,44419228,5.8244,dst_simulated_session_10_4+recal_10_4b,team:NE
60,RB1,00-0038597,Chase Brown,RB,CIN,6900,17.920554502624324,2.6,MIA,44418539,8.9731,statline_mc+recal_10_4b,team:NE
60,RB2,00-0037228,Jaylen Warren,RB,PIT,6700,17.25388058290333,2.58,IND,44418541,9.1394,statline_mc+recal_10_4b,team:NE
60,WR1,00-0037239,Chris Olave,WR,NO,7700,17.869379509506782,2.32,MIN,44418729,8.9708,statline_mc+recal_10_4b,team:NE
60,WR2,00-0038124,Christian Watson,WR,GB,6400,13.790424628140013,2.15,CHI,44418739,8.6198,statline_mc+recal_10_4b,team:NE
60,WR3,00-0037816,Romeo Doubs,WR,NE,5000,10.83974574817727,2.17,LV,44418763,8.4014,statline_mc+recal_10_4b,team:NE
60,TE,00-0037838,Isaiah Likely,TE,NYG,4300,12.349959140451036,2.87,WAS,44419043,7.003,statline_mc+recal_10_4b,team:NE
60,FLEX,00-0033090,Hunter Henry,TE,NE,3700,7.998434137980679,2.16,LV,44419053,6.4279,statline_mc+recal_10_4b,team:NE
61,QB,00-0039851,Drake Maye,QB,NE,6300,19.09016548841616,3.03,LV,44418482,8.0826,statline_mc+recal_10_4b,team:NE
61,DST,DST_WAS,Commanders,DST,WAS,2900,7.926091863999999,2.73,NYG,44419227,5.9117,dst_simulated_session_10_4+recal_10_4b,team:NE
61,RB1,00-0038597,Chase Brown,RB,CIN,6900,17.920554502624324,2.6,MIA,44418539,8.9731,statline_mc+recal_10_4b,team:NE
61,RB2,00-0037228,Jaylen Warren,RB,PIT,6700,17.25388058290333,2.58,IND,44418541,9.1394,statline_mc+recal_10_4b,team:NE
61,WR1,00-0036554,Nico Collins,WR,HOU,7500,17.03119322143743,2.27,TEN,44418731,8.8891,statline_mc+recal_10_4b,team:NE
61,WR2,00-0037740,Garrett Wilson,WR,NYJ,6600,15.636191623859066,2.37,CLE,44418737,8.5641,statline_mc+recal_10_4b,team:NE
61,WR3,00-0037816,Romeo Doubs,WR,NE,5000,10.83974574817727,2.17,LV,44418763,8.4014,statline_mc+recal_10_4b,team:NE
61,TE,00-0033090,Hunter Henry,TE,NE,3700,7.998434137980679,2.16,LV,44419053,6.4279,statline_mc+recal_10_4b,team:NE
61,FLEX,00-0041547,KC Concepcion Jr.,WR,CLE,4200,10.152592266640614,2.42,NYJ,44418783,7.5891,statline_mc+recal_10_4b,team:NE
62,QB,00-0038416,Tyson Bagent,QB,CHI,4700,16.935874034816088,3.6,GB,44418496,7.8968,statline_mc+recal_10_4b,team:CHI
62,DST,DST_WAS,Commanders,DST,WAS,2900,7.926091863999999,2.73,NYG,44419227,5.9117,dst_simulated_session_10_4+recal_10_4b,team:CHI
62,RB1,00-0036223,Jonathan Taylor,RB,IND,7800,19.31898483411088,2.48,PIT,44418535,9.4973,statline_mc+recal_10_4b,team:CHI
62,RB2,00-0040122,Ashton Jeanty,RB,LV,7200,17.045921354277848,2.37,NE,44418537,8.6576,statline_mc+recal_10_4b,team:CHI
62,WR1,00-0036554,Nico Collins,WR,HOU,7500,17.03119322143743,2.27,TEN,44418731,8.8891,statline_mc+recal_10_4b,team:CHI
62,WR2,00-0040735,Luther Burden III,WR,CHI,4900,12.19089720900248,2.49,GB,44418765,8.3269,statline_mc+recal_10_4b,team:CHI
62,WR3,00-0039919,Rome Odunze,WR,CHI,4700,9.542577257350509,2.03,GB,44418769,8.0802,statline_mc+recal_10_4b,team:CHI
62,TE,00-0033090,Hunter Henry,TE,NE,3700,7.998434137980679,2.16,LV,44419053,6.4279,statline_mc+recal_10_4b,team:CHI
62,FLEX,00-0033293,Aaron Jones Sr.,RB,MIN,6500,15.457161789215952,2.38,NO,44418543,8.7008,statline_mc+recal_10_4b,team:CHI
63,QB,00-0039851,Drake Maye,QB,NE,6300,19.09016548841616,3.03,LV,44418482,8.0826,statline_mc+recal_10_4b,team:NE
63,DST,DST_CLE,Browns,DST,CLE,2800,6.738571699,2.41,NYJ,44419228,5.8244,dst_simulated_session_10_4+recal_10_4b,team:NE
63,RB1,00-0036223,Jonathan Taylor,RB,IND,7800,19.31898483411088,2.48,PIT,44418535,9.4973,statline_mc+recal_10_4b,team:NE
63,RB2,00-0040122,Ashton Jeanty,RB,LV,7200,17.045921354277848,2.37,NE,44418537,8.6576,statline_mc+recal_10_4b,team:NE
63,WR1,00-0037239,Chris Olave,WR,NO,7700,17.869379509506782,2.32,MIN,44418729,8.9708,statline_mc+recal_10_4b,team:NE
63,WR2,00-0040735,Luther Burden III,WR,CHI,4900,12.19089720900248,2.49,GB,44418765,8.3269,statline_mc+recal_10_4b,team:NE
63,WR3,00-0037816,Romeo Doubs,WR,NE,5000,10.83974574817727,2.17,LV,44418763,8.4014,statline_mc+recal_10_4b,team:NE
63,TE,00-0037838,Isaiah Likely,TE,NYG,4300,12.349959140451036,2.87,WAS,44419043,7.003,statline_mc+recal_10_4b,team:NE
63,FLEX,00-0033090,Hunter Henry,TE,NE,3700,7.998434137980679,2.16,LV,44419053,6.4279,statline_mc+recal_10_4b,team:NE
64,QB,00-0039851,Drake Maye,QB,NE,6300,19.09016548841616,3.03,LV,44418482,8.0826,statline_mc+recal_10_4b,team:NE
64,DST,DST_MIN,Vikings,DST,MIN,3100,7.142541343,2.3,NO,44419224,5.9501,dst_simulated_session_10_4+recal_10_4b,team:NE
64,RB1,00-0036223,Jonathan Taylor,RB,IND,7800,19.31898483411088,2.48,PIT,44418535,9.4973,statline_mc+recal_10_4b,team:NE
64,RB2,00-0037228,Jaylen Warren,RB,PIT,6700,17.25388058290333,2.58,IND,44418541,9.1394,statline_mc+recal_10_4b,team:NE
64,WR1,00-0037740,Garrett Wilson,WR,NYJ,6600,15.636191623859066,2.37,CLE,44418737,8.5641,statline_mc+recal_10_4b,team:NE
64,WR2,00-0038124,Christian Watson,WR,GB,6400,13.790424628140013,2.15,CHI,44418739,8.6198,statline_mc+recal_10_4b,team:NE
64,WR3,00-0037816,Romeo Doubs,WR,NE,5000,10.83974574817727,2.17,LV,44418763,8.4014,statline_mc+recal_10_4b,team:NE
64,TE,00-0037838,Isaiah Likely,TE,NYG,4300,12.349959140451036,2.87,WAS,44419043,7.003,statline_mc+recal_10_4b,team:NE
64,FLEX,00-0033090,Hunter Henry,TE,NE,3700,7.998434137980679,2.16,LV,44419053,6.4279,statline_mc+recal_10_4b,team:NE
65,QB,00-0039851,Drake Maye,QB,NE,6300,19.09016548841616,3.03,LV,44418482,8.0826,statline_mc+recal_10_4b,team:NE
65,DST,DST_WAS,Commanders,DST,WAS,2900,7.926091863999999,2.73,NYG,44419227,5.9117,dst_simulated_session_10_4+recal_10_4b,team:NE
65,RB1,00-0036223,Jonathan Taylor,RB,IND,7800,19.31898483411088,2.48,PIT,44418535,9.4973,statline_mc+recal_10_4b,team:NE
65,RB2,00-0037228,Jaylen Warren,RB,PIT,6700,17.25388058290333,2.58,IND,44418541,9.1394,statline_mc+recal_10_4b,team:NE
65,WR1,00-0037740,Garrett Wilson,WR,NYJ,6600,15.636191623859066,2.37,CLE,44418737,8.5641,statline_mc+recal_10_4b,team:NE
65,WR2,00-0038997,Josh Downs,WR,IND,6000,12.840182713859283,2.14,PIT,44418743,7.8214,statline_mc+recal_10_4b,team:NE
65,WR3,00-0040735,Luther Burden III,WR,CHI,4900,12.19089720900248,2.49,GB,44418765,8.3269,statline_mc+recal_10_4b,team:NE
65,TE,00-0033090,Hunter Henry,TE,NE,3700,7.998434137980679,2.16,LV,44419053,6.4279,statline_mc+recal_10_4b,team:NE
65,FLEX,00-0037816,Romeo Doubs,WR,NE,5000,10.83974574817727,2.17,LV,44418763,8.4014,statline_mc+recal_10_4b,team:NE
66,QB,00-0039851,Drake Maye,QB,NE,6300,19.09016548841616,3.03,LV,44418482,8.0826,statline_mc+recal_10_4b,team:NE
66,DST,DST_MIN,Vikings,DST,MIN,3100,7.142541343,2.3,NO,44419224,5.9501,dst_simulated_session_10_4+recal_10_4b,team:NE
66,RB1,00-0036223,Jonathan Taylor,RB,IND,7800,19.31898483411088,2.48,PIT,44418535,9.4973,statline_mc+recal_10_4b,team:NE
66,RB2,00-0038597,Chase Brown,RB,CIN,6900,17.920554502624324,2.6,MIA,44418539,8.9731,statline_mc+recal_10_4b,team:NE
66,WR1,00-0041438,Carnell Tate,WR,TEN,5300,12.646017256852442,2.39,HOU,44418757,8.2402,statline_mc+recal_10_4b,team:NE
66,WR2,00-0041037,Denzel Boston,WR,CLE,5200,10.87332939093136,2.09,NYJ,44418759,7.9351,statline_mc+recal_10_4b,team:NE
66,WR3,00-0037816,Romeo Doubs,WR,NE,5000,10.83974574817727,2.17,LV,44418763,8.4014,statline_mc+recal_10_4b,team:NE
66,TE,00-0033090,Hunter Henry,TE,NE,3700,7.998434137980679,2.16,LV,44419053,6.4279,statline_mc+recal_10_4b,team:NE
66,FLEX,00-0037228,Jaylen Warren,RB,PIT,6700,17.25388058290333,2.58,IND,44418541,9.1394,statline_mc+recal_10_4b,team:NE
67,QB,00-0039851,Drake Maye,QB,NE,6300,19.09016548841616,3.03,LV,44418482,8.0826,statline_mc+recal_10_4b,team:NE
67,DST,DST_WAS,Commanders,DST,WAS,2900,7.926091863999999,2.73,NYG,44419227,5.9117,dst_simulated_session_10_4+recal_10_4b,team:NE
67,RB1,00-0038597,Chase Brown,RB,CIN,6900,17.920554502624324,2.6,MIA,44418539,8.9731,statline_mc+recal_10_4b,team:NE
67,RB2,00-0037228,Jaylen Warren,RB,PIT,6700,17.25388058290333,2.58,IND,44418541,9.1394,statline_mc+recal_10_4b,team:NE
67,WR1,00-0037239,Chris Olave,WR,NO,7700,17.869379509506782,2.32,MIN,44418729,8.9708,statline_mc+recal_10_4b,team:NE
67,WR2,00-0038124,Christian Watson,WR,GB,6400,13.790424628140013,2.15,CHI,44418739,8.6198,statline_mc+recal_10_4b,team:NE
67,WR3,00-0037816,Romeo Doubs,WR,NE,5000,10.83974574817727,2.17,LV,44418763,8.4014,statline_mc+recal_10_4b,team:NE
67,TE,00-0040663,Harold Fannin Jr.,TE,CLE,4400,10.284786135242047,2.34,NYJ,44419041,6.5361,statline_mc+recal_10_4b,team:NE
67,FLEX,00-0033090,Hunter Henry,TE,NE,3700,7.998434137980679,2.16,LV,44419053,6.4279,statline_mc+recal_10_4b,team:NE
68,QB,00-0039851,Drake Maye,QB,NE,6300,19.09016548841616,3.03,LV,44418482,8.0826,statline_mc+recal_10_4b,team:NE
68,DST,DST_MIN,Vikings,DST,MIN,3100,7.142541343,2.3,NO,44419224,5.9501,dst_simulated_session_10_4+recal_10_4b,team:NE
68,RB1,00-0036223,Jonathan Taylor,RB,IND,7800,19.31898483411088,2.48,PIT,44418535,9.4973,statline_mc+recal_10_4b,team:NE
68,RB2,00-0040122,Ashton Jeanty,RB,LV,7200,17.045921354277848,2.37,NE,44418537,8.6576,statline_mc+recal_10_4b,team:NE
68,WR1,00-0036410,Tee Higgins,WR,CIN,7100,16.5159201298452,2.33,MIA,44418735,9.3125,statline_mc+recal_10_4b,team:NE
68,WR2,00-0041438,Carnell Tate,WR,TEN,5300,12.646017256852442,2.39,HOU,44418757,8.2402,statline_mc+recal_10_4b,team:NE
68,WR3,00-0037816,Romeo Doubs,WR,NE,5000,10.83974574817727,2.17,LV,44418763,8.4014,statline_mc+recal_10_4b,team:NE
68,TE,00-0037838,Isaiah Likely,TE,NYG,4300,12.349959140451036,2.87,WAS,44419043,7.003,statline_mc+recal_10_4b,team:NE
68,FLEX,00-0033090,Hunter Henry,TE,NE,3700,7.998434137980679,2.16,LV,44419053,6.4279,statline_mc+recal_10_4b,team:NE
69,QB,00-0039851,Drake Maye,QB,NE,6300,19.09016548841616,3.03,LV,44418482,8.0826,statline_mc+recal_10_4b,team:NE
69,DST,DST_CHI,Bears,DST,CHI,2900,6.0922693735,2.1,GB,44419226,5.8423,dst_simulated_session_10_4+recal_10_4b,team:NE
69,RB1,00-0036223,Jonathan Taylor,RB,IND,7800,19.31898483411088,2.48,PIT,44418535,9.4973,statline_mc+recal_10_4b,team:NE
69,RB2,00-0040784,Quinshon Judkins,RB,CLE,5700,13.538671693848102,2.38,NYJ,44418555,8.1776,statline_mc+recal_10_4b,team:NE
69,WR1,00-0037239,Chris Olave,WR,NO,7700,17.869379509506782,2.32,MIN,44418729,8.9708,statline_mc+recal_10_4b,team:NE
69,WR2,00-0037740,Garrett Wilson,WR,NYJ,6600,15.636191623859066,2.37,CLE,44418737,8.5641,statline_mc+recal_10_4b,team:NE
69,WR3,00-0037816,Romeo Doubs,WR,NE,5000,10.83974574817727,2.17,LV,44418763,8.4014,statline_mc+recal_10_4b,team:NE
69,TE,00-0037838,Isaiah Likely,TE,NYG,4300,12.349959140451036,2.87,WAS,44419043,7.003,statline_mc+recal_10_4b,team:NE
69,FLEX,00-0033090,Hunter Henry,TE,NE,3700,7.998434137980679,2.16,LV,44419053,6.4279,statline_mc+recal_10_4b,team:NE
70,QB,00-0039851,Drake Maye,QB,NE,6300,19.09016548841616,3.03,LV,44418482,8.0826,statline_mc+recal_10_4b,team:NE
70,DST,DST_MIN,Vikings,DST,MIN,3100,7.142541343,2.3,NO,44419224,5.9501,dst_simulated_session_10_4+recal_10_4b,team:NE
70,RB1,00-0040122,Ashton Jeanty,RB,LV,7200,17.045921354277848,2.37,NE,44418537,8.6576,statline_mc+recal_10_4b,team:NE
70,RB2,00-0033293,Aaron Jones Sr.,RB,MIN,6500,15.457161789215952,2.38,NO,44418543,8.7008,statline_mc+recal_10_4b,team:NE
70,WR1,00-0036410,Tee Higgins,WR,CIN,7100,16.5159201298452,2.33,MIA,44418735,9.3125,statline_mc+recal_10_4b,team:NE
70,WR2,00-0037740,Garrett Wilson,WR,NYJ,6600,15.636191623859066,2.37,CLE,44418737,8.5641,statline_mc+recal_10_4b,team:NE
70,WR3,00-0037816,Romeo Doubs,WR,NE,5000,10.83974574817727,2.17,LV,44418763,8.4014,statline_mc+recal_10_4b,team:NE
70,TE,00-0037838,Isaiah Likely,TE,NYG,4300,12.349959140451036,2.87,WAS,44419043,7.003,statline_mc+recal_10_4b,team:NE
70,FLEX,00-0033090,Hunter Henry,TE,NE,3700,7.998434137980679,2.16,LV,44419053,6.4279,statline_mc+recal_10_4b,team:NE
71,QB,00-0039851,Drake Maye,QB,NE,6300,19.09016548841616,3.03,LV,44418482,8.0826,statline_mc+recal_10_4b,team:NE
71,DST,DST_WAS,Commanders,DST,WAS,2900,7.926091863999999,2.73,NYG,44419227,5.9117,dst_simulated_session_10_4+recal_10_4b,team:NE
71,RB1,00-0036223,Jonathan Taylor,RB,IND,7800,19.31898483411088,2.48,PIT,44418535,9.4973,statline_mc+recal_10_4b,team:NE
71,RB2,00-0036275,D'Andre Swift,RB,CHI,6200,14.372643113895712,2.32,GB,44418547,8.5538,statline_mc+recal_10_4b,team:NE
71,WR1,00-0036410,Tee Higgins,WR,CIN,7100,16.5159201298452,2.33,MIA,44418735,9.3125,statline_mc+recal_10_4b,team:NE
71,WR2,00-0037740,Garrett Wilson,WR,NYJ,6600,15.636191623859066,2.37,CLE,44418737,8.5641,statline_mc+recal_10_4b,team:NE
71,WR3,00-0037816,Romeo Doubs,WR,NE,5000,10.83974574817727,2.17,LV,44418763,8.4014,statline_mc+recal_10_4b,team:NE
71,TE,00-0040663,Harold Fannin Jr.,TE,CLE,4400,10.284786135242047,2.34,NYJ,44419041,6.5361,statline_mc+recal_10_4b,team:NE
71,FLEX,00-0033090,Hunter Henry,TE,NE,3700,7.998434137980679,2.16,LV,44419053,6.4279,statline_mc+recal_10_4b,team:NE
72,QB,00-0039851,Drake Maye,QB,NE,6300,19.09016548841616,3.03,LV,44418482,8.0826,statline_mc+recal_10_4b,team:NE
72,DST,DST_CHI,Bears,DST,CHI,2900,6.0922693735,2.1,GB,44419226,5.8423,dst_simulated_session_10_4+recal_10_4b,team:NE
72,RB1,00-0036223,Jonathan Taylor,RB,IND,7800,19.31898483411088,2.48,PIT,44418535,9.4973,statline_mc+recal_10_4b,team:NE
72,RB2,00-0036875,Rhamondre Stevenson,RB,NE,5500,12.561524342460238,2.28,LV,44418559,8.2133,statline_mc+recal_10_4b,team:NE
72,WR1,00-0037239,Chris Olave,WR,NO,7700,17.869379509506782,2.32,MIN,44418729,8.9708,statline_mc+recal_10_4b,team:NE
72,WR2,00-0037740,Garrett Wilson,WR,NYJ,6600,15.636191623859066,2.37,CLE,44418737,8.5641,statline_mc+recal_10_4b,team:NE
72,WR3,00-0037816,Romeo Doubs,WR,NE,5000,10.83974574817727,2.17,LV,44418763,8.4014,statline_mc+recal_10_4b,team:NE
72,TE,00-0037838,Isaiah Likely,TE,NYG,4300,12.349959140451036,2.87,WAS,44419043,7.003,statline_mc+recal_10_4b,team:NE
72,FLEX,00-0033090,Hunter Henry,TE,NE,3700,7.998434137980679,2.16,LV,44419053,6.4279,statline_mc+recal_10_4b,team:NE
73,QB,00-0039851,Drake Maye,QB,NE,6300,19.09016548841616,3.03,LV,44418482,8.0826,statline_mc+recal_10_4b,team:NE
73,DST,DST_CLE,Browns,DST,CLE,2800,6.738571699,2.41,NYJ,44419228,5.8244,dst_simulated_session_10_4+recal_10_4b,team:NE
73,RB1,00-0033293,Aaron Jones Sr.,RB,MIN,6500,15.457161789215952,2.38,NO,44418543,8.7008,statline_mc+recal_10_4b,team:NE
73,RB2,00-0036275,D'Andre Swift,RB,CHI,6200,14.372643113895712,2.32,GB,44418547,8.5538,statline_mc+recal_10_4b,team:NE
73,WR1,00-0037239,Chris Olave,WR,NO,7700,17.869379509506782,2.32,MIN,44418729,8.9708,statline_mc+recal_10_4b,team:NE
73,WR2,00-0036554,Nico Collins,WR,HOU,7500,17.03119322143743,2.27,TEN,44418731,8.8891,statline_mc+recal_10_4b,team:NE
73,WR3,00-0037816,Romeo Doubs,WR,NE,5000,10.83974574817727,2.17,LV,44418763,8.4014,statline_mc+recal_10_4b,team:NE
73,TE,00-0037838,Isaiah Likely,TE,NYG,4300,12.349959140451036,2.87,WAS,44419043,7.003,statline_mc+recal_10_4b,team:NE
73,FLEX,00-0033090,Hunter Henry,TE,NE,3700,7.998434137980679,2.16,LV,44419053,6.4279,statline_mc+recal_10_4b,team:NE
74,QB,00-0039851,Drake Maye,QB,NE,6300,19.09016548841616,3.03,LV,44418482,8.0826,statline_mc+recal_10_4b,team:NE
74,DST,DST_MIN,Vikings,DST,MIN,3100,7.142541343,2.3,NO,44419224,5.9501,dst_simulated_session_10_4+recal_10_4b,team:NE
74,RB1,00-0040122,Ashton Jeanty,RB,LV,7200,17.045921354277848,2.37,NE,44418537,8.6576,statline_mc+recal_10_4b,team:NE
74,RB2,00-0040784,Quinshon Judkins,RB,CLE,5700,13.538671693848102,2.38,NYJ,44418555,8.1776,statline_mc+recal_10_4b,team:NE
74,WR1,00-0036554,Nico Collins,WR,HOU,7500,17.03119322143743,2.27,TEN,44418731,8.8891,statline_mc+recal_10_4b,team:NE
74,WR2,00-0036410,Tee Higgins,WR,CIN,7100,16.5159201298452,2.33,MIA,44418735,9.3125,statline_mc+recal_10_4b,team:NE
74,WR3,00-0037816,Romeo Doubs,WR,NE,5000,10.83974574817727,2.17,LV,44418763,8.4014,statline_mc+recal_10_4b,team:NE
74,TE,00-0037838,Isaiah Likely,TE,NYG,4300,12.349959140451036,2.87,WAS,44419043,7.003,statline_mc+recal_10_4b,team:NE
74,FLEX,00-0033090,Hunter Henry,TE,NE,3700,7.998434137980679,2.16,LV,44419053,6.4279,statline_mc+recal_10_4b,team:NE
75,QB,00-0039851,Drake Maye,QB,NE,6300,19.09016548841616,3.03,LV,44418482,8.0826,statline_mc+recal_10_4b,team:NE
75,DST,DST_CHI,Bears,DST,CHI,2900,6.0922693735,2.1,GB,44419226,5.8423,dst_simulated_session_10_4+recal_10_4b,team:NE
75,RB1,00-0040122,Ashton Jeanty,RB,LV,7200,17.045921354277848,2.37,NE,44418537,8.6576,statline_mc+recal_10_4b,team:NE
75,RB2,00-0033293,Aaron Jones Sr.,RB,MIN,6500,15.457161789215952,2.38,NO,44418543,8.7008,statline_mc+recal_10_4b,team:NE
75,WR1,00-0036554,Nico Collins,WR,HOU,7500,17.03119322143743,2.27,TEN,44418731,8.8891,statline_mc+recal_10_4b,team:NE
75,WR2,00-0037740,Garrett Wilson,WR,NYJ,6600,15.636191623859066,2.37,CLE,44418737,8.5641,statline_mc+recal_10_4b,team:NE
75,WR3,00-0037816,Romeo Doubs,WR,NE,5000,10.83974574817727,2.17,LV,44418763,8.4014,statline_mc+recal_10_4b,team:NE
75,TE,00-0037838,Isaiah Likely,TE,NYG,4300,12.349959140451036,2.87,WAS,44419043,7.003,statline_mc+recal_10_4b,team:NE
75,FLEX,00-0033090,Hunter Henry,TE,NE,3700,7.998434137980679,2.16,LV,44419053,6.4279,statline_mc+recal_10_4b,team:NE
76,QB,00-0039851,Drake Maye,QB,NE,6300,19.09016548841616,3.03,LV,44418482,8.0826,statline_mc+recal_10_4b,team:NE
76,DST,DST_MIN,Vikings,DST,MIN,3100,7.142541343,2.3,NO,44419224,5.9501,dst_simulated_session_10_4+recal_10_4b,team:NE
76,RB1,00-0040122,Ashton Jeanty,RB,LV,7200,17.045921354277848,2.37,NE,44418537,8.6576,statline_mc+recal_10_4b,team:NE
76,RB2,00-0036275,D'Andre Swift,RB,CHI,6200,14.372643113895712,2.32,GB,44418547,8.5538,statline_mc+recal_10_4b,team:NE
76,WR1,00-0036554,Nico Collins,WR,HOU,7500,17.03119322143743,2.27,TEN,44418731,8.8891,statline_mc+recal_10_4b,team:NE
76,WR2,00-0037740,Garrett Wilson,WR,NYJ,6600,15.636191623859066,2.37,CLE,44418737,8.5641,statline_mc+recal_10_4b,team:NE
76,WR3,00-0037816,Romeo Doubs,WR,NE,5000,10.83974574817727,2.17,LV,44418763,8.4014,statline_mc+recal_10_4b,team:NE
76,TE,00-0037838,Isaiah Likely,TE,NYG,4300,12.349959140451036,2.87,WAS,44419043,7.003,statline_mc+recal_10_4b,team:NE
76,FLEX,00-0033090,Hunter Henry,TE,NE,3700,7.998434137980679,2.16,LV,44419053,6.4279,statline_mc+recal_10_4b,team:NE
77,QB,00-0039851,Drake Maye,QB,NE,6300,19.09016548841616,3.03,LV,44418482,8.0826,statline_mc+recal_10_4b,team:NE
77,DST,DST_WAS,Commanders,DST,WAS,2900,7.926091863999999,2.73,NYG,44419227,5.9117,dst_simulated_session_10_4+recal_10_4b,team:NE
77,RB1,00-0040122,Ashton Jeanty,RB,LV,7200,17.045921354277848,2.37,NE,44418537,8.6576,statline_mc+recal_10_4b,team:NE
77,RB2,00-0036275,D'Andre Swift,RB,CHI,6200,14.372643113895712,2.32,GB,44418547,8.5538,statline_mc+recal_10_4b,team:NE
77,WR1,00-0037239,Chris Olave,WR,NO,7700,17.869379509506782,2.32,MIN,44418729,8.9708,statline_mc+recal_10_4b,team:NE
77,WR2,00-0041438,Carnell Tate,WR,TEN,5300,12.646017256852442,2.39,HOU,44418757,8.2402,statline_mc+recal_10_4b,team:NE
77,WR3,00-0037816,Romeo Doubs,WR,NE,5000,10.83974574817727,2.17,LV,44418763,8.4014,statline_mc+recal_10_4b,team:NE
77,TE,00-0033090,Hunter Henry,TE,NE,3700,7.998434137980679,2.16,LV,44419053,6.4279,statline_mc+recal_10_4b,team:NE
77,FLEX,00-0040784,Quinshon Judkins,RB,CLE,5700,13.538671693848102,2.38,NYJ,44418555,8.1776,statline_mc+recal_10_4b,team:NE
78,QB,00-0039851,Drake Maye,QB,NE,6300,19.09016548841616,3.03,LV,44418482,8.0826,statline_mc+recal_10_4b,team:NE
78,DST,DST_CLE,Browns,DST,CLE,2800,6.738571699,2.41,NYJ,44419228,5.8244,dst_simulated_session_10_4+recal_10_4b,team:NE
78,RB1,00-0033293,Aaron Jones Sr.,RB,MIN,6500,15.457161789215952,2.38,NO,44418543,8.7008,statline_mc+recal_10_4b,team:NE
78,RB2,00-0036275,D'Andre Swift,RB,CHI,6200,14.372643113895712,2.32,GB,44418547,8.5538,statline_mc+recal_10_4b,team:NE
78,WR1,00-0037239,Chris Olave,WR,NO,7700,17.869379509506782,2.32,MIN,44418729,8.9708,statline_mc+recal_10_4b,team:NE
78,WR2,00-0036410,Tee Higgins,WR,CIN,7100,16.5159201298452,2.33,MIA,44418735,9.3125,statline_mc+recal_10_4b,team:NE
78,WR3,00-0037816,Romeo Doubs,WR,NE,5000,10.83974574817727,2.17,LV,44418763,8.4014,statline_mc+recal_10_4b,team:NE
78,TE,00-0037838,Isaiah Likely,TE,NYG,4300,12.349959140451036,2.87,WAS,44419043,7.003,statline_mc+recal_10_4b,team:NE
78,FLEX,00-0033090,Hunter Henry,TE,NE,3700,7.998434137980679,2.16,LV,44419053,6.4279,statline_mc+recal_10_4b,team:NE
79,QB,00-0039851,Drake Maye,QB,NE,6300,19.09016548841616,3.03,LV,44418482,8.0826,statline_mc+recal_10_4b,team:NE
79,DST,DST_WAS,Commanders,DST,WAS,2900,7.926091863999999,2.73,NYG,44419227,5.9117,dst_simulated_session_10_4+recal_10_4b,team:NE
79,RB1,00-0040122,Ashton Jeanty,RB,LV,7200,17.045921354277848,2.37,NE,44418537,8.6576,statline_mc+recal_10_4b,team:NE
79,RB2,00-0040784,Quinshon Judkins,RB,CLE,5700,13.538671693848102,2.38,NYJ,44418555,8.1776,statline_mc+recal_10_4b,team:NE
79,WR1,00-0036410,Tee Higgins,WR,CIN,7100,16.5159201298452,2.33,MIA,44418735,9.3125,statline_mc+recal_10_4b,team:NE
79,WR2,00-0037740,Garrett Wilson,WR,NYJ,6600,15.636191623859066,2.37,CLE,44418737,8.5641,statline_mc+recal_10_4b,team:NE
79,WR3,00-0037816,Romeo Doubs,WR,NE,5000,10.83974574817727,2.17,LV,44418763,8.4014,statline_mc+recal_10_4b,team:NE
79,TE,00-0033090,Hunter Henry,TE,NE,3700,7.998434137980679,2.16,LV,44419053,6.4279,statline_mc+recal_10_4b,team:NE
79,FLEX,00-0036875,Rhamondre Stevenson,RB,NE,5500,12.561524342460238,2.28,LV,44418559,8.2133,statline_mc+recal_10_4b,team:NE
80,QB,00-0039851,Drake Maye,QB,NE,6300,19.09016548841616,3.03,LV,44418482,8.0826,statline_mc+recal_10_4b,team:NE
80,DST,DST_CLE,Browns,DST,CLE,2800,6.738571699,2.41,NYJ,44419228,5.8244,dst_simulated_session_10_4+recal_10_4b,team:NE
80,RB1,00-0040122,Ashton Jeanty,RB,LV,7200,17.045921354277848,2.37,NE,44418537,8.6576,statline_mc+recal_10_4b,team:NE
80,RB2,00-0040784,Quinshon Judkins,RB,CLE,5700,13.538671693848102,2.38,NYJ,44418555,8.1776,statline_mc+recal_10_4b,team:NE
80,WR1,00-0036554,Nico Collins,WR,HOU,7500,17.03119322143743,2.27,TEN,44418731,8.8891,statline_mc+recal_10_4b,team:NE
80,WR2,00-0036410,Tee Higgins,WR,CIN,7100,16.5159201298452,2.33,MIA,44418735,9.3125,statline_mc+recal_10_4b,team:NE
80,WR3,00-0037816,Romeo Doubs,WR,NE,5000,10.83974574817727,2.17,LV,44418763,8.4014,statline_mc+recal_10_4b,team:NE
80,TE,00-0037838,Isaiah Likely,TE,NYG,4300,12.349959140451036,2.87,WAS,44419043,7.003,statline_mc+recal_10_4b,team:NE
80,FLEX,00-0033090,Hunter Henry,TE,NE,3700,7.998434137980679,2.16,LV,44419053,6.4279,statline_mc+recal_10_4b,team:NE
81,QB,00-0039851,Drake Maye,QB,NE,6300,19.09016548841616,3.03,LV,44418482,8.0826,statline_mc+recal_10_4b,team:NE
81,DST,DST_WAS,Commanders,DST,WAS,2900,7.926091863999999,2.73,NYG,44419227,5.9117,dst_simulated_session_10_4+recal_10_4b,team:NE
81,RB1,00-0040122,Ashton Jeanty,RB,LV,7200,17.045921354277848,2.37,NE,44418537,8.6576,statline_mc+recal_10_4b,team:NE
81,RB2,00-0036275,D'Andre Swift,RB,CHI,6200,14.372643113895712,2.32,GB,44418547,8.5538,statline_mc+recal_10_4b,team:NE
81,WR1,00-0037239,Chris Olave,WR,NO,7700,17.869379509506782,2.32,MIN,44418729,8.9708,statline_mc+recal_10_4b,team:NE
81,WR2,00-0037740,Garrett Wilson,WR,NYJ,6600,15.636191623859066,2.37,CLE,44418737,8.5641,statline_mc+recal_10_4b,team:NE
81,WR3,00-0037816,Romeo Doubs,WR,NE,5000,10.83974574817727,2.17,LV,44418763,8.4014,statline_mc+recal_10_4b,team:NE
81,TE,00-0040663,Harold Fannin Jr.,TE,CLE,4400,10.284786135242047,2.34,NYJ,44419041,6.5361,statline_mc+recal_10_4b,team:NE
81,FLEX,00-0033090,Hunter Henry,TE,NE,3700,7.998434137980679,2.16,LV,44419053,6.4279,statline_mc+recal_10_4b,team:NE
82,QB,00-0039851,Drake Maye,QB,NE,6300,19.09016548841616,3.03,LV,44418482,8.0826,statline_mc+recal_10_4b,team:NE
82,DST,DST_WAS,Commanders,DST,WAS,2900,7.926091863999999,2.73,NYG,44419227,5.9117,dst_simulated_session_10_4+recal_10_4b,team:NE
82,RB1,00-0040122,Ashton Jeanty,RB,LV,7200,17.045921354277848,2.37,NE,44418537,8.6576,statline_mc+recal_10_4b,team:NE
82,RB2,00-0036275,D'Andre Swift,RB,CHI,6200,14.372643113895712,2.32,GB,44418547,8.5538,statline_mc+recal_10_4b,team:NE
82,WR1,00-0037239,Chris Olave,WR,NO,7700,17.869379509506782,2.32,MIN,44418729,8.9708,statline_mc+recal_10_4b,team:NE
82,WR2,00-0037740,Garrett Wilson,WR,NYJ,6600,15.636191623859066,2.37,CLE,44418737,8.5641,statline_mc+recal_10_4b,team:NE
82,WR3,00-0037816,Romeo Doubs,WR,NE,5000,10.83974574817727,2.17,LV,44418763,8.4014,statline_mc+recal_10_4b,team:NE
82,TE,00-0033090,Hunter Henry,TE,NE,3700,7.998434137980679,2.16,LV,44419053,6.4279,statline_mc+recal_10_4b,team:NE
82,FLEX,00-0041547,KC Concepcion Jr.,WR,CLE,4200,10.152592266640614,2.42,NYJ,44418783,7.5891,statline_mc+recal_10_4b,team:NE
83,QB,00-0039851,Drake Maye,QB,NE,6300,19.09016548841616,3.03,LV,44418482,8.0826,statline_mc+recal_10_4b,team:NE
83,DST,DST_WAS,Commanders,DST,WAS,2900,7.926091863999999,2.73,NYG,44419227,5.9117,dst_simulated_session_10_4+recal_10_4b,team:NE
83,RB1,00-0033293,Aaron Jones Sr.,RB,MIN,6500,15.457161789215952,2.38,NO,44418543,8.7008,statline_mc+recal_10_4b,team:NE
83,RB2,00-0040784,Quinshon Judkins,RB,CLE,5700,13.538671693848102,2.38,NYJ,44418555,8.1776,statline_mc+recal_10_4b,team:NE
83,WR1,00-0037239,Chris Olave,WR,NO,7700,17.869379509506782,2.32,MIN,44418729,8.9708,statline_mc+recal_10_4b,team:NE
83,WR2,00-0037740,Garrett Wilson,WR,NYJ,6600,15.636191623859066,2.37,CLE,44418737,8.5641,statline_mc+recal_10_4b,team:NE
83,WR3,00-0037816,Romeo Doubs,WR,NE,5000,10.83974574817727,2.17,LV,44418763,8.4014,statline_mc+recal_10_4b,team:NE
83,TE,00-0033090,Hunter Henry,TE,NE,3700,7.998434137980679,2.16,LV,44419053,6.4279,statline_mc+recal_10_4b,team:NE
83,FLEX,00-0036875,Rhamondre Stevenson,RB,NE,5500,12.561524342460238,2.28,LV,44418559,8.2133,statline_mc+recal_10_4b,team:NE
84,QB,00-0039851,Drake Maye,QB,NE,6300,19.09016548841616,3.03,LV,44418482,8.0826,statline_mc+recal_10_4b,team:NE
84,DST,DST_MIN,Vikings,DST,MIN,3100,7.142541343,2.3,NO,44419224,5.9501,dst_simulated_session_10_4+recal_10_4b,team:NE
84,RB1,00-0033293,Aaron Jones Sr.,RB,MIN,6500,15.457161789215952,2.38,NO,44418543,8.7008,statline_mc+recal_10_4b,team:NE
84,RB2,00-0036275,D'Andre Swift,RB,CHI,6200,14.372643113895712,2.32,GB,44418547,8.5538,statline_mc+recal_10_4b,team:NE
84,WR1,00-0036554,Nico Collins,WR,HOU,7500,17.03119322143743,2.27,TEN,44418731,8.8891,statline_mc+recal_10_4b,team:NE
84,WR2,00-0036410,Tee Higgins,WR,CIN,7100,16.5159201298452,2.33,MIA,44418735,9.3125,statline_mc+recal_10_4b,team:NE
84,WR3,00-0037816,Romeo Doubs,WR,NE,5000,10.83974574817727,2.17,LV,44418763,8.4014,statline_mc+recal_10_4b,team:NE
84,TE,00-0037838,Isaiah Likely,TE,NYG,4300,12.349959140451036,2.87,WAS,44419043,7.003,statline_mc+recal_10_4b,team:NE
84,FLEX,00-0033090,Hunter Henry,TE,NE,3700,7.998434137980679,2.16,LV,44419053,6.4279,statline_mc+recal_10_4b,team:NE
85,QB,00-0039851,Drake Maye,QB,NE,6300,19.09016548841616,3.03,LV,44418482,8.0826,statline_mc+recal_10_4b,team:NE
85,DST,DST_WAS,Commanders,DST,WAS,2900,7.926091863999999,2.73,NYG,44419227,5.9117,dst_simulated_session_10_4+recal_10_4b,team:NE
85,RB1,00-0040122,Ashton Jeanty,RB,LV,7200,17.045921354277848,2.37,NE,44418537,8.6576,statline_mc+recal_10_4b,team:NE
85,RB2,00-0036875,Rhamondre Stevenson,RB,NE,5500,12.561524342460238,2.28,LV,44418559,8.2133,statline_mc+recal_10_4b,team:NE
85,WR1,00-0036554,Nico Collins,WR,HOU,7500,17.03119322143743,2.27,TEN,44418731,8.8891,statline_mc+recal_10_4b,team:NE
85,WR2,00-0037740,Garrett Wilson,WR,NYJ,6600,15.636191623859066,2.37,CLE,44418737,8.5641,statline_mc+recal_10_4b,team:NE
85,WR3,00-0041438,Carnell Tate,WR,TEN,5300,12.646017256852442,2.39,HOU,44418757,8.2402,statline_mc+recal_10_4b,team:NE
85,TE,00-0033090,Hunter Henry,TE,NE,3700,7.998434137980679,2.16,LV,44419053,6.4279,statline_mc+recal_10_4b,team:NE
85,FLEX,00-0037816,Romeo Doubs,WR,NE,5000,10.83974574817727,2.17,LV,44418763,8.4014,statline_mc+recal_10_4b,team:NE
86,QB,00-0039851,Drake Maye,QB,NE,6300,19.09016548841616,3.03,LV,44418482,8.0826,statline_mc+recal_10_4b,team:NE
86,DST,DST_NE,Patriots,DST,NE,3000,6.560239070500001,2.19,LV,44419225,5.8025,dst_simulated_session_10_4+recal_10_4b,team:NE
86,RB1,00-0033293,Aaron Jones Sr.,RB,MIN,6500,15.457161789215952,2.38,NO,44418543,8.7008,statline_mc+recal_10_4b,team:NE
86,RB2,00-0040784,Quinshon Judkins,RB,CLE,5700,13.538671693848102,2.38,NYJ,44418555,8.1776,statline_mc+recal_10_4b,team:NE
86,WR1,00-0037239,Chris Olave,WR,NO,7700,17.869379509506782,2.32,MIN,44418729,8.9708,statline_mc+recal_10_4b,team:NE
86,WR2,00-0036554,Nico Collins,WR,HOU,7500,17.03119322143743,2.27,TEN,44418731,8.8891,statline_mc+recal_10_4b,team:NE
86,WR3,00-0037816,Romeo Doubs,WR,NE,5000,10.83974574817727,2.17,LV,44418763,8.4014,statline_mc+recal_10_4b,team:NE
86,TE,00-0037838,Isaiah Likely,TE,NYG,4300,12.349959140451036,2.87,WAS,44419043,7.003,statline_mc+recal_10_4b,team:NE
86,FLEX,00-0033090,Hunter Henry,TE,NE,3700,7.998434137980679,2.16,LV,44419053,6.4279,statline_mc+recal_10_4b,team:NE
87,QB,00-0039851,Drake Maye,QB,NE,6300,19.09016548841616,3.03,LV,44418482,8.0826,statline_mc+recal_10_4b,team:NE
87,DST,DST_MIN,Vikings,DST,MIN,3100,7.142541343,2.3,NO,44419224,5.9501,dst_simulated_session_10_4+recal_10_4b,team:NE
87,RB1,00-0040122,Ashton Jeanty,RB,LV,7200,17.045921354277848,2.37,NE,44418537,8.6576,statline_mc+recal_10_4b,team:NE
87,RB2,00-0040784,Quinshon Judkins,RB,CLE,5700,13.538671693848102,2.38,NYJ,44418555,8.1776,statline_mc+recal_10_4b,team:NE
87,WR1,00-0036900,Ja'Marr Chase,WR,CIN,8100,16.955106491804045,2.09,MIA,44418727,8.4324,statline_mc+recal_10_4b,team:NE
87,WR2,00-0037740,Garrett Wilson,WR,NYJ,6600,15.636191623859066,2.37,CLE,44418737,8.5641,statline_mc+recal_10_4b,team:NE
87,WR3,00-0037816,Romeo Doubs,WR,NE,5000,10.83974574817727,2.17,LV,44418763,8.4014,statline_mc+recal_10_4b,team:NE
87,TE,00-0037838,Isaiah Likely,TE,NYG,4300,12.349959140451036,2.87,WAS,44419043,7.003,statline_mc+recal_10_4b,team:NE
87,FLEX,00-0033090,Hunter Henry,TE,NE,3700,7.998434137980679,2.16,LV,44419053,6.4279,statline_mc+recal_10_4b,team:NE
88,QB,00-0039851,Drake Maye,QB,NE,6300,19.09016548841616,3.03,LV,44418482,8.0826,statline_mc+recal_10_4b,team:NE
88,DST,DST_CHI,Bears,DST,CHI,2900,6.0922693735,2.1,GB,44419226,5.8423,dst_simulated_session_10_4+recal_10_4b,team:NE
88,RB1,00-0033293,Aaron Jones Sr.,RB,MIN,6500,15.457161789215952,2.38,NO,44418543,8.7008,statline_mc+recal_10_4b,team:NE
88,RB2,00-0036275,D'Andre Swift,RB,CHI,6200,14.372643113895712,2.32,GB,44418547,8.5538,statline_mc+recal_10_4b,team:NE
88,WR1,00-0037239,Chris Olave,WR,NO,7700,17.869379509506782,2.32,MIN,44418729,8.9708,statline_mc+recal_10_4b,team:NE
88,WR2,00-0036410,Tee Higgins,WR,CIN,7100,16.5159201298452,2.33,MIA,44418735,9.3125,statline_mc+recal_10_4b,team:NE
88,WR3,00-0037816,Romeo Doubs,WR,NE,5000,10.83974574817727,2.17,LV,44418763,8.4014,statline_mc+recal_10_4b,team:NE
88,TE,00-0037838,Isaiah Likely,TE,NYG,4300,12.349959140451036,2.87,WAS,44419043,7.003,statline_mc+recal_10_4b,team:NE
88,FLEX,00-0033090,Hunter Henry,TE,NE,3700,7.998434137980679,2.16,LV,44419053,6.4279,statline_mc+recal_10_4b,team:NE
89,QB,00-0039851,Drake Maye,QB,NE,6300,19.09016548841616,3.03,LV,44418482,8.0826,statline_mc+recal_10_4b,team:NE
89,DST,DST_WAS,Commanders,DST,WAS,2900,7.926091863999999,2.73,NYG,44419227,5.9117,dst_simulated_session_10_4+recal_10_4b,team:NE
89,RB1,00-0040122,Ashton Jeanty,RB,LV,7200,17.045921354277848,2.37,NE,44418537,8.6576,statline_mc+recal_10_4b,team:NE
89,RB2,00-0040784,Quinshon Judkins,RB,CLE,5700,13.538671693848102,2.38,NYJ,44418555,8.1776,statline_mc+recal_10_4b,team:NE
89,WR1,00-0037239,Chris Olave,WR,NO,7700,17.869379509506782,2.32,MIN,44418729,8.9708,statline_mc+recal_10_4b,team:NE
89,WR2,00-0037740,Garrett Wilson,WR,NYJ,6600,15.636191623859066,2.37,CLE,44418737,8.5641,statline_mc+recal_10_4b,team:NE
89,WR3,00-0037816,Romeo Doubs,WR,NE,5000,10.83974574817727,2.17,LV,44418763,8.4014,statline_mc+recal_10_4b,team:NE
89,TE,00-0040663,Harold Fannin Jr.,TE,CLE,4400,10.284786135242047,2.34,NYJ,44419041,6.5361,statline_mc+recal_10_4b,team:NE
89,FLEX,00-0033090,Hunter Henry,TE,NE,3700,7.998434137980679,2.16,LV,44419053,6.4279,statline_mc+recal_10_4b,team:NE
90,QB,00-0036442,Joe Burrow,QB,CIN,6900,18.70588042253252,2.71,MIA,44418481,8.0884,statline_mc+recal_10_4b,team:CIN
90,DST,DST_MIN,Vikings,DST,MIN,3100,7.142541343,2.3,NO,44419224,5.9501,dst_simulated_session_10_4+recal_10_4b,team:CIN
90,RB1,00-0033293,Aaron Jones Sr.,RB,MIN,6500,15.457161789215952,2.38,NO,44418543,8.7008,statline_mc+recal_10_4b,team:CIN
90,RB2,00-0036875,Rhamondre Stevenson,RB,NE,5500,12.561524342460238,2.28,LV,44418559,8.2133,statline_mc+recal_10_4b,team:CIN
90,WR1,00-0036900,Ja'Marr Chase,WR,CIN,8100,16.955106491804045,2.09,MIA,44418727,8.4324,statline_mc+recal_10_4b,team:CIN
90,WR2,00-0036410,Tee Higgins,WR,CIN,7100,16.5159201298452,2.33,MIA,44418735,9.3125,statline_mc+recal_10_4b,team:CIN
90,WR3,00-0040735,Luther Burden III,WR,CHI,4900,12.19089720900248,2.49,GB,44418765,8.3269,statline_mc+recal_10_4b,team:CIN
90,TE,00-0037838,Isaiah Likely,TE,NYG,4300,12.349959140451036,2.87,WAS,44419043,7.003,statline_mc+recal_10_4b,team:CIN
90,FLEX,00-0039066,Michael Mayer,TE,LV,3500,8.2616005870675,2.36,NE,44419055,6.2533,statline_mc+recal_10_4b,team:CIN
91,QB,00-0036442,Joe Burrow,QB,CIN,6900,18.70588042253252,2.71,MIA,44418481,8.0884,statline_mc+recal_10_4b,team:CIN
91,DST,DST_CLE,Browns,DST,CLE,2800,6.738571699,2.41,NYJ,44419228,5.8244,dst_simulated_session_10_4+recal_10_4b,team:CIN
91,RB1,00-0036275,D'Andre Swift,RB,CHI,6200,14.372643113895712,2.32,GB,44418547,8.5538,statline_mc+recal_10_4b,team:CIN
91,RB2,00-0040784,Quinshon Judkins,RB,CLE,5700,13.538671693848102,2.38,NYJ,44418555,8.1776,statline_mc+recal_10_4b,team:CIN
91,WR1,00-0036900,Ja'Marr Chase,WR,CIN,8100,16.955106491804045,2.09,MIA,44418727,8.4324,statline_mc+recal_10_4b,team:CIN
91,WR2,00-0036410,Tee Higgins,WR,CIN,7100,16.5159201298452,2.33,MIA,44418735,9.3125,statline_mc+recal_10_4b,team:CIN
91,WR3,00-0041438,Carnell Tate,WR,TEN,5300,12.646017256852442,2.39,HOU,44418757,8.2402,statline_mc+recal_10_4b,team:CIN
91,TE,00-0037838,Isaiah Likely,TE,NYG,4300,12.349959140451036,2.87,WAS,44419043,7.003,statline_mc+recal_10_4b,team:CIN
91,FLEX,00-0039066,Michael Mayer,TE,LV,3500,8.2616005870675,2.36,NE,44419055,6.2533,statline_mc+recal_10_4b,team:CIN
92,QB,00-0039851,Drake Maye,QB,NE,6300,19.09016548841616,3.03,LV,44418482,8.0826,statline_mc+recal_10_4b,team:NE
92,DST,DST_WAS,Commanders,DST,WAS,2900,7.926091863999999,2.73,NYG,44419227,5.9117,dst_simulated_session_10_4+recal_10_4b,team:NE
92,RB1,00-0033293,Aaron Jones Sr.,RB,MIN,6500,15.457161789215952,2.38,NO,44418543,8.7008,statline_mc+recal_10_4b,team:NE
92,RB2,00-0040784,Quinshon Judkins,RB,CLE,5700,13.538671693848102,2.38,NYJ,44418555,8.1776,statline_mc+recal_10_4b,team:NE
92,WR1,00-0037239,Chris Olave,WR,NO,7700,17.869379509506782,2.32,MIN,44418729,8.9708,statline_mc+recal_10_4b,team:NE
92,WR2,00-0036554,Nico Collins,WR,HOU,7500,17.03119322143743,2.27,TEN,44418731,8.8891,statline_mc+recal_10_4b,team:NE
92,WR3,00-0037816,Romeo Doubs,WR,NE,5000,10.83974574817727,2.17,LV,44418763,8.4014,statline_mc+recal_10_4b,team:NE
92,TE,00-0040663,Harold Fannin Jr.,TE,CLE,4400,10.284786135242047,2.34,NYJ,44419041,6.5361,statline_mc+recal_10_4b,team:NE
92,FLEX,00-0033090,Hunter Henry,TE,NE,3700,7.998434137980679,2.16,LV,44419053,6.4279,statline_mc+recal_10_4b,team:NE
93,QB,00-0039851,Drake Maye,QB,NE,6300,19.09016548841616,3.03,LV,44418482,8.0826,statline_mc+recal_10_4b,team:NE
93,DST,DST_WAS,Commanders,DST,WAS,2900,7.926091863999999,2.73,NYG,44419227,5.9117,dst_simulated_session_10_4+recal_10_4b,team:NE
93,RB1,00-0040122,Ashton Jeanty,RB,LV,7200,17.045921354277848,2.37,NE,44418537,8.6576,statline_mc+recal_10_4b,team:NE
93,RB2,00-0036275,D'Andre Swift,RB,CHI,6200,14.372643113895712,2.32,GB,44418547,8.5538,statline_mc+recal_10_4b,team:NE
93,WR1,00-0036554,Nico Collins,WR,HOU,7500,17.03119322143743,2.27,TEN,44418731,8.8891,statline_mc+recal_10_4b,team:NE
93,WR2,00-0037740,Garrett Wilson,WR,NYJ,6600,15.636191623859066,2.37,CLE,44418737,8.5641,statline_mc+recal_10_4b,team:NE
93,WR3,00-0037816,Romeo Doubs,WR,NE,5000,10.83974574817727,2.17,LV,44418763,8.4014,statline_mc+recal_10_4b,team:NE
93,TE,00-0033090,Hunter Henry,TE,NE,3700,7.998434137980679,2.16,LV,44419053,6.4279,statline_mc+recal_10_4b,team:NE
93,FLEX,00-0039880,Malik Washington,WR,MIA,4600,10.020377250486105,2.18,CIN,44418771,7.8677,statline_mc+recal_10_4b,team:NE
94,QB,00-0039851,Drake Maye,QB,NE,6300,19.09016548841616,3.03,LV,44418482,8.0826,statline_mc+recal_10_4b,team:NE
94,DST,DST_WAS,Commanders,DST,WAS,2900,7.926091863999999,2.73,NYG,44419227,5.9117,dst_simulated_session_10_4+recal_10_4b,team:NE
94,RB1,00-0040122,Ashton Jeanty,RB,LV,7200,17.045921354277848,2.37,NE,44418537,8.6576,statline_mc+recal_10_4b,team:NE
94,RB2,00-0033293,Aaron Jones Sr.,RB,MIN,6500,15.457161789215952,2.38,NO,44418543,8.7008,statline_mc+recal_10_4b,team:NE
94,WR1,00-0036554,Nico Collins,WR,HOU,7500,17.03119322143743,2.27,TEN,44418731,8.8891,statline_mc+recal_10_4b,team:NE
94,WR2,00-0037816,Romeo Doubs,WR,NE,5000,10.83974574817727,2.17,LV,44418763,8.4014,statline_mc+recal_10_4b,team:NE
94,WR3,00-0041547,KC Concepcion Jr.,WR,CLE,4200,10.152592266640614,2.42,NYJ,44418783,7.5891,statline_mc+recal_10_4b,team:NE
94,TE,00-0033090,Hunter Henry,TE,NE,3700,7.998434137980679,2.16,LV,44419053,6.4279,statline_mc+recal_10_4b,team:NE
94,FLEX,00-0036275,D'Andre Swift,RB,CHI,6200,14.372643113895712,2.32,GB,44418547,8.5538,statline_mc+recal_10_4b,team:NE
95,QB,00-0036442,Joe Burrow,QB,CIN,6900,18.70588042253252,2.71,MIA,44418481,8.0884,statline_mc+recal_10_4b,team:CIN
95,DST,DST_CHI,Bears,DST,CHI,2900,6.0922693735,2.1,GB,44419226,5.8423,dst_simulated_session_10_4+recal_10_4b,team:CIN
95,RB1,00-0036275,D'Andre Swift,RB,CHI,6200,14.372643113895712,2.32,GB,44418547,8.5538,statline_mc+recal_10_4b,team:CIN
95,RB2,00-0040784,Quinshon Judkins,RB,CLE,5700,13.538671693848102,2.38,NYJ,44418555,8.1776,statline_mc+recal_10_4b,team:CIN
95,WR1,00-0036900,Ja'Marr Chase,WR,CIN,8100,16.955106491804045,2.09,MIA,44418727,8.4324,statline_mc+recal_10_4b,team:CIN
95,WR2,00-0036410,Tee Higgins,WR,CIN,7100,16.5159201298452,2.33,MIA,44418735,9.3125,statline_mc+recal_10_4b,team:CIN
95,WR3,00-0041438,Carnell Tate,WR,TEN,5300,12.646017256852442,2.39,HOU,44418757,8.2402,statline_mc+recal_10_4b,team:CIN
95,TE,00-0037838,Isaiah Likely,TE,NYG,4300,12.349959140451036,2.87,WAS,44419043,7.003,statline_mc+recal_10_4b,team:CIN
95,FLEX,00-0039066,Michael Mayer,TE,LV,3500,8.2616005870675,2.36,NE,44419055,6.2533,statline_mc+recal_10_4b,team:CIN
96,QB,00-0036442,Joe Burrow,QB,CIN,6900,18.70588042253252,2.71,MIA,44418481,8.0884,statline_mc+recal_10_4b,team:CIN
96,DST,DST_WAS,Commanders,DST,WAS,2900,7.926091863999999,2.73,NYG,44419227,5.9117,dst_simulated_session_10_4+recal_10_4b,team:CIN
96,RB1,00-0033293,Aaron Jones Sr.,RB,MIN,6500,15.457161789215952,2.38,NO,44418543,8.7008,statline_mc+recal_10_4b,team:CIN
96,RB2,00-0036875,Rhamondre Stevenson,RB,NE,5500,12.561524342460238,2.28,LV,44418559,8.2133,statline_mc+recal_10_4b,team:CIN
96,WR1,00-0036900,Ja'Marr Chase,WR,CIN,8100,16.955106491804045,2.09,MIA,44418727,8.4324,statline_mc+recal_10_4b,team:CIN
96,WR2,00-0036410,Tee Higgins,WR,CIN,7100,16.5159201298452,2.33,MIA,44418735,9.3125,statline_mc+recal_10_4b,team:CIN
96,WR3,00-0041438,Carnell Tate,WR,TEN,5300,12.646017256852442,2.39,HOU,44418757,8.2402,statline_mc+recal_10_4b,team:CIN
96,TE,00-0039066,Michael Mayer,TE,LV,3500,8.2616005870675,2.36,NE,44419055,6.2533,statline_mc+recal_10_4b,team:CIN
96,FLEX,00-0041547,KC Concepcion Jr.,WR,CLE,4200,10.152592266640614,2.42,NYJ,44418783,7.5891,statline_mc+recal_10_4b,team:CIN
97,QB,00-0036442,Joe Burrow,QB,CIN,6900,18.70588042253252,2.71,MIA,44418481,8.0884,statline_mc+recal_10_4b,team:CIN
97,DST,DST_CHI,Bears,DST,CHI,2900,6.0922693735,2.1,GB,44419226,5.8423,dst_simulated_session_10_4+recal_10_4b,team:CIN
97,RB1,00-0033293,Aaron Jones Sr.,RB,MIN,6500,15.457161789215952,2.38,NO,44418543,8.7008,statline_mc+recal_10_4b,team:CIN
97,RB2,00-0036275,D'Andre Swift,RB,CHI,6200,14.372643113895712,2.32,GB,44418547,8.5538,statline_mc+recal_10_4b,team:CIN
97,WR1,00-0036900,Ja'Marr Chase,WR,CIN,8100,16.955106491804045,2.09,MIA,44418727,8.4324,statline_mc+recal_10_4b,team:CIN
97,WR2,00-0036410,Tee Higgins,WR,CIN,7100,16.5159201298452,2.33,MIA,44418735,9.3125,statline_mc+recal_10_4b,team:CIN
97,WR3,00-0041547,KC Concepcion Jr.,WR,CLE,4200,10.152592266640614,2.42,NYJ,44418783,7.5891,statline_mc+recal_10_4b,team:CIN
97,TE,00-0037838,Isaiah Likely,TE,NYG,4300,12.349959140451036,2.87,WAS,44419043,7.003,statline_mc+recal_10_4b,team:CIN
97,FLEX,00-0041032,Kenyon Sadiq,TE,NYJ,3800,8.443134233486262,2.22,CLE,44419051,6.3407,statline_mc+recal_10_4b,team:CIN
98,QB,00-0039851,Drake Maye,QB,NE,6300,19.09016548841616,3.03,LV,44418482,8.0826,statline_mc+recal_10_4b,team:NE
98,DST,DST_CLE,Browns,DST,CLE,2800,6.738571699,2.41,NYJ,44419228,5.8244,dst_simulated_session_10_4+recal_10_4b,team:NE
98,RB1,00-0040122,Ashton Jeanty,RB,LV,7200,17.045921354277848,2.37,NE,44418537,8.6576,statline_mc+recal_10_4b,team:NE
98,RB2,00-0036275,D'Andre Swift,RB,CHI,6200,14.372643113895712,2.32,GB,44418547,8.5538,statline_mc+recal_10_4b,team:NE
98,WR1,00-0036410,Tee Higgins,WR,CIN,7100,16.5159201298452,2.33,MIA,44418735,9.3125,statline_mc+recal_10_4b,team:NE
98,WR2,00-0040667,Matthew Golden,WR,GB,5700,13.23495145214886,2.32,CHI,44418747,8.3983,statline_mc+recal_10_4b,team:NE
98,WR3,00-0038997,Josh Downs,WR,IND,6000,12.840182713859283,2.14,PIT,44418743,7.8214,statline_mc+recal_10_4b,team:NE
98,TE,00-0033090,Hunter Henry,TE,NE,3700,7.998434137980679,2.16,LV,44419053,6.4279,statline_mc+recal_10_4b,team:NE
98,FLEX,00-0037816,Romeo Doubs,WR,NE,5000,10.83974574817727,2.17,LV,44418763,8.4014,statline_mc+recal_10_4b,team:NE
99,QB,00-0023459,Aaron Rodgers,QB,PIT,5300,16.309386779645138,3.08,IND,44418489,7.94,statline_mc+recal_10_4b,team:PIT
99,DST,DST_CLE,Browns,DST,CLE,2800,6.738571699,2.41,NYJ,44419228,5.8244,dst_simulated_session_10_4+recal_10_4b,team:PIT
99,RB1,00-0040122,Ashton Jeanty,RB,LV,7200,17.045921354277848,2.37,NE,44418537,8.6576,statline_mc+recal_10_4b,team:PIT
99,RB2,00-0040784,Quinshon Judkins,RB,CLE,5700,13.538671693848102,2.38,NYJ,44418555,8.1776,statline_mc+recal_10_4b,team:PIT
99,WR1,00-0036554,Nico Collins,WR,HOU,7500,17.03119322143743,2.27,TEN,44418731,8.8891,statline_mc+recal_10_4b,team:PIT
99,WR2,00-0036900,Ja'Marr Chase,WR,CIN,8100,16.955106491804045,2.09,MIA,44418727,8.4324,statline_mc+recal_10_4b,team:PIT
99,WR3,00-0035640,DK Metcalf,WR,PIT,5400,11.686919655085743,2.16,IND,44418751,8.0609,statline_mc+recal_10_4b,team:PIT
99,TE,00-0037838,Isaiah Likely,TE,NYG,4300,12.349959140451036,2.87,WAS,44419043,7.003,statline_mc+recal_10_4b,team:PIT
99,FLEX,00-0039739,Roman Wilson,WR,PIT,3700,6.792604942096717,1.84,IND,44418801,7.4918,statline_mc+recal_10_4b,team:PIT
100,QB,00-0039910,Jayden Daniels,QB,WAS,6000,17.305663412088776,2.88,NYG,44418485,7.9364,statline_mc+recal_10_4b,team:WAS
100,DST,DST_WAS,Commanders,DST,WAS,2900,7.926091863999999,2.73,NYG,44419227,5.9117,dst_simulated_session_10_4+recal_10_4b,team:WAS
100,RB1,00-0040122,Ashton Jeanty,RB,LV,7200,17.045921354277848,2.37,NE,44418537,8.6576,statline_mc+recal_10_4b,team:WAS
100,RB2,00-0036275,D'Andre Swift,RB,CHI,6200,14.372643113895712,2.32,GB,44418547,8.5538,statline_mc+recal_10_4b,team:WAS
100,WR1,00-0037239,Chris Olave,WR,NO,7700,17.869379509506782,2.32,MIN,44418729,8.9708,statline_mc+recal_10_4b,team:WAS
100,WR2,00-0040667,Matthew Golden,WR,GB,5700,13.23495145214886,2.32,CHI,44418747,8.3983,statline_mc+recal_10_4b,team:WAS
100,WR3,00-0031588,Stefon Diggs,WR,WAS,5500,11.541195995087085,2.1,NYG,44418749,8.0144,statline_mc+recal_10_4b,team:WAS
100,TE,00-0039066,Michael Mayer,TE,LV,3500,8.2616005870675,2.36,NE,44419055,6.2533,statline_mc+recal_10_4b,team:WAS
100,FLEX,00-0035659,Terry McLaurin,WR,WAS,5300,10.776030963278028,2.03,NYG,44418755,7.2178,statline_mc+recal_10_4b,team:WAS
