lineup_id,roster_slot,player_id,player_name,position,team,salary,projection,value,opponent,site_player_id,sigma,sigma_source,stack_target
1,QB,00-0034857,Josh Allen,QB,BUF,9100,27.897879796442115,3.07,NE,134747-62239,7.9957,statline_mc+recal_10_4b,team:BUF
1,DEF,DST_CHI,Chicago Bears,DEF,CHI,3500,8.784674199000001,2.51,NYJ,134747-12527,6.2715,dst_simulated_session_10_4,team:BUF
1,RB1,00-0037248,James Cook III,RB,BUF,8200,17.052582276972338,2.08,NE,134747-91626,9.5832,statline_mc+recal_10_4b,team:BUF
1,RB2,00-0036275,D'Andre Swift,RB,CHI,7300,13.403401706248165,1.84,NYJ,134747-91598,8.3442,statline_mc+recal_10_4b,team:BUF
1,WR1,00-0034827,DJ Moore,WR,BUF,6700,12.85155633152307,1.92,NE,134747-63043,8.0249,statline_mc+recal_10_4b,team:BUF
1,WR2,00-0038559,Michael Wilson,WR,ARI,6200,10.928632215078457,1.76,NYG,134747-89612,7.2,statline_mc+recal_10_4b,team:BUF
1,WR3,00-0032464,Kalif Raymond,WR,CHI,5200,7.3590222739081534,1.42,NYJ,134747-70422,6.3861,statline_mc+recal_10_4b,team:BUF
1,TE,00-0034753,Mark Andrews,TE,BAL,5200,8.753656616134831,1.68,TEN,134747-52436,6.2908,statline_mc+recal_10_4b,team:BUF
1,FLEX,00-0038134,Kenneth Walker III,RB,KC,8500,18.46704394984207,2.17,LV,134747-103342,9.4445,statline_mc+recal_10_4b,team:BUF
2,QB,00-0034857,Josh Allen,QB,BUF,9100,27.897879796442115,3.07,NE,134747-62239,7.9957,statline_mc+recal_10_4b,team:BUF
2,DEF,DST_CHI,Chicago Bears,DEF,CHI,3500,8.784674199000001,2.51,NYJ,134747-12527,6.2715,dst_simulated_session_10_4,team:BUF
2,RB1,00-0037248,James Cook III,RB,BUF,8200,17.052582276972338,2.08,NE,134747-91626,9.5832,statline_mc+recal_10_4b,team:BUF
2,RB2,00-0033293,Aaron Jones Sr.,RB,MIN,6400,11.64244324145245,1.82,MIA,134747-40442,8.0606,statline_mc+recal_10_4b,team:BUF
2,WR1,00-0034827,DJ Moore,WR,BUF,6700,12.85155633152307,1.92,NE,134747-63043,8.0249,statline_mc+recal_10_4b,team:BUF
2,WR2,00-0038559,Michael Wilson,WR,ARI,6200,10.928632215078457,1.76,NYG,134747-89612,7.2,statline_mc+recal_10_4b,team:BUF
2,WR3,00-0040735,Luther Burden III,WR,CHI,5800,8.616666673124396,1.49,NYJ,134747-166092,6.7501,statline_mc+recal_10_4b,team:BUF
2,TE,00-0034753,Mark Andrews,TE,BAL,5200,8.753656616134831,1.68,TEN,134747-52436,6.2908,statline_mc+recal_10_4b,team:BUF
2,FLEX,00-0038134,Kenneth Walker III,RB,KC,8500,18.46704394984207,2.17,LV,134747-103342,9.4445,statline_mc+recal_10_4b,team:BUF
3,QB,00-0034857,Josh Allen,QB,BUF,9100,27.897879796442115,3.07,NE,134747-62239,7.9957,statline_mc+recal_10_4b,team:BUF
3,DEF,DST_CHI,Chicago Bears,DEF,CHI,3500,8.784674199000001,2.51,NYJ,134747-12527,6.2715,dst_simulated_session_10_4,team:BUF
3,RB1,00-0037248,James Cook III,RB,BUF,8200,17.052582276972338,2.08,NE,134747-91626,9.5832,statline_mc+recal_10_4b,team:BUF
3,RB2,00-0033293,Aaron Jones Sr.,RB,MIN,6400,11.64244324145245,1.82,MIA,134747-40442,8.0606,statline_mc+recal_10_4b,team:BUF
3,WR1,00-0034827,DJ Moore,WR,BUF,6700,12.85155633152307,1.92,NE,134747-63043,8.0249,statline_mc+recal_10_4b,team:BUF
3,WR2,00-0038559,Michael Wilson,WR,ARI,6200,10.928632215078457,1.76,NYG,134747-89612,7.2,statline_mc+recal_10_4b,team:BUF
3,WR3,00-0034960,Jakobi Meyers,WR,JAX,5700,8.600713078581569,1.51,CIN,134747-63634,6.8963,statline_mc+recal_10_4b,team:BUF
3,TE,00-0034753,Mark Andrews,TE,BAL,5200,8.753656616134831,1.68,TEN,134747-52436,6.2908,statline_mc+recal_10_4b,team:BUF
3,FLEX,00-0038134,Kenneth Walker III,RB,KC,8500,18.46704394984207,2.17,LV,134747-103342,9.4445,statline_mc+recal_10_4b,team:BUF
4,QB,00-0034857,Josh Allen,QB,BUF,9100,27.897879796442115,3.07,NE,134747-62239,7.9957,statline_mc+recal_10_4b,team:BUF
4,DEF,DST_CHI,Chicago Bears,DEF,CHI,3500,8.784674199000001,2.51,NYJ,134747-12527,6.2715,dst_simulated_session_10_4,team:BUF
4,RB1,00-0038134,Kenneth Walker III,RB,KC,8500,18.46704394984207,2.17,LV,134747-103342,9.4445,statline_mc+recal_10_4b,team:BUF
4,RB2,00-0037248,James Cook III,RB,BUF,8200,17.052582276972338,2.08,NE,134747-91626,9.5832,statline_mc+recal_10_4b,team:BUF
4,WR1,00-0034827,DJ Moore,WR,BUF,6700,12.85155633152307,1.92,NE,134747-63043,8.0249,statline_mc+recal_10_4b,team:BUF
4,WR2,00-0038606,Parker Washington,WR,JAX,7100,12.102953920681768,1.7,CIN,134747-137516,7.7671,statline_mc+recal_10_4b,team:BUF
4,WR3,00-0038559,Michael Wilson,WR,ARI,6200,10.928632215078457,1.76,NYG,134747-89612,7.2,statline_mc+recal_10_4b,team:BUF
4,TE,00-0034753,Mark Andrews,TE,BAL,5200,8.753656616134831,1.68,TEN,134747-52436,6.2908,statline_mc+recal_10_4b,team:BUF
4,FLEX,00-0037838,Isaiah Likely,TE,NYG,5100,8.06054511053142,1.58,ARI,134747-87260,5.849,statline_mc+recal_10_4b,team:BUF
5,QB,00-0034857,Josh Allen,QB,BUF,9100,27.897879796442115,3.07,NE,134747-62239,7.9957,statline_mc+recal_10_4b,team:BUF
5,DEF,DST_CHI,Chicago Bears,DEF,CHI,3500,8.784674199000001,2.51,NYJ,134747-12527,6.2715,dst_simulated_session_10_4,team:BUF
5,RB1,00-0032764,Derrick Henry,RB,BAL,9100,18.20747252577474,2.0,TEN,134747-39280,10.0629,statline_mc+recal_10_4b,team:BUF
5,RB2,00-0033293,Aaron Jones Sr.,RB,MIN,6400,11.64244324145245,1.82,MIA,134747-40442,8.0606,statline_mc+recal_10_4b,team:BUF
5,WR1,00-0034827,DJ Moore,WR,BUF,6700,12.85155633152307,1.92,NE,134747-63043,8.0249,statline_mc+recal_10_4b,team:BUF
5,WR2,00-0038559,Michael Wilson,WR,ARI,6200,10.928632215078457,1.76,NYG,134747-89612,7.2,statline_mc+recal_10_4b,team:BUF
5,WR3,00-0032464,Kalif Raymond,WR,CHI,5200,7.3590222739081534,1.42,NYJ,134747-70422,6.3861,statline_mc+recal_10_4b,team:BUF
5,TE,00-0034753,Mark Andrews,TE,BAL,5200,8.753656616134831,1.68,TEN,134747-52436,6.2908,statline_mc+recal_10_4b,team:BUF
5,FLEX,00-0038134,Kenneth Walker III,RB,KC,8500,18.46704394984207,2.17,LV,134747-103342,9.4445,statline_mc+recal_10_4b,team:BUF
6,QB,00-0034857,Josh Allen,QB,BUF,9100,27.897879796442115,3.07,NE,134747-62239,7.9957,statline_mc+recal_10_4b,team:BUF
6,DEF,DST_CHI,Chicago Bears,DEF,CHI,3500,8.784674199000001,2.51,NYJ,134747-12527,6.2715,dst_simulated_session_10_4,team:BUF
6,RB1,00-0036275,D'Andre Swift,RB,CHI,7300,13.403401706248165,1.84,NYJ,134747-91598,8.3442,statline_mc+recal_10_4b,team:BUF
6,RB2,00-0033293,Aaron Jones Sr.,RB,MIN,6400,11.64244324145245,1.82,MIA,134747-40442,8.0606,statline_mc+recal_10_4b,team:BUF
6,WR1,00-0034827,DJ Moore,WR,BUF,6700,12.85155633152307,1.92,NE,134747-63043,8.0249,statline_mc+recal_10_4b,team:BUF
6,WR2,00-0038606,Parker Washington,WR,JAX,7100,12.102953920681768,1.7,CIN,134747-137516,7.7671,statline_mc+recal_10_4b,team:BUF
6,WR3,00-0038559,Michael Wilson,WR,ARI,6200,10.928632215078457,1.76,NYG,134747-89612,7.2,statline_mc+recal_10_4b,team:BUF
6,TE,00-0034753,Mark Andrews,TE,BAL,5200,8.753656616134831,1.68,TEN,134747-52436,6.2908,statline_mc+recal_10_4b,team:BUF
6,FLEX,00-0038134,Kenneth Walker III,RB,KC,8500,18.46704394984207,2.17,LV,134747-103342,9.4445,statline_mc+recal_10_4b,team:BUF
7,QB,00-0034857,Josh Allen,QB,BUF,9100,27.897879796442115,3.07,NE,134747-62239,7.9957,statline_mc+recal_10_4b,team:BUF
7,DEF,DST_CHI,Chicago Bears,DEF,CHI,3500,8.784674199000001,2.51,NYJ,134747-12527,6.2715,dst_simulated_session_10_4,team:BUF
7,RB1,00-0037248,James Cook III,RB,BUF,8200,17.052582276972338,2.08,NE,134747-91626,9.5832,statline_mc+recal_10_4b,team:BUF
7,RB2,00-0036275,D'Andre Swift,RB,CHI,7300,13.403401706248165,1.84,NYJ,134747-91598,8.3442,statline_mc+recal_10_4b,team:BUF
7,WR1,00-0034827,DJ Moore,WR,BUF,6700,12.85155633152307,1.92,NE,134747-63043,8.0249,statline_mc+recal_10_4b,team:BUF
7,WR2,00-0038559,Michael Wilson,WR,ARI,6200,10.928632215078457,1.76,NYG,134747-89612,7.2,statline_mc+recal_10_4b,team:BUF
7,WR3,00-0032464,Kalif Raymond,WR,CHI,5200,7.3590222739081534,1.42,NYJ,134747-70422,6.3861,statline_mc+recal_10_4b,team:BUF
7,TE,00-0037838,Isaiah Likely,TE,NYG,5100,8.06054511053142,1.58,ARI,134747-87260,5.849,statline_mc+recal_10_4b,team:BUF
7,FLEX,00-0038134,Kenneth Walker III,RB,KC,8500,18.46704394984207,2.17,LV,134747-103342,9.4445,statline_mc+recal_10_4b,team:BUF
8,QB,00-0034857,Josh Allen,QB,BUF,9100,27.897879796442115,3.07,NE,134747-62239,7.9957,statline_mc+recal_10_4b,team:BUF
8,DEF,DST_CHI,Chicago Bears,DEF,CHI,3500,8.784674199000001,2.51,NYJ,134747-12527,6.2715,dst_simulated_session_10_4,team:BUF
8,RB1,00-0038134,Kenneth Walker III,RB,KC,8500,18.46704394984207,2.17,LV,134747-103342,9.4445,statline_mc+recal_10_4b,team:BUF
8,RB2,00-0037248,James Cook III,RB,BUF,8200,17.052582276972338,2.08,NE,134747-91626,9.5832,statline_mc+recal_10_4b,team:BUF
8,WR1,00-0034827,DJ Moore,WR,BUF,6700,12.85155633152307,1.92,NE,134747-63043,8.0249,statline_mc+recal_10_4b,team:BUF
8,WR2,00-0036410,Tee Higgins,WR,CIN,6900,11.42792459942942,1.66,JAX,134747-89981,7.821,statline_mc+recal_10_4b,team:BUF
8,WR3,00-0038559,Michael Wilson,WR,ARI,6200,10.928632215078457,1.76,NYG,134747-89612,7.2,statline_mc+recal_10_4b,team:BUF
8,TE,00-0034753,Mark Andrews,TE,BAL,5200,8.753656616134831,1.68,TEN,134747-52436,6.2908,statline_mc+recal_10_4b,team:BUF
8,FLEX,00-0034960,Jakobi Meyers,WR,JAX,5700,8.600713078581569,1.51,CIN,134747-63634,6.8963,statline_mc+recal_10_4b,team:BUF
9,QB,00-0034857,Josh Allen,QB,BUF,9100,27.897879796442115,3.07,NE,134747-62239,7.9957,statline_mc+recal_10_4b,team:BUF
9,DEF,DST_CHI,Chicago Bears,DEF,CHI,3500,8.784674199000001,2.51,NYJ,134747-12527,6.2715,dst_simulated_session_10_4,team:BUF
9,RB1,00-0037248,James Cook III,RB,BUF,8200,17.052582276972338,2.08,NE,134747-91626,9.5832,statline_mc+recal_10_4b,team:BUF
9,RB2,00-0033293,Aaron Jones Sr.,RB,MIN,6400,11.64244324145245,1.82,MIA,134747-40442,8.0606,statline_mc+recal_10_4b,team:BUF
9,WR1,00-0034827,DJ Moore,WR,BUF,6700,12.85155633152307,1.92,NE,134747-63043,8.0249,statline_mc+recal_10_4b,team:BUF
9,WR2,00-0038559,Michael Wilson,WR,ARI,6200,10.928632215078457,1.76,NYG,134747-89612,7.2,statline_mc+recal_10_4b,team:BUF
9,WR3,00-0038563,Tre Tucker,WR,LV,5800,8.183246049416883,1.41,KC,134747-103619,6.7564,statline_mc+recal_10_4b,team:BUF
9,TE,00-0034753,Mark Andrews,TE,BAL,5200,8.753656616134831,1.68,TEN,134747-52436,6.2908,statline_mc+recal_10_4b,team:BUF
9,FLEX,00-0038134,Kenneth Walker III,RB,KC,8500,18.46704394984207,2.17,LV,134747-103342,9.4445,statline_mc+recal_10_4b,team:BUF
10,QB,00-0034857,Josh Allen,QB,BUF,9100,27.897879796442115,3.07,NE,134747-62239,7.9957,statline_mc+recal_10_4b,team:BUF
10,DEF,DST_CHI,Chicago Bears,DEF,CHI,3500,8.784674199000001,2.51,NYJ,134747-12527,6.2715,dst_simulated_session_10_4,team:BUF
10,RB1,00-0038134,Kenneth Walker III,RB,KC,8500,18.46704394984207,2.17,LV,134747-103342,9.4445,statline_mc+recal_10_4b,team:BUF
10,RB2,00-0037248,James Cook III,RB,BUF,8200,17.052582276972338,2.08,NE,134747-91626,9.5832,statline_mc+recal_10_4b,team:BUF
10,WR1,00-0034827,DJ Moore,WR,BUF,6700,12.85155633152307,1.92,NE,134747-63043,8.0249,statline_mc+recal_10_4b,team:BUF
10,WR2,00-0036410,Tee Higgins,WR,CIN,6900,11.42792459942942,1.66,JAX,134747-89981,7.821,statline_mc+recal_10_4b,team:BUF
10,WR3,00-0038559,Michael Wilson,WR,ARI,6200,10.928632215078457,1.76,NYG,134747-89612,7.2,statline_mc+recal_10_4b,team:BUF
10,TE,00-0034753,Mark Andrews,TE,BAL,5200,8.753656616134831,1.68,TEN,134747-52436,6.2908,statline_mc+recal_10_4b,team:BUF
10,FLEX,00-0037261,Khalil Shakir,WR,BUF,5700,8.388481099866345,1.47,NE,134747-86518,6.8532,statline_mc+recal_10_4b,team:BUF
11,QB,00-0034857,Josh Allen,QB,BUF,9100,27.897879796442115,3.07,NE,134747-62239,7.9957,statline_mc+recal_10_4b,team:BUF
11,DEF,DST_CHI,Chicago Bears,DEF,CHI,3500,8.784674199000001,2.51,NYJ,134747-12527,6.2715,dst_simulated_session_10_4,team:BUF
11,RB1,00-0033293,Aaron Jones Sr.,RB,MIN,6400,11.64244324145245,1.82,MIA,134747-40442,8.0606,statline_mc+recal_10_4b,team:BUF
11,RB2,00-0039299,George Holani,RB,SEA,4800,6.972370870468492,1.45,LAC,134747-114231,5.8729,statline_mc+recal_10_4b,team:BUF
11,WR1,00-0038543,Jaxon Smith-Njigba,WR,SEA,9500,18.244447222436268,1.92,LAC,134747-129458,9.4035,statline_mc+recal_10_4b,team:BUF
11,WR2,00-0034827,DJ Moore,WR,BUF,6700,12.85155633152307,1.92,NE,134747-63043,8.0249,statline_mc+recal_10_4b,team:BUF
11,WR3,00-0038559,Michael Wilson,WR,ARI,6200,10.928632215078457,1.76,NYG,134747-89612,7.2,statline_mc+recal_10_4b,team:BUF
11,TE,00-0034753,Mark Andrews,TE,BAL,5200,8.753656616134831,1.68,TEN,134747-52436,6.2908,statline_mc+recal_10_4b,team:BUF
11,FLEX,00-0038134,Kenneth Walker III,RB,KC,8500,18.46704394984207,2.17,LV,134747-103342,9.4445,statline_mc+recal_10_4b,team:BUF
12,QB,00-0034857,Josh Allen,QB,BUF,9100,27.897879796442115,3.07,NE,134747-62239,7.9957,statline_mc+recal_10_4b,team:BUF
12,DEF,DST_MIA,Miami Dolphins,DEF,MIA,3000,6.464058466500001,2.15,MIN,134747-12539,6.0305,dst_simulated_session_10_4,team:BUF
12,RB1,00-0037248,James Cook III,RB,BUF,8200,17.052582276972338,2.08,NE,134747-91626,9.5832,statline_mc+recal_10_4b,team:BUF
12,RB2,00-0036275,D'Andre Swift,RB,CHI,7300,13.403401706248165,1.84,NYJ,134747-91598,8.3442,statline_mc+recal_10_4b,team:BUF
12,WR1,00-0034827,DJ Moore,WR,BUF,6700,12.85155633152307,1.92,NE,134747-63043,8.0249,statline_mc+recal_10_4b,team:BUF
12,WR2,00-0038559,Michael Wilson,WR,ARI,6200,10.928632215078457,1.76,NYG,134747-89612,7.2,statline_mc+recal_10_4b,team:BUF
12,WR3,00-0040735,Luther Burden III,WR,CHI,5800,8.616666673124396,1.49,NYJ,134747-166092,6.7501,statline_mc+recal_10_4b,team:BUF
12,TE,00-0034753,Mark Andrews,TE,BAL,5200,8.753656616134831,1.68,TEN,134747-52436,6.2908,statline_mc+recal_10_4b,team:BUF
12,FLEX,00-0038134,Kenneth Walker III,RB,KC,8500,18.46704394984207,2.17,LV,134747-103342,9.4445,statline_mc+recal_10_4b,team:BUF
13,QB,00-0034857,Josh Allen,QB,BUF,9100,27.897879796442115,3.07,NE,134747-62239,7.9957,statline_mc+recal_10_4b,team:BUF
13,DEF,DST_CHI,Chicago Bears,DEF,CHI,3500,8.784674199000001,2.51,NYJ,134747-12527,6.2715,dst_simulated_session_10_4,team:BUF
13,RB1,00-0037248,James Cook III,RB,BUF,8200,17.052582276972338,2.08,NE,134747-91626,9.5832,statline_mc+recal_10_4b,team:BUF
13,RB2,00-0036275,D'Andre Swift,RB,CHI,7300,13.403401706248165,1.84,NYJ,134747-91598,8.3442,statline_mc+recal_10_4b,team:BUF
13,WR1,00-0034827,DJ Moore,WR,BUF,6700,12.85155633152307,1.92,NE,134747-63043,8.0249,statline_mc+recal_10_4b,team:BUF
13,WR2,00-0040735,Luther Burden III,WR,CHI,5800,8.616666673124396,1.49,NYJ,134747-166092,6.7501,statline_mc+recal_10_4b,team:BUF
13,WR3,00-0034960,Jakobi Meyers,WR,JAX,5700,8.600713078581569,1.51,CIN,134747-63634,6.8963,statline_mc+recal_10_4b,team:BUF
13,TE,00-0034753,Mark Andrews,TE,BAL,5200,8.753656616134831,1.68,TEN,134747-52436,6.2908,statline_mc+recal_10_4b,team:BUF
13,FLEX,00-0038134,Kenneth Walker III,RB,KC,8500,18.46704394984207,2.17,LV,134747-103342,9.4445,statline_mc+recal_10_4b,team:BUF
14,QB,00-0034857,Josh Allen,QB,BUF,9100,27.897879796442115,3.07,NE,134747-62239,7.9957,statline_mc+recal_10_4b,team:BUF
14,DEF,DST_CHI,Chicago Bears,DEF,CHI,3500,8.784674199000001,2.51,NYJ,134747-12527,6.2715,dst_simulated_session_10_4,team:BUF
14,RB1,00-0037248,James Cook III,RB,BUF,8200,17.052582276972338,2.08,NE,134747-91626,9.5832,statline_mc+recal_10_4b,team:BUF
14,RB2,00-0041027,Jeremiyah Love,RB,ARI,6600,11.084159837453262,1.68,NYG,134747-188171,7.8418,statline_mc+recal_10_4b,team:BUF
14,WR1,00-0034827,DJ Moore,WR,BUF,6700,12.85155633152307,1.92,NE,134747-63043,8.0249,statline_mc+recal_10_4b,team:BUF
14,WR2,00-0038559,Michael Wilson,WR,ARI,6200,10.928632215078457,1.76,NYG,134747-89612,7.2,statline_mc+recal_10_4b,team:BUF
14,WR3,00-0034960,Jakobi Meyers,WR,JAX,5700,8.600713078581569,1.51,CIN,134747-63634,6.8963,statline_mc+recal_10_4b,team:BUF
14,TE,00-0034753,Mark Andrews,TE,BAL,5200,8.753656616134831,1.68,TEN,134747-52436,6.2908,statline_mc+recal_10_4b,team:BUF
14,FLEX,00-0038134,Kenneth Walker III,RB,KC,8500,18.46704394984207,2.17,LV,134747-103342,9.4445,statline_mc+recal_10_4b,team:BUF
15,QB,00-0034857,Josh Allen,QB,BUF,9100,27.897879796442115,3.07,NE,134747-62239,7.9957,statline_mc+recal_10_4b,team:BUF
15,DEF,DST_MIA,Miami Dolphins,DEF,MIA,3000,6.464058466500001,2.15,MIN,134747-12539,6.0305,dst_simulated_session_10_4,team:BUF
15,RB1,00-0037248,James Cook III,RB,BUF,8200,17.052582276972338,2.08,NE,134747-91626,9.5832,statline_mc+recal_10_4b,team:BUF
15,RB2,00-0036275,D'Andre Swift,RB,CHI,7300,13.403401706248165,1.84,NYJ,134747-91598,8.3442,statline_mc+recal_10_4b,team:BUF
15,WR1,00-0034827,DJ Moore,WR,BUF,6700,12.85155633152307,1.92,NE,134747-63043,8.0249,statline_mc+recal_10_4b,team:BUF
15,WR2,00-0038559,Michael Wilson,WR,ARI,6200,10.928632215078457,1.76,NYG,134747-89612,7.2,statline_mc+recal_10_4b,team:BUF
15,WR3,00-0034960,Jakobi Meyers,WR,JAX,5700,8.600713078581569,1.51,CIN,134747-63634,6.8963,statline_mc+recal_10_4b,team:BUF
15,TE,00-0034753,Mark Andrews,TE,BAL,5200,8.753656616134831,1.68,TEN,134747-52436,6.2908,statline_mc+recal_10_4b,team:BUF
15,FLEX,00-0038134,Kenneth Walker III,RB,KC,8500,18.46704394984207,2.17,LV,134747-103342,9.4445,statline_mc+recal_10_4b,team:BUF
16,QB,00-0034857,Josh Allen,QB,BUF,9100,27.897879796442115,3.07,NE,134747-62239,7.9957,statline_mc+recal_10_4b,team:BUF
16,DEF,DST_CHI,Chicago Bears,DEF,CHI,3500,8.784674199000001,2.51,NYJ,134747-12527,6.2715,dst_simulated_session_10_4,team:BUF
16,RB1,00-0037248,James Cook III,RB,BUF,8200,17.052582276972338,2.08,NE,134747-91626,9.5832,statline_mc+recal_10_4b,team:BUF
16,RB2,00-0033293,Aaron Jones Sr.,RB,MIN,6400,11.64244324145245,1.82,MIA,134747-40442,8.0606,statline_mc+recal_10_4b,team:BUF
16,WR1,00-0034827,DJ Moore,WR,BUF,6700,12.85155633152307,1.92,NE,134747-63043,8.0249,statline_mc+recal_10_4b,team:BUF
16,WR2,00-0036410,Tee Higgins,WR,CIN,6900,11.42792459942942,1.66,JAX,134747-89981,7.821,statline_mc+recal_10_4b,team:BUF
16,WR3,00-0037816,Romeo Doubs,WR,NE,5500,7.410625490692375,1.35,BUF,134747-94370,6.5446,statline_mc+recal_10_4b,team:BUF
16,TE,00-0034753,Mark Andrews,TE,BAL,5200,8.753656616134831,1.68,TEN,134747-52436,6.2908,statline_mc+recal_10_4b,team:BUF
16,FLEX,00-0038134,Kenneth Walker III,RB,KC,8500,18.46704394984207,2.17,LV,134747-103342,9.4445,statline_mc+recal_10_4b,team:BUF
17,QB,00-0034857,Josh Allen,QB,BUF,9100,27.897879796442115,3.07,NE,134747-62239,7.9957,statline_mc+recal_10_4b,team:BUF
17,DEF,DST_CHI,Chicago Bears,DEF,CHI,3500,8.784674199000001,2.51,NYJ,134747-12527,6.2715,dst_simulated_session_10_4,team:BUF
17,RB1,00-0037248,James Cook III,RB,BUF,8200,17.052582276972338,2.08,NE,134747-91626,9.5832,statline_mc+recal_10_4b,team:BUF
17,RB2,00-0033293,Aaron Jones Sr.,RB,MIN,6400,11.64244324145245,1.82,MIA,134747-40442,8.0606,statline_mc+recal_10_4b,team:BUF
17,WR1,00-0038543,Jaxon Smith-Njigba,WR,SEA,9500,18.244447222436268,1.92,LAC,134747-129458,9.4035,statline_mc+recal_10_4b,team:BUF
17,WR2,00-0034827,DJ Moore,WR,BUF,6700,12.85155633152307,1.92,NE,134747-63043,8.0249,statline_mc+recal_10_4b,team:BUF
17,WR3,00-0038559,Michael Wilson,WR,ARI,6200,10.928632215078457,1.76,NYG,134747-89612,7.2,statline_mc+recal_10_4b,team:BUF
17,TE,00-0034753,Mark Andrews,TE,BAL,5200,8.753656616134831,1.68,TEN,134747-52436,6.2908,statline_mc+recal_10_4b,team:BUF
17,FLEX,00-0037838,Isaiah Likely,TE,NYG,5100,8.06054511053142,1.58,ARI,134747-87260,5.849,statline_mc+recal_10_4b,team:BUF
18,QB,00-0034857,Josh Allen,QB,BUF,9100,27.897879796442115,3.07,NE,134747-62239,7.9957,statline_mc+recal_10_4b,team:BUF
18,DEF,DST_CHI,Chicago Bears,DEF,CHI,3500,8.784674199000001,2.51,NYJ,134747-12527,6.2715,dst_simulated_session_10_4,team:BUF
18,RB1,00-0037248,James Cook III,RB,BUF,8200,17.052582276972338,2.08,NE,134747-91626,9.5832,statline_mc+recal_10_4b,team:BUF
18,RB2,00-0036275,D'Andre Swift,RB,CHI,7300,13.403401706248165,1.84,NYJ,134747-91598,8.3442,statline_mc+recal_10_4b,team:BUF
18,WR1,00-0034827,DJ Moore,WR,BUF,6700,12.85155633152307,1.92,NE,134747-63043,8.0249,statline_mc+recal_10_4b,team:BUF
18,WR2,00-0040735,Luther Burden III,WR,CHI,5800,8.616666673124396,1.49,NYJ,134747-166092,6.7501,statline_mc+recal_10_4b,team:BUF
18,WR3,00-0037261,Khalil Shakir,WR,BUF,5700,8.388481099866345,1.47,NE,134747-86518,6.8532,statline_mc+recal_10_4b,team:BUF
18,TE,00-0034753,Mark Andrews,TE,BAL,5200,8.753656616134831,1.68,TEN,134747-52436,6.2908,statline_mc+recal_10_4b,team:BUF
18,FLEX,00-0038134,Kenneth Walker III,RB,KC,8500,18.46704394984207,2.17,LV,134747-103342,9.4445,statline_mc+recal_10_4b,team:BUF
19,QB,00-0034857,Josh Allen,QB,BUF,9100,27.897879796442115,3.07,NE,134747-62239,7.9957,statline_mc+recal_10_4b,team:BUF
19,DEF,DST_CHI,Chicago Bears,DEF,CHI,3500,8.784674199000001,2.51,NYJ,134747-12527,6.2715,dst_simulated_session_10_4,team:BUF
19,RB1,00-0037248,James Cook III,RB,BUF,8200,17.052582276972338,2.08,NE,134747-91626,9.5832,statline_mc+recal_10_4b,team:BUF
19,RB2,00-0041027,Jeremiyah Love,RB,ARI,6600,11.084159837453262,1.68,NYG,134747-188171,7.8418,statline_mc+recal_10_4b,team:BUF
19,WR1,00-0034827,DJ Moore,WR,BUF,6700,12.85155633152307,1.92,NE,134747-63043,8.0249,statline_mc+recal_10_4b,team:BUF
19,WR2,00-0038559,Michael Wilson,WR,ARI,6200,10.928632215078457,1.76,NYG,134747-89612,7.2,statline_mc+recal_10_4b,team:BUF
19,WR3,00-0037261,Khalil Shakir,WR,BUF,5700,8.388481099866345,1.47,NE,134747-86518,6.8532,statline_mc+recal_10_4b,team:BUF
19,TE,00-0034753,Mark Andrews,TE,BAL,5200,8.753656616134831,1.68,TEN,134747-52436,6.2908,statline_mc+recal_10_4b,team:BUF
19,FLEX,00-0038134,Kenneth Walker III,RB,KC,8500,18.46704394984207,2.17,LV,134747-103342,9.4445,statline_mc+recal_10_4b,team:BUF
20,QB,00-0034857,Josh Allen,QB,BUF,9100,27.897879796442115,3.07,NE,134747-62239,7.9957,statline_mc+recal_10_4b,team:BUF
20,DEF,DST_MIA,Miami Dolphins,DEF,MIA,3000,6.464058466500001,2.15,MIN,134747-12539,6.0305,dst_simulated_session_10_4,team:BUF
20,RB1,00-0037248,James Cook III,RB,BUF,8200,17.052582276972338,2.08,NE,134747-91626,9.5832,statline_mc+recal_10_4b,team:BUF
20,RB2,00-0036275,D'Andre Swift,RB,CHI,7300,13.403401706248165,1.84,NYJ,134747-91598,8.3442,statline_mc+recal_10_4b,team:BUF
20,WR1,00-0034827,DJ Moore,WR,BUF,6700,12.85155633152307,1.92,NE,134747-63043,8.0249,statline_mc+recal_10_4b,team:BUF
20,WR2,00-0038559,Michael Wilson,WR,ARI,6200,10.928632215078457,1.76,NYG,134747-89612,7.2,statline_mc+recal_10_4b,team:BUF
20,WR3,00-0037261,Khalil Shakir,WR,BUF,5700,8.388481099866345,1.47,NE,134747-86518,6.8532,statline_mc+recal_10_4b,team:BUF
20,TE,00-0034753,Mark Andrews,TE,BAL,5200,8.753656616134831,1.68,TEN,134747-52436,6.2908,statline_mc+recal_10_4b,team:BUF
20,FLEX,00-0038134,Kenneth Walker III,RB,KC,8500,18.46704394984207,2.17,LV,134747-103342,9.4445,statline_mc+recal_10_4b,team:BUF
21,QB,00-0034857,Josh Allen,QB,BUF,9100,27.897879796442115,3.07,NE,134747-62239,7.9957,statline_mc+recal_10_4b,team:BUF
21,DEF,DST_CHI,Chicago Bears,DEF,CHI,3500,8.784674199000001,2.51,NYJ,134747-12527,6.2715,dst_simulated_session_10_4,team:BUF
21,RB1,00-0032764,Derrick Henry,RB,BAL,9100,18.20747252577474,2.0,TEN,134747-39280,10.0629,statline_mc+recal_10_4b,team:BUF
21,RB2,00-0033293,Aaron Jones Sr.,RB,MIN,6400,11.64244324145245,1.82,MIA,134747-40442,8.0606,statline_mc+recal_10_4b,team:BUF
21,WR1,00-0034827,DJ Moore,WR,BUF,6700,12.85155633152307,1.92,NE,134747-63043,8.0249,statline_mc+recal_10_4b,team:BUF
21,WR2,00-0038559,Michael Wilson,WR,ARI,6200,10.928632215078457,1.76,NYG,134747-89612,7.2,statline_mc+recal_10_4b,team:BUF
21,WR3,00-0032464,Kalif Raymond,WR,CHI,5200,7.3590222739081534,1.42,NYJ,134747-70422,6.3861,statline_mc+recal_10_4b,team:BUF
21,TE,00-0037838,Isaiah Likely,TE,NYG,5100,8.06054511053142,1.58,ARI,134747-87260,5.849,statline_mc+recal_10_4b,team:BUF
21,FLEX,00-0038134,Kenneth Walker III,RB,KC,8500,18.46704394984207,2.17,LV,134747-103342,9.4445,statline_mc+recal_10_4b,team:BUF
22,QB,00-0034857,Josh Allen,QB,BUF,9100,27.897879796442115,3.07,NE,134747-62239,7.9957,statline_mc+recal_10_4b,team:BUF
22,DEF,DST_CHI,Chicago Bears,DEF,CHI,3500,8.784674199000001,2.51,NYJ,134747-12527,6.2715,dst_simulated_session_10_4,team:BUF
22,RB1,00-0038134,Kenneth Walker III,RB,KC,8500,18.46704394984207,2.17,LV,134747-103342,9.4445,statline_mc+recal_10_4b,team:BUF
22,RB2,00-0037248,James Cook III,RB,BUF,8200,17.052582276972338,2.08,NE,134747-91626,9.5832,statline_mc+recal_10_4b,team:BUF
22,WR1,00-0034827,DJ Moore,WR,BUF,6700,12.85155633152307,1.92,NE,134747-63043,8.0249,statline_mc+recal_10_4b,team:BUF
22,WR2,00-0038606,Parker Washington,WR,JAX,7100,12.102953920681768,1.7,CIN,134747-137516,7.7671,statline_mc+recal_10_4b,team:BUF
22,WR3,00-0038559,Michael Wilson,WR,ARI,6200,10.928632215078457,1.76,NYG,134747-89612,7.2,statline_mc+recal_10_4b,team:BUF
22,TE,00-0034753,Mark Andrews,TE,BAL,5200,8.753656616134831,1.68,TEN,134747-52436,6.2908,statline_mc+recal_10_4b,team:BUF
22,FLEX,00-0032464,Kalif Raymond,WR,CHI,5200,7.3590222739081534,1.42,NYJ,134747-70422,6.3861,statline_mc+recal_10_4b,team:BUF
23,QB,00-0034857,Josh Allen,QB,BUF,9100,27.897879796442115,3.07,NE,134747-62239,7.9957,statline_mc+recal_10_4b,team:BUF
23,DEF,DST_CHI,Chicago Bears,DEF,CHI,3500,8.784674199000001,2.51,NYJ,134747-12527,6.2715,dst_simulated_session_10_4,team:BUF
23,RB1,00-0037248,James Cook III,RB,BUF,8200,17.052582276972338,2.08,NE,134747-91626,9.5832,statline_mc+recal_10_4b,team:BUF
23,RB2,00-0033293,Aaron Jones Sr.,RB,MIN,6400,11.64244324145245,1.82,MIA,134747-40442,8.0606,statline_mc+recal_10_4b,team:BUF
23,WR1,00-0034827,DJ Moore,WR,BUF,6700,12.85155633152307,1.92,NE,134747-63043,8.0249,statline_mc+recal_10_4b,team:BUF
23,WR2,00-0038559,Michael Wilson,WR,ARI,6200,10.928632215078457,1.76,NYG,134747-89612,7.2,statline_mc+recal_10_4b,team:BUF
23,WR3,00-0039919,Rome Odunze,WR,CHI,6100,8.506997201160127,1.39,NYJ,134747-120033,6.8326,statline_mc+recal_10_4b,team:BUF
23,TE,00-0037838,Isaiah Likely,TE,NYG,5100,8.06054511053142,1.58,ARI,134747-87260,5.849,statline_mc+recal_10_4b,team:BUF
23,FLEX,00-0038134,Kenneth Walker III,RB,KC,8500,18.46704394984207,2.17,LV,134747-103342,9.4445,statline_mc+recal_10_4b,team:BUF
24,QB,00-0034857,Josh Allen,QB,BUF,9100,27.897879796442115,3.07,NE,134747-62239,7.9957,statline_mc+recal_10_4b,team:BUF
24,DEF,DST_CHI,Chicago Bears,DEF,CHI,3500,8.784674199000001,2.51,NYJ,134747-12527,6.2715,dst_simulated_session_10_4,team:BUF
24,RB1,00-0036275,D'Andre Swift,RB,CHI,7300,13.403401706248165,1.84,NYJ,134747-91598,8.3442,statline_mc+recal_10_4b,team:BUF
24,RB2,00-0033293,Aaron Jones Sr.,RB,MIN,6400,11.64244324145245,1.82,MIA,134747-40442,8.0606,statline_mc+recal_10_4b,team:BUF
24,WR1,00-0034827,DJ Moore,WR,BUF,6700,12.85155633152307,1.92,NE,134747-63043,8.0249,statline_mc+recal_10_4b,team:BUF
24,WR2,00-0036410,Tee Higgins,WR,CIN,6900,11.42792459942942,1.66,JAX,134747-89981,7.821,statline_mc+recal_10_4b,team:BUF
24,WR3,00-0038559,Michael Wilson,WR,ARI,6200,10.928632215078457,1.76,NYG,134747-89612,7.2,statline_mc+recal_10_4b,team:BUF
24,TE,00-0034753,Mark Andrews,TE,BAL,5200,8.753656616134831,1.68,TEN,134747-52436,6.2908,statline_mc+recal_10_4b,team:BUF
24,FLEX,00-0038134,Kenneth Walker III,RB,KC,8500,18.46704394984207,2.17,LV,134747-103342,9.4445,statline_mc+recal_10_4b,team:BUF
25,QB,00-0034857,Josh Allen,QB,BUF,9100,27.897879796442115,3.07,NE,134747-62239,7.9957,statline_mc+recal_10_4b,team:BUF
25,DEF,DST_CHI,Chicago Bears,DEF,CHI,3500,8.784674199000001,2.51,NYJ,134747-12527,6.2715,dst_simulated_session_10_4,team:BUF
25,RB1,00-0036275,D'Andre Swift,RB,CHI,7300,13.403401706248165,1.84,NYJ,134747-91598,8.3442,statline_mc+recal_10_4b,team:BUF
25,RB2,00-0033293,Aaron Jones Sr.,RB,MIN,6400,11.64244324145245,1.82,MIA,134747-40442,8.0606,statline_mc+recal_10_4b,team:BUF
25,WR1,00-0034827,DJ Moore,WR,BUF,6700,12.85155633152307,1.92,NE,134747-63043,8.0249,statline_mc+recal_10_4b,team:BUF
25,WR2,00-0038606,Parker Washington,WR,JAX,7100,12.102953920681768,1.7,CIN,134747-137516,7.7671,statline_mc+recal_10_4b,team:BUF
25,WR3,00-0038559,Michael Wilson,WR,ARI,6200,10.928632215078457,1.76,NYG,134747-89612,7.2,statline_mc+recal_10_4b,team:BUF
25,TE,00-0037838,Isaiah Likely,TE,NYG,5100,8.06054511053142,1.58,ARI,134747-87260,5.849,statline_mc+recal_10_4b,team:BUF
25,FLEX,00-0038134,Kenneth Walker III,RB,KC,8500,18.46704394984207,2.17,LV,134747-103342,9.4445,statline_mc+recal_10_4b,team:BUF
26,QB,00-0034857,Josh Allen,QB,BUF,9100,27.897879796442115,3.07,NE,134747-62239,7.9957,statline_mc+recal_10_4b,team:BUF
26,DEF,DST_CHI,Chicago Bears,DEF,CHI,3500,8.784674199000001,2.51,NYJ,134747-12527,6.2715,dst_simulated_session_10_4,team:BUF
26,RB1,00-0032764,Derrick Henry,RB,BAL,9100,18.20747252577474,2.0,TEN,134747-39280,10.0629,statline_mc+recal_10_4b,team:BUF
26,RB2,00-0037248,James Cook III,RB,BUF,8200,17.052582276972338,2.08,NE,134747-91626,9.5832,statline_mc+recal_10_4b,team:BUF
26,WR1,00-0034827,DJ Moore,WR,BUF,6700,12.85155633152307,1.92,NE,134747-63043,8.0249,statline_mc+recal_10_4b,team:BUF
26,WR2,00-0038559,Michael Wilson,WR,ARI,6200,10.928632215078457,1.76,NYG,134747-89612,7.2,statline_mc+recal_10_4b,team:BUF
26,WR3,00-0034960,Jakobi Meyers,WR,JAX,5700,8.600713078581569,1.51,CIN,134747-63634,6.8963,statline_mc+recal_10_4b,team:BUF
26,TE,00-0037838,Isaiah Likely,TE,NYG,5100,8.06054511053142,1.58,ARI,134747-87260,5.849,statline_mc+recal_10_4b,team:BUF
26,FLEX,00-0033293,Aaron Jones Sr.,RB,MIN,6400,11.64244324145245,1.82,MIA,134747-40442,8.0606,statline_mc+recal_10_4b,team:BUF
27,QB,00-0034857,Josh Allen,QB,BUF,9100,27.897879796442115,3.07,NE,134747-62239,7.9957,statline_mc+recal_10_4b,team:BUF
27,DEF,DST_CHI,Chicago Bears,DEF,CHI,3500,8.784674199000001,2.51,NYJ,134747-12527,6.2715,dst_simulated_session_10_4,team:BUF
27,RB1,00-0037248,James Cook III,RB,BUF,8200,17.052582276972338,2.08,NE,134747-91626,9.5832,statline_mc+recal_10_4b,team:BUF
27,RB2,00-0033293,Aaron Jones Sr.,RB,MIN,6400,11.64244324145245,1.82,MIA,134747-40442,8.0606,statline_mc+recal_10_4b,team:BUF
27,WR1,00-0038606,Parker Washington,WR,JAX,7100,12.102953920681768,1.7,CIN,134747-137516,7.7671,statline_mc+recal_10_4b,team:BUF
27,WR2,00-0038559,Michael Wilson,WR,ARI,6200,10.928632215078457,1.76,NYG,134747-89612,7.2,statline_mc+recal_10_4b,team:BUF
27,WR3,00-0037261,Khalil Shakir,WR,BUF,5700,8.388481099866345,1.47,NE,134747-86518,6.8532,statline_mc+recal_10_4b,team:BUF
27,TE,00-0034753,Mark Andrews,TE,BAL,5200,8.753656616134831,1.68,TEN,134747-52436,6.2908,statline_mc+recal_10_4b,team:BUF
27,FLEX,00-0038134,Kenneth Walker III,RB,KC,8500,18.46704394984207,2.17,LV,134747-103342,9.4445,statline_mc+recal_10_4b,team:BUF
28,QB,00-0034857,Josh Allen,QB,BUF,9100,27.897879796442115,3.07,NE,134747-62239,7.9957,statline_mc+recal_10_4b,team:BUF
28,DEF,DST_MIA,Miami Dolphins,DEF,MIA,3000,6.464058466500001,2.15,MIN,134747-12539,6.0305,dst_simulated_session_10_4,team:BUF
28,RB1,00-0037248,James Cook III,RB,BUF,8200,17.052582276972338,2.08,NE,134747-91626,9.5832,statline_mc+recal_10_4b,team:BUF
28,RB2,00-0036275,D'Andre Swift,RB,CHI,7300,13.403401706248165,1.84,NYJ,134747-91598,8.3442,statline_mc+recal_10_4b,team:BUF
28,WR1,00-0034827,DJ Moore,WR,BUF,6700,12.85155633152307,1.92,NE,134747-63043,8.0249,statline_mc+recal_10_4b,team:BUF
28,WR2,00-0038559,Michael Wilson,WR,ARI,6200,10.928632215078457,1.76,NYG,134747-89612,7.2,statline_mc+recal_10_4b,team:BUF
28,WR3,00-0038563,Tre Tucker,WR,LV,5800,8.183246049416883,1.41,KC,134747-103619,6.7564,statline_mc+recal_10_4b,team:BUF
28,TE,00-0034753,Mark Andrews,TE,BAL,5200,8.753656616134831,1.68,TEN,134747-52436,6.2908,statline_mc+recal_10_4b,team:BUF
28,FLEX,00-0038134,Kenneth Walker III,RB,KC,8500,18.46704394984207,2.17,LV,134747-103342,9.4445,statline_mc+recal_10_4b,team:BUF
29,QB,00-0034857,Josh Allen,QB,BUF,9100,27.897879796442115,3.07,NE,134747-62239,7.9957,statline_mc+recal_10_4b,team:BUF
29,DEF,DST_CHI,Chicago Bears,DEF,CHI,3500,8.784674199000001,2.51,NYJ,134747-12527,6.2715,dst_simulated_session_10_4,team:BUF
29,RB1,00-0037248,James Cook III,RB,BUF,8200,17.052582276972338,2.08,NE,134747-91626,9.5832,statline_mc+recal_10_4b,team:BUF
29,RB2,00-0036275,D'Andre Swift,RB,CHI,7300,13.403401706248165,1.84,NYJ,134747-91598,8.3442,statline_mc+recal_10_4b,team:BUF
29,WR1,00-0034827,DJ Moore,WR,BUF,6700,12.85155633152307,1.92,NE,134747-63043,8.0249,statline_mc+recal_10_4b,team:BUF
29,WR2,00-0034960,Jakobi Meyers,WR,JAX,5700,8.600713078581569,1.51,CIN,134747-63634,6.8963,statline_mc+recal_10_4b,team:BUF
29,WR3,00-0038563,Tre Tucker,WR,LV,5800,8.183246049416883,1.41,KC,134747-103619,6.7564,statline_mc+recal_10_4b,team:BUF
29,TE,00-0034753,Mark Andrews,TE,BAL,5200,8.753656616134831,1.68,TEN,134747-52436,6.2908,statline_mc+recal_10_4b,team:BUF
29,FLEX,00-0038134,Kenneth Walker III,RB,KC,8500,18.46704394984207,2.17,LV,134747-103342,9.4445,statline_mc+recal_10_4b,team:BUF
30,QB,00-0034857,Josh Allen,QB,BUF,9100,27.897879796442115,3.07,NE,134747-62239,7.9957,statline_mc+recal_10_4b,team:BUF
30,DEF,DST_CHI,Chicago Bears,DEF,CHI,3500,8.784674199000001,2.51,NYJ,134747-12527,6.2715,dst_simulated_session_10_4,team:BUF
30,RB1,00-0037248,James Cook III,RB,BUF,8200,17.052582276972338,2.08,NE,134747-91626,9.5832,statline_mc+recal_10_4b,team:BUF
30,RB2,00-0033293,Aaron Jones Sr.,RB,MIN,6400,11.64244324145245,1.82,MIA,134747-40442,8.0606,statline_mc+recal_10_4b,team:BUF
30,WR1,00-0038543,Jaxon Smith-Njigba,WR,SEA,9500,18.244447222436268,1.92,LAC,134747-129458,9.4035,statline_mc+recal_10_4b,team:BUF
30,WR2,00-0034827,DJ Moore,WR,BUF,6700,12.85155633152307,1.92,NE,134747-63043,8.0249,statline_mc+recal_10_4b,team:BUF
30,WR3,00-0038559,Michael Wilson,WR,ARI,6200,10.928632215078457,1.76,NYG,134747-89612,7.2,statline_mc+recal_10_4b,team:BUF
30,TE,00-0034753,Mark Andrews,TE,BAL,5200,8.753656616134831,1.68,TEN,134747-52436,6.2908,statline_mc+recal_10_4b,team:BUF
30,FLEX,00-0034829,Mike Gesicki,TE,CIN,5100,7.713701904865386,1.51,JAX,134747-56265,6.0564,statline_mc+recal_10_4b,team:BUF
31,QB,00-0034857,Josh Allen,QB,BUF,9100,27.897879796442115,3.07,NE,134747-62239,7.9957,statline_mc+recal_10_4b,team:BUF
31,DEF,DST_CHI,Chicago Bears,DEF,CHI,3500,8.784674199000001,2.51,NYJ,134747-12527,6.2715,dst_simulated_session_10_4,team:BUF
31,RB1,00-0032764,Derrick Henry,RB,BAL,9100,18.20747252577474,2.0,TEN,134747-39280,10.0629,statline_mc+recal_10_4b,team:BUF
31,RB2,00-0037248,James Cook III,RB,BUF,8200,17.052582276972338,2.08,NE,134747-91626,9.5832,statline_mc+recal_10_4b,team:BUF
31,WR1,00-0034827,DJ Moore,WR,BUF,6700,12.85155633152307,1.92,NE,134747-63043,8.0249,statline_mc+recal_10_4b,team:BUF
31,WR2,00-0038559,Michael Wilson,WR,ARI,6200,10.928632215078457,1.76,NYG,134747-89612,7.2,statline_mc+recal_10_4b,team:BUF
31,WR3,00-0037261,Khalil Shakir,WR,BUF,5700,8.388481099866345,1.47,NE,134747-86518,6.8532,statline_mc+recal_10_4b,team:BUF
31,TE,00-0037838,Isaiah Likely,TE,NYG,5100,8.06054511053142,1.58,ARI,134747-87260,5.849,statline_mc+recal_10_4b,team:BUF
31,FLEX,00-0033293,Aaron Jones Sr.,RB,MIN,6400,11.64244324145245,1.82,MIA,134747-40442,8.0606,statline_mc+recal_10_4b,team:BUF
32,QB,00-0034857,Josh Allen,QB,BUF,9100,27.897879796442115,3.07,NE,134747-62239,7.9957,statline_mc+recal_10_4b,team:BUF
32,DEF,DST_CHI,Chicago Bears,DEF,CHI,3500,8.784674199000001,2.51,NYJ,134747-12527,6.2715,dst_simulated_session_10_4,team:BUF
32,RB1,00-0038134,Kenneth Walker III,RB,KC,8500,18.46704394984207,2.17,LV,134747-103342,9.4445,statline_mc+recal_10_4b,team:BUF
32,RB2,00-0033293,Aaron Jones Sr.,RB,MIN,6400,11.64244324145245,1.82,MIA,134747-40442,8.0606,statline_mc+recal_10_4b,team:BUF
32,WR1,00-0038543,Jaxon Smith-Njigba,WR,SEA,9500,18.244447222436268,1.92,LAC,134747-129458,9.4035,statline_mc+recal_10_4b,team:BUF
32,WR2,00-0034827,DJ Moore,WR,BUF,6700,12.85155633152307,1.92,NE,134747-63043,8.0249,statline_mc+recal_10_4b,team:BUF
32,WR3,00-0038559,Michael Wilson,WR,ARI,6200,10.928632215078457,1.76,NYG,134747-89612,7.2,statline_mc+recal_10_4b,team:BUF
32,TE,00-0034753,Mark Andrews,TE,BAL,5200,8.753656616134831,1.68,TEN,134747-52436,6.2908,statline_mc+recal_10_4b,team:BUF
32,FLEX,00-0035229,T.J. Hockenson,TE,MIN,4900,6.194957844657298,1.26,MIA,134747-71706,5.3046,statline_mc+recal_10_4b,team:BUF
33,QB,00-0034857,Josh Allen,QB,BUF,9100,27.897879796442115,3.07,NE,134747-62239,7.9957,statline_mc+recal_10_4b,team:BUF
33,DEF,DST_MIA,Miami Dolphins,DEF,MIA,3000,6.464058466500001,2.15,MIN,134747-12539,6.0305,dst_simulated_session_10_4,team:BUF
33,RB1,00-0037248,James Cook III,RB,BUF,8200,17.052582276972338,2.08,NE,134747-91626,9.5832,statline_mc+recal_10_4b,team:BUF
33,RB2,00-0036275,D'Andre Swift,RB,CHI,7300,13.403401706248165,1.84,NYJ,134747-91598,8.3442,statline_mc+recal_10_4b,team:BUF
33,WR1,00-0034827,DJ Moore,WR,BUF,6700,12.85155633152307,1.92,NE,134747-63043,8.0249,statline_mc+recal_10_4b,team:BUF
33,WR2,00-0038559,Michael Wilson,WR,ARI,6200,10.928632215078457,1.76,NYG,134747-89612,7.2,statline_mc+recal_10_4b,team:BUF
33,WR3,00-0040735,Luther Burden III,WR,CHI,5800,8.616666673124396,1.49,NYJ,134747-166092,6.7501,statline_mc+recal_10_4b,team:BUF
33,TE,00-0037838,Isaiah Likely,TE,NYG,5100,8.06054511053142,1.58,ARI,134747-87260,5.849,statline_mc+recal_10_4b,team:BUF
33,FLEX,00-0038134,Kenneth Walker III,RB,KC,8500,18.46704394984207,2.17,LV,134747-103342,9.4445,statline_mc+recal_10_4b,team:BUF
34,QB,00-0034857,Josh Allen,QB,BUF,9100,27.897879796442115,3.07,NE,134747-62239,7.9957,statline_mc+recal_10_4b,team:BUF
34,DEF,DST_MIA,Miami Dolphins,DEF,MIA,3000,6.464058466500001,2.15,MIN,134747-12539,6.0305,dst_simulated_session_10_4,team:BUF
34,RB1,00-0038134,Kenneth Walker III,RB,KC,8500,18.46704394984207,2.17,LV,134747-103342,9.4445,statline_mc+recal_10_4b,team:BUF
34,RB2,00-0032764,Derrick Henry,RB,BAL,9100,18.20747252577474,2.0,TEN,134747-39280,10.0629,statline_mc+recal_10_4b,team:BUF
34,WR1,00-0034827,DJ Moore,WR,BUF,6700,12.85155633152307,1.92,NE,134747-63043,8.0249,statline_mc+recal_10_4b,team:BUF
34,WR2,00-0038606,Parker Washington,WR,JAX,7100,12.102953920681768,1.7,CIN,134747-137516,7.7671,statline_mc+recal_10_4b,team:BUF
34,WR3,00-0038559,Michael Wilson,WR,ARI,6200,10.928632215078457,1.76,NYG,134747-89612,7.2,statline_mc+recal_10_4b,team:BUF
34,TE,00-0034753,Mark Andrews,TE,BAL,5200,8.753656616134831,1.68,TEN,134747-52436,6.2908,statline_mc+recal_10_4b,team:BUF
34,FLEX,00-0037838,Isaiah Likely,TE,NYG,5100,8.06054511053142,1.58,ARI,134747-87260,5.849,statline_mc+recal_10_4b,team:BUF
35,QB,00-0034857,Josh Allen,QB,BUF,9100,27.897879796442115,3.07,NE,134747-62239,7.9957,statline_mc+recal_10_4b,team:BUF
35,DEF,DST_MIA,Miami Dolphins,DEF,MIA,3000,6.464058466500001,2.15,MIN,134747-12539,6.0305,dst_simulated_session_10_4,team:BUF
35,RB1,00-0037248,James Cook III,RB,BUF,8200,17.052582276972338,2.08,NE,134747-91626,9.5832,statline_mc+recal_10_4b,team:BUF
35,RB2,00-0036275,D'Andre Swift,RB,CHI,7300,13.403401706248165,1.84,NYJ,134747-91598,8.3442,statline_mc+recal_10_4b,team:BUF
35,WR1,00-0034827,DJ Moore,WR,BUF,6700,12.85155633152307,1.92,NE,134747-63043,8.0249,statline_mc+recal_10_4b,team:BUF
35,WR2,00-0038559,Michael Wilson,WR,ARI,6200,10.928632215078457,1.76,NYG,134747-89612,7.2,statline_mc+recal_10_4b,team:BUF
35,WR3,00-0034960,Jakobi Meyers,WR,JAX,5700,8.600713078581569,1.51,CIN,134747-63634,6.8963,statline_mc+recal_10_4b,team:BUF
35,TE,00-0037838,Isaiah Likely,TE,NYG,5100,8.06054511053142,1.58,ARI,134747-87260,5.849,statline_mc+recal_10_4b,team:BUF
35,FLEX,00-0038134,Kenneth Walker III,RB,KC,8500,18.46704394984207,2.17,LV,134747-103342,9.4445,statline_mc+recal_10_4b,team:BUF
36,QB,00-0034857,Josh Allen,QB,BUF,9100,27.897879796442115,3.07,NE,134747-62239,7.9957,statline_mc+recal_10_4b,team:BUF
36,DEF,DST_CHI,Chicago Bears,DEF,CHI,3500,8.784674199000001,2.51,NYJ,134747-12527,6.2715,dst_simulated_session_10_4,team:BUF
36,RB1,00-0037248,James Cook III,RB,BUF,8200,17.052582276972338,2.08,NE,134747-91626,9.5832,statline_mc+recal_10_4b,team:BUF
36,RB2,00-0041027,Jeremiyah Love,RB,ARI,6600,11.084159837453262,1.68,NYG,134747-188171,7.8418,statline_mc+recal_10_4b,team:BUF
36,WR1,00-0034827,DJ Moore,WR,BUF,6700,12.85155633152307,1.92,NE,134747-63043,8.0249,statline_mc+recal_10_4b,team:BUF
36,WR2,00-0038606,Parker Washington,WR,JAX,7100,12.102953920681768,1.7,CIN,134747-137516,7.7671,statline_mc+recal_10_4b,team:BUF
36,WR3,00-0032464,Kalif Raymond,WR,CHI,5200,7.3590222739081534,1.42,NYJ,134747-70422,6.3861,statline_mc+recal_10_4b,team:BUF
36,TE,00-0037838,Isaiah Likely,TE,NYG,5100,8.06054511053142,1.58,ARI,134747-87260,5.849,statline_mc+recal_10_4b,team:BUF
36,FLEX,00-0038134,Kenneth Walker III,RB,KC,8500,18.46704394984207,2.17,LV,134747-103342,9.4445,statline_mc+recal_10_4b,team:BUF
37,QB,00-0034857,Josh Allen,QB,BUF,9100,27.897879796442115,3.07,NE,134747-62239,7.9957,statline_mc+recal_10_4b,team:BUF
37,DEF,DST_MIA,Miami Dolphins,DEF,MIA,3000,6.464058466500001,2.15,MIN,134747-12539,6.0305,dst_simulated_session_10_4,team:BUF
37,RB1,00-0037248,James Cook III,RB,BUF,8200,17.052582276972338,2.08,NE,134747-91626,9.5832,statline_mc+recal_10_4b,team:BUF
37,RB2,00-0036275,D'Andre Swift,RB,CHI,7300,13.403401706248165,1.84,NYJ,134747-91598,8.3442,statline_mc+recal_10_4b,team:BUF
37,WR1,00-0034827,DJ Moore,WR,BUF,6700,12.85155633152307,1.92,NE,134747-63043,8.0249,statline_mc+recal_10_4b,team:BUF
37,WR2,00-0038559,Michael Wilson,WR,ARI,6200,10.928632215078457,1.76,NYG,134747-89612,7.2,statline_mc+recal_10_4b,team:BUF
37,WR3,00-0040735,Luther Burden III,WR,CHI,5800,8.616666673124396,1.49,NYJ,134747-166092,6.7501,statline_mc+recal_10_4b,team:BUF
37,TE,00-0034829,Mike Gesicki,TE,CIN,5100,7.713701904865386,1.51,JAX,134747-56265,6.0564,statline_mc+recal_10_4b,team:BUF
37,FLEX,00-0038134,Kenneth Walker III,RB,KC,8500,18.46704394984207,2.17,LV,134747-103342,9.4445,statline_mc+recal_10_4b,team:BUF
38,QB,00-0034857,Josh Allen,QB,BUF,9100,27.897879796442115,3.07,NE,134747-62239,7.9957,statline_mc+recal_10_4b,team:BUF
38,DEF,DST_MIA,Miami Dolphins,DEF,MIA,3000,6.464058466500001,2.15,MIN,134747-12539,6.0305,dst_simulated_session_10_4,team:BUF
38,RB1,00-0038134,Kenneth Walker III,RB,KC,8500,18.46704394984207,2.17,LV,134747-103342,9.4445,statline_mc+recal_10_4b,team:BUF
38,RB2,00-0032764,Derrick Henry,RB,BAL,9100,18.20747252577474,2.0,TEN,134747-39280,10.0629,statline_mc+recal_10_4b,team:BUF
38,WR1,00-0034827,DJ Moore,WR,BUF,6700,12.85155633152307,1.92,NE,134747-63043,8.0249,statline_mc+recal_10_4b,team:BUF
38,WR2,00-0038606,Parker Washington,WR,JAX,7100,12.102953920681768,1.7,CIN,134747-137516,7.7671,statline_mc+recal_10_4b,team:BUF
38,WR3,00-0038559,Michael Wilson,WR,ARI,6200,10.928632215078457,1.76,NYG,134747-89612,7.2,statline_mc+recal_10_4b,team:BUF
38,TE,00-0034753,Mark Andrews,TE,BAL,5200,8.753656616134831,1.68,TEN,134747-52436,6.2908,statline_mc+recal_10_4b,team:BUF
38,FLEX,00-0034829,Mike Gesicki,TE,CIN,5100,7.713701904865386,1.51,JAX,134747-56265,6.0564,statline_mc+recal_10_4b,team:BUF
39,QB,00-0034857,Josh Allen,QB,BUF,9100,27.897879796442115,3.07,NE,134747-62239,7.9957,statline_mc+recal_10_4b,team:BUF
39,DEF,DST_MIA,Miami Dolphins,DEF,MIA,3000,6.464058466500001,2.15,MIN,134747-12539,6.0305,dst_simulated_session_10_4,team:BUF
39,RB1,00-0037248,James Cook III,RB,BUF,8200,17.052582276972338,2.08,NE,134747-91626,9.5832,statline_mc+recal_10_4b,team:BUF
39,RB2,00-0036275,D'Andre Swift,RB,CHI,7300,13.403401706248165,1.84,NYJ,134747-91598,8.3442,statline_mc+recal_10_4b,team:BUF
39,WR1,00-0034827,DJ Moore,WR,BUF,6700,12.85155633152307,1.92,NE,134747-63043,8.0249,statline_mc+recal_10_4b,team:BUF
39,WR2,00-0038559,Michael Wilson,WR,ARI,6200,10.928632215078457,1.76,NYG,134747-89612,7.2,statline_mc+recal_10_4b,team:BUF
39,WR3,00-0036550,Rashod Bateman,WR,BAL,5800,8.233723880304728,1.42,TEN,134747-85845,6.8483,statline_mc+recal_10_4b,team:BUF
39,TE,00-0037838,Isaiah Likely,TE,NYG,5100,8.06054511053142,1.58,ARI,134747-87260,5.849,statline_mc+recal_10_4b,team:BUF
39,FLEX,00-0038134,Kenneth Walker III,RB,KC,8500,18.46704394984207,2.17,LV,134747-103342,9.4445,statline_mc+recal_10_4b,team:BUF
40,QB,00-0034857,Josh Allen,QB,BUF,9100,27.897879796442115,3.07,NE,134747-62239,7.9957,statline_mc+recal_10_4b,team:BUF
40,DEF,DST_MIA,Miami Dolphins,DEF,MIA,3000,6.464058466500001,2.15,MIN,134747-12539,6.0305,dst_simulated_session_10_4,team:BUF
40,RB1,00-0037248,James Cook III,RB,BUF,8200,17.052582276972338,2.08,NE,134747-91626,9.5832,statline_mc+recal_10_4b,team:BUF
40,RB2,00-0036275,D'Andre Swift,RB,CHI,7300,13.403401706248165,1.84,NYJ,134747-91598,8.3442,statline_mc+recal_10_4b,team:BUF
40,WR1,00-0034827,DJ Moore,WR,BUF,6700,12.85155633152307,1.92,NE,134747-63043,8.0249,statline_mc+recal_10_4b,team:BUF
40,WR2,00-0038559,Michael Wilson,WR,ARI,6200,10.928632215078457,1.76,NYG,134747-89612,7.2,statline_mc+recal_10_4b,team:BUF
40,WR3,00-0038563,Tre Tucker,WR,LV,5800,8.183246049416883,1.41,KC,134747-103619,6.7564,statline_mc+recal_10_4b,team:BUF
40,TE,00-0037838,Isaiah Likely,TE,NYG,5100,8.06054511053142,1.58,ARI,134747-87260,5.849,statline_mc+recal_10_4b,team:BUF
40,FLEX,00-0038134,Kenneth Walker III,RB,KC,8500,18.46704394984207,2.17,LV,134747-103342,9.4445,statline_mc+recal_10_4b,team:BUF
41,QB,00-0034857,Josh Allen,QB,BUF,9100,27.897879796442115,3.07,NE,134747-62239,7.9957,statline_mc+recal_10_4b,team:BUF
41,DEF,DST_MIA,Miami Dolphins,DEF,MIA,3000,6.464058466500001,2.15,MIN,134747-12539,6.0305,dst_simulated_session_10_4,team:BUF
41,RB1,00-0037248,James Cook III,RB,BUF,8200,17.052582276972338,2.08,NE,134747-91626,9.5832,statline_mc+recal_10_4b,team:BUF
41,RB2,00-0036275,D'Andre Swift,RB,CHI,7300,13.403401706248165,1.84,NYJ,134747-91598,8.3442,statline_mc+recal_10_4b,team:BUF
41,WR1,00-0034827,DJ Moore,WR,BUF,6700,12.85155633152307,1.92,NE,134747-63043,8.0249,statline_mc+recal_10_4b,team:BUF
41,WR2,00-0038559,Michael Wilson,WR,ARI,6200,10.928632215078457,1.76,NYG,134747-89612,7.2,statline_mc+recal_10_4b,team:BUF
41,WR3,00-0037261,Khalil Shakir,WR,BUF,5700,8.388481099866345,1.47,NE,134747-86518,6.8532,statline_mc+recal_10_4b,team:BUF
41,TE,00-0034829,Mike Gesicki,TE,CIN,5100,7.713701904865386,1.51,JAX,134747-56265,6.0564,statline_mc+recal_10_4b,team:BUF
41,FLEX,00-0038134,Kenneth Walker III,RB,KC,8500,18.46704394984207,2.17,LV,134747-103342,9.4445,statline_mc+recal_10_4b,team:BUF
42,QB,00-0034857,Josh Allen,QB,BUF,9100,27.897879796442115,3.07,NE,134747-62239,7.9957,statline_mc+recal_10_4b,team:BUF
42,DEF,DST_MIA,Miami Dolphins,DEF,MIA,3000,6.464058466500001,2.15,MIN,134747-12539,6.0305,dst_simulated_session_10_4,team:BUF
42,RB1,00-0038134,Kenneth Walker III,RB,KC,8500,18.46704394984207,2.17,LV,134747-103342,9.4445,statline_mc+recal_10_4b,team:BUF
42,RB2,00-0037248,James Cook III,RB,BUF,8200,17.052582276972338,2.08,NE,134747-91626,9.5832,statline_mc+recal_10_4b,team:BUF
42,WR1,00-0034827,DJ Moore,WR,BUF,6700,12.85155633152307,1.92,NE,134747-63043,8.0249,statline_mc+recal_10_4b,team:BUF
42,WR2,00-0038606,Parker Washington,WR,JAX,7100,12.102953920681768,1.7,CIN,134747-137516,7.7671,statline_mc+recal_10_4b,team:BUF
42,WR3,00-0036410,Tee Higgins,WR,CIN,6900,11.42792459942942,1.66,JAX,134747-89981,7.821,statline_mc+recal_10_4b,team:BUF
42,TE,00-0034753,Mark Andrews,TE,BAL,5200,8.753656616134831,1.68,TEN,134747-52436,6.2908,statline_mc+recal_10_4b,team:BUF
42,FLEX,00-0037838,Isaiah Likely,TE,NYG,5100,8.06054511053142,1.58,ARI,134747-87260,5.849,statline_mc+recal_10_4b,team:BUF
43,QB,00-0034857,Josh Allen,QB,BUF,9100,27.897879796442115,3.07,NE,134747-62239,7.9957,statline_mc+recal_10_4b,team:BUF
43,DEF,DST_CHI,Chicago Bears,DEF,CHI,3500,8.784674199000001,2.51,NYJ,134747-12527,6.2715,dst_simulated_session_10_4,team:BUF
43,RB1,00-0038134,Kenneth Walker III,RB,KC,8500,18.46704394984207,2.17,LV,134747-103342,9.4445,statline_mc+recal_10_4b,team:BUF
43,RB2,00-0032764,Derrick Henry,RB,BAL,9100,18.20747252577474,2.0,TEN,134747-39280,10.0629,statline_mc+recal_10_4b,team:BUF
43,WR1,00-0034827,DJ Moore,WR,BUF,6700,12.85155633152307,1.92,NE,134747-63043,8.0249,statline_mc+recal_10_4b,team:BUF
43,WR2,00-0036410,Tee Higgins,WR,CIN,6900,11.42792459942942,1.66,JAX,134747-89981,7.821,statline_mc+recal_10_4b,team:BUF
43,WR3,00-0040735,Luther Burden III,WR,CHI,5800,8.616666673124396,1.49,NYJ,134747-166092,6.7501,statline_mc+recal_10_4b,team:BUF
43,TE,00-0034753,Mark Andrews,TE,BAL,5200,8.753656616134831,1.68,TEN,134747-52436,6.2908,statline_mc+recal_10_4b,team:BUF
43,FLEX,00-0037838,Isaiah Likely,TE,NYG,5100,8.06054511053142,1.58,ARI,134747-87260,5.849,statline_mc+recal_10_4b,team:BUF
44,QB,00-0034857,Josh Allen,QB,BUF,9100,27.897879796442115,3.07,NE,134747-62239,7.9957,statline_mc+recal_10_4b,team:BUF
44,DEF,DST_MIA,Miami Dolphins,DEF,MIA,3000,6.464058466500001,2.15,MIN,134747-12539,6.0305,dst_simulated_session_10_4,team:BUF
44,RB1,00-0037248,James Cook III,RB,BUF,8200,17.052582276972338,2.08,NE,134747-91626,9.5832,statline_mc+recal_10_4b,team:BUF
44,RB2,00-0036275,D'Andre Swift,RB,CHI,7300,13.403401706248165,1.84,NYJ,134747-91598,8.3442,statline_mc+recal_10_4b,team:BUF
44,WR1,00-0034827,DJ Moore,WR,BUF,6700,12.85155633152307,1.92,NE,134747-63043,8.0249,statline_mc+recal_10_4b,team:BUF
44,WR2,00-0036410,Tee Higgins,WR,CIN,6900,11.42792459942942,1.66,JAX,134747-89981,7.821,statline_mc+recal_10_4b,team:BUF
44,WR3,00-0032464,Kalif Raymond,WR,CHI,5200,7.3590222739081534,1.42,NYJ,134747-70422,6.3861,statline_mc+recal_10_4b,team:BUF
44,TE,00-0037838,Isaiah Likely,TE,NYG,5100,8.06054511053142,1.58,ARI,134747-87260,5.849,statline_mc+recal_10_4b,team:BUF
44,FLEX,00-0038134,Kenneth Walker III,RB,KC,8500,18.46704394984207,2.17,LV,134747-103342,9.4445,statline_mc+recal_10_4b,team:BUF
45,QB,00-0034857,Josh Allen,QB,BUF,9100,27.897879796442115,3.07,NE,134747-62239,7.9957,statline_mc+recal_10_4b,team:BUF
45,DEF,DST_MIA,Miami Dolphins,DEF,MIA,3000,6.464058466500001,2.15,MIN,134747-12539,6.0305,dst_simulated_session_10_4,team:BUF
45,RB1,00-0037248,James Cook III,RB,BUF,8200,17.052582276972338,2.08,NE,134747-91626,9.5832,statline_mc+recal_10_4b,team:BUF
45,RB2,00-0041027,Jeremiyah Love,RB,ARI,6600,11.084159837453262,1.68,NYG,134747-188171,7.8418,statline_mc+recal_10_4b,team:BUF
45,WR1,00-0034827,DJ Moore,WR,BUF,6700,12.85155633152307,1.92,NE,134747-63043,8.0249,statline_mc+recal_10_4b,team:BUF
45,WR2,00-0036410,Tee Higgins,WR,CIN,6900,11.42792459942942,1.66,JAX,134747-89981,7.821,statline_mc+recal_10_4b,team:BUF
45,WR3,00-0040735,Luther Burden III,WR,CHI,5800,8.616666673124396,1.49,NYJ,134747-166092,6.7501,statline_mc+recal_10_4b,team:BUF
45,TE,00-0034753,Mark Andrews,TE,BAL,5200,8.753656616134831,1.68,TEN,134747-52436,6.2908,statline_mc+recal_10_4b,team:BUF
45,FLEX,00-0038134,Kenneth Walker III,RB,KC,8500,18.46704394984207,2.17,LV,134747-103342,9.4445,statline_mc+recal_10_4b,team:BUF
46,QB,00-0034857,Josh Allen,QB,BUF,9100,27.897879796442115,3.07,NE,134747-62239,7.9957,statline_mc+recal_10_4b,team:BUF
46,DEF,DST_MIA,Miami Dolphins,DEF,MIA,3000,6.464058466500001,2.15,MIN,134747-12539,6.0305,dst_simulated_session_10_4,team:BUF
46,RB1,00-0032764,Derrick Henry,RB,BAL,9100,18.20747252577474,2.0,TEN,134747-39280,10.0629,statline_mc+recal_10_4b,team:BUF
46,RB2,00-0041027,Jeremiyah Love,RB,ARI,6600,11.084159837453262,1.68,NYG,134747-188171,7.8418,statline_mc+recal_10_4b,team:BUF
46,WR1,00-0034827,DJ Moore,WR,BUF,6700,12.85155633152307,1.92,NE,134747-63043,8.0249,statline_mc+recal_10_4b,team:BUF
46,WR2,00-0038559,Michael Wilson,WR,ARI,6200,10.928632215078457,1.76,NYG,134747-89612,7.2,statline_mc+recal_10_4b,team:BUF
46,WR3,00-0034960,Jakobi Meyers,WR,JAX,5700,8.600713078581569,1.51,CIN,134747-63634,6.8963,statline_mc+recal_10_4b,team:BUF
46,TE,00-0037838,Isaiah Likely,TE,NYG,5100,8.06054511053142,1.58,ARI,134747-87260,5.849,statline_mc+recal_10_4b,team:BUF
46,FLEX,00-0038134,Kenneth Walker III,RB,KC,8500,18.46704394984207,2.17,LV,134747-103342,9.4445,statline_mc+recal_10_4b,team:BUF
47,QB,00-0034857,Josh Allen,QB,BUF,9100,27.897879796442115,3.07,NE,134747-62239,7.9957,statline_mc+recal_10_4b,team:BUF
47,DEF,DST_MIA,Miami Dolphins,DEF,MIA,3000,6.464058466500001,2.15,MIN,134747-12539,6.0305,dst_simulated_session_10_4,team:BUF
47,RB1,00-0037248,James Cook III,RB,BUF,8200,17.052582276972338,2.08,NE,134747-91626,9.5832,statline_mc+recal_10_4b,team:BUF
47,RB2,00-0041027,Jeremiyah Love,RB,ARI,6600,11.084159837453262,1.68,NYG,134747-188171,7.8418,statline_mc+recal_10_4b,team:BUF
47,WR1,00-0034827,DJ Moore,WR,BUF,6700,12.85155633152307,1.92,NE,134747-63043,8.0249,statline_mc+recal_10_4b,team:BUF
47,WR2,00-0036410,Tee Higgins,WR,CIN,6900,11.42792459942942,1.66,JAX,134747-89981,7.821,statline_mc+recal_10_4b,team:BUF
47,WR3,00-0037261,Khalil Shakir,WR,BUF,5700,8.388481099866345,1.47,NE,134747-86518,6.8532,statline_mc+recal_10_4b,team:BUF
47,TE,00-0034753,Mark Andrews,TE,BAL,5200,8.753656616134831,1.68,TEN,134747-52436,6.2908,statline_mc+recal_10_4b,team:BUF
47,FLEX,00-0038134,Kenneth Walker III,RB,KC,8500,18.46704394984207,2.17,LV,134747-103342,9.4445,statline_mc+recal_10_4b,team:BUF
48,QB,00-0036442,Joe Burrow,QB,CIN,8200,22.46050259230209,2.74,JAX,134747-63336,7.8063,statline_mc+recal_10_4b,team:CIN
48,DEF,DST_CHI,Chicago Bears,DEF,CHI,3500,8.784674199000001,2.51,NYJ,134747-12527,6.2715,dst_simulated_session_10_4,team:CIN
48,RB1,00-0037248,James Cook III,RB,BUF,8200,17.052582276972338,2.08,NE,134747-91626,9.5832,statline_mc+recal_10_4b,team:CIN
48,RB2,00-0033293,Aaron Jones Sr.,RB,MIN,6400,11.64244324145245,1.82,MIA,134747-40442,8.0606,statline_mc+recal_10_4b,team:CIN
48,WR1,00-0034827,DJ Moore,WR,BUF,6700,12.85155633152307,1.92,NE,134747-63043,8.0249,statline_mc+recal_10_4b,team:CIN
48,WR2,00-0036410,Tee Higgins,WR,CIN,6900,11.42792459942942,1.66,JAX,134747-89981,7.821,statline_mc+recal_10_4b,team:CIN
48,WR3,00-0038559,Michael Wilson,WR,ARI,6200,10.928632215078457,1.76,NYG,134747-89612,7.2,statline_mc+recal_10_4b,team:CIN
48,TE,00-0034753,Mark Andrews,TE,BAL,5200,8.753656616134831,1.68,TEN,134747-52436,6.2908,statline_mc+recal_10_4b,team:CIN
48,FLEX,00-0038134,Kenneth Walker III,RB,KC,8500,18.46704394984207,2.17,LV,134747-103342,9.4445,statline_mc+recal_10_4b,team:CIN
49,QB,00-0036442,Joe Burrow,QB,CIN,8200,22.46050259230209,2.74,JAX,134747-63336,7.8063,statline_mc+recal_10_4b,team:CIN
49,DEF,DST_CHI,Chicago Bears,DEF,CHI,3500,8.784674199000001,2.51,NYJ,134747-12527,6.2715,dst_simulated_session_10_4,team:CIN
49,RB1,00-0037248,James Cook III,RB,BUF,8200,17.052582276972338,2.08,NE,134747-91626,9.5832,statline_mc+recal_10_4b,team:CIN
49,RB2,00-0033293,Aaron Jones Sr.,RB,MIN,6400,11.64244324145245,1.82,MIA,134747-40442,8.0606,statline_mc+recal_10_4b,team:CIN
49,WR1,00-0034827,DJ Moore,WR,BUF,6700,12.85155633152307,1.92,NE,134747-63043,8.0249,statline_mc+recal_10_4b,team:CIN
49,WR2,00-0038606,Parker Washington,WR,JAX,7100,12.102953920681768,1.7,CIN,134747-137516,7.7671,statline_mc+recal_10_4b,team:CIN
49,WR3,00-0038559,Michael Wilson,WR,ARI,6200,10.928632215078457,1.76,NYG,134747-89612,7.2,statline_mc+recal_10_4b,team:CIN
49,TE,00-0034829,Mike Gesicki,TE,CIN,5100,7.713701904865386,1.51,JAX,134747-56265,6.0564,statline_mc+recal_10_4b,team:CIN
49,FLEX,00-0038134,Kenneth Walker III,RB,KC,8500,18.46704394984207,2.17,LV,134747-103342,9.4445,statline_mc+recal_10_4b,team:CIN
50,QB,00-0034857,Josh Allen,QB,BUF,9100,27.897879796442115,3.07,NE,134747-62239,7.9957,statline_mc+recal_10_4b,team:BUF
50,DEF,DST_MIA,Miami Dolphins,DEF,MIA,3000,6.464058466500001,2.15,MIN,134747-12539,6.0305,dst_simulated_session_10_4,team:BUF
50,RB1,00-0032764,Derrick Henry,RB,BAL,9100,18.20747252577474,2.0,TEN,134747-39280,10.0629,statline_mc+recal_10_4b,team:BUF
50,RB2,00-0037248,James Cook III,RB,BUF,8200,17.052582276972338,2.08,NE,134747-91626,9.5832,statline_mc+recal_10_4b,team:BUF
50,WR1,00-0034827,DJ Moore,WR,BUF,6700,12.85155633152307,1.92,NE,134747-63043,8.0249,statline_mc+recal_10_4b,team:BUF
50,WR2,00-0038559,Michael Wilson,WR,ARI,6200,10.928632215078457,1.76,NYG,134747-89612,7.2,statline_mc+recal_10_4b,team:BUF
50,WR3,00-0040735,Luther Burden III,WR,CHI,5800,8.616666673124396,1.49,NYJ,134747-166092,6.7501,statline_mc+recal_10_4b,team:BUF
50,TE,00-0034753,Mark Andrews,TE,BAL,5200,8.753656616134831,1.68,TEN,134747-52436,6.2908,statline_mc+recal_10_4b,team:BUF
50,FLEX,00-0041027,Jeremiyah Love,RB,ARI,6600,11.084159837453262,1.68,NYG,134747-188171,7.8418,statline_mc+recal_10_4b,team:BUF
51,QB,00-0034857,Josh Allen,QB,BUF,9100,27.897879796442115,3.07,NE,134747-62239,7.9957,statline_mc+recal_10_4b,team:BUF
51,DEF,DST_MIA,Miami Dolphins,DEF,MIA,3000,6.464058466500001,2.15,MIN,134747-12539,6.0305,dst_simulated_session_10_4,team:BUF
51,RB1,00-0037248,James Cook III,RB,BUF,8200,17.052582276972338,2.08,NE,134747-91626,9.5832,statline_mc+recal_10_4b,team:BUF
51,RB2,00-0039299,George Holani,RB,SEA,4800,6.972370870468492,1.45,LAC,134747-114231,5.8729,statline_mc+recal_10_4b,team:BUF
51,WR1,00-0038543,Jaxon Smith-Njigba,WR,SEA,9500,18.244447222436268,1.92,LAC,134747-129458,9.4035,statline_mc+recal_10_4b,team:BUF
51,WR2,00-0038559,Michael Wilson,WR,ARI,6200,10.928632215078457,1.76,NYG,134747-89612,7.2,statline_mc+recal_10_4b,team:BUF
51,WR3,00-0039901,Keon Coleman,WR,BUF,5300,5.797871774208003,1.09,NE,134747-157467,5.9268,statline_mc+recal_10_4b,team:BUF
51,TE,00-0034753,Mark Andrews,TE,BAL,5200,8.753656616134831,1.68,TEN,134747-52436,6.2908,statline_mc+recal_10_4b,team:BUF
51,FLEX,00-0038134,Kenneth Walker III,RB,KC,8500,18.46704394984207,2.17,LV,134747-103342,9.4445,statline_mc+recal_10_4b,team:BUF
52,QB,00-0033873,Patrick Mahomes,QB,KC,8000,22.722020257483493,2.84,LV,134747-57439,7.8409,statline_mc+recal_10_4b,team:KC
52,DEF,DST_CHI,Chicago Bears,DEF,CHI,3500,8.784674199000001,2.51,NYJ,134747-12527,6.2715,dst_simulated_session_10_4,team:KC
52,RB1,00-0037248,James Cook III,RB,BUF,8200,17.052582276972338,2.08,NE,134747-91626,9.5832,statline_mc+recal_10_4b,team:KC
52,RB2,00-0036275,D'Andre Swift,RB,CHI,7300,13.403401706248165,1.84,NYJ,134747-91598,8.3442,statline_mc+recal_10_4b,team:KC
52,WR1,00-0034827,DJ Moore,WR,BUF,6700,12.85155633152307,1.92,NE,134747-63043,8.0249,statline_mc+recal_10_4b,team:KC
52,WR2,00-0036410,Tee Higgins,WR,CIN,6900,11.42792459942942,1.66,JAX,134747-89981,7.821,statline_mc+recal_10_4b,team:KC
52,WR3,00-0039894,Xavier Worthy,WR,KC,5700,7.070508076664769,1.24,LV,134747-158974,6.3191,statline_mc+recal_10_4b,team:KC
52,TE,00-0034753,Mark Andrews,TE,BAL,5200,8.753656616134831,1.68,TEN,134747-52436,6.2908,statline_mc+recal_10_4b,team:KC
52,FLEX,00-0038134,Kenneth Walker III,RB,KC,8500,18.46704394984207,2.17,LV,134747-103342,9.4445,statline_mc+recal_10_4b,team:KC
53,QB,00-0034857,Josh Allen,QB,BUF,9100,27.897879796442115,3.07,NE,134747-62239,7.9957,statline_mc+recal_10_4b,team:BUF
53,DEF,DST_MIA,Miami Dolphins,DEF,MIA,3000,6.464058466500001,2.15,MIN,134747-12539,6.0305,dst_simulated_session_10_4,team:BUF
53,RB1,00-0032764,Derrick Henry,RB,BAL,9100,18.20747252577474,2.0,TEN,134747-39280,10.0629,statline_mc+recal_10_4b,team:BUF
53,RB2,00-0036275,D'Andre Swift,RB,CHI,7300,13.403401706248165,1.84,NYJ,134747-91598,8.3442,statline_mc+recal_10_4b,team:BUF
53,WR1,00-0036410,Tee Higgins,WR,CIN,6900,11.42792459942942,1.66,JAX,134747-89981,7.821,statline_mc+recal_10_4b,team:BUF
53,WR2,00-0037261,Khalil Shakir,WR,BUF,5700,8.388481099866345,1.47,NE,134747-86518,6.8532,statline_mc+recal_10_4b,team:BUF
53,WR3,00-0032464,Kalif Raymond,WR,CHI,5200,7.3590222739081534,1.42,NYJ,134747-70422,6.3861,statline_mc+recal_10_4b,team:BUF
53,TE,00-0034753,Mark Andrews,TE,BAL,5200,8.753656616134831,1.68,TEN,134747-52436,6.2908,statline_mc+recal_10_4b,team:BUF
53,FLEX,00-0038134,Kenneth Walker III,RB,KC,8500,18.46704394984207,2.17,LV,134747-103342,9.4445,statline_mc+recal_10_4b,team:BUF
54,QB,00-0036442,Joe Burrow,QB,CIN,8200,22.46050259230209,2.74,JAX,134747-63336,7.8063,statline_mc+recal_10_4b,team:CIN
54,DEF,DST_CHI,Chicago Bears,DEF,CHI,3500,8.784674199000001,2.51,NYJ,134747-12527,6.2715,dst_simulated_session_10_4,team:CIN
54,RB1,00-0038134,Kenneth Walker III,RB,KC,8500,18.46704394984207,2.17,LV,134747-103342,9.4445,statline_mc+recal_10_4b,team:CIN
54,RB2,00-0037248,James Cook III,RB,BUF,8200,17.052582276972338,2.08,NE,134747-91626,9.5832,statline_mc+recal_10_4b,team:CIN
54,WR1,00-0038543,Jaxon Smith-Njigba,WR,SEA,9500,18.244447222436268,1.92,LAC,134747-129458,9.4035,statline_mc+recal_10_4b,team:CIN
54,WR2,00-0038559,Michael Wilson,WR,ARI,6200,10.928632215078457,1.76,NYG,134747-89612,7.2,statline_mc+recal_10_4b,team:CIN
54,WR3,00-0034960,Jakobi Meyers,WR,JAX,5700,8.600713078581569,1.51,CIN,134747-63634,6.8963,statline_mc+recal_10_4b,team:CIN
54,TE,00-0037838,Isaiah Likely,TE,NYG,5100,8.06054511053142,1.58,ARI,134747-87260,5.849,statline_mc+recal_10_4b,team:CIN
54,FLEX,00-0034829,Mike Gesicki,TE,CIN,5100,7.713701904865386,1.51,JAX,134747-56265,6.0564,statline_mc+recal_10_4b,team:CIN
55,QB,00-0036442,Joe Burrow,QB,CIN,8200,22.46050259230209,2.74,JAX,134747-63336,7.8063,statline_mc+recal_10_4b,team:CIN
55,DEF,DST_CHI,Chicago Bears,DEF,CHI,3500,8.784674199000001,2.51,NYJ,134747-12527,6.2715,dst_simulated_session_10_4,team:CIN
55,RB1,00-0037248,James Cook III,RB,BUF,8200,17.052582276972338,2.08,NE,134747-91626,9.5832,statline_mc+recal_10_4b,team:CIN
55,RB2,00-0036275,D'Andre Swift,RB,CHI,7300,13.403401706248165,1.84,NYJ,134747-91598,8.3442,statline_mc+recal_10_4b,team:CIN
55,WR1,00-0036410,Tee Higgins,WR,CIN,6900,11.42792459942942,1.66,JAX,134747-89981,7.821,statline_mc+recal_10_4b,team:CIN
55,WR2,00-0038559,Michael Wilson,WR,ARI,6200,10.928632215078457,1.76,NYG,134747-89612,7.2,statline_mc+recal_10_4b,team:CIN
55,WR3,00-0038563,Tre Tucker,WR,LV,5800,8.183246049416883,1.41,KC,134747-103619,6.7564,statline_mc+recal_10_4b,team:CIN
55,TE,00-0034753,Mark Andrews,TE,BAL,5200,8.753656616134831,1.68,TEN,134747-52436,6.2908,statline_mc+recal_10_4b,team:CIN
55,FLEX,00-0038134,Kenneth Walker III,RB,KC,8500,18.46704394984207,2.17,LV,134747-103342,9.4445,statline_mc+recal_10_4b,team:CIN
56,QB,00-0034796,Lamar Jackson,QB,BAL,8700,22.48575106630195,2.58,TEN,134747-63115,7.8127,statline_mc+recal_10_4b,team:BAL
56,DEF,DST_CHI,Chicago Bears,DEF,CHI,3500,8.784674199000001,2.51,NYJ,134747-12527,6.2715,dst_simulated_session_10_4,team:BAL
56,RB1,00-0032764,Derrick Henry,RB,BAL,9100,18.20747252577474,2.0,TEN,134747-39280,10.0629,statline_mc+recal_10_4b,team:BAL
56,RB2,00-0037248,James Cook III,RB,BUF,8200,17.052582276972338,2.08,NE,134747-91626,9.5832,statline_mc+recal_10_4b,team:BAL
56,WR1,00-0038606,Parker Washington,WR,JAX,7100,12.102953920681768,1.7,CIN,134747-137516,7.7671,statline_mc+recal_10_4b,team:BAL
56,WR2,00-0038559,Michael Wilson,WR,ARI,6200,10.928632215078457,1.76,NYG,134747-89612,7.2,statline_mc+recal_10_4b,team:BAL
56,WR3,00-0038618,Xavier Hutchinson,WR,HOU,5600,7.990911830541407,1.43,DAL,134747-119788,6.6428,statline_mc+recal_10_4b,team:BAL
56,TE,00-0034753,Mark Andrews,TE,BAL,5200,8.753656616134831,1.68,TEN,134747-52436,6.2908,statline_mc+recal_10_4b,team:BAL
56,FLEX,00-0033293,Aaron Jones Sr.,RB,MIN,6400,11.64244324145245,1.82,MIA,134747-40442,8.0606,statline_mc+recal_10_4b,team:BAL
57,QB,00-0033873,Patrick Mahomes,QB,KC,8000,22.722020257483493,2.84,LV,134747-57439,7.8409,statline_mc+recal_10_4b,team:KC
57,DEF,DST_MIA,Miami Dolphins,DEF,MIA,3000,6.464058466500001,2.15,MIN,134747-12539,6.0305,dst_simulated_session_10_4,team:KC
57,RB1,00-0032764,Derrick Henry,RB,BAL,9100,18.20747252577474,2.0,TEN,134747-39280,10.0629,statline_mc+recal_10_4b,team:KC
57,RB2,00-0037248,James Cook III,RB,BUF,8200,17.052582276972338,2.08,NE,134747-91626,9.5832,statline_mc+recal_10_4b,team:KC
57,WR1,00-0038543,Jaxon Smith-Njigba,WR,SEA,9500,18.244447222436268,1.92,LAC,134747-129458,9.4035,statline_mc+recal_10_4b,team:KC
57,WR2,00-0038559,Michael Wilson,WR,ARI,6200,10.928632215078457,1.76,NYG,134747-89612,7.2,statline_mc+recal_10_4b,team:KC
57,WR3,00-0039894,Xavier Worthy,WR,KC,5700,7.070508076664769,1.24,LV,134747-158974,6.3191,statline_mc+recal_10_4b,team:KC
57,TE,00-0034753,Mark Andrews,TE,BAL,5200,8.753656616134831,1.68,TEN,134747-52436,6.2908,statline_mc+recal_10_4b,team:KC
57,FLEX,00-0037838,Isaiah Likely,TE,NYG,5100,8.06054511053142,1.58,ARI,134747-87260,5.849,statline_mc+recal_10_4b,team:KC
58,QB,00-0036442,Joe Burrow,QB,CIN,8200,22.46050259230209,2.74,JAX,134747-63336,7.8063,statline_mc+recal_10_4b,team:CIN
58,DEF,DST_MIA,Miami Dolphins,DEF,MIA,3000,6.464058466500001,2.15,MIN,134747-12539,6.0305,dst_simulated_session_10_4,team:CIN
58,RB1,00-0032764,Derrick Henry,RB,BAL,9100,18.20747252577474,2.0,TEN,134747-39280,10.0629,statline_mc+recal_10_4b,team:CIN
58,RB2,00-0037248,James Cook III,RB,BUF,8200,17.052582276972338,2.08,NE,134747-91626,9.5832,statline_mc+recal_10_4b,team:CIN
58,WR1,00-0038543,Jaxon Smith-Njigba,WR,SEA,9500,18.244447222436268,1.92,LAC,134747-129458,9.4035,statline_mc+recal_10_4b,team:CIN
58,WR2,00-0038559,Michael Wilson,WR,ARI,6200,10.928632215078457,1.76,NYG,134747-89612,7.2,statline_mc+recal_10_4b,team:CIN
58,WR3,00-0037816,Romeo Doubs,WR,NE,5500,7.410625490692375,1.35,BUF,134747-94370,6.5446,statline_mc+recal_10_4b,team:CIN
58,TE,00-0034753,Mark Andrews,TE,BAL,5200,8.753656616134831,1.68,TEN,134747-52436,6.2908,statline_mc+recal_10_4b,team:CIN
58,FLEX,00-0034829,Mike Gesicki,TE,CIN,5100,7.713701904865386,1.51,JAX,134747-56265,6.0564,statline_mc+recal_10_4b,team:CIN
59,QB,00-0033873,Patrick Mahomes,QB,KC,8000,22.722020257483493,2.84,LV,134747-57439,7.8409,statline_mc+recal_10_4b,team:KC
59,DEF,DST_CHI,Chicago Bears,DEF,CHI,3500,8.784674199000001,2.51,NYJ,134747-12527,6.2715,dst_simulated_session_10_4,team:KC
59,RB1,00-0037248,James Cook III,RB,BUF,8200,17.052582276972338,2.08,NE,134747-91626,9.5832,statline_mc+recal_10_4b,team:KC
59,RB2,00-0039299,George Holani,RB,SEA,4800,6.972370870468492,1.45,LAC,134747-114231,5.8729,statline_mc+recal_10_4b,team:KC
59,WR1,00-0038543,Jaxon Smith-Njigba,WR,SEA,9500,18.244447222436268,1.92,LAC,134747-129458,9.4035,statline_mc+recal_10_4b,team:KC
59,WR2,00-0036410,Tee Higgins,WR,CIN,6900,11.42792459942942,1.66,JAX,134747-89981,7.821,statline_mc+recal_10_4b,team:KC
59,WR3,00-0039067,Rashee Rice,WR,KC,7500,11.224572709875202,1.5,LV,134747-111311,7.8479,statline_mc+recal_10_4b,team:KC
59,TE,00-0034753,Mark Andrews,TE,BAL,5200,8.753656616134831,1.68,TEN,134747-52436,6.2908,statline_mc+recal_10_4b,team:KC
59,FLEX,00-0033293,Aaron Jones Sr.,RB,MIN,6400,11.64244324145245,1.82,MIA,134747-40442,8.0606,statline_mc+recal_10_4b,team:KC
60,QB,00-0036442,Joe Burrow,QB,CIN,8200,22.46050259230209,2.74,JAX,134747-63336,7.8063,statline_mc+recal_10_4b,team:CIN
60,DEF,DST_MIA,Miami Dolphins,DEF,MIA,3000,6.464058466500001,2.15,MIN,134747-12539,6.0305,dst_simulated_session_10_4,team:CIN
60,RB1,00-0032764,Derrick Henry,RB,BAL,9100,18.20747252577474,2.0,TEN,134747-39280,10.0629,statline_mc+recal_10_4b,team:CIN
60,RB2,00-0037248,James Cook III,RB,BUF,8200,17.052582276972338,2.08,NE,134747-91626,9.5832,statline_mc+recal_10_4b,team:CIN
60,WR1,00-0036410,Tee Higgins,WR,CIN,6900,11.42792459942942,1.66,JAX,134747-89981,7.821,statline_mc+recal_10_4b,team:CIN
60,WR2,00-0038559,Michael Wilson,WR,ARI,6200,10.928632215078457,1.76,NYG,134747-89612,7.2,statline_mc+recal_10_4b,team:CIN
60,WR3,00-0037261,Khalil Shakir,WR,BUF,5700,8.388481099866345,1.47,NE,134747-86518,6.8532,statline_mc+recal_10_4b,team:CIN
60,TE,00-0037838,Isaiah Likely,TE,NYG,5100,8.06054511053142,1.58,ARI,134747-87260,5.849,statline_mc+recal_10_4b,team:CIN
60,FLEX,00-0036275,D'Andre Swift,RB,CHI,7300,13.403401706248165,1.84,NYJ,134747-91598,8.3442,statline_mc+recal_10_4b,team:CIN
61,QB,00-0036442,Joe Burrow,QB,CIN,8200,22.46050259230209,2.74,JAX,134747-63336,7.8063,statline_mc+recal_10_4b,team:CIN
61,DEF,DST_MIA,Miami Dolphins,DEF,MIA,3000,6.464058466500001,2.15,MIN,134747-12539,6.0305,dst_simulated_session_10_4,team:CIN
61,RB1,00-0032764,Derrick Henry,RB,BAL,9100,18.20747252577474,2.0,TEN,134747-39280,10.0629,statline_mc+recal_10_4b,team:CIN
61,RB2,00-0037248,James Cook III,RB,BUF,8200,17.052582276972338,2.08,NE,134747-91626,9.5832,statline_mc+recal_10_4b,team:CIN
61,WR1,00-0038606,Parker Washington,WR,JAX,7100,12.102953920681768,1.7,CIN,134747-137516,7.7671,statline_mc+recal_10_4b,team:CIN
61,WR2,00-0038559,Michael Wilson,WR,ARI,6200,10.928632215078457,1.76,NYG,134747-89612,7.2,statline_mc+recal_10_4b,team:CIN
61,WR3,00-0038618,Xavier Hutchinson,WR,HOU,5600,7.990911830541407,1.43,DAL,134747-119788,6.6428,statline_mc+recal_10_4b,team:CIN
61,TE,00-0034829,Mike Gesicki,TE,CIN,5100,7.713701904865386,1.51,JAX,134747-56265,6.0564,statline_mc+recal_10_4b,team:CIN
61,FLEX,00-0036275,D'Andre Swift,RB,CHI,7300,13.403401706248165,1.84,NYJ,134747-91598,8.3442,statline_mc+recal_10_4b,team:CIN
62,QB,00-0036442,Joe Burrow,QB,CIN,8200,22.46050259230209,2.74,JAX,134747-63336,7.8063,statline_mc+recal_10_4b,team:CIN
62,DEF,DST_CHI,Chicago Bears,DEF,CHI,3500,8.784674199000001,2.51,NYJ,134747-12527,6.2715,dst_simulated_session_10_4,team:CIN
62,RB1,00-0032764,Derrick Henry,RB,BAL,9100,18.20747252577474,2.0,TEN,134747-39280,10.0629,statline_mc+recal_10_4b,team:CIN
62,RB2,00-0033293,Aaron Jones Sr.,RB,MIN,6400,11.64244324145245,1.82,MIA,134747-40442,8.0606,statline_mc+recal_10_4b,team:CIN
62,WR1,00-0038543,Jaxon Smith-Njigba,WR,SEA,9500,18.244447222436268,1.92,LAC,134747-129458,9.4035,statline_mc+recal_10_4b,team:CIN
62,WR2,00-0038606,Parker Washington,WR,JAX,7100,12.102953920681768,1.7,CIN,134747-137516,7.7671,statline_mc+recal_10_4b,team:CIN
62,WR3,00-0037261,Khalil Shakir,WR,BUF,5700,8.388481099866345,1.47,NE,134747-86518,6.8532,statline_mc+recal_10_4b,team:CIN
62,TE,00-0034753,Mark Andrews,TE,BAL,5200,8.753656616134831,1.68,TEN,134747-52436,6.2908,statline_mc+recal_10_4b,team:CIN
62,FLEX,00-0034829,Mike Gesicki,TE,CIN,5100,7.713701904865386,1.51,JAX,134747-56265,6.0564,statline_mc+recal_10_4b,team:CIN
63,QB,00-0036442,Joe Burrow,QB,CIN,8200,22.46050259230209,2.74,JAX,134747-63336,7.8063,statline_mc+recal_10_4b,team:CIN
63,DEF,DST_CHI,Chicago Bears,DEF,CHI,3500,8.784674199000001,2.51,NYJ,134747-12527,6.2715,dst_simulated_session_10_4,team:CIN
63,RB1,00-0032764,Derrick Henry,RB,BAL,9100,18.20747252577474,2.0,TEN,134747-39280,10.0629,statline_mc+recal_10_4b,team:CIN
63,RB2,00-0036275,D'Andre Swift,RB,CHI,7300,13.403401706248165,1.84,NYJ,134747-91598,8.3442,statline_mc+recal_10_4b,team:CIN
63,WR1,00-0038543,Jaxon Smith-Njigba,WR,SEA,9500,18.244447222436268,1.92,LAC,134747-129458,9.4035,statline_mc+recal_10_4b,team:CIN
63,WR2,00-0037261,Khalil Shakir,WR,BUF,5700,8.388481099866345,1.47,NE,134747-86518,6.8532,statline_mc+recal_10_4b,team:CIN
63,WR3,00-0032464,Kalif Raymond,WR,CHI,5200,7.3590222739081534,1.42,NYJ,134747-70422,6.3861,statline_mc+recal_10_4b,team:CIN
63,TE,00-0034829,Mike Gesicki,TE,CIN,5100,7.713701904865386,1.51,JAX,134747-56265,6.0564,statline_mc+recal_10_4b,team:CIN
63,FLEX,00-0033293,Aaron Jones Sr.,RB,MIN,6400,11.64244324145245,1.82,MIA,134747-40442,8.0606,statline_mc+recal_10_4b,team:CIN
64,QB,00-0033873,Patrick Mahomes,QB,KC,8000,22.722020257483493,2.84,LV,134747-57439,7.8409,statline_mc+recal_10_4b,team:KC
64,DEF,DST_MIA,Miami Dolphins,DEF,MIA,3000,6.464058466500001,2.15,MIN,134747-12539,6.0305,dst_simulated_session_10_4,team:KC
64,RB1,00-0032764,Derrick Henry,RB,BAL,9100,18.20747252577474,2.0,TEN,134747-39280,10.0629,statline_mc+recal_10_4b,team:KC
64,RB2,00-0037248,James Cook III,RB,BUF,8200,17.052582276972338,2.08,NE,134747-91626,9.5832,statline_mc+recal_10_4b,team:KC
64,WR1,00-0038606,Parker Washington,WR,JAX,7100,12.102953920681768,1.7,CIN,134747-137516,7.7671,statline_mc+recal_10_4b,team:KC
64,WR2,00-0038559,Michael Wilson,WR,ARI,6200,10.928632215078457,1.76,NYG,134747-89612,7.2,statline_mc+recal_10_4b,team:KC
64,WR3,00-0037261,Khalil Shakir,WR,BUF,5700,8.388481099866345,1.47,NE,134747-86518,6.8532,statline_mc+recal_10_4b,team:KC
64,TE,00-0034753,Mark Andrews,TE,BAL,5200,8.753656616134831,1.68,TEN,134747-52436,6.2908,statline_mc+recal_10_4b,team:KC
64,FLEX,00-0039067,Rashee Rice,WR,KC,7500,11.224572709875202,1.5,LV,134747-111311,7.8479,statline_mc+recal_10_4b,team:KC
65,QB,00-0036442,Joe Burrow,QB,CIN,8200,22.46050259230209,2.74,JAX,134747-63336,7.8063,statline_mc+recal_10_4b,team:CIN
65,DEF,DST_MIA,Miami Dolphins,DEF,MIA,3000,6.464058466500001,2.15,MIN,134747-12539,6.0305,dst_simulated_session_10_4,team:CIN
65,RB1,00-0032764,Derrick Henry,RB,BAL,9100,18.20747252577474,2.0,TEN,134747-39280,10.0629,statline_mc+recal_10_4b,team:CIN
65,RB2,00-0036275,D'Andre Swift,RB,CHI,7300,13.403401706248165,1.84,NYJ,134747-91598,8.3442,statline_mc+recal_10_4b,team:CIN
65,WR1,00-0038543,Jaxon Smith-Njigba,WR,SEA,9500,18.244447222436268,1.92,LAC,134747-129458,9.4035,statline_mc+recal_10_4b,team:CIN
65,WR2,00-0036410,Tee Higgins,WR,CIN,6900,11.42792459942942,1.66,JAX,134747-89981,7.821,statline_mc+recal_10_4b,team:CIN
65,WR3,00-0034960,Jakobi Meyers,WR,JAX,5700,8.600713078581569,1.51,CIN,134747-63634,6.8963,statline_mc+recal_10_4b,team:CIN
65,TE,00-0034753,Mark Andrews,TE,BAL,5200,8.753656616134831,1.68,TEN,134747-52436,6.2908,statline_mc+recal_10_4b,team:CIN
65,FLEX,00-0037838,Isaiah Likely,TE,NYG,5100,8.06054511053142,1.58,ARI,134747-87260,5.849,statline_mc+recal_10_4b,team:CIN
66,QB,00-0036442,Joe Burrow,QB,CIN,8200,22.46050259230209,2.74,JAX,134747-63336,7.8063,statline_mc+recal_10_4b,team:CIN
66,DEF,DST_CHI,Chicago Bears,DEF,CHI,3500,8.784674199000001,2.51,NYJ,134747-12527,6.2715,dst_simulated_session_10_4,team:CIN
66,RB1,00-0032764,Derrick Henry,RB,BAL,9100,18.20747252577474,2.0,TEN,134747-39280,10.0629,statline_mc+recal_10_4b,team:CIN
66,RB2,00-0036275,D'Andre Swift,RB,CHI,7300,13.403401706248165,1.84,NYJ,134747-91598,8.3442,statline_mc+recal_10_4b,team:CIN
66,WR1,00-0038543,Jaxon Smith-Njigba,WR,SEA,9500,18.244447222436268,1.92,LAC,134747-129458,9.4035,statline_mc+recal_10_4b,team:CIN
66,WR2,00-0036410,Tee Higgins,WR,CIN,6900,11.42792459942942,1.66,JAX,134747-89981,7.821,statline_mc+recal_10_4b,team:CIN
66,WR3,00-0038618,Xavier Hutchinson,WR,HOU,5600,7.990911830541407,1.43,DAL,134747-119788,6.6428,statline_mc+recal_10_4b,team:CIN
66,TE,00-0037838,Isaiah Likely,TE,NYG,5100,8.06054511053142,1.58,ARI,134747-87260,5.849,statline_mc+recal_10_4b,team:CIN
66,FLEX,00-0039299,George Holani,RB,SEA,4800,6.972370870468492,1.45,LAC,134747-114231,5.8729,statline_mc+recal_10_4b,team:CIN
67,QB,00-0034796,Lamar Jackson,QB,BAL,8700,22.48575106630195,2.58,TEN,134747-63115,7.8127,statline_mc+recal_10_4b,team:BAL
67,DEF,DST_CHI,Chicago Bears,DEF,CHI,3500,8.784674199000001,2.51,NYJ,134747-12527,6.2715,dst_simulated_session_10_4,team:BAL
67,RB1,00-0032764,Derrick Henry,RB,BAL,9100,18.20747252577474,2.0,TEN,134747-39280,10.0629,statline_mc+recal_10_4b,team:BAL
67,RB2,00-0036275,D'Andre Swift,RB,CHI,7300,13.403401706248165,1.84,NYJ,134747-91598,8.3442,statline_mc+recal_10_4b,team:BAL
67,WR1,00-0038543,Jaxon Smith-Njigba,WR,SEA,9500,18.244447222436268,1.92,LAC,134747-129458,9.4035,statline_mc+recal_10_4b,team:BAL
67,WR2,00-0040735,Luther Burden III,WR,CHI,5800,8.616666673124396,1.49,NYJ,134747-166092,6.7501,statline_mc+recal_10_4b,team:BAL
67,WR3,00-0036550,Rashod Bateman,WR,BAL,5800,8.233723880304728,1.42,TEN,134747-85845,6.8483,statline_mc+recal_10_4b,team:BAL
67,TE,00-0034753,Mark Andrews,TE,BAL,5200,8.753656616134831,1.68,TEN,134747-52436,6.2908,statline_mc+recal_10_4b,team:BAL
67,FLEX,00-0037838,Isaiah Likely,TE,NYG,5100,8.06054511053142,1.58,ARI,134747-87260,5.849,statline_mc+recal_10_4b,team:BAL
68,QB,00-0036442,Joe Burrow,QB,CIN,8200,22.46050259230209,2.74,JAX,134747-63336,7.8063,statline_mc+recal_10_4b,team:CIN
68,DEF,DST_CHI,Chicago Bears,DEF,CHI,3500,8.784674199000001,2.51,NYJ,134747-12527,6.2715,dst_simulated_session_10_4,team:CIN
68,RB1,00-0032764,Derrick Henry,RB,BAL,9100,18.20747252577474,2.0,TEN,134747-39280,10.0629,statline_mc+recal_10_4b,team:CIN
68,RB2,00-0036275,D'Andre Swift,RB,CHI,7300,13.403401706248165,1.84,NYJ,134747-91598,8.3442,statline_mc+recal_10_4b,team:CIN
68,WR1,00-0038606,Parker Washington,WR,JAX,7100,12.102953920681768,1.7,CIN,134747-137516,7.7671,statline_mc+recal_10_4b,team:CIN
68,WR2,00-0036410,Tee Higgins,WR,CIN,6900,11.42792459942942,1.66,JAX,134747-89981,7.821,statline_mc+recal_10_4b,team:CIN
68,WR3,00-0039919,Rome Odunze,WR,CHI,6100,8.506997201160127,1.39,NYJ,134747-120033,6.8326,statline_mc+recal_10_4b,team:CIN
68,TE,00-0034753,Mark Andrews,TE,BAL,5200,8.753656616134831,1.68,TEN,134747-52436,6.2908,statline_mc+recal_10_4b,team:CIN
68,FLEX,00-0041027,Jeremiyah Love,RB,ARI,6600,11.084159837453262,1.68,NYG,134747-188171,7.8418,statline_mc+recal_10_4b,team:CIN
69,QB,00-0036442,Joe Burrow,QB,CIN,8200,22.46050259230209,2.74,JAX,134747-63336,7.8063,statline_mc+recal_10_4b,team:CIN
69,DEF,DST_CHI,Chicago Bears,DEF,CHI,3500,8.784674199000001,2.51,NYJ,134747-12527,6.2715,dst_simulated_session_10_4,team:CIN
69,RB1,00-0032764,Derrick Henry,RB,BAL,9100,18.20747252577474,2.0,TEN,134747-39280,10.0629,statline_mc+recal_10_4b,team:CIN
69,RB2,00-0033293,Aaron Jones Sr.,RB,MIN,6400,11.64244324145245,1.82,MIA,134747-40442,8.0606,statline_mc+recal_10_4b,team:CIN
69,WR1,00-0036410,Tee Higgins,WR,CIN,6900,11.42792459942942,1.66,JAX,134747-89981,7.821,statline_mc+recal_10_4b,team:CIN
69,WR2,00-0038559,Michael Wilson,WR,ARI,6200,10.928632215078457,1.76,NYG,134747-89612,7.2,statline_mc+recal_10_4b,team:CIN
69,WR3,00-0034960,Jakobi Meyers,WR,JAX,5700,8.600713078581569,1.51,CIN,134747-63634,6.8963,statline_mc+recal_10_4b,team:CIN
69,TE,00-0034829,Mike Gesicki,TE,CIN,5100,7.713701904865386,1.51,JAX,134747-56265,6.0564,statline_mc+recal_10_4b,team:CIN
69,FLEX,00-0033280,Christian McCaffrey,RB,SF,8800,14.685005689376274,1.67,DEN,134747-55050,8.5907,statline_mc+recal_10_4b,team:CIN
70,QB,00-0034796,Lamar Jackson,QB,BAL,8700,22.48575106630195,2.58,TEN,134747-63115,7.8127,statline_mc+recal_10_4b,team:BAL
70,DEF,DST_CHI,Chicago Bears,DEF,CHI,3500,8.784674199000001,2.51,NYJ,134747-12527,6.2715,dst_simulated_session_10_4,team:BAL
70,RB1,00-0032764,Derrick Henry,RB,BAL,9100,18.20747252577474,2.0,TEN,134747-39280,10.0629,statline_mc+recal_10_4b,team:BAL
70,RB2,00-0041027,Jeremiyah Love,RB,ARI,6600,11.084159837453262,1.68,NYG,134747-188171,7.8418,statline_mc+recal_10_4b,team:BAL
70,WR1,00-0038543,Jaxon Smith-Njigba,WR,SEA,9500,18.244447222436268,1.92,LAC,134747-129458,9.4035,statline_mc+recal_10_4b,team:BAL
70,WR2,00-0036410,Tee Higgins,WR,CIN,6900,11.42792459942942,1.66,JAX,134747-89981,7.821,statline_mc+recal_10_4b,team:BAL
70,WR3,00-0032464,Kalif Raymond,WR,CHI,5200,7.3590222739081534,1.42,NYJ,134747-70422,6.3861,statline_mc+recal_10_4b,team:BAL
70,TE,00-0034753,Mark Andrews,TE,BAL,5200,8.753656616134831,1.68,TEN,134747-52436,6.2908,statline_mc+recal_10_4b,team:BAL
70,FLEX,00-0037838,Isaiah Likely,TE,NYG,5100,8.06054511053142,1.58,ARI,134747-87260,5.849,statline_mc+recal_10_4b,team:BAL
71,QB,00-0036442,Joe Burrow,QB,CIN,8200,22.46050259230209,2.74,JAX,134747-63336,7.8063,statline_mc+recal_10_4b,team:CIN
71,DEF,DST_CHI,Chicago Bears,DEF,CHI,3500,8.784674199000001,2.51,NYJ,134747-12527,6.2715,dst_simulated_session_10_4,team:CIN
71,RB1,00-0032764,Derrick Henry,RB,BAL,9100,18.20747252577474,2.0,TEN,134747-39280,10.0629,statline_mc+recal_10_4b,team:CIN
71,RB2,00-0038597,Chase Brown,RB,CIN,7600,12.92799353761597,1.7,JAX,134747-89493,8.273,statline_mc+recal_10_4b,team:CIN
71,WR1,00-0038543,Jaxon Smith-Njigba,WR,SEA,9500,18.244447222436268,1.92,LAC,134747-129458,9.4035,statline_mc+recal_10_4b,team:CIN
71,WR2,00-0040735,Luther Burden III,WR,CHI,5800,8.616666673124396,1.49,NYJ,134747-166092,6.7501,statline_mc+recal_10_4b,team:CIN
71,WR3,00-0034960,Jakobi Meyers,WR,JAX,5700,8.600713078581569,1.51,CIN,134747-63634,6.8963,statline_mc+recal_10_4b,team:CIN
71,TE,00-0034753,Mark Andrews,TE,BAL,5200,8.753656616134831,1.68,TEN,134747-52436,6.2908,statline_mc+recal_10_4b,team:CIN
71,FLEX,00-0034829,Mike Gesicki,TE,CIN,5100,7.713701904865386,1.51,JAX,134747-56265,6.0564,statline_mc+recal_10_4b,team:CIN
72,QB,00-0036442,Joe Burrow,QB,CIN,8200,22.46050259230209,2.74,JAX,134747-63336,7.8063,statline_mc+recal_10_4b,team:CIN
72,DEF,DST_MIA,Miami Dolphins,DEF,MIA,3000,6.464058466500001,2.15,MIN,134747-12539,6.0305,dst_simulated_session_10_4,team:CIN
72,RB1,00-0032764,Derrick Henry,RB,BAL,9100,18.20747252577474,2.0,TEN,134747-39280,10.0629,statline_mc+recal_10_4b,team:CIN
72,RB2,00-0036275,D'Andre Swift,RB,CHI,7300,13.403401706248165,1.84,NYJ,134747-91598,8.3442,statline_mc+recal_10_4b,team:CIN
72,WR1,00-0038543,Jaxon Smith-Njigba,WR,SEA,9500,18.244447222436268,1.92,LAC,134747-129458,9.4035,statline_mc+recal_10_4b,team:CIN
72,WR2,00-0036410,Tee Higgins,WR,CIN,6900,11.42792459942942,1.66,JAX,134747-89981,7.821,statline_mc+recal_10_4b,team:CIN
72,WR3,00-0038618,Xavier Hutchinson,WR,HOU,5600,7.990911830541407,1.43,DAL,134747-119788,6.6428,statline_mc+recal_10_4b,team:CIN
72,TE,00-0037838,Isaiah Likely,TE,NYG,5100,8.06054511053142,1.58,ARI,134747-87260,5.849,statline_mc+recal_10_4b,team:CIN
72,FLEX,00-0034829,Mike Gesicki,TE,CIN,5100,7.713701904865386,1.51,JAX,134747-56265,6.0564,statline_mc+recal_10_4b,team:CIN
73,QB,00-0036442,Joe Burrow,QB,CIN,8200,22.46050259230209,2.74,JAX,134747-63336,7.8063,statline_mc+recal_10_4b,team:CIN
73,DEF,DST_MIA,Miami Dolphins,DEF,MIA,3000,6.464058466500001,2.15,MIN,134747-12539,6.0305,dst_simulated_session_10_4,team:CIN
73,RB1,00-0032764,Derrick Henry,RB,BAL,9100,18.20747252577474,2.0,TEN,134747-39280,10.0629,statline_mc+recal_10_4b,team:CIN
73,RB2,00-0036275,D'Andre Swift,RB,CHI,7300,13.403401706248165,1.84,NYJ,134747-91598,8.3442,statline_mc+recal_10_4b,team:CIN
73,WR1,00-0038543,Jaxon Smith-Njigba,WR,SEA,9500,18.244447222436268,1.92,LAC,134747-129458,9.4035,statline_mc+recal_10_4b,team:CIN
73,WR2,00-0036410,Tee Higgins,WR,CIN,6900,11.42792459942942,1.66,JAX,134747-89981,7.821,statline_mc+recal_10_4b,team:CIN
73,WR3,00-0039919,Rome Odunze,WR,CHI,6100,8.506997201160127,1.39,NYJ,134747-120033,6.8326,statline_mc+recal_10_4b,team:CIN
73,TE,00-0037838,Isaiah Likely,TE,NYG,5100,8.06054511053142,1.58,ARI,134747-87260,5.849,statline_mc+recal_10_4b,team:CIN
73,FLEX,00-0039299,George Holani,RB,SEA,4800,6.972370870468492,1.45,LAC,134747-114231,5.8729,statline_mc+recal_10_4b,team:CIN
74,QB,00-0033873,Patrick Mahomes,QB,KC,8000,22.722020257483493,2.84,LV,134747-57439,7.8409,statline_mc+recal_10_4b,team:KC
74,DEF,DST_CHI,Chicago Bears,DEF,CHI,3500,8.784674199000001,2.51,NYJ,134747-12527,6.2715,dst_simulated_session_10_4,team:KC
74,RB1,00-0032764,Derrick Henry,RB,BAL,9100,18.20747252577474,2.0,TEN,134747-39280,10.0629,statline_mc+recal_10_4b,team:KC
74,RB2,00-0036275,D'Andre Swift,RB,CHI,7300,13.403401706248165,1.84,NYJ,134747-91598,8.3442,statline_mc+recal_10_4b,team:KC
74,WR1,00-0038543,Jaxon Smith-Njigba,WR,SEA,9500,18.244447222436268,1.92,LAC,134747-129458,9.4035,statline_mc+recal_10_4b,team:KC
74,WR2,00-0036613,Jaylen Waddle,WR,DEN,6600,9.163447814067752,1.39,SF,134747-90573,6.8963,statline_mc+recal_10_4b,team:KC
74,WR3,00-0039894,Xavier Worthy,WR,KC,5700,7.070508076664769,1.24,LV,134747-158974,6.3191,statline_mc+recal_10_4b,team:KC
74,TE,00-0037838,Isaiah Likely,TE,NYG,5100,8.06054511053142,1.58,ARI,134747-87260,5.849,statline_mc+recal_10_4b,team:KC
74,FLEX,00-0034829,Mike Gesicki,TE,CIN,5100,7.713701904865386,1.51,JAX,134747-56265,6.0564,statline_mc+recal_10_4b,team:KC
75,QB,00-0033873,Patrick Mahomes,QB,KC,8000,22.722020257483493,2.84,LV,134747-57439,7.8409,statline_mc+recal_10_4b,team:KC
75,DEF,DST_MIA,Miami Dolphins,DEF,MIA,3000,6.464058466500001,2.15,MIN,134747-12539,6.0305,dst_simulated_session_10_4,team:KC
75,RB1,00-0032764,Derrick Henry,RB,BAL,9100,18.20747252577474,2.0,TEN,134747-39280,10.0629,statline_mc+recal_10_4b,team:KC
75,RB2,00-0036275,D'Andre Swift,RB,CHI,7300,13.403401706248165,1.84,NYJ,134747-91598,8.3442,statline_mc+recal_10_4b,team:KC
75,WR1,00-0038543,Jaxon Smith-Njigba,WR,SEA,9500,18.244447222436268,1.92,LAC,134747-129458,9.4035,statline_mc+recal_10_4b,team:KC
75,WR2,00-0039067,Rashee Rice,WR,KC,7500,11.224572709875202,1.5,LV,134747-111311,7.8479,statline_mc+recal_10_4b,team:KC
75,WR3,00-0038618,Xavier Hutchinson,WR,HOU,5600,7.990911830541407,1.43,DAL,134747-119788,6.6428,statline_mc+recal_10_4b,team:KC
75,TE,00-0037838,Isaiah Likely,TE,NYG,5100,8.06054511053142,1.58,ARI,134747-87260,5.849,statline_mc+recal_10_4b,team:KC
75,FLEX,00-0039299,George Holani,RB,SEA,4800,6.972370870468492,1.45,LAC,134747-114231,5.8729,statline_mc+recal_10_4b,team:KC
76,QB,00-0036442,Joe Burrow,QB,CIN,8200,22.46050259230209,2.74,JAX,134747-63336,7.8063,statline_mc+recal_10_4b,team:CIN
76,DEF,DST_MIA,Miami Dolphins,DEF,MIA,3000,6.464058466500001,2.15,MIN,134747-12539,6.0305,dst_simulated_session_10_4,team:CIN
76,RB1,00-0032764,Derrick Henry,RB,BAL,9100,18.20747252577474,2.0,TEN,134747-39280,10.0629,statline_mc+recal_10_4b,team:CIN
76,RB2,00-0038597,Chase Brown,RB,CIN,7600,12.92799353761597,1.7,JAX,134747-89493,8.273,statline_mc+recal_10_4b,team:CIN
76,WR1,00-0038543,Jaxon Smith-Njigba,WR,SEA,9500,18.244447222436268,1.92,LAC,134747-129458,9.4035,statline_mc+recal_10_4b,team:CIN
76,WR2,00-0036410,Tee Higgins,WR,CIN,6900,11.42792459942942,1.66,JAX,134747-89981,7.821,statline_mc+recal_10_4b,team:CIN
76,WR3,00-0040735,Luther Burden III,WR,CHI,5800,8.616666673124396,1.49,NYJ,134747-166092,6.7501,statline_mc+recal_10_4b,team:CIN
76,TE,00-0034829,Mike Gesicki,TE,CIN,5100,7.713701904865386,1.51,JAX,134747-56265,6.0564,statline_mc+recal_10_4b,team:CIN
76,FLEX,00-0039299,George Holani,RB,SEA,4800,6.972370870468492,1.45,LAC,134747-114231,5.8729,statline_mc+recal_10_4b,team:CIN
77,QB,00-0036442,Joe Burrow,QB,CIN,8200,22.46050259230209,2.74,JAX,134747-63336,7.8063,statline_mc+recal_10_4b,team:CIN
77,DEF,DST_MIA,Miami Dolphins,DEF,MIA,3000,6.464058466500001,2.15,MIN,134747-12539,6.0305,dst_simulated_session_10_4,team:CIN
77,RB1,00-0032764,Derrick Henry,RB,BAL,9100,18.20747252577474,2.0,TEN,134747-39280,10.0629,statline_mc+recal_10_4b,team:CIN
77,RB2,00-0038597,Chase Brown,RB,CIN,7600,12.92799353761597,1.7,JAX,134747-89493,8.273,statline_mc+recal_10_4b,team:CIN
77,WR1,00-0038543,Jaxon Smith-Njigba,WR,SEA,9500,18.244447222436268,1.92,LAC,134747-129458,9.4035,statline_mc+recal_10_4b,team:CIN
77,WR2,00-0036410,Tee Higgins,WR,CIN,6900,11.42792459942942,1.66,JAX,134747-89981,7.821,statline_mc+recal_10_4b,team:CIN
77,WR3,00-0036550,Rashod Bateman,WR,BAL,5800,8.233723880304728,1.42,TEN,134747-85845,6.8483,statline_mc+recal_10_4b,team:CIN
77,TE,00-0037838,Isaiah Likely,TE,NYG,5100,8.06054511053142,1.58,ARI,134747-87260,5.849,statline_mc+recal_10_4b,team:CIN
77,FLEX,00-0039299,George Holani,RB,SEA,4800,6.972370870468492,1.45,LAC,134747-114231,5.8729,statline_mc+recal_10_4b,team:CIN
78,QB,00-0036442,Joe Burrow,QB,CIN,8200,22.46050259230209,2.74,JAX,134747-63336,7.8063,statline_mc+recal_10_4b,team:CIN
78,DEF,DST_MIA,Miami Dolphins,DEF,MIA,3000,6.464058466500001,2.15,MIN,134747-12539,6.0305,dst_simulated_session_10_4,team:CIN
78,RB1,00-0032764,Derrick Henry,RB,BAL,9100,18.20747252577474,2.0,TEN,134747-39280,10.0629,statline_mc+recal_10_4b,team:CIN
78,RB2,00-0038597,Chase Brown,RB,CIN,7600,12.92799353761597,1.7,JAX,134747-89493,8.273,statline_mc+recal_10_4b,team:CIN
78,WR1,00-0038543,Jaxon Smith-Njigba,WR,SEA,9500,18.244447222436268,1.92,LAC,134747-129458,9.4035,statline_mc+recal_10_4b,team:CIN
78,WR2,00-0036410,Tee Higgins,WR,CIN,6900,11.42792459942942,1.66,JAX,134747-89981,7.821,statline_mc+recal_10_4b,team:CIN
78,WR3,00-0038563,Tre Tucker,WR,LV,5800,8.183246049416883,1.41,KC,134747-103619,6.7564,statline_mc+recal_10_4b,team:CIN
78,TE,00-0037838,Isaiah Likely,TE,NYG,5100,8.06054511053142,1.58,ARI,134747-87260,5.849,statline_mc+recal_10_4b,team:CIN
78,FLEX,00-0039299,George Holani,RB,SEA,4800,6.972370870468492,1.45,LAC,134747-114231,5.8729,statline_mc+recal_10_4b,team:CIN
79,QB,00-0033873,Patrick Mahomes,QB,KC,8000,22.722020257483493,2.84,LV,134747-57439,7.8409,statline_mc+recal_10_4b,team:KC
79,DEF,DST_MIA,Miami Dolphins,DEF,MIA,3000,6.464058466500001,2.15,MIN,134747-12539,6.0305,dst_simulated_session_10_4,team:KC
79,RB1,00-0032764,Derrick Henry,RB,BAL,9100,18.20747252577474,2.0,TEN,134747-39280,10.0629,statline_mc+recal_10_4b,team:KC
79,RB2,00-0036275,D'Andre Swift,RB,CHI,7300,13.403401706248165,1.84,NYJ,134747-91598,8.3442,statline_mc+recal_10_4b,team:KC
79,WR1,00-0038543,Jaxon Smith-Njigba,WR,SEA,9500,18.244447222436268,1.92,LAC,134747-129458,9.4035,statline_mc+recal_10_4b,team:KC
79,WR2,00-0039067,Rashee Rice,WR,KC,7500,11.224572709875202,1.5,LV,134747-111311,7.8479,statline_mc+recal_10_4b,team:KC
79,WR3,00-0038618,Xavier Hutchinson,WR,HOU,5600,7.990911830541407,1.43,DAL,134747-119788,6.6428,statline_mc+recal_10_4b,team:KC
79,TE,00-0034829,Mike Gesicki,TE,CIN,5100,7.713701904865386,1.51,JAX,134747-56265,6.0564,statline_mc+recal_10_4b,team:KC
79,FLEX,00-0039299,George Holani,RB,SEA,4800,6.972370870468492,1.45,LAC,134747-114231,5.8729,statline_mc+recal_10_4b,team:KC
80,QB,00-0033873,Patrick Mahomes,QB,KC,8000,22.722020257483493,2.84,LV,134747-57439,7.8409,statline_mc+recal_10_4b,team:KC
80,DEF,DST_MIA,Miami Dolphins,DEF,MIA,3000,6.464058466500001,2.15,MIN,134747-12539,6.0305,dst_simulated_session_10_4,team:KC
80,RB1,00-0032764,Derrick Henry,RB,BAL,9100,18.20747252577474,2.0,TEN,134747-39280,10.0629,statline_mc+recal_10_4b,team:KC
80,RB2,00-0036275,D'Andre Swift,RB,CHI,7300,13.403401706248165,1.84,NYJ,134747-91598,8.3442,statline_mc+recal_10_4b,team:KC
80,WR1,00-0038543,Jaxon Smith-Njigba,WR,SEA,9500,18.244447222436268,1.92,LAC,134747-129458,9.4035,statline_mc+recal_10_4b,team:KC
80,WR2,00-0038618,Xavier Hutchinson,WR,HOU,5600,7.990911830541407,1.43,DAL,134747-119788,6.6428,statline_mc+recal_10_4b,team:KC
80,WR3,00-0039894,Xavier Worthy,WR,KC,5700,7.070508076664769,1.24,LV,134747-158974,6.3191,statline_mc+recal_10_4b,team:KC
80,TE,00-0034829,Mike Gesicki,TE,CIN,5100,7.713701904865386,1.51,JAX,134747-56265,6.0564,statline_mc+recal_10_4b,team:KC
80,FLEX,00-0041027,Jeremiyah Love,RB,ARI,6600,11.084159837453262,1.68,NYG,134747-188171,7.8418,statline_mc+recal_10_4b,team:KC
81,QB,00-0036442,Joe Burrow,QB,CIN,8200,22.46050259230209,2.74,JAX,134747-63336,7.8063,statline_mc+recal_10_4b,team:CIN
81,DEF,DST_MIA,Miami Dolphins,DEF,MIA,3000,6.464058466500001,2.15,MIN,134747-12539,6.0305,dst_simulated_session_10_4,team:CIN
81,RB1,00-0032764,Derrick Henry,RB,BAL,9100,18.20747252577474,2.0,TEN,134747-39280,10.0629,statline_mc+recal_10_4b,team:CIN
81,RB2,00-0036275,D'Andre Swift,RB,CHI,7300,13.403401706248165,1.84,NYJ,134747-91598,8.3442,statline_mc+recal_10_4b,team:CIN
81,WR1,00-0038543,Jaxon Smith-Njigba,WR,SEA,9500,18.244447222436268,1.92,LAC,134747-129458,9.4035,statline_mc+recal_10_4b,team:CIN
81,WR2,00-0036410,Tee Higgins,WR,CIN,6900,11.42792459942942,1.66,JAX,134747-89981,7.821,statline_mc+recal_10_4b,team:CIN
81,WR3,00-0038618,Xavier Hutchinson,WR,HOU,5600,7.990911830541407,1.43,DAL,134747-119788,6.6428,statline_mc+recal_10_4b,team:CIN
81,TE,00-0034829,Mike Gesicki,TE,CIN,5100,7.713701904865386,1.51,JAX,134747-56265,6.0564,statline_mc+recal_10_4b,team:CIN
81,FLEX,00-0039299,George Holani,RB,SEA,4800,6.972370870468492,1.45,LAC,134747-114231,5.8729,statline_mc+recal_10_4b,team:CIN
82,QB,00-0034796,Lamar Jackson,QB,BAL,8700,22.48575106630195,2.58,TEN,134747-63115,7.8127,statline_mc+recal_10_4b,team:BAL
82,DEF,DST_CHI,Chicago Bears,DEF,CHI,3500,8.784674199000001,2.51,NYJ,134747-12527,6.2715,dst_simulated_session_10_4,team:BAL
82,RB1,00-0032764,Derrick Henry,RB,BAL,9100,18.20747252577474,2.0,TEN,134747-39280,10.0629,statline_mc+recal_10_4b,team:BAL
82,RB2,00-0036275,D'Andre Swift,RB,CHI,7300,13.403401706248165,1.84,NYJ,134747-91598,8.3442,statline_mc+recal_10_4b,team:BAL
82,WR1,00-0038606,Parker Washington,WR,JAX,7100,12.102953920681768,1.7,CIN,134747-137516,7.7671,statline_mc+recal_10_4b,team:BAL
82,WR2,00-0038563,Tre Tucker,WR,LV,5800,8.183246049416883,1.41,KC,134747-103619,6.7564,statline_mc+recal_10_4b,team:BAL
82,WR3,00-0038618,Xavier Hutchinson,WR,HOU,5600,7.990911830541407,1.43,DAL,134747-119788,6.6428,statline_mc+recal_10_4b,team:BAL
82,TE,00-0034753,Mark Andrews,TE,BAL,5200,8.753656616134831,1.68,TEN,134747-52436,6.2908,statline_mc+recal_10_4b,team:BAL
82,FLEX,00-0038597,Chase Brown,RB,CIN,7600,12.92799353761597,1.7,JAX,134747-89493,8.273,statline_mc+recal_10_4b,team:BAL
83,QB,00-0036442,Joe Burrow,QB,CIN,8200,22.46050259230209,2.74,JAX,134747-63336,7.8063,statline_mc+recal_10_4b,team:CIN
83,DEF,DST_CHI,Chicago Bears,DEF,CHI,3500,8.784674199000001,2.51,NYJ,134747-12527,6.2715,dst_simulated_session_10_4,team:CIN
83,RB1,00-0032764,Derrick Henry,RB,BAL,9100,18.20747252577474,2.0,TEN,134747-39280,10.0629,statline_mc+recal_10_4b,team:CIN
83,RB2,00-0036275,D'Andre Swift,RB,CHI,7300,13.403401706248165,1.84,NYJ,134747-91598,8.3442,statline_mc+recal_10_4b,team:CIN
83,WR1,00-0036410,Tee Higgins,WR,CIN,6900,11.42792459942942,1.66,JAX,134747-89981,7.821,statline_mc+recal_10_4b,team:CIN
83,WR2,00-0038124,Christian Watson,WR,GB,7200,10.777691461103691,1.5,TB,134747-169776,7.5131,statline_mc+recal_10_4b,team:CIN
83,WR3,00-0039919,Rome Odunze,WR,CHI,6100,8.506997201160127,1.39,NYJ,134747-120033,6.8326,statline_mc+recal_10_4b,team:CIN
83,TE,00-0037838,Isaiah Likely,TE,NYG,5100,8.06054511053142,1.58,ARI,134747-87260,5.849,statline_mc+recal_10_4b,team:CIN
83,FLEX,00-0041027,Jeremiyah Love,RB,ARI,6600,11.084159837453262,1.68,NYG,134747-188171,7.8418,statline_mc+recal_10_4b,team:CIN
84,QB,00-0039163,C.J. Stroud,QB,HOU,7000,17.646399684794734,2.52,DAL,134747-129471,7.5709,statline_mc+recal_10_4b,team:HOU
84,DEF,DST_CHI,Chicago Bears,DEF,CHI,3500,8.784674199000001,2.51,NYJ,134747-12527,6.2715,dst_simulated_session_10_4,team:HOU
84,RB1,00-0032764,Derrick Henry,RB,BAL,9100,18.20747252577474,2.0,TEN,134747-39280,10.0629,statline_mc+recal_10_4b,team:HOU
84,RB2,00-0036275,D'Andre Swift,RB,CHI,7300,13.403401706248165,1.84,NYJ,134747-91598,8.3442,statline_mc+recal_10_4b,team:HOU
84,WR1,00-0038606,Parker Washington,WR,JAX,7100,12.102953920681768,1.7,CIN,134747-137516,7.7671,statline_mc+recal_10_4b,team:HOU
84,WR2,00-0040735,Luther Burden III,WR,CHI,5800,8.616666673124396,1.49,NYJ,134747-166092,6.7501,statline_mc+recal_10_4b,team:HOU
84,WR3,00-0038618,Xavier Hutchinson,WR,HOU,5600,7.990911830541407,1.43,DAL,134747-119788,6.6428,statline_mc+recal_10_4b,team:HOU
84,TE,00-0034829,Mike Gesicki,TE,CIN,5100,7.713701904865386,1.51,JAX,134747-56265,6.0564,statline_mc+recal_10_4b,team:HOU
84,FLEX,00-0038543,Jaxon Smith-Njigba,WR,SEA,9500,18.244447222436268,1.92,LAC,134747-129458,9.4035,statline_mc+recal_10_4b,team:HOU
85,QB,00-0033873,Patrick Mahomes,QB,KC,8000,22.722020257483493,2.84,LV,134747-57439,7.8409,statline_mc+recal_10_4b,team:KC
85,DEF,DST_MIA,Miami Dolphins,DEF,MIA,3000,6.464058466500001,2.15,MIN,134747-12539,6.0305,dst_simulated_session_10_4,team:KC
85,RB1,00-0032764,Derrick Henry,RB,BAL,9100,18.20747252577474,2.0,TEN,134747-39280,10.0629,statline_mc+recal_10_4b,team:KC
85,RB2,00-0036275,D'Andre Swift,RB,CHI,7300,13.403401706248165,1.84,NYJ,134747-91598,8.3442,statline_mc+recal_10_4b,team:KC
85,WR1,00-0038543,Jaxon Smith-Njigba,WR,SEA,9500,18.244447222436268,1.92,LAC,134747-129458,9.4035,statline_mc+recal_10_4b,team:KC
85,WR2,00-0039067,Rashee Rice,WR,KC,7500,11.224572709875202,1.5,LV,134747-111311,7.8479,statline_mc+recal_10_4b,team:KC
85,WR3,00-0037816,Romeo Doubs,WR,NE,5500,7.410625490692375,1.35,BUF,134747-94370,6.5446,statline_mc+recal_10_4b,team:KC
85,TE,00-0037838,Isaiah Likely,TE,NYG,5100,8.06054511053142,1.58,ARI,134747-87260,5.849,statline_mc+recal_10_4b,team:KC
85,FLEX,00-0039299,George Holani,RB,SEA,4800,6.972370870468492,1.45,LAC,134747-114231,5.8729,statline_mc+recal_10_4b,team:KC
86,QB,00-0036442,Joe Burrow,QB,CIN,8200,22.46050259230209,2.74,JAX,134747-63336,7.8063,statline_mc+recal_10_4b,team:CIN
86,DEF,DST_MIA,Miami Dolphins,DEF,MIA,3000,6.464058466500001,2.15,MIN,134747-12539,6.0305,dst_simulated_session_10_4,team:CIN
86,RB1,00-0032764,Derrick Henry,RB,BAL,9100,18.20747252577474,2.0,TEN,134747-39280,10.0629,statline_mc+recal_10_4b,team:CIN
86,RB2,00-0041027,Jeremiyah Love,RB,ARI,6600,11.084159837453262,1.68,NYG,134747-188171,7.8418,statline_mc+recal_10_4b,team:CIN
86,WR1,00-0038543,Jaxon Smith-Njigba,WR,SEA,9500,18.244447222436268,1.92,LAC,134747-129458,9.4035,statline_mc+recal_10_4b,team:CIN
86,WR2,00-0036410,Tee Higgins,WR,CIN,6900,11.42792459942942,1.66,JAX,134747-89981,7.821,statline_mc+recal_10_4b,team:CIN
86,WR3,00-0038563,Tre Tucker,WR,LV,5800,8.183246049416883,1.41,KC,134747-103619,6.7564,statline_mc+recal_10_4b,team:CIN
86,TE,00-0037838,Isaiah Likely,TE,NYG,5100,8.06054511053142,1.58,ARI,134747-87260,5.849,statline_mc+recal_10_4b,team:CIN
86,FLEX,00-0036875,Rhamondre Stevenson,RB,NE,5700,8.358471873777999,1.47,BUF,134747-111540,6.9052,statline_mc+recal_10_4b,team:CIN
87,QB,00-0036442,Joe Burrow,QB,CIN,8200,22.46050259230209,2.74,JAX,134747-63336,7.8063,statline_mc+recal_10_4b,team:CIN
87,DEF,DST_MIA,Miami Dolphins,DEF,MIA,3000,6.464058466500001,2.15,MIN,134747-12539,6.0305,dst_simulated_session_10_4,team:CIN
87,RB1,00-0032764,Derrick Henry,RB,BAL,9100,18.20747252577474,2.0,TEN,134747-39280,10.0629,statline_mc+recal_10_4b,team:CIN
87,RB2,00-0036275,D'Andre Swift,RB,CHI,7300,13.403401706248165,1.84,NYJ,134747-91598,8.3442,statline_mc+recal_10_4b,team:CIN
87,WR1,00-0038543,Jaxon Smith-Njigba,WR,SEA,9500,18.244447222436268,1.92,LAC,134747-129458,9.4035,statline_mc+recal_10_4b,team:CIN
87,WR2,00-0038124,Christian Watson,WR,GB,7200,10.777691461103691,1.5,TB,134747-169776,7.5131,statline_mc+recal_10_4b,team:CIN
87,WR3,00-0036550,Rashod Bateman,WR,BAL,5800,8.233723880304728,1.42,TEN,134747-85845,6.8483,statline_mc+recal_10_4b,team:CIN
87,TE,00-0034829,Mike Gesicki,TE,CIN,5100,7.713701904865386,1.51,JAX,134747-56265,6.0564,statline_mc+recal_10_4b,team:CIN
87,FLEX,00-0039299,George Holani,RB,SEA,4800,6.972370870468492,1.45,LAC,134747-114231,5.8729,statline_mc+recal_10_4b,team:CIN
88,QB,00-0036442,Joe Burrow,QB,CIN,8200,22.46050259230209,2.74,JAX,134747-63336,7.8063,statline_mc+recal_10_4b,team:CIN
88,DEF,DST_MIA,Miami Dolphins,DEF,MIA,3000,6.464058466500001,2.15,MIN,134747-12539,6.0305,dst_simulated_session_10_4,team:CIN
88,RB1,00-0036275,D'Andre Swift,RB,CHI,7300,13.403401706248165,1.84,NYJ,134747-91598,8.3442,statline_mc+recal_10_4b,team:CIN
88,RB2,00-0038597,Chase Brown,RB,CIN,7600,12.92799353761597,1.7,JAX,134747-89493,8.273,statline_mc+recal_10_4b,team:CIN
88,WR1,00-0038543,Jaxon Smith-Njigba,WR,SEA,9500,18.244447222436268,1.92,LAC,134747-129458,9.4035,statline_mc+recal_10_4b,team:CIN
88,WR2,00-0038606,Parker Washington,WR,JAX,7100,12.102953920681768,1.7,CIN,134747-137516,7.7671,statline_mc+recal_10_4b,team:CIN
88,WR3,00-0038618,Xavier Hutchinson,WR,HOU,5600,7.990911830541407,1.43,DAL,134747-119788,6.6428,statline_mc+recal_10_4b,team:CIN
88,TE,00-0034829,Mike Gesicki,TE,CIN,5100,7.713701904865386,1.51,JAX,134747-56265,6.0564,statline_mc+recal_10_4b,team:CIN
88,FLEX,00-0041027,Jeremiyah Love,RB,ARI,6600,11.084159837453262,1.68,NYG,134747-188171,7.8418,statline_mc+recal_10_4b,team:CIN
89,QB,00-0033873,Patrick Mahomes,QB,KC,8000,22.722020257483493,2.84,LV,134747-57439,7.8409,statline_mc+recal_10_4b,team:KC
89,DEF,DST_MIA,Miami Dolphins,DEF,MIA,3000,6.464058466500001,2.15,MIN,134747-12539,6.0305,dst_simulated_session_10_4,team:KC
89,RB1,00-0032764,Derrick Henry,RB,BAL,9100,18.20747252577474,2.0,TEN,134747-39280,10.0629,statline_mc+recal_10_4b,team:KC
89,RB2,00-0041027,Jeremiyah Love,RB,ARI,6600,11.084159837453262,1.68,NYG,134747-188171,7.8418,statline_mc+recal_10_4b,team:KC
89,WR1,00-0038543,Jaxon Smith-Njigba,WR,SEA,9500,18.244447222436268,1.92,LAC,134747-129458,9.4035,statline_mc+recal_10_4b,team:KC
89,WR2,00-0039067,Rashee Rice,WR,KC,7500,11.224572709875202,1.5,LV,134747-111311,7.8479,statline_mc+recal_10_4b,team:KC
89,WR3,00-0039919,Rome Odunze,WR,CHI,6100,8.506997201160127,1.39,NYJ,134747-120033,6.8326,statline_mc+recal_10_4b,team:KC
89,TE,00-0037838,Isaiah Likely,TE,NYG,5100,8.06054511053142,1.58,ARI,134747-87260,5.849,statline_mc+recal_10_4b,team:KC
89,FLEX,00-0034829,Mike Gesicki,TE,CIN,5100,7.713701904865386,1.51,JAX,134747-56265,6.0564,statline_mc+recal_10_4b,team:KC
90,QB,00-0033873,Patrick Mahomes,QB,KC,8000,22.722020257483493,2.84,LV,134747-57439,7.8409,statline_mc+recal_10_4b,team:KC
90,DEF,DST_MIA,Miami Dolphins,DEF,MIA,3000,6.464058466500001,2.15,MIN,134747-12539,6.0305,dst_simulated_session_10_4,team:KC
90,RB1,00-0032764,Derrick Henry,RB,BAL,9100,18.20747252577474,2.0,TEN,134747-39280,10.0629,statline_mc+recal_10_4b,team:KC
90,RB2,00-0036875,Rhamondre Stevenson,RB,NE,5700,8.358471873777999,1.47,BUF,134747-111540,6.9052,statline_mc+recal_10_4b,team:KC
90,WR1,00-0036410,Tee Higgins,WR,CIN,6900,11.42792459942942,1.66,JAX,134747-89981,7.821,statline_mc+recal_10_4b,team:KC
90,WR2,00-0039067,Rashee Rice,WR,KC,7500,11.224572709875202,1.5,LV,134747-111311,7.8479,statline_mc+recal_10_4b,team:KC
90,WR3,00-0032464,Kalif Raymond,WR,CHI,5200,7.3590222739081534,1.42,NYJ,134747-70422,6.3861,statline_mc+recal_10_4b,team:KC
90,TE,00-0037838,Isaiah Likely,TE,NYG,5100,8.06054511053142,1.58,ARI,134747-87260,5.849,statline_mc+recal_10_4b,team:KC
90,FLEX,00-0038543,Jaxon Smith-Njigba,WR,SEA,9500,18.244447222436268,1.92,LAC,134747-129458,9.4035,statline_mc+recal_10_4b,team:KC
91,QB,00-0036442,Joe Burrow,QB,CIN,8200,22.46050259230209,2.74,JAX,134747-63336,7.8063,statline_mc+recal_10_4b,team:CIN
91,DEF,DST_MIA,Miami Dolphins,DEF,MIA,3000,6.464058466500001,2.15,MIN,134747-12539,6.0305,dst_simulated_session_10_4,team:CIN
91,RB1,00-0036275,D'Andre Swift,RB,CHI,7300,13.403401706248165,1.84,NYJ,134747-91598,8.3442,statline_mc+recal_10_4b,team:CIN
91,RB2,00-0038597,Chase Brown,RB,CIN,7600,12.92799353761597,1.7,JAX,134747-89493,8.273,statline_mc+recal_10_4b,team:CIN
91,WR1,00-0038543,Jaxon Smith-Njigba,WR,SEA,9500,18.244447222436268,1.92,LAC,134747-129458,9.4035,statline_mc+recal_10_4b,team:CIN
91,WR2,00-0036410,Tee Higgins,WR,CIN,6900,11.42792459942942,1.66,JAX,134747-89981,7.821,statline_mc+recal_10_4b,team:CIN
91,WR3,00-0038618,Xavier Hutchinson,WR,HOU,5600,7.990911830541407,1.43,DAL,134747-119788,6.6428,statline_mc+recal_10_4b,team:CIN
91,TE,00-0037838,Isaiah Likely,TE,NYG,5100,8.06054511053142,1.58,ARI,134747-87260,5.849,statline_mc+recal_10_4b,team:CIN
91,FLEX,00-0041027,Jeremiyah Love,RB,ARI,6600,11.084159837453262,1.68,NYG,134747-188171,7.8418,statline_mc+recal_10_4b,team:CIN
92,QB,00-0036442,Joe Burrow,QB,CIN,8200,22.46050259230209,2.74,JAX,134747-63336,7.8063,statline_mc+recal_10_4b,team:CIN
92,DEF,DST_MIA,Miami Dolphins,DEF,MIA,3000,6.464058466500001,2.15,MIN,134747-12539,6.0305,dst_simulated_session_10_4,team:CIN
92,RB1,00-0032764,Derrick Henry,RB,BAL,9100,18.20747252577474,2.0,TEN,134747-39280,10.0629,statline_mc+recal_10_4b,team:CIN
92,RB2,00-0039299,George Holani,RB,SEA,4800,6.972370870468492,1.45,LAC,134747-114231,5.8729,statline_mc+recal_10_4b,team:CIN
92,WR1,00-0038543,Jaxon Smith-Njigba,WR,SEA,9500,18.244447222436268,1.92,LAC,134747-129458,9.4035,statline_mc+recal_10_4b,team:CIN
92,WR2,00-0034960,Jakobi Meyers,WR,JAX,5700,8.600713078581569,1.51,CIN,134747-63634,6.8963,statline_mc+recal_10_4b,team:CIN
92,WR3,00-0037261,Khalil Shakir,WR,BUF,5700,8.388481099866345,1.47,NE,134747-86518,6.8532,statline_mc+recal_10_4b,team:CIN
92,TE,00-0034829,Mike Gesicki,TE,CIN,5100,7.713701904865386,1.51,JAX,134747-56265,6.0564,statline_mc+recal_10_4b,team:CIN
92,FLEX,00-0033280,Christian McCaffrey,RB,SF,8800,14.685005689376274,1.67,DEN,134747-55050,8.5907,statline_mc+recal_10_4b,team:CIN
93,QB,00-0033873,Patrick Mahomes,QB,KC,8000,22.722020257483493,2.84,LV,134747-57439,7.8409,statline_mc+recal_10_4b,team:KC
93,DEF,DST_MIA,Miami Dolphins,DEF,MIA,3000,6.464058466500001,2.15,MIN,134747-12539,6.0305,dst_simulated_session_10_4,team:KC
93,RB1,00-0032764,Derrick Henry,RB,BAL,9100,18.20747252577474,2.0,TEN,134747-39280,10.0629,statline_mc+recal_10_4b,team:KC
93,RB2,00-0041027,Jeremiyah Love,RB,ARI,6600,11.084159837453262,1.68,NYG,134747-188171,7.8418,statline_mc+recal_10_4b,team:KC
93,WR1,00-0038543,Jaxon Smith-Njigba,WR,SEA,9500,18.244447222436268,1.92,LAC,134747-129458,9.4035,statline_mc+recal_10_4b,team:KC
93,WR2,00-0039067,Rashee Rice,WR,KC,7500,11.224572709875202,1.5,LV,134747-111311,7.8479,statline_mc+recal_10_4b,team:KC
93,WR3,00-0037816,Romeo Doubs,WR,NE,5500,7.410625490692375,1.35,BUF,134747-94370,6.5446,statline_mc+recal_10_4b,team:KC
93,TE,00-0034829,Mike Gesicki,TE,CIN,5100,7.713701904865386,1.51,JAX,134747-56265,6.0564,statline_mc+recal_10_4b,team:KC
93,FLEX,00-0036875,Rhamondre Stevenson,RB,NE,5700,8.358471873777999,1.47,BUF,134747-111540,6.9052,statline_mc+recal_10_4b,team:KC
94,QB,00-0036442,Joe Burrow,QB,CIN,8200,22.46050259230209,2.74,JAX,134747-63336,7.8063,statline_mc+recal_10_4b,team:CIN
94,DEF,DST_CHI,Chicago Bears,DEF,CHI,3500,8.784674199000001,2.51,NYJ,134747-12527,6.2715,dst_simulated_session_10_4,team:CIN
94,RB1,00-0032764,Derrick Henry,RB,BAL,9100,18.20747252577474,2.0,TEN,134747-39280,10.0629,statline_mc+recal_10_4b,team:CIN
94,RB2,00-0036275,D'Andre Swift,RB,CHI,7300,13.403401706248165,1.84,NYJ,134747-91598,8.3442,statline_mc+recal_10_4b,team:CIN
94,WR1,00-0036410,Tee Higgins,WR,CIN,6900,11.42792459942942,1.66,JAX,134747-89981,7.821,statline_mc+recal_10_4b,team:CIN
94,WR2,00-0040667,Matthew Golden,WR,GB,6300,8.763569421412672,1.39,TB,134747-166916,6.7771,statline_mc+recal_10_4b,team:CIN
94,WR3,00-0039919,Rome Odunze,WR,CHI,6100,8.506997201160127,1.39,NYJ,134747-120033,6.8326,statline_mc+recal_10_4b,team:CIN
94,TE,00-0037838,Isaiah Likely,TE,NYG,5100,8.06054511053142,1.58,ARI,134747-87260,5.849,statline_mc+recal_10_4b,team:CIN
94,FLEX,00-0036997,Javonte Williams,RB,DAL,7500,11.813927260023542,1.58,HOU,134747-93541,7.9095,statline_mc+recal_10_4b,team:CIN
95,QB,00-0036442,Joe Burrow,QB,CIN,8200,22.46050259230209,2.74,JAX,134747-63336,7.8063,statline_mc+recal_10_4b,team:CIN
95,DEF,DST_MIA,Miami Dolphins,DEF,MIA,3000,6.464058466500001,2.15,MIN,134747-12539,6.0305,dst_simulated_session_10_4,team:CIN
95,RB1,00-0032764,Derrick Henry,RB,BAL,9100,18.20747252577474,2.0,TEN,134747-39280,10.0629,statline_mc+recal_10_4b,team:CIN
95,RB2,00-0035685,David Montgomery,RB,HOU,6500,10.076982043844128,1.55,DAL,134747-73273,7.7148,statline_mc+recal_10_4b,team:CIN
95,WR1,00-0038543,Jaxon Smith-Njigba,WR,SEA,9500,18.244447222436268,1.92,LAC,134747-129458,9.4035,statline_mc+recal_10_4b,team:CIN
95,WR2,00-0038124,Christian Watson,WR,GB,7200,10.777691461103691,1.5,TB,134747-169776,7.5131,statline_mc+recal_10_4b,team:CIN
95,WR3,00-0037261,Khalil Shakir,WR,BUF,5700,8.388481099866345,1.47,NE,134747-86518,6.8532,statline_mc+recal_10_4b,team:CIN
95,TE,00-0034829,Mike Gesicki,TE,CIN,5100,7.713701904865386,1.51,JAX,134747-56265,6.0564,statline_mc+recal_10_4b,team:CIN
95,FLEX,00-0036875,Rhamondre Stevenson,RB,NE,5700,8.358471873777999,1.47,BUF,134747-111540,6.9052,statline_mc+recal_10_4b,team:CIN
96,QB,00-0033873,Patrick Mahomes,QB,KC,8000,22.722020257483493,2.84,LV,134747-57439,7.8409,statline_mc+recal_10_4b,team:KC
96,DEF,DST_MIA,Miami Dolphins,DEF,MIA,3000,6.464058466500001,2.15,MIN,134747-12539,6.0305,dst_simulated_session_10_4,team:KC
96,RB1,00-0032764,Derrick Henry,RB,BAL,9100,18.20747252577474,2.0,TEN,134747-39280,10.0629,statline_mc+recal_10_4b,team:KC
96,RB2,00-0036275,D'Andre Swift,RB,CHI,7300,13.403401706248165,1.84,NYJ,134747-91598,8.3442,statline_mc+recal_10_4b,team:KC
96,WR1,00-0039067,Rashee Rice,WR,KC,7500,11.224572709875202,1.5,LV,134747-111311,7.8479,statline_mc+recal_10_4b,team:KC
96,WR2,00-0038124,Christian Watson,WR,GB,7200,10.777691461103691,1.5,TB,134747-169776,7.5131,statline_mc+recal_10_4b,team:KC
96,WR3,00-0039919,Rome Odunze,WR,CHI,6100,8.506997201160127,1.39,NYJ,134747-120033,6.8326,statline_mc+recal_10_4b,team:KC
96,TE,00-0037838,Isaiah Likely,TE,NYG,5100,8.06054511053142,1.58,ARI,134747-87260,5.849,statline_mc+recal_10_4b,team:KC
96,FLEX,00-0041027,Jeremiyah Love,RB,ARI,6600,11.084159837453262,1.68,NYG,134747-188171,7.8418,statline_mc+recal_10_4b,team:KC
97,QB,00-0036442,Joe Burrow,QB,CIN,8200,22.46050259230209,2.74,JAX,134747-63336,7.8063,statline_mc+recal_10_4b,team:CIN
97,DEF,DST_MIA,Miami Dolphins,DEF,MIA,3000,6.464058466500001,2.15,MIN,134747-12539,6.0305,dst_simulated_session_10_4,team:CIN
97,RB1,00-0032764,Derrick Henry,RB,BAL,9100,18.20747252577474,2.0,TEN,134747-39280,10.0629,statline_mc+recal_10_4b,team:CIN
97,RB2,00-0040715,Cam Skattebo,RB,NYG,7100,10.34468542737682,1.46,ARI,134747-183240,7.6038,statline_mc+recal_10_4b,team:CIN
97,WR1,00-0038543,Jaxon Smith-Njigba,WR,SEA,9500,18.244447222436268,1.92,LAC,134747-129458,9.4035,statline_mc+recal_10_4b,team:CIN
97,WR2,00-0034960,Jakobi Meyers,WR,JAX,5700,8.600713078581569,1.51,CIN,134747-63634,6.8963,statline_mc+recal_10_4b,team:CIN
97,WR3,00-0036550,Rashod Bateman,WR,BAL,5800,8.233723880304728,1.42,TEN,134747-85845,6.8483,statline_mc+recal_10_4b,team:CIN
97,TE,00-0034829,Mike Gesicki,TE,CIN,5100,7.713701904865386,1.51,JAX,134747-56265,6.0564,statline_mc+recal_10_4b,team:CIN
97,FLEX,00-0035685,David Montgomery,RB,HOU,6500,10.076982043844128,1.55,DAL,134747-73273,7.7148,statline_mc+recal_10_4b,team:CIN
98,QB,00-0036442,Joe Burrow,QB,CIN,8200,22.46050259230209,2.74,JAX,134747-63336,7.8063,statline_mc+recal_10_4b,team:CIN
98,DEF,DST_MIA,Miami Dolphins,DEF,MIA,3000,6.464058466500001,2.15,MIN,134747-12539,6.0305,dst_simulated_session_10_4,team:CIN
98,RB1,00-0038597,Chase Brown,RB,CIN,7600,12.92799353761597,1.7,JAX,134747-89493,8.273,statline_mc+recal_10_4b,team:CIN
98,RB2,00-0036875,Rhamondre Stevenson,RB,NE,5700,8.358471873777999,1.47,BUF,134747-111540,6.9052,statline_mc+recal_10_4b,team:CIN
98,WR1,00-0038543,Jaxon Smith-Njigba,WR,SEA,9500,18.244447222436268,1.92,LAC,134747-129458,9.4035,statline_mc+recal_10_4b,team:CIN
98,WR2,00-0036410,Tee Higgins,WR,CIN,6900,11.42792459942942,1.66,JAX,134747-89981,7.821,statline_mc+recal_10_4b,team:CIN
98,WR3,00-0032464,Kalif Raymond,WR,CHI,5200,7.3590222739081534,1.42,NYJ,134747-70422,6.3861,statline_mc+recal_10_4b,team:CIN
98,TE,00-0037838,Isaiah Likely,TE,NYG,5100,8.06054511053142,1.58,ARI,134747-87260,5.849,statline_mc+recal_10_4b,team:CIN
98,FLEX,00-0033280,Christian McCaffrey,RB,SF,8800,14.685005689376274,1.67,DEN,134747-55050,8.5907,statline_mc+recal_10_4b,team:CIN
99,QB,00-0033873,Patrick Mahomes,QB,KC,8000,22.722020257483493,2.84,LV,134747-57439,7.8409,statline_mc+recal_10_4b,team:KC
99,DEF,DST_MIA,Miami Dolphins,DEF,MIA,3000,6.464058466500001,2.15,MIN,134747-12539,6.0305,dst_simulated_session_10_4,team:KC
99,RB1,00-0038597,Chase Brown,RB,CIN,7600,12.92799353761597,1.7,JAX,134747-89493,8.273,statline_mc+recal_10_4b,team:KC
99,RB2,00-0039299,George Holani,RB,SEA,4800,6.972370870468492,1.45,LAC,134747-114231,5.8729,statline_mc+recal_10_4b,team:KC
99,WR1,00-0038543,Jaxon Smith-Njigba,WR,SEA,9500,18.244447222436268,1.92,LAC,134747-129458,9.4035,statline_mc+recal_10_4b,team:KC
99,WR2,00-0039067,Rashee Rice,WR,KC,7500,11.224572709875202,1.5,LV,134747-111311,7.8479,statline_mc+recal_10_4b,team:KC
99,WR3,00-0034960,Jakobi Meyers,WR,JAX,5700,8.600713078581569,1.51,CIN,134747-63634,6.8963,statline_mc+recal_10_4b,team:KC
99,TE,00-0037838,Isaiah Likely,TE,NYG,5100,8.06054511053142,1.58,ARI,134747-87260,5.849,statline_mc+recal_10_4b,team:KC
99,FLEX,00-0033280,Christian McCaffrey,RB,SF,8800,14.685005689376274,1.67,DEN,134747-55050,8.5907,statline_mc+recal_10_4b,team:KC
100,QB,00-0034796,Lamar Jackson,QB,BAL,8700,22.48575106630195,2.58,TEN,134747-63115,7.8127,statline_mc+recal_10_4b,team:BAL
100,DEF,DST_MIA,Miami Dolphins,DEF,MIA,3000,6.464058466500001,2.15,MIN,134747-12539,6.0305,dst_simulated_session_10_4,team:BAL
100,RB1,00-0032764,Derrick Henry,RB,BAL,9100,18.20747252577474,2.0,TEN,134747-39280,10.0629,statline_mc+recal_10_4b,team:BAL
100,RB2,00-0036997,Javonte Williams,RB,DAL,7500,11.813927260023542,1.58,HOU,134747-93541,7.9095,statline_mc+recal_10_4b,team:BAL
100,WR1,00-0037261,Khalil Shakir,WR,BUF,5700,8.388481099866345,1.47,NE,134747-86518,6.8532,statline_mc+recal_10_4b,team:BAL
100,WR2,00-0036550,Rashod Bateman,WR,BAL,5800,8.233723880304728,1.42,TEN,134747-85845,6.8483,statline_mc+recal_10_4b,team:BAL
100,WR3,00-0038618,Xavier Hutchinson,WR,HOU,5600,7.990911830541407,1.43,DAL,134747-119788,6.6428,statline_mc+recal_10_4b,team:BAL
100,TE,00-0037838,Isaiah Likely,TE,NYG,5100,8.06054511053142,1.58,ARI,134747-87260,5.849,statline_mc+recal_10_4b,team:BAL
100,FLEX,00-0038543,Jaxon Smith-Njigba,WR,SEA,9500,18.244447222436268,1.92,LAC,134747-129458,9.4035,statline_mc+recal_10_4b,team:BAL
