lineup_id,roster_slot,player_id,player_name,position,team,salary,projection,value,opponent,site_player_id,sigma,sigma_source,stack_target
1,QB,00-0033873,Patrick Mahomes,QB,KC,6200,21.01262000270925,3.39,MIA,44246754,8.191,statline_mc+recal_10_4b,team:KC
1,DST,DST_BUF,Bills,DST,BUF,2800,8.334382266000002,2.98,LAC,44247562,6.0405,dst_simulated_session_10_4+recal_10_4b,team:KC
1,RB1,00-0038134,Kenneth Walker III,RB,KC,7400,21.827228609964727,2.95,MIA,44246814,10.0157,statline_mc+recal_10_4b,team:KC
1,RB2,00-0038120,Breece Hall,RB,NYJ,6400,15.991438408565037,2.5,DET,44246824,8.6362,statline_mc+recal_10_4b,team:KC
1,WR1,00-0039491,Jalen Coker,WR,CAR,5500,13.893344594216924,2.53,CLE,44247054,8.82,statline_mc+recal_10_4b,team:KC
1,WR2,00-0039067,Rashee Rice,WR,KC,6400,13.729602369782825,2.15,MIA,44247034,8.3704,statline_mc+recal_10_4b,team:KC
1,WR3,00-0030279,Keenan Allen,WR,IND,4600,9.49299951266019,2.06,HOU,44247074,7.179,statline_mc+recal_10_4b,team:KC
1,TE,00-0030506,Travis Kelce,TE,KC,4500,12.804840046552115,2.85,MIA,44247368,7.5474,statline_mc+recal_10_4b,team:KC
1,FLEX,00-0036555,Chuba Hubbard,RB,CAR,6100,14.38013823811455,2.36,CLE,44246828,8.4773,statline_mc+recal_10_4b,team:KC
2,QB,00-0033106,Jared Goff,QB,DET,6300,20.89918742333326,3.32,NYJ,44246753,8.2087,statline_mc+recal_10_4b,team:DET
2,DST,DST_CLE,Browns,DST,CLE,2500,7.110197109000001,2.84,CAR,44247566,5.759,dst_simulated_session_10_4+recal_10_4b,team:DET
2,RB1,00-0039139,Jahmyr Gibbs,RB,DET,8800,25.38577021114587,2.88,NYJ,44246810,10.4186,statline_mc+recal_10_4b,team:DET
2,RB2,00-0038134,Kenneth Walker III,RB,KC,7400,21.827228609964727,2.95,MIA,44246814,10.0157,statline_mc+recal_10_4b,team:DET
2,WR1,00-0038606,Parker Washington,WR,JAX,6000,15.68271641800808,2.61,NE,44247042,9.2243,statline_mc+recal_10_4b,team:DET
2,WR2,00-0037240,Jameson Williams,WR,DET,5400,12.158150085061962,2.25,NYJ,44247058,8.4534,statline_mc+recal_10_4b,team:DET
2,WR3,00-0040138,Jaylin Noel,WR,HOU,3600,6.652974721387322,1.85,IND,44247120,6.8646,statline_mc+recal_10_4b,team:DET
2,TE,00-0039065,Sam LaPorta,TE,DET,4300,11.492185748146571,2.67,NYJ,44247370,7.2885,statline_mc+recal_10_4b,team:DET
2,FLEX,00-0037228,Jaylen Warren,RB,PIT,5700,14.582189575225936,2.56,CIN,44246832,8.1961,statline_mc+recal_10_4b,team:DET
3,QB,00-0033106,Jared Goff,QB,DET,6300,20.89918742333326,3.32,NYJ,44246753,8.2087,statline_mc+recal_10_4b,team:DET
3,DST,DST_TEN,Titans,DST,TEN,2400,7.988520087000001,3.33,NYG,44247567,5.7916,dst_simulated_session_10_4+recal_10_4b,team:DET
3,RB1,00-0040784,Quinshon Judkins,RB,CLE,5500,13.094973062725408,2.38,CAR,44246836,8.14,statline_mc+recal_10_4b,team:DET
3,RB2,00-0035261,Tony Pollard,RB,TEN,5400,11.214462370049198,2.08,NYG,44246838,7.8107,statline_mc+recal_10_4b,team:DET
3,WR1,00-0038543,Jaxon Smith-Njigba,WR,SEA,8600,22.44908089407675,2.61,WAS,44247024,10.481,statline_mc+recal_10_4b,team:DET
3,WR2,00-0036963,Amon-Ra St. Brown,WR,DET,7900,21.579912929459272,2.73,NYJ,44247028,10.1768,statline_mc+recal_10_4b,team:DET
3,WR3,00-0037740,Garrett Wilson,WR,NYJ,6300,16.70250746093251,2.65,DET,44247036,9.0321,statline_mc+recal_10_4b,team:DET
3,TE,00-0039065,Sam LaPorta,TE,DET,4300,11.492185748146571,2.67,NYJ,44247370,7.2885,statline_mc+recal_10_4b,team:DET
3,FLEX,00-0034829,Mike Gesicki,TE,CIN,3300,7.112860340303568,2.16,PIT,44247390,6.4878,statline_mc+recal_10_4b,team:DET
4,QB,00-0034857,Josh Allen,QB,BUF,8000,27.563548297943456,3.45,LAC,44246751,8.4898,statline_mc+recal_10_4b,team:BUF
4,DST,DST_DET,Lions,DST,DET,3500,8.708234238,2.49,NYJ,44247556,5.9947,dst_simulated_session_10_4+recal_10_4b,team:BUF
4,RB1,00-0039139,Jahmyr Gibbs,RB,DET,8800,25.38577021114587,2.88,NYJ,44246810,10.4186,statline_mc+recal_10_4b,team:BUF
4,RB2,00-0038134,Kenneth Walker III,RB,KC,7400,21.827228609964727,2.95,MIA,44246814,10.0157,statline_mc+recal_10_4b,team:BUF
4,WR1,00-0039491,Jalen Coker,WR,CAR,5500,13.893344594216924,2.53,CLE,44247054,8.82,statline_mc+recal_10_4b,team:BUF
4,WR2,00-0037261,Khalil Shakir,WR,BUF,4800,11.65858400935742,2.43,LAC,44247070,8.2704,statline_mc+recal_10_4b,team:BUF
4,WR3,00-0035659,Terry McLaurin,WR,WAS,5100,10.521417444396196,2.06,SEA,44247060,7.3743,statline_mc+recal_10_4b,team:BUF
4,TE,00-0035689,Dawson Knox,TE,BUF,2800,4.033975128116886,1.44,LAC,44247404,5.3084,statline_mc+recal_10_4b,team:BUF
4,FLEX,00-0038618,Xavier Hutchinson,WR,HOU,4000,9.294893217357473,2.32,IND,44247108,7.668,statline_mc+recal_10_4b,team:BUF
5,QB,00-0033873,Patrick Mahomes,QB,KC,6200,21.01262000270925,3.39,MIA,44246754,8.191,statline_mc+recal_10_4b,team:KC
5,DST,DST_IND,Colts,DST,IND,2500,7.846034035499999,3.14,HOU,44247565,5.8381,dst_simulated_session_10_4+recal_10_4b,team:KC
5,RB1,00-0039139,Jahmyr Gibbs,RB,DET,8800,25.38577021114587,2.88,NYJ,44246810,10.4186,statline_mc+recal_10_4b,team:KC
5,RB2,00-0040666,Omarion Hampton,RB,LAC,6800,14.292835808219593,2.1,BUF,44246818,8.3631,statline_mc+recal_10_4b,team:KC
5,WR1,00-0039915,Ladd McConkey,WR,LAC,5900,13.20910447366997,2.24,BUF,44247044,8.4279,statline_mc+recal_10_4b,team:KC
5,WR2,00-0039337,Malik Nabers,WR,NYG,6500,12.98392795925895,2.0,TEN,44247032,7.9179,statline_mc+recal_10_4b,team:KC
5,WR3,00-0039894,Xavier Worthy,WR,KC,4400,9.7174043500668,2.21,MIA,44247086,7.7346,statline_mc+recal_10_4b,team:KC
5,TE,00-0030506,Travis Kelce,TE,KC,4500,12.804840046552115,2.85,MIA,44247368,7.5474,statline_mc+recal_10_4b,team:KC
5,FLEX,00-0039065,Sam LaPorta,TE,DET,4300,11.492185748146571,2.67,NYJ,44247370,7.2885,statline_mc+recal_10_4b,team:KC
6,QB,00-0036971,Trevor Lawrence,QB,JAX,5700,17.407133434684102,3.05,NE,44246759,8.0555,statline_mc+recal_10_4b,team:JAX
6,DST,DST_CLE,Browns,DST,CLE,2500,7.110197109000001,2.84,CAR,44247566,5.759,dst_simulated_session_10_4+recal_10_4b,team:JAX
6,RB1,00-0039139,Jahmyr Gibbs,RB,DET,8800,25.38577021114587,2.88,NYJ,44246810,10.4186,statline_mc+recal_10_4b,team:JAX
6,RB2,00-0036223,Jonathan Taylor,RB,IND,7600,19.49399107777725,2.56,HOU,44246812,9.2494,statline_mc+recal_10_4b,team:JAX
6,WR1,00-0036963,Amon-Ra St. Brown,WR,DET,7900,21.579912929459272,2.73,NYJ,44247028,10.1768,statline_mc+recal_10_4b,team:JAX
6,WR2,00-0038606,Parker Washington,WR,JAX,6000,15.68271641800808,2.61,NE,44247042,9.2243,statline_mc+recal_10_4b,team:JAX
6,WR3,00-0039880,Malik Washington,WR,MIA,4200,10.187237635880306,2.43,KC,44247098,7.7826,statline_mc+recal_10_4b,team:JAX
6,TE,00-0039065,Sam LaPorta,TE,DET,4300,11.492185748146571,2.67,NYJ,44247370,7.2885,statline_mc+recal_10_4b,team:JAX
6,FLEX,00-0041503,Nate Boerkircher,TE,JAX,2500,2.351774875737123,0.94,NE,44247508,4.5072,statline_mc+recal_10_4b,team:JAX
7,QB,00-0033873,Patrick Mahomes,QB,KC,6200,21.01262000270925,3.39,MIA,44246754,8.191,statline_mc+recal_10_4b,team:KC
7,DST,DST_IND,Colts,DST,IND,2500,7.846034035499999,3.14,HOU,44247565,5.8381,dst_simulated_session_10_4+recal_10_4b,team:KC
7,RB1,00-0039139,Jahmyr Gibbs,RB,DET,8800,25.38577021114587,2.88,NYJ,44246810,10.4186,statline_mc+recal_10_4b,team:KC
7,RB2,00-0038134,Kenneth Walker III,RB,KC,7400,21.827228609964727,2.95,MIA,44246814,10.0157,statline_mc+recal_10_4b,team:KC
7,WR1,00-0038606,Parker Washington,WR,JAX,6000,15.68271641800808,2.61,NE,44247042,9.2243,statline_mc+recal_10_4b,team:KC
7,WR2,00-0039067,Rashee Rice,WR,KC,6400,13.729602369782825,2.15,MIA,44247034,8.3704,statline_mc+recal_10_4b,team:KC
7,WR3,00-0041547,KC Concepcion Jr.,WR,CLE,4300,10.032118986603656,2.33,CAR,44247088,7.5891,statline_mc+recal_10_4b,team:KC
7,TE,00-0030506,Travis Kelce,TE,KC,4500,12.804840046552115,2.85,MIA,44247368,7.5474,statline_mc+recal_10_4b,team:KC
7,FLEX,00-0033090,Hunter Henry,TE,NE,3900,10.084476788637902,2.59,JAX,44247376,6.6232,statline_mc+recal_10_4b,team:KC
8,QB,00-0033873,Patrick Mahomes,QB,KC,6200,21.01262000270925,3.39,MIA,44246754,8.191,statline_mc+recal_10_4b,team:KC
8,DST,DST_IND,Colts,DST,IND,2500,7.846034035499999,3.14,HOU,44247565,5.8381,dst_simulated_session_10_4+recal_10_4b,team:KC
8,RB1,00-0039139,Jahmyr Gibbs,RB,DET,8800,25.38577021114587,2.88,NYJ,44246810,10.4186,statline_mc+recal_10_4b,team:KC
8,RB2,00-0036555,Chuba Hubbard,RB,CAR,6100,14.38013823811455,2.36,CLE,44246828,8.4773,statline_mc+recal_10_4b,team:KC
8,WR1,00-0038543,Jaxon Smith-Njigba,WR,SEA,8600,22.44908089407675,2.61,WAS,44247024,10.481,statline_mc+recal_10_4b,team:KC
8,WR2,00-0037240,Jameson Williams,WR,DET,5400,12.158150085061962,2.25,NYJ,44247058,8.4534,statline_mc+recal_10_4b,team:KC
8,WR3,00-0039894,Xavier Worthy,WR,KC,4400,9.7174043500668,2.21,MIA,44247086,7.7346,statline_mc+recal_10_4b,team:KC
8,TE,00-0030506,Travis Kelce,TE,KC,4500,12.804840046552115,2.85,MIA,44247368,7.5474,statline_mc+recal_10_4b,team:KC
8,FLEX,00-0041032,Kenyon Sadiq,TE,NYJ,3500,7.263041998323749,2.08,DET,44247382,5.9796,statline_mc+recal_10_4b,team:KC
9,QB,00-0033873,Patrick Mahomes,QB,KC,6200,21.01262000270925,3.39,MIA,44246754,8.191,statline_mc+recal_10_4b,team:KC
9,DST,DST_TEN,Titans,DST,TEN,2400,7.988520087000001,3.33,NYG,44247567,5.7916,dst_simulated_session_10_4+recal_10_4b,team:KC
9,RB1,00-0038134,Kenneth Walker III,RB,KC,7400,21.827228609964727,2.95,MIA,44246814,10.0157,statline_mc+recal_10_4b,team:KC
9,RB2,00-0039040,De'Von Achane,RB,MIA,6500,16.034060739663744,2.47,KC,44246822,8.4667,statline_mc+recal_10_4b,team:KC
9,WR1,00-0038606,Parker Washington,WR,JAX,6000,15.68271641800808,2.61,NE,44247042,9.2243,statline_mc+recal_10_4b,team:KC
9,WR2,00-0039067,Rashee Rice,WR,KC,6400,13.729602369782825,2.15,MIA,44247034,8.3704,statline_mc+recal_10_4b,team:KC
9,WR3,00-0039894,Xavier Worthy,WR,KC,4400,9.7174043500668,2.21,MIA,44247086,7.7346,statline_mc+recal_10_4b,team:KC
9,TE,00-0039065,Sam LaPorta,TE,DET,4300,11.492185748146571,2.67,NYJ,44247370,7.2885,statline_mc+recal_10_4b,team:KC
9,FLEX,00-0038120,Breece Hall,RB,NYJ,6400,15.991438408565037,2.5,DET,44246824,8.6362,statline_mc+recal_10_4b,team:KC
10,QB,00-0034857,Josh Allen,QB,BUF,8000,27.563548297943456,3.45,LAC,44246751,8.4898,statline_mc+recal_10_4b,team:BUF
10,DST,DST_TEN,Titans,DST,TEN,2400,7.988520087000001,3.33,NYG,44247567,5.7916,dst_simulated_session_10_4+recal_10_4b,team:BUF
10,RB1,00-0038134,Kenneth Walker III,RB,KC,7400,21.827228609964727,2.95,MIA,44246814,10.0157,statline_mc+recal_10_4b,team:BUF
10,RB2,00-0040784,Quinshon Judkins,RB,CLE,5500,13.094973062725408,2.38,CAR,44246836,8.14,statline_mc+recal_10_4b,team:BUF
10,WR1,00-0037740,Garrett Wilson,WR,NYJ,6300,16.70250746093251,2.65,DET,44247036,9.0321,statline_mc+recal_10_4b,team:BUF
10,WR2,00-0035640,DK Metcalf,WR,PIT,5400,12.073167629626704,2.24,CIN,44247056,7.9582,statline_mc+recal_10_4b,team:BUF
10,WR3,00-0037261,Khalil Shakir,WR,BUF,4800,11.65858400935742,2.43,LAC,44247070,8.2704,statline_mc+recal_10_4b,team:BUF
10,TE,00-0038933,Dalton Kincaid,TE,BUF,5500,13.34446160592542,2.43,LAC,44247362,7.8417,statline_mc+recal_10_4b,team:BUF
10,FLEX,00-0030506,Travis Kelce,TE,KC,4500,12.804840046552115,2.85,MIA,44247368,7.5474,statline_mc+recal_10_4b,team:BUF
11,QB,00-0034857,Josh Allen,QB,BUF,8000,27.563548297943456,3.45,LAC,44246751,8.4898,statline_mc+recal_10_4b,team:BUF
11,DST,DST_CLE,Browns,DST,CLE,2500,7.110197109000001,2.84,CAR,44247566,5.759,dst_simulated_session_10_4+recal_10_4b,team:BUF
11,RB1,00-0038134,Kenneth Walker III,RB,KC,7400,21.827228609964727,2.95,MIA,44246814,10.0157,statline_mc+recal_10_4b,team:BUF
11,RB2,00-0038597,Chase Brown,RB,CIN,6600,16.655155698973566,2.52,PIT,44246820,8.7601,statline_mc+recal_10_4b,team:BUF
11,WR1,00-0038606,Parker Washington,WR,JAX,6000,15.68271641800808,2.61,NE,44247042,9.2243,statline_mc+recal_10_4b,team:BUF
11,WR2,00-0037261,Khalil Shakir,WR,BUF,4800,11.65858400935742,2.43,LAC,44247070,8.2704,statline_mc+recal_10_4b,team:BUF
11,WR3,00-0034827,DJ Moore,WR,BUF,5800,11.521532628026227,1.99,LAC,44247046,8.092,statline_mc+recal_10_4b,team:BUF
11,TE,00-0034383,Dalton Schultz,TE,HOU,4200,12.414430942735915,2.96,IND,44247372,7.3455,statline_mc+recal_10_4b,team:BUF
11,FLEX,00-0037838,Isaiah Likely,TE,NYG,4700,10.841709612949916,2.31,TEN,44247366,6.9653,statline_mc+recal_10_4b,team:BUF
12,QB,00-0034857,Josh Allen,QB,BUF,8000,27.563548297943456,3.45,LAC,44246751,8.4898,statline_mc+recal_10_4b,team:BUF
12,DST,DST_IND,Colts,DST,IND,2500,7.846034035499999,3.14,HOU,44247565,5.8381,dst_simulated_session_10_4+recal_10_4b,team:BUF
12,RB1,00-0039139,Jahmyr Gibbs,RB,DET,8800,25.38577021114587,2.88,NYJ,44246810,10.4186,statline_mc+recal_10_4b,team:BUF
12,RB2,00-0039040,De'Von Achane,RB,MIA,6500,16.034060739663744,2.47,KC,44246822,8.4667,statline_mc+recal_10_4b,team:BUF
12,WR1,00-0037740,Garrett Wilson,WR,NYJ,6300,16.70250746093251,2.65,DET,44247036,9.0321,statline_mc+recal_10_4b,team:BUF
12,WR2,00-0039491,Jalen Coker,WR,CAR,5500,13.893344594216924,2.53,CLE,44247054,8.82,statline_mc+recal_10_4b,team:BUF
12,WR3,00-0037261,Khalil Shakir,WR,BUF,4800,11.65858400935742,2.43,LAC,44247070,8.2704,statline_mc+recal_10_4b,team:BUF
12,TE,00-0037838,Isaiah Likely,TE,NYG,4700,10.841709612949916,2.31,TEN,44247366,6.9653,statline_mc+recal_10_4b,team:BUF
12,FLEX,00-0035689,Dawson Knox,TE,BUF,2800,4.033975128116886,1.44,LAC,44247404,5.3084,statline_mc+recal_10_4b,team:BUF
13,QB,00-0033106,Jared Goff,QB,DET,6300,20.89918742333326,3.32,NYJ,44246753,8.2087,statline_mc+recal_10_4b,team:DET
13,DST,DST_CLE,Browns,DST,CLE,2500,7.110197109000001,2.84,CAR,44247566,5.759,dst_simulated_session_10_4+recal_10_4b,team:DET
13,RB1,00-0037248,James Cook III,RB,BUF,6900,17.852368294711475,2.59,LAC,44246816,9.5899,statline_mc+recal_10_4b,team:DET
13,RB2,00-0039040,De'Von Achane,RB,MIA,6500,16.034060739663744,2.47,KC,44246822,8.4667,statline_mc+recal_10_4b,team:DET
13,WR1,00-0036963,Amon-Ra St. Brown,WR,DET,7900,21.579912929459272,2.73,NYJ,44247028,10.1768,statline_mc+recal_10_4b,team:DET
13,WR2,00-0037740,Garrett Wilson,WR,NYJ,6300,16.70250746093251,2.65,DET,44247036,9.0321,statline_mc+recal_10_4b,team:DET
13,WR3,00-0037261,Khalil Shakir,WR,BUF,4800,11.65858400935742,2.43,LAC,44247070,8.2704,statline_mc+recal_10_4b,team:DET
13,TE,00-0034383,Dalton Schultz,TE,HOU,4200,12.414430942735915,2.96,IND,44247372,7.3455,statline_mc+recal_10_4b,team:DET
13,FLEX,00-0039065,Sam LaPorta,TE,DET,4300,11.492185748146571,2.67,NYJ,44247370,7.2885,statline_mc+recal_10_4b,team:DET
14,QB,00-0034857,Josh Allen,QB,BUF,8000,27.563548297943456,3.45,LAC,44246751,8.4898,statline_mc+recal_10_4b,team:BUF
14,DST,DST_IND,Colts,DST,IND,2500,7.846034035499999,3.14,HOU,44247565,5.8381,dst_simulated_session_10_4+recal_10_4b,team:BUF
14,RB1,00-0038134,Kenneth Walker III,RB,KC,7400,21.827228609964727,2.95,MIA,44246814,10.0157,statline_mc+recal_10_4b,team:BUF
14,RB2,00-0037228,Jaylen Warren,RB,PIT,5700,14.582189575225936,2.56,CIN,44246832,8.1961,statline_mc+recal_10_4b,team:BUF
14,WR1,00-0039491,Jalen Coker,WR,CAR,5500,13.893344594216924,2.53,CLE,44247054,8.82,statline_mc+recal_10_4b,team:BUF
14,WR2,00-0036410,Tee Higgins,WR,CIN,6100,13.039695379874129,2.14,PIT,44247038,8.3921,statline_mc+recal_10_4b,team:BUF
14,WR3,00-0037261,Khalil Shakir,WR,BUF,4800,11.65858400935742,2.43,LAC,44247070,8.2704,statline_mc+recal_10_4b,team:BUF
14,TE,00-0038933,Dalton Kincaid,TE,BUF,5500,13.34446160592542,2.43,LAC,44247362,7.8417,statline_mc+recal_10_4b,team:BUF
14,FLEX,00-0030506,Travis Kelce,TE,KC,4500,12.804840046552115,2.85,MIA,44247368,7.5474,statline_mc+recal_10_4b,team:BUF
15,QB,00-0033106,Jared Goff,QB,DET,6300,20.89918742333326,3.32,NYJ,44246753,8.2087,statline_mc+recal_10_4b,team:DET
15,DST,DST_PIT,Steelers,DST,PIT,2700,6.603270858,2.45,CIN,44247563,5.8683,dst_simulated_session_10_4+recal_10_4b,team:DET
15,RB1,00-0038134,Kenneth Walker III,RB,KC,7400,21.827228609964727,2.95,MIA,44246814,10.0157,statline_mc+recal_10_4b,team:DET
15,RB2,00-0036223,Jonathan Taylor,RB,IND,7600,19.49399107777725,2.56,HOU,44246812,9.2494,statline_mc+recal_10_4b,team:DET
15,WR1,00-0036963,Amon-Ra St. Brown,WR,DET,7900,21.579912929459272,2.73,NYJ,44247028,10.1768,statline_mc+recal_10_4b,team:DET
15,WR2,00-0037740,Garrett Wilson,WR,NYJ,6300,16.70250746093251,2.65,DET,44247036,9.0321,statline_mc+recal_10_4b,team:DET
15,WR3,00-0039894,Xavier Worthy,WR,KC,4400,9.7174043500668,2.21,MIA,44247086,7.7346,statline_mc+recal_10_4b,team:DET
15,TE,00-0040663,Harold Fannin Jr.,TE,CLE,4000,9.528074603078927,2.38,CAR,44247374,6.4467,statline_mc+recal_10_4b,team:DET
15,FLEX,00-0040669,Isaac TeSlaa,WR,DET,3400,5.054114825744519,1.49,NYJ,44247130,6.6967,statline_mc+recal_10_4b,team:DET
16,QB,00-0033873,Patrick Mahomes,QB,KC,6200,21.01262000270925,3.39,MIA,44246754,8.191,statline_mc+recal_10_4b,team:KC
16,DST,DST_CAR,Panthers,DST,CAR,3000,8.466719971500002,2.82,CLE,44247559,5.9819,dst_simulated_session_10_4+recal_10_4b,team:KC
16,RB1,00-0039139,Jahmyr Gibbs,RB,DET,8800,25.38577021114587,2.88,NYJ,44246810,10.4186,statline_mc+recal_10_4b,team:KC
16,RB2,00-0037228,Jaylen Warren,RB,PIT,5700,14.582189575225936,2.56,CIN,44246832,8.1961,statline_mc+recal_10_4b,team:KC
16,WR1,00-0037740,Garrett Wilson,WR,NYJ,6300,16.70250746093251,2.65,DET,44247036,9.0321,statline_mc+recal_10_4b,team:KC
16,WR2,00-0038997,Josh Downs,WR,IND,5700,12.330058430821722,2.16,HOU,44247048,8.0527,statline_mc+recal_10_4b,team:KC
16,WR3,00-0035640,DK Metcalf,WR,PIT,5400,12.073167629626704,2.24,CIN,44247056,7.9582,statline_mc+recal_10_4b,team:KC
16,TE,00-0030506,Travis Kelce,TE,KC,4500,12.804840046552115,2.85,MIA,44247368,7.5474,statline_mc+recal_10_4b,team:KC
16,FLEX,00-0039894,Xavier Worthy,WR,KC,4400,9.7174043500668,2.21,MIA,44247086,7.7346,statline_mc+recal_10_4b,team:KC
17,QB,00-0034857,Josh Allen,QB,BUF,8000,27.563548297943456,3.45,LAC,44246751,8.4898,statline_mc+recal_10_4b,team:BUF
17,DST,DST_PIT,Steelers,DST,PIT,2700,6.603270858,2.45,CIN,44247563,5.8683,dst_simulated_session_10_4+recal_10_4b,team:BUF
17,RB1,00-0038134,Kenneth Walker III,RB,KC,7400,21.827228609964727,2.95,MIA,44246814,10.0157,statline_mc+recal_10_4b,team:BUF
17,RB2,00-0036555,Chuba Hubbard,RB,CAR,6100,14.38013823811455,2.36,CLE,44246828,8.4773,statline_mc+recal_10_4b,team:BUF
17,WR1,00-0040124,Tetairoa McMillan,WR,CAR,6000,14.173415586847586,2.36,CLE,44247040,8.6943,statline_mc+recal_10_4b,team:BUF
17,WR2,00-0039915,Ladd McConkey,WR,LAC,5900,13.20910447366997,2.24,BUF,44247044,8.4279,statline_mc+recal_10_4b,team:BUF
17,WR3,00-0036988,Joshua Palmer,WR,BUF,3500,5.857462165556232,1.67,LAC,44247126,7.093,statline_mc+recal_10_4b,team:BUF
17,TE,00-0038933,Dalton Kincaid,TE,BUF,5500,13.34446160592542,2.43,LAC,44247362,7.8417,statline_mc+recal_10_4b,team:BUF
17,FLEX,00-0030506,Travis Kelce,TE,KC,4500,12.804840046552115,2.85,MIA,44247368,7.5474,statline_mc+recal_10_4b,team:BUF
18,QB,00-0034857,Josh Allen,QB,BUF,8000,27.563548297943456,3.45,LAC,44246751,8.4898,statline_mc+recal_10_4b,team:BUF
18,DST,DST_TEN,Titans,DST,TEN,2400,7.988520087000001,3.33,NYG,44247567,5.7916,dst_simulated_session_10_4+recal_10_4b,team:BUF
18,RB1,00-0039139,Jahmyr Gibbs,RB,DET,8800,25.38577021114587,2.88,NYJ,44246810,10.4186,statline_mc+recal_10_4b,team:BUF
18,RB2,00-0036555,Chuba Hubbard,RB,CAR,6100,14.38013823811455,2.36,CLE,44246828,8.4773,statline_mc+recal_10_4b,team:BUF
18,WR1,00-0038997,Josh Downs,WR,IND,5700,12.330058430821722,2.16,HOU,44247048,8.0527,statline_mc+recal_10_4b,team:BUF
18,WR2,00-0037261,Khalil Shakir,WR,BUF,4800,11.65858400935742,2.43,LAC,44247070,8.2704,statline_mc+recal_10_4b,team:BUF
18,WR3,00-0039880,Malik Washington,WR,MIA,4200,10.187237635880306,2.43,KC,44247098,7.7826,statline_mc+recal_10_4b,team:BUF
18,TE,00-0038933,Dalton Kincaid,TE,BUF,5500,13.34446160592542,2.43,LAC,44247362,7.8417,statline_mc+recal_10_4b,team:BUF
18,FLEX,00-0034383,Dalton Schultz,TE,HOU,4200,12.414430942735915,2.96,IND,44247372,7.3455,statline_mc+recal_10_4b,team:BUF
19,QB,00-0034857,Josh Allen,QB,BUF,8000,27.563548297943456,3.45,LAC,44246751,8.4898,statline_mc+recal_10_4b,team:BUF
19,DST,DST_TEN,Titans,DST,TEN,2400,7.988520087000001,3.33,NYG,44247567,5.7916,dst_simulated_session_10_4+recal_10_4b,team:BUF
19,RB1,00-0037248,James Cook III,RB,BUF,6900,17.852368294711475,2.59,LAC,44246816,9.5899,statline_mc+recal_10_4b,team:BUF
19,RB2,00-0037228,Jaylen Warren,RB,PIT,5700,14.582189575225936,2.56,CIN,44246832,8.1961,statline_mc+recal_10_4b,team:BUF
19,WR1,00-0038543,Jaxon Smith-Njigba,WR,SEA,8600,22.44908089407675,2.61,WAS,44247024,10.481,statline_mc+recal_10_4b,team:BUF
19,WR2,00-0037261,Khalil Shakir,WR,BUF,4800,11.65858400935742,2.43,LAC,44247070,8.2704,statline_mc+recal_10_4b,team:BUF
19,WR3,00-0039901,Keon Coleman,WR,BUF,4300,8.341994684472159,1.94,LAC,44247092,7.5656,statline_mc+recal_10_4b,team:BUF
19,TE,00-0033090,Hunter Henry,TE,NE,3900,10.084476788637902,2.59,JAX,44247376,6.6232,statline_mc+recal_10_4b,team:BUF
19,FLEX,00-0036875,Rhamondre Stevenson,RB,NE,5400,11.04935927823668,2.05,JAX,44246840,7.6813,statline_mc+recal_10_4b,team:BUF
20,QB,00-0034857,Josh Allen,QB,BUF,8000,27.563548297943456,3.45,LAC,44246751,8.4898,statline_mc+recal_10_4b,team:BUF
20,DST,DST_BUF,Bills,DST,BUF,2800,8.334382266000002,2.98,LAC,44247562,6.0405,dst_simulated_session_10_4+recal_10_4b,team:BUF
20,RB1,00-0039139,Jahmyr Gibbs,RB,DET,8800,25.38577021114587,2.88,NYJ,44246810,10.4186,statline_mc+recal_10_4b,team:BUF
20,RB2,00-0037228,Jaylen Warren,RB,PIT,5700,14.582189575225936,2.56,CIN,44246832,8.1961,statline_mc+recal_10_4b,team:BUF
20,WR1,00-0036963,Amon-Ra St. Brown,WR,DET,7900,21.579912929459272,2.73,NYJ,44247028,10.1768,statline_mc+recal_10_4b,team:BUF
20,WR2,00-0037740,Garrett Wilson,WR,NYJ,6300,16.70250746093251,2.65,DET,44247036,9.0321,statline_mc+recal_10_4b,team:BUF
20,WR3,00-0036988,Joshua Palmer,WR,BUF,3500,5.857462165556232,1.67,LAC,44247126,7.093,statline_mc+recal_10_4b,team:BUF
20,TE,00-0034383,Dalton Schultz,TE,HOU,4200,12.414430942735915,2.96,IND,44247372,7.3455,statline_mc+recal_10_4b,team:BUF
20,FLEX,00-0035689,Dawson Knox,TE,BUF,2800,4.033975128116886,1.44,LAC,44247404,5.3084,statline_mc+recal_10_4b,team:BUF
21,QB,00-0033873,Patrick Mahomes,QB,KC,6200,21.01262000270925,3.39,MIA,44246754,8.191,statline_mc+recal_10_4b,team:KC
21,DST,DST_LAC,Chargers,DST,LAC,2200,4.909315491000001,2.23,BUF,44247569,5.789,dst_simulated_session_10_4+recal_10_4b,team:KC
21,RB1,00-0038134,Kenneth Walker III,RB,KC,7400,21.827228609964727,2.95,MIA,44246814,10.0157,statline_mc+recal_10_4b,team:KC
21,RB2,00-0039040,De'Von Achane,RB,MIA,6500,16.034060739663744,2.47,KC,44246822,8.4667,statline_mc+recal_10_4b,team:KC
21,WR1,00-0036963,Amon-Ra St. Brown,WR,DET,7900,21.579912929459272,2.73,NYJ,44247028,10.1768,statline_mc+recal_10_4b,team:KC
21,WR2,00-0036900,Ja'Marr Chase,WR,CIN,8100,17.7525925032886,2.19,PIT,44247026,8.8121,statline_mc+recal_10_4b,team:KC
21,WR3,00-0039894,Xavier Worthy,WR,KC,4400,9.7174043500668,2.21,MIA,44247086,7.7346,statline_mc+recal_10_4b,team:KC
21,TE,00-0034383,Dalton Schultz,TE,HOU,4200,12.414430942735915,2.96,IND,44247372,7.3455,statline_mc+recal_10_4b,team:KC
21,FLEX,00-0036637,Noah Gray,TE,KC,3000,3.363000246198779,1.12,MIA,44247396,4.9234,statline_mc+recal_10_4b,team:KC
22,QB,00-0033106,Jared Goff,QB,DET,6300,20.89918742333326,3.32,NYJ,44246753,8.2087,statline_mc+recal_10_4b,team:DET
22,DST,DST_TEN,Titans,DST,TEN,2400,7.988520087000001,3.33,NYG,44247567,5.7916,dst_simulated_session_10_4+recal_10_4b,team:DET
22,RB1,00-0038134,Kenneth Walker III,RB,KC,7400,21.827228609964727,2.95,MIA,44246814,10.0157,statline_mc+recal_10_4b,team:DET
22,RB2,00-0037228,Jaylen Warren,RB,PIT,5700,14.582189575225936,2.56,CIN,44246832,8.1961,statline_mc+recal_10_4b,team:DET
22,WR1,00-0036963,Amon-Ra St. Brown,WR,DET,7900,21.579912929459272,2.73,NYJ,44247028,10.1768,statline_mc+recal_10_4b,team:DET
22,WR2,00-0037740,Garrett Wilson,WR,NYJ,6300,16.70250746093251,2.65,DET,44247036,9.0321,statline_mc+recal_10_4b,team:DET
22,WR3,00-0039491,Jalen Coker,WR,CAR,5500,13.893344594216924,2.53,CLE,44247054,8.82,statline_mc+recal_10_4b,team:DET
22,TE,00-0034383,Dalton Schultz,TE,HOU,4200,12.414430942735915,2.96,IND,44247372,7.3455,statline_mc+recal_10_4b,team:DET
22,FLEX,00-0039065,Sam LaPorta,TE,DET,4300,11.492185748146571,2.67,NYJ,44247370,7.2885,statline_mc+recal_10_4b,team:DET
23,QB,00-0033106,Jared Goff,QB,DET,6300,20.89918742333326,3.32,NYJ,44246753,8.2087,statline_mc+recal_10_4b,team:DET
23,DST,DST_TEN,Titans,DST,TEN,2400,7.988520087000001,3.33,NYG,44247567,5.7916,dst_simulated_session_10_4+recal_10_4b,team:DET
23,RB1,00-0038134,Kenneth Walker III,RB,KC,7400,21.827228609964727,2.95,MIA,44246814,10.0157,statline_mc+recal_10_4b,team:DET
23,RB2,00-0038120,Breece Hall,RB,NYJ,6400,15.991438408565037,2.5,DET,44246824,8.6362,statline_mc+recal_10_4b,team:DET
23,WR1,00-0036963,Amon-Ra St. Brown,WR,DET,7900,21.579912929459272,2.73,NYJ,44247028,10.1768,statline_mc+recal_10_4b,team:DET
23,WR2,00-0038606,Parker Washington,WR,JAX,6000,15.68271641800808,2.61,NE,44247042,9.2243,statline_mc+recal_10_4b,team:DET
23,WR3,00-0037261,Khalil Shakir,WR,BUF,4800,11.65858400935742,2.43,LAC,44247070,8.2704,statline_mc+recal_10_4b,team:DET
23,TE,00-0030506,Travis Kelce,TE,KC,4500,12.804840046552115,2.85,MIA,44247368,7.5474,statline_mc+recal_10_4b,team:DET
23,FLEX,00-0039065,Sam LaPorta,TE,DET,4300,11.492185748146571,2.67,NYJ,44247370,7.2885,statline_mc+recal_10_4b,team:DET
24,QB,00-0033106,Jared Goff,QB,DET,6300,20.89918742333326,3.32,NYJ,44246753,8.2087,statline_mc+recal_10_4b,team:DET
24,DST,DST_CIN,Bengals,DST,CIN,2900,7.513184655,2.59,PIT,44247560,5.8471,dst_simulated_session_10_4+recal_10_4b,team:DET
24,RB1,00-0038120,Breece Hall,RB,NYJ,6400,15.991438408565037,2.5,DET,44246824,8.6362,statline_mc+recal_10_4b,team:DET
24,RB2,00-0036555,Chuba Hubbard,RB,CAR,6100,14.38013823811455,2.36,CLE,44246828,8.4773,statline_mc+recal_10_4b,team:DET
24,WR1,00-0036963,Amon-Ra St. Brown,WR,DET,7900,21.579912929459272,2.73,NYJ,44247028,10.1768,statline_mc+recal_10_4b,team:DET
24,WR2,00-0037740,Garrett Wilson,WR,NYJ,6300,16.70250746093251,2.65,DET,44247036,9.0321,statline_mc+recal_10_4b,team:DET
24,WR3,00-0039491,Jalen Coker,WR,CAR,5500,13.893344594216924,2.53,CLE,44247054,8.82,statline_mc+recal_10_4b,team:DET
24,TE,00-0039065,Sam LaPorta,TE,DET,4300,11.492185748146571,2.67,NYJ,44247370,7.2885,statline_mc+recal_10_4b,team:DET
24,FLEX,00-0041547,KC Concepcion Jr.,WR,CLE,4300,10.032118986603656,2.33,CAR,44247088,7.5891,statline_mc+recal_10_4b,team:DET
25,QB,00-0034857,Josh Allen,QB,BUF,8000,27.563548297943456,3.45,LAC,44246751,8.4898,statline_mc+recal_10_4b,team:BUF
25,DST,DST_JAX,Jaguars,DST,JAX,2900,7.568673192,2.61,NE,44247561,5.8397,dst_simulated_session_10_4+recal_10_4b,team:BUF
25,RB1,00-0038134,Kenneth Walker III,RB,KC,7400,21.827228609964727,2.95,MIA,44246814,10.0157,statline_mc+recal_10_4b,team:BUF
25,RB2,00-0036223,Jonathan Taylor,RB,IND,7600,19.49399107777725,2.56,HOU,44246812,9.2494,statline_mc+recal_10_4b,team:BUF
25,WR1,00-0039491,Jalen Coker,WR,CAR,5500,13.893344594216924,2.53,CLE,44247054,8.82,statline_mc+recal_10_4b,team:BUF
25,WR2,00-0037261,Khalil Shakir,WR,BUF,4800,11.65858400935742,2.43,LAC,44247070,8.2704,statline_mc+recal_10_4b,team:BUF
25,WR3,00-0041547,KC Concepcion Jr.,WR,CLE,4300,10.032118986603656,2.33,CAR,44247088,7.5891,statline_mc+recal_10_4b,team:BUF
25,TE,00-0038933,Dalton Kincaid,TE,BUF,5500,13.34446160592542,2.43,LAC,44247362,7.8417,statline_mc+recal_10_4b,team:BUF
25,FLEX,00-0040663,Harold Fannin Jr.,TE,CLE,4000,9.528074603078927,2.38,CAR,44247374,6.4467,statline_mc+recal_10_4b,team:BUF
26,QB,00-0034857,Josh Allen,QB,BUF,8000,27.563548297943456,3.45,LAC,44246751,8.4898,statline_mc+recal_10_4b,team:BUF
26,DST,DST_IND,Colts,DST,IND,2500,7.846034035499999,3.14,HOU,44247565,5.8381,dst_simulated_session_10_4+recal_10_4b,team:BUF
26,RB1,00-0039139,Jahmyr Gibbs,RB,DET,8800,25.38577021114587,2.88,NYJ,44246810,10.4186,statline_mc+recal_10_4b,team:BUF
26,RB2,00-0040784,Quinshon Judkins,RB,CLE,5500,13.094973062725408,2.38,CAR,44246836,8.14,statline_mc+recal_10_4b,team:BUF
26,WR1,00-0036900,Ja'Marr Chase,WR,CIN,8100,17.7525925032886,2.19,PIT,44247026,8.8121,statline_mc+recal_10_4b,team:BUF
26,WR2,00-0037261,Khalil Shakir,WR,BUF,4800,11.65858400935742,2.43,LAC,44247070,8.2704,statline_mc+recal_10_4b,team:BUF
26,WR3,00-0039451,Isaiah Williams,WR,NYJ,3300,7.148879924754277,2.17,DET,44247142,6.8845,statline_mc+recal_10_4b,team:BUF
26,TE,00-0040128,Tyler Warren,TE,IND,5300,11.86392054435779,2.24,HOU,44247364,6.8038,statline_mc+recal_10_4b,team:BUF
26,FLEX,00-0036988,Joshua Palmer,WR,BUF,3500,5.857462165556232,1.67,LAC,44247126,7.093,statline_mc+recal_10_4b,team:BUF
27,QB,00-0034857,Josh Allen,QB,BUF,8000,27.563548297943456,3.45,LAC,44246751,8.4898,statline_mc+recal_10_4b,team:BUF
27,DST,DST_BUF,Bills,DST,BUF,2800,8.334382266000002,2.98,LAC,44247562,6.0405,dst_simulated_session_10_4+recal_10_4b,team:BUF
27,RB1,00-0038597,Chase Brown,RB,CIN,6600,16.655155698973566,2.52,PIT,44246820,8.7601,statline_mc+recal_10_4b,team:BUF
27,RB2,00-0036555,Chuba Hubbard,RB,CAR,6100,14.38013823811455,2.36,CLE,44246828,8.4773,statline_mc+recal_10_4b,team:BUF
27,WR1,00-0037740,Garrett Wilson,WR,NYJ,6300,16.70250746093251,2.65,DET,44247036,9.0321,statline_mc+recal_10_4b,team:BUF
27,WR2,00-0037240,Jameson Williams,WR,DET,5400,12.158150085061962,2.25,NYJ,44247058,8.4534,statline_mc+recal_10_4b,team:BUF
27,WR3,00-0037261,Khalil Shakir,WR,BUF,4800,11.65858400935742,2.43,LAC,44247070,8.2704,statline_mc+recal_10_4b,team:BUF
27,TE,00-0038933,Dalton Kincaid,TE,BUF,5500,13.34446160592542,2.43,LAC,44247362,7.8417,statline_mc+recal_10_4b,team:BUF
27,FLEX,00-0030506,Travis Kelce,TE,KC,4500,12.804840046552115,2.85,MIA,44247368,7.5474,statline_mc+recal_10_4b,team:BUF
28,QB,00-0033873,Patrick Mahomes,QB,KC,6200,21.01262000270925,3.39,MIA,44246754,8.191,statline_mc+recal_10_4b,team:KC
28,DST,DST_TEN,Titans,DST,TEN,2400,7.988520087000001,3.33,NYG,44247567,5.7916,dst_simulated_session_10_4+recal_10_4b,team:KC
28,RB1,00-0039139,Jahmyr Gibbs,RB,DET,8800,25.38577021114587,2.88,NYJ,44246810,10.4186,statline_mc+recal_10_4b,team:KC
28,RB2,00-0038134,Kenneth Walker III,RB,KC,7400,21.827228609964727,2.95,MIA,44246814,10.0157,statline_mc+recal_10_4b,team:KC
28,WR1,00-0038543,Jaxon Smith-Njigba,WR,SEA,8600,22.44908089407675,2.61,WAS,44247024,10.481,statline_mc+recal_10_4b,team:KC
28,WR2,00-0039894,Xavier Worthy,WR,KC,4400,9.7174043500668,2.21,MIA,44247086,7.7346,statline_mc+recal_10_4b,team:KC
28,WR3,00-0039739,Roman Wilson,WR,PIT,3400,6.007537456284604,1.77,CIN,44247128,6.768,statline_mc+recal_10_4b,team:KC
28,TE,00-0030506,Travis Kelce,TE,KC,4500,12.804840046552115,2.85,MIA,44247368,7.5474,statline_mc+recal_10_4b,team:KC
28,FLEX,00-0039065,Sam LaPorta,TE,DET,4300,11.492185748146571,2.67,NYJ,44247370,7.2885,statline_mc+recal_10_4b,team:KC
29,QB,00-0034869,Sam Darnold,QB,SEA,5400,14.960867585347938,2.77,WAS,44246762,7.8491,statline_mc+recal_10_4b,team:SEA
29,DST,DST_TEN,Titans,DST,TEN,2400,7.988520087000001,3.33,NYG,44247567,5.7916,dst_simulated_session_10_4+recal_10_4b,team:SEA
29,RB1,00-0038134,Kenneth Walker III,RB,KC,7400,21.827228609964727,2.95,MIA,44246814,10.0157,statline_mc+recal_10_4b,team:SEA
29,RB2,00-0036223,Jonathan Taylor,RB,IND,7600,19.49399107777725,2.56,HOU,44246812,9.2494,statline_mc+recal_10_4b,team:SEA
29,WR1,00-0038543,Jaxon Smith-Njigba,WR,SEA,8600,22.44908089407675,2.61,WAS,44247024,10.481,statline_mc+recal_10_4b,team:SEA
29,WR2,00-0039880,Malik Washington,WR,MIA,4200,10.187237635880306,2.43,KC,44247098,7.7826,statline_mc+recal_10_4b,team:SEA
29,WR3,00-0037545,Rashid Shaheed,WR,SEA,4200,7.854076516029304,1.87,WAS,44247094,7.4159,statline_mc+recal_10_4b,team:SEA
29,TE,00-0034383,Dalton Schultz,TE,HOU,4200,12.414430942735915,2.96,IND,44247372,7.3455,statline_mc+recal_10_4b,team:SEA
29,FLEX,00-0037228,Jaylen Warren,RB,PIT,5700,14.582189575225936,2.56,CIN,44246832,8.1961,statline_mc+recal_10_4b,team:SEA
30,QB,00-0033873,Patrick Mahomes,QB,KC,6200,21.01262000270925,3.39,MIA,44246754,8.191,statline_mc+recal_10_4b,team:KC
30,DST,DST_PIT,Steelers,DST,PIT,2700,6.603270858,2.45,CIN,44247563,5.8683,dst_simulated_session_10_4+recal_10_4b,team:KC
30,RB1,00-0038134,Kenneth Walker III,RB,KC,7400,21.827228609964727,2.95,MIA,44246814,10.0157,statline_mc+recal_10_4b,team:KC
30,RB2,00-0036555,Chuba Hubbard,RB,CAR,6100,14.38013823811455,2.36,CLE,44246828,8.4773,statline_mc+recal_10_4b,team:KC
30,WR1,00-0036963,Amon-Ra St. Brown,WR,DET,7900,21.579912929459272,2.73,NYJ,44247028,10.1768,statline_mc+recal_10_4b,team:KC
30,WR2,00-0039067,Rashee Rice,WR,KC,6400,13.729602369782825,2.15,MIA,44247034,8.3704,statline_mc+recal_10_4b,team:KC
30,WR3,00-0041037,Denzel Boston,WR,CLE,4500,10.534663573622124,2.34,CAR,44247082,8.1381,statline_mc+recal_10_4b,team:KC
30,TE,00-0030506,Travis Kelce,TE,KC,4500,12.804840046552115,2.85,MIA,44247368,7.5474,statline_mc+recal_10_4b,team:KC
30,FLEX,00-0039065,Sam LaPorta,TE,DET,4300,11.492185748146571,2.67,NYJ,44247370,7.2885,statline_mc+recal_10_4b,team:KC
31,QB,00-0034857,Josh Allen,QB,BUF,8000,27.563548297943456,3.45,LAC,44246751,8.4898,statline_mc+recal_10_4b,team:BUF
31,DST,DST_MIA,Dolphins,DST,MIA,2000,5.2236686925,2.61,KC,44247571,5.7628,dst_simulated_session_10_4+recal_10_4b,team:BUF
31,RB1,00-0036555,Chuba Hubbard,RB,CAR,6100,14.38013823811455,2.36,CLE,44246828,8.4773,statline_mc+recal_10_4b,team:BUF
31,RB2,00-0040784,Quinshon Judkins,RB,CLE,5500,13.094973062725408,2.38,CAR,44246836,8.14,statline_mc+recal_10_4b,team:BUF
31,WR1,00-0036963,Amon-Ra St. Brown,WR,DET,7900,21.579912929459272,2.73,NYJ,44247028,10.1768,statline_mc+recal_10_4b,team:BUF
31,WR2,00-0038606,Parker Washington,WR,JAX,6000,15.68271641800808,2.61,NE,44247042,9.2243,statline_mc+recal_10_4b,team:BUF
31,WR3,00-0037261,Khalil Shakir,WR,BUF,4800,11.65858400935742,2.43,LAC,44247070,8.2704,statline_mc+recal_10_4b,team:BUF
31,TE,00-0038933,Dalton Kincaid,TE,BUF,5500,13.34446160592542,2.43,LAC,44247362,7.8417,statline_mc+recal_10_4b,team:BUF
31,FLEX,00-0034383,Dalton Schultz,TE,HOU,4200,12.414430942735915,2.96,IND,44247372,7.3455,statline_mc+recal_10_4b,team:BUF
32,QB,00-0033106,Jared Goff,QB,DET,6300,20.89918742333326,3.32,NYJ,44246753,8.2087,statline_mc+recal_10_4b,team:DET
32,DST,DST_WAS,Commanders,DST,WAS,2300,5.9329071315,2.58,SEA,44247568,5.7342,dst_simulated_session_10_4+recal_10_4b,team:DET
32,RB1,00-0039139,Jahmyr Gibbs,RB,DET,8800,25.38577021114587,2.88,NYJ,44246810,10.4186,statline_mc+recal_10_4b,team:DET
32,RB2,00-0037228,Jaylen Warren,RB,PIT,5700,14.582189575225936,2.56,CIN,44246832,8.1961,statline_mc+recal_10_4b,team:DET
32,WR1,00-0036963,Amon-Ra St. Brown,WR,DET,7900,21.579912929459272,2.73,NYJ,44247028,10.1768,statline_mc+recal_10_4b,team:DET
32,WR2,00-0039915,Ladd McConkey,WR,LAC,5900,13.20910447366997,2.24,BUF,44247044,8.4279,statline_mc+recal_10_4b,team:DET
32,WR3,00-0041037,Denzel Boston,WR,CLE,4500,10.534663573622124,2.34,CAR,44247082,8.1381,statline_mc+recal_10_4b,team:DET
32,TE,00-0034383,Dalton Schultz,TE,HOU,4200,12.414430942735915,2.96,IND,44247372,7.3455,statline_mc+recal_10_4b,team:DET
32,FLEX,00-0039065,Sam LaPorta,TE,DET,4300,11.492185748146571,2.67,NYJ,44247370,7.2885,statline_mc+recal_10_4b,team:DET
33,QB,00-0036971,Trevor Lawrence,QB,JAX,5700,17.407133434684102,3.05,NE,44246759,8.0555,statline_mc+recal_10_4b,team:JAX
33,DST,DST_CLE,Browns,DST,CLE,2500,7.110197109000001,2.84,CAR,44247566,5.759,dst_simulated_session_10_4+recal_10_4b,team:JAX
33,RB1,00-0039139,Jahmyr Gibbs,RB,DET,8800,25.38577021114587,2.88,NYJ,44246810,10.4186,statline_mc+recal_10_4b,team:JAX
33,RB2,00-0038134,Kenneth Walker III,RB,KC,7400,21.827228609964727,2.95,MIA,44246814,10.0157,statline_mc+recal_10_4b,team:JAX
33,WR1,00-0037740,Garrett Wilson,WR,NYJ,6300,16.70250746093251,2.65,DET,44247036,9.0321,statline_mc+recal_10_4b,team:JAX
33,WR2,00-0038606,Parker Washington,WR,JAX,6000,15.68271641800808,2.61,NE,44247042,9.2243,statline_mc+recal_10_4b,team:JAX
33,WR3,00-0039893,Brian Thomas Jr.,WR,JAX,4600,10.006432286850796,2.18,NE,44247076,7.86,statline_mc+recal_10_4b,team:JAX
33,TE,00-0030506,Travis Kelce,TE,KC,4500,12.804840046552115,2.85,MIA,44247368,7.5474,statline_mc+recal_10_4b,team:JAX
33,FLEX,00-0034383,Dalton Schultz,TE,HOU,4200,12.414430942735915,2.96,IND,44247372,7.3455,statline_mc+recal_10_4b,team:JAX
34,QB,00-0036971,Trevor Lawrence,QB,JAX,5700,17.407133434684102,3.05,NE,44246759,8.0555,statline_mc+recal_10_4b,team:JAX
34,DST,DST_TEN,Titans,DST,TEN,2400,7.988520087000001,3.33,NYG,44247567,5.7916,dst_simulated_session_10_4+recal_10_4b,team:JAX
34,RB1,00-0038134,Kenneth Walker III,RB,KC,7400,21.827228609964727,2.95,MIA,44246814,10.0157,statline_mc+recal_10_4b,team:JAX
34,RB2,00-0036223,Jonathan Taylor,RB,IND,7600,19.49399107777725,2.56,HOU,44246812,9.2494,statline_mc+recal_10_4b,team:JAX
34,WR1,00-0038543,Jaxon Smith-Njigba,WR,SEA,8600,22.44908089407675,2.61,WAS,44247024,10.481,statline_mc+recal_10_4b,team:JAX
34,WR2,00-0038606,Parker Washington,WR,JAX,6000,15.68271641800808,2.61,NE,44247042,9.2243,statline_mc+recal_10_4b,team:JAX
34,WR3,00-0038618,Xavier Hutchinson,WR,HOU,4000,9.294893217357473,2.32,IND,44247108,7.668,statline_mc+recal_10_4b,team:JAX
34,TE,00-0030506,Travis Kelce,TE,KC,4500,12.804840046552115,2.85,MIA,44247368,7.5474,statline_mc+recal_10_4b,team:JAX
34,FLEX,00-0038935,Brenton Strange,TE,JAX,3400,7.567372945798995,2.23,NE,44247388,6.2346,statline_mc+recal_10_4b,team:JAX
35,QB,00-0033873,Patrick Mahomes,QB,KC,6200,21.01262000270925,3.39,MIA,44246754,8.191,statline_mc+recal_10_4b,team:KC
35,DST,DST_TEN,Titans,DST,TEN,2400,7.988520087000001,3.33,NYG,44247567,5.7916,dst_simulated_session_10_4+recal_10_4b,team:KC
35,RB1,00-0039139,Jahmyr Gibbs,RB,DET,8800,25.38577021114587,2.88,NYJ,44246810,10.4186,statline_mc+recal_10_4b,team:KC
35,RB2,00-0038134,Kenneth Walker III,RB,KC,7400,21.827228609964727,2.95,MIA,44246814,10.0157,statline_mc+recal_10_4b,team:KC
35,WR1,00-0038606,Parker Washington,WR,JAX,6000,15.68271641800808,2.61,NE,44247042,9.2243,statline_mc+recal_10_4b,team:KC
35,WR2,00-0039894,Xavier Worthy,WR,KC,4400,9.7174043500668,2.21,MIA,44247086,7.7346,statline_mc+recal_10_4b,team:KC
35,WR3,00-0039451,Isaiah Williams,WR,NYJ,3300,7.148879924754277,2.17,DET,44247142,6.8845,statline_mc+recal_10_4b,team:KC
35,TE,00-0030506,Travis Kelce,TE,KC,4500,12.804840046552115,2.85,MIA,44247368,7.5474,statline_mc+recal_10_4b,team:KC
35,FLEX,00-0037248,James Cook III,RB,BUF,6900,17.852368294711475,2.59,LAC,44246816,9.5899,statline_mc+recal_10_4b,team:KC
36,QB,00-0033106,Jared Goff,QB,DET,6300,20.89918742333326,3.32,NYJ,44246753,8.2087,statline_mc+recal_10_4b,team:DET
36,DST,DST_IND,Colts,DST,IND,2500,7.846034035499999,3.14,HOU,44247565,5.8381,dst_simulated_session_10_4+recal_10_4b,team:DET
36,RB1,00-0037248,James Cook III,RB,BUF,6900,17.852368294711475,2.59,LAC,44246816,9.5899,statline_mc+recal_10_4b,team:DET
36,RB2,00-0035261,Tony Pollard,RB,TEN,5400,11.214462370049198,2.08,NYG,44246838,7.8107,statline_mc+recal_10_4b,team:DET
36,WR1,00-0038543,Jaxon Smith-Njigba,WR,SEA,8600,22.44908089407675,2.61,WAS,44247024,10.481,statline_mc+recal_10_4b,team:DET
36,WR2,00-0040124,Tetairoa McMillan,WR,CAR,6000,14.173415586847586,2.36,CLE,44247040,8.6943,statline_mc+recal_10_4b,team:DET
36,WR3,00-0037240,Jameson Williams,WR,DET,5400,12.158150085061962,2.25,NYJ,44247058,8.4534,statline_mc+recal_10_4b,team:DET
36,TE,00-0030506,Travis Kelce,TE,KC,4500,12.804840046552115,2.85,MIA,44247368,7.5474,statline_mc+recal_10_4b,team:DET
36,FLEX,00-0039065,Sam LaPorta,TE,DET,4300,11.492185748146571,2.67,NYJ,44247370,7.2885,statline_mc+recal_10_4b,team:DET
37,QB,00-0036971,Trevor Lawrence,QB,JAX,5700,17.407133434684102,3.05,NE,44246759,8.0555,statline_mc+recal_10_4b,team:JAX
37,DST,DST_CAR,Panthers,DST,CAR,3000,8.466719971500002,2.82,CLE,44247559,5.9819,dst_simulated_session_10_4+recal_10_4b,team:JAX
37,RB1,00-0038134,Kenneth Walker III,RB,KC,7400,21.827228609964727,2.95,MIA,44246814,10.0157,statline_mc+recal_10_4b,team:JAX
37,RB2,00-0038120,Breece Hall,RB,NYJ,6400,15.991438408565037,2.5,DET,44246824,8.6362,statline_mc+recal_10_4b,team:JAX
37,WR1,00-0038543,Jaxon Smith-Njigba,WR,SEA,8600,22.44908089407675,2.61,WAS,44247024,10.481,statline_mc+recal_10_4b,team:JAX
37,WR2,00-0038606,Parker Washington,WR,JAX,6000,15.68271641800808,2.61,NE,44247042,9.2243,statline_mc+recal_10_4b,team:JAX
37,WR3,00-0039491,Jalen Coker,WR,CAR,5500,13.893344594216924,2.53,CLE,44247054,8.82,statline_mc+recal_10_4b,team:JAX
37,TE,00-0033090,Hunter Henry,TE,NE,3900,10.084476788637902,2.59,JAX,44247376,6.6232,statline_mc+recal_10_4b,team:JAX
37,FLEX,00-0038935,Brenton Strange,TE,JAX,3400,7.567372945798995,2.23,NE,44247388,6.2346,statline_mc+recal_10_4b,team:JAX
38,QB,00-0034857,Josh Allen,QB,BUF,8000,27.563548297943456,3.45,LAC,44246751,8.4898,statline_mc+recal_10_4b,team:BUF
38,DST,DST_SEA,Seahawks,DST,SEA,3800,8.740070581500001,2.3,WAS,44247554,5.6562,dst_simulated_session_10_4+recal_10_4b,team:BUF
38,RB1,00-0037248,James Cook III,RB,BUF,6900,17.852368294711475,2.59,LAC,44246816,9.5899,statline_mc+recal_10_4b,team:BUF
38,RB2,00-0039040,De'Von Achane,RB,MIA,6500,16.034060739663744,2.47,KC,44246822,8.4667,statline_mc+recal_10_4b,team:BUF
38,WR1,00-0037740,Garrett Wilson,WR,NYJ,6300,16.70250746093251,2.65,DET,44247036,9.0321,statline_mc+recal_10_4b,team:BUF
38,WR2,00-0038606,Parker Washington,WR,JAX,6000,15.68271641800808,2.61,NE,44247042,9.2243,statline_mc+recal_10_4b,team:BUF
38,WR3,00-0037261,Khalil Shakir,WR,BUF,4800,11.65858400935742,2.43,LAC,44247070,8.2704,statline_mc+recal_10_4b,team:BUF
38,TE,00-0034383,Dalton Schultz,TE,HOU,4200,12.414430942735915,2.96,IND,44247372,7.3455,statline_mc+recal_10_4b,team:BUF
38,FLEX,00-0036988,Joshua Palmer,WR,BUF,3500,5.857462165556232,1.67,LAC,44247126,7.093,statline_mc+recal_10_4b,team:BUF
39,QB,00-0036971,Trevor Lawrence,QB,JAX,5700,17.407133434684102,3.05,NE,44246759,8.0555,statline_mc+recal_10_4b,team:JAX
39,DST,DST_CAR,Panthers,DST,CAR,3000,8.466719971500002,2.82,CLE,44247559,5.9819,dst_simulated_session_10_4+recal_10_4b,team:JAX
39,RB1,00-0038134,Kenneth Walker III,RB,KC,7400,21.827228609964727,2.95,MIA,44246814,10.0157,statline_mc+recal_10_4b,team:JAX
39,RB2,00-0037228,Jaylen Warren,RB,PIT,5700,14.582189575225936,2.56,CIN,44246832,8.1961,statline_mc+recal_10_4b,team:JAX
39,WR1,00-0038543,Jaxon Smith-Njigba,WR,SEA,8600,22.44908089407675,2.61,WAS,44247024,10.481,statline_mc+recal_10_4b,team:JAX
39,WR2,00-0038606,Parker Washington,WR,JAX,6000,15.68271641800808,2.61,NE,44247042,9.2243,statline_mc+recal_10_4b,team:JAX
39,WR3,00-0040124,Tetairoa McMillan,WR,CAR,6000,14.173415586847586,2.36,CLE,44247040,8.6943,statline_mc+recal_10_4b,team:JAX
39,TE,00-0038935,Brenton Strange,TE,JAX,3400,7.567372945798995,2.23,NE,44247388,6.2346,statline_mc+recal_10_4b,team:JAX
39,FLEX,00-0039880,Malik Washington,WR,MIA,4200,10.187237635880306,2.43,KC,44247098,7.7826,statline_mc+recal_10_4b,team:JAX
40,QB,00-0034857,Josh Allen,QB,BUF,8000,27.563548297943456,3.45,LAC,44246751,8.4898,statline_mc+recal_10_4b,team:BUF
40,DST,DST_TEN,Titans,DST,TEN,2400,7.988520087000001,3.33,NYG,44247567,5.7916,dst_simulated_session_10_4+recal_10_4b,team:BUF
40,RB1,00-0038134,Kenneth Walker III,RB,KC,7400,21.827228609964727,2.95,MIA,44246814,10.0157,statline_mc+recal_10_4b,team:BUF
40,RB2,00-0036223,Jonathan Taylor,RB,IND,7600,19.49399107777725,2.56,HOU,44246812,9.2494,statline_mc+recal_10_4b,team:BUF
40,WR1,00-0039491,Jalen Coker,WR,CAR,5500,13.893344594216924,2.53,CLE,44247054,8.82,statline_mc+recal_10_4b,team:BUF
40,WR2,00-0037261,Khalil Shakir,WR,BUF,4800,11.65858400935742,2.43,LAC,44247070,8.2704,statline_mc+recal_10_4b,team:BUF
40,WR3,00-0039901,Keon Coleman,WR,BUF,4300,8.341994684472159,1.94,LAC,44247092,7.5656,statline_mc+recal_10_4b,team:BUF
40,TE,00-0034383,Dalton Schultz,TE,HOU,4200,12.414430942735915,2.96,IND,44247372,7.3455,statline_mc+recal_10_4b,team:BUF
40,FLEX,00-0037228,Jaylen Warren,RB,PIT,5700,14.582189575225936,2.56,CIN,44246832,8.1961,statline_mc+recal_10_4b,team:BUF
41,QB,00-0034857,Josh Allen,QB,BUF,8000,27.563548297943456,3.45,LAC,44246751,8.4898,statline_mc+recal_10_4b,team:BUF
41,DST,DST_KC,Chiefs,DST,KC,3700,9.2682756225,2.5,MIA,44247555,5.9462,dst_simulated_session_10_4+recal_10_4b,team:BUF
41,RB1,00-0037248,James Cook III,RB,BUF,6900,17.852368294711475,2.59,LAC,44246816,9.5899,statline_mc+recal_10_4b,team:BUF
41,RB2,00-0037228,Jaylen Warren,RB,PIT,5700,14.582189575225936,2.56,CIN,44246832,8.1961,statline_mc+recal_10_4b,team:BUF
41,WR1,00-0036963,Amon-Ra St. Brown,WR,DET,7900,21.579912929459272,2.73,NYJ,44247028,10.1768,statline_mc+recal_10_4b,team:BUF
41,WR2,00-0037261,Khalil Shakir,WR,BUF,4800,11.65858400935742,2.43,LAC,44247070,8.2704,statline_mc+recal_10_4b,team:BUF
41,WR3,00-0039901,Keon Coleman,WR,BUF,4300,8.341994684472159,1.94,LAC,44247092,7.5656,statline_mc+recal_10_4b,team:BUF
41,TE,00-0030506,Travis Kelce,TE,KC,4500,12.804840046552115,2.85,MIA,44247368,7.5474,statline_mc+recal_10_4b,team:BUF
41,FLEX,00-0034383,Dalton Schultz,TE,HOU,4200,12.414430942735915,2.96,IND,44247372,7.3455,statline_mc+recal_10_4b,team:BUF
42,QB,00-0034857,Josh Allen,QB,BUF,8000,27.563548297943456,3.45,LAC,44246751,8.4898,statline_mc+recal_10_4b,team:BUF
42,DST,DST_PIT,Steelers,DST,PIT,2700,6.603270858,2.45,CIN,44247563,5.8683,dst_simulated_session_10_4+recal_10_4b,team:BUF
42,RB1,00-0039139,Jahmyr Gibbs,RB,DET,8800,25.38577021114587,2.88,NYJ,44246810,10.4186,statline_mc+recal_10_4b,team:BUF
42,RB2,00-0039040,De'Von Achane,RB,MIA,6500,16.034060739663744,2.47,KC,44246822,8.4667,statline_mc+recal_10_4b,team:BUF
42,WR1,00-0037740,Garrett Wilson,WR,NYJ,6300,16.70250746093251,2.65,DET,44247036,9.0321,statline_mc+recal_10_4b,team:BUF
42,WR2,00-0039880,Malik Washington,WR,MIA,4200,10.187237635880306,2.43,KC,44247098,7.7826,statline_mc+recal_10_4b,team:BUF
42,WR3,00-0036988,Joshua Palmer,WR,BUF,3500,5.857462165556232,1.67,LAC,44247126,7.093,statline_mc+recal_10_4b,team:BUF
42,TE,00-0038933,Dalton Kincaid,TE,BUF,5500,13.34446160592542,2.43,LAC,44247362,7.8417,statline_mc+recal_10_4b,team:BUF
42,FLEX,00-0030506,Travis Kelce,TE,KC,4500,12.804840046552115,2.85,MIA,44247368,7.5474,statline_mc+recal_10_4b,team:BUF
43,QB,00-0034857,Josh Allen,QB,BUF,8000,27.563548297943456,3.45,LAC,44246751,8.4898,statline_mc+recal_10_4b,team:BUF
43,DST,DST_TEN,Titans,DST,TEN,2400,7.988520087000001,3.33,NYG,44247567,5.7916,dst_simulated_session_10_4+recal_10_4b,team:BUF
43,RB1,00-0039139,Jahmyr Gibbs,RB,DET,8800,25.38577021114587,2.88,NYJ,44246810,10.4186,statline_mc+recal_10_4b,team:BUF
43,RB2,00-0037228,Jaylen Warren,RB,PIT,5700,14.582189575225936,2.56,CIN,44246832,8.1961,statline_mc+recal_10_4b,team:BUF
43,WR1,00-0038606,Parker Washington,WR,JAX,6000,15.68271641800808,2.61,NE,44247042,9.2243,statline_mc+recal_10_4b,team:BUF
43,WR2,00-0037261,Khalil Shakir,WR,BUF,4800,11.65858400935742,2.43,LAC,44247070,8.2704,statline_mc+recal_10_4b,team:BUF
43,WR3,00-0041037,Denzel Boston,WR,CLE,4500,10.534663573622124,2.34,CAR,44247082,8.1381,statline_mc+recal_10_4b,team:BUF
43,TE,00-0038933,Dalton Kincaid,TE,BUF,5500,13.34446160592542,2.43,LAC,44247362,7.8417,statline_mc+recal_10_4b,team:BUF
43,FLEX,00-0041547,KC Concepcion Jr.,WR,CLE,4300,10.032118986603656,2.33,CAR,44247088,7.5891,statline_mc+recal_10_4b,team:BUF
44,QB,00-0033106,Jared Goff,QB,DET,6300,20.89918742333326,3.32,NYJ,44246753,8.2087,statline_mc+recal_10_4b,team:DET
44,DST,DST_KC,Chiefs,DST,KC,3700,9.2682756225,2.5,MIA,44247555,5.9462,dst_simulated_session_10_4+recal_10_4b,team:DET
44,RB1,00-0038134,Kenneth Walker III,RB,KC,7400,21.827228609964727,2.95,MIA,44246814,10.0157,statline_mc+recal_10_4b,team:DET
44,RB2,00-0037228,Jaylen Warren,RB,PIT,5700,14.582189575225936,2.56,CIN,44246832,8.1961,statline_mc+recal_10_4b,team:DET
44,WR1,00-0036963,Amon-Ra St. Brown,WR,DET,7900,21.579912929459272,2.73,NYJ,44247028,10.1768,statline_mc+recal_10_4b,team:DET
44,WR2,00-0039491,Jalen Coker,WR,CAR,5500,13.893344594216924,2.53,CLE,44247054,8.82,statline_mc+recal_10_4b,team:DET
44,WR3,00-0041438,Carnell Tate,WR,TEN,5000,10.400293276728409,2.08,NYG,44247064,7.3244,statline_mc+recal_10_4b,team:DET
44,TE,00-0039065,Sam LaPorta,TE,DET,4300,11.492185748146571,2.67,NYJ,44247370,7.2885,statline_mc+recal_10_4b,team:DET
44,FLEX,00-0033090,Hunter Henry,TE,NE,3900,10.084476788637902,2.59,JAX,44247376,6.6232,statline_mc+recal_10_4b,team:DET
45,QB,00-0036971,Trevor Lawrence,QB,JAX,5700,17.407133434684102,3.05,NE,44246759,8.0555,statline_mc+recal_10_4b,team:JAX
45,DST,DST_JAX,Jaguars,DST,JAX,2900,7.568673192,2.61,NE,44247561,5.8397,dst_simulated_session_10_4+recal_10_4b,team:JAX
45,RB1,00-0039139,Jahmyr Gibbs,RB,DET,8800,25.38577021114587,2.88,NYJ,44246810,10.4186,statline_mc+recal_10_4b,team:JAX
45,RB2,00-0038134,Kenneth Walker III,RB,KC,7400,21.827228609964727,2.95,MIA,44246814,10.0157,statline_mc+recal_10_4b,team:JAX
45,WR1,00-0038606,Parker Washington,WR,JAX,6000,15.68271641800808,2.61,NE,44247042,9.2243,statline_mc+recal_10_4b,team:JAX
45,WR2,00-0034827,DJ Moore,WR,BUF,5800,11.521532628026227,1.99,LAC,44247046,8.092,statline_mc+recal_10_4b,team:JAX
45,WR3,00-0041547,KC Concepcion Jr.,WR,CLE,4300,10.032118986603656,2.33,CAR,44247088,7.5891,statline_mc+recal_10_4b,team:JAX
45,TE,00-0038935,Brenton Strange,TE,JAX,3400,7.567372945798995,2.23,NE,44247388,6.2346,statline_mc+recal_10_4b,team:JAX
45,FLEX,00-0041512,Jadarian Price,RB,SEA,5300,10.870945396821131,2.05,WAS,44246844,7.8982,statline_mc+recal_10_4b,team:JAX
46,QB,00-0033873,Patrick Mahomes,QB,KC,6200,21.01262000270925,3.39,MIA,44246754,8.191,statline_mc+recal_10_4b,team:KC
46,DST,DST_BUF,Bills,DST,BUF,2800,8.334382266000002,2.98,LAC,44247562,6.0405,dst_simulated_session_10_4+recal_10_4b,team:KC
46,RB1,00-0038134,Kenneth Walker III,RB,KC,7400,21.827228609964727,2.95,MIA,44246814,10.0157,statline_mc+recal_10_4b,team:KC
46,RB2,00-0038120,Breece Hall,RB,NYJ,6400,15.991438408565037,2.5,DET,44246824,8.6362,statline_mc+recal_10_4b,team:KC
46,WR1,00-0036963,Amon-Ra St. Brown,WR,DET,7900,21.579912929459272,2.73,NYJ,44247028,10.1768,statline_mc+recal_10_4b,team:KC
46,WR2,00-0037740,Garrett Wilson,WR,NYJ,6300,16.70250746093251,2.65,DET,44247036,9.0321,statline_mc+recal_10_4b,team:KC
46,WR3,00-0039894,Xavier Worthy,WR,KC,4400,9.7174043500668,2.21,MIA,44247086,7.7346,statline_mc+recal_10_4b,team:KC
46,TE,00-0030506,Travis Kelce,TE,KC,4500,12.804840046552115,2.85,MIA,44247368,7.5474,statline_mc+recal_10_4b,team:KC
46,FLEX,00-0033090,Hunter Henry,TE,NE,3900,10.084476788637902,2.59,JAX,44247376,6.6232,statline_mc+recal_10_4b,team:KC
47,QB,00-0033106,Jared Goff,QB,DET,6300,20.89918742333326,3.32,NYJ,44246753,8.2087,statline_mc+recal_10_4b,team:DET
47,DST,DST_MIA,Dolphins,DST,MIA,2000,5.2236686925,2.61,KC,44247571,5.7628,dst_simulated_session_10_4+recal_10_4b,team:DET
47,RB1,00-0039139,Jahmyr Gibbs,RB,DET,8800,25.38577021114587,2.88,NYJ,44246810,10.4186,statline_mc+recal_10_4b,team:DET
47,RB2,00-0038597,Chase Brown,RB,CIN,6600,16.655155698973566,2.52,PIT,44246820,8.7601,statline_mc+recal_10_4b,team:DET
47,WR1,00-0036963,Amon-Ra St. Brown,WR,DET,7900,21.579912929459272,2.73,NYJ,44247028,10.1768,statline_mc+recal_10_4b,team:DET
47,WR2,00-0035640,DK Metcalf,WR,PIT,5400,12.073167629626704,2.24,CIN,44247056,7.9582,statline_mc+recal_10_4b,team:DET
47,WR3,00-0039880,Malik Washington,WR,MIA,4200,10.187237635880306,2.43,KC,44247098,7.7826,statline_mc+recal_10_4b,team:DET
47,TE,00-0034383,Dalton Schultz,TE,HOU,4200,12.414430942735915,2.96,IND,44247372,7.3455,statline_mc+recal_10_4b,team:DET
47,FLEX,00-0039065,Sam LaPorta,TE,DET,4300,11.492185748146571,2.67,NYJ,44247370,7.2885,statline_mc+recal_10_4b,team:DET
48,QB,00-0034869,Sam Darnold,QB,SEA,5400,14.960867585347938,2.77,WAS,44246762,7.8491,statline_mc+recal_10_4b,team:SEA
48,DST,DST_CLE,Browns,DST,CLE,2500,7.110197109000001,2.84,CAR,44247566,5.759,dst_simulated_session_10_4+recal_10_4b,team:SEA
48,RB1,00-0038134,Kenneth Walker III,RB,KC,7400,21.827228609964727,2.95,MIA,44246814,10.0157,statline_mc+recal_10_4b,team:SEA
48,RB2,00-0040784,Quinshon Judkins,RB,CLE,5500,13.094973062725408,2.38,CAR,44246836,8.14,statline_mc+recal_10_4b,team:SEA
48,WR1,00-0038543,Jaxon Smith-Njigba,WR,SEA,8600,22.44908089407675,2.61,WAS,44247024,10.481,statline_mc+recal_10_4b,team:SEA
48,WR2,00-0036963,Amon-Ra St. Brown,WR,DET,7900,21.579912929459272,2.73,NYJ,44247028,10.1768,statline_mc+recal_10_4b,team:SEA
48,WR3,00-0037545,Rashid Shaheed,WR,SEA,4200,7.854076516029304,1.87,WAS,44247094,7.4159,statline_mc+recal_10_4b,team:SEA
48,TE,00-0034383,Dalton Schultz,TE,HOU,4200,12.414430942735915,2.96,IND,44247372,7.3455,statline_mc+recal_10_4b,team:SEA
48,FLEX,00-0039065,Sam LaPorta,TE,DET,4300,11.492185748146571,2.67,NYJ,44247370,7.2885,statline_mc+recal_10_4b,team:SEA
49,QB,00-0033873,Patrick Mahomes,QB,KC,6200,21.01262000270925,3.39,MIA,44246754,8.191,statline_mc+recal_10_4b,team:KC
49,DST,DST_IND,Colts,DST,IND,2500,7.846034035499999,3.14,HOU,44247565,5.8381,dst_simulated_session_10_4+recal_10_4b,team:KC
49,RB1,00-0039040,De'Von Achane,RB,MIA,6500,16.034060739663744,2.47,KC,44246822,8.4667,statline_mc+recal_10_4b,team:KC
49,RB2,00-0037228,Jaylen Warren,RB,PIT,5700,14.582189575225936,2.56,CIN,44246832,8.1961,statline_mc+recal_10_4b,team:KC
49,WR1,00-0036963,Amon-Ra St. Brown,WR,DET,7900,21.579912929459272,2.73,NYJ,44247028,10.1768,statline_mc+recal_10_4b,team:KC
49,WR2,00-0038606,Parker Washington,WR,JAX,6000,15.68271641800808,2.61,NE,44247042,9.2243,statline_mc+recal_10_4b,team:KC
49,WR3,00-0039067,Rashee Rice,WR,KC,6400,13.729602369782825,2.15,MIA,44247034,8.3704,statline_mc+recal_10_4b,team:KC
49,TE,00-0030506,Travis Kelce,TE,KC,4500,12.804840046552115,2.85,MIA,44247368,7.5474,statline_mc+recal_10_4b,team:KC
49,FLEX,00-0039065,Sam LaPorta,TE,DET,4300,11.492185748146571,2.67,NYJ,44247370,7.2885,statline_mc+recal_10_4b,team:KC
50,QB,00-0034857,Josh Allen,QB,BUF,8000,27.563548297943456,3.45,LAC,44246751,8.4898,statline_mc+recal_10_4b,team:BUF
50,DST,DST_TEN,Titans,DST,TEN,2400,7.988520087000001,3.33,NYG,44247567,5.7916,dst_simulated_session_10_4+recal_10_4b,team:BUF
50,RB1,00-0039139,Jahmyr Gibbs,RB,DET,8800,25.38577021114587,2.88,NYJ,44246810,10.4186,statline_mc+recal_10_4b,team:BUF
50,RB2,00-0038120,Breece Hall,RB,NYJ,6400,15.991438408565037,2.5,DET,44246824,8.6362,statline_mc+recal_10_4b,team:BUF
50,WR1,00-0040124,Tetairoa McMillan,WR,CAR,6000,14.173415586847586,2.36,CLE,44247040,8.6943,statline_mc+recal_10_4b,team:BUF
50,WR2,00-0037261,Khalil Shakir,WR,BUF,4800,11.65858400935742,2.43,LAC,44247070,8.2704,statline_mc+recal_10_4b,team:BUF
50,WR3,00-0036988,Joshua Palmer,WR,BUF,3500,5.857462165556232,1.67,LAC,44247126,7.093,statline_mc+recal_10_4b,team:BUF
50,TE,00-0039065,Sam LaPorta,TE,DET,4300,11.492185748146571,2.67,NYJ,44247370,7.2885,statline_mc+recal_10_4b,team:BUF
50,FLEX,00-0037228,Jaylen Warren,RB,PIT,5700,14.582189575225936,2.56,CIN,44246832,8.1961,statline_mc+recal_10_4b,team:BUF
51,QB,00-0033106,Jared Goff,QB,DET,6300,20.89918742333326,3.32,NYJ,44246753,8.2087,statline_mc+recal_10_4b,team:DET
51,DST,DST_CAR,Panthers,DST,CAR,3000,8.466719971500002,2.82,CLE,44247559,5.9819,dst_simulated_session_10_4+recal_10_4b,team:DET
51,RB1,00-0039139,Jahmyr Gibbs,RB,DET,8800,25.38577021114587,2.88,NYJ,44246810,10.4186,statline_mc+recal_10_4b,team:DET
51,RB2,00-0041512,Jadarian Price,RB,SEA,5300,10.870945396821131,2.05,WAS,44246844,7.8982,statline_mc+recal_10_4b,team:DET
51,WR1,00-0036900,Ja'Marr Chase,WR,CIN,8100,17.7525925032886,2.19,PIT,44247026,8.8121,statline_mc+recal_10_4b,team:DET
51,WR2,00-0039491,Jalen Coker,WR,CAR,5500,13.893344594216924,2.53,CLE,44247054,8.82,statline_mc+recal_10_4b,team:DET
51,WR3,00-0037240,Jameson Williams,WR,DET,5400,12.158150085061962,2.25,NYJ,44247058,8.4534,statline_mc+recal_10_4b,team:DET
51,TE,00-0034383,Dalton Schultz,TE,HOU,4200,12.414430942735915,2.96,IND,44247372,7.3455,statline_mc+recal_10_4b,team:DET
51,FLEX,00-0040669,Isaac TeSlaa,WR,DET,3400,5.054114825744519,1.49,NYJ,44247130,6.6967,statline_mc+recal_10_4b,team:DET
52,QB,00-0034857,Josh Allen,QB,BUF,8000,27.563548297943456,3.45,LAC,44246751,8.4898,statline_mc+recal_10_4b,team:BUF
52,DST,DST_CAR,Panthers,DST,CAR,3000,8.466719971500002,2.82,CLE,44247559,5.9819,dst_simulated_session_10_4+recal_10_4b,team:BUF
52,RB1,00-0038134,Kenneth Walker III,RB,KC,7400,21.827228609964727,2.95,MIA,44246814,10.0157,statline_mc+recal_10_4b,team:BUF
52,RB2,00-0038120,Breece Hall,RB,NYJ,6400,15.991438408565037,2.5,DET,44246824,8.6362,statline_mc+recal_10_4b,team:BUF
52,WR1,00-0036963,Amon-Ra St. Brown,WR,DET,7900,21.579912929459272,2.73,NYJ,44247028,10.1768,statline_mc+recal_10_4b,team:BUF
52,WR2,00-0039491,Jalen Coker,WR,CAR,5500,13.893344594216924,2.53,CLE,44247054,8.82,statline_mc+recal_10_4b,team:BUF
52,WR3,00-0037261,Khalil Shakir,WR,BUF,4800,11.65858400935742,2.43,LAC,44247070,8.2704,statline_mc+recal_10_4b,team:BUF
52,TE,00-0034383,Dalton Schultz,TE,HOU,4200,12.414430942735915,2.96,IND,44247372,7.3455,statline_mc+recal_10_4b,team:BUF
52,FLEX,00-0035689,Dawson Knox,TE,BUF,2800,4.033975128116886,1.44,LAC,44247404,5.3084,statline_mc+recal_10_4b,team:BUF
53,QB,00-0033106,Jared Goff,QB,DET,6300,20.89918742333326,3.32,NYJ,44246753,8.2087,statline_mc+recal_10_4b,team:DET
53,DST,DST_IND,Colts,DST,IND,2500,7.846034035499999,3.14,HOU,44247565,5.8381,dst_simulated_session_10_4+recal_10_4b,team:DET
53,RB1,00-0039139,Jahmyr Gibbs,RB,DET,8800,25.38577021114587,2.88,NYJ,44246810,10.4186,statline_mc+recal_10_4b,team:DET
53,RB2,00-0038134,Kenneth Walker III,RB,KC,7400,21.827228609964727,2.95,MIA,44246814,10.0157,statline_mc+recal_10_4b,team:DET
53,WR1,00-0036963,Amon-Ra St. Brown,WR,DET,7900,21.579912929459272,2.73,NYJ,44247028,10.1768,statline_mc+recal_10_4b,team:DET
53,WR2,00-0039491,Jalen Coker,WR,CAR,5500,13.893344594216924,2.53,CLE,44247054,8.82,statline_mc+recal_10_4b,team:DET
53,WR3,00-0039451,Isaiah Williams,WR,NYJ,3300,7.148879924754277,2.17,DET,44247142,6.8845,statline_mc+recal_10_4b,team:DET
53,TE,00-0039065,Sam LaPorta,TE,DET,4300,11.492185748146571,2.67,NYJ,44247370,7.2885,statline_mc+recal_10_4b,team:DET
53,FLEX,00-0033090,Hunter Henry,TE,NE,3900,10.084476788637902,2.59,JAX,44247376,6.6232,statline_mc+recal_10_4b,team:DET
54,QB,00-0034857,Josh Allen,QB,BUF,8000,27.563548297943456,3.45,LAC,44246751,8.4898,statline_mc+recal_10_4b,team:BUF
54,DST,DST_DET,Lions,DST,DET,3500,8.708234238,2.49,NYJ,44247556,5.9947,dst_simulated_session_10_4+recal_10_4b,team:BUF
54,RB1,00-0039139,Jahmyr Gibbs,RB,DET,8800,25.38577021114587,2.88,NYJ,44246810,10.4186,statline_mc+recal_10_4b,team:BUF
54,RB2,00-0039040,De'Von Achane,RB,MIA,6500,16.034060739663744,2.47,KC,44246822,8.4667,statline_mc+recal_10_4b,team:BUF
54,WR1,00-0038606,Parker Washington,WR,JAX,6000,15.68271641800808,2.61,NE,44247042,9.2243,statline_mc+recal_10_4b,team:BUF
54,WR2,00-0035640,DK Metcalf,WR,PIT,5400,12.073167629626704,2.24,CIN,44247056,7.9582,statline_mc+recal_10_4b,team:BUF
54,WR3,00-0039901,Keon Coleman,WR,BUF,4300,8.341994684472159,1.94,LAC,44247092,7.5656,statline_mc+recal_10_4b,team:BUF
54,TE,00-0040663,Harold Fannin Jr.,TE,CLE,4000,9.528074603078927,2.38,CAR,44247374,6.4467,statline_mc+recal_10_4b,team:BUF
54,FLEX,00-0036988,Joshua Palmer,WR,BUF,3500,5.857462165556232,1.67,LAC,44247126,7.093,statline_mc+recal_10_4b,team:BUF
55,QB,00-0034857,Josh Allen,QB,BUF,8000,27.563548297943456,3.45,LAC,44246751,8.4898,statline_mc+recal_10_4b,team:BUF
55,DST,DST_NYG,Giants,DST,NYG,3400,8.799405668999999,2.59,TEN,44247557,5.5881,dst_simulated_session_10_4+recal_10_4b,team:BUF
55,RB1,00-0039139,Jahmyr Gibbs,RB,DET,8800,25.38577021114587,2.88,NYJ,44246810,10.4186,statline_mc+recal_10_4b,team:BUF
55,RB2,00-0036223,Jonathan Taylor,RB,IND,7600,19.49399107777725,2.56,HOU,44246812,9.2494,statline_mc+recal_10_4b,team:BUF
55,WR1,00-0038997,Josh Downs,WR,IND,5700,12.330058430821722,2.16,HOU,44247048,8.0527,statline_mc+recal_10_4b,team:BUF
55,WR2,00-0037261,Khalil Shakir,WR,BUF,4800,11.65858400935742,2.43,LAC,44247070,8.2704,statline_mc+recal_10_4b,team:BUF
55,WR3,00-0036988,Joshua Palmer,WR,BUF,3500,5.857462165556232,1.67,LAC,44247126,7.093,statline_mc+recal_10_4b,team:BUF
55,TE,00-0034383,Dalton Schultz,TE,HOU,4200,12.414430942735915,2.96,IND,44247372,7.3455,statline_mc+recal_10_4b,team:BUF
55,FLEX,00-0040663,Harold Fannin Jr.,TE,CLE,4000,9.528074603078927,2.38,CAR,44247374,6.4467,statline_mc+recal_10_4b,team:BUF
56,QB,00-0036971,Trevor Lawrence,QB,JAX,5700,17.407133434684102,3.05,NE,44246759,8.0555,statline_mc+recal_10_4b,team:JAX
56,DST,DST_BUF,Bills,DST,BUF,2800,8.334382266000002,2.98,LAC,44247562,6.0405,dst_simulated_session_10_4+recal_10_4b,team:JAX
56,RB1,00-0039139,Jahmyr Gibbs,RB,DET,8800,25.38577021114587,2.88,NYJ,44246810,10.4186,statline_mc+recal_10_4b,team:JAX
56,RB2,00-0036223,Jonathan Taylor,RB,IND,7600,19.49399107777725,2.56,HOU,44246812,9.2494,statline_mc+recal_10_4b,team:JAX
56,WR1,00-0038606,Parker Washington,WR,JAX,6000,15.68271641800808,2.61,NE,44247042,9.2243,statline_mc+recal_10_4b,team:JAX
56,WR2,00-0038997,Josh Downs,WR,IND,5700,12.330058430821722,2.16,HOU,44247048,8.0527,statline_mc+recal_10_4b,team:JAX
56,WR3,00-0041547,KC Concepcion Jr.,WR,CLE,4300,10.032118986603656,2.33,CAR,44247088,7.5891,statline_mc+recal_10_4b,team:JAX
56,TE,00-0038935,Brenton Strange,TE,JAX,3400,7.567372945798995,2.23,NE,44247388,6.2346,statline_mc+recal_10_4b,team:JAX
56,FLEX,00-0037228,Jaylen Warren,RB,PIT,5700,14.582189575225936,2.56,CIN,44246832,8.1961,statline_mc+recal_10_4b,team:JAX
57,QB,00-0033873,Patrick Mahomes,QB,KC,6200,21.01262000270925,3.39,MIA,44246754,8.191,statline_mc+recal_10_4b,team:KC
57,DST,DST_PIT,Steelers,DST,PIT,2700,6.603270858,2.45,CIN,44247563,5.8683,dst_simulated_session_10_4+recal_10_4b,team:KC
57,RB1,00-0036223,Jonathan Taylor,RB,IND,7600,19.49399107777725,2.56,HOU,44246812,9.2494,statline_mc+recal_10_4b,team:KC
57,RB2,00-0040715,Cam Skattebo,RB,NYG,6200,12.676991958967657,2.04,TEN,44246826,8.0157,statline_mc+recal_10_4b,team:KC
57,WR1,00-0036963,Amon-Ra St. Brown,WR,DET,7900,21.579912929459272,2.73,NYJ,44247028,10.1768,statline_mc+recal_10_4b,team:KC
57,WR2,00-0039491,Jalen Coker,WR,CAR,5500,13.893344594216924,2.53,CLE,44247054,8.82,statline_mc+recal_10_4b,team:KC
57,WR3,00-0039067,Rashee Rice,WR,KC,6400,13.729602369782825,2.15,MIA,44247034,8.3704,statline_mc+recal_10_4b,team:KC
57,TE,00-0030506,Travis Kelce,TE,KC,4500,12.804840046552115,2.85,MIA,44247368,7.5474,statline_mc+recal_10_4b,team:KC
57,FLEX,00-0037252,Greg Dulcich,TE,MIA,3000,6.53685686479818,2.18,KC,44247394,5.8154,statline_mc+recal_10_4b,team:KC
58,QB,00-0034857,Josh Allen,QB,BUF,8000,27.563548297943456,3.45,LAC,44246751,8.4898,statline_mc+recal_10_4b,team:BUF
58,DST,DST_TEN,Titans,DST,TEN,2400,7.988520087000001,3.33,NYG,44247567,5.7916,dst_simulated_session_10_4+recal_10_4b,team:BUF
58,RB1,00-0037248,James Cook III,RB,BUF,6900,17.852368294711475,2.59,LAC,44246816,9.5899,statline_mc+recal_10_4b,team:BUF
58,RB2,00-0040784,Quinshon Judkins,RB,CLE,5500,13.094973062725408,2.38,CAR,44246836,8.14,statline_mc+recal_10_4b,team:BUF
58,WR1,00-0038543,Jaxon Smith-Njigba,WR,SEA,8600,22.44908089407675,2.61,WAS,44247024,10.481,statline_mc+recal_10_4b,team:BUF
58,WR2,00-0037261,Khalil Shakir,WR,BUF,4800,11.65858400935742,2.43,LAC,44247070,8.2704,statline_mc+recal_10_4b,team:BUF
58,WR3,00-0038618,Xavier Hutchinson,WR,HOU,4000,9.294893217357473,2.32,IND,44247108,7.668,statline_mc+recal_10_4b,team:BUF
58,TE,00-0038933,Dalton Kincaid,TE,BUF,5500,13.34446160592542,2.43,LAC,44247362,7.8417,statline_mc+recal_10_4b,team:BUF
58,FLEX,00-0034383,Dalton Schultz,TE,HOU,4200,12.414430942735915,2.96,IND,44247372,7.3455,statline_mc+recal_10_4b,team:BUF
59,QB,00-0034857,Josh Allen,QB,BUF,8000,27.563548297943456,3.45,LAC,44246751,8.4898,statline_mc+recal_10_4b,team:BUF
59,DST,DST_MIA,Dolphins,DST,MIA,2000,5.2236686925,2.61,KC,44247571,5.7628,dst_simulated_session_10_4+recal_10_4b,team:BUF
59,RB1,00-0037248,James Cook III,RB,BUF,6900,17.852368294711475,2.59,LAC,44246816,9.5899,statline_mc+recal_10_4b,team:BUF
59,RB2,00-0037228,Jaylen Warren,RB,PIT,5700,14.582189575225936,2.56,CIN,44246832,8.1961,statline_mc+recal_10_4b,team:BUF
59,WR1,00-0036963,Amon-Ra St. Brown,WR,DET,7900,21.579912929459272,2.73,NYJ,44247028,10.1768,statline_mc+recal_10_4b,team:BUF
59,WR2,00-0035640,DK Metcalf,WR,PIT,5400,12.073167629626704,2.24,CIN,44247056,7.9582,statline_mc+recal_10_4b,team:BUF
59,WR3,00-0039880,Malik Washington,WR,MIA,4200,10.187237635880306,2.43,KC,44247098,7.7826,statline_mc+recal_10_4b,team:BUF
59,TE,00-0038933,Dalton Kincaid,TE,BUF,5500,13.34446160592542,2.43,LAC,44247362,7.8417,statline_mc+recal_10_4b,team:BUF
59,FLEX,00-0039901,Keon Coleman,WR,BUF,4300,8.341994684472159,1.94,LAC,44247092,7.5656,statline_mc+recal_10_4b,team:BUF
60,QB,00-0036971,Trevor Lawrence,QB,JAX,5700,17.407133434684102,3.05,NE,44246759,8.0555,statline_mc+recal_10_4b,team:JAX
60,DST,DST_CLE,Browns,DST,CLE,2500,7.110197109000001,2.84,CAR,44247566,5.759,dst_simulated_session_10_4+recal_10_4b,team:JAX
60,RB1,00-0039139,Jahmyr Gibbs,RB,DET,8800,25.38577021114587,2.88,NYJ,44246810,10.4186,statline_mc+recal_10_4b,team:JAX
60,RB2,00-0038134,Kenneth Walker III,RB,KC,7400,21.827228609964727,2.95,MIA,44246814,10.0157,statline_mc+recal_10_4b,team:JAX
60,WR1,00-0037740,Garrett Wilson,WR,NYJ,6300,16.70250746093251,2.65,DET,44247036,9.0321,statline_mc+recal_10_4b,team:JAX
60,WR2,00-0038606,Parker Washington,WR,JAX,6000,15.68271641800808,2.61,NE,44247042,9.2243,statline_mc+recal_10_4b,team:JAX
60,WR3,00-0035640,DK Metcalf,WR,PIT,5400,12.073167629626704,2.24,CIN,44247056,7.9582,statline_mc+recal_10_4b,team:JAX
60,TE,00-0034383,Dalton Schultz,TE,HOU,4200,12.414430942735915,2.96,IND,44247372,7.3455,statline_mc+recal_10_4b,team:JAX
60,FLEX,00-0038935,Brenton Strange,TE,JAX,3400,7.567372945798995,2.23,NE,44247388,6.2346,statline_mc+recal_10_4b,team:JAX
61,QB,00-0033873,Patrick Mahomes,QB,KC,6200,21.01262000270925,3.39,MIA,44246754,8.191,statline_mc+recal_10_4b,team:KC
61,DST,DST_BUF,Bills,DST,BUF,2800,8.334382266000002,2.98,LAC,44247562,6.0405,dst_simulated_session_10_4+recal_10_4b,team:KC
61,RB1,00-0038134,Kenneth Walker III,RB,KC,7400,21.827228609964727,2.95,MIA,44246814,10.0157,statline_mc+recal_10_4b,team:KC
61,RB2,00-0039040,De'Von Achane,RB,MIA,6500,16.034060739663744,2.47,KC,44246822,8.4667,statline_mc+recal_10_4b,team:KC
61,WR1,00-0036963,Amon-Ra St. Brown,WR,DET,7900,21.579912929459272,2.73,NYJ,44247028,10.1768,statline_mc+recal_10_4b,team:KC
61,WR2,00-0039491,Jalen Coker,WR,CAR,5500,13.893344594216924,2.53,CLE,44247054,8.82,statline_mc+recal_10_4b,team:KC
61,WR3,00-0039894,Xavier Worthy,WR,KC,4400,9.7174043500668,2.21,MIA,44247086,7.7346,statline_mc+recal_10_4b,team:KC
61,TE,00-0030506,Travis Kelce,TE,KC,4500,12.804840046552115,2.85,MIA,44247368,7.5474,statline_mc+recal_10_4b,team:KC
61,FLEX,00-0037838,Isaiah Likely,TE,NYG,4700,10.841709612949916,2.31,TEN,44247366,6.9653,statline_mc+recal_10_4b,team:KC
62,QB,00-0033106,Jared Goff,QB,DET,6300,20.89918742333326,3.32,NYJ,44246753,8.2087,statline_mc+recal_10_4b,team:DET
62,DST,DST_TEN,Titans,DST,TEN,2400,7.988520087000001,3.33,NYG,44247567,5.7916,dst_simulated_session_10_4+recal_10_4b,team:DET
62,RB1,00-0038597,Chase Brown,RB,CIN,6600,16.655155698973566,2.52,PIT,44246820,8.7601,statline_mc+recal_10_4b,team:DET
62,RB2,00-0037228,Jaylen Warren,RB,PIT,5700,14.582189575225936,2.56,CIN,44246832,8.1961,statline_mc+recal_10_4b,team:DET
62,WR1,00-0036963,Amon-Ra St. Brown,WR,DET,7900,21.579912929459272,2.73,NYJ,44247028,10.1768,statline_mc+recal_10_4b,team:DET
62,WR2,00-0039915,Ladd McConkey,WR,LAC,5900,13.20910447366997,2.24,BUF,44247044,8.4279,statline_mc+recal_10_4b,team:DET
62,WR3,00-0036410,Tee Higgins,WR,CIN,6100,13.039695379874129,2.14,PIT,44247038,8.3921,statline_mc+recal_10_4b,team:DET
62,TE,00-0030506,Travis Kelce,TE,KC,4500,12.804840046552115,2.85,MIA,44247368,7.5474,statline_mc+recal_10_4b,team:DET
62,FLEX,00-0039065,Sam LaPorta,TE,DET,4300,11.492185748146571,2.67,NYJ,44247370,7.2885,statline_mc+recal_10_4b,team:DET
63,QB,00-0033106,Jared Goff,QB,DET,6300,20.89918742333326,3.32,NYJ,44246753,8.2087,statline_mc+recal_10_4b,team:DET
63,DST,DST_CIN,Bengals,DST,CIN,2900,7.513184655,2.59,PIT,44247560,5.8471,dst_simulated_session_10_4+recal_10_4b,team:DET
63,RB1,00-0039139,Jahmyr Gibbs,RB,DET,8800,25.38577021114587,2.88,NYJ,44246810,10.4186,statline_mc+recal_10_4b,team:DET
63,RB2,00-0039040,De'Von Achane,RB,MIA,6500,16.034060739663744,2.47,KC,44246822,8.4667,statline_mc+recal_10_4b,team:DET
63,WR1,00-0036963,Amon-Ra St. Brown,WR,DET,7900,21.579912929459272,2.73,NYJ,44247028,10.1768,statline_mc+recal_10_4b,team:DET
63,WR2,00-0040124,Tetairoa McMillan,WR,CAR,6000,14.173415586847586,2.36,CLE,44247040,8.6943,statline_mc+recal_10_4b,team:DET
63,WR3,00-0039451,Isaiah Williams,WR,NYJ,3300,7.148879924754277,2.17,DET,44247142,6.8845,statline_mc+recal_10_4b,team:DET
63,TE,00-0039065,Sam LaPorta,TE,DET,4300,11.492185748146571,2.67,NYJ,44247370,7.2885,statline_mc+recal_10_4b,team:DET
63,FLEX,00-0033090,Hunter Henry,TE,NE,3900,10.084476788637902,2.59,JAX,44247376,6.6232,statline_mc+recal_10_4b,team:DET
64,QB,00-0033873,Patrick Mahomes,QB,KC,6200,21.01262000270925,3.39,MIA,44246754,8.191,statline_mc+recal_10_4b,team:KC
64,DST,DST_IND,Colts,DST,IND,2500,7.846034035499999,3.14,HOU,44247565,5.8381,dst_simulated_session_10_4+recal_10_4b,team:KC
64,RB1,00-0039139,Jahmyr Gibbs,RB,DET,8800,25.38577021114587,2.88,NYJ,44246810,10.4186,statline_mc+recal_10_4b,team:KC
64,RB2,00-0037228,Jaylen Warren,RB,PIT,5700,14.582189575225936,2.56,CIN,44246832,8.1961,statline_mc+recal_10_4b,team:KC
64,WR1,00-0036963,Amon-Ra St. Brown,WR,DET,7900,21.579912929459272,2.73,NYJ,44247028,10.1768,statline_mc+recal_10_4b,team:KC
64,WR2,00-0041037,Denzel Boston,WR,CLE,4500,10.534663573622124,2.34,CAR,44247082,8.1381,statline_mc+recal_10_4b,team:KC
64,WR3,00-0039894,Xavier Worthy,WR,KC,4400,9.7174043500668,2.21,MIA,44247086,7.7346,statline_mc+recal_10_4b,team:KC
64,TE,00-0038933,Dalton Kincaid,TE,BUF,5500,13.34446160592542,2.43,LAC,44247362,7.8417,statline_mc+recal_10_4b,team:KC
64,FLEX,00-0030506,Travis Kelce,TE,KC,4500,12.804840046552115,2.85,MIA,44247368,7.5474,statline_mc+recal_10_4b,team:KC
65,QB,00-0033873,Patrick Mahomes,QB,KC,6200,21.01262000270925,3.39,MIA,44246754,8.191,statline_mc+recal_10_4b,team:KC
65,DST,DST_BUF,Bills,DST,BUF,2800,8.334382266000002,2.98,LAC,44247562,6.0405,dst_simulated_session_10_4+recal_10_4b,team:KC
65,RB1,00-0038134,Kenneth Walker III,RB,KC,7400,21.827228609964727,2.95,MIA,44246814,10.0157,statline_mc+recal_10_4b,team:KC
65,RB2,00-0036223,Jonathan Taylor,RB,IND,7600,19.49399107777725,2.56,HOU,44246812,9.2494,statline_mc+recal_10_4b,team:KC
65,WR1,00-0036963,Amon-Ra St. Brown,WR,DET,7900,21.579912929459272,2.73,NYJ,44247028,10.1768,statline_mc+recal_10_4b,team:KC
65,WR2,00-0037740,Garrett Wilson,WR,NYJ,6300,16.70250746093251,2.65,DET,44247036,9.0321,statline_mc+recal_10_4b,team:KC
65,WR3,00-0039894,Xavier Worthy,WR,KC,4400,9.7174043500668,2.21,MIA,44247086,7.7346,statline_mc+recal_10_4b,team:KC
65,TE,00-0030506,Travis Kelce,TE,KC,4500,12.804840046552115,2.85,MIA,44247368,7.5474,statline_mc+recal_10_4b,team:KC
65,FLEX,00-0040584,Gunnar Helm,TE,TEN,2900,5.824514987554589,2.01,NYG,44247398,5.6118,statline_mc+recal_10_4b,team:KC
66,QB,00-0033106,Jared Goff,QB,DET,6300,20.89918742333326,3.32,NYJ,44246753,8.2087,statline_mc+recal_10_4b,team:DET
66,DST,DST_TEN,Titans,DST,TEN,2400,7.988520087000001,3.33,NYG,44247567,5.7916,dst_simulated_session_10_4+recal_10_4b,team:DET
66,RB1,00-0038134,Kenneth Walker III,RB,KC,7400,21.827228609964727,2.95,MIA,44246814,10.0157,statline_mc+recal_10_4b,team:DET
66,RB2,00-0036555,Chuba Hubbard,RB,CAR,6100,14.38013823811455,2.36,CLE,44246828,8.4773,statline_mc+recal_10_4b,team:DET
66,WR1,00-0038543,Jaxon Smith-Njigba,WR,SEA,8600,22.44908089407675,2.61,WAS,44247024,10.481,statline_mc+recal_10_4b,team:DET
66,WR2,00-0036963,Amon-Ra St. Brown,WR,DET,7900,21.579912929459272,2.73,NYJ,44247028,10.1768,statline_mc+recal_10_4b,team:DET
66,WR3,00-0038621,DeMario Douglas,WR,NE,3700,7.422533074386344,2.01,JAX,44247118,6.8178,statline_mc+recal_10_4b,team:DET
66,TE,00-0039065,Sam LaPorta,TE,DET,4300,11.492185748146571,2.67,NYJ,44247370,7.2885,statline_mc+recal_10_4b,team:DET
66,FLEX,00-0034829,Mike Gesicki,TE,CIN,3300,7.112860340303568,2.16,PIT,44247390,6.4878,statline_mc+recal_10_4b,team:DET
67,QB,00-0034857,Josh Allen,QB,BUF,8000,27.563548297943456,3.45,LAC,44246751,8.4898,statline_mc+recal_10_4b,team:BUF
67,DST,DST_JAX,Jaguars,DST,JAX,2900,7.568673192,2.61,NE,44247561,5.8397,dst_simulated_session_10_4+recal_10_4b,team:BUF
67,RB1,00-0036223,Jonathan Taylor,RB,IND,7600,19.49399107777725,2.56,HOU,44246812,9.2494,statline_mc+recal_10_4b,team:BUF
67,RB2,00-0040784,Quinshon Judkins,RB,CLE,5500,13.094973062725408,2.38,CAR,44246836,8.14,statline_mc+recal_10_4b,team:BUF
67,WR1,00-0038606,Parker Washington,WR,JAX,6000,15.68271641800808,2.61,NE,44247042,9.2243,statline_mc+recal_10_4b,team:BUF
67,WR2,00-0034827,DJ Moore,WR,BUF,5800,11.521532628026227,1.99,LAC,44247046,8.092,statline_mc+recal_10_4b,team:BUF
67,WR3,00-0039894,Xavier Worthy,WR,KC,4400,9.7174043500668,2.21,MIA,44247086,7.7346,statline_mc+recal_10_4b,team:BUF
67,TE,00-0038933,Dalton Kincaid,TE,BUF,5500,13.34446160592542,2.43,LAC,44247362,7.8417,statline_mc+recal_10_4b,team:BUF
67,FLEX,00-0034383,Dalton Schultz,TE,HOU,4200,12.414430942735915,2.96,IND,44247372,7.3455,statline_mc+recal_10_4b,team:BUF
68,QB,00-0034857,Josh Allen,QB,BUF,8000,27.563548297943456,3.45,LAC,44246751,8.4898,statline_mc+recal_10_4b,team:BUF
68,DST,DST_TEN,Titans,DST,TEN,2400,7.988520087000001,3.33,NYG,44247567,5.7916,dst_simulated_session_10_4+recal_10_4b,team:BUF
68,RB1,00-0039139,Jahmyr Gibbs,RB,DET,8800,25.38577021114587,2.88,NYJ,44246810,10.4186,statline_mc+recal_10_4b,team:BUF
68,RB2,00-0038134,Kenneth Walker III,RB,KC,7400,21.827228609964727,2.95,MIA,44246814,10.0157,statline_mc+recal_10_4b,team:BUF
68,WR1,00-0040124,Tetairoa McMillan,WR,CAR,6000,14.173415586847586,2.36,CLE,44247040,8.6943,statline_mc+recal_10_4b,team:BUF
68,WR2,00-0039491,Jalen Coker,WR,CAR,5500,13.893344594216924,2.53,CLE,44247054,8.82,statline_mc+recal_10_4b,team:BUF
68,WR3,00-0037261,Khalil Shakir,WR,BUF,4800,11.65858400935742,2.43,LAC,44247070,8.2704,statline_mc+recal_10_4b,team:BUF
68,TE,00-0034383,Dalton Schultz,TE,HOU,4200,12.414430942735915,2.96,IND,44247372,7.3455,statline_mc+recal_10_4b,team:BUF
68,FLEX,00-0035689,Dawson Knox,TE,BUF,2800,4.033975128116886,1.44,LAC,44247404,5.3084,statline_mc+recal_10_4b,team:BUF
69,QB,00-0036971,Trevor Lawrence,QB,JAX,5700,17.407133434684102,3.05,NE,44246759,8.0555,statline_mc+recal_10_4b,team:JAX
69,DST,DST_DET,Lions,DST,DET,3500,8.708234238,2.49,NYJ,44247556,5.9947,dst_simulated_session_10_4+recal_10_4b,team:JAX
69,RB1,00-0038134,Kenneth Walker III,RB,KC,7400,21.827228609964727,2.95,MIA,44246814,10.0157,statline_mc+recal_10_4b,team:JAX
69,RB2,00-0036223,Jonathan Taylor,RB,IND,7600,19.49399107777725,2.56,HOU,44246812,9.2494,statline_mc+recal_10_4b,team:JAX
69,WR1,00-0038606,Parker Washington,WR,JAX,6000,15.68271641800808,2.61,NE,44247042,9.2243,statline_mc+recal_10_4b,team:JAX
69,WR2,00-0036410,Tee Higgins,WR,CIN,6100,13.039695379874129,2.14,PIT,44247038,8.3921,statline_mc+recal_10_4b,team:JAX
69,WR3,00-0034960,Jakobi Meyers,WR,JAX,4800,9.035266838470308,1.88,NE,44247068,7.0977,statline_mc+recal_10_4b,team:JAX
69,TE,00-0040584,Gunnar Helm,TE,TEN,2900,5.824514987554589,2.01,NYG,44247398,5.6118,statline_mc+recal_10_4b,team:JAX
69,FLEX,00-0037228,Jaylen Warren,RB,PIT,5700,14.582189575225936,2.56,CIN,44246832,8.1961,statline_mc+recal_10_4b,team:JAX
70,QB,00-0033106,Jared Goff,QB,DET,6300,20.89918742333326,3.32,NYJ,44246753,8.2087,statline_mc+recal_10_4b,team:DET
70,DST,DST_BUF,Bills,DST,BUF,2800,8.334382266000002,2.98,LAC,44247562,6.0405,dst_simulated_session_10_4+recal_10_4b,team:DET
70,RB1,00-0037248,James Cook III,RB,BUF,6900,17.852368294711475,2.59,LAC,44246816,9.5899,statline_mc+recal_10_4b,team:DET
70,RB2,00-0039040,De'Von Achane,RB,MIA,6500,16.034060739663744,2.47,KC,44246822,8.4667,statline_mc+recal_10_4b,team:DET
70,WR1,00-0036963,Amon-Ra St. Brown,WR,DET,7900,21.579912929459272,2.73,NYJ,44247028,10.1768,statline_mc+recal_10_4b,team:DET
70,WR2,00-0040124,Tetairoa McMillan,WR,CAR,6000,14.173415586847586,2.36,CLE,44247040,8.6943,statline_mc+recal_10_4b,team:DET
70,WR3,00-0038621,DeMario Douglas,WR,NE,3700,7.422533074386344,2.01,JAX,44247118,6.8178,statline_mc+recal_10_4b,team:DET
70,TE,00-0038933,Dalton Kincaid,TE,BUF,5500,13.34446160592542,2.43,LAC,44247362,7.8417,statline_mc+recal_10_4b,team:DET
70,FLEX,00-0039065,Sam LaPorta,TE,DET,4300,11.492185748146571,2.67,NYJ,44247370,7.2885,statline_mc+recal_10_4b,team:DET
71,QB,00-0034857,Josh Allen,QB,BUF,8000,27.563548297943456,3.45,LAC,44246751,8.4898,statline_mc+recal_10_4b,team:BUF
71,DST,DST_TEN,Titans,DST,TEN,2400,7.988520087000001,3.33,NYG,44247567,5.7916,dst_simulated_session_10_4+recal_10_4b,team:BUF
71,RB1,00-0036223,Jonathan Taylor,RB,IND,7600,19.49399107777725,2.56,HOU,44246812,9.2494,statline_mc+recal_10_4b,team:BUF
71,RB2,00-0036555,Chuba Hubbard,RB,CAR,6100,14.38013823811455,2.36,CLE,44246828,8.4773,statline_mc+recal_10_4b,team:BUF
71,WR1,00-0037240,Jameson Williams,WR,DET,5400,12.158150085061962,2.25,NYJ,44247058,8.4534,statline_mc+recal_10_4b,team:BUF
71,WR2,00-0037261,Khalil Shakir,WR,BUF,4800,11.65858400935742,2.43,LAC,44247070,8.2704,statline_mc+recal_10_4b,team:BUF
71,WR3,00-0039901,Keon Coleman,WR,BUF,4300,8.341994684472159,1.94,LAC,44247092,7.5656,statline_mc+recal_10_4b,team:BUF
71,TE,00-0030506,Travis Kelce,TE,KC,4500,12.804840046552115,2.85,MIA,44247368,7.5474,statline_mc+recal_10_4b,team:BUF
71,FLEX,00-0040666,Omarion Hampton,RB,LAC,6800,14.292835808219593,2.1,BUF,44246818,8.3631,statline_mc+recal_10_4b,team:BUF
72,QB,00-0036971,Trevor Lawrence,QB,JAX,5700,17.407133434684102,3.05,NE,44246759,8.0555,statline_mc+recal_10_4b,team:JAX
72,DST,DST_BUF,Bills,DST,BUF,2800,8.334382266000002,2.98,LAC,44247562,6.0405,dst_simulated_session_10_4+recal_10_4b,team:JAX
72,RB1,00-0039139,Jahmyr Gibbs,RB,DET,8800,25.38577021114587,2.88,NYJ,44246810,10.4186,statline_mc+recal_10_4b,team:JAX
72,RB2,00-0037248,James Cook III,RB,BUF,6900,17.852368294711475,2.59,LAC,44246816,9.5899,statline_mc+recal_10_4b,team:JAX
72,WR1,00-0038606,Parker Washington,WR,JAX,6000,15.68271641800808,2.61,NE,44247042,9.2243,statline_mc+recal_10_4b,team:JAX
72,WR2,00-0035659,Terry McLaurin,WR,WAS,5100,10.521417444396196,2.06,SEA,44247060,7.3743,statline_mc+recal_10_4b,team:JAX
72,WR3,00-0034960,Jakobi Meyers,WR,JAX,4800,9.035266838470308,1.88,NE,44247068,7.0977,statline_mc+recal_10_4b,team:JAX
72,TE,00-0038935,Brenton Strange,TE,JAX,3400,7.567372945798995,2.23,NE,44247388,6.2346,statline_mc+recal_10_4b,team:JAX
72,FLEX,00-0039040,De'Von Achane,RB,MIA,6500,16.034060739663744,2.47,KC,44246822,8.4667,statline_mc+recal_10_4b,team:JAX
73,QB,00-0036971,Trevor Lawrence,QB,JAX,5700,17.407133434684102,3.05,NE,44246759,8.0555,statline_mc+recal_10_4b,team:JAX
73,DST,DST_TEN,Titans,DST,TEN,2400,7.988520087000001,3.33,NYG,44247567,5.7916,dst_simulated_session_10_4+recal_10_4b,team:JAX
73,RB1,00-0039139,Jahmyr Gibbs,RB,DET,8800,25.38577021114587,2.88,NYJ,44246810,10.4186,statline_mc+recal_10_4b,team:JAX
73,RB2,00-0038597,Chase Brown,RB,CIN,6600,16.655155698973566,2.52,PIT,44246820,8.7601,statline_mc+recal_10_4b,team:JAX
73,WR1,00-0036963,Amon-Ra St. Brown,WR,DET,7900,21.579912929459272,2.73,NYJ,44247028,10.1768,statline_mc+recal_10_4b,team:JAX
73,WR2,00-0038606,Parker Washington,WR,JAX,6000,15.68271641800808,2.61,NE,44247042,9.2243,statline_mc+recal_10_4b,team:JAX
73,WR3,00-0037261,Khalil Shakir,WR,BUF,4800,11.65858400935742,2.43,LAC,44247070,8.2704,statline_mc+recal_10_4b,team:JAX
73,TE,00-0034383,Dalton Schultz,TE,HOU,4200,12.414430942735915,2.96,IND,44247372,7.3455,statline_mc+recal_10_4b,team:JAX
73,FLEX,00-0038935,Brenton Strange,TE,JAX,3400,7.567372945798995,2.23,NE,44247388,6.2346,statline_mc+recal_10_4b,team:JAX
74,QB,00-0033106,Jared Goff,QB,DET,6300,20.89918742333326,3.32,NYJ,44246753,8.2087,statline_mc+recal_10_4b,team:DET
74,DST,DST_TEN,Titans,DST,TEN,2400,7.988520087000001,3.33,NYG,44247567,5.7916,dst_simulated_session_10_4+recal_10_4b,team:DET
74,RB1,00-0037248,James Cook III,RB,BUF,6900,17.852368294711475,2.59,LAC,44246816,9.5899,statline_mc+recal_10_4b,team:DET
74,RB2,00-0040784,Quinshon Judkins,RB,CLE,5500,13.094973062725408,2.38,CAR,44246836,8.14,statline_mc+recal_10_4b,team:DET
74,WR1,00-0036963,Amon-Ra St. Brown,WR,DET,7900,21.579912929459272,2.73,NYJ,44247028,10.1768,statline_mc+recal_10_4b,team:DET
74,WR2,00-0039915,Ladd McConkey,WR,LAC,5900,13.20910447366997,2.24,BUF,44247044,8.4279,statline_mc+recal_10_4b,team:DET
74,WR3,00-0036410,Tee Higgins,WR,CIN,6100,13.039695379874129,2.14,PIT,44247038,8.3921,statline_mc+recal_10_4b,team:DET
74,TE,00-0030506,Travis Kelce,TE,KC,4500,12.804840046552115,2.85,MIA,44247368,7.5474,statline_mc+recal_10_4b,team:DET
74,FLEX,00-0039065,Sam LaPorta,TE,DET,4300,11.492185748146571,2.67,NYJ,44247370,7.2885,statline_mc+recal_10_4b,team:DET
75,QB,00-0034857,Josh Allen,QB,BUF,8000,27.563548297943456,3.45,LAC,44246751,8.4898,statline_mc+recal_10_4b,team:BUF
75,DST,DST_BUF,Bills,DST,BUF,2800,8.334382266000002,2.98,LAC,44247562,6.0405,dst_simulated_session_10_4+recal_10_4b,team:BUF
75,RB1,00-0039040,De'Von Achane,RB,MIA,6500,16.034060739663744,2.47,KC,44246822,8.4667,statline_mc+recal_10_4b,team:BUF
75,RB2,00-0040784,Quinshon Judkins,RB,CLE,5500,13.094973062725408,2.38,CAR,44246836,8.14,statline_mc+recal_10_4b,team:BUF
75,WR1,00-0037740,Garrett Wilson,WR,NYJ,6300,16.70250746093251,2.65,DET,44247036,9.0321,statline_mc+recal_10_4b,team:BUF
75,WR2,00-0038606,Parker Washington,WR,JAX,6000,15.68271641800808,2.61,NE,44247042,9.2243,statline_mc+recal_10_4b,team:BUF
75,WR3,00-0037261,Khalil Shakir,WR,BUF,4800,11.65858400935742,2.43,LAC,44247070,8.2704,statline_mc+recal_10_4b,team:BUF
75,TE,00-0038933,Dalton Kincaid,TE,BUF,5500,13.34446160592542,2.43,LAC,44247362,7.8417,statline_mc+recal_10_4b,team:BUF
75,FLEX,00-0030506,Travis Kelce,TE,KC,4500,12.804840046552115,2.85,MIA,44247368,7.5474,statline_mc+recal_10_4b,team:BUF
76,QB,00-0033873,Patrick Mahomes,QB,KC,6200,21.01262000270925,3.39,MIA,44246754,8.191,statline_mc+recal_10_4b,team:KC
76,DST,DST_DET,Lions,DST,DET,3500,8.708234238,2.49,NYJ,44247556,5.9947,dst_simulated_session_10_4+recal_10_4b,team:KC
76,RB1,00-0038134,Kenneth Walker III,RB,KC,7400,21.827228609964727,2.95,MIA,44246814,10.0157,statline_mc+recal_10_4b,team:KC
76,RB2,00-0038597,Chase Brown,RB,CIN,6600,16.655155698973566,2.52,PIT,44246820,8.7601,statline_mc+recal_10_4b,team:KC
76,WR1,00-0036963,Amon-Ra St. Brown,WR,DET,7900,21.579912929459272,2.73,NYJ,44247028,10.1768,statline_mc+recal_10_4b,team:KC
76,WR2,00-0039491,Jalen Coker,WR,CAR,5500,13.893344594216924,2.53,CLE,44247054,8.82,statline_mc+recal_10_4b,team:KC
76,WR3,00-0039894,Xavier Worthy,WR,KC,4400,9.7174043500668,2.21,MIA,44247086,7.7346,statline_mc+recal_10_4b,team:KC
76,TE,00-0030506,Travis Kelce,TE,KC,4500,12.804840046552115,2.85,MIA,44247368,7.5474,statline_mc+recal_10_4b,team:KC
76,FLEX,00-0038618,Xavier Hutchinson,WR,HOU,4000,9.294893217357473,2.32,IND,44247108,7.668,statline_mc+recal_10_4b,team:KC
77,QB,00-0033873,Patrick Mahomes,QB,KC,6200,21.01262000270925,3.39,MIA,44246754,8.191,statline_mc+recal_10_4b,team:KC
77,DST,DST_JAX,Jaguars,DST,JAX,2900,7.568673192,2.61,NE,44247561,5.8397,dst_simulated_session_10_4+recal_10_4b,team:KC
77,RB1,00-0039139,Jahmyr Gibbs,RB,DET,8800,25.38577021114587,2.88,NYJ,44246810,10.4186,statline_mc+recal_10_4b,team:KC
77,RB2,00-0038597,Chase Brown,RB,CIN,6600,16.655155698973566,2.52,PIT,44246820,8.7601,statline_mc+recal_10_4b,team:KC
77,WR1,00-0036963,Amon-Ra St. Brown,WR,DET,7900,21.579912929459272,2.73,NYJ,44247028,10.1768,statline_mc+recal_10_4b,team:KC
77,WR2,00-0041037,Denzel Boston,WR,CLE,4500,10.534663573622124,2.34,CAR,44247082,8.1381,statline_mc+recal_10_4b,team:KC
77,WR3,00-0039894,Xavier Worthy,WR,KC,4400,9.7174043500668,2.21,MIA,44247086,7.7346,statline_mc+recal_10_4b,team:KC
77,TE,00-0030506,Travis Kelce,TE,KC,4500,12.804840046552115,2.85,MIA,44247368,7.5474,statline_mc+recal_10_4b,team:KC
77,FLEX,00-0034383,Dalton Schultz,TE,HOU,4200,12.414430942735915,2.96,IND,44247372,7.3455,statline_mc+recal_10_4b,team:KC
78,QB,00-0033873,Patrick Mahomes,QB,KC,6200,21.01262000270925,3.39,MIA,44246754,8.191,statline_mc+recal_10_4b,team:KC
78,DST,DST_IND,Colts,DST,IND,2500,7.846034035499999,3.14,HOU,44247565,5.8381,dst_simulated_session_10_4+recal_10_4b,team:KC
78,RB1,00-0038597,Chase Brown,RB,CIN,6600,16.655155698973566,2.52,PIT,44246820,8.7601,statline_mc+recal_10_4b,team:KC
78,RB2,00-0036555,Chuba Hubbard,RB,CAR,6100,14.38013823811455,2.36,CLE,44246828,8.4773,statline_mc+recal_10_4b,team:KC
78,WR1,00-0036963,Amon-Ra St. Brown,WR,DET,7900,21.579912929459272,2.73,NYJ,44247028,10.1768,statline_mc+recal_10_4b,team:KC
78,WR2,00-0039067,Rashee Rice,WR,KC,6400,13.729602369782825,2.15,MIA,44247034,8.3704,statline_mc+recal_10_4b,team:KC
78,WR3,00-0039880,Malik Washington,WR,MIA,4200,10.187237635880306,2.43,KC,44247098,7.7826,statline_mc+recal_10_4b,team:KC
78,TE,00-0038933,Dalton Kincaid,TE,BUF,5500,13.34446160592542,2.43,LAC,44247362,7.8417,statline_mc+recal_10_4b,team:KC
78,FLEX,00-0030506,Travis Kelce,TE,KC,4500,12.804840046552115,2.85,MIA,44247368,7.5474,statline_mc+recal_10_4b,team:KC
79,QB,00-0033106,Jared Goff,QB,DET,6300,20.89918742333326,3.32,NYJ,44246753,8.2087,statline_mc+recal_10_4b,team:DET
79,DST,DST_IND,Colts,DST,IND,2500,7.846034035499999,3.14,HOU,44247565,5.8381,dst_simulated_session_10_4+recal_10_4b,team:DET
79,RB1,00-0038134,Kenneth Walker III,RB,KC,7400,21.827228609964727,2.95,MIA,44246814,10.0157,statline_mc+recal_10_4b,team:DET
79,RB2,00-0041512,Jadarian Price,RB,SEA,5300,10.870945396821131,2.05,WAS,44246844,7.8982,statline_mc+recal_10_4b,team:DET
79,WR1,00-0036963,Amon-Ra St. Brown,WR,DET,7900,21.579912929459272,2.73,NYJ,44247028,10.1768,statline_mc+recal_10_4b,team:DET
79,WR2,00-0037740,Garrett Wilson,WR,NYJ,6300,16.70250746093251,2.65,DET,44247036,9.0321,statline_mc+recal_10_4b,team:DET
79,WR3,00-0039491,Jalen Coker,WR,CAR,5500,13.893344594216924,2.53,CLE,44247054,8.82,statline_mc+recal_10_4b,team:DET
79,TE,00-0030506,Travis Kelce,TE,KC,4500,12.804840046552115,2.85,MIA,44247368,7.5474,statline_mc+recal_10_4b,team:DET
79,FLEX,00-0039065,Sam LaPorta,TE,DET,4300,11.492185748146571,2.67,NYJ,44247370,7.2885,statline_mc+recal_10_4b,team:DET
80,QB,00-0033873,Patrick Mahomes,QB,KC,6200,21.01262000270925,3.39,MIA,44246754,8.191,statline_mc+recal_10_4b,team:KC
80,DST,DST_CLE,Browns,DST,CLE,2500,7.110197109000001,2.84,CAR,44247566,5.759,dst_simulated_session_10_4+recal_10_4b,team:KC
80,RB1,00-0038134,Kenneth Walker III,RB,KC,7400,21.827228609964727,2.95,MIA,44246814,10.0157,statline_mc+recal_10_4b,team:KC
80,RB2,00-0037248,James Cook III,RB,BUF,6900,17.852368294711475,2.59,LAC,44246816,9.5899,statline_mc+recal_10_4b,team:KC
80,WR1,00-0037740,Garrett Wilson,WR,NYJ,6300,16.70250746093251,2.65,DET,44247036,9.0321,statline_mc+recal_10_4b,team:KC
80,WR2,00-0038606,Parker Washington,WR,JAX,6000,15.68271641800808,2.61,NE,44247042,9.2243,statline_mc+recal_10_4b,team:KC
80,WR3,00-0034827,DJ Moore,WR,BUF,5800,11.521532628026227,1.99,LAC,44247046,8.092,statline_mc+recal_10_4b,team:KC
80,TE,00-0030506,Travis Kelce,TE,KC,4500,12.804840046552115,2.85,MIA,44247368,7.5474,statline_mc+recal_10_4b,team:KC
80,FLEX,00-0039894,Xavier Worthy,WR,KC,4400,9.7174043500668,2.21,MIA,44247086,7.7346,statline_mc+recal_10_4b,team:KC
81,QB,00-0034869,Sam Darnold,QB,SEA,5400,14.960867585347938,2.77,WAS,44246762,7.8491,statline_mc+recal_10_4b,team:SEA
81,DST,DST_BUF,Bills,DST,BUF,2800,8.334382266000002,2.98,LAC,44247562,6.0405,dst_simulated_session_10_4+recal_10_4b,team:SEA
81,RB1,00-0039139,Jahmyr Gibbs,RB,DET,8800,25.38577021114587,2.88,NYJ,44246810,10.4186,statline_mc+recal_10_4b,team:SEA
81,RB2,00-0037248,James Cook III,RB,BUF,6900,17.852368294711475,2.59,LAC,44246816,9.5899,statline_mc+recal_10_4b,team:SEA
81,WR1,00-0038543,Jaxon Smith-Njigba,WR,SEA,8600,22.44908089407675,2.61,WAS,44247024,10.481,statline_mc+recal_10_4b,team:SEA
81,WR2,00-0041037,Denzel Boston,WR,CLE,4500,10.534663573622124,2.34,CAR,44247082,8.1381,statline_mc+recal_10_4b,team:SEA
81,WR3,00-0037545,Rashid Shaheed,WR,SEA,4200,7.854076516029304,1.87,WAS,44247094,7.4159,statline_mc+recal_10_4b,team:SEA
81,TE,00-0030506,Travis Kelce,TE,KC,4500,12.804840046552115,2.85,MIA,44247368,7.5474,statline_mc+recal_10_4b,team:SEA
81,FLEX,00-0039065,Sam LaPorta,TE,DET,4300,11.492185748146571,2.67,NYJ,44247370,7.2885,statline_mc+recal_10_4b,team:SEA
82,QB,00-0033106,Jared Goff,QB,DET,6300,20.89918742333326,3.32,NYJ,44246753,8.2087,statline_mc+recal_10_4b,team:DET
82,DST,DST_BUF,Bills,DST,BUF,2800,8.334382266000002,2.98,LAC,44247562,6.0405,dst_simulated_session_10_4+recal_10_4b,team:DET
82,RB1,00-0036223,Jonathan Taylor,RB,IND,7600,19.49399107777725,2.56,HOU,44246812,9.2494,statline_mc+recal_10_4b,team:DET
82,RB2,00-0037248,James Cook III,RB,BUF,6900,17.852368294711475,2.59,LAC,44246816,9.5899,statline_mc+recal_10_4b,team:DET
82,WR1,00-0037740,Garrett Wilson,WR,NYJ,6300,16.70250746093251,2.65,DET,44247036,9.0321,statline_mc+recal_10_4b,team:DET
82,WR2,00-0038606,Parker Washington,WR,JAX,6000,15.68271641800808,2.61,NE,44247042,9.2243,statline_mc+recal_10_4b,team:DET
82,WR3,00-0037240,Jameson Williams,WR,DET,5400,12.158150085061962,2.25,NYJ,44247058,8.4534,statline_mc+recal_10_4b,team:DET
82,TE,00-0039065,Sam LaPorta,TE,DET,4300,11.492185748146571,2.67,NYJ,44247370,7.2885,statline_mc+recal_10_4b,team:DET
82,FLEX,00-0033090,Hunter Henry,TE,NE,3900,10.084476788637902,2.59,JAX,44247376,6.6232,statline_mc+recal_10_4b,team:DET
83,QB,00-0034857,Josh Allen,QB,BUF,8000,27.563548297943456,3.45,LAC,44246751,8.4898,statline_mc+recal_10_4b,team:BUF
83,DST,DST_TEN,Titans,DST,TEN,2400,7.988520087000001,3.33,NYG,44247567,5.7916,dst_simulated_session_10_4+recal_10_4b,team:BUF
83,RB1,00-0039139,Jahmyr Gibbs,RB,DET,8800,25.38577021114587,2.88,NYJ,44246810,10.4186,statline_mc+recal_10_4b,team:BUF
83,RB2,00-0037228,Jaylen Warren,RB,PIT,5700,14.582189575225936,2.56,CIN,44246832,8.1961,statline_mc+recal_10_4b,team:BUF
83,WR1,00-0039491,Jalen Coker,WR,CAR,5500,13.893344594216924,2.53,CLE,44247054,8.82,statline_mc+recal_10_4b,team:BUF
83,WR2,00-0037240,Jameson Williams,WR,DET,5400,12.158150085061962,2.25,NYJ,44247058,8.4534,statline_mc+recal_10_4b,team:BUF
83,WR3,00-0039901,Keon Coleman,WR,BUF,4300,8.341994684472159,1.94,LAC,44247092,7.5656,statline_mc+recal_10_4b,team:BUF
83,TE,00-0038933,Dalton Kincaid,TE,BUF,5500,13.34446160592542,2.43,LAC,44247362,7.8417,statline_mc+recal_10_4b,team:BUF
83,FLEX,00-0039065,Sam LaPorta,TE,DET,4300,11.492185748146571,2.67,NYJ,44247370,7.2885,statline_mc+recal_10_4b,team:BUF
84,QB,00-0036971,Trevor Lawrence,QB,JAX,5700,17.407133434684102,3.05,NE,44246759,8.0555,statline_mc+recal_10_4b,team:JAX
84,DST,DST_CAR,Panthers,DST,CAR,3000,8.466719971500002,2.82,CLE,44247559,5.9819,dst_simulated_session_10_4+recal_10_4b,team:JAX
84,RB1,00-0038597,Chase Brown,RB,CIN,6600,16.655155698973566,2.52,PIT,44246820,8.7601,statline_mc+recal_10_4b,team:JAX
84,RB2,00-0039040,De'Von Achane,RB,MIA,6500,16.034060739663744,2.47,KC,44246822,8.4667,statline_mc+recal_10_4b,team:JAX
84,WR1,00-0036963,Amon-Ra St. Brown,WR,DET,7900,21.579912929459272,2.73,NYJ,44247028,10.1768,statline_mc+recal_10_4b,team:JAX
84,WR2,00-0038606,Parker Washington,WR,JAX,6000,15.68271641800808,2.61,NE,44247042,9.2243,statline_mc+recal_10_4b,team:JAX
84,WR3,00-0040124,Tetairoa McMillan,WR,CAR,6000,14.173415586847586,2.36,CLE,44247040,8.6943,statline_mc+recal_10_4b,team:JAX
84,TE,00-0037838,Isaiah Likely,TE,NYG,4700,10.841709612949916,2.31,TEN,44247366,6.9653,statline_mc+recal_10_4b,team:JAX
84,FLEX,00-0038935,Brenton Strange,TE,JAX,3400,7.567372945798995,2.23,NE,44247388,6.2346,statline_mc+recal_10_4b,team:JAX
85,QB,00-0034857,Josh Allen,QB,BUF,8000,27.563548297943456,3.45,LAC,44246751,8.4898,statline_mc+recal_10_4b,team:BUF
85,DST,DST_NYG,Giants,DST,NYG,3400,8.799405668999999,2.59,TEN,44247557,5.5881,dst_simulated_session_10_4+recal_10_4b,team:BUF
85,RB1,00-0039139,Jahmyr Gibbs,RB,DET,8800,25.38577021114587,2.88,NYJ,44246810,10.4186,statline_mc+recal_10_4b,team:BUF
85,RB2,00-0040784,Quinshon Judkins,RB,CLE,5500,13.094973062725408,2.38,CAR,44246836,8.14,statline_mc+recal_10_4b,team:BUF
85,WR1,00-0038606,Parker Washington,WR,JAX,6000,15.68271641800808,2.61,NE,44247042,9.2243,statline_mc+recal_10_4b,team:BUF
85,WR2,00-0039880,Malik Washington,WR,MIA,4200,10.187237635880306,2.43,KC,44247098,7.7826,statline_mc+recal_10_4b,team:BUF
85,WR3,00-0039901,Keon Coleman,WR,BUF,4300,8.341994684472159,1.94,LAC,44247092,7.5656,statline_mc+recal_10_4b,team:BUF
85,TE,00-0038933,Dalton Kincaid,TE,BUF,5500,13.34446160592542,2.43,LAC,44247362,7.8417,statline_mc+recal_10_4b,team:BUF
85,FLEX,00-0034383,Dalton Schultz,TE,HOU,4200,12.414430942735915,2.96,IND,44247372,7.3455,statline_mc+recal_10_4b,team:BUF
86,QB,00-0033106,Jared Goff,QB,DET,6300,20.89918742333326,3.32,NYJ,44246753,8.2087,statline_mc+recal_10_4b,team:DET
86,DST,DST_BUF,Bills,DST,BUF,2800,8.334382266000002,2.98,LAC,44247562,6.0405,dst_simulated_session_10_4+recal_10_4b,team:DET
86,RB1,00-0039139,Jahmyr Gibbs,RB,DET,8800,25.38577021114587,2.88,NYJ,44246810,10.4186,statline_mc+recal_10_4b,team:DET
86,RB2,00-0038597,Chase Brown,RB,CIN,6600,16.655155698973566,2.52,PIT,44246820,8.7601,statline_mc+recal_10_4b,team:DET
86,WR1,00-0038606,Parker Washington,WR,JAX,6000,15.68271641800808,2.61,NE,44247042,9.2243,statline_mc+recal_10_4b,team:DET
86,WR2,00-0039491,Jalen Coker,WR,CAR,5500,13.893344594216924,2.53,CLE,44247054,8.82,statline_mc+recal_10_4b,team:DET
86,WR3,00-0037240,Jameson Williams,WR,DET,5400,12.158150085061962,2.25,NYJ,44247058,8.4534,statline_mc+recal_10_4b,team:DET
86,TE,00-0034383,Dalton Schultz,TE,HOU,4200,12.414430942735915,2.96,IND,44247372,7.3455,statline_mc+recal_10_4b,team:DET
86,FLEX,00-0039065,Sam LaPorta,TE,DET,4300,11.492185748146571,2.67,NYJ,44247370,7.2885,statline_mc+recal_10_4b,team:DET
87,QB,00-0033873,Patrick Mahomes,QB,KC,6200,21.01262000270925,3.39,MIA,44246754,8.191,statline_mc+recal_10_4b,team:KC
87,DST,DST_NYG,Giants,DST,NYG,3400,8.799405668999999,2.59,TEN,44247557,5.5881,dst_simulated_session_10_4+recal_10_4b,team:KC
87,RB1,00-0039139,Jahmyr Gibbs,RB,DET,8800,25.38577021114587,2.88,NYJ,44246810,10.4186,statline_mc+recal_10_4b,team:KC
87,RB2,00-0038134,Kenneth Walker III,RB,KC,7400,21.827228609964727,2.95,MIA,44246814,10.0157,statline_mc+recal_10_4b,team:KC
87,WR1,00-0039491,Jalen Coker,WR,CAR,5500,13.893344594216924,2.53,CLE,44247054,8.82,statline_mc+recal_10_4b,team:KC
87,WR2,00-0039067,Rashee Rice,WR,KC,6400,13.729602369782825,2.15,MIA,44247034,8.3704,statline_mc+recal_10_4b,team:KC
87,WR3,00-0039894,Xavier Worthy,WR,KC,4400,9.7174043500668,2.21,MIA,44247086,7.7346,statline_mc+recal_10_4b,team:KC
87,TE,00-0033090,Hunter Henry,TE,NE,3900,10.084476788637902,2.59,JAX,44247376,6.6232,statline_mc+recal_10_4b,team:KC
87,FLEX,00-0040663,Harold Fannin Jr.,TE,CLE,4000,9.528074603078927,2.38,CAR,44247374,6.4467,statline_mc+recal_10_4b,team:KC
88,QB,00-0033106,Jared Goff,QB,DET,6300,20.89918742333326,3.32,NYJ,44246753,8.2087,statline_mc+recal_10_4b,team:DET
88,DST,DST_NE,Patriots,DST,NE,2700,5.741889070499999,2.13,JAX,44247564,5.7689,dst_simulated_session_10_4+recal_10_4b,team:DET
88,RB1,00-0038134,Kenneth Walker III,RB,KC,7400,21.827228609964727,2.95,MIA,44246814,10.0157,statline_mc+recal_10_4b,team:DET
88,RB2,00-0036555,Chuba Hubbard,RB,CAR,6100,14.38013823811455,2.36,CLE,44246828,8.4773,statline_mc+recal_10_4b,team:DET
88,WR1,00-0036963,Amon-Ra St. Brown,WR,DET,7900,21.579912929459272,2.73,NYJ,44247028,10.1768,statline_mc+recal_10_4b,team:DET
88,WR2,00-0037740,Garrett Wilson,WR,NYJ,6300,16.70250746093251,2.65,DET,44247036,9.0321,statline_mc+recal_10_4b,team:DET
88,WR3,00-0037240,Jameson Williams,WR,DET,5400,12.158150085061962,2.25,NYJ,44247058,8.4534,statline_mc+recal_10_4b,team:DET
88,TE,00-0033090,Hunter Henry,TE,NE,3900,10.084476788637902,2.59,JAX,44247376,6.6232,statline_mc+recal_10_4b,team:DET
88,FLEX,00-0040663,Harold Fannin Jr.,TE,CLE,4000,9.528074603078927,2.38,CAR,44247374,6.4467,statline_mc+recal_10_4b,team:DET
89,QB,00-0034857,Josh Allen,QB,BUF,8000,27.563548297943456,3.45,LAC,44246751,8.4898,statline_mc+recal_10_4b,team:BUF
89,DST,DST_MIA,Dolphins,DST,MIA,2000,5.2236686925,2.61,KC,44247571,5.7628,dst_simulated_session_10_4+recal_10_4b,team:BUF
89,RB1,00-0036223,Jonathan Taylor,RB,IND,7600,19.49399107777725,2.56,HOU,44246812,9.2494,statline_mc+recal_10_4b,team:BUF
89,RB2,00-0036555,Chuba Hubbard,RB,CAR,6100,14.38013823811455,2.36,CLE,44246828,8.4773,statline_mc+recal_10_4b,team:BUF
89,WR1,00-0038543,Jaxon Smith-Njigba,WR,SEA,8600,22.44908089407675,2.61,WAS,44247024,10.481,statline_mc+recal_10_4b,team:BUF
89,WR2,00-0037261,Khalil Shakir,WR,BUF,4800,11.65858400935742,2.43,LAC,44247070,8.2704,statline_mc+recal_10_4b,team:BUF
89,WR3,00-0030279,Keenan Allen,WR,IND,4600,9.49299951266019,2.06,HOU,44247074,7.179,statline_mc+recal_10_4b,team:BUF
89,TE,00-0040663,Harold Fannin Jr.,TE,CLE,4000,9.528074603078927,2.38,CAR,44247374,6.4467,statline_mc+recal_10_4b,team:BUF
89,FLEX,00-0039901,Keon Coleman,WR,BUF,4300,8.341994684472159,1.94,LAC,44247092,7.5656,statline_mc+recal_10_4b,team:BUF
90,QB,00-0034857,Josh Allen,QB,BUF,8000,27.563548297943456,3.45,LAC,44246751,8.4898,statline_mc+recal_10_4b,team:BUF
90,DST,DST_IND,Colts,DST,IND,2500,7.846034035499999,3.14,HOU,44247565,5.8381,dst_simulated_session_10_4+recal_10_4b,team:BUF
90,RB1,00-0039139,Jahmyr Gibbs,RB,DET,8800,25.38577021114587,2.88,NYJ,44246810,10.4186,statline_mc+recal_10_4b,team:BUF
90,RB2,00-0037248,James Cook III,RB,BUF,6900,17.852368294711475,2.59,LAC,44246816,9.5899,statline_mc+recal_10_4b,team:BUF
90,WR1,00-0035640,DK Metcalf,WR,PIT,5400,12.073167629626704,2.24,CIN,44247056,7.9582,statline_mc+recal_10_4b,team:BUF
90,WR2,00-0037261,Khalil Shakir,WR,BUF,4800,11.65858400935742,2.43,LAC,44247070,8.2704,statline_mc+recal_10_4b,team:BUF
90,WR3,00-0039880,Malik Washington,WR,MIA,4200,10.187237635880306,2.43,KC,44247098,7.7826,statline_mc+recal_10_4b,team:BUF
90,TE,00-0038933,Dalton Kincaid,TE,BUF,5500,13.34446160592542,2.43,LAC,44247362,7.8417,statline_mc+recal_10_4b,team:BUF
90,FLEX,00-0033090,Hunter Henry,TE,NE,3900,10.084476788637902,2.59,JAX,44247376,6.6232,statline_mc+recal_10_4b,team:BUF
91,QB,00-0034857,Josh Allen,QB,BUF,8000,27.563548297943456,3.45,LAC,44246751,8.4898,statline_mc+recal_10_4b,team:BUF
91,DST,DST_TEN,Titans,DST,TEN,2400,7.988520087000001,3.33,NYG,44247567,5.7916,dst_simulated_session_10_4+recal_10_4b,team:BUF
91,RB1,00-0036223,Jonathan Taylor,RB,IND,7600,19.49399107777725,2.56,HOU,44246812,9.2494,statline_mc+recal_10_4b,team:BUF
91,RB2,00-0038120,Breece Hall,RB,NYJ,6400,15.991438408565037,2.5,DET,44246824,8.6362,statline_mc+recal_10_4b,team:BUF
91,WR1,00-0037740,Garrett Wilson,WR,NYJ,6300,16.70250746093251,2.65,DET,44247036,9.0321,statline_mc+recal_10_4b,team:BUF
91,WR2,00-0037261,Khalil Shakir,WR,BUF,4800,11.65858400935742,2.43,LAC,44247070,8.2704,statline_mc+recal_10_4b,team:BUF
91,WR3,00-0034827,DJ Moore,WR,BUF,5800,11.521532628026227,1.99,LAC,44247046,8.092,statline_mc+recal_10_4b,team:BUF
91,TE,00-0030506,Travis Kelce,TE,KC,4500,12.804840046552115,2.85,MIA,44247368,7.5474,statline_mc+recal_10_4b,team:BUF
91,FLEX,00-0039880,Malik Washington,WR,MIA,4200,10.187237635880306,2.43,KC,44247098,7.7826,statline_mc+recal_10_4b,team:BUF
92,QB,00-0036971,Trevor Lawrence,QB,JAX,5700,17.407133434684102,3.05,NE,44246759,8.0555,statline_mc+recal_10_4b,team:JAX
92,DST,DST_NYG,Giants,DST,NYG,3400,8.799405668999999,2.59,TEN,44247557,5.5881,dst_simulated_session_10_4+recal_10_4b,team:JAX
92,RB1,00-0036223,Jonathan Taylor,RB,IND,7600,19.49399107777725,2.56,HOU,44246812,9.2494,statline_mc+recal_10_4b,team:JAX
92,RB2,00-0038597,Chase Brown,RB,CIN,6600,16.655155698973566,2.52,PIT,44246820,8.7601,statline_mc+recal_10_4b,team:JAX
92,WR1,00-0038543,Jaxon Smith-Njigba,WR,SEA,8600,22.44908089407675,2.61,WAS,44247024,10.481,statline_mc+recal_10_4b,team:JAX
92,WR2,00-0038606,Parker Washington,WR,JAX,6000,15.68271641800808,2.61,NE,44247042,9.2243,statline_mc+recal_10_4b,team:JAX
92,WR3,00-0039880,Malik Washington,WR,MIA,4200,10.187237635880306,2.43,KC,44247098,7.7826,statline_mc+recal_10_4b,team:JAX
92,TE,00-0034383,Dalton Schultz,TE,HOU,4200,12.414430942735915,2.96,IND,44247372,7.3455,statline_mc+recal_10_4b,team:JAX
92,FLEX,00-0038935,Brenton Strange,TE,JAX,3400,7.567372945798995,2.23,NE,44247388,6.2346,statline_mc+recal_10_4b,team:JAX
93,QB,00-0033873,Patrick Mahomes,QB,KC,6200,21.01262000270925,3.39,MIA,44246754,8.191,statline_mc+recal_10_4b,team:KC
93,DST,DST_TEN,Titans,DST,TEN,2400,7.988520087000001,3.33,NYG,44247567,5.7916,dst_simulated_session_10_4+recal_10_4b,team:KC
93,RB1,00-0039139,Jahmyr Gibbs,RB,DET,8800,25.38577021114587,2.88,NYJ,44246810,10.4186,statline_mc+recal_10_4b,team:KC
93,RB2,00-0038134,Kenneth Walker III,RB,KC,7400,21.827228609964727,2.95,MIA,44246814,10.0157,statline_mc+recal_10_4b,team:KC
93,WR1,00-0037740,Garrett Wilson,WR,NYJ,6300,16.70250746093251,2.65,DET,44247036,9.0321,statline_mc+recal_10_4b,team:KC
93,WR2,00-0039067,Rashee Rice,WR,KC,6400,13.729602369782825,2.15,MIA,44247034,8.3704,statline_mc+recal_10_4b,team:KC
93,WR3,00-0039894,Xavier Worthy,WR,KC,4400,9.7174043500668,2.21,MIA,44247086,7.7346,statline_mc+recal_10_4b,team:KC
93,TE,00-0034383,Dalton Schultz,TE,HOU,4200,12.414430942735915,2.96,IND,44247372,7.3455,statline_mc+recal_10_4b,team:KC
93,FLEX,00-0040727,Tre' Harris,WR,LAC,3900,7.745939521225662,1.99,BUF,44247114,7.2458,statline_mc+recal_10_4b,team:KC
94,QB,00-0036971,Trevor Lawrence,QB,JAX,5700,17.407133434684102,3.05,NE,44246759,8.0555,statline_mc+recal_10_4b,team:JAX
94,DST,DST_CLE,Browns,DST,CLE,2500,7.110197109000001,2.84,CAR,44247566,5.759,dst_simulated_session_10_4+recal_10_4b,team:JAX
94,RB1,00-0039139,Jahmyr Gibbs,RB,DET,8800,25.38577021114587,2.88,NYJ,44246810,10.4186,statline_mc+recal_10_4b,team:JAX
94,RB2,00-0036223,Jonathan Taylor,RB,IND,7600,19.49399107777725,2.56,HOU,44246812,9.2494,statline_mc+recal_10_4b,team:JAX
94,WR1,00-0038606,Parker Washington,WR,JAX,6000,15.68271641800808,2.61,NE,44247042,9.2243,statline_mc+recal_10_4b,team:JAX
94,WR2,00-0039893,Brian Thomas Jr.,WR,JAX,4600,10.006432286850796,2.18,NE,44247076,7.86,statline_mc+recal_10_4b,team:JAX
94,WR3,00-0038618,Xavier Hutchinson,WR,HOU,4000,9.294893217357473,2.32,IND,44247108,7.668,statline_mc+recal_10_4b,team:JAX
94,TE,00-0034383,Dalton Schultz,TE,HOU,4200,12.414430942735915,2.96,IND,44247372,7.3455,statline_mc+recal_10_4b,team:JAX
94,FLEX,00-0039040,De'Von Achane,RB,MIA,6500,16.034060739663744,2.47,KC,44246822,8.4667,statline_mc+recal_10_4b,team:JAX
95,QB,00-0033106,Jared Goff,QB,DET,6300,20.89918742333326,3.32,NYJ,44246753,8.2087,statline_mc+recal_10_4b,team:DET
95,DST,DST_IND,Colts,DST,IND,2500,7.846034035499999,3.14,HOU,44247565,5.8381,dst_simulated_session_10_4+recal_10_4b,team:DET
95,RB1,00-0038134,Kenneth Walker III,RB,KC,7400,21.827228609964727,2.95,MIA,44246814,10.0157,statline_mc+recal_10_4b,team:DET
95,RB2,00-0037228,Jaylen Warren,RB,PIT,5700,14.582189575225936,2.56,CIN,44246832,8.1961,statline_mc+recal_10_4b,team:DET
95,WR1,00-0036963,Amon-Ra St. Brown,WR,DET,7900,21.579912929459272,2.73,NYJ,44247028,10.1768,statline_mc+recal_10_4b,team:DET
95,WR2,00-0039491,Jalen Coker,WR,CAR,5500,13.893344594216924,2.53,CLE,44247054,8.82,statline_mc+recal_10_4b,team:DET
95,WR3,00-0039915,Ladd McConkey,WR,LAC,5900,13.20910447366997,2.24,BUF,44247044,8.4279,statline_mc+recal_10_4b,team:DET
95,TE,00-0030506,Travis Kelce,TE,KC,4500,12.804840046552115,2.85,MIA,44247368,7.5474,statline_mc+recal_10_4b,team:DET
95,FLEX,00-0039065,Sam LaPorta,TE,DET,4300,11.492185748146571,2.67,NYJ,44247370,7.2885,statline_mc+recal_10_4b,team:DET
96,QB,00-0033873,Patrick Mahomes,QB,KC,6200,21.01262000270925,3.39,MIA,44246754,8.191,statline_mc+recal_10_4b,team:KC
96,DST,DST_KC,Chiefs,DST,KC,3700,9.2682756225,2.5,MIA,44247555,5.9462,dst_simulated_session_10_4+recal_10_4b,team:KC
96,RB1,00-0039139,Jahmyr Gibbs,RB,DET,8800,25.38577021114587,2.88,NYJ,44246810,10.4186,statline_mc+recal_10_4b,team:KC
96,RB2,00-0036555,Chuba Hubbard,RB,CAR,6100,14.38013823811455,2.36,CLE,44246828,8.4773,statline_mc+recal_10_4b,team:KC
96,WR1,00-0037740,Garrett Wilson,WR,NYJ,6300,16.70250746093251,2.65,DET,44247036,9.0321,statline_mc+recal_10_4b,team:KC
96,WR2,00-0039491,Jalen Coker,WR,CAR,5500,13.893344594216924,2.53,CLE,44247054,8.82,statline_mc+recal_10_4b,team:KC
96,WR3,00-0039894,Xavier Worthy,WR,KC,4400,9.7174043500668,2.21,MIA,44247086,7.7346,statline_mc+recal_10_4b,team:KC
96,TE,00-0030506,Travis Kelce,TE,KC,4500,12.804840046552115,2.85,MIA,44247368,7.5474,statline_mc+recal_10_4b,team:KC
96,FLEX,00-0034383,Dalton Schultz,TE,HOU,4200,12.414430942735915,2.96,IND,44247372,7.3455,statline_mc+recal_10_4b,team:KC
97,QB,00-0034869,Sam Darnold,QB,SEA,5400,14.960867585347938,2.77,WAS,44246762,7.8491,statline_mc+recal_10_4b,team:SEA
97,DST,DST_TEN,Titans,DST,TEN,2400,7.988520087000001,3.33,NYG,44247567,5.7916,dst_simulated_session_10_4+recal_10_4b,team:SEA
97,RB1,00-0038134,Kenneth Walker III,RB,KC,7400,21.827228609964727,2.95,MIA,44246814,10.0157,statline_mc+recal_10_4b,team:SEA
97,RB2,00-0037228,Jaylen Warren,RB,PIT,5700,14.582189575225936,2.56,CIN,44246832,8.1961,statline_mc+recal_10_4b,team:SEA
97,WR1,00-0038543,Jaxon Smith-Njigba,WR,SEA,8600,22.44908089407675,2.61,WAS,44247024,10.481,statline_mc+recal_10_4b,team:SEA
97,WR2,00-0036963,Amon-Ra St. Brown,WR,DET,7900,21.579912929459272,2.73,NYJ,44247028,10.1768,statline_mc+recal_10_4b,team:SEA
97,WR3,00-0037545,Rashid Shaheed,WR,SEA,4200,7.854076516029304,1.87,WAS,44247094,7.4159,statline_mc+recal_10_4b,team:SEA
97,TE,00-0039065,Sam LaPorta,TE,DET,4300,11.492185748146571,2.67,NYJ,44247370,7.2885,statline_mc+recal_10_4b,team:SEA
97,FLEX,00-0033090,Hunter Henry,TE,NE,3900,10.084476788637902,2.59,JAX,44247376,6.6232,statline_mc+recal_10_4b,team:SEA
98,QB,00-0033873,Patrick Mahomes,QB,KC,6200,21.01262000270925,3.39,MIA,44246754,8.191,statline_mc+recal_10_4b,team:KC
98,DST,DST_TEN,Titans,DST,TEN,2400,7.988520087000001,3.33,NYG,44247567,5.7916,dst_simulated_session_10_4+recal_10_4b,team:KC
98,RB1,00-0039040,De'Von Achane,RB,MIA,6500,16.034060739663744,2.47,KC,44246822,8.4667,statline_mc+recal_10_4b,team:KC
98,RB2,00-0038120,Breece Hall,RB,NYJ,6400,15.991438408565037,2.5,DET,44246824,8.6362,statline_mc+recal_10_4b,team:KC
98,WR1,00-0038543,Jaxon Smith-Njigba,WR,SEA,8600,22.44908089407675,2.61,WAS,44247024,10.481,statline_mc+recal_10_4b,team:KC
98,WR2,00-0037740,Garrett Wilson,WR,NYJ,6300,16.70250746093251,2.65,DET,44247036,9.0321,statline_mc+recal_10_4b,team:KC
98,WR3,00-0039894,Xavier Worthy,WR,KC,4400,9.7174043500668,2.21,MIA,44247086,7.7346,statline_mc+recal_10_4b,team:KC
98,TE,00-0030506,Travis Kelce,TE,KC,4500,12.804840046552115,2.85,MIA,44247368,7.5474,statline_mc+recal_10_4b,team:KC
98,FLEX,00-0034383,Dalton Schultz,TE,HOU,4200,12.414430942735915,2.96,IND,44247372,7.3455,statline_mc+recal_10_4b,team:KC
99,QB,00-0033106,Jared Goff,QB,DET,6300,20.89918742333326,3.32,NYJ,44246753,8.2087,statline_mc+recal_10_4b,team:DET
99,DST,DST_CIN,Bengals,DST,CIN,2900,7.513184655,2.59,PIT,44247560,5.8471,dst_simulated_session_10_4+recal_10_4b,team:DET
99,RB1,00-0039139,Jahmyr Gibbs,RB,DET,8800,25.38577021114587,2.88,NYJ,44246810,10.4186,statline_mc+recal_10_4b,team:DET
99,RB2,00-0038134,Kenneth Walker III,RB,KC,7400,21.827228609964727,2.95,MIA,44246814,10.0157,statline_mc+recal_10_4b,team:DET
99,WR1,00-0036963,Amon-Ra St. Brown,WR,DET,7900,21.579912929459272,2.73,NYJ,44247028,10.1768,statline_mc+recal_10_4b,team:DET
99,WR2,00-0041037,Denzel Boston,WR,CLE,4500,10.534663573622124,2.34,CAR,44247082,8.1381,statline_mc+recal_10_4b,team:DET
99,WR3,00-0041547,KC Concepcion Jr.,WR,CLE,4300,10.032118986603656,2.33,CAR,44247088,7.5891,statline_mc+recal_10_4b,team:DET
99,TE,00-0039065,Sam LaPorta,TE,DET,4300,11.492185748146571,2.67,NYJ,44247370,7.2885,statline_mc+recal_10_4b,team:DET
99,FLEX,00-0034829,Mike Gesicki,TE,CIN,3300,7.112860340303568,2.16,PIT,44247390,6.4878,statline_mc+recal_10_4b,team:DET
100,QB,00-0033873,Patrick Mahomes,QB,KC,6200,21.01262000270925,3.39,MIA,44246754,8.191,statline_mc+recal_10_4b,team:KC
100,DST,DST_TEN,Titans,DST,TEN,2400,7.988520087000001,3.33,NYG,44247567,5.7916,dst_simulated_session_10_4+recal_10_4b,team:KC
100,RB1,00-0038134,Kenneth Walker III,RB,KC,7400,21.827228609964727,2.95,MIA,44246814,10.0157,statline_mc+recal_10_4b,team:KC
100,RB2,00-0036223,Jonathan Taylor,RB,IND,7600,19.49399107777725,2.56,HOU,44246812,9.2494,statline_mc+recal_10_4b,team:KC
100,WR1,00-0037740,Garrett Wilson,WR,NYJ,6300,16.70250746093251,2.65,DET,44247036,9.0321,statline_mc+recal_10_4b,team:KC
100,WR2,00-0038997,Josh Downs,WR,IND,5700,12.330058430821722,2.16,HOU,44247048,8.0527,statline_mc+recal_10_4b,team:KC
100,WR3,00-0039894,Xavier Worthy,WR,KC,4400,9.7174043500668,2.21,MIA,44247086,7.7346,statline_mc+recal_10_4b,team:KC
100,TE,00-0038933,Dalton Kincaid,TE,BUF,5500,13.34446160592542,2.43,LAC,44247362,7.8417,statline_mc+recal_10_4b,team:KC
100,FLEX,00-0030506,Travis Kelce,TE,KC,4500,12.804840046552115,2.85,MIA,44247368,7.5474,statline_mc+recal_10_4b,team:KC
