lineup_id,roster_slot,player_id,player_name,position,team,salary,projection,value,opponent,site_player_id,sigma,sigma_source,stack_target
1,QB,00-0033119,Jacoby Brissett,QB,ARI,5500,18.94746990250052,3.44,DET,44391835,8.0066,statline_mc+recal_10_4b,team:ARI
1,DST,DST_CLE,Browns,DST,CLE,2800,6.890633206,2.46,NYJ,44392861,5.8249,dst_simulated_session_10_4+recal_10_4b,team:ARI
1,RB1,00-0039139,Jahmyr Gibbs,RB,DET,9800,26.89224283222521,2.74,ARI,44391896,10.7491,statline_mc+recal_10_4b,team:ARI
1,RB2,00-0036275,D'Andre Swift,RB,CHI,6200,16.747571859863058,2.7,GB,44391912,8.3847,statline_mc+recal_10_4b,team:ARI
1,WR1,00-0038559,Michael Wilson,WR,ARI,6200,15.717645733631706,2.54,DET,44392188,9.3205,statline_mc+recal_10_4b,team:ARI
1,WR2,00-0039880,Malik Washington,WR,MIA,4600,10.189563486910926,2.22,CIN,44392228,7.8576,statline_mc+recal_10_4b,team:ARI
1,WR3,00-0032464,Kalif Raymond,WR,CHI,3900,7.756539491339251,1.99,GB,44392262,7.2742,statline_mc+recal_10_4b,team:ARI
1,TE,00-0037838,Isaiah Likely,TE,NYG,4300,12.371492689175412,2.88,WAS,44392608,6.9696,statline_mc+recal_10_4b,team:ARI
1,FLEX,00-0037744,Trey McBride,TE,ARI,6700,17.995010054213015,2.69,DET,44392590,7.7568,statline_mc+recal_10_4b,team:ARI
2,QB,00-0033119,Jacoby Brissett,QB,ARI,5500,18.94746990250052,3.44,DET,44391835,8.0066,statline_mc+recal_10_4b,team:ARI
2,DST,DST_MIN,Vikings,DST,MIN,3100,7.1398405735,2.3,NO,44392856,5.9238,dst_simulated_session_10_4+recal_10_4b,team:ARI
2,RB1,00-0039139,Jahmyr Gibbs,RB,DET,9800,26.89224283222521,2.74,ARI,44391896,10.7491,statline_mc+recal_10_4b,team:ARI
2,RB2,00-0036275,D'Andre Swift,RB,CHI,6200,16.747571859863058,2.7,GB,44391912,8.3847,statline_mc+recal_10_4b,team:ARI
2,WR1,00-0038559,Michael Wilson,WR,ARI,6200,15.717645733631706,2.54,DET,44392188,9.3205,statline_mc+recal_10_4b,team:ARI
2,WR2,00-0041547,KC Concepcion Jr.,WR,CLE,4200,9.080669281953444,2.16,NYJ,44392244,7.1537,statline_mc+recal_10_4b,team:ARI
2,WR3,00-0032464,Kalif Raymond,WR,CHI,3900,7.756539491339251,1.99,GB,44392262,7.2742,statline_mc+recal_10_4b,team:ARI
2,TE,00-0037838,Isaiah Likely,TE,NYG,4300,12.371492689175412,2.88,WAS,44392608,6.9696,statline_mc+recal_10_4b,team:ARI
2,FLEX,00-0037744,Trey McBride,TE,ARI,6700,17.995010054213015,2.69,DET,44392590,7.7568,statline_mc+recal_10_4b,team:ARI
3,QB,00-0033119,Jacoby Brissett,QB,ARI,5500,18.94746990250052,3.44,DET,44391835,8.0066,statline_mc+recal_10_4b,team:ARI
3,DST,DST_MIN,Vikings,DST,MIN,3100,7.1398405735,2.3,NO,44392856,5.9238,dst_simulated_session_10_4+recal_10_4b,team:ARI
3,RB1,00-0039139,Jahmyr Gibbs,RB,DET,9800,26.89224283222521,2.74,ARI,44391896,10.7491,statline_mc+recal_10_4b,team:ARI
3,RB2,00-0036275,D'Andre Swift,RB,CHI,6200,16.747571859863058,2.7,GB,44391912,8.3847,statline_mc+recal_10_4b,team:ARI
3,WR1,00-0038559,Michael Wilson,WR,ARI,6200,15.717645733631706,2.54,DET,44392188,9.3205,statline_mc+recal_10_4b,team:ARI
3,WR2,00-0030279,Keenan Allen,WR,IND,4300,9.080045338393417,2.11,PIT,44392240,6.7058,statline_mc+recal_10_4b,team:ARI
3,WR3,00-0032464,Kalif Raymond,WR,CHI,3900,7.756539491339251,1.99,GB,44392262,7.2742,statline_mc+recal_10_4b,team:ARI
3,TE,00-0037838,Isaiah Likely,TE,NYG,4300,12.371492689175412,2.88,WAS,44392608,6.9696,statline_mc+recal_10_4b,team:ARI
3,FLEX,00-0037744,Trey McBride,TE,ARI,6700,17.995010054213015,2.69,DET,44392590,7.7568,statline_mc+recal_10_4b,team:ARI
4,QB,00-0033119,Jacoby Brissett,QB,ARI,5500,18.94746990250052,3.44,DET,44391835,8.0066,statline_mc+recal_10_4b,team:ARI
4,DST,DST_CLE,Browns,DST,CLE,2800,6.890633206,2.46,NYJ,44392861,5.8249,dst_simulated_session_10_4+recal_10_4b,team:ARI
4,RB1,00-0039139,Jahmyr Gibbs,RB,DET,9800,26.89224283222521,2.74,ARI,44391896,10.7491,statline_mc+recal_10_4b,team:ARI
4,RB2,00-0036275,D'Andre Swift,RB,CHI,6200,16.747571859863058,2.7,GB,44391912,8.3847,statline_mc+recal_10_4b,team:ARI
4,WR1,00-0038559,Michael Wilson,WR,ARI,6200,15.717645733631706,2.54,DET,44392188,9.3205,statline_mc+recal_10_4b,team:ARI
4,WR2,00-0039880,Malik Washington,WR,MIA,4600,10.189563486910926,2.22,CIN,44392228,7.8576,statline_mc+recal_10_4b,team:ARI
4,WR3,00-0039739,Roman Wilson,WR,PIT,3700,6.839468533907201,1.85,IND,44392270,7.3692,statline_mc+recal_10_4b,team:ARI
4,TE,00-0037838,Isaiah Likely,TE,NYG,4300,12.371492689175412,2.88,WAS,44392608,6.9696,statline_mc+recal_10_4b,team:ARI
4,FLEX,00-0037744,Trey McBride,TE,ARI,6700,17.995010054213015,2.69,DET,44392590,7.7568,statline_mc+recal_10_4b,team:ARI
5,QB,00-0033119,Jacoby Brissett,QB,ARI,5500,18.94746990250052,3.44,DET,44391835,8.0066,statline_mc+recal_10_4b,team:ARI
5,DST,DST_CLE,Browns,DST,CLE,2800,6.890633206,2.46,NYJ,44392861,5.8249,dst_simulated_session_10_4+recal_10_4b,team:ARI
5,RB1,00-0039139,Jahmyr Gibbs,RB,DET,9800,26.89224283222521,2.74,ARI,44391896,10.7491,statline_mc+recal_10_4b,team:ARI
5,RB2,00-0036275,D'Andre Swift,RB,CHI,6200,16.747571859863058,2.7,GB,44391912,8.3847,statline_mc+recal_10_4b,team:ARI
5,WR1,00-0038559,Michael Wilson,WR,ARI,6200,15.717645733631706,2.54,DET,44392188,9.3205,statline_mc+recal_10_4b,team:ARI
5,WR2,00-0030279,Keenan Allen,WR,IND,4300,9.080045338393417,2.11,PIT,44392240,6.7058,statline_mc+recal_10_4b,team:ARI
5,WR3,00-0032464,Kalif Raymond,WR,CHI,3900,7.756539491339251,1.99,GB,44392262,7.2742,statline_mc+recal_10_4b,team:ARI
5,TE,00-0037838,Isaiah Likely,TE,NYG,4300,12.371492689175412,2.88,WAS,44392608,6.9696,statline_mc+recal_10_4b,team:ARI
5,FLEX,00-0037744,Trey McBride,TE,ARI,6700,17.995010054213015,2.69,DET,44392590,7.7568,statline_mc+recal_10_4b,team:ARI
6,QB,00-0033119,Jacoby Brissett,QB,ARI,5500,18.94746990250052,3.44,DET,44391835,8.0066,statline_mc+recal_10_4b,team:ARI
6,DST,DST_CLE,Browns,DST,CLE,2800,6.890633206,2.46,NYJ,44392861,5.8249,dst_simulated_session_10_4+recal_10_4b,team:ARI
6,RB1,00-0039139,Jahmyr Gibbs,RB,DET,9800,26.89224283222521,2.74,ARI,44391896,10.7491,statline_mc+recal_10_4b,team:ARI
6,RB2,00-0036275,D'Andre Swift,RB,CHI,6200,16.747571859863058,2.7,GB,44391912,8.3847,statline_mc+recal_10_4b,team:ARI
6,WR1,00-0038559,Michael Wilson,WR,ARI,6200,15.717645733631706,2.54,DET,44392188,9.3205,statline_mc+recal_10_4b,team:ARI
6,WR2,00-0034348,Courtland Sutton,WR,DEN,4600,9.058878633662948,1.97,LAC,44392230,6.9699,statline_mc+recal_10_4b,team:ARI
6,WR3,00-0032464,Kalif Raymond,WR,CHI,3900,7.756539491339251,1.99,GB,44392262,7.2742,statline_mc+recal_10_4b,team:ARI
6,TE,00-0037838,Isaiah Likely,TE,NYG,4300,12.371492689175412,2.88,WAS,44392608,6.9696,statline_mc+recal_10_4b,team:ARI
6,FLEX,00-0037744,Trey McBride,TE,ARI,6700,17.995010054213015,2.69,DET,44392590,7.7568,statline_mc+recal_10_4b,team:ARI
7,QB,00-0033119,Jacoby Brissett,QB,ARI,5500,18.94746990250052,3.44,DET,44391835,8.0066,statline_mc+recal_10_4b,team:ARI
7,DST,DST_NE,Patriots,DST,NE,3000,6.5514001885,2.18,LV,44392858,5.817,dst_simulated_session_10_4+recal_10_4b,team:ARI
7,RB1,00-0039139,Jahmyr Gibbs,RB,DET,9800,26.89224283222521,2.74,ARI,44391896,10.7491,statline_mc+recal_10_4b,team:ARI
7,RB2,00-0036275,D'Andre Swift,RB,CHI,6200,16.747571859863058,2.7,GB,44391912,8.3847,statline_mc+recal_10_4b,team:ARI
7,WR1,00-0038559,Michael Wilson,WR,ARI,6200,15.717645733631706,2.54,DET,44392188,9.3205,statline_mc+recal_10_4b,team:ARI
7,WR2,00-0041547,KC Concepcion Jr.,WR,CLE,4200,9.080669281953444,2.16,NYJ,44392244,7.1537,statline_mc+recal_10_4b,team:ARI
7,WR3,00-0032464,Kalif Raymond,WR,CHI,3900,7.756539491339251,1.99,GB,44392262,7.2742,statline_mc+recal_10_4b,team:ARI
7,TE,00-0037838,Isaiah Likely,TE,NYG,4300,12.371492689175412,2.88,WAS,44392608,6.9696,statline_mc+recal_10_4b,team:ARI
7,FLEX,00-0037744,Trey McBride,TE,ARI,6700,17.995010054213015,2.69,DET,44392590,7.7568,statline_mc+recal_10_4b,team:ARI
8,QB,00-0033119,Jacoby Brissett,QB,ARI,5500,18.94746990250052,3.44,DET,44391835,8.0066,statline_mc+recal_10_4b,team:ARI
8,DST,DST_CLE,Browns,DST,CLE,2800,6.890633206,2.46,NYJ,44392861,5.8249,dst_simulated_session_10_4+recal_10_4b,team:ARI
8,RB1,00-0038597,Chase Brown,RB,CIN,6900,17.071830657064734,2.47,MIA,44391904,8.9295,statline_mc+recal_10_4b,team:ARI
8,RB2,00-0036275,D'Andre Swift,RB,CHI,6200,16.747571859863058,2.7,GB,44391912,8.3847,statline_mc+recal_10_4b,team:ARI
8,WR1,00-0038559,Michael Wilson,WR,ARI,6200,15.717645733631706,2.54,DET,44392188,9.3205,statline_mc+recal_10_4b,team:ARI
8,WR2,00-0039880,Malik Washington,WR,MIA,4600,10.189563486910926,2.22,CIN,44392228,7.8576,statline_mc+recal_10_4b,team:ARI
8,WR3,00-0039739,Roman Wilson,WR,PIT,3700,6.839468533907201,1.85,IND,44392270,7.3692,statline_mc+recal_10_4b,team:ARI
8,TE,00-0037838,Isaiah Likely,TE,NYG,4300,12.371492689175412,2.88,WAS,44392608,6.9696,statline_mc+recal_10_4b,team:ARI
8,FLEX,00-0039139,Jahmyr Gibbs,RB,DET,9800,26.89224283222521,2.74,ARI,44391896,10.7491,statline_mc+recal_10_4b,team:ARI
9,QB,00-0033119,Jacoby Brissett,QB,ARI,5500,18.94746990250052,3.44,DET,44391835,8.0066,statline_mc+recal_10_4b,team:ARI
9,DST,DST_WAS,Commanders,DST,WAS,2900,7.800219637000002,2.69,NYG,44392860,5.9099,dst_simulated_session_10_4+recal_10_4b,team:ARI
9,RB1,00-0039139,Jahmyr Gibbs,RB,DET,9800,26.89224283222521,2.74,ARI,44391896,10.7491,statline_mc+recal_10_4b,team:ARI
9,RB2,00-0036275,D'Andre Swift,RB,CHI,6200,16.747571859863058,2.7,GB,44391912,8.3847,statline_mc+recal_10_4b,team:ARI
9,WR1,00-0038559,Michael Wilson,WR,ARI,6200,15.717645733631706,2.54,DET,44392188,9.3205,statline_mc+recal_10_4b,team:ARI
9,WR2,00-0039880,Malik Washington,WR,MIA,4600,10.189563486910926,2.22,CIN,44392228,7.8576,statline_mc+recal_10_4b,team:ARI
9,WR3,00-0041547,KC Concepcion Jr.,WR,CLE,4200,9.080669281953444,2.16,NYJ,44392244,7.1537,statline_mc+recal_10_4b,team:ARI
9,TE,00-0041032,Kenyon Sadiq,TE,NYJ,3800,8.264693842002856,2.17,CLE,44392616,6.3257,statline_mc+recal_10_4b,team:ARI
9,FLEX,00-0037744,Trey McBride,TE,ARI,6700,17.995010054213015,2.69,DET,44392590,7.7568,statline_mc+recal_10_4b,team:ARI
10,QB,00-0033119,Jacoby Brissett,QB,ARI,5500,18.94746990250052,3.44,DET,44391835,8.0066,statline_mc+recal_10_4b,team:ARI
10,DST,DST_CLE,Browns,DST,CLE,2800,6.890633206,2.46,NYJ,44392861,5.8249,dst_simulated_session_10_4+recal_10_4b,team:ARI
10,RB1,00-0039139,Jahmyr Gibbs,RB,DET,9800,26.89224283222521,2.74,ARI,44391896,10.7491,statline_mc+recal_10_4b,team:ARI
10,RB2,00-0036275,D'Andre Swift,RB,CHI,6200,16.747571859863058,2.7,GB,44391912,8.3847,statline_mc+recal_10_4b,team:ARI
10,WR1,00-0040667,Matthew Golden,WR,GB,5700,12.561020653939,2.2,CHI,44392198,8.0118,statline_mc+recal_10_4b,team:ARI
10,WR2,00-0041438,Carnell Tate,WR,TEN,5300,12.246190287240085,2.31,HOU,44392210,7.843,statline_mc+recal_10_4b,team:ARI
10,WR3,00-0039739,Roman Wilson,WR,PIT,3700,6.839468533907201,1.85,IND,44392270,7.3692,statline_mc+recal_10_4b,team:ARI
10,TE,00-0037838,Isaiah Likely,TE,NYG,4300,12.371492689175412,2.88,WAS,44392608,6.9696,statline_mc+recal_10_4b,team:ARI
10,FLEX,00-0037744,Trey McBride,TE,ARI,6700,17.995010054213015,2.69,DET,44392590,7.7568,statline_mc+recal_10_4b,team:ARI
11,QB,00-0033119,Jacoby Brissett,QB,ARI,5500,18.94746990250052,3.44,DET,44391835,8.0066,statline_mc+recal_10_4b,team:ARI
11,DST,DST_CLE,Browns,DST,CLE,2800,6.890633206,2.46,NYJ,44392861,5.8249,dst_simulated_session_10_4+recal_10_4b,team:ARI
11,RB1,00-0036275,D'Andre Swift,RB,CHI,6200,16.747571859863058,2.7,GB,44391912,8.3847,statline_mc+recal_10_4b,team:ARI
11,RB2,00-0033293,Aaron Jones Sr.,RB,MIN,6500,15.405843574155348,2.37,NO,44391908,8.6645,statline_mc+recal_10_4b,team:ARI
11,WR1,00-0036963,Amon-Ra St. Brown,WR,DET,7900,19.62700707984525,2.48,ARI,44392170,10.4382,statline_mc+recal_10_4b,team:ARI
11,WR2,00-0038559,Michael Wilson,WR,ARI,6200,15.717645733631706,2.54,DET,44392188,9.3205,statline_mc+recal_10_4b,team:ARI
11,WR3,00-0032464,Kalif Raymond,WR,CHI,3900,7.756539491339251,1.99,GB,44392262,7.2742,statline_mc+recal_10_4b,team:ARI
11,TE,00-0037838,Isaiah Likely,TE,NYG,4300,12.371492689175412,2.88,WAS,44392608,6.9696,statline_mc+recal_10_4b,team:ARI
11,FLEX,00-0037744,Trey McBride,TE,ARI,6700,17.995010054213015,2.69,DET,44392590,7.7568,statline_mc+recal_10_4b,team:ARI
12,QB,00-0033106,Jared Goff,QB,DET,6600,22.670505308497543,3.43,ARI,44391825,8.3819,statline_mc+recal_10_4b,team:DET
12,DST,DST_CLE,Browns,DST,CLE,2800,6.890633206,2.46,NYJ,44392861,5.8249,dst_simulated_session_10_4+recal_10_4b,team:DET
12,RB1,00-0036275,D'Andre Swift,RB,CHI,6200,16.747571859863058,2.7,GB,44391912,8.3847,statline_mc+recal_10_4b,team:DET
12,RB2,00-0037228,Jaylen Warren,RB,PIT,6700,15.81351240983267,2.36,IND,44391906,9.0104,statline_mc+recal_10_4b,team:DET
12,WR1,00-0036963,Amon-Ra St. Brown,WR,DET,7900,19.62700707984525,2.48,ARI,44392170,10.4382,statline_mc+recal_10_4b,team:DET
12,WR2,00-0039880,Malik Washington,WR,MIA,4600,10.189563486910926,2.22,CIN,44392228,7.8576,statline_mc+recal_10_4b,team:DET
12,WR3,00-0041547,KC Concepcion Jr.,WR,CLE,4200,9.080669281953444,2.16,NYJ,44392244,7.1537,statline_mc+recal_10_4b,team:DET
12,TE,00-0037838,Isaiah Likely,TE,NYG,4300,12.371492689175412,2.88,WAS,44392608,6.9696,statline_mc+recal_10_4b,team:DET
12,FLEX,00-0037744,Trey McBride,TE,ARI,6700,17.995010054213015,2.69,DET,44392590,7.7568,statline_mc+recal_10_4b,team:DET
13,QB,00-0033119,Jacoby Brissett,QB,ARI,5500,18.94746990250052,3.44,DET,44391835,8.0066,statline_mc+recal_10_4b,team:ARI
13,DST,DST_CLE,Browns,DST,CLE,2800,6.890633206,2.46,NYJ,44392861,5.8249,dst_simulated_session_10_4+recal_10_4b,team:ARI
13,RB1,00-0036275,D'Andre Swift,RB,CHI,6200,16.747571859863058,2.7,GB,44391912,8.3847,statline_mc+recal_10_4b,team:ARI
13,RB2,00-0037228,Jaylen Warren,RB,PIT,6700,15.81351240983267,2.36,IND,44391906,9.0104,statline_mc+recal_10_4b,team:ARI
13,WR1,00-0038559,Michael Wilson,WR,ARI,6200,15.717645733631706,2.54,DET,44392188,9.3205,statline_mc+recal_10_4b,team:ARI
13,WR2,00-0039880,Malik Washington,WR,MIA,4600,10.189563486910926,2.22,CIN,44392228,7.8576,statline_mc+recal_10_4b,team:ARI
13,WR3,00-0032464,Kalif Raymond,WR,CHI,3900,7.756539491339251,1.99,GB,44392262,7.2742,statline_mc+recal_10_4b,team:ARI
13,TE,00-0037838,Isaiah Likely,TE,NYG,4300,12.371492689175412,2.88,WAS,44392608,6.9696,statline_mc+recal_10_4b,team:ARI
13,FLEX,00-0039139,Jahmyr Gibbs,RB,DET,9800,26.89224283222521,2.74,ARI,44391896,10.7491,statline_mc+recal_10_4b,team:ARI
14,QB,00-0033106,Jared Goff,QB,DET,6600,22.670505308497543,3.43,ARI,44391825,8.3819,statline_mc+recal_10_4b,team:DET
14,DST,DST_CLE,Browns,DST,CLE,2800,6.890633206,2.46,NYJ,44392861,5.8249,dst_simulated_session_10_4+recal_10_4b,team:DET
14,RB1,00-0038597,Chase Brown,RB,CIN,6900,17.071830657064734,2.47,MIA,44391904,8.9295,statline_mc+recal_10_4b,team:DET
14,RB2,00-0036275,D'Andre Swift,RB,CHI,6200,16.747571859863058,2.7,GB,44391912,8.3847,statline_mc+recal_10_4b,team:DET
14,WR1,00-0036963,Amon-Ra St. Brown,WR,DET,7900,19.62700707984525,2.48,ARI,44392170,10.4382,statline_mc+recal_10_4b,team:DET
14,WR2,00-0039880,Malik Washington,WR,MIA,4600,10.189563486910926,2.22,CIN,44392228,7.8576,statline_mc+recal_10_4b,team:DET
14,WR3,00-0032464,Kalif Raymond,WR,CHI,3900,7.756539491339251,1.99,GB,44392262,7.2742,statline_mc+recal_10_4b,team:DET
14,TE,00-0037838,Isaiah Likely,TE,NYG,4300,12.371492689175412,2.88,WAS,44392608,6.9696,statline_mc+recal_10_4b,team:DET
14,FLEX,00-0037744,Trey McBride,TE,ARI,6700,17.995010054213015,2.69,DET,44392590,7.7568,statline_mc+recal_10_4b,team:DET
15,QB,00-0033119,Jacoby Brissett,QB,ARI,5500,18.94746990250052,3.44,DET,44391835,8.0066,statline_mc+recal_10_4b,team:ARI
15,DST,DST_CLE,Browns,DST,CLE,2800,6.890633206,2.46,NYJ,44392861,5.8249,dst_simulated_session_10_4+recal_10_4b,team:ARI
15,RB1,00-0039139,Jahmyr Gibbs,RB,DET,9800,26.89224283222521,2.74,ARI,44391896,10.7491,statline_mc+recal_10_4b,team:ARI
15,RB2,00-0036275,D'Andre Swift,RB,CHI,6200,16.747571859863058,2.7,GB,44391912,8.3847,statline_mc+recal_10_4b,team:ARI
15,WR1,00-0041438,Carnell Tate,WR,TEN,5300,12.246190287240085,2.31,HOU,44392210,7.843,statline_mc+recal_10_4b,team:ARI
15,WR2,00-0035640,DK Metcalf,WR,PIT,5400,11.46105941309562,2.12,IND,44392208,7.9759,statline_mc+recal_10_4b,team:ARI
15,WR3,00-0032464,Kalif Raymond,WR,CHI,3900,7.756539491339251,1.99,GB,44392262,7.2742,statline_mc+recal_10_4b,team:ARI
15,TE,00-0037838,Isaiah Likely,TE,NYG,4300,12.371492689175412,2.88,WAS,44392608,6.9696,statline_mc+recal_10_4b,team:ARI
15,FLEX,00-0037744,Trey McBride,TE,ARI,6700,17.995010054213015,2.69,DET,44392590,7.7568,statline_mc+recal_10_4b,team:ARI
16,QB,00-0033106,Jared Goff,QB,DET,6600,22.670505308497543,3.43,ARI,44391825,8.3819,statline_mc+recal_10_4b,team:DET
16,DST,DST_CLE,Browns,DST,CLE,2800,6.890633206,2.46,NYJ,44392861,5.8249,dst_simulated_session_10_4+recal_10_4b,team:DET
16,RB1,00-0038597,Chase Brown,RB,CIN,6900,17.071830657064734,2.47,MIA,44391904,8.9295,statline_mc+recal_10_4b,team:DET
16,RB2,00-0036275,D'Andre Swift,RB,CHI,6200,16.747571859863058,2.7,GB,44391912,8.3847,statline_mc+recal_10_4b,team:DET
16,WR1,00-0036963,Amon-Ra St. Brown,WR,DET,7900,19.62700707984525,2.48,ARI,44392170,10.4382,statline_mc+recal_10_4b,team:DET
16,WR2,00-0040735,Luther Burden III,WR,CHI,4900,10.974841066726976,2.24,GB,44392222,8.1533,statline_mc+recal_10_4b,team:DET
16,WR3,00-0039739,Roman Wilson,WR,PIT,3700,6.839468533907201,1.85,IND,44392270,7.3692,statline_mc+recal_10_4b,team:DET
16,TE,00-0037838,Isaiah Likely,TE,NYG,4300,12.371492689175412,2.88,WAS,44392608,6.9696,statline_mc+recal_10_4b,team:DET
16,FLEX,00-0037744,Trey McBride,TE,ARI,6700,17.995010054213015,2.69,DET,44392590,7.7568,statline_mc+recal_10_4b,team:DET
17,QB,00-0033106,Jared Goff,QB,DET,6600,22.670505308497543,3.43,ARI,44391825,8.3819,statline_mc+recal_10_4b,team:DET
17,DST,DST_CLE,Browns,DST,CLE,2800,6.890633206,2.46,NYJ,44392861,5.8249,dst_simulated_session_10_4+recal_10_4b,team:DET
17,RB1,00-0039139,Jahmyr Gibbs,RB,DET,9800,26.89224283222521,2.74,ARI,44391896,10.7491,statline_mc+recal_10_4b,team:DET
17,RB2,00-0036275,D'Andre Swift,RB,CHI,6200,16.747571859863058,2.7,GB,44391912,8.3847,statline_mc+recal_10_4b,team:DET
17,WR1,00-0041547,KC Concepcion Jr.,WR,CLE,4200,9.080669281953444,2.16,NYJ,44392244,7.1537,statline_mc+recal_10_4b,team:DET
17,WR2,00-0030279,Keenan Allen,WR,IND,4300,9.080045338393417,2.11,PIT,44392240,6.7058,statline_mc+recal_10_4b,team:DET
17,WR3,00-0032464,Kalif Raymond,WR,CHI,3900,7.756539491339251,1.99,GB,44392262,7.2742,statline_mc+recal_10_4b,team:DET
17,TE,00-0037838,Isaiah Likely,TE,NYG,4300,12.371492689175412,2.88,WAS,44392608,6.9696,statline_mc+recal_10_4b,team:DET
17,FLEX,00-0036963,Amon-Ra St. Brown,WR,DET,7900,19.62700707984525,2.48,ARI,44392170,10.4382,statline_mc+recal_10_4b,team:DET
18,QB,00-0033119,Jacoby Brissett,QB,ARI,5500,18.94746990250052,3.44,DET,44391835,8.0066,statline_mc+recal_10_4b,team:ARI
18,DST,DST_CLE,Browns,DST,CLE,2800,6.890633206,2.46,NYJ,44392861,5.8249,dst_simulated_session_10_4+recal_10_4b,team:ARI
18,RB1,00-0039139,Jahmyr Gibbs,RB,DET,9800,26.89224283222521,2.74,ARI,44391896,10.7491,statline_mc+recal_10_4b,team:ARI
18,RB2,00-0033293,Aaron Jones Sr.,RB,MIN,6500,15.405843574155348,2.37,NO,44391908,8.6645,statline_mc+recal_10_4b,team:ARI
18,WR1,00-0038559,Michael Wilson,WR,ARI,6200,15.717645733631706,2.54,DET,44392188,9.3205,statline_mc+recal_10_4b,team:ARI
18,WR2,00-0041547,KC Concepcion Jr.,WR,CLE,4200,9.080669281953444,2.16,NYJ,44392244,7.1537,statline_mc+recal_10_4b,team:ARI
18,WR3,00-0032464,Kalif Raymond,WR,CHI,3900,7.756539491339251,1.99,GB,44392262,7.2742,statline_mc+recal_10_4b,team:ARI
18,TE,00-0037838,Isaiah Likely,TE,NYG,4300,12.371492689175412,2.88,WAS,44392608,6.9696,statline_mc+recal_10_4b,team:ARI
18,FLEX,00-0037744,Trey McBride,TE,ARI,6700,17.995010054213015,2.69,DET,44392590,7.7568,statline_mc+recal_10_4b,team:ARI
19,QB,00-0033119,Jacoby Brissett,QB,ARI,5500,18.94746990250052,3.44,DET,44391835,8.0066,statline_mc+recal_10_4b,team:ARI
19,DST,DST_CLE,Browns,DST,CLE,2800,6.890633206,2.46,NYJ,44392861,5.8249,dst_simulated_session_10_4+recal_10_4b,team:ARI
19,RB1,00-0039139,Jahmyr Gibbs,RB,DET,9800,26.89224283222521,2.74,ARI,44391896,10.7491,statline_mc+recal_10_4b,team:ARI
19,RB2,00-0033293,Aaron Jones Sr.,RB,MIN,6500,15.405843574155348,2.37,NO,44391908,8.6645,statline_mc+recal_10_4b,team:ARI
19,WR1,00-0038559,Michael Wilson,WR,ARI,6200,15.717645733631706,2.54,DET,44392188,9.3205,statline_mc+recal_10_4b,team:ARI
19,WR2,00-0030279,Keenan Allen,WR,IND,4300,9.080045338393417,2.11,PIT,44392240,6.7058,statline_mc+recal_10_4b,team:ARI
19,WR3,00-0032464,Kalif Raymond,WR,CHI,3900,7.756539491339251,1.99,GB,44392262,7.2742,statline_mc+recal_10_4b,team:ARI
19,TE,00-0037838,Isaiah Likely,TE,NYG,4300,12.371492689175412,2.88,WAS,44392608,6.9696,statline_mc+recal_10_4b,team:ARI
19,FLEX,00-0037744,Trey McBride,TE,ARI,6700,17.995010054213015,2.69,DET,44392590,7.7568,statline_mc+recal_10_4b,team:ARI
20,QB,00-0033119,Jacoby Brissett,QB,ARI,5500,18.94746990250052,3.44,DET,44391835,8.0066,statline_mc+recal_10_4b,team:ARI
20,DST,DST_MIN,Vikings,DST,MIN,3100,7.1398405735,2.3,NO,44392856,5.9238,dst_simulated_session_10_4+recal_10_4b,team:ARI
20,RB1,00-0036223,Jonathan Taylor,RB,IND,7800,18.872651475543112,2.42,PIT,44391900,8.9393,statline_mc+recal_10_4b,team:ARI
20,RB2,00-0036275,D'Andre Swift,RB,CHI,6200,16.747571859863058,2.7,GB,44391912,8.3847,statline_mc+recal_10_4b,team:ARI
20,WR1,00-0038559,Michael Wilson,WR,ARI,6200,15.717645733631706,2.54,DET,44392188,9.3205,statline_mc+recal_10_4b,team:ARI
20,WR2,00-0041438,Carnell Tate,WR,TEN,5300,12.246190287240085,2.31,HOU,44392210,7.843,statline_mc+recal_10_4b,team:ARI
20,WR3,00-0040735,Luther Burden III,WR,CHI,4900,10.974841066726976,2.24,GB,44392222,8.1533,statline_mc+recal_10_4b,team:ARI
20,TE,00-0037838,Isaiah Likely,TE,NYG,4300,12.371492689175412,2.88,WAS,44392608,6.9696,statline_mc+recal_10_4b,team:ARI
20,FLEX,00-0037744,Trey McBride,TE,ARI,6700,17.995010054213015,2.69,DET,44392590,7.7568,statline_mc+recal_10_4b,team:ARI
21,QB,00-0033119,Jacoby Brissett,QB,ARI,5500,18.94746990250052,3.44,DET,44391835,8.0066,statline_mc+recal_10_4b,team:ARI
21,DST,DST_CLE,Browns,DST,CLE,2800,6.890633206,2.46,NYJ,44392861,5.8249,dst_simulated_session_10_4+recal_10_4b,team:ARI
21,RB1,00-0036275,D'Andre Swift,RB,CHI,6200,16.747571859863058,2.7,GB,44391912,8.3847,statline_mc+recal_10_4b,team:ARI
21,RB2,00-0037228,Jaylen Warren,RB,PIT,6700,15.81351240983267,2.36,IND,44391906,9.0104,statline_mc+recal_10_4b,team:ARI
21,WR1,00-0036963,Amon-Ra St. Brown,WR,DET,7900,19.62700707984525,2.48,ARI,44392170,10.4382,statline_mc+recal_10_4b,team:ARI
21,WR2,00-0038559,Michael Wilson,WR,ARI,6200,15.717645733631706,2.54,DET,44392188,9.3205,statline_mc+recal_10_4b,team:ARI
21,WR3,00-0039739,Roman Wilson,WR,PIT,3700,6.839468533907201,1.85,IND,44392270,7.3692,statline_mc+recal_10_4b,team:ARI
21,TE,00-0037838,Isaiah Likely,TE,NYG,4300,12.371492689175412,2.88,WAS,44392608,6.9696,statline_mc+recal_10_4b,team:ARI
21,FLEX,00-0037744,Trey McBride,TE,ARI,6700,17.995010054213015,2.69,DET,44392590,7.7568,statline_mc+recal_10_4b,team:ARI
22,QB,00-0033106,Jared Goff,QB,DET,6600,22.670505308497543,3.43,ARI,44391825,8.3819,statline_mc+recal_10_4b,team:DET
22,DST,DST_CLE,Browns,DST,CLE,2800,6.890633206,2.46,NYJ,44392861,5.8249,dst_simulated_session_10_4+recal_10_4b,team:DET
22,RB1,00-0039139,Jahmyr Gibbs,RB,DET,9800,26.89224283222521,2.74,ARI,44391896,10.7491,statline_mc+recal_10_4b,team:DET
22,RB2,00-0036275,D'Andre Swift,RB,CHI,6200,16.747571859863058,2.7,GB,44391912,8.3847,statline_mc+recal_10_4b,team:DET
22,WR1,00-0036963,Amon-Ra St. Brown,WR,DET,7900,19.62700707984525,2.48,ARI,44392170,10.4382,statline_mc+recal_10_4b,team:DET
22,WR2,00-0041547,KC Concepcion Jr.,WR,CLE,4200,9.080669281953444,2.16,NYJ,44392244,7.1537,statline_mc+recal_10_4b,team:DET
22,WR3,00-0030279,Keenan Allen,WR,IND,4300,9.080045338393417,2.11,PIT,44392240,6.7058,statline_mc+recal_10_4b,team:DET
22,TE,00-0037838,Isaiah Likely,TE,NYG,4300,12.371492689175412,2.88,WAS,44392608,6.9696,statline_mc+recal_10_4b,team:DET
22,FLEX,00-0033090,Hunter Henry,TE,NE,3700,7.562140011687606,2.04,LV,44392618,6.3698,statline_mc+recal_10_4b,team:DET
23,QB,00-0033106,Jared Goff,QB,DET,6600,22.670505308497543,3.43,ARI,44391825,8.3819,statline_mc+recal_10_4b,team:DET
23,DST,DST_CLE,Browns,DST,CLE,2800,6.890633206,2.46,NYJ,44392861,5.8249,dst_simulated_session_10_4+recal_10_4b,team:DET
23,RB1,00-0040122,Ashton Jeanty,RB,LV,7200,17.479864721379567,2.43,NE,44391902,8.3425,statline_mc+recal_10_4b,team:DET
23,RB2,00-0036275,D'Andre Swift,RB,CHI,6200,16.747571859863058,2.7,GB,44391912,8.3847,statline_mc+recal_10_4b,team:DET
23,WR1,00-0036963,Amon-Ra St. Brown,WR,DET,7900,19.62700707984525,2.48,ARI,44392170,10.4382,statline_mc+recal_10_4b,team:DET
23,WR2,00-0039880,Malik Washington,WR,MIA,4600,10.189563486910926,2.22,CIN,44392228,7.8576,statline_mc+recal_10_4b,team:DET
23,WR3,00-0039739,Roman Wilson,WR,PIT,3700,6.839468533907201,1.85,IND,44392270,7.3692,statline_mc+recal_10_4b,team:DET
23,TE,00-0037838,Isaiah Likely,TE,NYG,4300,12.371492689175412,2.88,WAS,44392608,6.9696,statline_mc+recal_10_4b,team:DET
23,FLEX,00-0037744,Trey McBride,TE,ARI,6700,17.995010054213015,2.69,DET,44392590,7.7568,statline_mc+recal_10_4b,team:DET
24,QB,00-0033119,Jacoby Brissett,QB,ARI,5500,18.94746990250052,3.44,DET,44391835,8.0066,statline_mc+recal_10_4b,team:ARI
24,DST,DST_MIN,Vikings,DST,MIN,3100,7.1398405735,2.3,NO,44392856,5.9238,dst_simulated_session_10_4+recal_10_4b,team:ARI
24,RB1,00-0038597,Chase Brown,RB,CIN,6900,17.071830657064734,2.47,MIA,44391904,8.9295,statline_mc+recal_10_4b,team:ARI
24,RB2,00-0036275,D'Andre Swift,RB,CHI,6200,16.747571859863058,2.7,GB,44391912,8.3847,statline_mc+recal_10_4b,team:ARI
24,WR1,00-0038559,Michael Wilson,WR,ARI,6200,15.717645733631706,2.54,DET,44392188,9.3205,statline_mc+recal_10_4b,team:ARI
24,WR2,00-0041547,KC Concepcion Jr.,WR,CLE,4200,9.080669281953444,2.16,NYJ,44392244,7.1537,statline_mc+recal_10_4b,team:ARI
24,WR3,00-0039739,Roman Wilson,WR,PIT,3700,6.839468533907201,1.85,IND,44392270,7.3692,statline_mc+recal_10_4b,team:ARI
24,TE,00-0037838,Isaiah Likely,TE,NYG,4300,12.371492689175412,2.88,WAS,44392608,6.9696,statline_mc+recal_10_4b,team:ARI
24,FLEX,00-0039139,Jahmyr Gibbs,RB,DET,9800,26.89224283222521,2.74,ARI,44391896,10.7491,statline_mc+recal_10_4b,team:ARI
25,QB,00-0033119,Jacoby Brissett,QB,ARI,5500,18.94746990250052,3.44,DET,44391835,8.0066,statline_mc+recal_10_4b,team:ARI
25,DST,DST_CLE,Browns,DST,CLE,2800,6.890633206,2.46,NYJ,44392861,5.8249,dst_simulated_session_10_4+recal_10_4b,team:ARI
25,RB1,00-0036275,D'Andre Swift,RB,CHI,6200,16.747571859863058,2.7,GB,44391912,8.3847,statline_mc+recal_10_4b,team:ARI
25,RB2,00-0033293,Aaron Jones Sr.,RB,MIN,6500,15.405843574155348,2.37,NO,44391908,8.6645,statline_mc+recal_10_4b,team:ARI
25,WR1,00-0038559,Michael Wilson,WR,ARI,6200,15.717645733631706,2.54,DET,44392188,9.3205,statline_mc+recal_10_4b,team:ARI
25,WR2,00-0040735,Luther Burden III,WR,CHI,4900,10.974841066726976,2.24,GB,44392222,8.1533,statline_mc+recal_10_4b,team:ARI
25,WR3,00-0039739,Roman Wilson,WR,PIT,3700,6.839468533907201,1.85,IND,44392270,7.3692,statline_mc+recal_10_4b,team:ARI
25,TE,00-0037838,Isaiah Likely,TE,NYG,4300,12.371492689175412,2.88,WAS,44392608,6.9696,statline_mc+recal_10_4b,team:ARI
25,FLEX,00-0039139,Jahmyr Gibbs,RB,DET,9800,26.89224283222521,2.74,ARI,44391896,10.7491,statline_mc+recal_10_4b,team:ARI
26,QB,00-0033119,Jacoby Brissett,QB,ARI,5500,18.94746990250052,3.44,DET,44391835,8.0066,statline_mc+recal_10_4b,team:ARI
26,DST,DST_WAS,Commanders,DST,WAS,2900,7.800219637000002,2.69,NYG,44392860,5.9099,dst_simulated_session_10_4+recal_10_4b,team:ARI
26,RB1,00-0039139,Jahmyr Gibbs,RB,DET,9800,26.89224283222521,2.74,ARI,44391896,10.7491,statline_mc+recal_10_4b,team:ARI
26,RB2,00-0036275,D'Andre Swift,RB,CHI,6200,16.747571859863058,2.7,GB,44391912,8.3847,statline_mc+recal_10_4b,team:ARI
26,WR1,00-0038559,Michael Wilson,WR,ARI,6200,15.717645733631706,2.54,DET,44392188,9.3205,statline_mc+recal_10_4b,team:ARI
26,WR2,00-0041438,Carnell Tate,WR,TEN,5300,12.246190287240085,2.31,HOU,44392210,7.843,statline_mc+recal_10_4b,team:ARI
26,WR3,00-0039739,Roman Wilson,WR,PIT,3700,6.839468533907201,1.85,IND,44392270,7.3692,statline_mc+recal_10_4b,team:ARI
26,TE,00-0033090,Hunter Henry,TE,NE,3700,7.562140011687606,2.04,LV,44392618,6.3698,statline_mc+recal_10_4b,team:ARI
26,FLEX,00-0037744,Trey McBride,TE,ARI,6700,17.995010054213015,2.69,DET,44392590,7.7568,statline_mc+recal_10_4b,team:ARI
27,QB,00-0033106,Jared Goff,QB,DET,6600,22.670505308497543,3.43,ARI,44391825,8.3819,statline_mc+recal_10_4b,team:DET
27,DST,DST_MIN,Vikings,DST,MIN,3100,7.1398405735,2.3,NO,44392856,5.9238,dst_simulated_session_10_4+recal_10_4b,team:DET
27,RB1,00-0039139,Jahmyr Gibbs,RB,DET,9800,26.89224283222521,2.74,ARI,44391896,10.7491,statline_mc+recal_10_4b,team:DET
27,RB2,00-0036275,D'Andre Swift,RB,CHI,6200,16.747571859863058,2.7,GB,44391912,8.3847,statline_mc+recal_10_4b,team:DET
27,WR1,00-0036963,Amon-Ra St. Brown,WR,DET,7900,19.62700707984525,2.48,ARI,44392170,10.4382,statline_mc+recal_10_4b,team:DET
27,WR2,00-0039880,Malik Washington,WR,MIA,4600,10.189563486910926,2.22,CIN,44392228,7.8576,statline_mc+recal_10_4b,team:DET
27,WR3,00-0039739,Roman Wilson,WR,PIT,3700,6.839468533907201,1.85,IND,44392270,7.3692,statline_mc+recal_10_4b,team:DET
27,TE,00-0037838,Isaiah Likely,TE,NYG,4300,12.371492689175412,2.88,WAS,44392608,6.9696,statline_mc+recal_10_4b,team:DET
27,FLEX,00-0041032,Kenyon Sadiq,TE,NYJ,3800,8.264693842002856,2.17,CLE,44392616,6.3257,statline_mc+recal_10_4b,team:DET
28,QB,00-0033106,Jared Goff,QB,DET,6600,22.670505308497543,3.43,ARI,44391825,8.3819,statline_mc+recal_10_4b,team:DET
28,DST,DST_CLE,Browns,DST,CLE,2800,6.890633206,2.46,NYJ,44392861,5.8249,dst_simulated_session_10_4+recal_10_4b,team:DET
28,RB1,00-0039139,Jahmyr Gibbs,RB,DET,9800,26.89224283222521,2.74,ARI,44391896,10.7491,statline_mc+recal_10_4b,team:DET
28,RB2,00-0036275,D'Andre Swift,RB,CHI,6200,16.747571859863058,2.7,GB,44391912,8.3847,statline_mc+recal_10_4b,team:DET
28,WR1,00-0036963,Amon-Ra St. Brown,WR,DET,7900,19.62700707984525,2.48,ARI,44392170,10.4382,statline_mc+recal_10_4b,team:DET
28,WR2,00-0039880,Malik Washington,WR,MIA,4600,10.189563486910926,2.22,CIN,44392228,7.8576,statline_mc+recal_10_4b,team:DET
28,WR3,00-0040727,Tre' Harris,WR,LAC,4100,7.721719449979734,1.88,DEN,44392242,6.9628,statline_mc+recal_10_4b,team:DET
28,TE,00-0037838,Isaiah Likely,TE,NYG,4300,12.371492689175412,2.88,WAS,44392608,6.9696,statline_mc+recal_10_4b,team:DET
28,FLEX,00-0033090,Hunter Henry,TE,NE,3700,7.562140011687606,2.04,LV,44392618,6.3698,statline_mc+recal_10_4b,team:DET
29,QB,00-0033106,Jared Goff,QB,DET,6600,22.670505308497543,3.43,ARI,44391825,8.3819,statline_mc+recal_10_4b,team:DET
29,DST,DST_CLE,Browns,DST,CLE,2800,6.890633206,2.46,NYJ,44392861,5.8249,dst_simulated_session_10_4+recal_10_4b,team:DET
29,RB1,00-0040122,Ashton Jeanty,RB,LV,7200,17.479864721379567,2.43,NE,44391902,8.3425,statline_mc+recal_10_4b,team:DET
29,RB2,00-0036275,D'Andre Swift,RB,CHI,6200,16.747571859863058,2.7,GB,44391912,8.3847,statline_mc+recal_10_4b,team:DET
29,WR1,00-0036963,Amon-Ra St. Brown,WR,DET,7900,19.62700707984525,2.48,ARI,44392170,10.4382,statline_mc+recal_10_4b,team:DET
29,WR2,00-0041547,KC Concepcion Jr.,WR,CLE,4200,9.080669281953444,2.16,NYJ,44392244,7.1537,statline_mc+recal_10_4b,team:DET
29,WR3,00-0032464,Kalif Raymond,WR,CHI,3900,7.756539491339251,1.99,GB,44392262,7.2742,statline_mc+recal_10_4b,team:DET
29,TE,00-0037838,Isaiah Likely,TE,NYG,4300,12.371492689175412,2.88,WAS,44392608,6.9696,statline_mc+recal_10_4b,team:DET
29,FLEX,00-0037744,Trey McBride,TE,ARI,6700,17.995010054213015,2.69,DET,44392590,7.7568,statline_mc+recal_10_4b,team:DET
30,QB,00-0033106,Jared Goff,QB,DET,6600,22.670505308497543,3.43,ARI,44391825,8.3819,statline_mc+recal_10_4b,team:DET
30,DST,DST_CLE,Browns,DST,CLE,2800,6.890633206,2.46,NYJ,44392861,5.8249,dst_simulated_session_10_4+recal_10_4b,team:DET
30,RB1,00-0040122,Ashton Jeanty,RB,LV,7200,17.479864721379567,2.43,NE,44391902,8.3425,statline_mc+recal_10_4b,team:DET
30,RB2,00-0036275,D'Andre Swift,RB,CHI,6200,16.747571859863058,2.7,GB,44391912,8.3847,statline_mc+recal_10_4b,team:DET
30,WR1,00-0036963,Amon-Ra St. Brown,WR,DET,7900,19.62700707984525,2.48,ARI,44392170,10.4382,statline_mc+recal_10_4b,team:DET
30,WR2,00-0030279,Keenan Allen,WR,IND,4300,9.080045338393417,2.11,PIT,44392240,6.7058,statline_mc+recal_10_4b,team:DET
30,WR3,00-0032464,Kalif Raymond,WR,CHI,3900,7.756539491339251,1.99,GB,44392262,7.2742,statline_mc+recal_10_4b,team:DET
30,TE,00-0037838,Isaiah Likely,TE,NYG,4300,12.371492689175412,2.88,WAS,44392608,6.9696,statline_mc+recal_10_4b,team:DET
30,FLEX,00-0037744,Trey McBride,TE,ARI,6700,17.995010054213015,2.69,DET,44392590,7.7568,statline_mc+recal_10_4b,team:DET
31,QB,00-0033119,Jacoby Brissett,QB,ARI,5500,18.94746990250052,3.44,DET,44391835,8.0066,statline_mc+recal_10_4b,team:ARI
31,DST,DST_CLE,Browns,DST,CLE,2800,6.890633206,2.46,NYJ,44392861,5.8249,dst_simulated_session_10_4+recal_10_4b,team:ARI
31,RB1,00-0039139,Jahmyr Gibbs,RB,DET,9800,26.89224283222521,2.74,ARI,44391896,10.7491,statline_mc+recal_10_4b,team:ARI
31,RB2,00-0036275,D'Andre Swift,RB,CHI,6200,16.747571859863058,2.7,GB,44391912,8.3847,statline_mc+recal_10_4b,team:ARI
31,WR1,00-0038124,Christian Watson,WR,GB,6400,13.742636201339598,2.15,CHI,44392184,8.4217,statline_mc+recal_10_4b,team:ARI
31,WR2,00-0039880,Malik Washington,WR,MIA,4600,10.189563486910926,2.22,CIN,44392228,7.8576,statline_mc+recal_10_4b,team:ARI
31,WR3,00-0039739,Roman Wilson,WR,PIT,3700,6.839468533907201,1.85,IND,44392270,7.3692,statline_mc+recal_10_4b,team:ARI
31,TE,00-0037838,Isaiah Likely,TE,NYG,4300,12.371492689175412,2.88,WAS,44392608,6.9696,statline_mc+recal_10_4b,team:ARI
31,FLEX,00-0037744,Trey McBride,TE,ARI,6700,17.995010054213015,2.69,DET,44392590,7.7568,statline_mc+recal_10_4b,team:ARI
32,QB,00-0033106,Jared Goff,QB,DET,6600,22.670505308497543,3.43,ARI,44391825,8.3819,statline_mc+recal_10_4b,team:DET
32,DST,DST_NE,Patriots,DST,NE,3000,6.5514001885,2.18,LV,44392858,5.817,dst_simulated_session_10_4+recal_10_4b,team:DET
32,RB1,00-0039139,Jahmyr Gibbs,RB,DET,9800,26.89224283222521,2.74,ARI,44391896,10.7491,statline_mc+recal_10_4b,team:DET
32,RB2,00-0036275,D'Andre Swift,RB,CHI,6200,16.747571859863058,2.7,GB,44391912,8.3847,statline_mc+recal_10_4b,team:DET
32,WR1,00-0036963,Amon-Ra St. Brown,WR,DET,7900,19.62700707984525,2.48,ARI,44392170,10.4382,statline_mc+recal_10_4b,team:DET
32,WR2,00-0041547,KC Concepcion Jr.,WR,CLE,4200,9.080669281953444,2.16,NYJ,44392244,7.1537,statline_mc+recal_10_4b,team:DET
32,WR3,00-0030279,Keenan Allen,WR,IND,4300,9.080045338393417,2.11,PIT,44392240,6.7058,statline_mc+recal_10_4b,team:DET
32,TE,00-0037838,Isaiah Likely,TE,NYG,4300,12.371492689175412,2.88,WAS,44392608,6.9696,statline_mc+recal_10_4b,team:DET
32,FLEX,00-0033090,Hunter Henry,TE,NE,3700,7.562140011687606,2.04,LV,44392618,6.3698,statline_mc+recal_10_4b,team:DET
33,QB,00-0033106,Jared Goff,QB,DET,6600,22.670505308497543,3.43,ARI,44391825,8.3819,statline_mc+recal_10_4b,team:DET
33,DST,DST_MIN,Vikings,DST,MIN,3100,7.1398405735,2.3,NO,44392856,5.9238,dst_simulated_session_10_4+recal_10_4b,team:DET
33,RB1,00-0039139,Jahmyr Gibbs,RB,DET,9800,26.89224283222521,2.74,ARI,44391896,10.7491,statline_mc+recal_10_4b,team:DET
33,RB2,00-0036275,D'Andre Swift,RB,CHI,6200,16.747571859863058,2.7,GB,44391912,8.3847,statline_mc+recal_10_4b,team:DET
33,WR1,00-0036963,Amon-Ra St. Brown,WR,DET,7900,19.62700707984525,2.48,ARI,44392170,10.4382,statline_mc+recal_10_4b,team:DET
33,WR2,00-0041547,KC Concepcion Jr.,WR,CLE,4200,9.080669281953444,2.16,NYJ,44392244,7.1537,statline_mc+recal_10_4b,team:DET
33,WR3,00-0032464,Kalif Raymond,WR,CHI,3900,7.756539491339251,1.99,GB,44392262,7.2742,statline_mc+recal_10_4b,team:DET
33,TE,00-0037838,Isaiah Likely,TE,NYG,4300,12.371492689175412,2.88,WAS,44392608,6.9696,statline_mc+recal_10_4b,team:DET
33,FLEX,00-0041032,Kenyon Sadiq,TE,NYJ,3800,8.264693842002856,2.17,CLE,44392616,6.3257,statline_mc+recal_10_4b,team:DET
34,QB,00-0033119,Jacoby Brissett,QB,ARI,5500,18.94746990250052,3.44,DET,44391835,8.0066,statline_mc+recal_10_4b,team:ARI
34,DST,DST_CLE,Browns,DST,CLE,2800,6.890633206,2.46,NYJ,44392861,5.8249,dst_simulated_session_10_4+recal_10_4b,team:ARI
34,RB1,00-0038597,Chase Brown,RB,CIN,6900,17.071830657064734,2.47,MIA,44391904,8.9295,statline_mc+recal_10_4b,team:ARI
34,RB2,00-0036275,D'Andre Swift,RB,CHI,6200,16.747571859863058,2.7,GB,44391912,8.3847,statline_mc+recal_10_4b,team:ARI
34,WR1,00-0037239,Chris Olave,WR,NO,7700,17.904845924583014,2.33,MIN,44392172,9.1514,statline_mc+recal_10_4b,team:ARI
34,WR2,00-0038559,Michael Wilson,WR,ARI,6200,15.717645733631706,2.54,DET,44392188,9.3205,statline_mc+recal_10_4b,team:ARI
34,WR3,00-0039739,Roman Wilson,WR,PIT,3700,6.839468533907201,1.85,IND,44392270,7.3692,statline_mc+recal_10_4b,team:ARI
34,TE,00-0037838,Isaiah Likely,TE,NYG,4300,12.371492689175412,2.88,WAS,44392608,6.9696,statline_mc+recal_10_4b,team:ARI
34,FLEX,00-0037744,Trey McBride,TE,ARI,6700,17.995010054213015,2.69,DET,44392590,7.7568,statline_mc+recal_10_4b,team:ARI
35,QB,00-0033106,Jared Goff,QB,DET,6600,22.670505308497543,3.43,ARI,44391825,8.3819,statline_mc+recal_10_4b,team:DET
35,DST,DST_MIN,Vikings,DST,MIN,3100,7.1398405735,2.3,NO,44392856,5.9238,dst_simulated_session_10_4+recal_10_4b,team:DET
35,RB1,00-0038597,Chase Brown,RB,CIN,6900,17.071830657064734,2.47,MIA,44391904,8.9295,statline_mc+recal_10_4b,team:DET
35,RB2,00-0036275,D'Andre Swift,RB,CHI,6200,16.747571859863058,2.7,GB,44391912,8.3847,statline_mc+recal_10_4b,team:DET
35,WR1,00-0036963,Amon-Ra St. Brown,WR,DET,7900,19.62700707984525,2.48,ARI,44392170,10.4382,statline_mc+recal_10_4b,team:DET
35,WR2,00-0041547,KC Concepcion Jr.,WR,CLE,4200,9.080669281953444,2.16,NYJ,44392244,7.1537,statline_mc+recal_10_4b,team:DET
35,WR3,00-0032464,Kalif Raymond,WR,CHI,3900,7.756539491339251,1.99,GB,44392262,7.2742,statline_mc+recal_10_4b,team:DET
35,TE,00-0037838,Isaiah Likely,TE,NYG,4300,12.371492689175412,2.88,WAS,44392608,6.9696,statline_mc+recal_10_4b,team:DET
35,FLEX,00-0037744,Trey McBride,TE,ARI,6700,17.995010054213015,2.69,DET,44392590,7.7568,statline_mc+recal_10_4b,team:DET
36,QB,00-0033119,Jacoby Brissett,QB,ARI,5500,18.94746990250052,3.44,DET,44391835,8.0066,statline_mc+recal_10_4b,team:ARI
36,DST,DST_CLE,Browns,DST,CLE,2800,6.890633206,2.46,NYJ,44392861,5.8249,dst_simulated_session_10_4+recal_10_4b,team:ARI
36,RB1,00-0039139,Jahmyr Gibbs,RB,DET,9800,26.89224283222521,2.74,ARI,44391896,10.7491,statline_mc+recal_10_4b,team:ARI
36,RB2,00-0040784,Quinshon Judkins,RB,CLE,5700,12.3611380062633,2.17,NYJ,44391924,7.7307,statline_mc+recal_10_4b,team:ARI
36,WR1,00-0038559,Michael Wilson,WR,ARI,6200,15.717645733631706,2.54,DET,44392188,9.3205,statline_mc+recal_10_4b,team:ARI
36,WR2,00-0041438,Carnell Tate,WR,TEN,5300,12.246190287240085,2.31,HOU,44392210,7.843,statline_mc+recal_10_4b,team:ARI
36,WR3,00-0039739,Roman Wilson,WR,PIT,3700,6.839468533907201,1.85,IND,44392270,7.3692,statline_mc+recal_10_4b,team:ARI
36,TE,00-0037838,Isaiah Likely,TE,NYG,4300,12.371492689175412,2.88,WAS,44392608,6.9696,statline_mc+recal_10_4b,team:ARI
36,FLEX,00-0037744,Trey McBride,TE,ARI,6700,17.995010054213015,2.69,DET,44392590,7.7568,statline_mc+recal_10_4b,team:ARI
37,QB,00-0033119,Jacoby Brissett,QB,ARI,5500,18.94746990250052,3.44,DET,44391835,8.0066,statline_mc+recal_10_4b,team:ARI
37,DST,DST_CLE,Browns,DST,CLE,2800,6.890633206,2.46,NYJ,44392861,5.8249,dst_simulated_session_10_4+recal_10_4b,team:ARI
37,RB1,00-0040122,Ashton Jeanty,RB,LV,7200,17.479864721379567,2.43,NE,44391902,8.3425,statline_mc+recal_10_4b,team:ARI
37,RB2,00-0036275,D'Andre Swift,RB,CHI,6200,16.747571859863058,2.7,GB,44391912,8.3847,statline_mc+recal_10_4b,team:ARI
37,WR1,00-0036410,Tee Higgins,WR,CIN,7100,16.33525111801687,2.3,MIA,44392178,9.2333,statline_mc+recal_10_4b,team:ARI
37,WR2,00-0038559,Michael Wilson,WR,ARI,6200,15.717645733631706,2.54,DET,44392188,9.3205,statline_mc+recal_10_4b,team:ARI
37,WR3,00-0032464,Kalif Raymond,WR,CHI,3900,7.756539491339251,1.99,GB,44392262,7.2742,statline_mc+recal_10_4b,team:ARI
37,TE,00-0037838,Isaiah Likely,TE,NYG,4300,12.371492689175412,2.88,WAS,44392608,6.9696,statline_mc+recal_10_4b,team:ARI
37,FLEX,00-0037744,Trey McBride,TE,ARI,6700,17.995010054213015,2.69,DET,44392590,7.7568,statline_mc+recal_10_4b,team:ARI
38,QB,00-0033119,Jacoby Brissett,QB,ARI,5500,18.94746990250052,3.44,DET,44391835,8.0066,statline_mc+recal_10_4b,team:ARI
38,DST,DST_CLE,Browns,DST,CLE,2800,6.890633206,2.46,NYJ,44392861,5.8249,dst_simulated_session_10_4+recal_10_4b,team:ARI
38,RB1,00-0039139,Jahmyr Gibbs,RB,DET,9800,26.89224283222521,2.74,ARI,44391896,10.7491,statline_mc+recal_10_4b,team:ARI
38,RB2,00-0038597,Chase Brown,RB,CIN,6900,17.071830657064734,2.47,MIA,44391904,8.9295,statline_mc+recal_10_4b,team:ARI
38,WR1,00-0041438,Carnell Tate,WR,TEN,5300,12.246190287240085,2.31,HOU,44392210,7.843,statline_mc+recal_10_4b,team:ARI
38,WR2,00-0040735,Luther Burden III,WR,CHI,4900,10.974841066726976,2.24,GB,44392222,8.1533,statline_mc+recal_10_4b,team:ARI
38,WR3,00-0039739,Roman Wilson,WR,PIT,3700,6.839468533907201,1.85,IND,44392270,7.3692,statline_mc+recal_10_4b,team:ARI
38,TE,00-0037838,Isaiah Likely,TE,NYG,4300,12.371492689175412,2.88,WAS,44392608,6.9696,statline_mc+recal_10_4b,team:ARI
38,FLEX,00-0037744,Trey McBride,TE,ARI,6700,17.995010054213015,2.69,DET,44392590,7.7568,statline_mc+recal_10_4b,team:ARI
39,QB,00-0033106,Jared Goff,QB,DET,6600,22.670505308497543,3.43,ARI,44391825,8.3819,statline_mc+recal_10_4b,team:DET
39,DST,DST_CLE,Browns,DST,CLE,2800,6.890633206,2.46,NYJ,44392861,5.8249,dst_simulated_session_10_4+recal_10_4b,team:DET
39,RB1,00-0039139,Jahmyr Gibbs,RB,DET,9800,26.89224283222521,2.74,ARI,44391896,10.7491,statline_mc+recal_10_4b,team:DET
39,RB2,00-0036275,D'Andre Swift,RB,CHI,6200,16.747571859863058,2.7,GB,44391912,8.3847,statline_mc+recal_10_4b,team:DET
39,WR1,00-0041547,KC Concepcion Jr.,WR,CLE,4200,9.080669281953444,2.16,NYJ,44392244,7.1537,statline_mc+recal_10_4b,team:DET
39,WR2,00-0030279,Keenan Allen,WR,IND,4300,9.080045338393417,2.11,PIT,44392240,6.7058,statline_mc+recal_10_4b,team:DET
39,WR3,00-0039739,Roman Wilson,WR,PIT,3700,6.839468533907201,1.85,IND,44392270,7.3692,statline_mc+recal_10_4b,team:DET
39,TE,00-0037838,Isaiah Likely,TE,NYG,4300,12.371492689175412,2.88,WAS,44392608,6.9696,statline_mc+recal_10_4b,team:DET
39,FLEX,00-0036963,Amon-Ra St. Brown,WR,DET,7900,19.62700707984525,2.48,ARI,44392170,10.4382,statline_mc+recal_10_4b,team:DET
40,QB,00-0033119,Jacoby Brissett,QB,ARI,5500,18.94746990250052,3.44,DET,44391835,8.0066,statline_mc+recal_10_4b,team:ARI
40,DST,DST_MIN,Vikings,DST,MIN,3100,7.1398405735,2.3,NO,44392856,5.9238,dst_simulated_session_10_4+recal_10_4b,team:ARI
40,RB1,00-0039139,Jahmyr Gibbs,RB,DET,9800,26.89224283222521,2.74,ARI,44391896,10.7491,statline_mc+recal_10_4b,team:ARI
40,RB2,00-0036275,D'Andre Swift,RB,CHI,6200,16.747571859863058,2.7,GB,44391912,8.3847,statline_mc+recal_10_4b,team:ARI
40,WR1,00-0038559,Michael Wilson,WR,ARI,6200,15.717645733631706,2.54,DET,44392188,9.3205,statline_mc+recal_10_4b,team:ARI
40,WR2,00-0037740,Garrett Wilson,WR,NYJ,6600,14.74996432378152,2.23,CLE,44392180,8.3595,statline_mc+recal_10_4b,team:ARI
40,WR3,00-0032464,Kalif Raymond,WR,CHI,3900,7.756539491339251,1.99,GB,44392262,7.2742,statline_mc+recal_10_4b,team:ARI
40,TE,00-0037838,Isaiah Likely,TE,NYG,4300,12.371492689175412,2.88,WAS,44392608,6.9696,statline_mc+recal_10_4b,team:ARI
40,FLEX,00-0040663,Harold Fannin Jr.,TE,CLE,4400,9.856223404674372,2.24,NYJ,44392606,6.2177,statline_mc+recal_10_4b,team:ARI
41,QB,00-0033106,Jared Goff,QB,DET,6600,22.670505308497543,3.43,ARI,44391825,8.3819,statline_mc+recal_10_4b,team:DET
41,DST,DST_CLE,Browns,DST,CLE,2800,6.890633206,2.46,NYJ,44392861,5.8249,dst_simulated_session_10_4+recal_10_4b,team:DET
41,RB1,00-0038597,Chase Brown,RB,CIN,6900,17.071830657064734,2.47,MIA,44391904,8.9295,statline_mc+recal_10_4b,team:DET
41,RB2,00-0036275,D'Andre Swift,RB,CHI,6200,16.747571859863058,2.7,GB,44391912,8.3847,statline_mc+recal_10_4b,team:DET
41,WR1,00-0036963,Amon-Ra St. Brown,WR,DET,7900,19.62700707984525,2.48,ARI,44392170,10.4382,statline_mc+recal_10_4b,team:DET
41,WR2,00-0038559,Michael Wilson,WR,ARI,6200,15.717645733631706,2.54,DET,44392188,9.3205,statline_mc+recal_10_4b,team:DET
41,WR3,00-0035640,DK Metcalf,WR,PIT,5400,11.46105941309562,2.12,IND,44392208,7.9759,statline_mc+recal_10_4b,team:DET
41,TE,00-0037838,Isaiah Likely,TE,NYG,4300,12.371492689175412,2.88,WAS,44392608,6.9696,statline_mc+recal_10_4b,team:DET
41,FLEX,00-0033090,Hunter Henry,TE,NE,3700,7.562140011687606,2.04,LV,44392618,6.3698,statline_mc+recal_10_4b,team:DET
42,QB,00-0033119,Jacoby Brissett,QB,ARI,5500,18.94746990250052,3.44,DET,44391835,8.0066,statline_mc+recal_10_4b,team:ARI
42,DST,DST_CLE,Browns,DST,CLE,2800,6.890633206,2.46,NYJ,44392861,5.8249,dst_simulated_session_10_4+recal_10_4b,team:ARI
42,RB1,00-0040122,Ashton Jeanty,RB,LV,7200,17.479864721379567,2.43,NE,44391902,8.3425,statline_mc+recal_10_4b,team:ARI
42,RB2,00-0036275,D'Andre Swift,RB,CHI,6200,16.747571859863058,2.7,GB,44391912,8.3847,statline_mc+recal_10_4b,team:ARI
42,WR1,00-0038543,Jaxon Smith-Njigba,WR,SEA,8800,21.70589417285751,2.47,SF,44392166,9.9906,statline_mc+recal_10_4b,team:ARI
42,WR2,00-0039880,Malik Washington,WR,MIA,4600,10.189563486910926,2.22,CIN,44392228,7.8576,statline_mc+recal_10_4b,team:ARI
42,WR3,00-0032464,Kalif Raymond,WR,CHI,3900,7.756539491339251,1.99,GB,44392262,7.2742,statline_mc+recal_10_4b,team:ARI
42,TE,00-0037838,Isaiah Likely,TE,NYG,4300,12.371492689175412,2.88,WAS,44392608,6.9696,statline_mc+recal_10_4b,team:ARI
42,FLEX,00-0037744,Trey McBride,TE,ARI,6700,17.995010054213015,2.69,DET,44392590,7.7568,statline_mc+recal_10_4b,team:ARI
43,QB,00-0033106,Jared Goff,QB,DET,6600,22.670505308497543,3.43,ARI,44391825,8.3819,statline_mc+recal_10_4b,team:DET
43,DST,DST_MIN,Vikings,DST,MIN,3100,7.1398405735,2.3,NO,44392856,5.9238,dst_simulated_session_10_4+recal_10_4b,team:DET
43,RB1,00-0040122,Ashton Jeanty,RB,LV,7200,17.479864721379567,2.43,NE,44391902,8.3425,statline_mc+recal_10_4b,team:DET
43,RB2,00-0036275,D'Andre Swift,RB,CHI,6200,16.747571859863058,2.7,GB,44391912,8.3847,statline_mc+recal_10_4b,team:DET
43,WR1,00-0036963,Amon-Ra St. Brown,WR,DET,7900,19.62700707984525,2.48,ARI,44392170,10.4382,statline_mc+recal_10_4b,team:DET
43,WR2,00-0041547,KC Concepcion Jr.,WR,CLE,4200,9.080669281953444,2.16,NYJ,44392244,7.1537,statline_mc+recal_10_4b,team:DET
43,WR3,00-0039739,Roman Wilson,WR,PIT,3700,6.839468533907201,1.85,IND,44392270,7.3692,statline_mc+recal_10_4b,team:DET
43,TE,00-0037838,Isaiah Likely,TE,NYG,4300,12.371492689175412,2.88,WAS,44392608,6.9696,statline_mc+recal_10_4b,team:DET
43,FLEX,00-0037744,Trey McBride,TE,ARI,6700,17.995010054213015,2.69,DET,44392590,7.7568,statline_mc+recal_10_4b,team:DET
44,QB,00-0033119,Jacoby Brissett,QB,ARI,5500,18.94746990250052,3.44,DET,44391835,8.0066,statline_mc+recal_10_4b,team:ARI
44,DST,DST_WAS,Commanders,DST,WAS,2900,7.800219637000002,2.69,NYG,44392860,5.9099,dst_simulated_session_10_4+recal_10_4b,team:ARI
44,RB1,00-0038597,Chase Brown,RB,CIN,6900,17.071830657064734,2.47,MIA,44391904,8.9295,statline_mc+recal_10_4b,team:ARI
44,RB2,00-0036275,D'Andre Swift,RB,CHI,6200,16.747571859863058,2.7,GB,44391912,8.3847,statline_mc+recal_10_4b,team:ARI
44,WR1,00-0036963,Amon-Ra St. Brown,WR,DET,7900,19.62700707984525,2.48,ARI,44392170,10.4382,statline_mc+recal_10_4b,team:ARI
44,WR2,00-0038559,Michael Wilson,WR,ARI,6200,15.717645733631706,2.54,DET,44392188,9.3205,statline_mc+recal_10_4b,team:ARI
44,WR3,00-0032464,Kalif Raymond,WR,CHI,3900,7.756539491339251,1.99,GB,44392262,7.2742,statline_mc+recal_10_4b,team:ARI
44,TE,00-0041032,Kenyon Sadiq,TE,NYJ,3800,8.264693842002856,2.17,CLE,44392616,6.3257,statline_mc+recal_10_4b,team:ARI
44,FLEX,00-0037744,Trey McBride,TE,ARI,6700,17.995010054213015,2.69,DET,44392590,7.7568,statline_mc+recal_10_4b,team:ARI
45,QB,00-0033119,Jacoby Brissett,QB,ARI,5500,18.94746990250052,3.44,DET,44391835,8.0066,statline_mc+recal_10_4b,team:ARI
45,DST,DST_NE,Patriots,DST,NE,3000,6.5514001885,2.18,LV,44392858,5.817,dst_simulated_session_10_4+recal_10_4b,team:ARI
45,RB1,00-0038597,Chase Brown,RB,CIN,6900,17.071830657064734,2.47,MIA,44391904,8.9295,statline_mc+recal_10_4b,team:ARI
45,RB2,00-0036275,D'Andre Swift,RB,CHI,6200,16.747571859863058,2.7,GB,44391912,8.3847,statline_mc+recal_10_4b,team:ARI
45,WR1,00-0038543,Jaxon Smith-Njigba,WR,SEA,8800,21.70589417285751,2.47,SF,44392166,9.9906,statline_mc+recal_10_4b,team:ARI
45,WR2,00-0038559,Michael Wilson,WR,ARI,6200,15.717645733631706,2.54,DET,44392188,9.3205,statline_mc+recal_10_4b,team:ARI
45,WR3,00-0041438,Carnell Tate,WR,TEN,5300,12.246190287240085,2.31,HOU,44392210,7.843,statline_mc+recal_10_4b,team:ARI
45,TE,00-0037838,Isaiah Likely,TE,NYG,4300,12.371492689175412,2.88,WAS,44392608,6.9696,statline_mc+recal_10_4b,team:ARI
45,FLEX,00-0041032,Kenyon Sadiq,TE,NYJ,3800,8.264693842002856,2.17,CLE,44392616,6.3257,statline_mc+recal_10_4b,team:ARI
46,QB,00-0033119,Jacoby Brissett,QB,ARI,5500,18.94746990250052,3.44,DET,44391835,8.0066,statline_mc+recal_10_4b,team:ARI
46,DST,DST_CLE,Browns,DST,CLE,2800,6.890633206,2.46,NYJ,44392861,5.8249,dst_simulated_session_10_4+recal_10_4b,team:ARI
46,RB1,00-0036223,Jonathan Taylor,RB,IND,7800,18.872651475543112,2.42,PIT,44391900,8.9393,statline_mc+recal_10_4b,team:ARI
46,RB2,00-0040122,Ashton Jeanty,RB,LV,7200,17.479864721379567,2.43,NE,44391902,8.3425,statline_mc+recal_10_4b,team:ARI
46,WR1,00-0038559,Michael Wilson,WR,ARI,6200,15.717645733631706,2.54,DET,44392188,9.3205,statline_mc+recal_10_4b,team:ARI
46,WR2,00-0041438,Carnell Tate,WR,TEN,5300,12.246190287240085,2.31,HOU,44392210,7.843,statline_mc+recal_10_4b,team:ARI
46,WR3,00-0041547,KC Concepcion Jr.,WR,CLE,4200,9.080669281953444,2.16,NYJ,44392244,7.1537,statline_mc+recal_10_4b,team:ARI
46,TE,00-0037838,Isaiah Likely,TE,NYG,4300,12.371492689175412,2.88,WAS,44392608,6.9696,statline_mc+recal_10_4b,team:ARI
46,FLEX,00-0037744,Trey McBride,TE,ARI,6700,17.995010054213015,2.69,DET,44392590,7.7568,statline_mc+recal_10_4b,team:ARI
47,QB,00-0033106,Jared Goff,QB,DET,6600,22.670505308497543,3.43,ARI,44391825,8.3819,statline_mc+recal_10_4b,team:DET
47,DST,DST_CLE,Browns,DST,CLE,2800,6.890633206,2.46,NYJ,44392861,5.8249,dst_simulated_session_10_4+recal_10_4b,team:DET
47,RB1,00-0036275,D'Andre Swift,RB,CHI,6200,16.747571859863058,2.7,GB,44391912,8.3847,statline_mc+recal_10_4b,team:DET
47,RB2,00-0033293,Aaron Jones Sr.,RB,MIN,6500,15.405843574155348,2.37,NO,44391908,8.6645,statline_mc+recal_10_4b,team:DET
47,WR1,00-0036963,Amon-Ra St. Brown,WR,DET,7900,19.62700707984525,2.48,ARI,44392170,10.4382,statline_mc+recal_10_4b,team:DET
47,WR2,00-0038559,Michael Wilson,WR,ARI,6200,15.717645733631706,2.54,DET,44392188,9.3205,statline_mc+recal_10_4b,team:DET
47,WR3,00-0040667,Matthew Golden,WR,GB,5700,12.561020653939,2.2,CHI,44392198,8.0118,statline_mc+recal_10_4b,team:DET
47,TE,00-0037838,Isaiah Likely,TE,NYG,4300,12.371492689175412,2.88,WAS,44392608,6.9696,statline_mc+recal_10_4b,team:DET
47,FLEX,00-0033090,Hunter Henry,TE,NE,3700,7.562140011687606,2.04,LV,44392618,6.3698,statline_mc+recal_10_4b,team:DET
48,QB,00-0033106,Jared Goff,QB,DET,6600,22.670505308497543,3.43,ARI,44391825,8.3819,statline_mc+recal_10_4b,team:DET
48,DST,DST_WAS,Commanders,DST,WAS,2900,7.800219637000002,2.69,NYG,44392860,5.9099,dst_simulated_session_10_4+recal_10_4b,team:DET
48,RB1,00-0038597,Chase Brown,RB,CIN,6900,17.071830657064734,2.47,MIA,44391904,8.9295,statline_mc+recal_10_4b,team:DET
48,RB2,00-0036275,D'Andre Swift,RB,CHI,6200,16.747571859863058,2.7,GB,44391912,8.3847,statline_mc+recal_10_4b,team:DET
48,WR1,00-0036963,Amon-Ra St. Brown,WR,DET,7900,19.62700707984525,2.48,ARI,44392170,10.4382,statline_mc+recal_10_4b,team:DET
48,WR2,00-0040735,Luther Burden III,WR,CHI,4900,10.974841066726976,2.24,GB,44392222,8.1533,statline_mc+recal_10_4b,team:DET
48,WR3,00-0041547,KC Concepcion Jr.,WR,CLE,4200,9.080669281953444,2.16,NYJ,44392244,7.1537,statline_mc+recal_10_4b,team:DET
48,TE,00-0033090,Hunter Henry,TE,NE,3700,7.562140011687606,2.04,LV,44392618,6.3698,statline_mc+recal_10_4b,team:DET
48,FLEX,00-0037744,Trey McBride,TE,ARI,6700,17.995010054213015,2.69,DET,44392590,7.7568,statline_mc+recal_10_4b,team:DET
49,QB,00-0033119,Jacoby Brissett,QB,ARI,5500,18.94746990250052,3.44,DET,44391835,8.0066,statline_mc+recal_10_4b,team:ARI
49,DST,DST_WAS,Commanders,DST,WAS,2900,7.800219637000002,2.69,NYG,44392860,5.9099,dst_simulated_session_10_4+recal_10_4b,team:ARI
49,RB1,00-0039139,Jahmyr Gibbs,RB,DET,9800,26.89224283222521,2.74,ARI,44391896,10.7491,statline_mc+recal_10_4b,team:ARI
49,RB2,00-0038597,Chase Brown,RB,CIN,6900,17.071830657064734,2.47,MIA,44391904,8.9295,statline_mc+recal_10_4b,team:ARI
49,WR1,00-0038559,Michael Wilson,WR,ARI,6200,15.717645733631706,2.54,DET,44392188,9.3205,statline_mc+recal_10_4b,team:ARI
49,WR2,00-0030279,Keenan Allen,WR,IND,4300,9.080045338393417,2.11,PIT,44392240,6.7058,statline_mc+recal_10_4b,team:ARI
49,WR3,00-0032464,Kalif Raymond,WR,CHI,3900,7.756539491339251,1.99,GB,44392262,7.2742,statline_mc+recal_10_4b,team:ARI
49,TE,00-0041032,Kenyon Sadiq,TE,NYJ,3800,8.264693842002856,2.17,CLE,44392616,6.3257,statline_mc+recal_10_4b,team:ARI
49,FLEX,00-0037744,Trey McBride,TE,ARI,6700,17.995010054213015,2.69,DET,44392590,7.7568,statline_mc+recal_10_4b,team:ARI
50,QB,00-0033119,Jacoby Brissett,QB,ARI,5500,18.94746990250052,3.44,DET,44391835,8.0066,statline_mc+recal_10_4b,team:ARI
50,DST,DST_WAS,Commanders,DST,WAS,2900,7.800219637000002,2.69,NYG,44392860,5.9099,dst_simulated_session_10_4+recal_10_4b,team:ARI
50,RB1,00-0036275,D'Andre Swift,RB,CHI,6200,16.747571859863058,2.7,GB,44391912,8.3847,statline_mc+recal_10_4b,team:ARI
50,RB2,00-0037228,Jaylen Warren,RB,PIT,6700,15.81351240983267,2.36,IND,44391906,9.0104,statline_mc+recal_10_4b,team:ARI
50,WR1,00-0038559,Michael Wilson,WR,ARI,6200,15.717645733631706,2.54,DET,44392188,9.3205,statline_mc+recal_10_4b,team:ARI
50,WR2,00-0039880,Malik Washington,WR,MIA,4600,10.189563486910926,2.22,CIN,44392228,7.8576,statline_mc+recal_10_4b,team:ARI
50,WR3,00-0041547,KC Concepcion Jr.,WR,CLE,4200,9.080669281953444,2.16,NYJ,44392244,7.1537,statline_mc+recal_10_4b,team:ARI
50,TE,00-0041032,Kenyon Sadiq,TE,NYJ,3800,8.264693842002856,2.17,CLE,44392616,6.3257,statline_mc+recal_10_4b,team:ARI
50,FLEX,00-0039139,Jahmyr Gibbs,RB,DET,9800,26.89224283222521,2.74,ARI,44391896,10.7491,statline_mc+recal_10_4b,team:ARI
51,QB,00-0033106,Jared Goff,QB,DET,6600,22.670505308497543,3.43,ARI,44391825,8.3819,statline_mc+recal_10_4b,team:DET
51,DST,DST_WAS,Commanders,DST,WAS,2900,7.800219637000002,2.69,NYG,44392860,5.9099,dst_simulated_session_10_4+recal_10_4b,team:DET
51,RB1,00-0038597,Chase Brown,RB,CIN,6900,17.071830657064734,2.47,MIA,44391904,8.9295,statline_mc+recal_10_4b,team:DET
51,RB2,00-0036275,D'Andre Swift,RB,CHI,6200,16.747571859863058,2.7,GB,44391912,8.3847,statline_mc+recal_10_4b,team:DET
51,WR1,00-0036963,Amon-Ra St. Brown,WR,DET,7900,19.62700707984525,2.48,ARI,44392170,10.4382,statline_mc+recal_10_4b,team:DET
51,WR2,00-0039880,Malik Washington,WR,MIA,4600,10.189563486910926,2.22,CIN,44392228,7.8576,statline_mc+recal_10_4b,team:DET
51,WR3,00-0030279,Keenan Allen,WR,IND,4300,9.080045338393417,2.11,PIT,44392240,6.7058,statline_mc+recal_10_4b,team:DET
51,TE,00-0041032,Kenyon Sadiq,TE,NYJ,3800,8.264693842002856,2.17,CLE,44392616,6.3257,statline_mc+recal_10_4b,team:DET
51,FLEX,00-0037744,Trey McBride,TE,ARI,6700,17.995010054213015,2.69,DET,44392590,7.7568,statline_mc+recal_10_4b,team:DET
52,QB,00-0033119,Jacoby Brissett,QB,ARI,5500,18.94746990250052,3.44,DET,44391835,8.0066,statline_mc+recal_10_4b,team:ARI
52,DST,DST_CLE,Browns,DST,CLE,2800,6.890633206,2.46,NYJ,44392861,5.8249,dst_simulated_session_10_4+recal_10_4b,team:ARI
52,RB1,00-0038597,Chase Brown,RB,CIN,6900,17.071830657064734,2.47,MIA,44391904,8.9295,statline_mc+recal_10_4b,team:ARI
52,RB2,00-0033293,Aaron Jones Sr.,RB,MIN,6500,15.405843574155348,2.37,NO,44391908,8.6645,statline_mc+recal_10_4b,team:ARI
52,WR1,00-0038559,Michael Wilson,WR,ARI,6200,15.717645733631706,2.54,DET,44392188,9.3205,statline_mc+recal_10_4b,team:ARI
52,WR2,00-0041547,KC Concepcion Jr.,WR,CLE,4200,9.080669281953444,2.16,NYJ,44392244,7.1537,statline_mc+recal_10_4b,team:ARI
52,WR3,00-0039739,Roman Wilson,WR,PIT,3700,6.839468533907201,1.85,IND,44392270,7.3692,statline_mc+recal_10_4b,team:ARI
52,TE,00-0037838,Isaiah Likely,TE,NYG,4300,12.371492689175412,2.88,WAS,44392608,6.9696,statline_mc+recal_10_4b,team:ARI
52,FLEX,00-0039139,Jahmyr Gibbs,RB,DET,9800,26.89224283222521,2.74,ARI,44391896,10.7491,statline_mc+recal_10_4b,team:ARI
53,QB,00-0033119,Jacoby Brissett,QB,ARI,5500,18.94746990250052,3.44,DET,44391835,8.0066,statline_mc+recal_10_4b,team:ARI
53,DST,DST_MIN,Vikings,DST,MIN,3100,7.1398405735,2.3,NO,44392856,5.9238,dst_simulated_session_10_4+recal_10_4b,team:ARI
53,RB1,00-0039139,Jahmyr Gibbs,RB,DET,9800,26.89224283222521,2.74,ARI,44391896,10.7491,statline_mc+recal_10_4b,team:ARI
53,RB2,00-0036223,Jonathan Taylor,RB,IND,7800,18.872651475543112,2.42,PIT,44391900,8.9393,statline_mc+recal_10_4b,team:ARI
53,WR1,00-0040735,Luther Burden III,WR,CHI,4900,10.974841066726976,2.24,GB,44392222,8.1533,statline_mc+recal_10_4b,team:ARI
53,WR2,00-0041547,KC Concepcion Jr.,WR,CLE,4200,9.080669281953444,2.16,NYJ,44392244,7.1537,statline_mc+recal_10_4b,team:ARI
53,WR3,00-0039739,Roman Wilson,WR,PIT,3700,6.839468533907201,1.85,IND,44392270,7.3692,statline_mc+recal_10_4b,team:ARI
53,TE,00-0037838,Isaiah Likely,TE,NYG,4300,12.371492689175412,2.88,WAS,44392608,6.9696,statline_mc+recal_10_4b,team:ARI
53,FLEX,00-0037744,Trey McBride,TE,ARI,6700,17.995010054213015,2.69,DET,44392590,7.7568,statline_mc+recal_10_4b,team:ARI
54,QB,00-0033106,Jared Goff,QB,DET,6600,22.670505308497543,3.43,ARI,44391825,8.3819,statline_mc+recal_10_4b,team:DET
54,DST,DST_WAS,Commanders,DST,WAS,2900,7.800219637000002,2.69,NYG,44392860,5.9099,dst_simulated_session_10_4+recal_10_4b,team:DET
54,RB1,00-0039139,Jahmyr Gibbs,RB,DET,9800,26.89224283222521,2.74,ARI,44391896,10.7491,statline_mc+recal_10_4b,team:DET
54,RB2,00-0036275,D'Andre Swift,RB,CHI,6200,16.747571859863058,2.7,GB,44391912,8.3847,statline_mc+recal_10_4b,team:DET
54,WR1,00-0036963,Amon-Ra St. Brown,WR,DET,7900,19.62700707984525,2.48,ARI,44392170,10.4382,statline_mc+recal_10_4b,team:DET
54,WR2,00-0039880,Malik Washington,WR,MIA,4600,10.189563486910926,2.22,CIN,44392228,7.8576,statline_mc+recal_10_4b,team:DET
54,WR3,00-0032464,Kalif Raymond,WR,CHI,3900,7.756539491339251,1.99,GB,44392262,7.2742,statline_mc+recal_10_4b,team:DET
54,TE,00-0040663,Harold Fannin Jr.,TE,CLE,4400,9.856223404674372,2.24,NYJ,44392606,6.2177,statline_mc+recal_10_4b,team:DET
54,FLEX,00-0033090,Hunter Henry,TE,NE,3700,7.562140011687606,2.04,LV,44392618,6.3698,statline_mc+recal_10_4b,team:DET
55,QB,00-0033119,Jacoby Brissett,QB,ARI,5500,18.94746990250052,3.44,DET,44391835,8.0066,statline_mc+recal_10_4b,team:ARI
55,DST,DST_WAS,Commanders,DST,WAS,2900,7.800219637000002,2.69,NYG,44392860,5.9099,dst_simulated_session_10_4+recal_10_4b,team:ARI
55,RB1,00-0040122,Ashton Jeanty,RB,LV,7200,17.479864721379567,2.43,NE,44391902,8.3425,statline_mc+recal_10_4b,team:ARI
55,RB2,00-0036275,D'Andre Swift,RB,CHI,6200,16.747571859863058,2.7,GB,44391912,8.3847,statline_mc+recal_10_4b,team:ARI
55,WR1,00-0038559,Michael Wilson,WR,ARI,6200,15.717645733631706,2.54,DET,44392188,9.3205,statline_mc+recal_10_4b,team:ARI
55,WR2,00-0039880,Malik Washington,WR,MIA,4600,10.189563486910926,2.22,CIN,44392228,7.8576,statline_mc+recal_10_4b,team:ARI
55,WR3,00-0032464,Kalif Raymond,WR,CHI,3900,7.756539491339251,1.99,GB,44392262,7.2742,statline_mc+recal_10_4b,team:ARI
55,TE,00-0033090,Hunter Henry,TE,NE,3700,7.562140011687606,2.04,LV,44392618,6.3698,statline_mc+recal_10_4b,team:ARI
55,FLEX,00-0039139,Jahmyr Gibbs,RB,DET,9800,26.89224283222521,2.74,ARI,44391896,10.7491,statline_mc+recal_10_4b,team:ARI
56,QB,00-0033119,Jacoby Brissett,QB,ARI,5500,18.94746990250052,3.44,DET,44391835,8.0066,statline_mc+recal_10_4b,team:ARI
56,DST,DST_CLE,Browns,DST,CLE,2800,6.890633206,2.46,NYJ,44392861,5.8249,dst_simulated_session_10_4+recal_10_4b,team:ARI
56,RB1,00-0039139,Jahmyr Gibbs,RB,DET,9800,26.89224283222521,2.74,ARI,44391896,10.7491,statline_mc+recal_10_4b,team:ARI
56,RB2,00-0040122,Ashton Jeanty,RB,LV,7200,17.479864721379567,2.43,NE,44391902,8.3425,statline_mc+recal_10_4b,team:ARI
56,WR1,00-0040667,Matthew Golden,WR,GB,5700,12.561020653939,2.2,CHI,44392198,8.0118,statline_mc+recal_10_4b,team:ARI
56,WR2,00-0030279,Keenan Allen,WR,IND,4300,9.080045338393417,2.11,PIT,44392240,6.7058,statline_mc+recal_10_4b,team:ARI
56,WR3,00-0039739,Roman Wilson,WR,PIT,3700,6.839468533907201,1.85,IND,44392270,7.3692,statline_mc+recal_10_4b,team:ARI
56,TE,00-0037838,Isaiah Likely,TE,NYG,4300,12.371492689175412,2.88,WAS,44392608,6.9696,statline_mc+recal_10_4b,team:ARI
56,FLEX,00-0037744,Trey McBride,TE,ARI,6700,17.995010054213015,2.69,DET,44392590,7.7568,statline_mc+recal_10_4b,team:ARI
57,QB,00-0033119,Jacoby Brissett,QB,ARI,5500,18.94746990250052,3.44,DET,44391835,8.0066,statline_mc+recal_10_4b,team:ARI
57,DST,DST_WAS,Commanders,DST,WAS,2900,7.800219637000002,2.69,NYG,44392860,5.9099,dst_simulated_session_10_4+recal_10_4b,team:ARI
57,RB1,00-0039139,Jahmyr Gibbs,RB,DET,9800,26.89224283222521,2.74,ARI,44391896,10.7491,statline_mc+recal_10_4b,team:ARI
57,RB2,00-0038597,Chase Brown,RB,CIN,6900,17.071830657064734,2.47,MIA,44391904,8.9295,statline_mc+recal_10_4b,team:ARI
57,WR1,00-0038559,Michael Wilson,WR,ARI,6200,15.717645733631706,2.54,DET,44392188,9.3205,statline_mc+recal_10_4b,team:ARI
57,WR2,00-0039880,Malik Washington,WR,MIA,4600,10.189563486910926,2.22,CIN,44392228,7.8576,statline_mc+recal_10_4b,team:ARI
57,WR3,00-0039739,Roman Wilson,WR,PIT,3700,6.839468533907201,1.85,IND,44392270,7.3692,statline_mc+recal_10_4b,team:ARI
57,TE,00-0033090,Hunter Henry,TE,NE,3700,7.562140011687606,2.04,LV,44392618,6.3698,statline_mc+recal_10_4b,team:ARI
57,FLEX,00-0037744,Trey McBride,TE,ARI,6700,17.995010054213015,2.69,DET,44392590,7.7568,statline_mc+recal_10_4b,team:ARI
58,QB,00-0033119,Jacoby Brissett,QB,ARI,5500,18.94746990250052,3.44,DET,44391835,8.0066,statline_mc+recal_10_4b,team:ARI
58,DST,DST_WAS,Commanders,DST,WAS,2900,7.800219637000002,2.69,NYG,44392860,5.9099,dst_simulated_session_10_4+recal_10_4b,team:ARI
58,RB1,00-0039139,Jahmyr Gibbs,RB,DET,9800,26.89224283222521,2.74,ARI,44391896,10.7491,statline_mc+recal_10_4b,team:ARI
58,RB2,00-0037228,Jaylen Warren,RB,PIT,6700,15.81351240983267,2.36,IND,44391906,9.0104,statline_mc+recal_10_4b,team:ARI
58,WR1,00-0038559,Michael Wilson,WR,ARI,6200,15.717645733631706,2.54,DET,44392188,9.3205,statline_mc+recal_10_4b,team:ARI
58,WR2,00-0041547,KC Concepcion Jr.,WR,CLE,4200,9.080669281953444,2.16,NYJ,44392244,7.1537,statline_mc+recal_10_4b,team:ARI
58,WR3,00-0030279,Keenan Allen,WR,IND,4300,9.080045338393417,2.11,PIT,44392240,6.7058,statline_mc+recal_10_4b,team:ARI
58,TE,00-0033090,Hunter Henry,TE,NE,3700,7.562140011687606,2.04,LV,44392618,6.3698,statline_mc+recal_10_4b,team:ARI
58,FLEX,00-0037744,Trey McBride,TE,ARI,6700,17.995010054213015,2.69,DET,44392590,7.7568,statline_mc+recal_10_4b,team:ARI
59,QB,00-0033119,Jacoby Brissett,QB,ARI,5500,18.94746990250052,3.44,DET,44391835,8.0066,statline_mc+recal_10_4b,team:ARI
59,DST,DST_WAS,Commanders,DST,WAS,2900,7.800219637000002,2.69,NYG,44392860,5.9099,dst_simulated_session_10_4+recal_10_4b,team:ARI
59,RB1,00-0039139,Jahmyr Gibbs,RB,DET,9800,26.89224283222521,2.74,ARI,44391896,10.7491,statline_mc+recal_10_4b,team:ARI
59,RB2,00-0038597,Chase Brown,RB,CIN,6900,17.071830657064734,2.47,MIA,44391904,8.9295,statline_mc+recal_10_4b,team:ARI
59,WR1,00-0038559,Michael Wilson,WR,ARI,6200,15.717645733631706,2.54,DET,44392188,9.3205,statline_mc+recal_10_4b,team:ARI
59,WR2,00-0032464,Kalif Raymond,WR,CHI,3900,7.756539491339251,1.99,GB,44392262,7.2742,statline_mc+recal_10_4b,team:ARI
59,WR3,00-0039739,Roman Wilson,WR,PIT,3700,6.839468533907201,1.85,IND,44392270,7.3692,statline_mc+recal_10_4b,team:ARI
59,TE,00-0040663,Harold Fannin Jr.,TE,CLE,4400,9.856223404674372,2.24,NYJ,44392606,6.2177,statline_mc+recal_10_4b,team:ARI
59,FLEX,00-0037744,Trey McBride,TE,ARI,6700,17.995010054213015,2.69,DET,44392590,7.7568,statline_mc+recal_10_4b,team:ARI
60,QB,00-0033119,Jacoby Brissett,QB,ARI,5500,18.94746990250052,3.44,DET,44391835,8.0066,statline_mc+recal_10_4b,team:ARI
60,DST,DST_WAS,Commanders,DST,WAS,2900,7.800219637000002,2.69,NYG,44392860,5.9099,dst_simulated_session_10_4+recal_10_4b,team:ARI
60,RB1,00-0039139,Jahmyr Gibbs,RB,DET,9800,26.89224283222521,2.74,ARI,44391896,10.7491,statline_mc+recal_10_4b,team:ARI
60,RB2,00-0033293,Aaron Jones Sr.,RB,MIN,6500,15.405843574155348,2.37,NO,44391908,8.6645,statline_mc+recal_10_4b,team:ARI
60,WR1,00-0038559,Michael Wilson,WR,ARI,6200,15.717645733631706,2.54,DET,44392188,9.3205,statline_mc+recal_10_4b,team:ARI
60,WR2,00-0040735,Luther Burden III,WR,CHI,4900,10.974841066726976,2.24,GB,44392222,8.1533,statline_mc+recal_10_4b,team:ARI
60,WR3,00-0039739,Roman Wilson,WR,PIT,3700,6.839468533907201,1.85,IND,44392270,7.3692,statline_mc+recal_10_4b,team:ARI
60,TE,00-0041032,Kenyon Sadiq,TE,NYJ,3800,8.264693842002856,2.17,CLE,44392616,6.3257,statline_mc+recal_10_4b,team:ARI
60,FLEX,00-0037744,Trey McBride,TE,ARI,6700,17.995010054213015,2.69,DET,44392590,7.7568,statline_mc+recal_10_4b,team:ARI
61,QB,00-0039851,Drake Maye,QB,NE,6300,18.93144187440183,3.0,LV,44391827,8.0709,statline_mc+recal_10_4b,team:NE
61,DST,DST_CLE,Browns,DST,CLE,2800,6.890633206,2.46,NYJ,44392861,5.8249,dst_simulated_session_10_4+recal_10_4b,team:NE
61,RB1,00-0039139,Jahmyr Gibbs,RB,DET,9800,26.89224283222521,2.74,ARI,44391896,10.7491,statline_mc+recal_10_4b,team:NE
61,RB2,00-0036275,D'Andre Swift,RB,CHI,6200,16.747571859863058,2.7,GB,44391912,8.3847,statline_mc+recal_10_4b,team:NE
61,WR1,00-0038559,Michael Wilson,WR,ARI,6200,15.717645733631706,2.54,DET,44392188,9.3205,statline_mc+recal_10_4b,team:NE
61,WR2,00-0041438,Carnell Tate,WR,TEN,5300,12.246190287240085,2.31,HOU,44392210,7.843,statline_mc+recal_10_4b,team:NE
61,WR3,00-0035640,DK Metcalf,WR,PIT,5400,11.46105941309562,2.12,IND,44392208,7.9759,statline_mc+recal_10_4b,team:NE
61,TE,00-0037838,Isaiah Likely,TE,NYG,4300,12.371492689175412,2.88,WAS,44392608,6.9696,statline_mc+recal_10_4b,team:NE
61,FLEX,00-0033090,Hunter Henry,TE,NE,3700,7.562140011687606,2.04,LV,44392618,6.3698,statline_mc+recal_10_4b,team:NE
62,QB,00-0033119,Jacoby Brissett,QB,ARI,5500,18.94746990250052,3.44,DET,44391835,8.0066,statline_mc+recal_10_4b,team:ARI
62,DST,DST_WAS,Commanders,DST,WAS,2900,7.800219637000002,2.69,NYG,44392860,5.9099,dst_simulated_session_10_4+recal_10_4b,team:ARI
62,RB1,00-0039139,Jahmyr Gibbs,RB,DET,9800,26.89224283222521,2.74,ARI,44391896,10.7491,statline_mc+recal_10_4b,team:ARI
62,RB2,00-0038597,Chase Brown,RB,CIN,6900,17.071830657064734,2.47,MIA,44391904,8.9295,statline_mc+recal_10_4b,team:ARI
62,WR1,00-0041438,Carnell Tate,WR,TEN,5300,12.246190287240085,2.31,HOU,44392210,7.843,statline_mc+recal_10_4b,team:ARI
62,WR2,00-0039880,Malik Washington,WR,MIA,4600,10.189563486910926,2.22,CIN,44392228,7.8576,statline_mc+recal_10_4b,team:ARI
62,WR3,00-0032464,Kalif Raymond,WR,CHI,3900,7.756539491339251,1.99,GB,44392262,7.2742,statline_mc+recal_10_4b,team:ARI
62,TE,00-0040663,Harold Fannin Jr.,TE,CLE,4400,9.856223404674372,2.24,NYJ,44392606,6.2177,statline_mc+recal_10_4b,team:ARI
62,FLEX,00-0037744,Trey McBride,TE,ARI,6700,17.995010054213015,2.69,DET,44392590,7.7568,statline_mc+recal_10_4b,team:ARI
63,QB,00-0033119,Jacoby Brissett,QB,ARI,5500,18.94746990250052,3.44,DET,44391835,8.0066,statline_mc+recal_10_4b,team:ARI
63,DST,DST_WAS,Commanders,DST,WAS,2900,7.800219637000002,2.69,NYG,44392860,5.9099,dst_simulated_session_10_4+recal_10_4b,team:ARI
63,RB1,00-0039139,Jahmyr Gibbs,RB,DET,9800,26.89224283222521,2.74,ARI,44391896,10.7491,statline_mc+recal_10_4b,team:ARI
63,RB2,00-0037228,Jaylen Warren,RB,PIT,6700,15.81351240983267,2.36,IND,44391906,9.0104,statline_mc+recal_10_4b,team:ARI
63,WR1,00-0038559,Michael Wilson,WR,ARI,6200,15.717645733631706,2.54,DET,44392188,9.3205,statline_mc+recal_10_4b,team:ARI
63,WR2,00-0039880,Malik Washington,WR,MIA,4600,10.189563486910926,2.22,CIN,44392228,7.8576,statline_mc+recal_10_4b,team:ARI
63,WR3,00-0032464,Kalif Raymond,WR,CHI,3900,7.756539491339251,1.99,GB,44392262,7.2742,statline_mc+recal_10_4b,team:ARI
63,TE,00-0033090,Hunter Henry,TE,NE,3700,7.562140011687606,2.04,LV,44392618,6.3698,statline_mc+recal_10_4b,team:ARI
63,FLEX,00-0037744,Trey McBride,TE,ARI,6700,17.995010054213015,2.69,DET,44392590,7.7568,statline_mc+recal_10_4b,team:ARI
64,QB,00-0033119,Jacoby Brissett,QB,ARI,5500,18.94746990250052,3.44,DET,44391835,8.0066,statline_mc+recal_10_4b,team:ARI
64,DST,DST_WAS,Commanders,DST,WAS,2900,7.800219637000002,2.69,NYG,44392860,5.9099,dst_simulated_session_10_4+recal_10_4b,team:ARI
64,RB1,00-0039139,Jahmyr Gibbs,RB,DET,9800,26.89224283222521,2.74,ARI,44391896,10.7491,statline_mc+recal_10_4b,team:ARI
64,RB2,00-0038597,Chase Brown,RB,CIN,6900,17.071830657064734,2.47,MIA,44391904,8.9295,statline_mc+recal_10_4b,team:ARI
64,WR1,00-0038559,Michael Wilson,WR,ARI,6200,15.717645733631706,2.54,DET,44392188,9.3205,statline_mc+recal_10_4b,team:ARI
64,WR2,00-0041547,KC Concepcion Jr.,WR,CLE,4200,9.080669281953444,2.16,NYJ,44392244,7.1537,statline_mc+recal_10_4b,team:ARI
64,WR3,00-0039739,Roman Wilson,WR,PIT,3700,6.839468533907201,1.85,IND,44392270,7.3692,statline_mc+recal_10_4b,team:ARI
64,TE,00-0041032,Kenyon Sadiq,TE,NYJ,3800,8.264693842002856,2.17,CLE,44392616,6.3257,statline_mc+recal_10_4b,team:ARI
64,FLEX,00-0037744,Trey McBride,TE,ARI,6700,17.995010054213015,2.69,DET,44392590,7.7568,statline_mc+recal_10_4b,team:ARI
65,QB,00-0034869,Sam Darnold,QB,SEA,5800,18.006724238409358,3.1,SF,44391832,8.1141,statline_mc+recal_10_4b,team:SEA
65,DST,DST_CLE,Browns,DST,CLE,2800,6.890633206,2.46,NYJ,44392861,5.8249,dst_simulated_session_10_4+recal_10_4b,team:SEA
65,RB1,00-0038597,Chase Brown,RB,CIN,6900,17.071830657064734,2.47,MIA,44391904,8.9295,statline_mc+recal_10_4b,team:SEA
65,RB2,00-0036275,D'Andre Swift,RB,CHI,6200,16.747571859863058,2.7,GB,44391912,8.3847,statline_mc+recal_10_4b,team:SEA
65,WR1,00-0038543,Jaxon Smith-Njigba,WR,SEA,8800,21.70589417285751,2.47,SF,44392166,9.9906,statline_mc+recal_10_4b,team:SEA
65,WR2,00-0038559,Michael Wilson,WR,ARI,6200,15.717645733631706,2.54,DET,44392188,9.3205,statline_mc+recal_10_4b,team:SEA
65,WR3,00-0041438,Carnell Tate,WR,TEN,5300,12.246190287240085,2.31,HOU,44392210,7.843,statline_mc+recal_10_4b,team:SEA
65,TE,00-0037838,Isaiah Likely,TE,NYG,4300,12.371492689175412,2.88,WAS,44392608,6.9696,statline_mc+recal_10_4b,team:SEA
65,FLEX,00-0033090,Hunter Henry,TE,NE,3700,7.562140011687606,2.04,LV,44392618,6.3698,statline_mc+recal_10_4b,team:SEA
66,QB,00-0033119,Jacoby Brissett,QB,ARI,5500,18.94746990250052,3.44,DET,44391835,8.0066,statline_mc+recal_10_4b,team:ARI
66,DST,DST_CLE,Browns,DST,CLE,2800,6.890633206,2.46,NYJ,44392861,5.8249,dst_simulated_session_10_4+recal_10_4b,team:ARI
66,RB1,00-0038597,Chase Brown,RB,CIN,6900,17.071830657064734,2.47,MIA,44391904,8.9295,statline_mc+recal_10_4b,team:ARI
66,RB2,00-0037228,Jaylen Warren,RB,PIT,6700,15.81351240983267,2.36,IND,44391906,9.0104,statline_mc+recal_10_4b,team:ARI
66,WR1,00-0038543,Jaxon Smith-Njigba,WR,SEA,8800,21.70589417285751,2.47,SF,44392166,9.9906,statline_mc+recal_10_4b,team:ARI
66,WR2,00-0039880,Malik Washington,WR,MIA,4600,10.189563486910926,2.22,CIN,44392228,7.8576,statline_mc+recal_10_4b,team:ARI
66,WR3,00-0039739,Roman Wilson,WR,PIT,3700,6.839468533907201,1.85,IND,44392270,7.3692,statline_mc+recal_10_4b,team:ARI
66,TE,00-0037838,Isaiah Likely,TE,NYG,4300,12.371492689175412,2.88,WAS,44392608,6.9696,statline_mc+recal_10_4b,team:ARI
66,FLEX,00-0037744,Trey McBride,TE,ARI,6700,17.995010054213015,2.69,DET,44392590,7.7568,statline_mc+recal_10_4b,team:ARI
67,QB,00-0033106,Jared Goff,QB,DET,6600,22.670505308497543,3.43,ARI,44391825,8.3819,statline_mc+recal_10_4b,team:DET
67,DST,DST_WAS,Commanders,DST,WAS,2900,7.800219637000002,2.69,NYG,44392860,5.9099,dst_simulated_session_10_4+recal_10_4b,team:DET
67,RB1,00-0039139,Jahmyr Gibbs,RB,DET,9800,26.89224283222521,2.74,ARI,44391896,10.7491,statline_mc+recal_10_4b,team:DET
67,RB2,00-0033293,Aaron Jones Sr.,RB,MIN,6500,15.405843574155348,2.37,NO,44391908,8.6645,statline_mc+recal_10_4b,team:DET
67,WR1,00-0036963,Amon-Ra St. Brown,WR,DET,7900,19.62700707984525,2.48,ARI,44392170,10.4382,statline_mc+recal_10_4b,team:DET
67,WR2,00-0039880,Malik Washington,WR,MIA,4600,10.189563486910926,2.22,CIN,44392228,7.8576,statline_mc+recal_10_4b,team:DET
67,WR3,00-0041547,KC Concepcion Jr.,WR,CLE,4200,9.080669281953444,2.16,NYJ,44392244,7.1537,statline_mc+recal_10_4b,team:DET
67,TE,00-0041032,Kenyon Sadiq,TE,NYJ,3800,8.264693842002856,2.17,CLE,44392616,6.3257,statline_mc+recal_10_4b,team:DET
67,FLEX,00-0033090,Hunter Henry,TE,NE,3700,7.562140011687606,2.04,LV,44392618,6.3698,statline_mc+recal_10_4b,team:DET
68,QB,00-0033119,Jacoby Brissett,QB,ARI,5500,18.94746990250052,3.44,DET,44391835,8.0066,statline_mc+recal_10_4b,team:ARI
68,DST,DST_WAS,Commanders,DST,WAS,2900,7.800219637000002,2.69,NYG,44392860,5.9099,dst_simulated_session_10_4+recal_10_4b,team:ARI
68,RB1,00-0038597,Chase Brown,RB,CIN,6900,17.071830657064734,2.47,MIA,44391904,8.9295,statline_mc+recal_10_4b,team:ARI
68,RB2,00-0036875,Rhamondre Stevenson,RB,NE,5500,11.378023798015436,2.07,LV,44391930,8.081,statline_mc+recal_10_4b,team:ARI
68,WR1,00-0036963,Amon-Ra St. Brown,WR,DET,7900,19.62700707984525,2.48,ARI,44392170,10.4382,statline_mc+recal_10_4b,team:ARI
68,WR2,00-0038559,Michael Wilson,WR,ARI,6200,15.717645733631706,2.54,DET,44392188,9.3205,statline_mc+recal_10_4b,team:ARI
68,WR3,00-0039880,Malik Washington,WR,MIA,4600,10.189563486910926,2.22,CIN,44392228,7.8576,statline_mc+recal_10_4b,team:ARI
68,TE,00-0041032,Kenyon Sadiq,TE,NYJ,3800,8.264693842002856,2.17,CLE,44392616,6.3257,statline_mc+recal_10_4b,team:ARI
68,FLEX,00-0037744,Trey McBride,TE,ARI,6700,17.995010054213015,2.69,DET,44392590,7.7568,statline_mc+recal_10_4b,team:ARI
69,QB,00-0033119,Jacoby Brissett,QB,ARI,5500,18.94746990250052,3.44,DET,44391835,8.0066,statline_mc+recal_10_4b,team:ARI
69,DST,DST_WAS,Commanders,DST,WAS,2900,7.800219637000002,2.69,NYG,44392860,5.9099,dst_simulated_session_10_4+recal_10_4b,team:ARI
69,RB1,00-0040122,Ashton Jeanty,RB,LV,7200,17.479864721379567,2.43,NE,44391902,8.3425,statline_mc+recal_10_4b,team:ARI
69,RB2,00-0037228,Jaylen Warren,RB,PIT,6700,15.81351240983267,2.36,IND,44391906,9.0104,statline_mc+recal_10_4b,team:ARI
69,WR1,00-0038559,Michael Wilson,WR,ARI,6200,15.717645733631706,2.54,DET,44392188,9.3205,statline_mc+recal_10_4b,team:ARI
69,WR2,00-0040667,Matthew Golden,WR,GB,5700,12.561020653939,2.2,CHI,44392198,8.0118,statline_mc+recal_10_4b,team:ARI
69,WR3,00-0041438,Carnell Tate,WR,TEN,5300,12.246190287240085,2.31,HOU,44392210,7.843,statline_mc+recal_10_4b,team:ARI
69,TE,00-0041032,Kenyon Sadiq,TE,NYJ,3800,8.264693842002856,2.17,CLE,44392616,6.3257,statline_mc+recal_10_4b,team:ARI
69,FLEX,00-0037744,Trey McBride,TE,ARI,6700,17.995010054213015,2.69,DET,44392590,7.7568,statline_mc+recal_10_4b,team:ARI
70,QB,00-0033119,Jacoby Brissett,QB,ARI,5500,18.94746990250052,3.44,DET,44391835,8.0066,statline_mc+recal_10_4b,team:ARI
70,DST,DST_WAS,Commanders,DST,WAS,2900,7.800219637000002,2.69,NYG,44392860,5.9099,dst_simulated_session_10_4+recal_10_4b,team:ARI
70,RB1,00-0036275,D'Andre Swift,RB,CHI,6200,16.747571859863058,2.7,GB,44391912,8.3847,statline_mc+recal_10_4b,team:ARI
70,RB2,00-0037228,Jaylen Warren,RB,PIT,6700,15.81351240983267,2.36,IND,44391906,9.0104,statline_mc+recal_10_4b,team:ARI
70,WR1,00-0036963,Amon-Ra St. Brown,WR,DET,7900,19.62700707984525,2.48,ARI,44392170,10.4382,statline_mc+recal_10_4b,team:ARI
70,WR2,00-0036410,Tee Higgins,WR,CIN,7100,16.33525111801687,2.3,MIA,44392178,9.2333,statline_mc+recal_10_4b,team:ARI
70,WR3,00-0038559,Michael Wilson,WR,ARI,6200,15.717645733631706,2.54,DET,44392188,9.3205,statline_mc+recal_10_4b,team:ARI
70,TE,00-0041032,Kenyon Sadiq,TE,NYJ,3800,8.264693842002856,2.17,CLE,44392616,6.3257,statline_mc+recal_10_4b,team:ARI
70,FLEX,00-0033090,Hunter Henry,TE,NE,3700,7.562140011687606,2.04,LV,44392618,6.3698,statline_mc+recal_10_4b,team:ARI
71,QB,00-0033119,Jacoby Brissett,QB,ARI,5500,18.94746990250052,3.44,DET,44391835,8.0066,statline_mc+recal_10_4b,team:ARI
71,DST,DST_WAS,Commanders,DST,WAS,2900,7.800219637000002,2.69,NYG,44392860,5.9099,dst_simulated_session_10_4+recal_10_4b,team:ARI
71,RB1,00-0037228,Jaylen Warren,RB,PIT,6700,15.81351240983267,2.36,IND,44391906,9.0104,statline_mc+recal_10_4b,team:ARI
71,RB2,00-0033293,Aaron Jones Sr.,RB,MIN,6500,15.405843574155348,2.37,NO,44391908,8.6645,statline_mc+recal_10_4b,team:ARI
71,WR1,00-0036963,Amon-Ra St. Brown,WR,DET,7900,19.62700707984525,2.48,ARI,44392170,10.4382,statline_mc+recal_10_4b,team:ARI
71,WR2,00-0038559,Michael Wilson,WR,ARI,6200,15.717645733631706,2.54,DET,44392188,9.3205,statline_mc+recal_10_4b,team:ARI
71,WR3,00-0032464,Kalif Raymond,WR,CHI,3900,7.756539491339251,1.99,GB,44392262,7.2742,statline_mc+recal_10_4b,team:ARI
71,TE,00-0033090,Hunter Henry,TE,NE,3700,7.562140011687606,2.04,LV,44392618,6.3698,statline_mc+recal_10_4b,team:ARI
71,FLEX,00-0037744,Trey McBride,TE,ARI,6700,17.995010054213015,2.69,DET,44392590,7.7568,statline_mc+recal_10_4b,team:ARI
72,QB,00-0033106,Jared Goff,QB,DET,6600,22.670505308497543,3.43,ARI,44391825,8.3819,statline_mc+recal_10_4b,team:DET
72,DST,DST_WAS,Commanders,DST,WAS,2900,7.800219637000002,2.69,NYG,44392860,5.9099,dst_simulated_session_10_4+recal_10_4b,team:DET
72,RB1,00-0038597,Chase Brown,RB,CIN,6900,17.071830657064734,2.47,MIA,44391904,8.9295,statline_mc+recal_10_4b,team:DET
72,RB2,00-0033293,Aaron Jones Sr.,RB,MIN,6500,15.405843574155348,2.37,NO,44391908,8.6645,statline_mc+recal_10_4b,team:DET
72,WR1,00-0038559,Michael Wilson,WR,ARI,6200,15.717645733631706,2.54,DET,44392188,9.3205,statline_mc+recal_10_4b,team:DET
72,WR2,00-0040735,Luther Burden III,WR,CHI,4900,10.974841066726976,2.24,GB,44392222,8.1533,statline_mc+recal_10_4b,team:DET
72,WR3,00-0041547,KC Concepcion Jr.,WR,CLE,4200,9.080669281953444,2.16,NYJ,44392244,7.1537,statline_mc+recal_10_4b,team:DET
72,TE,00-0041032,Kenyon Sadiq,TE,NYJ,3800,8.264693842002856,2.17,CLE,44392616,6.3257,statline_mc+recal_10_4b,team:DET
72,FLEX,00-0036963,Amon-Ra St. Brown,WR,DET,7900,19.62700707984525,2.48,ARI,44392170,10.4382,statline_mc+recal_10_4b,team:DET
73,QB,00-0033106,Jared Goff,QB,DET,6600,22.670505308497543,3.43,ARI,44391825,8.3819,statline_mc+recal_10_4b,team:DET
73,DST,DST_WAS,Commanders,DST,WAS,2900,7.800219637000002,2.69,NYG,44392860,5.9099,dst_simulated_session_10_4+recal_10_4b,team:DET
73,RB1,00-0038597,Chase Brown,RB,CIN,6900,17.071830657064734,2.47,MIA,44391904,8.9295,statline_mc+recal_10_4b,team:DET
73,RB2,00-0033293,Aaron Jones Sr.,RB,MIN,6500,15.405843574155348,2.37,NO,44391908,8.6645,statline_mc+recal_10_4b,team:DET
73,WR1,00-0038559,Michael Wilson,WR,ARI,6200,15.717645733631706,2.54,DET,44392188,9.3205,statline_mc+recal_10_4b,team:DET
73,WR2,00-0040735,Luther Burden III,WR,CHI,4900,10.974841066726976,2.24,GB,44392222,8.1533,statline_mc+recal_10_4b,team:DET
73,WR3,00-0030279,Keenan Allen,WR,IND,4300,9.080045338393417,2.11,PIT,44392240,6.7058,statline_mc+recal_10_4b,team:DET
73,TE,00-0041032,Kenyon Sadiq,TE,NYJ,3800,8.264693842002856,2.17,CLE,44392616,6.3257,statline_mc+recal_10_4b,team:DET
73,FLEX,00-0036963,Amon-Ra St. Brown,WR,DET,7900,19.62700707984525,2.48,ARI,44392170,10.4382,statline_mc+recal_10_4b,team:DET
74,QB,00-0033106,Jared Goff,QB,DET,6600,22.670505308497543,3.43,ARI,44391825,8.3819,statline_mc+recal_10_4b,team:DET
74,DST,DST_WAS,Commanders,DST,WAS,2900,7.800219637000002,2.69,NYG,44392860,5.9099,dst_simulated_session_10_4+recal_10_4b,team:DET
74,RB1,00-0038597,Chase Brown,RB,CIN,6900,17.071830657064734,2.47,MIA,44391904,8.9295,statline_mc+recal_10_4b,team:DET
74,RB2,00-0033293,Aaron Jones Sr.,RB,MIN,6500,15.405843574155348,2.37,NO,44391908,8.6645,statline_mc+recal_10_4b,team:DET
74,WR1,00-0036963,Amon-Ra St. Brown,WR,DET,7900,19.62700707984525,2.48,ARI,44392170,10.4382,statline_mc+recal_10_4b,team:DET
74,WR2,00-0038559,Michael Wilson,WR,ARI,6200,15.717645733631706,2.54,DET,44392188,9.3205,statline_mc+recal_10_4b,team:DET
74,WR3,00-0039880,Malik Washington,WR,MIA,4600,10.189563486910926,2.22,CIN,44392228,7.8576,statline_mc+recal_10_4b,team:DET
74,TE,00-0040663,Harold Fannin Jr.,TE,CLE,4400,9.856223404674372,2.24,NYJ,44392606,6.2177,statline_mc+recal_10_4b,team:DET
74,FLEX,00-0041032,Kenyon Sadiq,TE,NYJ,3800,8.264693842002856,2.17,CLE,44392616,6.3257,statline_mc+recal_10_4b,team:DET
75,QB,00-0033106,Jared Goff,QB,DET,6600,22.670505308497543,3.43,ARI,44391825,8.3819,statline_mc+recal_10_4b,team:DET
75,DST,DST_WAS,Commanders,DST,WAS,2900,7.800219637000002,2.69,NYG,44392860,5.9099,dst_simulated_session_10_4+recal_10_4b,team:DET
75,RB1,00-0039139,Jahmyr Gibbs,RB,DET,9800,26.89224283222521,2.74,ARI,44391896,10.7491,statline_mc+recal_10_4b,team:DET
75,RB2,00-0040784,Quinshon Judkins,RB,CLE,5700,12.3611380062633,2.17,NYJ,44391924,7.7307,statline_mc+recal_10_4b,team:DET
75,WR1,00-0036963,Amon-Ra St. Brown,WR,DET,7900,19.62700707984525,2.48,ARI,44392170,10.4382,statline_mc+recal_10_4b,team:DET
75,WR2,00-0041438,Carnell Tate,WR,TEN,5300,12.246190287240085,2.31,HOU,44392210,7.843,statline_mc+recal_10_4b,team:DET
75,WR3,00-0041547,KC Concepcion Jr.,WR,CLE,4200,9.080669281953444,2.16,NYJ,44392244,7.1537,statline_mc+recal_10_4b,team:DET
75,TE,00-0041032,Kenyon Sadiq,TE,NYJ,3800,8.264693842002856,2.17,CLE,44392616,6.3257,statline_mc+recal_10_4b,team:DET
75,FLEX,00-0033090,Hunter Henry,TE,NE,3700,7.562140011687606,2.04,LV,44392618,6.3698,statline_mc+recal_10_4b,team:DET
76,QB,00-0033106,Jared Goff,QB,DET,6600,22.670505308497543,3.43,ARI,44391825,8.3819,statline_mc+recal_10_4b,team:DET
76,DST,DST_WAS,Commanders,DST,WAS,2900,7.800219637000002,2.69,NYG,44392860,5.9099,dst_simulated_session_10_4+recal_10_4b,team:DET
76,RB1,00-0039139,Jahmyr Gibbs,RB,DET,9800,26.89224283222521,2.74,ARI,44391896,10.7491,statline_mc+recal_10_4b,team:DET
76,RB2,00-0033293,Aaron Jones Sr.,RB,MIN,6500,15.405843574155348,2.37,NO,44391908,8.6645,statline_mc+recal_10_4b,team:DET
76,WR1,00-0038559,Michael Wilson,WR,ARI,6200,15.717645733631706,2.54,DET,44392188,9.3205,statline_mc+recal_10_4b,team:DET
76,WR2,00-0037240,Jameson Williams,WR,DET,5900,11.963800756574852,2.03,ARI,44392194,8.649,statline_mc+recal_10_4b,team:DET
76,WR3,00-0039880,Malik Washington,WR,MIA,4600,10.189563486910926,2.22,CIN,44392228,7.8576,statline_mc+recal_10_4b,team:DET
76,TE,00-0041032,Kenyon Sadiq,TE,NYJ,3800,8.264693842002856,2.17,CLE,44392616,6.3257,statline_mc+recal_10_4b,team:DET
76,FLEX,00-0033090,Hunter Henry,TE,NE,3700,7.562140011687606,2.04,LV,44392618,6.3698,statline_mc+recal_10_4b,team:DET
77,QB,00-0033106,Jared Goff,QB,DET,6600,22.670505308497543,3.43,ARI,44391825,8.3819,statline_mc+recal_10_4b,team:DET
77,DST,DST_WAS,Commanders,DST,WAS,2900,7.800219637000002,2.69,NYG,44392860,5.9099,dst_simulated_session_10_4+recal_10_4b,team:DET
77,RB1,00-0040122,Ashton Jeanty,RB,LV,7200,17.479864721379567,2.43,NE,44391902,8.3425,statline_mc+recal_10_4b,team:DET
77,RB2,00-0033293,Aaron Jones Sr.,RB,MIN,6500,15.405843574155348,2.37,NO,44391908,8.6645,statline_mc+recal_10_4b,team:DET
77,WR1,00-0038559,Michael Wilson,WR,ARI,6200,15.717645733631706,2.54,DET,44392188,9.3205,statline_mc+recal_10_4b,team:DET
77,WR2,00-0039880,Malik Washington,WR,MIA,4600,10.189563486910926,2.22,CIN,44392228,7.8576,statline_mc+recal_10_4b,team:DET
77,WR3,00-0030279,Keenan Allen,WR,IND,4300,9.080045338393417,2.11,PIT,44392240,6.7058,statline_mc+recal_10_4b,team:DET
77,TE,00-0041032,Kenyon Sadiq,TE,NYJ,3800,8.264693842002856,2.17,CLE,44392616,6.3257,statline_mc+recal_10_4b,team:DET
77,FLEX,00-0036963,Amon-Ra St. Brown,WR,DET,7900,19.62700707984525,2.48,ARI,44392170,10.4382,statline_mc+recal_10_4b,team:DET
78,QB,00-0033106,Jared Goff,QB,DET,6600,22.670505308497543,3.43,ARI,44391825,8.3819,statline_mc+recal_10_4b,team:DET
78,DST,DST_WAS,Commanders,DST,WAS,2900,7.800219637000002,2.69,NYG,44392860,5.9099,dst_simulated_session_10_4+recal_10_4b,team:DET
78,RB1,00-0039139,Jahmyr Gibbs,RB,DET,9800,26.89224283222521,2.74,ARI,44391896,10.7491,statline_mc+recal_10_4b,team:DET
78,RB2,00-0033293,Aaron Jones Sr.,RB,MIN,6500,15.405843574155348,2.37,NO,44391908,8.6645,statline_mc+recal_10_4b,team:DET
78,WR1,00-0036963,Amon-Ra St. Brown,WR,DET,7900,19.62700707984525,2.48,ARI,44392170,10.4382,statline_mc+recal_10_4b,team:DET
78,WR2,00-0039880,Malik Washington,WR,MIA,4600,10.189563486910926,2.22,CIN,44392228,7.8576,statline_mc+recal_10_4b,team:DET
78,WR3,00-0040727,Tre' Harris,WR,LAC,4100,7.721719449979734,1.88,DEN,44392242,6.9628,statline_mc+recal_10_4b,team:DET
78,TE,00-0041032,Kenyon Sadiq,TE,NYJ,3800,8.264693842002856,2.17,CLE,44392616,6.3257,statline_mc+recal_10_4b,team:DET
78,FLEX,00-0033090,Hunter Henry,TE,NE,3700,7.562140011687606,2.04,LV,44392618,6.3698,statline_mc+recal_10_4b,team:DET
79,QB,00-0033119,Jacoby Brissett,QB,ARI,5500,18.94746990250052,3.44,DET,44391835,8.0066,statline_mc+recal_10_4b,team:ARI
79,DST,DST_WAS,Commanders,DST,WAS,2900,7.800219637000002,2.69,NYG,44392860,5.9099,dst_simulated_session_10_4+recal_10_4b,team:ARI
79,RB1,00-0040122,Ashton Jeanty,RB,LV,7200,17.479864721379567,2.43,NE,44391902,8.3425,statline_mc+recal_10_4b,team:ARI
79,RB2,00-0038597,Chase Brown,RB,CIN,6900,17.071830657064734,2.47,MIA,44391904,8.9295,statline_mc+recal_10_4b,team:ARI
79,WR1,00-0038543,Jaxon Smith-Njigba,WR,SEA,8800,21.70589417285751,2.47,SF,44392166,9.9906,statline_mc+recal_10_4b,team:ARI
79,WR2,00-0041547,KC Concepcion Jr.,WR,CLE,4200,9.080669281953444,2.16,NYJ,44392244,7.1537,statline_mc+recal_10_4b,team:ARI
79,WR3,00-0032464,Kalif Raymond,WR,CHI,3900,7.756539491339251,1.99,GB,44392262,7.2742,statline_mc+recal_10_4b,team:ARI
79,TE,00-0041032,Kenyon Sadiq,TE,NYJ,3800,8.264693842002856,2.17,CLE,44392616,6.3257,statline_mc+recal_10_4b,team:ARI
79,FLEX,00-0037744,Trey McBride,TE,ARI,6700,17.995010054213015,2.69,DET,44392590,7.7568,statline_mc+recal_10_4b,team:ARI
80,QB,00-0033106,Jared Goff,QB,DET,6600,22.670505308497543,3.43,ARI,44391825,8.3819,statline_mc+recal_10_4b,team:DET
80,DST,DST_WAS,Commanders,DST,WAS,2900,7.800219637000002,2.69,NYG,44392860,5.9099,dst_simulated_session_10_4+recal_10_4b,team:DET
80,RB1,00-0039139,Jahmyr Gibbs,RB,DET,9800,26.89224283222521,2.74,ARI,44391896,10.7491,statline_mc+recal_10_4b,team:DET
80,RB2,00-0040242,Jacory Croskey-Merritt,RB,WAS,4900,9.233261860360654,1.88,NYG,44391954,7.4887,statline_mc+recal_10_4b,team:DET
80,WR1,00-0041438,Carnell Tate,WR,TEN,5300,12.246190287240085,2.31,HOU,44392210,7.843,statline_mc+recal_10_4b,team:DET
80,WR2,00-0039880,Malik Washington,WR,MIA,4600,10.189563486910926,2.22,CIN,44392228,7.8576,statline_mc+recal_10_4b,team:DET
80,WR3,00-0041547,KC Concepcion Jr.,WR,CLE,4200,9.080669281953444,2.16,NYJ,44392244,7.1537,statline_mc+recal_10_4b,team:DET
80,TE,00-0041032,Kenyon Sadiq,TE,NYJ,3800,8.264693842002856,2.17,CLE,44392616,6.3257,statline_mc+recal_10_4b,team:DET
80,FLEX,00-0036963,Amon-Ra St. Brown,WR,DET,7900,19.62700707984525,2.48,ARI,44392170,10.4382,statline_mc+recal_10_4b,team:DET
81,QB,00-0033106,Jared Goff,QB,DET,6600,22.670505308497543,3.43,ARI,44391825,8.3819,statline_mc+recal_10_4b,team:DET
81,DST,DST_WAS,Commanders,DST,WAS,2900,7.800219637000002,2.69,NYG,44392860,5.9099,dst_simulated_session_10_4+recal_10_4b,team:DET
81,RB1,00-0040122,Ashton Jeanty,RB,LV,7200,17.479864721379567,2.43,NE,44391902,8.3425,statline_mc+recal_10_4b,team:DET
81,RB2,00-0038597,Chase Brown,RB,CIN,6900,17.071830657064734,2.47,MIA,44391904,8.9295,statline_mc+recal_10_4b,team:DET
81,WR1,00-0036963,Amon-Ra St. Brown,WR,DET,7900,19.62700707984525,2.48,ARI,44392170,10.4382,statline_mc+recal_10_4b,team:DET
81,WR2,00-0041438,Carnell Tate,WR,TEN,5300,12.246190287240085,2.31,HOU,44392210,7.843,statline_mc+recal_10_4b,team:DET
81,WR3,00-0040735,Luther Burden III,WR,CHI,4900,10.974841066726976,2.24,GB,44392222,8.1533,statline_mc+recal_10_4b,team:DET
81,TE,00-0040663,Harold Fannin Jr.,TE,CLE,4400,9.856223404674372,2.24,NYJ,44392606,6.2177,statline_mc+recal_10_4b,team:DET
81,FLEX,00-0041032,Kenyon Sadiq,TE,NYJ,3800,8.264693842002856,2.17,CLE,44392616,6.3257,statline_mc+recal_10_4b,team:DET
82,QB,00-0033106,Jared Goff,QB,DET,6600,22.670505308497543,3.43,ARI,44391825,8.3819,statline_mc+recal_10_4b,team:DET
82,DST,DST_WAS,Commanders,DST,WAS,2900,7.800219637000002,2.69,NYG,44392860,5.9099,dst_simulated_session_10_4+recal_10_4b,team:DET
82,RB1,00-0038597,Chase Brown,RB,CIN,6900,17.071830657064734,2.47,MIA,44391904,8.9295,statline_mc+recal_10_4b,team:DET
82,RB2,00-0033293,Aaron Jones Sr.,RB,MIN,6500,15.405843574155348,2.37,NO,44391908,8.6645,statline_mc+recal_10_4b,team:DET
82,WR1,00-0036963,Amon-Ra St. Brown,WR,DET,7900,19.62700707984525,2.48,ARI,44392170,10.4382,statline_mc+recal_10_4b,team:DET
82,WR2,00-0040667,Matthew Golden,WR,GB,5700,12.561020653939,2.2,CHI,44392198,8.0118,statline_mc+recal_10_4b,team:DET
82,WR3,00-0041438,Carnell Tate,WR,TEN,5300,12.246190287240085,2.31,HOU,44392210,7.843,statline_mc+recal_10_4b,team:DET
82,TE,00-0040663,Harold Fannin Jr.,TE,CLE,4400,9.856223404674372,2.24,NYJ,44392606,6.2177,statline_mc+recal_10_4b,team:DET
82,FLEX,00-0041032,Kenyon Sadiq,TE,NYJ,3800,8.264693842002856,2.17,CLE,44392616,6.3257,statline_mc+recal_10_4b,team:DET
83,QB,00-0033106,Jared Goff,QB,DET,6600,22.670505308497543,3.43,ARI,44391825,8.3819,statline_mc+recal_10_4b,team:DET
83,DST,DST_WAS,Commanders,DST,WAS,2900,7.800219637000002,2.69,NYG,44392860,5.9099,dst_simulated_session_10_4+recal_10_4b,team:DET
83,RB1,00-0036223,Jonathan Taylor,RB,IND,7800,18.872651475543112,2.42,PIT,44391900,8.9393,statline_mc+recal_10_4b,team:DET
83,RB2,00-0038597,Chase Brown,RB,CIN,6900,17.071830657064734,2.47,MIA,44391904,8.9295,statline_mc+recal_10_4b,team:DET
83,WR1,00-0036963,Amon-Ra St. Brown,WR,DET,7900,19.62700707984525,2.48,ARI,44392170,10.4382,statline_mc+recal_10_4b,team:DET
83,WR2,00-0041438,Carnell Tate,WR,TEN,5300,12.246190287240085,2.31,HOU,44392210,7.843,statline_mc+recal_10_4b,team:DET
83,WR3,00-0030279,Keenan Allen,WR,IND,4300,9.080045338393417,2.11,PIT,44392240,6.7058,statline_mc+recal_10_4b,team:DET
83,TE,00-0040663,Harold Fannin Jr.,TE,CLE,4400,9.856223404674372,2.24,NYJ,44392606,6.2177,statline_mc+recal_10_4b,team:DET
83,FLEX,00-0041032,Kenyon Sadiq,TE,NYJ,3800,8.264693842002856,2.17,CLE,44392616,6.3257,statline_mc+recal_10_4b,team:DET
84,QB,00-0039851,Drake Maye,QB,NE,6300,18.93144187440183,3.0,LV,44391827,8.0709,statline_mc+recal_10_4b,team:NE
84,DST,DST_WAS,Commanders,DST,WAS,2900,7.800219637000002,2.69,NYG,44392860,5.9099,dst_simulated_session_10_4+recal_10_4b,team:NE
84,RB1,00-0039139,Jahmyr Gibbs,RB,DET,9800,26.89224283222521,2.74,ARI,44391896,10.7491,statline_mc+recal_10_4b,team:NE
84,RB2,00-0038597,Chase Brown,RB,CIN,6900,17.071830657064734,2.47,MIA,44391904,8.9295,statline_mc+recal_10_4b,team:NE
84,WR1,00-0038559,Michael Wilson,WR,ARI,6200,15.717645733631706,2.54,DET,44392188,9.3205,statline_mc+recal_10_4b,team:NE
84,WR2,00-0041438,Carnell Tate,WR,TEN,5300,12.246190287240085,2.31,HOU,44392210,7.843,statline_mc+recal_10_4b,team:NE
84,WR3,00-0040735,Luther Burden III,WR,CHI,4900,10.974841066726976,2.24,GB,44392222,8.1533,statline_mc+recal_10_4b,team:NE
84,TE,00-0041032,Kenyon Sadiq,TE,NYJ,3800,8.264693842002856,2.17,CLE,44392616,6.3257,statline_mc+recal_10_4b,team:NE
84,FLEX,00-0033090,Hunter Henry,TE,NE,3700,7.562140011687606,2.04,LV,44392618,6.3698,statline_mc+recal_10_4b,team:NE
85,QB,00-0039851,Drake Maye,QB,NE,6300,18.93144187440183,3.0,LV,44391827,8.0709,statline_mc+recal_10_4b,team:NE
85,DST,DST_WAS,Commanders,DST,WAS,2900,7.800219637000002,2.69,NYG,44392860,5.9099,dst_simulated_session_10_4+recal_10_4b,team:NE
85,RB1,00-0039139,Jahmyr Gibbs,RB,DET,9800,26.89224283222521,2.74,ARI,44391896,10.7491,statline_mc+recal_10_4b,team:NE
85,RB2,00-0036223,Jonathan Taylor,RB,IND,7800,18.872651475543112,2.42,PIT,44391900,8.9393,statline_mc+recal_10_4b,team:NE
85,WR1,00-0038559,Michael Wilson,WR,ARI,6200,15.717645733631706,2.54,DET,44392188,9.3205,statline_mc+recal_10_4b,team:NE
85,WR2,00-0041438,Carnell Tate,WR,TEN,5300,12.246190287240085,2.31,HOU,44392210,7.843,statline_mc+recal_10_4b,team:NE
85,WR3,00-0041547,KC Concepcion Jr.,WR,CLE,4200,9.080669281953444,2.16,NYJ,44392244,7.1537,statline_mc+recal_10_4b,team:NE
85,TE,00-0041032,Kenyon Sadiq,TE,NYJ,3800,8.264693842002856,2.17,CLE,44392616,6.3257,statline_mc+recal_10_4b,team:NE
85,FLEX,00-0033090,Hunter Henry,TE,NE,3700,7.562140011687606,2.04,LV,44392618,6.3698,statline_mc+recal_10_4b,team:NE
86,QB,00-0033106,Jared Goff,QB,DET,6600,22.670505308497543,3.43,ARI,44391825,8.3819,statline_mc+recal_10_4b,team:DET
86,DST,DST_WAS,Commanders,DST,WAS,2900,7.800219637000002,2.69,NYG,44392860,5.9099,dst_simulated_session_10_4+recal_10_4b,team:DET
86,RB1,00-0036223,Jonathan Taylor,RB,IND,7800,18.872651475543112,2.42,PIT,44391900,8.9393,statline_mc+recal_10_4b,team:DET
86,RB2,00-0037228,Jaylen Warren,RB,PIT,6700,15.81351240983267,2.36,IND,44391906,9.0104,statline_mc+recal_10_4b,team:DET
86,WR1,00-0036963,Amon-Ra St. Brown,WR,DET,7900,19.62700707984525,2.48,ARI,44392170,10.4382,statline_mc+recal_10_4b,team:DET
86,WR2,00-0041438,Carnell Tate,WR,TEN,5300,12.246190287240085,2.31,HOU,44392210,7.843,statline_mc+recal_10_4b,team:DET
86,WR3,00-0039880,Malik Washington,WR,MIA,4600,10.189563486910926,2.22,CIN,44392228,7.8576,statline_mc+recal_10_4b,team:DET
86,TE,00-0040663,Harold Fannin Jr.,TE,CLE,4400,9.856223404674372,2.24,NYJ,44392606,6.2177,statline_mc+recal_10_4b,team:DET
86,FLEX,00-0041032,Kenyon Sadiq,TE,NYJ,3800,8.264693842002856,2.17,CLE,44392616,6.3257,statline_mc+recal_10_4b,team:DET
87,QB,00-0033106,Jared Goff,QB,DET,6600,22.670505308497543,3.43,ARI,44391825,8.3819,statline_mc+recal_10_4b,team:DET
87,DST,DST_WAS,Commanders,DST,WAS,2900,7.800219637000002,2.69,NYG,44392860,5.9099,dst_simulated_session_10_4+recal_10_4b,team:DET
87,RB1,00-0040122,Ashton Jeanty,RB,LV,7200,17.479864721379567,2.43,NE,44391902,8.3425,statline_mc+recal_10_4b,team:DET
87,RB2,00-0038597,Chase Brown,RB,CIN,6900,17.071830657064734,2.47,MIA,44391904,8.9295,statline_mc+recal_10_4b,team:DET
87,WR1,00-0036963,Amon-Ra St. Brown,WR,DET,7900,19.62700707984525,2.48,ARI,44392170,10.4382,statline_mc+recal_10_4b,team:DET
87,WR2,00-0035640,DK Metcalf,WR,PIT,5400,11.46105941309562,2.12,IND,44392208,7.9759,statline_mc+recal_10_4b,team:DET
87,WR3,00-0040735,Luther Burden III,WR,CHI,4900,10.974841066726976,2.24,GB,44392222,8.1533,statline_mc+recal_10_4b,team:DET
87,TE,00-0040663,Harold Fannin Jr.,TE,CLE,4400,9.856223404674372,2.24,NYJ,44392606,6.2177,statline_mc+recal_10_4b,team:DET
87,FLEX,00-0041032,Kenyon Sadiq,TE,NYJ,3800,8.264693842002856,2.17,CLE,44392616,6.3257,statline_mc+recal_10_4b,team:DET
88,QB,00-0033106,Jared Goff,QB,DET,6600,22.670505308497543,3.43,ARI,44391825,8.3819,statline_mc+recal_10_4b,team:DET
88,DST,DST_WAS,Commanders,DST,WAS,2900,7.800219637000002,2.69,NYG,44392860,5.9099,dst_simulated_session_10_4+recal_10_4b,team:DET
88,RB1,00-0036223,Jonathan Taylor,RB,IND,7800,18.872651475543112,2.42,PIT,44391900,8.9393,statline_mc+recal_10_4b,team:DET
88,RB2,00-0040122,Ashton Jeanty,RB,LV,7200,17.479864721379567,2.43,NE,44391902,8.3425,statline_mc+recal_10_4b,team:DET
88,WR1,00-0040735,Luther Burden III,WR,CHI,4900,10.974841066726976,2.24,GB,44392222,8.1533,statline_mc+recal_10_4b,team:DET
88,WR2,00-0039880,Malik Washington,WR,MIA,4600,10.189563486910926,2.22,CIN,44392228,7.8576,statline_mc+recal_10_4b,team:DET
88,WR3,00-0030279,Keenan Allen,WR,IND,4300,9.080045338393417,2.11,PIT,44392240,6.7058,statline_mc+recal_10_4b,team:DET
88,TE,00-0041032,Kenyon Sadiq,TE,NYJ,3800,8.264693842002856,2.17,CLE,44392616,6.3257,statline_mc+recal_10_4b,team:DET
88,FLEX,00-0036963,Amon-Ra St. Brown,WR,DET,7900,19.62700707984525,2.48,ARI,44392170,10.4382,statline_mc+recal_10_4b,team:DET
89,QB,00-0033106,Jared Goff,QB,DET,6600,22.670505308497543,3.43,ARI,44391825,8.3819,statline_mc+recal_10_4b,team:DET
89,DST,DST_WAS,Commanders,DST,WAS,2900,7.800219637000002,2.69,NYG,44392860,5.9099,dst_simulated_session_10_4+recal_10_4b,team:DET
89,RB1,00-0040122,Ashton Jeanty,RB,LV,7200,17.479864721379567,2.43,NE,44391902,8.3425,statline_mc+recal_10_4b,team:DET
89,RB2,00-0038597,Chase Brown,RB,CIN,6900,17.071830657064734,2.47,MIA,44391904,8.9295,statline_mc+recal_10_4b,team:DET
89,WR1,00-0041438,Carnell Tate,WR,TEN,5300,12.246190287240085,2.31,HOU,44392210,7.843,statline_mc+recal_10_4b,team:DET
89,WR2,00-0039424,Devaughn Vele,WR,NO,5200,10.709685715277734,2.06,MIN,44392216,7.5405,statline_mc+recal_10_4b,team:DET
89,WR3,00-0041547,KC Concepcion Jr.,WR,CLE,4200,9.080669281953444,2.16,NYJ,44392244,7.1537,statline_mc+recal_10_4b,team:DET
89,TE,00-0041032,Kenyon Sadiq,TE,NYJ,3800,8.264693842002856,2.17,CLE,44392616,6.3257,statline_mc+recal_10_4b,team:DET
89,FLEX,00-0036963,Amon-Ra St. Brown,WR,DET,7900,19.62700707984525,2.48,ARI,44392170,10.4382,statline_mc+recal_10_4b,team:DET
90,QB,00-0033106,Jared Goff,QB,DET,6600,22.670505308497543,3.43,ARI,44391825,8.3819,statline_mc+recal_10_4b,team:DET
90,DST,DST_WAS,Commanders,DST,WAS,2900,7.800219637000002,2.69,NYG,44392860,5.9099,dst_simulated_session_10_4+recal_10_4b,team:DET
90,RB1,00-0040122,Ashton Jeanty,RB,LV,7200,17.479864721379567,2.43,NE,44391902,8.3425,statline_mc+recal_10_4b,team:DET
90,RB2,00-0033293,Aaron Jones Sr.,RB,MIN,6500,15.405843574155348,2.37,NO,44391908,8.6645,statline_mc+recal_10_4b,team:DET
90,WR1,00-0036963,Amon-Ra St. Brown,WR,DET,7900,19.62700707984525,2.48,ARI,44392170,10.4382,statline_mc+recal_10_4b,team:DET
90,WR2,00-0041438,Carnell Tate,WR,TEN,5300,12.246190287240085,2.31,HOU,44392210,7.843,statline_mc+recal_10_4b,team:DET
90,WR3,00-0035640,DK Metcalf,WR,PIT,5400,11.46105941309562,2.12,IND,44392208,7.9759,statline_mc+recal_10_4b,team:DET
90,TE,00-0040663,Harold Fannin Jr.,TE,CLE,4400,9.856223404674372,2.24,NYJ,44392606,6.2177,statline_mc+recal_10_4b,team:DET
90,FLEX,00-0041032,Kenyon Sadiq,TE,NYJ,3800,8.264693842002856,2.17,CLE,44392616,6.3257,statline_mc+recal_10_4b,team:DET
91,QB,00-0033106,Jared Goff,QB,DET,6600,22.670505308497543,3.43,ARI,44391825,8.3819,statline_mc+recal_10_4b,team:DET
91,DST,DST_WAS,Commanders,DST,WAS,2900,7.800219637000002,2.69,NYG,44392860,5.9099,dst_simulated_session_10_4+recal_10_4b,team:DET
91,RB1,00-0038597,Chase Brown,RB,CIN,6900,17.071830657064734,2.47,MIA,44391904,8.9295,statline_mc+recal_10_4b,team:DET
91,RB2,00-0033293,Aaron Jones Sr.,RB,MIN,6500,15.405843574155348,2.37,NO,44391908,8.6645,statline_mc+recal_10_4b,team:DET
91,WR1,00-0041438,Carnell Tate,WR,TEN,5300,12.246190287240085,2.31,HOU,44392210,7.843,statline_mc+recal_10_4b,team:DET
91,WR2,00-0040735,Luther Burden III,WR,CHI,4900,10.974841066726976,2.24,GB,44392222,8.1533,statline_mc+recal_10_4b,team:DET
91,WR3,00-0039424,Devaughn Vele,WR,NO,5200,10.709685715277734,2.06,MIN,44392216,7.5405,statline_mc+recal_10_4b,team:DET
91,TE,00-0041032,Kenyon Sadiq,TE,NYJ,3800,8.264693842002856,2.17,CLE,44392616,6.3257,statline_mc+recal_10_4b,team:DET
91,FLEX,00-0036963,Amon-Ra St. Brown,WR,DET,7900,19.62700707984525,2.48,ARI,44392170,10.4382,statline_mc+recal_10_4b,team:DET
92,QB,00-0033119,Jacoby Brissett,QB,ARI,5500,18.94746990250052,3.44,DET,44391835,8.0066,statline_mc+recal_10_4b,team:ARI
92,DST,DST_WAS,Commanders,DST,WAS,2900,7.800219637000002,2.69,NYG,44392860,5.9099,dst_simulated_session_10_4+recal_10_4b,team:ARI
92,RB1,00-0040122,Ashton Jeanty,RB,LV,7200,17.479864721379567,2.43,NE,44391902,8.3425,statline_mc+recal_10_4b,team:ARI
92,RB2,00-0038597,Chase Brown,RB,CIN,6900,17.071830657064734,2.47,MIA,44391904,8.9295,statline_mc+recal_10_4b,team:ARI
92,WR1,00-0036410,Tee Higgins,WR,CIN,7100,16.33525111801687,2.3,MIA,44392178,9.2333,statline_mc+recal_10_4b,team:ARI
92,WR2,00-0039424,Devaughn Vele,WR,NO,5200,10.709685715277734,2.06,MIN,44392216,7.5405,statline_mc+recal_10_4b,team:ARI
92,WR3,00-0039880,Malik Washington,WR,MIA,4600,10.189563486910926,2.22,CIN,44392228,7.8576,statline_mc+recal_10_4b,team:ARI
92,TE,00-0037744,Trey McBride,TE,ARI,6700,17.995010054213015,2.69,DET,44392590,7.7568,statline_mc+recal_10_4b,team:ARI
92,FLEX,00-0032464,Kalif Raymond,WR,CHI,3900,7.756539491339251,1.99,GB,44392262,7.2742,statline_mc+recal_10_4b,team:ARI
93,QB,00-0033106,Jared Goff,QB,DET,6600,22.670505308497543,3.43,ARI,44391825,8.3819,statline_mc+recal_10_4b,team:DET
93,DST,DST_WAS,Commanders,DST,WAS,2900,7.800219637000002,2.69,NYG,44392860,5.9099,dst_simulated_session_10_4+recal_10_4b,team:DET
93,RB1,00-0038597,Chase Brown,RB,CIN,6900,17.071830657064734,2.47,MIA,44391904,8.9295,statline_mc+recal_10_4b,team:DET
93,RB2,00-0040784,Quinshon Judkins,RB,CLE,5700,12.3611380062633,2.17,NYJ,44391924,7.7307,statline_mc+recal_10_4b,team:DET
93,WR1,00-0036410,Tee Higgins,WR,CIN,7100,16.33525111801687,2.3,MIA,44392178,9.2333,statline_mc+recal_10_4b,team:DET
93,WR2,00-0040735,Luther Burden III,WR,CHI,4900,10.974841066726976,2.24,GB,44392222,8.1533,statline_mc+recal_10_4b,team:DET
93,WR3,00-0041547,KC Concepcion Jr.,WR,CLE,4200,9.080669281953444,2.16,NYJ,44392244,7.1537,statline_mc+recal_10_4b,team:DET
93,TE,00-0041032,Kenyon Sadiq,TE,NYJ,3800,8.264693842002856,2.17,CLE,44392616,6.3257,statline_mc+recal_10_4b,team:DET
93,FLEX,00-0036963,Amon-Ra St. Brown,WR,DET,7900,19.62700707984525,2.48,ARI,44392170,10.4382,statline_mc+recal_10_4b,team:DET
94,QB,00-0033106,Jared Goff,QB,DET,6600,22.670505308497543,3.43,ARI,44391825,8.3819,statline_mc+recal_10_4b,team:DET
94,DST,DST_WAS,Commanders,DST,WAS,2900,7.800219637000002,2.69,NYG,44392860,5.9099,dst_simulated_session_10_4+recal_10_4b,team:DET
94,RB1,00-0037228,Jaylen Warren,RB,PIT,6700,15.81351240983267,2.36,IND,44391906,9.0104,statline_mc+recal_10_4b,team:DET
94,RB2,00-0033293,Aaron Jones Sr.,RB,MIN,6500,15.405843574155348,2.37,NO,44391908,8.6645,statline_mc+recal_10_4b,team:DET
94,WR1,00-0036963,Amon-Ra St. Brown,WR,DET,7900,19.62700707984525,2.48,ARI,44392170,10.4382,statline_mc+recal_10_4b,team:DET
94,WR2,00-0037239,Chris Olave,WR,NO,7700,17.904845924583014,2.33,MIN,44392172,9.1514,statline_mc+recal_10_4b,team:DET
94,WR3,00-0041547,KC Concepcion Jr.,WR,CLE,4200,9.080669281953444,2.16,NYJ,44392244,7.1537,statline_mc+recal_10_4b,team:DET
94,TE,00-0041032,Kenyon Sadiq,TE,NYJ,3800,8.264693842002856,2.17,CLE,44392616,6.3257,statline_mc+recal_10_4b,team:DET
94,FLEX,00-0033090,Hunter Henry,TE,NE,3700,7.562140011687606,2.04,LV,44392618,6.3698,statline_mc+recal_10_4b,team:DET
95,QB,00-0033106,Jared Goff,QB,DET,6600,22.670505308497543,3.43,ARI,44391825,8.3819,statline_mc+recal_10_4b,team:DET
95,DST,DST_WAS,Commanders,DST,WAS,2900,7.800219637000002,2.69,NYG,44392860,5.9099,dst_simulated_session_10_4+recal_10_4b,team:DET
95,RB1,00-0036223,Jonathan Taylor,RB,IND,7800,18.872651475543112,2.42,PIT,44391900,8.9393,statline_mc+recal_10_4b,team:DET
95,RB2,00-0037228,Jaylen Warren,RB,PIT,6700,15.81351240983267,2.36,IND,44391906,9.0104,statline_mc+recal_10_4b,team:DET
95,WR1,00-0036963,Amon-Ra St. Brown,WR,DET,7900,19.62700707984525,2.48,ARI,44392170,10.4382,statline_mc+recal_10_4b,team:DET
95,WR2,00-0039915,Ladd McConkey,WR,LAC,5600,11.011321949193093,1.97,DEN,44392200,7.1125,statline_mc+recal_10_4b,team:DET
95,WR3,00-0030279,Keenan Allen,WR,IND,4300,9.080045338393417,2.11,PIT,44392240,6.7058,statline_mc+recal_10_4b,team:DET
95,TE,00-0040663,Harold Fannin Jr.,TE,CLE,4400,9.856223404674372,2.24,NYJ,44392606,6.2177,statline_mc+recal_10_4b,team:DET
95,FLEX,00-0041032,Kenyon Sadiq,TE,NYJ,3800,8.264693842002856,2.17,CLE,44392616,6.3257,statline_mc+recal_10_4b,team:DET
96,QB,00-0033106,Jared Goff,QB,DET,6600,22.670505308497543,3.43,ARI,44391825,8.3819,statline_mc+recal_10_4b,team:DET
96,DST,DST_WAS,Commanders,DST,WAS,2900,7.800219637000002,2.69,NYG,44392860,5.9099,dst_simulated_session_10_4+recal_10_4b,team:DET
96,RB1,00-0038597,Chase Brown,RB,CIN,6900,17.071830657064734,2.47,MIA,44391904,8.9295,statline_mc+recal_10_4b,team:DET
96,RB2,00-0033293,Aaron Jones Sr.,RB,MIN,6500,15.405843574155348,2.37,NO,44391908,8.6645,statline_mc+recal_10_4b,team:DET
96,WR1,00-0036963,Amon-Ra St. Brown,WR,DET,7900,19.62700707984525,2.48,ARI,44392170,10.4382,statline_mc+recal_10_4b,team:DET
96,WR2,00-0038124,Christian Watson,WR,GB,6400,13.742636201339598,2.15,CHI,44392184,8.4217,statline_mc+recal_10_4b,team:DET
96,WR3,00-0039424,Devaughn Vele,WR,NO,5200,10.709685715277734,2.06,MIN,44392216,7.5405,statline_mc+recal_10_4b,team:DET
96,TE,00-0041032,Kenyon Sadiq,TE,NYJ,3800,8.264693842002856,2.17,CLE,44392616,6.3257,statline_mc+recal_10_4b,team:DET
96,FLEX,00-0033090,Hunter Henry,TE,NE,3700,7.562140011687606,2.04,LV,44392618,6.3698,statline_mc+recal_10_4b,team:DET
97,QB,00-0033106,Jared Goff,QB,DET,6600,22.670505308497543,3.43,ARI,44391825,8.3819,statline_mc+recal_10_4b,team:DET
97,DST,DST_WAS,Commanders,DST,WAS,2900,7.800219637000002,2.69,NYG,44392860,5.9099,dst_simulated_session_10_4+recal_10_4b,team:DET
97,RB1,00-0038597,Chase Brown,RB,CIN,6900,17.071830657064734,2.47,MIA,44391904,8.9295,statline_mc+recal_10_4b,team:DET
97,RB2,00-0037228,Jaylen Warren,RB,PIT,6700,15.81351240983267,2.36,IND,44391906,9.0104,statline_mc+recal_10_4b,team:DET
97,WR1,00-0037239,Chris Olave,WR,NO,7700,17.904845924583014,2.33,MIN,44392172,9.1514,statline_mc+recal_10_4b,team:DET
97,WR2,00-0041438,Carnell Tate,WR,TEN,5300,12.246190287240085,2.31,HOU,44392210,7.843,statline_mc+recal_10_4b,team:DET
97,WR3,00-0041547,KC Concepcion Jr.,WR,CLE,4200,9.080669281953444,2.16,NYJ,44392244,7.1537,statline_mc+recal_10_4b,team:DET
97,TE,00-0041032,Kenyon Sadiq,TE,NYJ,3800,8.264693842002856,2.17,CLE,44392616,6.3257,statline_mc+recal_10_4b,team:DET
97,FLEX,00-0037240,Jameson Williams,WR,DET,5900,11.963800756574852,2.03,ARI,44392194,8.649,statline_mc+recal_10_4b,team:DET
98,QB,00-0033106,Jared Goff,QB,DET,6600,22.670505308497543,3.43,ARI,44391825,8.3819,statline_mc+recal_10_4b,team:DET
98,DST,DST_CLE,Browns,DST,CLE,2800,6.890633206,2.46,NYJ,44392861,5.8249,dst_simulated_session_10_4+recal_10_4b,team:DET
98,RB1,00-0038597,Chase Brown,RB,CIN,6900,17.071830657064734,2.47,MIA,44391904,8.9295,statline_mc+recal_10_4b,team:DET
98,RB2,00-0033293,Aaron Jones Sr.,RB,MIN,6500,15.405843574155348,2.37,NO,44391908,8.6645,statline_mc+recal_10_4b,team:DET
98,WR1,00-0037240,Jameson Williams,WR,DET,5900,11.963800756574852,2.03,ARI,44392194,8.649,statline_mc+recal_10_4b,team:DET
98,WR2,00-0039880,Malik Washington,WR,MIA,4600,10.189563486910926,2.22,CIN,44392228,7.8576,statline_mc+recal_10_4b,team:DET
98,WR3,00-0041547,KC Concepcion Jr.,WR,CLE,4200,9.080669281953444,2.16,NYJ,44392244,7.1537,statline_mc+recal_10_4b,team:DET
98,TE,00-0033090,Hunter Henry,TE,NE,3700,7.562140011687606,2.04,LV,44392618,6.3698,statline_mc+recal_10_4b,team:DET
98,FLEX,00-0038543,Jaxon Smith-Njigba,WR,SEA,8800,21.70589417285751,2.47,SF,44392166,9.9906,statline_mc+recal_10_4b,team:DET
99,QB,00-0034869,Sam Darnold,QB,SEA,5800,18.006724238409358,3.1,SF,44391832,8.1141,statline_mc+recal_10_4b,team:SEA
99,DST,DST_WAS,Commanders,DST,WAS,2900,7.800219637000002,2.69,NYG,44392860,5.9099,dst_simulated_session_10_4+recal_10_4b,team:SEA
99,RB1,00-0037228,Jaylen Warren,RB,PIT,6700,15.81351240983267,2.36,IND,44391906,9.0104,statline_mc+recal_10_4b,team:SEA
99,RB2,00-0033293,Aaron Jones Sr.,RB,MIN,6500,15.405843574155348,2.37,NO,44391908,8.6645,statline_mc+recal_10_4b,team:SEA
99,WR1,00-0041438,Carnell Tate,WR,TEN,5300,12.246190287240085,2.31,HOU,44392210,7.843,statline_mc+recal_10_4b,team:SEA
99,WR2,00-0035640,DK Metcalf,WR,PIT,5400,11.46105941309562,2.12,IND,44392208,7.9759,statline_mc+recal_10_4b,team:SEA
99,WR3,00-0039880,Malik Washington,WR,MIA,4600,10.189563486910926,2.22,CIN,44392228,7.8576,statline_mc+recal_10_4b,team:SEA
99,TE,00-0041032,Kenyon Sadiq,TE,NYJ,3800,8.264693842002856,2.17,CLE,44392616,6.3257,statline_mc+recal_10_4b,team:SEA
99,FLEX,00-0038543,Jaxon Smith-Njigba,WR,SEA,8800,21.70589417285751,2.47,SF,44392166,9.9906,statline_mc+recal_10_4b,team:SEA
100,QB,00-0034869,Sam Darnold,QB,SEA,5800,18.006724238409358,3.1,SF,44391832,8.1141,statline_mc+recal_10_4b,team:SEA
100,DST,DST_WAS,Commanders,DST,WAS,2900,7.800219637000002,2.69,NYG,44392860,5.9099,dst_simulated_session_10_4+recal_10_4b,team:SEA
100,RB1,00-0037228,Jaylen Warren,RB,PIT,6700,15.81351240983267,2.36,IND,44391906,9.0104,statline_mc+recal_10_4b,team:SEA
100,RB2,00-0040784,Quinshon Judkins,RB,CLE,5700,12.3611380062633,2.17,NYJ,44391924,7.7307,statline_mc+recal_10_4b,team:SEA
100,WR1,00-0036410,Tee Higgins,WR,CIN,7100,16.33525111801687,2.3,MIA,44392178,9.2333,statline_mc+recal_10_4b,team:SEA
100,WR2,00-0040735,Luther Burden III,WR,CHI,4900,10.974841066726976,2.24,GB,44392222,8.1533,statline_mc+recal_10_4b,team:SEA
100,WR3,00-0030279,Keenan Allen,WR,IND,4300,9.080045338393417,2.11,PIT,44392240,6.7058,statline_mc+recal_10_4b,team:SEA
100,TE,00-0041032,Kenyon Sadiq,TE,NYJ,3800,8.264693842002856,2.17,CLE,44392616,6.3257,statline_mc+recal_10_4b,team:SEA
100,FLEX,00-0038543,Jaxon Smith-Njigba,WR,SEA,8800,21.70589417285751,2.47,SF,44392166,9.9906,statline_mc+recal_10_4b,team:SEA
