week,season,gid,name,rotoguru_position,team,home_away,opponent,actual_points,salary
1,2019,1527,Lamar Jackson,QB,BAL,a,MIA,36.56,6000.0
1,2019,1501,Dak Prescott,QB,DAL,h,NYG,36.4,5900.0
1,2019,1518,Deshaun Watson,QB,HOU,a,NO,31.72,6800.0
1,2019,1340,Matthew Stafford,QB,DET,a,ARI,31.6,5400.0
1,2019,1523,Patrick Mahomes II,QB,KC,a,JAX,30.32,7200.0
1,2019,1435,Case Keenum,QB,WAS,a,PHI,30.2,4900.0
1,2019,1131,Tom Brady,QB,NE,h,PIT,28.64,6000.0
1,2019,1514,Carson Wentz,QB,PHI,h,WAS,28.02,5700.0
1,2019,1231,Philip Rivers,QB,LAC,h,IND,27.92,5900.0
1,2019,1403,Andy Dalton,QB,CIN,a,SEA,25.72,5000.0
1,2019,1537,Kyler Murray,QB,ARI,h,DET,25.62,5600.0
1,2019,1151,Drew Brees,QB,NO,h,HOU,24.8,6400.0
1,2019,1466,Marcus Mariota,QB,TEN,a,CLE,24.32,5200.0
1,2019,1301,Matt Ryan,QB,ATL,a,MIN,23.56,6100.0
1,2019,1529,Josh Allen,QB,BUF,a,NYJ,19.96,5600.0
1,2019,1225,Eli Manning,QB,NYG,a,DAL,18.84,5000.0
1,2019,1540,Gardner Minshew,QB,JAX,h,KC,18.6,4000.0
1,2019,1412,Russell Wilson,QB,SEA,h,CIN,16.64,6300.0
1,2019,1496,Jacoby Brissett,QB,IND,a,LAC,16.5,4400.0
1,2019,1302,Joe Flacco,QB,DEN,a,LV,14.82,5100.0
1,2019,1441,Derek Carr,QB,LV,h,DEN,14.56,5400.0
1,2019,1415,Kirk Cousins,QB,MIN,h,ATL,14.32,5500.0
1,2019,1524,Sam Darnold,QB,NYJ,h,BUF,13.0,5100.0
1,2019,1252,Aaron Rodgers,QB,GB,a,CHI,12.92,6500.0
1,2019,1528,Baker Mayfield,QB,CLE,h,TEN,12.4,6400.0
1,2019,1452,Jimmy Garoppolo,QB,SF,a,TB,11.44,5800.0
1,2019,1242,Ryan Fitzpatrick,QB,MIA,h,BAL,11.2,4900.0
1,2019,1232,Ben Roethlisberger,QB,PIT,a,NE,10.74,6300.0
1,2019,1490,Jared Goff,QB,LA,a,CAR,10.44,6200.0
1,2019,1465,Jameis Winston,QB,TB,h,SF,10.06,6600.0
1,2019,1519,Mitchell Trubisky,QB,CHI,h,GB,9.22,5700.0
1,2019,1530,Taysom Hill,QB,NO,h,HOU,8.7,4300.0
1,2019,1378,Cam Newton,QB,CAR,h,LA,7.36,6500.0
1,2019,1408,Robert Griffin III,QB,BAL,a,MIA,7.1,4000.0
1,2019,1413,Nick Foles,QB,JAX,h,KC,7.0,5300.0
1,2019,1539,Daniel Jones,QB,NYG,a,DAL,0.18,4300.0
1,2019,1400,Tyrod Taylor,QB,LAC,h,IND,0.0,4300.0
1,2019,1521,Cooper Rush,QB,DAL,h,NYG,0.0,4400.0
1,2019,1298,Matt Moore,QB,KC,a,JAX,-0.1,4000.0
1,2019,1410,Ryan Tannehill,QB,TEN,a,CLE,-0.2,4400.0
1,2019,1525,Josh Rosen,QB,MIA,h,BAL,-0.8,4700.0
1,2019,5536,Christian McCaffrey,RB,CAR,h,LA,45.9,8800.0
1,2019,5575,Austin Ekeler,RB,LAC,h,IND,39.4,5500.0
1,2019,5559,Dalvin Cook,RB,MIN,h,ATL,29.0,6000.0
1,2019,5445,Derrick Henry,RB,TEN,a,CLE,28.9,5900.0
1,2019,5548,Marlon Mack,RB,IND,a,LAC,28.4,5600.0
1,2019,5395,David Johnson,RB,ARI,h,DET,25.7,7700.0
1,2019,2793,Mark Ingram,RB,BAL,a,MIA,25.7,5100.0
1,2019,5565,Chris Carson,RB,SEA,h,CIN,25.1,5700.0
1,2019,5712,Josh Jacobs,RB,LV,h,DEN,24.3,5200.0
1,2019,5562,Alvin Kamara,RB,NO,h,HOU,23.9,8500.0
1,2019,2888,Le'Veon Bell,RB,NYJ,h,BUF,23.2,7100.0
1,2019,5614,Saquon Barkley,RB,NYG,a,DAL,20.9,9000.0
1,2019,2957,Damien Williams,RB,KC,a,JAX,18.5,6300.0
1,2019,5441,Malcolm Brown,RB,LA,a,CAR,17.3,3800.0
1,2019,2915,Chris Thompson,RB,WAS,a,PHI,14.8,3500.0
1,2019,5717,Devin Singletary,RB,BUF,a,NYJ,14.8,3600.0
1,2019,2890,Rex Burkhead,RB,NE,h,PIT,13.5,3500.0
1,2019,5444,Ezekiel Elliott,RB,DAL,h,NYG,13.3,9200.0
1,2019,2954,James White,RB,NE,h,PIT,13.2,4800.0
1,2019,5547,Wayne Gallman,RB,NYG,a,DAL,13.1,3000.0
1,2019,2997,Duke Johnson,RB,HOU,a,NO,13.0,3500.0
1,2019,5564,Tarik Cohen,RB,CHI,h,GB,12.9,4800.0
1,2019,2899,Latavius Murray,RB,NO,h,HOU,12.7,4100.0
1,2019,5534,Leonard Fournette,RB,JAX,h,KC,12.4,6100.0
1,2019,5622,Nick Chubb,RB,CLE,h,TEN,11.5,6400.0
1,2019,2484,Darren Sproles,RB,PHI,h,WAS,11.3,3100.0
1,2019,2992,Todd Gurley,RB,LA,a,CAR,11.1,7900.0
1,2019,5630,Phillip Lindsay,RB,DEN,a,LV,10.6,5300.0
1,2019,5537,James Conner,RB,PIT,a,NE,10.5,7300.0
1,2019,5617,Ronald Jones,RB,TB,h,SF,10.3,3900.0
1,2019,2707,LeSean McCoy,RB,KC,a,JAX,10.3,4600.0
1,2019,5320,Mike Davis,RB,CHI,h,GB,9.6,3500.0
1,2019,2933,Carlos Hyde,RB,HOU,a,NO,9.5,4100.0
1,2019,5683,Dontrell Hilliard,RB,CLE,h,TEN,8.8,3000.0
1,2019,2889,Giovani Bernard,RB,CIN,a,SEA,8.3,4100.0
1,2019,5621,Kerryon Johnson,RB,DET,a,ARI,8.2,5800.0
1,2019,2994,Tevin Coleman,RB,SF,a,TB,7.6,5000.0
1,2019,5447,Jordan Howard,RB,PHI,h,WAS,7.5,4200.0
1,2019,5697,Dare Ogunbowale,RB,TB,h,SF,7.3,3000.0
1,2019,5682,Justin Jackson,RB,LAC,h,IND,7.1,4000.0
1,2019,5620,Royce Freeman,RB,DEN,a,LV,7.1,4200.0
1,2019,5743,Patrick Ricard,RB,BAL,a,MIA,7.1,3000.0
1,2019,5616,Derrius Guice,RB,WAS,a,PHI,6.8,4400.0
1,2019,5507,Peyton Barber,RB,TB,h,SF,6.5,4000.0
1,2019,5644,Alex Armah,RB,CAR,h,LA,6.1,3000.0
1,2019,5623,Nyheim Hines,RB,IND,a,LAC,5.7,3900.0
1,2019,5681,Gus Edwards,RB,BAL,a,MIA,5.6,3100.0
1,2019,5746,D'Ernest Johnson,RB,CLE,h,TEN,5.6,3000.0
1,2019,5713,David Montgomery,RB,CHI,h,GB,5.5,5200.0
1,2019,2930,Devonta Freeman,RB,ATL,a,MIN,5.1,5300.0
1,2019,5414,Raheem Mostert,RB,SF,a,TB,5.0,3700.0
1,2019,5658,Ito Smith,RB,ATL,a,MIN,5.0,4000.0
1,2019,5543,Aaron Jones,RB,GB,a,CHI,4.9,5400.0
1,2019,5720,Alexander Mattison,RB,MIN,h,ATL,4.9,3800.0
1,2019,5446,Kenyan Drake,RB,MIA,h,BAL,4.7,4700.0
1,2019,5586,J.D. McKissic,RB,DET,a,ARI,4.4,3100.0
1,2019,2816,Dion Lewis,RB,TEN,a,CLE,4.3,4700.0
1,2019,5714,Miles Sanders,RB,PHI,h,WAS,3.7,3900.0
1,2019,5535,Joe Mixon,RB,CIN,a,SEA,3.7,6700.0
1,2019,5567,Matt Breida,RB,SF,a,TB,3.7,4000.0
1,2019,2924,C.J. Anderson,RB,DET,a,ARI,3.5,3900.0
1,2019,5541,Jamaal Williams,RB,GB,a,CHI,3.5,3300.0
1,2019,2805,Patrick DiMarco,RB,BUF,a,NYJ,2.9,3000.0
1,2019,5719,Justice Hill,RB,BAL,a,MIA,2.7,3600.0
1,2019,2822,Anthony Sherman,RB,KC,a,JAX,2.5,3000.0
1,2019,5718,Tony Pollard,RB,DAL,h,NYG,2.4,4500.0
1,2019,5628,Kalen Ballage,RB,MIA,h,BAL,2.2,4500.0
1,2019,2467,Frank Gore,RB,BUF,a,NYJ,2.0,3800.0
1,2019,5618,Rashaad Penny,RB,SEA,h,CIN,1.8,4900.0
1,2019,5688,Jaylen Samuels,RB,PIT,a,NE,1.6,3800.0
1,2019,5615,Sony Michel,RB,NE,h,PIT,1.4,5900.0
1,2019,5744,Darwin Thompson,RB,KC,a,JAX,1.3,3000.0
1,2019,5741,Nick Bawden,RB,DET,a,ARI,1.0,3000.0
1,2019,2995,Ameer Abdullah,RB,MIN,h,ATL,0.8,3000.0
1,2019,5449,DeAndre Washington,RB,LV,h,DEN,0.8,3200.0
1,2019,2874,Brandon Bolden,RB,NE,h,PIT,0.7,3000.0
1,2019,5745,Ryquell Armstead,RB,JAX,h,KC,0.7,3000.0
1,2019,5742,Ty Johnson,RB,DET,a,ARI,0.6,3000.0
1,2019,5619,Chase Edmonds,RB,ARI,h,DET,0.5,3100.0
1,2019,5504,Derek Watt,RB,LAC,h,IND,0.4,3000.0
1,2019,5392,Ty Montgomery,RB,NYJ,h,BUF,0.4,3200.0
1,2019,5588,Elijhaa Penny,RB,NYG,a,DAL,0.3,3000.0
1,2019,5490,Jalen Richard,RB,LV,h,DEN,0.3,3500.0
1,2019,5629,Mark Walton,RB,MIA,h,BAL,0.1,3000.0
1,2019,5662,Mike Boone,RB,MIN,h,ATL,0.0,3000.0
1,2019,2825,James Develin,RB,NE,h,PIT,0.0,3000.0
1,2019,5483,Dwayne Washington,RB,NO,h,HOU,0.0,3200.0
1,2019,5735,Reggie Bonnafon,RB,CAR,h,LA,0.0,3000.0
1,2019,5510,Troymaine Pope,RB,LAC,h,IND,0.0,3000.0
1,2019,5663,Nick Bellore,RB,SEA,h,CIN,0.0,3000.0
1,2019,5581,C.J. Ham,RB,MIN,h,ATL,0.0,3000.0
1,2019,5473,Wendell Smallwood,RB,WAS,a,PHI,0.0,3200.0
1,2019,2912,Zach Line,RB,NO,h,HOU,0.0,3000.0
1,2019,5625,Jordan Wilkins,RB,IND,a,LAC,0.0,3000.0
1,2019,5762,Cullen Gillaspia,RB,HOU,a,NO,0.0,3000.0
1,2019,5495,D.J. Foster,RB,ARI,h,DET,0.0,3000.0
1,2019,5737,Chandler Cox,RB,MIA,h,BAL,0.0,3000.0
1,2019,5736,Jordan Chunn,RB,DAL,h,NYG,0.0,3000.0
1,2019,2887,Kenjon Barner,RB,ATL,a,MIN,0.0,3000.0
1,2019,5708,Darrel Williams,RB,KC,a,JAX,0.0,3400.0
1,2019,5763,Buddy Howell,RB,HOU,a,NO,0.0,3800.0
1,2019,5468,Devontae Booker,RB,DEN,a,LV,0.0,3000.0
1,2019,5738,Travis Homer,RB,SEA,h,CIN,0.0,3000.0
1,2019,5492,Keith Smith,RB,ATL,a,MIN,0.0,3000.0
1,2019,5403,Roosevelt Nix,RB,PIT,a,NE,0.0,3000.0
1,2019,5470,Tyler Ervin,RB,JAX,h,KC,0.0,3000.0
1,2019,2820,Taiwan Jones,RB,HOU,a,NO,0.0,3000.0
1,2019,5448,C.J. Prosise,RB,SEA,h,CIN,0.0,3000.0
1,2019,5538,Samaje Perine,RB,CIN,a,SEA,0.0,3000.0
1,2019,5740,Benny Snell,RB,PIT,a,NE,0.0,3300.0
1,2019,5723,Jordan Scarlett,RB,CAR,h,LA,0.0,3400.0
1,2019,5764,Alec Ingold,RB,LV,h,DEN,0.0,3000.0
1,2019,5716,Darrell Henderson,RB,LA,a,CAR,0.0,4800.0
1,2019,5583,Corey Clement,RB,PHI,h,WAS,0.0,3200.0
1,2019,2993,T.J. Yeldon,RB,BUF,a,NYJ,0.0,3300.0
1,2019,2959,David Fluellen,RB,TEN,a,CLE,0.0,3000.0
1,2019,5626,T.J. Logan,RB,TB,h,SF,0.0,3000.0
1,2019,2908,Kyle Juszczyk,RB,SF,a,TB,0.0,3000.0
1,2019,5739,Tremon Smith,RB,KC,a,JAX,0.0,3000.0
1,2019,2913,Jamize Olawale,RB,DAL,h,NYG,0.0,3000.0
1,2019,5657,Trenton Cannon,RB,NYJ,h,BUF,0.0,3000.0
1,2019,5517,Dan Vitale,RB,GB,a,CHI,0.0,3000.0
1,2019,5252,Sammy Watkins,WR,KC,a,JAX,49.8,5000.0
1,2019,3770,DeSean Jackson,WR,PHI,h,WAS,38.4,4500.0
1,2019,5558,John Ross,WR,CIN,a,SEA,37.8,3900.0
1,2019,5206,DeAndre Hopkins,WR,HOU,a,NO,34.1,8200.0
1,2019,5730,Marquise Brown,WR,BAL,a,MIA,33.7,3800.0
1,2019,5198,Keenan Allen,WR,LAC,h,IND,29.3,7300.0
1,2019,5151,T.Y. Hilton,WR,IND,a,LAC,28.7,6600.0
1,2019,5264,John Brown,WR,BUF,a,NYJ,28.3,4300.0
1,2019,3501,Larry Fitzgerald,WR,ARI,h,DET,28.3,4900.0
1,2019,5659,D.J. Chark,WR,JAX,h,KC,27.6,3300.0
1,2019,5757,Terry McLaurin,WR,WAS,a,PHI,26.5,3300.0
1,2019,3851,Danny Amendola,WR,DET,a,ARI,26.4,3600.0
1,2019,5634,Michael Gallup,WR,DAL,h,NYG,25.8,4300.0
1,2019,5376,Amari Cooper,WR,DAL,h,NYG,25.6,7000.0
1,2019,5432,Tyrell Williams,WR,LV,h,DEN,25.5,4500.0
1,2019,5384,Phillip Dorsett,WR,NE,h,PIT,25.5,3100.0
1,2019,5459,Michael Thomas,WR,NO,h,HOU,25.3,8000.0
1,2019,5410,Jamison Crowder,WR,NYJ,h,BUF,24.3,4100.0
1,2019,5153,Alshon Jeffery,WR,PHI,h,WAS,22.1,5900.0
1,2019,5637,Courtland Sutton,WR,DEN,a,LV,22.0,4700.0
1,2019,5385,Chris Conley,WR,JAX,h,KC,21.7,3100.0
1,2019,5258,Allen Robinson,WR,CHI,h,GB,20.2,5400.0
1,2019,3670,Ted Ginn Jr.,WR,NO,h,HOU,20.1,4200.0
1,2019,3983,Emmanuel Sanders,WR,DEN,a,LV,19.6,5300.0
1,2019,5125,Randall Cobb,WR,DAL,h,NYG,16.9,4200.0
1,2019,5217,Robert Woods,WR,LA,a,CAR,16.6,6400.0
1,2019,5631,Calvin Ridley,WR,ATL,a,MIN,16.4,5100.0
1,2019,3826,Julian Edelman,WR,NE,h,PIT,16.38,6900.0
1,2019,5165,Josh Gordon,WR,NE,h,PIT,16.3,5500.0
1,2019,5728,A.J. Brown,WR,TEN,a,CLE,16.0,3500.0
1,2019,5089,Julio Jones,WR,ATL,a,MIN,15.1,8000.0
1,2019,5455,Tyler Boyd,WR,CIN,a,SEA,14.3,5800.0
1,2019,5579,Chris Godwin,WR,TB,h,SF,14.3,6200.0
1,2019,5603,Dede Westbrook,WR,JAX,h,KC,14.2,4800.0
1,2019,5554,Kenny Golladay,WR,DET,a,ARI,14.2,6300.0
1,2019,5323,Odell Beckham Jr.,WR,CLE,h,TEN,14.1,8100.0
1,2019,5553,JuJu Smith-Schuster,WR,PIT,a,NE,13.8,7500.0
1,2019,5633,D.J. Moore,WR,CAR,h,LA,13.6,5500.0
1,2019,5652,Trey Quinn,WR,WAS,a,PHI,13.3,3400.0
1,2019,5333,Adam Thielen,WR,MIN,h,ATL,13.3,6800.0
1,2019,5725,D.K. Metcalf,WR,SEA,h,CIN,12.9,4000.0
1,2019,5212,Kenny Stills,WR,HOU,a,NO,12.7,4000.0
1,2019,5287,Willie Snead,WR,BAL,a,MIA,12.1,4000.0
1,2019,5335,Jarvis Landry,WR,CLE,h,TEN,11.7,5600.0
1,2019,5552,Cooper Kupp,WR,LA,a,CAR,11.6,5700.0
1,2019,5386,Tyler Lockett,WR,SEA,h,CIN,11.4,6000.0
1,2019,5755,Preston Williams,WR,MIA,h,BAL,11.4,3000.0
1,2019,5674,Richie James,WR,SF,a,TB,10.9,3000.0
1,2019,5159,Mohamed Sanu,WR,ATL,a,MIN,10.7,4600.0
1,2019,5639,Tre'Quan Smith,WR,NO,h,HOU,10.6,3900.0
1,2019,5380,DeVante Parker,WR,MIA,h,BAL,10.5,3900.0
1,2019,5636,Christian Kirk,WR,ARI,h,DET,10.4,4700.0
1,2019,5268,Cody Latimer,WR,NYG,a,DAL,10.4,3300.0
1,2019,5456,Sterling Shepard,WR,NYG,a,DAL,10.2,5000.0
1,2019,5168,Marvin Jones,WR,DET,a,ARI,10.0,4800.0
1,2019,5731,KeeSean Johnson,WR,ARI,h,DET,9.6,3000.0
1,2019,5656,Marquez Valdes-Scantling,WR,GB,a,CHI,9.2,4400.0
1,2019,5353,Bennie Fowler,WR,NYG,a,DAL,9.0,3000.0
1,2019,5163,Cole Beasley,WR,BUF,a,NYJ,9.0,3600.0
1,2019,5454,Will Fuller,WR,HOU,a,NO,8.9,4900.0
1,2019,5569,Ryan Switzer,WR,PIT,a,NE,8.9,3200.0
1,2019,5531,Damiere Byrd,WR,ARI,h,DET,8.2,3000.0
1,2019,5387,Justin Hardy,WR,ATL,a,MIN,8.1,3000.0
1,2019,5263,Davante Adams,WR,GB,a,CHI,7.6,7700.0
1,2019,5260,Paul Richardson,WR,WAS,a,PHI,7.6,3900.0
1,2019,5748,Miles Boykin,WR,BAL,a,MIA,7.5,3000.0
1,2019,5635,James Washington,WR,PIT,a,NE,7.1,3900.0
1,2019,5475,Rashard Higgins,WR,CLE,h,TEN,6.6,3200.0
1,2019,5556,Curtis Samuel,WR,CAR,h,LA,6.2,4200.0
1,2019,5381,Devin Funchess,WR,IND,a,LAC,6.2,4000.0
1,2019,5756,Damion Willis,WR,CIN,a,SEA,6.0,3000.0
1,2019,5255,Brandin Cooks,WR,LA,a,CAR,5.9,6500.0
1,2019,5480,Alex Erickson,WR,CIN,a,SEA,5.8,3200.0
1,2019,5726,Deebo Samuel,WR,SF,a,TB,5.7,4000.0
1,2019,5424,Stefon Diggs,WR,MIN,h,ATL,5.7,6700.0
1,2019,5750,Deon Cain,WR,IND,a,LAC,5.5,3000.0
1,2019,5754,Diontae Johnson,WR,PIT,a,NE,5.5,3000.0
1,2019,5502,Robby Anderson,WR,NYJ,h,BUF,5.3,5200.0
1,2019,5751,Kelvin Harmon,WR,WAS,a,PHI,5.1,3000.0
1,2019,5594,Mike Williams,WR,LAC,h,IND,4.9,5300.0
1,2019,5253,Mike Evans,WR,TB,h,SF,4.8,7900.0
1,2019,2580,Ryan Grant,WR,LV,h,DEN,4.6,3000.0
1,2019,5361,Taylor Gabriel,WR,CHI,h,GB,4.4,3900.0
1,2019,5485,Tyreek Hill,WR,KC,a,JAX,4.1,7600.0
1,2019,5557,Zay Jones,WR,BUF,a,NYJ,3.8,3700.0
1,2019,5498,Trevor Davis,WR,LV,h,DEN,3.8,3000.0
1,2019,5344,Donte Moncrief,WR,PIT,a,NE,3.7,4400.0
1,2019,5678,Damion Ratley,WR,CLE,h,TEN,3.7,3000.0
1,2019,5339,Albert Wilson,WR,MIA,h,BAL,3.4,3900.0
1,2019,5761,Hunter Renfrow,WR,LV,h,DEN,3.3,3600.0
1,2019,5341,Allen Hurns,WR,MIA,h,BAL,3.2,3700.0
1,2019,5173,Travis Benjamin,WR,LAC,h,IND,3.2,3300.0
1,2019,5749,Jakobi Meyers,WR,NE,h,PIT,3.2,3200.0
1,2019,5378,Nelson Agholor,WR,PHI,h,WAS,3.1,3900.0
1,2019,5379,Breshad Perriman,WR,TB,h,SF,3.0,3300.0
1,2019,5640,DaeSean Hamilton,WR,DEN,a,LV,2.5,4400.0
1,2019,5191,Josh Bellamy,WR,NYJ,h,BUF,2.5,3000.0
1,2019,5188,Jarius Wright,WR,CAR,h,LA,2.4,3200.0
1,2019,5680,Russell Gage,WR,ATL,a,MIN,2.2,3000.0
1,2019,5408,Seth Roberts,WR,BAL,a,MIA,2.0,3000.0
1,2019,5598,Kendrick Bourne,WR,SF,a,TB,1.9,3000.0
1,2019,5692,Chad Beebe,WR,MIN,h,ATL,1.9,3000.0
1,2019,5729,Parris Campbell,WR,IND,a,LAC,1.8,3800.0
1,2019,5199,Tavon Austin,WR,DAL,h,NYG,1.8,3000.0
1,2019,5205,Marquise Goodwin,WR,SF,a,TB,1.7,4000.0
1,2019,5638,Dante Pettis,WR,SF,a,TB,1.7,5400.0
1,2019,5130,Dwayne Harris,WR,LV,h,DEN,1.7,3000.0
1,2019,5412,Adam Humphries,WR,TEN,a,CLE,1.5,4000.0
1,2019,5097,Dontrelle Inman,WR,LAC,h,IND,1.5,3200.0
1,2019,5208,Cordarrelle Patterson,WR,CHI,h,GB,1.1,3600.0
1,2019,5515,Demarcus Robinson,WR,KC,a,JAX,1.0,3200.0
1,2019,5654,DeAndre Carter,WR,HOU,a,NO,0.9,3300.0
1,2019,5461,Tajae Sharpe,WR,TEN,a,CLE,0.0,3000.0
1,2019,5578,Mack Hollins,WR,PHI,h,WAS,0.0,3000.0
1,2019,5759,Byron Pringle,WR,KC,a,JAX,0.0,3000.0
1,2019,5167,Chris Hogan,WR,CAR,h,LA,0.0,3300.0
1,2019,5479,Chris Moore,WR,BAL,a,MIA,0.0,3200.0
1,2019,5752,Gunner Olszewski,WR,NE,h,PIT,0.0,3000.0
1,2019,5702,Malik Turner,WR,SEA,h,CIN,0.0,3000.0
1,2019,5699,Trent Sherfield,WR,ARI,h,DET,0.0,3000.0
1,2019,5409,J.J. Nelson,WR,LV,h,DEN,0.0,3200.0
1,2019,5462,Pharoh Cooper,WR,CIN,a,SEA,0.0,3000.0
1,2019,5256,Marqise Lee,WR,JAX,h,KC,0.0,4400.0
1,2019,5641,Braxton Berrios,WR,NYJ,h,BUF,0.0,3000.0
1,2019,5433,Darius Jennings,WR,TEN,a,CLE,0.0,3000.0
1,2019,5500,Chester Rogers,WR,IND,a,LAC,0.0,3300.0
1,2019,5503,Mike Thomas,WR,LA,a,CAR,0.0,3000.0
1,2019,5602,JoJo Natson,WR,LA,a,CAR,0.0,3000.0
1,2019,5711,Allen Lazard,WR,GB,a,CHI,0.0,3000.0
1,2019,5765,Diontae Spencer,WR,DEN,a,LV,0.0,3000.0
1,2019,5632,Anthony Miller,WR,CHI,h,GB,0.0,4300.0
1,2019,5511,Geronimo Allison,WR,GB,a,CHI,0.0,4100.0
1,2019,5421,Devin Smith,WR,DAL,h,NYG,0.0,3000.0
1,2019,5747,Olabisi Johnson,WR,MIN,h,ATL,0.0,3000.0
1,2019,5753,Steven Sims Jr.,WR,WAS,a,PHI,0.0,3000.0
1,2019,5550,Corey Davis,WR,TEN,a,CLE,0.0,4900.0
1,2019,5671,Javon Wims,WR,CHI,h,GB,0.0,3000.0
1,2019,5606,Bobo Wilson,WR,TB,h,SF,0.0,3000.0
1,2019,5675,KhaDarel Hodge,WR,CLE,h,TEN,0.0,3000.0
1,2019,5690,Justin Watson,WR,TB,h,SF,0.0,3200.0
1,2019,5647,Zach Pascal,WR,IND,a,LAC,0.0,3100.0
1,2019,5649,Robert Foster,WR,BUF,a,NYJ,0.0,4100.0
1,2019,5704,Jake Kumerow,WR,GB,a,CHI,0.0,3100.0
1,2019,3760,Matthew Slater,WR,NE,h,PIT,0.0,3000.0
1,2019,5732,JJ Arcega-Whiteside,WR,PHI,h,WAS,0.0,3400.0
1,2019,5491,Johnny Holton,WR,PIT,a,NE,0.0,3000.0
1,2019,5582,Josh Reynolds,WR,LA,a,CAR,0.0,3300.0
1,2019,5518,Cody Core,WR,NYG,a,DAL,0.0,3000.0
1,2019,5574,Isaiah McKenzie,WR,BUF,a,NYJ,0.0,3000.0
1,2019,5229,Jaron Brown,WR,SEA,h,CIN,0.0,3100.0
1,2019,5695,Keith Kirkwood,WR,NO,h,HOU,0.0,3200.0
1,2019,5734,Andy Isabella,WR,ARI,h,DET,0.0,3400.0
1,2019,5727,Mecole Hardman,WR,KC,a,JAX,0.0,4100.0
1,2019,5665,Ray-Ray McCloud,WR,CAR,h,LA,0.0,3000.0
1,2019,5570,Keelan Cole,WR,JAX,h,KC,0.0,3400.0
1,2019,5758,Chris Lacy,WR,DET,a,ARI,0.0,3000.0
1,2019,5760,Deonte Harris,WR,NO,h,HOU,0.0,3000.0
1,2019,5651,Tim Patrick,WR,DEN,a,LV,0.0,3200.0
1,2019,5223,Russell Shepard,WR,NYG,a,DAL,0.0,3000.0
1,2019,5486,Jakeem Grant,WR,MIA,h,BAL,-0.3,3000.0
1,2019,5420,Quincy Enunwa,WR,NYJ,h,BUF,-0.4,3800.0
1,2019,4701,Evan Engram,TE,NYG,a,DAL,31.6,4800.0
1,2019,4749,T.J. Hockenson,TE,DET,a,ARI,28.1,3100.0
1,2019,4721,Mark Andrews,TE,BAL,a,MIA,27.8,3000.0
1,2019,4360,Delanie Walker,TE,TEN,a,CLE,22.5,3500.0
1,2019,4677,Austin Hooper,TE,ATL,a,MIN,16.7,3200.0
1,2019,4323,Vernon Davis,TE,WAS,a,PHI,15.9,2700.0
1,2019,5419,Darren Waller,TE,LV,h,DEN,14.0,3000.0
1,2019,4702,David Njoku,TE,CLE,h,TEN,13.7,3700.0
1,2019,4703,George Kittle,TE,SF,a,TB,13.4,6600.0
1,2019,4733,Blake Jarwin,TE,DAL,h,NYG,12.9,2700.0
1,2019,4680,Tyler Higbee,TE,LA,a,CAR,12.0,2600.0
1,2019,4492,Jimmy Graham,TE,GB,a,CHI,12.0,3600.0
1,2019,4582,Travis Kelce,TE,KC,a,JAX,11.8,7100.0
1,2019,4656,C.J. Uzomah,TE,CIN,a,SEA,10.6,2600.0
1,2019,4262,Jason Witten,TE,DAL,h,NYG,10.5,3000.0
1,2019,4569,Zach Ertz,TE,PHI,h,WAS,10.4,6100.0
1,2019,4675,Hunter Henry,TE,LAC,h,IND,10.0,3900.0
1,2019,4568,Tyler Eifert,TE,CIN,a,SEA,7.7,3100.0
1,2019,4368,Greg Olsen,TE,CAR,h,LA,7.6,3200.0
1,2019,4664,James O'Shaughnessy,TE,JAX,h,KC,7.2,2500.0
1,2019,4720,Hayden Hurst,TE,BAL,a,MIA,7.1,2700.0
1,2019,4700,O.J. Howard,TE,TB,h,SF,6.2,5000.0
1,2019,4572,Vance McDonald,TE,PIT,a,NE,6.0,4000.0
1,2019,4668,Geoff Swaim,TE,JAX,h,KC,5.7,2900.0
1,2019,4437,Jared Cook,TE,NO,h,HOU,5.7,4500.0
1,2019,4660,Nick Boyle,TE,BAL,a,MIA,5.6,2500.0
1,2019,4752,Tommy Sweeney,TE,BUF,a,NYJ,5.5,2500.0
1,2019,4719,Mike Gesicki,TE,MIA,h,BAL,5.1,3000.0
1,2019,4748,Noah Fant,TE,DEN,a,LV,4.4,3400.0
1,2019,4760,Foster Moreau,TE,LV,h,DEN,4.0,2600.0
1,2019,4592,Ryan Griffin,TE,NYJ,h,BUF,4.0,2700.0
1,2019,4744,Robert Tonyan,TE,GB,a,CHI,3.8,2500.0
1,2019,4725,Dallas Goedert,TE,PHI,h,WAS,3.6,2900.0
1,2019,4688,Nick Vannett,TE,SEA,h,CIN,3.6,2700.0
1,2019,4324,Marcedes Lewis,TE,GB,a,CHI,3.4,2500.0
1,2019,4594,Jack Doyle,TE,IND,a,LAC,3.0,3400.0
1,2019,4648,Cameron Brate,TE,TB,h,SF,2.8,2800.0
1,2019,4729,Jordan Akins,TE,HOU,a,NO,2.7,2600.0
1,2019,4706,Jonnu Smith,TE,TEN,a,CLE,2.7,2700.0
1,2019,4653,Jesse James,TE,DET,a,ARI,2.5,2500.0
1,2019,4650,Maxx Williams,TE,ARI,h,DET,2.5,2500.0
1,2019,4727,Will Dissly,TE,SEA,h,CIN,2.2,2900.0
1,2019,4714,Jeremy Sprinkle,TE,WAS,a,PHI,1.8,2500.0
1,2019,4554,Rhett Ellison,TE,NYG,a,DAL,1.8,2500.0
1,2019,4601,Eric Ebron,TE,IND,a,LAC,1.8,4100.0
1,2019,4705,Gerald Everett,TE,LA,a,CAR,1.7,2900.0
1,2019,4666,Blake Bell,TE,KC,a,JAX,1.7,2500.0
1,2019,4709,Adam Shaheen,TE,CHI,h,GB,1.6,2700.0
1,2019,4543,Charles Clay,TE,ARI,h,DET,1.5,2700.0
1,2019,4542,Virgil Green,TE,LAC,h,IND,1.4,2500.0
1,2019,4751,Ryan Izzo,TE,NE,h,PIT,1.3,2500.0
1,2019,4736,Mo Alie-Cox,TE,IND,a,LAC,1.3,2500.0
1,2019,4750,Dawson Knox,TE,BUF,a,NYJ,1.1,2500.0
1,2019,4586,Josh Hill,TE,NO,h,HOU,0.8,2700.0
1,2019,4391,Clark Harris,TE,CIN,a,SEA,0.0,2500.0
1,2019,4738,Anthony Firkser,TE,TEN,a,CLE,0.0,2500.0
1,2019,4537,Kyle Rudolph,TE,MIN,h,ATL,0.0,3300.0
1,2019,4697,Chris Manhertz,TE,CAR,h,LA,0.0,2500.0
1,2019,4609,Darren Fells,TE,HOU,a,NO,0.0,2500.0
1,2019,4761,Andrew Beck,TE,DEN,a,LV,0.0,2500.0
1,2019,1463,Logan Thomas,TE,DET,a,ARI,0.0,2500.0
1,2019,4716,Antony Auclair,TE,TB,h,SF,0.0,2500.0
1,2019,4759,James Winchester,TE,KC,a,JAX,0.0,2500.0
1,2019,4711,Cethan Carter,TE,CIN,a,SEA,0.0,2500.0
1,2019,4742,Dalton Schultz,TE,DAL,h,NYG,0.0,2500.0
1,2019,4753,Pharaoh Brown,TE,CLE,h,TEN,0.0,2500.0
1,2019,4730,Ian Thomas,TE,CAR,h,LA,0.0,2800.0
1,2019,4661,Nick O'Leary,TE,JAX,h,KC,0.0,2500.0
1,2019,4704,Eric Tomlinson,TE,NYG,a,DAL,0.0,2500.0
1,2019,4599,Derek Carrier,TE,LV,h,DEN,0.0,2500.0
1,2019,4642,Demetrius Harris,TE,CLE,h,TEN,0.0,2500.0
1,2019,4756,Drew Sample,TE,CIN,a,SEA,0.0,2500.0
1,2019,4604,Xavier Grimble,TE,PIT,a,NE,0.0,2700.0
1,2019,4676,Jeff Heuerman,TE,DEN,a,LV,0.0,2800.0
1,2019,4686,Jerell Adams,TE,HOU,a,NO,0.0,2500.0
1,2019,4535,Lee Smith,TE,BUF,a,NYJ,0.0,2500.0
1,2019,4757,Irv Smith Jr.,TE,MIN,h,ATL,0.0,2700.0
1,2019,4690,Seth DeValve,TE,JAX,h,KC,0.0,2500.0
1,2019,4669,MyCole Pruitt,TE,TEN,a,CLE,0.0,2500.0
1,2019,4754,Brandon Dillon,TE,MIN,h,ATL,0.0,2500.0
1,2019,4746,Sean Culkin,TE,LAC,h,IND,0.0,2500.0
1,2019,4577,Levine Toilolo,TE,SF,a,TB,0.0,2500.0
1,2019,4755,Alex Ellis,TE,PHI,h,WAS,0.0,2500.0
1,2019,4532,Luke Stocker,TE,ATL,a,MIN,0.0,2500.0
1,2019,4762,Troy Fumagalli,TE,DEN,a,LV,0.0,2500.0
1,2019,5436,Daniel Brown,TE,NYJ,h,BUF,0.0,2500.0
1,2019,4691,Ben Braunecker,TE,CHI,h,GB,0.0,2500.0
1,2019,4737,Durham Smythe,TE,MIA,h,BAL,0.0,2500.0
1,2019,4758,Trevon Wesco,TE,NYJ,h,BUF,0.0,2500.0
1,2019,4745,Ross Dwelley,TE,SF,a,TB,0.0,2500.0
1,2019,7027,San Francisco,Def,SF,a,TB,27.0,2200.0
1,2019,7030,Tennessee,Def,TEN,a,CLE,23.0,2600.0
1,2019,7021,New York J,Def,NYJ,h,BUF,18.0,3100.0
1,2019,7017,Minnesota,Def,MIN,h,ATL,16.0,3300.0
1,2019,7012,Green Bay,Def,GB,a,CHI,14.0,2700.0
1,2019,7003,Baltimore,Def,BAL,a,MIA,13.0,3800.0
1,2019,7029,Tampa Bay,Def,TB,h,SF,12.0,2200.0
1,2019,7028,Seattle,Def,SEA,h,CIN,12.0,3100.0
1,2019,7004,Buffalo,Def,BUF,a,NYJ,10.0,3000.0
1,2019,7018,New England,Def,NE,h,PIT,10.0,3400.0
1,2019,7006,Chicago,Def,CHI,h,GB,9.0,3700.0
1,2019,7025,LA Rams,Def,LA,a,CAR,9.0,3200.0
1,2019,7019,New Orleans,Def,NO,h,HOU,7.0,3200.0
1,2019,7011,Detroit,Def,DET,a,ARI,7.0,2900.0
1,2019,7001,Arizona,Def,ARI,h,DET,7.0,2700.0
1,2019,7013,Indianapolis,Def,IND,a,LAC,7.0,2600.0
1,2019,7007,Cincinnati,Def,CIN,a,SEA,6.0,2000.0
1,2019,7009,Dallas,Def,DAL,h,NYG,6.0,3500.0
1,2019,7015,Kansas City,Def,KC,a,JAX,5.0,2800.0
1,2019,7022,Oakland,Def,LV,h,DEN,4.0,2200.0
1,2019,7005,Carolina,Def,CAR,h,LA,4.0,2100.0
1,2019,7032,Houston,Def,HOU,a,NO,2.0,2500.0
1,2019,7026,LA Chargers,Def,LAC,h,IND,2.0,3000.0
1,2019,7023,Philadelphia,Def,PHI,h,WAS,1.0,3600.0
1,2019,7010,Denver,Def,DEN,a,LV,0.0,3600.0
1,2019,7008,Cleveland,Def,CLE,h,TEN,0.0,3400.0
1,2019,7002,Atlanta,Def,ATL,a,MIN,0.0,2400.0
1,2019,7031,Washington,Def,WAS,a,PHI,0.0,2500.0
1,2019,7024,Pittsburgh,Def,PIT,a,NE,0.0,2800.0
1,2019,7016,Miami,Def,MIA,h,BAL,-3.0,2100.0
1,2019,7014,Jacksonville,Def,JAX,h,KC,-4.0,2300.0
1,2019,7020,New York G,Def,NYG,a,DAL,-4.0,2300.0
2,2019,1523,Patrick Mahomes II,QB,KC,a,LV,35.62,7500.0
2,2019,1527,Lamar Jackson,QB,BAL,h,ARI,33.88,6700.0
2,2019,1501,Dak Prescott,QB,DAL,a,WAS,28.66,6300.0
2,2019,1412,Russell Wilson,QB,SEA,a,PIT,28.2,6200.0
2,2019,1301,Matt Ryan,QB,ATL,h,PHI,25.1,6100.0
2,2019,1131,Tom Brady,QB,NE,a,MIA,24.66,6400.0
2,2019,1452,Jimmy Garoppolo,QB,SF,a,CIN,23.68,6000.0
2,2019,1403,Andy Dalton,QB,CIN,h,SF,22.64,5400.0
2,2019,1529,Josh Allen,QB,BUF,a,NYG,22.22,5300.0
2,2019,1490,Jared Goff,QB,LA,h,NO,20.12,5900.0
2,2019,1514,Carson Wentz,QB,PHI,a,ATL,19.54,6400.0
2,2019,1537,Kyler Murray,QB,ARI,a,BAL,19.36,5400.0
2,2019,1528,Baker Mayfield,QB,CLE,a,NYJ,19.0,6000.0
2,2019,1496,Jacoby Brissett,QB,IND,a,TEN,18.34,5000.0
2,2019,1540,Gardner Minshew,QB,JAX,a,HOU,17.12,4800.0
2,2019,1340,Matthew Stafford,QB,DET,h,LAC,17.1,5200.0
2,2019,1435,Case Keenum,QB,WAS,h,DAL,16.74,5000.0
2,2019,1302,Joe Flacco,QB,DEN,h,CHI,16.68,4900.0
2,2019,1252,Aaron Rodgers,QB,GB,h,MIN,15.36,6500.0
2,2019,1378,Cam Newton,QB,CAR,h,TB,15.32,6300.0
2,2019,1466,Marcus Mariota,QB,TEN,h,IND,13.36,5000.0
2,2019,1465,Jameis Winston,QB,TB,a,CAR,13.22,5900.0
2,2019,1518,Deshaun Watson,QB,HOU,h,JAX,12.86,6600.0
2,2019,1225,Eli Manning,QB,NYG,h,BUF,12.2,4900.0
2,2019,1526,Mason Rudolph,QB,PIT,h,SEA,12.18,4000.0
2,2019,1231,Philip Rivers,QB,LAC,a,DET,11.92,6100.0
2,2019,1415,Kirk Cousins,QB,MIN,a,GB,11.9,5300.0
2,2019,1441,Derek Carr,QB,LV,h,KC,11.72,5100.0
2,2019,1541,Luke Falk,QB,NYJ,h,CLE,7.92,0.0
2,2019,1439,Teddy Bridgewater,QB,NO,a,LA,7.1,4400.0
2,2019,1519,Mitchell Trubisky,QB,CHI,a,DEN,5.6,5500.0
2,2019,1530,Taysom Hill,QB,NO,a,LA,3.6,4200.0
2,2019,1232,Ben Roethlisberger,QB,PIT,h,SEA,3.0,5800.0
2,2019,1525,Josh Rosen,QB,MIA,h,NE,2.88,4600.0
2,2019,1242,Ryan Fitzpatrick,QB,MIA,h,NE,1.16,4700.0
2,2019,1175,Josh McCown,QB,PHI,a,ATL,0.96,4500.0
2,2019,1151,Drew Brees,QB,NO,a,LA,0.52,6200.0
2,2019,1488,Trevor Siemian,QB,NYJ,h,CLE,0.12,4000.0
2,2019,1400,Tyrod Taylor,QB,LAC,a,DET,0.0,4200.0
2,2019,5559,Dalvin Cook,RB,MIN,a,GB,31.1,7200.0
2,2019,5543,Aaron Jones,RB,GB,h,MIN,28.0,5400.0
2,2019,5614,Saquon Barkley,RB,NYG,h,BUF,25.5,9200.0
2,2019,5575,Austin Ekeler,RB,LAC,a,DET,24.3,6100.0
2,2019,5414,Raheem Mostert,RB,SF,a,CIN,24.1,3800.0
2,2019,5444,Ezekiel Elliott,RB,DAL,a,WAS,23.0,8700.0
2,2019,2888,Le'Veon Bell,RB,NYJ,h,CLE,21.9,7600.0
2,2019,5622,Nick Chubb,RB,CLE,a,NYJ,19.8,6200.0
2,2019,5445,Derrick Henry,RB,TEN,h,IND,17.3,6000.0
2,2019,5567,Matt Breida,RB,SF,a,CIN,17.2,5200.0
2,2019,5621,Kerryon Johnson,RB,DET,h,LAC,16.8,5700.0
2,2019,2467,Frank Gore,RB,BUF,a,NYG,16.3,3500.0
2,2019,5507,Peyton Barber,RB,TB,a,CAR,15.9,3900.0
2,2019,2992,Todd Gurley,RB,LA,h,NO,15.7,7000.0
2,2019,5703,Jeff Wilson Jr.,RB,SF,a,CIN,15.4,0.0
2,2019,5620,Royce Freeman,RB,DEN,h,CHI,15.2,3700.0
2,2019,5713,David Montgomery,RB,CHI,a,DEN,13.8,4900.0
2,2019,5615,Sony Michel,RB,NE,a,MIA,13.5,6200.0
2,2019,5537,James Conner,RB,PIT,h,SEA,13.5,6800.0
2,2019,5618,Rashaad Penny,RB,SEA,a,PIT,13.5,4000.0
2,2019,5541,Jamaal Williams,RB,GB,h,MIN,13.1,3200.0
2,2019,5534,Leonard Fournette,RB,JAX,a,HOU,12.7,6300.0
2,2019,2954,James White,RB,NE,a,MIA,11.9,5100.0
2,2019,5717,Devin Singletary,RB,BUF,a,NYG,11.7,4200.0
2,2019,2553,Adrian Peterson,RB,WAS,h,DAL,11.2,3400.0
2,2019,5565,Chris Carson,RB,SEA,a,PIT,10.7,6400.0
2,2019,5630,Phillip Lindsay,RB,DEN,h,CHI,10.6,4600.0
2,2019,2915,Chris Thompson,RB,WAS,h,DAL,10.1,3900.0
2,2019,5712,Josh Jacobs,RB,LV,h,KC,9.9,4700.0
2,2019,5446,Kenyan Drake,RB,MIA,h,NE,9.8,4300.0
2,2019,2793,Mark Ingram,RB,BAL,h,ARI,9.7,6000.0
2,2019,5625,Jordan Wilkins,RB,IND,a,TEN,9.6,3000.0
2,2019,2930,Devonta Freeman,RB,ATL,h,PHI,9.4,5000.0
2,2019,2933,Carlos Hyde,RB,HOU,h,JAX,9.0,3600.0
2,2019,2890,Rex Burkhead,RB,NE,a,MIA,8.8,3800.0
2,2019,2957,Damien Williams,RB,KC,a,LV,8.6,5800.0
2,2019,5395,David Johnson,RB,ARI,a,BAL,8.4,7100.0
2,2019,5548,Marlon Mack,RB,IND,a,TEN,8.3,5900.0
2,2019,5746,D'Ernest Johnson,RB,CLE,a,NYJ,8.0,3000.0
2,2019,5682,Justin Jackson,RB,LAC,a,DET,7.4,4400.0
2,2019,5536,Christian McCaffrey,RB,CAR,h,TB,7.3,9400.0
2,2019,5562,Alvin Kamara,RB,NO,a,LA,7.0,8200.0
2,2019,5392,Ty Montgomery,RB,NYJ,h,CLE,7.0,3200.0
2,2019,5714,Miles Sanders,RB,PHI,a,ATL,6.7,4100.0
2,2019,5658,Ito Smith,RB,ATL,h,PHI,6.5,3600.0
2,2019,5441,Malcolm Brown,RB,LA,h,NO,5.7,4100.0
2,2019,5535,Joe Mixon,RB,CIN,h,SF,5.7,6500.0
2,2019,5742,Ty Johnson,RB,DET,h,LAC,5.6,3000.0
2,2019,5449,DeAndre Washington,RB,LV,h,KC,5.5,3000.0
2,2019,2707,LeSean McCoy,RB,KC,a,LV,5.3,4700.0
2,2019,5448,C.J. Prosise,RB,SEA,a,PIT,5.0,3000.0
2,2019,5564,Tarik Cohen,RB,CHI,a,DEN,4.5,4500.0
2,2019,5688,Jaylen Samuels,RB,PIT,h,SEA,4.1,3600.0
2,2019,5629,Mark Walton,RB,MIA,h,NE,3.7,3000.0
2,2019,5619,Chase Edmonds,RB,ARI,a,BAL,3.7,3200.0
2,2019,5447,Jordan Howard,RB,PHI,a,ATL,3.6,4300.0
2,2019,5718,Tony Pollard,RB,DAL,a,WAS,3.5,3700.0
2,2019,5473,Wendell Smallwood,RB,WAS,h,DAL,3.3,3200.0
2,2019,2899,Latavius Murray,RB,NO,a,LA,3.3,3700.0
2,2019,2997,Duke Johnson,RB,HOU,h,JAX,3.1,5000.0
2,2019,5720,Alexander Mattison,RB,MIN,a,GB,2.5,3700.0
2,2019,5490,Jalen Richard,RB,LV,h,KC,2.5,3300.0
2,2019,2484,Darren Sproles,RB,PHI,a,ATL,2.5,3700.0
2,2019,5623,Nyheim Hines,RB,IND,a,TEN,2.4,3700.0
2,2019,5719,Justice Hill,RB,BAL,h,ARI,2.4,3300.0
2,2019,2816,Dion Lewis,RB,TEN,h,IND,2.4,4000.0
2,2019,2889,Giovani Bernard,RB,CIN,h,SF,2.3,5300.0
2,2019,5740,Benny Snell,RB,PIT,h,SEA,2.3,3100.0
2,2019,5628,Kalen Ballage,RB,MIA,h,NE,2.2,4500.0
2,2019,2908,Kyle Juszczyk,RB,SF,a,CIN,2.1,3000.0
2,2019,5697,Dare Ogunbowale,RB,TB,a,CAR,1.9,3200.0
2,2019,2805,Patrick DiMarco,RB,BUF,a,NYG,1.4,3000.0
2,2019,5504,Derek Watt,RB,LAC,a,DET,1.3,3000.0
2,2019,5743,Patrick Ricard,RB,BAL,h,ARI,1.3,3100.0
2,2019,5681,Gus Edwards,RB,BAL,h,ARI,1.1,3200.0
2,2019,5617,Ronald Jones,RB,TB,a,CAR,0.9,4000.0
2,2019,2924,C.J. Anderson,RB,DET,h,LAC,0.8,3500.0
2,2019,2825,James Develin,RB,NE,a,MIA,0.3,3000.0
2,2019,2995,Ameer Abdullah,RB,MIN,a,GB,0.2,3000.0
2,2019,5586,J.D. McKissic,RB,DET,h,LAC,0.2,3000.0
2,2019,5744,Darwin Thompson,RB,KC,a,LV,0.1,3200.0
2,2019,5320,Mike Davis,RB,CHI,a,DEN,0.1,3300.0
2,2019,5662,Mike Boone,RB,MIN,a,GB,0.0,3000.0
2,2019,5483,Dwayne Washington,RB,NO,a,LA,0.0,3000.0
2,2019,5735,Reggie Bonnafon,RB,CAR,h,TB,0.0,3000.0
2,2019,5663,Nick Bellore,RB,SEA,a,PIT,0.0,3000.0
2,2019,5581,C.J. Ham,RB,MIN,a,GB,0.0,3000.0
2,2019,2912,Zach Line,RB,NO,a,LA,0.0,3000.0
2,2019,5741,Nick Bawden,RB,DET,h,LAC,0.0,3000.0
2,2019,5762,Cullen Gillaspia,RB,HOU,h,JAX,0.0,3000.0
2,2019,5495,D.J. Foster,RB,ARI,a,BAL,0.0,3000.0
2,2019,5737,Chandler Cox,RB,MIA,h,NE,0.0,3000.0
2,2019,5588,Elijhaa Penny,RB,NYG,h,BUF,0.0,3000.0
2,2019,2887,Kenjon Barner,RB,ATL,h,PHI,0.0,3000.0
2,2019,5708,Darrel Williams,RB,KC,a,LV,0.0,3100.0
2,2019,2822,Anthony Sherman,RB,KC,a,LV,0.0,3000.0
2,2019,5763,Buddy Howell,RB,HOU,h,JAX,0.0,3000.0
2,2019,5468,Devontae Booker,RB,DEN,h,CHI,0.0,3000.0
2,2019,5738,Travis Homer,RB,SEA,a,PIT,0.0,3000.0
2,2019,5492,Keith Smith,RB,ATL,h,PHI,0.0,3000.0
2,2019,5644,Alex Armah,RB,CAR,h,TB,0.0,3000.0
2,2019,5470,Tyler Ervin,RB,JAX,a,HOU,0.0,3000.0
2,2019,5745,Ryquell Armstead,RB,JAX,a,HOU,0.0,3200.0
2,2019,5538,Samaje Perine,RB,CIN,h,SF,0.0,3500.0
2,2019,5764,Alec Ingold,RB,LV,h,KC,0.0,3000.0
2,2019,2993,T.J. Yeldon,RB,BUF,a,NYG,0.0,3200.0
2,2019,5626,T.J. Logan,RB,TB,a,CAR,0.0,3000.0
2,2019,2913,Jamize Olawale,RB,DAL,a,WAS,0.0,3000.0
2,2019,5657,Trenton Cannon,RB,NYJ,h,CLE,0.0,3000.0
2,2019,5547,Wayne Gallman,RB,NYG,h,BUF,0.0,3300.0
2,2019,5517,Dan Vitale,RB,GB,h,MIN,0.0,3000.0
2,2019,5583,Corey Clement,RB,PHI,a,ATL,-1.0,3000.0
2,2019,5515,Demarcus Robinson,WR,KC,a,LV,38.2,3500.0
2,2019,5323,Odell Beckham Jr.,WR,CLE,a,NYJ,31.1,7800.0
2,2019,5089,Julio Jones,WR,ATL,h,PHI,30.6,7300.0
2,2019,5579,Chris Godwin,WR,TB,a,CAR,29.1,6500.0
2,2019,3983,Emmanuel Sanders,WR,DEN,h,CHI,28.8,4700.0
2,2019,5554,Kenny Golladay,WR,DET,h,LAC,28.7,6600.0
2,2019,5378,Nelson Agholor,WR,PHI,a,ATL,27.7,3700.0
2,2019,5631,Calvin Ridley,WR,ATL,h,PHI,27.5,5000.0
2,2019,5455,Tyler Boyd,WR,CIN,h,SF,25.2,6500.0
2,2019,5558,John Ross,WR,CIN,h,SF,24.2,4600.0
2,2019,5263,Davante Adams,WR,GB,h,MIN,20.6,7700.0
2,2019,5552,Cooper Kupp,WR,LA,h,NO,20.6,6000.0
2,2019,5636,Christian Kirk,WR,ARI,a,BAL,20.4,4500.0
2,2019,5726,Deebo Samuel,WR,SF,a,CIN,20.4,3700.0
2,2019,5459,Michael Thomas,WR,NO,a,LA,18.9,8000.0
2,2019,5659,D.J. Chark,WR,JAX,a,HOU,18.5,4500.0
2,2019,3501,Larry Fitzgerald,WR,ARI,a,BAL,18.4,4600.0
2,2019,5386,Tyler Lockett,WR,SEA,a,PIT,17.9,6200.0
2,2019,5633,D.J. Moore,WR,CAR,h,TB,17.9,5900.0
2,2019,5198,Keenan Allen,WR,LAC,a,DET,17.8,7600.0
2,2019,5757,Terry McLaurin,WR,WAS,h,DAL,17.2,3800.0
2,2019,5205,Marquise Goodwin,WR,SF,a,CIN,16.7,4400.0
2,2019,5730,Marquise Brown,WR,BAL,h,ARI,16.6,5000.0
2,2019,5255,Brandin Cooks,WR,LA,h,NO,16.6,6300.0
2,2019,5421,Devin Smith,WR,DAL,a,WAS,16.4,3000.0
2,2019,5727,Mecole Hardman,WR,KC,a,LV,16.1,4800.0
2,2019,3474,Antonio Brown,WR,NE,a,MIA,16.1,7000.0
2,2019,5432,Tyrell Williams,WR,LV,h,KC,15.6,4400.0
2,2019,5725,D.K. Metcalf,WR,SEA,a,PIT,15.1,4300.0
2,2019,5376,Amari Cooper,WR,DAL,a,WAS,14.4,7400.0
2,2019,5151,T.Y. Hilton,WR,IND,a,TEN,14.3,6800.0
2,2019,5556,Curtis Samuel,WR,CAR,h,TB,14.3,4800.0
2,2019,5264,John Brown,WR,BUF,a,NYG,14.2,5200.0
2,2019,5553,JuJu Smith-Schuster,WR,PIT,h,SEA,13.4,7500.0
2,2019,5634,Michael Gallup,WR,DAL,a,WAS,12.8,5600.0
2,2019,5458,T.J. Jones,WR,NYG,h,BUF,12.8,0.0
2,2019,5333,Adam Thielen,WR,MIN,a,GB,12.5,7100.0
2,2019,5574,Isaiah McKenzie,WR,BUF,a,NYG,12.4,3000.0
2,2019,5163,Cole Beasley,WR,BUF,a,NYG,12.3,3800.0
2,2019,5502,Robby Anderson,WR,NYJ,h,CLE,12.1,4900.0
2,2019,5353,Bennie Fowler,WR,NYG,h,BUF,12.1,3300.0
2,2019,5511,Geronimo Allison,WR,GB,h,MIN,11.5,4400.0
2,2019,5385,Chris Conley,WR,JAX,a,HOU,11.3,4200.0
2,2019,5594,Mike Williams,WR,LAC,a,DET,11.3,5500.0
2,2019,5252,Sammy Watkins,WR,KC,a,LV,10.9,7200.0
2,2019,5424,Stefon Diggs,WR,MIN,a,GB,10.9,6300.0
2,2019,5260,Paul Richardson,WR,WAS,h,DAL,10.6,4000.0
2,2019,5531,Damiere Byrd,WR,ARI,a,BAL,10.5,3000.0
2,2019,5755,Preston Williams,WR,MIA,h,NE,10.3,3400.0
2,2019,5253,Mike Evans,WR,TB,a,CAR,10.1,7000.0
2,2019,5578,Mack Hollins,WR,PHI,a,ATL,10.0,3000.0
2,2019,5168,Marvin Jones,WR,DET,h,LAC,9.3,4900.0
2,2019,3826,Julian Edelman,WR,NE,a,MIA,9.2,6900.0
2,2019,5206,DeAndre Hopkins,WR,HOU,h,JAX,9.0,8100.0
2,2019,5125,Randall Cobb,WR,DAL,a,WAS,8.5,4500.0
2,2019,5702,Malik Turner,WR,SEA,a,PIT,8.4,3000.0
2,2019,5729,Parris Campbell,WR,IND,a,TEN,8.2,3700.0
2,2019,5258,Allen Robinson,WR,CHI,a,DEN,8.1,6100.0
2,2019,5637,Courtland Sutton,WR,DEN,h,CHI,8.0,4200.0
2,2019,5454,Will Fuller,WR,HOU,h,JAX,8.0,5300.0
2,2019,5410,Jamison Crowder,WR,NYJ,h,CLE,8.0,4700.0
2,2019,5639,Tre'Quan Smith,WR,NO,a,LA,7.9,3700.0
2,2019,5652,Trey Quinn,WR,WAS,h,DAL,7.6,3900.0
2,2019,5692,Chad Beebe,WR,MIN,a,GB,7.1,3300.0
2,2019,5761,Hunter Renfrow,WR,LV,h,KC,7.0,4000.0
2,2019,5678,Damion Ratley,WR,CLE,a,NYJ,7.0,3100.0
2,2019,5384,Phillip Dorsett,WR,NE,a,MIA,6.9,3000.0
2,2019,5550,Corey Davis,WR,TEN,h,IND,6.8,4500.0
2,2019,5335,Jarvis Landry,WR,CLE,a,NYJ,6.2,5800.0
2,2019,5217,Robert Woods,WR,LA,h,NO,6.2,6400.0
2,2019,5731,KeeSean Johnson,WR,ARI,a,BAL,6.1,3100.0
2,2019,5268,Cody Latimer,WR,NYG,h,BUF,6.0,3700.0
2,2019,5518,Cody Core,WR,NYG,h,BUF,5.8,3000.0
2,2019,5212,Kenny Stills,WR,HOU,h,JAX,5.8,4100.0
2,2019,5159,Mohamed Sanu,WR,ATL,h,PHI,5.6,4500.0
2,2019,5728,A.J. Brown,WR,TEN,h,IND,5.5,4000.0
2,2019,5500,Chester Rogers,WR,IND,a,TEN,5.4,3100.0
2,2019,5208,Cordarrelle Patterson,WR,CHI,a,DEN,5.0,3500.0
2,2019,5656,Marquez Valdes-Scantling,WR,GB,h,MIN,4.9,4600.0
2,2019,5486,Jakeem Grant,WR,MIA,h,NE,4.8,3200.0
2,2019,5461,Tajae Sharpe,WR,TEN,h,IND,4.4,3200.0
2,2019,5635,James Washington,WR,PIT,h,SEA,4.3,3600.0
2,2019,5165,Josh Gordon,WR,NE,a,MIA,3.9,5800.0
2,2019,5223,Russell Shepard,WR,NYG,h,BUF,3.9,3000.0
2,2019,5097,Dontrelle Inman,WR,LAC,a,DET,3.8,3000.0
2,2019,5361,Taylor Gabriel,WR,CHI,a,DEN,3.5,3700.0
2,2019,5640,DaeSean Hamilton,WR,DEN,h,CHI,3.5,3800.0
2,2019,5188,Jarius Wright,WR,CAR,h,TB,3.5,3200.0
2,2019,3872,Michael Crabtree,WR,ARI,a,BAL,3.3,3300.0
2,2019,5753,Steven Sims Jr.,WR,WAS,h,DAL,2.9,3000.0
2,2019,5754,Diontae Johnson,WR,PIT,h,SEA,2.7,3000.0
2,2019,5670,Keke Coutee,WR,HOU,h,JAX,2.7,3800.0
2,2019,5557,Zay Jones,WR,BUF,a,NYG,2.4,3500.0
2,2019,5480,Alex Erickson,WR,CIN,h,SF,2.4,3200.0
2,2019,5341,Allen Hurns,WR,MIA,h,NE,2.3,3200.0
2,2019,5167,Chris Hogan,WR,CAR,h,TB,2.2,3000.0
2,2019,5704,Jake Kumerow,WR,GB,h,MIN,2.2,3200.0
2,2019,5748,Miles Boykin,WR,BAL,h,ARI,2.1,3200.0
2,2019,5433,Darius Jennings,WR,TEN,h,IND,2.1,3000.0
2,2019,5412,Adam Humphries,WR,TEN,h,IND,2.0,4300.0
2,2019,5674,Richie James,WR,SF,a,CIN,1.7,3200.0
2,2019,5756,Damion Willis,WR,CIN,h,SF,1.6,3200.0
2,2019,2958,De'Anthony Thomas,WR,KC,a,LV,1.6,3200.0
2,2019,5696,Auden Tate,WR,CIN,h,SF,1.6,3000.0
2,2019,5287,Willie Snead,WR,BAL,h,ARI,1.5,4500.0
2,2019,5191,Josh Bellamy,WR,NYJ,h,CLE,1.5,3200.0
2,2019,5598,Kendrick Bourne,WR,SF,a,CIN,1.4,3000.0
2,2019,5732,JJ Arcega-Whiteside,WR,PHI,a,ATL,1.4,3200.0
2,2019,5603,Dede Westbrook,WR,JAX,a,HOU,1.3,5400.0
2,2019,5632,Anthony Miller,WR,CHI,a,DEN,1.2,4100.0
2,2019,5569,Ryan Switzer,WR,PIT,h,SEA,1.0,3100.0
2,2019,3997,Demaryius Thomas,WR,NYJ,h,CLE,0.9,3400.0
2,2019,2580,Ryan Grant,WR,LV,h,KC,0.8,3200.0
2,2019,5638,Dante Pettis,WR,SF,a,CIN,0.64,5300.0
2,2019,5760,Deonte Harris,WR,NO,a,LA,0.3,3000.0
2,2019,5153,Alshon Jeffery,WR,PHI,a,ATL,0.0,6400.0
2,2019,5759,Byron Pringle,WR,KC,a,LV,0.0,3000.0
2,2019,3670,Ted Ginn Jr.,WR,NO,a,LA,0.0,4000.0
2,2019,5408,Seth Roberts,WR,BAL,h,ARI,0.0,3000.0
2,2019,5479,Chris Moore,WR,BAL,h,ARI,0.0,3100.0
2,2019,5752,Gunner Olszewski,WR,NE,a,MIA,0.0,3000.0
2,2019,3770,DeSean Jackson,WR,PHI,a,ATL,0.0,5900.0
2,2019,5344,Donte Moncrief,WR,PIT,h,SEA,0.0,4000.0
2,2019,5680,Russell Gage,WR,ATL,h,PHI,0.0,3000.0
2,2019,5699,Trent Sherfield,WR,ARI,a,BAL,0.0,3000.0
2,2019,5641,Braxton Berrios,WR,NYJ,h,CLE,0.0,3000.0
2,2019,5399,Geremy Davis,WR,LAC,a,DET,0.0,3000.0
2,2019,5503,Mike Thomas,WR,LA,h,NO,0.0,3000.0
2,2019,5602,JoJo Natson,WR,LA,h,NO,0.0,3000.0
2,2019,5711,Allen Lazard,WR,GB,h,MIN,0.0,3000.0
2,2019,5765,Diontae Spencer,WR,DEN,h,CHI,0.0,3000.0
2,2019,5747,Olabisi Johnson,WR,MIN,a,GB,0.0,3000.0
2,2019,3851,Danny Amendola,WR,DET,h,LAC,0.0,3900.0
2,2019,5671,Javon Wims,WR,CHI,a,DEN,0.0,3100.0
2,2019,5606,Bobo Wilson,WR,TB,a,CAR,0.0,3000.0
2,2019,5750,Deon Cain,WR,IND,a,TEN,0.0,3000.0
2,2019,5555,Taywan Taylor,WR,CLE,a,NYJ,0.0,3000.0
2,2019,5675,KhaDarel Hodge,WR,CLE,a,NYJ,0.0,3000.0
2,2019,5690,Justin Watson,WR,TB,a,CAR,0.0,3000.0
2,2019,5751,Kelvin Harmon,WR,WAS,h,DAL,0.0,3000.0
2,2019,5173,Travis Benjamin,WR,LAC,a,DET,0.0,3200.0
2,2019,5647,Zach Pascal,WR,IND,a,TEN,0.0,3000.0
2,2019,5380,DeVante Parker,WR,MIA,h,NE,0.0,4100.0
2,2019,5649,Robert Foster,WR,BUF,a,NYG,0.0,3300.0
2,2019,3760,Matthew Slater,WR,NE,a,MIA,0.0,3000.0
2,2019,5654,DeAndre Carter,WR,HOU,h,JAX,0.0,3100.0
2,2019,5379,Breshad Perriman,WR,TB,a,CAR,0.0,3200.0
2,2019,5491,Johnny Holton,WR,PIT,h,SEA,0.0,3000.0
2,2019,5582,Josh Reynolds,WR,LA,h,NO,0.0,3200.0
2,2019,5229,Jaron Brown,WR,SEA,a,PIT,0.0,3300.0
2,2019,5665,Ray-Ray McCloud,WR,CAR,h,TB,0.0,3000.0
2,2019,5570,Keelan Cole,WR,JAX,a,HOU,0.0,3300.0
2,2019,5387,Justin Hardy,WR,ATL,h,PHI,0.0,3100.0
2,2019,5758,Chris Lacy,WR,DET,h,LAC,0.0,3000.0
2,2019,5498,Trevor Davis,WR,LV,h,KC,0.0,3000.0
2,2019,5130,Dwayne Harris,WR,LV,h,KC,0.0,3000.0
2,2019,4721,Mark Andrews,TE,BAL,h,ARI,28.2,3800.0
2,2019,4582,Travis Kelce,TE,KC,a,LV,26.7,7300.0
2,2019,4572,Vance McDonald,TE,PIT,h,SEA,22.8,3900.0
2,2019,4727,Will Dissly,TE,SEA,a,PIT,22.0,2800.0
2,2019,4368,Greg Olsen,TE,CAR,h,TB,20.0,3300.0
2,2019,4569,Zach Ertz,TE,PHI,a,ATL,17.2,6300.0
2,2019,4262,Jason Witten,TE,DAL,a,WAS,12.5,3400.0
2,2019,5419,Darren Waller,TE,LV,h,KC,12.3,3300.0
2,2019,4601,Eric Ebron,TE,IND,a,TEN,11.5,3800.0
2,2019,4701,Evan Engram,TE,NYG,h,BUF,10.8,5200.0
2,2019,4568,Tyler Eifert,TE,CIN,h,SF,9.9,2900.0
2,2019,4703,George Kittle,TE,SF,a,CIN,8.4,6800.0
2,2019,4360,Delanie Walker,TE,TEN,h,IND,7.9,3500.0
2,2019,4677,Austin Hooper,TE,ATL,h,PHI,7.4,3100.0
2,2019,4748,Noah Fant,TE,DEN,h,CHI,7.3,3000.0
2,2019,4720,Hayden Hurst,TE,BAL,h,ARI,7.1,2900.0
2,2019,4664,James O'Shaughnessy,TE,JAX,a,HOU,6.8,2600.0
2,2019,4599,Derek Carrier,TE,LV,h,KC,6.3,2500.0
2,2019,4676,Jeff Heuerman,TE,DEN,h,CHI,6.1,2800.0
2,2019,4323,Vernon Davis,TE,WAS,h,DAL,5.9,3200.0
2,2019,4709,Adam Shaheen,TE,CHI,a,DEN,5.4,3100.0
2,2019,4674,Matt LaCosse,TE,NE,a,MIA,5.3,2700.0
2,2019,4705,Gerald Everett,TE,LA,h,NO,5.1,2700.0
2,2019,4653,Jesse James,TE,DET,h,LAC,4.8,2600.0
2,2019,4729,Jordan Akins,TE,HOU,h,JAX,4.5,2700.0
2,2019,4756,Drew Sample,TE,CIN,h,SF,4.5,2500.0
2,2019,4437,Jared Cook,TE,NO,a,LA,4.5,4700.0
2,2019,4668,Geoff Swaim,TE,JAX,a,HOU,4.4,2700.0
2,2019,4691,Ben Braunecker,TE,CHI,a,DEN,4.4,2500.0
2,2019,4680,Tyler Higbee,TE,LA,h,NO,4.1,2900.0
2,2019,4594,Jack Doyle,TE,IND,a,TEN,4.1,3100.0
2,2019,4537,Kyle Rudolph,TE,MIN,a,GB,3.9,3200.0
2,2019,4737,Durham Smythe,TE,MIA,h,NE,3.4,2500.0
2,2019,4733,Blake Jarwin,TE,DAL,a,WAS,3.2,2900.0
2,2019,4650,Maxx Williams,TE,ARI,a,BAL,3.1,2500.0
2,2019,4648,Cameron Brate,TE,TB,a,CAR,3.0,2700.0
2,2019,4750,Dawson Knox,TE,BUF,a,NYG,2.8,2500.0
2,2019,4618,Trey Burton,TE,CHI,a,DEN,2.5,3700.0
2,2019,4660,Nick Boyle,TE,BAL,h,ARI,2.4,2600.0
2,2019,4688,Nick Vannett,TE,SEA,a,PIT,2.3,2600.0
2,2019,4714,Jeremy Sprinkle,TE,WAS,h,DAL,2.1,2500.0
2,2019,4719,Mike Gesicki,TE,MIA,h,NE,2.1,2700.0
2,2019,4609,Darren Fells,TE,HOU,h,JAX,1.9,2500.0
2,2019,4542,Virgil Green,TE,LAC,a,DET,1.9,2700.0
2,2019,4554,Rhett Ellison,TE,NYG,h,BUF,1.8,2500.0
2,2019,4535,Lee Smith,TE,BUF,a,NYG,1.8,2500.0
2,2019,1463,Logan Thomas,TE,DET,h,LAC,1.7,2500.0
2,2019,4749,T.J. Hockenson,TE,DET,h,LAC,1.7,3000.0
2,2019,4762,Troy Fumagalli,TE,DEN,h,CHI,1.7,2500.0
2,2019,4543,Charles Clay,TE,ARI,a,BAL,1.6,2700.0
2,2019,4661,Nick O'Leary,TE,JAX,a,HOU,1.6,2500.0
2,2019,4642,Demetrius Harris,TE,CLE,a,NYJ,1.4,2500.0
2,2019,4532,Luke Stocker,TE,ATL,h,PHI,1.4,2500.0
2,2019,4757,Irv Smith Jr.,TE,MIN,a,GB,0.9,2700.0
2,2019,4712,Ricky Seals-Jones,TE,CLE,a,NYJ,0.0,2600.0
2,2019,4391,Clark Harris,TE,CIN,h,SF,0.0,2500.0
2,2019,4738,Anthony Firkser,TE,TEN,h,IND,0.0,2500.0
2,2019,4492,Jimmy Graham,TE,GB,h,MIN,0.0,3700.0
2,2019,4697,Chris Manhertz,TE,CAR,h,TB,0.0,2500.0
2,2019,4751,Ryan Izzo,TE,NE,a,MIA,0.0,2500.0
2,2019,4761,Andrew Beck,TE,DEN,h,CHI,0.0,2500.0
2,2019,4744,Robert Tonyan,TE,GB,h,MIN,0.0,2500.0
2,2019,4716,Antony Auclair,TE,TB,a,CAR,0.0,2500.0
2,2019,4324,Marcedes Lewis,TE,GB,h,MIN,0.0,2500.0
2,2019,4759,James Winchester,TE,KC,a,LV,0.0,2500.0
2,2019,4752,Tommy Sweeney,TE,BUF,a,NYG,0.0,2600.0
2,2019,4711,Cethan Carter,TE,CIN,h,SF,0.0,2500.0
2,2019,4706,Jonnu Smith,TE,TEN,h,IND,0.0,2600.0
2,2019,4742,Dalton Schultz,TE,DAL,a,WAS,0.0,2500.0
2,2019,4753,Pharaoh Brown,TE,CLE,a,NYJ,0.0,2500.0
2,2019,4730,Ian Thomas,TE,CAR,h,TB,0.0,2700.0
2,2019,4704,Eric Tomlinson,TE,NYG,h,BUF,0.0,2500.0
2,2019,4656,C.J. Uzomah,TE,CIN,h,SF,0.0,2800.0
2,2019,4604,Xavier Grimble,TE,PIT,h,SEA,0.0,2500.0
2,2019,4760,Foster Moreau,TE,LV,h,KC,0.0,2500.0
2,2019,4700,O.J. Howard,TE,TB,a,CAR,0.0,4400.0
2,2019,4690,Seth DeValve,TE,JAX,a,HOU,0.0,2500.0
2,2019,4592,Ryan Griffin,TE,NYJ,h,CLE,0.0,2600.0
2,2019,4736,Mo Alie-Cox,TE,IND,a,TEN,0.0,2500.0
2,2019,4669,MyCole Pruitt,TE,TEN,h,IND,0.0,2500.0
2,2019,4702,David Njoku,TE,CLE,a,NYJ,0.0,3600.0
2,2019,4666,Blake Bell,TE,KC,a,LV,0.0,2500.0
2,2019,4746,Sean Culkin,TE,LAC,a,DET,0.0,2500.0
2,2019,4577,Levine Toilolo,TE,SF,a,CIN,0.0,2500.0
2,2019,4586,Josh Hill,TE,NO,a,LA,0.0,2500.0
2,2019,5436,Daniel Brown,TE,NYJ,h,CLE,0.0,2500.0
2,2019,4732,Tyler Conklin,TE,MIN,a,GB,0.0,2500.0
2,2019,4758,Trevon Wesco,TE,NYJ,h,CLE,0.0,2500.0
2,2019,4745,Ross Dwelley,TE,SF,a,CIN,0.0,2500.0
2,2019,7018,New England,Def,NE,a,MIA,37.0,3700.0
2,2019,7008,Cleveland,Def,CLE,a,NYJ,13.0,3200.0
2,2019,7012,Green Bay,Def,GB,h,MIN,12.0,3100.0
2,2019,7015,Kansas City,Def,KC,a,LV,11.0,3500.0
2,2019,7032,Houston,Def,HOU,h,JAX,10.0,2800.0
2,2019,7002,Atlanta,Def,ATL,h,PHI,10.0,2300.0
2,2019,7029,Tampa Bay,Def,TB,a,CAR,9.0,2500.0
2,2019,7011,Detroit,Def,DET,h,LAC,9.0,3000.0
2,2019,7014,Jacksonville,Def,JAX,a,HOU,8.0,2400.0
2,2019,7025,LA Rams,Def,LA,h,NO,8.0,2700.0
2,2019,7030,Tennessee,Def,TEN,h,IND,8.0,3100.0
2,2019,7026,LA Chargers,Def,LAC,a,DET,8.0,3200.0
2,2019,7023,Philadelphia,Def,PHI,a,ATL,7.0,3300.0
2,2019,7027,San Francisco,Def,SF,a,CIN,7.0,2800.0
2,2019,7024,Pittsburgh,Def,PIT,h,SEA,7.0,2400.0
2,2019,7004,Buffalo,Def,BUF,a,NYG,6.0,3400.0
2,2019,7005,Carolina,Def,CAR,h,TB,6.0,3100.0
2,2019,7017,Minnesota,Def,MIN,a,GB,6.0,3000.0
2,2019,7019,New Orleans,Def,NO,a,LA,5.0,2600.0
2,2019,7021,New York J,Def,NYJ,h,CLE,5.0,2600.0
2,2019,7006,Chicago,Def,CHI,a,DEN,5.0,3900.0
2,2019,7013,Indianapolis,Def,IND,a,TEN,5.0,2500.0
2,2019,7003,Baltimore,Def,BAL,h,ARI,4.0,3800.0
2,2019,7022,Oakland,Def,LV,h,KC,3.0,2000.0
2,2019,7028,Seattle,Def,SEA,a,PIT,3.0,2900.0
2,2019,7016,Miami,Def,MIA,h,NE,3.0,2100.0
2,2019,7001,Arizona,Def,ARI,a,BAL,2.0,2200.0
2,2019,7031,Washington,Def,WAS,h,DAL,2.0,2300.0
2,2019,7020,New York G,Def,NYG,h,BUF,2.0,2500.0
2,2019,7010,Denver,Def,DEN,h,CHI,1.0,2700.0
2,2019,7009,Dallas,Def,DAL,a,WAS,1.0,3300.0
2,2019,7007,Cincinnati,Def,CIN,h,SF,-2.0,2600.0
3,2019,1412,Russell Wilson,QB,SEA,h,NO,44.34,6300.0
3,2019,1539,Daniel Jones,QB,NYG,a,TB,39.24,5000.0
3,2019,1523,Patrick Mahomes II,QB,KC,h,BAL,30.86,7600.0
3,2019,1518,Deshaun Watson,QB,HOU,a,LAC,29.84,6400.0
3,2019,1465,Jameis Winston,QB,TB,h,NYG,29.5,5400.0
3,2019,1301,Matt Ryan,QB,ATL,a,IND,26.46,5700.0
3,2019,1536,Kyle Allen,QB,CAR,a,ARI,25.34,4000.0
3,2019,1496,Jacoby Brissett,QB,IND,h,ATL,23.8,5200.0
3,2019,1231,Philip Rivers,QB,LAC,h,HOU,23.62,5800.0
3,2019,1501,Dak Prescott,QB,DAL,h,MIA,23.54,6500.0
3,2019,1131,Tom Brady,QB,NE,h,NYJ,23.14,6600.0
3,2019,1514,Carson Wentz,QB,PHI,h,DET,21.66,5600.0
3,2019,1527,Lamar Jackson,QB,BAL,a,KC,21.28,7000.0
3,2019,1519,Mitchell Trubisky,QB,CHI,a,WAS,20.44,5100.0
3,2019,1537,Kyler Murray,QB,ARI,h,CAR,19.82,5800.0
3,2019,1435,Case Keenum,QB,WAS,h,CHI,19.58,4700.0
3,2019,1529,Josh Allen,QB,BUF,h,CIN,19.32,5900.0
3,2019,1466,Marcus Mariota,QB,TEN,a,JAX,18.56,5200.0
3,2019,1403,Andy Dalton,QB,CIN,a,BUF,18.06,5300.0
3,2019,1540,Gardner Minshew,QB,JAX,h,TEN,17.96,4900.0
3,2019,1490,Jared Goff,QB,LA,a,CLE,17.16,6100.0
3,2019,1441,Derek Carr,QB,LV,a,MIN,16.68,4900.0
3,2019,1439,Teddy Bridgewater,QB,NO,a,SEA,16.28,4700.0
3,2019,1526,Mason Rudolph,QB,PIT,a,SF,15.46,4800.0
3,2019,1252,Aaron Rodgers,QB,GB,h,DEN,13.3,6100.0
3,2019,1415,Kirk Cousins,QB,MIN,h,LV,12.56,5100.0
3,2019,1452,Jimmy Garoppolo,QB,SF,h,PIT,12.38,6200.0
3,2019,1340,Matthew Stafford,QB,DET,a,PHI,12.14,5500.0
3,2019,1528,Baker Mayfield,QB,CLE,h,LA,10.7,6000.0
3,2019,1525,Josh Rosen,QB,MIA,a,DAL,9.3,4500.0
3,2019,1302,Joe Flacco,QB,DEN,a,GB,7.02,4600.0
3,2019,1541,Luke Falk,QB,NYJ,a,NE,2.92,4600.0
3,2019,1530,Taysom Hill,QB,NO,a,SEA,2.0,4400.0
3,2019,1242,Ryan Fitzpatrick,QB,MIA,a,DAL,1.16,4500.0
3,2019,1400,Tyrod Taylor,QB,LAC,h,HOU,0.0,4000.0
3,2019,1484,Sean Mannion,QB,MIN,h,LV,-0.2,4000.0
3,2019,1542,Jarrett Stidham,QB,NE,h,NYJ,-0.44,4300.0
3,2019,2793,Mark Ingram,RB,BAL,a,KC,38.5,5700.0
3,2019,5562,Alvin Kamara,RB,NO,a,SEA,37.1,8000.0
3,2019,5536,Christian McCaffrey,RB,CAR,a,ARI,30.8,8700.0
3,2019,5630,Phillip Lindsay,RB,DEN,a,GB,29.0,4300.0
3,2019,5559,Dalvin Cook,RB,MIN,h,LV,27.3,7800.0
3,2019,5718,Tony Pollard,RB,DAL,h,MIA,24.8,3800.0
3,2019,2707,LeSean McCoy,RB,KC,h,BAL,23.0,5000.0
3,2019,5444,Ezekiel Elliott,RB,DAL,h,MIA,18.9,8900.0
3,2019,2890,Rex Burkhead,RB,NE,h,NYJ,18.9,3900.0
3,2019,5395,David Johnson,RB,ARI,h,CAR,18.5,6800.0
3,2019,5535,Joe Mixon,RB,CIN,a,BUF,17.5,5500.0
3,2019,5622,Nick Chubb,RB,CLE,h,LA,17.1,6500.0
3,2019,2467,Frank Gore,RB,BUF,h,CIN,16.9,4400.0
3,2019,5548,Marlon Mack,RB,IND,h,ATL,16.8,5800.0
3,2019,5708,Darrel Williams,RB,KC,h,BAL,15.9,3000.0
3,2019,5543,Aaron Jones,RB,GB,h,DEN,15.3,6100.0
3,2019,5534,Leonard Fournette,RB,JAX,h,TEN,15.2,6000.0
3,2019,5575,Austin Ekeler,RB,LAC,h,HOU,15.1,7200.0
3,2019,2915,Chris Thompson,RB,WAS,h,CHI,14.8,4500.0
3,2019,5703,Jeff Wilson Jr.,RB,SF,h,PIT,13.8,3000.0
3,2019,5714,Miles Sanders,RB,PHI,h,DET,13.6,3900.0
3,2019,5617,Ronald Jones,RB,TB,h,NYG,13.1,3900.0
3,2019,2930,Devonta Freeman,RB,ATL,a,IND,12.5,4900.0
3,2019,5720,Alexander Mattison,RB,MIN,h,LV,11.8,3700.0
3,2019,5445,Derrick Henry,RB,TEN,a,JAX,11.6,6200.0
3,2019,5621,Kerryon Johnson,RB,DET,a,PHI,11.3,5600.0
3,2019,5620,Royce Freeman,RB,DEN,a,GB,11.3,4400.0
3,2019,5713,David Montgomery,RB,CHI,a,WAS,11.1,5200.0
3,2019,5567,Matt Breida,RB,SF,h,PIT,10.8,5400.0
3,2019,5541,Jamaal Williams,RB,GB,h,DEN,10.6,4000.0
3,2019,2888,Le'Veon Bell,RB,NYJ,a,NE,10.3,7000.0
3,2019,5447,Jordan Howard,RB,PHI,h,DET,9.7,4100.0
3,2019,5448,C.J. Prosise,RB,SEA,h,NO,9.3,3000.0
3,2019,5446,Kenyan Drake,RB,MIA,a,DAL,9.2,4500.0
3,2019,5681,Gus Edwards,RB,BAL,a,KC,8.8,3000.0
3,2019,5537,James Conner,RB,PIT,a,SF,8.7,6400.0
3,2019,2908,Kyle Juszczyk,RB,SF,h,PIT,8.1,3000.0
3,2019,2933,Carlos Hyde,RB,HOU,a,LAC,7.9,4500.0
3,2019,5614,Saquon Barkley,RB,NYG,a,TB,7.7,9100.0
3,2019,5507,Peyton Barber,RB,TB,h,NYG,7.5,4600.0
3,2019,5615,Sony Michel,RB,NE,h,NYJ,7.1,6000.0
3,2019,5682,Justin Jackson,RB,LAC,h,HOU,7.0,4200.0
3,2019,5414,Raheem Mostert,RB,SF,h,PIT,6.9,4700.0
3,2019,5623,Nyheim Hines,RB,IND,h,ATL,5.9,3400.0
3,2019,5490,Jalen Richard,RB,LV,a,MIN,5.9,3000.0
3,2019,2993,T.J. Yeldon,RB,BUF,h,CIN,5.9,3800.0
3,2019,5697,Dare Ogunbowale,RB,TB,h,NYG,5.3,3300.0
3,2019,5565,Chris Carson,RB,SEA,h,NO,5.1,5900.0
3,2019,5712,Josh Jacobs,RB,LV,a,MIN,4.4,5300.0
3,2019,2553,Adrian Peterson,RB,WAS,h,CHI,4.4,4000.0
3,2019,5564,Tarik Cohen,RB,CHI,a,WAS,4.4,4400.0
3,2019,2997,Duke Johnson,RB,HOU,a,LAC,4.4,4300.0
3,2019,5586,J.D. McKissic,RB,DET,a,PHI,4.4,3000.0
3,2019,2992,Todd Gurley,RB,LA,a,CLE,4.3,6700.0
3,2019,2874,Brandon Bolden,RB,NE,h,NYJ,3.9,3000.0
3,2019,5628,Kalen Ballage,RB,MIA,a,DAL,3.7,4100.0
3,2019,5517,Dan Vitale,RB,GB,h,DEN,3.7,3000.0
3,2019,5619,Chase Edmonds,RB,ARI,h,CAR,3.5,3800.0
3,2019,2889,Giovani Bernard,RB,CIN,a,BUF,3.2,4200.0
3,2019,2816,Dion Lewis,RB,TEN,a,JAX,3.0,3700.0
3,2019,5662,Mike Boone,RB,MIN,h,LV,2.8,3000.0
3,2019,5449,DeAndre Washington,RB,LV,a,MIN,2.2,3000.0
3,2019,5741,Nick Bawden,RB,DET,a,PHI,2.0,3000.0
3,2019,5644,Alex Armah,RB,CAR,a,ARI,1.6,3000.0
3,2019,5742,Ty Johnson,RB,DET,a,PHI,1.5,3000.0
3,2019,2887,Kenjon Barner,RB,ATL,a,IND,1.4,3000.0
3,2019,5547,Wayne Gallman,RB,NYG,a,TB,1.3,3500.0
3,2019,5581,C.J. Ham,RB,MIN,h,LV,1.0,3000.0
3,2019,5744,Darwin Thompson,RB,KC,h,BAL,0.8,3000.0
3,2019,5441,Malcolm Brown,RB,LA,a,CLE,0.7,4500.0
3,2019,5740,Benny Snell,RB,PIT,a,SF,0.6,3500.0
3,2019,5735,Reggie Bonnafon,RB,CAR,a,ARI,0.5,3000.0
3,2019,2484,Darren Sproles,RB,PHI,h,DET,0.4,3600.0
3,2019,5320,Mike Davis,RB,CHI,a,WAS,0.2,3200.0
3,2019,2899,Latavius Murray,RB,NO,a,SEA,0.2,4100.0
3,2019,5719,Justice Hill,RB,BAL,a,KC,0.1,3300.0
3,2019,5392,Ty Montgomery,RB,NYJ,a,NE,0.1,4400.0
3,2019,5688,Jaylen Samuels,RB,PIT,a,SF,0.0,5300.0
3,2019,5483,Dwayne Washington,RB,NO,a,SEA,0.0,3000.0
3,2019,5510,Troymaine Pope,RB,LAC,h,HOU,0.0,3000.0
3,2019,5715,Damien Harris,RB,NE,h,NYJ,0.0,3400.0
3,2019,5663,Nick Bellore,RB,SEA,h,NO,0.0,3000.0
3,2019,2819,Bilal Powell,RB,NYJ,a,NE,0.0,3000.0
3,2019,5473,Wendell Smallwood,RB,WAS,h,CHI,0.0,3100.0
3,2019,2912,Zach Line,RB,NO,a,SEA,0.0,3000.0
3,2019,5658,Ito Smith,RB,ATL,a,IND,0.0,3700.0
3,2019,5762,Cullen Gillaspia,RB,HOU,a,LAC,0.0,3000.0
3,2019,5495,D.J. Foster,RB,ARI,h,CAR,0.0,3000.0
3,2019,5737,Chandler Cox,RB,MIA,a,DAL,0.0,3000.0
3,2019,5588,Elijhaa Penny,RB,NYG,a,TB,0.0,3000.0
3,2019,2995,Ameer Abdullah,RB,MIN,h,LV,0.0,3000.0
3,2019,2822,Anthony Sherman,RB,KC,h,BAL,0.0,3000.0
3,2019,5746,D'Ernest Johnson,RB,CLE,h,LA,0.0,3000.0
3,2019,5763,Buddy Howell,RB,HOU,a,LAC,0.0,3000.0
3,2019,5468,Devontae Booker,RB,DEN,a,GB,0.0,3200.0
3,2019,5738,Travis Homer,RB,SEA,h,NO,0.0,3000.0
3,2019,5492,Keith Smith,RB,ATL,a,IND,0.0,3000.0
3,2019,5470,Tyler Ervin,RB,JAX,h,TEN,0.0,3000.0
3,2019,5683,Dontrell Hilliard,RB,CLE,h,LA,0.0,3300.0
3,2019,5745,Ryquell Armstead,RB,JAX,h,TEN,0.0,3200.0
3,2019,2805,Patrick DiMarco,RB,BUF,h,CIN,0.0,3000.0
3,2019,5538,Samaje Perine,RB,CIN,a,BUF,0.0,3500.0
3,2019,5743,Patrick Ricard,RB,BAL,a,KC,0.0,3000.0
3,2019,5764,Alec Ingold,RB,LV,a,MIN,0.0,3000.0
3,2019,5626,T.J. Logan,RB,TB,h,NYG,0.0,3000.0
3,2019,2913,Jamize Olawale,RB,DAL,h,MIA,0.0,3000.0
3,2019,5657,Trenton Cannon,RB,NYJ,a,NE,0.0,3000.0
3,2019,5504,Derek Watt,RB,LAC,h,HOU,-0.1,3000.0
3,2019,5625,Jordan Wilkins,RB,IND,h,ATL,-0.2,3500.0
3,2019,5253,Mike Evans,WR,TB,h,NYG,48.0,6600.0
3,2019,5198,Keenan Allen,WR,LAC,h,HOU,46.6,7000.0
3,2019,5552,Cooper Kupp,WR,LA,a,CLE,36.2,6400.0
3,2019,5386,Tyler Lockett,WR,SEA,h,NO,35.4,6200.0
3,2019,5361,Taylor Gabriel,WR,CHI,a,WAS,32.2,3600.0
3,2019,5456,Sterling Shepard,WR,NYG,a,TB,30.1,4900.0
3,2019,5089,Julio Jones,WR,ATL,a,IND,29.8,7300.0
3,2019,5376,Amari Cooper,WR,DAL,h,MIA,26.8,7500.0
3,2019,5168,Marvin Jones,WR,DET,a,PHI,25.1,5000.0
3,2019,5378,Nelson Agholor,WR,PHI,h,DET,24.0,3600.0
3,2019,5255,Brandin Cooks,WR,LA,a,CLE,23.0,6300.0
3,2019,5260,Paul Richardson,WR,WAS,h,CHI,22.3,4100.0
3,2019,5656,Marquez Valdes-Scantling,WR,GB,h,DEN,21.9,4300.0
3,2019,5333,Adam Thielen,WR,MIN,h,LV,20.6,6700.0
3,2019,5151,T.Y. Hilton,WR,IND,h,ATL,20.5,6400.0
3,2019,3826,Julian Edelman,WR,NE,h,NYJ,19.2,6300.0
3,2019,5757,Terry McLaurin,WR,WAS,h,CHI,19.0,4500.0
3,2019,5384,Phillip Dorsett,WR,NE,h,NYJ,18.5,3400.0
3,2019,5727,Mecole Hardman,WR,KC,h,BAL,18.4,5000.0
3,2019,5659,D.J. Chark,WR,JAX,h,TEN,17.6,4700.0
3,2019,5553,JuJu Smith-Schuster,WR,PIT,a,SF,17.1,6900.0
3,2019,5459,Michael Thomas,WR,NO,a,SEA,16.4,7400.0
3,2019,5556,Curtis Samuel,WR,CAR,a,ARI,16.3,4800.0
3,2019,5636,Christian Kirk,WR,ARI,h,CAR,15.9,5000.0
3,2019,5412,Adam Humphries,WR,TEN,a,JAX,15.3,3800.0
3,2019,5163,Cole Beasley,WR,BUF,h,CIN,14.8,4400.0
3,2019,5754,Diontae Johnson,WR,PIT,a,SF,14.8,3000.0
3,2019,3501,Larry Fitzgerald,WR,ARI,h,CAR,14.6,5100.0
3,2019,5165,Josh Gordon,WR,NE,h,NYJ,14.4,5400.0
3,2019,5696,Auden Tate,WR,CIN,a,BUF,13.8,3000.0
3,2019,5637,Courtland Sutton,WR,DEN,a,GB,13.7,4500.0
3,2019,5159,Mohamed Sanu,WR,ATL,a,IND,13.7,3900.0
3,2019,5409,J.J. Nelson,WR,LV,a,MIN,13.6,3300.0
3,2019,5633,D.J. Moore,WR,CAR,a,ARI,13.4,5900.0
3,2019,5515,Demarcus Robinson,WR,KC,h,BAL,13.3,5200.0
3,2019,5647,Zach Pascal,WR,IND,h,ATL,13.3,3000.0
3,2019,5212,Kenny Stills,WR,HOU,a,LAC,12.9,3900.0
3,2019,5455,Tyler Boyd,WR,CIN,a,BUF,12.7,6500.0
3,2019,5206,DeAndre Hopkins,WR,HOU,a,LAC,12.7,7800.0
3,2019,5258,Allen Robinson,WR,CHI,a,WAS,12.0,5600.0
3,2019,5638,Dante Pettis,WR,SF,h,PIT,12.0,4500.0
3,2019,5432,Tyrell Williams,WR,LV,a,MIN,11.9,5600.0
3,2019,5323,Odell Beckham Jr.,WR,CLE,h,LA,11.6,7700.0
3,2019,5252,Sammy Watkins,WR,KC,h,BAL,11.4,6800.0
3,2019,5767,Darius Slayton,WR,NYG,a,TB,11.2,3000.0
3,2019,5755,Preston Williams,WR,MIA,a,DAL,10.8,3700.0
3,2019,5578,Mack Hollins,WR,PHI,h,DET,10.2,3200.0
3,2019,5454,Will Fuller,WR,HOU,a,LAC,10.1,4900.0
3,2019,5603,Dede Westbrook,WR,JAX,h,TEN,10.0,5400.0
3,2019,5263,Davante Adams,WR,GB,h,DEN,9.6,7600.0
3,2019,5264,John Brown,WR,BUF,h,CIN,9.5,5500.0
3,2019,5335,Jarvis Landry,WR,CLE,h,LA,9.2,5300.0
3,2019,5461,Tajae Sharpe,WR,TEN,a,JAX,9.0,3000.0
3,2019,5217,Robert Woods,WR,LA,a,CLE,8.8,6200.0
3,2019,5725,D.K. Metcalf,WR,SEA,h,NO,8.7,4700.0
3,2019,5380,DeVante Parker,WR,MIA,a,DAL,8.6,4000.0
3,2019,5652,Trey Quinn,WR,WAS,h,CHI,8.0,3000.0
3,2019,3851,Danny Amendola,WR,DET,a,PHI,7.7,3800.0
3,2019,5287,Willie Snead,WR,BAL,a,KC,7.7,4200.0
3,2019,5594,Mike Williams,WR,LAC,h,HOU,7.5,4900.0
3,2019,5726,Deebo Samuel,WR,SF,h,PIT,7.4,4500.0
3,2019,5550,Corey Davis,WR,TEN,a,JAX,7.4,4200.0
3,2019,5486,Jakeem Grant,WR,MIA,a,DAL,7.1,3500.0
3,2019,5579,Chris Godwin,WR,TB,h,NYG,7.0,6900.0
3,2019,5730,Marquise Brown,WR,BAL,a,KC,6.9,5900.0
3,2019,5205,Marquise Goodwin,WR,SF,h,PIT,6.1,5000.0
3,2019,5229,Jaron Brown,WR,SEA,h,NO,6.0,3100.0
3,2019,5421,Devin Smith,WR,DAL,h,MIA,5.9,3400.0
3,2019,5761,Hunter Renfrow,WR,LV,a,MIN,5.8,3700.0
3,2019,5188,Jarius Wright,WR,CAR,a,ARI,5.8,3000.0
3,2019,5749,Jakobi Meyers,WR,NE,h,NYJ,5.8,3000.0
3,2019,5408,Seth Roberts,WR,BAL,a,KC,5.7,3000.0
3,2019,5678,Damion Ratley,WR,CLE,h,LA,5.6,3200.0
3,2019,5729,Parris Campbell,WR,IND,h,ATL,5.4,3800.0
3,2019,5557,Zay Jones,WR,BUF,h,CIN,5.3,3300.0
3,2019,5385,Chris Conley,WR,JAX,h,TEN,5.0,4300.0
3,2019,5760,Deonte Harris,WR,NO,a,SEA,5.0,3000.0
3,2019,5641,Braxton Berrios,WR,NYJ,a,NE,4.9,3000.0
3,2019,5424,Stefon Diggs,WR,MIN,h,LV,4.5,6000.0
3,2019,5410,Jamison Crowder,WR,NYJ,a,NE,4.5,4800.0
3,2019,5753,Steven Sims Jr.,WR,WAS,h,CHI,4.4,3000.0
3,2019,5731,KeeSean Johnson,WR,ARI,h,CAR,4.3,3400.0
3,2019,5125,Randall Cobb,WR,DAL,h,MIA,4.3,4600.0
3,2019,5502,Robby Anderson,WR,NYJ,a,NE,4.1,4800.0
3,2019,5655,David Moore,WR,SEA,h,NO,3.9,3100.0
3,2019,5702,Malik Turner,WR,SEA,h,NO,3.9,3400.0
3,2019,5554,Kenny Golladay,WR,DET,a,PHI,3.7,6600.0
3,2019,3670,Ted Ginn Jr.,WR,NO,a,SEA,3.5,3900.0
3,2019,5635,James Washington,WR,PIT,a,SF,3.4,3500.0
3,2019,5097,Dontrelle Inman,WR,LAC,h,HOU,3.3,3000.0
3,2019,5598,Kendrick Bourne,WR,SF,h,PIT,3.2,3000.0
3,2019,5558,John Ross,WR,CIN,a,BUF,3.2,5100.0
3,2019,5674,Richie James,WR,SF,h,PIT,3.2,3000.0
3,2019,3983,Emmanuel Sanders,WR,DEN,a,GB,3.0,4800.0
3,2019,5208,Cordarrelle Patterson,WR,CHI,a,WAS,3.0,3300.0
3,2019,5531,Damiere Byrd,WR,ARI,h,CAR,2.9,3000.0
3,2019,3872,Michael Crabtree,WR,ARI,h,CAR,2.9,3600.0
3,2019,5379,Breshad Perriman,WR,TB,h,NYG,2.9,3100.0
3,2019,5574,Isaiah McKenzie,WR,BUF,h,CIN,2.9,3400.0
3,2019,5632,Anthony Miller,WR,CHI,a,WAS,2.5,3800.0
3,2019,5173,Travis Benjamin,WR,LAC,h,HOU,2.5,3000.0
3,2019,5480,Alex Erickson,WR,CIN,a,BUF,2.3,3000.0
3,2019,5750,Deon Cain,WR,IND,h,ATL,2.0,3000.0
3,2019,5732,JJ Arcega-Whiteside,WR,PHI,h,DET,2.0,3500.0
3,2019,5671,Javon Wims,WR,CHI,a,WAS,1.8,3100.0
3,2019,5759,Byron Pringle,WR,KC,h,BAL,1.7,3000.0
3,2019,5167,Chris Hogan,WR,CAR,a,ARI,1.6,3000.0
3,2019,5631,Calvin Ridley,WR,ATL,a,IND,1.6,5300.0
3,2019,5341,Allen Hurns,WR,MIA,a,DAL,1.6,3000.0
3,2019,5387,Justin Hardy,WR,ATL,a,IND,1.6,3000.0
3,2019,5223,Russell Shepard,WR,NYG,a,TB,1.6,3300.0
3,2019,5353,Bennie Fowler,WR,NYG,a,TB,1.5,3700.0
3,2019,5728,A.J. Brown,WR,TEN,a,JAX,1.4,3700.0
3,2019,5511,Geronimo Allison,WR,GB,h,DEN,0.9,4800.0
3,2019,5491,Johnny Holton,WR,PIT,a,SF,0.9,3000.0
3,2019,5748,Miles Boykin,WR,BAL,a,KC,0.0,3000.0
3,2019,5640,DaeSean Hamilton,WR,DEN,a,GB,0.0,4000.0
3,2019,5648,Austin Carr,WR,NO,a,SEA,0.0,3000.0
3,2019,5479,Chris Moore,WR,BAL,a,KC,0.0,3200.0
3,2019,5680,Russell Gage,WR,ATL,a,IND,0.0,3000.0
3,2019,5699,Trent Sherfield,WR,ARI,h,CAR,0.0,3000.0
3,2019,5756,Damion Willis,WR,CIN,a,BUF,0.0,3000.0
3,2019,5766,Cedrick Wilson,WR,DAL,h,MIA,0.0,3000.0
3,2019,5256,Marqise Lee,WR,JAX,h,TEN,0.0,4400.0
3,2019,5433,Darius Jennings,WR,TEN,a,JAX,0.0,3000.0
3,2019,5399,Geremy Davis,WR,LAC,h,HOU,0.0,3000.0
3,2019,2958,De'Anthony Thomas,WR,KC,h,BAL,0.0,3000.0
3,2019,5500,Chester Rogers,WR,IND,h,ATL,0.0,3400.0
3,2019,5503,Mike Thomas,WR,LA,a,CLE,0.0,3000.0
3,2019,5602,JoJo Natson,WR,LA,a,CLE,0.0,3000.0
3,2019,5711,Allen Lazard,WR,GB,h,DEN,0.0,3000.0
3,2019,5765,Diontae Spencer,WR,DEN,a,GB,0.0,3000.0
3,2019,5747,Olabisi Johnson,WR,MIN,h,LV,0.0,3000.0
3,2019,5606,Bobo Wilson,WR,TB,h,NYG,0.0,3000.0
3,2019,5555,Taywan Taylor,WR,CLE,h,LA,0.0,3000.0
3,2019,5675,KhaDarel Hodge,WR,CLE,h,LA,0.0,3000.0
3,2019,5690,Justin Watson,WR,TB,h,NYG,0.0,3000.0
3,2019,5751,Kelvin Harmon,WR,WAS,h,CHI,0.0,3000.0
3,2019,3978,Andre Roberts,WR,BUF,h,CIN,0.0,3000.0
3,2019,5649,Robert Foster,WR,BUF,h,CIN,0.0,3200.0
3,2019,3760,Matthew Slater,WR,NE,h,NYJ,0.0,3000.0
3,2019,5654,DeAndre Carter,WR,HOU,a,LAC,0.0,3100.0
3,2019,5582,Josh Reynolds,WR,LA,a,CLE,0.0,3100.0
3,2019,5518,Cody Core,WR,NYG,a,TB,0.0,3000.0
3,2019,5458,T.J. Jones,WR,NYG,a,TB,0.0,3000.0
3,2019,5734,Andy Isabella,WR,ARI,h,CAR,0.0,3300.0
3,2019,5665,Ray-Ray McCloud,WR,CAR,a,ARI,0.0,3000.0
3,2019,5570,Keelan Cole,WR,JAX,h,TEN,0.0,3200.0
3,2019,5670,Keke Coutee,WR,HOU,a,LAC,0.0,3400.0
3,2019,5191,Josh Bellamy,WR,NYJ,a,NE,0.0,3200.0
3,2019,5692,Chad Beebe,WR,MIN,h,LV,0.0,3400.0
3,2019,5569,Ryan Switzer,WR,PIT,a,SF,0.0,3000.0
3,2019,5752,Gunner Olszewski,WR,NE,h,NYJ,-1.0,3000.0
3,2019,5419,Darren Waller,TE,LV,a,MIN,30.1,4100.0
3,2019,4701,Evan Engram,TE,NYG,a,TB,26.3,5200.0
3,2019,4368,Greg Olsen,TE,CAR,a,ARI,25.5,3700.0
3,2019,4677,Austin Hooper,TE,ATL,a,IND,24.6,3600.0
3,2019,4729,Jordan Akins,TE,HOU,a,LAC,22.3,2700.0
3,2019,4727,Will Dissly,TE,SEA,h,NO,18.2,3400.0
3,2019,4750,Dawson Knox,TE,BUF,h,CIN,16.6,2500.0
3,2019,4609,Darren Fells,TE,HOU,a,LAC,15.9,2500.0
3,2019,4582,Travis Kelce,TE,KC,h,BAL,15.9,7100.0
3,2019,4360,Delanie Walker,TE,TEN,a,JAX,13.4,4700.0
3,2019,4703,George Kittle,TE,SF,h,PIT,11.7,5600.0
3,2019,4569,Zach Ertz,TE,PHI,h,DET,10.4,5700.0
3,2019,4664,James O'Shaughnessy,TE,JAX,h,TEN,9.8,2900.0
3,2019,4660,Nick Boyle,TE,BAL,a,KC,9.8,2700.0
3,2019,4700,O.J. Howard,TE,TB,h,NYG,9.6,3800.0
3,2019,4757,Irv Smith Jr.,TE,MIN,h,LV,9.0,2600.0
3,2019,4594,Jack Doyle,TE,IND,h,ATL,8.6,3000.0
3,2019,4262,Jason Witten,TE,DAL,h,MIA,8.4,3700.0
3,2019,4601,Eric Ebron,TE,IND,h,ATL,7.7,3800.0
3,2019,4642,Demetrius Harris,TE,CLE,h,LA,7.2,2500.0
3,2019,4618,Trey Burton,TE,CHI,a,WAS,6.0,3600.0
3,2019,4748,Noah Fant,TE,DEN,a,GB,5.7,2800.0
3,2019,4751,Ryan Izzo,TE,NE,h,NYJ,5.1,2500.0
3,2019,4323,Vernon Davis,TE,WAS,h,CHI,5.0,3200.0
3,2019,4736,Mo Alie-Cox,TE,IND,h,ATL,4.5,2500.0
3,2019,4721,Mark Andrews,TE,BAL,a,KC,4.5,4600.0
3,2019,4532,Luke Stocker,TE,ATL,a,IND,4.2,2500.0
3,2019,4706,Jonnu Smith,TE,TEN,a,JAX,4.0,2600.0
3,2019,4676,Jeff Heuerman,TE,DEN,a,GB,4.0,2900.0
3,2019,4714,Jeremy Sprinkle,TE,WAS,h,CHI,3.9,2500.0
3,2019,4719,Mike Gesicki,TE,MIA,a,DAL,3.9,2600.0
3,2019,4705,Gerald Everett,TE,LA,a,CLE,3.5,3200.0
3,2019,4720,Hayden Hurst,TE,BAL,a,KC,3.4,3100.0
3,2019,4324,Marcedes Lewis,TE,GB,h,DEN,2.9,2500.0
3,2019,4661,Nick O'Leary,TE,JAX,h,TEN,2.9,2500.0
3,2019,4568,Tyler Eifert,TE,CIN,a,BUF,2.8,3200.0
3,2019,4648,Cameron Brate,TE,TB,h,NYG,2.7,2700.0
3,2019,1463,Logan Thomas,TE,DET,a,PHI,2.5,2500.0
3,2019,4712,Ricky Seals-Jones,TE,CLE,h,LA,2.4,2700.0
3,2019,4653,Jesse James,TE,DET,a,PHI,2.3,2600.0
3,2019,4538,Lance Kendricks,TE,LAC,h,HOU,2.3,2600.0
3,2019,4537,Kyle Rudolph,TE,MIN,h,LV,2.1,3400.0
3,2019,4572,Vance McDonald,TE,PIT,a,SF,2.0,4300.0
3,2019,4543,Charles Clay,TE,ARI,h,CAR,1.9,2600.0
3,2019,4688,Nick Vannett,TE,SEA,h,NO,1.9,2600.0
3,2019,4668,Geoff Swaim,TE,JAX,h,TEN,1.8,2800.0
3,2019,4709,Adam Shaheen,TE,CHI,a,WAS,1.7,3200.0
3,2019,4437,Jared Cook,TE,NO,a,SEA,1.7,3800.0
3,2019,4592,Ryan Griffin,TE,NYJ,a,NE,1.5,2500.0
3,2019,4744,Robert Tonyan,TE,GB,h,DEN,1.4,2500.0
3,2019,4586,Josh Hill,TE,NO,a,SEA,1.4,2500.0
3,2019,4733,Blake Jarwin,TE,DAL,h,MIA,1.3,2900.0
3,2019,4554,Rhett Ellison,TE,NYG,a,TB,1.3,2600.0
3,2019,4752,Tommy Sweeney,TE,BUF,h,CIN,1.3,2500.0
3,2019,4604,Xavier Grimble,TE,PIT,a,SF,1.3,2500.0
3,2019,4749,T.J. Hockenson,TE,DET,a,PHI,1.1,3500.0
3,2019,4760,Foster Moreau,TE,LV,a,MIN,1.1,2500.0
3,2019,4666,Blake Bell,TE,KC,h,BAL,1.1,2500.0
3,2019,4391,Clark Harris,TE,CIN,a,BUF,0.0,2500.0
3,2019,4738,Anthony Firkser,TE,TEN,a,JAX,0.0,2500.0
3,2019,4492,Jimmy Graham,TE,GB,h,DEN,0.0,4000.0
3,2019,4697,Chris Manhertz,TE,CAR,a,ARI,0.0,2500.0
3,2019,4761,Andrew Beck,TE,DEN,a,GB,0.0,2500.0
3,2019,4716,Antony Auclair,TE,TB,h,NYG,0.0,2500.0
3,2019,4759,James Winchester,TE,KC,h,BAL,0.0,2500.0
3,2019,4711,Cethan Carter,TE,CIN,a,BUF,0.0,2500.0
3,2019,4742,Dalton Schultz,TE,DAL,h,MIA,0.0,2500.0
3,2019,4753,Pharaoh Brown,TE,CLE,h,LA,0.0,2500.0
3,2019,4730,Ian Thomas,TE,CAR,a,ARI,0.0,2600.0
3,2019,4704,Eric Tomlinson,TE,NYG,a,TB,0.0,2500.0
3,2019,4599,Derek Carrier,TE,LV,a,MIN,0.0,2500.0
3,2019,4656,C.J. Uzomah,TE,CIN,a,BUF,0.0,2700.0
3,2019,4756,Drew Sample,TE,CIN,a,BUF,0.0,2500.0
3,2019,4747,Johnny Mundt,TE,LA,a,CLE,0.0,2500.0
3,2019,4542,Virgil Green,TE,LAC,h,HOU,0.0,2600.0
3,2019,4725,Dallas Goedert,TE,PHI,h,DET,0.0,2800.0
3,2019,4535,Lee Smith,TE,BUF,h,CIN,0.0,2500.0
3,2019,4690,Seth DeValve,TE,JAX,h,TEN,0.0,2500.0
3,2019,4669,MyCole Pruitt,TE,TEN,a,JAX,0.0,2500.0
3,2019,4746,Sean Culkin,TE,LAC,h,HOU,0.0,2500.0
3,2019,4577,Levine Toilolo,TE,SF,h,PIT,0.0,2500.0
3,2019,4762,Troy Fumagalli,TE,DEN,a,GB,0.0,2500.0
3,2019,5436,Daniel Brown,TE,NYJ,a,NE,0.0,2500.0
3,2019,4691,Ben Braunecker,TE,CHI,a,WAS,0.0,2700.0
3,2019,4650,Maxx Williams,TE,ARI,h,CAR,0.0,2500.0
3,2019,4737,Durham Smythe,TE,MIA,a,DAL,0.0,2600.0
3,2019,4732,Tyler Conklin,TE,MIN,h,LV,0.0,2500.0
3,2019,4758,Trevon Wesco,TE,NYJ,a,NE,0.0,2500.0
3,2019,4745,Ross Dwelley,TE,SF,h,PIT,0.0,2500.0
3,2019,7006,Chicago,Def,CHI,a,WAS,21.0,3900.0
3,2019,7021,New York J,Def,NYJ,a,NE,16.0,2100.0
3,2019,7014,Jacksonville,Def,JAX,h,TEN,15.0,2900.0
3,2019,7019,New Orleans,Def,NO,a,SEA,14.0,2200.0
3,2019,7011,Detroit,Def,DET,a,PHI,13.0,2200.0
3,2019,7005,Carolina,Def,CAR,a,ARI,13.0,2700.0
3,2019,7012,Green Bay,Def,GB,h,DEN,13.0,3400.0
3,2019,7009,Dallas,Def,DAL,h,MIA,12.0,4300.0
3,2019,7004,Buffalo,Def,BUF,h,CIN,11.0,3400.0
3,2019,7024,Pittsburgh,Def,PIT,a,SF,11.0,2300.0
3,2019,7018,New England,Def,NE,h,NYJ,11.0,3800.0
3,2019,7008,Cleveland,Def,CLE,h,LA,9.0,2800.0
3,2019,7025,LA Rams,Def,LA,a,CLE,9.0,3100.0
3,2019,7029,Tampa Bay,Def,TB,h,NYG,8.0,2900.0
3,2019,7032,Houston,Def,HOU,a,LAC,8.0,2800.0
3,2019,7027,San Francisco,Def,SF,h,PIT,7.0,3200.0
3,2019,7017,Minnesota,Def,MIN,h,LV,7.0,3300.0
3,2019,7020,New York G,Def,NYG,a,TB,7.0,3000.0
3,2019,7007,Cincinnati,Def,CIN,a,BUF,5.0,2400.0
3,2019,7031,Washington,Def,WAS,h,CHI,5.0,2600.0
3,2019,7026,LA Chargers,Def,LAC,h,HOU,4.0,2500.0
3,2019,7023,Philadelphia,Def,PHI,h,DET,2.0,3500.0
3,2019,7015,Kansas City,Def,KC,h,BAL,2.0,2500.0
3,2019,7028,Seattle,Def,SEA,h,NO,2.0,3200.0
3,2019,7016,Miami,Def,MIA,a,DAL,2.0,2000.0
3,2019,7013,Indianapolis,Def,IND,h,ATL,2.0,2800.0
3,2019,7002,Atlanta,Def,ATL,a,IND,1.0,3100.0
3,2019,7030,Tennessee,Def,TEN,a,JAX,1.0,3300.0
3,2019,7010,Denver,Def,DEN,a,GB,0.0,2600.0
3,2019,7001,Arizona,Def,ARI,h,CAR,0.0,2700.0
3,2019,7003,Baltimore,Def,BAL,a,KC,0.0,2500.0
3,2019,7022,Oakland,Def,LV,a,MIN,-1.0,2700.0
4,2019,1465,Jameis Winston,QB,TB,a,LA,33.3,5700.0
4,2019,1252,Aaron Rodgers,QB,GB,h,PHI,30.48,6000.0
4,2019,1490,Jared Goff,QB,LA,h,TB,27.68,6300.0
4,2019,1527,Lamar Jackson,QB,BAL,h,CLE,26.48,6900.0
4,2019,1302,Joe Flacco,QB,DEN,h,JAX,26.02,4600.0
4,2019,1340,Matthew Stafford,QB,DET,h,KC,24.44,5500.0
4,2019,1496,Jacoby Brissett,QB,IND,h,LV,23.5,5400.0
4,2019,1231,Philip Rivers,QB,LAC,a,MIA,23.4,6200.0
4,2019,1466,Marcus Mariota,QB,TEN,a,ATL,23.28,5100.0
4,2019,1523,Patrick Mahomes II,QB,KC,a,DET,21.0,7500.0
4,2019,1528,Baker Mayfield,QB,CLE,a,BAL,19.78,5800.0
4,2019,1514,Carson Wentz,QB,PHI,a,GB,19.7,5600.0
4,2019,1301,Matt Ryan,QB,ATL,h,TEN,19.68,5900.0
4,2019,1537,Kyler Murray,QB,ARI,h,SEA,17.34,6000.0
4,2019,1526,Mason Rudolph,QB,PIT,h,CIN,16.86,5300.0
4,2019,1540,Gardner Minshew,QB,JAX,a,DEN,16.72,5200.0
4,2019,1441,Derek Carr,QB,LV,a,IND,14.46,5300.0
4,2019,1539,Daniel Jones,QB,NYG,h,WAS,14.3,5300.0
4,2019,1412,Russell Wilson,QB,SEA,a,ARI,14.3,6100.0
4,2019,1518,Deshaun Watson,QB,HOU,h,CAR,12.6,6400.0
4,2019,1334,Chase Daniel,QB,CHI,h,MIN,12.2,4400.0
4,2019,1529,Josh Allen,QB,BUF,h,NE,11.72,5600.0
4,2019,1525,Josh Rosen,QB,MIA,h,LAC,10.2,4500.0
4,2019,1501,Dak Prescott,QB,DAL,a,NO,8.62,6300.0
4,2019,1415,Kirk Cousins,QB,MIN,a,CHI,8.32,5000.0
4,2019,1439,Teddy Bridgewater,QB,NO,h,DAL,7.52,5200.0
4,2019,1536,Kyle Allen,QB,CAR,a,HOU,6.28,5200.0
4,2019,1403,Andy Dalton,QB,CIN,a,PIT,5.64,5200.0
4,2019,1131,Tom Brady,QB,NE,a,BUF,4.7,6600.0
4,2019,1417,Matt Barkley,QB,BUF,h,NE,4.08,4100.0
4,2019,1538,Dwayne Haskins,QB,WAS,a,NYG,3.58,4700.0
4,2019,1530,Taysom Hill,QB,NO,h,DAL,1.6,4300.0
4,2019,1435,Case Keenum,QB,WAS,a,NYG,0.48,4900.0
4,2019,1519,Mitchell Trubisky,QB,CHI,h,MIN,0.36,5000.0
4,2019,1400,Tyrod Taylor,QB,LAC,a,MIA,0.18,4100.0
4,2019,5622,Nick Chubb,RB,CLE,a,BAL,42.3,6400.0
4,2019,5536,Christian McCaffrey,RB,CAR,a,HOU,33.9,8800.0
4,2019,5447,Jordan Howard,RB,PHI,a,GB,32.5,4600.0
4,2019,5534,Leonard Fournette,RB,JAX,a,DEN,29.5,6000.0
4,2019,5575,Austin Ekeler,RB,LAC,a,MIA,29.2,8000.0
4,2019,5547,Wayne Gallman,RB,NYG,h,WAS,28.8,4600.0
4,2019,5537,James Conner,RB,PIT,h,CIN,26.5,6500.0
4,2019,2992,Todd Gurley,RB,LA,h,TB,26.0,7000.0
4,2019,5688,Jaylen Samuels,RB,PIT,h,CIN,23.54,4200.0
4,2019,5395,David Johnson,RB,ARI,h,SEA,21.9,6800.0
4,2019,5565,Chris Carson,RB,SEA,a,ARI,21.5,5700.0
4,2019,5621,Kerryon Johnson,RB,DET,h,KC,19.7,5400.0
4,2019,5708,Darrel Williams,RB,KC,a,DET,19.6,4700.0
4,2019,5559,Dalvin Cook,RB,MIN,a,CHI,19.0,8300.0
4,2019,2930,Devonta Freeman,RB,ATL,h,TEN,18.0,5000.0
4,2019,5543,Aaron Jones,RB,GB,h,PHI,17.8,6300.0
4,2019,5444,Ezekiel Elliott,RB,DAL,a,NO,17.5,8900.0
4,2019,2707,LeSean McCoy,RB,KC,a,DET,16.9,5600.0
4,2019,5617,Ronald Jones,RB,TB,a,LA,15.2,4400.0
4,2019,5445,Derrick Henry,RB,TEN,a,ATL,14.8,6300.0
4,2019,2467,Frank Gore,RB,BUF,h,NE,13.9,4400.0
4,2019,2954,James White,RB,NE,a,BUF,13.8,4900.0
4,2019,5683,Dontrell Hilliard,RB,CLE,a,BAL,13.4,3500.0
4,2019,5712,Josh Jacobs,RB,LV,a,IND,12.8,5100.0
4,2019,5562,Alvin Kamara,RB,NO,h,DAL,11.9,8500.0
4,2019,5745,Ryquell Armstead,RB,JAX,a,DEN,11.9,3300.0
4,2019,5510,Troymaine Pope,RB,LAC,a,MIA,11.4,3000.0
4,2019,5658,Ito Smith,RB,ATL,h,TEN,11.1,3700.0
4,2019,2993,T.J. Yeldon,RB,BUF,h,NE,10.8,3700.0
4,2019,5623,Nyheim Hines,RB,IND,h,LV,10.5,4000.0
4,2019,2933,Carlos Hyde,RB,HOU,h,CAR,10.4,4300.0
4,2019,5535,Joe Mixon,RB,CIN,a,PIT,10.3,5800.0
4,2019,5446,Kenyan Drake,RB,MIA,h,LAC,10.3,4200.0
4,2019,2915,Chris Thompson,RB,WAS,a,NYG,10.0,4500.0
4,2019,5564,Tarik Cohen,RB,CHI,h,MIN,9.8,4600.0
4,2019,2997,Duke Johnson,RB,HOU,h,CAR,9.8,4200.0
4,2019,5713,David Montgomery,RB,CHI,h,MIN,9.7,5300.0
4,2019,2793,Mark Ingram,RB,BAL,h,CLE,9.1,6600.0
4,2019,5620,Royce Freeman,RB,DEN,h,JAX,9.0,4800.0
4,2019,5507,Peyton Barber,RB,TB,a,LA,7.9,4300.0
4,2019,5714,Miles Sanders,RB,PHI,a,GB,7.2,4500.0
4,2019,5630,Phillip Lindsay,RB,DEN,h,JAX,7.0,5200.0
4,2019,2874,Brandon Bolden,RB,NE,a,BUF,6.4,3000.0
4,2019,5448,C.J. Prosise,RB,SEA,a,ARI,6.4,4000.0
4,2019,5615,Sony Michel,RB,NE,a,BUF,6.3,5500.0
4,2019,2816,Dion Lewis,RB,TEN,a,ATL,6.0,3700.0
4,2019,2889,Giovani Bernard,RB,CIN,a,PIT,5.9,4000.0
4,2019,5629,Mark Walton,RB,MIA,h,LAC,5.4,3000.0
4,2019,5586,J.D. McKissic,RB,DET,h,KC,5.1,3000.0
4,2019,5681,Gus Edwards,RB,BAL,h,CLE,4.6,3600.0
4,2019,5449,DeAndre Washington,RB,LV,a,IND,4.6,3000.0
4,2019,5697,Dare Ogunbowale,RB,TB,a,LA,4.6,3400.0
4,2019,5581,C.J. Ham,RB,MIN,a,CHI,4.0,3000.0
4,2019,5548,Marlon Mack,RB,IND,h,LV,3.9,6100.0
4,2019,5625,Jordan Wilkins,RB,IND,h,LV,3.8,3200.0
4,2019,5517,Dan Vitale,RB,GB,h,PHI,3.8,3000.0
4,2019,5719,Justice Hill,RB,BAL,h,CLE,3.7,3500.0
4,2019,5619,Chase Edmonds,RB,ARI,h,SEA,3.7,3600.0
4,2019,2995,Ameer Abdullah,RB,MIN,a,CHI,3.4,3000.0
4,2019,5504,Derek Watt,RB,LAC,a,MIA,3.1,3000.0
4,2019,2899,Latavius Murray,RB,NO,h,DAL,3.0,3900.0
4,2019,5490,Jalen Richard,RB,LV,a,IND,2.8,4000.0
4,2019,2553,Adrian Peterson,RB,WAS,a,NYG,2.8,4300.0
4,2019,5473,Wendell Smallwood,RB,WAS,a,NYG,2.4,3100.0
4,2019,5742,Ty Johnson,RB,DET,h,KC,2.4,3000.0
4,2019,5720,Alexander Mattison,RB,MIN,a,CHI,2.3,3900.0
4,2019,5768,Jon Hilliman,RB,NYG,h,WAS,2.3,0.0
4,2019,2890,Rex Burkhead,RB,NE,a,BUF,1.7,4400.0
4,2019,5741,Nick Bawden,RB,DET,h,KC,1.4,3000.0
4,2019,5441,Malcolm Brown,RB,LA,h,TB,1.4,4400.0
4,2019,2912,Zach Line,RB,NO,h,DAL,1.3,3000.0
4,2019,5588,Elijhaa Penny,RB,NYG,h,WAS,1.2,4300.0
4,2019,5541,Jamaal Williams,RB,GB,h,PHI,1.0,4300.0
4,2019,5628,Kalen Ballage,RB,MIA,h,LAC,0.7,3800.0
4,2019,2484,Darren Sproles,RB,PHI,a,GB,0.4,3500.0
4,2019,5740,Benny Snell,RB,PIT,h,CIN,0.1,3300.0
4,2019,5764,Alec Ingold,RB,LV,a,IND,0.1,3000.0
4,2019,5744,Darwin Thompson,RB,KC,a,DET,0.0,4300.0
4,2019,5662,Mike Boone,RB,MIN,a,CHI,0.0,3000.0
4,2019,5483,Dwayne Washington,RB,NO,h,DAL,0.0,3000.0
4,2019,5735,Reggie Bonnafon,RB,CAR,a,HOU,0.0,3000.0
4,2019,5663,Nick Bellore,RB,SEA,a,ARI,0.0,3000.0
4,2019,5718,Tony Pollard,RB,DAL,a,NO,0.0,4600.0
4,2019,5762,Cullen Gillaspia,RB,HOU,h,CAR,0.0,3000.0
4,2019,5495,D.J. Foster,RB,ARI,h,SEA,0.0,3000.0
4,2019,5737,Chandler Cox,RB,MIA,h,LAC,0.0,3000.0
4,2019,2822,Anthony Sherman,RB,KC,a,DET,0.0,3000.0
4,2019,5746,D'Ernest Johnson,RB,CLE,a,BAL,0.0,3000.0
4,2019,5763,Buddy Howell,RB,HOU,h,CAR,0.0,3000.0
4,2019,5468,Devontae Booker,RB,DEN,h,JAX,0.0,3100.0
4,2019,5738,Travis Homer,RB,SEA,a,ARI,0.0,3000.0
4,2019,5492,Keith Smith,RB,ATL,h,TEN,0.0,3000.0
4,2019,5644,Alex Armah,RB,CAR,a,HOU,0.0,3000.0
4,2019,5470,Tyler Ervin,RB,JAX,a,DEN,0.0,3000.0
4,2019,2820,Taiwan Jones,RB,HOU,h,CAR,0.0,3000.0
4,2019,2805,Patrick DiMarco,RB,BUF,h,NE,0.0,3000.0
4,2019,5538,Samaje Perine,RB,CIN,a,PIT,0.0,3500.0
4,2019,5743,Patrick Ricard,RB,BAL,h,CLE,0.0,3000.0
4,2019,5482,Andy Janovich,RB,DEN,h,JAX,0.0,3000.0
4,2019,5723,Jordan Scarlett,RB,CAR,a,HOU,0.0,3100.0
4,2019,5716,Darrell Henderson,RB,LA,h,TB,0.0,3500.0
4,2019,5583,Corey Clement,RB,PHI,a,GB,0.0,3000.0
4,2019,2959,David Fluellen,RB,TEN,a,ATL,0.0,3000.0
4,2019,5626,T.J. Logan,RB,TB,a,LA,0.0,3000.0
4,2019,2913,Jamize Olawale,RB,DAL,a,NO,0.0,3000.0
4,2019,5608,Brian Hill,RB,ATL,h,TEN,0.0,3000.0
4,2019,5579,Chris Godwin,WR,TB,a,LA,44.2,6000.0
4,2019,5217,Robert Woods,WR,LA,h,TB,32.4,6100.0
4,2019,5263,Davante Adams,WR,GB,h,PHI,31.0,7500.0
4,2019,5552,Cooper Kupp,WR,LA,h,TB,29.9,6500.0
4,2019,5335,Jarvis Landry,WR,CLE,a,BAL,27.7,5100.0
4,2019,5728,A.J. Brown,WR,TEN,a,ATL,24.4,3700.0
4,2019,5637,Courtland Sutton,WR,DEN,h,JAX,24.2,4600.0
4,2019,5554,Kenny Golladay,WR,DET,h,KC,23.7,5900.0
4,2019,5550,Corey Davis,WR,TEN,a,ATL,20.1,4200.0
4,2019,5424,Stefon Diggs,WR,MIN,a,CHI,19.8,5500.0
4,2019,5253,Mike Evans,WR,TB,a,LA,18.9,7100.0
4,2019,5754,Diontae Johnson,WR,PIT,h,CIN,18.7,4400.0
4,2019,5459,Michael Thomas,WR,NO,h,DAL,18.5,7000.0
4,2019,3983,Emmanuel Sanders,WR,DEN,h,JAX,18.4,4900.0
4,2019,5159,Mohamed Sanu,WR,ATL,h,TEN,18.1,4100.0
4,2019,5380,DeVante Parker,WR,MIA,h,LAC,17.0,4100.0
4,2019,5456,Sterling Shepard,WR,NYG,h,WAS,16.9,5800.0
4,2019,5511,Geronimo Allison,WR,GB,h,PHI,14.9,4500.0
4,2019,5258,Allen Robinson,WR,CHI,h,MIN,14.7,5600.0
4,2019,5163,Cole Beasley,WR,BUF,h,NE,14.5,4700.0
4,2019,5287,Willie Snead,WR,BAL,h,CLE,14.1,4400.0
4,2019,5500,Chester Rogers,WR,IND,h,LV,13.8,3100.0
4,2019,5498,Trevor Davis,WR,LV,a,IND,13.4,3000.0
4,2019,5255,Brandin Cooks,WR,LA,h,TB,13.1,6200.0
4,2019,5153,Alshon Jeffery,WR,PHI,a,GB,12.8,6100.0
4,2019,5432,Tyrell Williams,WR,LV,a,IND,12.6,5700.0
4,2019,5097,Dontrelle Inman,WR,LAC,a,MIA,12.6,3000.0
4,2019,5748,Miles Boykin,WR,BAL,h,CLE,12.2,3000.0
4,2019,5264,John Brown,WR,BUF,h,NE,11.9,5300.0
4,2019,5603,Dede Westbrook,WR,JAX,a,DEN,11.6,5500.0
4,2019,5647,Zach Pascal,WR,IND,h,LV,11.2,4500.0
4,2019,5188,Jarius Wright,WR,CAR,a,HOU,10.9,3000.0
4,2019,5168,Marvin Jones,WR,DET,h,KC,10.7,5400.0
4,2019,5198,Keenan Allen,WR,LAC,a,MIA,9.8,7600.0
4,2019,5376,Amari Cooper,WR,DAL,a,NO,9.8,7300.0
4,2019,3501,Larry Fitzgerald,WR,ARI,h,SEA,9.7,5600.0
4,2019,5671,Javon Wims,WR,CHI,h,MIN,9.6,3400.0
4,2019,5089,Julio Jones,WR,ATL,h,TEN,9.3,7800.0
4,2019,5386,Tyler Lockett,WR,SEA,a,ARI,9.1,6300.0
4,2019,5696,Auden Tate,WR,CIN,a,PIT,9.0,3200.0
4,2019,5640,DaeSean Hamilton,WR,DEN,h,JAX,8.7,3600.0
4,2019,5755,Preston Williams,WR,MIA,h,LAC,8.6,3900.0
4,2019,5659,D.J. Chark,WR,JAX,a,DEN,8.4,5100.0
4,2019,5636,Christian Kirk,WR,ARI,h,SEA,8.3,5100.0
4,2019,5206,DeAndre Hopkins,WR,HOU,h,CAR,8.1,7700.0
4,2019,5229,Jaron Brown,WR,SEA,a,ARI,8.0,3400.0
4,2019,5656,Marquez Valdes-Scantling,WR,GB,h,PHI,7.7,4800.0
4,2019,5408,Seth Roberts,WR,BAL,h,CLE,7.6,3000.0
4,2019,5165,Josh Gordon,WR,NE,a,BUF,7.6,5900.0
4,2019,5515,Demarcus Robinson,WR,KC,a,DET,7.5,5200.0
4,2019,5747,Olabisi Johnson,WR,MIN,a,CHI,7.5,3000.0
4,2019,5252,Sammy Watkins,WR,KC,a,DET,7.4,6700.0
4,2019,5633,D.J. Moore,WR,CAR,a,HOU,7.4,5600.0
4,2019,5125,Randall Cobb,WR,DAL,a,NO,7.1,4400.0
4,2019,3826,Julian Edelman,WR,NE,a,BUF,7.0,6500.0
4,2019,5595,Marvin Hall,WR,DET,h,KC,6.7,3100.0
4,2019,5558,John Ross,WR,CIN,a,PIT,6.6,4900.0
4,2019,5729,Parris Campbell,WR,IND,h,LV,6.5,4900.0
4,2019,5455,Tyler Boyd,WR,CIN,a,PIT,6.3,6200.0
4,2019,5556,Curtis Samuel,WR,CAR,a,HOU,6.3,4600.0
4,2019,5631,Calvin Ridley,WR,ATL,h,TEN,6.2,5000.0
4,2019,5730,Marquise Brown,WR,BAL,h,CLE,6.2,5800.0
4,2019,5454,Will Fuller,WR,HOU,h,CAR,5.3,4500.0
4,2019,3670,Ted Ginn Jr.,WR,NO,h,DAL,4.9,3800.0
4,2019,5399,Geremy Davis,WR,LAC,a,MIA,4.5,3000.0
4,2019,5553,JuJu Smith-Schuster,WR,PIT,h,CIN,4.5,6600.0
4,2019,5260,Paul Richardson,WR,WAS,a,NYG,4.4,3700.0
4,2019,5212,Kenny Stills,WR,HOU,h,CAR,4.4,4200.0
4,2019,5773,Andre Patton,WR,LAC,a,MIA,4.2,0.0
4,2019,5323,Odell Beckham Jr.,WR,CLE,a,BAL,4.0,7300.0
4,2019,5384,Phillip Dorsett,WR,NE,a,BUF,3.9,4700.0
4,2019,5731,KeeSean Johnson,WR,ARI,h,SEA,3.9,3200.0
4,2019,5761,Hunter Renfrow,WR,LV,a,IND,3.8,3800.0
4,2019,5412,Adam Humphries,WR,TEN,a,ATL,3.5,4000.0
4,2019,5751,Kelvin Harmon,WR,WAS,a,NYG,3.4,3000.0
4,2019,5767,Darius Slayton,WR,NYG,h,WAS,3.3,3200.0
4,2019,5582,Josh Reynolds,WR,LA,h,TB,3.2,3100.0
4,2019,5632,Anthony Miller,WR,CHI,h,MIN,3.1,3700.0
4,2019,5670,Keke Coutee,WR,HOU,h,CAR,3.1,3100.0
4,2019,5652,Trey Quinn,WR,WAS,a,NYG,3.0,3000.0
4,2019,5706,Isaiah Ford,WR,MIA,h,LAC,2.9,0.0
4,2019,5570,Keelan Cole,WR,JAX,a,DEN,2.9,3500.0
4,2019,5385,Chris Conley,WR,JAX,a,DEN,2.7,4000.0
4,2019,5333,Adam Thielen,WR,MIN,a,CHI,2.6,6600.0
4,2019,5699,Trent Sherfield,WR,ARI,h,SEA,2.5,3000.0
4,2019,5557,Zay Jones,WR,BUF,h,NE,2.4,3100.0
4,2019,5606,Bobo Wilson,WR,TB,a,LA,2.4,3000.0
4,2019,5770,Keelan Doss,WR,LV,a,IND,2.4,3000.0
4,2019,5578,Mack Hollins,WR,PHI,a,GB,2.3,3500.0
4,2019,5759,Byron Pringle,WR,KC,a,DET,2.3,3000.0
4,2019,5690,Justin Watson,WR,TB,a,LA,2.3,3000.0
4,2019,5769,Robert Davis,WR,WAS,a,NYG,2.1,3000.0
4,2019,5678,Damion Ratley,WR,CLE,a,BAL,2.0,3500.0
4,2019,5655,David Moore,WR,SEA,a,ARI,1.9,3400.0
4,2019,5727,Mecole Hardman,WR,KC,a,DET,1.9,5100.0
4,2019,5756,Damion Willis,WR,CIN,a,PIT,1.8,3000.0
4,2019,5765,Diontae Spencer,WR,DEN,h,JAX,1.8,3000.0
4,2019,5199,Tavon Austin,WR,DAL,a,NO,1.8,3000.0
4,2019,5208,Cordarrelle Patterson,WR,CHI,h,MIN,1.7,3600.0
4,2019,5167,Chris Hogan,WR,CAR,a,HOU,1.6,3000.0
4,2019,5725,D.K. Metcalf,WR,SEA,a,ARI,1.6,4800.0
4,2019,5433,Darius Jennings,WR,TEN,a,ATL,1.6,3000.0
4,2019,3978,Andre Roberts,WR,BUF,h,NE,1.6,3000.0
4,2019,5256,Marqise Lee,WR,JAX,a,DEN,1.5,4300.0
4,2019,5486,Jakeem Grant,WR,MIA,h,LAC,1.4,3500.0
4,2019,5353,Bennie Fowler,WR,NYG,h,WAS,1.3,3500.0
4,2019,5760,Deonte Harris,WR,NO,h,DAL,1.0,3100.0
4,2019,5734,Andy Isabella,WR,ARI,h,SEA,0.5,3100.0
4,2019,5461,Tajae Sharpe,WR,TEN,a,ATL,0.0,3200.0
4,2019,5648,Austin Carr,WR,NO,h,DAL,0.0,3000.0
4,2019,5479,Chris Moore,WR,BAL,h,CLE,0.0,3400.0
4,2019,5752,Gunner Olszewski,WR,NE,a,BUF,0.0,3000.0
4,2019,5480,Alex Erickson,WR,CIN,a,PIT,0.0,3200.0
4,2019,5702,Malik Turner,WR,SEA,a,ARI,0.0,3700.0
4,2019,5344,Donte Moncrief,WR,PIT,h,CIN,0.0,3600.0
4,2019,5680,Russell Gage,WR,ATL,h,TEN,0.0,3000.0
4,2019,5766,Cedrick Wilson,WR,DAL,a,NO,0.0,3000.0
4,2019,5378,Nelson Agholor,WR,PHI,a,GB,0.0,5500.0
4,2019,2958,De'Anthony Thomas,WR,KC,a,DET,0.0,3000.0
4,2019,5503,Mike Thomas,WR,LA,h,TB,0.0,3000.0
4,2019,5602,JoJo Natson,WR,LA,h,TB,0.0,3000.0
4,2019,5772,Scott Miller,WR,TB,a,LA,0.0,3000.0
4,2019,5711,Allen Lazard,WR,GB,h,PHI,0.0,3000.0
4,2019,5421,Devin Smith,WR,DAL,a,NO,0.0,3700.0
4,2019,5268,Cody Latimer,WR,NYG,h,WAS,0.0,3600.0
4,2019,5753,Steven Sims Jr.,WR,WAS,a,NYG,0.0,3000.0
4,2019,5750,Deon Cain,WR,IND,h,LV,0.0,3200.0
4,2019,5555,Taywan Taylor,WR,CLE,a,BAL,0.0,3000.0
4,2019,5635,James Washington,WR,PIT,h,CIN,0.0,4300.0
4,2019,5675,KhaDarel Hodge,WR,CLE,a,BAL,0.0,3000.0
4,2019,5453,Laquon Treadwell,WR,MIN,a,CHI,0.0,3000.0
4,2019,3760,Matthew Slater,WR,NE,a,BUF,0.0,3000.0
4,2019,5654,DeAndre Carter,WR,HOU,h,CAR,0.0,3100.0
4,2019,5732,JJ Arcega-Whiteside,WR,PHI,a,GB,0.0,4000.0
4,2019,5379,Breshad Perriman,WR,TB,a,LA,0.0,3200.0
4,2019,5491,Johnny Holton,WR,PIT,h,CIN,0.0,3000.0
4,2019,5518,Cody Core,WR,NYG,h,WAS,0.0,3000.0
4,2019,5458,T.J. Jones,WR,NYG,h,WAS,0.0,3000.0
4,2019,5574,Isaiah McKenzie,WR,BUF,h,NE,0.0,3100.0
4,2019,5749,Jakobi Meyers,WR,NE,a,BUF,0.0,3500.0
4,2019,5665,Ray-Ray McCloud,WR,CAR,a,HOU,0.0,3000.0
4,2019,5774,Darrius Shepherd,WR,GB,h,PHI,0.0,3000.0
4,2019,5771,Lil'Jordan Humphrey,WR,NO,h,DAL,0.0,3100.0
4,2019,5387,Justin Hardy,WR,ATL,h,TEN,0.0,3000.0
4,2019,5569,Ryan Switzer,WR,PIT,h,CIN,0.0,3100.0
4,2019,4677,Austin Hooper,TE,ATL,h,TEN,25.0,4300.0
4,2019,4727,Will Dissly,TE,SEA,a,ARI,18.7,3600.0
4,2019,4492,Jimmy Graham,TE,GB,h,PHI,18.1,3700.0
4,2019,4712,Ricky Seals-Jones,TE,CLE,a,BAL,17.2,2800.0
4,2019,4582,Travis Kelce,TE,KC,a,DET,15.5,7200.0
4,2019,4705,Gerald Everett,TE,LA,h,TB,15.4,3200.0
4,2019,4569,Zach Ertz,TE,PHI,a,GB,13.5,6200.0
4,2019,4721,Mark Andrews,TE,BAL,h,CLE,13.1,5000.0
4,2019,4648,Cameron Brate,TE,TB,a,LA,12.6,2800.0
4,2019,5419,Darren Waller,TE,LV,a,IND,12.3,5200.0
4,2019,4594,Jack Doyle,TE,IND,h,LV,12.2,3700.0
4,2019,4760,Foster Moreau,TE,LV,a,IND,12.0,2500.0
4,2019,4601,Eric Ebron,TE,IND,h,LV,11.8,4000.0
4,2019,4749,T.J. Hockenson,TE,DET,h,KC,11.7,3300.0
4,2019,4748,Noah Fant,TE,DEN,h,JAX,11.1,2600.0
4,2019,4725,Dallas Goedert,TE,PHI,a,GB,9.6,2800.0
4,2019,4701,Evan Engram,TE,NYG,h,WAS,9.4,5700.0
4,2019,4664,James O'Shaughnessy,TE,JAX,a,DEN,8.8,3000.0
4,2019,4750,Dawson Knox,TE,BUF,h,NE,8.8,2900.0
4,2019,4680,Tyler Higbee,TE,LA,h,TB,8.1,3200.0
4,2019,4262,Jason Witten,TE,DAL,a,NO,8.0,3900.0
4,2019,4733,Blake Jarwin,TE,DAL,a,NO,7.9,2800.0
4,2019,4700,O.J. Howard,TE,TB,a,LA,6.3,3900.0
4,2019,4764,Deon Yelder,TE,KC,a,DET,6.3,2500.0
4,2019,4720,Hayden Hurst,TE,BAL,h,CLE,5.9,3300.0
4,2019,4586,Josh Hill,TE,NO,h,DAL,5.9,2600.0
4,2019,4538,Lance Kendricks,TE,LAC,a,MIA,5.7,2600.0
4,2019,1463,Logan Thomas,TE,DET,h,KC,5.5,2500.0
4,2019,4554,Rhett Ellison,TE,NYG,h,WAS,5.4,2600.0
4,2019,4729,Jordan Akins,TE,HOU,h,CAR,5.1,3100.0
4,2019,4437,Jared Cook,TE,NO,h,DAL,5.1,3600.0
4,2019,4688,Nick Vannett,TE,PIT,h,CIN,4.8,2700.0
4,2019,4568,Tyler Eifert,TE,CIN,a,PIT,4.7,3200.0
4,2019,4668,Geoff Swaim,TE,JAX,a,DEN,4.7,2900.0
4,2019,4578,Luke Willson,TE,SEA,a,ARI,4.6,0.0
4,2019,4324,Marcedes Lewis,TE,GB,h,PHI,3.9,2500.0
4,2019,4618,Trey Burton,TE,CHI,h,MIN,3.6,3800.0
4,2019,4709,Adam Shaheen,TE,CHI,h,MIN,3.3,3100.0
4,2019,4650,Maxx Williams,TE,ARI,h,SEA,3.1,2500.0
4,2019,4714,Jeremy Sprinkle,TE,WAS,a,NYG,3.0,2500.0
4,2019,4753,Pharaoh Brown,TE,CLE,a,BAL,2.8,2500.0
4,2019,4368,Greg Olsen,TE,CAR,a,HOU,2.5,4200.0
4,2019,4537,Kyle Rudolph,TE,MIN,a,CHI,2.2,3500.0
4,2019,4609,Darren Fells,TE,HOU,h,CAR,2.2,2800.0
4,2019,4746,Sean Culkin,TE,LAC,a,MIA,2.2,2500.0
4,2019,4744,Robert Tonyan,TE,GB,h,PHI,2.1,2500.0
4,2019,4661,Nick O'Leary,TE,JAX,a,DEN,1.9,2500.0
4,2019,4660,Nick Boyle,TE,BAL,h,CLE,1.9,2900.0
4,2019,4763,J.P. Holtz,TE,CHI,h,MIN,1.7,2500.0
4,2019,4706,Jonnu Smith,TE,TEN,a,ATL,1.5,2800.0
4,2019,4323,Vernon Davis,TE,WAS,a,NYG,1.5,3400.0
4,2019,4757,Irv Smith Jr.,TE,MIN,a,CHI,1.5,2900.0
4,2019,4360,Delanie Walker,TE,TEN,a,ATL,1.4,4800.0
4,2019,4543,Charles Clay,TE,ARI,h,SEA,1.3,2600.0
4,2019,4391,Clark Harris,TE,CIN,a,PIT,0.0,2500.0
4,2019,4697,Chris Manhertz,TE,CAR,a,HOU,0.0,2500.0
4,2019,4653,Jesse James,TE,DET,h,KC,0.0,2600.0
4,2019,4751,Ryan Izzo,TE,NE,a,BUF,0.0,2500.0
4,2019,4761,Andrew Beck,TE,DEN,h,JAX,0.0,2500.0
4,2019,4716,Antony Auclair,TE,TB,a,LA,0.0,2500.0
4,2019,4759,James Winchester,TE,KC,a,DET,0.0,2500.0
4,2019,4752,Tommy Sweeney,TE,BUF,h,NE,0.0,2500.0
4,2019,4711,Cethan Carter,TE,CIN,a,PIT,0.0,2500.0
4,2019,4742,Dalton Schultz,TE,DAL,a,NO,0.0,2500.0
4,2019,4730,Ian Thomas,TE,CAR,a,HOU,0.0,2600.0
4,2019,4599,Derek Carrier,TE,LV,a,IND,0.0,2500.0
4,2019,4642,Demetrius Harris,TE,CLE,a,BAL,0.0,2500.0
4,2019,4719,Mike Gesicki,TE,MIA,h,LAC,0.0,2600.0
4,2019,4656,C.J. Uzomah,TE,CIN,a,PIT,0.0,2600.0
4,2019,4756,Drew Sample,TE,CIN,a,PIT,0.0,2500.0
4,2019,4676,Jeff Heuerman,TE,DEN,h,JAX,0.0,2600.0
4,2019,4535,Lee Smith,TE,BUF,h,NE,0.0,2500.0
4,2019,4674,Matt LaCosse,TE,NE,a,BUF,0.0,2700.0
4,2019,4690,Seth DeValve,TE,JAX,a,DEN,0.0,2500.0
4,2019,4736,Mo Alie-Cox,TE,IND,h,LV,0.0,2500.0
4,2019,4669,MyCole Pruitt,TE,TEN,a,ATL,0.0,2500.0
4,2019,4666,Blake Bell,TE,KC,a,DET,0.0,2500.0
4,2019,4755,Alex Ellis,TE,PHI,a,GB,0.0,2500.0
4,2019,4532,Luke Stocker,TE,ATL,h,TEN,0.0,2500.0
4,2019,4691,Ben Braunecker,TE,CHI,h,MIN,0.0,2900.0
4,2019,4737,Durham Smythe,TE,MIA,h,LAC,0.0,2600.0
4,2019,4732,Tyler Conklin,TE,MIN,a,CHI,0.0,2500.0
4,2019,7018,New England,Def,NE,a,BUF,25.0,3700.0
4,2019,7020,New York G,Def,NYG,h,WAS,24.0,3600.0
4,2019,7024,Pittsburgh,Def,PIT,h,CIN,19.0,3200.0
4,2019,7006,Chicago,Def,CHI,h,MIN,17.0,3400.0
4,2019,7028,Seattle,Def,SEA,a,ARI,16.0,3300.0
4,2019,7029,Tampa Bay,Def,TB,a,LA,15.0,2100.0
4,2019,7005,Carolina,Def,CAR,a,HOU,14.0,2300.0
4,2019,7015,Kansas City,Def,KC,a,DET,13.0,3000.0
4,2019,7019,New Orleans,Def,NO,h,DAL,11.0,2500.0
4,2019,7009,Dallas,Def,DAL,a,NO,11.0,3000.0
4,2019,7030,Tennessee,Def,TEN,a,ATL,11.0,2600.0
4,2019,7026,LA Chargers,Def,LAC,a,MIA,11.0,3800.0
4,2019,7022,Oakland,Def,LV,a,IND,10.0,2700.0
4,2019,7032,Houston,Def,HOU,h,CAR,10.0,3100.0
4,2019,7008,Cleveland,Def,CLE,a,BAL,10.0,2500.0
4,2019,7031,Washington,Def,WAS,a,NYG,9.0,2800.0
4,2019,7025,LA Rams,Def,LA,h,TB,6.0,3500.0
4,2019,7010,Denver,Def,DEN,h,JAX,5.0,2900.0
4,2019,7023,Philadelphia,Def,PHI,a,GB,5.0,2900.0
4,2019,7011,Detroit,Def,DET,h,KC,5.0,2200.0
4,2019,7001,Arizona,Def,ARI,h,SEA,4.0,2400.0
4,2019,7004,Buffalo,Def,BUF,h,NE,3.0,2600.0
4,2019,7013,Indianapolis,Def,IND,h,LV,3.0,3100.0
4,2019,7007,Cincinnati,Def,CIN,a,PIT,2.0,2600.0
4,2019,7014,Jacksonville,Def,JAX,a,DEN,2.0,3700.0
4,2019,7017,Minnesota,Def,MIN,a,CHI,2.0,3400.0
4,2019,7002,Atlanta,Def,ATL,h,TEN,0.0,2900.0
4,2019,7016,Miami,Def,MIA,h,LAC,0.0,2000.0
4,2019,7012,Green Bay,Def,GB,h,PHI,-1.0,3100.0
4,2019,7003,Baltimore,Def,BAL,h,CLE,-1.0,3200.0
5,2019,1518,Deshaun Watson,QB,HOU,h,ATL,44.74,6700.0
5,2019,1301,Matt Ryan,QB,ATL,a,HOU,35.9,5900.0
5,2019,1439,Teddy Bridgewater,QB,NO,h,TB,31.26,5200.0
5,2019,1412,Russell Wilson,QB,SEA,h,LA,29.92,6200.0
5,2019,1501,Dak Prescott,QB,DAL,h,GB,29.22,6000.0
5,2019,1131,Tom Brady,QB,NE,a,WAS,27.92,6500.0
5,2019,1540,Gardner Minshew,QB,JAX,a,CAR,27.16,5300.0
5,2019,1537,Kyler Murray,QB,ARI,a,CIN,25.42,6300.0
5,2019,1415,Kirk Cousins,QB,MIN,a,NYG,23.54,5300.0
5,2019,1490,Jared Goff,QB,LA,a,SEA,21.9,6100.0
5,2019,1523,Patrick Mahomes II,QB,KC,h,IND,21.54,7500.0
5,2019,1403,Andy Dalton,QB,CIN,h,ARI,18.98,5700.0
5,2019,1529,Josh Allen,QB,BUF,a,TEN,18.46,5700.0
5,2019,1465,Jameis Winston,QB,TB,a,NO,17.46,6200.0
5,2019,1334,Chase Daniel,QB,CHI,a,LV,15.44,4800.0
5,2019,1452,Jimmy Garoppolo,QB,SF,h,CLE,14.94,5900.0
5,2019,1527,Lamar Jackson,QB,BAL,a,PIT,14.44,7100.0
5,2019,1514,Carson Wentz,QB,PHI,h,NYJ,12.06,6100.0
5,2019,1496,Jacoby Brissett,QB,IND,a,KC,11.94,5300.0
5,2019,1536,Kyle Allen,QB,CAR,h,JAX,11.64,5100.0
5,2019,1539,Daniel Jones,QB,NYG,h,MIN,11.48,5600.0
5,2019,1302,Joe Flacco,QB,DEN,a,LAC,9.98,4700.0
5,2019,1252,Aaron Rodgers,QB,GB,a,DAL,9.42,6000.0
5,2019,1526,Mason Rudolph,QB,PIT,h,BAL,9.24,5100.0
5,2019,1441,Derek Carr,QB,LV,h,CHI,8.96,5000.0
5,2019,1466,Marcus Mariota,QB,TEN,h,BUF,8.62,4900.0
5,2019,1231,Philip Rivers,QB,LAC,h,DEN,6.14,5800.0
5,2019,1361,Colt McCoy,QB,WAS,h,NE,5.16,4100.0
5,2019,1543,Devlin Hodges,QB,PIT,h,BAL,4.72,4100.0
5,2019,1530,Taysom Hill,QB,NO,h,TB,2.12,4300.0
5,2019,1541,Luke Falk,QB,NYJ,a,PHI,1.8,4900.0
5,2019,1528,Baker Mayfield,QB,CLE,a,SF,1.0,5800.0
5,2019,1446,Garrett Gilbert,QB,CLE,a,SF,0.0,4100.0
5,2019,1542,Jarrett Stidham,QB,NE,a,WAS,0.0,4400.0
5,2019,1400,Tyrod Taylor,QB,LAC,h,DEN,0.0,4100.0
5,2019,1175,Josh McCown,QB,PHI,h,NYJ,-0.2,4800.0
5,2019,5543,Aaron Jones,RB,GB,a,DAL,52.2,5900.0
5,2019,5536,Christian McCaffrey,RB,CAR,h,JAX,50.7,8700.0
5,2019,5712,Josh Jacobs,RB,LV,h,CHI,32.3,4500.0
5,2019,5567,Matt Breida,RB,SF,h,CLE,30.9,5100.0
5,2019,5559,Dalvin Cook,RB,MIN,a,NYG,29.8,8400.0
5,2019,5630,Phillip Lindsay,RB,DEN,a,LAC,27.7,4900.0
5,2019,5534,Leonard Fournette,RB,JAX,a,CAR,26.7,6400.0
5,2019,5575,Austin Ekeler,RB,LAC,h,DEN,23.3,6700.0
5,2019,5565,Chris Carson,RB,SEA,h,LA,22.3,6000.0
5,2019,5615,Sony Michel,RB,NE,a,WAS,21.3,5500.0
5,2019,5548,Marlon Mack,RB,IND,a,KC,20.8,5600.0
5,2019,2992,Todd Gurley,RB,LA,a,SEA,19.7,6800.0
5,2019,5395,David Johnson,RB,ARI,a,CIN,18.6,7500.0
5,2019,2930,Devonta Freeman,RB,ATL,a,HOU,18.0,5300.0
5,2019,5619,Chase Edmonds,RB,ARI,a,CIN,17.6,3700.0
5,2019,5444,Ezekiel Elliott,RB,DAL,h,GB,17.1,8300.0
5,2019,5562,Alvin Kamara,RB,NO,h,TB,16.92,8600.0
5,2019,2888,Le'Veon Bell,RB,NYJ,a,PHI,15.8,6800.0
5,2019,2994,Tevin Coleman,RB,SF,h,CLE,15.7,4400.0
5,2019,5735,Reggie Bonnafon,RB,CAR,h,JAX,14.0,3000.0
5,2019,5445,Derrick Henry,RB,TEN,h,BUF,13.8,6000.0
5,2019,2954,James White,RB,NE,a,WAS,13.2,5000.0
5,2019,2793,Mark Ingram,RB,BAL,a,PIT,12.9,6300.0
5,2019,5449,DeAndre Washington,RB,LV,h,CHI,12.6,3000.0
5,2019,5658,Ito Smith,RB,ATL,a,HOU,12.4,3900.0
5,2019,5447,Jordan Howard,RB,PHI,h,NYJ,12.2,5100.0
5,2019,2933,Carlos Hyde,RB,HOU,h,ATL,12.0,4300.0
5,2019,5535,Joe Mixon,RB,CIN,h,ARI,11.9,6100.0
5,2019,5537,James Conner,RB,PIT,h,BAL,11.5,6200.0
5,2019,2874,Brandon Bolden,RB,NE,a,WAS,11.2,3000.0
5,2019,5564,Tarik Cohen,RB,CHI,a,LV,10.9,4800.0
5,2019,5622,Nick Chubb,RB,CLE,a,SF,10.9,7200.0
5,2019,5713,David Montgomery,RB,CHI,a,LV,10.6,5200.0
5,2019,5714,Miles Sanders,RB,PHI,h,NYJ,10.4,4500.0
5,2019,5507,Peyton Barber,RB,TB,a,NO,10.1,4300.0
5,2019,2467,Frank Gore,RB,BUF,a,TEN,8.9,4700.0
5,2019,2915,Chris Thompson,RB,WAS,h,NE,8.8,4600.0
5,2019,5620,Royce Freeman,RB,DEN,a,LAC,8.7,4600.0
5,2019,5623,Nyheim Hines,RB,IND,a,KC,8.5,4800.0
5,2019,2991,Melvin Gordon,RB,LAC,h,DEN,7.8,7000.0
5,2019,2997,Duke Johnson,RB,HOU,h,ATL,7.7,4200.0
5,2019,5617,Ronald Jones,RB,TB,a,NO,7.6,4600.0
5,2019,5776,Tra Carson,RB,GB,a,DAL,7.2,0.0
5,2019,5618,Rashaad Penny,RB,SEA,h,LA,6.9,4300.0
5,2019,2957,Damien Williams,RB,KC,h,IND,6.8,5700.0
5,2019,2993,T.J. Yeldon,RB,BUF,a,TEN,6.8,3800.0
5,2019,2889,Giovani Bernard,RB,CIN,h,ARI,5.6,4000.0
5,2019,2899,Latavius Murray,RB,NO,h,TB,5.4,3700.0
5,2019,5720,Alexander Mattison,RB,MIN,a,NYG,5.2,4000.0
5,2019,5490,Jalen Richard,RB,LV,h,CHI,5.2,3700.0
5,2019,2816,Dion Lewis,RB,TEN,h,BUF,5.0,3600.0
5,2019,5697,Dare Ogunbowale,RB,TB,a,NO,4.3,3500.0
5,2019,2908,Kyle Juszczyk,RB,SF,h,CLE,4.0,3000.0
5,2019,5688,Jaylen Samuels,RB,PIT,h,BAL,3.46,4100.0
5,2019,5414,Raheem Mostert,RB,SF,h,CLE,3.4,4700.0
5,2019,5768,Jon Hilliman,RB,NYG,h,MIN,3.4,3100.0
5,2019,5588,Elijhaa Penny,RB,NYG,h,MIN,3.4,4000.0
5,2019,5681,Gus Edwards,RB,BAL,a,PIT,3.3,3800.0
5,2019,2707,LeSean McCoy,RB,KC,h,IND,3.3,5800.0
5,2019,5625,Jordan Wilkins,RB,IND,a,KC,2.8,4400.0
5,2019,5473,Wendell Smallwood,RB,WAS,h,NE,2.7,3100.0
5,2019,2995,Ameer Abdullah,RB,MIN,a,NYG,2.4,3000.0
5,2019,5718,Tony Pollard,RB,DAL,h,GB,1.9,4400.0
5,2019,5517,Dan Vitale,RB,GB,a,DAL,1.9,3000.0
5,2019,5504,Derek Watt,RB,LAC,h,DEN,1.8,3000.0
5,2019,2553,Adrian Peterson,RB,WAS,h,NE,1.8,3900.0
5,2019,5746,D'Ernest Johnson,RB,CLE,a,SF,1.6,3000.0
5,2019,5745,Ryquell Armstead,RB,JAX,a,CAR,1.6,3400.0
5,2019,5778,Jakob Johnson,RB,NE,a,WAS,1.5,3200.0
5,2019,5644,Alex Armah,RB,CAR,h,JAX,1.4,3000.0
5,2019,5547,Wayne Gallman,RB,NYG,h,MIN,1.4,5400.0
5,2019,5581,C.J. Ham,RB,MIN,a,NYG,0.9,3000.0
5,2019,5719,Justice Hill,RB,BAL,a,PIT,0.7,3700.0
5,2019,2819,Bilal Powell,RB,NYJ,a,PHI,0.4,3000.0
5,2019,2484,Darren Sproles,RB,PHI,h,NYJ,0.4,3500.0
5,2019,5441,Malcolm Brown,RB,LA,a,SEA,0.3,4500.0
5,2019,5764,Alec Ingold,RB,LV,h,CHI,0.3,3000.0
5,2019,2822,Anthony Sherman,RB,KC,h,IND,0.2,3000.0
5,2019,5392,Ty Montgomery,RB,NYJ,a,PHI,0.1,4500.0
5,2019,5662,Mike Boone,RB,MIN,a,NYG,0.0,3000.0
5,2019,5483,Dwayne Washington,RB,NO,h,TB,0.0,3000.0
5,2019,5510,Troymaine Pope,RB,LAC,h,DEN,0.0,3300.0
5,2019,5663,Nick Bellore,RB,SEA,h,LA,0.0,3000.0
5,2019,2912,Zach Line,RB,NO,h,TB,0.0,3000.0
5,2019,5320,Mike Davis,RB,CHI,a,LV,0.0,3400.0
5,2019,5762,Cullen Gillaspia,RB,HOU,h,ATL,0.0,3000.0
5,2019,5495,D.J. Foster,RB,ARI,a,CIN,0.0,3000.0
5,2019,5708,Darrel Williams,RB,KC,h,IND,0.0,5200.0
5,2019,5763,Buddy Howell,RB,HOU,h,ATL,0.0,3000.0
5,2019,5468,Devontae Booker,RB,DEN,a,LAC,0.0,3200.0
5,2019,5738,Travis Homer,RB,SEA,h,LA,0.0,3000.0
5,2019,5492,Keith Smith,RB,ATL,a,HOU,0.0,3000.0
5,2019,5683,Dontrell Hilliard,RB,CLE,a,SF,0.0,4100.0
5,2019,2820,Taiwan Jones,RB,HOU,h,ATL,0.0,3000.0
5,2019,2805,Patrick DiMarco,RB,BUF,a,TEN,0.0,3000.0
5,2019,5538,Samaje Perine,RB,CIN,h,ARI,0.0,3300.0
5,2019,5451,Jonathan Williams,RB,IND,a,KC,0.0,3600.0
5,2019,5743,Patrick Ricard,RB,BAL,a,PIT,0.0,3000.0
5,2019,5740,Benny Snell,RB,PIT,h,BAL,0.0,3300.0
5,2019,5482,Andy Janovich,RB,DEN,a,LAC,0.0,3000.0
5,2019,5723,Jordan Scarlett,RB,CAR,h,JAX,0.0,3100.0
5,2019,5716,Darrell Henderson,RB,LA,a,SEA,0.0,3400.0
5,2019,5626,T.J. Logan,RB,TB,a,NO,0.0,3000.0
5,2019,2913,Jamize Olawale,RB,DAL,h,GB,0.0,3000.0
5,2019,5657,Trenton Cannon,RB,NYJ,a,PHI,0.0,3000.0
5,2019,5608,Brian Hill,RB,ATL,a,HOU,0.0,3000.0
5,2019,5583,Corey Clement,RB,PHI,h,NYJ,-1.0,3000.0
5,2019,5454,Will Fuller,WR,HOU,h,ATL,56.7,4500.0
5,2019,5459,Michael Thomas,WR,NO,h,TB,44.2,6600.0
5,2019,5376,Amari Cooper,WR,DAL,h,GB,42.6,6800.0
5,2019,5659,D.J. Chark,WR,JAX,a,CAR,39.4,5000.0
5,2019,5333,Adam Thielen,WR,MIN,a,NYG,35.0,6700.0
5,2019,5579,Chris Godwin,WR,TB,a,NO,34.5,6900.0
5,2019,5455,Tyler Boyd,WR,CIN,h,ARI,31.3,6500.0
5,2019,5552,Cooper Kupp,WR,LA,a,SEA,29.7,6500.0
5,2019,5258,Allen Robinson,WR,CHI,a,LV,28.7,5600.0
5,2019,3826,Julian Edelman,WR,NE,a,WAS,28.0,6300.0
5,2019,5634,Michael Gallup,WR,DAL,h,GB,27.3,5000.0
5,2019,5759,Byron Pringle,WR,KC,h,IND,25.3,3000.0
5,2019,5631,Calvin Ridley,WR,ATL,a,HOU,19.8,4900.0
5,2019,5553,JuJu Smith-Schuster,WR,PIT,h,BAL,19.5,6400.0
5,2019,5637,Courtland Sutton,WR,DEN,a,LAC,19.2,4900.0
5,2019,5767,Darius Slayton,WR,NYG,h,MIN,16.2,3100.0
5,2019,5206,DeAndre Hopkins,WR,HOU,h,ATL,15.8,7800.0
5,2019,5159,Mohamed Sanu,WR,ATL,a,HOU,15.3,4200.0
5,2019,5603,Dede Westbrook,WR,JAX,a,CAR,15.2,5300.0
5,2019,5633,D.J. Moore,WR,CAR,h,JAX,15.1,5200.0
5,2019,5753,Steven Sims Jr.,WR,WAS,h,NE,14.6,3000.0
5,2019,5386,Tyler Lockett,WR,SEA,h,LA,14.3,6400.0
5,2019,5594,Mike Williams,WR,LAC,h,DEN,13.4,4500.0
5,2019,5777,Duke Williams,WR,BUF,a,TEN,12.9,0.0
5,2019,5264,John Brown,WR,BUF,a,TEN,12.5,5100.0
5,2019,5725,D.K. Metcalf,WR,SEA,h,LA,12.4,4500.0
5,2019,3501,Larry Fitzgerald,WR,ARI,a,CIN,11.8,6000.0
5,2019,3670,Ted Ginn Jr.,WR,NO,h,TB,11.6,3700.0
5,2019,5696,Auden Tate,WR,CIN,h,ARI,11.6,3500.0
5,2019,5335,Jarvis Landry,WR,CLE,a,SF,11.5,5500.0
5,2019,5727,Mecole Hardman,WR,KC,h,IND,11.3,5000.0
5,2019,5153,Alshon Jeffery,WR,PHI,h,NYJ,11.2,5900.0
5,2019,5730,Marquise Brown,WR,BAL,a,PIT,11.2,5700.0
5,2019,5165,Josh Gordon,WR,NE,a,WAS,10.9,6100.0
5,2019,5670,Keke Coutee,WR,HOU,h,ATL,10.2,3400.0
5,2019,5217,Robert Woods,WR,LA,a,SEA,9.8,5400.0
5,2019,5456,Sterling Shepard,WR,NYG,h,MIN,9.7,5800.0
5,2019,5632,Anthony Miller,WR,CHI,a,LV,9.2,3900.0
5,2019,5287,Willie Snead,WR,BAL,a,PIT,9.1,4500.0
5,2019,3997,Demaryius Thomas,WR,NYJ,a,PHI,8.7,3600.0
5,2019,5205,Marquise Goodwin,WR,SF,h,CLE,8.6,4600.0
5,2019,5747,Olabisi Johnson,WR,MIN,a,NYG,8.3,3000.0
5,2019,5125,Randall Cobb,WR,DAL,h,GB,8.3,4200.0
5,2019,5635,James Washington,WR,PIT,h,BAL,8.2,4400.0
5,2019,5757,Terry McLaurin,WR,WAS,h,NE,8.1,5100.0
5,2019,5655,David Moore,WR,SEA,h,LA,8.0,3300.0
5,2019,5653,Vyncint Smith,WR,NYJ,a,PHI,7.9,3100.0
5,2019,5756,Damion Willis,WR,CIN,h,ARI,7.8,3000.0
5,2019,5151,T.Y. Hilton,WR,IND,a,KC,7.7,6200.0
5,2019,5754,Diontae Johnson,WR,PIT,h,BAL,7.7,4400.0
5,2019,5424,Stefon Diggs,WR,MIN,a,NYG,7.4,6200.0
5,2019,5556,Curtis Samuel,WR,CAR,h,JAX,7.4,4500.0
5,2019,5089,Julio Jones,WR,ATL,a,HOU,7.2,7700.0
5,2019,5574,Isaiah McKenzie,WR,BUF,a,TEN,7.2,3200.0
5,2019,5498,Trevor Davis,WR,LV,h,CHI,7.2,3300.0
5,2019,5412,Adam Humphries,WR,TEN,h,BUF,7.0,3800.0
5,2019,5255,Brandin Cooks,WR,LA,a,SEA,6.6,5300.0
5,2019,5515,Demarcus Robinson,WR,KC,h,IND,6.1,5300.0
5,2019,5323,Odell Beckham Jr.,WR,CLE,a,SF,6.0,7000.0
5,2019,5198,Keenan Allen,WR,LAC,h,DEN,5.8,7300.0
5,2019,5731,KeeSean Johnson,WR,ARI,a,CIN,5.5,3500.0
5,2019,5462,Pharoh Cooper,WR,ARI,a,CIN,5.3,0.0
5,2019,5163,Cole Beasley,WR,BUF,a,TEN,5.1,4600.0
5,2019,5511,Geronimo Allison,WR,GB,a,DAL,4.8,5000.0
5,2019,5550,Corey Davis,WR,TEN,h,BUF,4.8,4400.0
5,2019,5728,A.J. Brown,WR,TEN,h,BUF,4.7,4200.0
5,2019,5229,Jaron Brown,WR,SEA,h,LA,4.6,3300.0
5,2019,5598,Kendrick Bourne,WR,SF,h,CLE,4.4,3000.0
5,2019,3995,Golden Tate,WR,NYG,h,MIN,4.3,4600.0
5,2019,5199,Tavon Austin,WR,DAL,h,GB,3.7,3000.0
5,2019,5385,Chris Conley,WR,JAX,a,CAR,3.6,4100.0
5,2019,5652,Trey Quinn,WR,WAS,h,NE,3.5,3500.0
5,2019,5260,Paul Richardson,WR,WAS,h,NE,3.4,4500.0
5,2019,5699,Trent Sherfield,WR,ARI,a,CIN,3.3,3000.0
5,2019,5770,Keelan Doss,WR,LV,h,CHI,3.1,3000.0
5,2019,5378,Nelson Agholor,WR,PHI,h,NYJ,3.0,4700.0
5,2019,5647,Zach Pascal,WR,IND,a,KC,3.0,4800.0
5,2019,5410,Jamison Crowder,WR,NYJ,a,PHI,3.0,4300.0
5,2019,5656,Marquez Valdes-Scantling,WR,GB,a,DAL,2.8,5600.0
5,2019,5502,Robby Anderson,WR,NYJ,a,PHI,2.6,4500.0
5,2019,5173,Travis Benjamin,WR,LAC,h,DEN,2.3,3000.0
5,2019,5461,Tajae Sharpe,WR,TEN,h,BUF,2.2,3100.0
5,2019,5761,Hunter Renfrow,WR,LV,h,CHI,2.2,4000.0
5,2019,5680,Russell Gage,WR,ATL,a,HOU,2.2,3000.0
5,2019,5582,Josh Reynolds,WR,LA,a,SEA,2.2,3100.0
5,2019,5606,Bobo Wilson,WR,TB,a,NO,2.1,3000.0
5,2019,5638,Dante Pettis,WR,SF,h,CLE,2.1,4600.0
5,2019,3983,Emmanuel Sanders,WR,DEN,a,LAC,1.9,5100.0
5,2019,5704,Jake Kumerow,WR,GB,a,DAL,1.9,3800.0
5,2019,5772,Scott Miller,WR,TB,a,NO,1.8,3000.0
5,2019,5480,Alex Erickson,WR,CIN,h,ARI,1.7,3100.0
5,2019,5750,Deon Cain,WR,IND,a,KC,1.7,3400.0
5,2019,5188,Jarius Wright,WR,CAR,h,JAX,1.6,3200.0
5,2019,5779,Stanley Morgan,WR,CIN,h,ARI,1.6,0.0
5,2019,5749,Jakobi Meyers,WR,NE,a,WAS,1.6,3700.0
5,2019,5256,Marqise Lee,WR,JAX,a,CAR,1.5,4200.0
5,2019,5387,Justin Hardy,WR,ATL,a,HOU,1.5,3000.0
5,2019,5751,Kelvin Harmon,WR,WAS,h,NE,1.4,3000.0
5,2019,5726,Deebo Samuel,WR,SF,h,CLE,1.3,4400.0
5,2019,5734,Andy Isabella,WR,ARI,a,CIN,1.1,3200.0
5,2019,5765,Diontae Spencer,WR,DEN,a,LAC,0.9,3000.0
5,2019,3978,Andre Roberts,WR,BUF,a,TEN,0.7,3000.0
5,2019,5208,Cordarrelle Patterson,WR,CHI,a,LV,0.5,3700.0
5,2019,5491,Johnny Holton,WR,PIT,h,BAL,0.4,3000.0
5,2019,5748,Miles Boykin,WR,BAL,a,PIT,0.0,3200.0
5,2019,5578,Mack Hollins,WR,PHI,h,NYJ,0.0,3700.0
5,2019,5252,Sammy Watkins,WR,KC,h,IND,0.0,6700.0
5,2019,5408,Seth Roberts,WR,BAL,a,PIT,0.0,3000.0
5,2019,5640,DaeSean Hamilton,WR,DEN,a,LAC,0.0,3700.0
5,2019,5557,Zay Jones,WR,BUF,a,TEN,0.0,3200.0
5,2019,5384,Phillip Dorsett,WR,NE,a,WAS,0.0,4900.0
5,2019,5677,Brandon Zylstra,WR,CAR,h,JAX,0.0,3000.0
5,2019,5253,Mike Evans,WR,TB,a,NO,0.0,7100.0
5,2019,5648,Austin Carr,WR,NO,h,TB,0.0,3000.0
5,2019,5479,Chris Moore,WR,BAL,a,PIT,0.0,3500.0
5,2019,5752,Gunner Olszewski,WR,NE,a,WAS,0.0,3000.0
5,2019,5702,Malik Turner,WR,SEA,h,LA,0.0,3600.0
5,2019,5641,Braxton Berrios,WR,NYJ,a,PHI,0.0,3000.0
5,2019,5433,Darius Jennings,WR,TEN,h,BUF,0.0,3000.0
5,2019,5399,Geremy Davis,WR,LAC,h,DEN,0.0,3200.0
5,2019,2958,De'Anthony Thomas,WR,KC,h,IND,0.0,3000.0
5,2019,5500,Chester Rogers,WR,IND,a,KC,0.0,4100.0
5,2019,5503,Mike Thomas,WR,LA,a,SEA,0.0,3000.0
5,2019,5602,JoJo Natson,WR,LA,a,SEA,0.0,3000.0
5,2019,5711,Allen Lazard,WR,GB,a,DAL,0.0,3000.0
5,2019,5268,Cody Latimer,WR,NYG,h,MIN,0.0,3400.0
5,2019,5775,Fred Brown,WR,DEN,a,LAC,0.0,3100.0
5,2019,5671,Javon Wims,WR,CHI,a,LV,0.0,3500.0
5,2019,5675,KhaDarel Hodge,WR,CLE,a,SF,0.0,3000.0
5,2019,5690,Justin Watson,WR,TB,a,NO,0.0,3000.0
5,2019,5453,Laquon Treadwell,WR,MIN,a,NYG,0.0,3000.0
5,2019,5639,Tre'Quan Smith,WR,NO,h,TB,0.0,3700.0
5,2019,5773,Andre Patton,WR,LAC,h,DEN,0.0,3100.0
5,2019,3760,Matthew Slater,WR,NE,a,WAS,0.0,3000.0
5,2019,5732,JJ Arcega-Whiteside,WR,PHI,h,NYJ,0.0,3900.0
5,2019,5518,Cody Core,WR,NYG,h,MIN,0.0,3000.0
5,2019,5674,Richie James,WR,SF,h,CLE,0.0,3000.0
5,2019,5678,Damion Ratley,WR,CLE,a,SF,0.0,3800.0
5,2019,5665,Ray-Ray McCloud,WR,CAR,h,JAX,0.0,3000.0
5,2019,5570,Keelan Cole,WR,JAX,a,CAR,0.0,3600.0
5,2019,5774,Darrius Shepherd,WR,GB,a,DAL,0.0,3200.0
5,2019,5191,Josh Bellamy,WR,NYJ,a,PHI,0.0,3300.0
5,2019,5760,Deonte Harris,WR,NO,h,TB,0.0,3100.0
5,2019,5569,Ryan Switzer,WR,PIT,h,BAL,0.0,3200.0
5,2019,5654,DeAndre Carter,WR,HOU,h,ATL,-1.0,3200.0
5,2019,4705,Gerald Everett,TE,LA,a,SEA,23.6,2900.0
5,2019,4703,George Kittle,TE,SF,h,CLE,20.8,5300.0
5,2019,4569,Zach Ertz,TE,PHI,h,NYJ,16.7,6000.0
5,2019,4609,Darren Fells,TE,HOU,h,ATL,16.0,2900.0
5,2019,4437,Jared Cook,TE,NO,h,TB,14.1,3400.0
5,2019,4677,Austin Hooper,TE,ATL,a,HOU,13.6,4500.0
5,2019,4727,Will Dissly,TE,SEA,h,LA,12.8,4800.0
5,2019,4751,Ryan Izzo,TE,NE,a,WAS,11.9,2500.0
5,2019,4582,Travis Kelce,TE,KC,h,IND,11.0,7300.0
5,2019,4701,Evan Engram,TE,NYG,h,MIN,10.7,5800.0
5,2019,4721,Mark Andrews,TE,BAL,a,PIT,9.5,4800.0
5,2019,4664,James O'Shaughnessy,TE,JAX,a,CAR,8.7,3300.0
5,2019,4760,Foster Moreau,TE,LV,h,CHI,8.6,2800.0
5,2019,5419,Darren Waller,TE,LV,h,CHI,7.9,5000.0
5,2019,4535,Lee Smith,TE,BUF,a,TEN,7.8,2500.0
5,2019,4680,Tyler Higbee,TE,LA,a,SEA,7.7,3100.0
5,2019,4720,Hayden Hurst,TE,BAL,a,PIT,7.2,3300.0
5,2019,4492,Jimmy Graham,TE,GB,a,DAL,7.1,4300.0
5,2019,4586,Josh Hill,TE,NO,h,TB,6.9,2600.0
5,2019,4706,Jonnu Smith,TE,TEN,h,BUF,6.7,2700.0
5,2019,4572,Vance McDonald,TE,PIT,h,BAL,6.4,3800.0
5,2019,4262,Jason Witten,TE,DAL,h,GB,5.9,3800.0
5,2019,4594,Jack Doyle,TE,IND,a,KC,4.9,3700.0
5,2019,4618,Trey Burton,TE,CHI,a,LV,4.6,3300.0
5,2019,4599,Derek Carrier,TE,LV,h,CHI,4.2,2500.0
5,2019,4714,Jeremy Sprinkle,TE,WAS,h,NE,3.7,2500.0
5,2019,4543,Charles Clay,TE,ARI,a,CIN,3.7,2600.0
5,2019,4324,Marcedes Lewis,TE,GB,a,DAL,3.7,2600.0
5,2019,4656,C.J. Uzomah,TE,CIN,h,ARI,3.6,2600.0
5,2019,4676,Jeff Heuerman,TE,DEN,a,LAC,3.6,2600.0
5,2019,4568,Tyler Eifert,TE,CIN,h,ARI,3.4,3300.0
5,2019,4744,Robert Tonyan,TE,GB,a,DAL,3.3,2500.0
5,2019,4674,Matt LaCosse,TE,NE,a,WAS,3.2,2900.0
5,2019,4750,Dawson Knox,TE,BUF,a,TEN,3.2,3100.0
5,2019,4729,Jordan Akins,TE,HOU,h,ATL,3.1,3200.0
5,2019,4763,J.P. Holtz,TE,CHI,a,LV,2.6,2500.0
5,2019,4725,Dallas Goedert,TE,PHI,h,NYJ,2.1,2900.0
5,2019,4648,Cameron Brate,TE,TB,a,NO,2.1,3000.0
5,2019,4761,Andrew Beck,TE,DEN,a,LAC,2.0,2500.0
5,2019,4360,Delanie Walker,TE,TEN,h,BUF,2.0,3900.0
5,2019,4700,O.J. Howard,TE,TB,a,NO,2.0,3900.0
5,2019,4578,Luke Willson,TE,SEA,h,LA,2.0,2800.0
5,2019,4736,Mo Alie-Cox,TE,IND,a,KC,2.0,2500.0
5,2019,4601,Eric Ebron,TE,IND,a,KC,1.8,4000.0
5,2019,4650,Maxx Williams,TE,ARI,a,CIN,1.7,2500.0
5,2019,4745,Ross Dwelley,TE,SF,h,CLE,1.7,2500.0
5,2019,4748,Noah Fant,TE,DEN,a,LAC,1.6,2800.0
5,2019,4542,Virgil Green,TE,LAC,h,DEN,1.5,2600.0
5,2019,4537,Kyle Rudolph,TE,MIN,a,NYG,1.4,3000.0
5,2019,4668,Geoff Swaim,TE,JAX,a,CAR,1.4,2900.0
5,2019,4554,Rhett Ellison,TE,NYG,h,MIN,1.3,2600.0
5,2019,4592,Ryan Griffin,TE,NYJ,a,PHI,1.2,2500.0
5,2019,4642,Demetrius Harris,TE,CLE,a,SF,1.0,2500.0
5,2019,4712,Ricky Seals-Jones,TE,CLE,a,SF,0.0,3200.0
5,2019,4391,Clark Harris,TE,CIN,h,ARI,0.0,2500.0
5,2019,4738,Anthony Firkser,TE,TEN,h,BUF,0.0,2500.0
5,2019,4733,Blake Jarwin,TE,DAL,h,GB,0.0,2700.0
5,2019,4716,Antony Auclair,TE,TB,a,NO,0.0,2500.0
5,2019,4759,James Winchester,TE,KC,h,IND,0.0,2500.0
5,2019,4752,Tommy Sweeney,TE,BUF,a,TEN,0.0,2500.0
5,2019,4711,Cethan Carter,TE,CIN,h,ARI,0.0,2500.0
5,2019,4742,Dalton Schultz,TE,DAL,h,GB,0.0,2500.0
5,2019,4709,Adam Shaheen,TE,CHI,a,LV,0.0,3200.0
5,2019,4753,Pharaoh Brown,TE,CLE,a,SF,0.0,2500.0
5,2019,4368,Greg Olsen,TE,CAR,h,JAX,0.0,4000.0
5,2019,4730,Ian Thomas,TE,CAR,h,JAX,0.0,2600.0
5,2019,4756,Drew Sample,TE,CIN,h,ARI,0.0,2500.0
5,2019,4747,Johnny Mundt,TE,LA,a,SEA,0.0,2500.0
5,2019,4538,Lance Kendricks,TE,LAC,h,DEN,0.0,2700.0
5,2019,4757,Irv Smith Jr.,TE,MIN,a,NYG,0.0,3000.0
5,2019,4690,Seth DeValve,TE,JAX,a,CAR,0.0,2500.0
5,2019,4669,MyCole Pruitt,TE,TEN,h,BUF,0.0,2500.0
5,2019,4666,Blake Bell,TE,KC,h,IND,0.0,2500.0
5,2019,4764,Deon Yelder,TE,KC,h,IND,0.0,2500.0
5,2019,4660,Nick Boyle,TE,BAL,a,PIT,0.0,2900.0
5,2019,4577,Levine Toilolo,TE,SF,h,CLE,0.0,2500.0
5,2019,4688,Nick Vannett,TE,PIT,h,BAL,0.0,2900.0
5,2019,4532,Luke Stocker,TE,ATL,a,HOU,0.0,2500.0
5,2019,5436,Daniel Brown,TE,NYJ,a,PHI,0.0,2500.0
5,2019,4691,Ben Braunecker,TE,CHI,a,LV,0.0,3000.0
5,2019,4732,Tyler Conklin,TE,MIN,a,NYG,0.0,2500.0
5,2019,4758,Trevon Wesco,TE,NYJ,a,PHI,0.0,2500.0
5,2019,7023,Philadelphia,Def,PHI,h,NYJ,35.0,3700.0
5,2019,7027,San Francisco,Def,SF,h,CLE,19.0,2900.0
5,2019,7005,Carolina,Def,CAR,h,JAX,14.0,2600.0
5,2019,7018,New England,Def,NE,a,WAS,14.0,4300.0
5,2019,7026,LA Chargers,Def,LAC,h,DEN,14.0,2700.0
5,2019,7010,Denver,Def,DEN,a,LAC,12.0,2900.0
5,2019,7017,Minnesota,Def,MIN,a,NYG,12.0,3200.0
5,2019,7004,Buffalo,Def,BUF,a,TEN,11.0,3100.0
5,2019,7024,Pittsburgh,Def,PIT,h,BAL,11.0,2100.0
5,2019,7013,Indianapolis,Def,IND,a,KC,10.0,2000.0
5,2019,7032,Houston,Def,HOU,h,ATL,9.0,3300.0
5,2019,7012,Green Bay,Def,GB,a,DAL,9.0,2400.0
5,2019,7022,Oakland,Def,LV,h,CHI,8.0,2700.0
5,2019,7030,Tennessee,Def,TEN,h,BUF,7.0,3000.0
5,2019,7019,New Orleans,Def,NO,h,TB,6.0,3400.0
5,2019,7031,Washington,Def,WAS,h,NE,5.0,1800.0
5,2019,7020,New York G,Def,NYG,h,MIN,5.0,2600.0
5,2019,7003,Baltimore,Def,BAL,a,PIT,5.0,3600.0
5,2019,7014,Jacksonville,Def,JAX,a,CAR,4.0,3000.0
5,2019,7021,New York J,Def,NYJ,a,PHI,4.0,2300.0
5,2019,7006,Chicago,Def,CHI,a,LV,4.0,3800.0
5,2019,7008,Cleveland,Def,CLE,a,SF,3.0,3100.0
5,2019,7015,Kansas City,Def,KC,h,IND,3.0,3000.0
5,2019,7028,Seattle,Def,SEA,h,LA,3.0,3000.0
5,2019,7025,LA Rams,Def,LA,a,SEA,2.0,2900.0
5,2019,7029,Tampa Bay,Def,TB,a,NO,1.0,2200.0
5,2019,7007,Cincinnati,Def,CIN,h,ARI,1.0,2500.0
5,2019,7009,Dallas,Def,DAL,h,GB,1.0,2800.0
5,2019,7001,Arizona,Def,ARI,a,CIN,1.0,2900.0
5,2019,7002,Atlanta,Def,ATL,a,HOU,-2.0,2500.0
6,2019,1301,Matt Ryan,QB,ATL,a,ARI,33.94,6400.0
6,2019,1527,Lamar Jackson,QB,BAL,h,CIN,33.64,6900.0
6,2019,1537,Kyler Murray,QB,ARI,h,ATL,31.8,6500.0
6,2019,1518,Deshaun Watson,QB,HOU,a,KC,31.4,6700.0
6,2019,1415,Kirk Cousins,QB,MIN,h,PHI,31.32,5200.0
6,2019,1412,Russell Wilson,QB,SEA,a,CLE,28.9,6600.0
6,2019,1131,Tom Brady,QB,NE,h,NYG,26.96,6800.0
6,2019,1514,Carson Wentz,QB,PHI,a,MIN,24.54,6000.0
6,2019,1524,Sam Darnold,QB,NYJ,h,DAL,23.62,5100.0
6,2019,1528,Baker Mayfield,QB,CLE,h,SEA,22.46,5500.0
6,2019,1465,Jameis Winston,QB,TB,h,CAR,21.1,5900.0
6,2019,1523,Patrick Mahomes II,QB,KC,h,HOU,20.82,7500.0
6,2019,1231,Philip Rivers,QB,LAC,h,PIT,20.8,5800.0
6,2019,1252,Aaron Rodgers,QB,GB,h,DET,19.32,6300.0
6,2019,1501,Dak Prescott,QB,DAL,a,NYJ,18.18,6200.0
6,2019,1536,Kyle Allen,QB,CAR,a,TB,17.38,5300.0
6,2019,1435,Case Keenum,QB,WAS,a,MIA,15.64,5000.0
6,2019,1403,Andy Dalton,QB,CIN,a,BAL,14.6,5400.0
6,2019,1452,Jimmy Garoppolo,QB,SF,a,LA,14.12,5700.0
6,2019,1439,Teddy Bridgewater,QB,NO,a,JAX,13.6,5300.0
6,2019,1340,Matthew Stafford,QB,DET,a,GB,11.5,5300.0
6,2019,1242,Ryan Fitzpatrick,QB,MIA,h,WAS,9.78,4600.0
6,2019,1543,Devlin Hodges,QB,PIT,a,LAC,9.08,4700.0
6,2019,1539,Daniel Jones,QB,NYG,a,NE,8.24,5200.0
6,2019,1302,Joe Flacco,QB,DEN,h,TEN,5.98,4800.0
6,2019,1540,Gardner Minshew,QB,JAX,h,NO,5.62,5000.0
6,2019,1410,Ryan Tannehill,QB,TEN,a,DEN,5.36,4100.0
6,2019,1490,Jared Goff,QB,LA,h,SF,2.12,6100.0
6,2019,1530,Taysom Hill,QB,NO,a,JAX,1.7,4100.0
6,2019,1525,Josh Rosen,QB,MIA,h,WAS,1.4,4500.0
6,2019,1466,Marcus Mariota,QB,TEN,a,DEN,0.92,4900.0
6,2019,1234,Matt Schaub,QB,ATL,a,ARI,0.0,4200.0
6,2019,1532,Joshua Dobbs,QB,JAX,h,NO,0.0,4400.0
6,2019,1175,Josh McCown,QB,PHI,a,MIN,0.0,4700.0
6,2019,5622,Nick Chubb,RB,CLE,h,SEA,32.9,7300.0
6,2019,5537,James Conner,RB,PIT,a,LAC,30.9,5600.0
6,2019,5444,Ezekiel Elliott,RB,DAL,a,NYJ,29.2,8500.0
6,2019,5565,Chris Carson,RB,SEA,a,CLE,28.9,6000.0
6,2019,5395,David Johnson,RB,ARI,h,ATL,28.2,7600.0
6,2019,2930,Devonta Freeman,RB,ATL,a,ARI,26.8,5800.0
6,2019,5541,Jamaal Williams,RB,GB,h,DET,26.6,4200.0
6,2019,2933,Carlos Hyde,RB,HOU,a,KC,22.0,4400.0
6,2019,5536,Christian McCaffrey,RB,CAR,a,TB,21.7,8600.0
6,2019,2553,Adrian Peterson,RB,WAS,a,MIA,18.6,4500.0
6,2019,5714,Miles Sanders,RB,PHI,a,MIN,18.2,4200.0
6,2019,5534,Leonard Fournette,RB,JAX,h,NO,17.8,6700.0
6,2019,5630,Phillip Lindsay,RB,DEN,h,TEN,15.5,5300.0
6,2019,2793,Mark Ingram,RB,BAL,h,CIN,15.4,6600.0
6,2019,5619,Chase Edmonds,RB,ARI,h,ATL,14.7,4600.0
6,2019,2994,Tevin Coleman,RB,SF,a,LA,14.1,4400.0
6,2019,5621,Kerryon Johnson,RB,DET,a,GB,14.1,5400.0
6,2019,5562,Alvin Kamara,RB,NO,a,JAX,13.6,8000.0
6,2019,2954,James White,RB,NE,h,NYG,13.5,5100.0
6,2019,5559,Dalvin Cook,RB,MIN,h,PHI,13.4,8400.0
6,2019,2997,Duke Johnson,RB,HOU,a,KC,13.4,4100.0
6,2019,5615,Sony Michel,RB,NE,h,NYG,13.3,5500.0
6,2019,5446,Kenyan Drake,RB,MIA,h,WAS,13.0,4400.0
6,2019,5620,Royce Freeman,RB,DEN,h,TEN,12.6,4500.0
6,2019,5629,Mark Walton,RB,MIA,h,WAS,12.5,3000.0
6,2019,2874,Brandon Bolden,RB,NE,h,NYG,12.5,3000.0
6,2019,2888,Le'Veon Bell,RB,NYJ,h,DAL,12.3,6400.0
6,2019,5697,Dare Ogunbowale,RB,TB,h,CAR,11.5,3400.0
6,2019,2899,Latavius Murray,RB,NO,a,JAX,10.9,3700.0
6,2019,5567,Matt Breida,RB,SF,a,LA,10.3,5100.0
6,2019,5740,Benny Snell,RB,PIT,a,LAC,9.9,3200.0
6,2019,5543,Aaron Jones,RB,GB,h,DET,9.0,6500.0
6,2019,2957,Damien Williams,RB,KC,h,HOU,9.0,5700.0
6,2019,2991,Melvin Gordon,RB,LAC,h,PIT,7.8,6300.0
6,2019,5617,Ronald Jones,RB,TB,h,CAR,7.0,4500.0
6,2019,5628,Kalen Ballage,RB,MIA,h,WAS,6.7,3300.0
6,2019,2707,LeSean McCoy,RB,KC,h,HOU,6.4,5600.0
6,2019,5708,Darrel Williams,RB,KC,h,HOU,6.2,4800.0
6,2019,5535,Joe Mixon,RB,CIN,a,BAL,5.9,5500.0
6,2019,5716,Darrell Henderson,RB,LA,h,SF,5.8,3200.0
6,2019,5575,Austin Ekeler,RB,LAC,h,PIT,5.8,6400.0
6,2019,5720,Alexander Mattison,RB,MIN,h,PHI,5.3,3800.0
6,2019,5447,Jordan Howard,RB,PHI,a,MIN,4.9,4900.0
6,2019,2816,Dion Lewis,RB,TEN,a,DEN,4.9,3700.0
6,2019,5392,Ty Montgomery,RB,NYJ,h,DAL,4.7,3700.0
6,2019,5768,Jon Hilliman,RB,NYG,a,NE,4.5,3200.0
6,2019,2889,Giovani Bernard,RB,CIN,a,BAL,4.4,3500.0
6,2019,5445,Derrick Henry,RB,TEN,a,DEN,4.3,6100.0
6,2019,2915,Chris Thompson,RB,WAS,a,MIA,4.0,5000.0
6,2019,5441,Malcolm Brown,RB,LA,h,SF,4.0,4300.0
6,2019,5683,Dontrell Hilliard,RB,CLE,h,SEA,3.7,4100.0
6,2019,5681,Gus Edwards,RB,BAL,h,CIN,3.4,3900.0
6,2019,5719,Justice Hill,RB,BAL,h,CIN,3.1,3200.0
6,2019,5586,J.D. McKissic,RB,DET,a,GB,3.1,3000.0
6,2019,5663,Nick Bellore,RB,SEA,a,CLE,3.0,3000.0
6,2019,5624,Boston Scott,RB,PHI,a,MIN,3.0,0.0
6,2019,5507,Peyton Barber,RB,TB,h,CAR,2.8,4200.0
6,2019,5448,C.J. Prosise,RB,SEA,a,CLE,2.3,3900.0
6,2019,5482,Andy Janovich,RB,DEN,h,TEN,1.8,3100.0
6,2019,5588,Elijhaa Penny,RB,NYG,a,NE,1.6,3700.0
6,2019,5743,Patrick Ricard,RB,BAL,h,CIN,1.6,3000.0
6,2019,5414,Raheem Mostert,RB,SF,a,LA,1.3,4700.0
6,2019,5718,Tony Pollard,RB,DAL,a,NYJ,1.3,3600.0
6,2019,5658,Ito Smith,RB,ATL,a,ARI,0.6,4300.0
6,2019,2819,Bilal Powell,RB,NYJ,h,DAL,0.5,3100.0
6,2019,5473,Wendell Smallwood,RB,WAS,a,MIA,0.4,3400.0
6,2019,5644,Alex Armah,RB,CAR,a,TB,0.4,3000.0
6,2019,5780,Dalyn Dawkins,RB,TEN,a,DEN,0.2,0.0
6,2019,5492,Keith Smith,RB,ATL,a,ARI,0.2,3000.0
6,2019,5745,Ryquell Armstead,RB,JAX,h,NO,0.1,3400.0
6,2019,5744,Darwin Thompson,RB,KC,h,HOU,0.0,3400.0
6,2019,5662,Mike Boone,RB,MIN,h,PHI,0.0,3000.0
6,2019,5703,Jeff Wilson Jr.,RB,SF,a,LA,0.0,4200.0
6,2019,5483,Dwayne Washington,RB,NO,a,JAX,0.0,3000.0
6,2019,5735,Reggie Bonnafon,RB,CAR,a,TB,0.0,3700.0
6,2019,5778,Jakob Johnson,RB,NE,h,NYG,0.0,3100.0
6,2019,5510,Troymaine Pope,RB,LAC,h,PIT,0.0,3300.0
6,2019,5581,C.J. Ham,RB,MIN,h,PHI,0.0,3000.0
6,2019,2912,Zach Line,RB,NO,a,JAX,0.0,3000.0
6,2019,5741,Nick Bawden,RB,DET,a,GB,0.0,3000.0
6,2019,5762,Cullen Gillaspia,RB,HOU,a,KC,0.0,3000.0
6,2019,5495,D.J. Foster,RB,ARI,h,ATL,0.0,3000.0
6,2019,2995,Ameer Abdullah,RB,MIN,h,PHI,0.0,3000.0
6,2019,2887,Kenjon Barner,RB,ATL,a,ARI,0.0,3000.0
6,2019,5742,Ty Johnson,RB,DET,a,GB,0.0,3000.0
6,2019,5472,Paul Perkins,RB,DET,a,GB,0.0,3100.0
6,2019,2822,Anthony Sherman,RB,KC,h,HOU,0.0,3000.0
6,2019,5746,D'Ernest Johnson,RB,CLE,h,SEA,0.0,3000.0
6,2019,5763,Buddy Howell,RB,HOU,a,KC,0.0,3000.0
6,2019,5468,Devontae Booker,RB,DEN,h,TEN,0.0,3200.0
6,2019,5738,Travis Homer,RB,SEA,a,CLE,0.0,3000.0
6,2019,5504,Derek Watt,RB,LAC,h,PIT,0.0,3000.0
6,2019,5776,Tra Carson,RB,GB,h,DET,0.0,3100.0
6,2019,5538,Samaje Perine,RB,CIN,a,BAL,0.0,3300.0
6,2019,5723,Jordan Scarlett,RB,CAR,a,TB,0.0,4300.0
6,2019,5626,T.J. Logan,RB,TB,h,CAR,0.0,3000.0
6,2019,2913,Jamize Olawale,RB,DAL,a,NYJ,0.0,3100.0
6,2019,5517,Dan Vitale,RB,GB,h,DET,0.0,3000.0
6,2019,5424,Stefon Diggs,WR,MIN,h,PHI,46.5,5900.0
6,2019,5757,Terry McLaurin,WR,WAS,a,MIA,29.0,6000.0
6,2019,5579,Chris Godwin,WR,TB,h,CAR,28.1,6700.0
6,2019,5502,Robby Anderson,WR,NYJ,h,DAL,26.5,4000.0
6,2019,3995,Golden Tate,WR,NYG,a,NE,25.2,4700.0
6,2019,5485,Tyreek Hill,WR,KC,h,HOU,25.0,6900.0
6,2019,5556,Curtis Samuel,WR,CAR,a,TB,23.8,4700.0
6,2019,5153,Alshon Jeffery,WR,PHI,a,MIN,23.6,5800.0
6,2019,3826,Julian Edelman,WR,NE,h,NYG,23.3,6900.0
6,2019,5089,Julio Jones,WR,ATL,a,ARI,21.8,8000.0
6,2019,5253,Mike Evans,WR,TB,h,CAR,20.6,6900.0
6,2019,5554,Kenny Golladay,WR,DET,a,GB,20.1,6000.0
6,2019,5323,Odell Beckham Jr.,WR,CLE,h,SEA,19.1,6800.0
6,2019,5229,Jaron Brown,WR,SEA,a,CLE,17.9,3300.0
6,2019,5333,Adam Thielen,WR,MIN,h,PHI,17.7,6700.0
6,2019,5459,Michael Thomas,WR,NO,a,JAX,16.9,7800.0
6,2019,5206,DeAndre Hopkins,WR,HOU,a,KC,16.5,7400.0
6,2019,5711,Allen Lazard,WR,GB,h,DET,16.5,3000.0
6,2019,5410,Jamison Crowder,WR,NYJ,h,DAL,15.8,4000.0
6,2019,5633,D.J. Moore,WR,CAR,a,TB,15.6,5300.0
6,2019,5631,Calvin Ridley,WR,ATL,a,ARI,14.8,5700.0
6,2019,5696,Auden Tate,WR,CIN,a,BAL,14.1,4500.0
6,2019,3501,Larry Fitzgerald,WR,ARI,h,ATL,12.9,6100.0
6,2019,5386,Tyler Lockett,WR,SEA,a,CLE,12.8,6400.0
6,2019,5594,Mike Williams,WR,LAC,h,PIT,12.2,4600.0
6,2019,5380,DeVante Parker,WR,MIA,h,WAS,11.8,4200.0
6,2019,5637,Courtland Sutton,WR,DEN,h,TEN,11.6,5000.0
6,2019,5199,Tavon Austin,WR,DAL,a,NYJ,11.4,3000.0
6,2019,5725,D.K. Metcalf,WR,SEA,a,CLE,11.3,4700.0
6,2019,5412,Adam Humphries,WR,TEN,a,DEN,10.7,3800.0
6,2019,5480,Alex Erickson,WR,CIN,a,BAL,10.4,3200.0
6,2019,3997,Demaryius Thomas,WR,NYJ,h,DAL,10.2,3300.0
6,2019,5766,Cedrick Wilson,WR,DAL,a,NYJ,9.6,3000.0
6,2019,5454,Will Fuller,WR,HOU,a,KC,9.4,6000.0
6,2019,5749,Jakobi Meyers,WR,NE,h,NYG,9.4,3800.0
6,2019,5634,Michael Gallup,WR,DAL,a,NYJ,8.8,5600.0
6,2019,5727,Mecole Hardman,WR,KC,h,HOU,8.5,5300.0
6,2019,5603,Dede Westbrook,WR,JAX,h,NO,8.3,5100.0
6,2019,5378,Nelson Agholor,WR,PHI,a,MIN,8.2,4600.0
6,2019,5531,Damiere Byrd,WR,ARI,h,ATL,8.0,4100.0
6,2019,5670,Keke Coutee,WR,HOU,a,KC,7.9,3500.0
6,2019,5656,Marquez Valdes-Scantling,WR,GB,h,DET,7.7,5400.0
6,2019,5217,Robert Woods,WR,LA,h,SF,7.6,5600.0
6,2019,5638,Dante Pettis,WR,SF,a,LA,7.5,3900.0
6,2019,5659,D.J. Chark,WR,JAX,h,NO,7.3,5500.0
6,2019,5511,Geronimo Allison,WR,GB,h,DET,7.0,5000.0
6,2019,5772,Scott Miller,WR,TB,h,CAR,6.9,3000.0
6,2019,3670,Ted Ginn Jr.,WR,NO,a,JAX,6.8,3600.0
6,2019,5595,Marvin Hall,WR,DET,a,GB,6.8,3100.0
6,2019,5655,David Moore,WR,SEA,a,CLE,6.6,3300.0
6,2019,5335,Jarvis Landry,WR,CLE,h,SEA,6.6,5200.0
6,2019,5550,Corey Davis,WR,TEN,a,DEN,6.6,4000.0
6,2019,5339,Albert Wilson,WR,MIA,h,WAS,6.5,4000.0
6,2019,5781,Jason Moore,WR,LAC,h,PIT,6.3,0.0
6,2019,5767,Darius Slayton,WR,NYG,a,NE,6.2,3100.0
6,2019,5255,Brandin Cooks,WR,LA,h,SF,6.2,5400.0
6,2019,5159,Mohamed Sanu,WR,ATL,a,ARI,5.9,4500.0
6,2019,5552,Cooper Kupp,WR,LA,h,SF,5.7,7100.0
6,2019,5752,Gunner Olszewski,WR,NE,h,NYG,5.4,3000.0
6,2019,5198,Keenan Allen,WR,LAC,h,PIT,5.3,7000.0
6,2019,5755,Preston Williams,WR,MIA,h,WAS,5.1,4100.0
6,2019,5726,Deebo Samuel,WR,SF,a,LA,4.9,4300.0
6,2019,5748,Miles Boykin,WR,BAL,h,CIN,4.8,3500.0
6,2019,5699,Trent Sherfield,WR,ARI,h,ATL,4.8,3000.0
6,2019,5462,Pharoh Cooper,WR,ARI,h,ATL,4.8,3100.0
6,2019,5287,Willie Snead,WR,BAL,h,CIN,4.8,5500.0
6,2019,5640,DaeSean Hamilton,WR,DEN,h,TEN,4.5,3600.0
6,2019,5759,Byron Pringle,WR,KC,h,HOU,4.4,3500.0
6,2019,5408,Seth Roberts,WR,BAL,h,CIN,4.3,3000.0
6,2019,5728,A.J. Brown,WR,TEN,a,DEN,4.3,4200.0
6,2019,5642,Antonio Callaway,WR,CLE,h,SEA,4.2,4200.0
6,2019,5455,Tyler Boyd,WR,CIN,a,BAL,4.0,6300.0
6,2019,5479,Chris Moore,WR,BAL,h,CIN,3.8,3100.0
6,2019,5168,Marvin Jones,WR,DET,a,GB,3.7,5200.0
6,2019,5704,Jake Kumerow,WR,GB,h,DET,3.7,3900.0
6,2019,5341,Allen Hurns,WR,MIA,h,WAS,3.6,3200.0
6,2019,5205,Marquise Goodwin,WR,SF,a,LA,3.5,4500.0
6,2019,5731,KeeSean Johnson,WR,ARI,h,ATL,3.4,3900.0
6,2019,5754,Diontae Johnson,WR,PIT,a,LAC,3.4,4200.0
6,2019,5652,Trey Quinn,WR,WAS,a,MIA,2.8,3700.0
6,2019,5747,Olabisi Johnson,WR,MIN,h,PHI,2.6,3000.0
6,2019,5453,Laquon Treadwell,WR,MIN,h,PHI,2.5,3000.0
6,2019,5399,Geremy Davis,WR,LAC,h,PIT,2.3,3300.0
6,2019,5598,Kendrick Bourne,WR,SF,a,LA,2.1,3000.0
6,2019,5344,Donte Moncrief,WR,PIT,a,LAC,2.1,3500.0
6,2019,5751,Kelvin Harmon,WR,WAS,a,MIA,1.8,3000.0
6,2019,5553,JuJu Smith-Schuster,WR,PIT,a,LAC,1.7,5600.0
6,2019,5165,Josh Gordon,WR,NE,h,NYG,1.7,6300.0
6,2019,5680,Russell Gage,WR,ATL,a,ARI,1.6,3000.0
6,2019,5188,Jarius Wright,WR,CAR,a,TB,1.6,3300.0
6,2019,3851,Danny Amendola,WR,DET,a,GB,1.6,3800.0
6,2019,5775,Fred Brown,WR,DEN,h,TEN,1.5,3100.0
6,2019,5653,Vyncint Smith,WR,NYJ,h,DAL,1.5,3100.0
6,2019,5376,Amari Cooper,WR,DAL,a,NYJ,1.3,7000.0
6,2019,3983,Emmanuel Sanders,WR,DEN,h,TEN,1.0,4800.0
6,2019,5606,Bobo Wilson,WR,TB,h,CAR,1.0,3000.0
6,2019,5173,Travis Benjamin,WR,LAC,h,PIT,1.0,3000.0
6,2019,5569,Ryan Switzer,WR,PIT,a,LAC,0.8,3100.0
6,2019,2958,De'Anthony Thomas,WR,KC,h,HOU,0.4,3000.0
6,2019,5256,Marqise Lee,WR,JAX,h,NO,0.1,3500.0
6,2019,5753,Steven Sims Jr.,WR,WAS,a,MIA,0.1,3200.0
6,2019,5774,Darrius Shepherd,WR,GB,h,DET,0.1,3400.0
6,2019,5461,Tajae Sharpe,WR,TEN,a,DEN,0.0,3100.0
6,2019,5578,Mack Hollins,WR,PHI,a,MIN,0.0,3600.0
6,2019,5677,Brandon Zylstra,WR,CAR,a,TB,0.0,3000.0
6,2019,5648,Austin Carr,WR,NO,a,JAX,0.0,3000.0
6,2019,5702,Malik Turner,WR,SEA,a,CLE,0.0,3600.0
6,2019,5756,Damion Willis,WR,CIN,a,BAL,0.0,3000.0
6,2019,5641,Braxton Berrios,WR,NYJ,h,DAL,0.0,3000.0
6,2019,5433,Darius Jennings,WR,TEN,a,DEN,0.0,3000.0
6,2019,5515,Demarcus Robinson,WR,KC,h,HOU,0.0,5900.0
6,2019,5503,Mike Thomas,WR,LA,h,SF,0.0,3000.0
6,2019,5602,JoJo Natson,WR,LA,h,SF,0.0,3000.0
6,2019,5765,Diontae Spencer,WR,DEN,h,TEN,0.0,3000.0
6,2019,5385,Chris Conley,WR,JAX,h,NO,0.0,4100.0
6,2019,5779,Stanley Morgan,WR,CIN,a,BAL,0.0,3100.0
6,2019,5268,Cody Latimer,WR,NYG,a,NE,0.0,3300.0
6,2019,5675,KhaDarel Hodge,WR,CLE,h,SEA,0.0,3000.0
6,2019,5690,Justin Watson,WR,TB,h,CAR,0.0,3000.0
6,2019,5260,Paul Richardson,WR,WAS,a,MIA,0.0,4900.0
6,2019,3760,Matthew Slater,WR,NE,h,NYG,0.0,3000.0
6,2019,5654,DeAndre Carter,WR,HOU,a,KC,0.0,3100.0
6,2019,5732,JJ Arcega-Whiteside,WR,PHI,a,MIN,0.0,3200.0
6,2019,5491,Johnny Holton,WR,PIT,a,LAC,0.0,3000.0
6,2019,5582,Josh Reynolds,WR,LA,h,SF,0.0,3100.0
6,2019,5518,Cody Core,WR,NYG,a,NE,0.0,3000.0
6,2019,5674,Richie James,WR,SF,a,LA,0.0,3000.0
6,2019,5734,Andy Isabella,WR,ARI,h,ATL,0.0,3100.0
6,2019,5706,Isaiah Ford,WR,MIA,h,WAS,0.0,3100.0
6,2019,5570,Keelan Cole,WR,JAX,h,NO,0.0,3100.0
6,2019,5771,Lil'Jordan Humphrey,WR,NO,a,JAX,0.0,3100.0
6,2019,5191,Josh Bellamy,WR,NYJ,h,DAL,0.0,3200.0
6,2019,5387,Justin Hardy,WR,ATL,a,ARI,0.0,3000.0
6,2019,5760,Deonte Harris,WR,NO,a,JAX,0.0,3100.0
6,2019,5665,Ray-Ray McCloud,WR,CAR,a,TB,-1.0,3000.0
6,2019,4675,Hunter Henry,TE,LAC,h,PIT,33.0,3600.0
6,2019,4677,Austin Hooper,TE,ATL,a,ARI,28.7,5000.0
6,2019,4703,George Kittle,TE,SF,a,LA,21.3,5200.0
6,2019,4721,Mark Andrews,TE,BAL,h,CIN,14.9,4800.0
6,2019,4712,Ricky Seals-Jones,TE,CLE,h,SEA,13.7,3300.0
6,2019,4609,Darren Fells,TE,HOU,a,KC,12.9,3100.0
6,2019,4648,Cameron Brate,TE,TB,h,CAR,12.7,2800.0
6,2019,4437,Jared Cook,TE,NO,a,JAX,12.7,3400.0
6,2019,4650,Maxx Williams,TE,ARI,h,ATL,12.4,2500.0
6,2019,4592,Ryan Griffin,TE,NYJ,h,DAL,11.8,2500.0
6,2019,4262,Jason Witten,TE,DAL,a,NYJ,10.7,3900.0
6,2019,4725,Dallas Goedert,TE,PHI,a,MIN,9.8,2900.0
6,2019,4582,Travis Kelce,TE,KC,h,HOU,9.8,7000.0
6,2019,4368,Greg Olsen,TE,CAR,a,TB,9.2,4200.0
6,2019,4569,Zach Ertz,TE,PHI,a,MIN,8.4,5400.0
6,2019,4719,Mike Gesicki,TE,MIA,h,WAS,8.1,2700.0
6,2019,4360,Delanie Walker,TE,TEN,a,DEN,7.3,3700.0
6,2019,4324,Marcedes Lewis,TE,GB,h,DET,7.0,2600.0
6,2019,4729,Jordan Akins,TE,HOU,a,KC,6.9,3200.0
6,2019,4537,Kyle Rudolph,TE,MIN,h,PHI,6.6,3000.0
6,2019,4749,T.J. Hockenson,TE,DET,a,GB,6.1,3300.0
6,2019,4554,Rhett Ellison,TE,NYG,a,NE,6.0,2600.0
6,2019,4680,Tyler Higbee,TE,LA,h,SF,5.5,3000.0
6,2019,4700,O.J. Howard,TE,TB,h,CAR,5.5,3700.0
6,2019,4751,Ryan Izzo,TE,NE,h,NYG,5.1,2800.0
6,2019,4757,Irv Smith Jr.,TE,MIN,h,PHI,4.9,3000.0
6,2019,4656,C.J. Uzomah,TE,CIN,a,BAL,4.6,2600.0
6,2019,4714,Jeremy Sprinkle,TE,WAS,a,MIA,4.4,2600.0
6,2019,4660,Nick Boyle,TE,BAL,h,CIN,3.8,2800.0
6,2019,4492,Jimmy Graham,TE,GB,h,DET,3.7,4000.0
6,2019,4748,Noah Fant,TE,DEN,h,TEN,3.6,2900.0
6,2019,4578,Luke Willson,TE,SEA,a,CLE,3.6,2800.0
6,2019,4738,Anthony Firkser,TE,TEN,a,DEN,3.5,2500.0
6,2019,4568,Tyler Eifert,TE,CIN,a,BAL,3.3,3500.0
6,2019,4765,Jaeden Graham,TE,ATL,a,ARI,3.1,2500.0
6,2019,4705,Gerald Everett,TE,LA,h,SF,2.9,3600.0
6,2019,4543,Charles Clay,TE,ARI,h,ATL,2.8,2700.0
6,2019,4733,Blake Jarwin,TE,DAL,a,NYJ,2.6,3300.0
6,2019,4690,Seth DeValve,TE,JAX,h,NO,2.6,2500.0
6,2019,4542,Virgil Green,TE,LAC,h,PIT,2.5,2700.0
6,2019,4642,Demetrius Harris,TE,CLE,h,SEA,2.0,2500.0
6,2019,4753,Pharaoh Brown,TE,CLE,h,SEA,1.9,2500.0
6,2019,4653,Jesse James,TE,DET,a,GB,1.8,2700.0
6,2019,4706,Jonnu Smith,TE,TEN,a,DEN,1.8,2800.0
6,2019,4577,Levine Toilolo,TE,SF,a,LA,1.8,2500.0
6,2019,4586,Josh Hill,TE,NO,a,JAX,1.8,2600.0
6,2019,4742,Dalton Schultz,TE,DAL,a,NYJ,1.6,2500.0
6,2019,4668,Geoff Swaim,TE,JAX,h,NO,1.5,2900.0
6,2019,4688,Nick Vannett,TE,PIT,a,LAC,1.5,2900.0
6,2019,4572,Vance McDonald,TE,PIT,a,LAC,1.5,3800.0
6,2019,4720,Hayden Hurst,TE,BAL,h,CIN,1.4,3200.0
6,2019,4661,Nick O'Leary,TE,JAX,h,NO,1.3,2500.0
6,2019,4532,Luke Stocker,TE,ATL,a,ARI,1.0,2500.0
6,2019,4756,Drew Sample,TE,CIN,a,BAL,0.9,2500.0
6,2019,4391,Clark Harris,TE,CIN,a,BAL,0.0,2500.0
6,2019,4667,Jerome Cunningham,TE,WAS,a,MIA,0.0,2900.0
6,2019,4697,Chris Manhertz,TE,CAR,a,TB,0.0,2500.0
6,2019,4761,Andrew Beck,TE,DEN,h,TEN,0.0,2500.0
6,2019,1463,Logan Thomas,TE,DET,a,GB,0.0,2500.0
6,2019,4716,Antony Auclair,TE,TB,h,CAR,0.0,2500.0
6,2019,4759,James Winchester,TE,KC,h,HOU,0.0,2500.0
6,2019,4711,Cethan Carter,TE,CIN,a,BAL,0.0,2500.0
6,2019,4730,Ian Thomas,TE,CAR,a,TB,0.0,2700.0
6,2019,4747,Johnny Mundt,TE,LA,h,SF,0.0,2500.0
6,2019,4676,Jeff Heuerman,TE,DEN,h,TEN,0.0,2600.0
6,2019,4538,Lance Kendricks,TE,LAC,h,PIT,0.0,2800.0
6,2019,4674,Matt LaCosse,TE,NE,h,NYG,0.0,2900.0
6,2019,4669,MyCole Pruitt,TE,TEN,a,DEN,0.0,2500.0
6,2019,4727,Will Dissly,TE,SEA,a,CLE,0.0,4900.0
6,2019,4666,Blake Bell,TE,KC,h,HOU,0.0,2500.0
6,2019,4764,Deon Yelder,TE,KC,h,HOU,0.0,2500.0
6,2019,4708,Darrell Daniels,TE,ARI,h,ATL,0.0,2600.0
6,2019,5436,Daniel Brown,TE,NYJ,h,DAL,0.0,2500.0
6,2019,4737,Durham Smythe,TE,MIA,h,WAS,0.0,2700.0
6,2019,4732,Tyler Conklin,TE,MIN,h,PHI,0.0,2500.0
6,2019,4758,Trevon Wesco,TE,NYJ,h,DAL,0.0,2500.0
6,2019,4745,Ross Dwelley,TE,SF,a,LA,0.0,2500.0
6,2019,7018,New England,Def,NE,h,NYG,27.0,4000.0
6,2019,7010,Denver,Def,DEN,h,TEN,23.0,3100.0
6,2019,7005,Carolina,Def,CAR,a,TB,21.0,3500.0
6,2019,7024,Pittsburgh,Def,PIT,a,LAC,14.0,2700.0
6,2019,7020,New York G,Def,NYG,a,NE,12.0,2100.0
6,2019,7019,New Orleans,Def,NO,a,JAX,11.0,3200.0
6,2019,7027,San Francisco,Def,SF,a,LA,10.0,2700.0
6,2019,7031,Washington,Def,WAS,a,MIA,10.0,3200.0
6,2019,7007,Cincinnati,Def,CIN,a,BAL,9.0,1700.0
6,2019,7028,Seattle,Def,SEA,a,CLE,9.0,3400.0
6,2019,7017,Minnesota,Def,MIN,h,PHI,9.0,2600.0
6,2019,7014,Jacksonville,Def,JAX,h,NO,7.0,2200.0
6,2019,7011,Detroit,Def,DET,a,GB,7.0,2000.0
6,2019,7025,LA Rams,Def,LA,h,SF,7.0,3300.0
6,2019,7032,Houston,Def,HOU,a,KC,5.0,2100.0
6,2019,7015,Kansas City,Def,KC,h,HOU,5.0,2500.0
6,2019,7003,Baltimore,Def,BAL,h,CIN,5.0,4100.0
6,2019,7009,Dallas,Def,DAL,a,NYJ,4.0,4300.0
6,2019,7008,Cleveland,Def,CLE,h,SEA,4.0,2800.0
6,2019,7030,Tennessee,Def,TEN,a,DEN,4.0,2900.0
6,2019,7012,Green Bay,Def,GB,h,DET,3.0,3600.0
6,2019,7026,LA Chargers,Def,LAC,h,PIT,3.0,3300.0
6,2019,7023,Philadelphia,Def,PHI,a,MIN,1.0,3000.0
6,2019,7021,New York J,Def,NYJ,h,DAL,1.0,1500.0
6,2019,7016,Miami,Def,MIA,h,WAS,1.0,2700.0
6,2019,7001,Arizona,Def,ARI,h,ATL,1.0,1900.0
6,2019,7029,Tampa Bay,Def,TB,h,CAR,0.0,2500.0
6,2019,7002,Atlanta,Def,ATL,a,ARI,-1.0,2300.0
7,2019,1252,Aaron Rodgers,QB,GB,h,LV,46.76,6400.0
7,2019,1340,Matthew Stafford,QB,DET,h,MIN,32.56,5200.0
7,2019,1415,Kirk Cousins,QB,MIN,a,DET,32.18,5800.0
7,2019,1496,Jacoby Brissett,QB,IND,h,HOU,31.64,5600.0
7,2019,1527,Lamar Jackson,QB,BAL,a,SEA,26.32,6800.0
7,2019,1490,Jared Goff,QB,LA,a,ATL,25.02,6200.0
7,2019,1231,Philip Rivers,QB,LAC,a,TEN,24.16,5500.0
7,2019,1410,Ryan Tannehill,QB,TEN,h,LAC,23.18,4800.0
7,2019,1242,Ryan Fitzpatrick,QB,MIA,a,BUF,21.58,4500.0
7,2019,1501,Dak Prescott,QB,DAL,h,PHI,21.56,6200.0
7,2019,1403,Andy Dalton,QB,CIN,h,JAX,21.34,5400.0
7,2019,1529,Josh Allen,QB,BUF,h,MIA,21.28,6500.0
7,2019,1540,Gardner Minshew,QB,JAX,a,CIN,21.0,5400.0
7,2019,1518,Deshaun Watson,QB,HOU,a,IND,20.52,7000.0
7,2019,1519,Mitchell Trubisky,QB,CHI,h,NO,20.04,5100.0
7,2019,1439,Teddy Bridgewater,QB,NO,a,CHI,19.94,5300.0
7,2019,1441,Derek Carr,QB,LV,a,GB,17.72,5000.0
7,2019,1412,Russell Wilson,QB,SEA,h,BAL,15.34,6600.0
7,2019,1539,Daniel Jones,QB,NYG,h,ARI,13.42,6100.0
7,2019,1131,Tom Brady,QB,NE,a,NYJ,12.96,6600.0
7,2019,1514,Carson Wentz,QB,PHI,a,DAL,9.84,6000.0
7,2019,1530,Taysom Hill,QB,NO,a,CHI,9.5,4100.0
7,2019,1298,Matt Moore,QB,KC,a,DEN,8.58,4100.0
7,2019,1302,Joe Flacco,QB,DEN,h,KC,7.52,4900.0
7,2019,1523,Patrick Mahomes II,QB,KC,a,DEN,7.24,6900.0
7,2019,1452,Jimmy Garoppolo,QB,SF,a,WAS,7.04,6000.0
7,2019,1537,Kyler Murray,QB,ARI,a,NYG,6.96,6700.0
7,2019,1234,Matt Schaub,QB,ATL,h,LA,6.5,4100.0
7,2019,1420,Mike Glennon,QB,LV,a,GB,5.44,4600.0
7,2019,1301,Matt Ryan,QB,ATL,h,LA,4.56,6300.0
7,2019,1435,Case Keenum,QB,WAS,h,SF,3.08,4600.0
7,2019,1442,Blake Bortles,QB,LA,a,ATL,0.0,4500.0
7,2019,1542,Jarrett Stidham,QB,NE,a,NYJ,-0.2,4200.0
7,2019,1544,Tim Boyle,QB,GB,h,LV,-0.3,4400.0
7,2019,1524,Sam Darnold,QB,NYJ,h,NE,-1.66,5200.0
7,2019,5619,Chase Edmonds,RB,ARI,a,NYG,38.0,4700.0
7,2019,2899,Latavius Murray,RB,NO,a,CHI,35.0,5100.0
7,2019,5559,Dalvin Cook,RB,MIN,a,DET,30.9,8000.0
7,2019,5444,Ezekiel Elliott,RB,DAL,h,PHI,29.7,8100.0
7,2019,5575,Austin Ekeler,RB,LAC,a,TEN,28.5,6200.0
7,2019,5615,Sony Michel,RB,NE,a,NYJ,22.4,5600.0
7,2019,5534,Leonard Fournette,RB,JAX,a,CIN,19.5,7000.0
7,2019,5712,Josh Jacobs,RB,LV,a,GB,19.4,5000.0
7,2019,5543,Aaron Jones,RB,GB,h,LV,18.3,7100.0
7,2019,5445,Derrick Henry,RB,TEN,h,LAC,17.8,5800.0
7,2019,5614,Saquon Barkley,RB,NYG,h,ARI,17.0,8900.0
7,2019,5620,Royce Freeman,RB,DEN,h,KC,16.7,4700.0
7,2019,5541,Jamaal Williams,RB,GB,h,LV,13.1,4900.0
7,2019,2954,James White,RB,NE,a,NYJ,12.9,4900.0
7,2019,2992,Todd Gurley,RB,LA,a,ATL,12.4,6400.0
7,2019,5564,Tarik Cohen,RB,CHI,h,NO,11.9,4600.0
7,2019,5565,Chris Carson,RB,SEA,h,BAL,10.4,6500.0
7,2019,2991,Melvin Gordon,RB,LAC,a,TEN,9.9,5900.0
7,2019,5742,Ty Johnson,RB,DET,h,MIN,9.7,3800.0
7,2019,2707,LeSean McCoy,RB,KC,a,DEN,9.6,5000.0
7,2019,5446,Kenyan Drake,RB,MIA,a,BUF,8.8,4100.0
7,2019,5548,Marlon Mack,RB,IND,h,HOU,8.6,6000.0
7,2019,2888,Le'Veon Bell,RB,NYJ,h,NE,8.6,6000.0
7,2019,5581,C.J. Ham,RB,MIN,a,DET,8.4,3000.0
7,2019,2994,Tevin Coleman,RB,SF,a,WAS,8.1,5600.0
7,2019,2874,Brandon Bolden,RB,NE,a,NYJ,8.1,3500.0
7,2019,5586,J.D. McKissic,RB,DET,h,MIN,8.0,3000.0
7,2019,5447,Jordan Howard,RB,PHI,a,DAL,7.6,4800.0
7,2019,2467,Frank Gore,RB,BUF,h,MIA,7.6,5200.0
7,2019,2997,Duke Johnson,RB,HOU,a,IND,7.6,4100.0
7,2019,5535,Joe Mixon,RB,CIN,h,JAX,7.4,5000.0
7,2019,2553,Adrian Peterson,RB,WAS,h,SF,7.1,4100.0
7,2019,5629,Mark Walton,RB,MIA,a,BUF,6.8,3200.0
7,2019,5628,Kalen Ballage,RB,MIA,a,BUF,6.7,3600.0
7,2019,2793,Mark Ingram,RB,BAL,a,SEA,6.3,6600.0
7,2019,5517,Dan Vitale,RB,GB,h,LV,6.3,3000.0
7,2019,5714,Miles Sanders,RB,PHI,a,DAL,6.2,4700.0
7,2019,5473,Wendell Smallwood,RB,WAS,h,SF,5.1,3500.0
7,2019,5449,DeAndre Washington,RB,LV,a,GB,5.1,3200.0
7,2019,5716,Darrell Henderson,RB,LA,a,ATL,4.9,3500.0
7,2019,5624,Boston Scott,RB,PHI,a,DAL,4.7,3000.0
7,2019,5567,Matt Breida,RB,SF,a,WAS,4.6,5300.0
7,2019,2930,Devonta Freeman,RB,ATL,h,LA,4.5,5400.0
7,2019,5608,Brian Hill,RB,ATL,h,LA,4.5,3000.0
7,2019,5630,Phillip Lindsay,RB,DEN,h,KC,4.2,5700.0
7,2019,2805,Patrick DiMarco,RB,BUF,h,MIA,4.1,3000.0
7,2019,5681,Gus Edwards,RB,BAL,a,SEA,3.5,4200.0
7,2019,2933,Carlos Hyde,RB,HOU,a,IND,3.5,4700.0
7,2019,5482,Andy Janovich,RB,DEN,h,KC,3.2,3000.0
7,2019,5713,David Montgomery,RB,CHI,h,NO,2.9,4800.0
7,2019,5718,Tony Pollard,RB,DAL,h,PHI,2.8,4500.0
7,2019,5623,Nyheim Hines,RB,IND,h,HOU,2.6,4400.0
7,2019,2957,Damien Williams,RB,KC,a,DEN,2.6,5200.0
7,2019,5708,Darrel Williams,RB,KC,a,DEN,2.6,4200.0
7,2019,5717,Devin Singletary,RB,BUF,h,MIA,2.6,5400.0
7,2019,2912,Zach Line,RB,NO,a,CHI,2.5,3000.0
7,2019,5625,Jordan Wilkins,RB,IND,h,HOU,2.5,3900.0
7,2019,2889,Giovani Bernard,RB,CIN,h,JAX,2.4,4500.0
7,2019,5621,Kerryon Johnson,RB,DET,h,MIN,2.3,5100.0
7,2019,5703,Jeff Wilson Jr.,RB,SF,a,WAS,2.0,4200.0
7,2019,5720,Alexander Mattison,RB,MIN,a,DET,1.8,4600.0
7,2019,5490,Jalen Richard,RB,LV,a,GB,1.7,3800.0
7,2019,5397,Zach Zenner,RB,NO,a,CHI,1.7,0.0
7,2019,5448,C.J. Prosise,RB,SEA,h,BAL,1.7,3700.0
7,2019,5483,Dwayne Washington,RB,NO,a,CHI,1.6,3000.0
7,2019,5715,Damien Harris,RB,NE,a,NYJ,1.2,3000.0
7,2019,5627,John Kelly,RB,LA,a,ATL,0.9,3100.0
7,2019,5392,Ty Montgomery,RB,NYJ,h,NE,0.9,3700.0
7,2019,5658,Ito Smith,RB,ATL,h,LA,0.7,4500.0
7,2019,2822,Anthony Sherman,RB,KC,a,DEN,0.7,3000.0
7,2019,2819,Bilal Powell,RB,NYJ,h,NE,0.3,3400.0
7,2019,5745,Ryquell Armstead,RB,JAX,a,CIN,0.3,4300.0
7,2019,5782,Dexter Williams,RB,GB,h,LV,0.2,3800.0
7,2019,2816,Dion Lewis,RB,TEN,h,LAC,0.2,3900.0
7,2019,5395,David Johnson,RB,ARI,a,NYG,0.2,7800.0
7,2019,5414,Raheem Mostert,RB,SF,a,WAS,0.0,4600.0
7,2019,5662,Mike Boone,RB,MIN,a,DET,0.0,3000.0
7,2019,5719,Justice Hill,RB,BAL,a,SEA,0.0,3100.0
7,2019,5510,Troymaine Pope,RB,LAC,a,TEN,0.0,3200.0
7,2019,5663,Nick Bellore,RB,SEA,h,BAL,0.0,3000.0
7,2019,5320,Mike Davis,RB,CHI,h,NO,0.0,3400.0
7,2019,5741,Nick Bawden,RB,DET,h,MIN,0.0,3000.0
7,2019,5762,Cullen Gillaspia,RB,HOU,a,IND,0.0,3000.0
7,2019,5737,Chandler Cox,RB,MIA,a,BUF,0.0,3000.0
7,2019,5588,Elijhaa Penny,RB,NYG,h,ARI,0.0,4500.0
7,2019,2995,Ameer Abdullah,RB,MIN,a,DET,0.0,3000.0
7,2019,2887,Kenjon Barner,RB,ATL,h,LA,0.0,3000.0
7,2019,2974,Senorise Perry,RB,BUF,h,MIA,0.0,3100.0
7,2019,5763,Buddy Howell,RB,HOU,a,IND,0.0,3000.0
7,2019,5468,Devontae Booker,RB,DEN,h,KC,0.0,3000.0
7,2019,5738,Travis Homer,RB,SEA,h,BAL,0.0,3000.0
7,2019,5370,Javorius Allen,RB,NYG,h,ARI,0.0,4100.0
7,2019,5504,Derek Watt,RB,LAC,a,TEN,0.0,3000.0
7,2019,5492,Keith Smith,RB,ATL,h,LA,0.0,3000.0
7,2019,5470,Tyler Ervin,RB,JAX,a,CIN,0.0,3000.0
7,2019,2820,Taiwan Jones,RB,HOU,a,IND,0.0,3000.0
7,2019,5743,Patrick Ricard,RB,BAL,a,SEA,0.0,3000.0
7,2019,5764,Alec Ingold,RB,LV,a,GB,0.0,3100.0
7,2019,5618,Rashaad Penny,RB,SEA,h,BAL,0.0,4000.0
7,2019,2913,Jamize Olawale,RB,DAL,h,PHI,0.0,3100.0
7,2019,5547,Wayne Gallman,RB,NYG,h,ARI,0.0,5500.0
7,2019,5168,Marvin Jones,WR,DET,h,MIN,43.3,5000.0
7,2019,5647,Zach Pascal,WR,IND,h,HOU,31.6,4000.0
7,2019,5206,DeAndre Hopkins,WR,HOU,a,IND,28.6,7800.0
7,2019,5459,Michael Thomas,WR,NO,a,CHI,25.1,7900.0
7,2019,5258,Allen Robinson,WR,CHI,h,NO,24.7,5500.0
7,2019,5480,Alex Erickson,WR,CIN,h,JAX,24.5,3200.0
7,2019,5656,Marquez Valdes-Scantling,WR,GB,h,LV,24.3,5200.0
7,2019,5424,Stefon Diggs,WR,MIN,a,DET,24.2,6300.0
7,2019,3851,Danny Amendola,WR,DET,h,MIN,21.5,3800.0
7,2019,5603,Dede Westbrook,WR,JAX,a,CIN,20.7,4900.0
7,2019,5550,Corey Davis,WR,TEN,h,LAC,20.0,4000.0
7,2019,5151,T.Y. Hilton,WR,IND,h,HOU,19.4,5900.0
7,2019,5264,John Brown,WR,BUF,h,MIA,19.3,5500.0
7,2019,5376,Amari Cooper,WR,DAL,h,PHI,18.6,7200.0
7,2019,5212,Kenny Stills,WR,HOU,a,IND,17.5,4300.0
7,2019,5386,Tyler Lockett,WR,SEA,h,BAL,16.8,6600.0
7,2019,5380,DeVante Parker,WR,MIA,a,BUF,16.5,3800.0
7,2019,5485,Tyreek Hill,WR,KC,a,DEN,16.4,7500.0
7,2019,5089,Julio Jones,WR,ATL,h,LA,15.3,8000.0
7,2019,5637,Courtland Sutton,WR,DEN,h,KC,14.7,5200.0
7,2019,3995,Golden Tate,WR,NYG,h,ARI,14.0,5800.0
7,2019,5747,Olabisi Johnson,WR,MIN,a,DET,14.0,3000.0
7,2019,3826,Julian Edelman,WR,NE,a,NYJ,13.7,7000.0
7,2019,5384,Phillip Dorsett,WR,NE,a,NYJ,13.6,4800.0
7,2019,5217,Robert Woods,WR,LA,a,ATL,13.6,5900.0
7,2019,5704,Jake Kumerow,WR,GB,h,LV,13.4,3600.0
7,2019,5385,Chris Conley,WR,JAX,a,CIN,13.3,3500.0
7,2019,5755,Preston Williams,WR,MIA,a,BUF,13.2,3900.0
7,2019,5728,A.J. Brown,WR,TEN,h,LAC,12.2,3800.0
7,2019,5670,Keke Coutee,WR,HOU,a,IND,11.9,3600.0
7,2019,3983,Emmanuel Sanders,WR,DEN,h,KC,11.0,4900.0
7,2019,5552,Cooper Kupp,WR,LA,a,ATL,11.0,7400.0
7,2019,5727,Mecole Hardman,WR,KC,a,DEN,10.8,4500.0
7,2019,5163,Cole Beasley,WR,BUF,h,MIA,10.6,4700.0
7,2019,5208,Cordarrelle Patterson,WR,CHI,h,NO,10.3,3400.0
7,2019,5632,Anthony Miller,WR,CHI,h,NO,10.3,3900.0
7,2019,5659,D.J. Chark,WR,JAX,a,CIN,10.3,6000.0
7,2019,5198,Keenan Allen,WR,LAC,a,TEN,10.1,6700.0
7,2019,5461,Tajae Sharpe,WR,TEN,h,LAC,9.9,3200.0
7,2019,5598,Kendrick Bourne,WR,SF,a,WAS,9.9,3000.0
7,2019,5255,Brandin Cooks,WR,LA,a,ATL,9.9,5400.0
7,2019,5749,Jakobi Meyers,WR,NE,a,NYJ,9.7,4000.0
7,2019,5455,Tyler Boyd,WR,CIN,h,JAX,9.5,5600.0
7,2019,5696,Auden Tate,WR,CIN,h,JAX,9.5,4500.0
7,2019,5333,Adam Thielen,WR,MIN,a,DET,9.5,6900.0
7,2019,5229,Jaron Brown,WR,SEA,h,BAL,9.0,3700.0
7,2019,5594,Mike Williams,WR,LAC,a,TEN,8.7,4600.0
7,2019,5770,Keelan Doss,WR,LV,a,GB,8.4,3000.0
7,2019,5341,Allen Hurns,WR,MIA,a,BUF,8.3,3100.0
7,2019,5725,D.K. Metcalf,WR,SEA,h,BAL,8.3,4800.0
7,2019,5412,Adam Humphries,WR,TEN,h,LAC,8.0,3400.0
7,2019,5199,Tavon Austin,WR,DAL,h,PHI,8.0,3700.0
7,2019,5671,Javon Wims,WR,CHI,h,NO,7.6,3500.0
7,2019,5748,Miles Boykin,WR,BAL,a,SEA,7.5,3500.0
7,2019,5353,Bennie Fowler,WR,NYG,h,ARI,7.5,0.0
7,2019,5511,Geronimo Allison,WR,GB,h,LV,7.3,4900.0
7,2019,5268,Cody Latimer,WR,NYG,h,ARI,7.3,3500.0
7,2019,5711,Allen Lazard,WR,GB,h,LV,7.2,3000.0
7,2019,3997,Demaryius Thomas,WR,NYJ,h,NE,7.2,3500.0
7,2019,5570,Keelan Cole,WR,JAX,a,CIN,7.2,3300.0
7,2019,5631,Calvin Ridley,WR,ATL,h,LA,7.0,5300.0
7,2019,5462,Pharoh Cooper,WR,ARI,a,NYG,6.9,3100.0
7,2019,3670,Ted Ginn Jr.,WR,NO,a,CHI,6.8,3600.0
7,2019,5410,Jamison Crowder,WR,NYJ,h,NE,6.6,4000.0
7,2019,5634,Michael Gallup,WR,DAL,h,PHI,6.4,6500.0
7,2019,5515,Demarcus Robinson,WR,KC,a,DEN,6.1,5000.0
7,2019,5153,Alshon Jeffery,WR,PHI,a,DAL,5.8,6000.0
7,2019,5595,Marvin Hall,WR,DET,h,MIN,5.7,3100.0
7,2019,5652,Trey Quinn,WR,WAS,h,SF,5.0,3400.0
7,2019,5674,Richie James,WR,SF,a,WAS,5.0,3000.0
7,2019,5125,Randall Cobb,WR,DAL,h,PHI,4.9,5000.0
7,2019,5767,Darius Slayton,WR,NYG,h,ARI,4.8,4100.0
7,2019,5698,Marcell Ateman,WR,LV,a,GB,4.6,3100.0
7,2019,5498,Trevor Davis,WR,LV,a,GB,4.6,3300.0
7,2019,5378,Nelson Agholor,WR,PHI,a,DAL,4.4,4100.0
7,2019,5500,Chester Rogers,WR,IND,h,HOU,4.4,3700.0
7,2019,5387,Justin Hardy,WR,ATL,h,LA,3.9,3000.0
7,2019,5753,Steven Sims Jr.,WR,WAS,h,SF,3.5,3100.0
7,2019,5761,Hunter Renfrow,WR,LV,a,GB,3.4,4100.0
7,2019,5702,Malik Turner,WR,SEA,h,BAL,3.4,3700.0
7,2019,5777,Duke Williams,WR,BUF,h,MIA,3.3,4100.0
7,2019,5339,Albert Wilson,WR,MIA,a,BUF,3.2,3600.0
7,2019,5554,Kenny Golladay,WR,DET,h,MIN,3.1,5800.0
7,2019,5574,Isaiah McKenzie,WR,BUF,h,MIA,3.1,3400.0
7,2019,5734,Andy Isabella,WR,ARI,a,NYG,2.8,3100.0
7,2019,5655,David Moore,WR,SEA,h,BAL,2.4,3400.0
7,2019,5640,DaeSean Hamilton,WR,DEN,h,KC,2.4,3600.0
7,2019,3501,Larry Fitzgerald,WR,ARI,a,NYG,2.2,6100.0
7,2019,5757,Terry McLaurin,WR,WAS,h,SF,2.1,6100.0
7,2019,5502,Robby Anderson,WR,NYJ,h,NE,2.0,4500.0
7,2019,5408,Seth Roberts,WR,BAL,a,SEA,1.9,3000.0
7,2019,5361,Taylor Gabriel,WR,CHI,h,NO,1.6,3900.0
7,2019,5454,Will Fuller,WR,HOU,a,IND,1.6,6200.0
7,2019,5731,KeeSean Johnson,WR,ARI,a,NYG,1.6,3900.0
7,2019,5765,Diontae Spencer,WR,DEN,h,KC,1.5,3000.0
7,2019,5531,Damiere Byrd,WR,ARI,a,NYG,1.4,4000.0
7,2019,5699,Trent Sherfield,WR,ARI,a,NYG,1.4,3000.0
7,2019,5479,Chris Moore,WR,BAL,a,SEA,1.3,3100.0
7,2019,5680,Russell Gage,WR,ATL,h,LA,1.3,3000.0
7,2019,5159,Mohamed Sanu,WR,ATL,h,LA,1.3,4600.0
7,2019,5287,Willie Snead,WR,BAL,a,SEA,0.2,4200.0
7,2019,5641,Braxton Berrios,WR,NYJ,h,NE,0.1,3000.0
7,2019,5578,Mack Hollins,WR,PHI,a,DAL,0.0,3300.0
7,2019,5759,Byron Pringle,WR,KC,a,DEN,0.0,3700.0
7,2019,5648,Austin Carr,WR,NO,a,CHI,0.0,3000.0
7,2019,5752,Gunner Olszewski,WR,NE,a,NYJ,0.0,3300.0
7,2019,5756,Damion Willis,WR,CIN,h,JAX,0.0,3000.0
7,2019,5766,Cedrick Wilson,WR,DAL,h,PHI,0.0,3000.0
7,2019,5433,Darius Jennings,WR,TEN,h,LAC,0.0,3000.0
7,2019,5399,Geremy Davis,WR,LAC,a,TEN,0.0,3300.0
7,2019,2958,De'Anthony Thomas,WR,KC,a,DEN,0.0,3000.0
7,2019,5503,Mike Thomas,WR,LA,a,ATL,0.0,3000.0
7,2019,5602,JoJo Natson,WR,LA,a,ATL,0.0,3000.0
7,2019,5781,Jason Moore,WR,LAC,a,TEN,0.0,3100.0
7,2019,5205,Marquise Goodwin,WR,SF,a,WAS,0.0,4800.0
7,2019,5779,Stanley Morgan,WR,CIN,h,JAX,0.0,3100.0
7,2019,5775,Fred Brown,WR,DEN,h,KC,0.0,3100.0
7,2019,5750,Deon Cain,WR,IND,h,HOU,0.0,3200.0
7,2019,5653,Vyncint Smith,WR,NYJ,h,NE,0.0,3000.0
7,2019,5751,Kelvin Harmon,WR,WAS,h,SF,0.0,3000.0
7,2019,5453,Laquon Treadwell,WR,MIN,a,DET,0.0,3000.0
7,2019,3978,Andre Roberts,WR,BUF,h,MIA,0.0,3000.0
7,2019,5260,Paul Richardson,WR,WAS,h,SF,0.0,4200.0
7,2019,5773,Andre Patton,WR,LAC,a,TEN,0.0,3200.0
7,2019,3760,Matthew Slater,WR,NE,a,NYJ,0.0,3000.0
7,2019,5654,DeAndre Carter,WR,HOU,a,IND,0.0,3200.0
7,2019,5732,JJ Arcega-Whiteside,WR,PHI,a,DAL,0.0,3000.0
7,2019,5582,Josh Reynolds,WR,LA,a,ATL,0.0,3400.0
7,2019,5518,Cody Core,WR,NYG,h,ARI,0.0,3000.0
7,2019,5254,Jordan Matthews,WR,SF,a,WAS,0.0,3200.0
7,2019,5706,Isaiah Ford,WR,MIA,a,BUF,0.0,3100.0
7,2019,5774,Darrius Shepherd,WR,GB,h,LV,0.0,3500.0
7,2019,5486,Jakeem Grant,WR,MIA,a,BUF,0.0,3400.0
7,2019,5771,Lil'Jordan Humphrey,WR,NO,a,CHI,0.0,3100.0
7,2019,5191,Josh Bellamy,WR,NYJ,h,NE,0.0,3100.0
7,2019,5760,Deonte Harris,WR,NO,a,CHI,0.0,3100.0
7,2019,5638,Dante Pettis,WR,SF,a,WAS,0.0,4100.0
7,2019,5419,Darren Waller,TE,LV,a,GB,34.6,4700.0
7,2019,4601,Eric Ebron,TE,IND,h,HOU,17.0,3900.0
7,2019,4537,Kyle Rudolph,TE,MIN,a,DET,16.8,2900.0
7,2019,4492,Jimmy Graham,TE,GB,h,LV,16.5,4200.0
7,2019,4725,Dallas Goedert,TE,PHI,a,DAL,15.9,2900.0
7,2019,4675,Hunter Henry,TE,LAC,a,TEN,15.7,4000.0
7,2019,4705,Gerald Everett,TE,LA,a,ATL,15.0,3700.0
7,2019,4677,Austin Hooper,TE,ATL,h,LA,14.6,5300.0
7,2019,4586,Josh Hill,TE,NO,a,CHI,13.3,2600.0
7,2019,4554,Rhett Ellison,TE,NYG,h,ARI,11.3,3400.0
7,2019,4757,Irv Smith Jr.,TE,MIN,a,DET,11.0,2600.0
7,2019,4760,Foster Moreau,TE,LV,a,GB,10.4,2700.0
7,2019,4582,Travis Kelce,TE,KC,a,DEN,10.4,6900.0
7,2019,4706,Jonnu Smith,TE,TEN,h,LAC,9.4,2800.0
7,2019,4719,Mike Gesicki,TE,MIA,a,BUF,8.1,2600.0
7,2019,4262,Jason Witten,TE,DAL,h,PHI,7.3,3700.0
7,2019,4733,Blake Jarwin,TE,DAL,h,PHI,7.1,2900.0
7,2019,4703,George Kittle,TE,SF,a,WAS,6.8,6700.0
7,2019,4709,Adam Shaheen,TE,CHI,h,NO,6.4,2600.0
7,2019,4749,T.J. Hockenson,TE,DET,h,MIN,6.2,3600.0
7,2019,4721,Mark Andrews,TE,BAL,a,SEA,5.9,4900.0
7,2019,4569,Zach Ertz,TE,PHI,a,DAL,5.8,5500.0
7,2019,4594,Jack Doyle,TE,IND,h,HOU,5.1,3500.0
7,2019,4707,Jacob Hollister,TE,SEA,h,BAL,5.0,2900.0
7,2019,4292,Ben Watson,TE,NE,a,NYJ,4.8,2500.0
7,2019,4609,Darren Fells,TE,HOU,a,IND,4.7,3100.0
7,2019,4599,Derek Carrier,TE,LV,a,GB,4.2,2500.0
7,2019,4750,Dawson Knox,TE,BUF,h,MIA,4.2,3300.0
7,2019,4738,Anthony Firkser,TE,TEN,h,LAC,3.7,2500.0
7,2019,4729,Jordan Akins,TE,HOU,a,IND,3.7,3200.0
7,2019,4714,Jeremy Sprinkle,TE,WAS,h,SF,3.3,2600.0
7,2019,4618,Trey Burton,TE,CHI,h,NO,3.1,3200.0
7,2019,4568,Tyler Eifert,TE,CIN,h,JAX,3.0,3000.0
7,2019,4660,Nick Boyle,TE,BAL,a,SEA,3.0,2900.0
7,2019,4543,Charles Clay,TE,ARI,a,NYG,2.2,2600.0
7,2019,4720,Hayden Hurst,TE,BAL,a,SEA,2.0,3000.0
7,2019,4542,Virgil Green,TE,LAC,a,TEN,1.9,2700.0
7,2019,4535,Lee Smith,TE,BUF,h,MIA,1.9,2500.0
7,2019,4680,Tyler Higbee,TE,LA,a,ATL,1.8,2900.0
7,2019,4653,Jesse James,TE,DET,h,MIN,1.7,2700.0
7,2019,4748,Noah Fant,TE,DEN,h,KC,1.7,3000.0
7,2019,4701,Evan Engram,TE,NYG,h,ARI,1.6,6500.0
7,2019,4650,Maxx Williams,TE,ARI,a,NYG,1.5,2700.0
7,2019,4756,Drew Sample,TE,CIN,h,JAX,1.3,2500.0
7,2019,4577,Levine Toilolo,TE,SF,a,WAS,1.2,2500.0
7,2019,4745,Ross Dwelley,TE,SF,a,WAS,1.2,2500.0
7,2019,4704,Eric Tomlinson,TE,NE,a,NYJ,1.1,0.0
7,2019,4592,Ryan Griffin,TE,NYJ,h,NE,1.1,2700.0
7,2019,4391,Clark Harris,TE,CIN,h,JAX,0.0,2500.0
7,2019,4765,Jaeden Graham,TE,ATL,h,LA,0.0,2500.0
7,2019,4761,Andrew Beck,TE,DEN,h,KC,0.0,2500.0
7,2019,1463,Logan Thomas,TE,DET,h,MIN,0.0,2500.0
7,2019,4324,Marcedes Lewis,TE,GB,h,LV,0.0,2700.0
7,2019,4759,James Winchester,TE,KC,a,DEN,0.0,2500.0
7,2019,4360,Delanie Walker,TE,TEN,h,LAC,0.0,3800.0
7,2019,4711,Cethan Carter,TE,CIN,h,JAX,0.0,2500.0
7,2019,4742,Dalton Schultz,TE,DAL,h,PHI,0.0,2500.0
7,2019,4661,Nick O'Leary,TE,JAX,a,CIN,0.0,2500.0
7,2019,4656,C.J. Uzomah,TE,CIN,h,JAX,0.0,2600.0
7,2019,4747,Johnny Mundt,TE,LA,a,ATL,0.0,2500.0
7,2019,4676,Jeff Heuerman,TE,DEN,h,KC,0.0,2600.0
7,2019,4538,Lance Kendricks,TE,LAC,a,TEN,0.0,2800.0
7,2019,4763,J.P. Holtz,TE,CHI,h,NO,0.0,2500.0
7,2019,4578,Luke Willson,TE,SEA,h,BAL,0.0,3000.0
7,2019,4689,Ben Koyack,TE,JAX,a,CIN,0.0,2600.0
7,2019,4690,Seth DeValve,TE,JAX,a,CIN,0.0,2500.0
7,2019,4736,Mo Alie-Cox,TE,IND,h,HOU,0.0,2500.0
7,2019,4669,MyCole Pruitt,TE,TEN,h,LAC,0.0,2500.0
7,2019,4652,Tyler Kroft,TE,BUF,h,MIA,0.0,3000.0
7,2019,4666,Blake Bell,TE,KC,a,DEN,0.0,2500.0
7,2019,4764,Deon Yelder,TE,KC,a,DEN,0.0,2500.0
7,2019,4708,Darrell Daniels,TE,ARI,a,NYG,0.0,2600.0
7,2019,4532,Luke Stocker,TE,ATL,h,LA,0.0,2500.0
7,2019,5436,Daniel Brown,TE,NYJ,h,NE,0.0,2500.0
7,2019,4691,Ben Braunecker,TE,CHI,h,NO,0.0,2500.0
7,2019,4737,Durham Smythe,TE,MIA,a,BUF,0.0,2500.0
7,2019,4732,Tyler Conklin,TE,MIN,a,DET,0.0,2500.0
7,2019,4758,Trevon Wesco,TE,NYJ,h,NE,0.0,2500.0
7,2019,7018,New England,Def,NE,a,NYJ,25.0,4400.0
7,2019,7015,Kansas City,Def,KC,a,DEN,24.0,2800.0
7,2019,7025,LA Rams,Def,LA,a,ATL,21.0,2700.0
7,2019,7003,Baltimore,Def,BAL,a,SEA,18.0,2200.0
7,2019,7014,Jacksonville,Def,JAX,a,CIN,17.0,3500.0
7,2019,7009,Dallas,Def,DAL,h,PHI,15.0,2600.0
7,2019,7027,San Francisco,Def,SF,a,WAS,15.0,4100.0
7,2019,7001,Arizona,Def,ARI,a,NYG,14.0,2400.0
7,2019,7004,Buffalo,Def,BUF,h,MIA,11.0,4300.0
7,2019,7019,New Orleans,Def,NO,a,CHI,10.0,2900.0
7,2019,7020,New York G,Def,NYG,h,ARI,10.0,2500.0
7,2019,7013,Indianapolis,Def,IND,h,HOU,9.0,2000.0
7,2019,7031,Washington,Def,WAS,h,SF,8.0,1700.0
7,2019,7006,Chicago,Def,CHI,h,NO,6.0,3000.0
7,2019,7012,Green Bay,Def,GB,h,LV,4.0,3400.0
7,2019,7030,Tennessee,Def,TEN,h,LAC,4.0,3200.0
7,2019,7026,LA Chargers,Def,LAC,a,TEN,4.0,3100.0
7,2019,7017,Minnesota,Def,MIN,a,DET,3.0,3100.0
7,2019,7007,Cincinnati,Def,CIN,h,JAX,2.0,2100.0
7,2019,7032,Houston,Def,HOU,a,IND,2.0,3000.0
7,2019,7028,Seattle,Def,SEA,h,BAL,2.0,2800.0
7,2019,7010,Denver,Def,DEN,h,KC,1.0,2000.0
7,2019,7023,Philadelphia,Def,PHI,a,DAL,1.0,2500.0
7,2019,7021,New York J,Def,NYJ,h,NE,1.0,2100.0
7,2019,7016,Miami,Def,MIA,a,BUF,1.0,1500.0
7,2019,7002,Atlanta,Def,ATL,h,LA,-1.0,2300.0
7,2019,7022,Oakland,Def,LV,a,GB,-3.0,1900.0
7,2019,7011,Detroit,Def,DET,h,MIN,-4.0,2300.0
8,2019,1539,Daniel Jones,QB,NYG,a,DET,32.18,5800.0
8,2019,1252,Aaron Rodgers,QB,GB,a,KC,30.1,7000.0
8,2019,1151,Drew Brees,QB,NO,h,ARI,28.92,6300.0
8,2019,1518,Deshaun Watson,QB,HOU,h,LV,27.76,7100.0
8,2019,1340,Matthew Stafford,QB,DET,h,NYG,27.38,6100.0
8,2019,1465,Jameis Winston,QB,TB,a,TEN,26.34,5900.0
8,2019,1490,Jared Goff,QB,LA,h,CIN,25.88,6800.0
8,2019,1234,Matt Schaub,QB,ATL,h,SEA,25.4,4700.0
8,2019,1540,Gardner Minshew,QB,JAX,h,NYJ,24.96,5500.0
8,2019,1441,Derek Carr,QB,LV,a,HOU,23.4,5000.0
8,2019,1403,Andy Dalton,QB,CIN,a,LA,21.16,5000.0
8,2019,1410,Ryan Tannehill,QB,TEN,h,TB,19.42,5100.0
8,2019,1298,Matt Moore,QB,KC,h,GB,18.98,4900.0
8,2019,1131,Tom Brady,QB,NE,h,CLE,18.36,6600.0
8,2019,1529,Josh Allen,QB,BUF,h,PHI,18.26,6500.0
8,2019,1526,Mason Rudolph,QB,PIT,h,MIA,17.04,5300.0
8,2019,1412,Russell Wilson,QB,SEA,a,ATL,15.68,7200.0
8,2019,1524,Sam Darnold,QB,NYJ,a,JAX,15.62,5500.0
8,2019,1530,Taysom Hill,QB,NO,h,ARI,15.3,4400.0
8,2019,1514,Carson Wentz,QB,PHI,a,BUF,14.38,5600.0
8,2019,1242,Ryan Fitzpatrick,QB,MIA,a,PIT,14.3,4700.0
8,2019,1452,Jimmy Garoppolo,QB,SF,h,CAR,14.0,5700.0
8,2019,1528,Baker Mayfield,QB,CLE,a,NE,12.56,5000.0
8,2019,1415,Kirk Cousins,QB,MIN,h,WAS,11.6,6700.0
8,2019,1231,Philip Rivers,QB,LAC,a,CHI,11.04,5300.0
8,2019,1496,Jacoby Brissett,QB,IND,h,DEN,10.48,5600.0
8,2019,1537,Kyler Murray,QB,ARI,a,NO,10.1,6200.0
8,2019,1519,Mitchell Trubisky,QB,CHI,h,LAC,9.12,4900.0
8,2019,1302,Joe Flacco,QB,DEN,a,IND,7.86,4800.0
8,2019,1435,Case Keenum,QB,WAS,a,MIN,4.2,4700.0
8,2019,1536,Kyle Allen,QB,CAR,a,SF,3.32,5200.0
8,2019,1538,Dwayne Haskins,QB,WAS,a,MIN,0.32,4600.0
8,2019,1470,Brett Hundley,QB,ARI,a,NO,0.0,4200.0
8,2019,1439,Teddy Bridgewater,QB,NO,h,ARI,-0.2,5900.0
8,2019,1534,Nick Mullens,QB,SF,h,CAR,-0.3,4100.0
8,2019,5543,Aaron Jones,RB,GB,a,KC,44.6,6800.0
8,2019,2994,Tevin Coleman,RB,SF,h,CAR,40.8,5000.0
8,2019,2899,Latavius Murray,RB,NO,h,ARI,39.7,5800.0
8,2019,5536,Christian McCaffrey,RB,CAR,a,SF,30.5,9200.0
8,2019,5614,Saquon Barkley,RB,NYG,a,DET,28.3,8900.0
8,2019,5559,Dalvin Cook,RB,MIN,h,WAS,28.1,8700.0
8,2019,5713,David Montgomery,RB,CHI,h,LAC,27.7,4400.0
8,2019,5537,James Conner,RB,PIT,h,MIA,27.0,7700.0
8,2019,5714,Miles Sanders,RB,PHI,a,BUF,22.8,4200.0
8,2019,5534,Leonard Fournette,RB,JAX,h,NYJ,20.6,7800.0
8,2019,5541,Jamaal Williams,RB,GB,a,KC,18.6,4800.0
8,2019,5447,Jordan Howard,RB,PHI,a,BUF,18.1,4600.0
8,2019,5535,Joe Mixon,RB,CIN,a,LA,17.7,4600.0
8,2019,2930,Devonta Freeman,RB,ATL,h,SEA,17.2,5500.0
8,2019,5548,Marlon Mack,RB,IND,h,DEN,16.0,6100.0
8,2019,5622,Nick Chubb,RB,CLE,a,NE,15.8,6600.0
8,2019,5565,Chris Carson,RB,SEA,a,ATL,15.0,7000.0
8,2019,5717,Devin Singletary,RB,BUF,h,PHI,14.9,4400.0
8,2019,2997,Duke Johnson,RB,HOU,h,LV,13.4,3800.0
8,2019,5630,Phillip Lindsay,RB,DEN,a,IND,12.6,5600.0
8,2019,2553,Adrian Peterson,RB,WAS,a,MIN,12.3,4300.0
8,2019,5414,Raheem Mostert,RB,SF,h,CAR,12.0,3700.0
8,2019,2954,James White,RB,NE,h,CLE,11.9,5100.0
8,2019,5620,Royce Freeman,RB,DEN,a,IND,11.5,5500.0
8,2019,2991,Melvin Gordon,RB,LAC,a,CHI,11.4,5400.0
8,2019,2992,Todd Gurley,RB,LA,h,CIN,10.4,7400.0
8,2019,5575,Austin Ekeler,RB,LAC,a,CHI,10.2,5900.0
8,2019,5712,Josh Jacobs,RB,LV,a,HOU,10.1,5800.0
8,2019,2707,LeSean McCoy,RB,KC,h,GB,9.3,5000.0
8,2019,2957,Damien Williams,RB,KC,h,GB,9.0,5300.0
8,2019,5716,Darrell Henderson,RB,LA,h,CIN,8.9,4000.0
8,2019,5608,Brian Hill,RB,ATL,h,SEA,8.9,3800.0
8,2019,5720,Alexander Mattison,RB,MIN,h,WAS,8.4,4500.0
8,2019,2933,Carlos Hyde,RB,HOU,h,LV,8.3,4700.0
8,2019,5445,Derrick Henry,RB,TEN,h,TB,8.3,6000.0
8,2019,5623,Nyheim Hines,RB,IND,h,DEN,7.6,4200.0
8,2019,5564,Tarik Cohen,RB,CHI,h,LAC,7.6,4700.0
8,2019,5629,Mark Walton,RB,MIA,a,PIT,7.4,3300.0
8,2019,5615,Sony Michel,RB,NE,h,CLE,7.4,5200.0
8,2019,5683,Dontrell Hilliard,RB,CLE,a,NE,7.4,4300.0
8,2019,2889,Giovani Bernard,RB,CIN,a,LA,6.5,4100.0
8,2019,2888,Le'Veon Bell,RB,NYJ,a,JAX,6.5,6900.0
8,2019,5617,Ronald Jones,RB,TB,a,TEN,6.2,4300.0
8,2019,5567,Matt Breida,RB,SF,h,CAR,6.0,4800.0
8,2019,5624,Boston Scott,RB,PHI,a,BUF,5.6,3000.0
8,2019,5618,Rashaad Penny,RB,SEA,a,ATL,5.5,4200.0
8,2019,5742,Ty Johnson,RB,DET,h,NYG,4.8,4900.0
8,2019,5490,Jalen Richard,RB,LV,a,HOU,4.7,4000.0
8,2019,5483,Dwayne Washington,RB,NO,h,ARI,3.8,3000.0
8,2019,5507,Peyton Barber,RB,TB,a,TEN,3.8,4000.0
8,2019,5449,DeAndre Washington,RB,LV,a,HOU,3.7,3100.0
8,2019,2467,Frank Gore,RB,BUF,h,PHI,3.4,4000.0
8,2019,5776,Tra Carson,RB,DET,h,NYG,3.4,3200.0
8,2019,5619,Chase Edmonds,RB,ARI,a,NO,3.3,6200.0
8,2019,5586,J.D. McKissic,RB,DET,h,NYG,3.1,3900.0
8,2019,5473,Wendell Smallwood,RB,WAS,a,MIN,3.0,3600.0
8,2019,5547,Wayne Gallman,RB,NYG,a,DET,3.0,4700.0
8,2019,2912,Zach Line,RB,NO,h,ARI,2.9,3000.0
8,2019,5628,Kalen Ballage,RB,MIA,a,PIT,2.9,3800.0
8,2019,5482,Andy Janovich,RB,DEN,a,IND,2.9,3000.0
8,2019,5403,Roosevelt Nix,RB,PIT,h,MIA,2.4,3000.0
8,2019,2890,Rex Burkhead,RB,NE,h,CLE,2.3,4300.0
8,2019,5397,Zach Zenner,RB,ARI,a,NO,2.3,3000.0
8,2019,5320,Mike Davis,RB,CHI,h,LAC,1.8,3000.0
8,2019,5735,Reggie Bonnafon,RB,CAR,a,SF,1.7,3100.0
8,2019,5740,Benny Snell,RB,PIT,h,MIA,1.3,4000.0
8,2019,2816,Dion Lewis,RB,TEN,h,TB,1.2,3900.0
8,2019,2819,Bilal Powell,RB,NYJ,a,JAX,1.1,3000.0
8,2019,5697,Dare Ogunbowale,RB,TB,a,TEN,1.1,3200.0
8,2019,5708,Darrel Williams,RB,KC,h,GB,1.0,3500.0
8,2019,5744,Darwin Thompson,RB,KC,h,GB,0.9,3000.0
8,2019,5723,Jordan Scarlett,RB,CAR,a,SF,0.9,4000.0
8,2019,5745,Ryquell Armstead,RB,JAX,h,NYJ,0.7,4500.0
8,2019,5703,Jeff Wilson Jr.,RB,SF,h,CAR,0.6,3900.0
8,2019,5625,Jordan Wilkins,RB,IND,h,DEN,0.5,3300.0
8,2019,5472,Paul Perkins,RB,DET,h,NYG,0.4,0.0
8,2019,5588,Elijhaa Penny,RB,NYG,a,DET,0.3,3000.0
8,2019,5504,Derek Watt,RB,LAC,a,CHI,0.2,3000.0
8,2019,5764,Alec Ingold,RB,LV,a,HOU,0.2,3000.0
8,2019,2887,Kenjon Barner,RB,ATL,h,SEA,0.1,3000.0
8,2019,5662,Mike Boone,RB,MIN,h,WAS,0.0,3000.0
8,2019,5415,Michael Burton,RB,WAS,a,MIN,0.0,3100.0
8,2019,5510,Troymaine Pope,RB,LAC,a,CHI,0.0,3000.0
8,2019,5663,Nick Bellore,RB,SEA,a,ATL,0.0,3000.0
8,2019,5581,C.J. Ham,RB,MIN,h,WAS,0.0,3000.0
8,2019,5782,Dexter Williams,RB,GB,a,KC,0.0,3000.0
8,2019,5741,Nick Bawden,RB,DET,h,NYG,0.0,3000.0
8,2019,5762,Cullen Gillaspia,RB,HOU,h,LV,0.0,3000.0
8,2019,5737,Chandler Cox,RB,MIA,a,PIT,0.0,3000.0
8,2019,2995,Ameer Abdullah,RB,MIN,h,WAS,0.0,3000.0
8,2019,5573,Trey Edmunds,RB,PIT,h,MIA,0.0,3000.0
8,2019,2974,Senorise Perry,RB,BUF,h,PHI,0.0,3000.0
8,2019,2822,Anthony Sherman,RB,KC,h,GB,0.0,3000.0
8,2019,2874,Brandon Bolden,RB,NE,h,CLE,0.0,3500.0
8,2019,5746,D'Ernest Johnson,RB,CLE,a,NE,0.0,3000.0
8,2019,5763,Buddy Howell,RB,HOU,h,LV,0.0,3000.0
8,2019,5468,Devontae Booker,RB,DEN,a,IND,0.0,3000.0
8,2019,5738,Travis Homer,RB,SEA,a,ATL,0.0,3000.0
8,2019,5370,Javorius Allen,RB,NYG,a,DET,0.0,3000.0
8,2019,5492,Keith Smith,RB,ATL,h,SEA,0.0,3000.0
8,2019,5644,Alex Armah,RB,CAR,a,SF,0.0,3000.0
8,2019,5470,Tyler Ervin,RB,JAX,h,NYJ,0.0,3000.0
8,2019,2820,Taiwan Jones,RB,HOU,h,LV,0.0,3000.0
8,2019,3191,Rod Smith,RB,TEN,h,TB,0.0,3000.0
8,2019,2805,Patrick DiMarco,RB,BUF,h,PHI,0.0,3000.0
8,2019,5627,John Kelly,RB,LA,h,CIN,0.0,3000.0
8,2019,5392,Ty Montgomery,RB,NYJ,a,JAX,0.0,4000.0
8,2019,5626,T.J. Logan,RB,TB,a,TEN,0.0,3000.0
8,2019,5517,Dan Vitale,RB,GB,a,KC,0.0,3000.0
8,2019,5253,Mike Evans,WR,TB,a,TEN,45.8,6600.0
8,2019,5552,Cooper Kupp,WR,LA,h,CIN,38.0,7500.0
8,2019,5554,Kenny Golladay,WR,DET,h,NYG,32.3,6400.0
8,2019,5459,Michael Thomas,WR,NO,h,ARI,30.3,8000.0
8,2019,5089,Julio Jones,WR,ATL,h,SEA,28.2,7700.0
8,2019,3826,Julian Edelman,WR,NE,h,CLE,27.5,6900.0
8,2019,5206,DeAndre Hopkins,WR,HOU,h,LV,24.9,8100.0
8,2019,5553,JuJu Smith-Schuster,WR,PIT,h,MIA,24.3,6500.0
8,2019,5385,Chris Conley,WR,JAX,h,NYJ,23.3,3300.0
8,2019,5424,Stefon Diggs,WR,MIN,h,WAS,23.3,8000.0
8,2019,5659,D.J. Chark,WR,JAX,h,NYJ,19.9,6000.0
8,2019,5754,Diontae Johnson,WR,PIT,h,MIA,19.4,4700.0
8,2019,5386,Tyler Lockett,WR,SEA,a,ATL,19.0,7000.0
8,2019,5767,Darius Slayton,WR,NYG,a,DET,19.0,3900.0
8,2019,5761,Hunter Renfrow,WR,LV,a,HOU,18.8,3800.0
8,2019,5432,Tyrell Williams,WR,LV,a,HOU,18.1,5500.0
8,2019,5636,Christian Kirk,WR,ARI,a,NO,17.8,4700.0
8,2019,3851,Danny Amendola,WR,DET,h,NYG,17.5,4100.0
8,2019,3995,Golden Tate,WR,NYG,a,DET,16.5,5800.0
8,2019,5725,D.K. Metcalf,WR,SEA,a,ATL,16.3,5000.0
8,2019,5582,Josh Reynolds,WR,LA,h,CIN,16.2,3000.0
8,2019,5480,Alex Erickson,WR,CIN,a,LA,15.7,3700.0
8,2019,5485,Tyreek Hill,WR,KC,h,GB,14.1,7600.0
8,2019,5726,Deebo Samuel,WR,SF,h,CAR,13.8,4000.0
8,2019,5727,Mecole Hardman,WR,KC,h,GB,13.5,4600.0
8,2019,5163,Cole Beasley,WR,BUF,h,PHI,13.1,4200.0
8,2019,5631,Calvin Ridley,WR,ATL,h,SEA,13.0,5600.0
8,2019,5455,Tyler Boyd,WR,CIN,a,LA,12.8,5100.0
8,2019,5680,Russell Gage,WR,ATL,h,SEA,12.8,3000.0
8,2019,3983,Emmanuel Sanders,WR,SF,h,CAR,12.5,4600.0
8,2019,5198,Keenan Allen,WR,LAC,a,CHI,12.3,6400.0
8,2019,5380,DeVante Parker,WR,MIA,a,PIT,11.9,4200.0
8,2019,5595,Marvin Hall,WR,DET,h,NYG,11.9,3000.0
8,2019,5335,Jarvis Landry,WR,CLE,a,NE,11.5,4800.0
8,2019,5696,Auden Tate,WR,CIN,a,LA,11.5,4200.0
8,2019,3997,Demaryius Thomas,WR,NYJ,a,JAX,11.3,3300.0
8,2019,5258,Allen Robinson,WR,CHI,h,LAC,11.2,6000.0
8,2019,5461,Tajae Sharpe,WR,TEN,h,TB,10.8,3200.0
8,2019,5153,Alshon Jeffery,WR,PHI,a,BUF,10.4,5200.0
8,2019,5264,John Brown,WR,BUF,h,PHI,10.4,5900.0
8,2019,5579,Chris Godwin,WR,TB,a,TEN,10.3,7100.0
8,2019,5637,Courtland Sutton,WR,DEN,a,IND,10.2,5300.0
8,2019,5323,Odell Beckham Jr.,WR,CLE,a,NE,10.2,6500.0
8,2019,5594,Mike Williams,WR,LAC,a,CHI,9.9,4000.0
8,2019,5632,Anthony Miller,WR,CHI,h,LAC,9.7,3500.0
8,2019,5252,Sammy Watkins,WR,KC,h,GB,9.5,5000.0
8,2019,5361,Taylor Gabriel,WR,CHI,h,LAC,9.3,3800.0
8,2019,5711,Allen Lazard,WR,GB,a,KC,9.2,3700.0
8,2019,5570,Keelan Cole,WR,JAX,h,NYJ,9.2,3200.0
8,2019,5728,A.J. Brown,WR,TEN,h,TB,9.1,4100.0
8,2019,5633,D.J. Moore,WR,CAR,a,SF,8.8,4900.0
8,2019,5556,Curtis Samuel,WR,CAR,a,SF,8.6,4600.0
8,2019,5502,Robby Anderson,WR,NYJ,a,JAX,8.3,4900.0
8,2019,5341,Allen Hurns,WR,MIA,a,PIT,8.2,3000.0
8,2019,5755,Preston Williams,WR,MIA,a,PIT,8.2,4000.0
8,2019,5757,Terry McLaurin,WR,WAS,a,MIN,7.9,6200.0
8,2019,5339,Albert Wilson,WR,MIA,a,PIT,7.5,3500.0
8,2019,5151,T.Y. Hilton,WR,IND,h,DEN,7.4,6100.0
8,2019,5384,Phillip Dorsett,WR,NE,h,CLE,7.3,4200.0
8,2019,5704,Jake Kumerow,WR,GB,a,KC,6.8,3500.0
8,2019,5260,Paul Richardson,WR,WAS,a,MIN,6.4,3700.0
8,2019,3670,Ted Ginn Jr.,WR,NO,h,ARI,6.2,3700.0
8,2019,5168,Marvin Jones,WR,DET,h,NYG,6.2,5800.0
8,2019,5217,Robert Woods,WR,LA,h,CIN,6.2,6300.0
8,2019,5654,DeAndre Carter,WR,HOU,h,LV,5.6,3000.0
8,2019,5378,Nelson Agholor,WR,PHI,a,BUF,5.4,3800.0
8,2019,5412,Adam Humphries,WR,TEN,h,TB,5.4,3900.0
8,2019,5410,Jamison Crowder,WR,NYJ,a,JAX,5.4,4800.0
8,2019,5486,Jakeem Grant,WR,MIA,a,PIT,5.2,3000.0
8,2019,5212,Kenny Stills,WR,HOU,h,LV,5.2,4700.0
8,2019,5268,Cody Latimer,WR,NYG,a,DET,4.8,3200.0
8,2019,5557,Zay Jones,WR,LV,a,HOU,4.7,3000.0
8,2019,5747,Olabisi Johnson,WR,MIN,h,WAS,4.7,3000.0
8,2019,5765,Diontae Spencer,WR,DEN,a,IND,4.3,3000.0
8,2019,5159,Mohamed Sanu,WR,NE,h,CLE,4.3,4000.0
8,2019,5653,Vyncint Smith,WR,NYJ,a,JAX,4.3,3000.0
8,2019,5387,Justin Hardy,WR,ATL,h,SEA,4.3,3000.0
8,2019,5353,Bennie Fowler,WR,NYG,a,DET,4.1,3000.0
8,2019,5531,Damiere Byrd,WR,ARI,a,NO,3.8,3700.0
8,2019,5760,Deonte Harris,WR,NO,h,ARI,3.7,3000.0
8,2019,5655,David Moore,WR,SEA,a,ATL,3.5,3200.0
8,2019,5188,Jarius Wright,WR,CAR,a,SF,3.2,3000.0
8,2019,5642,Antonio Callaway,WR,CLE,a,NE,3.1,3300.0
8,2019,5702,Malik Turner,WR,SEA,a,ATL,3.1,3000.0
8,2019,5635,James Washington,WR,PIT,h,MIA,3.1,4500.0
8,2019,5550,Corey Davis,WR,TEN,h,TB,2.9,4400.0
8,2019,3501,Larry Fitzgerald,WR,ARI,a,NO,2.8,5400.0
8,2019,5208,Cordarrelle Patterson,WR,CHI,h,LAC,2.6,3200.0
8,2019,5515,Demarcus Robinson,WR,KC,h,GB,2.6,4700.0
8,2019,5775,Fred Brown,WR,DEN,a,IND,2.6,3000.0
8,2019,5652,Trey Quinn,WR,WAS,a,MIN,2.5,3200.0
8,2019,5498,Trevor Davis,WR,LV,a,HOU,2.4,3500.0
8,2019,5598,Kendrick Bourne,WR,SF,h,CAR,2.2,3200.0
8,2019,5751,Kelvin Harmon,WR,WAS,a,MIN,2.2,3000.0
8,2019,5648,Austin Carr,WR,NO,h,ARI,1.9,3000.0
8,2019,5256,Marqise Lee,WR,JAX,h,NYJ,1.8,3100.0
8,2019,5500,Chester Rogers,WR,IND,h,DEN,1.7,3200.0
8,2019,5511,Geronimo Allison,WR,GB,a,KC,1.7,4000.0
8,2019,5647,Zach Pascal,WR,IND,h,DEN,1.6,4300.0
8,2019,5777,Duke Williams,WR,BUF,h,PHI,1.6,3700.0
8,2019,5749,Jakobi Meyers,WR,NE,h,CLE,1.5,3600.0
8,2019,5638,Dante Pettis,WR,SF,h,CAR,1.5,3800.0
8,2019,5656,Marquez Valdes-Scantling,WR,GB,a,KC,1.4,5000.0
8,2019,5779,Stanley Morgan,WR,CIN,a,LA,1.3,3100.0
8,2019,5475,Rashard Higgins,WR,CLE,a,NE,1.2,3200.0
8,2019,5453,Laquon Treadwell,WR,MIN,h,WAS,1.1,3000.0
8,2019,5578,Mack Hollins,WR,PHI,a,BUF,0.0,3000.0
8,2019,5759,Byron Pringle,WR,KC,h,GB,0.0,3500.0
8,2019,5640,DaeSean Hamilton,WR,DEN,a,IND,0.0,3300.0
8,2019,5677,Brandon Zylstra,WR,CAR,a,SF,0.0,3000.0
8,2019,5603,Dede Westbrook,WR,JAX,h,NYJ,0.0,4500.0
8,2019,5752,Gunner Olszewski,WR,NE,h,CLE,0.0,3200.0
8,2019,5344,Donte Moncrief,WR,PIT,h,MIA,0.0,4000.0
8,2019,5699,Trent Sherfield,WR,ARI,a,NO,0.0,3000.0
8,2019,5462,Pharoh Cooper,WR,ARI,a,NO,0.0,3200.0
8,2019,5641,Braxton Berrios,WR,NYJ,a,JAX,0.0,3000.0
8,2019,5399,Geremy Davis,WR,LAC,a,CHI,0.0,3000.0
8,2019,5729,Parris Campbell,WR,IND,h,DEN,0.0,3000.0
8,2019,5503,Mike Thomas,WR,LA,h,CIN,0.0,3000.0
8,2019,5602,JoJo Natson,WR,LA,h,CIN,0.0,3000.0
8,2019,5772,Scott Miller,WR,TB,a,TEN,0.0,3000.0
8,2019,5781,Jason Moore,WR,LAC,a,CHI,0.0,3000.0
8,2019,5753,Steven Sims Jr.,WR,WAS,a,MIN,0.0,3100.0
8,2019,5671,Javon Wims,WR,CHI,h,LAC,0.0,3000.0
8,2019,5255,Brandin Cooks,WR,LA,h,CIN,0.0,5700.0
8,2019,5675,KhaDarel Hodge,WR,CLE,a,NE,0.0,3000.0
8,2019,5690,Justin Watson,WR,TB,a,TEN,0.0,3000.0
8,2019,3978,Andre Roberts,WR,BUF,h,PHI,0.0,3000.0
8,2019,5649,Robert Foster,WR,BUF,h,PHI,0.0,3600.0
8,2019,5773,Andre Patton,WR,LAC,a,CHI,0.0,3000.0
8,2019,3760,Matthew Slater,WR,NE,h,CLE,0.0,3000.0
8,2019,5732,JJ Arcega-Whiteside,WR,PHI,a,BUF,0.0,3000.0
8,2019,5379,Breshad Perriman,WR,TB,a,TEN,0.0,3200.0
8,2019,5491,Johnny Holton,WR,PIT,h,MIA,0.0,3000.0
8,2019,5518,Cody Core,WR,NYG,a,DET,0.0,3000.0
8,2019,5674,Richie James,WR,SF,h,CAR,0.0,3000.0
8,2019,5229,Jaron Brown,WR,SEA,a,ATL,0.0,4000.0
8,2019,5734,Andy Isabella,WR,ARI,a,NO,0.0,3000.0
8,2019,5774,Darrius Shepherd,WR,GB,a,KC,0.0,3000.0
8,2019,5191,Josh Bellamy,WR,NYJ,a,JAX,0.0,3000.0
8,2019,5569,Ryan Switzer,WR,PIT,h,MIA,0.0,3000.0
8,2019,5130,Dwayne Harris,WR,LV,a,HOU,0.0,3000.0
8,2019,4592,Ryan Griffin,TE,NYJ,a,JAX,24.6,2700.0
8,2019,4609,Darren Fells,TE,HOU,h,LV,23.8,3400.0
8,2019,4706,Jonnu Smith,TE,TEN,h,TB,19.8,2800.0
8,2019,4677,Austin Hooper,TE,ATL,h,SEA,18.5,5500.0
8,2019,4582,Travis Kelce,TE,KC,h,GB,16.3,7200.0
8,2019,4703,George Kittle,TE,SF,h,CAR,14.6,6500.0
8,2019,4701,Evan Engram,TE,NYG,a,DET,14.0,5300.0
8,2019,4568,Tyler Eifert,TE,CIN,a,LA,13.4,2800.0
8,2019,4543,Charles Clay,TE,ARI,a,NO,11.8,2600.0
8,2019,4642,Demetrius Harris,TE,CLE,a,NE,11.3,2500.0
8,2019,4725,Dallas Goedert,TE,PHI,a,BUF,11.2,2800.0
8,2019,4594,Jack Doyle,TE,IND,h,DEN,10.1,3000.0
8,2019,5419,Darren Waller,TE,LV,a,HOU,9.1,5900.0
8,2019,4675,Hunter Henry,TE,LAC,a,CHI,8.7,4900.0
8,2019,4748,Noah Fant,TE,DEN,a,IND,7.6,2900.0
8,2019,4738,Anthony Firkser,TE,TEN,h,TB,7.3,2500.0
8,2019,4586,Josh Hill,TE,NO,h,ARI,6.9,3200.0
8,2019,4648,Cameron Brate,TE,TB,a,TEN,6.2,2700.0
8,2019,4601,Eric Ebron,TE,IND,h,DEN,5.6,3400.0
8,2019,4652,Tyler Kroft,TE,BUF,h,PHI,5.2,2700.0
8,2019,4757,Irv Smith Jr.,TE,MIN,h,WAS,5.1,2500.0
8,2019,4492,Jimmy Graham,TE,GB,a,KC,5.0,4500.0
8,2019,4572,Vance McDonald,TE,PIT,h,MIA,4.9,3900.0
8,2019,4537,Kyle Rudolph,TE,MIN,h,WAS,4.7,3800.0
8,2019,4741,Dan Arnold,TE,NO,h,ARI,4.5,2500.0
8,2019,4569,Zach Ertz,TE,PHI,a,BUF,4.0,5100.0
8,2019,4707,Jacob Hollister,TE,SEA,a,ATL,3.8,2900.0
8,2019,4292,Ben Watson,TE,NE,h,CLE,3.6,3000.0
8,2019,4705,Gerald Everett,TE,LA,h,CIN,3.5,4300.0
8,2019,4368,Greg Olsen,TE,CAR,a,SF,3.3,3700.0
8,2019,4714,Jeremy Sprinkle,TE,WAS,a,MIN,3.2,2600.0
8,2019,4729,Jordan Akins,TE,HOU,h,LV,3.1,2800.0
8,2019,4749,T.J. Hockenson,TE,DET,h,NYG,3.1,3500.0
8,2019,4719,Mike Gesicki,TE,MIA,a,PIT,3.0,2600.0
8,2019,4532,Luke Stocker,TE,ATL,h,SEA,2.8,2500.0
8,2019,1463,Logan Thomas,TE,DET,h,NYG,2.7,2500.0
8,2019,4618,Trey Burton,TE,CHI,h,LAC,2.6,3000.0
8,2019,4688,Nick Vannett,TE,PIT,h,MIA,2.5,2700.0
8,2019,4767,Hale Hentges,TE,WAS,a,MIN,2.3,2500.0
8,2019,4765,Jaeden Graham,TE,ATL,h,SEA,2.1,2500.0
8,2019,4324,Marcedes Lewis,TE,GB,a,KC,2.1,2500.0
8,2019,4676,Jeff Heuerman,TE,DEN,a,IND,2.1,2500.0
8,2019,4690,Seth DeValve,TE,JAX,h,NYJ,2.1,2500.0
8,2019,4760,Foster Moreau,TE,LV,a,HOU,2.0,2700.0
8,2019,4542,Virgil Green,TE,LAC,a,CHI,2.0,2500.0
8,2019,4650,Maxx Williams,TE,ARI,a,NO,1.9,2600.0
8,2019,4680,Tyler Higbee,TE,LA,h,CIN,1.8,2900.0
8,2019,4578,Luke Willson,TE,SEA,a,ATL,1.7,2900.0
8,2019,4766,Josh Oliver,TE,JAX,h,NYJ,1.6,2700.0
8,2019,4535,Lee Smith,TE,BUF,h,PHI,1.6,2500.0
8,2019,4656,C.J. Uzomah,TE,CIN,a,LA,1.4,2500.0
8,2019,4554,Rhett Ellison,TE,NYG,a,DET,0.9,2800.0
8,2019,4712,Ricky Seals-Jones,TE,CLE,a,NE,0.0,3100.0
8,2019,4768,Tanner Hudson,TE,TB,a,TEN,0.0,2500.0
8,2019,4391,Clark Harris,TE,CIN,a,LA,0.0,2500.0
8,2019,4697,Chris Manhertz,TE,CAR,a,SF,0.0,2500.0
8,2019,4653,Jesse James,TE,DET,h,NYG,0.0,2700.0
8,2019,4761,Andrew Beck,TE,DEN,a,IND,0.0,2500.0
8,2019,4716,Antony Auclair,TE,TB,a,TEN,0.0,2500.0
8,2019,4759,James Winchester,TE,KC,h,GB,0.0,2500.0
8,2019,4711,Cethan Carter,TE,CIN,a,LA,0.0,2500.0
8,2019,4709,Adam Shaheen,TE,CHI,h,LAC,0.0,2600.0
8,2019,4753,Pharaoh Brown,TE,CLE,a,NE,0.0,2500.0
8,2019,4730,Ian Thomas,TE,CAR,a,SF,0.0,2500.0
8,2019,4661,Nick O'Leary,TE,JAX,h,NYJ,0.0,2500.0
8,2019,4704,Eric Tomlinson,TE,NE,h,CLE,0.0,2500.0
8,2019,4599,Derek Carrier,TE,LV,a,HOU,0.0,2500.0
8,2019,4756,Drew Sample,TE,CIN,a,LA,0.0,2500.0
8,2019,4747,Johnny Mundt,TE,LA,h,CIN,0.0,2500.0
8,2019,4763,J.P. Holtz,TE,CHI,h,LAC,0.0,2500.0
8,2019,4689,Ben Koyack,TE,JAX,h,NYJ,0.0,2500.0
8,2019,4736,Mo Alie-Cox,TE,IND,h,DEN,0.0,2500.0
8,2019,4669,MyCole Pruitt,TE,TEN,h,TB,0.0,2500.0
8,2019,4666,Blake Bell,TE,KC,h,GB,0.0,2500.0
8,2019,4764,Deon Yelder,TE,KC,h,GB,0.0,2500.0
8,2019,4708,Darrell Daniels,TE,ARI,a,NO,0.0,2500.0
8,2019,4577,Levine Toilolo,TE,SF,h,CAR,0.0,2500.0
8,2019,5436,Daniel Brown,TE,NYJ,a,JAX,0.0,2500.0
8,2019,4691,Ben Braunecker,TE,CHI,h,LAC,0.0,2500.0
8,2019,4737,Durham Smythe,TE,MIA,a,PIT,0.0,2500.0
8,2019,4732,Tyler Conklin,TE,MIN,h,WAS,0.0,2500.0
8,2019,4758,Trevon Wesco,TE,NYJ,a,JAX,0.0,2500.0
8,2019,4750,Dawson Knox,TE,BUF,h,PHI,0.0,2900.0
8,2019,4745,Ross Dwelley,TE,SF,h,CAR,0.0,2500.0
8,2019,7018,New England,Def,NE,h,CLE,21.0,4300.0
8,2019,7027,San Francisco,Def,SF,h,CAR,17.0,3700.0
8,2019,7014,Jacksonville,Def,JAX,h,NYJ,15.0,2900.0
8,2019,7024,Pittsburgh,Def,PIT,h,MIA,13.0,4000.0
8,2019,7023,Philadelphia,Def,PHI,a,BUF,12.0,2700.0
8,2019,7017,Minnesota,Def,MIN,h,WAS,12.0,3900.0
8,2019,7011,Detroit,Def,DET,h,NYG,11.0,2800.0
8,2019,7030,Tennessee,Def,TEN,h,TB,11.0,3200.0
8,2019,7028,Seattle,Def,SEA,a,ATL,9.0,2800.0
8,2019,7025,LA Rams,Def,LA,h,CIN,9.0,3800.0
8,2019,7026,LA Chargers,Def,LAC,a,CHI,9.0,2300.0
8,2019,7019,New Orleans,Def,NO,h,ARI,8.0,3500.0
8,2019,7020,New York G,Def,NYG,a,DET,8.0,2200.0
8,2019,7010,Denver,Def,DEN,a,IND,7.0,2100.0
8,2019,7013,Indianapolis,Def,IND,h,DEN,7.0,2900.0
8,2019,7031,Washington,Def,WAS,a,MIN,6.0,2000.0
8,2019,7029,Tampa Bay,Def,TB,a,TEN,5.0,2500.0
8,2019,7008,Cleveland,Def,CLE,a,NE,5.0,2000.0
8,2019,7004,Buffalo,Def,BUF,h,PHI,4.0,3000.0
8,2019,7015,Kansas City,Def,KC,h,GB,4.0,2400.0
8,2019,7006,Chicago,Def,CHI,h,LAC,4.0,3600.0
8,2019,7012,Green Bay,Def,GB,a,KC,4.0,3100.0
8,2019,7016,Miami,Def,MIA,a,PIT,4.0,1600.0
8,2019,7022,Oakland,Def,LV,a,HOU,3.0,1500.0
8,2019,7021,New York J,Def,NYJ,a,JAX,3.0,2600.0
8,2019,7005,Carolina,Def,CAR,a,SF,3.0,2400.0
8,2019,7002,Atlanta,Def,ATL,h,SEA,2.0,1800.0
8,2019,7001,Arizona,Def,ARI,a,NO,1.0,1900.0
8,2019,7007,Cincinnati,Def,CIN,a,LA,0.0,1700.0
8,2019,7032,Houston,Def,HOU,h,LV,0.0,2700.0
9,2019,1412,Russell Wilson,QB,SEA,h,TB,42.22,7100.0
9,2019,1452,Jimmy Garoppolo,QB,SF,a,ARI,31.88,6500.0
9,2019,1340,Matthew Stafford,QB,DET,a,LV,29.84,6800.0
9,2019,1527,Lamar Jackson,QB,BAL,h,NE,28.62,6200.0
9,2019,1410,Ryan Tannehill,QB,TEN,a,CAR,28.04,5300.0
9,2019,1465,Jameis Winston,QB,TB,a,SEA,24.2,6100.0
9,2019,1242,Ryan Fitzpatrick,QB,MIA,h,NYJ,23.72,4800.0
9,2019,1537,Kyler Murray,QB,ARI,h,SF,23.04,5900.0
9,2019,1501,Dak Prescott,QB,DAL,a,NYG,22.48,6600.0
9,2019,1415,Kirk Cousins,QB,MIN,a,KC,21.3,6700.0
9,2019,1518,Deshaun Watson,QB,HOU,a,JAX,19.74,7000.0
9,2019,1441,Derek Carr,QB,LV,h,DET,19.56,5500.0
9,2019,1529,Josh Allen,QB,BUF,h,WAS,17.6,6500.0
9,2019,1336,Brian Hoyer,QB,IND,a,PIT,17.32,4300.0
9,2019,1528,Baker Mayfield,QB,CLE,a,DEN,17.12,5100.0
9,2019,1504,Brandon Allen,QB,DEN,h,CLE,17.02,4100.0
9,2019,1536,Kyle Allen,QB,CAR,h,TEN,15.88,5200.0
9,2019,1514,Carson Wentz,QB,PHI,h,CHI,15.06,5700.0
9,2019,1298,Matt Moore,QB,KC,h,MIN,15.0,4800.0
9,2019,1539,Daniel Jones,QB,NYG,h,DAL,14.8,5200.0
9,2019,1540,Gardner Minshew,QB,JAX,h,HOU,14.76,5700.0
9,2019,1131,Tom Brady,QB,NE,a,BAL,14.4,6300.0
9,2019,1524,Sam Darnold,QB,NYJ,a,MIA,13.5,5900.0
9,2019,1252,Aaron Rodgers,QB,GB,a,LAC,12.94,6900.0
9,2019,1231,Philip Rivers,QB,LAC,h,GB,11.76,5100.0
9,2019,1526,Mason Rudolph,QB,PIT,h,IND,11.14,5000.0
9,2019,1538,Dwayne Haskins,QB,WAS,a,BUF,7.16,4500.0
9,2019,1519,Mitchell Trubisky,QB,CHI,a,PHI,6.5,5000.0
9,2019,1496,Jacoby Brissett,QB,IND,a,PIT,2.76,5600.0
9,2019,5536,Christian McCaffrey,RB,CAR,h,TEN,40.6,10000.0
9,2019,5446,Kenyan Drake,RB,ARI,h,SF,31.2,5000.0
9,2019,5712,Josh Jacobs,RB,LV,h,DET,27.0,6500.0
9,2019,2991,Melvin Gordon,RB,LAC,h,GB,25.9,5000.0
9,2019,5445,Derrick Henry,RB,TEN,a,CAR,24.9,5700.0
9,2019,2957,Damien Williams,RB,KC,h,MIN,23.8,4000.0
9,2019,5717,Devin Singletary,RB,BUF,h,WAS,23.0,4700.0
9,2019,5713,David Montgomery,RB,CHI,a,PHI,22.6,5200.0
9,2019,5688,Jaylen Samuels,RB,PIT,h,IND,20.3,4000.0
9,2019,2888,Le'Veon Bell,RB,NYJ,a,MIA,20.1,7700.0
9,2019,2997,Duke Johnson,RB,HOU,a,JAX,19.1,3900.0
9,2019,2793,Mark Ingram,RB,BAL,h,NE,18.4,5900.0
9,2019,2933,Carlos Hyde,RB,HOU,a,JAX,18.0,4500.0
9,2019,5565,Chris Carson,RB,SEA,h,TB,17.3,7200.0
9,2019,2553,Adrian Peterson,RB,WAS,a,BUF,17.0,4200.0
9,2019,5444,Ezekiel Elliott,RB,DAL,a,NYG,16.9,8900.0
9,2019,5541,Jamaal Williams,RB,GB,a,LAC,16.9,5900.0
9,2019,2954,James White,RB,NE,a,BAL,16.4,4900.0
9,2019,5617,Ronald Jones,RB,TB,a,SEA,16.2,4100.0
9,2019,5586,J.D. McKissic,RB,DET,a,LV,16.2,4100.0
9,2019,5559,Dalvin Cook,RB,MIN,a,KC,15.6,9500.0
9,2019,5614,Saquon Barkley,RB,NYG,h,DAL,15.5,8800.0
9,2019,5447,Jordan Howard,RB,PHI,h,CHI,15.3,5100.0
9,2019,5630,Phillip Lindsay,RB,DEN,h,CLE,15.2,5300.0
9,2019,5575,Austin Ekeler,RB,LAC,h,GB,13.3,6000.0
9,2019,5622,Nick Chubb,RB,CLE,a,DEN,13.1,7300.0
9,2019,5534,Leonard Fournette,RB,JAX,h,HOU,12.2,7900.0
9,2019,5745,Ryquell Armstead,RB,JAX,h,HOU,11.5,4400.0
9,2019,5567,Matt Breida,RB,SF,a,ARI,11.2,5000.0
9,2019,5714,Miles Sanders,RB,PHI,h,CHI,10.3,4600.0
9,2019,5490,Jalen Richard,RB,LV,h,DET,9.8,3900.0
9,2019,2816,Dion Lewis,RB,TEN,a,CAR,9.3,3800.0
9,2019,5548,Marlon Mack,RB,IND,a,PIT,8.9,6300.0
9,2019,2995,Ameer Abdullah,RB,MIN,a,KC,8.8,3000.0
9,2019,5681,Gus Edwards,RB,BAL,h,NE,8.7,4000.0
9,2019,5697,Dare Ogunbowale,RB,TB,a,SEA,8.3,3400.0
9,2019,5573,Trey Edmunds,RB,PIT,h,IND,7.3,3000.0
9,2019,5629,Mark Walton,RB,MIA,h,NYJ,7.1,4500.0
9,2019,5742,Ty Johnson,RB,DET,a,LV,6.6,4900.0
9,2019,5581,C.J. Ham,RB,MIN,a,KC,5.7,3000.0
9,2019,2994,Tevin Coleman,RB,SF,a,ARI,5.6,5500.0
9,2019,2890,Rex Burkhead,RB,NE,a,BAL,4.4,3900.0
9,2019,5718,Tony Pollard,RB,DAL,a,NYG,4.0,4500.0
9,2019,5615,Sony Michel,RB,NE,a,BAL,4.0,5600.0
9,2019,5543,Aaron Jones,RB,GB,a,LAC,3.9,7000.0
9,2019,5623,Nyheim Hines,RB,IND,a,PIT,3.8,4200.0
9,2019,5449,DeAndre Washington,RB,LV,h,DET,3.8,3000.0
9,2019,5564,Tarik Cohen,RB,CHI,a,PHI,3.6,4200.0
9,2019,5683,Dontrell Hilliard,RB,CLE,a,DEN,3.4,4400.0
9,2019,5468,Devontae Booker,RB,DEN,h,CLE,2.4,3000.0
9,2019,5682,Justin Jackson,RB,LAC,h,GB,2.4,3700.0
9,2019,5620,Royce Freeman,RB,DEN,h,CLE,2.4,4900.0
9,2019,5735,Reggie Bonnafon,RB,CAR,h,TEN,2.3,3700.0
9,2019,5473,Wendell Smallwood,RB,WAS,a,BUF,2.3,3500.0
9,2019,5625,Jordan Wilkins,RB,IND,a,PIT,2.2,3300.0
9,2019,2484,Darren Sproles,RB,PHI,h,CHI,2.0,3500.0
9,2019,5628,Kalen Ballage,RB,MIA,h,NYJ,1.9,4000.0
9,2019,2707,LeSean McCoy,RB,KC,h,MIN,1.9,4800.0
9,2019,5743,Patrick Ricard,RB,BAL,h,NE,1.8,3000.0
9,2019,2819,Bilal Powell,RB,NYJ,a,MIA,1.6,3000.0
9,2019,5472,Paul Perkins,RB,DET,a,LV,1.6,3000.0
9,2019,5507,Peyton Barber,RB,TB,a,SEA,1.5,3900.0
9,2019,2467,Frank Gore,RB,BUF,h,WAS,1.5,4300.0
9,2019,5703,Jeff Wilson Jr.,RB,SF,a,ARI,1.2,3400.0
9,2019,5618,Rashaad Penny,RB,SEA,h,TB,1.2,4500.0
9,2019,5626,T.J. Logan,RB,TB,a,SEA,1.2,3000.0
9,2019,5719,Justice Hill,RB,BAL,h,NE,0.7,3000.0
9,2019,5720,Alexander Mattison,RB,MIN,a,KC,0.6,5000.0
9,2019,2871,Alfred Morris,RB,ARI,h,SF,0.4,3500.0
9,2019,5764,Alec Ingold,RB,LV,h,DET,0.2,3000.0
9,2019,5708,Darrel Williams,RB,KC,h,MIN,0.1,3600.0
9,2019,5662,Mike Boone,RB,MIN,a,KC,0.0,3000.0
9,2019,5415,Michael Burton,RB,WAS,a,BUF,0.0,3100.0
9,2019,5663,Nick Bellore,RB,SEA,h,TB,0.0,3000.0
9,2019,5782,Dexter Williams,RB,GB,a,LAC,0.0,3000.0
9,2019,5320,Mike Davis,RB,CHI,a,PHI,0.0,3000.0
9,2019,5741,Nick Bawden,RB,DET,a,LV,0.0,3000.0
9,2019,5762,Cullen Gillaspia,RB,HOU,a,JAX,0.0,3000.0
9,2019,5737,Chandler Cox,RB,MIA,h,NYJ,0.0,3000.0
9,2019,5588,Elijhaa Penny,RB,NYG,h,DAL,0.0,3000.0
9,2019,5624,Boston Scott,RB,PHI,h,CHI,0.0,3600.0
9,2019,2974,Senorise Perry,RB,BUF,h,WAS,0.0,3000.0
9,2019,2822,Anthony Sherman,RB,KC,h,MIN,0.0,3000.0
9,2019,2874,Brandon Bolden,RB,NE,a,BAL,0.0,3300.0
9,2019,5746,D'Ernest Johnson,RB,CLE,a,DEN,0.0,3000.0
9,2019,5763,Buddy Howell,RB,HOU,a,JAX,0.0,3000.0
9,2019,5738,Travis Homer,RB,SEA,h,TB,0.0,3000.0
9,2019,5370,Javorius Allen,RB,NYG,h,DAL,0.0,3000.0
9,2019,5504,Derek Watt,RB,LAC,h,GB,0.0,3000.0
9,2019,5403,Roosevelt Nix,RB,PIT,h,IND,0.0,3000.0
9,2019,5644,Alex Armah,RB,CAR,h,TEN,0.0,3000.0
9,2019,2820,Taiwan Jones,RB,HOU,a,JAX,0.0,3000.0
9,2019,3191,Rod Smith,RB,TEN,a,CAR,0.0,3000.0
9,2019,2805,Patrick DiMarco,RB,BUF,h,WAS,0.0,3000.0
9,2019,5392,Ty Montgomery,RB,NYJ,a,MIA,0.0,4500.0
9,2019,5482,Andy Janovich,RB,DEN,h,CLE,0.0,3000.0
9,2019,5723,Jordan Scarlett,RB,CAR,h,TEN,0.0,4200.0
9,2019,2913,Jamize Olawale,RB,DAL,a,NYG,0.0,3100.0
9,2019,5547,Wayne Gallman,RB,NYG,h,DAL,0.0,4300.0
9,2019,5517,Dan Vitale,RB,GB,a,LAC,0.0,3000.0
9,2019,5414,Raheem Mostert,RB,SF,a,ARI,-0.2,3200.0
9,2019,5397,Zach Zenner,RB,ARI,h,SF,-0.3,3700.0
9,2019,5386,Tyler Lockett,WR,SEA,h,TB,43.2,7500.0
9,2019,5253,Mike Evans,WR,TB,a,SEA,39.0,7200.0
9,2019,5725,D.K. Metcalf,WR,SEA,h,TB,30.0,5700.0
9,2019,5168,Marvin Jones,WR,DET,a,LV,29.6,6000.0
9,2019,5485,Tyreek Hill,WR,KC,h,MIN,29.5,7400.0
9,2019,3983,Emmanuel Sanders,WR,SF,a,ARI,27.2,6100.0
9,2019,5554,Kenny Golladay,WR,DET,a,LV,26.2,7700.0
9,2019,5755,Preston Williams,WR,MIA,h,NYJ,24.2,4200.0
9,2019,5159,Mohamed Sanu,WR,NE,a,BAL,24.1,4500.0
9,2019,5410,Jamison Crowder,WR,NYJ,a,MIA,22.3,5300.0
9,2019,5633,D.J. Moore,WR,CAR,h,TEN,20.1,4800.0
9,2019,5206,DeAndre Hopkins,WR,HOU,a,JAX,19.4,8000.0
9,2019,5647,Zach Pascal,WR,IND,a,PIT,18.6,4100.0
9,2019,5376,Amari Cooper,WR,DAL,a,NYG,18.0,7300.0
9,2019,3826,Julian Edelman,WR,NE,a,BAL,17.9,7000.0
9,2019,5761,Hunter Renfrow,WR,LV,h,DET,17.4,4100.0
9,2019,5637,Courtland Sutton,WR,DEN,h,CLE,17.3,5800.0
9,2019,5594,Mike Williams,WR,LAC,h,GB,17.3,4600.0
9,2019,5335,Jarvis Landry,WR,CLE,a,DEN,17.1,4500.0
9,2019,5556,Curtis Samuel,WR,CAR,h,TEN,16.4,4300.0
9,2019,5734,Andy Isabella,WR,ARI,h,SF,15.8,3000.0
9,2019,5380,DeVante Parker,WR,MIA,h,NYJ,15.7,4400.0
9,2019,5379,Breshad Perriman,WR,TB,a,SEA,14.2,3000.0
9,2019,5579,Chris Godwin,WR,TB,a,SEA,13.9,7300.0
9,2019,5252,Sammy Watkins,WR,KC,h,MIN,13.3,4900.0
9,2019,5323,Odell Beckham Jr.,WR,CLE,a,DEN,13.2,6600.0
9,2019,5729,Parris Campbell,WR,IND,a,PIT,13.0,3000.0
9,2019,5570,Keelan Cole,WR,JAX,h,HOU,13.0,3500.0
9,2019,5728,A.J. Brown,WR,TEN,a,CAR,12.1,4400.0
9,2019,3995,Golden Tate,WR,NYG,h,DAL,11.8,5300.0
9,2019,5264,John Brown,WR,BUF,h,WAS,11.6,6100.0
9,2019,5634,Michael Gallup,WR,DAL,a,NYG,11.3,6300.0
9,2019,5263,Davante Adams,WR,GB,a,LAC,11.1,7100.0
9,2019,5635,James Washington,WR,PIT,h,IND,10.9,3700.0
9,2019,5412,Adam Humphries,WR,TEN,a,CAR,10.5,3800.0
9,2019,5500,Chester Rogers,WR,IND,a,PIT,10.2,3100.0
9,2019,5731,KeeSean Johnson,WR,ARI,h,SF,10.2,3300.0
9,2019,5361,Taylor Gabriel,WR,CHI,a,PHI,9.9,3900.0
9,2019,5642,Antonio Callaway,WR,CLE,a,DEN,9.6,3300.0
9,2019,5163,Cole Beasley,WR,BUF,h,WAS,9.3,4100.0
9,2019,5212,Kenny Stills,WR,HOU,a,JAX,9.2,5400.0
9,2019,5638,Dante Pettis,WR,SF,a,ARI,9.1,3700.0
9,2019,5268,Cody Latimer,WR,NYG,h,DAL,8.8,3000.0
9,2019,5550,Corey Davis,WR,TEN,a,CAR,8.8,4600.0
9,2019,5453,Laquon Treadwell,WR,MIN,a,KC,8.8,3000.0
9,2019,5125,Randall Cobb,WR,DAL,a,NYG,8.5,4400.0
9,2019,5260,Paul Richardson,WR,WAS,a,BUF,8.2,3600.0
9,2019,5726,Deebo Samuel,WR,SF,a,ARI,8.0,4000.0
9,2019,5757,Terry McLaurin,WR,WAS,a,BUF,7.9,6200.0
9,2019,5432,Tyrell Williams,WR,LV,h,DET,7.8,5900.0
9,2019,5730,Marquise Brown,WR,BAL,h,NE,7.8,4800.0
9,2019,3501,Larry Fitzgerald,WR,ARI,h,SF,7.8,5200.0
9,2019,5598,Kendrick Bourne,WR,SF,a,ARI,7.7,3200.0
9,2019,5153,Alshon Jeffery,WR,PHI,h,CHI,7.6,5000.0
9,2019,5711,Allen Lazard,WR,GB,a,LAC,7.4,3900.0
9,2019,5747,Olabisi Johnson,WR,MIN,a,KC,7.4,4000.0
9,2019,5659,D.J. Chark,WR,JAX,h,HOU,7.2,6400.0
9,2019,5198,Keenan Allen,WR,LAC,h,GB,7.0,6400.0
9,2019,5486,Jakeem Grant,WR,MIA,h,NYJ,6.3,3000.0
9,2019,3851,Danny Amendola,WR,DET,a,LV,5.9,4700.0
9,2019,5557,Zay Jones,WR,LV,h,DET,5.4,3000.0
9,2019,5502,Robby Anderson,WR,NYJ,a,MIA,5.3,5500.0
9,2019,5353,Bennie Fowler,WR,NYG,h,DAL,5.2,3000.0
9,2019,5385,Chris Conley,WR,JAX,h,HOU,5.2,4000.0
9,2019,5461,Tajae Sharpe,WR,TEN,a,CAR,5.1,3500.0
9,2019,5378,Nelson Agholor,WR,PHI,h,CHI,5.1,3600.0
9,2019,5553,JuJu Smith-Schuster,WR,PIT,h,IND,4.6,6300.0
9,2019,5698,Marcell Ateman,WR,LV,h,DET,4.4,3000.0
9,2019,5574,Isaiah McKenzie,WR,BUF,h,WAS,4.2,3000.0
9,2019,5511,Geronimo Allison,WR,GB,a,LAC,4.1,4200.0
9,2019,3997,Demaryius Thomas,WR,NYJ,a,MIA,3.9,4000.0
9,2019,5520,Kalif Raymond,WR,TEN,a,CAR,3.9,3000.0
9,2019,5655,David Moore,WR,SEA,h,TB,3.8,3100.0
9,2019,5636,Christian Kirk,WR,ARI,h,SF,3.6,4800.0
9,2019,5341,Allen Hurns,WR,MIA,h,NYJ,3.6,3000.0
9,2019,5462,Pharoh Cooper,WR,ARI,h,SF,3.5,3100.0
9,2019,5287,Willie Snead,WR,BAL,h,NE,3.5,4000.0
9,2019,5384,Phillip Dorsett,WR,NE,a,BAL,3.3,4000.0
9,2019,5784,C.J. Board,WR,JAX,h,HOU,3.3,3000.0
9,2019,5653,Vyncint Smith,WR,NYJ,a,MIA,3.0,3000.0
9,2019,5424,Stefon Diggs,WR,MIN,a,KC,2.6,7600.0
9,2019,5753,Steven Sims Jr.,WR,WAS,a,BUF,2.2,3000.0
9,2019,5675,KhaDarel Hodge,WR,CLE,a,DEN,2.0,3000.0
9,2019,5652,Trey Quinn,WR,WAS,a,BUF,1.9,3200.0
9,2019,5654,DeAndre Carter,WR,HOU,a,JAX,1.8,3000.0
9,2019,5767,Darius Slayton,WR,NYG,h,DAL,1.6,3800.0
9,2019,5258,Allen Robinson,WR,CHI,a,PHI,1.6,6800.0
9,2019,5751,Kelvin Harmon,WR,WAS,a,BUF,1.6,3000.0
9,2019,3770,DeSean Jackson,WR,PHI,h,CHI,1.5,5200.0
9,2019,5208,Cordarrelle Patterson,WR,CHI,a,PHI,1.5,3200.0
9,2019,5515,Demarcus Robinson,WR,KC,h,MIN,1.5,4000.0
9,2019,5754,Diontae Johnson,WR,PIT,h,IND,1.5,4500.0
9,2019,5339,Albert Wilson,WR,MIA,h,NYJ,1.3,3500.0
9,2019,5595,Marvin Hall,WR,DET,a,LV,0.7,3200.0
9,2019,5748,Miles Boykin,WR,BAL,h,NE,0.0,3300.0
9,2019,5578,Mack Hollins,WR,PHI,h,CHI,0.0,3000.0
9,2019,5759,Byron Pringle,WR,KC,h,MIN,0.0,3200.0
9,2019,5408,Seth Roberts,WR,BAL,h,NE,0.0,3000.0
9,2019,5640,DaeSean Hamilton,WR,DEN,h,CLE,0.0,3700.0
9,2019,5479,Chris Moore,WR,BAL,h,NE,0.0,3000.0
9,2019,5702,Malik Turner,WR,SEA,h,TB,0.0,3000.0
9,2019,5699,Trent Sherfield,WR,ARI,h,SF,0.0,3000.0
9,2019,5641,Braxton Berrios,WR,NYJ,a,MIA,0.0,3000.0
9,2019,5772,Scott Miller,WR,TB,a,SEA,0.0,3000.0
9,2019,5765,Diontae Spencer,WR,DEN,h,CLE,0.0,3100.0
9,2019,5632,Anthony Miller,WR,CHI,a,PHI,0.0,3700.0
9,2019,5781,Jason Moore,WR,LAC,h,GB,0.0,3000.0
9,2019,5475,Rashard Higgins,WR,CLE,a,DEN,0.0,3100.0
9,2019,5775,Fred Brown,WR,DEN,h,CLE,0.0,3200.0
9,2019,5786,Steven Mitchell,WR,HOU,a,JAX,0.0,3000.0
9,2019,5671,Javon Wims,WR,CHI,a,PHI,0.0,3000.0
9,2019,5750,Deon Cain,WR,IND,a,PIT,0.0,3000.0
9,2019,5690,Justin Watson,WR,TB,a,SEA,0.0,3000.0
9,2019,3978,Andre Roberts,WR,BUF,h,WAS,0.0,3000.0
9,2019,5649,Robert Foster,WR,BUF,h,WAS,0.0,3200.0
9,2019,5656,Marquez Valdes-Scantling,WR,GB,a,LAC,0.0,5600.0
9,2019,5773,Andre Patton,WR,LAC,h,GB,0.0,3000.0
9,2019,5704,Jake Kumerow,WR,GB,a,LAC,0.0,3400.0
9,2019,5416,DeAndrew White,WR,CAR,h,TEN,0.0,3000.0
9,2019,3760,Matthew Slater,WR,NE,a,BAL,0.0,3000.0
9,2019,5732,JJ Arcega-Whiteside,WR,PHI,h,CHI,0.0,3000.0
9,2019,5491,Johnny Holton,WR,PIT,h,IND,0.0,3000.0
9,2019,5518,Cody Core,WR,NYG,h,DAL,0.0,3000.0
9,2019,5674,Richie James,WR,SF,a,ARI,0.0,3000.0
9,2019,5333,Adam Thielen,WR,MIN,a,KC,0.0,7800.0
9,2019,5229,Jaron Brown,WR,SEA,h,TB,0.0,3800.0
9,2019,5199,Tavon Austin,WR,DAL,a,NYG,0.0,3200.0
9,2019,5749,Jakobi Meyers,WR,NE,a,BAL,0.0,3300.0
9,2019,5498,Trevor Davis,WR,LV,h,DET,0.0,3200.0
9,2019,5785,Greg Dortch,WR,CAR,h,TEN,0.0,3000.0
9,2019,5569,Ryan Switzer,WR,PIT,h,IND,0.0,3000.0
9,2019,5727,Mecole Hardman,WR,KC,h,MIN,-0.3,4200.0
9,2019,5188,Jarius Wright,WR,CAR,h,TEN,-0.7,3000.0
9,2019,4569,Zach Ertz,TE,PHI,h,CHI,28.3,4700.0
9,2019,4748,Noah Fant,TE,DEN,h,CLE,23.5,3000.0
9,2019,4703,George Kittle,TE,SF,a,ARI,19.9,7000.0
9,2019,4707,Jacob Hollister,TE,SEA,h,TB,19.7,2900.0
9,2019,4719,Mike Gesicki,TE,MIA,h,NYJ,15.5,2800.0
9,2019,4675,Hunter Henry,TE,LAC,h,GB,15.4,6000.0
9,2019,4572,Vance McDonald,TE,PIT,h,IND,14.0,4100.0
9,2019,4262,Jason Witten,TE,DAL,a,NYG,13.8,3800.0
9,2019,4660,Nick Boyle,TE,BAL,h,NE,13.7,2500.0
9,2019,4582,Travis Kelce,TE,KC,h,MIN,13.2,6900.0
9,2019,4537,Kyle Rudolph,TE,MIN,a,KC,11.3,3300.0
9,2019,4733,Blake Jarwin,TE,DAL,a,NYG,11.2,2800.0
9,2019,4594,Jack Doyle,TE,IND,a,PIT,11.2,3000.0
9,2019,4701,Evan Engram,TE,NYG,h,DAL,11.0,5100.0
9,2019,4592,Ryan Griffin,TE,NYJ,a,MIA,11.0,3400.0
9,2019,4749,T.J. Hockenson,TE,DET,a,LV,8.6,3700.0
9,2019,4690,Seth DeValve,TE,JAX,h,HOU,8.1,2700.0
9,2019,4725,Dallas Goedert,TE,PHI,h,CHI,7.9,3100.0
9,2019,4760,Foster Moreau,TE,LV,h,DET,7.3,2600.0
9,2019,4757,Irv Smith Jr.,TE,MIN,a,KC,7.3,2700.0
9,2019,5419,Darren Waller,TE,LV,h,DET,7.2,6300.0
9,2019,4609,Darren Fells,TE,HOU,a,JAX,7.1,4000.0
9,2019,4368,Greg Olsen,TE,CAR,h,TEN,7.0,3500.0
9,2019,4745,Ross Dwelley,TE,SF,a,ARI,6.9,2500.0
9,2019,4292,Ben Watson,TE,NE,a,BAL,6.8,3000.0
9,2019,4492,Jimmy Graham,TE,GB,a,LAC,5.7,4300.0
9,2019,4642,Demetrius Harris,TE,CLE,a,DEN,5.5,3000.0
9,2019,4729,Jordan Akins,TE,HOU,a,JAX,5.4,2700.0
9,2019,4706,Jonnu Smith,TE,TEN,a,CAR,4.8,3800.0
9,2019,4721,Mark Andrews,TE,BAL,h,NE,4.1,4900.0
9,2019,4578,Luke Willson,TE,SEA,h,TB,4.0,2900.0
9,2019,4554,Rhett Ellison,TE,NYG,h,DAL,3.7,2600.0
9,2019,4601,Eric Ebron,TE,IND,a,PIT,3.6,3600.0
9,2019,4720,Hayden Hurst,TE,BAL,h,NE,3.5,2500.0
9,2019,4750,Dawson Knox,TE,BUF,h,WAS,3.4,2800.0
9,2019,4712,Ricky Seals-Jones,TE,CLE,a,DEN,3.2,2900.0
9,2019,4599,Derek Carrier,TE,LV,h,DET,2.7,2500.0
9,2019,4714,Jeremy Sprinkle,TE,WAS,a,BUF,2.6,2700.0
9,2019,1463,Logan Thomas,TE,DET,a,LV,2.3,2500.0
9,2019,4768,Tanner Hudson,TE,TB,a,SEA,2.2,2500.0
9,2019,4650,Maxx Williams,TE,ARI,h,SF,2.2,2600.0
9,2019,4716,Antony Auclair,TE,TB,a,SEA,2.1,2500.0
9,2019,4736,Mo Alie-Cox,TE,IND,a,PIT,2.1,2500.0
9,2019,4762,Troy Fumagalli,TE,DEN,h,CLE,1.9,2500.0
9,2019,4543,Charles Clay,TE,ARI,h,SF,1.6,2700.0
9,2019,4766,Josh Oliver,TE,JAX,h,HOU,1.4,2600.0
9,2019,4653,Jesse James,TE,DET,a,LV,1.3,2800.0
9,2019,4666,Blake Bell,TE,KC,h,MIN,1.2,2500.0
9,2019,4618,Trey Burton,TE,CHI,a,PHI,0.0,2900.0
9,2019,4738,Anthony Firkser,TE,TEN,a,CAR,0.0,2500.0
9,2019,4697,Chris Manhertz,TE,CAR,h,TEN,0.0,2500.0
9,2019,4761,Andrew Beck,TE,DEN,h,CLE,0.0,2500.0
9,2019,4324,Marcedes Lewis,TE,GB,a,LAC,0.0,2500.0
9,2019,4759,James Winchester,TE,KC,h,MIN,0.0,2500.0
9,2019,4742,Dalton Schultz,TE,DAL,a,NYG,0.0,2500.0
9,2019,4730,Ian Thomas,TE,CAR,h,TEN,0.0,2500.0
9,2019,4542,Virgil Green,TE,LAC,h,GB,0.0,2500.0
9,2019,4538,Lance Kendricks,TE,LAC,h,GB,0.0,2500.0
9,2019,4535,Lee Smith,TE,BUF,h,WAS,0.0,2500.0
9,2019,4763,J.P. Holtz,TE,CHI,a,PHI,0.0,2500.0
9,2019,4689,Ben Koyack,TE,JAX,h,HOU,0.0,2500.0
9,2019,4669,MyCole Pruitt,TE,TEN,a,CAR,0.0,2500.0
9,2019,4652,Tyler Kroft,TE,BUF,h,WAS,0.0,2600.0
9,2019,4764,Deon Yelder,TE,KC,h,MIN,0.0,2500.0
9,2019,4708,Darrell Daniels,TE,ARI,h,SF,0.0,2500.0
9,2019,4577,Levine Toilolo,TE,SF,a,ARI,0.0,2500.0
9,2019,4767,Hale Hentges,TE,WAS,a,BUF,0.0,2500.0
9,2019,4688,Nick Vannett,TE,PIT,h,IND,0.0,2600.0
9,2019,5436,Daniel Brown,TE,NYJ,a,MIA,0.0,2500.0
9,2019,4691,Ben Braunecker,TE,CHI,a,PHI,0.0,2500.0
9,2019,4737,Durham Smythe,TE,MIA,h,NYJ,0.0,2500.0
9,2019,4732,Tyler Conklin,TE,MIN,a,KC,0.0,2500.0
9,2019,4648,Cameron Brate,TE,TB,a,SEA,0.0,3100.0
9,2019,4758,Trevon Wesco,TE,NYJ,a,MIA,0.0,2500.0
9,2019,4709,Adam Shaheen,TE,CHI,a,PHI,-1.0,2600.0
9,2019,7032,Houston,Def,HOU,a,JAX,19.0,2800.0
9,2019,7024,Pittsburgh,Def,PIT,h,IND,19.0,2400.0
9,2019,7009,Dallas,Def,DAL,a,NYG,18.0,3700.0
9,2019,7003,Baltimore,Def,BAL,h,NE,13.0,2300.0
9,2019,7005,Carolina,Def,CAR,h,TEN,11.0,2800.0
9,2019,7004,Buffalo,Def,BUF,h,WAS,8.0,3800.0
9,2019,7016,Miami,Def,MIA,h,NYJ,8.0,2700.0
9,2019,7013,Indianapolis,Def,IND,a,PIT,8.0,2800.0
9,2019,7017,Minnesota,Def,MIN,a,KC,7.0,2700.0
9,2019,7026,LA Chargers,Def,LAC,h,GB,7.0,2000.0
9,2019,7022,Oakland,Def,LV,h,DET,6.0,2300.0
9,2019,7023,Philadelphia,Def,PHI,h,CHI,6.0,3000.0
9,2019,7021,New York J,Def,NYJ,a,MIA,6.0,3500.0
9,2019,7030,Tennessee,Def,TEN,a,CAR,6.0,2600.0
9,2019,7014,Jacksonville,Def,JAX,h,HOU,5.0,2500.0
9,2019,7008,Cleveland,Def,CLE,a,DEN,5.0,3100.0
9,2019,7006,Chicago,Def,CHI,a,PHI,4.0,2900.0
9,2019,7018,New England,Def,NE,a,BAL,4.0,4500.0
9,2019,7010,Denver,Def,DEN,h,CLE,3.0,2900.0
9,2019,7027,San Francisco,Def,SF,a,ARI,3.0,4000.0
9,2019,7028,Seattle,Def,SEA,h,TB,3.0,3600.0
9,2019,7020,New York G,Def,NYG,h,DAL,3.0,1900.0
9,2019,7012,Green Bay,Def,GB,a,LAC,2.0,3400.0
9,2019,7031,Washington,Def,WAS,a,BUF,2.0,1800.0
9,2019,7029,Tampa Bay,Def,TB,a,SEA,1.0,2100.0
9,2019,7015,Kansas City,Def,KC,h,MIN,1.0,2200.0
9,2019,7011,Detroit,Def,DET,a,LV,0.0,2600.0
9,2019,7001,Arizona,Def,ARI,h,SF,0.0,2200.0
10,2019,1539,Daniel Jones,QB,NYG,a,NYJ,34.32,5700.0
10,2019,1527,Lamar Jackson,QB,BAL,a,CIN,33.42,7300.0
10,2019,1523,Patrick Mahomes II,QB,KC,a,TEN,32.84,7000.0
10,2019,1537,Kyler Murray,QB,ARI,a,TB,30.76,6500.0
10,2019,1501,Dak Prescott,QB,DAL,h,MIN,29.88,6400.0
10,2019,1529,Josh Allen,QB,BUF,a,CLE,25.44,6300.0
10,2019,1465,Jameis Winston,QB,TB,h,ARI,23.32,6800.0
10,2019,1524,Sam Darnold,QB,NYJ,h,NYG,21.7,5800.0
10,2019,1410,Ryan Tannehill,QB,TEN,h,KC,19.94,5100.0
10,2019,1519,Mitchell Trubisky,QB,CHI,h,DET,19.72,5100.0
10,2019,1415,Kirk Cousins,QB,MIN,a,DAL,19.3,6100.0
10,2019,1494,Jeff Driskel,QB,DET,a,CHI,19.06,4100.0
10,2019,1536,Kyle Allen,QB,CAR,a,GB,18.48,5100.0
10,2019,1528,Baker Mayfield,QB,CLE,h,BUF,17.62,5000.0
10,2019,1412,Russell Wilson,QB,SEA,a,SF,17.58,6500.0
10,2019,1301,Matt Ryan,QB,ATL,a,NO,15.58,6100.0
10,2019,1242,Ryan Fitzpatrick,QB,MIA,a,IND,14.06,5200.0
10,2019,1526,Mason Rudolph,QB,PIT,h,LA,13.58,4900.0
10,2019,1231,Philip Rivers,QB,LAC,a,LV,13.28,5500.0
10,2019,1441,Derek Carr,QB,LV,h,LAC,13.12,5600.0
10,2019,1452,Jimmy Garoppolo,QB,SF,h,SEA,13.02,6300.0
10,2019,1151,Drew Brees,QB,NO,h,ATL,11.48,6700.0
10,2019,1545,Ryan Finley,QB,CIN,h,BAL,10.88,4800.0
10,2019,1252,Aaron Rodgers,QB,GB,h,CAR,10.02,6600.0
10,2019,1336,Brian Hoyer,QB,IND,h,MIA,9.16,5900.0
10,2019,1490,Jared Goff,QB,LA,a,PIT,6.72,6200.0
10,2019,1530,Taysom Hill,QB,NO,h,ATL,3.08,4000.0
10,2019,1408,Robert Griffin III,QB,BAL,a,CIN,0.7,5000.0
10,2019,1442,Blake Bortles,QB,LA,a,PIT,0.1,4200.0
10,2019,1525,Josh Rosen,QB,MIA,a,IND,0.0,4700.0
10,2019,5445,Derrick Henry,RB,TEN,h,KC,36.1,6400.0
10,2019,5559,Dalvin Cook,RB,MIN,a,DAL,31.3,9100.0
10,2019,5536,Christian McCaffrey,RB,CAR,a,GB,29.1,10500.0
10,2019,5543,Aaron Jones,RB,GB,h,CAR,27.3,7400.0
10,2019,5617,Ronald Jones,RB,TB,h,ARI,23.6,4300.0
10,2019,2991,Melvin Gordon,RB,LAC,a,LV,23.3,4600.0
10,2019,5535,Joe Mixon,RB,CIN,h,BAL,20.1,4700.0
10,2019,5565,Chris Carson,RB,SEA,a,SF,19.1,6700.0
10,2019,5712,Josh Jacobs,RB,LV,h,LAC,19.1,5700.0
10,2019,5622,Nick Chubb,RB,CLE,h,BUF,17.1,7000.0
10,2019,2888,Le'Veon Bell,RB,NYJ,h,NYG,16.8,6900.0
10,2019,5562,Alvin Kamara,RB,NO,h,ATL,15.4,8200.0
10,2019,2957,Damien Williams,RB,KC,a,TEN,14.9,4900.0
10,2019,5560,Kareem Hunt,RB,CLE,h,BUF,14.4,3000.0
10,2019,5608,Brian Hill,RB,ATL,a,NO,14.1,3900.0
10,2019,5564,Tarik Cohen,RB,CHI,h,DET,13.7,4200.0
10,2019,5575,Austin Ekeler,RB,LAC,a,LV,12.8,5500.0
10,2019,5507,Peyton Barber,RB,TB,h,ARI,11.7,3700.0
10,2019,5586,J.D. McKissic,RB,DET,a,CHI,11.5,4300.0
10,2019,2994,Tevin Coleman,RB,SF,h,SEA,11.2,5600.0
10,2019,5446,Kenyan Drake,RB,ARI,a,TB,10.1,5500.0
10,2019,2793,Mark Ingram,RB,BAL,a,CIN,9.4,7100.0
10,2019,5548,Marlon Mack,RB,IND,h,MIA,9.2,7000.0
10,2019,5628,Kalen Ballage,RB,MIA,a,IND,8.5,3800.0
10,2019,5623,Nyheim Hines,RB,IND,h,MIA,8.4,4500.0
10,2019,5444,Ezekiel Elliott,RB,DAL,h,MIN,8.3,8900.0
10,2019,5490,Jalen Richard,RB,LV,h,LAC,8.3,3600.0
10,2019,5764,Alec Ingold,RB,LV,h,LAC,8.2,3000.0
10,2019,5614,Saquon Barkley,RB,NYG,a,NYJ,8.1,8800.0
10,2019,5717,Devin Singletary,RB,BUF,a,CLE,8.0,5000.0
10,2019,2930,Devonta Freeman,RB,ATL,a,NO,7.8,5100.0
10,2019,2992,Todd Gurley,RB,LA,a,PIT,7.3,6100.0
10,2019,5688,Jaylen Samuels,RB,PIT,h,LA,7.0,6300.0
10,2019,5720,Alexander Mattison,RB,MIN,a,DAL,6.4,4500.0
10,2019,5541,Jamaal Williams,RB,GB,h,CAR,6.3,5200.0
10,2019,5713,David Montgomery,RB,CHI,h,DET,6.0,5300.0
10,2019,5697,Dare Ogunbowale,RB,TB,h,ARI,5.4,3200.0
10,2019,5414,Raheem Mostert,RB,SF,h,SEA,4.5,3200.0
10,2019,5567,Matt Breida,RB,SF,h,SEA,4.5,4900.0
10,2019,2899,Latavius Murray,RB,NO,h,ATL,3.9,7300.0
10,2019,5788,Patrick Laird,RB,MIA,a,IND,3.9,3000.0
10,2019,5449,DeAndre Washington,RB,LV,h,LAC,3.9,3100.0
10,2019,5573,Trey Edmunds,RB,PIT,h,LA,3.5,3400.0
10,2019,5742,Ty Johnson,RB,DET,a,CHI,2.9,4100.0
10,2019,5472,Paul Perkins,RB,DET,a,CHI,2.8,3300.0
10,2019,2467,Frank Gore,RB,BUF,a,CLE,2.6,4000.0
10,2019,2912,Zach Line,RB,NO,h,ATL,2.5,3000.0
10,2019,5708,Darrel Williams,RB,KC,a,TEN,2.5,3200.0
10,2019,5625,Jordan Wilkins,RB,IND,h,MIA,2.0,4000.0
10,2019,5744,Darwin Thompson,RB,KC,a,TEN,1.7,3000.0
10,2019,5681,Gus Edwards,RB,BAL,a,CIN,1.7,4800.0
10,2019,2819,Bilal Powell,RB,NYJ,h,NYG,1.5,3000.0
10,2019,5547,Wayne Gallman,RB,NYG,a,NYJ,1.5,4200.0
10,2019,2805,Patrick DiMarco,RB,BUF,a,CLE,1.4,3000.0
10,2019,5741,Nick Bawden,RB,DET,a,CHI,1.3,3000.0
10,2019,2887,Kenjon Barner,RB,ATL,a,NO,1.2,3100.0
10,2019,5719,Justice Hill,RB,BAL,a,CIN,1.1,3700.0
10,2019,5783,Tony Brooks-James,RB,PIT,h,LA,1.1,3000.0
10,2019,5789,Myles Gaskin,RB,MIA,a,IND,1.0,3000.0
10,2019,5441,Malcolm Brown,RB,LA,a,PIT,1.0,4600.0
10,2019,5395,David Johnson,RB,ARI,a,TB,1.0,5700.0
10,2019,2889,Giovani Bernard,RB,CIN,h,BAL,0.8,4000.0
10,2019,5626,T.J. Logan,RB,TB,h,ARI,0.6,3000.0
10,2019,5716,Darrell Henderson,RB,LA,a,PIT,0.4,4100.0
10,2019,5504,Derek Watt,RB,LAC,a,LV,0.1,3000.0
10,2019,5451,Jonathan Williams,RB,IND,h,MIA,0.1,3000.0
10,2019,5662,Mike Boone,RB,MIN,a,DAL,0.0,3000.0
10,2019,5483,Dwayne Washington,RB,NO,h,ATL,0.0,3000.0
10,2019,5735,Reggie Bonnafon,RB,CAR,a,GB,0.0,3700.0
10,2019,5510,Troymaine Pope,RB,LAC,a,LV,0.0,3000.0
10,2019,5663,Nick Bellore,RB,SEA,a,SF,0.0,3000.0
10,2019,5737,Chandler Cox,RB,MIA,a,IND,0.0,3000.0
10,2019,5588,Elijhaa Penny,RB,NYG,a,NYJ,0.0,3000.0
10,2019,2995,Ameer Abdullah,RB,MIN,a,DAL,0.0,3000.0
10,2019,2974,Senorise Perry,RB,BUF,a,CLE,0.0,3100.0
10,2019,2822,Anthony Sherman,RB,KC,a,TEN,0.0,3000.0
10,2019,5746,D'Ernest Johnson,RB,CLE,h,BUF,0.0,3000.0
10,2019,2816,Dion Lewis,RB,TEN,h,KC,0.0,3900.0
10,2019,5738,Travis Homer,RB,SEA,a,SF,0.0,3000.0
10,2019,5370,Javorius Allen,RB,NYG,a,NYJ,0.0,3000.0
10,2019,5722,Qadree Ollison,RB,ATL,a,NO,0.0,3600.0
10,2019,5397,Zach Zenner,RB,ARI,a,TB,0.0,3500.0
10,2019,5492,Keith Smith,RB,ATL,a,NO,0.0,3000.0
10,2019,5644,Alex Armah,RB,CAR,a,GB,0.0,3000.0
10,2019,5683,Dontrell Hilliard,RB,CLE,h,BUF,0.0,4300.0
10,2019,3191,Rod Smith,RB,TEN,h,KC,0.0,3000.0
10,2019,5392,Ty Montgomery,RB,NYJ,h,NYG,0.0,4100.0
10,2019,5743,Patrick Ricard,RB,BAL,a,CIN,0.0,3000.0
10,2019,5723,Jordan Scarlett,RB,CAR,a,GB,0.0,4000.0
10,2019,2908,Kyle Juszczyk,RB,SF,h,SEA,0.0,3000.0
10,2019,2913,Jamize Olawale,RB,DAL,h,MIN,0.0,3100.0
10,2019,5517,Dan Vitale,RB,GB,h,CAR,0.0,3000.0
10,2019,5581,C.J. Ham,RB,MIN,a,DAL,-0.1,3000.0
10,2019,5718,Tony Pollard,RB,DAL,h,MIN,-0.4,4800.0
10,2019,5618,Rashaad Penny,RB,SEA,a,SF,-0.8,4400.0
10,2019,5636,Christian Kirk,WR,ARI,a,TB,40.8,5200.0
10,2019,5767,Darius Slayton,WR,NYG,a,NYJ,37.1,4200.0
10,2019,5485,Tyreek Hill,WR,KC,a,TEN,36.0,7700.0
10,2019,5376,Amari Cooper,WR,DAL,h,MIN,34.7,7200.0
10,2019,5459,Michael Thomas,WR,NO,h,ATL,31.2,8300.0
10,2019,5125,Randall Cobb,WR,DAL,h,MIN,25.6,4000.0
10,2019,5335,Jarvis Landry,WR,CLE,h,BUF,24.7,4900.0
10,2019,3995,Golden Tate,WR,NYG,a,NYJ,24.5,5900.0
10,2019,5633,D.J. Moore,WR,CAR,a,GB,24.0,5200.0
10,2019,5726,Deebo Samuel,WR,SF,h,SEA,22.2,3700.0
10,2019,5263,Davante Adams,WR,GB,h,CAR,21.8,6900.0
10,2019,5635,James Washington,WR,PIT,h,LA,20.0,3600.0
10,2019,5410,Jamison Crowder,WR,NYJ,h,NYG,19.1,5000.0
10,2019,5730,Marquise Brown,WR,BAL,a,CIN,18.0,5100.0
10,2019,5634,Michael Gallup,WR,DAL,h,MIN,17.6,6300.0
10,2019,5198,Keenan Allen,WR,LAC,a,LV,16.6,6100.0
10,2019,5217,Robert Woods,WR,LA,a,PIT,16.5,5600.0
10,2019,5598,Kendrick Bourne,WR,SF,h,SEA,16.2,3000.0
10,2019,3501,Larry Fitzgerald,WR,ARI,a,TB,15.1,5500.0
10,2019,5554,Kenny Golladay,WR,DET,a,CHI,14.7,7000.0
10,2019,5258,Allen Robinson,WR,CHI,h,DET,14.6,6300.0
10,2019,3997,Demaryius Thomas,WR,NYJ,h,NYG,14.4,3500.0
10,2019,5361,Taylor Gabriel,WR,CHI,h,DET,13.8,4000.0
10,2019,5556,Curtis Samuel,WR,CAR,a,GB,13.5,4600.0
10,2019,5579,Chris Godwin,WR,TB,h,ARI,13.4,7400.0
10,2019,5727,Mecole Hardman,WR,KC,a,TEN,13.3,4000.0
10,2019,5168,Marvin Jones,WR,DET,a,CHI,12.7,6200.0
10,2019,5264,John Brown,WR,BUF,a,CLE,12.7,6000.0
10,2019,5455,Tyler Boyd,WR,CIN,h,BAL,12.2,4700.0
10,2019,5253,Mike Evans,WR,TB,h,ARI,12.2,7600.0
10,2019,5725,D.K. Metcalf,WR,SEA,a,SF,12.0,5700.0
10,2019,5380,DeVante Parker,WR,MIA,a,IND,11.9,4800.0
10,2019,5163,Cole Beasley,WR,BUF,a,CLE,11.4,4100.0
10,2019,5089,Julio Jones,WR,ATL,a,NO,10.9,7500.0
10,2019,5734,Andy Isabella,WR,ARI,a,TB,10.8,3300.0
10,2019,5323,Odell Beckham Jr.,WR,CLE,h,BUF,10.7,6100.0
10,2019,5754,Diontae Johnson,WR,PIT,h,LA,10.4,4300.0
10,2019,5252,Sammy Watkins,WR,KC,a,TEN,10.1,5100.0
10,2019,5515,Demarcus Robinson,WR,KC,a,TEN,9.6,3700.0
10,2019,5412,Adam Humphries,WR,TEN,h,KC,9.3,3500.0
10,2019,5761,Hunter Renfrow,WR,LV,h,LAC,8.2,3700.0
10,2019,5424,Stefon Diggs,WR,MIN,a,DAL,7.9,7100.0
10,2019,5582,Josh Reynolds,WR,LA,a,PIT,7.9,3800.0
10,2019,5631,Calvin Ridley,WR,ATL,a,NO,7.7,5400.0
10,2019,5475,Rashard Higgins,WR,CLE,h,BUF,7.7,3000.0
10,2019,5594,Mike Williams,WR,LAC,a,LV,7.5,4500.0
10,2019,5553,JuJu Smith-Schuster,WR,PIT,h,LA,7.4,5800.0
10,2019,3851,Danny Amendola,WR,DET,a,CHI,6.9,4700.0
10,2019,5696,Auden Tate,WR,CIN,h,BAL,6.6,4000.0
10,2019,5680,Russell Gage,WR,ATL,a,NO,6.3,3400.0
10,2019,5520,Kalif Raymond,WR,TEN,h,KC,6.2,3000.0
10,2019,5386,Tyler Lockett,WR,SEA,a,SF,5.9,7500.0
10,2019,5711,Allen Lazard,WR,GB,h,CAR,5.7,3800.0
10,2019,5353,Bennie Fowler,WR,NYG,a,NYJ,5.6,3000.0
10,2019,5432,Tyrell Williams,WR,LV,h,LAC,5.5,5700.0
10,2019,5702,Malik Turner,WR,SEA,a,SF,5.5,3000.0
10,2019,5772,Scott Miller,WR,TB,h,ARI,5.3,3000.0
10,2019,5341,Allen Hurns,WR,MIA,a,IND,5.2,3000.0
10,2019,5500,Chester Rogers,WR,IND,h,MIA,5.1,4100.0
10,2019,5462,Pharoh Cooper,WR,ARI,a,TB,4.9,3000.0
10,2019,5165,Josh Gordon,WR,SEA,a,SF,4.7,3700.0
10,2019,5647,Zach Pascal,WR,IND,h,MIA,4.6,5300.0
10,2019,5747,Olabisi Johnson,WR,MIN,a,DAL,4.5,3800.0
10,2019,3983,Emmanuel Sanders,WR,SF,h,SEA,4.4,6800.0
10,2019,5704,Jake Kumerow,WR,GB,h,CAR,4.3,3100.0
10,2019,5574,Isaiah McKenzie,WR,BUF,a,CLE,3.9,3000.0
10,2019,5379,Breshad Perriman,WR,TB,h,ARI,3.7,3000.0
10,2019,5511,Geronimo Allison,WR,GB,h,CAR,3.6,3900.0
10,2019,5790,Christian Blake,WR,ATL,a,NO,3.5,3000.0
10,2019,5486,Jakeem Grant,WR,MIA,a,IND,3.5,3200.0
10,2019,5287,Willie Snead,WR,BAL,a,CIN,3.2,4000.0
10,2019,5188,Jarius Wright,WR,CAR,a,GB,3.1,3000.0
10,2019,5461,Tajae Sharpe,WR,TEN,h,KC,3.0,3100.0
10,2019,5649,Robert Foster,WR,BUF,a,CLE,3.0,3000.0
10,2019,5728,A.J. Brown,WR,TEN,h,KC,2.7,4300.0
10,2019,5639,Tre'Quan Smith,WR,NO,h,ATL,2.3,3200.0
10,2019,5502,Robby Anderson,WR,NYJ,h,NYG,2.1,4700.0
10,2019,5557,Zay Jones,WR,LV,h,LAC,2.0,3300.0
10,2019,5453,Laquon Treadwell,WR,MIN,a,DAL,2.0,3200.0
10,2019,5779,Stanley Morgan,WR,CIN,h,BAL,1.9,3100.0
10,2019,5587,Marcus Johnson,WR,IND,h,MIA,1.9,0.0
10,2019,5632,Anthony Miller,WR,CHI,h,DET,1.7,3500.0
10,2019,3978,Andre Roberts,WR,BUF,a,CLE,1.7,3000.0
10,2019,5480,Alex Erickson,WR,CIN,h,BAL,1.3,3900.0
10,2019,5339,Albert Wilson,WR,MIA,a,IND,1.0,3300.0
10,2019,5199,Tavon Austin,WR,DAL,h,MIN,0.7,3100.0
10,2019,3670,Ted Ginn Jr.,WR,NO,h,ATL,0.5,3700.0
10,2019,5655,David Moore,WR,SEA,a,SF,0.0,3000.0
10,2019,5748,Miles Boykin,WR,BAL,a,CIN,0.0,3600.0
10,2019,5759,Byron Pringle,WR,KC,a,TEN,0.0,3000.0
10,2019,5408,Seth Roberts,WR,BAL,a,CIN,0.0,3000.0
10,2019,5699,Trent Sherfield,WR,ARI,a,TB,0.0,3000.0
10,2019,5641,Braxton Berrios,WR,NYJ,h,NYG,0.0,3000.0
10,2019,5208,Cordarrelle Patterson,WR,CHI,h,DET,0.0,3200.0
10,2019,2958,De'Anthony Thomas,WR,BAL,a,CIN,0.0,3000.0
10,2019,5698,Marcell Ateman,WR,LV,h,LAC,0.0,3000.0
10,2019,5503,Mike Thomas,WR,LA,a,PIT,0.0,3000.0
10,2019,5602,JoJo Natson,WR,LA,a,PIT,0.0,3000.0
10,2019,5781,Jason Moore,WR,LAC,a,LV,0.0,3000.0
10,2019,5205,Marquise Goodwin,WR,SF,h,SEA,0.0,4000.0
10,2019,5268,Cody Latimer,WR,NYG,a,NYJ,0.0,3000.0
10,2019,5731,KeeSean Johnson,WR,ARI,a,TB,0.0,3900.0
10,2019,5671,Javon Wims,WR,CHI,h,DET,0.0,3000.0
10,2019,5653,Vyncint Smith,WR,NYJ,h,NYG,0.0,3000.0
10,2019,5675,KhaDarel Hodge,WR,CLE,h,BUF,0.0,3000.0
10,2019,5690,Justin Watson,WR,TB,h,ARI,0.0,3000.0
10,2019,5656,Marquez Valdes-Scantling,WR,GB,h,CAR,0.0,4500.0
10,2019,5773,Andre Patton,WR,LAC,a,LV,0.0,3000.0
10,2019,5416,DeAndrew White,WR,CAR,a,GB,0.0,3000.0
10,2019,5491,Johnny Holton,WR,PIT,h,LA,0.0,3000.0
10,2019,5518,Cody Core,WR,NYG,a,NYJ,0.0,3000.0
10,2019,5674,Richie James,WR,SF,h,SEA,0.0,3000.0
10,2019,5552,Cooper Kupp,WR,LA,a,PIT,0.0,7300.0
10,2019,5387,Justin Hardy,WR,ATL,a,NO,0.0,3000.0
10,2019,5760,Deonte Harris,WR,NO,h,ATL,0.0,3000.0
10,2019,5638,Dante Pettis,WR,SF,h,SEA,0.0,3500.0
10,2019,5498,Trevor Davis,WR,LV,h,LAC,0.0,3100.0
10,2019,5595,Marvin Hall,WR,DET,a,CHI,0.0,3000.0
10,2019,5569,Ryan Switzer,WR,PIT,h,LA,0.0,3000.0
10,2019,4721,Mark Andrews,TE,BAL,a,CIN,23.3,5200.0
10,2019,4582,Travis Kelce,TE,KC,a,TEN,20.5,6400.0
10,2019,4707,Jacob Hollister,TE,SEA,a,SF,20.2,3300.0
10,2019,4537,Kyle Rudolph,TE,MIN,a,DAL,19.4,3400.0
10,2019,4368,Greg Olsen,TE,CAR,a,GB,17.8,3600.0
10,2019,4705,Gerald Everett,TE,LA,a,PIT,14.8,4500.0
10,2019,4700,O.J. Howard,TE,TB,h,ARI,14.7,3300.0
10,2019,4594,Jack Doyle,TE,IND,h,MIA,13.4,3600.0
10,2019,4437,Jared Cook,TE,NO,h,ATL,13.4,4100.0
10,2019,4675,Hunter Henry,TE,LAC,a,LV,13.0,5500.0
10,2019,4738,Anthony Firkser,TE,TEN,h,KC,12.6,2500.0
10,2019,4660,Nick Boyle,TE,BAL,a,CIN,11.8,2500.0
10,2019,4677,Austin Hooper,TE,ATL,a,NO,11.7,5500.0
10,2019,4601,Eric Ebron,TE,IND,h,MIA,10.6,3900.0
10,2019,4568,Tyler Eifert,TE,CIN,h,BAL,10.0,3000.0
10,2019,4750,Dawson Knox,TE,BUF,a,CLE,9.5,2800.0
10,2019,4691,Ben Braunecker,TE,CHI,h,DET,8.8,2500.0
10,2019,4757,Irv Smith Jr.,TE,MIN,a,DAL,8.4,2700.0
10,2019,4492,Jimmy Graham,TE,GB,h,CAR,7.9,4000.0
10,2019,4749,T.J. Hockenson,TE,DET,a,CHI,7.7,3900.0
10,2019,4554,Rhett Ellison,TE,NYG,a,NYJ,7.2,2500.0
10,2019,4706,Jonnu Smith,TE,TEN,h,KC,7.0,3500.0
10,2019,5419,Darren Waller,TE,LV,h,LAC,7.0,6100.0
10,2019,4733,Blake Jarwin,TE,DAL,h,MIN,6.5,2800.0
10,2019,4745,Ross Dwelley,TE,SF,h,SEA,5.4,3200.0
10,2019,4680,Tyler Higbee,TE,LA,a,PIT,5.2,2700.0
10,2019,4642,Demetrius Harris,TE,CLE,h,BUF,4.8,2900.0
10,2019,4719,Mike Gesicki,TE,MIA,a,IND,4.8,3100.0
10,2019,4572,Vance McDonald,TE,PIT,h,LA,4.3,3800.0
10,2019,4720,Hayden Hurst,TE,BAL,a,CIN,4.0,2500.0
10,2019,1463,Logan Thomas,TE,DET,a,CHI,3.9,2500.0
10,2019,4262,Jason Witten,TE,DAL,h,MIN,3.7,3700.0
10,2019,4758,Trevon Wesco,TE,NYJ,h,NYG,2.7,2500.0
10,2019,4650,Maxx Williams,TE,ARI,a,TB,2.5,2700.0
10,2019,4747,Johnny Mundt,TE,LA,a,PIT,1.9,2500.0
10,2019,4651,Clive Walford,TE,MIA,a,IND,1.8,2500.0
10,2019,4688,Nick Vannett,TE,PIT,h,LA,1.8,2500.0
10,2019,4734,Chris Herndon,TE,NYJ,h,NYG,1.7,3800.0
10,2019,4764,Deon Yelder,TE,KC,a,TEN,1.7,2500.0
10,2019,4543,Charles Clay,TE,ARI,a,TB,1.5,2900.0
10,2019,4756,Drew Sample,TE,CIN,h,BAL,1.3,2500.0
10,2019,4770,Kaden Smith,TE,NYG,a,NYJ,1.1,2500.0
10,2019,4592,Ryan Griffin,TE,NYJ,h,NYG,0.8,3100.0
10,2019,4768,Tanner Hudson,TE,TB,h,ARI,0.0,2500.0
10,2019,4391,Clark Harris,TE,CIN,h,BAL,0.0,2500.0
10,2019,4618,Trey Burton,TE,CHI,h,DET,0.0,2800.0
10,2019,4697,Chris Manhertz,TE,CAR,a,GB,0.0,2500.0
10,2019,4765,Jaeden Graham,TE,ATL,a,NO,0.0,2500.0
10,2019,4653,Jesse James,TE,DET,a,CHI,0.0,3000.0
10,2019,4324,Marcedes Lewis,TE,GB,h,CAR,0.0,2500.0
10,2019,4759,James Winchester,TE,KC,a,TEN,0.0,2500.0
10,2019,4711,Cethan Carter,TE,CIN,h,BAL,0.0,2500.0
10,2019,4742,Dalton Schultz,TE,DAL,h,MIN,0.0,2500.0
10,2019,4753,Pharaoh Brown,TE,CLE,h,BUF,0.0,2500.0
10,2019,4730,Ian Thomas,TE,CAR,a,GB,0.0,2500.0
10,2019,4599,Derek Carrier,TE,LV,h,LAC,0.0,2500.0
10,2019,4656,C.J. Uzomah,TE,CIN,h,BAL,0.0,2500.0
10,2019,4760,Foster Moreau,TE,LV,h,LAC,0.0,2600.0
10,2019,4542,Virgil Green,TE,LAC,a,LV,0.0,2500.0
10,2019,4538,Lance Kendricks,TE,LAC,a,LV,0.0,2500.0
10,2019,4535,Lee Smith,TE,BUF,a,CLE,0.0,2500.0
10,2019,4763,J.P. Holtz,TE,CHI,h,DET,0.0,2500.0
10,2019,4578,Luke Willson,TE,SEA,a,SF,0.0,2600.0
10,2019,4736,Mo Alie-Cox,TE,IND,h,MIA,0.0,2500.0
10,2019,4669,MyCole Pruitt,TE,TEN,h,KC,0.0,2500.0
10,2019,4652,Tyler Kroft,TE,BUF,a,CLE,0.0,2600.0
10,2019,4666,Blake Bell,TE,KC,a,TEN,0.0,2500.0
10,2019,4708,Darrell Daniels,TE,ARI,a,TB,0.0,2500.0
10,2019,4577,Levine Toilolo,TE,SF,h,SEA,0.0,3000.0
10,2019,4586,Josh Hill,TE,NO,h,ATL,0.0,3400.0
10,2019,4532,Luke Stocker,TE,ATL,a,NO,0.0,2500.0
10,2019,5436,Daniel Brown,TE,NYJ,h,NYG,0.0,2500.0
10,2019,4769,Stephen Carlson,TE,CLE,h,BUF,0.0,2600.0
10,2019,4737,Durham Smythe,TE,MIA,a,IND,0.0,2500.0
10,2019,4732,Tyler Conklin,TE,MIN,a,DAL,0.0,2500.0
10,2019,4648,Cameron Brate,TE,TB,h,ARI,0.0,3700.0
10,2019,7024,Pittsburgh,Def,PIT,h,LA,25.0,2600.0
10,2019,7003,Baltimore,Def,BAL,a,CIN,24.0,4000.0
10,2019,7027,San Francisco,Def,SF,h,SEA,19.0,3600.0
10,2019,7025,LA Rams,Def,LA,a,PIT,19.0,3000.0
10,2019,7028,Seattle,Def,SEA,a,SF,18.0,2600.0
10,2019,7022,Oakland,Def,LV,h,LAC,17.0,2500.0
10,2019,7021,New York J,Def,NYJ,h,NYG,16.0,2700.0
10,2019,7016,Miami,Def,MIA,a,IND,11.0,2400.0
10,2019,7030,Tennessee,Def,TEN,h,KC,11.0,2000.0
10,2019,7002,Atlanta,Def,ATL,a,NO,10.0,1500.0
10,2019,7001,Arizona,Def,ARI,a,TB,9.0,2200.0
10,2019,7006,Chicago,Def,CHI,h,DET,8.0,3100.0
10,2019,7012,Green Bay,Def,GB,h,CAR,8.0,3200.0
10,2019,7013,Indianapolis,Def,IND,h,MIA,8.0,3500.0
10,2019,7029,Tampa Bay,Def,TB,h,ARI,6.0,2700.0
10,2019,7011,Detroit,Def,DET,a,CHI,6.0,2900.0
10,2019,7004,Buffalo,Def,BUF,a,CLE,5.0,2900.0
10,2019,7015,Kansas City,Def,KC,a,TEN,5.0,2700.0
10,2019,7026,LA Chargers,Def,LAC,a,LV,4.0,2700.0
10,2019,7019,New Orleans,Def,NO,h,ATL,3.0,3700.0
10,2019,7017,Minnesota,Def,MIN,a,DAL,3.0,2500.0
10,2019,7005,Carolina,Def,CAR,a,GB,2.0,2600.0
10,2019,7008,Cleveland,Def,CLE,h,BUF,2.0,2500.0
10,2019,7020,New York G,Def,NYG,a,NYJ,1.0,2800.0
10,2019,7009,Dallas,Def,DAL,h,MIN,0.0,3100.0
10,2019,7007,Cincinnati,Def,CIN,h,BAL,-1.0,1700.0
11,2019,1452,Jimmy Garoppolo,QB,SF,h,ARI,34.66,6700.0
11,2019,1501,Dak Prescott,QB,DAL,a,DET,34.56,6700.0
11,2019,1529,Josh Allen,QB,BUF,a,MIA,33.84,6600.0
11,2019,1527,Lamar Jackson,QB,BAL,h,HOU,33.48,7700.0
11,2019,1494,Jeff Driskel,QB,DET,h,DAL,27.46,4600.0
11,2019,1415,Kirk Cousins,QB,MIN,h,DEN,26.86,6300.0
11,2019,1537,Kyler Murray,QB,ARI,a,SF,26.7,6100.0
11,2019,1524,Sam Darnold,QB,NYJ,a,WAS,26.42,5700.0
11,2019,1528,Baker Mayfield,QB,CLE,h,PIT,21.82,5300.0
11,2019,1465,Jameis Winston,QB,TB,h,NO,21.82,6500.0
11,2019,1151,Drew Brees,QB,NO,a,TB,21.12,6900.0
11,2019,1441,Derek Carr,QB,LV,h,CIN,20.78,6100.0
11,2019,1301,Matt Ryan,QB,ATL,a,CAR,19.44,6200.0
11,2019,1231,Philip Rivers,QB,LAC,h,KC,19.12,5800.0
11,2019,1413,Nick Foles,QB,JAX,a,IND,18.84,5600.0
11,2019,1538,Dwayne Haskins,QB,WAS,h,NYJ,18.06,4800.0
11,2019,1523,Patrick Mahomes II,QB,KC,a,LAC,16.18,7000.0
11,2019,1496,Jacoby Brissett,QB,IND,h,JAX,16.12,5900.0
11,2019,1242,Ryan Fitzpatrick,QB,MIA,h,BUF,15.92,5100.0
11,2019,1504,Brandon Allen,QB,DEN,a,MIN,14.4,4700.0
11,2019,1514,Carson Wentz,QB,PHI,h,NE,13.26,5400.0
11,2019,1536,Kyle Allen,QB,CAR,h,ATL,12.7,5300.0
11,2019,1519,Mitchell Trubisky,QB,CHI,a,LA,11.0,4900.0
11,2019,1526,Mason Rudolph,QB,PIT,a,CLE,10.34,5100.0
11,2019,1131,Tom Brady,QB,NE,a,PHI,8.54,6400.0
11,2019,1545,Ryan Finley,QB,CIN,a,LV,7.3,5000.0
11,2019,1490,Jared Goff,QB,LA,h,CHI,6.22,5900.0
11,2019,1518,Deshaun Watson,QB,HOU,a,BAL,5.96,6800.0
11,2019,1530,Taysom Hill,QB,NO,a,TB,1.4,4000.0
11,2019,1408,Robert Griffin III,QB,BAL,h,HOU,0.5,4600.0
11,2019,1334,Chase Daniel,QB,CHI,a,LA,0.36,4500.0
11,2019,1467,A.J. McCarron,QB,HOU,a,BAL,0.0,4100.0
11,2019,1446,Garrett Gilbert,QB,CLE,h,PIT,-0.1,4200.0
11,2019,1234,Matt Schaub,QB,ATL,a,CAR,-0.1,4700.0
11,2019,1336,Brian Hoyer,QB,IND,h,JAX,-0.2,5200.0
11,2019,5536,Christian McCaffrey,RB,CAR,h,ATL,33.1,10500.0
11,2019,5575,Austin Ekeler,RB,LAC,h,KC,24.2,5300.0
11,2019,2793,Mark Ingram,RB,BAL,h,HOU,23.5,6600.0
11,2019,5562,Alvin Kamara,RB,NO,a,TB,22.2,7400.0
11,2019,2992,Todd Gurley,RB,LA,h,CHI,21.3,6000.0
11,2019,5444,Ezekiel Elliott,RB,DAL,a,DET,20.3,9000.0
11,2019,5681,Gus Edwards,RB,BAL,h,HOU,20.2,4500.0
11,2019,5548,Marlon Mack,RB,IND,h,JAX,19.9,6400.0
11,2019,5451,Jonathan Williams,RB,IND,h,JAX,18.7,3000.0
11,2019,5564,Tarik Cohen,RB,CHI,a,LA,18.4,4400.0
11,2019,5718,Tony Pollard,RB,DAL,a,DET,17.6,5000.0
11,2019,5712,Josh Jacobs,RB,LV,h,CIN,17.4,6900.0
11,2019,5535,Joe Mixon,RB,CIN,a,LV,17.3,5500.0
11,2019,2888,Le'Veon Bell,RB,NYJ,a,WAS,17.2,7200.0
11,2019,5559,Dalvin Cook,RB,MIN,h,DEN,16.7,8900.0
11,2019,2707,LeSean McCoy,RB,KC,a,LAC,15.7,4500.0
11,2019,5688,Jaylen Samuels,RB,PIT,a,CLE,15.5,6200.0
11,2019,5446,Kenyan Drake,RB,ARI,a,SF,14.0,5400.0
11,2019,5616,Derrius Guice,RB,WAS,h,NYJ,13.9,4700.0
11,2019,2908,Kyle Juszczyk,RB,SF,h,ARI,13.3,3000.0
11,2019,5534,Leonard Fournette,RB,JAX,a,IND,12.7,7900.0
11,2019,5628,Kalen Ballage,RB,MIA,h,BUF,12.7,4300.0
11,2019,5623,Nyheim Hines,RB,IND,h,JAX,12.5,4200.0
11,2019,2933,Carlos Hyde,RB,HOU,a,BAL,12.5,4600.0
11,2019,5708,Darrel Williams,RB,KC,a,LAC,12.3,3400.0
11,2019,2991,Melvin Gordon,RB,LAC,h,KC,12.0,6300.0
11,2019,5560,Kareem Hunt,RB,CLE,h,PIT,11.8,4300.0
11,2019,5788,Patrick Laird,RB,MIA,h,BUF,11.8,3000.0
11,2019,5791,Bo Scarbrough,RB,DET,h,DAL,11.5,0.0
11,2019,2954,James White,RB,NE,a,PHI,9.6,5400.0
11,2019,5703,Jeff Wilson Jr.,RB,SF,h,ARI,9.5,3300.0
11,2019,5630,Phillip Lindsay,RB,DEN,a,MIN,9.5,5300.0
11,2019,2994,Tevin Coleman,RB,SF,h,ARI,9.2,6100.0
11,2019,5622,Nick Chubb,RB,CLE,h,PIT,9.2,7500.0
11,2019,5507,Peyton Barber,RB,TB,h,NO,9.1,3600.0
11,2019,5717,Devin Singletary,RB,BUF,a,MIA,8.9,6000.0
11,2019,5586,J.D. McKissic,RB,DET,h,DAL,8.3,4600.0
11,2019,2887,Kenjon Barner,RB,ATL,a,CAR,7.62,3700.0
11,2019,5441,Malcolm Brown,RB,LA,h,CHI,7.5,4200.0
11,2019,5482,Andy Janovich,RB,DEN,a,MIN,7.4,3000.0
11,2019,5722,Qadree Ollison,RB,ATL,a,CAR,7.1,3000.0
11,2019,2890,Rex Burkhead,RB,NE,a,PHI,6.8,3800.0
11,2019,5573,Trey Edmunds,RB,PIT,a,CLE,6.8,3500.0
11,2019,5714,Miles Sanders,RB,PHI,h,NE,6.7,4100.0
11,2019,5615,Sony Michel,RB,NE,a,PHI,6.4,4900.0
11,2019,2997,Duke Johnson,RB,HOU,a,BAL,6.4,4000.0
11,2019,5713,David Montgomery,RB,CHI,a,LA,6.0,5700.0
11,2019,2819,Bilal Powell,RB,NYJ,a,WAS,5.7,3700.0
11,2019,5743,Patrick Ricard,RB,BAL,h,HOU,5.7,3000.0
11,2019,2889,Giovani Bernard,RB,CIN,a,LV,5.6,4300.0
11,2019,2467,Frank Gore,RB,BUF,a,MIA,5.5,4400.0
11,2019,5620,Royce Freeman,RB,DEN,a,MIN,5.5,4800.0
11,2019,2899,Latavius Murray,RB,NO,a,TB,5.2,6200.0
11,2019,2553,Adrian Peterson,RB,WAS,h,NYJ,5.0,4500.0
11,2019,5608,Brian Hill,RB,ATL,a,CAR,4.8,4800.0
11,2019,5414,Raheem Mostert,RB,SF,h,ARI,4.7,3400.0
11,2019,5697,Dare Ogunbowale,RB,TB,h,NO,4.0,3200.0
11,2019,5745,Ryquell Armstead,RB,JAX,a,IND,3.9,4200.0
11,2019,5719,Justice Hill,RB,BAL,h,HOU,3.7,3500.0
11,2019,5617,Ronald Jones,RB,TB,h,NO,3.4,5200.0
11,2019,5449,DeAndre Washington,RB,LV,h,CIN,3.3,3000.0
11,2019,5735,Reggie Bonnafon,RB,CAR,h,ATL,2.8,4200.0
11,2019,2995,Ameer Abdullah,RB,MIN,h,DEN,2.6,3000.0
11,2019,5624,Boston Scott,RB,PHI,h,NE,2.6,3000.0
11,2019,5537,James Conner,RB,PIT,a,CLE,2.6,7700.0
11,2019,2957,Damien Williams,RB,KC,a,LAC,2.3,5300.0
11,2019,5473,Wendell Smallwood,RB,WAS,h,NYJ,2.1,3200.0
11,2019,5626,T.J. Logan,RB,TB,h,NO,2.1,3000.0
11,2019,2912,Zach Line,RB,NO,a,TB,2.0,3000.0
11,2019,5490,Jalen Richard,RB,LV,h,CIN,1.7,4200.0
11,2019,5581,C.J. Ham,RB,MIN,h,DEN,1.6,3000.0
11,2019,5742,Ty Johnson,RB,DET,h,DAL,1.6,3800.0
11,2019,5392,Ty Montgomery,RB,NYJ,a,WAS,1.1,3900.0
11,2019,5661,Josh Adams,RB,NYJ,a,WAS,0.6,3000.0
11,2019,5720,Alexander Mattison,RB,MIN,h,DEN,0.5,5000.0
11,2019,5763,Buddy Howell,RB,HOU,a,BAL,0.5,3000.0
11,2019,5468,Devontae Booker,RB,DEN,a,MIN,0.4,3000.0
11,2019,5492,Keith Smith,RB,ATL,a,CAR,0.3,3000.0
11,2019,5764,Alec Ingold,RB,LV,h,CIN,0.3,3000.0
11,2019,5669,De'Lance Turner,RB,MIA,h,BUF,0.0,3000.0
11,2019,5662,Mike Boone,RB,MIN,h,DEN,0.0,3000.0
11,2019,5483,Dwayne Washington,RB,NO,a,TB,0.0,3000.0
11,2019,5415,Michael Burton,RB,WAS,h,NYJ,0.0,3000.0
11,2019,5789,Myles Gaskin,RB,MIA,h,BUF,0.0,3000.0
11,2019,5510,Troymaine Pope,RB,LAC,h,KC,0.0,3000.0
11,2019,5741,Nick Bawden,RB,DET,h,DAL,0.0,3500.0
11,2019,5762,Cullen Gillaspia,RB,HOU,a,BAL,0.0,3000.0
11,2019,5737,Chandler Cox,RB,MIA,h,BUF,0.0,3000.0
11,2019,2974,Senorise Perry,RB,BUF,a,MIA,0.0,3000.0
11,2019,2822,Anthony Sherman,RB,KC,a,LAC,0.0,3000.0
11,2019,2874,Brandon Bolden,RB,NE,a,PHI,0.0,3100.0
11,2019,5746,D'Ernest Johnson,RB,CLE,h,PIT,0.0,3000.0
11,2019,5504,Derek Watt,RB,LAC,h,KC,0.0,3000.0
11,2019,5644,Alex Armah,RB,CAR,h,ATL,0.0,3000.0
11,2019,5683,Dontrell Hilliard,RB,CLE,h,PIT,0.0,3500.0
11,2019,5395,David Johnson,RB,ARI,a,SF,0.0,5100.0
11,2019,2820,Taiwan Jones,RB,HOU,a,BAL,0.0,3000.0
11,2019,2805,Patrick DiMarco,RB,BUF,a,MIA,0.0,3000.0
11,2019,5723,Jordan Scarlett,RB,CAR,h,ATL,0.0,3300.0
11,2019,5716,Darrell Henderson,RB,LA,h,CHI,0.0,3300.0
11,2019,2913,Jamize Olawale,RB,DAL,a,DET,0.0,3000.0
11,2019,5783,Tony Brooks-James,RB,PIT,a,CLE,-0.4,3000.0
11,2019,5264,John Brown,WR,BUF,a,MIA,37.7,6400.0
11,2019,5659,D.J. Chark,WR,JAX,a,IND,33.4,6200.0
11,2019,5631,Calvin Ridley,WR,ATL,a,CAR,31.3,5500.0
11,2019,5459,Michael Thomas,WR,NO,a,TB,28.4,9900.0
11,2019,5634,Michael Gallup,WR,DAL,a,DET,26.8,6500.0
11,2019,5424,Stefon Diggs,WR,MIN,h,DEN,26.1,6900.0
11,2019,5125,Randall Cobb,WR,DAL,a,DET,24.5,4300.0
11,2019,5726,Deebo Samuel,WR,SF,h,ARI,24.4,4000.0
11,2019,5380,DeVante Parker,WR,MIA,h,BUF,23.5,4700.0
11,2019,5637,Courtland Sutton,WR,DEN,a,MIN,21.82,6000.0
11,2019,5198,Keenan Allen,WR,LAC,h,KC,21.1,6300.0
11,2019,5168,Marvin Jones,WR,DET,h,DAL,19.9,5900.0
11,2019,5486,Jakeem Grant,WR,MIA,h,BUF,18.9,3300.0
11,2019,5410,Jamison Crowder,WR,NYJ,a,WAS,18.6,5700.0
11,2019,5633,D.J. Moore,WR,CAR,h,ATL,17.5,5900.0
11,2019,5206,DeAndre Hopkins,WR,HOU,a,BAL,15.0,8100.0
11,2019,3826,Julian Edelman,WR,NE,a,PHI,14.9,7600.0
11,2019,5089,Julio Jones,WR,ATL,a,CAR,14.7,7500.0
11,2019,5335,Jarvis Landry,WR,CLE,h,PIT,14.3,5700.0
11,2019,5587,Marcus Johnson,WR,IND,h,JAX,13.8,3100.0
11,2019,5579,Chris Godwin,WR,TB,h,NO,13.7,7300.0
11,2019,3501,Larry Fitzgerald,WR,ARI,a,SF,13.7,5000.0
11,2019,5598,Kendrick Bourne,WR,SF,h,ARI,13.1,3000.0
11,2019,5361,Taylor Gabriel,WR,CHI,a,LA,12.7,4000.0
11,2019,5462,Pharoh Cooper,WR,ARI,a,SF,12.5,3000.0
11,2019,5384,Phillip Dorsett,WR,NE,a,PHI,12.3,4200.0
11,2019,5432,Tyrell Williams,WR,LV,h,CIN,12.2,5400.0
11,2019,5385,Chris Conley,WR,JAX,a,IND,11.8,4400.0
11,2019,5651,Tim Patrick,WR,DEN,a,MIN,11.7,0.0
11,2019,5761,Hunter Renfrow,WR,LV,h,CIN,11.6,4000.0
11,2019,5632,Anthony Miller,WR,CHI,a,LA,11.4,3300.0
11,2019,5772,Scott Miller,WR,TB,h,NO,11.1,3000.0
11,2019,5253,Mike Evans,WR,TB,h,NO,10.9,7400.0
11,2019,5751,Kelvin Harmon,WR,WAS,h,NYJ,10.3,3000.0
11,2019,5636,Christian Kirk,WR,ARI,a,SF,10.2,5700.0
11,2019,5323,Odell Beckham Jr.,WR,CLE,h,PIT,10.0,6400.0
11,2019,5757,Terry McLaurin,WR,WAS,h,NYJ,9.9,5600.0
11,2019,5696,Auden Tate,WR,CIN,a,LV,9.6,4200.0
11,2019,5594,Mike Williams,WR,LAC,h,KC,9.6,4800.0
11,2019,5747,Olabisi Johnson,WR,MIN,h,DEN,9.5,4100.0
11,2019,3670,Ted Ginn Jr.,WR,NO,a,TB,9.4,4100.0
11,2019,3851,Danny Amendola,WR,DET,h,DAL,8.7,4200.0
11,2019,5408,Seth Roberts,WR,BAL,h,HOU,8.5,3000.0
11,2019,3997,Demaryius Thomas,WR,NYJ,a,WAS,8.4,3900.0
11,2019,5341,Allen Hurns,WR,MIA,h,BUF,8.3,3200.0
11,2019,5552,Cooper Kupp,WR,LA,h,CHI,8.3,7000.0
11,2019,5570,Keelan Cole,WR,JAX,a,IND,8.1,3800.0
11,2019,5378,Nelson Agholor,WR,PHI,h,NE,8.0,4000.0
11,2019,5582,Josh Reynolds,WR,LA,h,CHI,8.0,3700.0
11,2019,5635,James Washington,WR,PIT,a,CLE,7.9,4100.0
11,2019,5163,Cole Beasley,WR,BUF,a,MIA,7.8,4700.0
11,2019,5502,Robby Anderson,WR,NYJ,a,WAS,7.6,4900.0
11,2019,5603,Dede Westbrook,WR,JAX,a,IND,7.2,4500.0
11,2019,5376,Amari Cooper,WR,DAL,a,DET,6.8,7700.0
11,2019,5674,Richie James,WR,SF,h,ARI,6.7,3000.0
11,2019,5212,Kenny Stills,WR,HOU,a,BAL,6.7,4600.0
11,2019,5556,Curtis Samuel,WR,CAR,h,ATL,6.5,5300.0
11,2019,3983,Emmanuel Sanders,WR,SF,h,ARI,6.3,7200.0
11,2019,5574,Isaiah McKenzie,WR,BUF,a,MIA,6.1,3000.0
11,2019,5339,Albert Wilson,WR,MIA,h,BUF,5.6,3400.0
11,2019,5557,Zay Jones,WR,LV,h,CIN,5.5,3300.0
11,2019,5258,Allen Robinson,WR,CHI,a,LA,5.5,6000.0
11,2019,5670,Keke Coutee,WR,HOU,a,BAL,5.5,3500.0
11,2019,5680,Russell Gage,WR,ATL,a,CAR,5.2,3300.0
11,2019,5675,KhaDarel Hodge,WR,CLE,h,PIT,5.1,3000.0
11,2019,5652,Trey Quinn,WR,WAS,h,NYJ,4.9,3300.0
11,2019,5595,Marvin Hall,WR,DET,h,DAL,4.9,3100.0
11,2019,5724,N'Keal Harry,WR,NE,a,PHI,4.8,3000.0
11,2019,5252,Sammy Watkins,WR,KC,a,LAC,4.6,4900.0
11,2019,5792,Tevin Jones,WR,DAL,a,DET,4.4,0.0
11,2019,5554,Kenny Golladay,WR,DET,h,DAL,4.4,6700.0
11,2019,5730,Marquise Brown,WR,BAL,h,HOU,4.3,5600.0
11,2019,5553,JuJu Smith-Schuster,WR,PIT,a,CLE,4.1,6000.0
11,2019,5500,Chester Rogers,WR,IND,h,JAX,3.9,4000.0
11,2019,5732,JJ Arcega-Whiteside,WR,PHI,h,NE,3.9,3000.0
11,2019,5647,Zach Pascal,WR,IND,h,JAX,3.7,5800.0
11,2019,5754,Diontae Johnson,WR,PIT,a,CLE,3.7,4500.0
11,2019,5387,Justin Hardy,WR,ATL,a,CAR,3.4,3000.0
11,2019,5287,Willie Snead,WR,BAL,h,HOU,3.3,3900.0
11,2019,5727,Mecole Hardman,WR,KC,a,LAC,3.3,4000.0
11,2019,5159,Mohamed Sanu,WR,NE,a,PHI,3.2,5100.0
11,2019,5379,Breshad Perriman,WR,TB,h,NO,3.0,3200.0
11,2019,5188,Jarius Wright,WR,CAR,h,ATL,2.9,3000.0
11,2019,5491,Johnny Holton,WR,PIT,a,CLE,2.8,3000.0
11,2019,5753,Steven Sims Jr.,WR,WAS,h,NYJ,2.6,3000.0
11,2019,5731,KeeSean Johnson,WR,ARI,a,SF,2.4,3500.0
11,2019,5671,Javon Wims,WR,CHI,a,LA,2.1,3000.0
11,2019,5455,Tyler Boyd,WR,CIN,a,LV,2.0,5200.0
11,2019,5759,Byron Pringle,WR,KC,a,LAC,1.9,3000.0
11,2019,5503,Mike Thomas,WR,LA,h,CHI,1.9,3000.0
11,2019,5749,Jakobi Meyers,WR,NE,a,PHI,1.7,3200.0
11,2019,5734,Andy Isabella,WR,ARI,a,SF,1.6,3500.0
11,2019,5254,Jordan Matthews,WR,PHI,h,NE,1.6,3500.0
11,2019,5205,Marquise Goodwin,WR,SF,h,ARI,1.5,3700.0
11,2019,5790,Christian Blake,WR,ATL,a,CAR,1.3,3000.0
11,2019,5480,Alex Erickson,WR,CIN,a,LV,1.0,3900.0
11,2019,5748,Miles Boykin,WR,BAL,h,HOU,0.0,3500.0
11,2019,5578,Mack Hollins,WR,PHI,h,NE,0.0,3200.0
11,2019,5640,DaeSean Hamilton,WR,DEN,a,MIN,0.0,3600.0
11,2019,5344,Donte Moncrief,WR,CAR,h,ATL,0.0,3300.0
11,2019,5699,Trent Sherfield,WR,ARI,a,SF,0.0,3000.0
11,2019,5641,Braxton Berrios,WR,NYJ,a,WAS,0.0,3000.0
11,2019,5208,Cordarrelle Patterson,WR,CHI,a,LA,0.0,3000.0
11,2019,2958,De'Anthony Thomas,WR,BAL,h,HOU,0.0,3000.0
11,2019,5698,Marcell Ateman,WR,LV,h,CIN,0.0,3000.0
11,2019,5515,Demarcus Robinson,WR,KC,a,LAC,0.0,3500.0
11,2019,5602,JoJo Natson,WR,LA,h,CHI,0.0,3000.0
11,2019,5765,Diontae Spencer,WR,DEN,a,MIN,0.0,3000.0
11,2019,5781,Jason Moore,WR,LAC,h,KC,0.0,3000.0
11,2019,5779,Stanley Morgan,WR,CIN,a,LV,0.0,3000.0
11,2019,5475,Rashard Higgins,WR,CLE,h,PIT,0.0,3200.0
11,2019,5775,Fred Brown,WR,DEN,a,MIN,0.0,3200.0
11,2019,5485,Tyreek Hill,WR,KC,a,LAC,0.0,8700.0
11,2019,5690,Justin Watson,WR,TB,h,NO,0.0,3000.0
11,2019,5453,Laquon Treadwell,WR,MIN,h,DEN,0.0,3700.0
11,2019,3978,Andre Roberts,WR,BUF,a,MIA,0.0,3000.0
11,2019,5639,Tre'Quan Smith,WR,NO,a,TB,0.0,3800.0
11,2019,5649,Robert Foster,WR,BUF,a,MIA,0.0,3200.0
11,2019,5773,Andre Patton,WR,LAC,h,KC,0.0,3000.0
11,2019,5416,DeAndrew White,WR,CAR,h,ATL,0.0,3000.0
11,2019,3760,Matthew Slater,WR,NE,a,PHI,0.0,3000.0
11,2019,5654,DeAndre Carter,WR,HOU,a,BAL,0.0,3000.0
11,2019,5678,Damion Ratley,WR,CLE,h,PIT,0.0,3000.0
11,2019,5199,Tavon Austin,WR,DAL,a,DET,0.0,3300.0
11,2019,5498,Trevor Davis,WR,LV,h,CIN,0.0,3000.0
11,2019,5653,Vyncint Smith,WR,NYJ,a,WAS,-1.0,3000.0
11,2019,4592,Ryan Griffin,TE,NYJ,a,WAS,24.9,2900.0
11,2019,4582,Travis Kelce,TE,KC,a,LAC,22.2,6800.0
11,2019,4569,Zach Ertz,TE,PHI,h,NE,18.4,5000.0
11,2019,4537,Kyle Rudolph,TE,MIN,h,DEN,17.7,3600.0
11,2019,4721,Mark Andrews,TE,BAL,h,HOU,17.5,6100.0
11,2019,4745,Ross Dwelley,TE,SF,h,ARI,17.4,3400.0
11,2019,4648,Cameron Brate,TE,TB,h,NO,17.3,3300.0
11,2019,4675,Hunter Henry,TE,LAC,h,KC,14.9,5700.0
11,2019,4725,Dallas Goedert,TE,PHI,h,NE,12.6,3200.0
11,2019,5419,Darren Waller,TE,LV,h,CIN,12.6,5500.0
11,2019,4437,Jared Cook,TE,NO,a,TB,11.3,4400.0
11,2019,4750,Dawson Knox,TE,BUF,a,MIA,11.2,3000.0
11,2019,4757,Irv Smith Jr.,TE,MIN,h,DEN,11.0,3100.0
11,2019,4368,Greg Olsen,TE,CAR,h,ATL,10.7,3900.0
11,2019,4714,Jeremy Sprinkle,TE,WAS,h,NYJ,9.6,2800.0
11,2019,4748,Noah Fant,TE,DEN,a,MIN,9.3,3700.0
11,2019,5436,Daniel Brown,TE,NYJ,a,WAS,9.0,2500.0
11,2019,4760,Foster Moreau,TE,LV,h,CIN,8.8,2600.0
11,2019,4262,Jason Witten,TE,DAL,a,DET,8.3,3700.0
11,2019,4292,Ben Watson,TE,NE,a,PHI,8.2,2900.0
11,2019,4769,Stephen Carlson,TE,CLE,h,PIT,7.8,2500.0
11,2019,4762,Troy Fumagalli,TE,DEN,a,MIN,7.3,2500.0
11,2019,4601,Eric Ebron,TE,IND,h,JAX,6.7,3600.0
11,2019,4572,Vance McDonald,TE,PIT,a,CLE,6.3,3700.0
11,2019,4733,Blake Jarwin,TE,DAL,a,DET,5.8,2900.0
11,2019,4719,Mike Gesicki,TE,MIA,h,BUF,5.8,3500.0
11,2019,4568,Tyler Eifert,TE,CIN,a,LV,5.1,3200.0
11,2019,4732,Tyler Conklin,TE,MIN,h,DEN,4.8,2500.0
11,2019,4765,Jaeden Graham,TE,ATL,a,CAR,4.3,2800.0
11,2019,4660,Nick Boyle,TE,BAL,h,HOU,4.0,2700.0
11,2019,4720,Hayden Hurst,TE,BAL,h,HOU,3.6,2600.0
11,2019,4705,Gerald Everett,TE,LA,h,CHI,3.0,4600.0
11,2019,4609,Darren Fells,TE,HOU,a,BAL,2.8,3800.0
11,2019,4586,Josh Hill,TE,NO,a,TB,2.8,3000.0
11,2019,4729,Jordan Akins,TE,HOU,a,BAL,2.5,2600.0
11,2019,4656,C.J. Uzomah,TE,CIN,a,LV,2.5,2500.0
11,2019,4674,Matt LaCosse,TE,NE,a,PHI,2.3,2600.0
11,2019,4689,Ben Koyack,TE,JAX,a,IND,1.9,2500.0
11,2019,4542,Virgil Green,TE,LAC,h,KC,1.8,2500.0
11,2019,4691,Ben Braunecker,TE,CHI,a,LA,1.8,2700.0
11,2019,4688,Nick Vannett,TE,PIT,a,CLE,1.7,2500.0
11,2019,4749,T.J. Hockenson,TE,DET,h,DAL,1.6,3600.0
11,2019,4652,Tyler Kroft,TE,BUF,a,MIA,1.6,2800.0
11,2019,4766,Josh Oliver,TE,JAX,a,IND,1.5,2500.0
11,2019,4708,Darrell Daniels,TE,ARI,a,SF,1.4,2500.0
11,2019,4767,Hale Hentges,TE,WAS,h,NYJ,1.0,2500.0
11,2019,4712,Ricky Seals-Jones,TE,CLE,h,PIT,0.0,2900.0
11,2019,4768,Tanner Hudson,TE,TB,h,NO,0.0,2500.0
11,2019,4391,Clark Harris,TE,CIN,a,LV,0.0,2500.0
11,2019,4680,Tyler Higbee,TE,LA,h,CHI,0.0,2700.0
11,2019,4594,Jack Doyle,TE,IND,h,JAX,0.0,4000.0
11,2019,4697,Chris Manhertz,TE,CAR,h,ATL,0.0,2500.0
11,2019,4653,Jesse James,TE,DET,h,DAL,0.0,2600.0
11,2019,4761,Andrew Beck,TE,DEN,a,MIN,0.0,2500.0
11,2019,4543,Charles Clay,TE,ARI,a,SF,0.0,2700.0
11,2019,4651,Clive Walford,TE,MIA,h,BUF,0.0,2500.0
11,2019,1463,Logan Thomas,TE,DET,h,DAL,0.0,2500.0
11,2019,4759,James Winchester,TE,KC,a,LAC,0.0,2500.0
11,2019,4711,Cethan Carter,TE,CIN,a,LV,0.0,2500.0
11,2019,4742,Dalton Schultz,TE,DAL,a,DET,0.0,2500.0
11,2019,4753,Pharaoh Brown,TE,CLE,h,PIT,0.0,2500.0
11,2019,4730,Ian Thomas,TE,CAR,h,ATL,0.0,2500.0
11,2019,4599,Derek Carrier,TE,LV,h,CIN,0.0,2500.0
11,2019,4642,Demetrius Harris,TE,CLE,h,PIT,0.0,3100.0
11,2019,4747,Johnny Mundt,TE,LA,h,CHI,0.0,2500.0
11,2019,4535,Lee Smith,TE,BUF,a,MIA,0.0,2500.0
11,2019,4763,J.P. Holtz,TE,CHI,a,LA,0.0,2500.0
11,2019,4700,O.J. Howard,TE,TB,h,NO,0.0,3600.0
11,2019,4736,Mo Alie-Cox,TE,IND,h,JAX,0.0,2500.0
11,2019,4764,Deon Yelder,TE,KC,a,LAC,0.0,2500.0
11,2019,4577,Levine Toilolo,TE,SF,h,ARI,0.0,3000.0
11,2019,4532,Luke Stocker,TE,ATL,a,CAR,0.0,3000.0
11,2019,4650,Maxx Williams,TE,ARI,a,SF,0.0,2600.0
11,2019,4737,Durham Smythe,TE,MIA,h,BUF,0.0,2500.0
11,2019,4758,Trevon Wesco,TE,NYJ,a,WAS,0.0,2500.0
11,2019,7002,Atlanta,Def,ATL,a,CAR,26.0,2600.0
11,2019,7019,New Orleans,Def,NO,a,TB,17.0,2900.0
11,2019,7008,Cleveland,Def,CLE,h,PIT,16.0,3000.0
11,2019,7003,Baltimore,Def,BAL,h,HOU,15.0,3000.0
11,2019,7027,San Francisco,Def,SF,h,ARI,14.0,4000.0
11,2019,7022,Oakland,Def,LV,h,CIN,13.0,3300.0
11,2019,7015,Kansas City,Def,KC,a,LAC,11.0,2700.0
11,2019,7018,New England,Def,NE,a,PHI,11.0,3500.0
11,2019,7004,Buffalo,Def,BUF,a,MIA,10.0,3800.0
11,2019,7013,Indianapolis,Def,IND,h,JAX,10.0,3200.0
11,2019,7010,Denver,Def,DEN,a,MIN,9.0,2400.0
11,2019,7021,New York J,Def,NYJ,a,WAS,9.0,3100.0
11,2019,7025,LA Rams,Def,LA,h,CHI,9.0,3700.0
11,2019,7007,Cincinnati,Def,CIN,a,LV,8.0,2100.0
11,2019,7014,Jacksonville,Def,JAX,a,IND,6.0,3100.0
11,2019,7006,Chicago,Def,CHI,a,LA,5.0,2900.0
11,2019,7001,Arizona,Def,ARI,a,SF,5.0,1500.0
11,2019,7031,Washington,Def,WAS,h,NYJ,5.0,2800.0
11,2019,7017,Minnesota,Def,MIN,h,DEN,4.0,3400.0
11,2019,7009,Dallas,Def,DAL,a,DET,3.0,3600.0
11,2019,7026,LA Chargers,Def,LAC,h,KC,3.0,2200.0
11,2019,7023,Philadelphia,Def,PHI,h,NE,2.0,2700.0
11,2019,7005,Carolina,Def,CAR,h,ATL,2.0,3000.0
11,2019,7016,Miami,Def,MIA,h,BUF,2.0,2500.0
11,2019,7024,Pittsburgh,Def,PIT,a,CLE,1.0,3200.0
11,2019,7029,Tampa Bay,Def,TB,h,NO,0.0,2600.0
11,2019,7011,Detroit,Def,DET,h,DAL,-1.0,1800.0
11,2019,7032,Houston,Def,HOU,a,BAL,-3.0,2300.0
12,2019,1527,Lamar Jackson,QB,BAL,a,LA,36.26,7400.0
12,2019,1410,Ryan Tannehill,QB,TEN,h,JAX,33.36,5300.0
12,2019,1524,Sam Darnold,QB,NYJ,h,LV,31.2,5800.0
12,2019,1465,Jameis Winston,QB,TB,a,ATL,29.32,6200.0
12,2019,1528,Baker Mayfield,QB,CLE,h,MIA,27.58,5900.0
12,2019,1151,Drew Brees,QB,NO,h,CAR,26.44,6600.0
12,2019,1242,Ryan Fitzpatrick,QB,MIA,a,CLE,25.06,5000.0
12,2019,1536,Kyle Allen,QB,CAR,a,NO,23.14,5200.0
12,2019,1519,Mitchell Trubisky,QB,CHI,h,NYG,20.92,5100.0
12,2019,1529,Josh Allen,QB,BUF,h,DEN,20.0,6400.0
12,2019,1518,Deshaun Watson,QB,HOU,h,IND,19.92,6500.0
12,2019,1452,Jimmy Garoppolo,QB,SF,h,GB,18.22,6100.0
12,2019,1539,Daniel Jones,QB,NYG,a,CHI,15.7,5700.0
12,2019,1494,Jeff Driskel,QB,DET,a,WAS,15.58,5500.0
12,2019,1413,Nick Foles,QB,JAX,a,TEN,14.88,5400.0
12,2019,1496,Jacoby Brissett,QB,IND,a,HOU,13.16,6300.0
12,2019,1514,Carson Wentz,QB,PHI,h,SEA,12.94,5600.0
12,2019,1412,Russell Wilson,QB,SEA,a,PHI,11.5,6800.0
12,2019,1545,Ryan Finley,QB,CIN,h,PIT,11.48,4700.0
12,2019,1131,Tom Brady,QB,NE,h,DAL,11.3,6000.0
12,2019,1252,Aaron Rodgers,QB,GB,a,SF,10.46,6000.0
12,2019,1301,Matt Ryan,QB,ATL,h,TB,9.64,6700.0
12,2019,1543,Devlin Hodges,QB,PIT,a,CIN,8.82,4700.0
12,2019,1501,Dak Prescott,QB,DAL,a,NE,7.88,6000.0
12,2019,1538,Dwayne Haskins,QB,WAS,h,DET,7.04,4900.0
12,2019,1490,Jared Goff,QB,LA,h,BAL,6.38,5500.0
12,2019,1234,Matt Schaub,QB,ATL,h,TB,6.2,4700.0
12,2019,1441,Derek Carr,QB,LV,a,NYJ,5.18,6100.0
12,2019,1504,Brandon Allen,QB,DEN,a,BUF,3.08,4600.0
12,2019,1526,Mason Rudolph,QB,PIT,a,CIN,2.9,5500.0
12,2019,1408,Robert Griffin III,QB,BAL,a,LA,1.26,4300.0
12,2019,1530,Taysom Hill,QB,NO,h,CAR,1.0,4000.0
12,2019,1544,Tim Boyle,QB,GB,a,SF,0.6,4100.0
12,2019,1476,David Fales,QB,NYJ,h,LV,0.0,4500.0
12,2019,1446,Garrett Gilbert,QB,CLE,h,MIA,-0.1,4400.0
12,2019,1435,Case Keenum,QB,WAS,h,DET,-0.1,4800.0
12,2019,1420,Mike Glennon,QB,LV,a,NYJ,-0.2,4300.0
12,2019,5534,Leonard Fournette,RB,JAX,a,TEN,36.9,7300.0
12,2019,5536,Christian McCaffrey,RB,CAR,a,NO,34.3,10500.0
12,2019,5445,Derrick Henry,RB,TEN,h,JAX,32.5,6900.0
12,2019,5622,Nick Chubb,RB,CLE,h,MIA,28.4,8100.0
12,2019,2793,Mark Ingram,RB,BAL,a,LA,27.8,6300.0
12,2019,5451,Jonathan Williams,RB,IND,a,HOU,24.1,4200.0
12,2019,5618,Rashaad Penny,RB,SEA,a,PHI,21.9,4300.0
12,2019,5562,Alvin Kamara,RB,NO,h,CAR,19.2,8200.0
12,2019,5444,Ezekiel Elliott,RB,DAL,a,NE,16.6,7500.0
12,2019,2888,Le'Veon Bell,RB,NYJ,h,LV,15.8,6400.0
12,2019,5617,Ronald Jones,RB,TB,a,ATL,15.7,4800.0
12,2019,5717,Devin Singletary,RB,BUF,h,DEN,15.4,5400.0
12,2019,5541,Jamaal Williams,RB,GB,a,SF,15.0,4500.0
12,2019,5414,Raheem Mostert,RB,SF,h,GB,13.7,3700.0
12,2019,2994,Tevin Coleman,RB,SF,h,GB,12.9,6200.0
12,2019,5560,Kareem Hunt,RB,CLE,h,MIA,12.6,5600.0
12,2019,2899,Latavius Murray,RB,NO,h,CAR,12.4,6100.0
12,2019,5564,Tarik Cohen,RB,CHI,h,NYG,12.4,4800.0
12,2019,5714,Miles Sanders,RB,PHI,h,SEA,11.6,5000.0
12,2019,5740,Benny Snell,RB,PIT,a,CIN,11.3,4500.0
12,2019,5490,Jalen Richard,RB,LV,a,NYJ,11.1,4000.0
12,2019,5565,Chris Carson,RB,SEA,a,PHI,9.7,6700.0
12,2019,5722,Qadree Ollison,RB,ATL,h,TB,9.7,3300.0
12,2019,5791,Bo Scarbrough,RB,DET,a,WAS,8.8,4200.0
12,2019,5615,Sony Michel,RB,NE,h,DAL,8.5,4600.0
12,2019,5623,Nyheim Hines,RB,IND,a,HOU,8.1,4700.0
12,2019,5614,Saquon Barkley,RB,NYG,a,CHI,8.0,7900.0
12,2019,5535,Joe Mixon,RB,CIN,h,PIT,7.9,5900.0
12,2019,5630,Phillip Lindsay,RB,DEN,a,BUF,7.8,5200.0
12,2019,2933,Carlos Hyde,RB,HOU,h,IND,6.7,4800.0
12,2019,2467,Frank Gore,RB,BUF,h,DEN,6.5,4100.0
12,2019,5688,Jaylen Samuels,RB,PIT,a,CIN,6.2,7200.0
12,2019,2889,Giovani Bernard,RB,CIN,h,PIT,6.0,4100.0
12,2019,2553,Adrian Peterson,RB,WAS,h,DET,5.9,4300.0
12,2019,5718,Tony Pollard,RB,DAL,a,NE,5.8,4700.0
12,2019,5608,Brian Hill,RB,ATL,h,TB,5.7,4900.0
12,2019,5681,Gus Edwards,RB,BAL,a,LA,5.5,4300.0
12,2019,2816,Dion Lewis,RB,TEN,h,JAX,5.5,3600.0
12,2019,5713,David Montgomery,RB,CHI,h,NYG,5.1,5500.0
12,2019,2992,Todd Gurley,RB,LA,h,BAL,4.9,6000.0
12,2019,5620,Royce Freeman,RB,DEN,a,BUF,4.9,4500.0
12,2019,5616,Derrius Guice,RB,WAS,h,DET,4.8,4700.0
12,2019,5712,Josh Jacobs,RB,LV,a,NYJ,4.6,7400.0
12,2019,5794,Kerrith Whyte,RB,PIT,a,CIN,4.3,0.0
12,2019,5742,Ty Johnson,RB,DET,a,WAS,4.1,3700.0
12,2019,2997,Duke Johnson,RB,HOU,h,IND,4.0,3900.0
12,2019,5586,J.D. McKissic,RB,DET,a,WAS,4.0,4400.0
12,2019,5543,Aaron Jones,RB,GB,a,SF,3.8,7000.0
12,2019,2890,Rex Burkhead,RB,NE,h,DAL,3.7,3700.0
12,2019,5628,Kalen Ballage,RB,MIA,a,CLE,3.6,4400.0
12,2019,5392,Ty Montgomery,RB,NYJ,h,LV,3.3,4000.0
12,2019,5507,Peyton Barber,RB,TB,a,ATL,3.2,3800.0
12,2019,2819,Bilal Powell,RB,NYJ,h,LV,3.0,3500.0
12,2019,5449,DeAndre Washington,RB,LV,a,NYJ,2.9,3000.0
12,2019,2887,Kenjon Barner,RB,ATL,h,TB,2.8,3500.0
12,2019,5703,Jeff Wilson Jr.,RB,SF,h,GB,2.7,3500.0
12,2019,5719,Justice Hill,RB,BAL,a,LA,2.7,3000.0
12,2019,5789,Myles Gaskin,RB,MIA,a,CLE,2.7,3000.0
12,2019,5788,Patrick Laird,RB,MIA,a,CLE,2.0,3400.0
12,2019,2998,Jay Ajayi,RB,PHI,h,SEA,1.6,3000.0
12,2019,5473,Wendell Smallwood,RB,WAS,h,DET,1.3,3000.0
12,2019,5517,Dan Vitale,RB,GB,a,SF,1.3,3000.0
12,2019,5697,Dare Ogunbowale,RB,TB,a,ATL,1.2,3200.0
12,2019,2874,Brandon Bolden,RB,NE,h,DAL,1.1,3000.0
12,2019,2954,James White,RB,NE,h,DAL,0.9,5300.0
12,2019,5573,Trey Edmunds,RB,PIT,a,CIN,0.7,3900.0
12,2019,5661,Josh Adams,RB,NYJ,h,LV,0.6,3000.0
12,2019,5626,T.J. Logan,RB,TB,a,ATL,0.2,3000.0
12,2019,5547,Wayne Gallman,RB,NYG,a,CHI,0.1,4200.0
12,2019,5669,De'Lance Turner,RB,MIA,a,CLE,0.0,3000.0
12,2019,5483,Dwayne Washington,RB,NO,h,CAR,0.0,3000.0
12,2019,5735,Reggie Bonnafon,RB,CAR,a,NO,0.0,3900.0
12,2019,5415,Michael Burton,RB,WAS,h,DET,0.0,3000.0
12,2019,5663,Nick Bellore,RB,SEA,a,PHI,0.0,3000.0
12,2019,5625,Jordan Wilkins,RB,IND,a,HOU,0.0,4000.0
12,2019,5762,Cullen Gillaspia,RB,HOU,h,IND,0.0,3000.0
12,2019,5737,Chandler Cox,RB,MIA,a,CLE,0.0,3000.0
12,2019,5441,Malcolm Brown,RB,LA,h,BAL,0.0,4000.0
12,2019,5588,Elijhaa Penny,RB,NYG,a,CHI,0.0,3000.0
12,2019,5624,Boston Scott,RB,PHI,h,SEA,0.0,3000.0
12,2019,2974,Senorise Perry,RB,BUF,h,DEN,0.0,3000.0
12,2019,5746,D'Ernest Johnson,RB,CLE,h,MIA,0.0,3000.0
12,2019,5763,Buddy Howell,RB,HOU,h,IND,0.0,3000.0
12,2019,5468,Devontae Booker,RB,DEN,a,BUF,0.0,3000.0
12,2019,5738,Travis Homer,RB,SEA,a,PHI,0.0,3000.0
12,2019,5370,Javorius Allen,RB,NYG,a,CHI,0.0,3000.0
12,2019,5492,Keith Smith,RB,ATL,h,TB,0.0,3000.0
12,2019,5644,Alex Armah,RB,CAR,a,NO,0.0,3000.0
12,2019,5683,Dontrell Hilliard,RB,CLE,h,MIA,0.0,3300.0
12,2019,5745,Ryquell Armstead,RB,JAX,a,TEN,0.0,4300.0
12,2019,2820,Taiwan Jones,RB,HOU,h,IND,0.0,3000.0
12,2019,2805,Patrick DiMarco,RB,BUF,h,DEN,0.0,3000.0
12,2019,5743,Patrick Ricard,RB,BAL,a,LA,0.0,3000.0
12,2019,5723,Jordan Scarlett,RB,CAR,a,NO,0.0,3000.0
12,2019,5764,Alec Ingold,RB,LV,a,NYJ,0.0,3000.0
12,2019,5716,Darrell Henderson,RB,LA,h,BAL,0.0,3000.0
12,2019,2908,Kyle Juszczyk,RB,SF,h,GB,0.0,3300.0
12,2019,2913,Jamize Olawale,RB,DAL,a,NE,0.0,3000.0
12,2019,5579,Chris Godwin,WR,TB,a,ATL,40.4,7200.0
12,2019,5335,Jarvis Landry,WR,CLE,h,MIA,39.8,6300.0
12,2019,5633,D.J. Moore,WR,CAR,a,NO,34.4,6400.0
12,2019,5459,Michael Thomas,WR,NO,h,CAR,29.1,9300.0
12,2019,5258,Allen Robinson,WR,CHI,h,NYG,28.1,6500.0
12,2019,5206,DeAndre Hopkins,WR,HOU,h,IND,27.4,7500.0
12,2019,5728,A.J. Brown,WR,TEN,h,JAX,26.5,4700.0
12,2019,5454,Will Fuller,WR,HOU,h,IND,24.0,5300.0
12,2019,5455,Tyler Boyd,WR,CIN,h,PIT,23.1,5000.0
12,2019,5631,Calvin Ridley,WR,ATL,h,TB,22.0,6500.0
12,2019,5730,Marquise Brown,WR,BAL,a,LA,21.2,5400.0
12,2019,5323,Odell Beckham Jr.,WR,CLE,h,MIA,20.4,7000.0
12,2019,5163,Cole Beasley,WR,BUF,h,DEN,19.6,4400.0
12,2019,5263,Davante Adams,WR,GB,a,SF,19.3,6500.0
12,2019,5635,James Washington,WR,PIT,a,CIN,18.8,5000.0
12,2019,5502,Robby Anderson,WR,NYJ,h,LV,18.6,4800.0
12,2019,3826,Julian Edelman,WR,NE,h,DAL,17.3,6900.0
12,2019,5217,Robert Woods,WR,LA,h,BAL,15.7,5400.0
12,2019,5680,Russell Gage,WR,ATL,h,TB,15.6,3900.0
12,2019,5287,Willie Snead,WR,BAL,a,LA,15.4,3700.0
12,2019,5380,DeVante Parker,WR,MIA,a,CLE,15.1,5200.0
12,2019,5603,Dede Westbrook,WR,JAX,a,TEN,14.9,4600.0
12,2019,5341,Allen Hurns,WR,MIA,a,CLE,14.2,3300.0
12,2019,5632,Anthony Miller,WR,CHI,h,NYG,13.7,3500.0
12,2019,5726,Deebo Samuel,WR,SF,h,GB,13.0,5100.0
12,2019,5125,Randall Cobb,WR,DAL,a,NE,12.6,4800.0
12,2019,3995,Golden Tate,WR,NYG,a,CHI,12.3,5700.0
12,2019,5757,Terry McLaurin,WR,WAS,h,DET,12.2,6000.0
12,2019,5264,John Brown,WR,BUF,h,DEN,11.9,6700.0
12,2019,5089,Julio Jones,WR,ATL,h,TB,11.8,8000.0
12,2019,5749,Jakobi Meyers,WR,NE,h,DAL,11.4,3000.0
12,2019,5659,D.J. Chark,WR,JAX,a,TEN,10.8,6400.0
12,2019,5767,Darius Slayton,WR,NYG,a,CHI,10.7,5300.0
12,2019,5702,Malik Turner,WR,SEA,a,PHI,10.3,3000.0
12,2019,5554,Kenny Golladay,WR,DET,a,WAS,10.1,6600.0
12,2019,5793,Greg Ward,WR,PHI,h,SEA,10.0,0.0
12,2019,5339,Albert Wilson,WR,MIA,a,CLE,9.7,3200.0
12,2019,5168,Marvin Jones,WR,DET,a,WAS,9.6,6100.0
12,2019,5634,Michael Gallup,WR,DAL,a,NE,9.5,5900.0
12,2019,5552,Cooper Kupp,WR,LA,h,BAL,9.5,6800.0
12,2019,5253,Mike Evans,WR,TB,a,ATL,9.0,7300.0
12,2019,5385,Chris Conley,WR,JAX,a,TEN,8.9,4100.0
12,2019,5456,Sterling Shepard,WR,NYG,a,CHI,8.7,4900.0
12,2019,5639,Tre'Quan Smith,WR,NO,h,CAR,8.3,3400.0
12,2019,5724,N'Keal Harry,WR,NE,h,DAL,8.0,3300.0
12,2019,5641,Braxton Berrios,WR,NYJ,h,LV,7.9,3000.0
12,2019,5748,Miles Boykin,WR,BAL,a,LA,7.4,3200.0
12,2019,5751,Kelvin Harmon,WR,WAS,h,DET,7.3,3300.0
12,2019,5408,Seth Roberts,WR,BAL,a,LA,6.9,3100.0
12,2019,5725,D.K. Metcalf,WR,SEA,a,PHI,6.5,6300.0
12,2019,5480,Alex Erickson,WR,CIN,h,PIT,6.3,4000.0
12,2019,5732,JJ Arcega-Whiteside,WR,PHI,h,SEA,6.3,3000.0
12,2019,5761,Hunter Renfrow,WR,LV,a,NYJ,6.1,4500.0
12,2019,5753,Steven Sims Jr.,WR,WAS,h,DET,6.0,3000.0
12,2019,5556,Curtis Samuel,WR,CAR,a,NO,5.9,5400.0
12,2019,5754,Diontae Johnson,WR,PIT,a,CIN,5.9,5100.0
12,2019,3670,Ted Ginn Jr.,WR,NO,h,CAR,5.8,4000.0
12,2019,5254,Jordan Matthews,WR,PHI,h,SEA,5.7,3500.0
12,2019,5649,Robert Foster,WR,BUF,h,DEN,5.6,3000.0
12,2019,5379,Breshad Perriman,WR,TB,a,ATL,5.4,3200.0
12,2019,5255,Brandin Cooks,WR,LA,h,BAL,5.3,5000.0
12,2019,3851,Danny Amendola,WR,DET,a,WAS,5.1,4400.0
12,2019,5412,Adam Humphries,WR,TEN,h,JAX,5.0,3900.0
12,2019,5550,Corey Davis,WR,TEN,h,JAX,4.9,4300.0
12,2019,5386,Tyler Lockett,WR,SEA,a,PHI,4.8,7600.0
12,2019,5151,T.Y. Hilton,WR,IND,a,HOU,4.8,6600.0
12,2019,5598,Kendrick Bourne,WR,SF,h,GB,4.7,3300.0
12,2019,5655,David Moore,WR,SEA,a,PHI,4.5,3200.0
12,2019,5750,Deon Cain,WR,PIT,a,CIN,4.5,0.0
12,2019,3997,Demaryius Thomas,WR,NYJ,h,LV,4.2,3800.0
12,2019,5511,Geronimo Allison,WR,GB,a,SF,3.9,3500.0
12,2019,5432,Tyrell Williams,WR,LV,a,NYJ,3.8,5900.0
12,2019,5711,Allen Lazard,WR,GB,a,SF,3.8,3400.0
12,2019,5570,Keelan Cole,WR,JAX,a,TEN,3.8,3500.0
12,2019,5410,Jamison Crowder,WR,NYJ,h,LV,3.8,6200.0
12,2019,5637,Courtland Sutton,WR,DEN,a,BUF,3.7,6200.0
12,2019,5790,Christian Blake,WR,ATL,h,TB,3.6,3000.0
12,2019,5653,Vyncint Smith,WR,NYJ,h,LV,3.2,3000.0
12,2019,5595,Marvin Hall,WR,DET,a,WAS,3.1,3000.0
12,2019,5361,Taylor Gabriel,WR,CHI,h,NYG,2.9,4200.0
12,2019,5582,Josh Reynolds,WR,LA,h,BAL,2.8,3700.0
12,2019,5574,Isaiah McKenzie,WR,BUF,h,DEN,2.8,3200.0
12,2019,5557,Zay Jones,WR,LV,a,NYJ,2.5,3400.0
12,2019,3983,Emmanuel Sanders,WR,SF,h,GB,2.5,6400.0
12,2019,5500,Chester Rogers,WR,IND,a,HOU,2.2,3800.0
12,2019,5696,Auden Tate,WR,CIN,h,PIT,2.0,4100.0
12,2019,5165,Josh Gordon,WR,SEA,a,PHI,2.0,4200.0
12,2019,5792,Tevin Jones,WR,DAL,a,NE,1.9,3000.0
12,2019,5520,Kalif Raymond,WR,TEN,h,JAX,1.9,3000.0
12,2019,5268,Cody Latimer,WR,NYG,a,CHI,1.7,3000.0
12,2019,5656,Marquez Valdes-Scantling,WR,GB,a,SF,1.7,3900.0
12,2019,5772,Scott Miller,WR,TB,a,ATL,1.6,3100.0
12,2019,5260,Paul Richardson,WR,WAS,h,DET,1.6,4000.0
12,2019,5212,Kenny Stills,WR,HOU,h,IND,1.6,4100.0
12,2019,5188,Jarius Wright,WR,CAR,a,NO,1.4,3000.0
12,2019,5651,Tim Patrick,WR,DEN,a,BUF,1.3,3000.0
12,2019,5765,Diontae Spencer,WR,DEN,a,BUF,1.0,3000.0
12,2019,5461,Tajae Sharpe,WR,TEN,h,JAX,0.0,3000.0
12,2019,5578,Mack Hollins,WR,PHI,h,SEA,0.0,3200.0
12,2019,5640,DaeSean Hamilton,WR,DEN,a,BUF,0.0,3400.0
12,2019,5479,Chris Moore,WR,BAL,a,LA,0.0,3000.0
12,2019,5376,Amari Cooper,WR,DAL,a,NE,0.0,6600.0
12,2019,5344,Donte Moncrief,WR,CAR,a,NO,0.0,3000.0
12,2019,5756,Damion Willis,WR,CIN,h,PIT,0.0,3100.0
12,2019,5208,Cordarrelle Patterson,WR,CHI,h,NYG,0.0,3000.0
12,2019,2958,De'Anthony Thomas,WR,BAL,a,LA,0.0,3000.0
12,2019,5698,Marcell Ateman,WR,LV,a,NYJ,0.0,3000.0
12,2019,5503,Mike Thomas,WR,LA,h,BAL,0.0,3000.0
12,2019,5602,JoJo Natson,WR,LA,h,BAL,0.0,3000.0
12,2019,5779,Stanley Morgan,WR,CIN,h,PIT,0.0,3000.0
12,2019,5475,Rashard Higgins,WR,CLE,h,MIA,0.0,3300.0
12,2019,5775,Fred Brown,WR,DEN,a,BUF,0.0,3100.0
12,2019,5671,Javon Wims,WR,CHI,h,NYG,0.0,3000.0
12,2019,5675,KhaDarel Hodge,WR,CLE,h,MIA,0.0,3100.0
12,2019,5690,Justin Watson,WR,TB,a,ATL,0.0,3000.0
12,2019,5587,Marcus Johnson,WR,IND,a,HOU,0.0,3400.0
12,2019,5652,Trey Quinn,WR,WAS,h,DET,0.0,3600.0
12,2019,3978,Andre Roberts,WR,BUF,h,DEN,0.0,3000.0
12,2019,5647,Zach Pascal,WR,IND,a,HOU,0.0,5600.0
12,2019,5704,Jake Kumerow,WR,GB,a,SF,0.0,3100.0
12,2019,5416,DeAndrew White,WR,CAR,a,NO,0.0,3000.0
12,2019,3760,Matthew Slater,WR,NE,h,DAL,0.0,3000.0
12,2019,5654,DeAndre Carter,WR,HOU,h,IND,0.0,3000.0
12,2019,5491,Johnny Holton,WR,PIT,a,CIN,0.0,3300.0
12,2019,5518,Cody Core,WR,NYG,a,CHI,0.0,3000.0
12,2019,5674,Richie James,WR,SF,h,GB,0.0,3000.0
12,2019,5678,Damion Ratley,WR,CLE,h,MIA,0.0,3000.0
12,2019,5199,Tavon Austin,WR,DAL,a,NE,0.0,3000.0
12,2019,5486,Jakeem Grant,WR,MIA,a,CLE,0.0,3700.0
12,2019,5387,Justin Hardy,WR,ATL,h,TB,0.0,3300.0
12,2019,5638,Dante Pettis,WR,SF,h,GB,0.0,3000.0
12,2019,5498,Trevor Davis,WR,LV,a,NYJ,0.0,3000.0
12,2019,5787,Michael Walker,WR,JAX,a,TEN,-1.0,3000.0
12,2019,4703,George Kittle,TE,SF,h,GB,27.9,6300.0
12,2019,4569,Zach Ertz,TE,PHI,h,SEA,27.1,6000.0
12,2019,4437,Jared Cook,TE,NO,h,CAR,21.9,4500.0
12,2019,4770,Kaden Smith,TE,NYG,a,CHI,12.7,2500.0
12,2019,4719,Mike Gesicki,TE,MIA,a,CLE,11.8,3400.0
12,2019,1463,Logan Thomas,TE,DET,a,WAS,10.4,2500.0
12,2019,4592,Ryan Griffin,TE,NYJ,h,LV,10.3,4200.0
12,2019,4368,Greg Olsen,TE,CAR,a,NO,9.4,4100.0
12,2019,4725,Dallas Goedert,TE,PHI,h,SEA,9.2,3700.0
12,2019,4601,Eric Ebron,TE,IND,a,HOU,8.4,3700.0
12,2019,4661,Nick O'Leary,TE,JAX,a,TEN,7.6,0.0
12,2019,5419,Darren Waller,TE,LV,a,NYJ,7.1,5700.0
12,2019,4680,Tyler Higbee,TE,LA,h,BAL,7.0,2500.0
12,2019,4721,Mark Andrews,TE,BAL,a,LA,6.5,6100.0
12,2019,4765,Jaeden Graham,TE,ATL,h,TB,6.3,3300.0
12,2019,4594,Jack Doyle,TE,IND,a,HOU,5.8,3300.0
12,2019,4729,Jordan Akins,TE,HOU,h,IND,5.6,2600.0
12,2019,4733,Blake Jarwin,TE,DAL,a,NE,4.7,2900.0
12,2019,4748,Noah Fant,TE,DEN,a,BUF,4.4,3900.0
12,2019,4705,Gerald Everett,TE,LA,h,BAL,4.3,4000.0
12,2019,4707,Jacob Hollister,TE,SEA,a,PHI,4.2,4300.0
12,2019,4642,Demetrius Harris,TE,CLE,h,MIA,4.0,3200.0
12,2019,4609,Darren Fells,TE,HOU,h,IND,3.4,3300.0
12,2019,4750,Dawson Knox,TE,BUF,h,DEN,3.1,3000.0
12,2019,4669,MyCole Pruitt,TE,TEN,h,JAX,3.0,2500.0
12,2019,4691,Ben Braunecker,TE,CHI,h,NYG,2.9,2700.0
12,2019,4761,Andrew Beck,TE,DEN,a,BUF,2.8,2500.0
12,2019,4744,Robert Tonyan,TE,GB,a,SF,2.8,2500.0
12,2019,4652,Tyler Kroft,TE,BUF,h,DEN,2.4,2500.0
12,2019,4586,Josh Hill,TE,NO,h,CAR,2.2,2700.0
12,2019,4620,Scott Simonson,TE,NYG,a,CHI,2.0,2600.0
12,2019,4700,O.J. Howard,TE,TB,a,ATL,2.0,3300.0
12,2019,4769,Stephen Carlson,TE,CLE,h,MIA,1.8,2500.0
12,2019,4492,Jimmy Graham,TE,GB,a,SF,1.7,3600.0
12,2019,4653,Jesse James,TE,DET,a,WAS,1.7,2600.0
12,2019,4568,Tyler Eifert,TE,CIN,h,PIT,1.7,3100.0
12,2019,4660,Nick Boyle,TE,BAL,a,LA,1.7,2700.0
12,2019,4674,Matt LaCosse,TE,NE,h,DAL,1.5,2600.0
12,2019,4262,Jason Witten,TE,DAL,a,NE,1.5,3500.0
12,2019,4714,Jeremy Sprinkle,TE,WAS,h,DET,1.4,2900.0
12,2019,4730,Ian Thomas,TE,CAR,a,NO,1.4,2500.0
12,2019,4771,Jesper Horsted,TE,CHI,h,NYG,1.4,0.0
12,2019,4760,Foster Moreau,TE,LV,a,NYJ,1.3,2800.0
12,2019,4572,Vance McDonald,TE,PIT,a,CIN,1.1,3500.0
12,2019,4706,Jonnu Smith,TE,TEN,h,JAX,0.4,3600.0
12,2019,4712,Ricky Seals-Jones,TE,CLE,h,MIA,0.0,3000.0
12,2019,4768,Tanner Hudson,TE,TB,a,ATL,0.0,2500.0
12,2019,4564,Garrett Celek,TE,SF,h,GB,0.0,2500.0
12,2019,4391,Clark Harris,TE,CIN,h,PIT,0.0,2500.0
12,2019,4738,Anthony Firkser,TE,TEN,h,JAX,0.0,2800.0
12,2019,4697,Chris Manhertz,TE,CAR,a,NO,0.0,2500.0
12,2019,4324,Marcedes Lewis,TE,GB,a,SF,0.0,2500.0
12,2019,4749,T.J. Hockenson,TE,DET,a,WAS,0.0,3400.0
12,2019,4711,Cethan Carter,TE,CIN,h,PIT,0.0,2500.0
12,2019,4742,Dalton Schultz,TE,DAL,a,NE,0.0,2500.0
12,2019,4599,Derek Carrier,TE,LV,a,NYJ,0.0,2500.0
12,2019,4656,C.J. Uzomah,TE,CIN,h,PIT,0.0,2500.0
12,2019,4292,Ben Watson,TE,NE,h,DAL,0.0,3100.0
12,2019,4747,Johnny Mundt,TE,LA,h,BAL,0.0,2500.0
12,2019,4676,Jeff Heuerman,TE,DEN,a,BUF,0.0,2500.0
12,2019,4535,Lee Smith,TE,BUF,h,DEN,0.0,2500.0
12,2019,4763,J.P. Holtz,TE,CHI,h,NYG,0.0,2500.0
12,2019,4720,Hayden Hurst,TE,BAL,a,LA,0.0,2500.0
12,2019,4689,Ben Koyack,TE,JAX,a,TEN,0.0,2500.0
12,2019,4736,Mo Alie-Cox,TE,IND,a,HOU,0.0,2500.0
12,2019,4767,Hale Hentges,TE,WAS,h,DET,0.0,2500.0
12,2019,4688,Nick Vannett,TE,PIT,a,CIN,0.0,2500.0
12,2019,4532,Luke Stocker,TE,ATL,h,TB,0.0,3100.0
12,2019,4762,Troy Fumagalli,TE,DEN,a,BUF,0.0,2500.0
12,2019,5436,Daniel Brown,TE,NYJ,h,LV,0.0,2500.0
12,2019,4737,Durham Smythe,TE,MIA,a,CLE,0.0,2500.0
12,2019,4648,Cameron Brate,TE,TB,a,ATL,0.0,3600.0
12,2019,4758,Trevon Wesco,TE,NYJ,h,LV,0.0,2500.0
12,2019,4745,Ross Dwelley,TE,SF,h,GB,0.0,3700.0
12,2019,7031,Washington,Def,WAS,h,DET,21.0,3000.0
12,2019,7021,New York J,Def,NYJ,h,LV,18.0,2700.0
12,2019,7028,Seattle,Def,SEA,a,PHI,17.0,2600.0
12,2019,7029,Tampa Bay,Def,TB,a,ATL,16.0,2200.0
12,2019,7004,Buffalo,Def,BUF,h,DEN,13.0,3400.0
12,2019,7003,Baltimore,Def,BAL,a,LA,13.0,3400.0
12,2019,7024,Pittsburgh,Def,PIT,a,CIN,12.0,4000.0
12,2019,7023,Philadelphia,Def,PHI,h,SEA,11.0,2500.0
12,2019,7027,San Francisco,Def,SF,h,GB,11.0,3200.0
12,2019,7011,Detroit,Def,DET,a,WAS,8.0,3100.0
12,2019,7008,Cleveland,Def,CLE,h,MIA,8.0,3800.0
12,2019,7018,New England,Def,NE,h,DAL,8.0,3300.0
12,2019,7020,New York G,Def,NYG,a,CHI,7.0,2900.0
12,2019,7007,Cincinnati,Def,CIN,h,PIT,6.0,2100.0
12,2019,7009,Dallas,Def,DAL,a,NE,6.0,2300.0
12,2019,7030,Tennessee,Def,TEN,h,JAX,6.0,3200.0
12,2019,7019,New Orleans,Def,NO,h,CAR,5.0,3300.0
12,2019,7002,Atlanta,Def,ATL,h,TB,5.0,3500.0
12,2019,7010,Denver,Def,DEN,a,BUF,4.0,2400.0
12,2019,7006,Chicago,Def,CHI,h,NYG,4.0,3700.0
12,2019,7013,Indianapolis,Def,IND,a,HOU,4.0,2600.0
12,2019,7005,Carolina,Def,CAR,a,NO,3.0,2200.0
12,2019,7022,Oakland,Def,LV,a,NYJ,2.0,3600.0
12,2019,7032,Houston,Def,HOU,h,IND,2.0,2800.0
12,2019,7014,Jacksonville,Def,JAX,a,TEN,1.0,2800.0
12,2019,7012,Green Bay,Def,GB,a,SF,-1.0,2700.0
12,2019,7016,Miami,Def,MIA,a,CLE,-1.0,2000.0
12,2019,7025,LA Rams,Def,LA,h,BAL,-1.0,2300.0
13,2019,1242,Ryan Fitzpatrick,QB,MIA,h,PHI,30.8,5400.0
13,2019,1518,Deshaun Watson,QB,HOU,h,NE,28.86,6300.0
13,2019,1514,Carson Wentz,QB,PHI,a,MIA,28.4,5800.0
13,2019,1131,Tom Brady,QB,NE,a,HOU,28.34,6100.0
13,2019,1252,Aaron Rodgers,QB,GB,a,NYG,28.12,6500.0
13,2019,1490,Jared Goff,QB,LA,a,ARI,27.96,6000.0
13,2019,1519,Mitchell Trubisky,QB,CHI,a,DET,27.92,5300.0
13,2019,1501,Dak Prescott,QB,DAL,h,BUF,27.7,5700.0
13,2019,1527,Lamar Jackson,QB,BAL,h,SF,26.3,7000.0
13,2019,1536,Kyle Allen,QB,CAR,h,WAS,25.32,5500.0
13,2019,1529,Josh Allen,QB,BUF,a,DAL,23.54,6200.0
13,2019,1301,Matt Ryan,QB,ATL,h,NO,22.58,6400.0
13,2019,1523,Patrick Mahomes II,QB,KC,h,LV,19.5,7400.0
13,2019,1530,Taysom Hill,QB,NO,a,ATL,18.5,4000.0
13,2019,1546,David Blough,QB,DET,h,CHI,18.3,4200.0
13,2019,1415,Kirk Cousins,QB,MIN,a,SEA,18.04,6400.0
13,2019,1412,Russell Wilson,QB,SEA,h,MIN,17.9,6600.0
13,2019,1496,Jacoby Brissett,QB,IND,h,TEN,17.66,5900.0
13,2019,1231,Philip Rivers,QB,LAC,a,DEN,17.6,5500.0
13,2019,1410,Ryan Tannehill,QB,TEN,a,IND,14.78,5700.0
13,2019,1537,Kyler Murray,QB,ARI,h,LA,14.32,6400.0
13,2019,1547,Drew Lock,QB,DEN,h,LAC,13.86,4800.0
13,2019,1403,Andy Dalton,QB,CIN,h,NYJ,13.32,4700.0
13,2019,1465,Jameis Winston,QB,TB,a,JAX,11.72,6300.0
13,2019,1543,Devlin Hodges,QB,PIT,h,CLE,11.68,5100.0
13,2019,1540,Gardner Minshew,QB,JAX,h,TB,11.68,5400.0
13,2019,1441,Derek Carr,QB,LV,a,KC,11.58,5500.0
13,2019,1151,Drew Brees,QB,NO,a,ATL,11.26,6800.0
13,2019,1539,Daniel Jones,QB,NYG,h,GB,11.2,5600.0
13,2019,1524,Sam Darnold,QB,NYJ,a,CIN,10.46,6100.0
13,2019,1452,Jimmy Garoppolo,QB,SF,a,BAL,10.1,5600.0
13,2019,1528,Baker Mayfield,QB,CLE,a,PIT,10.04,6200.0
13,2019,1538,Dwayne Haskins,QB,WAS,a,CAR,6.48,4600.0
13,2019,1413,Nick Foles,QB,JAX,h,TB,1.02,5700.0
13,2019,1446,Garrett Gilbert,QB,CLE,a,PIT,0.0,4100.0
13,2019,1400,Tyrod Taylor,QB,LAC,a,DEN,0.0,4100.0
13,2019,1298,Matt Moore,QB,KC,h,LV,-0.1,4400.0
13,2019,1544,Tim Boyle,QB,GB,a,NYG,-0.4,4400.0
13,2019,1442,Blake Bortles,QB,LA,a,ARI,-0.88,4600.0
13,2019,2954,James White,RB,NE,a,HOU,37.7,5200.0
13,2019,5616,Derrius Guice,RB,WAS,a,CAR,30.7,4500.0
13,2019,5445,Derrick Henry,RB,TEN,a,IND,27.6,7600.0
13,2019,5618,Rashaad Penny,RB,SEA,h,MIN,26.7,4500.0
13,2019,5414,Raheem Mostert,RB,SF,a,BAL,26.4,3800.0
13,2019,5714,Miles Sanders,RB,PHI,a,MIA,21.5,5400.0
13,2019,5565,Chris Carson,RB,SEA,h,MIN,20.9,6100.0
13,2019,5444,Ezekiel Elliott,RB,DAL,h,BUF,20.7,7400.0
13,2019,2997,Duke Johnson,RB,HOU,h,NE,20.0,3700.0
13,2019,5717,Devin Singletary,RB,BUF,a,DAL,19.1,5800.0
13,2019,2992,Todd Gurley,RB,LA,a,ARI,18.5,6500.0
13,2019,5507,Peyton Barber,RB,TB,a,JAX,18.4,3500.0
13,2019,5534,Leonard Fournette,RB,JAX,h,TB,18.1,7500.0
13,2019,5560,Kareem Hunt,RB,CLE,a,PIT,17.5,5500.0
13,2019,5536,Christian McCaffrey,RB,CAR,h,WAS,17.2,10500.0
13,2019,5535,Joe Mixon,RB,CIN,h,NYJ,17.0,5800.0
13,2019,5788,Patrick Laird,RB,MIA,h,PHI,16.8,3200.0
13,2019,5713,David Montgomery,RB,CHI,a,DET,16.7,5400.0
13,2019,5575,Austin Ekeler,RB,LAC,a,DEN,16.7,5700.0
13,2019,2553,Adrian Peterson,RB,WAS,a,CAR,15.9,3900.0
13,2019,5614,Saquon Barkley,RB,NYG,h,GB,14.5,7400.0
13,2019,5559,Dalvin Cook,RB,MIN,a,SEA,14.4,9000.0
13,2019,5740,Benny Snell,RB,PIT,h,CLE,13.7,4700.0
13,2019,5712,Josh Jacobs,RB,LV,a,KC,13.4,6900.0
13,2019,2991,Melvin Gordon,RB,LAC,a,DEN,13.0,6400.0
13,2019,5562,Alvin Kamara,RB,NO,a,ATL,12.4,8100.0
13,2019,5623,Nyheim Hines,RB,IND,h,TEN,12.0,4200.0
13,2019,2707,LeSean McCoy,RB,KC,h,LV,12.0,4800.0
13,2019,5720,Alexander Mattison,RB,MIN,a,SEA,11.3,4300.0
13,2019,5541,Jamaal Williams,RB,GB,a,NYG,10.7,4500.0
13,2019,2888,Le'Veon Bell,RB,NYJ,a,CIN,10.7,7200.0
13,2019,5744,Darwin Thompson,RB,KC,h,LV,10.4,3000.0
13,2019,2930,Devonta Freeman,RB,ATL,h,NO,10.4,5100.0
13,2019,5630,Phillip Lindsay,RB,DEN,h,LAC,9.2,5000.0
13,2019,5622,Nick Chubb,RB,CLE,a,PIT,8.9,7800.0
13,2019,5708,Darrel Williams,RB,KC,h,LV,8.6,4400.0
13,2019,5791,Bo Scarbrough,RB,DET,h,CHI,8.3,4700.0
13,2019,2793,Mark Ingram,RB,BAL,h,SF,8.2,6000.0
13,2019,5449,DeAndre Washington,RB,LV,a,KC,7.9,3000.0
13,2019,5625,Jordan Wilkins,RB,IND,h,TEN,7.6,3300.0
13,2019,5564,Tarik Cohen,RB,CHI,a,DET,7.5,5000.0
13,2019,5688,Jaylen Samuels,RB,PIT,h,CLE,7.4,5700.0
13,2019,5543,Aaron Jones,RB,GB,a,NYG,7.1,6800.0
13,2019,5446,Kenyan Drake,RB,ARI,h,LA,7.1,5600.0
13,2019,5608,Brian Hill,RB,ATL,h,NO,6.7,4400.0
13,2019,5620,Royce Freeman,RB,DEN,h,LAC,6.4,4200.0
13,2019,5742,Ty Johnson,RB,DET,h,CHI,5.9,3500.0
13,2019,5586,J.D. McKissic,RB,DET,h,CHI,5.4,3700.0
13,2019,5581,C.J. Ham,RB,MIN,a,SEA,5.2,3000.0
13,2019,5615,Sony Michel,RB,NE,a,HOU,4.5,4900.0
13,2019,5395,David Johnson,RB,ARI,h,LA,4.4,4600.0
13,2019,2915,Chris Thompson,RB,WAS,a,CAR,3.9,3700.0
13,2019,2819,Bilal Powell,RB,NYJ,a,CIN,3.8,4000.0
13,2019,5764,Alec Ingold,RB,LV,a,KC,3.7,3000.0
13,2019,5789,Myles Gaskin,RB,MIA,h,PHI,3.6,3000.0
13,2019,2467,Frank Gore,RB,BUF,a,DAL,3.5,3900.0
13,2019,5451,Jonathan Williams,RB,IND,h,TEN,3.5,5300.0
13,2019,5681,Gus Edwards,RB,BAL,h,SF,3.2,4600.0
13,2019,5697,Dare Ogunbowale,RB,TB,a,JAX,3.2,3100.0
13,2019,2933,Carlos Hyde,RB,HOU,h,NE,3.2,4500.0
13,2019,5441,Malcolm Brown,RB,LA,a,ARI,3.0,5200.0
13,2019,5738,Travis Homer,RB,SEA,h,MIN,2.9,3000.0
13,2019,2887,Kenjon Barner,RB,ATL,h,NO,2.6,3200.0
13,2019,2994,Tevin Coleman,RB,SF,a,BAL,2.5,5900.0
13,2019,2889,Giovani Bernard,RB,CIN,h,NYJ,2.2,4100.0
13,2019,2816,Dion Lewis,RB,TEN,a,IND,1.9,3400.0
13,2019,5490,Jalen Richard,RB,LV,a,KC,1.8,4200.0
13,2019,5392,Ty Montgomery,RB,NYJ,a,CIN,1.8,4400.0
13,2019,5703,Jeff Wilson Jr.,RB,SF,a,BAL,1.7,3600.0
13,2019,2822,Anthony Sherman,RB,KC,h,LV,1.7,3000.0
13,2019,5716,Darrell Henderson,RB,LA,a,ARI,1.7,4300.0
13,2019,2890,Rex Burkhead,RB,NE,a,HOU,1.5,3400.0
13,2019,5743,Patrick Ricard,RB,BAL,h,SF,1.2,3000.0
13,2019,5794,Kerrith Whyte,RB,PIT,h,CLE,1.0,3100.0
13,2019,2998,Jay Ajayi,RB,PHI,a,MIA,0.9,3000.0
13,2019,5617,Ronald Jones,RB,TB,a,JAX,0.8,5100.0
13,2019,5718,Tony Pollard,RB,DAL,h,BUF,0.7,4900.0
13,2019,5370,Javorius Allen,RB,NYG,h,GB,0.4,3000.0
13,2019,5492,Keith Smith,RB,ATL,h,NO,0.4,3000.0
13,2019,5719,Justice Hill,RB,BAL,h,SF,0.3,3000.0
13,2019,2899,Latavius Murray,RB,NO,a,ATL,0.2,5600.0
13,2019,5588,Elijhaa Penny,RB,NYG,h,GB,0.2,3000.0
13,2019,5644,Alex Armah,RB,CAR,h,WAS,0.2,3000.0
13,2019,5626,T.J. Logan,RB,TB,a,JAX,0.2,3000.0
13,2019,5669,De'Lance Turner,RB,MIA,h,PHI,0.0,3000.0
13,2019,5662,Mike Boone,RB,MIN,a,SEA,0.0,3000.0
13,2019,5483,Dwayne Washington,RB,NO,a,ATL,0.0,3000.0
13,2019,5735,Reggie Bonnafon,RB,CAR,h,WAS,0.0,4100.0
13,2019,5415,Michael Burton,RB,WAS,a,CAR,0.0,3000.0
13,2019,5320,Mike Davis,RB,CAR,h,WAS,0.0,3000.0
13,2019,5762,Cullen Gillaspia,RB,HOU,h,NE,0.0,3000.0
13,2019,5737,Chandler Cox,RB,MIA,h,PHI,0.0,3000.0
13,2019,2995,Ameer Abdullah,RB,MIN,a,SEA,0.0,3000.0
13,2019,5624,Boston Scott,RB,PHI,a,MIA,0.0,3000.0
13,2019,5573,Trey Edmunds,RB,PIT,h,CLE,0.0,3300.0
13,2019,2974,Senorise Perry,RB,BUF,a,DAL,0.0,3000.0
13,2019,2874,Brandon Bolden,RB,NE,a,HOU,0.0,3000.0
13,2019,5746,D'Ernest Johnson,RB,CLE,a,PIT,0.0,3000.0
13,2019,5763,Buddy Howell,RB,HOU,h,NE,0.0,3000.0
13,2019,5628,Kalen Ballage,RB,MIA,h,PHI,0.0,4000.0
13,2019,5468,Devontae Booker,RB,DEN,h,LAC,0.0,3000.0
13,2019,5722,Qadree Ollison,RB,ATL,h,NO,0.0,4100.0
13,2019,5504,Derek Watt,RB,LAC,a,DEN,0.0,3000.0
13,2019,5683,Dontrell Hilliard,RB,CLE,a,PIT,0.0,3000.0
13,2019,5745,Ryquell Armstead,RB,JAX,h,TB,0.0,4400.0
13,2019,5619,Chase Edmonds,RB,ARI,h,LA,0.0,4500.0
13,2019,2820,Taiwan Jones,RB,HOU,h,NE,0.0,3000.0
13,2019,2805,Patrick DiMarco,RB,BUF,a,DAL,0.0,3000.0
13,2019,2908,Kyle Juszczyk,RB,SF,a,BAL,0.0,3100.0
13,2019,2913,Jamize Olawale,RB,DAL,h,BUF,0.0,3000.0
13,2019,5517,Dan Vitale,RB,GB,a,NYG,0.0,3000.0
13,2019,5510,Troymaine Pope,RB,LAC,a,DEN,-1.0,3000.0
13,2019,5380,DeVante Parker,WR,MIA,h,PHI,37.9,5700.0
13,2019,5217,Robert Woods,WR,LA,a,ARI,33.2,5500.0
13,2019,5153,Alshon Jeffery,WR,PHI,a,MIA,31.7,5100.0
13,2019,5554,Kenny Golladay,WR,DET,h,CHI,28.8,6100.0
13,2019,5163,Cole Beasley,WR,BUF,a,DAL,26.0,4700.0
13,2019,5632,Anthony Miller,WR,CHI,a,DET,26.0,3900.0
13,2019,3826,Julian Edelman,WR,NE,a,HOU,24.9,7500.0
13,2019,5263,Davante Adams,WR,GB,a,NYG,24.4,7000.0
13,2019,5635,James Washington,WR,PIT,h,CLE,24.1,5000.0
13,2019,5637,Courtland Sutton,WR,DEN,h,LAC,23.4,5800.0
13,2019,5258,Allen Robinson,WR,CHI,a,DET,22.6,6700.0
13,2019,5711,Allen Lazard,WR,GB,a,NYG,22.3,3700.0
13,2019,5647,Zach Pascal,WR,IND,h,TEN,20.9,4700.0
13,2019,5502,Robby Anderson,WR,NYJ,a,CIN,20.1,4800.0
13,2019,5594,Mike Williams,WR,LAC,a,DEN,19.7,4600.0
13,2019,5633,D.J. Moore,WR,CAR,h,WAS,19.2,6800.0
13,2019,5603,Dede Westbrook,WR,JAX,h,TB,19.0,5000.0
13,2019,5198,Keenan Allen,WR,LAC,a,DEN,18.8,6500.0
13,2019,5552,Cooper Kupp,WR,LA,a,ARI,18.5,7100.0
13,2019,5631,Calvin Ridley,WR,ATL,h,NO,17.1,6600.0
13,2019,5455,Tyler Boyd,WR,CIN,h,NYJ,16.9,5500.0
13,2019,5376,Amari Cooper,WR,DAL,h,BUF,16.5,6000.0
13,2019,5556,Curtis Samuel,WR,CAR,h,WAS,16.5,4800.0
13,2019,5680,Russell Gage,WR,ATL,h,NO,16.2,4500.0
13,2019,5206,DeAndre Hopkins,WR,HOU,h,NE,15.64,7600.0
13,2019,5212,Kenny Stills,WR,HOU,h,NE,15.1,3600.0
13,2019,5655,David Moore,WR,SEA,h,MIN,14.5,3000.0
13,2019,5726,Deebo Samuel,WR,SF,a,BAL,14.1,5200.0
13,2019,5379,Breshad Perriman,WR,TB,a,JAX,13.7,3300.0
13,2019,5335,Jarvis Landry,WR,CLE,a,PIT,13.6,6400.0
13,2019,5456,Sterling Shepard,WR,NYG,h,GB,13.0,4900.0
13,2019,5168,Marvin Jones,WR,DET,h,CHI,13.0,5300.0
13,2019,5453,Laquon Treadwell,WR,MIN,a,SEA,12.8,3000.0
13,2019,5725,D.K. Metcalf,WR,SEA,h,MIN,12.5,6100.0
13,2019,5790,Christian Blake,WR,ATL,h,NO,11.7,3000.0
13,2019,3501,Larry Fitzgerald,WR,ARI,h,LA,11.6,5100.0
13,2019,5339,Albert Wilson,WR,MIA,h,PHI,11.3,3900.0
13,2019,5520,Kalif Raymond,WR,TEN,a,IND,11.0,3000.0
13,2019,5459,Michael Thomas,WR,NO,a,ATL,10.8,9100.0
13,2019,5264,John Brown,WR,BUF,a,DAL,10.72,6300.0
13,2019,5671,Javon Wims,WR,CHI,a,DET,10.6,3000.0
13,2019,5696,Auden Tate,WR,CIN,h,NYJ,10.6,3800.0
13,2019,5767,Darius Slayton,WR,NYG,h,GB,10.4,5300.0
13,2019,5485,Tyreek Hill,WR,KC,h,LV,10.1,8900.0
13,2019,5385,Chris Conley,WR,JAX,h,TB,9.7,4500.0
13,2019,5587,Marcus Johnson,WR,IND,h,TEN,9.5,3100.0
13,2019,5253,Mike Evans,WR,TB,a,JAX,9.3,6900.0
13,2019,5634,Michael Gallup,WR,DAL,h,BUF,9.3,5500.0
13,2019,5424,Stefon Diggs,WR,MIN,a,SEA,9.2,7400.0
13,2019,5378,Nelson Agholor,WR,PHI,a,MIA,9.1,4400.0
13,2019,5579,Chris Godwin,WR,TB,a,JAX,9.0,7700.0
13,2019,5797,Ventell Bryant,WR,DAL,h,BUF,8.5,3000.0
13,2019,5732,JJ Arcega-Whiteside,WR,PHI,a,MIA,8.5,3200.0
13,2019,5412,Adam Humphries,WR,TEN,a,IND,8.3,3800.0
13,2019,5125,Randall Cobb,WR,DAL,h,BUF,8.3,5000.0
13,2019,3983,Emmanuel Sanders,WR,SF,a,BAL,8.1,6300.0
13,2019,5751,Kelvin Harmon,WR,WAS,a,CAR,8.1,3600.0
13,2019,5582,Josh Reynolds,WR,LA,a,ARI,7.9,3800.0
13,2019,5749,Jakobi Meyers,WR,NE,a,HOU,7.6,3300.0
13,2019,5728,A.J. Brown,WR,TEN,a,IND,7.5,5300.0
13,2019,5598,Kendrick Bourne,WR,SF,a,BAL,7.2,3600.0
13,2019,5659,D.J. Chark,WR,JAX,h,TB,6.7,6600.0
13,2019,5462,Pharoh Cooper,WR,ARI,h,LA,6.6,3400.0
13,2019,5188,Jarius Wright,WR,CAR,h,WAS,6.4,3000.0
13,2019,5574,Isaiah McKenzie,WR,BUF,a,DAL,6.4,3100.0
13,2019,5341,Allen Hurns,WR,MIA,h,PHI,6.3,4000.0
13,2019,3851,Danny Amendola,WR,DET,h,CHI,6.2,4100.0
13,2019,5753,Steven Sims Jr.,WR,WAS,a,CAR,5.9,3300.0
13,2019,5323,Odell Beckham Jr.,WR,CLE,a,PIT,5.9,6700.0
13,2019,5387,Justin Hardy,WR,ATL,h,NO,5.8,3100.0
13,2019,5636,Christian Kirk,WR,ARI,h,LA,5.3,5700.0
13,2019,5268,Cody Latimer,WR,NYG,h,GB,5.3,3000.0
13,2019,3997,Demaryius Thomas,WR,NYJ,a,CIN,5.3,3600.0
13,2019,5255,Brandin Cooks,WR,LA,a,ARI,4.4,5200.0
13,2019,5159,Mohamed Sanu,WR,NE,a,HOU,4.4,5200.0
13,2019,5653,Vyncint Smith,WR,NYJ,a,CIN,4.3,3000.0
13,2019,5199,Tavon Austin,WR,DAL,h,BUF,4.2,3000.0
13,2019,5480,Alex Erickson,WR,CIN,h,NYJ,4.1,4000.0
13,2019,5754,Diontae Johnson,WR,PIT,h,CLE,4.1,4500.0
13,2019,5511,Geronimo Allison,WR,GB,a,NYG,4.0,3800.0
13,2019,5792,Tevin Jones,WR,DAL,h,BUF,3.8,3000.0
13,2019,5649,Robert Foster,WR,BUF,a,DAL,3.7,3200.0
13,2019,5384,Phillip Dorsett,WR,NE,a,HOU,3.5,4300.0
13,2019,5557,Zay Jones,WR,LV,a,KC,3.4,3600.0
13,2019,5639,Tre'Quan Smith,WR,NO,a,ATL,3.4,3500.0
13,2019,5550,Corey Davis,WR,TEN,a,IND,3.3,4000.0
13,2019,5796,Cody Hollister,WR,TEN,a,IND,3.3,3000.0
13,2019,5640,DaeSean Hamilton,WR,DEN,h,LAC,3.2,3100.0
13,2019,5757,Terry McLaurin,WR,WAS,a,CAR,2.8,5600.0
13,2019,5410,Jamison Crowder,WR,NYJ,a,CIN,2.8,5600.0
13,2019,5798,Ashton Dulin,WR,IND,h,TEN,2.3,3000.0
13,2019,5287,Willie Snead,WR,BAL,h,SF,2.2,3600.0
13,2019,5795,Da'Mari Scott,WR,NYG,h,GB,2.1,0.0
13,2019,5570,Keelan Cole,WR,JAX,h,TB,2.1,3600.0
13,2019,5770,Keelan Doss,WR,LV,a,KC,2.1,3000.0
13,2019,5165,Josh Gordon,WR,SEA,h,MIN,2.0,3700.0
13,2019,5432,Tyrell Williams,WR,LV,a,KC,1.9,5400.0
13,2019,5454,Will Fuller,WR,HOU,h,NE,1.8,5400.0
13,2019,5773,Andre Patton,WR,LAC,a,DEN,1.8,3000.0
13,2019,5787,Michael Walker,WR,JAX,h,TB,1.6,3000.0
13,2019,5229,Jaron Brown,WR,SEA,h,MIN,1.6,3000.0
13,2019,5408,Seth Roberts,WR,BAL,h,SF,1.5,3100.0
13,2019,5793,Greg Ward,WR,PHI,a,MIA,1.5,4100.0
13,2019,5641,Braxton Berrios,WR,NYJ,a,CIN,1.5,3200.0
13,2019,5750,Deon Cain,WR,PIT,h,CLE,1.5,3000.0
13,2019,5747,Olabisi Johnson,WR,MIN,a,SEA,1.1,3800.0
13,2019,5730,Marquise Brown,WR,BAL,h,SF,1.1,5300.0
13,2019,5727,Mecole Hardman,WR,KC,h,LV,0.9,4200.0
13,2019,5748,Miles Boykin,WR,BAL,h,SF,0.0,3100.0
13,2019,5578,Mack Hollins,WR,PHI,a,MIA,0.0,3100.0
13,2019,5252,Sammy Watkins,WR,KC,h,LV,0.0,5400.0
13,2019,5759,Byron Pringle,WR,KC,h,LV,0.0,3300.0
13,2019,3670,Ted Ginn Jr.,WR,NO,a,ATL,0.0,3800.0
13,2019,5386,Tyler Lockett,WR,SEA,h,MIN,0.0,7200.0
13,2019,5479,Chris Moore,WR,BAL,h,SF,0.0,3000.0
13,2019,5702,Malik Turner,WR,SEA,h,MIN,0.0,3100.0
13,2019,5531,Damiere Byrd,WR,ARI,h,LA,0.0,3300.0
13,2019,5344,Donte Moncrief,WR,CAR,h,WAS,0.0,3000.0
13,2019,5699,Trent Sherfield,WR,ARI,h,LA,0.0,3000.0
13,2019,5756,Damion Willis,WR,CIN,h,NYJ,0.0,3100.0
13,2019,5208,Cordarrelle Patterson,WR,CHI,a,DET,0.0,3000.0
13,2019,2958,De'Anthony Thomas,WR,BAL,h,SF,0.0,3000.0
13,2019,5698,Marcell Ateman,WR,LV,a,KC,0.0,3000.0
13,2019,5515,Demarcus Robinson,WR,KC,h,LV,0.0,3700.0
13,2019,5500,Chester Rogers,WR,IND,h,TEN,0.0,3400.0
13,2019,5503,Mike Thomas,WR,LA,a,ARI,0.0,3000.0
13,2019,5602,JoJo Natson,WR,LA,a,ARI,0.0,3000.0
13,2019,5765,Diontae Spencer,WR,DEN,h,LAC,0.0,3000.0
13,2019,5205,Marquise Goodwin,WR,SF,a,BAL,0.0,3400.0
13,2019,5779,Stanley Morgan,WR,CIN,h,NYJ,0.0,3000.0
13,2019,5475,Rashard Higgins,WR,CLE,a,PIT,0.0,3000.0
13,2019,5775,Fred Brown,WR,DEN,h,LAC,0.0,3100.0
13,2019,5724,N'Keal Harry,WR,NE,a,HOU,0.0,4000.0
13,2019,5675,KhaDarel Hodge,WR,CLE,a,PIT,0.0,3000.0
13,2019,5690,Justin Watson,WR,TB,a,JAX,0.0,3000.0
13,2019,5705,Gehrig Dieter,WR,KC,h,LV,0.0,3100.0
13,2019,5652,Trey Quinn,WR,WAS,a,CAR,0.0,3500.0
13,2019,3978,Andre Roberts,WR,BUF,a,DAL,0.0,3000.0
13,2019,5656,Marquez Valdes-Scantling,WR,GB,a,NYG,0.0,4100.0
13,2019,5704,Jake Kumerow,WR,GB,a,NYG,0.0,3300.0
13,2019,5416,DeAndrew White,WR,CAR,h,WAS,0.0,3000.0
13,2019,5799,Olamide Zaccheaus,WR,ATL,h,NO,0.0,3000.0
13,2019,3760,Matthew Slater,WR,NE,a,HOU,0.0,3000.0
13,2019,5654,DeAndre Carter,WR,HOU,h,NE,0.0,3000.0
13,2019,5491,Johnny Holton,WR,PIT,h,CLE,0.0,3000.0
13,2019,5518,Cody Core,WR,NYG,h,GB,0.0,3000.0
13,2019,5674,Richie James,WR,SF,a,BAL,0.0,3000.0
13,2019,5734,Andy Isabella,WR,ARI,h,LA,0.0,3200.0
13,2019,5678,Damion Ratley,WR,CLE,a,PIT,0.0,3000.0
13,2019,5760,Deonte Harris,WR,NO,a,ATL,0.0,3000.0
13,2019,5651,Tim Patrick,WR,DEN,h,LAC,0.0,3000.0
13,2019,5498,Trevor Davis,WR,LV,a,KC,-1.0,3000.0
13,2019,4680,Tyler Higbee,TE,LA,a,ARI,26.7,2500.0
13,2019,5419,Darren Waller,TE,LV,a,KC,20.0,5500.0
13,2019,4594,Jack Doyle,TE,IND,h,TEN,19.3,3300.0
13,2019,4719,Mike Gesicki,TE,MIA,h,PHI,18.9,3600.0
13,2019,4262,Jason Witten,TE,DAL,h,BUF,18.2,3300.0
13,2019,4537,Kyle Rudolph,TE,MIN,a,SEA,15.0,4200.0
13,2019,4765,Jaeden Graham,TE,ATL,h,NO,14.1,3100.0
13,2019,4582,Travis Kelce,TE,KC,h,LV,14.0,7200.0
13,2019,4721,Mark Andrews,TE,BAL,h,SF,14.0,5700.0
13,2019,4770,Kaden Smith,TE,NYG,h,GB,13.0,2900.0
13,2019,4725,Dallas Goedert,TE,PHI,a,MIA,12.6,4100.0
13,2019,4437,Jared Cook,TE,NO,a,ATL,11.5,4800.0
13,2019,4700,O.J. Howard,TE,TB,a,JAX,11.1,3000.0
13,2019,4707,Jacob Hollister,TE,SEA,h,MIN,10.4,4000.0
13,2019,4609,Darren Fells,TE,HOU,h,NE,10.3,3000.0
13,2019,4656,C.J. Uzomah,TE,CIN,h,NYJ,10.1,2500.0
13,2019,4599,Derek Carrier,TE,LV,a,KC,9.0,2500.0
13,2019,4771,Jesper Horsted,TE,CHI,a,DET,8.8,2500.0
13,2019,4592,Ryan Griffin,TE,NYJ,a,CIN,8.0,4300.0
13,2019,4749,T.J. Hockenson,TE,DET,h,CHI,7.8,3400.0
13,2019,4324,Marcedes Lewis,TE,GB,a,NYG,7.1,2500.0
13,2019,4730,Ian Thomas,TE,CAR,h,WAS,6.4,2500.0
13,2019,4714,Jeremy Sprinkle,TE,WAS,a,CAR,5.6,2700.0
13,2019,4569,Zach Ertz,TE,PHI,a,MIA,5.4,6700.0
13,2019,4738,Anthony Firkser,TE,TEN,a,IND,5.2,2500.0
13,2019,4368,Greg Olsen,TE,CAR,h,WAS,5.2,4400.0
13,2019,4720,Hayden Hurst,TE,BAL,h,SF,5.1,2500.0
13,2019,4572,Vance McDonald,TE,PIT,h,CLE,5.1,3400.0
13,2019,4543,Charles Clay,TE,ARI,h,LA,4.9,2600.0
13,2019,4769,Stephen Carlson,TE,CLE,a,PIT,4.8,2500.0
13,2019,4750,Dawson Knox,TE,BUF,a,DAL,4.7,2900.0
13,2019,4676,Jeff Heuerman,TE,DEN,h,LAC,4.5,2500.0
13,2019,4681,Ross Travis,TE,IND,h,TEN,4.1,2600.0
13,2019,4674,Matt LaCosse,TE,NE,a,HOU,3.4,2500.0
13,2019,4703,George Kittle,TE,SF,a,BAL,3.4,6100.0
13,2019,4642,Demetrius Harris,TE,CLE,a,PIT,3.3,2900.0
13,2019,4292,Ben Watson,TE,NE,a,HOU,3.3,2900.0
13,2019,4737,Durham Smythe,TE,MIA,h,PHI,3.3,2500.0
13,2019,4675,Hunter Henry,TE,LAC,a,DEN,3.0,5800.0
13,2019,4733,Blake Jarwin,TE,DAL,h,BUF,2.9,3000.0
13,2019,4729,Jordan Akins,TE,HOU,h,NE,2.9,2700.0
13,2019,4732,Tyler Conklin,TE,MIN,a,SEA,2.8,2500.0
13,2019,4492,Jimmy Graham,TE,GB,a,NYG,2.6,3800.0
13,2019,4760,Foster Moreau,TE,LV,a,KC,2.5,2500.0
13,2019,4568,Tyler Eifert,TE,CIN,h,NYJ,2.2,2800.0
13,2019,4761,Andrew Beck,TE,DEN,h,LAC,2.1,2500.0
13,2019,4706,Jonnu Smith,TE,TEN,a,IND,2.0,3300.0
13,2019,5436,Daniel Brown,TE,NYJ,a,CIN,1.9,2500.0
13,2019,4688,Nick Vannett,TE,PIT,h,CLE,1.7,2500.0
13,2019,4661,Nick O'Leary,TE,JAX,h,TB,1.6,3200.0
13,2019,4757,Irv Smith Jr.,TE,MIN,a,SEA,1.6,3200.0
13,2019,4748,Noah Fant,TE,DEN,h,LAC,1.5,3700.0
13,2019,4648,Cameron Brate,TE,TB,a,JAX,1.5,3100.0
13,2019,4660,Nick Boyle,TE,BAL,h,SF,1.4,2700.0
13,2019,4586,Josh Hill,TE,NO,a,ATL,1.2,2600.0
13,2019,4712,Ricky Seals-Jones,TE,CLE,a,PIT,0.0,2600.0
13,2019,4768,Tanner Hudson,TE,TB,a,JAX,0.0,2500.0
13,2019,4564,Garrett Celek,TE,SF,a,BAL,0.0,2500.0
13,2019,4391,Clark Harris,TE,CIN,h,NYJ,0.0,2500.0
13,2019,4697,Chris Manhertz,TE,CAR,h,WAS,0.0,2500.0
13,2019,4653,Jesse James,TE,DET,h,CHI,0.0,2600.0
13,2019,4651,Clive Walford,TE,MIA,h,PHI,0.0,2500.0
13,2019,4744,Robert Tonyan,TE,GB,a,NYG,0.0,2500.0
13,2019,1463,Logan Thomas,TE,DET,h,CHI,0.0,2900.0
13,2019,4759,James Winchester,TE,KC,h,LV,0.0,2500.0
13,2019,4742,Dalton Schultz,TE,DAL,h,BUF,0.0,2500.0
13,2019,4620,Scott Simonson,TE,NYG,h,GB,0.0,2800.0
13,2019,4747,Johnny Mundt,TE,LA,a,ARI,0.0,2500.0
13,2019,4542,Virgil Green,TE,LAC,a,DEN,0.0,2500.0
13,2019,4538,Lance Kendricks,TE,LAC,a,DEN,0.0,2500.0
13,2019,4535,Lee Smith,TE,BUF,a,DAL,0.0,2500.0
13,2019,4763,J.P. Holtz,TE,CHI,a,DET,0.0,2500.0
13,2019,4731,Jordan Thomas,TE,HOU,h,NE,0.0,2500.0
13,2019,4689,Ben Koyack,TE,JAX,h,TB,0.0,2500.0
13,2019,4736,Mo Alie-Cox,TE,IND,h,TEN,0.0,2500.0
13,2019,4772,Jason Vander Laan,TE,NO,a,ATL,0.0,2600.0
13,2019,4669,MyCole Pruitt,TE,TEN,a,IND,0.0,2500.0
13,2019,4652,Tyler Kroft,TE,BUF,a,DAL,0.0,2500.0
13,2019,4666,Blake Bell,TE,KC,h,LV,0.0,2600.0
13,2019,4708,Darrell Daniels,TE,ARI,h,LA,0.0,2500.0
13,2019,4767,Hale Hentges,TE,WAS,a,CAR,0.0,2500.0
13,2019,4740,Tyrone Swoopes,TE,SEA,h,MIN,0.0,2500.0
13,2019,4762,Troy Fumagalli,TE,DEN,h,LAC,0.0,2500.0
13,2019,4650,Maxx Williams,TE,ARI,h,LA,0.0,2600.0
13,2019,4758,Trevon Wesco,TE,NYJ,a,CIN,0.0,2500.0
13,2019,4745,Ross Dwelley,TE,SF,a,BAL,0.0,3500.0
13,2019,7029,Tampa Bay,Def,TB,a,JAX,23.0,2900.0
13,2019,7015,Kansas City,Def,KC,h,LV,22.0,2700.0
13,2019,7030,Tennessee,Def,TEN,a,IND,20.0,2900.0
13,2019,7025,LA Rams,Def,LA,a,ARI,18.0,3200.0
13,2019,7019,New Orleans,Def,NO,a,ATL,16.0,3500.0
13,2019,7007,Cincinnati,Def,CIN,h,NYJ,13.0,2800.0
13,2019,7024,Pittsburgh,Def,PIT,h,CLE,13.0,3500.0
13,2019,7004,Buffalo,Def,BUF,a,DAL,11.0,2200.0
13,2019,7031,Washington,Def,WAS,a,CAR,11.0,2500.0
13,2019,7012,Green Bay,Def,GB,a,NYG,10.0,3400.0
13,2019,7013,Indianapolis,Def,IND,h,TEN,9.0,3100.0
13,2019,7010,Denver,Def,DEN,h,LAC,8.0,3000.0
13,2019,7017,Minnesota,Def,MIN,a,SEA,8.0,2500.0
13,2019,7003,Baltimore,Def,BAL,h,SF,7.0,2800.0
13,2019,7014,Jacksonville,Def,JAX,h,TB,6.0,3300.0
13,2019,7005,Carolina,Def,CAR,h,WAS,6.0,3800.0
13,2019,7028,Seattle,Def,SEA,h,MIN,6.0,3000.0
13,2019,7032,Houston,Def,HOU,h,NE,5.0,2400.0
13,2019,7006,Chicago,Def,CHI,a,DET,5.0,2500.0
13,2019,7009,Dallas,Def,DAL,h,BUF,4.0,3000.0
13,2019,7008,Cleveland,Def,CLE,a,PIT,4.0,2600.0
13,2019,7027,San Francisco,Def,SF,a,BAL,4.0,3000.0
13,2019,7011,Detroit,Def,DET,h,CHI,3.0,2700.0
13,2019,7016,Miami,Def,MIA,h,PHI,3.0,2100.0
13,2019,7021,New York J,Def,NYJ,a,CIN,2.0,3700.0
13,2019,7018,New England,Def,NE,a,HOU,2.0,3200.0
13,2019,7026,LA Chargers,Def,LAC,a,DEN,2.0,3100.0
13,2019,7023,Philadelphia,Def,PHI,a,MIA,1.0,3600.0
13,2019,7022,Oakland,Def,LV,a,KC,0.0,1700.0
13,2019,7002,Atlanta,Def,ATL,h,NO,0.0,2300.0
13,2019,7001,Arizona,Def,ARI,h,LA,0.0,2300.0
13,2019,7020,New York G,Def,NYG,h,GB,-1.0,1900.0
14,2019,1151,Drew Brees,QB,NO,h,SF,43.06,5900.0
14,2019,1465,Jameis Winston,QB,TB,h,IND,40.74,6400.0
14,2019,1519,Mitchell Trubisky,QB,CHI,h,DAL,33.06,5400.0
14,2019,1452,Jimmy Garoppolo,QB,SF,a,NO,32.06,5600.0
14,2019,1410,Ryan Tannehill,QB,TEN,a,LV,31.54,5800.0
14,2019,1518,Deshaun Watson,QB,HOU,h,DEN,30.08,6500.0
14,2019,1547,Drew Lock,QB,DEN,a,HOU,27.86,5100.0
14,2019,1231,Philip Rivers,QB,LAC,a,JAX,27.56,5600.0
14,2019,1301,Matt Ryan,QB,ATL,h,CAR,24.32,6600.0
14,2019,1514,Carson Wentz,QB,PHI,h,NYG,23.9,6100.0
14,2019,1496,Jacoby Brissett,QB,IND,a,TB,22.64,6100.0
14,2019,1536,Kyle Allen,QB,CAR,a,ATL,21.12,5700.0
14,2019,1527,Lamar Jackson,QB,BAL,a,BUF,20.8,7400.0
14,2019,1501,Dak Prescott,QB,DAL,a,CHI,20.46,6100.0
14,2019,1441,Derek Carr,QB,LV,h,TEN,20.22,5000.0
14,2019,1490,Jared Goff,QB,LA,h,SEA,18.12,6000.0
14,2019,1524,Sam Darnold,QB,NYJ,h,MIA,18.1,6000.0
14,2019,1225,Eli Manning,QB,NYG,a,PHI,16.02,4700.0
14,2019,1242,Ryan Fitzpatrick,QB,MIA,a,NYJ,15.3,6000.0
14,2019,1523,Patrick Mahomes II,QB,KC,a,NE,14.92,7000.0
14,2019,1415,Kirk Cousins,QB,MIN,h,DET,13.58,6700.0
14,2019,1540,Gardner Minshew,QB,JAX,h,LAC,13.58,5400.0
14,2019,1543,Devlin Hodges,QB,PIT,a,ARI,13.48,5900.0
14,2019,1528,Baker Mayfield,QB,CLE,h,CIN,12.98,6300.0
14,2019,1537,Kyler Murray,QB,ARI,h,PIT,12.96,5800.0
14,2019,1252,Aaron Rodgers,QB,GB,h,WAS,12.4,6800.0
14,2019,1131,Tom Brady,QB,NE,h,KC,11.76,6100.0
14,2019,1529,Josh Allen,QB,BUF,h,BAL,11.74,6200.0
14,2019,1412,Russell Wilson,QB,SEA,a,LA,11.6,6900.0
14,2019,1403,Andy Dalton,QB,CIN,a,CLE,10.58,5200.0
14,2019,1546,David Blough,QB,DET,a,MIN,10.2,5200.0
14,2019,1538,Dwayne Haskins,QB,WAS,a,GB,9.7,4600.0
14,2019,1400,Tyrod Taylor,QB,LAC,a,JAX,6.04,4300.0
14,2019,1530,Taysom Hill,QB,NO,h,SF,3.5,4000.0
14,2019,1450,Ryan Griffin,QB,TB,h,IND,0.72,4500.0
14,2019,1408,Robert Griffin III,QB,BAL,a,BUF,0.0,4300.0
14,2019,1446,Garrett Gilbert,QB,CLE,h,CIN,-0.1,4700.0
14,2019,1234,Matt Schaub,QB,ATL,h,CAR,-0.1,4500.0
14,2019,5575,Austin Ekeler,RB,LAC,a,JAX,37.3,6300.0
14,2019,5543,Aaron Jones,RB,GB,h,WAS,34.2,6700.0
14,2019,5535,Joe Mixon,RB,CIN,a,CLE,30.6,5800.0
14,2019,5445,Derrick Henry,RB,TEN,a,LV,26.9,8200.0
14,2019,5414,Raheem Mostert,RB,SF,a,NO,24.9,4600.0
14,2019,5624,Boston Scott,RB,PHI,h,NYG,24.8,3000.0
14,2019,5536,Christian McCaffrey,RB,CAR,a,ATL,24.5,10300.0
14,2019,5444,Ezekiel Elliott,RB,DAL,a,CHI,23.3,7900.0
14,2019,5449,DeAndre Washington,RB,LV,h,TEN,21.6,3000.0
14,2019,2992,Todd Gurley,RB,LA,h,SEA,21.3,6200.0
14,2019,2991,Melvin Gordon,RB,LAC,a,JAX,19.4,6400.0
14,2019,2930,Devonta Freeman,RB,ATL,h,CAR,19.4,5400.0
14,2019,5717,Devin Singletary,RB,BUF,h,BAL,17.8,5700.0
14,2019,5622,Nick Chubb,RB,CLE,h,CIN,15.7,8000.0
14,2019,5559,Dalvin Cook,RB,MIN,h,DET,15.5,9500.0
14,2019,5560,Kareem Hunt,RB,CLE,h,CIN,14.8,6600.0
14,2019,2553,Adrian Peterson,RB,WAS,a,GB,13.6,4000.0
14,2019,5630,Phillip Lindsay,RB,DEN,a,HOU,13.5,5300.0
14,2019,5395,David Johnson,RB,ARI,h,PIT,13.3,4200.0
14,2019,5788,Patrick Laird,RB,MIA,a,NYJ,12.6,4100.0
14,2019,2954,James White,RB,NE,h,KC,12.4,5500.0
14,2019,5608,Brian Hill,RB,ATL,h,CAR,12.2,4000.0
14,2019,5565,Chris Carson,RB,SEA,a,LA,12.1,6500.0
14,2019,2899,Latavius Murray,RB,NO,h,SF,11.4,4500.0
14,2019,2915,Chris Thompson,RB,WAS,a,GB,11.3,3300.0
14,2019,5620,Royce Freeman,RB,DEN,a,HOU,11.2,4000.0
14,2019,5714,Miles Sanders,RB,PHI,h,NYG,10.9,5900.0
14,2019,2793,Mark Ingram,RB,BAL,a,BUF,10.9,5900.0
14,2019,2819,Bilal Powell,RB,NYJ,h,MIA,10.8,3500.0
14,2019,2997,Duke Johnson,RB,HOU,h,DEN,10.5,3900.0
14,2019,5617,Ronald Jones,RB,TB,h,IND,9.9,4400.0
14,2019,5548,Marlon Mack,RB,IND,a,TB,9.8,6000.0
14,2019,2933,Carlos Hyde,RB,HOU,h,DEN,9.8,4500.0
14,2019,5446,Kenyan Drake,RB,ARI,h,PIT,9.7,5200.0
14,2019,5614,Saquon Barkley,RB,NYG,a,PHI,9.7,7300.0
14,2019,5534,Leonard Fournette,RB,JAX,h,LAC,9.3,7800.0
14,2019,5564,Tarik Cohen,RB,CHI,h,DAL,9.1,4600.0
14,2019,5392,Ty Montgomery,RB,NYJ,h,MIA,9.1,4000.0
14,2019,5697,Dare Ogunbowale,RB,TB,h,IND,8.8,3100.0
14,2019,5720,Alexander Mattison,RB,MIN,h,DET,8.4,4500.0
14,2019,5744,Darwin Thompson,RB,KC,a,NE,8.3,4000.0
14,2019,5441,Malcolm Brown,RB,LA,h,SEA,8.1,4300.0
14,2019,5791,Bo Scarbrough,RB,DET,a,MIN,8.0,4500.0
14,2019,5713,David Montgomery,RB,CHI,h,DAL,7.6,5100.0
14,2019,5562,Alvin Kamara,RB,NO,h,SF,7.3,7000.0
14,2019,5507,Peyton Barber,RB,TB,h,IND,7.3,4200.0
14,2019,2874,Brandon Bolden,RB,NE,h,KC,7.0,3100.0
14,2019,5567,Matt Breida,RB,SF,a,NO,6.8,4600.0
14,2019,5800,Khari Blasingame,RB,TEN,a,LV,6.7,3000.0
14,2019,2889,Giovani Bernard,RB,CIN,a,CLE,6.6,4000.0
14,2019,5490,Jalen Richard,RB,LV,h,TEN,6.6,3900.0
14,2019,5504,Derek Watt,RB,LAC,a,JAX,6.4,3000.0
14,2019,5794,Kerrith Whyte,RB,PIT,a,ARI,6.0,3000.0
14,2019,5586,J.D. McKissic,RB,DET,a,MIN,5.8,3600.0
14,2019,5623,Nyheim Hines,RB,IND,a,TB,5.5,4300.0
14,2019,5688,Jaylen Samuels,RB,PIT,a,ARI,5.4,5000.0
14,2019,2707,LeSean McCoy,RB,KC,a,NE,5.3,4400.0
14,2019,2908,Kyle Juszczyk,RB,SF,a,NO,5.2,3000.0
14,2019,5468,Devontae Booker,RB,DEN,a,HOU,4.4,3000.0
14,2019,5616,Derrius Guice,RB,WAS,a,GB,4.2,4900.0
14,2019,2816,Dion Lewis,RB,TEN,a,LV,4.1,3500.0
14,2019,5581,C.J. Ham,RB,MIN,h,DET,3.5,3000.0
14,2019,5740,Benny Snell,RB,PIT,a,ARI,3.1,6100.0
14,2019,5618,Rashaad Penny,RB,SEA,a,LA,2.6,4500.0
14,2019,5682,Justin Jackson,RB,LAC,a,JAX,2.5,3000.0
14,2019,5541,Jamaal Williams,RB,GB,h,WAS,2.4,4800.0
14,2019,5789,Myles Gaskin,RB,MIA,a,NYJ,2.1,3300.0
14,2019,5681,Gus Edwards,RB,BAL,a,BUF,2.0,4300.0
14,2019,5742,Ty Johnson,RB,DET,a,MIN,2.0,3200.0
14,2019,5615,Sony Michel,RB,NE,h,KC,1.9,5600.0
14,2019,5573,Trey Edmunds,RB,PIT,a,ARI,1.7,3000.0
14,2019,2890,Rex Burkhead,RB,NE,h,KC,1.5,3400.0
14,2019,5662,Mike Boone,RB,MIN,h,DET,1.3,3000.0
14,2019,2995,Ameer Abdullah,RB,MIN,h,DET,1.2,3000.0
14,2019,2914,Spencer Ware,RB,KC,a,NE,1.2,0.0
14,2019,5619,Chase Edmonds,RB,ARI,h,PIT,0.9,3900.0
14,2019,5719,Justice Hill,RB,BAL,a,BUF,0.8,3000.0
14,2019,5745,Ryquell Armstead,RB,JAX,h,LAC,0.7,4300.0
14,2019,5735,Reggie Bonnafon,RB,CAR,a,ATL,0.6,4000.0
14,2019,2994,Tevin Coleman,RB,SF,a,NO,0.6,5100.0
14,2019,5722,Qadree Ollison,RB,ATL,h,CAR,0.6,3000.0
14,2019,2467,Frank Gore,RB,BUF,h,BAL,0.6,3800.0
14,2019,2998,Jay Ajayi,RB,PHI,h,NYG,0.5,3000.0
14,2019,5473,Wendell Smallwood,RB,WAS,a,GB,0.4,3000.0
14,2019,5448,C.J. Prosise,RB,SEA,a,LA,0.2,3000.0
14,2019,5625,Jordan Wilkins,RB,IND,a,TB,0.1,3700.0
14,2019,5669,De'Lance Turner,RB,MIA,a,NYJ,0.0,3000.0
14,2019,5483,Dwayne Washington,RB,NO,h,SF,0.0,3000.0
14,2019,5415,Michael Burton,RB,WAS,a,GB,0.0,3000.0
14,2019,5510,Troymaine Pope,RB,LAC,a,JAX,0.0,3000.0
14,2019,5320,Mike Davis,RB,CAR,a,ATL,0.0,3000.0
14,2019,5762,Cullen Gillaspia,RB,HOU,h,DEN,0.0,3000.0
14,2019,5737,Chandler Cox,RB,MIA,a,NYJ,0.0,3000.0
14,2019,5588,Elijhaa Penny,RB,NYG,a,PHI,0.0,3000.0
14,2019,2887,Kenjon Barner,RB,ATL,h,CAR,0.0,3000.0
14,2019,2974,Senorise Perry,RB,BUF,h,BAL,0.0,3000.0
14,2019,2822,Anthony Sherman,RB,KC,a,NE,0.0,3000.0
14,2019,5746,D'Ernest Johnson,RB,CLE,h,CIN,0.0,3000.0
14,2019,5763,Buddy Howell,RB,HOU,h,DEN,0.0,3000.0
14,2019,5738,Travis Homer,RB,SEA,a,LA,0.0,3000.0
14,2019,5370,Javorius Allen,RB,NYG,a,PHI,0.0,3000.0
14,2019,5397,Zach Zenner,RB,MIA,a,NYJ,0.0,3000.0
14,2019,5492,Keith Smith,RB,ATL,h,CAR,0.0,3000.0
14,2019,5644,Alex Armah,RB,CAR,a,ATL,0.0,3000.0
14,2019,5683,Dontrell Hilliard,RB,CLE,h,CIN,0.0,3000.0
14,2019,2805,Patrick DiMarco,RB,BUF,h,BAL,0.0,3000.0
14,2019,5451,Jonathan Williams,RB,IND,a,TB,0.0,4700.0
14,2019,5743,Patrick Ricard,RB,BAL,a,BUF,0.0,3000.0
14,2019,5716,Darrell Henderson,RB,LA,h,SEA,0.0,3500.0
14,2019,2913,Jamize Olawale,RB,DAL,a,CHI,0.0,3000.0
14,2019,5517,Dan Vitale,RB,GB,h,WAS,0.0,3000.0
14,2019,5764,Alec Ingold,RB,LV,h,TEN,-0.1,3000.0
14,2019,3983,Emmanuel Sanders,WR,SF,a,NO,37.1,5800.0
14,2019,5728,A.J. Brown,WR,TEN,a,LV,36.6,5300.0
14,2019,5767,Darius Slayton,WR,NYG,a,PHI,35.4,4900.0
14,2019,5459,Michael Thomas,WR,NO,h,SF,33.4,8300.0
14,2019,5206,DeAndre Hopkins,WR,HOU,h,DEN,29.2,7400.0
14,2019,5502,Robby Anderson,WR,NYJ,h,MIA,28.0,5100.0
14,2019,5217,Robert Woods,WR,LA,h,SEA,25.7,6100.0
14,2019,5754,Diontae Johnson,WR,PIT,a,ARI,25.6,4300.0
14,2019,3826,Julian Edelman,WR,NE,h,KC,24.3,7100.0
14,2019,5587,Marcus Johnson,WR,IND,a,TB,22.5,3600.0
14,2019,5258,Allen Robinson,WR,CHI,h,DAL,21.8,6500.0
14,2019,5647,Zach Pascal,WR,IND,a,TB,20.4,5500.0
14,2019,5376,Amari Cooper,WR,DAL,a,CHI,20.3,6200.0
14,2019,5634,Michael Gallup,WR,DAL,a,CHI,19.9,5500.0
14,2019,5631,Calvin Ridley,WR,ATL,h,CAR,18.6,6700.0
14,2019,5554,Kenny Golladay,WR,DET,a,MIN,17.8,6700.0
14,2019,5636,Christian Kirk,WR,ARI,h,PIT,16.9,5200.0
14,2019,5690,Justin Watson,WR,TB,h,IND,16.9,3000.0
14,2019,5598,Kendrick Bourne,WR,SF,a,NO,16.8,3700.0
14,2019,5659,D.J. Chark,WR,JAX,h,LAC,16.5,6200.0
14,2019,5799,Olamide Zaccheaus,WR,ATL,h,CAR,16.3,3000.0
14,2019,5579,Chris Godwin,WR,TB,h,IND,16.1,7300.0
14,2019,5379,Breshad Perriman,WR,TB,h,IND,16.0,3700.0
14,2019,5726,Deebo Samuel,WR,SF,a,NO,15.9,5600.0
14,2019,5757,Terry McLaurin,WR,WAS,a,GB,15.7,5100.0
14,2019,5424,Stefon Diggs,WR,MIN,h,DET,15.2,7600.0
14,2019,5706,Isaiah Ford,WR,MIA,a,NYJ,15.2,3000.0
14,2019,5163,Cole Beasley,WR,BUF,h,BAL,14.9,5400.0
14,2019,5552,Cooper Kupp,WR,LA,h,SEA,14.5,7000.0
14,2019,5594,Mike Williams,WR,LAC,a,JAX,14.3,4500.0
14,2019,5725,D.K. Metcalf,WR,SEA,a,LA,13.8,6000.0
14,2019,5198,Keenan Allen,WR,LAC,a,JAX,13.3,6600.0
14,2019,5455,Tyler Boyd,WR,CIN,a,CLE,13.2,5900.0
14,2019,5632,Anthony Miller,WR,CHI,h,DAL,13.2,4500.0
14,2019,5253,Mike Evans,WR,TB,h,IND,13.1,7200.0
14,2019,5485,Tyreek Hill,WR,KC,a,NE,13.0,8100.0
14,2019,5633,D.J. Moore,WR,CAR,a,ATL,12.1,7000.0
14,2019,5805,Rico Gafford,WR,LV,h,TEN,11.9,3000.0
14,2019,5341,Allen Hurns,WR,MIA,a,NYJ,11.8,4100.0
14,2019,5727,Mecole Hardman,WR,KC,a,NE,11.8,3800.0
14,2019,5335,Jarvis Landry,WR,CLE,h,CIN,11.6,6500.0
14,2019,5089,Julio Jones,WR,ATL,h,CAR,11.6,7500.0
14,2019,5639,Tre'Quan Smith,WR,NO,h,SF,10.9,3200.0
14,2019,3997,Demaryius Thomas,WR,NYJ,h,MIA,10.8,3700.0
14,2019,5670,Keke Coutee,WR,HOU,h,DEN,10.8,3000.0
14,2019,5480,Alex Erickson,WR,CIN,a,CLE,10.54,3500.0
14,2019,5287,Willie Snead,WR,BAL,a,BUF,10.3,3400.0
14,2019,5252,Sammy Watkins,WR,KC,a,NE,9.0,4600.0
14,2019,3670,Ted Ginn Jr.,WR,NO,h,SF,9.0,3600.0
14,2019,5603,Dede Westbrook,WR,JAX,h,LAC,8.5,5200.0
14,2019,5637,Courtland Sutton,WR,DEN,a,HOU,8.4,6400.0
14,2019,3851,Danny Amendola,WR,DET,a,MIN,8.4,4000.0
14,2019,5386,Tyler Lockett,WR,SEA,a,LA,8.3,7100.0
14,2019,5263,Davante Adams,WR,GB,h,WAS,8.1,8000.0
14,2019,5753,Steven Sims Jr.,WR,WAS,a,GB,8.0,3400.0
14,2019,5747,Olabisi Johnson,WR,MIN,h,DET,7.9,3700.0
14,2019,5456,Sterling Shepard,WR,NYG,a,PHI,7.6,5100.0
14,2019,5793,Greg Ward,WR,PHI,h,NYG,7.4,3200.0
14,2019,5635,James Washington,WR,PIT,a,ARI,7.3,6000.0
14,2019,5188,Jarius Wright,WR,CAR,a,ATL,7.0,3000.0
14,2019,5651,Tim Patrick,WR,DEN,a,HOU,7.0,3300.0
14,2019,5168,Marvin Jones,WR,DET,a,MIN,6.8,5400.0
14,2019,5461,Tajae Sharpe,WR,TEN,a,LV,6.5,3000.0
14,2019,5432,Tyrell Williams,WR,LV,h,TEN,6.5,5000.0
14,2019,5125,Randall Cobb,WR,DAL,a,CHI,6.3,4900.0
14,2019,5453,Laquon Treadwell,WR,MIN,h,DET,6.2,3000.0
14,2019,5556,Curtis Samuel,WR,CAR,a,ATL,6.2,4900.0
14,2019,5410,Jamison Crowder,WR,NYJ,h,MIA,6.0,5300.0
14,2019,5323,Odell Beckham Jr.,WR,CLE,h,CIN,5.9,6300.0
14,2019,5640,DaeSean Hamilton,WR,DEN,a,HOU,5.6,3200.0
14,2019,5264,John Brown,WR,BUF,h,BAL,5.6,6100.0
14,2019,5770,Keelan Doss,WR,LV,h,TEN,5.6,3000.0
14,2019,5574,Isaiah McKenzie,WR,BUF,h,BAL,5.5,3300.0
14,2019,5550,Corey Davis,WR,TEN,a,LV,5.4,3900.0
14,2019,5165,Josh Gordon,WR,SEA,a,LA,5.4,3800.0
14,2019,3501,Larry Fitzgerald,WR,ARI,h,PIT,5.0,4700.0
14,2019,5732,JJ Arcega-Whiteside,WR,PHI,h,NYG,4.9,3400.0
14,2019,5558,John Ross,WR,CIN,a,CLE,4.8,4400.0
14,2019,5380,DeVante Parker,WR,MIA,a,NYJ,4.8,6900.0
14,2019,5653,Vyncint Smith,WR,NYJ,h,MIA,4.7,3000.0
14,2019,5749,Jakobi Meyers,WR,NE,h,KC,4.5,3500.0
14,2019,5729,Parris Campbell,WR,IND,a,TB,4.2,3200.0
14,2019,5751,Kelvin Harmon,WR,WAS,a,GB,4.0,3700.0
14,2019,5711,Allen Lazard,WR,GB,h,WAS,3.9,4200.0
14,2019,5208,Cordarrelle Patterson,WR,CHI,h,DAL,3.8,3000.0
14,2019,5680,Russell Gage,WR,ATL,h,CAR,3.7,4800.0
14,2019,5750,Deon Cain,WR,PIT,a,ARI,3.2,3000.0
14,2019,5760,Deonte Harris,WR,NO,h,SF,3.1,3000.0
14,2019,5582,Josh Reynolds,WR,LA,h,SEA,2.9,3300.0
14,2019,5387,Justin Hardy,WR,ATL,h,CAR,2.9,3500.0
14,2019,5730,Marquise Brown,WR,BAL,a,BUF,2.8,4700.0
14,2019,5212,Kenny Stills,WR,HOU,h,DEN,2.8,3700.0
14,2019,5696,Auden Tate,WR,CIN,a,CLE,2.6,4000.0
14,2019,5655,David Moore,WR,SEA,a,LA,2.5,3000.0
14,2019,5759,Byron Pringle,WR,KC,a,NE,2.4,3000.0
14,2019,5159,Mohamed Sanu,WR,NE,h,KC,2.3,5000.0
14,2019,5515,Demarcus Robinson,WR,KC,a,NE,2.2,3300.0
14,2019,5724,N'Keal Harry,WR,NE,h,KC,2.2,4000.0
14,2019,5570,Keelan Cole,WR,JAX,h,LAC,2.2,3000.0
14,2019,3995,Golden Tate,WR,NYG,a,PHI,2.1,6100.0
14,2019,5511,Geronimo Allison,WR,GB,h,WAS,2.1,3400.0
14,2019,5520,Kalif Raymond,WR,TEN,a,LV,2.1,3400.0
14,2019,5702,Malik Turner,WR,SEA,a,LA,2.0,3200.0
14,2019,5531,Damiere Byrd,WR,ARI,h,PIT,2.0,3000.0
14,2019,5787,Michael Walker,WR,JAX,h,LAC,1.9,3000.0
14,2019,5408,Seth Roberts,WR,BAL,a,BUF,1.8,3200.0
14,2019,5677,Brandon Zylstra,WR,CAR,a,ATL,1.7,3000.0
14,2019,5385,Chris Conley,WR,JAX,h,LAC,1.7,4000.0
14,2019,5557,Zay Jones,WR,LV,h,TEN,1.5,3400.0
14,2019,5804,Riley Ridley,WR,CHI,h,DAL,1.5,3000.0
14,2019,5339,Albert Wilson,WR,MIA,a,NYJ,1.5,4000.0
14,2019,5462,Pharoh Cooper,WR,ARI,h,PIT,1.5,3300.0
14,2019,5734,Andy Isabella,WR,ARI,h,PIT,1.5,3100.0
14,2019,5153,Alshon Jeffery,WR,PHI,h,NYG,0.0,6000.0
14,2019,5748,Miles Boykin,WR,BAL,a,BUF,0.0,3000.0
14,2019,5578,Mack Hollins,WR,MIA,a,NYJ,0.0,3000.0
14,2019,5797,Ventell Bryant,WR,DAL,a,CHI,0.0,3000.0
14,2019,5384,Phillip Dorsett,WR,NE,h,KC,0.0,4400.0
14,2019,5479,Chris Moore,WR,BAL,a,BUF,0.0,3000.0
14,2019,5792,Tevin Jones,WR,DAL,a,CHI,0.0,3000.0
14,2019,5699,Trent Sherfield,WR,ARI,h,PIT,0.0,3000.0
14,2019,5766,Cedrick Wilson,WR,DAL,a,CHI,0.0,3000.0
14,2019,5641,Braxton Berrios,WR,NYJ,h,MIA,0.0,3000.0
14,2019,2958,De'Anthony Thomas,WR,BAL,a,BUF,0.0,3000.0
14,2019,5698,Marcell Ateman,WR,LV,h,TEN,0.0,3000.0
14,2019,5503,Mike Thomas,WR,LA,h,SEA,0.0,3000.0
14,2019,5765,Diontae Spencer,WR,DEN,a,HOU,0.0,3000.0
14,2019,5781,Jason Moore,WR,LAC,a,JAX,0.0,3000.0
14,2019,5779,Stanley Morgan,WR,CIN,a,CLE,0.0,3000.0
14,2019,5475,Rashard Higgins,WR,CLE,h,CIN,0.0,3000.0
14,2019,5268,Cody Latimer,WR,NYG,a,PHI,0.0,3000.0
14,2019,5775,Fred Brown,WR,DEN,a,HOU,0.0,3000.0
14,2019,5671,Javon Wims,WR,CHI,h,DAL,0.0,3000.0
14,2019,5255,Brandin Cooks,WR,LA,h,SEA,0.0,4700.0
14,2019,5796,Cody Hollister,WR,TEN,a,LV,0.0,3000.0
14,2019,5675,KhaDarel Hodge,WR,CLE,h,CIN,0.0,3000.0
14,2019,5801,Jalen Guyton,WR,LAC,a,JAX,0.0,3000.0
14,2019,3978,Andre Roberts,WR,BUF,h,BAL,0.0,3000.0
14,2019,5790,Christian Blake,WR,ATL,h,CAR,0.0,3300.0
14,2019,5649,Robert Foster,WR,BUF,h,BAL,0.0,3000.0
14,2019,5656,Marquez Valdes-Scantling,WR,GB,h,WAS,0.0,3900.0
14,2019,5773,Andre Patton,WR,LAC,a,JAX,0.0,3000.0
14,2019,5704,Jake Kumerow,WR,GB,h,WAS,0.0,3000.0
14,2019,5416,DeAndrew White,WR,CAR,a,ATL,0.0,3000.0
14,2019,3760,Matthew Slater,WR,NE,h,KC,0.0,3000.0
14,2019,5654,DeAndre Carter,WR,HOU,h,DEN,0.0,3000.0
14,2019,5491,Johnny Holton,WR,PIT,a,ARI,0.0,3000.0
14,2019,5518,Cody Core,WR,NYG,a,PHI,0.0,3000.0
14,2019,5229,Jaron Brown,WR,SEA,a,LA,0.0,3000.0
14,2019,5678,Damion Ratley,WR,CLE,h,CIN,0.0,3000.0
14,2019,5199,Tavon Austin,WR,DAL,a,CHI,0.0,3500.0
14,2019,5795,Da'Mari Scott,WR,NYG,a,PHI,0.0,3000.0
14,2019,5798,Ashton Dulin,WR,IND,a,TB,0.0,3000.0
14,2019,5802,Nsimba Webster,WR,LA,h,SEA,0.0,3000.0
14,2019,5803,Alexander Hollins,WR,MIN,h,DET,0.0,3000.0
14,2019,5758,Chris Lacy,WR,DET,a,MIN,0.0,3000.0
14,2019,5674,Richie James,WR,SF,a,NO,-0.1,3000.0
14,2019,5785,Greg Dortch,WR,CAR,a,ATL,-1.0,0.0
14,2019,4569,Zach Ertz,TE,PHI,h,NYG,30.1,6100.0
14,2019,4748,Noah Fant,TE,DEN,a,HOU,24.3,3400.0
14,2019,4680,Tyler Higbee,TE,LA,h,SEA,21.6,3400.0
14,2019,4437,Jared Cook,TE,NO,h,SF,20.4,4200.0
14,2019,4582,Travis Kelce,TE,KC,a,NE,19.0,6200.0
14,2019,4703,George Kittle,TE,SF,a,NO,18.7,5900.0
14,2019,4730,Ian Thomas,TE,CAR,a,ATL,16.7,2500.0
14,2019,4720,Hayden Hurst,TE,BAL,a,BUF,16.3,2500.0
14,2019,4661,Nick O'Leary,TE,JAX,h,LAC,13.0,2700.0
14,2019,4648,Cameron Brate,TE,TB,h,IND,13.0,2900.0
14,2019,5419,Darren Waller,TE,LV,h,TEN,12.3,5800.0
14,2019,4706,Jonnu Smith,TE,TEN,a,LV,11.9,3100.0
14,2019,4675,Hunter Henry,TE,LAC,a,JAX,11.9,5100.0
14,2019,4700,O.J. Howard,TE,TB,h,IND,11.3,3200.0
14,2019,4733,Blake Jarwin,TE,DAL,a,CHI,11.0,3000.0
14,2019,4760,Foster Moreau,TE,LV,h,TEN,10.4,2500.0
14,2019,4660,Nick Boyle,TE,BAL,a,BUF,9.0,2700.0
14,2019,4729,Jordan Akins,TE,HOU,h,DEN,8.9,2800.0
14,2019,4568,Tyler Eifert,TE,CIN,a,CLE,8.9,2800.0
14,2019,4262,Jason Witten,TE,DAL,a,CHI,8.7,4000.0
14,2019,4693,Joshua Perkins,TE,PHI,h,NYG,8.7,2500.0
14,2019,4763,J.P. Holtz,TE,CHI,h,DAL,8.6,2500.0
14,2019,4542,Virgil Green,TE,LAC,a,JAX,8.4,2500.0
14,2019,4586,Josh Hill,TE,NO,h,SF,8.4,2500.0
14,2019,4744,Robert Tonyan,TE,GB,h,WAS,8.2,2500.0
14,2019,4492,Jimmy Graham,TE,GB,h,WAS,7.9,3600.0
14,2019,4676,Jeff Heuerman,TE,DEN,a,HOU,7.8,2600.0
14,2019,4771,Jesper Horsted,TE,CHI,h,DAL,7.6,2500.0
14,2019,4543,Charles Clay,TE,ARI,h,PIT,7.5,2700.0
14,2019,4707,Jacob Hollister,TE,SEA,a,LA,7.4,3900.0
14,2019,4725,Dallas Goedert,TE,PHI,h,NYG,7.1,4300.0
14,2019,4669,MyCole Pruitt,TE,TEN,a,LV,5.2,2500.0
14,2019,4677,Austin Hooper,TE,ATL,h,CAR,5.2,6000.0
14,2019,4757,Irv Smith Jr.,TE,MIN,h,DET,5.1,3300.0
14,2019,4738,Anthony Firkser,TE,TEN,a,LV,4.9,2700.0
14,2019,4594,Jack Doyle,TE,IND,a,TB,4.7,4600.0
14,2019,4750,Dawson Knox,TE,BUF,h,BAL,4.7,2900.0
14,2019,4732,Tyler Conklin,TE,MIN,h,DET,4.3,2500.0
14,2019,1463,Logan Thomas,TE,DET,a,MIN,4.1,2600.0
14,2019,4761,Andrew Beck,TE,DEN,a,HOU,3.9,2500.0
14,2019,4674,Matt LaCosse,TE,NE,h,KC,3.4,2500.0
14,2019,4653,Jesse James,TE,DET,a,MIN,3.3,2500.0
14,2019,4712,Ricky Seals-Jones,TE,CLE,h,CIN,3.2,2600.0
14,2019,4537,Kyle Rudolph,TE,MIN,h,DET,3.1,4400.0
14,2019,4770,Kaden Smith,TE,NYG,a,PHI,2.9,3300.0
14,2019,4721,Mark Andrews,TE,BAL,a,BUF,2.4,5600.0
14,2019,4609,Darren Fells,TE,HOU,h,DEN,2.2,3200.0
14,2019,4697,Chris Manhertz,TE,CAR,a,ATL,2.1,2500.0
14,2019,4592,Ryan Griffin,TE,NYJ,h,MIA,1.8,4100.0
14,2019,4736,Mo Alie-Cox,TE,IND,a,TB,1.8,2500.0
14,2019,4292,Ben Watson,TE,NE,h,KC,1.7,3000.0
14,2019,5436,Daniel Brown,TE,NYJ,h,MIA,1.7,2500.0
14,2019,4719,Mike Gesicki,TE,MIA,a,NYJ,1.6,4000.0
14,2019,4324,Marcedes Lewis,TE,GB,h,WAS,1.5,2500.0
14,2019,4656,C.J. Uzomah,TE,CIN,a,CLE,1.4,2700.0
14,2019,4702,David Njoku,TE,CLE,h,CIN,1.4,3500.0
14,2019,4774,Isaac Nauta,TE,DET,a,MIN,1.3,2500.0
14,2019,4762,Troy Fumagalli,TE,DEN,a,HOU,1.3,2500.0
14,2019,4572,Vance McDonald,TE,PIT,a,ARI,1.3,4300.0
14,2019,4737,Durham Smythe,TE,MIA,a,NYJ,1.2,2500.0
14,2019,4681,Ross Travis,TE,IND,a,TB,1.1,2600.0
14,2019,4651,Clive Walford,TE,MIA,a,NYJ,0.4,2500.0
14,2019,4768,Tanner Hudson,TE,TB,h,IND,0.0,2500.0
14,2019,4564,Garrett Celek,TE,SF,a,NO,0.0,2500.0
14,2019,4391,Clark Harris,TE,CIN,a,CLE,0.0,2500.0
14,2019,4714,Jeremy Sprinkle,TE,WAS,a,GB,0.0,2800.0
14,2019,4765,Jaeden Graham,TE,ATL,h,CAR,0.0,3300.0
14,2019,4759,James Winchester,TE,KC,a,NE,0.0,2500.0
14,2019,4711,Cethan Carter,TE,CIN,a,CLE,0.0,2500.0
14,2019,4742,Dalton Schultz,TE,DAL,a,CHI,0.0,2500.0
14,2019,4620,Scott Simonson,TE,NYG,a,PHI,0.0,2500.0
14,2019,4599,Derek Carrier,TE,LV,h,TEN,0.0,2600.0
14,2019,4747,Johnny Mundt,TE,LA,h,SEA,0.0,2500.0
14,2019,4538,Lance Kendricks,TE,LAC,a,JAX,0.0,2500.0
14,2019,4535,Lee Smith,TE,BUF,h,BAL,0.0,2500.0
14,2019,4731,Jordan Thomas,TE,HOU,h,DEN,0.0,2500.0
14,2019,4689,Ben Koyack,TE,JAX,h,LAC,0.0,2500.0
14,2019,4652,Tyler Kroft,TE,BUF,h,BAL,0.0,2500.0
14,2019,4666,Blake Bell,TE,KC,a,NE,0.0,2500.0
14,2019,4708,Darrell Daniels,TE,ARI,h,PIT,0.0,2500.0
14,2019,4767,Hale Hentges,TE,WAS,a,GB,0.0,2500.0
14,2019,4688,Nick Vannett,TE,PIT,a,ARI,0.0,3000.0
14,2019,4740,Tyrone Swoopes,TE,SEA,a,LA,0.0,2500.0
14,2019,4532,Luke Stocker,TE,ATL,h,CAR,0.0,2500.0
14,2019,4769,Stephen Carlson,TE,CLE,h,CIN,0.0,2500.0
14,2019,4773,Jace Sternberger,TE,GB,h,WAS,0.0,2500.0
14,2019,4650,Maxx Williams,TE,ARI,h,PIT,0.0,2500.0
14,2019,4758,Trevon Wesco,TE,NYJ,h,MIA,0.0,2500.0
14,2019,4745,Ross Dwelley,TE,SF,a,NO,0.0,2500.0
14,2019,7024,Pittsburgh,Def,PIT,a,ARI,18.0,3500.0
14,2019,7010,Denver,Def,DEN,a,HOU,15.0,2500.0
14,2019,7002,Atlanta,Def,ATL,h,CAR,14.0,3000.0
14,2019,7025,LA Rams,Def,LA,h,SEA,14.0,2800.0
14,2019,7017,Minnesota,Def,MIN,h,DET,13.0,3800.0
14,2019,7008,Cleveland,Def,CLE,h,CIN,11.0,3600.0
14,2019,7028,Seattle,Def,SEA,a,LA,11.0,2700.0
14,2019,7013,Indianapolis,Def,IND,a,TB,11.0,2400.0
14,2019,7030,Tennessee,Def,TEN,a,LV,10.0,2600.0
14,2019,7003,Baltimore,Def,BAL,a,BUF,9.0,2900.0
14,2019,7015,Kansas City,Def,KC,a,NE,8.0,2200.0
14,2019,7012,Green Bay,Def,GB,h,WAS,7.0,4000.0
14,2019,7001,Arizona,Def,ARI,h,PIT,7.0,2400.0
14,2019,7031,Washington,Def,WAS,a,GB,7.0,1700.0
14,2019,7018,New England,Def,NE,h,KC,7.0,3000.0
14,2019,7026,LA Chargers,Def,LAC,a,JAX,6.0,2800.0
14,2019,7007,Cincinnati,Def,CIN,a,CLE,5.0,2100.0
14,2019,7009,Dallas,Def,DAL,a,CHI,5.0,2400.0
14,2019,7020,New York G,Def,NYG,a,PHI,5.0,2000.0
14,2019,7021,New York J,Def,NYJ,h,MIA,4.0,3200.0
14,2019,7004,Buffalo,Def,BUF,h,BAL,3.0,2900.0
14,2019,7023,Philadelphia,Def,PHI,h,NYG,3.0,3400.0
14,2019,7016,Miami,Def,MIA,a,NYJ,3.0,3000.0
14,2019,7029,Tampa Bay,Def,TB,h,IND,2.0,2300.0
14,2019,7011,Detroit,Def,DET,a,MIN,2.0,1900.0
14,2019,7032,Houston,Def,HOU,h,DEN,2.0,3300.0
14,2019,7006,Chicago,Def,CHI,h,DAL,2.0,2100.0
14,2019,7019,New Orleans,Def,NO,h,SF,1.0,3100.0
14,2019,7022,Oakland,Def,LV,h,TEN,-2.0,2700.0
14,2019,7027,San Francisco,Def,SF,a,NO,-2.0,2700.0
14,2019,7014,Jacksonville,Def,JAX,h,LAC,-3.0,3100.0
14,2019,7005,Carolina,Def,CAR,a,ATL,-3.0,2800.0
15,2019,1527,Lamar Jackson,QB,BAL,h,NYJ,37.08,7500.0
15,2019,1465,Jameis Winston,QB,TB,a,DET,36.72,6900.0
15,2019,1151,Drew Brees,QB,NO,h,IND,31.28,6900.0
15,2019,1523,Patrick Mahomes II,QB,KC,h,DEN,26.7,7100.0
15,2019,1410,Ryan Tannehill,QB,TEN,h,HOU,25.16,6500.0
15,2019,1514,Carson Wentz,QB,PHI,a,WAS,22.54,6200.0
15,2019,1242,Ryan Fitzpatrick,QB,MIA,a,NYG,21.46,6200.0
15,2019,1519,Mitchell Trubisky,QB,CHI,a,GB,21.26,6000.0
15,2019,1538,Dwayne Haskins,QB,WAS,h,PHI,20.04,4600.0
15,2019,1412,Russell Wilson,QB,SEA,a,CAR,19.34,7000.0
15,2019,1301,Matt Ryan,QB,ATL,a,SF,19.1,5900.0
15,2019,1518,Deshaun Watson,QB,HOU,a,TEN,18.92,6800.0
15,2019,1540,Gardner Minshew,QB,JAX,a,LV,18.74,5500.0
15,2019,1490,Jared Goff,QB,LA,a,DAL,18.56,6100.0
15,2019,1528,Baker Mayfield,QB,CLE,a,ARI,17.98,6400.0
15,2019,1524,Sam Darnold,QB,NYJ,a,BAL,17.82,5300.0
15,2019,1501,Dak Prescott,QB,DAL,h,LA,17.68,6300.0
15,2019,1537,Kyler Murray,QB,ARI,h,CLE,17.36,5600.0
15,2019,1529,Josh Allen,QB,BUF,a,PIT,17.36,6000.0
15,2019,1225,Eli Manning,QB,NYG,h,MIA,16.32,5200.0
15,2019,1441,Derek Carr,QB,LV,h,JAX,15.88,5600.0
15,2019,1231,Philip Rivers,QB,LAC,h,MIN,15.28,5600.0
15,2019,1536,Kyle Allen,QB,CAR,h,SEA,14.58,5400.0
15,2019,1252,Aaron Rodgers,QB,GB,h,CHI,14.42,6300.0
15,2019,1131,Tom Brady,QB,NE,a,CIN,12.92,6000.0
15,2019,1415,Kirk Cousins,QB,MIN,a,LAC,12.68,6000.0
15,2019,1452,Jimmy Garoppolo,QB,SF,h,ATL,12.6,6100.0
15,2019,1530,Taysom Hill,QB,NO,h,IND,12.3,4000.0
15,2019,1546,David Blough,QB,DET,h,TB,10.3,5300.0
15,2019,1543,Devlin Hodges,QB,PIT,h,BUF,8.48,5200.0
15,2019,1547,Drew Lock,QB,DEN,a,KC,7.62,5700.0
15,2019,1496,Jacoby Brissett,QB,IND,a,NO,7.3,5900.0
15,2019,1403,Andy Dalton,QB,CIN,h,NE,6.14,4900.0
15,2019,1408,Robert Griffin III,QB,BAL,h,NYJ,0.6,4500.0
15,2019,1444,Alex Tanney,QB,NYG,h,MIA,0.04,4000.0
15,2019,1521,Cooper Rush,QB,DAL,h,LA,0.0,4400.0
15,2019,1450,Ryan Griffin,QB,TB,a,DET,-0.1,4300.0
15,2019,1484,Sean Mannion,QB,MIN,a,LAC,-0.3,4300.0
15,2019,1439,Teddy Bridgewater,QB,NO,h,IND,-0.3,4900.0
15,2019,5446,Kenyan Drake,RB,ARI,h,CLE,42.6,5000.0
15,2019,5714,Miles Sanders,RB,PHI,a,WAS,38.2,5900.0
15,2019,5536,Christian McCaffrey,RB,CAR,h,SEA,37.5,10000.0
15,2019,5444,Ezekiel Elliott,RB,DAL,h,LA,34.0,7800.0
15,2019,5614,Saquon Barkley,RB,NYG,h,MIA,33.3,7700.0
15,2019,5565,Chris Carson,RB,SEA,a,CAR,29.7,7500.0
15,2019,5622,Nick Chubb,RB,CLE,a,ARI,26.8,7900.0
15,2019,5718,Tony Pollard,RB,DAL,h,LA,25.3,4300.0
15,2019,2793,Mark Ingram,RB,BAL,h,NYJ,23.6,6600.0
15,2019,5535,Joe Mixon,RB,CIN,h,NE,21.6,6100.0
15,2019,2992,Todd Gurley,RB,LA,a,DAL,20.8,6000.0
15,2019,2933,Carlos Hyde,RB,HOU,a,TEN,19.4,4500.0
15,2019,2553,Adrian Peterson,RB,WAS,h,PHI,18.1,4400.0
15,2019,5662,Mike Boone,RB,MIN,a,LAC,17.6,3000.0
15,2019,5543,Aaron Jones,RB,GB,h,CHI,17.1,7300.0
15,2019,5806,Wes Hills,RB,DET,h,TB,16.2,0.0
15,2019,5560,Kareem Hunt,RB,CLE,a,ARI,15.6,6300.0
15,2019,5564,Tarik Cohen,RB,CHI,a,GB,15.5,4800.0
15,2019,2954,James White,RB,NE,a,CIN,15.2,5400.0
15,2019,5537,James Conner,RB,PIT,h,BUF,15.1,7000.0
15,2019,5562,Alvin Kamara,RB,NO,h,IND,13.9,6800.0
15,2019,2890,Rex Burkhead,RB,NE,a,CIN,13.9,3100.0
15,2019,5624,Boston Scott,RB,PHI,a,WAS,13.5,3000.0
15,2019,5575,Austin Ekeler,RB,LAC,h,MIN,13.1,6700.0
15,2019,5712,Josh Jacobs,RB,LV,h,JAX,12.9,7000.0
15,2019,5534,Leonard Fournette,RB,JAX,a,LV,12.3,7600.0
15,2019,5414,Raheem Mostert,RB,SF,h,ATL,11.9,5200.0
15,2019,5615,Sony Michel,RB,NE,a,CIN,11.3,5100.0
15,2019,2888,Le'Veon Bell,RB,NYJ,a,BAL,10.8,6300.0
15,2019,5717,Devin Singletary,RB,BUF,a,PIT,9.9,6000.0
15,2019,2991,Melvin Gordon,RB,LAC,h,MIN,9.4,6500.0
15,2019,5789,Myles Gaskin,RB,MIA,a,NYG,9.2,3200.0
15,2019,2816,Dion Lewis,RB,TEN,h,HOU,9.1,3700.0
15,2019,5370,Javorius Allen,RB,NYG,h,MIA,8.8,3000.0
15,2019,5625,Jordan Wilkins,RB,IND,a,NO,8.7,3000.0
15,2019,2908,Kyle Juszczyk,RB,SF,h,ATL,8.7,3000.0
15,2019,5445,Derrick Henry,RB,TEN,h,HOU,8.6,8500.0
15,2019,2930,Devonta Freeman,RB,ATL,a,SF,7.5,5800.0
15,2019,5788,Patrick Laird,RB,MIA,a,NYG,7.4,4500.0
15,2019,5559,Dalvin Cook,RB,MIN,a,LAC,7.3,8900.0
15,2019,2899,Latavius Murray,RB,NO,h,IND,6.9,4700.0
15,2019,5620,Royce Freeman,RB,DEN,a,KC,6.6,4000.0
15,2019,5722,Qadree Ollison,RB,ATL,a,SF,6.1,3000.0
15,2019,5507,Peyton Barber,RB,TB,a,DET,6.0,4400.0
15,2019,5713,David Montgomery,RB,CHI,a,GB,5.9,5500.0
15,2019,5617,Ronald Jones,RB,TB,a,DET,5.9,4600.0
15,2019,2889,Giovani Bernard,RB,CIN,h,NE,5.7,3800.0
15,2019,5490,Jalen Richard,RB,LV,h,JAX,5.6,3700.0
15,2019,2914,Spencer Ware,RB,KC,h,DEN,5.5,3100.0
15,2019,5764,Alec Ingold,RB,LV,h,JAX,5.2,3000.0
15,2019,5742,Ty Johnson,RB,DET,h,TB,5.0,3000.0
15,2019,5744,Darwin Thompson,RB,KC,h,DEN,4.9,4100.0
15,2019,5581,C.J. Ham,RB,MIN,a,LAC,4.8,3000.0
15,2019,2915,Chris Thompson,RB,WAS,h,PHI,4.6,3900.0
15,2019,5541,Jamaal Williams,RB,GB,h,CHI,4.3,4200.0
15,2019,2997,Duke Johnson,RB,HOU,a,TEN,4.3,4100.0
15,2019,5449,DeAndre Washington,RB,LV,h,JAX,4.2,4700.0
15,2019,2994,Tevin Coleman,RB,SF,h,ATL,4.0,4000.0
15,2019,5682,Justin Jackson,RB,LAC,h,MIN,3.7,3000.0
15,2019,5681,Gus Edwards,RB,BAL,h,NYJ,3.5,3800.0
15,2019,5448,C.J. Prosise,RB,SEA,a,CAR,3.5,3700.0
15,2019,5623,Nyheim Hines,RB,IND,a,NO,3.2,4200.0
15,2019,5630,Phillip Lindsay,RB,DEN,a,KC,3.2,5600.0
15,2019,5586,J.D. McKissic,RB,DET,h,TB,2.9,3300.0
15,2019,5567,Matt Breida,RB,SF,h,ATL,2.7,4100.0
15,2019,5697,Dare Ogunbowale,RB,TB,a,DET,2.6,3400.0
15,2019,2995,Ameer Abdullah,RB,MIN,a,LAC,2.5,3000.0
15,2019,5483,Dwayne Washington,RB,NO,h,IND,2.0,3000.0
15,2019,5392,Ty Montgomery,RB,NYJ,a,BAL,2.0,4000.0
15,2019,5548,Marlon Mack,RB,IND,a,NO,1.9,5700.0
15,2019,2707,LeSean McCoy,RB,KC,h,DEN,1.6,4400.0
15,2019,5608,Brian Hill,RB,ATL,a,SF,1.6,3500.0
15,2019,5719,Justice Hill,RB,BAL,h,NYJ,1.5,3000.0
15,2019,2467,Frank Gore,RB,BUF,a,PIT,1.5,3700.0
15,2019,5688,Jaylen Samuels,RB,PIT,h,BUF,1.4,3900.0
15,2019,5800,Khari Blasingame,RB,TEN,h,HOU,1.0,3200.0
15,2019,5484,Josh Ferguson,RB,WAS,h,PHI,0.9,0.0
15,2019,5738,Travis Homer,RB,SEA,a,CAR,0.7,3000.0
15,2019,5395,David Johnson,RB,ARI,h,CLE,0.6,4500.0
15,2019,5794,Kerrith Whyte,RB,PIT,h,BUF,0.5,3000.0
15,2019,5468,Devontae Booker,RB,DEN,a,KC,0.5,3000.0
15,2019,2912,Zach Line,RB,NO,h,IND,0.4,3000.0
15,2019,2887,Kenjon Barner,RB,ATL,a,SF,0.4,3000.0
15,2019,5745,Ryquell Armstead,RB,JAX,a,LV,0.1,3800.0
15,2019,5740,Benny Snell,RB,PIT,h,BUF,0.1,4700.0
15,2019,5669,De'Lance Turner,RB,MIA,a,NYG,0.0,3000.0
15,2019,5703,Jeff Wilson Jr.,RB,SF,h,ATL,0.0,3000.0
15,2019,5735,Reggie Bonnafon,RB,CAR,h,SEA,0.0,3900.0
15,2019,5415,Michael Burton,RB,WAS,h,PHI,0.0,3000.0
15,2019,5510,Troymaine Pope,RB,LAC,h,MIN,0.0,3000.0
15,2019,5663,Nick Bellore,RB,SEA,a,CAR,0.0,3000.0
15,2019,5473,Wendell Smallwood,RB,WAS,h,PHI,0.0,3000.0
15,2019,5320,Mike Davis,RB,CAR,h,SEA,0.0,3000.0
15,2019,5762,Cullen Gillaspia,RB,HOU,a,TEN,0.0,3000.0
15,2019,5441,Malcolm Brown,RB,LA,a,DAL,0.0,4200.0
15,2019,5573,Trey Edmunds,RB,PIT,h,BUF,0.0,3000.0
15,2019,2974,Senorise Perry,RB,BUF,a,PIT,0.0,3000.0
15,2019,2822,Anthony Sherman,RB,KC,h,DEN,0.0,3000.0
15,2019,2874,Brandon Bolden,RB,NE,a,CIN,0.0,3100.0
15,2019,5746,D'Ernest Johnson,RB,CLE,a,ARI,0.0,3000.0
15,2019,5763,Buddy Howell,RB,HOU,a,TEN,0.0,3000.0
15,2019,5504,Derek Watt,RB,LAC,h,MIN,0.0,3000.0
15,2019,5492,Keith Smith,RB,ATL,a,SF,0.0,3000.0
15,2019,5644,Alex Armah,RB,CAR,h,SEA,0.0,3000.0
15,2019,5470,Tyler Ervin,RB,GB,h,CHI,0.0,3300.0
15,2019,5683,Dontrell Hilliard,RB,CLE,a,ARI,0.0,3000.0
15,2019,5619,Chase Edmonds,RB,ARI,h,CLE,0.0,3600.0
15,2019,2805,Patrick DiMarco,RB,BUF,a,PIT,0.0,3000.0
15,2019,5451,Jonathan Williams,RB,IND,a,NO,0.0,3000.0
15,2019,5743,Patrick Ricard,RB,BAL,h,NYJ,0.0,3000.0
15,2019,5716,Darrell Henderson,RB,LA,a,DAL,0.0,3400.0
15,2019,2913,Jamize Olawale,RB,DAL,h,LA,0.0,3000.0
15,2019,5517,Dan Vitale,RB,GB,h,CHI,0.0,3000.0
15,2019,5588,Elijhaa Penny,RB,NYG,h,MIA,-0.2,3000.0
15,2019,5089,Julio Jones,WR,ATL,a,SF,41.4,7000.0
15,2019,5379,Breshad Perriman,WR,TB,a,DET,37.6,4500.0
15,2019,5459,Michael Thomas,WR,NO,h,IND,33.8,8700.0
15,2019,5632,Anthony Miller,WR,CHI,a,GB,29.8,5100.0
15,2019,5386,Tyler Lockett,WR,SEA,a,CAR,29.0,6900.0
15,2019,5728,A.J. Brown,WR,TEN,h,HOU,28.4,6000.0
15,2019,5757,Terry McLaurin,WR,WAS,h,PHI,27.0,5300.0
15,2019,5410,Jamison Crowder,WR,NYJ,a,BAL,27.0,4900.0
15,2019,5263,Davante Adams,WR,GB,h,CHI,26.3,7600.0
15,2019,5485,Tyreek Hill,WR,KC,h,DEN,23.8,7500.0
15,2019,5633,D.J. Moore,WR,CAR,h,SEA,23.3,6600.0
15,2019,5380,DeVante Parker,WR,MIA,a,NYG,23.2,6400.0
15,2019,5456,Sterling Shepard,WR,NYG,h,MIA,23.1,5400.0
15,2019,5258,Allen Robinson,WR,CHI,a,GB,22.5,6800.0
15,2019,3851,Danny Amendola,WR,DET,h,TB,21.2,4100.0
15,2019,5206,DeAndre Hopkins,WR,HOU,a,TEN,20.9,8000.0
15,2019,5385,Chris Conley,WR,JAX,a,LV,20.9,3600.0
15,2019,5579,Chris Godwin,WR,TB,a,DET,20.1,7700.0
15,2019,5793,Greg Ward,WR,PHI,a,WAS,19.1,3000.0
15,2019,5198,Keenan Allen,WR,LAC,h,MIN,18.9,6300.0
15,2019,5212,Kenny Stills,WR,HOU,a,TEN,18.5,4100.0
15,2019,5594,Mike Williams,WR,LAC,h,MIN,17.1,4600.0
15,2019,5264,John Brown,WR,BUF,a,PIT,16.9,5800.0
15,2019,5556,Curtis Samuel,WR,CAR,h,SEA,16.4,4400.0
15,2019,5552,Cooper Kupp,WR,LA,a,DAL,16.1,6500.0
15,2019,5408,Seth Roberts,WR,BAL,h,NYJ,15.6,3200.0
15,2019,5753,Steven Sims Jr.,WR,WAS,h,PHI,15.5,3600.0
15,2019,5531,Damiere Byrd,WR,ARI,h,CLE,14.6,3000.0
15,2019,5323,Odell Beckham Jr.,WR,CLE,a,ARI,14.6,6400.0
15,2019,5730,Marquise Brown,WR,BAL,h,NYJ,14.5,4500.0
15,2019,5772,Scott Miller,WR,TB,a,DET,13.9,3000.0
15,2019,5635,James Washington,WR,PIT,h,BUF,13.3,5100.0
15,2019,5199,Tavon Austin,WR,DAL,h,LA,13.2,3000.0
15,2019,5502,Robby Anderson,WR,NYJ,a,BAL,12.6,5700.0
15,2019,5432,Tyrell Williams,WR,LV,h,JAX,12.5,4800.0
15,2019,3995,Golden Tate,WR,NYG,h,MIA,12.1,5900.0
15,2019,5424,Stefon Diggs,WR,MIN,a,LAC,12.0,7300.0
15,2019,5637,Courtland Sutton,WR,DEN,a,KC,11.9,5900.0
15,2019,5724,N'Keal Harry,WR,NE,a,CIN,11.7,3500.0
15,2019,5725,D.K. Metcalf,WR,SEA,a,CAR,11.6,6100.0
15,2019,5454,Will Fuller,WR,HOU,a,TEN,11.1,5600.0
15,2019,5767,Darius Slayton,WR,NYG,h,MIA,11.1,4700.0
15,2019,5339,Albert Wilson,WR,MIA,a,NYG,10.9,3500.0
15,2019,5570,Keelan Cole,WR,JAX,a,LV,10.6,3000.0
15,2019,5754,Diontae Johnson,WR,PIT,h,BUF,10.2,4700.0
15,2019,5636,Christian Kirk,WR,ARI,h,CLE,10.1,5500.0
15,2019,5252,Sammy Watkins,WR,KC,h,DEN,9.9,4900.0
15,2019,5639,Tre'Quan Smith,WR,NO,h,IND,9.1,3300.0
15,2019,5550,Corey Davis,WR,TEN,h,HOU,8.7,3800.0
15,2019,5255,Brandin Cooks,WR,LA,a,DAL,8.6,4500.0
15,2019,5647,Zach Pascal,WR,IND,a,NO,8.4,6200.0
15,2019,5680,Russell Gage,WR,ATL,a,SF,8.3,5000.0
15,2019,5748,Miles Boykin,WR,BAL,h,NYJ,7.5,3000.0
15,2019,5554,Kenny Golladay,WR,DET,h,TB,7.4,7200.0
15,2019,5335,Jarvis Landry,WR,CLE,a,ARI,7.3,6700.0
15,2019,3501,Larry Fitzgerald,WR,ARI,h,CLE,7.2,4300.0
15,2019,5653,Vyncint Smith,WR,NYJ,a,BAL,7.0,3000.0
15,2019,5151,T.Y. Hilton,WR,IND,a,NO,6.5,6700.0
15,2019,5333,Adam Thielen,WR,MIN,a,LAC,6.0,6300.0
15,2019,5704,Jake Kumerow,WR,GB,h,CHI,5.9,3000.0
15,2019,5165,Josh Gordon,WR,SEA,a,CAR,5.8,3700.0
15,2019,5758,Chris Lacy,WR,DET,h,TB,5.8,3000.0
15,2019,5587,Marcus Johnson,WR,IND,a,NO,5.7,4300.0
15,2019,5217,Robert Woods,WR,LA,a,DAL,5.7,6200.0
15,2019,5455,Tyler Boyd,WR,CIN,h,NE,5.6,5500.0
15,2019,5702,Malik Turner,WR,SEA,a,CAR,5.6,3300.0
15,2019,5582,Josh Reynolds,WR,LA,a,DAL,5.6,3000.0
15,2019,5651,Tim Patrick,WR,DEN,a,KC,5.6,3500.0
15,2019,5678,Damion Ratley,WR,CLE,a,ARI,5.3,3000.0
15,2019,5706,Isaiah Ford,WR,MIA,a,NYG,5.1,3700.0
15,2019,5461,Tajae Sharpe,WR,TEN,h,HOU,4.8,3200.0
15,2019,5726,Deebo Samuel,WR,SF,h,ATL,4.7,5800.0
15,2019,5097,Dontrelle Inman,WR,IND,a,NO,4.5,0.0
15,2019,5558,John Ross,WR,CIN,h,NE,4.4,3900.0
15,2019,5751,Kelvin Harmon,WR,WAS,h,PHI,4.2,3500.0
15,2019,5603,Dede Westbrook,WR,JAX,a,LV,4.1,4600.0
15,2019,5515,Demarcus Robinson,WR,KC,h,DEN,4.1,3200.0
15,2019,5511,Geronimo Allison,WR,GB,h,CHI,3.9,3400.0
15,2019,5690,Justin Watson,WR,TB,a,DET,3.7,3700.0
15,2019,5747,Olabisi Johnson,WR,MIN,a,LAC,3.5,3800.0
15,2019,5711,Allen Lazard,WR,GB,h,CHI,3.4,3800.0
15,2019,5640,DaeSean Hamilton,WR,DEN,a,KC,3.3,3300.0
15,2019,5159,Mohamed Sanu,WR,NE,a,CIN,3.3,4300.0
15,2019,5268,Cody Latimer,WR,NYG,h,MIA,3.1,3000.0
15,2019,5804,Riley Ridley,WR,CHI,a,GB,3.0,3000.0
15,2019,3983,Emmanuel Sanders,WR,SF,h,ATL,2.9,6600.0
15,2019,5376,Amari Cooper,WR,DAL,h,LA,2.9,6500.0
15,2019,3826,Julian Edelman,WR,NE,a,CIN,2.9,7100.0
15,2019,5462,Pharoh Cooper,WR,ARI,h,CLE,2.7,3000.0
15,2019,5770,Keelan Doss,WR,LV,h,JAX,2.7,3000.0
15,2019,5287,Willie Snead,WR,BAL,h,NYJ,2.5,3500.0
15,2019,3670,Ted Ginn Jr.,WR,NO,h,IND,2.3,3800.0
15,2019,5167,Chris Hogan,WR,CAR,h,SEA,2.3,0.0
15,2019,5807,Jeff Smith,WR,NYJ,a,BAL,2.2,0.0
15,2019,5598,Kendrick Bourne,WR,SF,h,ATL,2.1,4000.0
15,2019,5727,Mecole Hardman,WR,KC,h,DEN,2.0,4000.0
15,2019,5188,Jarius Wright,WR,CAR,h,SEA,1.9,3500.0
15,2019,5341,Allen Hurns,WR,MIA,a,NYG,1.9,4700.0
15,2019,5491,Johnny Holton,WR,PIT,h,BUF,1.9,3000.0
15,2019,5229,Jaron Brown,WR,SEA,a,CAR,1.9,3000.0
15,2019,5784,C.J. Board,WR,JAX,a,LV,1.8,0.0
15,2019,5773,Andre Patton,WR,LAC,h,MIN,1.8,3000.0
15,2019,3978,Andre Roberts,WR,BUF,a,PIT,1.7,3000.0
15,2019,5163,Cole Beasley,WR,BUF,a,PIT,1.6,5700.0
15,2019,5208,Cordarrelle Patterson,WR,CHI,a,GB,1.6,3000.0
15,2019,5634,Michael Gallup,WR,DAL,h,LA,1.6,5700.0
15,2019,5557,Zay Jones,WR,LV,h,JAX,1.5,3500.0
15,2019,5503,Mike Thomas,WR,LA,a,DAL,1.5,3000.0
15,2019,5798,Ashton Dulin,WR,IND,a,NO,1.4,3000.0
15,2019,5808,Ishmael Hyman,WR,TB,a,DET,1.3,0.0
15,2019,5734,Andy Isabella,WR,ARI,h,CLE,1.3,3200.0
15,2019,5520,Kalif Raymond,WR,TEN,h,HOU,1.2,3300.0
15,2019,5760,Deonte Harris,WR,NO,h,IND,1.1,3000.0
15,2019,5125,Randall Cobb,WR,DAL,h,LA,0.7,4400.0
15,2019,5480,Alex Erickson,WR,CIN,h,NE,0.6,3500.0
15,2019,5655,David Moore,WR,SEA,a,CAR,0.0,3500.0
15,2019,5578,Mack Hollins,WR,MIA,a,NYG,0.0,3000.0
15,2019,5759,Byron Pringle,WR,KC,h,DEN,0.0,3000.0
15,2019,5797,Ventell Bryant,WR,DAL,h,LA,0.0,3000.0
15,2019,5384,Phillip Dorsett,WR,NE,a,CIN,0.0,3700.0
15,2019,5677,Brandon Zylstra,WR,CAR,h,SEA,0.0,3000.0
15,2019,5479,Chris Moore,WR,BAL,h,NYJ,0.0,3000.0
15,2019,5792,Tevin Jones,WR,DAL,h,LA,0.0,3000.0
15,2019,5699,Trent Sherfield,WR,ARI,h,CLE,0.0,3000.0
15,2019,5641,Braxton Berrios,WR,NYJ,a,BAL,0.0,3000.0
15,2019,2958,De'Anthony Thomas,WR,BAL,h,NYJ,0.0,3000.0
15,2019,5698,Marcell Ateman,WR,LV,h,JAX,0.0,3000.0
15,2019,5765,Diontae Spencer,WR,DEN,a,KC,0.0,3000.0
15,2019,5787,Michael Walker,WR,JAX,a,LV,0.0,3000.0
15,2019,5781,Jason Moore,WR,LAC,h,MIN,0.0,3000.0
15,2019,5779,Stanley Morgan,WR,CIN,h,NE,0.0,3000.0
15,2019,5475,Rashard Higgins,WR,CLE,a,ARI,0.0,3000.0
15,2019,5775,Fred Brown,WR,DEN,a,KC,0.0,3000.0
15,2019,5671,Javon Wims,WR,CHI,a,GB,0.0,3000.0
15,2019,5750,Deon Cain,WR,PIT,h,BUF,0.0,3000.0
15,2019,5555,Taywan Taylor,WR,CLE,a,ARI,0.0,3000.0
15,2019,5796,Cody Hollister,WR,TEN,h,HOU,0.0,3000.0
15,2019,5675,KhaDarel Hodge,WR,CLE,a,ARI,0.0,3000.0
15,2019,5453,Laquon Treadwell,WR,MIN,a,LAC,0.0,3200.0
15,2019,5805,Rico Gafford,WR,LV,h,JAX,0.0,3300.0
15,2019,5790,Christian Blake,WR,ATL,a,SF,0.0,3100.0
15,2019,5649,Robert Foster,WR,BUF,a,PIT,0.0,3000.0
15,2019,5656,Marquez Valdes-Scantling,WR,GB,h,CHI,0.0,3200.0
15,2019,5416,DeAndrew White,WR,CAR,h,SEA,0.0,3000.0
15,2019,5799,Olamide Zaccheaus,WR,ATL,a,SF,0.0,3500.0
15,2019,3760,Matthew Slater,WR,NE,a,CIN,0.0,3000.0
15,2019,5654,DeAndre Carter,WR,HOU,a,TEN,0.0,3000.0
15,2019,5732,JJ Arcega-Whiteside,WR,PHI,a,WAS,0.0,3300.0
15,2019,5518,Cody Core,WR,NYG,h,MIA,0.0,3000.0
15,2019,5674,Richie James,WR,SF,h,ATL,0.0,3000.0
15,2019,5574,Isaiah McKenzie,WR,BUF,a,PIT,0.0,3400.0
15,2019,5795,Da'Mari Scott,WR,NYG,h,MIA,0.0,3000.0
15,2019,5749,Jakobi Meyers,WR,NE,a,CIN,0.0,3300.0
15,2019,5802,Nsimba Webster,WR,LA,a,DAL,0.0,3000.0
15,2019,5803,Alexander Hollins,WR,MIN,a,LAC,0.0,3000.0
15,2019,5387,Justin Hardy,WR,ATL,a,SF,0.0,3300.0
15,2019,5498,Trevor Davis,WR,MIA,a,NYG,0.0,3000.0
15,2019,4703,George Kittle,TE,SF,h,ATL,29.4,6200.0
15,2019,4582,Travis Kelce,TE,KC,h,DEN,28.2,6500.0
15,2019,4680,Tyler Higbee,TE,LA,a,DAL,26.1,3900.0
15,2019,5419,Darren Waller,TE,LV,h,JAX,23.2,5500.0
15,2019,4569,Zach Ertz,TE,PHI,a,WAS,17.1,6000.0
15,2019,4712,Ricky Seals-Jones,TE,CLE,a,ARI,16.9,3200.0
15,2019,4706,Jonnu Smith,TE,TEN,h,HOU,16.7,3500.0
15,2019,4721,Mark Andrews,TE,BAL,h,NYJ,15.2,5000.0
15,2019,4262,Jason Witten,TE,DAL,h,LA,13.6,3700.0
15,2019,4725,Dallas Goedert,TE,PHI,a,WAS,10.5,4300.0
15,2019,4437,Jared Cook,TE,NO,h,IND,9.4,4600.0
15,2019,4711,Cethan Carter,TE,CIN,h,NE,9.3,2500.0
15,2019,4688,Nick Vannett,TE,PIT,h,BUF,9.0,3000.0
15,2019,4757,Irv Smith Jr.,TE,MIN,a,LAC,8.8,2900.0
15,2019,4719,Mike Gesicki,TE,MIA,a,NYG,8.7,4000.0
15,2019,4700,O.J. Howard,TE,TB,a,DET,8.6,3500.0
15,2019,4652,Tyler Kroft,TE,BUF,a,PIT,8.4,2500.0
15,2019,4537,Kyle Rudolph,TE,MIN,a,LAC,7.8,3800.0
15,2019,4748,Noah Fant,TE,DEN,a,KC,7.6,4100.0
15,2019,4741,Dan Arnold,TE,ARI,h,CLE,7.6,2500.0
15,2019,4586,Josh Hill,TE,NO,h,IND,7.5,3500.0
15,2019,4568,Tyler Eifert,TE,CIN,h,NE,7.4,2800.0
15,2019,4770,Kaden Smith,TE,NYG,h,MIA,6.8,3600.0
15,2019,4648,Cameron Brate,TE,TB,a,DET,6.3,3400.0
15,2019,4653,Jesse James,TE,DET,h,TB,6.1,2500.0
15,2019,4666,Blake Bell,TE,KC,h,DEN,6.1,2500.0
15,2019,4733,Blake Jarwin,TE,DAL,h,LA,6.0,3000.0
15,2019,4651,Clive Walford,TE,MIA,a,NYG,5.4,2500.0
15,2019,4707,Jacob Hollister,TE,SEA,a,CAR,5.3,3800.0
15,2019,4674,Matt LaCosse,TE,NE,a,CIN,5.2,2600.0
15,2019,4677,Austin Hooper,TE,ATL,a,SF,5.0,5000.0
15,2019,4730,Ian Thomas,TE,CAR,h,SEA,4.3,3100.0
15,2019,4690,Seth DeValve,TE,JAX,a,LV,4.3,2500.0
15,2019,4594,Jack Doyle,TE,IND,a,NO,4.1,4500.0
15,2019,4675,Hunter Henry,TE,LAC,h,MIN,3.9,5200.0
15,2019,4747,Johnny Mundt,TE,LA,a,DAL,3.5,2500.0
15,2019,4714,Jeremy Sprinkle,TE,WAS,h,PHI,3.3,2700.0
15,2019,4761,Andrew Beck,TE,DEN,a,KC,3.3,2500.0
15,2019,4720,Hayden Hurst,TE,BAL,h,NYJ,2.9,3500.0
15,2019,4543,Charles Clay,TE,ARI,h,CLE,2.8,3100.0
15,2019,4729,Jordan Akins,TE,HOU,a,TEN,2.7,3000.0
15,2019,4768,Tanner Hudson,TE,TB,a,DET,2.4,2500.0
15,2019,4642,Demetrius Harris,TE,CLE,a,ARI,2.3,2900.0
15,2019,4750,Dawson Knox,TE,BUF,a,PIT,2.1,2900.0
15,2019,4774,Isaac Nauta,TE,DET,h,TB,2.0,2500.0
15,2019,4532,Luke Stocker,TE,ATL,a,SF,1.9,2500.0
15,2019,4656,C.J. Uzomah,TE,CIN,h,NE,1.8,2500.0
15,2019,4738,Anthony Firkser,TE,TEN,h,HOU,1.7,2700.0
15,2019,4762,Troy Fumagalli,TE,DEN,a,KC,1.7,2500.0
15,2019,4324,Marcedes Lewis,TE,GB,h,CHI,1.6,2500.0
15,2019,4744,Robert Tonyan,TE,GB,h,CHI,1.5,2500.0
15,2019,4599,Derek Carrier,TE,LV,h,JAX,1.5,2500.0
15,2019,4775,Zach Gentry,TE,PIT,h,BUF,1.4,2500.0
15,2019,5436,Daniel Brown,TE,NYJ,a,BAL,1.4,2500.0
15,2019,4650,Maxx Williams,TE,ARI,h,CLE,1.4,2500.0
15,2019,4609,Darren Fells,TE,HOU,a,TEN,1.2,3200.0
15,2019,4620,Scott Simonson,TE,NYG,h,MIA,1.1,2500.0
15,2019,4492,Jimmy Graham,TE,GB,h,CHI,1.0,3600.0
15,2019,4763,J.P. Holtz,TE,CHI,a,GB,0.9,2500.0
15,2019,4771,Jesper Horsted,TE,CHI,a,GB,0.9,2500.0
15,2019,4391,Clark Harris,TE,CIN,h,NE,0.0,2500.0
15,2019,4697,Chris Manhertz,TE,CAR,h,SEA,0.0,2500.0
15,2019,4765,Jaeden Graham,TE,ATL,a,SF,0.0,2800.0
15,2019,1463,Logan Thomas,TE,DET,h,TB,0.0,2600.0
15,2019,4759,James Winchester,TE,KC,h,DEN,0.0,2500.0
15,2019,4742,Dalton Schultz,TE,DAL,h,LA,0.0,2500.0
15,2019,4661,Nick O'Leary,TE,JAX,a,LV,0.0,3100.0
15,2019,4292,Ben Watson,TE,NE,a,CIN,0.0,2700.0
15,2019,4676,Jeff Heuerman,TE,DEN,a,KC,0.0,2600.0
15,2019,4542,Virgil Green,TE,LAC,h,MIN,0.0,2500.0
15,2019,4538,Lance Kendricks,TE,LAC,h,MIN,0.0,2500.0
15,2019,4535,Lee Smith,TE,BUF,a,PIT,0.0,2500.0
15,2019,4731,Jordan Thomas,TE,HOU,a,TEN,0.0,2500.0
15,2019,4689,Ben Koyack,TE,JAX,a,LV,0.0,2500.0
15,2019,4736,Mo Alie-Cox,TE,IND,a,NO,0.0,2500.0
15,2019,4669,MyCole Pruitt,TE,TEN,h,HOU,0.0,2500.0
15,2019,4660,Nick Boyle,TE,BAL,h,NYJ,0.0,3700.0
15,2019,4577,Levine Toilolo,TE,SF,h,ATL,0.0,2500.0
15,2019,4767,Hale Hentges,TE,WAS,h,PHI,0.0,2500.0
15,2019,4740,Tyrone Swoopes,TE,SEA,a,CAR,0.0,2500.0
15,2019,4769,Stephen Carlson,TE,CLE,a,ARI,0.0,2500.0
15,2019,4773,Jace Sternberger,TE,GB,h,CHI,0.0,2500.0
15,2019,4737,Durham Smythe,TE,MIA,a,NYG,0.0,2500.0
15,2019,4732,Tyler Conklin,TE,MIN,a,LAC,0.0,2500.0
15,2019,4758,Trevon Wesco,TE,NYJ,a,BAL,0.0,2500.0
15,2019,4693,Joshua Perkins,TE,PHI,a,WAS,0.0,2500.0
15,2019,4745,Ross Dwelley,TE,SF,h,ATL,0.0,2500.0
15,2019,7017,Minnesota,Def,MIN,a,LAC,27.0,3100.0
15,2019,7018,New England,Def,NE,a,CIN,20.0,4000.0
15,2019,7004,Buffalo,Def,BUF,a,PIT,18.0,2900.0
15,2019,7029,Tampa Bay,Def,TB,a,DET,15.0,3600.0
15,2019,7012,Green Bay,Def,GB,h,CHI,13.0,3000.0
15,2019,7015,Kansas City,Def,KC,h,DEN,11.0,3500.0
15,2019,7002,Atlanta,Def,ATL,a,SF,11.0,2100.0
15,2019,7023,Philadelphia,Def,PHI,a,WAS,8.0,3400.0
15,2019,7020,New York G,Def,NYG,h,MIA,8.0,2700.0
15,2019,7028,Seattle,Def,SEA,a,CAR,7.0,3700.0
15,2019,7003,Baltimore,Def,BAL,h,NYJ,7.0,4200.0
15,2019,7032,Houston,Def,HOU,a,TEN,6.0,2700.0
15,2019,7016,Miami,Def,MIA,a,NYG,6.0,2600.0
15,2019,7024,Pittsburgh,Def,PIT,h,BUF,6.0,3200.0
15,2019,7010,Denver,Def,DEN,a,KC,5.0,2000.0
15,2019,7019,New Orleans,Def,NO,h,IND,5.0,2900.0
15,2019,7014,Jacksonville,Def,JAX,a,LV,5.0,2500.0
15,2019,7021,New York J,Def,NYJ,a,BAL,5.0,2400.0
15,2019,7001,Arizona,Def,ARI,h,CLE,5.0,2200.0
15,2019,7030,Tennessee,Def,TEN,h,HOU,5.0,2800.0
15,2019,7009,Dallas,Def,DAL,h,LA,4.0,2800.0
15,2019,7027,San Francisco,Def,SF,h,ATL,4.0,3800.0
15,2019,7022,Oakland,Def,LV,h,JAX,3.0,3200.0
15,2019,7011,Detroit,Def,DET,h,TB,3.0,2300.0
15,2019,7005,Carolina,Def,CAR,h,SEA,3.0,2500.0
15,2019,7031,Washington,Def,WAS,h,PHI,3.0,2600.0
15,2019,7007,Cincinnati,Def,CIN,h,NE,1.0,1800.0
15,2019,7006,Chicago,Def,CHI,a,GB,1.0,2400.0
15,2019,7026,LA Chargers,Def,LAC,h,MIN,1.0,2400.0
15,2019,7013,Indianapolis,Def,IND,a,NO,-1.0,2100.0
15,2019,7008,Cleveland,Def,CLE,a,ARI,-2.0,3300.0
15,2019,7025,LA Rams,Def,LA,a,DAL,-4.0,2900.0
16,2019,1539,Daniel Jones,QB,NYG,a,WAS,38.28,5900.0
16,2019,1403,Andy Dalton,QB,CIN,a,MIA,37.84,5200.0
16,2019,1242,Ryan Fitzpatrick,QB,MIA,h,CIN,35.66,6000.0
16,2019,1527,Lamar Jackson,QB,BAL,a,CLE,33.82,8000.0
16,2019,1523,Patrick Mahomes II,QB,KC,a,CHI,25.44,6800.0
16,2019,1490,Jared Goff,QB,LA,a,SF,24.12,5800.0
16,2019,1410,Ryan Tannehill,QB,TEN,h,NO,23.68,6600.0
16,2019,1151,Drew Brees,QB,NO,a,TEN,22.86,6900.0
16,2019,1514,Carson Wentz,QB,PHI,h,DAL,21.96,5800.0
16,2019,1441,Derek Carr,QB,LV,a,LAC,21.94,5300.0
16,2019,1301,Matt Ryan,QB,ATL,h,JAX,20.96,6200.0
16,2019,1529,Josh Allen,QB,BUF,a,NE,20.62,5300.0
16,2019,1465,Jameis Winston,QB,TB,h,HOU,18.0,6900.0
16,2019,1131,Tom Brady,QB,NE,h,BUF,17.24,5200.0
16,2019,1435,Case Keenum,QB,WAS,h,NYG,16.42,4500.0
16,2019,1496,Jacoby Brissett,QB,IND,h,CAR,15.66,5900.0
16,2019,1528,Baker Mayfield,QB,CLE,h,BAL,15.08,5400.0
16,2019,1540,Gardner Minshew,QB,JAX,a,ATL,14.84,5500.0
16,2019,1538,Dwayne Haskins,QB,WAS,h,NYG,13.32,4700.0
16,2019,1537,Kyler Murray,QB,ARI,a,SEA,12.72,6100.0
16,2019,1547,Drew Lock,QB,DEN,h,DET,12.68,5600.0
16,2019,1452,Jimmy Garoppolo,QB,SF,h,LA,12.42,5500.0
16,2019,1501,Dak Prescott,QB,DAL,a,PHI,11.3,6400.0
16,2019,1231,Philip Rivers,QB,LAC,h,LV,11.16,5700.0
16,2019,1412,Russell Wilson,QB,SEA,h,ARI,10.96,7000.0
16,2019,1524,Sam Darnold,QB,NYJ,h,PIT,10.62,5300.0
16,2019,1518,Deshaun Watson,QB,HOU,a,TB,10.06,7000.0
16,2019,1252,Aaron Rodgers,QB,GB,a,MIN,9.34,6200.0
16,2019,1526,Mason Rudolph,QB,PIT,a,NYJ,9.16,5100.0
16,2019,1546,David Blough,QB,DET,a,DEN,8.68,4900.0
16,2019,1519,Mitchell Trubisky,QB,CHI,h,KC,8.28,5800.0
16,2019,1415,Kirk Cousins,QB,MIN,h,GB,7.88,5800.0
16,2019,1548,Will Grier,QB,CAR,a,IND,7.66,4300.0
16,2019,1530,Taysom Hill,QB,NO,a,TEN,6.0,4100.0
16,2019,1470,Brett Hundley,QB,ARI,a,SEA,5.46,4500.0
16,2019,1543,Devlin Hodges,QB,PIT,a,NYJ,1.36,5100.0
16,2019,1298,Matt Moore,QB,KC,a,CHI,-0.1,4400.0
16,2019,1336,Brian Hoyer,QB,IND,h,CAR,-0.2,4600.0
16,2019,1400,Tyrod Taylor,QB,LAC,h,LV,-0.2,4400.0
16,2019,5614,Saquon Barkley,RB,NYG,a,WAS,46.9,8300.0
16,2019,5446,Kenyan Drake,RB,ARI,a,SEA,36.4,6300.0
16,2019,5536,Christian McCaffrey,RB,CAR,a,IND,35.3,10100.0
16,2019,2930,Devonta Freeman,RB,ATL,h,JAX,33.7,6000.0
16,2019,5543,Aaron Jones,RB,GB,a,MIN,32.0,7400.0
16,2019,5562,Alvin Kamara,RB,NO,a,TEN,29.0,7500.0
16,2019,5714,Miles Sanders,RB,PHI,h,DAL,26.6,6400.0
16,2019,5630,Phillip Lindsay,RB,DEN,h,DET,22.8,5300.0
16,2019,2991,Melvin Gordon,RB,LAC,h,LV,22.7,5600.0
16,2019,5617,Ronald Jones,RB,TB,h,HOU,19.9,4400.0
16,2019,2890,Rex Burkhead,RB,NE,h,BUF,18.7,3600.0
16,2019,5449,DeAndre Washington,RB,LV,a,LAC,18.6,4000.0
16,2019,2957,Damien Williams,RB,KC,a,CHI,18.2,4800.0
16,2019,5548,Marlon Mack,RB,IND,h,CAR,18.1,6200.0
16,2019,2793,Mark Ingram,RB,BAL,a,CLE,17.1,6800.0
16,2019,2992,Todd Gurley,RB,LA,a,SF,16.8,6300.0
16,2019,5444,Ezekiel Elliott,RB,DAL,a,PHI,15.4,7900.0
16,2019,5625,Jordan Wilkins,RB,IND,h,CAR,14.4,4100.0
16,2019,5719,Justice Hill,RB,BAL,a,CLE,14.1,3100.0
16,2019,5623,Nyheim Hines,RB,IND,h,CAR,13.6,4400.0
16,2019,5534,Leonard Fournette,RB,JAX,a,ATL,13.5,7200.0
16,2019,2553,Adrian Peterson,RB,WAS,h,NYG,13.5,5000.0
16,2019,2888,Le'Veon Bell,RB,NYJ,h,PIT,13.3,5800.0
16,2019,5789,Myles Gaskin,RB,MIA,h,CIN,12.8,3800.0
16,2019,5575,Austin Ekeler,RB,LAC,h,LV,11.9,6100.0
16,2019,2995,Ameer Abdullah,RB,MIN,h,GB,11.8,3000.0
16,2019,5620,Royce Freeman,RB,DEN,h,DET,11.7,4000.0
16,2019,5414,Raheem Mostert,RB,SF,h,LA,11.3,6100.0
16,2019,5615,Sony Michel,RB,NE,h,BUF,11.1,4600.0
16,2019,2933,Carlos Hyde,RB,HOU,a,TB,10.7,5000.0
16,2019,5738,Travis Homer,RB,SEA,h,ARI,10.2,3000.0
16,2019,2816,Dion Lewis,RB,TEN,h,NO,9.7,4300.0
16,2019,5535,Joe Mixon,RB,CIN,a,MIA,9.3,6600.0
16,2019,2915,Chris Thompson,RB,WAS,h,NYG,9.2,3700.0
16,2019,5681,Gus Edwards,RB,BAL,a,CLE,8.3,4200.0
16,2019,5688,Jaylen Samuels,RB,PIT,a,NYJ,7.9,4000.0
16,2019,5624,Boston Scott,RB,PHI,h,DAL,7.9,4000.0
16,2019,5560,Kareem Hunt,RB,CLE,h,BAL,7.3,5500.0
16,2019,5663,Nick Bellore,RB,SEA,h,ARI,7.3,3000.0
16,2019,5541,Jamaal Williams,RB,GB,a,MIN,7.2,3900.0
16,2019,5565,Chris Carson,RB,SEA,h,ARI,7.0,8500.0
16,2019,2954,James White,RB,NE,h,BUF,6.9,5800.0
16,2019,5490,Jalen Richard,RB,LV,a,LAC,6.9,3500.0
16,2019,5713,David Montgomery,RB,CHI,h,KC,6.9,5200.0
16,2019,5608,Brian Hill,RB,ATL,h,JAX,6.6,3900.0
16,2019,5697,Dare Ogunbowale,RB,TB,h,HOU,6.4,3300.0
16,2019,5722,Qadree Ollison,RB,ATL,h,JAX,6.3,3000.0
16,2019,5564,Tarik Cohen,RB,CHI,h,KC,6.3,5100.0
16,2019,5717,Devin Singletary,RB,BUF,a,NE,5.8,5500.0
16,2019,2914,Spencer Ware,RB,KC,a,CHI,5.6,3000.0
16,2019,5621,Kerryon Johnson,RB,DET,a,DEN,5.3,4900.0
16,2019,2899,Latavius Murray,RB,NO,a,TEN,4.5,5100.0
16,2019,5622,Nick Chubb,RB,CLE,h,BAL,4.5,6900.0
16,2019,5662,Mike Boone,RB,MIN,h,GB,4.3,4900.0
16,2019,2889,Giovani Bernard,RB,CIN,a,MIA,3.5,4100.0
16,2019,5791,Bo Scarbrough,RB,DET,a,DEN,3.4,4000.0
16,2019,2994,Tevin Coleman,RB,SF,h,LA,3.3,3700.0
16,2019,2908,Kyle Juszczyk,RB,SF,h,LA,3.3,3100.0
16,2019,5581,C.J. Ham,RB,MIN,h,GB,3.2,3000.0
16,2019,5537,James Conner,RB,PIT,a,NYJ,3.2,6500.0
16,2019,5788,Patrick Laird,RB,MIA,h,CIN,2.8,4600.0
16,2019,5780,Dalyn Dawkins,RB,TEN,h,NO,2.4,0.0
16,2019,5492,Keith Smith,RB,ATL,h,JAX,2.3,3000.0
16,2019,5794,Kerrith Whyte,RB,PIT,a,NYJ,2.2,3000.0
16,2019,5742,Ty Johnson,RB,DET,a,DEN,2.0,3100.0
16,2019,2819,Bilal Powell,RB,NYJ,h,PIT,1.8,3600.0
16,2019,5392,Ty Montgomery,RB,NYJ,h,PIT,1.8,4000.0
16,2019,5395,David Johnson,RB,ARI,a,SEA,1.7,4700.0
16,2019,5470,Tyler Ervin,RB,GB,a,MIN,1.6,3100.0
16,2019,2997,Duke Johnson,RB,HOU,a,TB,1.6,4100.0
16,2019,5744,Darwin Thompson,RB,KC,a,CHI,1.4,4000.0
16,2019,5683,Dontrell Hilliard,RB,CLE,h,BAL,1.4,3000.0
16,2019,5448,C.J. Prosise,RB,SEA,h,ARI,1.4,3400.0
16,2019,5740,Benny Snell,RB,PIT,a,NYJ,1.4,4800.0
16,2019,5735,Reggie Bonnafon,RB,CAR,a,IND,1.2,4000.0
16,2019,5468,Devontae Booker,RB,DEN,h,DET,1.2,3000.0
16,2019,5716,Darrell Henderson,RB,LA,a,SF,0.7,3200.0
16,2019,5669,De'Lance Turner,RB,MIA,h,CIN,0.6,3000.0
16,2019,5507,Peyton Barber,RB,TB,h,HOU,0.3,3900.0
16,2019,5745,Ryquell Armstead,RB,JAX,a,ATL,0.2,3900.0
16,2019,5483,Dwayne Washington,RB,NO,a,TEN,0.0,3000.0
16,2019,5415,Michael Burton,RB,WAS,h,NYG,0.0,3000.0
16,2019,5510,Troymaine Pope,RB,LAC,h,LV,0.0,3000.0
16,2019,5473,Wendell Smallwood,RB,WAS,h,NYG,0.0,3000.0
16,2019,2912,Zach Line,RB,NO,a,TEN,0.0,3000.0
16,2019,5320,Mike Davis,RB,CAR,a,IND,0.0,3000.0
16,2019,5800,Khari Blasingame,RB,TEN,h,NO,0.0,3000.0
16,2019,5762,Cullen Gillaspia,RB,HOU,a,TB,0.0,3000.0
16,2019,5588,Elijhaa Penny,RB,NYG,a,WAS,0.0,3000.0
16,2019,2887,Kenjon Barner,RB,ATL,h,JAX,0.0,3000.0
16,2019,5573,Trey Edmunds,RB,PIT,a,NYJ,0.0,3000.0
16,2019,2974,Senorise Perry,RB,BUF,a,NE,0.0,3000.0
16,2019,2822,Anthony Sherman,RB,KC,a,CHI,0.0,3000.0
16,2019,2874,Brandon Bolden,RB,NE,h,BUF,0.0,3100.0
16,2019,5746,D'Ernest Johnson,RB,CLE,h,BAL,0.0,3000.0
16,2019,5763,Buddy Howell,RB,HOU,a,TB,0.0,3000.0
16,2019,5567,Matt Breida,RB,SF,h,LA,0.0,3800.0
16,2019,5370,Javorius Allen,RB,NYG,a,WAS,0.0,3200.0
16,2019,5504,Derek Watt,RB,LAC,h,LV,0.0,3000.0
16,2019,5644,Alex Armah,RB,CAR,a,IND,0.0,3000.0
16,2019,2467,Frank Gore,RB,BUF,a,NE,0.0,3400.0
16,2019,5619,Chase Edmonds,RB,ARI,a,SEA,0.0,3500.0
16,2019,2820,Taiwan Jones,RB,HOU,a,TB,0.0,3000.0
16,2019,3191,Rod Smith,RB,LV,a,LAC,0.0,3300.0
16,2019,2805,Patrick DiMarco,RB,BUF,a,NE,0.0,3000.0
16,2019,5451,Jonathan Williams,RB,IND,h,CAR,0.0,3500.0
16,2019,5743,Patrick Ricard,RB,BAL,a,CLE,0.0,3000.0
16,2019,5764,Alec Ingold,RB,LV,a,LAC,0.0,3000.0
16,2019,5586,J.D. McKissic,RB,DET,a,DEN,0.0,3200.0
16,2019,2913,Jamize Olawale,RB,DAL,a,PHI,0.0,3000.0
16,2019,5517,Dan Vitale,RB,GB,a,MIN,0.0,3000.0
16,2019,5441,Malcolm Brown,RB,LA,a,SF,-0.1,3500.0
16,2019,5718,Tony Pollard,RB,DAL,a,PHI,-1.0,4500.0
16,2019,5455,Tyler Boyd,WR,CIN,a,MIA,36.8,5800.0
16,2019,5459,Michael Thomas,WR,NO,a,TEN,34.6,9300.0
16,2019,5089,Julio Jones,WR,ATL,h,JAX,29.6,8000.0
16,2019,5761,Hunter Renfrow,WR,LV,a,LAC,26.7,3600.0
16,2019,5263,Davante Adams,WR,GB,a,MIN,26.6,7800.0
16,2019,5753,Steven Sims Jr.,WR,WAS,h,NYG,25.3,4000.0
16,2019,5380,DeVante Parker,WR,MIA,h,CIN,25.1,6800.0
16,2019,5461,Tajae Sharpe,WR,TEN,h,NO,23.9,3700.0
16,2019,5217,Robert Woods,WR,LA,a,SF,23.3,6200.0
16,2019,5754,Diontae Johnson,WR,PIT,a,NYJ,22.1,4700.0
16,2019,5163,Cole Beasley,WR,BUF,a,NE,20.8,4800.0
16,2019,5379,Breshad Perriman,WR,TB,h,HOU,20.2,6000.0
16,2019,5456,Sterling Shepard,WR,NYG,a,WAS,19.6,6100.0
16,2019,5554,Kenny Golladay,WR,DET,a,DEN,18.6,6500.0
16,2019,5640,DaeSean Hamilton,WR,DEN,h,DET,18.5,3200.0
16,2019,5726,Deebo Samuel,WR,SF,h,LA,15.9,5100.0
16,2019,5339,Albert Wilson,WR,MIA,h,CIN,15.8,3800.0
16,2019,3995,Golden Tate,WR,NYG,a,WAS,15.6,4800.0
16,2019,5757,Terry McLaurin,WR,WAS,h,NYG,15.6,6200.0
16,2019,5268,Cody Latimer,WR,NYG,a,WAS,15.4,3000.0
16,2019,5728,A.J. Brown,WR,TEN,h,NO,15.3,7000.0
16,2019,5690,Justin Watson,WR,TB,h,HOU,15.3,4600.0
16,2019,5558,John Ross,WR,CIN,a,MIA,15.0,4200.0
16,2019,3501,Larry Fitzgerald,WR,ARI,a,SEA,14.8,4200.0
16,2019,5634,Michael Gallup,WR,DAL,a,PHI,14.8,5500.0
16,2019,5424,Stefon Diggs,WR,MIN,h,GB,14.7,6800.0
16,2019,5335,Jarvis Landry,WR,CLE,h,BAL,14.4,6000.0
16,2019,5323,Odell Beckham Jr.,WR,CLE,h,BAL,14.4,5800.0
16,2019,3826,Julian Edelman,WR,NE,h,BUF,14.2,6400.0
16,2019,5255,Brandin Cooks,WR,LA,a,SF,13.9,4300.0
16,2019,5385,Chris Conley,WR,JAX,a,ATL,13.6,4300.0
16,2019,5552,Cooper Kupp,WR,LA,a,SF,13.1,6600.0
16,2019,5264,John Brown,WR,BUF,a,NE,12.6,5700.0
16,2019,5125,Randall Cobb,WR,DAL,a,PHI,12.3,4100.0
16,2019,5432,Tyrell Williams,WR,LV,a,LAC,12.2,4900.0
16,2019,5485,Tyreek Hill,WR,KC,a,CHI,12.2,7900.0
16,2019,5706,Isaiah Ford,WR,MIA,h,CIN,11.8,3400.0
16,2019,5198,Keenan Allen,WR,LAC,h,LV,11.6,6300.0
16,2019,5793,Greg Ward,WR,PHI,h,DAL,11.6,4200.0
16,2019,5480,Alex Erickson,WR,CIN,a,MIA,11.5,3300.0
16,2019,5258,Allen Robinson,WR,CHI,h,KC,11.3,6700.0
16,2019,5751,Kelvin Harmon,WR,WAS,h,NYG,11.24,3500.0
16,2019,5502,Robby Anderson,WR,NYJ,h,PIT,11.2,5700.0
16,2019,5212,Kenny Stills,WR,HOU,a,TB,10.7,4400.0
16,2019,5680,Russell Gage,WR,ATL,h,JAX,10.6,4400.0
16,2019,5410,Jamison Crowder,WR,NYJ,h,PIT,10.0,5400.0
16,2019,5651,Tim Patrick,WR,DEN,h,DET,9.8,3600.0
16,2019,5711,Allen Lazard,WR,GB,a,MIN,9.5,3600.0
16,2019,3983,Emmanuel Sanders,WR,SF,h,LA,9.1,5500.0
16,2019,5637,Courtland Sutton,WR,DEN,h,DET,9.1,6200.0
16,2019,5635,James Washington,WR,PIT,a,NYJ,9.1,5300.0
16,2019,5594,Mike Williams,WR,LAC,h,LV,8.1,5000.0
16,2019,5206,DeAndre Hopkins,WR,HOU,a,TB,7.3,8500.0
16,2019,5550,Corey Davis,WR,TEN,h,NO,7.0,4000.0
16,2019,5376,Amari Cooper,WR,DAL,a,PHI,6.4,6700.0
16,2019,5654,DeAndre Carter,WR,HOU,a,TB,6.4,3000.0
16,2019,5653,Vyncint Smith,WR,NYJ,h,PIT,6.2,3000.0
16,2019,5341,Allen Hurns,WR,MIA,h,CIN,6.1,3900.0
16,2019,5724,N'Keal Harry,WR,NE,h,BUF,5.9,4000.0
16,2019,5732,JJ Arcega-Whiteside,WR,PHI,h,DAL,5.9,3500.0
16,2019,5671,Javon Wims,WR,CHI,h,KC,5.6,3000.0
16,2019,5151,T.Y. Hilton,WR,IND,h,CAR,5.6,6400.0
16,2019,5749,Jakobi Meyers,WR,NE,h,BUF,5.5,3100.0
16,2019,5159,Mohamed Sanu,WR,NE,h,BUF,5.4,3800.0
16,2019,5582,Josh Reynolds,WR,LA,a,SF,5.2,3400.0
16,2019,5598,Kendrick Bourne,WR,SF,h,LA,4.9,3600.0
16,2019,5252,Sammy Watkins,WR,KC,a,CHI,4.8,4700.0
16,2019,5557,Zay Jones,WR,LV,a,LAC,4.4,3000.0
16,2019,5408,Seth Roberts,WR,BAL,a,CLE,4.3,3800.0
16,2019,5553,JuJu Smith-Schuster,WR,PIT,a,NYJ,4.2,6600.0
16,2019,5520,Kalif Raymond,WR,TEN,h,NO,4.2,3000.0
16,2019,5808,Ishmael Hyman,WR,TB,h,HOU,4.1,3000.0
16,2019,3851,Danny Amendola,WR,DET,a,DEN,4.1,4900.0
16,2019,5556,Curtis Samuel,WR,CAR,a,IND,4.1,4500.0
16,2019,5655,David Moore,WR,SEA,h,ARI,4.0,3300.0
16,2019,5570,Keelan Cole,WR,JAX,a,ATL,3.9,3600.0
16,2019,5659,D.J. Chark,WR,JAX,a,ATL,3.8,6300.0
16,2019,5773,Andre Patton,WR,LAC,h,LV,3.8,3000.0
16,2019,5167,Chris Hogan,WR,CAR,a,IND,3.6,3000.0
16,2019,5462,Pharoh Cooper,WR,ARI,a,SEA,3.4,3000.0
16,2019,5702,Malik Turner,WR,SEA,h,ARI,3.3,3500.0
16,2019,5208,Cordarrelle Patterson,WR,CHI,h,KC,3.1,3000.0
16,2019,5454,Will Fuller,WR,HOU,a,TB,3.1,5900.0
16,2019,5574,Isaiah McKenzie,WR,BUF,a,NE,3.1,3000.0
16,2019,5750,Deon Cain,WR,PIT,a,NYJ,3.0,3000.0
16,2019,5188,Jarius Wright,WR,CAR,a,IND,2.9,3000.0
16,2019,5097,Dontrelle Inman,WR,IND,h,CAR,2.8,3500.0
16,2019,5795,Da'Mari Scott,WR,NYG,a,WAS,2.6,3000.0
16,2019,5603,Dede Westbrook,WR,JAX,a,ATL,2.5,5100.0
16,2019,5812,Cam Sims,WR,WAS,h,NYG,2.5,3000.0
16,2019,5515,Demarcus Robinson,WR,KC,a,CHI,2.3,3300.0
16,2019,5639,Tre'Quan Smith,WR,NO,a,TEN,2.3,3500.0
16,2019,5386,Tyler Lockett,WR,SEA,h,ARI,2.2,7600.0
16,2019,5416,DeAndrew White,WR,CAR,a,IND,2.2,3000.0
16,2019,5531,Damiere Byrd,WR,ARI,a,SEA,2.1,3700.0
16,2019,5511,Geronimo Allison,WR,GB,a,MIN,2.0,3300.0
16,2019,5748,Miles Boykin,WR,BAL,a,CLE,1.8,3200.0
16,2019,5769,Robert Davis,WR,PHI,h,DAL,1.6,3000.0
16,2019,5747,Olabisi Johnson,WR,MIN,h,GB,1.6,3400.0
16,2019,5730,Marquise Brown,WR,BAL,a,CLE,1.6,5200.0
16,2019,5675,KhaDarel Hodge,WR,CLE,h,BAL,1.6,3000.0
16,2019,5647,Zach Pascal,WR,IND,h,CAR,1.6,6100.0
16,2019,5656,Marquez Valdes-Scantling,WR,GB,a,MIN,1.6,3000.0
16,2019,5199,Tavon Austin,WR,DAL,a,PHI,1.5,3400.0
16,2019,5811,Krishawn Hogan,WR,NO,a,TEN,1.4,3000.0
16,2019,5677,Brandon Zylstra,WR,CAR,a,IND,1.3,3000.0
16,2019,5632,Anthony Miller,WR,CHI,h,KC,1.2,5900.0
16,2019,5587,Marcus Johnson,WR,IND,h,CAR,1.2,4300.0
16,2019,5633,D.J. Moore,WR,CAR,a,IND,1.1,6900.0
16,2019,5760,Deonte Harris,WR,NO,a,TEN,1.0,3000.0
16,2019,5636,Christian Kirk,WR,ARI,a,SEA,0.9,5600.0
16,2019,5333,Adam Thielen,WR,MIN,h,GB,0.2,5700.0
16,2019,5578,Mack Hollins,WR,MIA,h,CIN,0.0,3000.0
16,2019,5759,Byron Pringle,WR,KC,a,CHI,0.0,3000.0
16,2019,3670,Ted Ginn Jr.,WR,NO,a,TEN,0.0,3900.0
16,2019,5797,Ventell Bryant,WR,DAL,a,PHI,0.0,3000.0
16,2019,5384,Phillip Dorsett,WR,NE,h,BUF,0.0,3100.0
16,2019,5479,Chris Moore,WR,BAL,a,CLE,0.0,3000.0
16,2019,5804,Riley Ridley,WR,CHI,h,KC,0.0,3000.0
16,2019,5699,Trent Sherfield,WR,ARI,a,SEA,0.0,3000.0
16,2019,5641,Braxton Berrios,WR,NYJ,h,PIT,0.0,3000.0
16,2019,5725,D.K. Metcalf,WR,SEA,h,ARI,0.0,5900.0
16,2019,2958,De'Anthony Thomas,WR,BAL,a,CLE,0.0,3000.0
16,2019,5698,Marcell Ateman,WR,LV,a,LAC,0.0,3000.0
16,2019,5503,Mike Thomas,WR,LA,a,SF,0.0,3300.0
16,2019,5765,Diontae Spencer,WR,DEN,h,DET,0.0,3000.0
16,2019,5781,Jason Moore,WR,LAC,h,LV,0.0,3000.0
16,2019,5779,Stanley Morgan,WR,CIN,a,MIA,0.0,3000.0
16,2019,5475,Rashard Higgins,WR,CLE,h,BAL,0.0,3000.0
16,2019,5775,Fred Brown,WR,DEN,h,DET,0.0,3000.0
16,2019,5767,Darius Slayton,WR,NYG,a,WAS,0.0,5500.0
16,2019,5796,Cody Hollister,WR,TEN,h,NO,0.0,3000.0
16,2019,5801,Jalen Guyton,WR,LAC,h,LV,0.0,3000.0
16,2019,5287,Willie Snead,WR,BAL,a,CLE,0.0,3400.0
16,2019,5453,Laquon Treadwell,WR,MIN,h,GB,0.0,3000.0
16,2019,3978,Andre Roberts,WR,BUF,a,NE,0.0,3200.0
16,2019,5805,Rico Gafford,WR,LV,a,LAC,0.0,3300.0
16,2019,5790,Christian Blake,WR,ATL,h,JAX,0.0,3100.0
16,2019,5649,Robert Foster,WR,BUF,a,NE,0.0,3000.0
16,2019,5704,Jake Kumerow,WR,GB,a,MIN,0.0,3000.0
16,2019,5799,Olamide Zaccheaus,WR,ATL,h,JAX,0.0,3500.0
16,2019,3760,Matthew Slater,WR,NE,h,BUF,0.0,3000.0
16,2019,5491,Johnny Holton,WR,PIT,a,NYJ,0.0,3000.0
16,2019,5518,Cody Core,WR,NYG,a,WAS,0.0,3000.0
16,2019,5674,Richie James,WR,SF,h,LA,0.0,3000.0
16,2019,5229,Jaron Brown,WR,SEA,h,ARI,0.0,3000.0
16,2019,5734,Andy Isabella,WR,ARI,a,SEA,0.0,3000.0
16,2019,5727,Mecole Hardman,WR,KC,a,CHI,0.0,3800.0
16,2019,5678,Damion Ratley,WR,CLE,h,BAL,0.0,3000.0
16,2019,5798,Ashton Dulin,WR,IND,h,CAR,0.0,3200.0
16,2019,5802,Nsimba Webster,WR,LA,a,SF,0.0,3000.0
16,2019,5803,Alexander Hollins,WR,MIN,h,GB,0.0,3000.0
16,2019,5387,Justin Hardy,WR,ATL,h,JAX,0.0,3300.0
16,2019,5809,Travis Fulgham,WR,DET,a,DEN,0.0,3000.0
16,2019,5758,Chris Lacy,WR,DET,a,DEN,0.0,3000.0
16,2019,5498,Trevor Davis,WR,MIA,h,CIN,0.0,3000.0
16,2019,5787,Michael Walker,WR,JAX,a,ATL,-1.0,3000.0
16,2019,4721,Mark Andrews,TE,BAL,a,CLE,27.3,5900.0
16,2019,4719,Mike Gesicki,TE,MIA,h,CIN,26.2,3600.0
16,2019,4725,Dallas Goedert,TE,PHI,h,DAL,24.1,4100.0
16,2019,4437,Jared Cook,TE,NO,a,TEN,23.4,5000.0
16,2019,4680,Tyler Higbee,TE,LA,a,SF,22.4,5000.0
16,2019,4770,Kaden Smith,TE,NYG,a,WAS,21.5,3200.0
16,2019,4582,Travis Kelce,TE,KC,a,CHI,21.4,7000.0
16,2019,4703,George Kittle,TE,SF,h,LA,18.9,6500.0
16,2019,4568,Tyler Eifert,TE,CIN,a,MIA,17.7,3200.0
16,2019,4706,Jonnu Smith,TE,TEN,h,NO,15.3,3800.0
16,2019,4677,Austin Hooper,TE,ATL,h,JAX,15.2,4400.0
16,2019,4656,C.J. Uzomah,TE,CIN,a,MIA,13.7,2500.0
16,2019,4707,Jacob Hollister,TE,SEA,h,ARI,11.4,4200.0
16,2019,4767,Hale Hentges,TE,WAS,h,NYG,10.8,2500.0
16,2019,4675,Hunter Henry,TE,LAC,h,LV,9.5,4700.0
16,2019,4674,Matt LaCosse,TE,NE,h,BUF,7.8,2500.0
16,2019,5419,Darren Waller,TE,LV,a,LAC,7.7,6100.0
16,2019,4700,O.J. Howard,TE,TB,h,HOU,7.6,4000.0
16,2019,4690,Seth DeValve,TE,JAX,a,ATL,7.5,2500.0
16,2019,4642,Demetrius Harris,TE,CLE,h,BAL,7.1,2500.0
16,2019,4569,Zach Ertz,TE,PHI,h,DAL,6.8,6400.0
16,2019,4609,Darren Fells,TE,HOU,a,TB,5.7,3000.0
16,2019,4650,Maxx Williams,TE,ARI,a,SEA,5.6,2500.0
16,2019,4660,Nick Boyle,TE,BAL,a,CLE,5.4,2800.0
16,2019,4368,Greg Olsen,TE,CAR,a,IND,5.3,3900.0
16,2019,4730,Ian Thomas,TE,CAR,a,IND,4.6,3100.0
16,2019,4292,Ben Watson,TE,NE,h,BUF,4.5,2600.0
16,2019,4750,Dawson Knox,TE,BUF,a,NE,4.3,2700.0
16,2019,4758,Trevon Wesco,TE,NYJ,h,PIT,4.2,2500.0
16,2019,4776,Codey McElroy,TE,TB,h,HOU,4.0,0.0
16,2019,4572,Vance McDonald,TE,PIT,a,NYJ,3.9,3100.0
16,2019,4737,Durham Smythe,TE,MIA,h,CIN,3.8,2500.0
16,2019,4594,Jack Doyle,TE,IND,h,CAR,3.7,4500.0
16,2019,1463,Logan Thomas,TE,DET,a,DEN,3.7,2600.0
16,2019,4648,Cameron Brate,TE,TB,h,HOU,3.7,3500.0
16,2019,4669,MyCole Pruitt,TE,TEN,h,NO,3.5,2500.0
16,2019,4666,Blake Bell,TE,KC,a,CHI,3.5,2500.0
16,2019,4745,Ross Dwelley,TE,SF,h,LA,3.5,2500.0
16,2019,4714,Jeremy Sprinkle,TE,WAS,h,NYG,3.4,2600.0
16,2019,4262,Jason Witten,TE,DAL,a,PHI,3.4,4000.0
16,2019,4712,Ricky Seals-Jones,TE,CLE,h,BAL,3.3,3000.0
16,2019,4676,Jeff Heuerman,TE,DEN,h,DET,3.3,2500.0
16,2019,4599,Derek Carrier,TE,LV,a,LAC,3.2,2500.0
16,2019,4736,Mo Alie-Cox,TE,IND,h,CAR,3.1,2500.0
16,2019,4748,Noah Fant,TE,DEN,h,DET,3.0,3700.0
16,2019,4741,Dan Arnold,TE,ARI,a,SEA,3.0,2700.0
16,2019,4771,Jesper Horsted,TE,CHI,h,KC,3.0,2500.0
16,2019,4681,Ross Travis,TE,IND,h,CAR,2.9,2500.0
16,2019,4688,Nick Vannett,TE,PIT,a,NYJ,2.8,2900.0
16,2019,4492,Jimmy Graham,TE,GB,a,MIN,2.6,3200.0
16,2019,4543,Charles Clay,TE,ARI,a,SEA,2.6,3100.0
16,2019,4651,Clive Walford,TE,MIA,h,CIN,2.5,2500.0
16,2019,4733,Blake Jarwin,TE,DAL,a,PHI,2.4,2900.0
16,2019,4757,Irv Smith Jr.,TE,MIN,h,GB,2.4,2800.0
16,2019,4763,J.P. Holtz,TE,CHI,h,KC,2.3,2500.0
16,2019,4653,Jesse James,TE,DET,a,DEN,2.2,2500.0
16,2019,4726,Eric Saubert,TE,CHI,h,KC,2.1,2500.0
16,2019,4720,Hayden Hurst,TE,BAL,a,CLE,1.9,3100.0
16,2019,4537,Kyle Rudolph,TE,MIN,h,GB,1.7,3900.0
16,2019,4769,Stephen Carlson,TE,CLE,h,BAL,1.7,2500.0
16,2019,4761,Andrew Beck,TE,DEN,h,DET,1.64,2500.0
16,2019,4542,Virgil Green,TE,LAC,h,LV,1.4,2500.0
16,2019,4324,Marcedes Lewis,TE,GB,a,MIN,1.2,2500.0
16,2019,4391,Clark Harris,TE,CIN,a,MIA,0.0,2500.0
16,2019,4705,Gerald Everett,TE,LA,a,SF,0.0,4000.0
16,2019,4774,Isaac Nauta,TE,DET,a,DEN,0.0,2500.0
16,2019,4738,Anthony Firkser,TE,TEN,h,NO,0.0,2500.0
16,2019,4729,Jordan Akins,TE,HOU,a,TB,0.0,2900.0
16,2019,4697,Chris Manhertz,TE,CAR,a,IND,0.0,2500.0
16,2019,4765,Jaeden Graham,TE,ATL,h,JAX,0.0,2500.0
16,2019,4744,Robert Tonyan,TE,GB,a,MIN,0.0,2500.0
16,2019,4759,James Winchester,TE,KC,a,CHI,0.0,2500.0
16,2019,4711,Cethan Carter,TE,CIN,a,MIA,0.0,2700.0
16,2019,4742,Dalton Schultz,TE,DAL,a,PHI,0.0,2500.0
16,2019,4661,Nick O'Leary,TE,JAX,a,ATL,0.0,2800.0
16,2019,4620,Scott Simonson,TE,NYG,a,WAS,0.0,2500.0
16,2019,4704,Eric Tomlinson,TE,LV,a,LAC,0.0,2500.0
16,2019,4747,Johnny Mundt,TE,LA,a,SF,0.0,2500.0
16,2019,4538,Lance Kendricks,TE,LAC,h,LV,0.0,2500.0
16,2019,4535,Lee Smith,TE,BUF,a,NE,0.0,2500.0
16,2019,4578,Luke Willson,TE,SEA,h,ARI,0.0,2500.0
16,2019,4689,Ben Koyack,TE,JAX,a,ATL,0.0,2500.0
16,2019,4652,Tyler Kroft,TE,BUF,a,NE,0.0,2600.0
16,2019,4708,Darrell Daniels,TE,ARI,a,SEA,0.0,2500.0
16,2019,4577,Levine Toilolo,TE,SF,h,LA,0.0,2500.0
16,2019,4586,Josh Hill,TE,NO,a,TEN,0.0,3200.0
16,2019,4532,Luke Stocker,TE,ATL,h,JAX,0.0,2500.0
16,2019,4762,Troy Fumagalli,TE,DEN,h,DET,0.0,2500.0
16,2019,5436,Daniel Brown,TE,NYJ,h,PIT,0.0,2600.0
16,2019,4732,Tyler Conklin,TE,MIN,h,GB,0.0,2500.0
16,2019,4693,Joshua Perkins,TE,PHI,h,DAL,0.0,2500.0
16,2019,7013,Indianapolis,Def,IND,h,CAR,30.0,3300.0
16,2019,7032,Houston,Def,HOU,a,TB,22.0,3200.0
16,2019,7021,New York J,Def,NYJ,h,PIT,12.0,3000.0
16,2019,7012,Green Bay,Def,GB,a,MIN,11.0,2600.0
16,2019,7001,Arizona,Def,ARI,a,SEA,11.0,2000.0
16,2019,7029,Tampa Bay,Def,TB,h,HOU,10.0,2300.0
16,2019,7015,Kansas City,Def,KC,a,CHI,10.0,2900.0
16,2019,7002,Atlanta,Def,ATL,h,JAX,9.0,3200.0
16,2019,7025,LA Rams,Def,LA,a,SF,9.0,2500.0
16,2019,7017,Minnesota,Def,MIN,h,GB,9.0,2700.0
16,2019,7023,Philadelphia,Def,PHI,h,DAL,8.0,2500.0
16,2019,7027,San Francisco,Def,SF,h,LA,7.0,3400.0
16,2019,7019,New Orleans,Def,NO,a,TEN,6.0,2700.0
16,2019,7011,Detroit,Def,DET,a,DEN,6.0,2700.0
16,2019,7010,Denver,Def,DEN,h,DET,5.0,3500.0
16,2019,7014,Jacksonville,Def,JAX,a,ATL,5.0,2200.0
16,2019,7024,Pittsburgh,Def,PIT,a,NYJ,5.0,3900.0
16,2019,7018,New England,Def,NE,h,BUF,5.0,4000.0
16,2019,7028,Seattle,Def,SEA,h,ARI,4.0,3700.0
16,2019,7003,Baltimore,Def,BAL,a,CLE,3.0,4000.0
16,2019,7026,LA Chargers,Def,LAC,h,LV,3.0,3100.0
16,2019,7004,Buffalo,Def,BUF,a,NE,2.0,2900.0
16,2019,7022,Oakland,Def,LV,a,LAC,2.0,2300.0
16,2019,7009,Dallas,Def,DAL,a,PHI,2.0,2600.0
16,2019,7016,Miami,Def,MIA,h,CIN,2.0,2900.0
16,2019,7008,Cleveland,Def,CLE,h,BAL,1.0,1800.0
16,2019,7006,Chicago,Def,CHI,h,KC,1.0,2300.0
16,2019,7007,Cincinnati,Def,CIN,a,MIA,0.0,2900.0
16,2019,7005,Carolina,Def,CAR,a,IND,-1.0,2400.0
16,2019,7031,Washington,Def,WAS,h,NYG,-1.0,2800.0
16,2019,7020,New York G,Def,NYG,a,WAS,-1.0,2800.0
16,2019,7030,Tennessee,Def,TEN,h,NO,-1.0,2100.0
17,2019,1501,Dak Prescott,QB,DAL,h,WAS,33.62,6300.0
17,2019,1490,Jared Goff,QB,LA,h,ARI,28.16,6200.0
17,2019,1242,Ryan Fitzpatrick,QB,MIA,a,NE,27.3,5800.0
17,2019,1540,Gardner Minshew,QB,JAX,h,IND,25.5,5300.0
17,2019,1528,Baker Mayfield,QB,CLE,a,CIN,23.06,5700.0
17,2019,1252,Aaron Rodgers,QB,GB,a,DET,23.02,6900.0
17,2019,1441,Derek Carr,QB,LV,a,DEN,22.64,5500.0
17,2019,1151,Drew Brees,QB,NO,a,CAR,22.02,7000.0
17,2019,1412,Russell Wilson,QB,SEA,h,SF,20.22,0.0
17,2019,1537,Kyler Murray,QB,ARI,a,LA,20.0,5500.0
17,2019,1539,Daniel Jones,QB,NYG,h,PHI,19.64,6400.0
17,2019,1301,Matt Ryan,QB,ATL,a,TB,18.52,6500.0
17,2019,1410,Ryan Tannehill,QB,TEN,a,HOU,17.92,6800.0
17,2019,1467,A.J. McCarron,QB,HOU,h,TEN,17.9,5000.0
17,2019,1231,Philip Rivers,QB,LAC,a,KC,17.74,5400.0
17,2019,1403,Andy Dalton,QB,CIN,h,CLE,17.6,5900.0
17,2019,1514,Carson Wentz,QB,PHI,a,NYG,17.06,6100.0
17,2019,1465,Jameis Winston,QB,TB,h,ATL,16.54,6600.0
17,2019,1131,Tom Brady,QB,NE,h,MIA,15.84,6000.0
17,2019,1546,David Blough,QB,DET,h,GB,13.88,4700.0
17,2019,1547,Drew Lock,QB,DEN,h,LV,12.98,5800.0
17,2019,1523,Patrick Mahomes II,QB,KC,h,LAC,12.06,7200.0
17,2019,1530,Taysom Hill,QB,NO,a,CAR,11.9,4500.0
17,2019,1452,Jimmy Garoppolo,QB,SF,a,SEA,11.8,0.0
17,2019,1536,Kyle Allen,QB,CAR,h,NO,11.3,4900.0
17,2019,1435,Case Keenum,QB,WAS,a,DAL,11.24,4500.0
17,2019,1524,Sam Darnold,QB,NYJ,a,BUF,10.76,5000.0
17,2019,1408,Robert Griffin III,QB,BAL,h,PIT,7.84,5100.0
17,2019,1519,Mitchell Trubisky,QB,CHI,a,MIN,7.38,5700.0
17,2019,1496,Jacoby Brissett,QB,IND,a,JAX,6.18,5800.0
17,2019,1417,Matt Barkley,QB,BUF,h,NYJ,5.88,4500.0
17,2019,1543,Devlin Hodges,QB,PIT,a,BAL,2.7,4600.0
17,2019,1484,Sean Mannion,QB,MIN,h,CHI,2.04,4100.0
17,2019,1466,Marcus Mariota,QB,TEN,a,HOU,0.96,4800.0
17,2019,1470,Brett Hundley,QB,ARI,a,LA,0.6,4500.0
17,2019,1439,Teddy Bridgewater,QB,NO,a,CAR,0.26,5200.0
17,2019,1529,Josh Allen,QB,BUF,h,NYJ,0.2,6000.0
17,2019,1549,Trace McSorley,QB,BAL,h,PIT,0.1,4000.0
17,2019,1548,Will Grier,QB,CAR,h,NO,-1.34,4600.0
17,2019,5445,Derrick Henry,RB,TEN,a,HOU,42.1,8100.0
17,2019,5624,Boston Scott,RB,PHI,a,NYG,35.8,4100.0
17,2019,2957,Damien Williams,RB,KC,h,LAC,34.4,4700.0
17,2019,5535,Joe Mixon,RB,CIN,h,CLE,33.6,7200.0
17,2019,5444,Ezekiel Elliott,RB,DAL,h,WAS,30.4,8000.0
17,2019,5662,Mike Boone,RB,MIN,h,CHI,27.0,5300.0
17,2019,2991,Melvin Gordon,RB,LAC,a,KC,24.2,6000.0
17,2019,5536,Christian McCaffrey,RB,CAR,h,NO,22.8,10000.0
17,2019,5449,DeAndre Washington,RB,LV,a,DEN,21.2,5200.0
17,2019,5614,Saquon Barkley,RB,NYG,h,PHI,20.7,8700.0
17,2019,5414,Raheem Mostert,RB,SF,a,SEA,20.3,0.0
17,2019,5713,David Montgomery,RB,CHI,a,MIN,20.3,5100.0
17,2019,5562,Alvin Kamara,RB,NO,a,CAR,19.7,7800.0
17,2019,5548,Marlon Mack,RB,IND,a,JAX,19.7,6900.0
17,2019,5745,Ryquell Armstead,RB,JAX,h,IND,19.5,4400.0
17,2019,5543,Aaron Jones,RB,GB,a,DET,19.3,8200.0
17,2019,5575,Austin Ekeler,RB,LAC,a,KC,17.9,6200.0
17,2019,5446,Kenyan Drake,RB,ARI,a,LA,17.3,7100.0
17,2019,2997,Duke Johnson,RB,HOU,h,TEN,16.7,4300.0
17,2019,5681,Gus Edwards,RB,BAL,h,PIT,16.2,4800.0
17,2019,5617,Ronald Jones,RB,TB,h,ATL,15.6,4900.0
17,2019,5564,Tarik Cohen,RB,CHI,a,MIN,15.4,4900.0
17,2019,5740,Benny Snell,RB,PIT,a,BAL,15.1,4500.0
17,2019,5738,Travis Homer,RB,SEA,h,SF,14.2,0.0
17,2019,5615,Sony Michel,RB,NE,h,MIA,13.4,4900.0
17,2019,2888,Le'Veon Bell,RB,NYJ,a,BUF,12.7,5800.0
17,2019,5719,Justice Hill,RB,BAL,h,PIT,11.9,4600.0
17,2019,2954,James White,RB,NE,h,MIA,11.7,5900.0
17,2019,5621,Kerryon Johnson,RB,DET,h,GB,11.3,4500.0
17,2019,2992,Todd Gurley,RB,LA,h,ARI,10.9,6600.0
17,2019,5788,Patrick Laird,RB,MIA,a,NE,10.9,4300.0
17,2019,5441,Malcolm Brown,RB,LA,h,ARI,10.2,4000.0
17,2019,2552,Marshawn Lynch,RB,SEA,h,SF,9.4,
17,2019,2930,Devonta Freeman,RB,ATL,a,TB,9.3,6500.0
17,2019,5623,Nyheim Hines,RB,IND,a,JAX,8.6,4200.0
17,2019,2899,Latavius Murray,RB,NO,a,CAR,8.5,5600.0
17,2019,5714,Miles Sanders,RB,PHI,a,NYG,8.1,6800.0
17,2019,5813,Devine Ozigbo,RB,JAX,h,IND,8.0,3000.0
17,2019,5490,Jalen Richard,RB,LV,a,DEN,7.9,3800.0
17,2019,2553,Adrian Peterson,RB,WAS,a,DAL,7.8,4900.0
17,2019,5718,Tony Pollard,RB,DAL,h,WAS,7.5,4000.0
17,2019,2467,Frank Gore,RB,BUF,h,NYJ,7.2,4000.0
17,2019,2993,T.J. Yeldon,RB,BUF,h,NYJ,7.2,3000.0
17,2019,5560,Kareem Hunt,RB,CLE,a,CIN,6.6,5200.0
17,2019,2995,Ameer Abdullah,RB,MIN,h,CHI,6.6,3900.0
17,2019,5742,Ty Johnson,RB,DET,h,GB,6.5,3000.0
17,2019,2890,Rex Burkhead,RB,NE,h,MIA,6.4,4500.0
17,2019,5735,Reggie Bonnafon,RB,CAR,h,NO,6.2,4600.0
17,2019,2820,Taiwan Jones,RB,HOU,h,TEN,5.9,3700.0
17,2019,2908,Kyle Juszczyk,RB,SF,a,SEA,5.9,0.0
17,2019,5507,Peyton Barber,RB,TB,h,ATL,5.5,3600.0
17,2019,5630,Phillip Lindsay,RB,DEN,h,LV,5.3,6100.0
17,2019,5622,Nick Chubb,RB,CLE,a,CIN,5.2,7500.0
17,2019,5791,Bo Scarbrough,RB,DET,h,GB,4.2,3700.0
17,2019,5468,Devontae Booker,RB,DEN,h,LV,3.7,3000.0
17,2019,2994,Tevin Coleman,RB,SF,a,SEA,2.8,0.0
17,2019,2819,Bilal Powell,RB,NYJ,a,BUF,2.7,3800.0
17,2019,5688,Jaylen Samuels,RB,PIT,a,BAL,2.6,4300.0
17,2019,5470,Tyler Ervin,RB,GB,a,DET,2.5,4000.0
17,2019,5744,Darwin Thompson,RB,KC,h,LAC,2.3,3600.0
17,2019,5370,Javorius Allen,RB,NYG,h,PHI,2.3,3000.0
17,2019,2915,Chris Thompson,RB,WAS,a,DAL,2.1,3900.0
17,2019,5608,Brian Hill,RB,ATL,a,TB,2.1,3500.0
17,2019,5676,Ricky Ortiz,RB,NO,a,CAR,1.8,0.0
17,2019,5800,Khari Blasingame,RB,TEN,a,HOU,1.7,3000.0
17,2019,5567,Matt Breida,RB,SF,a,SEA,1.6,0.0
17,2019,5538,Samaje Perine,RB,MIA,a,NE,1.6,0.0
17,2019,2974,Senorise Perry,RB,BUF,h,NYJ,1.4,3700.0
17,2019,5620,Royce Freeman,RB,DEN,h,LV,1.4,4300.0
17,2019,5586,J.D. McKissic,RB,DET,h,GB,1.4,3000.0
17,2019,2933,Carlos Hyde,RB,HOU,h,TEN,1.3,5000.0
17,2019,5682,Justin Jackson,RB,LAC,a,KC,1.1,3000.0
17,2019,5782,Dexter Williams,RB,GB,a,DET,0.9,3700.0
17,2019,5722,Qadree Ollison,RB,ATL,a,TB,0.9,3200.0
17,2019,5815,Ryan Nall,RB,CHI,a,MIN,0.8,3100.0
17,2019,2816,Dion Lewis,RB,TEN,a,HOU,0.7,4800.0
17,2019,5473,Wendell Smallwood,RB,WAS,a,DAL,0.5,3000.0
17,2019,5763,Buddy Howell,RB,HOU,h,TEN,0.5,3500.0
17,2019,5581,C.J. Ham,RB,MIN,h,CHI,0.4,3300.0
17,2019,2889,Giovani Bernard,RB,CIN,h,CLE,0.4,4300.0
17,2019,5697,Dare Ogunbowale,RB,TB,h,ATL,0.4,3200.0
17,2019,5483,Dwayne Washington,RB,NO,a,CAR,0.2,3800.0
17,2019,5320,Mike Davis,RB,CAR,h,NO,0.2,3500.0
17,2019,5794,Kerrith Whyte,RB,PIT,a,BAL,0.1,3300.0
17,2019,5669,De'Lance Turner,RB,MIA,a,NE,0.0,3300.0
17,2019,5447,Jordan Howard,RB,PHI,a,NYG,0.0,5000.0
17,2019,5415,Michael Burton,RB,WAS,a,DAL,0.0,3000.0
17,2019,5484,Josh Ferguson,RB,WAS,a,DAL,0.0,3000.0
17,2019,5510,Troymaine Pope,RB,LAC,a,KC,0.0,3000.0
17,2019,5762,Cullen Gillaspia,RB,HOU,h,TEN,0.0,3000.0
17,2019,5737,Chandler Cox,RB,MIA,a,NE,0.0,3000.0
17,2019,5588,Elijhaa Penny,RB,NYG,h,PHI,0.0,3000.0
17,2019,2887,Kenjon Barner,RB,ATL,a,TB,0.0,3000.0
17,2019,5573,Trey Edmunds,RB,PIT,a,BAL,0.0,3000.0
17,2019,2822,Anthony Sherman,RB,KC,h,LAC,0.0,3000.0
17,2019,2874,Brandon Bolden,RB,NE,h,MIA,0.0,3100.0
17,2019,5746,D'Ernest Johnson,RB,CLE,a,CIN,0.0,3000.0
17,2019,5504,Derek Watt,RB,LAC,a,KC,0.0,3000.0
17,2019,5644,Alex Armah,RB,CAR,h,NO,0.0,3000.0
17,2019,3191,Rod Smith,RB,LV,a,DEN,0.0,3000.0
17,2019,2805,Patrick DiMarco,RB,BUF,h,NYJ,0.0,3000.0
17,2019,5392,Ty Montgomery,RB,NYJ,a,BUF,0.0,3900.0
17,2019,5451,Jonathan Williams,RB,IND,a,JAX,0.0,3000.0
17,2019,5743,Patrick Ricard,RB,BAL,h,PIT,0.0,3000.0
17,2019,5764,Alec Ingold,RB,LV,a,DEN,0.0,3000.0
17,2019,2913,Jamize Olawale,RB,DAL,h,WAS,0.0,3000.0
17,2019,5492,Keith Smith,RB,ATL,a,TB,-0.1,3000.0
17,2019,5619,Chase Edmonds,RB,ARI,a,LA,-0.1,3400.0
17,2019,5634,Michael Gallup,WR,DAL,h,WAS,32.8,5400.0
17,2019,5726,Deebo Samuel,WR,SF,a,SEA,27.5,0.0
17,2019,5379,Breshad Perriman,WR,TB,h,ATL,27.4,6700.0
17,2019,5728,A.J. Brown,WR,TEN,a,HOU,25.4,7000.0
17,2019,5761,Hunter Renfrow,WR,LV,a,DEN,25.2,4500.0
17,2019,5380,DeVante Parker,WR,MIA,a,NE,24.7,7100.0
17,2019,5198,Keenan Allen,WR,LAC,a,KC,23.2,6100.0
17,2019,5552,Cooper Kupp,WR,LA,h,ARI,22.9,6800.0
17,2019,5263,Davante Adams,WR,GB,a,DET,22.3,8000.0
17,2019,5603,Dede Westbrook,WR,JAX,h,IND,22.2,4200.0
17,2019,5217,Robert Woods,WR,LA,h,ARI,20.6,7000.0
17,2019,5410,Jamison Crowder,WR,NYJ,a,BUF,20.6,5100.0
17,2019,5725,D.K. Metcalf,WR,SEA,h,SF,20.1,0.0
17,2019,5777,Duke Williams,WR,BUF,h,NYJ,19.8,3000.0
17,2019,5531,Damiere Byrd,WR,ARI,a,LA,19.4,3300.0
17,2019,5753,Steven Sims Jr.,WR,WAS,a,DAL,18.5,4700.0
17,2019,3995,Golden Tate,WR,NYG,h,PHI,17.8,5100.0
17,2019,5386,Tyler Lockett,WR,SEA,h,SF,17.1,0.0
17,2019,5323,Odell Beckham Jr.,WR,CLE,a,CIN,17.1,5700.0
17,2019,5711,Allen Lazard,WR,GB,a,DET,16.9,4000.0
17,2019,5639,Tre'Quan Smith,WR,NO,a,CAR,16.6,3700.0
17,2019,5258,Allen Robinson,WR,CHI,a,MIN,16.3,7200.0
17,2019,5335,Jarvis Landry,WR,CLE,a,CIN,16.2,5900.0
17,2019,5570,Keelan Cole,WR,JAX,h,IND,15.7,3500.0
17,2019,5677,Brandon Zylstra,WR,CAR,h,NO,15.6,3000.0
17,2019,5089,Julio Jones,WR,ATL,a,TB,14.8,8500.0
17,2019,5678,Damion Ratley,WR,CLE,a,CIN,14.4,3000.0
17,2019,5376,Amari Cooper,WR,DAL,h,WAS,13.8,6500.0
17,2019,5680,Russell Gage,WR,ATL,a,TB,13.8,4400.0
17,2019,5636,Christian Kirk,WR,ARI,a,LA,13.6,4700.0
17,2019,5706,Isaiah Ford,WR,MIA,a,NE,13.5,3700.0
17,2019,5125,Randall Cobb,WR,DAL,h,WAS,13.1,3900.0
17,2019,5654,DeAndre Carter,WR,HOU,h,TEN,12.5,3500.0
17,2019,5339,Albert Wilson,WR,MIA,a,NE,11.7,4200.0
17,2019,5640,DaeSean Hamilton,WR,DEN,h,LV,11.5,3800.0
17,2019,5455,Tyler Boyd,WR,CIN,h,CLE,10.9,6700.0
17,2019,5793,Greg Ward,WR,PHI,a,NYG,10.3,4700.0
17,2019,5554,Kenny Golladay,WR,DET,h,GB,10.2,6300.0
17,2019,5151,T.Y. Hilton,WR,IND,a,JAX,10.2,6000.0
17,2019,5485,Tyreek Hill,WR,KC,h,LAC,10.1,7700.0
17,2019,5727,Mecole Hardman,WR,KC,h,LAC,10.0,3700.0
17,2019,5515,Demarcus Robinson,WR,KC,h,LAC,9.4,3200.0
17,2019,5754,Diontae Johnson,WR,PIT,a,BAL,9.4,4800.0
17,2019,5637,Courtland Sutton,WR,DEN,h,LV,9.2,6400.0
17,2019,5767,Darius Slayton,WR,NYG,h,PHI,9.0,4900.0
17,2019,5456,Sterling Shepard,WR,NYG,h,PHI,8.9,6200.0
17,2019,5653,Vyncint Smith,WR,NYJ,a,BUF,8.6,3200.0
17,2019,3501,Larry Fitzgerald,WR,ARI,a,LA,8.5,4500.0
17,2019,5804,Riley Ridley,WR,CHI,a,MIN,8.4,3000.0
17,2019,5550,Corey Davis,WR,TEN,a,HOU,8.4,4000.0
17,2019,3851,Danny Amendola,WR,DET,h,GB,8.36,4500.0
17,2019,5459,Michael Thomas,WR,NO,a,CAR,7.7,9900.0
17,2019,5659,D.J. Chark,WR,JAX,h,IND,7.4,5800.0
17,2019,5255,Brandin Cooks,WR,LA,h,ARI,7.0,4400.0
17,2019,5387,Justin Hardy,WR,ATL,a,TB,7.0,3000.0
17,2019,5385,Chris Conley,WR,JAX,h,IND,6.8,4500.0
17,2019,5724,N'Keal Harry,WR,NE,h,MIA,6.8,4200.0
17,2019,5686,Deontay Burnett,WR,PHI,a,NYG,6.8,0.0
17,2019,5698,Marcell Ateman,WR,LV,a,DEN,6.6,3000.0
17,2019,5803,Alexander Hollins,WR,MIN,h,CHI,6.6,3000.0
17,2019,5159,Mohamed Sanu,WR,NE,h,MIA,6.5,4100.0
17,2019,5747,Olabisi Johnson,WR,MIN,h,CHI,6.4,3500.0
17,2019,5751,Kelvin Harmon,WR,WAS,a,DAL,6.3,3900.0
17,2019,5384,Phillip Dorsett,WR,NE,h,MIA,6.0,3000.0
17,2019,5558,John Ross,WR,CIN,h,CLE,6.0,4500.0
17,2019,5594,Mike Williams,WR,LAC,a,KC,5.8,5000.0
17,2019,5786,Steven Mitchell,WR,HOU,h,TEN,5.7,3000.0
17,2019,5574,Isaiah McKenzie,WR,BUF,h,NYJ,5.7,3800.0
17,2019,3826,Julian Edelman,WR,NE,h,MIA,5.6,7300.0
17,2019,3983,Emmanuel Sanders,WR,SF,a,SEA,5.5,0.0
17,2019,5671,Javon Wims,WR,CHI,a,MIN,5.3,3000.0
17,2019,5287,Willie Snead,WR,BAL,h,PIT,5.2,3600.0
17,2019,5587,Marcus Johnson,WR,IND,a,JAX,5.1,3500.0
17,2019,5416,DeAndrew White,WR,CAR,h,NO,5.1,3000.0
17,2019,5655,David Moore,WR,SEA,h,SF,5.0,0.0
17,2019,5502,Robby Anderson,WR,NYJ,a,BUF,4.8,5300.0
17,2019,5511,Geronimo Allison,WR,GB,a,DET,4.7,3700.0
17,2019,5690,Justin Watson,WR,TB,h,ATL,4.7,4900.0
17,2019,5799,Olamide Zaccheaus,WR,ATL,a,TB,4.2,3000.0
17,2019,5557,Zay Jones,WR,LV,a,DEN,4.1,3000.0
17,2019,5656,Marquez Valdes-Scantling,WR,GB,a,DET,3.9,3000.0
17,2019,5730,Marquise Brown,WR,BAL,h,PIT,3.5,4700.0
17,2019,5167,Chris Hogan,WR,CAR,h,NO,3.4,3300.0
17,2019,5462,Pharoh Cooper,WR,ARI,a,LA,3.4,3100.0
17,2019,5556,Curtis Samuel,WR,CAR,h,NO,3.3,4900.0
17,2019,5268,Cody Latimer,WR,NYG,h,PHI,3.2,3400.0
17,2019,5758,Chris Lacy,WR,DET,h,GB,3.2,3000.0
17,2019,5480,Alex Erickson,WR,CIN,h,CLE,3.1,3600.0
17,2019,5188,Jarius Wright,WR,CAR,h,NO,3.0,3500.0
17,2019,5675,KhaDarel Hodge,WR,CLE,a,CIN,2.9,3000.0
17,2019,5805,Rico Gafford,WR,LV,a,DEN,2.7,3000.0
17,2019,5553,JuJu Smith-Schuster,WR,PIT,a,BAL,2.6,5500.0
17,2019,5647,Zach Pascal,WR,IND,a,JAX,2.4,4800.0
17,2019,5651,Tim Patrick,WR,DEN,h,LV,2.4,4000.0
17,2019,5461,Tajae Sharpe,WR,TEN,a,HOU,2.3,4300.0
17,2019,5812,Cam Sims,WR,WAS,a,DAL,2.2,3000.0
17,2019,5641,Braxton Berrios,WR,NYJ,a,BUF,2.1,3000.0
17,2019,5817,John Ursua,WR,SEA,h,SF,2.1,
17,2019,3670,Ted Ginn Jr.,WR,NO,a,CAR,2.0,4000.0
17,2019,5252,Sammy Watkins,WR,KC,h,LAC,1.8,4500.0
17,2019,5704,Jake Kumerow,WR,GB,a,DET,1.7,3500.0
17,2019,5670,Keke Coutee,WR,HOU,h,TEN,1.7,3300.0
17,2019,5814,Jaleel Scott,WR,BAL,h,PIT,1.6,3000.0
17,2019,5097,Dontrelle Inman,WR,IND,a,JAX,1.6,3300.0
17,2019,5632,Anthony Miller,WR,CHI,a,MIN,1.5,5800.0
17,2019,5208,Cordarrelle Patterson,WR,CHI,a,MIN,1.4,3000.0
17,2019,5816,Cyril Grayson,WR,TB,h,ATL,1.3,3000.0
17,2019,5760,Deonte Harris,WR,NO,a,CAR,1.3,3300.0
17,2019,5199,Tavon Austin,WR,DAL,h,WAS,1.1,3100.0
17,2019,2958,De'Anthony Thomas,WR,BAL,h,PIT,0.1,3000.0
17,2019,5748,Miles Boykin,WR,BAL,h,PIT,0.0,3000.0
17,2019,5578,Mack Hollins,WR,MIA,a,NE,0.0,3000.0
17,2019,5759,Byron Pringle,WR,KC,h,LAC,0.0,3000.0
17,2019,5408,Seth Roberts,WR,BAL,h,PIT,0.0,3900.0
17,2019,5797,Ventell Bryant,WR,DAL,h,WAS,0.0,3000.0
17,2019,5432,Tyrell Williams,WR,LV,a,DEN,0.0,4600.0
17,2019,5784,C.J. Board,WR,JAX,h,IND,0.0,3000.0
17,2019,5479,Chris Moore,WR,BAL,h,PIT,0.0,3000.0
17,2019,5699,Trent Sherfield,WR,ARI,a,LA,0.0,3000.0
17,2019,5599,Josh Malone,WR,NYJ,a,BUF,0.0,3000.0
17,2019,5503,Mike Thomas,WR,LA,h,ARI,0.0,3000.0
17,2019,5769,Robert Davis,WR,PHI,a,NYG,0.0,3600.0
17,2019,5781,Jason Moore,WR,LAC,a,KC,0.0,3000.0
17,2019,5775,Fred Brown,WR,DEN,h,LV,0.0,3000.0
17,2019,5750,Deon Cain,WR,PIT,a,BAL,0.0,3000.0
17,2019,5635,James Washington,WR,PIT,a,BAL,0.0,4600.0
17,2019,5453,Laquon Treadwell,WR,MIN,h,CHI,0.0,3000.0
17,2019,5790,Christian Blake,WR,ATL,a,TB,0.0,3000.0
17,2019,5649,Robert Foster,WR,BUF,h,NYJ,0.0,3000.0
17,2019,5773,Andre Patton,WR,LAC,a,KC,0.0,3000.0
17,2019,3760,Matthew Slater,WR,NE,h,MIA,0.0,3000.0
17,2019,5732,JJ Arcega-Whiteside,WR,PHI,a,NYG,0.0,3700.0
17,2019,5491,Johnny Holton,WR,PIT,a,BAL,0.0,3000.0
17,2019,5582,Josh Reynolds,WR,LA,h,ARI,0.0,3200.0
17,2019,5518,Cody Core,WR,NYG,h,PHI,0.0,3000.0
17,2019,5734,Andy Isabella,WR,ARI,a,LA,0.0,3000.0
17,2019,5795,Da'Mari Scott,WR,NYG,h,PHI,0.0,3000.0
17,2019,5749,Jakobi Meyers,WR,NE,h,MIA,0.0,3300.0
17,2019,5798,Ashton Dulin,WR,IND,a,JAX,0.0,3000.0
17,2019,5802,Nsimba Webster,WR,LA,h,ARI,0.0,3000.0
17,2019,5809,Travis Fulgham,WR,DET,h,GB,0.0,3000.0
17,2019,5498,Trevor Davis,WR,MIA,a,NE,0.0,3000.0
17,2019,5765,Diontae Spencer,WR,DEN,h,LV,-0.8,3000.0
17,2019,4680,Tyler Higbee,TE,LA,h,ARI,22.4,5600.0
17,2019,5419,Darren Waller,TE,LV,a,DEN,19.7,5400.0
17,2019,4770,Kaden Smith,TE,NYG,h,PHI,17.8,3700.0
17,2019,4741,Dan Arnold,TE,ARI,a,LA,17.6,2600.0
17,2019,4703,George Kittle,TE,SF,a,SEA,16.3,0.0
17,2019,4675,Hunter Henry,TE,LAC,a,KC,15.2,4500.0
17,2019,4693,Joshua Perkins,TE,PHI,a,NYG,15.0,2500.0
17,2019,4656,C.J. Uzomah,TE,CIN,h,CLE,13.5,2700.0
17,2019,4719,Mike Gesicki,TE,MIA,a,NE,13.4,4000.0
17,2019,4752,Tommy Sweeney,TE,BUF,h,NYJ,12.6,2500.0
17,2019,4437,Jared Cook,TE,NO,a,CAR,12.4,5200.0
17,2019,4677,Austin Hooper,TE,ATL,a,TB,11.5,5800.0
17,2019,4725,Dallas Goedert,TE,PHI,a,NYG,10.5,4900.0
17,2019,4729,Jordan Akins,TE,HOU,h,TEN,10.4,2700.0
17,2019,4767,Hale Hentges,TE,WAS,a,DAL,10.2,2700.0
17,2019,4669,MyCole Pruitt,TE,TEN,a,HOU,9.3,2500.0
17,2019,4492,Jimmy Graham,TE,GB,a,DET,8.9,3300.0
17,2019,4761,Andrew Beck,TE,DEN,h,LV,8.8,2500.0
17,2019,4648,Cameron Brate,TE,TB,h,ATL,7.2,3200.0
17,2019,4586,Josh Hill,TE,NO,a,CAR,6.5,3500.0
17,2019,4707,Jacob Hollister,TE,SEA,h,SF,6.5,0.0
17,2019,4262,Jason Witten,TE,DAL,h,WAS,6.4,3900.0
17,2019,5436,Daniel Brown,TE,NYJ,a,BUF,6.2,2600.0
17,2019,4720,Hayden Hurst,TE,BAL,h,PIT,5.5,3200.0
17,2019,4568,Tyler Eifert,TE,CIN,h,CLE,5.4,3400.0
17,2019,4582,Travis Kelce,TE,KC,h,LAC,5.4,7000.0
17,2019,4714,Jeremy Sprinkle,TE,WAS,a,DAL,4.8,2600.0
17,2019,4572,Vance McDonald,TE,PIT,a,BAL,3.9,2900.0
17,2019,4650,Maxx Williams,TE,ARI,a,LA,3.3,2500.0
17,2019,4368,Greg Olsen,TE,CAR,h,NO,3.2,3400.0
17,2019,4744,Robert Tonyan,TE,GB,a,DET,2.9,2500.0
17,2019,4653,Jesse James,TE,DET,h,GB,2.5,2500.0
17,2019,1463,Logan Thomas,TE,DET,h,GB,2.5,2600.0
17,2019,4736,Mo Alie-Cox,TE,IND,a,JAX,2.5,2500.0
17,2019,4324,Marcedes Lewis,TE,GB,a,DET,2.2,2500.0
17,2019,4730,Ian Thomas,TE,CAR,h,NO,2.2,2800.0
17,2019,4757,Irv Smith Jr.,TE,MIN,h,CHI,2.1,2800.0
17,2019,4726,Eric Saubert,TE,CHI,a,MIN,2.0,2500.0
17,2019,4532,Luke Stocker,TE,ATL,a,TB,2.0,2500.0
17,2019,4762,Troy Fumagalli,TE,DEN,h,LV,1.9,2500.0
17,2019,4732,Tyler Conklin,TE,MIN,h,CHI,1.9,2500.0
17,2019,4731,Jordan Thomas,TE,HOU,h,TEN,1.8,2500.0
17,2019,4737,Durham Smythe,TE,MIA,a,NE,1.8,2500.0
17,2019,4594,Jack Doyle,TE,IND,a,JAX,1.6,4100.0
17,2019,4660,Nick Boyle,TE,BAL,h,PIT,1.6,3400.0
17,2019,4777,Charles Jones,TE,JAX,h,IND,1.5,2500.0
17,2019,4738,Anthony Firkser,TE,TEN,a,HOU,1.5,2500.0
17,2019,4652,Tyler Kroft,TE,BUF,h,NYJ,1.5,2600.0
17,2019,4740,Tyrone Swoopes,TE,SEA,h,SF,1.5,0.0
17,2019,4599,Derek Carrier,TE,LV,a,DEN,1.4,2500.0
17,2019,4292,Ben Watson,TE,NE,h,MIA,1.4,2700.0
17,2019,4748,Noah Fant,TE,DEN,h,LV,1.4,3600.0
17,2019,4690,Seth DeValve,TE,JAX,h,IND,1.4,2600.0
17,2019,4747,Johnny Mundt,TE,LA,h,ARI,1.2,2500.0
17,2019,4666,Blake Bell,TE,KC,h,LAC,1.1,2500.0
17,2019,4706,Jonnu Smith,TE,TEN,a,HOU,0.7,4200.0
17,2019,4712,Ricky Seals-Jones,TE,CLE,a,CIN,0.0,2800.0
17,2019,4768,Tanner Hudson,TE,TB,h,ATL,0.0,2500.0
17,2019,4391,Clark Harris,TE,CIN,h,CLE,0.0,2500.0
17,2019,4705,Gerald Everett,TE,LA,h,ARI,0.0,3500.0
17,2019,4774,Isaac Nauta,TE,DET,h,GB,0.0,2500.0
17,2019,4537,Kyle Rudolph,TE,MIN,h,CHI,0.0,3800.0
17,2019,4733,Blake Jarwin,TE,DAL,h,WAS,0.0,2900.0
17,2019,4697,Chris Manhertz,TE,CAR,h,NO,0.0,2500.0
17,2019,4765,Jaeden Graham,TE,ATL,a,TB,0.0,2500.0
17,2019,4609,Darren Fells,TE,HOU,h,TEN,0.0,3100.0
17,2019,4759,James Winchester,TE,KC,h,LAC,0.0,2500.0
17,2019,4711,Cethan Carter,TE,CIN,h,CLE,0.0,2500.0
17,2019,4742,Dalton Schultz,TE,DAL,h,WAS,0.0,2500.0
17,2019,4704,Eric Tomlinson,TE,LV,a,DEN,0.0,2500.0
17,2019,4642,Demetrius Harris,TE,CLE,a,CIN,0.0,2700.0
17,2019,4676,Jeff Heuerman,TE,DEN,h,LV,0.0,2500.0
17,2019,4542,Virgil Green,TE,LAC,a,KC,0.0,2500.0
17,2019,4538,Lance Kendricks,TE,LAC,a,KC,0.0,2500.0
17,2019,4535,Lee Smith,TE,BUF,h,NYJ,0.0,2500.0
17,2019,4763,J.P. Holtz,TE,CHI,a,MIN,0.0,2500.0
17,2019,4674,Matt LaCosse,TE,NE,h,MIA,0.0,2600.0
17,2019,4700,O.J. Howard,TE,TB,h,ATL,0.0,4300.0
17,2019,4689,Ben Koyack,TE,JAX,h,IND,0.0,2500.0
17,2019,4702,David Njoku,TE,CLE,a,CIN,0.0,3500.0
17,2019,4771,Jesper Horsted,TE,CHI,a,MIN,0.0,2500.0
17,2019,4688,Nick Vannett,TE,PIT,a,BAL,0.0,2800.0
17,2019,4769,Stephen Carlson,TE,CLE,a,CIN,0.0,2500.0
17,2019,4773,Jace Sternberger,TE,GB,a,DET,0.0,2500.0
17,2019,4758,Trevon Wesco,TE,NYJ,a,BUF,0.0,2500.0
17,2019,7019,New Orleans,Def,NO,a,CAR,18.0,4000.0
17,2019,7003,Baltimore,Def,BAL,h,PIT,18.0,3100.0
17,2019,7029,Tampa Bay,Def,TB,h,ATL,14.0,3100.0
17,2019,7014,Jacksonville,Def,JAX,h,IND,14.0,2600.0
17,2019,7021,New York J,Def,NYJ,a,BUF,14.0,2700.0
17,2019,7002,Atlanta,Def,ATL,a,TB,14.0,3400.0
17,2019,7015,Kansas City,Def,KC,h,LAC,13.0,3700.0
17,2019,7007,Cincinnati,Def,CIN,h,CLE,12.0,2900.0
17,2019,7016,Miami,Def,MIA,a,NE,11.0,1800.0
17,2019,7025,LA Rams,Def,LA,h,ARI,11.0,3200.0
17,2019,7023,Philadelphia,Def,PHI,a,NYG,9.0,3500.0
17,2019,7006,Chicago,Def,CHI,a,MIN,9.0,2100.0
17,2019,7004,Buffalo,Def,BUF,h,NYJ,8.0,3800.0
17,2019,7024,Pittsburgh,Def,PIT,a,BAL,8.0,3000.0
17,2019,7009,Dallas,Def,DAL,h,WAS,7.0,3300.0
17,2019,7017,Minnesota,Def,MIN,h,CHI,7.0,2900.0
17,2019,7030,Tennessee,Def,TEN,a,HOU,7.0,2800.0
17,2019,7010,Denver,Def,DEN,h,LV,5.0,3300.0
17,2019,7022,Oakland,Def,LV,a,DEN,5.0,2500.0
17,2019,7012,Green Bay,Def,GB,a,DET,4.0,3000.0
17,2019,7013,Indianapolis,Def,IND,a,JAX,4.0,3200.0
17,2019,7011,Detroit,Def,DET,h,GB,3.0,2000.0
17,2019,7008,Cleveland,Def,CLE,a,CIN,2.0,3600.0
17,2019,7028,Seattle,Def,SEA,h,SF,2.0,0.0
17,2019,7018,New England,Def,NE,h,MIA,2.0,4300.0
17,2019,7027,San Francisco,Def,SF,a,SEA,1.0,0.0
17,2019,7031,Washington,Def,WAS,a,DAL,1.0,2200.0
17,2019,7026,LA Chargers,Def,LAC,a,KC,1.0,1900.0
17,2019,7001,Arizona,Def,ARI,a,LA,0.0,2400.0
17,2019,7020,New York G,Def,NYG,h,PHI,0.0,2300.0
17,2019,7005,Carolina,Def,CAR,h,NO,-3.0,2000.0
17,2019,7032,Houston,Def,HOU,h,TEN,-4.0,2800.0
