player_id,player_name,position,team,salary,site_player_id,season_avg,recent_form,matchup_factor,vegas_factor,final_projection,opponent,implied_total,over_under,games_played,participation_effective,sigma,sigma_source,statline_p10,statline_p90,proj_pass_att,proj_pass_yd,proj_pass_td,proj_rush_att,proj_rush_yd,proj_rush_td,proj_targets,proj_rec,proj_rec_yd,proj_rec_td,engine_projection,stack_delta,dk_avg_ppg,ffc_own_pct,chalk_score,estimated_ownership_pct,estimated_ownership_pct_heuristic,roster_role,slate_format,ownership_available
00-0039139,Jahmyr Gibbs,RB,DET,8000,43727325,19.696,19.696,1.0,1.2670100600628522,24.9550764374517,NO,28.39,49.83,17.0,1.0,11.3524,statline_mc+recal_10_4b,0.0,59.82293778928223,0.0,0.0,0.0,22.313,139.24393300293397,1.28475,5.9815,4.755,46.144741949153335,0.29825,34.34911749520873,-9.394041057757029,22.3,49.5,97.9875,48.72629181824012,36.969609265844326,,classic,True
00-0036442,Joe Burrow,QB,CIN,6900,43727235,18.4537,18.4537,1.0,1.2076538297041486,22.285679626215398,TB,27.06,50.44,8.0,1.0,8.2577,statline_mc+recal_10_4b,7.461192579319029,39.21552971533921,36.45725,308.40009223414836,2.61225,1.84925,8.606787403581686,0.08925,0.0,0.0,0.0,0.0,24.602432429724104,-2.316752803508706,18.2,16.1,95.79737432108121,12.583184049678477,13.084782824201325,,classic,True
00-0038542,Bijan Robinson,RB,ATL,7700,43727327,28.8764,28.8764,1.0,0.7662755453074735,22.127278088062262,PIT,17.17,40.78,17.0,1.0,9.8268,statline_mc+recal_10_4b,4.814252341433286,44.77766344193011,0.0,0.0,0.0,22.8965,86.76046292378447,0.4495,8.33875,6.357,46.80893711600502,0.21875,24.789940003978955,-2.6626619159166935,23.2,25.3,69.7562051608424,19.018068838029627,2.839462730645747,,classic,True
00-0034857,Josh Allen,QB,BUF,7000,43727234,21.5763,21.5763,1.0,1.017981665024081,21.964238219778878,HOU,22.81,44.5,16.0,1.0,8.2367,statline_mc+recal_10_4b,7.851922664823956,38.495458658516156,32.6455,259.40940197743816,1.73275,5.95725,30.025091614257793,0.5,0.0,0.0,0.0,0.0,23.274885240523307,-1.3106470207444296,23.3,,81.02631205001896,3.308716635560028,4.555676610402115,,classic,True
00-0036963,Amon-Ra St. Brown,WR,DET,7500,43727633,17.1433,17.1433,1.0,1.2670100600628522,21.720713240943148,NO,28.39,49.83,17.0,1.0,10.8747,statline_mc+recal_10_4b,2.1197005870478094,49.57859915511545,0.0,0.0,0.0,0.0,0.0,0.0,12.47275,8.358,123.29282939193928,0.8845,27.06403293919393,-5.343319698250781,19.9,35.4,97.47304850322092,36.98893656196047,16.589181581377623,,classic,True
00-0034796,Lamar Jackson,QB,BAL,6800,43727236,19.0223,19.0223,1.0,1.1407107127582423,21.69892899397379,IND,25.56,48.17,13.0,1.0,8.2223,statline_mc+recal_10_4b,7.441571597286641,38.48227008610038,31.15925,294.43396272203535,2.23325,3.4985,19.080448440024888,0.1575,0.0,0.0,0.0,0.0,23.8789033528839,-2.1799743589101084,17.3,6.0,91.29436655298724,8.251847592168255,9.485900388724499,,classic,True
00-0033106,Jared Goff,QB,DET,6000,43727241,16.9639,16.9639,1.0,1.2670100600628522,21.493427289932356,NO,28.39,49.83,17.0,1.0,8.3372,statline_mc+recal_10_4b,5.480480372273741,39.824323877465616,37.235,368.3561669766346,2.65625,2.491,11.37835975448692,0.12925,0.0,0.0,0.0,0.0,28.227582654514077,-6.734155364581721,19.3,9.1,94.8845838069976,12.867338849019264,12.258880536469876,,classic,True
00-0036355,Justin Herbert,QB,LAC,6100,43727240,16.7648,16.7648,1.0,1.2580843111367315,21.091577981832764,ARI,28.19,47.17,16.0,1.0,8.3064,statline_mc+recal_10_4b,5.505269545356866,38.99913050566728,35.22075,317.8510930046077,2.187,4.93425,35.10647179575032,0.21375,0.0,0.0,0.0,0.0,26.71844089975934,-5.626862917926577,19.1,14.7,91.24526335733232,10.758260556098017,9.452688093640322,,classic,True
00-0036389,Jalen Hurts,QB,PHI,6600,43727237,18.0928,18.0928,1.0,1.1170574781040223,20.210667715533152,WAS,25.03,44.17,16.0,1.0,8.1062,statline_mc+recal_10_4b,7.121498559007904,35.6122816499217,33.6335,265.07161719079977,1.95475,3.7605,17.291211705597846,0.23625,0.0,0.0,0.0,0.0,21.72098585819177,-1.510318142658619,19.1,11.9,82.59607490210936,7.8423976314112895,5.096224543710093,,classic,True
00-0039064,Zay Flowers,WR,BAL,6400,43727645,17.397,17.397,1.0,1.1407107127582423,19.844935074443455,IND,25.56,48.17,17.0,1.0,11.1857,statline_mc+recal_10_4b,0.02330641389351129,47.70160419741951,0.0,0.0,0.0,0.25525,1.612067598452029,0.00925,12.00725,8.3515,136.79068300346793,0.64775,27.302025060191998,-7.457089985748542,15.0,11.6,92.99766325628394,29.118775778380524,12.74950969076297,,classic,True
00-0036900,Ja'Marr Chase,WR,CIN,7800,43727631,16.4106,16.4106,1.0,1.2076538297041486,19.818284542515553,TB,27.06,50.44,16.0,1.0,9.8399,statline_mc+recal_10_4b,4.830968133962651,42.21891952762446,0.0,0.0,0.0,0.063,0.40003422719630827,0.0025,10.254,6.84125,93.6648805941469,0.534,20.28624148213432,-0.46795693961876594,21.0,53.7,96.72073702159909,41.68913432770503,15.871057292022098,,classic,True
00-0036971,Trevor Lawrence,QB,JAX,5800,43727243,17.6871,17.6871,1.0,1.0898339438793538,19.275977951281682,CLE,24.42,40.11,17.0,1.0,8.292,statline_mc+recal_10_4b,4.122048336665433,37.134967241236744,33.0115,256.4731292024078,1.8225,7.4775,35.411793392625654,0.567,0.0,0.0,0.0,0.0,24.422854507358878,-5.146876556077196,21.0,7.4,76.610932171277,7.923716787343871,3.32340475144231,,classic,True
00-0036322,Justin Jefferson,WR,MIN,7300,43727635,17.8483,17.8483,1.0,1.0635029845472972,18.98167291570372,GB,23.83,46.06,17.0,1.0,9.4725,statline_mc+recal_10_4b,6.16240444343295,37.90295781446627,0.0,0.0,0.0,0.26275,1.6134570783659548,0.01,10.3415,6.19325,83.81590967436874,0.337,17.53468667527347,1.446986240430249,12.4,8.1,87.75631078691423,16.50201400031029,9.366860337873863,,classic,True
00-0039918,Caleb Williams,QB,CHI,6300,43727239,17.0058,17.0058,1.0,1.1130408910872678,18.92819804824247,CAR,24.94,46.94,17.0,1.0,8.1123,statline_mc+recal_10_4b,6.409755396256042,34.150158476434825,34.84125,270.1176318935931,1.83075,2.7925,14.892248225785705,0.126,0.0,0.0,0.0,0.0,20.629430098322295,-1.701232050079824,19.8,,84.08523588480485,2.017669705284978,5.6681830783889255,,classic,True
00-0032764,Derrick Henry,RB,BAL,6700,43727341,16.5395,16.5395,1.0,1.1407107127582423,18.866841100213623,IND,25.56,48.17,17.0,1.0,10.4288,statline_mc+recal_10_4b,0.0,45.54715481328874,0.0,0.0,0.0,20.4805,121.07247701499693,1.10275,1.78325,1.32575,12.702353572982949,0.04875,22.73248305879799,-3.8656419585843658,18.0,14.0,92.17455450127285,22.43348833187215,21.794259581001242,,classic,True
00-0036223,Jonathan Taylor,RB,IND,7300,43727329,18.3394,18.3394,1.0,1.0090559160979602,18.505505107585545,BAL,22.61,48.17,17.0,1.0,9.3318,statline_mc+recal_10_4b,4.179700091490789,38.62975022650833,0.0,0.0,0.0,14.07025,69.05416936388238,0.718,3.83475,3.06925,24.871163147492062,0.1245,18.21128325113745,0.29422185644809673,22.3,18.6,86.26514599244001,17.75843405240327,12.7359366856403,,classic,True
00-0040666,Omarion Hampton,RB,LAC,6800,43727339,13.9544,13.9544,1.0,1.2580843111367315,17.555792169396316,ARI,28.19,47.17,9.0,1.0,9.4785,statline_mc+recal_10_4b,2.287130930558579,38.15327083874949,0.0,0.0,0.0,13.158,73.11169001413644,0.52725,5.52425,4.563,38.70695582877289,0.208,21.018114584290934,-3.4623224148946186,13.9,4.9,91.04576486924321,14.31084044011037,19.668716406616088,,classic,True
00-0038597,Chase Brown,RB,CIN,7100,43727333,14.5176,14.5176,1.0,1.2076538297041486,17.532239973914216,TB,27.06,50.44,17.0,1.0,9.1093,statline_mc+recal_10_4b,3.9347545183521264,36.541166264653285,0.0,0.0,0.0,12.4485,64.66293328889007,0.43075,4.615,3.56025,30.546217956675452,0.23525,17.76166512455655,-0.22942515064233504,17.2,4.6,94.44739306101982,16.40664321073663,26.796420104309153,,classic,True
00-0037239,Chris Olave,WR,NO,6700,43727639,18.2452,18.2452,1.0,0.9568402848801533,17.45771614796119,DET,21.44,49.83,16.0,1.0,9.4824,statline_mc+recal_10_4b,4.056326721496702,35.88674903477758,0.0,0.0,0.0,0.0,0.0,0.0,10.8935,6.9315,79.67121040510315,0.5525,18.904871040510315,-1.4471548925491255,17.4,7.0,83.16691928760895,18.276468380841177,7.150725057855502,,classic,True
00-0034855,Baker Mayfield,QB,TB,5900,43727242,16.4086,16.4086,1.0,1.0438663369098313,17.128391959108143,CIN,23.39,50.44,17.0,1.0,8.0525,statline_mc+recal_10_4b,5.418844326539613,31.30365567697163,34.63275,245.04108245041277,1.68575,3.20525,18.522181907923418,0.1165,0.0,0.0,0.0,0.0,18.97111148880885,-1.8427195297007088,17.2,5.6,84.49039053618793,5.641337613292598,5.834614750279671,,classic,True
00-0037744,Trey McBride,TE,ARI,6800,43728217,20.1958,20.1958,1.0,0.8466072856425609,17.097924394310763,LAC,18.97,47.17,17.0,1.0,7.6721,statline_mc+recal_10_4b,5.299445938127246,33.58447384727822,0.0,0.0,0.0,0.0,0.0,0.0,10.44775,7.628,65.50071014677307,0.5385,17.921571014677305,-0.8236466203665422,19.1,,76.00086749078291,2.4209324640193324,2.961549156459166,,classic,True
00-0036973,Travis Etienne Jr.,RB,NO,5900,43727355,17.7687,17.7687,1.0,0.9568402848801533,17.001819321369837,DET,21.44,49.83,17.0,1.0,10.6126,statline_mc+recal_10_4b,0.0,43.930609879789074,0.0,0.0,0.0,32.00275,133.03630261329857,0.8595,2.899,2.079,15.645198528747326,0.156,24.18915011420459,-7.187330792834754,15.7,25.6,80.48002005708555,17.148468925786073,7.527079501864352,,classic,True
00-0039910,Jayden Daniels,QB,WAS,6500,43727238,19.7196,19.7196,1.0,0.8541941722297637,16.844367069955744,PHI,19.14,44.17,7.0,1.0,7.8298,statline_mc+recal_10_4b,7.357263746927759,28.54483828908007,30.89525,179.00258792790166,1.1335,6.228,24.397204863320994,0.213,0.0,0.0,0.0,0.0,14.720074003448165,2.1242930665075797,17.0,,64.62098964254136,0.5727692962250046,1.411376287344409,,classic,True
00-0040743,Tyler Shough,QB,NO,5600,43727245,17.4501,17.4501,1.0,0.9568402848801533,16.69692551704289,DET,21.44,49.83,11.0,1.0,8.1081,statline_mc+recal_10_4b,4.382903094590013,31.609011791957823,35.82825,247.5208305529159,1.1725,8.007,32.29142588972721,0.37325,0.0,0.0,0.0,0.0,19.80147581108936,-3.104550294046472,15.6,,75.60281672350638,2.0148256887065714,3.092505298766087,,classic,True
00-0034844,Saquon Barkley,RB,PHI,6900,43727337,14.7513,14.7513,1.0,1.1170574781040223,16.478081848929396,WAS,25.03,44.17,16.0,1.0,8.5957,statline_mc+recal_10_4b,5.2026518658719,32.92484678802322,0.0,0.0,0.0,15.3015,68.14625654529529,0.4555,2.205,1.64825,13.583951475964207,0.08375,13.67427080212595,2.803811046803446,15.4,23.2,82.22030972768648,11.020369463018943,8.817296203177271,,classic,True
00-0035710,Daniel Jones,QB,IND,5400,43727247,16.0347,16.0347,1.0,1.0090559160979602,16.17989704246431,BAL,22.61,48.17,13.0,1.0,8.0096,statline_mc+recal_10_4b,4.460480852746825,30.249524584220975,35.0185,280.94531720878547,1.70975,1.925,8.051942247780694,0.124,0.0,0.0,0.0,0.0,19.83700691312949,-3.6571098706651775,18.7,,78.07992295061261,2.194883679417048,3.691074831129045,,classic,True
00-0037248,James Cook III,RB,BUF,7200,43727331,15.751,15.751,1.0,1.017981665024081,16.03417971091848,HOU,22.81,44.5,17.0,1.0,8.6083,statline_mc+recal_10_4b,4.940785865701702,31.637741713926083,0.0,0.0,0.0,11.13175,59.24832798994632,0.40825,2.9745,2.34675,20.893666099658653,0.10525,13.981199408960496,2.0529803019579838,18.8,,78.18133823189076,3.1302338758307693,6.107613106167901,,classic,True
00-0035640,DK Metcalf,WR,PIT,5400,43727675,15.1485,15.1485,1.0,1.0536846607285644,15.96171719650249,ATL,23.61,40.78,15.0,1.0,10.7767,statline_mc+recal_10_4b,0.0,42.65249899491396,0.0,0.0,0.0,0.203,1.107779340996167,0.00875,13.647,8.24175,122.4132684100812,0.8,26.49635477510774,-10.534637578605249,12.5,,79.24849216875079,7.0462638310577255,5.6786756502722815,,classic,True
00-0036264,Jordan Love,QB,GB,5700,43727244,16.0882,16.0882,1.0,0.9916507056920244,15.953844120140687,MIN,22.22,46.06,15.0,1.0,7.9357,statline_mc+recal_10_4b,5.190643782303348,28.753541566524337,31.1545,234.62873110921956,1.54725,3.2575,13.86790489237227,0.1025,0.0,0.0,0.0,0.0,17.52168973360601,-1.5678456134653231,17.6,,71.67874510546925,1.8415694642758298,2.3365855774910567,,classic,True
00-0040122,Ashton Jeanty,RB,LV,6600,43727343,16.4508,16.4508,1.0,0.9679974710378043,15.924322645388456,MIA,21.69,40.39,17.0,1.0,8.6344,statline_mc+recal_10_4b,4.5035816086056,32.35264951782747,0.0,0.0,0.0,15.766,57.41664427717556,0.3475,4.396,3.311,21.96493924496002,0.1985,15.02040835221356,0.9039142931748962,14.8,17.5,70.65846061868395,11.407781018135571,3.082182895832738,,classic,True
00-0036554,Nico Collins,WR,HOU,7000,43727637,15.9055,15.9055,1.0,0.9679974710378043,15.39646802695422,BUF,21.69,44.5,15.0,1.0,8.6845,statline_mc+recal_10_4b,4.794069088917991,31.4031776739393,0.0,0.0,0.0,0.0875,0.49567332075170106,0.00575,7.62825,4.5335,65.74947078486373,0.37725,14.016264410561543,1.3802036163926772,15.1,,75.3439197296956,2.9385590632883436,4.513339357998832,,classic,True
00-0039040,De'Von Achane,RB,MIA,7000,43727335,18.434,18.434,1.0,0.8341112371459919,15.376020962661844,LV,18.69,40.39,16.0,1.0,8.1879,statline_mc+recal_10_4b,5.059965555925725,29.739618340251667,0.0,0.0,0.0,10.6745,47.973708685601544,0.28,5.36225,4.17375,25.06574960164701,0.147,14.461945828724856,0.9140751339369881,20.9,17.2,64.32157872406079,6.970677584148249,1.7324869266842016,,classic,True
00-0023459,Aaron Rodgers,QB,PIT,5300,43727249,14.5296,14.5296,1.0,1.0536846607285644,15.30960693883258,ATL,23.61,40.78,16.0,1.0,7.9845,statline_mc+recal_10_4b,3.9417046087365346,29.28706114234472,35.04375,250.0816777396628,1.79075,1.82975,6.976103872519099,0.0845,0.0,0.0,0.0,0.0,18.473127496838423,-3.1635205580058425,14.1,,71.09830901856763,0.6286016330238848,2.2416921131692638,,classic,True
00-0040126,Colston Loveland,TE,CHI,5300,43728219,13.4931,13.4931,1.0,1.1130408910872678,15.018326417738647,CAR,24.94,46.94,16.0,1.0,8.3452,statline_mc+recal_10_4b,0.9533630799041015,33.28304004335796,0.0,0.0,0.0,0.0,0.0,0.0,9.09675,6.3025,84.29810466376904,0.648,19.386810466376904,-4.368484048638257,11.4,5.6,89.77688408154413,10.666392586633247,6.659646547521099,,classic,True
00-0035228,Kyler Murray,QB,MIN,5500,43727246,14.0911,14.0911,1.0,1.0635029845472972,14.985950802131804,GB,23.83,46.06,5.0,1.0,7.8882,statline_mc+recal_10_4b,4.759765618924691,27.59809748973347,31.863,211.50398533243307,1.37825,3.7625,19.640706316695834,0.15725,0.0,0.0,0.0,0.0,16.538980044966905,-1.5530292428351018,16.4,,74.37121068586585,0.7128376775893358,2.8320750576176756,,classic,True
00-0038128,Malik Willis,QB,MIA,5300,43727248,17.8988,17.8988,1.0,0.8341112371459919,14.929615212401771,LV,18.69,40.39,4.0,1.0,7.9292,statline_mc+recal_10_4b,4.205564578639065,27.748077100291624,30.74725,241.68325681910994,1.3615,4.2785,16.363674799434907,0.173,0.0,0.0,0.0,0.0,17.614947752707888,-2.685332540306117,13.0,,57.84064355185044,0.48648870034278224,0.869579848788033,,classic,True
00-0039150,Bryce Young,QB,CAR,5200,43727251,15.1529,15.1529,1.0,0.9818323818732916,14.87762882998041,CHI,22.0,46.94,16.0,1.0,8.0254,statline_mc+recal_10_4b,3.402224355437231,28.569798956860883,33.584,211.62511957630173,1.587,6.23325,24.09384522397424,0.24325,0.0,0.0,0.0,0.0,18.09913930544949,-3.2215104754690813,15.4,9.8,70.45065207780725,2.319747732304826,2.1403508801937874,,classic,True
00-0038117,Wan'Dale Robinson,WR,TEN,4800,43727699,16.4896,16.4896,1.0,0.8952526172899195,14.76235103869122,NYJ,20.06,39.22,16.0,0.8,8.8914,statline_mc+recal_10_4b,3.4688649419373485,31.331222486897083,0.0,0.0,0.0,0.267,1.275545899298385,0.0065,10.07675,6.512,68.68812225806744,0.33775,16.145616815736584,-1.3832657770453647,14.2,,57.90364010989011,7.30774870248379,1.6179153709001926,,classic,True
00-0037228,Jaylen Warren,RB,PIT,5400,43727369,13.9969,13.9969,1.0,1.0536846607285644,14.748268817331928,ATL,23.61,40.78,16.0,1.0,9.5161,statline_mc+recal_10_4b,0.0,36.692833928377354,0.0,0.0,0.0,16.50925,80.17758260593403,0.49875,5.14575,4.2535,38.14635515355899,0.18125,21.086393775949304,-6.338124958617376,13.5,,75.8763162462393,5.031998454065614,4.952975910431514,,classic,True
00-0039163,C.J. Stroud,QB,HOU,5200,43727250,15.0393,15.0393,1.0,0.9679974710378043,14.558014697644328,BUF,21.69,44.5,14.0,1.0,7.9492,statline_mc+recal_10_4b,3.910102203083582,27.845907176765838,33.524,234.9048679428466,1.461,3.818,15.368726236497205,0.13575,0.0,0.0,0.0,0.0,17.377317341363582,-2.8193026437192543,15.0,,65.83842522420107,0.6056458851209255,1.539603634408197,,classic,True
00-0037238,Drake London,WR,ATL,6500,43727643,18.9839,18.9839,1.0,0.7662755453074735,14.546925746827243,PIT,17.17,40.78,12.0,1.0,8.3595,statline_mc+recal_10_4b,4.5173199041819165,30.324130804244415,0.0,0.0,0.0,0.0,0.0,0.0,9.05725,5.502,57.05617160938551,0.384,13.963367160938551,0.5835585858886922,18.2,9.8,66.60860332196538,8.12944667536306,2.6998471817141647,,classic,True
00-0038606,Parker Washington,WR,JAX,5600,43727669,13.3053,13.3053,1.0,1.0898339438793538,14.500525889442892,CLE,24.42,40.11,16.0,1.0,9.6684,statline_mc+recal_10_4b,0.557433950327245,35.116632756500074,0.0,0.0,0.0,0.41775,2.672431501575029,0.017,9.29825,5.69625,86.66702537063175,0.498,18.48544568722068,-3.9849197977777866,12.8,,78.03950359984843,4.115844821136677,5.288851268316165,,classic,True
00-0036912,DeVonta Smith,WR,PHI,6600,43727641,12.784,12.784,1.0,1.1170574781040223,14.280416242310919,WAS,25.03,44.17,17.0,1.0,8.7099,statline_mc+recal_10_4b,3.9682630114532076,29.467954317851763,0.0,0.0,0.0,0.0,0.0,0.0,7.08325,4.70225,66.26361129328335,0.32025,13.802111129328337,0.47830511298258216,12.4,6.3,81.77189907793354,7.4551019695617375,6.587367145010941,,classic,True
00-0037240,Jameson Williams,WR,DET,6000,43727653,11.2523,11.2523,1.0,1.2670100600628522,14.256774735947396,NO,28.39,49.83,17.0,1.0,10.0708,statline_mc+recal_10_4b,0.0,34.26041744642336,0.0,0.0,0.0,0.11925,0.6341961011439594,0.00325,7.11,4.49775,92.952751911398,0.55675,18.009444801254197,-3.752670065306802,13.6,,93.95051787293166,5.149599219362037,13.484529789139092,,classic,True
00-0036139,Rico Dowdle,RB,PIT,5200,43727375,13.4704,13.4704,1.0,1.0536846607285644,14.193588909649186,ATL,23.61,40.78,17.0,1.0,9.1076,statline_mc+recal_10_4b,0.48973796213643705,33.67586209102913,0.0,0.0,0.0,12.83675,64.02521394285174,0.3805,5.863,4.481,38.634961562572165,0.17225,18.83751755054239,-4.643928640893204,12.7,,74.63470550798426,4.551867133990426,4.424312443931529,,classic,True
00-0039361,Bucky Irving,RB,TB,5700,43727359,13.4382,13.4382,1.0,1.0438663369098313,14.027663884529538,CIN,23.39,50.44,10.0,1.0,8.6136,statline_mc+recal_10_4b,2.6861774916226437,29.938256975479305,0.0,0.0,0.0,15.996,58.930137554029,0.2515,3.891,3.13325,28.612872354092207,0.16375,14.96455099081212,-0.9368871062825814,14.3,9.5,84.63065551955565,8.059196999439113,10.977389032917415,,classic,True
00-0035659,Terry McLaurin,WR,WAS,5700,43727663,16.0154,16.0154,1.0,0.8541941722297637,13.680299862516563,PHI,19.14,44.17,10.0,1.0,8.576,statline_mc+recal_10_4b,3.4475222420606753,29.140450229016167,0.0,0.0,0.0,0.0,0.0,0.0,7.87625,4.9475,60.74103463043917,0.33025,13.508603463043917,0.17169639947264592,11.4,,70.07886510041682,3.244576957467074,3.3112581332031437,,classic,True
00-0039338,Brock Bowers,TE,LV,6900,43728215,14.0227,14.0227,1.0,0.9679974710378043,13.57392793895796,MIA,21.69,40.39,12.0,0.6,6.4625,statline_mc+recal_10_4b,6.972886490534226,22.5864565339971,0.0,0.0,0.0,0.0,0.0,0.0,4.34525,3.10625,32.44547128677289,0.2855,8.21004712867729,5.363880810280669,15.2,,51.98786868358273,0.9848246664088286,0.7212158241313913,,classic,True
00-0037740,Garrett Wilson,WR,NYJ,5800,43727661,15.7577,15.7577,1.0,0.8555330345686819,13.481248119591353,TEN,19.17,39.22,7.0,1.0,7.5988,statline_mc+recal_10_4b,5.670133360897645,25.2385016194223,0.0,0.0,0.0,0.0,0.0,0.0,6.68325,4.12,40.56098868487989,0.30175,10.258598868487988,3.2226492511033644,14.2,36.8,65.84935897435898,16.531807757885087,2.581921114409347,,classic,True
00-0038124,Christian Watson,WR,GB,5900,43727655,13.5871,13.5871,1.0,0.9916507056920244,13.473662523677389,MIN,22.22,46.06,10.0,1.0,8.9676,statline_mc+recal_10_4b,2.5056106189776335,30.38788356902073,0.0,0.0,0.0,0.09725,0.6494923458493552,0.0035,6.64525,4.10925,63.910775160137376,0.45125,13.820526750598674,-0.3468642269212854,13.5,,78.01574144246557,3.07360394290781,5.281463813913933,,classic,True
00-0033119,Jacoby Brissett,QB,ARI,5100,43727253,15.9075,15.9075,1.0,0.8466072856425609,13.467405476142138,LAC,18.97,47.17,14.0,1.0,7.8468,statline_mc+recal_10_4b,3.4779537445856175,26.03344656731663,35.34375,207.84130670784927,1.38725,3.77975,13.702132333348496,0.11775,0.0,0.0,0.0,0.0,15.515865501648822,-2.0484600255066834,18.0,,62.786408993305535,0.6625169952350691,1.238033017195916,,classic,True
00-0036275,D'Andre Swift,RB,CHI,6100,43727351,11.977,11.977,1.0,1.1130408910872678,13.330877624724199,CAR,24.94,46.94,16.0,1.0,8.6125,statline_mc+recal_10_4b,1.9731299871653745,30.335325010295712,0.0,0.0,0.0,11.75075,63.786968146047876,0.4825,2.56025,1.863,17.139129392499168,0.07575,13.870109753854706,-0.5392321291305073,14.7,,81.55960715112242,2.7814416757049534,8.303286493459431,,classic,True
00-0038120,Breece Hall,RB,NYJ,6200,43727349,15.515,15.515,1.0,0.8555330345686819,13.27362831708871,TEN,19.17,39.22,16.0,1.0,8.0768,statline_mc+recal_10_4b,4.153789261278064,26.732399884292736,0.0,0.0,0.0,15.04725,57.6237144424069,0.26775,2.408,1.8165,13.858451184630107,0.055,11.3662165627037,1.9074117543850093,13.9,8.8,62.05397091722594,4.868046005220079,1.4097490951736227,,classic,True
00-0036410,Tee Higgins,WR,CIN,6300,43727647,10.9427,10.9427,1.0,1.2076538297041486,13.215052316591875,TB,27.06,50.44,15.0,0.8,8.6429,statline_mc+recal_10_4b,3.2226754243765736,28.62715343593878,0.0,0.0,0.0,0.0,0.0,0.0,5.46775,3.32225,54.85878792720221,0.49525,12.222878792720222,0.9921735238716529,14.3,6.7,78.80250686813186,4.3322992793666195,5.53163601817444,,classic,True
00-0035261,Tony Pollard,RB,TEN,5600,43727361,14.6785,14.6785,1.0,0.8952526172899195,13.140958277775809,NYJ,20.06,39.22,17.0,1.0,8.473,statline_mc+recal_10_4b,2.5588248796415973,29.051964657625582,0.0,0.0,0.0,16.98125,66.12067785211408,0.348,2.906,2.25625,14.20018516335915,0.063,13.308086301547322,-0.1671280237715127,11.6,,62.681236982180046,1.9840874144114713,1.4924751699449197,,classic,True
00-0040124,Tetairoa McMillan,WR,CAR,6100,43727651,13.367,13.367,1.0,0.9818323818732916,13.124179919739431,CHI,22.0,46.94,17.0,1.0,8.5699,statline_mc+recal_10_4b,3.5428243129202546,27.445183514156977,0.0,0.0,0.0,0.0,0.0,0.0,6.8965,4.01525,56.1191531683497,0.36825,12.276165316834971,0.8480146029044597,12.9,20.4,77.06237368952885,5.303998157779106,4.993428963086673,,classic,True
00-0039919,Rome Odunze,WR,CHI,5400,43727677,11.7461,11.7461,1.0,1.1130408910872678,13.073942960050843,CAR,24.94,46.94,12.0,1.0,8.7424,statline_mc+recal_10_4b,2.4025926787017022,28.9853725511549,0.0,0.0,0.0,0.0,0.0,0.0,7.599,4.01625,62.63061231440676,0.48375,13.705311231440675,-0.6313682713898316,11.8,,85.55660524820007,4.449297742135916,8.22997947404691,,classic,True
00-0038559,Michael Wilson,WR,ARI,5300,43727681,15.2704,15.2704,1.0,0.8466072856425609,12.928021009222956,LAC,18.97,47.17,17.0,1.0,8.905,statline_mc+recal_10_4b,2.1215496367052094,28.768856517358795,0.0,0.0,0.0,0.0,0.0,0.0,9.426,5.78575,64.2830170677519,0.40125,15.13055170677519,-2.202530697552234,13.5,,73.29922950612605,3.0197013643132524,4.00186866455476,,classic,True
00-0036970,Kyle Pitts Sr.,TE,ATL,4700,43728223,16.8653,16.8653,1.0,0.7662755453074735,12.923475900022684,PIT,17.17,40.78,17.0,1.0,7.3639,statline_mc+recal_10_4b,2.4927311406130217,28.011294026835166,0.0,0.0,0.0,0.0,0.0,0.0,10.05225,7.27925,59.079913780621254,0.3565,15.777241378062124,-2.85376547803944,12.6,,68.82990403383214,3.290894812836474,1.9423355005592817,,classic,True
00-0031588,Stefon Diggs,WR,WAS,5200,43824688,14.9425,14.9425,1.0,0.8541941722297637,12.763773793416712,PHI,19.14,44.17,17.0,1.0,8.7926,statline_mc+recal_10_4b,1.9194996605863865,29.29158913467043,0.0,0.0,0.0,0.0,0.0,0.0,8.142,6.27075,66.4105369754129,0.3045,15.29080369754129,-2.5270299041245785,12.2,,69.0532240747758,2.7306980650510337,3.1173908714060596,,classic,True
00-0039915,Ladd McConkey,WR,LAC,5900,43727657,10.0319,10.0319,1.0,1.2580843111367315,12.620927101156372,ARI,28.19,47.17,16.0,0.9857086920226626,8.7193,statline_mc+recal_10_4b,2.0158701689187137,29.092681031746515,0.0,0.0,0.0,0.0,0.0,0.0,6.44825,3.9815,62.2759004362886,0.43975,13.388340043628862,-0.7674129424724896,11.4,7.7,86.36948997269356,8.251635519656533,8.633070789954651,,classic,True
00-0033293,Aaron Jones Sr.,RB,MIN,5300,43727371,11.8154,11.8154,1.0,1.0635029845472972,12.56571711386849,GB,23.83,46.06,12.0,1.0,8.1536,statline_mc+recal_10_4b,2.431012176227245,27.515281104063455,0.0,0.0,0.0,12.1745,53.50988929912096,0.2785,4.081,2.93775,22.145446735950127,0.12025,13.38728360350711,-0.8215664896386183,10.0,,77.52704813700531,1.8136132742184874,5.754919910022307,,classic,True
00-0040735,Luther Burden III,WR,CHI,5500,43727673,11.2309,11.2309,1.0,1.1130408910872678,12.500461935235782,CAR,24.94,46.94,15.0,0.8,8.6738,statline_mc+recal_10_4b,2.913802532286963,26.558474163479836,0.0,0.0,0.0,0.449,3.136969708104849,0.01725,5.24875,3.7765,57.700699938732676,0.24825,11.937766964683753,0.5626949705520286,8.6,,72.62833104395605,1.9549333005819014,3.8470122295498466,,classic,True
00-0034960,Jakobi Meyers,WR,JAX,5000,43727691,11.2876,11.2876,1.0,1.0898339438793538,12.301566799591166,CLE,24.42,40.11,16.0,1.0,8.6267,statline_mc+recal_10_4b,1.973265061048882,28.187316435676493,0.0,0.0,0.0,0.75025,4.451959702192031,0.0265,7.28475,4.80875,60.81320957334885,0.29775,13.80126692755409,-1.4997001279629245,10.5,,75.51203107237589,4.846976199411803,4.55819274075346,,classic,True
00-0040129,Emeka Egbuka,WR,TB,6200,43727649,11.7435,11.7435,1.0,1.0438663369098313,12.258612419306388,CIN,23.39,50.44,17.0,1.0,8.2717,statline_mc+recal_10_4b,3.3104221218618557,25.604198269717198,0.0,0.0,0.0,0.0,0.0,0.0,6.6135,3.48625,53.2217473117257,0.34225,11.29017473117257,0.9684376881338181,12.0,,83.58252020967538,1.3396547062954787,7.327694018043571,,classic,True
00-0037664,Alec Pierce,WR,IND,5700,43727665,12.1444,12.1444,1.0,1.0090559160979602,12.254427764891167,BAL,22.61,48.17,15.0,1.0,9.212,statline_mc+recal_10_4b,0.4814963784171473,30.179591767955536,0.0,0.0,0.0,0.0,0.0,0.0,7.05,4.0515,76.13970592321763,0.4145,14.813220592321763,-2.5587928274305956,12.6,,79.89310976379942,3.087161457868674,5.8981381153914265,,classic,True
00-0029604,Kirk Cousins,QB,LV,5000,43727254,12.646,12.646,1.0,0.9679974710378043,12.241248961048825,MIA,21.69,40.39,10.0,1.0,7.7615,statline_mc+recal_10_4b,3.463540803567123,23.41176432097855,31.10575,194.71707278373162,1.1985,1.95275,6.396084493856921,0.08925,0.0,0.0,0.0,0.0,13.348291360734958,-1.107042399686133,11.3,,58.52777251484148,0.4684548710386672,0.9133241014717767,,classic,True
00-0036919,Kenny Gainwell,RB,TB,5200,43727377,11.6461,11.6461,1.0,1.0438663369098313,12.156921605984543,CIN,23.39,50.44,17.0,1.0,8.3023,statline_mc+recal_10_4b,1.556553961882294,26.683551483992655,0.0,0.0,0.0,6.45775,30.908005794266682,0.25275,5.98575,4.9215,35.975358892857656,0.1935,14.667836468712434,-2.5109148627278906,12.8,,81.14072263364962,2.7461552196433705,7.9930386076743245,,classic,True
00-0040128,Tyler Warren,TE,IND,4900,43728221,12.0457,12.0457,1.0,1.0090559160979602,12.154832627813649,BAL,22.61,48.17,17.0,1.0,7.3539,statline_mc+recal_10_4b,1.8790825873687966,26.746797239713857,0.0,0.0,0.0,0.0,0.0,0.0,8.07375,5.47225,59.849259321840336,0.37475,14.192925932184032,-2.038093304370383,11.1,10.2,83.45071567989591,8.745423930542627,4.5902700610104175,,classic,True
00-0035700,Josh Jacobs,RB,GB,6300,43727347,12.2495,12.2495,1.0,0.9916507056920244,12.14727457456593,MIN,22.22,46.06,15.0,0.8,7.5385,statline_mc+recal_10_4b,4.533137414253467,22.864004464192956,0.0,0.0,0.0,9.0305,36.14905221190835,0.42,1.6705,1.33325,9.978497145137254,0.046,8.94800493570456,3.19926963886137,15.4,,63.67747483221475,0.8402836611130721,1.6339542656850898,,classic,True
00-0034827,DJ Moore,WR,BUF,5600,43727667,11.8529,11.8529,1.0,1.017981665024081,12.06603087319627,HOU,22.81,44.5,17.0,1.0,8.6831,statline_mc+recal_10_4b,2.0655222944890688,27.745072102317458,0.0,0.0,0.0,0.15575,0.8793107475387929,0.006,7.02975,4.20775,57.66134195422179,0.4065,13.00481527017606,-0.9387843969797895,10.8,,75.73327175697867,2.744876284806169,4.6179014675732795,,classic,True
00-0034351,Dallas Goedert,TE,PHI,4100,43728233,10.7441,10.7441,1.0,1.1170574781040223,12.001798870914804,WAS,25.03,44.17,15.0,1.0,7.9866,statline_mc+recal_10_4b,0.0,29.189733694151567,0.0,0.0,0.0,0.0,0.0,0.0,7.55975,5.38325,63.78446838383171,0.749,16.777696838383175,-4.775897967468371,13.0,32.6,84.54714270223378,15.070815348065532,4.896078440175801,,classic,True
00-0040676,Cam Ward,QB,TEN,5100,43727252,13.1227,13.1227,1.0,0.8952526172899195,11.748111947565045,NYJ,20.06,39.22,17.0,1.0,7.5778,statline_mc+recal_10_4b,4.1392100763540824,21.075999696228095,32.71,174.10222479876265,0.915,2.44175,8.758949156743668,0.099,0.0,0.0,0.0,0.0,11.632983907624872,0.1151280399401724,11.8,,53.88191549829481,0.4410834213886686,0.6553987788383975,,classic,True
00-0035685,David Montgomery,RB,HOU,6000,43727353,12.0128,12.0128,1.0,0.9679974710378043,11.628349758964312,BUF,21.69,44.5,17.0,1.0,8.6068,statline_mc+recal_10_4b,0.905344397682792,27.903326538381506,0.0,0.0,0.0,14.3965,60.92471896242044,0.57625,1.79425,1.40575,10.588835397580942,0.03675,12.724105436000139,-1.095755677035827,10.1,,69.46479885057471,0.7957332379543388,2.765228777823328,,classic,True
00-0039893,Brian Thomas Jr.,WR,JAX,5500,43727671,10.6137,10.6137,1.0,1.0898339438793538,11.567214789109538,CLE,24.42,40.11,14.0,1.0,8.3296,statline_mc+recal_10_4b,2.8882090956881035,24.69165343707929,0.0,0.0,0.0,0.20925,1.1985410740035523,0.0105,6.2545,3.45675,54.052187692470646,0.255,11.00607287664742,0.5611419124621193,9.9,,72.78309334343818,1.107039809145687,3.882194037602457,,classic,True
00-0036252,Michael Pittman Jr.,WR,PIT,4900,43727697,10.8086,10.8086,1.0,1.0536846607285644,11.388894391853883,ATL,23.61,40.78,17.0,1.0,8.8495,statline_mc+recal_10_4b,0.0,28.196926577325797,0.0,0.0,0.0,0.0,0.0,0.0,8.76575,6.0445,64.47749420664427,0.4985,16.027749420664428,-4.638855028810545,12.1,,74.90783282809146,3.4268037226725587,4.399034754988273,,classic,True
00-0038997,Josh Downs,WR,IND,5200,43727685,11.2504,11.2504,1.0,1.0090559160979602,11.3522474188667,BAL,22.61,48.17,16.0,1.0,7.9431,statline_mc+recal_10_4b,2.82559231195214,23.605665664675975,0.0,0.0,0.0,0.444,2.318324984439806,0.0145,6.446,4.162,45.97425608936569,0.2995,11.212508107380549,0.13973931148615115,8.6,,79.1605090311987,1.1649656464265905,5.649361707791022,,classic,True
00-0030279,Keenan Allen,WR,IND,4700,43950117,11.1834,11.1834,1.0,1.0090559160979602,11.284717914858053,BAL,22.61,48.17,17.0,1.0,8.258,statline_mc+recal_10_4b,2.380339988985798,24.65676060227807,0.0,0.0,0.0,0.0,0.0,0.0,7.3925,4.817,50.96617206643843,0.30125,12.105617206643844,-0.8208992917857909,10.6,,79.81984969053934,2.467858390492102,5.872775272961237,,classic,True
00-0040784,Quinshon Judkins,RB,CLE,5500,43727363,16.0947,16.0947,1.0,0.7002250032541792,11.269895230285462,JAX,15.69,40.11,14.0,1.0,7.0175,statline_mc+recal_10_4b,4.78832838067278,19.756102516841796,0.0,0.0,0.0,10.54275,27.888242458460095,0.212,3.74375,2.7875,14.297546221082863,0.062,8.750328867954297,2.5195663623311653,12.3,,56.70928797346293,0.688630903976913,0.867214848804435,,classic,True
00-0033921,Chris Godwin Jr.,WR,TB,5200,43727683,10.779,10.779,1.0,1.0438663369098313,11.251811180496821,CIN,23.39,50.44,9.0,1.0,8.3543,statline_mc+recal_10_4b,1.8870521246814498,25.548600119725663,0.0,0.0,0.0,0.0,0.0,0.0,6.93375,4.392,54.81501266528849,0.33725,12.338751266528849,-1.086940086032028,9.6,,83.14295977011494,1.283549162837734,7.140654043416957,,classic,True
00-0040663,Harold Fannin Jr.,TE,CLE,4200,43728231,15.9047,15.9047,1.0,0.7002250032541792,11.136853515184525,JAX,15.69,40.11,16.0,1.0,6.2077,statline_mc+recal_10_4b,4.838660714760591,19.669258620429755,0.0,0.0,0.0,0.0,0.0,0.0,6.23375,4.1545,30.335013310797766,0.2365,8.734751331079776,2.4021021841047485,11.9,13.3,64.25666883539361,6.534134730731523,1.4842020385809875,,classic,True
00-0037261,Khalil Shakir,WR,BUF,4800,43727701,10.8693,10.8693,1.0,1.017981665024081,11.064728796211497,HOU,22.81,44.5,16.0,0.8,7.7932,statline_mc+recal_10_4b,2.792421666253857,23.60254983883427,0.0,0.0,0.0,0.0,0.0,0.0,6.11575,4.37725,45.9357476697099,0.285,11.012074766970988,0.052654029240509104,11.4,,65.31432005494506,2.9599774462466186,2.501926067427477,,classic,True
DST_JAX,Jaguars,DST,JAX,3400,43728526,11.049392187,11.049392187,1.5223521764446706,1.4522439481943792,11.049392187,CLE,24.42,40.11,,,6.1135,dst_simulated_session_10_4+recal_10_4b,0.0,0.0,0.0,0.0,0.0,0.0,0.0,0.0,0.0,0.0,0.0,0.0,11.049392187,0.0,8.2,,78.6278735632184,12.93653064253446,16.21305976605737,,classic,True
00-0039917,Michael Penix Jr.,QB,ATL,4800,43727258,14.1672,14.1672,1.0,0.7662755453074735,10.85594732388944,PIT,17.17,40.78,9.0,1.0,7.5498,statline_mc+recal_10_4b,3.4701329634823823,19.792346083456312,32.4695,178.48457139111545,0.906,2.23875,6.820168062634199,0.0745,0.0,0.0,0.0,0.0,11.422899661908039,-0.5669523380185986,14.3,,50.857687571049645,0.4836319823449894,0.5280693356028164,,classic,True
00-0038996,Tucker Kraft,TE,GB,4500,43728227,10.9395,10.9395,1.0,0.9916507056920244,10.848149307323855,MIN,22.22,46.06,8.0,1.0,7.4569,statline_mc+recal_10_4b,0.3134154073968114,25.93683954941437,0.0,0.0,0.0,0.0,0.0,0.0,6.48725,4.51,60.52006563354886,0.50975,14.125756563354887,-3.2776072560310325,15.4,,77.62836152678376,1.8000135998711033,3.259088119781275,,classic,True
00-0030565,Geno Smith,QB,NYJ,4600,43727261,12.3648,12.3648,1.0,0.8555330345686819,10.57851268748684,TEN,19.17,39.22,15.0,1.0,7.6381,statline_mc+recal_10_4b,2.576865564117249,20.545711522565703,31.7995,186.1864205727188,1.16275,1.35525,3.913267189141167,0.039,0.0,0.0,0.0,0.0,11.999533541822867,-1.4210208543360263,13.0,,49.60393772893773,0.4569184523029224,0.4828345422637202,,classic,True
00-0039065,Sam LaPorta,TE,DET,4400,43728229,8.3117,8.3117,1.0,1.2670100600628522,10.531064560685774,NO,28.39,49.83,9.0,1.0,7.4389,statline_mc+recal_10_4b,0.38417910772877084,25.877838495636034,0.0,0.0,0.0,0.0,0.0,0.0,5.69525,4.271,61.77727019242292,0.40625,13.393977019242291,-2.862912458556517,11.9,29.8,92.08929733246583,9.401372473199693,7.630021942252713,,classic,True
00-0037809,Chig Okonkwo,TE,WAS,4000,43728235,12.271,12.271,1.0,0.8541941722297637,10.481822665000486,PHI,19.14,44.17,17.0,1.0,7.1866,statline_mc+recal_10_4b,0.7825875368764414,23.997597606224247,0.0,0.0,0.0,0.0,0.0,0.0,9.1745,6.3535,55.63858961716312,0.34275,14.385358961716312,-3.903536296715826,7.3,,70.28966059423118,1.3094177203145632,2.116490194834389,,classic,True
00-0036555,Chuba Hubbard,RB,CAR,5500,43727365,10.5491,10.5491,1.0,0.9818323818732916,10.35749348695215,CHI,22.0,46.94,15.0,1.0,7.2308,statline_mc+recal_10_4b,3.4110072856310314,19.87862799114918,0.0,0.0,0.0,9.59275,36.60072617645836,0.17575,2.37775,1.82275,13.271462135548784,0.09175,8.611468831200714,1.7460246557514356,9.1,,70.89463762246393,0.8085097221026832,3.1490748619247544,,classic,True
00-0039491,Jalen Coker,WR,CAR,4600,43727707,10.4354,10.4354,1.0,0.9818323818732916,10.245793938124127,CHI,22.0,46.94,11.0,1.0,8.4153,statline_mc+recal_10_4b,1.1585974745268923,23.987316913215018,0.0,0.0,0.0,0.0,0.0,0.0,5.89475,4.07975,51.991985152361096,0.314,11.550698515236109,-1.3049045771119818,10.2,,73.85724548440065,3.499339193946886,4.135407561570064,,classic,True
00-0034753,Mark Andrews,TE,BAL,3900,43728237,8.9742,8.9742,1.0,1.1407107127582423,10.237007649682095,IND,25.56,48.17,17.0,1.0,7.3385,statline_mc+recal_10_4b,0.5881692527824391,24.473550471286984,0.0,0.0,0.0,0.0,0.0,0.0,6.75975,4.60425,51.980306067484996,0.47025,13.0190306067485,-2.7820229570664043,7.7,14.7,90.32020169160702,8.586650184229724,6.875925630246762,,classic,True
00-0036212,Tua Tagovailoa,QB,ATL,4800,43727257,13.3516,13.3516,1.0,0.7662755453074735,10.23097112687805,PIT,17.17,40.78,14.0,1.0,7.491,statline_mc+recal_10_4b,3.1468653188497466,18.73252700220805,26.864,144.21083233537993,1.0395,2.215,5.857595510598197,0.0605,0.0,0.0,0.0,0.0,10.011442844475015,0.21952828240303468,12.8,,49.75878647214854,0.4437036425913398,0.48820463739467446,,classic,True
00-0033537,Deshaun Watson,QB,CLE,4700,43727259,14.3599,14.3599,1.0,0.7002250032541792,10.055167495261042,JAX,15.69,40.11,0.0,0.0,7.5042,statline_mc+recal_10_4b,3.0783531084821862,18.904804224287588,31.336,157.29191882692226,1.01525,1.06475,3.1907667366643815,0.0335,0.0,0.0,0.0,0.0,10.21600342674333,-0.16083593148228736,0.0,,16.101348364279396,0.20811413032494128,0.04410759257591434,,classic,True
00-0038994,Jordan Addison,WR,MIN,5800,43727659,9.4408,9.4408,1.0,1.0635029845472972,10.040344949152486,GB,23.83,46.06,14.0,1.0,7.2942,statline_mc+recal_10_4b,3.503081545176984,20.269017848237414,0.0,0.0,0.0,0.19175,1.8996110724882802,0.011,4.5215,2.50975,36.16658036620424,0.209,7.887369143869253,2.1529758052832326,10.1,,75.8180971327523,2.129454479962215,4.641001122335976,,classic,True
00-0038544,Quentin Johnston,WR,LAC,4700,43727703,7.9392,7.9392,1.0,1.2580843111367315,9.9881647363018,ARI,28.19,47.17,13.0,0.6,8.1405,statline_mc+recal_10_4b,1.5471145221019968,23.362733633959525,0.0,0.0,0.0,0.0,0.0,0.0,4.37375,2.67,46.296759862299865,0.384,9.956175986229988,0.03198875007181101,12.0,8.8,61.774974737905765,6.905249707160218,2.0316821167341956,,classic,True
00-0038563,Tre Tucker,WR,LV,4000,43727735,10.2808,10.2808,1.0,0.9679974710378043,9.951767263523735,MIA,21.69,40.39,17.0,1.0,8.4096,statline_mc+recal_10_4b,0.40165342510640434,24.447445570637832,0.0,0.0,0.0,1.0505,5.550276166917973,0.03275,6.91275,4.2745,51.094241231310505,0.33925,12.57445173982285,-2.6226844762991153,9.7,29.8,66.73290071996968,9.021537678522607,2.719659758483084,,classic,True
00-0040583,Woody Marks,RB,HOU,5000,43727387,10.1718,10.1718,1.0,0.9679974710378043,9.84631266952955,BUF,21.69,44.5,16.0,0.8,6.9861,statline_mc+recal_10_4b,3.6622206237615256,18.875427587623573,0.0,0.0,0.0,9.245,33.22654897152336,0.155,2.10225,1.48825,11.394275252443306,0.0855,7.577582422396667,2.2687302471328827,9.8,,57.42732802013422,0.6515072051102532,0.9257119536817074,,classic,True
00-0038611,Chris Rodriguez Jr.,RB,JAX,5100,43727385,8.9456,8.9456,1.0,1.0898339438793538,9.749212022781496,CLE,24.42,40.11,12.0,0.6,7.7716,statline_mc+recal_10_4b,1.921141818445692,22.341019721327392,0.0,0.0,0.0,9.4465,44.82861379986152,0.43025,0.81125,0.60475,5.766551706655956,0.02275,8.700516550651749,1.0486954721297472,7.1,,49.90825619069659,0.4947481621515692,0.4673185460639224,,classic,True
00-0039032,Tyjae Spears,RB,TEN,5100,43727383,10.8883,10.8883,1.0,0.8952526172899195,9.747785826227028,NYJ,20.06,39.22,13.0,1.0,7.1997,statline_mc+recal_10_4b,2.5947461557508964,19.471713825859293,0.0,0.0,0.0,6.436,23.016721170141015,0.164,4.5805,3.831,22.26858276309265,0.084,10.006780393323366,-0.2589945670963374,8.6,,56.7416396667438,0.6059248908255382,0.869769136651035,,classic,True
00-0039146,Jayden Reed,WR,GB,4900,43727695,9.8056,9.8056,1.0,0.9916507056920244,9.72371073936105,MIN,22.22,46.06,5.0,0.8,7.232,statline_mc+recal_10_4b,3.5074708212717343,18.353834725987262,0.0,0.0,0.0,0.46,2.887055307378564,0.01725,3.757,2.651,31.589707277895197,0.175,7.439426258527376,2.2842844808336737,8.0,,62.248969780219774,0.917918691310887,2.089126717572766,,classic,True
DST_TEN,Titans,DST,TEN,3100,43728531,9.6909051285,9.6909051285,1.3351838964905405,1.1886128089290457,9.6909051285,NYJ,20.06,39.22,,,6.0867,dst_simulated_session_10_4+recal_10_4b,0.0,0.0,0.0,0.0,0.0,0.0,0.0,0.0,0.0,0.0,0.0,0.0,9.6909051285,0.0,4.8,,60.553160919540225,7.2348571198194875,4.8590173832500865,,classic,True
00-0036894,Pat Freiermuth,TE,PIT,3400,43728253,9.0835,9.0835,1.0,1.0536846607285644,9.571102304727285,ATL,23.61,40.78,15.0,1.0,7.8951,statline_mc+recal_10_4b,0.0,26.61780471916307,0.0,0.0,0.0,0.0,0.0,0.0,8.7085,6.2495,73.8656953394067,0.54425,17.54131953394067,-7.970217229213384,6.6,,77.2836017132943,1.9433104345715613,3.1936595363742053,,classic,True
00-0036259,Jauan Jennings,WR,MIN,4300,43727721,8.9717,8.9717,1.0,1.0635029845472972,9.541394104613948,GB,23.83,46.06,15.0,1.0,8.1058,statline_mc+recal_10_4b,0.7372546005043104,22.986119347015567,0.0,0.0,0.0,0.0,0.0,0.0,5.56325,3.43875,44.700217512369214,0.43925,10.890521751236921,-1.3491276466229731,11.1,,76.33091764557281,0.8891142382591238,4.783134164602791,,classic,True
00-0040236,Kyle Monangai,RB,CHI,5100,43727381,8.5383,8.5383,1.0,1.1130408910872678,9.503452310109653,CAR,24.94,46.94,17.0,1.0,7.6577,statline_mc+recal_10_4b,1.5949458135165393,21.188989271205507,0.0,0.0,0.0,7.84975,39.6136833577209,0.26725,2.64875,1.8365,17.73692061242715,0.0705,9.892060397014806,-0.3886080869051529,8.9,,74.78108366118954,0.8870989833862046,4.483580703329912,,classic,True
00-0038129,Cade Otton,TE,TB,3700,43728243,9.091,9.091,1.0,1.0438663369098313,9.489792429242602,CIN,23.39,50.44,15.0,1.0,7.2678,statline_mc+recal_10_4b,0.0,22.880126614691168,0.0,0.0,0.0,0.0,0.0,0.0,7.38925,5.199,56.7884696598477,0.32875,13.279346965984768,-3.789554536742166,7.6,,85.8159157449577,1.994874985694423,5.275472636869839,,classic,True
00-0040719,Bhayshul Tuten,RB,JAX,5800,43727357,8.6008,8.6008,1.0,1.0898339438793538,9.373445717523172,CLE,24.42,40.11,15.0,1.0,7.9933,statline_mc+recal_10_4b,0.9177680814963503,22.145709381299866,0.0,0.0,0.0,11.3215,48.60197330426962,0.52925,0.50425,0.3825,3.0875510396287447,0.02225,9.170952434389836,0.20249328313333592,5.9,,67.17513307104836,0.6530520338755318,2.2455981846729998,,classic,True
00-0038933,Dalton Kincaid,TE,BUF,4600,43728225,9.197,9.197,1.0,1.017981665024081,9.36232916058075,HOU,22.81,44.5,12.0,1.0,6.9414,statline_mc+recal_10_4b,1.173738279070601,21.531489343208676,0.0,0.0,0.0,0.0,0.0,0.0,4.68775,3.4535,46.43111972058357,0.33225,10.419361972058356,-1.0570328114776064,11.7,,75.88151973541531,0.9498447568033253,2.9408305424848082,,classic,True
DST_PIT,Steelers,DST,PIT,3300,43728527,9.168019785,9.168019785,1.2631423192493247,1.327065087196844,9.168019785,ATL,23.61,40.78,,,5.7746,dst_simulated_session_10_4+recal_10_4b,0.0,0.0,0.0,0.0,0.0,0.0,0.0,0.0,0.0,0.0,0.0,0.0,9.168019785,0.0,7.8,,71.21048850574712,6.9959971959085445,9.888028062042483,,classic,True
00-0037197,Isiah Pacheco,RB,DET,5000,43727389,7.2328,7.2328,1.0,1.2670100600628522,9.16403382606198,NO,28.39,49.83,13.0,0.8,7.6893,statline_mc+recal_10_4b,1.1642903835952056,21.969128149794642,0.0,0.0,0.0,9.6265,49.09669263452859,0.237,1.894,1.40775,12.279765575419148,0.0695,9.757145820994774,-0.5931119949327943,6.7,,71.00327181208054,0.7487891662321914,3.1803286817553107,,classic,True
00-0040242,Jacory Croskey-Merritt,RB,WAS,5300,43727373,10.6941,10.6941,1.0,0.8541941722297637,9.134823055411289,PHI,19.14,44.17,17.0,1.0,7.5218,statline_mc+recal_10_4b,2.928549876803113,19.482307379830644,0.0,0.0,0.0,11.15475,41.23287161828281,0.37,0.0,0.0,0.0,0.0,6.567537161828281,2.5672858935830076,8.7,,58.9435798040577,1.1732014548332241,1.0625258101215234,,classic,True
00-0037263,Tyler Allgeier,RB,ARI,4900,43727395,10.6944,10.6944,1.0,0.8466072856425609,9.053919424774016,LAC,18.97,47.17,17.0,1.0,7.8482,statline_mc+recal_10_4b,0.20638902590391361,22.29392576438058,0.0,0.0,0.0,14.62175,44.45494744516137,0.52725,1.878,1.48225,9.458103534525184,0.0395,10.542305097968656,-1.4883856731946405,7.2,,61.74650929568772,0.6359464288639013,1.3708907147984168,,classic,True
00-0038935,Brenton Strange,TE,JAX,3600,43728245,8.2091,8.2091,1.0,1.0898339438793538,8.946505419125227,CLE,24.42,40.11,12.0,1.0,7.297,statline_mc+recal_10_4b,0.0,22.836865905304883,0.0,0.0,0.0,0.0,0.0,0.0,6.45525,4.684,58.452658572861516,0.365,13.19601585728615,-4.249510438160923,9.3,,74.54375406636304,1.4186052451775188,2.7182816673192147,,classic,True
00-0036040,Juwan Johnson,TE,NO,3700,43728241,9.1858,9.1858,1.0,0.9568402848801533,8.789323322892495,DET,21.44,49.83,17.0,1.0,6.8526,statline_mc+recal_10_4b,0.8375752401985963,20.341853674880305,0.0,0.0,0.0,0.0,0.0,0.0,5.747,4.2,46.37857116564001,0.23475,10.557107116564003,-1.7677837936715086,10.7,20.4,76.63467794404684,5.179563723634866,3.074048624364037,,classic,True
00-0034383,Dalton Schultz,TE,HOU,3400,43728251,9.0669,9.0669,1.0,0.9679974710378043,8.776700941624911,BUF,21.69,44.5,17.0,1.0,6.7096,statline_mc+recal_10_4b,1.2149280050238014,18.952445550749594,0.0,0.0,0.0,0.0,0.0,0.0,5.8955,4.39275,41.23488282232003,0.2585,10.301988282232003,-1.5252873406070915,9.9,6.3,72.92391834743006,5.7646014477121295,2.471228725501647,,classic,True
DST_LV,Raiders,DST,LV,2900,43728535,8.722147292999999,8.722147292999999,1.2017113421308174,1.2191389805869346,8.722147292999999,MIA,21.69,40.39,,,5.809,dst_simulated_session_10_4+recal_10_4b,0.0,0.0,0.0,0.0,0.0,0.0,0.0,0.0,0.0,0.0,0.0,0.0,8.722147292999999,0.0,4.4,,57.60057471264368,6.559788363913409,3.99082171175476,,classic,True
00-0037252,Greg Dulcich,TE,MIA,3500,43728247,10.3622,10.3622,1.0,0.8341112371459919,8.643261035858323,LV,18.69,40.39,9.0,1.0,7.0169,statline_mc+recal_10_4b,0.0,20.92215772718255,0.0,0.0,0.0,0.0,0.0,0.0,7.0545,5.05875,50.815613334961824,0.3025,12.308311333496183,-3.66505029763786,6.4,,62.29464866623291,1.1686632756871926,1.322421239796252,,classic,True
DST_LAC,Chargers,DST,LAC,3500,43728525,8.619927259500002,8.619927259500002,1.1876277719360648,1.2011443092867586,8.619927259500002,ARI,28.19,47.17,,,5.9353,dst_simulated_session_10_4+recal_10_4b,0.0,0.0,0.0,0.0,0.0,0.0,0.0,0.0,0.0,0.0,0.0,0.0,8.619927259500002,0.0,6.7,,71.35057471264368,8.137783590617403,9.98080570631907,,classic,True
00-0040667,Matthew Golden,WR,GB,4700,43727705,8.6601,8.6601,1.0,0.9916507056920244,8.587793869798077,MIN,22.22,46.06,14.0,1.0,6.4737,statline_mc+recal_10_4b,3.520517353474027,15.466716805274832,0.0,0.0,0.0,0.4815,2.8725363088023452,0.01375,2.9275,1.8715,24.182666459805965,0.10425,5.418270276860831,3.169523592937246,5.9,,70.0487084754326,0.9347994259019604,3.305389435936365,,classic,True
DST_NYJ,Jets,DST,NYJ,2500,43728542,8.581216229999999,8.581216229999999,1.1822942821825668,1.1358777441261123,8.581216229999999,TEN,19.17,39.22,,,5.8687,dst_simulated_session_10_4+recal_10_4b,0.0,0.0,0.0,0.0,0.0,0.0,0.0,0.0,0.0,0.0,0.0,0.0,8.581216229999999,0.0,2.8,,58.95833333333333,6.386603380361986,4.368913686469869,,classic,True
00-0039849,Marvin Harrison Jr.,WR,ARI,5000,43727693,10.0882,10.0882,1.0,0.8466072856425609,8.540729075417598,LAC,18.97,47.17,12.0,0.5656086189410143,6.161,statline_mc+recal_10_4b,4.070365719861431,14.48945671757713,0.0,0.0,0.0,0.0,0.0,0.0,3.07475,1.803,20.81424304771337,0.1335,4.7676743047713375,3.7730547706462607,10.7,,46.622489688640556,0.8372282049867962,0.8332191625721548,,classic,True
00-0040727,Tre' Harris,WR,LAC,3800,43727747,6.7329,6.7329,1.0,1.2580843111367315,8.470545714929559,ARI,28.19,47.17,16.0,1.0,8.2633,statline_mc+recal_10_4b,0.0,22.068035175194332,0.0,0.0,0.0,0.301,1.9967625874686254,0.01525,5.54375,3.6675,53.645938443617815,0.30975,11.620520103108644,-3.1499743881790856,4.1,,82.47236958443855,0.6903804850431748,6.864463549668938,,classic,True
00-0038555,Tank Bigsby,RB,PHI,4900,43727397,7.3791,7.3791,1.0,1.1170574781040223,8.242842721479628,WAS,25.03,44.17,15.0,1.0,7.1842,statline_mc+recal_10_4b,1.7267354025890285,18.232499415985483,0.0,0.0,0.0,6.8025,37.93820625716866,0.22925,1.3385,1.007,9.102673336127028,0.04175,7.569337959329569,0.6735047621500589,3.3,,68.56259160688111,0.6141312576897655,2.547479736563048,,classic,True
00-0036407,Jerry Jeudy,WR,CLE,4100,43727729,11.7354,11.7354,1.0,0.7002250032541792,8.217426301152903,JAX,15.69,40.11,17.0,1.0,6.1327,statline_mc+recal_10_4b,3.6673004052406686,14.365735816924165,0.0,0.0,0.0,0.29825,1.1288071049223314,0.0075,5.07375,2.5995,21.684891730194956,0.113,5.689369883511729,2.5280564176411744,7.2,,53.86099532651256,0.5487722253505634,1.275496963795072,,classic,True
00-0039890,Adonai Mitchell,WR,NYJ,4000,43727737,9.5611,9.5611,1.0,0.8555330345686819,8.179816537374688,TEN,19.17,39.22,16.0,1.0,7.0694,statline_mc+recal_10_4b,2.0776988740576403,17.090202498516263,0.0,0.0,0.0,0.12175,0.5666020274512069,0.00325,5.668,2.83975,32.54825891821036,0.19625,7.539736094566157,0.6400804428085305,5.7,,56.72847985347985,0.9884180398034871,1.5098517068242772,,classic,True
00-0037525,Jordan Mason,RB,MIN,5400,43727367,7.6681,7.6681,1.0,1.0635029845472972,8.155031871238547,GB,23.83,46.06,16.0,0.8,6.622,statline_mc+recal_10_4b,3.7373492714330716,15.151232754478851,0.0,0.0,0.0,5.607,27.973103693178658,0.20475,0.3515,0.279,2.043801989657624,0.01075,4.685190568283629,3.4698413029549187,8.3,,60.558598993288584,0.6357486172646413,1.2305593716363339,,classic,True
00-0039855,Jalen McMillan,WR,TB,4400,43727717,7.8051,7.8051,1.0,1.0438663369098313,8.147521145253585,CIN,23.39,50.44,4.0,0.8,7.3868,statline_mc+recal_10_4b,1.2863038705855085,18.619854437541797,0.0,0.0,0.0,0.153,0.9411169176115568,0.0055,4.2525,2.82425,39.644452222799444,0.1845,8.3105569140411,-0.16303576878751613,8.2,,67.71349587912087,0.6765873130145108,2.881148075029038,,classic,True
DST_DET,Lions,DST,DET,3200,43728528,8.14418262,8.14418262,1.122081099764647,1.0627662102224724,8.14418262,NO,28.39,49.83,,,6.0092,dst_simulated_session_10_4+recal_10_4b,0.0,0.0,0.0,0.0,0.0,0.0,0.0,0.0,0.0,0.0,0.0,0.0,8.14418262,0.0,5.7,,74.97844827586206,4.645731910780617,12.711690180228718,,classic,True
DST_GB,Packers,DST,GB,3000,43728532,8.131251663,8.131251663,1.1202995112211955,0.9561774044133367,8.131251663,MIN,22.22,46.06,,,6.2265,dst_simulated_session_10_4+recal_10_4b,0.0,0.0,0.0,0.0,0.0,0.0,0.0,0.0,0.0,0.0,0.0,0.0,8.131251663,0.0,4.6,,60.22270114942529,4.30465257893232,4.753140614741878,,classic,True
00-0038608,Kayshon Boutte,WR,HOU,4500,43950119,8.3424,8.3424,1.0,0.9679974710378043,8.075432319256539,BUF,21.69,44.5,14.0,0.8,7.1301,statline_mc+recal_10_4b,2.0830929480040536,16.87694045015676,0.0,0.0,0.0,0.0,0.0,0.0,3.11975,2.0955,30.99231728895727,0.21925,6.697731728895727,1.3777005903608117,8.8,,57.12008928571428,0.6009390619017498,1.5450361182089736,,classic,True
DST_MIA,Dolphins,DST,MIA,2700,43728539,8.062013754,8.062013754,1.1107601193999295,1.0505167149455883,8.062013754,LV,18.69,40.39,,,5.9548,dst_simulated_session_10_4+recal_10_4b,0.0,0.0,0.0,0.0,0.0,0.0,0.0,0.0,0.0,0.0,0.0,0.0,8.062013754,0.0,5.6,,46.13505747126436,5.605410643147297,1.8582391325749643,,classic,True
00-0040189,Oronde Gadsden II,TE,LAC,3500,43728249,6.4,6.4,1.0,1.2580843111367315,8.051785381436613,ARI,28.19,47.17,15.0,1.0,7.396,statline_mc+recal_10_4b,0.0,21.29827946529695,0.0,0.0,0.0,0.0,0.0,0.0,4.99575,3.48925,56.0521290366443,0.3275,11.474712903664429,-3.422927522227816,8.8,,85.49365647364996,0.6945259901377314,5.176410420443184,,classic,True
DST_PHI,Eagles,DST,PHI,3200,43728529,8.030586618,8.030586618,1.1064301826867307,1.190475838410126,8.030586618,WAS,25.03,44.17,,,5.839,dst_simulated_session_10_4+recal_10_4b,0.0,0.0,0.0,0.0,0.0,0.0,0.0,0.0,0.0,0.0,0.0,0.0,8.030586618,0.0,7.8,,59.21695402298851,5.164258743326434,4.4448928955390965,,classic,True
00-0031610,Darren Waller,TE,CAR,3200,43950121,8.1335,8.1335,1.0,0.9818323818732916,7.985758747807889,CHI,22.0,46.94,9.0,0.8,6.0276,statline_mc+recal_10_4b,2.5627341915291875,15.22608775635638,0.0,0.0,0.0,0.0,0.0,0.0,3.01625,2.07975,22.991897716065896,0.243,5.9279397716065905,2.0578189762012986,9.9,,64.89286556603773,1.5833494931167202,1.5407982359540289,,classic,True
00-0033526,Samaje Perine,RB,CIN,4600,43727419,6.5823,6.5823,1.0,1.2076538297041486,7.949161046872185,TB,27.06,50.44,15.0,1.0,7.3433,statline_mc+recal_10_4b,1.0578881463386645,17.456463769988993,0.0,0.0,0.0,5.767,31.13071768260317,0.219,2.4735,1.905,15.6029600531357,0.07175,8.529117773573885,-0.5799567267016998,5.3,,77.2808908045977,0.7796742299814611,5.627566924755631,,classic,True
00-0040130,Jayden Higgins,WR,HOU,4500,43727711,8.1558,8.1558,1.0,0.9679974710378043,7.894784651639869,BUF,21.69,44.5,17.0,1.0,6.8664,statline_mc+recal_10_4b,2.4964724962475633,15.980037785669179,0.0,0.0,0.0,0.0,0.0,0.0,3.712,2.26475,27.16125112756637,0.22025,6.450625112756637,1.4441595388832313,7.8,,64.9593043450802,0.6083104589018989,2.45021943332339,,classic,True
00-0039880,Malik Washington,WR,MIA,4200,43727723,9.3907,9.3907,1.0,0.8341112371459919,7.832870138884774,LV,18.69,40.39,17.0,1.0,6.9955,statline_mc+recal_10_4b,1.5171986793390384,16.38008697294817,0.0,0.0,0.0,0.79625,4.088108594243884,0.023,5.52825,3.707,27.194891668760228,0.223,8.45455002630041,-0.6216798874156364,6.9,,55.97251168371857,0.5266598733377892,1.4441814965945512,,classic,True
00-0039405,Jawhar Jordan,RB,HOU,4500,43727423,8.0473,8.0473,1.0,0.9679974710378043,7.789796122140881,BUF,21.69,44.5,4.0,0.8,6.94,statline_mc+recal_10_4b,1.9090406768809443,16.942639552340367,0.0,0.0,0.0,8.16125,35.31331336177249,0.1655,1.39275,1.09825,7.99052700378229,0.0385,6.849384036555479,0.9404120855854021,8.2,,51.062898489932884,0.34662162727162094,0.519038789021024,,classic,True
00-0036924,Michael Carter,RB,TEN,4000,43727529,8.6982,8.6982,1.0,0.8952526172899195,7.787096295056541,NYJ,20.06,39.22,13.0,1.0,7.3578,statline_mc+recal_10_4b,0.30635722705166435,17.915299784876975,0.0,0.0,0.0,8.43125,28.399077843238206,0.15625,4.2945,3.18275,23.30548899492347,0.08625,10.015706683816168,-2.228610388759627,7.6,,54.45976047211293,0.37418450760879146,0.7068258076258555,,classic,True
00-0040202,Devin Neal,RB,NO,4400,43727435,8.1293,8.1293,1.0,0.9568402848801533,7.77844856466949,DET,21.44,49.83,9.0,0.4,7.024,statline_mc+recal_10_4b,1.8276387653778277,16.9129611281656,0.0,0.0,0.0,9.36775,34.05085882665119,0.27475,0.967,0.78075,5.467819384590166,0.02525,6.702867821124136,1.0755807435453537,6.0,,38.243818946231585,0.2600715825533575,0.1618399284509668,,classic,True
00-0037291,Jalen Nailor,WR,LV,4300,43727719,7.8496,7.8496,1.0,0.9679974710378043,7.598366930113869,MIA,21.69,40.39,17.0,1.0,6.8146,statline_mc+recal_10_4b,2.1633362328250807,15.853597239697905,0.0,0.0,0.0,0.10975,0.6380184661571862,0.004,3.57775,2.061,27.680490515415496,0.19775,6.259850898157269,1.3385160319566003,6.1,,60.7438897309587,0.5348406041258282,1.9121189396630829,,classic,True
00-0039811,MarShawn Lloyd,RB,GB,4800,43727399,7.5393,7.5393,1.0,0.9916507056920244,7.476394631150088,MIN,22.22,46.06,0.0,0.0,6.7427,statline_mc+recal_10_4b,1.8400631162737138,15.819228951476168,0.0,0.0,0.0,6.67025,28.498290702160354,0.18925,1.76775,1.33725,10.408421214043814,0.048,6.788421191620417,0.6879734395296708,0.0,9.5,21.929455469412943,1.0505823294258234,0.036725957663283494,,classic,True
00-0037256,Rachaad White,RB,WAS,5200,43727379,8.7265,8.7265,1.0,0.8541941722297637,7.454122706517631,PHI,19.14,44.17,17.0,1.0,6.4707,statline_mc+recal_10_4b,2.38881421890963,14.396502279851534,0.0,0.0,0.0,4.80875,17.92514834076452,0.13,2.71775,2.2475,13.035307569029046,0.0505,6.493545590979356,0.9605771155382747,8.4,,54.950291213453674,0.5508599977147989,0.7390591489155265,,classic,True
00-0039066,Michael Mayer,TE,LV,2900,43728277,7.6982,7.6982,1.0,0.9679974710378043,7.45181895691524,MIA,21.69,40.39,13.0,1.0,6.5327,statline_mc+recal_10_4b,0.4744389273378755,16.744219262963853,0.0,0.0,0.0,0.0,0.0,0.0,5.7105,3.87525,37.91081301818554,0.24175,9.322831301818555,-1.8710123449033151,5.7,7.4,65.8513608761657,4.4574510237005045,1.6301673760460238,,classic,True
00-0038454,Keaton Mitchell,RB,LAC,4800,43727401,5.88,5.88,1.0,1.2580843111367315,7.397585597479795,ARI,28.19,47.17,13.0,1.0,7.2178,statline_mc+recal_10_4b,1.52526613375128,16.673895308335698,0.0,0.0,0.0,5.67525,37.33188513617046,0.178,0.86925,0.6515,6.276139032340932,0.03025,6.49105241685114,0.9065331806286547,4.3,,73.76388567461237,0.6857859033998813,4.087565036173535,,classic,True
00-0035229,T.J. Hockenson,TE,MIN,3300,43728257,6.9483,6.9483,1.0,1.0635029845472972,7.389532344173673,GB,23.83,46.06,15.0,1.0,6.3903,statline_mc+recal_10_4b,0.6825929270535454,16.87630897613655,0.0,0.0,0.0,0.0,0.0,0.0,4.59025,3.34475,34.13740353666275,0.2645,8.514740353666275,-1.125208009492602,7.5,9.1,76.75734656256776,3.737030115786352,3.0963105700687272,,classic,True
00-0040705,Chimere Dike,WR,TEN,3400,43727787,8.1403,8.1403,1.0,0.8952526172899195,7.287599469705276,NYJ,20.06,39.22,17.0,1.0,7.1064,statline_mc+recal_10_4b,0.6996250976467593,17.101495207631544,0.0,0.0,0.0,0.36675,1.4862122066470707,0.01025,5.67525,3.591,31.76004092587645,0.263,8.726625313252352,-1.4390258435470766,7.5,,55.10902172540103,0.580764714369251,1.372658260258512,,classic,True
00-0039391,Kimani Vidal,RB,LAC,4800,43727403,5.7531,5.7531,1.0,1.2580843111367315,7.237912218175039,ARI,28.19,47.17,13.0,0.8,6.5428,statline_mc+recal_10_4b,2.2776437781289425,14.501272106723665,0.0,0.0,0.0,4.732,24.919108660893006,0.13425,1.1675,0.86175,8.891018601445113,0.0505,5.467762726233812,1.7701494919412264,9.6,,63.269546979865765,0.7038967213379166,1.5744699196172687,,classic,True
DST_CHI,Bears,DST,CHI,2800,43728536,7.2188007795,7.2188007795,0.9945847601392872,1.0357139794168095,7.2188007795,CAR,24.94,46.94,,,5.8882,dst_simulated_session_10_4+recal_10_4b,0.0,0.0,0.0,0.0,0.0,0.0,0.0,0.0,0.0,0.0,0.0,0.0,7.2188007795,0.0,6.4,,57.28807471264367,3.8753202210141247,3.9085396733624482,,classic,True
00-0039344,Jonathon Brooks,RB,CAR,5000,43727391,7.3147,7.3147,1.0,0.9818323818732916,7.1817975583542815,CHI,22.0,46.94,0.0,0.0,7.1855,statline_mc+recal_10_4b,0.7460854363846294,16.34779493900436,0.0,0.0,0.0,8.22175,32.87111470859548,0.2375,1.9225,1.45125,11.735581768429016,0.05625,7.850919647702451,-0.6691220893481695,0.0,,21.865136590681164,0.29561546271972644,0.036511841313735485,,classic,True
00-0040170,Elic Ayomanor,WR,TEN,3600,43727769,7.9484,7.9484,1.0,0.8952526172899195,7.115828907230895,NYJ,20.06,39.22,16.0,1.0,7.3172,statline_mc+recal_10_4b,0.45780625519323404,16.914024986668377,0.0,0.0,0.0,0.0,0.0,0.0,5.8795,2.98075,35.07411205198375,0.25725,8.250661205198377,-1.1348322979674812,7.3,,54.925871542250846,0.5584979539629071,1.3579492476716508,,classic,True
00-0039875,Ray Davis,RB,BUF,4600,43727417,6.9557,6.9557,1.0,1.017981665024081,7.080737198042586,HOU,22.81,44.5,17.0,1.0,6.9271,statline_mc+recal_10_4b,0.8863778352796725,16.377595134632408,0.0,0.0,0.0,6.58125,29.352951136651967,0.1355,2.2955,1.73025,14.220722043000464,0.10225,7.683617317965243,-0.6028801199226574,3.8,,60.56388856746124,0.513123025482439,1.2311512534859834,,classic,True
00-0038618,Xavier Hutchinson,WR,HOU,3200,43727809,7.2972,7.2972,1.0,0.9679974710378043,7.063684205966579,BUF,21.69,44.5,16.0,1.0,7.7238,statline_mc+recal_10_4b,0.0,18.98930153598253,0.0,0.0,0.0,0.28475,1.8353249401315952,0.00675,5.74325,3.52,42.541576701225,0.27575,9.96419016413566,-2.900505958169081,5.8,,63.27432266009853,1.1045019555662718,2.2190097004074296,,classic,True
DST_BAL,Ravens,DST,BAL,3000,43728533,7.038503955000001,7.038503955000001,0.969744003422681,1.007771231630686,7.038503955000001,IND,25.56,48.17,,,5.9012,dst_simulated_session_10_4+recal_10_4b,0.0,0.0,0.0,0.0,0.0,0.0,0.0,0.0,0.0,0.0,0.0,0.0,7.038503955000001,0.0,5.7,,55.69683908045977,1.8747198412504873,3.515147346331925,,classic,True
DST_MIN,Vikings,DST,MIN,2800,43728537,7.032529525499999,7.032529525499999,0.9689208644120987,1.0254593855611975,7.032529525499999,GB,23.83,46.06,,,5.9387,dst_simulated_session_10_4+recal_10_4b,0.0,0.0,0.0,0.0,0.0,0.0,0.0,0.0,0.0,0.0,0.0,0.0,7.032529525499999,0.0,8.0,,48.872126436781606,2.076185123795166,2.230220815046347,,classic,True
DST_CIN,Bengals,DST,CIN,2700,43728538,6.996110058000001,6.996110058000001,0.9639030992106056,0.9741644953899021,6.996110058000001,TB,27.06,50.44,,,5.7919,dst_simulated_session_10_4+recal_10_4b,0.0,0.0,0.0,0.0,0.0,0.0,0.0,0.0,0.0,0.0,0.0,0.0,6.996110058000001,0.0,4.6,,65.82255747126437,3.894199349554156,6.904195956396694,,classic,True
00-0039451,Isaiah Williams,WR,NYJ,3000,43728063,8.1298,8.1298,1.0,0.8555330345686819,6.955313007240573,TEN,19.17,39.22,15.0,1.0,6.9004,statline_mc+recal_10_4b,1.048536194565641,15.248774805309234,0.0,0.0,0.0,0.26275,1.447674272948571,0.009,5.013,3.3475,29.22708018242435,0.16475,7.635475445537292,-0.6801624382967191,4.0,,55.86767399267398,0.9010320424488798,1.4353027459280168,,classic,True
00-0037742,Treylon Burks,WR,WAS,3400,43727789,8.0244,8.0244,1.0,0.8541941722297637,6.85441334224385,PHI,19.14,44.17,8.0,1.0,6.7217,statline_mc+recal_10_4b,1.632805066528878,14.246624686337398,0.0,0.0,0.0,0.0,0.0,0.0,4.3045,2.365,27.14889432725205,0.18125,6.287889432725206,0.5665239095186445,3.6,,57.496447517999236,0.46598291011277554,1.5796226779647446,,classic,True
00-0039424,Devaughn Vele,WR,NO,3500,43727779,7.1595,7.1595,1.0,0.9568402848801533,6.850520024022591,DET,21.44,49.83,9.0,0.4,6.0219,statline_mc+recal_10_4b,2.6654430351935257,12.331467305124365,0.0,0.0,0.0,0.0,0.0,0.0,2.5385,1.60275,18.39180841145185,0.117,4.202180841145186,2.6483391828774057,5.1,27.4,41.11258999621069,3.5713970067187377,0.6025586236378933,,classic,True
00-0039874,Jaylen Wright,RB,MIA,4500,43727425,8.1596,8.1596,1.0,0.8341112371459919,6.805977803185909,LV,18.69,40.39,9.0,1.0,6.6314,statline_mc+recal_10_4b,1.3586017607386285,14.218798198059124,0.0,0.0,0.0,6.42575,22.190830584381843,0.15275,2.60925,1.86825,13.158013457881378,0.05675,6.749384404226323,0.056593398959586594,5.2,,46.301444495872865,0.2716976219411177,0.3366753673226251,,classic,True
00-0035689,Dawson Knox,TE,BUF,3100,43728267,6.6675,6.6675,1.0,1.017981665024081,6.787359076876057,HOU,22.81,44.5,16.0,1.0,6.5384,statline_mc+recal_10_4b,0.0,17.089288386937355,0.0,0.0,0.0,0.0,0.0,0.0,4.75075,3.32775,37.8260662517386,0.30175,9.14235662517386,-2.3549975482978036,6.1,,71.7305763391889,0.9496086680278862,2.303705464204453,,classic,True
00-0035537,Ty Johnson,RB,BUF,4200,43727453,6.6407,6.6407,1.0,1.017981665024081,6.760111720189841,HOU,22.81,44.5,17.0,1.0,7.1975,statline_mc+recal_10_4b,0.0,16.843239745867983,0.0,0.0,0.0,5.38275,22.122835777386005,0.21275,3.012,2.2435,20.743191224486996,0.11,8.6158527001873,-1.8557409799974591,5.9,,57.54375433927332,0.3576708244312822,0.9355619192705387,,classic,True
DST_BUF,Bills,DST,BUF,3100,43728530,6.7581968175,6.7581968175,0.931124125186468,1.0505167149455883,6.7581968175,HOU,22.81,44.5,,,5.7752,dst_simulated_session_10_4+recal_10_4b,0.0,0.0,0.0,0.0,0.0,0.0,0.0,0.0,0.0,0.0,0.0,0.0,6.7581968175,0.0,6.1,,38.32255747126437,2.740328491241946,1.1038410963931524,,classic,True
00-0041027,Jeremiyah Love,RB,ARI,6400,43727345,7.9227,7.9227,1.0,0.8466072856425609,6.707449942568628,LAC,18.97,47.17,0.0,0.0,7.3144,statline_mc+recal_10_4b,0.0,17.09638993282382,0.0,0.0,0.0,10.21175,37.118282349734145,0.24725,2.3415,1.76475,11.298907133474877,0.0535,8.634218948320902,-1.9267690057522735,0.0,,20.62470107228265,0.30194299847757555,0.032618178714071765,,classic,True
00-0039901,Keon Coleman,WR,BUF,4000,43727733,6.5726,6.5726,1.0,1.017981665024081,6.690752760826136,HOU,22.81,44.5,12.0,0.4,5.8905,statline_mc+recal_10_4b,2.8653361542800586,12.060464785341965,0.0,0.0,0.0,0.0,0.0,0.0,2.19925,1.40825,16.394166065460777,0.12025,3.8254166065460775,2.8653361542800586,7.9,,40.35425547871669,0.4603492139103618,0.576270430827981,,classic,True
00-0040669,Isaac TeSlaa,WR,DET,3900,43727739,5.2713,5.2713,1.0,1.2670100600628522,6.67884560351543,NO,28.39,49.83,14.0,1.0,7.6558,statline_mc+recal_10_4b,0.0,17.292694486458206,0.0,0.0,0.0,0.0,0.0,0.0,3.33025,2.032,35.31552377826887,0.3365,7.823052377826887,-1.1442067743114563,4.5,,80.59886952128332,0.6537870451987385,6.148154818555206,,classic,True
00-0038393,Dontayvion Wicks,WR,PHI,4100,43727727,5.9376,5.9376,1.0,1.1170574781040223,6.632683835580886,WAS,25.03,44.17,13.0,0.6,6.1365,statline_mc+recal_10_4b,2.536632112649108,12.241296896029251,0.0,0.0,0.0,0.05675,0.4480758460570106,0.003,2.2195,1.40775,18.617441383260772,0.115,4.0960517229317785,2.536632112649108,5.4,,51.403513009978525,0.4607599081226304,1.1038213287617074,,classic,True
00-0037741,Jahan Dotson,WR,ATL,3700,43727749,8.6188,8.6188,1.0,0.7662755453074735,6.604378401398679,PIT,17.17,40.78,15.0,0.8,6.6694,statline_mc+recal_10_4b,1.3581866863616745,13.770698872237311,0.0,0.0,0.0,0.0,0.0,0.0,4.74575,2.6835,28.11078318914651,0.15675,6.576578318914652,0.027800082484027655,2.8,,46.60442994505494,0.3795951341547403,0.8323344723149407,,classic,True
DST_HOU,Texans,DST,HOU,2900,43728534,6.4563653655,6.4563653655,0.8895386913367884,0.9989350086440075,6.4563653655,BUF,21.69,44.5,,,5.8588,dst_simulated_session_10_4+recal_10_4b,0.0,0.0,0.0,0.0,0.0,0.0,0.0,0.0,0.0,0.0,0.0,0.0,6.4563653655,0.0,10.6,,30.50646551724138,1.8835753224182197,0.6555525613507678,,classic,True
00-0037231,Kevin Austin Jr.,WR,NO,3000,43728055,6.7342,6.7342,1.0,0.9568402848801533,6.44355985185221,DET,21.44,49.83,5.0,0.8,7.1669,statline_mc+recal_10_4b,0.22660678708892346,15.24980833208497,0.0,0.0,0.0,0.0,0.0,0.0,4.83875,2.91525,32.850398585548916,0.20025,7.593289858554892,-1.1497300067026819,4.1,,58.779395604395596,0.9411419082648779,1.703446482797466,,classic,True
00-0036550,Rashod Bateman,WR,BAL,3900,43727741,5.5688,5.5688,1.0,1.1407107127582423,6.352417871370525,IND,25.56,48.17,13.0,1.0,6.9671,statline_mc+recal_10_4b,0.7958118407388135,14.999415994304458,0.0,0.0,0.0,0.0,0.0,0.0,3.88325,2.1645,30.19407748595871,0.215,6.655657748595871,-0.3032398772253462,4.3,,76.00132625994695,0.6069504151017768,4.691293228074965,,classic,True
00-0040162,Dylan Sampson,RB,CLE,4700,43727413,9.0014,9.0014,1.0,0.7002250032541792,6.303008044413956,JAX,15.69,40.11,15.0,0.6,5.4103,statline_mc+recal_10_4b,3.0892777436316736,11.00360555473067,0.0,0.0,0.0,3.76875,8.839835137197674,0.05075,1.67525,1.3155,7.4168762206576355,0.0445,3.5016711357855312,2.801336908628425,5.9,,32.30514155673841,0.3884409379782947,0.09432327596514606,,classic,True
00-0040729,Jack Bech,WR,LV,3600,43727759,6.4663,6.4663,1.0,0.9679974710378043,6.25935124101578,MIA,21.69,40.39,14.0,0.8,6.3515,statline_mc+recal_10_4b,1.634872583763474,12.225810229802029,0.0,0.0,0.0,0.0,0.0,0.0,3.04425,1.95775,23.026340788357174,0.108,5.024134078835718,1.2352171621800627,2.7,,49.94718406593407,0.3953246735002793,1.0131980214746905,,classic,True
00-0039342,Xavier Legette,WR,CAR,3700,43727767,6.2863,6.2863,1.0,0.9818323818732916,6.172087977569454,CHI,22.0,46.94,15.0,1.0,6.3485,statline_mc+recal_10_4b,1.449255864710373,12.56167378401205,0.0,0.0,0.0,0.0,0.0,0.0,3.49675,2.0095,22.218682365227018,0.158,5.277118236522702,0.8949697410467525,5.7,,64.68142130857649,0.5720268676753432,2.4104935623667805,,classic,True
00-0037614,John Metchie III,WR,CAR,3200,43727819,6.2791,6.2791,1.0,0.9818323818732916,6.165026073271329,CHI,22.0,46.94,13.0,1.0,6.8474,statline_mc+recal_10_4b,0.6071133189879225,13.843419162635515,0.0,0.0,0.0,0.163,0.7358174055302499,0.005,4.091,2.6775,27.132991204389736,0.18375,6.739630860991999,-0.5746047877206699,4.5,,63.600835227990395,1.0149763478763858,2.2620413031618742,,classic,True
DST_CLE,Browns,DST,CLE,2100,43728547,6.13579221,6.13579221,0.8453710816867898,0.9330756571322608,6.13579221,JAX,15.69,40.11,,,5.8645,dst_simulated_session_10_4+recal_10_4b,0.0,0.0,0.0,0.0,0.0,0.0,0.0,0.0,0.0,0.0,0.0,0.0,6.13579221,0.0,7.8,,40.337643678160916,2.175269670847138,1.2625520177901717,,classic,True
00-0036290,Cole Kmet,TE,CHI,3300,43728255,5.4733,5.4733,1.0,1.1130408910872678,6.091973093861137,CAR,24.94,46.94,16.0,1.0,5.9909,statline_mc+recal_10_4b,0.950142261517716,13.660537625024961,0.0,0.0,0.0,0.0,0.0,0.0,3.2855,2.11725,27.408131663976658,0.2,6.179813166397666,-0.0878400725365287,5.1,,77.37848351767512,0.5008672499864985,3.2115340878701844,,classic,True
00-0040584,Gunnar Helm,TE,TEN,3200,43728259,6.7128,6.7128,1.0,0.8952526172899195,6.009632730293815,NYJ,20.06,39.22,16.0,1.0,5.9893,statline_mc+recal_10_4b,0.3167188703507373,13.550397478531693,0.0,0.0,0.0,0.0,0.0,0.0,4.39575,3.27075,27.6098214726705,0.19475,7.3112321472670505,-1.301599416973236,5.7,,58.64278356104966,0.4106856204979656,1.0667842340919578,,classic,True
DST_ATL,Falcons,DST,ATL,2600,43728540,5.976774175500001,5.976774175500001,0.8234620529530786,0.9650871472752991,5.976774175500001,PIT,17.17,40.78,,,5.729,dst_simulated_session_10_4+recal_10_4b,0.0,0.0,0.0,0.0,0.0,0.0,0.0,0.0,0.0,0.0,0.0,0.0,5.976774175500001,0.0,7.1,,23.02801724137931,1.3714436465451008,0.39818442076768973,,classic,True
00-0038685,Chris Brooks,RB,GB,4500,43727431,6.0224,6.0224,1.0,0.9916507056920244,5.972160915838314,MIN,22.22,46.06,17.0,1.0,6.6932,statline_mc+recal_10_4b,0.7078207731376763,13.873975380572253,0.0,0.0,0.0,7.441,30.30464666229067,0.17975,1.155,0.879,7.14361658285068,0.0315,6.019076324514135,-0.04691540867582056,2.0,,57.11867430378771,0.2883175087030897,0.900098041470063,,classic,True
DST_ARI,Cardinals,DST,ARI,2000,43728548,5.9162114655,5.9162114655,0.815117904078685,0.8082904415455767,5.9162114655,LAC,18.97,47.17,,,5.9928,dst_simulated_session_10_4+recal_10_4b,0.0,0.0,0.0,0.0,0.0,0.0,0.0,0.0,0.0,0.0,0.0,0.0,5.9162114655,0.0,4.3,,44.43247126436781,4.337011928624788,1.658848337946618,,classic,True
00-0039912,Ben Sinnott,TE,WAS,2800,43728285,6.7588,6.7588,1.0,0.8541941722297637,5.7733561823371895,PHI,19.14,44.17,9.0,1.0,5.8864,statline_mc+recal_10_4b,0.6933413441058158,12.583385210187139,0.0,0.0,0.0,0.0,0.0,0.0,3.65075,2.587,24.55454161263235,0.1895,6.267704161263235,-0.49434797892604543,1.8,,60.47833983951421,0.3254620382238391,1.1884175511955886,,classic,True
00-0036849,Tutu Atwell,WR,MIA,3700,43727755,6.8783,6.8783,1.0,0.8341112371459919,5.73729553362427,LV,18.69,40.39,8.0,0.9161497080042181,6.7519,statline_mc+recal_10_4b,0.6746893952459242,13.133686697348256,0.0,0.0,0.0,0.0,0.0,0.0,3.67,2.018,28.943710586194925,0.1635,6.060621058619492,-0.32332552499522205,2.8,,48.10778868846791,0.38607222645099876,0.9092928752609385,,classic,True
00-0034829,Mike Gesicki,TE,CIN,3100,43728263,4.7339,4.7339,1.0,1.2076538297041486,5.716863507686192,TB,27.06,50.44,12.0,1.0,6.1994,statline_mc+recal_10_4b,0.21294414391574157,13.397934920652423,0.0,0.0,0.0,0.0,0.0,0.0,3.30425,2.1955,29.1586386315124,0.22425,6.582113863151241,-0.865250355465049,5.4,,83.53875243981783,0.5658014423338632,4.614103042604715,,classic,True
00-0041438,Carnell Tate,WR,TEN,5300,43727679,6.3835,6.3835,1.0,0.8952526172899195,5.714812829316018,NYJ,20.06,39.22,0.0,0.0,7.2428,statline_mc+recal_10_4b,0.0,15.729311986204479,0.0,0.0,0.0,0.11175,0.6304832503195611,0.00325,5.19625,3.21675,36.432923679654806,0.22275,8.524840692997437,-2.8100278636814187,0.0,,18.358670424403183,0.3740835625374847,0.15801960444727745,,classic,True
00-0035208,Olamide Zaccheaus,WR,ATL,3500,43727771,7.3993,7.3993,1.0,0.7662755453074735,5.669884838495689,PIT,17.17,40.78,14.0,0.6,5.4148,statline_mc+recal_10_4b,2.1787806982312468,10.588331829490787,0.0,0.0,0.0,0.0,0.0,0.0,2.89225,1.7385,13.099212218988669,0.096,3.649171221898867,2.020713616596822,5.3,,37.36362653151446,0.3964563330975182,0.48330972399473965,,classic,True
00-0037005,Tommy Tremble,TE,CAR,2900,43728279,5.7673,5.7673,1.0,0.9818323818732916,5.662561994877908,CHI,22.0,46.94,15.0,1.0,5.934,statline_mc+recal_10_4b,0.32532992919615555,13.204046876848803,0.0,0.0,0.0,0.0,0.0,0.0,3.8855,2.737,25.960299978198723,0.20025,6.637529997819873,-0.9749680029419645,3.8,,68.86623021036652,0.7886719822306283,1.946490386498466,,classic,True
00-0037746,Brian Robinson Jr.,RB,ATL,4700,43727407,7.3245,7.3245,1.0,0.7662755453074735,5.612553613161566,PIT,17.17,40.78,17.0,1.0,5.75,statline_mc+recal_10_4b,2.3195464485520936,10.801248595170783,0.0,0.0,0.0,6.277,20.451604419700324,0.13275,0.5885,0.429,2.2120770917174397,0.0125,3.5961181511417766,2.0164354620197895,3.4,,45.59513133533904,0.3714442565955992,0.3157367753452085,,classic,True
DST_IND,Colts,DST,IND,2400,43728544,5.5931012235000015,5.5931012235000015,0.7706007422461106,0.8914596066967845,5.5931012235000015,BAL,22.61,48.17,,,5.7779,dst_simulated_session_10_4+recal_10_4b,0.0,0.0,0.0,0.0,0.0,0.0,0.0,0.0,0.0,0.0,0.0,0.0,5.5931012235000015,0.0,5.8,,48.297413793103445,1.852299392810465,2.146387989628144,,classic,True
00-0040867,Makai Lemon,WR,PHI,5100,43727689,4.9863,4.9863,1.0,1.1170574781040223,5.569968490678978,WAS,25.03,44.17,0.0,0.0,7.7296,statline_mc+recal_10_4b,0.0,17.461680804167806,0.0,0.0,0.0,0.0725,0.47909190852549843,0.0035,4.74,2.9185,43.28926361337246,0.2735,9.272835552189795,-3.7028670615108172,0.0,,23.774010831122894,0.372132974690355,0.21729775150794053,,classic,True
00-0038558,Darnell Washington,TE,PIT,3000,43728273,5.2852,5.2852,1.0,1.0536846607285644,5.568884466905379,ATL,23.61,40.78,13.0,0.8,6.3812,statline_mc+recal_10_4b,0.0,14.68247013684891,0.0,0.0,0.0,0.0,0.0,0.0,4.3095,3.0045,36.0311804166221,0.20575,8.04611804166221,-2.4772335747568306,4.7,,59.24805424528302,0.39268138649834494,1.105450442768245,,classic,True
DST_WAS,Commanders,DST,WAS,2300,43728545,5.5218991185,5.5218991185,0.7607907293802696,0.9103358988082225,5.5218991185,PHI,19.14,44.17,,,5.6612,dst_simulated_session_10_4+recal_10_4b,0.0,0.0,0.0,0.0,0.0,0.0,0.0,0.0,0.0,0.0,0.0,0.0,5.5218991185,0.0,4.5,,33.304597701149426,1.3388298559231937,0.7899902714065583,,classic,True
00-0033307,Kendrick Bourne,WR,ARI,3600,43727765,6.4188,6.4188,1.0,0.8466072856425609,5.434163800155501,LAC,18.97,47.17,14.0,1.0,6.1489,statline_mc+recal_10_4b,1.0724450471034845,11.019281540177367,0.0,0.0,0.0,0.0,0.0,0.0,2.60375,1.74175,21.598218856516635,0.07825,4.481821885651664,0.9523419145038368,5.5,,58.02450423140078,0.5204771294921979,1.6294591773331395,,classic,True
00-0040311,Theo Wease Jr.,WR,LAC,3000,43728013,4.2908,4.2908,1.0,1.2580843111367315,5.398219436625607,ARI,28.19,47.17,3.0,0.6,7.1692,statline_mc+recal_10_4b,0.0,13.527037550042664,0.0,0.0,0.0,0.0065,0.03318111099916676,0.0,2.75075,1.68025,31.330285980743806,0.17575,6.069096709174298,-0.6708772725486911,8.6,,55.32369268662372,0.6649086726037623,1.3901016853239105,,classic,True
00-0033955,Jeremy McNichols,RB,WAS,4300,43727445,6.2849,6.2849,1.0,0.8541941722297637,5.368551575938399,PHI,19.14,44.17,16.0,1.0,6.5028,statline_mc+recal_10_4b,0.5253662929743375,11.77356821239773,0.0,0.0,0.0,2.691,10.91418040197602,0.07,3.05625,2.37025,17.013118311527244,0.06225,6.030729871350326,-0.6621782954119269,4.3,,46.12478785774898,0.25976991776229064,0.3313116489397507,,classic,True
00-0035359,David Sills V,WR,TB,3000,43728141,5.0935,5.0935,1.0,1.0438663369098313,5.316975242991481,CIN,23.39,50.44,12.0,1.0,6.6476,statline_mc+recal_10_4b,0.2894263244348695,12.251400856304166,0.0,0.0,0.0,0.0,0.0,0.0,3.571,1.97575,25.193909606630935,0.19075,5.762640960663094,-0.4456657176716128,2.9,,71.53123815839332,0.544851944525963,3.6065871130508858,,classic,True
00-0036415,Van Jefferson,WR,WAS,3000,43728151,6.2228,6.2228,1.0,0.8541941722297637,5.315474135682577,PHI,19.14,44.17,14.0,0.8,6.7195,statline_mc+recal_10_4b,0.06275350700639071,12.643152838249204,0.0,0.0,0.0,0.0,0.0,0.0,4.4805,2.607,27.455814034198774,0.155,6.4315814034198775,-1.1161072677373003,4.4,,47.169711538461534,0.44003546080813444,0.8604764336498861,,classic,True
00-0038619,Andrei Iosivas,WR,CIN,3300,43727797,4.4013,4.4013,1.0,1.2076538297041486,5.315215589428836,TB,27.06,50.44,15.0,1.0,6.9477,statline_mc+recal_10_4b,0.0,13.61329240742652,0.0,0.0,0.0,0.0,0.0,0.0,3.35925,1.97825,30.771129021640625,0.17525,6.296612902164063,-0.9813973127352273,5.3,,75.39444391815081,0.6633055326265652,4.526773005189954,,classic,True
00-0038794,Jaleel McLaughlin,RB,CLE,4000,44034598,7.5114,7.5114,1.0,0.7002250032541792,5.259656757834222,JAX,15.69,40.11,8.0,1.0,5.2521,statline_mc+recal_10_4b,2.561976854370165,9.59168161454167,0.0,0.0,0.0,3.8495,12.445104809778783,0.0775,0.955,0.719,3.9427105115224443,0.017,2.922031532130123,2.3376252257040986,3.6,,43.08512689963742,0.23874859242024457,0.25131990652968217,,classic,True
DST_TB,Buccaneers,DST,TB,2600,43728541,5.225878413,5.225878413,0.7200058827874575,0.8420438857047232,5.225878413,CIN,23.39,50.44,,,5.7965,dst_simulated_session_10_4+recal_10_4b,0.0,0.0,0.0,0.0,0.0,0.0,0.0,0.0,0.0,0.0,0.0,0.0,5.225878413,0.0,5.8,,34.184626436781606,1.4451426608989435,0.8377244376786154,,classic,True
00-0033858,Jonnu Smith,TE,GB,3000,44034624,5.2505,5.2505,1.0,0.9916507056920244,5.206653318227131,MIN,22.22,46.06,17.0,1.0,5.2233,statline_mc+recal_10_4b,1.213422666302898,10.58265353650157,0.0,0.0,0.0,0.0,0.0,0.0,2.64375,1.823,14.205580947177982,0.13025,4.036558094717798,1.1700952235093327,4.8,,67.59691498590327,0.44257337799897944,1.8064477498137304,,classic,True
00-0037666,Jalen Tolbert,WR,MIA,3500,43727777,6.1988,6.1988,1.0,0.8341112371459919,5.170458487531281,LV,18.69,40.39,12.0,0.7007179630587387,6.0745,statline_mc+recal_10_4b,0.9434215149158279,10.906194786879114,0.0,0.0,0.0,0.0,0.0,0.0,3.12825,1.7865,19.24407843565369,0.13025,4.570907843565369,0.5995506439659124,3.6,,39.07987320499017,0.36307131487056354,0.534650565723303,,classic,True
00-0037157,Bam Knight,RB,ARI,4000,43727583,6.0758,6.0758,1.0,0.8466072856425609,5.143845589221074,LAC,18.97,47.17,12.0,0.4,5.3216,statline_mc+recal_10_4b,2.3039402083439424,9.955117841728882,0.0,0.0,0.0,3.0265,8.931251813209633,0.099,1.1245,0.828,5.182586126140993,0.03,3.0083837939350624,2.135461795286012,7.8,,32.895907583121186,0.29328508454856456,0.09952750025793945,,classic,True
00-0038951,Sean Tucker,RB,TB,4700,43727411,4.903,4.903,1.0,1.0438663369098313,5.118026589329206,CIN,23.39,50.44,17.0,1.0,5.6587,statline_mc+recal_10_4b,2.172851524957278,10.660814870035498,0.0,0.0,0.0,3.47175,13.838824381943232,0.186,0.358,0.2645,2.0616278287912837,0.0135,3.0560452210734517,2.0619813682557546,5.6,,65.20112531821337,0.6105282158005487,1.8767033257021448,,classic,True
00-0039144,Luke Musgrave,TE,GB,3000,43728269,5.1499,5.1499,1.0,0.9916507056920244,5.106928105031325,MIN,22.22,46.06,13.0,0.6,4.8845,statline_mc+recal_10_4b,2.269745824458367,9.554595729450645,0.0,0.0,0.0,0.0,0.0,0.0,1.6445,1.18575,12.071822805729575,0.07125,2.837182280572958,2.269745824458367,2.8,,49.789012687052704,0.30289606681334835,0.6337116004701824,,classic,True
DST_CAR,Panthers,DST,CAR,2500,43728543,5.092967817,5.092967817,0.701693858771221,0.9136209922682361,5.092967817,CHI,22.0,46.94,,,5.6047,dst_simulated_session_10_4+recal_10_4b,0.0,0.0,0.0,0.0,0.0,0.0,0.0,0.0,0.0,0.0,0.0,0.0,5.092967817,0.0,5.9,,29.184626436781606,1.3789353774580302,0.6002557892295489,,classic,True
00-0039041,Elijah Higgins,TE,ARI,2500,43728457,6.0155,6.0155,1.0,0.8466072856425609,5.092736150067365,LAC,18.97,47.17,17.0,1.0,5.6167,statline_mc+recal_10_4b,0.5645881077790627,11.289804289224357,0.0,0.0,0.0,0.0,0.0,0.0,3.546,2.62275,22.890989031223253,0.12075,5.705848903122325,-0.6131127530549598,3.5,,60.151810887009326,0.380283538638149,1.165808744917181,,classic,True
00-0035249,Josh Oliver,TE,MIN,2800,43728281,4.7442,4.7442,1.0,1.0635029845472972,5.04551465763465,GB,23.83,46.06,12.0,1.0,5.8733,statline_mc+recal_10_4b,0.0,12.107915558440038,0.0,0.0,0.0,0.0,0.0,0.0,2.7725,1.939,22.325586756173077,0.21975,5.562808675617309,-0.5172940179826595,3.7,,70.27935914118413,0.428896990445964,2.115208058377601,,classic,True
DST_NO,Saints,DST,NO,2200,43728546,5.031750375,5.031750375,0.6932595028819694,0.8025962503406062,5.031750375,DET,21.44,49.83,,,5.8135,dst_simulated_session_10_4+recal_10_4b,0.0,0.0,0.0,0.0,0.0,0.0,0.0,0.0,0.0,0.0,0.0,0.0,5.031750375,0.0,6.9,,35.589080459770116,1.785124948276275,0.9199501476930246,,classic,True
00-0041029,Jordyn Tyson,WR,NO,5100,43727687,5.2296,5.2296,1.0,0.9568402848801533,5.003936872194433,DET,21.44,49.83,0.0,0.0,6.9688,statline_mc+recal_10_4b,0.0,13.513198889401579,0.0,0.0,0.0,0.1665,1.4097156130654143,0.00625,4.0585,2.49025,31.122662049093258,0.18975,7.098737766215867,-2.094800894021434,0.0,,22.44816534040672,0.3721026099851937,0.20099451689966802,,classic,True
00-0032464,Kalif Raymond,WR,CHI,3300,43727795,4.408,4.408,1.0,1.1130408910872678,4.906294803400485,CAR,24.94,46.94,15.0,0.8,6.5633,statline_mc+recal_10_4b,0.0,11.33656207748543,0.0,0.0,0.0,0.0,0.0,0.0,2.4965,1.736,24.502886195114133,0.129,5.081538619511413,-0.1752438161109282,4.5,,58.19206730769231,0.4990479007837756,1.6455996032557216,,classic,True
00-0040138,Jaylin Noel,WR,HOU,3600,43727761,4.9914,4.9914,1.0,0.9679974710378043,4.83168701125916,BUF,21.69,44.5,17.0,1.0,5.8953,statline_mc+recal_10_4b,1.0810674210899096,10.117378247951024,0.0,0.0,0.0,0.35825,2.0224532165464955,0.01,1.9925,1.35325,15.143742685146014,0.0945,3.7506195901692507,1.0810674210899096,3.6,,57.633297019072884,0.46050633126180857,1.5923899131517572,,classic,True
00-0039798,Isaiah Davis,RB,NYJ,4200,43727455,5.5516,5.5516,1.0,0.8555330345686819,4.749576386192813,TEN,19.17,39.22,16.0,0.8,5.4711,statline_mc+recal_10_4b,1.503238046229372,9.712800988777595,0.0,0.0,0.0,3.161,13.147699249503036,0.08175,1.1935,0.89925,6.3093190826263505,0.02275,3.4822018332129385,1.2673745529798746,4.5,,34.57252516778523,0.24210456857137524,0.11591460670297761,,classic,True
00-0039792,Devontez Walker,WR,BAL,3200,43727807,4.1074,4.1074,1.0,1.1407107127582423,4.685305346681378,IND,25.56,48.17,8.0,0.8303579855500912,6.6975,statline_mc+recal_10_4b,0.0,12.28667678946389,0.0,0.0,0.0,0.0,0.0,0.0,2.42475,1.52525,25.106581435662193,0.19625,5.349408143566219,-0.6641027968848405,3.1,,62.21076828905482,0.4811550870775387,2.084437414448527,,classic,True
00-0032104,Ameer Abdullah,RB,JAX,4000,43727617,4.2476,4.2476,1.0,1.0898339438793538,4.629218180593199,CLE,24.42,40.11,13.0,1.0,6.485,statline_mc+recal_10_4b,0.0,11.86502410765406,0.0,0.0,0.0,2.5975,11.948423384942418,0.10075,2.525,2.0355,16.887208111203016,0.07075,6.031313149614544,-1.402094969021345,2.8,,55.8664082388336,0.29357832073739837,0.8032462446710981,,classic,True
00-0040024,Darius Cooper,WR,PHI,3000,43728083,4.1358,4.1358,1.0,1.1170574781040223,4.619900014519644,WAS,25.03,44.17,6.0,0.8,6.3008,statline_mc+recal_10_4b,0.0,11.146977939368307,0.0,0.0,0.0,0.0,0.0,0.0,2.75,1.80375,23.665434337680416,0.13025,5.061043433768042,-0.44114341924839806,1.4,,56.03605769230768,0.3962603555225721,1.449589949861471,,classic,True
00-0037276,Ty Chandler,RB,NO,4000,43727563,4.8055,4.8055,1.0,0.9568402848801533,4.598049103022588,DET,21.44,49.83,3.0,0.4,5.8383,statline_mc+recal_10_4b,1.0727577651549747,9.882750101340259,0.0,0.0,0.0,5.3675,19.083118500116324,0.128,0.7865,0.586,4.411818238294243,0.02,3.853493673841057,0.7445554291815313,2.9,,35.705563912674535,0.22318745413837857,0.12849079829421928,,classic,True
00-0039920,Malachi Corley,WR,CLE,3000,43727917,6.4942,6.4942,1.0,0.7002250032541792,4.547383624587798,JAX,15.69,40.11,12.0,1.0,5.6933,statline_mc+recal_10_4b,1.095646989987131,9.506067328796224,0.0,0.0,0.0,1.418,6.606149584919194,0.03275,1.91525,1.26475,9.573756253791366,0.062,3.489990583871056,1.0573930407167422,2.4,,44.72180118731842,0.36820796885487955,0.745079930531583,,classic,True
00-0038679,Tyrell Shavers,WR,BUF,3000,43727855,4.3754,4.3754,1.0,1.017981665024081,4.454078067886059,HOU,22.81,44.5,11.0,0.6,5.9522,statline_mc+recal_10_4b,0.5097005240215409,10.144003663701122,0.0,0.0,0.0,0.0,0.0,0.0,2.105,1.3145,19.106275438645184,0.108,3.9443775438645186,0.5097005240215409,2.7,,44.536027693570794,0.37495013360399404,0.736982133247829,,classic,True
00-0038115,Daniel Bellinger,TE,TEN,2700,43728289,4.8574,4.8574,1.0,0.8952526172899195,4.348584001534449,NYJ,20.06,39.22,13.0,0.6,5.2465,statline_mc+recal_10_4b,0.6672885973781204,9.55602487099689,0.0,0.0,0.0,0.0,0.0,0.0,1.99675,1.392,15.872954041563286,0.1115,3.6812954041563284,0.6672885973781204,3.7,,38.62521958360443,0.2857287792513987,0.32861940260368544,,classic,True
00-0032392,Austin Hooper,TE,ATL,2700,43728309,5.6558,5.6558,1.0,0.7662755453074735,4.333885965028999,PIT,17.17,40.78,13.0,0.6,4.8311,statline_mc+recal_10_4b,1.5362934175944982,8.715605898709075,0.0,0.0,0.0,0.0,0.0,0.0,1.69825,1.22375,11.11592547434501,0.07525,2.797592547434501,1.5362934175944982,3.2,,38.06557552591628,0.2727612279361029,0.31797730472389824,,classic,True
00-0040184,KeAndre Lambert-Smith,WR,LAC,3000,43728123,3.4406,3.4406,1.0,1.2580843111367315,4.328530905169836,ARI,28.19,47.17,10.0,0.8,6.7031,statline_mc+recal_10_4b,0.0,11.748018575694342,0.0,0.0,0.0,0.0,0.0,0.0,2.70125,1.51525,25.290767706403393,0.185,5.29932677064034,-0.970795865470504,1.6,,61.68063186813187,0.4319796210527921,2.0204383610457417,,classic,True
00-0039796,Rasheen Ali,RB,BAL,4200,43727457,3.7722,3.7722,1.0,1.1407107127582423,4.303029409836597,IND,25.56,48.17,15.0,1.0,6.5961,statline_mc+recal_10_4b,0.0,10.307383381838807,0.0,0.0,0.0,0.39775,1.914966927134475,0.01275,2.83325,2.1785,19.9596639637083,0.11225,5.213713089084278,-0.9106836792476809,1.6,,61.87553035562756,0.3095188572941945,1.3870648178295442,,classic,True
00-0033217,Mo Alie-Cox,TE,IND,2500,43728387,4.1867,4.1867,1.0,1.0090559160979602,4.224659469913727,BAL,22.61,48.17,11.0,0.8,5.4357,statline_mc+recal_10_4b,0.0,10.150061375146258,0.0,0.0,0.0,0.0,0.0,0.0,2.64,1.76175,18.183002735653883,0.14975,4.523300273565388,-0.29864080365166057,1.8,,57.609669811320764,0.3158477173830584,1.0038848640797378,,classic,True
00-0040277,Jahdae Walker,WR,CHI,3100,43727823,3.7939,3.7939,1.0,1.1130408910872678,4.222725906562218,CAR,24.94,46.94,6.0,0.6,5.8333,statline_mc+recal_10_4b,0.8636024767548931,9.71603787050847,0.0,0.0,0.0,0.0,0.0,0.0,1.7565,1.0575,15.246234298073245,0.1215,3.3591234298073247,0.8636024767548931,3.0,,47.42307455475559,0.3955606806117406,0.8733967634090197,,classic,True
00-0039623,Mason Tipton,WR,NO,3000,43728047,4.4001,4.4001,1.0,0.9568402848801533,4.210208092419721,DET,21.44,49.83,8.0,0.6,5.984,statline_mc+recal_10_4b,0.4504596825624134,9.697946064272452,0.0,0.0,0.0,1.02075,6.545026503963972,0.029,1.90925,1.18925,12.336340663385254,0.07625,3.7658867167349226,0.4443213756847988,1.5,,44.94095617026651,0.34474300462830276,0.7547472851139194,,classic,True
00-0040238,LeQuint Allen Jr.,RB,JAX,4300,43727447,3.8415,3.8415,1.0,1.0898339438793538,4.186641515793289,CLE,24.42,40.11,16.0,1.0,5.6694,statline_mc+recal_10_4b,1.1109938212120871,9.197142573316304,0.0,0.0,0.0,4.02525,18.274912441281046,0.10175,0.50125,0.3905,3.2435850172457177,0.01275,3.267599745852676,0.9190417699406126,1.5,,49.72546864151816,0.24146671574910336,0.4596172540399682,,classic,True
00-0036755,Jaret Patterson,RB,LAC,4000,43727595,3.3244,3.3244,1.0,1.2580843111367315,4.182368251534154,ARI,28.19,47.17,6.0,0.4,5.3762,statline_mc+recal_10_4b,1.394044802265027,8.882167614259522,0.0,0.0,0.0,2.26825,11.275227409742818,0.0765,0.7725,0.5775,5.575094538168354,0.02675,2.891282194791117,1.291086056743037,3.7,,41.0043595232585,0.23316060760777302,0.20800580439085573,,classic,True
00-0040466,Raheim Sanders,RB,CLE,4000,43727505,5.9172,5.9172,1.0,0.7002250032541792,4.143398486644987,JAX,15.69,40.11,4.0,0.6,5.1813,statline_mc+recal_10_4b,1.825825762741836,8.206217692989728,0.0,0.0,0.0,3.26375,8.919154450994512,0.07425,0.8445,0.63275,3.4702479245259648,0.02025,2.427440237552048,1.7159582490929388,4.1,,29.47426907351693,0.23848136412219756,0.07292094755351441,,classic,True
00-0039359,Cade Stover,TE,HOU,2500,43728325,4.2741,4.2741,1.0,0.9679974710378043,4.137347512937038,BUF,21.69,44.5,6.0,0.6,4.7277,statline_mc+recal_10_4b,1.4845512168196415,8.336843744028513,0.0,0.0,0.0,0.0,0.0,0.0,1.664,1.1515,10.44546296117396,0.075,2.6527962961173963,1.4845512168196415,2.3,,43.003322218607686,0.2733774875191438,0.42514730090727476,,classic,True
00-0038809,Ben Sims,TE,MIA,2500,43728409,4.9087,4.9087,1.0,0.8341112371459919,4.094418827008836,LV,18.69,40.39,3.0,0.6,5.0716,statline_mc+recal_10_4b,0.47841771143874656,9.185179067368905,0.0,0.0,0.0,0.0,0.0,0.0,2.42375,1.564,14.086209564698786,0.10625,3.624870956469879,0.46954787053895686,0.5,,35.835775862068964,0.21224395858789424,0.2788894105628278,,classic,True
00-0040187,Mitchell Evans,TE,CAR,2600,43728303,4.1659,4.1659,1.0,0.9818323818732916,4.090209300905433,CHI,22.0,46.94,14.0,1.0,5.5459,statline_mc+recal_10_4b,0.0,9.87236158867096,0.0,0.0,0.0,0.0,0.0,0.0,2.564,1.7735,18.040600188292434,0.15475,4.548810018829243,-0.45860071792380985,2.7,,62.51402895250488,0.3614316173828673,1.339597307047125,,classic,True
00-0037091,Bo Melton,WR,GB,3000,43727949,4.0161,4.0161,1.0,0.9916507056920244,3.9826058803866307,MIN,22.22,46.06,13.0,1.0,5.503,statline_mc+recal_10_4b,0.9365012423403569,8.97023477373553,0.0,0.0,0.0,0.1415,0.7816667779513398,0.00375,1.8145,0.973,13.621879602511397,0.0945,3.0461046380462737,0.9365012423403569,0.2,,58.67508210180624,0.37570035580364913,1.693025987850133,,classic,True
00-0040556,Corey Kiner,RB,ARI,4000,43727585,4.6809,4.6809,1.0,0.8466072856425609,3.9628884931833173,LAC,18.97,47.17,4.0,0.8,5.6842,statline_mc+recal_10_4b,0.5591089812819062,9.133102467270808,0.0,0.0,0.0,4.1705,15.618376962864877,0.09025,1.15175,0.86825,5.662822423205089,0.031,3.7376199386069966,0.22526855457632067,2.3,,43.880872483221474,0.2242420926778523,0.2701742613497061,,classic,True
00-0040237,Tez Johnson,WR,TB,3100,43727835,3.787,3.787,1.0,1.0438663369098313,3.953108609820601,CIN,23.39,50.44,15.0,0.8,5.9885,statline_mc+recal_10_4b,0.0,9.892462442531535,0.0,0.0,0.0,0.2415,1.4419610059871761,0.008,2.06875,1.304,15.880154548299798,0.139,3.9697115554286975,-0.016602945608096498,5.8,,56.814594780219764,0.5443714339568523,1.5175193916150889,,classic,True
00-0040782,Isaiah Bond,WR,CLE,3300,43727799,5.5821,5.5821,1.0,0.7002250032541792,3.9087009341712373,JAX,15.69,40.11,15.0,1.0,4.8281,statline_mc+recal_10_4b,1.7372004151872167,6.9419230426816965,0.0,0.0,0.0,0.45925,2.1806146098468715,0.0115,1.59225,0.8055,8.531890579993338,0.036,2.1715005189840206,1.7372004151872167,3.4,,42.249273714790945,0.37693804521533353,0.6442254287056244,,classic,True
00-0037098,Samori Toure,WR,PHI,3000,43728089,3.4858,3.4858,1.0,1.1170574781040223,3.893873349316474,WAS,25.03,44.17,1.0,0.2,5.0694,statline_mc+recal_10_4b,1.6898405578203524,7.839780498872333,0.0,0.0,0.0,0.02275,0.1385014321210465,0.00175,1.26775,0.742,10.176826482840173,0.0665,2.2040327914961217,1.6898405578203524,1.3,,29.940621447517998,0.27993986114537356,0.3123143900146132,,classic,True
00-0037805,Jeremy Ruckert,TE,NYJ,2500,43728433,4.5195,4.5195,1.0,0.8555330345686819,3.8665759934111965,TEN,19.17,39.22,14.0,0.8,4.9576,statline_mc+recal_10_4b,0.8142727439143074,8.263224319148868,0.0,0.0,0.0,0.0,0.0,0.0,1.93025,1.3975,11.22303249496889,0.088,3.052303249496889,0.8142727439143074,2.8,,41.30106132075472,0.2787569973145108,0.3846380280895402,,classic,True
00-0033854,Dare Ogunbowale,RB,LV,4000,44034600,3.9726,3.9726,1.0,0.9679974710378043,3.845503085118237,MIA,21.69,40.39,14.0,1.0,5.9974,statline_mc+recal_10_4b,0.0,9.478630787126491,0.0,0.0,0.0,1.46325,5.218806155186801,0.05375,2.22625,1.67625,13.892908250363037,0.06475,4.3454214405549845,-0.4999183554367477,1.3,,47.20208477975777,0.2264323025250705,0.36540106326657684,,classic,True
00-0038979,Cedric Tillman,WR,NO,3400,43727783,3.9863,3.9863,1.0,0.9568402848801533,3.814217103746151,DET,21.44,49.83,12.0,0.8,4.9593,statline_mc+recal_10_4b,1.695207601664956,7.092489450557585,0.0,0.0,0.0,0.0,0.0,0.0,1.366,0.79375,9.680095020811951,0.05625,2.119009502081195,1.695207601664956,4.6,,51.465659340659336,0.4567093236786541,1.1078639161005035,,classic,True
00-0040198,Ollie Gordon II,RB,MIA,4500,43727427,4.5392,4.5392,1.0,0.8341112371459919,3.786184001928702,LV,18.69,40.39,17.0,1.0,4.9654,statline_mc+recal_10_4b,1.7407562269967325,7.999577374675376,0.0,0.0,0.0,2.73925,7.5138061067574595,0.08475,0.6215,0.47125,2.690549459513104,0.019,2.1034355566270566,1.6827484453016455,3.2,,37.10681362338964,0.22416247067239536,0.1459470129016296,,classic,True
00-0037475,Stone Smartt,TE,NO,2500,43728445,3.9234,3.9234,1.0,0.9568402848801533,3.7540825820666175,DET,21.44,49.83,6.0,0.8,5.0933,statline_mc+recal_10_4b,0.3354383012352833,8.791613296505815,0.0,0.0,0.0,0.0,0.0,0.0,2.05375,1.4205,13.736442808313342,0.1005,3.418644280831334,0.3354383012352833,0.8,,53.32122641509434,0.27316457890383916,0.7800603123466783,,classic,True
00-0033375,Tim Patrick,WR,NYJ,3000,43728061,4.366,4.366,1.0,0.8555330345686819,3.7352372589874383,TEN,19.17,39.22,13.0,0.8,5.2177,statline_mc+recal_10_4b,1.4481296972676794,7.571693856042726,0.0,0.0,0.0,0.0,0.0,0.0,1.38025,0.84625,9.606075617197588,0.07675,2.287107561719759,1.4481296972676794,3.0,,39.586195054945044,0.358939783732423,0.550813911565603,,classic,True
00-0034613,Tanner Hudson,TE,CIN,2500,43728339,3.0541,3.0541,1.0,1.2076538297041486,3.6883214578811847,TB,27.06,50.44,10.0,0.8,5.2404,statline_mc+recal_10_4b,0.03464759685079777,9.3260411786016,0.0,0.0,0.0,0.0,0.0,0.0,1.8255,1.29475,15.446738610303866,0.12975,3.653673861030387,0.03464759685079777,3.2,,64.30701650943396,0.38916508567663677,1.4886042083016093,,classic,True
00-0038040,Zamir White,RB,NO,4000,44034604,3.8393,3.8393,1.0,0.9568402848801533,3.673644461489313,DET,21.44,49.83,5.0,0.7246426829086238,5.3331,statline_mc+recal_10_4b,0.9342057071979557,8.278251068965947,0.0,0.0,0.0,3.1185,11.327003672089141,0.08025,0.87175,0.649,4.947743686686139,0.0255,2.912224735877528,0.761419725611785,1.6,,45.4674281052648,0.22270352033339738,0.3120924607586551,,classic,True
00-0036842,Kene Nwangwu,RB,NYJ,4000,43727569,4.2591,4.2591,1.0,0.8555330345686819,3.6437611597616284,TEN,19.17,39.22,10.0,0.8,5.2085,statline_mc+recal_10_4b,1.4993259847637515,7.957931711767269,0.0,0.0,0.0,3.753,13.222900198904725,0.08925,0.26725,0.2025,1.3470456669582178,0.006,2.234994586586294,1.4087665731753343,0.9,,35.59433724832214,0.19941818626993138,0.12719810820902072,,classic,True
00-0039746,Will Shipley,RB,PHI,4100,43727463,3.2583,3.2583,1.0,1.1170574781040223,3.639658211405499,WAS,25.03,44.17,14.0,1.0,5.6604,statline_mc+recal_10_4b,0.26564172530310404,8.424414247677253,0.0,0.0,0.0,1.04225,4.6704693280473375,0.0285,1.75275,1.333,11.321191669229195,0.05825,3.4801660997276533,0.15949211167784583,1.3,,51.549168788089176,0.24713235191421307,0.5424983311088021,,classic,True
00-0041547,KC Concepcion,WR,CLE,4600,43727709,5.1001,5.1001,1.0,0.7002250032541792,3.57120766648778,JAX,15.69,40.11,0.0,0.0,6.0244,statline_mc+recal_10_4b,0.0,9.079351243935262,0.0,0.0,0.0,0.09325,0.4090677103939972,0.0015,3.45125,2.1175,19.563791272773873,0.109,4.856535898316787,-1.2853282318290074,0.0,,15.229553492484524,0.367310899012998,0.13145352961877818,,classic,True
00-0034418,Cedrick Wilson Jr.,WR,DET,3000,43727933,2.8076,2.8076,1.0,1.2670100600628522,3.5572100710611343,NO,28.39,49.83,6.0,0.6,5.0362,statline_mc+recal_10_4b,1.5809822538049487,7.0424969385880924,0.0,0.0,0.0,0.0,0.0,0.0,1.034,0.622,9.789778172561853,0.0585,1.9762278172561856,1.5809822538049487,0.9,,53.828877731463926,0.3707470093823131,1.2730894801772268,,classic,True
00-0040039,Amar Johnson,RB,LAC,4000,43727597,2.8061,2.8061,1.0,1.2580843111367315,3.5302514975396804,ARI,28.19,47.17,1.0,0.0,5.3683,statline_mc+recal_10_4b,0.6740693885598805,8.272156584979555,0.0,0.0,0.0,1.513,8.091814277477004,0.05725,1.00025,0.7415,7.325006812320996,0.03575,2.8561821089798,0.6740693885598805,0.4,,22.505279449201574,0.1937167532220702,0.0386996839312118,,classic,True
00-0038678,Jordan Mims,RB,PHI,4000,43727555,3.1564,3.1564,1.0,1.1170574781040223,3.525846684090629,WAS,25.03,44.17,1.0,0.0,4.8916,statline_mc+recal_10_4b,1.523018901691679,6.780570127606424,0.0,0.0,0.0,1.1345,5.488254557328944,0.04225,0.75475,0.58075,4.842523266660554,0.02275,2.00282778239895,1.523018901691679,0.0,,19.745229210059396,0.18992042982172663,0.030111819670113376,,classic,True
00-0035631,Drew Sample,TE,CIN,2600,43728301,2.9159,2.9159,1.0,1.2076538297041486,3.521410065143265,TB,27.06,50.44,12.0,0.8,5.2704,statline_mc+recal_10_4b,0.0,8.846557932644476,0.0,0.0,0.0,0.0,0.0,0.0,1.81975,1.2835,14.69936673855719,0.13,3.565186673855719,-0.043776608712454035,1.9,,65.59286556603773,0.35101011236915064,1.6055671967384153,,classic,True
00-0038891,Shedrick Jackson,WR,LV,3000,43727993,3.6303,3.6303,1.0,0.9679974710378043,3.51412347021826,MIA,21.69,40.39,3.0,0.6,5.149,statline_mc+recal_10_4b,1.196314900275885,7.277231628261465,0.0,0.0,0.0,0.202,1.1094445680810474,0.00575,1.24975,0.8075,9.711141131342703,0.06275,2.317808569942375,1.196314900275885,3.2,,37.347181697612726,0.353361983650663,0.48284242369022407,,classic,True
00-0037132,Britain Covey,WR,PHI,3000,43728085,3.1337,3.1337,1.0,1.1170574781040223,3.500505698921579,WAS,25.03,44.17,6.0,1.0,5.6721,statline_mc+recal_10_4b,0.0441825624167822,8.539387779627795,0.0,0.0,0.0,0.0,0.0,0.0,1.9655,1.1995,16.42323136504797,0.093,3.4563231365047966,0.0441825624167822,0.6,,61.27739358342806,0.3988732359859128,1.97307768277675,,classic,True
00-0039603,British Brooks,RB,HOU,4000,43727481,3.596,3.596,1.0,0.9679974710378043,3.4809213004177924,BUF,21.69,44.5,8.0,0.8,5.606,statline_mc+recal_10_4b,1.0818982511524382,8.218361147074695,0.0,0.0,0.0,4.00925,17.593656603072624,0.114,0.0,0.0,0.0,0.0,2.482365660307263,0.9985556401105296,0.5,,42.47967701342282,0.19689917284654093,0.23786083050658727,,classic,True
00-0032398,Chris Moore,WR,BAL,3000,43728197,3.0483,3.0483,1.0,1.1407107127582423,3.4772163028743024,IND,25.56,48.17,10.0,0.4,5.2781,statline_mc+recal_10_4b,1.0582755916977722,7.8210246607985425,0.0,0.0,0.0,0.0,0.0,0.0,1.30575,0.7435,12.4094071117653,0.06725,2.41894071117653,1.0582755916977722,2.8,,41.60146835922698,0.36241608267188846,0.6201382965029185,,classic,True
00-0038397,Evan Hull,RB,ARI,4000,43727485,4.0998,4.0998,1.0,0.8466072856425609,3.4709073150470084,LAC,18.97,47.17,6.0,1.0,5.4064,statline_mc+recal_10_4b,1.1626214006630105,8.1078656298185,0.0,0.0,0.0,5.337,16.347654456042854,0.1145,0.0915,0.07,0.4373073994268408,0.0015,2.451496185546969,1.0194111295000394,1.1,,47.41765023528504,0.22493704221421074,0.3726324009295498,,classic,True
00-0038409,Lew Nichols,RB,PIT,4000,43727591,3.2911,3.2911,1.0,1.0536846607285644,3.467741888979374,ATL,23.61,40.78,1.0,0.0,6.0099,statline_mc+recal_10_4b,0.0,9.089910619545025,0.0,0.0,0.0,2.63275,11.842932951605663,0.08125,1.73925,1.3,11.262132126045493,0.051,4.446006507765116,-0.978264618785742,0.0,,17.830200619069657,0.18883639100257674,0.025300502734745465,,classic,True
00-0037329,Brittain Brown,RB,CHI,4000,43727491,3.0932,3.0932,1.0,1.1130408910872678,3.442908831122842,CAR,24.94,46.94,2.0,0.2,5.258,statline_mc+recal_10_4b,0.9797572493279613,8.10527653633331,0.0,0.0,0.0,2.13825,10.841055155535619,0.09175,0.529,0.38975,3.557275510701402,0.0165,2.4948330666237024,0.9480757644991398,3.2,,27.809014117102517,0.22593401217251738,0.06267666002500025,,classic,True
00-0035993,Tyler Huntley,QB,BAL,4300,43727266,3.0127,3.0127,1.0,1.1407107127582423,3.4366231348145315,IND,25.56,48.17,5.0,0.6,6.8487,statline_mc+recal_10_4b,1.5273880599175695,8.044731926994665,0.0,0.0,0.0,2.43925,13.759850748969619,0.1075,0.0,0.0,0.0,0.0,1.909235074896962,1.5273880599175695,8.0,,51.456732348111665,0.37120360335367664,0.5511552363645718,,classic,True
00-0040142,Kaleb Johnson,RB,GB,4400,43727439,3.4553,3.4553,1.0,0.9916507056920244,3.42645962695978,MIN,22.22,46.06,10.0,1.0,5.0019,statline_mc+recal_10_4b,1.6114834055297858,7.41301787147068,0.0,0.0,0.0,4.1455,13.84588681644322,0.08625,0.0,0.0,0.0,0.0,1.9035886816443222,1.5228709453154579,0.9,,46.88377497492865,0.2208957442056858,0.3549788814474374,,classic,True
00-0040208,Tahj Brooks,RB,CIN,4100,43727461,2.8307,2.8307,1.0,1.2076538297041486,3.418473418644524,TB,27.06,50.44,12.0,1.0,5.0458,statline_mc+recal_10_4b,1.3207359869749304,7.270698214131674,0.0,0.0,0.0,2.18,9.739579149383328,0.0615,0.49275,0.35725,3.395967324322247,0.01225,2.1135546473705573,1.3049187712739667,0.4,,59.42854181130911,0.2765308059089453,1.110417830762861,,classic,True
00-0038728,Jared Wayne,WR,HOU,3000,43727877,3.514,3.514,1.0,0.9679974710378043,3.401545521738335,BUF,21.69,44.5,1.0,0.0,5.1121,statline_mc+recal_10_4b,1.340076864637155,6.825372435646077,0.0,0.0,0.0,0.03775,0.22586675774572865,0.00075,1.16675,0.7325,9.41631981326607,0.05625,2.0614686571011798,1.340076864637155,4.0,,18.780628315649867,0.3162926617306678,0.1619908993068765,,classic,True
00-0040218,Jimmy Horn Jr.,WR,CAR,3000,43728165,3.4571,3.4571,1.0,0.9818323818732916,3.3942894873519713,CHI,22.0,46.94,10.0,0.8,4.8754,statline_mc+recal_10_4b,1.508573105489765,6.437319178846414,0.0,0.0,0.0,0.2285,1.4391567589630998,0.00725,1.012,0.65425,7.773007059658961,0.04175,1.8857163818622062,1.508573105489765,1.9,,49.72393543956043,0.3778405182145991,0.9999794144667133,,classic,True
00-0040194,Jackson Hawes,TE,BUF,2500,43728317,3.3024,3.3024,1.0,1.017981665024081,3.3617665591678287,HOU,22.81,44.5,13.0,0.8,5.0295,statline_mc+recal_10_4b,0.3812562472501013,8.368773191736556,0.0,0.0,0.0,0.0,0.0,0.0,1.52025,1.10375,12.535103119177274,0.1005,2.9805103119177274,0.3812562472501013,2.8,,51.43484669811321,0.3169855817016379,0.6981316724513874,,classic,True
00-0035644,Noah Fant,TE,NO,3200,43728261,3.5052,3.5052,1.0,0.9568402848801533,3.353924904653713,DET,21.44,49.83,13.0,0.6,4.4439,statline_mc+recal_10_4b,1.4906332909572058,6.365679539182456,0.0,0.0,0.0,0.0,0.0,0.0,1.04775,0.78825,7.157916136965074,0.05975,1.8632916136965072,1.4906332909572058,5.2,,47.005888093689,0.3390466458534627,0.5380119386534703,,classic,True
00-0041525,Chris Bell,WR,MIA,3200,43727815,3.9893,3.9893,1.0,0.8341112371459919,3.3275438999894815,LV,18.69,40.39,0.0,0.0,6.7262,statline_mc+recal_10_4b,0.0,10.864604928889225,0.0,0.0,0.0,0.058,0.2710285657349865,0.001,4.23,2.57975,28.199849434054634,0.17925,6.655087799978963,-3.3275438999894815,0.0,,14.705763704686115,0.23465347052193358,0.12746505367992195,,classic,True
00-0040406,Quentin Skinner,WR,BUF,3000,43727869,3.2648,3.2648,1.0,1.017981665024081,3.3234907195486825,HOU,22.81,44.5,1.0,0.2,4.9615,statline_mc+recal_10_4b,1.2420113991480215,6.637747208506928,0.0,0.0,0.0,0.036,0.15464129491057393,0.00125,1.20775,0.7555,9.640151909096037,0.05325,2.081479320400661,1.2420113991480215,4.0,,27.244278135657442,0.3283958585881396,0.2665073733704345,,classic,True
00-0038440,Zavier Scott,RB,CHI,4000,43727553,2.9788,2.9788,1.0,1.1130408910872678,3.315541443163381,CAR,24.94,46.94,11.0,0.8,4.9236,statline_mc+recal_10_4b,1.2821050116525639,6.646517394097823,0.0,0.0,0.0,1.63375,6.960075868573302,0.04325,0.6385,0.50575,4.344288446534872,0.02225,2.0334364315108173,1.2821050116525639,2.5,,49.52799916107382,0.2537720214048912,0.4514399287116831,,classic,True
00-0037086,Grant Calcaterra,TE,PHI,2500,43728443,2.9626,2.9626,1.0,1.1170574781040223,3.3094324104363757,WAS,25.03,44.17,9.0,0.6,4.8941,statline_mc+recal_10_4b,0.703840924229358,8.081560455458789,0.0,0.0,0.0,0.0,0.0,0.0,1.389,0.938,10.733414862070175,0.09625,2.6055914862070177,0.703840924229358,1.4,,46.11268434179137,0.26156544600511455,0.5104738201617989,,classic,True
00-0039356,Ja'Tavion Sanders,TE,CAR,2700,43728293,3.3549,3.3549,1.0,0.9818323818732916,3.293915787155339,CHI,22.0,46.94,12.0,0.6,4.3972,statline_mc+recal_10_4b,1.3864119744904417,6.114712205189601,0.0,0.0,0.0,0.0,0.0,0.0,1.15925,0.882,7.2400381266489715,0.0505,1.907503812664897,1.3864119744904417,4.2,,44.60818016699197,0.3209913250464232,0.4672381608006868,,classic,True
00-0036628,John Bates,TE,WAS,2500,43728493,3.8311,3.8311,1.0,0.8541941722297637,3.27253787906341,PHI,19.14,44.17,10.0,0.8,4.71,statline_mc+recal_10_4b,0.69317080928518,7.425002388493597,0.0,0.0,0.0,0.0,0.0,0.0,1.655,1.1155,9.926170697782299,0.0775,2.57936706977823,0.69317080928518,1.8,,43.09540094339623,0.26065460087598363,0.427456314487417,,classic,True
00-0039884,Tahj Washington,WR,PHI,3000,43728015,2.9099,2.9099,1.0,1.1170574781040223,3.2504783796014003,WAS,25.03,44.17,2.0,0.2,4.9279,statline_mc+recal_10_4b,1.4446570576006224,6.0019468025414495,0.0,0.0,0.0,0.01275,0.05462295163876989,0.00025,0.98175,0.60125,8.786090268369007,0.04975,1.805821322000778,1.4446570576006224,1.0,,28.824137931034482,0.2689478782927059,0.2924620281032276,,classic,True
00-0040582,Arian Smith,WR,NYJ,3000,43728065,3.7881,3.7881,1.0,0.8555330345686819,3.2408118251272806,TEN,19.17,39.22,13.0,0.8,4.8315,statline_mc+recal_10_4b,1.4403608111676802,5.920013491643498,0.0,0.0,0.0,0.3575,1.8365741059182683,0.01175,1.124,0.63525,6.295436033677738,0.04525,1.8004510139596004,1.4403608111676802,0.8,,37.72190934065933,0.29771033191720886,0.4936037935360685,,classic,True
00-0036876,Kylen Granson,TE,TEN,2500,43728379,3.6114,3.6114,1.0,0.8952526172899195,3.2331589261617486,NYJ,20.06,39.22,12.0,1.0,5.0584,statline_mc+recal_10_4b,0.0,8.365400425636906,0.0,0.0,0.0,0.0,0.0,0.0,2.2295,1.535,13.869486553947162,0.108,3.5836986553947163,-0.3505397292329677,0.6,,45.84404142268488,0.24260335957158707,0.5024704483235396,,classic,True
00-0036534,Shane Zylstra,TE,BUF,2500,43728319,3.1739,3.1739,1.0,1.017981665024081,3.2309492483476365,HOU,22.81,44.5,1.0,0.2,4.834,statline_mc+recal_10_4b,0.6154465780392471,7.9168051329975935,0.0,0.0,0.0,0.0,0.0,0.0,1.4805,0.969,10.892526703083895,0.0905,2.6155026703083895,0.6154465780392471,0.8,,27.683506831489918,0.20693783631149285,0.1726506326603334,,classic,True
00-0041040,Antonio Williams,WR,WAS,4200,43727725,3.7587,3.7587,1.0,0.8541941722297637,3.2106887536366138,PHI,19.14,44.17,0.0,0.0,6.559,statline_mc+recal_10_4b,0.0,10.143727197750142,0.0,0.0,0.0,0.0705,0.35097521884111177,0.00225,3.81575,2.336,26.271228715412594,0.15625,6.080470393425371,-2.8697816397887577,0.0,,17.12375663129973,0.23840460631710442,0.14694775512305883,,classic,True
00-0041037,Denzel Boston,WR,CLE,4400,43727715,4.5265,4.5265,1.0,0.7002250032541792,3.169557256968286,JAX,15.69,40.11,0.0,0.0,5.928,statline_mc+recal_10_4b,0.0,8.6926751896731,0.0,0.0,0.0,0.091,0.4727081843416502,0.0035,3.2915,2.02275,18.021312777114595,0.11075,4.618152096145624,-1.4485948391773382,0.0,,14.582117595048626,0.23986336552922255,0.1265413253816761,,classic,True
00-0039266,Kendall Milton,RB,CIN,4000,43727499,2.6242,2.6242,1.0,1.2076538297041486,3.169109866675414,TB,27.06,50.44,1.0,0.0,5.0928,statline_mc+recal_10_4b,0.8770730724465658,7.168124954212702,0.0,0.0,0.0,1.28825,6.254385022724808,0.0435,0.83775,0.636,5.993482919563672,0.02775,2.292036794228848,0.8770730724465658,0.2,,22.503009768186374,0.1913239438579577,0.03869169966969017,,classic,True
00-0038647,Ronnie Bell,WR,NO,3000,43728049,3.3028,3.3028,1.0,0.9568402848801533,3.1602952821997548,DET,21.44,49.83,2.0,0.4,4.9001,statline_mc+recal_10_4b,1.2971650023083814,6.064658897353028,0.0,0.0,0.0,0.03025,0.1080296088312967,0.001,1.097,0.66175,8.175773190082436,0.0585,1.8631302798913734,1.2971650023083814,5.2,,34.81149109511178,0.39525108891251265,0.4159362838631496,,classic,True
00-0037524,Tay Martin,WR,DET,3000,43727939,2.4907,2.4907,1.0,1.2670100600628522,3.1557468155290973,NO,28.39,49.83,2.0,0.0,4.9678,statline_mc+recal_10_4b,1.4025541402351545,6.1579909300296105,0.0,0.0,0.0,0.04,0.32973934328788973,0.0025,0.83525,0.53225,8.537187409651539,0.04925,1.7531926752939428,1.4025541402351545,1.4,,24.58139920424403,0.26183716576371024,0.22786696538619575,,classic,True
00-0036567,Elijah Mitchell,RB,PHI,4000,43727579,2.7725,2.7725,1.0,1.1170574781040223,3.0970547307124057,WAS,25.03,44.17,1.0,0.0,4.8175,statline_mc+recal_10_4b,1.1625268687894623,6.1360471162288155,0.0,0.0,0.0,1.1595,5.419067072298916,0.03525,0.7645,0.5605,4.823711546930517,0.02325,1.9345278619229433,1.1625268687894623,0.0,,18.605967465092956,0.18939240847727112,0.027149225661115606,,classic,True
00-0038840,Brycen Tremayne,WR,CAR,3000,43728167,3.1522,3.1522,1.0,0.9818323818732916,3.094959638341408,CHI,22.0,46.94,15.0,1.0,5.2525,statline_mc+recal_10_4b,0.4702841500234274,7.12786254899777,0.0,0.0,0.0,0.0,0.0,0.0,1.5555,1.0205,11.884254883179803,0.06475,2.6246754883179806,0.4702841500234274,1.8,,55.37739200454717,0.40228432681445153,1.3944996579264772,,classic,True
00-0036429,Charlie Woerner,TE,ATL,2500,43728311,4.0278,4.0278,1.0,0.7662755453074735,3.086368368228359,PIT,17.17,40.78,7.0,0.6,4.2957,statline_mc+recal_10_4b,1.2815530130156167,5.53952376621934,0.0,0.0,0.0,0.0,0.0,0.0,1.23725,0.86125,6.453153552127422,0.05025,1.8048153552127424,1.2815530130156167,0.8,,33.13224219258295,0.20986137858214565,0.23788418391085517,,classic,True
00-0026300,Josh Johnson,QB,CIN,4000,43727278,2.542,2.542,1.0,1.2076538297041486,3.0698670234639036,TB,27.06,50.44,3.0,0.6,6.7876,statline_mc+recal_10_4b,1.364385343761735,7.714039020478044,0.0,0.0,0.0,2.13675,10.919816797021685,0.1215,0.0,0.0,0.0,0.0,1.7054816797021686,1.364385343761735,5.5,,54.5856613932045,0.3477320859225307,0.6891861694801519,,classic,True
00-0039648,David Martin-Robinson,TE,TEN,2500,43728383,3.3859,3.3859,1.0,0.8952526172899195,3.031251887893849,NYJ,20.06,39.22,11.0,1.0,4.9518,statline_mc+recal_10_4b,0.0,8.0064231979132,0.0,0.0,0.0,0.0,0.0,0.0,1.85575,1.2275,11.928000988849366,0.1095,3.0863000988849367,-0.05504821099108792,0.8,,44.68051941010627,0.2429138765164886,0.4692306119772474,,classic,True
00-0040363,Keleki Latu,TE,BUF,2500,43728321,2.8994,2.8994,1.0,1.017981665024081,2.9515867474701882,HOU,22.81,44.5,3.0,0.4,4.4563,statline_mc+recal_10_4b,1.1581056746850287,5.830437775914897,0.0,0.0,0.0,0.0,0.0,0.0,1.004,0.69,7.732310727851596,0.05475,1.7934810727851596,1.1581056746850287,1.5,,34.47137483734548,0.22666496107557266,0.2573807333948234,,classic,True
00-0038394,Will Mallory,TE,IND,2500,43728391,2.9229,2.9229,1.0,1.0090559160979602,2.94938002095147,BAL,22.61,48.17,1.0,0.2,4.6366,statline_mc+recal_10_4b,0.6811377545633657,6.9021717256185,0.0,0.0,0.0,0.0,0.0,0.0,1.2775,0.857,9.562422663881039,0.075,2.2682422663881043,0.6811377545633657,1.3,,28.96200390370852,0.21597173440662984,0.18613566663900438,,classic,True
00-0038046,Charlie Kolar,TE,LAC,2500,43728297,2.3375,2.3375,1.0,1.2580843111367315,2.94076220997,ARI,28.19,47.17,13.0,0.8,4.8522,statline_mc+recal_10_4b,0.6278693860151638,7.348622188890829,0.0,0.0,0.0,0.0,0.0,0.0,1.09975,0.7395,10.606428239548354,0.08325,2.312892823954836,0.6278693860151638,2.1,,58.32004716981131,0.3253570741264859,1.0467229052328828,,classic,True
00-0036463,Chris Blair,WR,ATL,3000,43727845,3.8363,3.8363,1.0,0.7662755453074735,2.939675419611433,PIT,17.17,40.78,1.0,0.2,4.6937,statline_mc+recal_10_4b,1.016648830240297,5.902051426194794,0.0,0.0,0.0,0.054,0.321756969057766,0.001,1.31825,0.7985,7.873508924653595,0.04875,1.923026589371136,1.016648830240297,0.0,,20.37652519893899,0.23554422367867536,0.17793466703519958,,classic,True
00-0041104,Demond Claiborne,RB,MIN,4400,43727433,2.7584,2.7584,1.0,1.0635029845472972,2.9335136117790235,GB,23.83,46.06,0.0,0.0,6.4199,statline_mc+recal_10_4b,0.0,9.756155152147185,0.0,0.0,0.0,3.9645,18.090605053651206,0.134,2.03675,1.5135,13.002167181929263,0.06125,5.867027223558047,-2.9335136117790235,0.0,,17.40963463318676,0.1886375143121579,0.024351440235567626,,classic,True
00-0036527,DJ Turner,WR,HOU,3000,43727885,2.977,2.977,1.0,0.9679974710378043,2.8817304136189357,BUF,21.69,44.5,1.0,0.2,4.7651,statline_mc+recal_10_4b,1.280769072719527,5.337853567309927,0.0,0.0,0.0,0.04425,0.30740473169154686,0.002,0.9265,0.5685,7.07970867730254,0.045,1.6009613408994088,1.280769072719527,0.0,,24.578268283440696,0.2359722277105853,0.22782500257859628,,classic,True
00-0041032,Kenyon Sadiq,TE,NYJ,3800,43728239,3.3503,3.3503,1.0,0.8555330345686819,2.8663295968809237,TEN,19.17,39.22,0.0,0.0,5.614,statline_mc+recal_10_4b,0.0,9.380688544196788,0.0,0.0,0.0,0.0,0.0,0.0,3.67,2.44275,22.904091937618478,0.15625,5.732659193761847,-2.8663295968809237,0.0,,16.417256289308174,0.19547880575771107,0.08899226609173613,,classic,True
00-0040476,Ulysses Bentley IV,RB,IND,4000,43727535,2.8322,2.8322,1.0,1.0090559160979602,2.8578343695744852,BAL,22.61,48.17,1.0,0.0,4.8453,statline_mc+recal_10_4b,0.9086488190277546,5.840116758885293,0.0,0.0,0.0,1.373,5.5617235042867765,0.037,0.737,0.561,4.6651320011805275,0.02425,1.9491855505467306,0.9086488190277546,0.0,,18.641860487541464,0.1889541193468469,0.027237958328561334,,classic,True
00-0040878,Mike Washington Jr.,RB,LV,4600,43727415,2.9349,2.9349,1.0,0.9679974710378043,2.841022741547849,MIA,21.69,40.39,0.0,0.0,6.4614,statline_mc+recal_10_4b,0.0,9.3407475917908,0.0,0.0,0.0,4.9745,20.189833923948566,0.13825,1.82475,1.386,10.843120907008414,0.0485,5.682045483095698,-2.841022741547849,0.0,,13.936837055465553,0.2875862054843849,0.017758816988344594,,classic,True
00-0038911,Malik Cunningham,WR,DET,3000,43727937,2.2295,2.2295,1.0,1.2670100600628522,2.824811390011968,NO,28.39,49.83,1.0,0.2,5.1524,statline_mc+recal_10_4b,0.8512915779547618,6.4674506167680255,0.0,0.0,0.0,0.18,1.5185389676626209,0.00575,0.87925,0.537,8.986659152909438,0.05425,1.9735198120572062,0.8512915779547618,0.1,,33.23690791966654,0.2653012256474949,0.3791415222480686,,classic,True
00-0040629,Dalevon Campbell,WR,LAC,3000,43728127,2.235,2.235,1.0,1.2580843111367315,2.811853028077072,ARI,28.19,47.17,1.0,0.0,5.4334,statline_mc+recal_10_4b,0.38089633813826973,7.167994280042018,0.0,0.0,0.0,0.0285,0.11024759162200302,0.00075,1.19475,0.71875,12.149319307766023,0.07375,2.430956689938802,0.38089633813826973,0.0,,22.97430371352785,0.2342388152182994,0.20731242286723078,,classic,True
00-0033319,Nick Mullens,QB,JAX,4000,43727321,2.578,2.578,1.0,1.0898339438793538,2.8096101399416487,CLE,24.42,40.11,4.0,0.6,6.7245,statline_mc+recal_10_4b,1.248715617751844,7.392912112981723,0.0,0.0,0.0,3.0615,9.916445221898048,0.124,0.0,0.0,0.0,0.0,1.5608945221898047,1.248715617751844,-0.0,,42.38000189465706,0.21148782727286536,0.28820689730333543,,classic,True
00-0036590,Quintin Morris,TE,JAX,2500,43728509,2.5485,2.5485,1.0,1.0898339438793538,2.7774584567078815,CLE,24.42,40.11,11.0,1.0,4.5965,statline_mc+recal_10_4b,0.7517350015337128,6.105270746711301,0.0,0.0,0.0,0.0,0.0,0.0,1.093,0.73825,8.332234551741687,0.0755,2.0257234551741687,0.7517350015337128,1.2,,53.69469746258946,0.2829257227213159,0.7973869948431572,,classic,True
00-0039521,Xavier Weaver,WR,ARI,3100,43727831,3.2469,3.2469,1.0,0.8466072856425609,2.7488682015604344,LAC,18.97,47.17,7.0,0.4,4.5255,statline_mc+recal_10_4b,1.2217192006935265,4.754408344466487,0.0,0.0,0.0,0.0,0.0,0.0,1.0625,0.649,6.4789900086690775,0.0375,1.527149000866908,1.2217192006935265,1.4,,28.982127068333963,0.2764552088245019,0.29519268672686044,,classic,True
00-0040628,Drake Dabney,TE,GB,2500,43728369,2.7663,2.7663,1.0,0.9916507056920244,2.7432010739970134,MIN,22.22,46.06,1.0,0.2,4.2781,statline_mc+recal_10_4b,1.219200477332006,5.009828031418869,0.0,0.0,0.0,0.0,0.0,0.0,0.89825,0.582,6.455005966650073,0.04925,1.5240005966650074,1.219200477332006,0.7,,26.288028627195835,0.20491016505459736,0.15904435650512666,,classic,True
00-0040581,Dont'e Thornton Jr.,WR,LV,3300,43727801,2.7903,2.7903,1.0,0.9679974710378043,2.701004262739287,MIA,21.69,40.39,11.0,0.4,4.5289,statline_mc+recal_10_4b,1.2004463389952387,4.992705884265699,0.0,0.0,0.0,0.0,0.0,0.0,1.08775,0.5505,6.683079237440484,0.046,1.5005579237440483,1.2004463389952387,1.6,,28.093699475811544,0.2760391432778482,0.2801619620520793,,classic,True
00-0039710,Jeshaun Jones,WR,MIN,3000,43728031,2.527,2.527,1.0,1.0635029845472972,2.6874408865126034,GB,23.83,46.06,1.0,0.2,5.0548,statline_mc+recal_10_4b,0.7343447130017746,5.789693709117055,0.0,0.0,0.0,0.02675,0.23318888614347183,0.001,1.1,0.672,9.127772848964817,0.054,1.9530961735108288,0.7343447130017746,0.0,,27.77730200833649,0.24507032084879102,0.27499591860117023,,classic,True
00-0038640,Jalen Brooks,WR,ARI,3000,43728101,3.1542,3.1542,1.0,0.8466072856425609,2.6703668542771264,LAC,18.97,47.17,5.0,0.8,4.5496,statline_mc+recal_10_4b,1.1868297130120562,5.048642867699112,0.0,0.0,0.0,0.0,0.0,0.0,0.96925,0.57775,6.6978714126507,0.03825,1.4835371412650702,1.1868297130120562,1.2,,42.88076923076923,0.32676021712043757,0.6686063721216912,,classic,True
00-0037380,Kaden Davis,WR,CHI,3000,43727893,2.379,2.379,1.0,1.1130408910872678,2.6478895259624196,CAR,24.94,46.94,1.0,0.0,4.9258,statline_mc+recal_10_4b,0.8467080557938365,5.45917618295076,0.0,0.0,0.0,0.0345,0.1915482803657432,0.0025,0.9815,0.5945,8.625266421320086,0.04925,1.801181470168583,0.8467080557938365,0.0,,21.058037687886824,0.2345184092327328,0.18521279619056671,,classic,True
00-0040244,Moliki Matavao,TE,NO,2500,43728423,2.6999,2.6999,1.0,0.9568402848801533,2.5833292437709168,DET,21.44,49.83,1.0,0.2,4.2153,statline_mc+recal_10_4b,1.148146330564852,4.80928198124777,0.0,0.0,0.0,0.0,0.0,0.0,0.856,0.58175,5.784329132060649,0.04575,1.4351829132060647,1.148146330564852,0.5,,26.807286922576445,0.2010955577015772,0.1639772568815141,,classic,True
00-0040179,DJ Giddens,RB,IND,4300,43727441,2.5214,2.5214,1.0,1.0090559160979602,2.54418639408255,BAL,22.61,48.17,5.0,0.4936083707375778,4.5065,statline_mc+recal_10_4b,1.1307495084811334,4.807538100093568,0.0,0.0,0.0,2.00125,8.236258022043973,0.048,0.21475,0.15475,1.2256108339701917,0.00575,1.4134368856014166,1.1307495084811334,1.1,,32.30911550328444,0.20061474770914756,0.09435735808995742,,classic,True
00-0038498,E.J. Jenkins,TE,PHI,2500,43728449,2.2675,2.2675,1.0,1.1170574781040223,2.53296877491793,WAS,25.03,44.17,1.0,0.0,4.3022,statline_mc+recal_10_4b,1.1257638999635247,4.81454728260012,0.0,0.0,0.0,0.0,0.0,0.0,0.762,0.51175,5.862048749544058,0.051,1.4072048749544055,1.1257638999635247,0.0,,20.26917290175667,0.1922277117072032,0.11162363361321309,,classic,True
00-0034981,Foster Moreau,TE,HOU,2600,43728299,2.6003,2.6003,1.0,0.9679974710378043,2.517102272188596,BUF,21.69,44.5,7.0,0.4,4.1659,statline_mc+recal_10_4b,1.1187121209727093,4.68172285651256,0.0,0.0,0.0,0.0,0.0,0.0,0.834,0.57225,5.831401512158865,0.04025,1.3983901512158867,1.1187121209727093,1.2,,31.535476984385163,0.2132656042143859,0.21655760107313704,,classic,True
00-0040429,Josh Williams,RB,TB,4000,43727605,2.4088,2.4088,1.0,1.0438663369098313,2.5144385312419977,CIN,23.39,50.44,2.0,0.0,4.4761,statline_mc+recal_10_4b,1.1175282361075545,4.620435044355608,0.0,0.0,0.0,0.814,3.6231942264841774,0.0245,0.59625,0.45125,3.2034087248602545,0.01975,1.3969102951344432,1.1175282361075545,0.4,,19.848917351307563,0.19288627703880676,0.030397001522077596,,classic,True
00-0040317,Jacoby Jones,WR,WAS,3000,43728153,2.9266,2.9266,1.0,0.8541941722297637,2.499897367895411,PHI,19.14,44.17,1.0,0.0,4.4021,statline_mc+recal_10_4b,1.111065496842405,4.728068298983288,0.0,0.0,0.0,0.02925,0.0922168666306664,0.00025,0.88825,0.54725,6.2811018438993935,0.03275,1.3888318710530059,1.111065496842405,3.5,,15.662218169761271,0.3036152763271119,0.1348420732127415,,classic,True
00-0033246,Johnny Mundt,TE,PHI,2500,43728441,2.2256,2.2256,1.0,1.1170574781040223,2.486142167162681,WAS,25.03,44.17,12.0,0.4,4.3166,statline_mc+recal_10_4b,1.104952074294525,4.666820820993947,0.0,0.0,0.0,0.0,0.0,0.0,0.80125,0.47575,6.144400928681562,0.04775,1.3811900928681562,1.104952074294525,1.2,,35.07690170245066,0.2216743500507493,0.26671366544354935,,classic,True
00-0040736,Mason Taylor,TE,NYJ,2800,43728283,2.8429,2.8429,1.0,0.8555330345686819,2.432165806935264,TEN,19.17,39.22,13.0,0.2,4.0015,statline_mc+recal_10_4b,1.0809625808601173,4.4849417873634305,0.0,0.0,0.0,0.0,0.0,0.0,0.9645,0.64225,5.142032260751466,0.033,1.3512032260751465,1.0809625808601173,6.8,,20.507547169811318,0.3297079835627811,0.11319984698240065,,classic,True
00-0034798,Durham Smythe,TE,BAL,2500,43728517,2.1287,2.1287,1.0,1.1407107127582423,2.4281818089122345,IND,25.56,48.17,7.0,0.8,4.4577,statline_mc+recal_10_4b,0.6087962907581783,5.799537951332539,0.0,0.0,0.0,0.0,0.0,0.0,1.0,0.66575,7.703855181540564,0.06325,1.8193855181540561,0.6087962907581783,0.5,,55.85330188679245,0.27285207695193264,0.9053456968194797,,classic,True
00-0037755,Jelani Woods,TE,NYJ,2500,43728435,2.8183,2.8183,1.0,0.8555330345686819,2.411169181958966,TEN,19.17,39.22,2.0,0.4,4.125,statline_mc+recal_10_4b,1.0716307475373181,4.538223933581424,0.0,0.0,0.0,0.0,0.0,0.0,0.861,0.5505,5.317884344216476,0.043,1.3395384344216477,1.0716307475373181,0.3,,24.431171383647794,0.19732937811551074,0.14258755589600736,,classic,True
00-0036569,Gary Brightwell,RB,CIN,4000,43727497,1.9786,1.9786,1.0,1.2076538297041486,2.3894555851602663,TB,27.06,50.44,2.0,0.0,4.4968,statline_mc+recal_10_4b,1.0619802600712296,4.47483237015507,0.0,0.0,0.0,0.7395,3.7491679891426157,0.0235,0.472,0.3585,3.3430852617477513,0.01925,1.3274753250890368,1.0619802600712296,0.0,,21.68086211717966,0.188371584842684,0.035905281535948054,,classic,True
00-0041125,Seth McGowan,RB,IND,4300,43727443,2.3604,2.3604,1.0,1.0090559160979602,2.3817827386410193,BAL,22.61,48.17,0.0,0.0,6.0719,statline_mc+recal_10_4b,0.0,8.235473340406621,0.0,0.0,0.0,3.53925,15.686406254448023,0.10575,1.65525,1.25425,9.729248518372362,0.049,4.763565477282039,-2.3817827386410193,0.0,,16.668706125125357,0.18721005494687962,0.022765218297988794,,classic,True
00-0032268,Marcus Mariota,QB,WAS,4500,43727263,2.7672,2.7672,1.0,0.8541941722297637,2.3637320624516507,PHI,19.14,44.17,10.0,0.6,6.599,statline_mc+recal_10_4b,1.0505475833118447,5.108488141050882,0.0,0.0,0.0,2.40125,10.35184479139806,0.0695,0.0,0.0,0.0,0.0,1.313184479139806,1.0505475833118447,12.3,,36.39425761020589,0.36523361841985524,0.18794050546517288,,classic,True
00-0033757,Robert Tonyan,TE,PIT,2500,43728467,2.2342,2.2342,1.0,1.0536846607285644,2.3541111414603892,ATL,23.61,40.78,2.0,0.0,4.3974,statline_mc+recal_10_4b,0.612043849578007,5.199997037747723,0.0,0.0,0.0,0.0,0.0,0.0,0.981,0.672,7.138172918823823,0.05925,1.7420672918823823,0.612043849578007,0.1,,18.123159970722188,0.19338326801589265,0.09838582546090595,,classic,True
00-0040668,Shedeur Sanders,QB,CLE,4700,43727260,3.3285,3.3285,1.0,0.7002250032541792,2.3307046072713757,JAX,15.69,40.11,8.0,1.0,6.6547,statline_mc+recal_10_4b,1.0358687143428338,5.171630463423023,0.0,0.0,0.0,2.57675,9.908358929285418,0.0745,0.0,0.0,0.0,0.0,1.294835892928542,1.0358687143428338,12.4,,42.1027535682708,0.37691244878087005,0.28255554867776944,,classic,True
00-0041523,Caleb Douglas,WR,MIA,3000,43728009,2.7285,2.7285,1.0,0.8341112371459919,2.2758428330461613,LV,18.69,40.39,0.0,0.0,6.0707,statline_mc+recal_10_4b,0.0,7.7485914083444385,0.0,0.0,0.0,0.048,0.22225550941249406,0.00125,2.94875,1.80925,19.384601151510722,0.11725,4.551685666092323,-2.2758428330461613,0.0,,13.974994473916887,0.23140487719473962,0.12210188423589405,,classic,True
00-0036626,Dyami Brown,WR,WAS,3200,43727817,2.66,2.66,1.0,0.8541941722297637,2.272134553321311,PHI,19.14,44.17,11.0,0.4,4.3893,statline_mc+recal_10_4b,1.009837579253916,4.190634437788563,0.0,0.0,0.0,0.1205,0.7894451831618408,0.0045,0.81925,0.47075,4.938524557512106,0.03125,1.2622969740673948,1.009837579253916,3.6,,26.06807108121763,0.3076995821914181,0.24869152185803153,,classic,True
00-0038589,Josh Whyle,TE,GB,2500,43728367,2.2801,2.2801,1.0,0.9916507056920244,2.2610867424383323,MIN,22.22,46.06,6.0,0.6,4.1636,statline_mc+recal_10_4b,1.0049274410837032,4.139863367067024,0.0,0.0,0.0,0.0,0.0,0.0,0.71875,0.487,4.996593013546289,0.045,1.256159301354629,1.0049274410837032,1.8,,38.43303784428541,0.2436844557915802,0.3249253429472046,,classic,True
00-0039923,J.J. McCarthy,QB,MIN,4500,43727262,2.1208,2.1208,1.0,1.0635029845472972,2.2555033234105144,GB,23.83,46.06,10.0,0.8,6.6373,statline_mc+recal_10_4b,1.0024459215157842,5.883064611819609,0.0,0.0,0.0,1.629,7.728074018947302,0.09525,0.0,0.0,0.0,0.0,1.2530574018947302,1.0024459215157842,13.9,,52.99141483516483,0.4913254905175235,0.6150088652900547,,classic,True
00-0039631,Cam Grandy,TE,MIN,2500,43728343,2.1025,2.1025,1.0,1.0635029845472972,2.2360632384130006,GB,23.83,46.06,2.0,0.2,4.2068,statline_mc+recal_10_4b,0.9938058837391115,4.218401059684109,0.0,0.0,0.0,0.0,0.0,0.0,0.6955,0.46625,5.447573546738889,0.0385,1.242257354673889,0.9938058837391115,0.5,,26.73031880286272,0.2002663315625541,0.16323652199084182,,classic,True
00-0036423,Albert Okwuegbunam Jr.,TE,LV,2500,43728401,2.3054,2.3054,1.0,0.9679974710378043,2.2315843872998338,MIA,21.69,40.39,1.0,0.0,4.1183,statline_mc+recal_10_4b,0.9918152832443705,4.234065265059559,0.0,0.0,0.0,0.0,0.0,0.0,0.708,0.49325,5.235191040554632,0.03725,1.2397691040554633,0.9918152832443705,8.6,,15.508668130557362,0.4083012403984889,0.08436082253262045,,classic,True
00-0038953,Dylan Drummond,WR,ATL,3000,43727841,2.9093,2.9093,1.0,0.7662755453074735,2.2293198166418784,PIT,17.17,40.78,6.0,0.8,4.1711,statline_mc+recal_10_4b,0.9908088073963905,4.021074241019367,0.0,0.0,0.0,0.0,0.0,0.0,0.9195,0.572,4.817610092454878,0.03075,1.2385110092454878,0.9908088073963905,1.2,,34.90882554945055,0.2936797961617943,0.4183245810464352,,classic,True
00-0041096,Kaytron Allen,RB,WAS,4600,43727421,2.5934,2.5934,1.0,0.8541941722297637,2.2152448191633463,PHI,19.14,44.17,0.0,0.0,5.7903,statline_mc+recal_10_4b,0.0,7.724575619825683,0.0,0.0,0.0,3.72825,13.295912835819385,0.085,1.87075,1.4175,9.10648354744754,0.041,4.4304896383266925,-2.2152448191633463,0.0,,12.866830112628248,0.2859762932450158,0.016112715870658226,,classic,True
00-0035140,Mecole Hardman Jr.,WR,BUF,3000,43727853,2.1656,2.1656,1.0,1.017981665024081,2.2045777355379803,HOU,22.81,44.5,2.0,0.2,4.5351,statline_mc+recal_10_4b,0.979812326905769,4.178960416994226,0.0,0.0,0.0,0.019,0.1338666298240081,0.00075,0.68925,0.4155,5.718787456498105,0.03475,1.2247654086322113,0.979812326905769,2.1,,25.213508904888215,0.2756853066672433,0.23649921698474824,,classic,True
00-0040234,Quinn Ewers,QB,JAX,4000,43727294,2.0101,2.0101,1.0,1.0898339438793538,2.1907213566297945,CLE,24.42,40.11,4.0,0.6,6.5865,statline_mc+recal_10_4b,0.9736539362799088,5.0549700764592185,0.0,0.0,0.0,1.9955,8.213174203498857,0.08525,0.0,0.0,0.0,0.0,1.2170674203498857,0.9736539362799088,9.0,,41.607474422129584,0.33880258112166706,0.27273430564307016,,classic,True
00-0039489,Hayden Rucci,TE,JAX,2500,44034642,1.9811,1.9811,1.0,1.0898339438793538,2.1590670259132234,CLE,24.42,40.11,1.0,0.0,4.4342,statline_mc+recal_10_4b,0.5083442261153253,4.810975787079931,0.0,0.0,0.0,0.0,0.0,0.0,0.90075,0.618,7.249727997978981,0.05125,1.6507227997978982,0.5083442261153253,0.0,,17.285282476686184,0.19110034670235915,0.09365425210470636,,classic,True
00-0040352,Coleman Owen,WR,IND,3000,43727981,2.0797,2.0797,1.0,1.0090559160979602,2.0985169863871787,BAL,22.61,48.17,2.0,0.4,4.3543,statline_mc+recal_10_4b,0.9326742161720794,3.9547197230558973,0.0,0.0,0.0,0.01775,0.04990585069610122,0.0005,0.69325,0.42525,5.371021851454893,0.03175,1.1658427702150993,0.9326742161720794,0.0,,34.30036472148541,0.26592932704894073,0.4036167654839235,,classic,True
00-0035021,Ashton Dulin,WR,IND,3200,43727813,2.0729,2.0729,1.0,1.0090559160979602,2.09162861045439,BAL,22.61,48.17,12.0,0.4,4.4393,statline_mc+recal_10_4b,0.9296127157575067,3.980811986299491,0.0,0.0,0.0,0.0375,0.3268837848888566,0.00275,0.6175,0.366,5.485775162079977,0.032,1.1620158946968835,0.9296127157575067,1.7,,33.574174245294934,0.29679735352336645,0.38673849481497447,,classic,True
00-0036497,Tim Jones,WR,JAX,3000,43728183,1.89,1.89,1.0,1.0898339438793538,2.0597809673747234,CLE,24.42,40.11,2.0,0.0,4.431,statline_mc+recal_10_4b,0.9154582077220994,3.8542012406818964,0.0,0.0,0.0,0.0325,0.19269401876453582,0.00125,0.61125,0.3795,5.338033577761704,0.033,1.144322759652624,0.9154582077220994,0.5,,17.525364721485406,0.24210795096377014,0.15046057979171837,,classic,True
00-0037311,Ko Kieft,TE,TB,2500,43728483,1.9147,1.9147,1.0,1.0438663369098313,1.998646856245373,CIN,23.39,50.44,2.0,0.0,4.0874,statline_mc+recal_10_4b,0.8882874916646102,3.9006864807037918,0.0,0.0,0.0,0.0,0.0,0.0,0.61325,0.4035,4.7585936458076254,0.03825,1.1103593645807628,0.8882874916646102,0.0,,20.724249756018217,0.19112779180783734,0.11465206551540344,,classic,True
00-0039458,Brenden Bates,TE,CLE,2500,43728357,2.8487,2.8487,1.0,0.7002250032541792,1.9947195951599128,JAX,15.69,40.11,5.0,0.8,3.8582,statline_mc+recal_10_4b,0.8865420422932946,3.773323207927474,0.0,0.0,0.0,0.0,0.0,0.0,0.7665,0.5195,4.079275528666182,0.03075,1.1081775528666182,0.8865420422932946,1.0,,30.131603773584903,0.2090895548436263,0.19939260901455197,,classic,True
00-0041203,Joey Aguilar,QB,JAX,4000,43727322,1.8006,1.8006,1.0,1.0898339438793538,1.9623785179577329,CLE,24.42,40.11,0.0,0.0,6.5149,statline_mc+recal_10_4b,0.8721682302034368,4.219686419152223,0.0,0.0,0.0,1.58575,7.2546028775429585,0.07725,0.0,0.0,0.0,0.0,1.090210287754296,0.8721682302034368,0.0,,19.083057029177716,0.19719815670518925,0.05457692231826739,,classic,True
00-0040586,Jaydon Blue,RB,PHI,4000,44034608,1.7368,1.7368,1.0,1.1170574781040223,1.9400714602988693,WAS,25.03,44.17,5.0,0.2,4.3546,statline_mc+recal_10_4b,0.862253982355053,3.600377687439436,0.0,0.0,0.0,1.56475,6.812716481117888,0.054,0.054,0.043,0.3104582983202764,0.001,1.0778174779438163,0.862253982355053,4.1,,24.17984262902106,0.23459098988557656,0.04506313241842543,,classic,True
00-0036741,Jack Stoll,TE,CLE,2500,43728351,2.6985,2.6985,1.0,0.7002250032541792,1.8895252418029742,JAX,15.69,40.11,9.0,0.6,3.7869,statline_mc+recal_10_4b,0.8397889963568774,3.508097575060206,0.0,0.0,0.0,0.0,0.0,0.0,0.8005,0.51225,3.5798624544609683,0.0305,1.0497362454460968,0.8397889963568774,1.1,,25.396475818694427,0.21069301322599152,0.15091833341414188,,classic,True
00-0041453,Luke Altmyer,QB,DET,4000,43727284,1.4643,1.4643,1.0,1.2670100600628522,1.8553070265924325,NO,28.39,49.83,0.0,0.0,6.4741,statline_mc+recal_10_4b,0.8245809007077478,3.88677070208442,0.0,0.0,0.0,1.2955,6.962261258846848,0.06875,0.0,0.0,0.0,0.0,1.0307261258846847,0.8245809007077478,0.0,,24.61345048629531,0.19664597131459935,0.08101539750955958,,classic,True
00-0040164,Jaylin Lane,WR,WAS,3100,43727837,2.1348,2.1348,1.0,0.8541941722297637,1.8235528675838049,PHI,19.14,44.17,15.0,0.6,3.9391,statline_mc+recal_10_4b,0.8104679411483577,3.547014603150589,0.0,0.0,0.0,0.0,0.0,0.0,0.76975,0.4455,4.660849264354472,0.0165,1.0130849264354471,0.8104679411483577,3.3,,30.3089096248579,0.3191149527317711,0.3191541934969243,,classic,True
00-0033885,David Njoku,TE,LAC,3000,43728271,1.3896,1.3896,1.0,1.2580843111367315,1.7482377194599261,ARI,28.19,47.17,11.0,0.2,3.9472,statline_mc+recal_10_4b,0.7769945419821894,3.532460230692754,0.0,0.0,0.0,0.0,0.0,0.0,0.50225,0.34175,4.052431774777367,0.0375,0.9712431774777367,0.7769945419821894,7.2,,31.135068314899154,0.325397623475056,0.21151652264221552,,classic,True
00-0040241,Dominic Lovett,WR,DET,3000,43727931,1.372,1.372,1.0,1.2670100600628522,1.738329866775278,NO,28.39,49.83,2.0,0.0,4.3218,statline_mc+recal_10_4b,0.7725910519001236,3.450992858174615,0.0,0.0,0.0,0.031,0.19632094877538367,0.00125,0.481,0.2815,4.656067199976162,0.031,0.9657388148751544,0.7725910519001236,0.0,,23.074988947833774,0.23210048916790282,0.20854390726850539,,classic,True
00-0037292,Drew Ogletree,TE,IND,2500,43728389,1.7078,1.7078,1.0,1.0090559160979602,1.7232180433758517,BAL,22.61,48.17,11.0,0.4,3.8292,statline_mc+recal_10_4b,0.765874685944823,3.3245700528692828,0.0,0.0,0.0,0.0,0.0,0.0,0.57375,0.3825,3.870933574310287,0.032,0.9573433574310287,0.765874685944823,0.8,,32.777578074170464,0.20604498703553425,0.23297271362641778,,classic,True
00-0039050,Payne Durham,TE,TB,2500,43728481,1.5415,1.5415,1.0,1.0438663369098313,1.609078911289114,CIN,23.39,50.44,8.0,0.4,3.8437,statline_mc+recal_10_4b,0.7151461827951617,3.165390663871202,0.0,0.0,0.0,0.0,0.0,0.0,0.536,0.33275,3.8918272849395223,0.02875,0.8939327284939522,0.7151461827951617,0.1,,35.160287220776404,0.19928263172265415,0.26802511783217176,,classic,True
00-0040522,Xavier Restrepo,WR,TEN,3000,43727967,1.7807,1.7807,1.0,0.8952526172899195,1.594204342453339,NYJ,20.06,39.22,2.0,0.0,4.0972,statline_mc+recal_10_4b,0.7085352633125951,3.085343740436258,0.0,0.0,0.0,0.023,0.15956000210085208,0.00175,0.562,0.334,3.754630789306587,0.02425,0.8856690791407439,0.7085352633125951,3.6,,13.659952475685234,0.3017810982305124,0.11985994434014917,,classic,True
00-0037120,Tyler Goodson,RB,ATL,4000,43727467,2.0748,2.0748,1.0,0.7662755453074735,1.589835101424886,PIT,17.17,40.78,10.0,1.0,4.1539,statline_mc+recal_10_4b,0.7065933784110604,2.686416917447035,0.0,0.0,0.0,2.06,6.304917230138255,0.04375,0.0,0.0,0.0,0.0,0.8832417230138255,0.7065933784110604,0.5,,33.61526556352696,0.19129473895363633,0.10625375735454787,,classic,True
00-0033949,Joshua Dobbs,QB,DET,4000,44034597,1.2544,1.2544,1.0,1.2670100600628522,1.5893968904952291,NO,28.39,49.83,4.0,0.4,6.4184,statline_mc+recal_10_4b,0.7063986179978796,3.0064415023350106,0.0,0.0,0.0,1.42275,5.814982724973493,0.0645,0.0,0.0,0.0,0.0,0.8829982724973495,0.7063986179978796,0.5,,42.56256315523556,0.21215385117216065,0.2919897519733122,,classic,True
00-0034365,Ian Thomas,TE,LV,2500,43728397,1.6359,1.6359,1.0,0.9679974710378043,1.5835178644214303,MIA,21.69,40.39,9.0,0.2,3.8254,statline_mc+recal_10_4b,0.7037857175206357,3.237949896885067,0.0,0.0,0.0,0.0,0.0,0.0,0.477,0.36025,3.559821469007946,0.02775,0.8797321469007946,0.7037857175206357,1.6,,19.955823031880286,0.21867206493971736,0.10958499442586514,,classic,True
00-0037267,Jerome Ford,RB,WAS,4100,43727465,1.8374,1.8374,1.0,0.8541941722297637,1.5695275830297073,PHI,19.14,44.17,13.0,0.2,3.9348,statline_mc+recal_10_4b,0.69756781467987,3.015270683907248,0.0,0.0,0.0,0.0725,0.23708726053758186,0.00125,0.6285,0.49175,2.5675104229607912,0.01575,0.8719597683498373,0.69756781467987,3.4,,15.149294144873872,0.2240983685117373,0.01982820652823167,,classic,True
00-0040398,Brady Cook,QB,MIA,4000,43727303,1.8048,1.8048,1.0,0.8341112371459919,1.5053723853058805,LV,18.69,40.39,5.0,1.0,6.3435,statline_mc+recal_10_4b,0.6690543934692802,2.8762083260987383,0.0,0.0,0.0,1.7505,6.075679918366003,0.057,0.0,0.0,0.0,0.0,0.8363179918366003,0.6690543934692802,7.3,,41.63185234305923,0.302706334882841,0.27320962616588657,,classic,True
00-0037031,Nikola Kalinic,TE,CHI,2500,43728329,1.3435,1.3435,1.0,1.1130408910872678,1.4953405117990546,CAR,24.94,46.94,2.0,0.2,3.8181,statline_mc+recal_10_4b,0.6645957830218021,3.025136116879418,0.0,0.0,0.0,0.0,0.0,0.0,0.4605,0.2995,3.6799472877725243,0.02725,0.8307447287772525,0.6645957830218021,0.0,,26.454879635653867,0.18952624152284808,0.16061302498514335,,classic,True
00-0040203,Will Howard,QB,PIT,4000,43727310,1.4063,1.4063,1.0,1.0536846607285644,1.4817614512309953,ATL,23.61,40.78,0.0,0.0,6.3401,statline_mc+recal_10_4b,0.6585606449915535,2.7953431151913777,0.0,0.0,0.0,1.26825,5.432008062394418,0.058,0.0,0.0,0.0,0.0,0.8232008062394418,0.6585606449915535,0.0,,18.634408156498672,0.19409654755459305,0.05285565868146319,,classic,True
00-0040656,Hunter Dekkers,QB,NO,4000,43727301,1.5181,1.5181,1.0,0.9568402848801533,1.452552233474904,DET,21.44,49.83,0.0,0.0,6.3632,statline_mc+recal_10_4b,0.6455787704332906,2.6883705812479306,0.0,0.0,0.0,1.35625,5.459734630416131,0.0575,0.0,0.0,0.0,0.0,0.8069734630416133,0.6455787704332906,0.0,,19.172524314765692,0.19376966115628946,0.05492681405805394,,classic,True
00-0038710,Blake Whiteheart,TE,CLE,2500,43728353,2.0592,2.0592,1.0,0.7002250032541792,1.4419090295130983,JAX,15.69,40.11,9.0,0.6,3.643,statline_mc+recal_10_4b,0.6408484575613771,2.7529201903873988,0.0,0.0,0.0,0.0,0.0,0.0,0.61525,0.3855,2.730605719517211,0.02425,0.8010605719517212,0.6408484575613771,0.1,,23.837356321839078,0.19128628778589335,0.13769291343503703,,classic,True
00-0041565,Drew Allar,QB,PIT,4000,43727311,1.3388,1.3388,1.0,1.0536846607285644,1.4106393791760334,ATL,23.61,40.78,0.0,0.0,6.3779,statline_mc+recal_10_4b,0.6269508351893482,2.476872745941451,0.0,0.0,0.0,1.28025,5.676885439866851,0.049,0.0,0.0,0.0,0.0,0.7836885439866852,0.6269508351893482,0.0,,18.24979277188329,0.19331978699919913,0.05142334487073148,,classic,True
00-0041067,Bryce Lance,WR,NO,3100,43727829,1.4289,1.4289,1.0,0.9568402848801533,1.3672129959064792,DET,21.44,49.83,0.0,0.0,5.3192,statline_mc+recal_10_4b,0.0,5.874850230761028,0.0,0.0,0.0,0.0895,0.5860381219441656,0.00475,1.59125,0.98575,12.01572179618542,0.071,2.7344259918129583,-1.3672129959064792,0.0,,17.595601237842615,0.2271334785337008,0.15108350260785372,,classic,True
00-0034054,River Cracraft,WR,WAS,3000,43728161,1.5821,1.5821,1.0,0.8541941722297637,1.3514613861358942,PHI,19.14,44.17,2.0,0.4,3.8552,statline_mc+recal_10_4b,0.6006495049492863,2.74218392307515,0.0,0.0,0.0,0.011,0.05000840861199571,0.00075,0.49425,0.31025,3.220610403254083,0.018,0.7508118811866079,0.6006495049492863,0.0,,25.721734084880637,0.23479817248018886,0.24367624900317422,,classic,True
00-0038740,Jalen Moreno-Cropper,WR,NO,3000,43728057,1.3658,1.3658,1.0,0.9568402848801533,1.3068648174156061,DET,21.44,49.83,2.0,0.0,3.8547,statline_mc+recal_10_4b,0.5808288077402693,2.6521959461662012,0.0,0.0,0.0,0.03625,0.2036395119266006,0.00125,0.43975,0.26825,3.1467205848267676,0.019,0.7260360096753368,0.5808288077402693,0.0,,18.14688328912467,0.23032637915040902,0.15606319748997124,,classic,True
00-0037012,Trey Lance,QB,LAC,4000,43727312,1.0311,1.0311,1.0,1.2580843111367315,1.2971684254129774,ARI,28.19,47.17,4.0,0.2,6.3273,statline_mc+recal_10_4b,0.5765193001835455,2.4258845020790805,0.0,0.0,0.0,0.90875,5.301491252294317,0.041,0.0,0.0,0.0,0.0,0.7206491252294319,0.5765193001835455,3.9,,30.531792345585448,0.23807000169189957,0.12364047184684945,,classic,True
00-0040981,Joe Fagnano,QB,BAL,4000,43727323,1.1238,1.1238,1.0,1.1407107127582423,1.281875437494646,IND,25.56,48.17,0.0,0.0,6.3024,statline_mc+recal_10_4b,0.5697224166642871,2.403882512852198,0.0,0.0,0.0,1.03725,5.071530208303588,0.0455,0.0,0.0,0.0,0.0,0.7121530208303588,0.5697224166642871,0.0,,21.914566755083992,0.19206046099306207,0.066810604633777,,classic,True
00-0034386,Justin Watson,WR,HOU,3000,43727873,1.315,1.315,1.0,0.9679974710378043,1.272909784262793,BUF,21.69,44.5,3.0,0.2,3.7549,statline_mc+recal_10_4b,0.5657376818945747,2.704518109161267,0.0,0.0,0.0,0.00925,0.09150650317146519,0.0,0.446,0.286,3.2002145205107184,0.01525,0.7071721023682183,0.5657376818945747,1.5,,22.45958696475938,0.257105340859235,0.20112960250149672,,classic,True
00-0037327,Skylar Thompson,QB,BAL,4000,43727324,1.0934,1.0934,1.0,1.1407107127582423,1.2472867169605766,IND,25.56,48.17,0.0,0.0,6.3005,statline_mc+recal_10_4b,0.5543496519824785,2.2794138479544777,0.0,0.0,0.0,1.024,4.714370649780982,0.04775,0.0,0.0,0.0,0.0,0.692937064978098,0.5543496519824785,0.0,,21.722259062776303,0.19179562051160173,0.0658991508642507,,classic,True
00-0041562,Fernando Mendoza,QB,LV,5000,43727255,1.2724,1.2724,1.0,0.9679974710378043,1.231712117718951,MIA,21.69,40.39,0.0,0.0,6.2866,statline_mc+recal_10_4b,0.5474276078750894,2.158499467905586,0.0,0.0,0.0,1.13925,4.707845098438614,0.0465,0.0,0.0,0.0,0.0,0.6842845098438616,0.5474276078750894,0.0,,14.984720380194517,0.19492661916631168,0.040726247779339954,,classic,True
00-0039686,Colson Yankoff,TE,WAS,2500,43728495,1.3998,1.3998,1.0,0.8541941722297637,1.1957436104883266,PHI,19.14,44.17,10.0,0.4,3.6038,statline_mc+recal_10_4b,0.5314416046614785,2.4280195658432184,0.0,0.0,0.0,0.0,0.0,0.0,0.4305,0.28225,2.64802005826848,0.01975,0.6643020058268481,0.5314416046614785,0.3,,23.809397364996748,0.1931180356035023,0.13746664365717176,,classic,True
00-0038090,Skyy Moore,WR,GB,3000,43727951,1.2018,1.2018,1.0,0.9916507056920244,1.1917354699803582,MIN,22.22,46.06,17.0,1.0,4.0398,statline_mc+recal_10_4b,0.5296602088801592,2.457104989482219,0.0,0.0,0.0,0.30725,1.7189361677306243,0.01125,0.239,0.15525,2.074316443271366,0.00875,0.662075261100199,0.5296602088801592,0.8,,49.86555829228244,0.3381426870210936,1.0083447956101081,,classic,True
00-0034487,Trent Sherfield Sr.,WR,BUF,3000,43727857,1.1635,1.1635,1.0,1.017981665024081,1.184445000701316,HOU,22.81,44.5,4.0,0.2,3.8576,statline_mc+recal_10_4b,0.526420000311696,2.432100561948444,0.0,0.0,0.0,0.0,0.0,0.0,0.382,0.22975,3.025250003896202,0.02075,0.6580250003896201,0.526420000311696,0.4,,24.03548692686624,0.23597923917468314,0.22066583240238238,,classic,True
00-0040154,Tai Felton,WR,MIN,3000,43728025,1.1118,1.1118,1.0,1.0635029845472972,1.1824380285996086,GB,23.83,46.06,12.0,0.6,3.8671,statline_mc+recal_10_4b,0.5255280127109372,2.4935089966276562,0.0,0.0,0.0,0.0,0.0,0.0,0.358,0.23275,3.089100158886714,0.01875,0.6569100158886714,0.5255280127109372,0.3,,39.638358911203746,0.28572320769207954,0.5525066589329297,,classic,True
00-0037282,James Mitchell,TE,CAR,2500,43728505,1.1939,1.1939,1.0,0.9818323818732916,1.1722441485528987,CHI,22.0,46.94,2.0,0.0,3.5928,statline_mc+recal_10_4b,0.5209973993568439,2.5252276497454864,0.0,0.0,0.0,0.0,0.0,0.0,0.39525,0.26125,2.8749674919605477,0.017,0.6512467491960549,0.5209973993568439,1.0,,16.629910133376704,0.20521268445977126,0.09011246648095286,,classic,True
00-0036425,DeeJay Dallas,RB,MIN,4000,43727619,1.0966,1.0966,1.0,1.0635029845472972,1.1662094314927343,GB,23.83,46.06,5.0,0.6,3.8119,statline_mc+recal_10_4b,0.5183153028856596,2.2897977481471106,0.0,0.0,0.0,0.48875,2.4910222253902647,0.01375,0.20025,0.1505,1.1804190606804807,0.0085,0.6478941286070746,0.5183153028856596,0.4,,36.41162635963897,0.18819092979410418,0.13700874944412716,,classic,True
00-0040206,Riley Leonard,QB,IND,4400,43727265,1.1502,1.1502,1.0,1.0090559160979602,1.1605741788073607,BAL,22.61,48.17,5.0,0.8,6.2943,statline_mc+recal_10_4b,0.5158107461366047,1.947530929968087,0.0,0.0,0.0,0.9145,4.097634326707559,0.04775,0.0,0.0,0.0,0.0,0.644763432670756,0.5158107461366047,6.8,,45.27129120879121,0.29955023852651796,0.3543195823666736,,classic,True
00-0034270,Tyler Conklin,TE,DET,2500,43728359,0.9066,0.9066,1.0,1.2670100600628522,1.1486300879840687,NO,28.39,49.83,6.0,0.2,3.7525,statline_mc+recal_10_4b,0.5105022613262528,2.6135648537247658,0.0,0.0,0.0,0.0,0.0,0.0,0.3145,0.21225,3.2712782665781597,0.01625,0.638127826657816,0.5105022613262528,1.3,,29.636824983734545,0.209997422957079,0.19367299731403806,,classic,True
00-0041194,Jack Strand,QB,ATL,4000,43727270,1.4886,1.4886,1.0,0.7662755453074735,1.1407127492814046,PIT,17.17,40.78,0.0,0.0,6.2183,statline_mc+recal_10_4b,0.5069834441250688,1.983698845129377,0.0,0.0,0.0,1.31075,4.382293051563358,0.0465,0.0,0.0,0.0,0.0,0.6337293051563359,0.5069834441250688,0.0,,13.261729111405835,0.19179562051160173,0.03601019123497622,,classic,True
00-0041149,Haynes King,QB,CAR,4000,43727320,1.1485,1.1485,1.0,0.9818323818732916,1.1276565981682383,CHI,22.0,46.94,0.0,0.0,6.1968,statline_mc+recal_10_4b,0.5011807102969948,2.058466638734421,0.0,0.0,0.0,1.1585,4.559758878712435,0.0415,0.0,0.0,0.0,0.0,0.6264758878712434,0.5011807102969948,0.0,,17.484651304155612,0.19179562051160173,0.04868832594688478,,classic,True
00-0028986,Case Keenum,QB,CHI,4000,43727276,1.009,1.009,1.0,1.1130408910872678,1.1230105778391852,CAR,24.94,46.94,0.0,0.0,6.2876,statline_mc+recal_10_4b,0.4991158123729712,1.9493601095794357,0.0,0.0,0.0,0.82425,4.1789476546621405,0.04225,0.0,0.0,0.0,0.0,0.623894765466214,0.4991158123729712,0.0,,19.545217175066313,0.19179562051160173,0.056408652746615474,,classic,True
00-0037277,Teagan Quitoriano,TE,ARI,2500,43728459,1.3221,1.3221,1.0,0.8466072856425609,1.1192725895329263,LAC,18.97,47.17,2.0,0.2,3.5771,statline_mc+recal_10_4b,0.4974544842368561,2.3471777349343923,0.0,0.0,0.0,0.0,0.0,0.0,0.39475,0.2565,2.430681052960702,0.0205,0.6218181052960702,0.4974544842368561,0.0,,20.22381262199089,0.18752052868406513,0.11132619066019182,,classic,True
00-0040259,Gage Larvadain,WR,CLE,3000,43727921,1.5825,1.5825,1.0,0.7002250032541792,1.1081039038557245,JAX,15.69,40.11,13.0,1.0,3.5895,statline_mc+recal_10_4b,0.4924906239358776,2.270332594311492,0.0,0.0,0.0,0.0,0.0,0.0,0.473,0.285,2.396132799198469,0.0155,0.6156132799198469,0.4924906239358776,1.0,,33.806050271567514,0.27889268344547236,0.3920496566457047,,classic,True
00-0040211,Graham Mertz,QB,HOU,4000,43727274,1.1435,1.1435,1.0,0.9679974710378043,1.1068709915811001,BUF,21.69,44.5,0.0,0.0,6.188,statline_mc+recal_10_4b,0.4919426629249334,1.9415370018943996,0.0,0.0,0.0,1.00625,4.141783286561666,0.0425,0.0,0.0,0.0,0.0,0.6149283286561668,0.4919426629249334,0.0,,15.812679597701148,0.19179562051160173,0.043207441496340135,,classic,True
00-0038102,Kenny Pickett,QB,CAR,4000,43727319,1.1169,1.1169,1.0,0.9818323818732916,1.0966156008547139,CHI,22.0,46.94,6.0,0.8,6.2208,statline_mc+recal_10_4b,0.48738471149098395,1.9553251618597378,0.0,0.0,0.0,1.0495,4.314808893637299,0.04,0.0,0.0,0.0,0.0,0.6092308893637299,0.48738471149098395,1.8,,42.02778159340659,0.2223722220872943,0.2810464681328125,,classic,True
00-0036265,AJ Dillon,RB,CAR,4000,43727611,1.1028,1.1028,1.0,0.9818323818732916,1.082775120111805,CHI,22.0,46.94,6.0,0.2,3.7641,statline_mc+recal_10_4b,0.48123338671635785,2.144778809827568,0.0,0.0,0.0,0.4075,1.797244555512108,0.01,0.22525,0.17625,1.3581727784423643,0.0085,0.6015417333954471,0.48123338671635785,1.4,,21.707278407775977,0.19814797523866226,0.035991611003836174,,classic,True
00-0036841,Austin Trammell,WR,JAX,3000,43728185,0.961,0.961,1.0,1.0898339438793538,1.0472808391452664,CLE,24.42,40.11,6.0,0.2,3.6669,statline_mc+recal_10_4b,0.46545815073122954,2.2626866786190973,0.0,0.0,0.0,0.0,0.0,0.0,0.367,0.2045,2.7782268841403694,0.0165,0.5818226884140368,0.46545815073122954,1.3,,22.9183023872679,0.25106008560561877,0.206630618797637,,classic,True
00-0039650,Bryce Oliver,WR,CLE,3000,43727961,1.4858,1.4858,1.0,0.7002250032541792,1.0404005581178575,JAX,15.69,40.11,2.0,0.0,3.5957,statline_mc+recal_10_4b,0.4624002480523811,2.094085030157152,0.0,0.0,0.0,0.016,0.076432161088442,0.0005,0.41025,0.25875,2.278570939566321,0.01375,0.5780003100654764,0.4624002480523811,0.6,,11.7039124668435,0.2386773346725209,0.1068325605008859,,classic,True
00-0038400,Tanner McKee,QB,PHI,4000,43727306,0.9311,0.9311,1.0,1.1170574781040223,1.040106491860769,WAS,25.03,44.17,4.0,0.6,6.199,statline_mc+recal_10_4b,0.4622695519381196,1.773382124266392,0.0,0.0,0.0,0.918,3.7458693992264935,0.044,0.0,0.0,0.0,0.0,0.5778369399226494,0.4622695519381196,3.7,,37.70131520778072,0.23499648287842673,0.20633203867977531,,classic,True
00-0038573,Derius Davis,WR,LAC,3000,43728125,0.8241,0.8241,1.0,1.2580843111367315,1.036831854258723,ARI,28.19,47.17,11.0,0.4,3.8553,statline_mc+recal_10_4b,0.4608141574483213,2.205064861309432,0.0,0.0,0.0,0.0,0.0,0.0,0.30725,0.19,2.8076769681040155,0.01725,0.5760176968104016,0.4608141574483213,0.2,,36.789830428192495,0.27127427479156363,0.46726894286262144,,classic,True
00-0036331,Devin Duvernay,WR,ARI,3000,43728097,1.2128,1.2128,1.0,0.8466072856425609,1.0267584462787114,LAC,18.97,47.17,17.0,1.0,3.6636,statline_mc+recal_10_4b,0.4563370872349829,2.183935813135984,0.0,0.0,0.0,0.0,0.0,0.0,0.37575,0.22,2.5792135904372846,0.01525,0.5704213590437285,0.4563370872349829,0.2,,44.25161045850701,0.2997735901670062,0.724754678973179,,classic,True
00-0033439,Pharaoh Brown,TE,IND,2500,44034628,1.009,1.009,1.0,1.0090559160979602,1.018143976179775,BAL,22.61,48.17,5.0,0.6,3.5015,statline_mc+recal_10_4b,0.4525084338576778,2.2184848250878515,0.0,0.0,0.0,0.0,0.0,0.0,0.3415,0.23175,2.3238554232209716,0.01725,0.5656355423220972,0.4525084338576778,0.3,,37.505730860984606,0.2054986459379463,0.30767621263217615,,classic,True
00-0041561,Carson Beck,QB,ARI,4100,43727269,1.1875,1.1875,1.0,0.8466072856425609,1.0053084542165445,LAC,18.97,47.17,0.0,0.0,6.1642,statline_mc+recal_10_4b,0.44680375742957534,1.745652383909894,0.0,0.0,0.0,1.1105,4.000046967869691,0.03775,0.0,0.0,0.0,0.0,0.5585046967869691,0.44680375742957534,0.0,,13.706012378426172,0.19210645283599834,0.03717128324272619,,classic,True
00-0040464,DJ Uiagalelei,QB,LAC,4000,43727313,0.7886,0.7886,1.0,1.2580843111367315,0.9921409447571854,ARI,28.19,47.17,0.0,0.0,6.1874,statline_mc+recal_10_4b,0.4409515310031935,1.7430173073974358,0.0,0.0,0.0,0.7635,3.926894137539918,0.03525,0.0,0.0,0.0,0.0,0.5511894137539919,0.4409515310031935,0.0,,20.22430371352785,0.19179562051160173,0.05921226772750758,,classic,True
00-0033553,James Conner,RB,ARI,4200,43727451,1.1454,1.1454,1.0,0.8466072856425609,0.9697120755689695,LAC,18.97,47.17,3.0,0.0,3.626,statline_mc+recal_10_4b,0.4309831446973198,1.9128451714406183,0.0,0.0,0.0,0.50475,1.4945872746042246,0.014,0.21875,0.16725,1.0827020341122715,0.0055,0.5387289308716497,0.4309831446973198,11.1,,12.426714495101443,0.3276174752252537,0.01548076453030733,,classic,True
00-0036862,Ben Skowronek,WR,PIT,3000,43728109,0.9056,0.9056,1.0,1.0536846607285644,0.9541821346107914,ATL,23.61,40.78,16.0,0.8,3.6724,statline_mc+recal_10_4b,0.4240809487159073,2.0181289285253197,0.0,0.0,0.0,0.0,0.0,0.0,0.28475,0.1695,2.6135118589488413,0.01625,0.5301011858948841,0.4240809487159073,0.9,,41.698935439560444,0.3037863956826527,0.6237039830703636,,classic,True
00-0026158,Joe Flacco,QB,CIN,4400,43727264,0.7882,0.7882,1.0,1.2076538297041486,0.9519327661716982,TB,27.06,50.44,13.0,0.6,6.174,statline_mc+recal_10_4b,0.42308122940964366,1.541754123426898,0.0,0.0,0.0,0.82125,3.1760153676205456,0.044,0.0,0.0,0.0,0.0,0.5288515367620545,0.42308122940964366,12.7,,41.41203501957812,0.3781478841950263,0.2689533984287444,,classic,True
00-0041172,Miller Moss,QB,CHI,4000,43727277,0.8534,0.8534,1.0,1.1130408910872678,0.9498655182614829,CAR,24.94,46.94,0.0,0.0,6.0856,statline_mc+recal_10_4b,0.4221624525606591,1.7396085847269485,0.0,0.0,0.0,0.8195,3.8020306570082374,0.033,0.0,0.0,0.0,0.0,0.5277030657008238,0.4221624525606591,0.0,,18.064447944297083,0.19179562051160173,0.05074704214979369,,classic,True
00-0036176,Mason Kinsey,WR,TEN,3000,43727963,1.0321,1.0321,1.0,0.8952526172899195,0.9239512581797307,NYJ,20.06,39.22,6.0,0.4,3.5804,statline_mc+recal_10_4b,0.4106450036354359,2.0556632623092908,0.0,0.0,0.0,0.0,0.0,0.0,0.32075,0.1985,2.3255625454429474,0.01375,0.5133062545442948,0.4106450036354359,0.7,,22.243243179234554,0.23877175748237398,0.19858622403172882,,classic,True
00-0028118,Tyrod Taylor,QB,GB,4000,43727285,0.9312,0.9312,1.0,0.9916507056920244,0.923381643241697,MIN,22.22,46.06,6.0,0.2,6.1087,statline_mc+recal_10_4b,0.41039184144075425,1.6461679720411815,0.0,0.0,0.0,0.7985,3.509898018009427,0.03525,0.0,0.0,0.0,0.0,0.5129898018009428,0.41039184144075425,10.9,,21.218984463812053,0.34871497553326847,0.06357227010111349,,classic,True
00-0040534,Ke'Shawn Williams,WR,CIN,3000,43727903,0.7548,0.7548,1.0,1.2076538297041486,0.9115701899051255,TB,27.06,50.44,11.0,0.6,3.9203,statline_mc+recal_10_4b,0.40514230662450024,1.846970640661791,0.0,0.0,0.0,0.2715,1.6826547007775414,0.00875,0.15025,0.09525,1.3916241320287108,0.0075,0.5064278832806253,0.40514230662450024,0.1,,46.31826212580522,0.3020587812478766,0.818440719900194,,classic,True
00-0038550,Hendon Hooker,QB,TEN,4000,43727290,1.0008,1.0008,1.0,0.8952526172899195,0.8959919818593246,NYJ,20.06,39.22,0.0,0.0,6.0764,statline_mc+recal_10_4b,0.3982186586041443,1.570057243105917,0.0,0.0,0.0,0.9235,3.322733232551802,0.0365,0.0,0.0,0.0,0.0,0.4977733232551803,0.3982186586041443,0.0,,11.16636273209549,0.19179562051160173,0.03100451878625241,,classic,True
00-0040009,Savion Williams,WR,GB,3200,43727811,0.8989,0.8989,1.0,0.9916507056920244,0.8914395399180466,MIN,22.22,46.06,12.0,0.2,3.8924,statline_mc+recal_10_4b,0.3961953510746874,1.812776161910131,0.0,0.0,0.0,0.24375,1.2322915935601217,0.0085,0.164,0.113,1.4601502948734701,0.01,0.4952441888433592,0.3961953510746874,2.2,,22.546456991284575,0.2625705078753651,0.2021600055224595,,classic,True
00-0038108,Bailey Zappe,QB,NYJ,4000,43727282,1.0338,1.0338,1.0,0.8555330345686819,0.884490631390226,TEN,19.17,39.22,0.0,0.0,6.0876,statline_mc+recal_10_4b,0.39310694728454487,1.5179411484777172,0.0,0.0,0.0,0.968,3.448836841056811,0.03525,0.0,0.0,0.0,0.0,0.4913836841056811,0.39310694728454487,0.0,,10.707532051282053,0.19179562051160173,0.03000485917669413,,classic,True
00-0039376,Spencer Rattler,QB,NO,4000,43727299,0.9242,0.9242,1.0,0.9568402848801533,0.8842652649518575,DET,21.44,49.83,9.0,0.2,6.057,statline_mc+recal_10_4b,0.3930067844230478,1.5969321155175638,0.0,0.0,0.0,0.881,3.8875848052880975,0.02575,0.0,0.0,0.0,0.0,0.4912584805288097,0.3930067844230478,11.8,,21.203637741568777,0.3663245905556724,0.06350262071332281,,classic,True
00-0039152,Will Levis,QB,TEN,4000,43727289,0.9816,0.9816,1.0,0.8952526172899195,0.8788206630332634,NYJ,20.06,39.22,0.0,0.0,6.0916,statline_mc+recal_10_4b,0.3905869613481171,1.5139676671632798,0.0,0.0,0.0,0.9005,3.479837016851463,0.03225,0.0,0.0,0.0,0.0,0.48823370168514635,0.3905869613481171,0.0,,10.589439655172415,0.19179562051160173,0.029752827513673228,,classic,True
00-0035289,Gardner Minshew II,QB,ARI,4100,43727268,1.0363,1.0363,1.0,0.8466072856425609,0.8773379975923873,LAC,18.97,47.17,4.0,0.4,6.1352,statline_mc+recal_10_4b,0.3899279989299499,1.4342785121529915,0.0,0.0,0.0,1.04675,3.226599986624373,0.0395,0.0,0.0,0.0,0.0,0.4874099986624374,0.3899279989299499,0.2,,20.401907288114185,0.19417633901887538,0.059968217597039464,,classic,True
00-0040996,Jacob Clark,QB,LV,4000,43727293,0.9002,0.9002,1.0,0.9679974710378043,0.8713950032738605,MIA,21.69,40.39,0.0,0.0,6.0581,statline_mc+recal_10_4b,0.3872866681217158,1.5024465227467811,0.0,0.0,0.0,0.7845,3.2785833515214464,0.03425,0.0,0.0,0.0,0.0,0.48410833515214474,0.3872866681217158,0.0,,12.003951149425289,0.19179562051160173,0.03291606068110055,,classic,True
00-0041056,Cade Klubnik,QB,NYJ,4000,43727302,1.0094,1.0094,1.0,0.8555330345686819,0.8635422390672072,TEN,19.17,39.22,0.0,0.0,6.0604,statline_mc+recal_10_4b,0.3837965506965365,1.507360238519321,0.0,0.0,0.0,0.935,3.2374568837067064,0.0355,0.0,0.0,0.0,0.0,0.47974568837067066,0.3837965506965365,0.0,,9.74599358974359,0.19179562051160173,0.0280132614823764,,classic,True
00-0038391,Sean Clifford,QB,CIN,4000,43727279,0.7091,0.7091,1.0,1.2076538297041486,0.8563433156060954,TB,27.06,50.44,0.0,0.0,6.1229,statline_mc+recal_10_4b,0.38059702915826465,1.4527317189633053,0.0,0.0,0.0,0.64075,3.104962864478308,0.03375,0.0,0.0,0.0,0.0,0.4757462864478308,0.38059702915826465,0.0,,19.029081012378423,0.19179562051160173,0.05436690993127715,,classic,True
00-0035282,Easton Stick,QB,TB,4000,43727291,0.7964,0.7964,1.0,1.0438663369098313,0.8313348792068971,CIN,23.39,50.44,0.0,0.0,6.1163,statline_mc+recal_10_4b,0.3694821685363987,1.4113463252635658,0.0,0.0,0.0,0.68775,3.1510271067049835,0.03125,0.0,0.0,0.0,0.0,0.4618527106704984,0.3694821685363987,0.0,,16.67054874005305,0.19179562051160173,0.04593783661345894,,classic,True
00-0038579,Aidan O'Connell,QB,LV,4000,43727292,0.8276,0.8276,1.0,0.9679974710378043,0.8010854977077306,MIA,21.69,40.39,1.0,0.2,6.075,statline_mc+recal_10_4b,0.35603799898121363,1.328690791445015,0.0,0.0,0.0,0.71275,3.06797498726517,0.03125,0.0,0.0,0.0,0.0,0.445047498726517,0.35603799898121363,4.8,,15.038385752178858,0.24961675217435106,0.04088266088927764,,classic,True
00-0040415,Connor Bazelak,QB,TB,4000,43727315,0.758,0.758,1.0,1.0438663369098313,0.7912291225391523,CIN,23.39,50.44,0.0,0.0,5.9903,statline_mc+recal_10_4b,0.35165738779517886,1.4192796981503624,0.0,0.0,0.0,0.6935,3.1832173474397343,0.02675,0.0,0.0,0.0,0.0,0.4395717347439735,0.35165738779517886,0.0,,16.285933355437663,0.19179562051160173,0.044692986024932047,,classic,True
00-0035891,Cody White,WR,LV,3000,44034614,0.8031,0.8031,1.0,0.9679974710378043,0.7773710101864825,MIA,21.69,40.39,8.0,0.4,3.5697,statline_mc+recal_10_4b,0.3454982267495478,1.7336511902938994,0.0,0.0,0.0,0.0,0.0,0.0,0.232,0.14625,1.993727834369347,0.0145,0.4318727834369347,0.3454982267495478,1.8,,24.80908409119616,0.2572514473197617,0.23093936852614944,,classic,True
00-0041251,Jalon Daniels,QB,TB,4000,43727316,0.7065,0.7065,1.0,1.0438663369098313,0.7374647453234323,CIN,23.39,50.44,0.0,0.0,5.9985,statline_mc+recal_10_4b,0.3277621090326366,1.2820083403480858,0.0,0.0,0.0,0.69775,2.8170263629079573,0.029,0.0,0.0,0.0,0.0,0.40970263629079573,0.3277621090326366,0.0,,16.093625663129973,0.19179562051160173,0.044083268588499584,,classic,True
00-0038590,Justin Shorter,WR,LV,3000,43728005,0.7474,0.7474,1.0,0.9679974710378043,0.7235175117249693,MIA,21.69,40.39,3.0,0.0,3.5387,statline_mc+recal_10_4b,0.3215633385444308,1.641296529201015,0.0,0.0,0.0,0.007,0.08358361779112611,0.0005,0.22025,0.14725,1.6259581140142578,0.01325,0.40195417318053844,0.3215633385444308,0.0,,14.170617816091951,0.22303968597237242,0.12351505708179213,,classic,True
00-0037013,Zach Wilson,QB,NO,4000,43727300,0.7487,0.7487,1.0,0.9568402848801533,0.7164081455248231,DET,21.44,49.83,4.0,0.4,6.0112,statline_mc+recal_10_4b,0.31840362023325475,1.2206233536448248,0.0,0.0,0.0,0.69775,2.7100452529156835,0.02875,0.0,0.0,0.0,0.0,0.3980045252915684,0.31840362023325475,0.3,,23.360025893646583,0.19498209029207547,0.07407728212380914,,classic,True
00-0040891,Cole Payton,QB,PHI,4000,43727307,0.6043,0.6043,1.0,1.1170574781040223,0.6750301453094565,WAS,25.03,44.17,0.0,0.0,5.97,statline_mc+recal_10_4b,0.300013397915314,1.1444080049959293,0.0,0.0,0.0,0.533,2.5901674739414253,0.0245,0.0,0.0,0.0,0.0,0.3750167473941425,0.300013397915314,0.0,,14.043241600353667,0.19179562051160173,0.0380775286489809,,classic,True
00-0040488,Carter Runyon,TE,LV,2500,43728399,0.6925,0.6925,1.0,0.9679974710378043,0.6703336930390139,MIA,21.69,40.39,3.0,0.2,3.2916,statline_mc+recal_10_4b,0.2979260857951173,1.6438480017169428,0.0,0.0,0.0,0.0,0.0,0.0,0.22175,0.144,1.594076072438966,0.01175,0.3724076072438966,0.2979260857951173,0.1,,18.642615484710475,0.1838832628105705,0.10143852502283099,,classic,True
00-0041156,Mark Gronowski,QB,MIA,4000,43727296,0.7835,0.7835,1.0,0.8341112371459919,0.6535079578282422,LV,18.69,40.39,0.0,0.0,5.9788,statline_mc+recal_10_4b,0.29044798125699656,1.1051332656450288,0.0,0.0,0.0,0.68775,2.555599765712456,0.02475,0.0,0.0,0.0,0.0,0.36305997657124567,0.29044798125699656,0.0,,8.032686781609195,0.19179562051160173,0.024786495404086176,,classic,True
00-0033589,David Moore,WR,CAR,3000,43728169,0.6645,0.6645,1.0,0.9818323818732916,0.6524483561424682,CHI,22.0,46.94,3.0,0.0,3.3579,statline_mc+recal_10_4b,0.28997704717443035,1.5743926963582926,0.0,0.0,0.0,0.01075,0.10629922928299208,0.00075,0.2135,0.12925,1.6234138603973862,0.009,0.36247130896803786,0.28997704717443035,0.7,,16.70260002210433,0.2343657076532759,0.1433520077402018,,classic,True
00-0037093,Dareke Young,WR,LV,3000,43727991,0.6586,0.6586,1.0,0.9679974710378043,0.637539301111523,MIA,21.69,40.39,8.0,0.4,3.5591,statline_mc+recal_10_4b,0.28335080049401024,1.5131468303224593,0.0,0.0,0.0,0.0,0.0,0.0,0.2045,0.1215,1.7443850061751283,0.0095,0.3541885006175128,0.28335080049401024,0.6,,24.473919256031323,0.23297937869334104,0.22643085528052337,,classic,True
00-0036182,Nick Westbrook-Ikhine,WR,IND,3700,43727753,0.6206,0.6206,1.0,1.0090559160979602,0.6262235943309938,BAL,22.61,48.17,13.0,0.6,3.2647,statline_mc+recal_10_4b,0.2783215974804417,1.5054795117509987,0.0,0.0,0.0,0.0,0.0,0.0,0.23525,0.13175,1.5765199685055207,0.00975,0.3479019968505521,0.2783215974804417,1.3,,39.712842617152965,0.2970749741464573,0.5549327194347098,,classic,True
00-0040509,Ben Yurosek,TE,MIN,2500,43728413,0.5754,0.5754,1.0,1.0635029845472972,0.6119763038833604,GB,23.83,46.06,6.0,0.2,3.2049,statline_mc+recal_10_4b,0.2719894683926046,1.543345224982831,0.0,0.0,0.0,0.0,0.0,0.0,0.196,0.1305,1.4423683549075579,0.011,0.3399868354907558,0.2719894683926046,0.3,,23.802016916070265,0.18687088977002142,0.1374069762841909,,classic,True
00-0040494,Max Brosmer,QB,MIN,4000,43727298,0.5575,0.5575,1.0,1.0635029845472972,0.5928794832635015,GB,23.83,46.06,7.0,0.6,5.9341,statline_mc+recal_10_4b,0.2635019925615562,0.9537137837211875,0.0,0.0,0.0,0.54275,2.3162749070194524,0.0225,0.0,0.0,0.0,0.0,0.3293774907019453,0.2635019925615562,1.3,,28.93139920424403,0.20598932088904978,0.11028458240422048,,classic,True
00-0041117,Athan Kaliakmanis,QB,WAS,4000,43727318,0.6922,0.6922,1.0,0.8541941722297637,0.5912707284928146,PHI,19.14,44.17,0.0,0.0,5.9438,statline_mc+recal_10_4b,0.2627869904412509,0.9852211364119419,0.0,0.0,0.0,0.6085,2.2448373805156363,0.02275,0.0,0.0,0.0,0.0,0.32848373805156367,0.2627869904412509,0.0,,9.136577144120247,0.19179562051160173,0.026820010686476287,,classic,True
00-0036679,Shane Buechele,QB,BUF,4000,43727273,0.5763,0.5763,1.0,1.017981665024081,0.5866846519049828,HOU,22.81,44.5,1.0,0.2,5.8844,statline_mc+recal_10_4b,0.26074873417999234,1.0332200683098653,0.0,0.0,0.0,0.581,2.4068591772499044,0.02075,0.0,0.0,0.0,0.0,0.3259359177249904,0.26074873417999234,3.9,,16.475047366426676,0.2375898217434467,0.04530080128556758,,classic,True
00-0040222,Cam Miller,QB,MIA,4000,43727295,0.6916,0.6916,1.0,0.8341112371459919,0.5768372328824843,LV,18.69,40.39,0.0,0.0,5.8681,statline_mc+recal_10_4b,0.2563721035033264,0.9720599338344398,0.0,0.0,0.0,0.671,2.354651293791579,0.022,0.0,0.0,0.0,0.0,0.32046512937915794,0.2563721035033264,0.0,,7.263456012378427,0.19179562051160173,0.023461338818921578,,classic,True
00-0041092,Taylen Green,QB,CLE,4000,43727281,0.818,0.818,1.0,0.7002250032541792,0.5727861933166875,JAX,15.69,40.11,0.0,0.0,5.9113,statline_mc+recal_10_4b,0.25457164147408334,0.9295205577370602,0.0,0.0,0.0,0.7405,2.1346455184260402,0.02425,0.0,0.0,0.0,0.0,0.3182145518426041,0.25457164147408334,0.0,,6.06288682581786,0.19179562051160173,0.02153326541159216,,classic,True
00-0040014,Kyle McCord,QB,MIA,4000,43727286,0.6788,0.6788,1.0,0.8341112371459919,0.5661606695265288,LV,18.69,40.39,0.0,0.0,5.8783,statline_mc+recal_10_4b,0.2516269642340128,0.9559894538152003,0.0,0.0,0.0,0.6575,2.2428370529251596,0.0215,0.0,0.0,0.0,0.0,0.31453370529251595,0.2516269642340128,0.0,,6.878840627763043,0.19179562051160173,0.0228255696232123,,classic,True
00-0039305,Jack Westover,TE,WAS,2500,44034640,0.659,0.659,1.0,0.8541941722297637,0.562948560095206,PHI,19.14,44.17,4.0,0.2,3.1126,statline_mc+recal_10_4b,0.2501993600423138,1.464095735339421,0.0,0.0,0.0,0.0,0.0,0.0,0.19775,0.131,1.1899920005289217,0.0105,0.3127492000528922,0.2501993600423138,0.1,,17.678659726740403,0.1836106272718032,0.09584666455671742,,classic,True
00-0037340,Zaire Mitchell-Paden,TE,HOU,2500,43728425,0.5571,0.5571,1.0,0.9679974710378043,0.5393039017844301,BUF,21.69,44.5,3.0,0.0,3.1075,statline_mc+recal_10_4b,0.2396906230153023,1.4527020846314116,0.0,0.0,0.0,0.0,0.0,0.0,0.1775,0.1225,1.2061327876912782,0.0095,0.2996132787691278,0.2396906230153023,0.5,,14.5721135599653,0.1901888895416332,0.07983896436207939,,classic,True
00-0039677,Sam Hartman,QB,WAS,4000,43727317,0.6198,0.6198,1.0,0.8541941722297637,0.5294597873372263,PHI,19.14,44.17,0.0,0.0,5.8303,statline_mc+recal_10_4b,0.23531546103876727,0.8777176133752496,0.0,0.0,0.0,0.6085,2.1314432629845896,0.0195,0.0,0.0,0.0,0.0,0.29414432629845905,0.23531546103876727,0.0,,8.175038682581786,0.19179562051160173,0.025039809981976663,,classic,True
00-0038416,Tyson Bagent,QB,CHI,4000,43727275,0.4581,0.4581,1.0,1.1130408910872678,0.509867538853885,CAR,24.94,46.94,2.0,0.0,5.8493,statline_mc+recal_10_4b,0.22660779504617112,0.8533844810662226,0.0,0.0,0.0,0.39925,1.842597438077139,0.02025,0.0,0.0,0.0,0.0,0.2832597438077139,0.22660779504617112,0.9,,13.31444794429708,0.20151406467935254,0.03614604795715455,,classic,True
00-0040205,Kalel Mullings,RB,TEN,4000,43727531,0.5611,0.5611,1.0,0.8952526172899195,0.5023029784178994,NYJ,20.06,39.22,4.0,0.6,3.314,statline_mc+recal_10_4b,0.22324576818573305,0.8559067897779117,0.0,0.0,0.0,0.52525,1.9605721023216633,0.01425,0.0,0.0,0.0,0.0,0.27905721023216634,0.22324576818573305,0.1,,23.96062543392733,0.1798796506162074,0.044173966099497114,,classic,True
00-0037258,Dameon Pierce,RB,PHI,4000,43727577,0.426,0.426,1.0,1.1170574781040223,0.47582432416126724,WAS,25.03,44.17,5.0,0.2,3.1872,statline_mc+recal_10_4b,0.21147747740500766,0.9028966813594523,0.0,0.0,0.0,0.386,1.7267609513932602,0.0095,0.0225,0.01675,0.15420751616933562,0.00075,0.2643468467562596,0.21147747740500766,0.7,,22.93957417264522,0.18591514573695866,0.040258162218579994,,classic,True
00-0039737,Tip Reiman,TE,ARI,2500,43728455,0.5414,0.5414,1.0,0.8466072856425609,0.4583697603002808,LAC,18.97,47.17,3.0,0.0,3.0038,statline_mc+recal_10_4b,0.20371989346679148,1.3246666968805958,0.0,0.0,0.0,0.0,0.0,0.0,0.16775,0.11275,1.026498668334893,0.00675,0.25464986683348934,0.20371989346679148,1.0,,14.08615267837779,0.19874320729795272,0.07758900478935188,,classic,True
00-0038658,Adrian Martinez,QB,NYJ,4000,43727304,0.5281,0.5281,1.0,0.8555330345686819,0.45179334184626235,TEN,19.17,39.22,1.0,0.0,5.7404,statline_mc+recal_10_4b,0.20079704082056105,0.820283061669096,0.0,0.0,0.0,0.561,2.0074630102570126,0.014,0.0,0.0,0.0,0.0,0.2509963010257013,0.20079704082056105,-0.1,,6.342147435897436,0.19074503265145093,0.021967106036222588,,classic,True
00-0033869,Mitchell Trubisky,QB,TEN,4000,43727288,0.4839,0.4839,1.0,0.8952526172899195,0.4332280787274185,NYJ,20.06,39.22,4.0,0.2,5.7898,statline_mc+recal_10_4b,0.19254581276774155,0.7103191547871055,0.0,0.0,0.0,0.498,1.6243226595967692,0.01825,0.0,0.0,0.0,0.0,0.24068226595967693,0.19254581276774155,7.8,,8.799583175445246,0.2942517582124044,0.026182134229823954,,classic,True
00-0039589,Kameron Johnson,WR,TB,3000,43728139,0.4019,0.4019,1.0,1.0438663369098313,0.41948907774616967,CIN,23.39,50.44,17.0,1.0,3.1972,statline_mc+recal_10_4b,0.18643959010940875,0.49400718388795845,0.0,0.0,0.0,0.0,0.0,0.0,0.12025,0.07375,1.0829948763676092,0.0085,0.23304948763676092,0.18643959010940875,1.0,,55.5055971327523,0.359845448295701,1.4050560017851437,,classic,True
00-0036898,Davis Mills,QB,HOU,4200,43727267,0.427,0.427,1.0,0.9679974710378043,0.4133068443584539,BUF,21.69,44.5,6.0,0.2,5.7367,statline_mc+recal_10_4b,0.1836919308259795,0.7023529603610872,0.0,0.0,0.0,0.415,1.6761491353247437,0.01475,0.0,0.0,0.0,0.0,0.22961491353247437,0.1836919308259795,11.6,,11.637608942781355,0.3526812154917796,0.03206590784290903,,classic,True
00-0034577,Kyle Allen,QB,BUF,4000,43727272,0.3869,0.3869,1.0,1.017981665024081,0.3938901540103801,HOU,22.81,44.5,2.0,0.0,5.7297,statline_mc+recal_10_4b,0.17506229067128004,0.6936229159605225,0.0,0.0,0.0,0.38175,1.4732786333910004,0.01575,0.0,0.0,0.0,0.0,0.21882786333910004,0.17506229067128004,-0.1,,10.416901525198938,0.19074503265145093,0.029388399387185703,,classic,True
00-0039754,Devin Culp,TE,TB,2500,43728487,0.3674,0.3674,1.0,1.0438663369098313,0.3834791337436181,CIN,23.39,50.44,4.0,0.2,2.9804,statline_mc+recal_10_4b,0.17043517055271915,0.4500486964501986,0.0,0.0,0.0,0.0,0.0,0.0,0.11575,0.08225,0.8179396319089896,0.00825,0.21304396319089894,0.17043517055271915,0.6,,25.44824333116461,0.19186985802978504,0.15137860248196303,,classic,True
00-0037487,Deven Thompkins,WR,LV,3000,43728003,0.3556,0.3556,1.0,0.9679974710378043,0.34424333107311095,MIA,21.69,40.39,7.0,1.0,3.0294,statline_mc+recal_10_4b,0.15299703603249376,0.18884698699425917,0.0,0.0,0.0,0.0,0.0,0.0,0.10775,0.07175,0.8449629504061718,0.00575,0.1912462950406172,0.15299703603249376,0.9,,39.571728558797524,0.28989226704772714,0.5503453846316343,,classic,True
00-0039816,Anthony Gould,WR,IND,3000,43727977,0.3213,0.3213,1.0,1.0090559160979602,0.3242191414052505,BAL,22.61,48.17,11.0,0.2,2.9282,statline_mc+recal_10_4b,0.14409739618011133,0.14409739618011133,0.0,0.0,0.0,0.0,0.0,0.0,0.107,0.066,0.7787174522513914,0.00625,0.18012174522513916,0.14409739618011133,0.2,,24.441000378931417,0.2261471789565854,0.2259928177911938,,classic,True
00-0039164,Anthony Richardson Sr.,QB,IND,4900,43727256,0.3206,0.3206,1.0,1.0090559160979602,0.3234909727213423,BAL,22.61,48.17,2.0,0.0,5.6369,statline_mc+recal_10_4b,0.1437737656539299,0.5533798018470505,0.0,0.0,0.0,0.34875,1.347172070674124,0.01075,0.0,0.0,0.0,0.0,0.1797172070674124,0.1437737656539299,1.1,,12.097203801945183,0.20444884163778052,0.03313604322109468,,classic,True
00-0039577,Kedon Slovis,QB,GB,4000,43727308,0.326,0.326,1.0,0.9916507056920244,0.32328697714028476,MIN,22.22,46.06,2.0,0.0,5.6345,statline_mc+recal_10_4b,0.14368310095123768,0.573972937752217,0.0,0.0,0.0,0.30825,1.2910387618904706,0.011,0.0,0.0,0.0,0.0,0.17960387618904708,0.14368310095123768,-0.0,,9.895253094606543,0.19179562051160173,0.02831351961893642,,classic,True
00-0040644,Trevor Etienne,RB,CAR,4500,43727429,0.2635,0.2635,1.0,0.9818323818732916,0.2587045909868517,CHI,22.0,46.94,17.0,1.0,2.8529,statline_mc+recal_10_4b,0.11497981821637854,0.11497981821637854,0.0,0.0,0.0,0.0,0.0,0.0,0.09125,0.0725,0.5972477277047316,0.002,0.14372477277047319,0.11497981821637854,0.7,,41.86779198488004,0.18662853752342076,0.22499087485559535,,classic,True
00-0036630,Tylan Wallace,WR,CLE,3000,43727915,0.3388,0.3388,1.0,0.7002250032541792,0.23723146886716248,JAX,15.69,40.11,11.0,0.2,2.6845,statline_mc+recal_10_4b,0.10543620838540554,0.10543620838540554,0.0,0.0,0.0,0.0,0.0,0.0,0.091,0.05475,0.48795260481756947,0.00475,0.13179526048175694,0.10543620838540554,1.0,,14.732398635846913,0.23957893581791262,0.1276649174395617,,classic,True
00-0031237,Teddy Bridgewater,QB,DET,4000,43727283,0.1729,0.1729,1.0,1.2670100600628522,0.21906521850127914,NO,28.39,49.83,3.0,0.0,5.4797,statline_mc+recal_10_4b,0.09736231933390184,0.3050480352346608,0.0,0.0,0.0,0.1885,0.864528991673773,0.00775,0.0,0.0,0.0,0.0,0.1217028991673773,0.09736231933390184,0.7,,14.805758178603005,0.19931287971889303,0.04020895688004436,,classic,True
00-0037594,Julius Chestnut,RB,TEN,4000,43727533,0.2381,0.2381,1.0,0.8952526172899195,0.21315386938894798,NYJ,20.06,39.22,16.0,1.0,2.8353,statline_mc+recal_10_4b,0.09473505306175466,0.31912106181959526,0.0,0.0,0.0,0.19725,0.7441881632719333,0.0075,0.0,0.0,0.0,0.0,0.11841881632719332,0.09473505306175466,0.2,,31.372512149965285,0.18087181966547697,0.08665576071766105,,classic,True
00-0039407,Dylan Laube,RB,LV,4000,43727539,0.2007,0.2007,1.0,0.9679974710378043,0.1942886318927715,MIA,21.69,40.39,17.0,1.0,2.6781,statline_mc+recal_10_4b,0.08635050306345401,0.31315941338390413,0.0,0.0,0.0,0.204,0.7418812882931748,0.00575,0.0,0.0,0.0,0.0,0.1079381288293175,0.08635050306345401,0.3,,35.79268880660341,0.18186944743437458,0.12951254357976083,,classic,True
00-0038576,Charlie Jones,WR,CIN,3000,43727901,0.1319,0.1319,1.0,1.2076538297041486,0.15933977646702716,TB,27.06,50.44,14.0,0.4,2.6269,statline_mc+recal_10_4b,0.07081767842978985,0.07081767842978985,0.0,0.0,0.0,0.0,0.0,0.0,0.04425,0.024,0.46522098037237297,0.003,0.0885220980372373,0.07081767842978985,0.4,,36.95233240179361,0.270074384561238,0.47175695461846673,,classic,True
00-0040704,Dillon Gabriel,QB,CLE,4000,43727280,0.1904,0.1904,1.0,0.7002250032541792,0.1333080607608592,JAX,15.69,40.11,10.0,0.2,5.2569,statline_mc+recal_10_4b,0.0592480270048263,0.2068453977964047,0.0,0.0,0.0,0.187,0.5806003375603288,0.00475,0.0,0.0,0.0,0.0,0.07406003375603289,0.0592480270048263,7.2,,5.413717317165593,0.28473139283372473,0.020557579750388022,,classic,True
00-0035594,Travis Homer,RB,PIT,4000,43727589,0.0792,0.0792,1.0,1.0536846607285644,0.0834943817197895,ATL,23.61,40.78,8.0,0.6,2.3742,statline_mc+recal_10_4b,0.03710861409768422,0.03710861409768422,0.0,0.0,0.0,0.06725,0.29635767622105275,0.003,0.0,0.0,0.0,0.0,0.04638576762210528,0.03710861409768422,-0.0,,31.067937109465404,0.17963978020145077,0.08428929386358333,,classic,True
00-0038824,Ryan Miller,WR,MIA,3000,44034616,0.0871,0.0871,1.0,0.8341112371459919,0.07266698701785745,LV,18.69,40.39,9.0,0.2,2.0728,statline_mc+recal_10_4b,0.032296438674603314,0.032296438674603314,0.0,0.0,0.0,0.0,0.0,0.0,0.0275,0.01825,0.19120548343254143,0.0005,0.04037054834325414,0.032296438674603314,0.9,,15.939333080712393,0.24121671864913605,0.13705813004270756,,classic,True
00-0040379,William Wagner,TE,CIN,2500,43728347,0.0,0.0,1.0,1.2076538297041486,0.0,TB,27.06,50.44,0.0,0.0,0.0,statline_mc,0.0,0.0,0.0,0.0,0.0,0.0,0.0,0.0,0.0,0.0,0.0,0.0,0.0,0.0,0.0,,16.735418699848186,0.0,0.0,,classic,True
00-0036825,Feleipe Franks,TE,CAR,2500,43728503,0.0,0.0,1.0,0.9818323818732916,0.0,CHI,22.0,46.94,10.0,0.4,0.0,statline_mc,0.0,0.0,0.0,0.0,0.0,0.0,0.0,0.0,0.0,0.0,0.0,0.0,0.0,0.0,0.0,,20.543306088700934,0.0,0.0,,classic,True
00-0040887,Josh Cuevas,TE,BAL,2500,43728521,0.0,0.0,1.0,1.1407107127582423,0.0,IND,25.56,48.17,0.0,0.0,0.0,statline_mc,0.0,0.0,0.0,0.0,0.0,0.0,0.0,0.0,0.0,0.0,0.0,0.0,0.0,0.0,0.0,,15.524750596399912,0.0,0.0,,classic,True
00-0036754,Brock Wright,TE,DET,2900,43728275,0.0,0.0,1.0,1.2670100600628522,0.0,NO,28.39,49.83,8.0,0.0,0.0,statline_mc,0.0,0.0,0.0,0.0,0.0,0.0,0.0,0.0,0.0,0.0,0.0,0.0,0.0,0.0,3.3,,18.36332953806116,0.0,0.0,,classic,True
00-0041207,Ethan Conner,TE,MIA,2500,43728515,0.0,0.0,1.0,0.8341112371459919,0.0,LV,18.69,40.39,0.0,0.0,0.0,statline_mc,0.0,0.0,0.0,0.0,0.0,0.0,0.0,0.0,0.0,0.0,0.0,0.0,0.0,0.0,0.0,,7.219793699848189,0.0,0.0,,classic,True
00-0040331,Patrick Herbert,TE,LAC,2500,43728513,0.0,0.0,1.0,1.2580843111367315,0.0,ARI,28.19,47.17,0.0,0.0,0.0,statline_mc,0.0,0.0,0.0,0.0,0.0,0.0,0.0,0.0,0.0,0.0,0.0,0.0,0.0,0.0,0.0,,15.680641400997615,0.0,0.0,,classic,True
00-0037004,Hunter Long,TE,ARI,2500,43728511,0.0,0.0,1.0,0.8466072856425609,0.0,LAC,18.97,47.17,7.0,0.0,0.0,statline_mc,0.0,0.0,0.0,0.0,0.0,0.0,0.0,0.0,0.0,0.0,0.0,0.0,0.0,0.0,3.6,,10.123888527434396,0.0,0.0,,classic,True
00-0040392,Caden Prieskorn,TE,CAR,2500,43728507,0.0,0.0,1.0,0.9818323818732916,0.0,CHI,22.0,46.94,0.0,0.0,0.0,statline_mc,0.0,0.0,0.0,0.0,0.0,0.0,0.0,0.0,0.0,0.0,0.0,0.0,0.0,0.0,0.0,,11.787142837779223,0.0,0.0,,classic,True
00-0031156,Tyler Ott,TE,WAS,2500,43728501,0.0,0.0,1.0,0.8541941722297637,0.0,PHI,19.14,44.17,0.0,0.0,0.0,statline_mc,0.0,0.0,0.0,0.0,0.0,0.0,0.0,0.0,0.0,0.0,0.0,0.0,0.0,0.0,0.0,,8.708299446974625,0.0,0.0,,classic,True
00-0036635,Ihmir Smith-Marsette,WR,ARI,3000,44034618,0.0,0.0,1.0,0.8466072856425609,0.0,LAC,18.97,47.17,0.0,0.0,0.0,statline_mc,0.0,0.0,0.0,0.0,0.0,0.0,0.0,0.0,0.0,0.0,0.0,0.0,0.0,0.0,0.0,,10.61626878868258,0.0,0.0,,classic,True
00-0041180,Quentin Moore,TE,WAS,2500,43728499,0.0,0.0,1.0,0.8541941722297637,0.0,PHI,19.14,44.17,0.0,0.0,0.0,statline_mc,0.0,0.0,0.0,0.0,0.0,0.0,0.0,0.0,0.0,0.0,0.0,0.0,0.0,0.0,0.0,,8.708299446974625,0.0,0.0,,classic,True
00-0038817,Evan Deckers,TE,TB,2500,43728491,0.0,0.0,1.0,1.0438663369098313,0.0,CIN,23.39,50.44,0.0,0.0,0.0,statline_mc,0.0,0.0,0.0,0.0,0.0,0.0,0.0,0.0,0.0,0.0,0.0,0.0,0.0,0.0,0.0,,14.703809504445887,0.0,0.0,,classic,True
00-0041252,Kenny Fletcher Jr.,TE,TB,2500,43728489,0.0,0.0,1.0,1.0438663369098313,0.0,CIN,23.39,50.44,0.0,0.0,0.0,statline_mc,0.0,0.0,0.0,0.0,0.0,0.0,0.0,0.0,0.0,0.0,0.0,0.0,0.0,0.0,0.0,,14.703809504445887,0.0,0.0,,classic,True
00-0041558,Sam Roush,TE,CHI,2800,43728287,0.0,0.0,1.0,1.1130408910872678,0.0,CAR,24.94,46.94,0.0,0.0,0.0,statline_mc,0.0,0.0,0.0,0.0,0.0,0.0,0.0,0.0,0.0,0.0,0.0,0.0,0.0,0.0,0.0,,15.294733382129689,0.0,0.0,,classic,True
00-0041094,Bauer Sharp,TE,TB,2500,43728485,0.0,0.0,1.0,1.0438663369098313,0.0,CIN,23.39,50.44,0.0,0.0,0.0,statline_mc,0.0,0.0,0.0,0.0,0.0,0.0,0.0,0.0,0.0,0.0,0.0,0.0,0.0,0.0,0.0,,14.703809504445887,0.0,0.0,,classic,True
00-0041041,Oscar Delp,TE,NO,2700,43728291,0.0,0.0,1.0,0.9568402848801533,0.0,DET,21.44,49.83,0.0,0.0,0.0,statline_mc,0.0,0.0,0.0,0.0,0.0,0.0,0.0,0.0,0.0,0.0,0.0,0.0,0.0,0.0,0.0,,13.163332248969853,0.0,0.0,,classic,True
00-0041452,Johnny Pascuzzi,TE,LAC,2500,43728479,0.0,0.0,1.0,1.2580843111367315,0.0,ARI,28.19,47.17,0.0,0.0,0.0,statline_mc,0.0,0.0,0.0,0.0,0.0,0.0,0.0,0.0,0.0,0.0,0.0,0.0,0.0,0.0,0.0,,15.680641400997615,0.0,0.0,,classic,True
00-0041384,Evan Svoboda,TE,LAC,2500,43728477,0.0,0.0,1.0,1.2580843111367315,0.0,ARI,28.19,47.17,0.0,0.0,0.0,statline_mc,0.0,0.0,0.0,0.0,0.0,0.0,0.0,0.0,0.0,0.0,0.0,0.0,0.0,0.0,0.0,,15.680641400997615,0.0,0.0,,classic,True
00-0035589,Gary Jennings Jr.,WR,LAC,3000,44034620,0.0,0.0,1.0,1.2580843111367315,0.0,ARI,28.19,47.17,0.0,0.0,0.0,statline_mc,0.0,0.0,0.0,0.0,0.0,0.0,0.0,0.0,0.0,0.0,0.0,0.0,0.0,0.0,0.0,,16.1730216622458,0.0,0.0,,classic,True
00-0040986,Ty Pezza,TE,BAL,2500,43728523,0.0,0.0,1.0,1.1407107127582423,0.0,IND,25.56,48.17,0.0,0.0,0.0,statline_mc,0.0,0.0,0.0,0.0,0.0,0.0,0.0,0.0,0.0,0.0,0.0,0.0,0.0,0.0,0.0,,15.524750596399912,0.0,0.0,,classic,True
00-0041246,Josh Kattus,TE,CIN,2500,43728345,0.0,0.0,1.0,1.2076538297041486,0.0,TB,27.06,50.44,0.0,0.0,0.0,statline_mc,0.0,0.0,0.0,0.0,0.0,0.0,0.0,0.0,0.0,0.0,0.0,0.0,0.0,0.0,0.0,,16.735418699848186,0.0,0.0,,classic,True
00-0039394,Casey Washington,WR,CAR,3000,43728213,0.0,0.0,1.0,0.9818323818732916,0.0,CHI,22.0,46.94,5.0,0.0,0.0,statline_mc,0.0,0.0,0.0,0.0,0.0,0.0,0.0,0.0,0.0,0.0,0.0,0.0,0.0,0.0,2.2,,12.279523099027408,0.0,0.0,,classic,True
00-0039259,Dayton Wade,WR,BAL,3000,43728201,0.0,0.0,1.0,1.1407107127582423,0.0,IND,25.56,48.17,0.0,0.0,0.0,statline_mc,0.0,0.0,0.0,0.0,0.0,0.0,0.0,0.0,0.0,0.0,0.0,0.0,0.0,0.0,0.0,,16.017130857648098,0.0,0.0,,classic,True
00-0039437,Cornelius Johnson,WR,BAL,3000,43728203,0.0,0.0,1.0,1.1407107127582423,0.0,IND,25.56,48.17,0.0,0.0,0.0,statline_mc,0.0,0.0,0.0,0.0,0.0,0.0,0.0,0.0,0.0,0.0,0.0,0.0,0.0,0.0,0.0,,16.017130857648098,0.0,0.0,,classic,True
00-0040099,Xavier Guillory,WR,BAL,3000,43728205,0.0,0.0,1.0,1.1407107127582423,0.0,IND,25.56,48.17,0.0,0.0,0.0,statline_mc,0.0,0.0,0.0,0.0,0.0,0.0,0.0,0.0,0.0,0.0,0.0,0.0,0.0,0.0,0.0,,16.017130857648098,0.0,0.0,,classic,True
00-0040977,Cortez Braham Jr.,WR,BAL,3000,43728207,0.0,0.0,1.0,1.1407107127582423,0.0,IND,25.56,48.17,0.0,0.0,0.0,statline_mc,0.0,0.0,0.0,0.0,0.0,0.0,0.0,0.0,0.0,0.0,0.0,0.0,0.0,0.0,0.0,,16.017130857648098,0.0,0.0,,classic,True
00-0033906,Alvin Kamara,RB,NO,4900,43727393,0.0,0.0,1.0,0.9568402848801533,0.0,DET,21.44,49.83,11.0,0.0,0.0,statline_mc,0.0,0.0,0.0,0.0,0.0,0.0,0.0,0.0,0.0,0.0,0.0,0.0,0.0,0.0,9.3,,12.664651315281956,0.0,0.0,,classic,True
00-0039794,Braelon Allen,RB,NYJ,4700,43727409,0.0,0.0,1.0,0.8555330345686819,0.0,TEN,19.17,39.22,4.0,0.0,0.0,statline_mc,0.0,0.0,0.0,0.0,0.0,0.0,0.0,0.0,0.0,0.0,0.0,0.0,0.0,0.0,4.1,,7.260836129753915,0.0,0.0,,classic,True
00-0040989,Octavian Smith Jr.,WR,BAL,3000,43728209,0.0,0.0,1.0,1.1407107127582423,0.0,IND,25.56,48.17,0.0,0.0,0.0,statline_mc,0.0,0.0,0.0,0.0,0.0,0.0,0.0,0.0,0.0,0.0,0.0,0.0,0.0,0.0,0.0,,16.017130857648098,0.0,0.0,,classic,True
00-0034837,Calvin Ridley,WR,TEN,4500,43727713,0.0,0.0,1.0,0.8952526172899195,0.0,NYJ,20.06,39.22,7.0,0.0,0.0,statline_mc,0.0,0.0,0.0,0.0,0.0,0.0,0.0,0.0,0.0,0.0,0.0,0.0,0.0,0.0,7.2,,9.59584991158267,0.0,0.0,,classic,True
00-0037317,Nick Muse,TE,ATL,2500,44034622,0.0,0.0,1.0,0.7662755453074735,0.0,PIT,17.17,40.78,0.0,0.0,0.0,statline_mc,0.0,0.0,0.0,0.0,0.0,0.0,0.0,0.0,0.0,0.0,0.0,0.0,0.0,0.0,0.0,,7.371912952721752,0.0,0.0,,classic,True
00-0032394,Nick Vannett,TE,BAL,2500,44034644,0.0,0.0,1.0,1.1407107127582423,0.0,IND,25.56,48.17,0.0,0.0,0.0,statline_mc,0.0,0.0,0.0,0.0,0.0,0.0,0.0,0.0,0.0,0.0,0.0,0.0,0.0,0.0,0.0,,15.524750596399912,0.0,0.0,,classic,True
00-0040566,CJ Dippre,TE,TB,2500,44034638,0.0,0.0,1.0,1.0438663369098313,0.0,CIN,23.39,50.44,0.0,0.0,0.0,statline_mc,0.0,0.0,0.0,0.0,0.0,0.0,0.0,0.0,0.0,0.0,0.0,0.0,0.0,0.0,0.0,,14.703809504445887,0.0,0.0,,classic,True
00-0039550,Shawn Bowman,TE,ARI,2500,44034636,0.0,0.0,1.0,0.8466072856425609,0.0,LAC,18.97,47.17,0.0,0.0,0.0,statline_mc,0.0,0.0,0.0,0.0,0.0,0.0,0.0,0.0,0.0,0.0,0.0,0.0,0.0,0.0,0.0,,10.123888527434396,0.0,0.0,,classic,True
00-0040094,Tre Watson,TE,MIA,2500,44034634,0.0,0.0,1.0,0.8341112371459919,0.0,LV,18.69,40.39,0.0,0.0,0.0,statline_mc,0.0,0.0,0.0,0.0,0.0,0.0,0.0,0.0,0.0,0.0,0.0,0.0,0.0,0.0,0.0,,7.219793699848189,0.0,0.0,,classic,True
00-0041077,Justin Joly,TE,MIA,2500,44034632,0.0,0.0,1.0,0.8341112371459919,0.0,LV,18.69,40.39,0.0,0.0,0.0,statline_mc,0.0,0.0,0.0,0.0,0.0,0.0,0.0,0.0,0.0,0.0,0.0,0.0,0.0,0.0,0.0,,7.219793699848189,0.0,0.0,,classic,True
00-0035345,Chris Myarick,TE,LV,2500,44034630,0.0,0.0,1.0,0.9679974710378043,0.0,MIA,21.69,40.39,0.0,0.0,0.0,statline_mc,0.0,0.0,0.0,0.0,0.0,0.0,0.0,0.0,0.0,0.0,0.0,0.0,0.0,0.0,0.0,,9.191058067664281,0.0,0.0,,classic,True
00-0040598,Mark Redman,TE,GB,2500,44034626,0.0,0.0,1.0,0.9916507056920244,0.0,MIN,22.22,46.06,0.0,0.0,0.0,statline_mc,0.0,0.0,0.0,0.0,0.0,0.0,0.0,0.0,0.0,0.0,0.0,0.0,0.0,0.0,0.0,,11.640052320537846,0.0,0.0,,classic,True
00-0041472,Marlin Klein,TE,HOU,2700,43728295,0.0,0.0,1.0,0.9679974710378043,0.0,BUF,21.69,44.5,0.0,0.0,0.0,statline_mc,0.0,0.0,0.0,0.0,0.0,0.0,0.0,0.0,0.0,0.0,0.0,0.0,0.0,0.0,0.0,,11.457333685751463,0.0,0.0,,classic,True
00-0041373,Jerand Bradley,TE,LAC,2500,43728475,0.0,0.0,1.0,1.2580843111367315,0.0,ARI,28.19,47.17,0.0,0.0,0.0,statline_mc,0.0,0.0,0.0,0.0,0.0,0.0,0.0,0.0,0.0,0.0,0.0,0.0,0.0,0.0,0.0,,15.680641400997615,0.0,0.0,,classic,True
00-0041263,Lake McRee,TE,PIT,2500,43728473,0.0,0.0,1.0,1.0536846607285644,0.0,ATL,23.61,40.78,0.0,0.0,0.0,statline_mc,0.0,0.0,0.0,0.0,0.0,0.0,0.0,0.0,0.0,0.0,0.0,0.0,0.0,0.0,0.0,,11.475361228583822,0.0,0.0,,classic,True
00-0040528,JJ Galbreath,TE,IND,2500,43728471,0.0,0.0,1.0,1.0090559160979602,0.0,BAL,22.61,48.17,0.0,0.0,0.0,statline_mc,0.0,0.0,0.0,0.0,0.0,0.0,0.0,0.0,0.0,0.0,0.0,0.0,0.0,0.0,0.0,,13.22661841249187,0.0,0.0,,classic,True
00-0041016,Patrick Gurd,TE,LV,2500,43728403,0.0,0.0,1.0,0.9679974710378043,0.0,MIA,21.69,40.39,0.0,0.0,0.0,statline_mc,0.0,0.0,0.0,0.0,0.0,0.0,0.0,0.0,0.0,0.0,0.0,0.0,0.0,0.0,0.0,,9.191058067664281,0.0,0.0,,classic,True
00-0040853,Carson Towt,TE,IND,2500,43728395,0.0,0.0,1.0,1.0090559160979602,0.0,BAL,22.61,48.17,0.0,0.0,0.0,statline_mc,0.0,0.0,0.0,0.0,0.0,0.0,0.0,0.0,0.0,0.0,0.0,0.0,0.0,0.0,0.0,,13.22661841249187,0.0,0.0,,classic,True
00-0036556,Brevin Jordan,TE,HOU,2500,43728323,0.0,0.0,1.0,0.9679974710378043,0.0,BUF,21.69,44.5,0.0,0.0,0.0,statline_mc,0.0,0.0,0.0,0.0,0.0,0.0,0.0,0.0,0.0,0.0,0.0,0.0,0.0,0.0,0.0,,10.499786515940142,0.0,0.0,,classic,True
00-0039023,Joel Wilson,TE,TEN,2500,43728385,0.0,0.0,1.0,0.8952526172899195,0.0,NYJ,20.06,39.22,0.0,0.0,0.0,statline_mc,0.0,0.0,0.0,0.0,0.0,0.0,0.0,0.0,0.0,0.0,0.0,0.0,0.0,0.0,0.0,,7.526546573411408,0.0,0.0,,classic,True
00-0040792,Layne Pryor,TE,HOU,2500,43728327,0.0,0.0,1.0,0.9679974710378043,0.0,BUF,21.69,44.5,0.0,0.0,0.0,statline_mc,0.0,0.0,0.0,0.0,0.0,0.0,0.0,0.0,0.0,0.0,0.0,0.0,0.0,0.0,0.0,,10.499786515940142,0.0,0.0,,classic,True
00-0040901,Jaren Kanak,TE,TEN,2500,43728381,0.0,0.0,1.0,0.8952526172899195,0.0,NYJ,20.06,39.22,0.0,0.0,0.0,statline_mc,0.0,0.0,0.0,0.0,0.0,0.0,0.0,0.0,0.0,0.0,0.0,0.0,0.0,0.0,0.0,,7.526546573411408,0.0,0.0,,classic,True
00-0035039,Stephen Carlson,TE,CHI,2500,43728331,0.0,0.0,1.0,1.1130408910872678,0.0,CAR,24.94,46.94,0.0,0.0,0.0,statline_mc,0.0,0.0,0.0,0.0,0.0,0.0,0.0,0.0,0.0,0.0,0.0,0.0,0.0,0.0,0.0,,14.040016400997613,0.0,0.0,,classic,True
00-0039843,Qadir Ismail,TE,CHI,2500,43728333,0.0,0.0,1.0,1.1130408910872678,0.0,CAR,24.94,46.94,0.0,0.0,0.0,statline_mc,0.0,0.0,0.0,0.0,0.0,0.0,0.0,0.0,0.0,0.0,0.0,0.0,0.0,0.0,0.0,,14.040016400997613,0.0,0.0,,classic,True
00-0039936,Thomas Yassmin,TE,GB,2500,43728377,0.0,0.0,1.0,0.9916507056920244,0.0,MIN,22.22,46.06,0.0,0.0,0.0,statline_mc,0.0,0.0,0.0,0.0,0.0,0.0,0.0,0.0,0.0,0.0,0.0,0.0,0.0,0.0,0.0,,11.640052320537846,0.0,0.0,,classic,True
00-0041170,Hayden Large,TE,CHI,2500,43728335,0.0,0.0,1.0,1.1130408910872678,0.0,CAR,24.94,46.94,0.0,0.0,0.0,statline_mc,0.0,0.0,0.0,0.0,0.0,0.0,0.0,0.0,0.0,0.0,0.0,0.0,0.0,0.0,0.0,,14.040016400997613,0.0,0.0,,classic,True
00-0039814,Erick All Jr.,TE,CIN,2500,43728337,0.0,0.0,1.0,1.2076538297041486,0.0,TB,27.06,50.44,0.0,0.0,0.0,statline_mc,0.0,0.0,0.0,0.0,0.0,0.0,0.0,0.0,0.0,0.0,0.0,0.0,0.0,0.0,0.0,,16.735418699848186,0.0,0.0,,classic,True
00-0039275,Messiah Swinson,TE,CLE,2500,43728371,0.0,0.0,1.0,0.7002250032541792,0.0,JAX,15.69,40.11,0.0,0.0,0.0,statline_mc,0.0,0.0,0.0,0.0,0.0,0.0,0.0,0.0,0.0,0.0,0.0,0.0,0.0,0.0,0.0,,6.211532205595315,0.0,0.0,,classic,True
00-0040697,Thomas Gordon,TE,DET,2500,43728363,0.0,0.0,1.0,1.2670100600628522,0.0,NO,28.39,49.83,0.0,0.0,0.0,statline_mc,0.0,0.0,0.0,0.0,0.0,0.0,0.0,0.0,0.0,0.0,0.0,0.0,0.0,0.0,0.0,,16.877480481457383,0.0,0.0,,classic,True
00-0041116,Jack Endries,TE,CIN,2500,43728341,0.0,0.0,1.0,1.2076538297041486,0.0,TB,27.06,50.44,0.0,0.0,0.0,statline_mc,0.0,0.0,0.0,0.0,0.0,0.0,0.0,0.0,0.0,0.0,0.0,0.0,0.0,0.0,0.0,,16.735418699848186,0.0,0.0,,classic,True
00-0040387,Zach Horton,TE,DET,2500,43728361,0.0,0.0,1.0,1.2670100600628522,0.0,NO,28.39,49.83,0.0,0.0,0.0,statline_mc,0.0,0.0,0.0,0.0,0.0,0.0,0.0,0.0,0.0,0.0,0.0,0.0,0.0,0.0,0.0,,16.877480481457383,0.0,0.0,,classic,True
00-0041131,Carsen Ryan,TE,CLE,2500,43728355,0.0,0.0,1.0,0.7002250032541792,0.0,JAX,15.69,40.11,0.0,0.0,0.0,statline_mc,0.0,0.0,0.0,0.0,0.0,0.0,0.0,0.0,0.0,0.0,0.0,0.0,0.0,0.0,0.0,,6.211532205595315,0.0,0.0,,classic,True
00-0041087,Joe Royer,TE,CLE,2500,43728349,0.0,0.0,1.0,0.7002250032541792,0.0,JAX,15.69,40.11,0.0,0.0,0.0,statline_mc,0.0,0.0,0.0,0.0,0.0,0.0,0.0,0.0,0.0,0.0,0.0,0.0,0.0,0.0,0.0,,6.211532205595315,0.0,0.0,,classic,True
00-0041524,Will Kacmarek,TE,MIA,2500,43728405,0.0,0.0,1.0,0.8341112371459919,0.0,LV,18.69,40.39,0.0,0.0,0.0,statline_mc,0.0,0.0,0.0,0.0,0.0,0.0,0.0,0.0,0.0,0.0,0.0,0.0,0.0,0.0,0.0,,7.219793699848189,0.0,0.0,,classic,True
00-0041579,Seydou Traore,TE,MIA,2500,43728407,0.0,0.0,1.0,0.8341112371459919,0.0,LV,18.69,40.39,0.0,0.0,0.0,statline_mc,0.0,0.0,0.0,0.0,0.0,0.0,0.0,0.0,0.0,0.0,0.0,0.0,0.0,0.0,0.0,,7.219793699848189,0.0,0.0,,classic,True
00-0037078,Cole Turner,TE,MIA,2500,43728411,0.0,0.0,1.0,0.8341112371459919,0.0,LV,18.69,40.39,0.0,0.0,0.0,statline_mc,0.0,0.0,0.0,0.0,0.0,0.0,0.0,0.0,0.0,0.0,0.0,0.0,0.0,0.0,0.0,,7.219793699848189,0.0,0.0,,classic,True
00-0041503,Nate Boerkircher,TE,JAX,2600,43728307,0.0,0.0,1.0,1.0898339438793538,0.0,CLE,24.42,40.11,0.0,0.0,0.0,statline_mc,0.0,0.0,0.0,0.0,0.0,0.0,0.0,0.0,0.0,0.0,0.0,0.0,0.0,0.0,0.0,,11.782137822598132,0.0,0.0,,classic,True
00-0039420,Jaheim Bell,TE,PIT,2500,43728469,0.0,0.0,1.0,1.0536846607285644,0.0,ATL,23.61,40.78,0.0,0.0,0.0,statline_mc,0.0,0.0,0.0,0.0,0.0,0.0,0.0,0.0,0.0,0.0,0.0,0.0,0.0,0.0,0.0,,11.475361228583822,0.0,0.0,,classic,True
00-0041366,Jameson Geers,TE,ARI,2500,43728465,0.0,0.0,1.0,0.8466072856425609,0.0,LAC,18.97,47.17,0.0,0.0,0.0,statline_mc,0.0,0.0,0.0,0.0,0.0,0.0,0.0,0.0,0.0,0.0,0.0,0.0,0.0,0.0,0.0,,10.123888527434396,0.0,0.0,,classic,True
00-0040046,Rivaldo Fairweather,TE,ARI,2500,43728463,0.0,0.0,1.0,0.8466072856425609,0.0,LAC,18.97,47.17,0.0,0.0,0.0,statline_mc,0.0,0.0,0.0,0.0,0.0,0.0,0.0,0.0,0.0,0.0,0.0,0.0,0.0,0.0,0.0,,10.123888527434396,0.0,0.0,,classic,True
00-0040925,Rocco Underwood,TE,PHI,2500,43728453,0.0,0.0,1.0,1.1170574781040223,0.0,WAS,25.03,44.17,0.0,0.0,0.0,statline_mc,0.0,0.0,0.0,0.0,0.0,0.0,0.0,0.0,0.0,0.0,0.0,0.0,0.0,0.0,0.0,,13.03804082628497,0.0,0.0,,classic,True
00-0038564,Cameron Latu,TE,PHI,2500,43728447,0.0,0.0,1.0,1.1170574781040223,0.0,WAS,25.03,44.17,10.0,0.4,0.0,statline_mc,0.0,0.0,0.0,0.0,0.0,0.0,0.0,0.0,0.0,0.0,0.0,0.0,0.0,0.0,0.0,,22.723442582953805,0.0,0.0,,classic,True
00-0041237,Chase Curtis,TE,NYJ,2500,43728437,0.0,0.0,1.0,0.8555330345686819,0.0,TEN,19.17,39.22,0.0,0.0,0.0,statline_mc,0.0,0.0,0.0,0.0,0.0,0.0,0.0,0.0,0.0,0.0,0.0,0.0,0.0,0.0,0.0,,7.26002358490566,0.0,0.0,,classic,True
00-0041084,Tanner Koziol,TE,JAX,2600,43728305,0.0,0.0,1.0,1.0898339438793538,0.0,CLE,24.42,40.11,0.0,0.0,0.0,statline_mc,0.0,0.0,0.0,0.0,0.0,0.0,0.0,0.0,0.0,0.0,0.0,0.0,0.0,0.0,0.0,,11.782137822598132,0.0,0.0,,classic,True
00-0033063,Zach Wood,TE,NO,2500,43728431,0.0,0.0,1.0,0.9568402848801533,0.0,DET,21.44,49.83,0.0,0.0,0.0,statline_mc,0.0,0.0,0.0,0.0,0.0,0.0,0.0,0.0,0.0,0.0,0.0,0.0,0.0,0.0,0.0,,12.205785079158535,0.0,0.0,,classic,True
00-0040215,Gavin Bartholomew,TE,MIN,2500,43728415,0.0,0.0,1.0,1.0635029845472972,0.0,GB,23.83,46.06,0.0,0.0,0.0,statline_mc,0.0,0.0,0.0,0.0,0.0,0.0,0.0,0.0,0.0,0.0,0.0,0.0,0.0,0.0,0.0,,13.063184504445891,0.0,0.0,,classic,True
00-0041327,Cody Hardy,TE,NO,2500,43728429,0.0,0.0,1.0,0.9568402848801533,0.0,DET,21.44,49.83,0.0,0.0,0.0,statline_mc,0.0,0.0,0.0,0.0,0.0,0.0,0.0,0.0,0.0,0.0,0.0,0.0,0.0,0.0,0.0,,12.205785079158535,0.0,0.0,,classic,True
00-0040552,Joshua Simon,TE,WAS,2500,43728313,0.0,0.0,1.0,0.8541941722297637,0.0,PHI,19.14,44.17,0.0,0.0,0.0,statline_mc,0.0,0.0,0.0,0.0,0.0,0.0,0.0,0.0,0.0,0.0,0.0,0.0,0.0,0.0,0.0,,8.708299446974625,0.0,0.0,,classic,True
00-0039518,Treyton Welch,TE,NO,2500,43728427,0.0,0.0,1.0,0.9568402848801533,0.0,DET,21.44,49.83,0.0,0.0,0.0,statline_mc,0.0,0.0,0.0,0.0,0.0,0.0,0.0,0.0,0.0,0.0,0.0,0.0,0.0,0.0,0.0,,12.205785079158535,0.0,0.0,,classic,True
00-0029714,Andrew DePaola,TE,MIN,2500,43728421,0.0,0.0,1.0,1.0635029845472972,0.0,GB,23.83,46.06,0.0,0.0,0.0,statline_mc,0.0,0.0,0.0,0.0,0.0,0.0,0.0,0.0,0.0,0.0,0.0,0.0,0.0,0.0,0.0,,13.063184504445891,0.0,0.0,,classic,True
00-0040060,Marshall Lang,TE,MIN,2500,43728419,0.0,0.0,1.0,1.0635029845472972,0.0,GB,23.83,46.06,0.0,0.0,0.0,statline_mc,0.0,0.0,0.0,0.0,0.0,0.0,0.0,0.0,0.0,0.0,0.0,0.0,0.0,0.0,0.0,,13.063184504445891,0.0,0.0,,classic,True
00-0041195,Jack Velling,TE,ATL,2500,43728315,0.0,0.0,1.0,0.7662755453074735,0.0,PIT,17.17,40.78,0.0,0.0,0.0,statline_mc,0.0,0.0,0.0,0.0,0.0,0.0,0.0,0.0,0.0,0.0,0.0,0.0,0.0,0.0,0.0,,7.371912952721752,0.0,0.0,,classic,True
00-0040504,Bryson Nesbit,TE,MIN,2500,43728417,0.0,0.0,1.0,1.0635029845472972,0.0,GB,23.83,46.06,0.0,0.0,0.0,statline_mc,0.0,0.0,0.0,0.0,0.0,0.0,0.0,0.0,0.0,0.0,0.0,0.0,0.0,0.0,0.0,,13.063184504445891,0.0,0.0,,classic,True
00-0040075,LaJohntay Wester,WR,BAL,3000,43728199,0.0,0.0,1.0,1.1407107127582423,0.0,IND,25.56,48.17,14.0,1.0,0.0,statline_mc,0.0,0.0,0.0,0.0,0.0,0.0,0.0,0.0,0.0,0.0,0.0,0.0,0.0,0.0,-0.1,,45.76323102185171,0.0,0.0,,classic,True
00-0041233,Raylen Sharpe,WR,IND,3000,43727989,0.0,0.0,1.0,1.0090559160979602,0.0,BAL,22.61,48.17,0.0,0.0,0.0,statline_mc,0.0,0.0,0.0,0.0,0.0,0.0,0.0,0.0,0.0,0.0,0.0,0.0,0.0,0.0,0.0,,13.718998673740055,0.0,0.0,,classic,True
00-0041220,Michael Wortham,WR,JAX,3000,43728195,0.0,0.0,1.0,1.0898339438793538,0.0,CLE,24.42,40.11,0.0,0.0,0.0,statline_mc,0.0,0.0,0.0,0.0,0.0,0.0,0.0,0.0,0.0,0.0,0.0,0.0,0.0,0.0,0.0,,11.647159593280282,0.0,0.0,,classic,True
00-0035500,Greg Dortch,WR,BUF,3400,43727785,0.0,0.0,1.0,1.017981665024081,0.0,HOU,22.81,44.5,12.0,0.0,0.0,statline_mc,0.0,0.0,0.0,0.0,0.0,0.0,0.0,0.0,0.0,0.0,0.0,0.0,0.0,0.0,6.3,,12.442542550839967,0.0,0.0,,classic,True
00-0041132,Deion Burks,WR,IND,3500,43727775,0.0,0.0,1.0,1.0090559160979602,0.0,BAL,22.61,48.17,0.0,0.0,0.0,statline_mc,0.0,0.0,0.0,0.0,0.0,0.0,0.0,0.0,0.0,0.0,0.0,0.0,0.0,0.0,0.0,,14.103614058355438,0.0,0.0,,classic,True
00-0040998,Roman Hemby,RB,LV,4100,43727459,0.0,0.0,1.0,0.9679974710378043,0.0,MIA,21.69,40.39,0.0,0.0,0.0,statline_mc,0.0,0.0,0.0,0.0,0.0,0.0,0.0,0.0,0.0,0.0,0.0,0.0,0.0,0.0,0.0,,7.359655847411865,0.0,0.0,,classic,True
00-0041051,Zavion Thomas,WR,CHI,3600,43727763,0.0,0.0,1.0,1.1130408910872678,0.0,CAR,24.94,46.94,0.0,0.0,0.0,statline_mc,0.0,0.0,0.0,0.0,0.0,0.0,0.0,0.0,0.0,0.0,0.0,0.0,0.0,0.0,0.0,,15.109319739168875,0.0,0.0,,classic,True
00-0041511,Omar Cooper Jr.,WR,NYJ,4100,43727731,0.0,0.0,1.0,0.8555330345686819,0.0,TEN,19.17,39.22,0.0,0.0,0.0,statline_mc,0.0,0.0,0.0,0.0,0.0,0.0,0.0,0.0,0.0,0.0,0.0,0.0,0.0,0.0,0.0,,8.983173076923078,0.0,0.0,,classic,True
00-0038977,Tank Dell,WR,HOU,3700,43727751,0.0,0.0,1.0,0.9679974710378043,0.0,BUF,21.69,44.5,0.0,0.0,0.0,statline_mc,0.0,0.0,0.0,0.0,0.0,0.0,0.0,0.0,0.0,0.0,0.0,0.0,0.0,0.0,0.0,,11.761397546419099,0.0,0.0,,classic,True
00-0033662,Cooper Rush,QB,ATL,4000,43727271,0.0,0.0,1.0,0.7662755453074735,0.0,PIT,17.17,40.78,4.0,0.0,0.0,statline_mc,0.0,0.0,0.0,0.0,0.0,0.0,0.0,0.0,0.0,0.0,0.0,0.0,0.0,0.0,1.7,,4.530959880636605,0.0,0.0,,classic,True
00-0041044,Zachariah Branch,WR,ATL,3800,43727745,0.0,0.0,1.0,0.7662755453074735,0.0,PIT,17.17,40.78,0.0,0.0,0.0,statline_mc,0.0,0.0,0.0,0.0,0.0,0.0,0.0,0.0,0.0,0.0,0.0,0.0,0.0,0.0,0.0,,8.768139367816092,0.0,0.0,,classic,True
00-0041489,Germie Bernard,WR,PIT,3900,43727743,0.0,0.0,1.0,1.0536846607285644,0.0,ATL,23.61,40.78,0.0,0.0,0.0,statline_mc,0.0,0.0,0.0,0.0,0.0,0.0,0.0,0.0,0.0,0.0,0.0,0.0,0.0,0.0,0.0,,12.967741489832008,0.0,0.0,,classic,True
00-0035924,Jonathan Ward,RB,BAL,4000,44034612,0.0,0.0,1.0,1.1407107127582423,0.0,IND,25.56,48.17,0.0,0.0,0.0,statline_mc,0.0,0.0,0.0,0.0,0.0,0.0,0.0,0.0,0.0,0.0,0.0,0.0,0.0,0.0,0.0,,15.631267839234745,0.0,0.0,,classic,True
00-0035567,Craig Reynolds,RB,WAS,4000,44034610,0.0,0.0,1.0,0.8541941722297637,0.0,PHI,19.14,44.17,5.0,0.0,0.0,statline_mc,0.0,0.0,0.0,0.0,0.0,0.0,0.0,0.0,0.0,0.0,0.0,0.0,0.0,0.0,0.1,,8.814816689809456,0.0,0.0,,classic,True
00-0040692,Jarquez Hunter,RB,MIA,4000,44034602,0.0,0.0,1.0,0.8341112371459919,0.0,LV,18.69,40.39,0.0,0.0,0.0,statline_mc,0.0,0.0,0.0,0.0,0.0,0.0,0.0,0.0,0.0,0.0,0.0,0.0,0.0,0.0,0.0,,7.32631094268302,0.0,0.0,,classic,True
00-0040637,Lucas Scott,RB,BAL,4000,43727629,0.0,0.0,1.0,1.1407107127582423,0.0,IND,25.56,48.17,0.0,0.0,0.0,statline_mc,0.0,0.0,0.0,0.0,0.0,0.0,0.0,0.0,0.0,0.0,0.0,0.0,0.0,0.0,0.0,,15.631267839234745,0.0,0.0,,classic,True
00-0040991,Elijah Tau-Tolliver,RB,BAL,4000,43727627,0.0,0.0,1.0,1.1407107127582423,0.0,IND,25.56,48.17,0.0,0.0,0.0,statline_mc,0.0,0.0,0.0,0.0,0.0,0.0,0.0,0.0,0.0,0.0,0.0,0.0,0.0,0.0,0.0,,15.631267839234745,0.0,0.0,,classic,True
00-0040984,Dontae McMillan,RB,BAL,4000,43727625,0.0,0.0,1.0,1.1407107127582423,0.0,IND,25.56,48.17,0.0,0.0,0.0,statline_mc,0.0,0.0,0.0,0.0,0.0,0.0,0.0,0.0,0.0,0.0,0.0,0.0,0.0,0.0,0.0,,15.631267839234745,0.0,0.0,,classic,True
00-0040888,Adam Randall,RB,BAL,4000,43727623,0.0,0.0,1.0,1.1407107127582423,0.0,IND,25.56,48.17,0.0,0.0,0.0,statline_mc,0.0,0.0,0.0,0.0,0.0,0.0,0.0,0.0,0.0,0.0,0.0,0.0,0.0,0.0,0.0,,15.631267839234745,0.0,0.0,,classic,True
00-0041217,J'Mari Taylor,RB,JAX,4000,43727621,0.0,0.0,1.0,1.0898339438793538,0.0,CLE,24.42,40.11,0.0,0.0,0.0,statline_mc,0.0,0.0,0.0,0.0,0.0,0.0,0.0,0.0,0.0,0.0,0.0,0.0,0.0,0.0,0.0,,11.261296574866927,0.0,0.0,,classic,True
00-0041485,Miles Davis,RB,CAR,4000,43727615,0.0,0.0,1.0,0.9818323818732916,0.0,CHI,22.0,46.94,0.0,0.0,0.0,statline_mc,0.0,0.0,0.0,0.0,0.0,0.0,0.0,0.0,0.0,0.0,0.0,0.0,0.0,0.0,0.0,,11.893660080614053,0.0,0.0,,classic,True
00-0039355,Luke McCaffrey,WR,WAS,3500,43727781,0.0,0.0,1.0,0.8541941722297637,0.0,PHI,19.14,44.17,9.0,0.0,0.0,statline_mc,0.0,0.0,0.0,0.0,0.0,0.0,0.0,0.0,0.0,0.0,0.0,0.0,0.0,0.0,5.7,,9.585295092838196,0.0,0.0,,classic,True
00-0040718,Travis Hunter,WR,JAX,3400,43727791,0.0,0.0,1.0,1.0898339438793538,0.0,CLE,24.42,40.11,0.0,0.0,0.0,statline_mc,0.0,0.0,0.0,0.0,0.0,0.0,0.0,0.0,0.0,0.0,0.0,0.0,0.0,0.0,9.5,,11.820236516357205,0.0,0.0,,classic,True
00-0041178,Robert Henry Jr.,RB,WAS,4000,43727609,0.0,0.0,1.0,0.8541941722297637,0.0,PHI,19.14,44.17,0.0,0.0,0.0,statline_mc,0.0,0.0,0.0,0.0,0.0,0.0,0.0,0.0,0.0,0.0,0.0,0.0,0.0,0.0,0.0,,8.814816689809456,0.0,0.0,,classic,True
00-0040876,Elijah Sarratt,WR,BAL,3400,43727793,0.0,0.0,1.0,1.1407107127582423,0.0,IND,25.56,48.17,0.0,0.0,0.0,statline_mc,0.0,0.0,0.0,0.0,0.0,0.0,0.0,0.0,0.0,0.0,0.0,0.0,0.0,0.0,0.0,,16.190207780725025,0.0,0.0,,classic,True
00-0040049,Josh Kelly,WR,HOU,3000,43727875,0.0,0.0,1.0,0.9679974710378043,0.0,BUF,21.69,44.5,0.0,0.0,0.0,statline_mc,0.0,0.0,0.0,0.0,0.0,0.0,0.0,0.0,0.0,0.0,0.0,0.0,0.0,0.0,0.0,,10.992166777188329,0.0,0.0,,classic,True
00-0041467,Lewis Bond,WR,HOU,3000,43727871,0.0,0.0,1.0,0.9679974710378043,0.0,BUF,21.69,44.5,0.0,0.0,0.0,statline_mc,0.0,0.0,0.0,0.0,0.0,0.0,0.0,0.0,0.0,0.0,0.0,0.0,0.0,0.0,0.0,,10.992166777188329,0.0,0.0,,classic,True
00-0041272,Ja'Mori Maclin,WR,BUF,3000,43727867,0.0,0.0,1.0,1.017981665024081,0.0,HOU,22.81,44.5,0.0,0.0,0.0,statline_mc,0.0,0.0,0.0,0.0,0.0,0.0,0.0,0.0,0.0,0.0,0.0,0.0,0.0,0.0,0.0,,12.269465627763042,0.0,0.0,,classic,True
00-0041274,Max Tomczak,WR,BUF,3000,43727865,0.0,0.0,1.0,1.017981665024081,0.0,HOU,22.81,44.5,0.0,0.0,0.0,statline_mc,0.0,0.0,0.0,0.0,0.0,0.0,0.0,0.0,0.0,0.0,0.0,0.0,0.0,0.0,0.0,,12.269465627763042,0.0,0.0,,classic,True
00-0040361,Stephen Gosnell,WR,BUF,3000,43727861,0.0,0.0,1.0,1.017981665024081,0.0,HOU,22.81,44.5,0.0,0.0,0.0,statline_mc,0.0,0.0,0.0,0.0,0.0,0.0,0.0,0.0,0.0,0.0,0.0,0.0,0.0,0.0,0.0,,12.269465627763042,0.0,0.0,,classic,True
00-0041266,Keelan Marion,WR,ATL,3000,43727851,0.0,0.0,1.0,0.7662755453074735,0.0,PIT,17.17,40.78,0.0,0.0,0.0,statline_mc,0.0,0.0,0.0,0.0,0.0,0.0,0.0,0.0,0.0,0.0,0.0,0.0,0.0,0.0,0.0,,7.864293213969938,0.0,0.0,,classic,True
00-0040438,Antwane Wells Jr.,WR,ATL,3000,43727847,0.0,0.0,1.0,0.7662755453074735,0.0,PIT,17.17,40.78,0.0,0.0,0.0,statline_mc,0.0,0.0,0.0,0.0,0.0,0.0,0.0,0.0,0.0,0.0,0.0,0.0,0.0,0.0,0.0,,7.864293213969938,0.0,0.0,,classic,True
00-0041185,Vinny Anthony II,WR,ATL,3000,43727843,0.0,0.0,1.0,0.7662755453074735,0.0,PIT,17.17,40.78,0.0,0.0,0.0,statline_mc,0.0,0.0,0.0,0.0,0.0,0.0,0.0,0.0,0.0,0.0,0.0,0.0,0.0,0.0,0.0,,7.864293213969938,0.0,0.0,,classic,True
00-0039921,Trey Benson,RB,ARI,4400,43727437,0.0,0.0,1.0,0.8466072856425609,0.0,LAC,18.97,47.17,4.0,0.0,0.0,statline_mc,0.0,0.0,0.0,0.0,0.0,0.0,0.0,0.0,0.0,0.0,0.0,0.0,0.0,0.0,8.9,,9.208593689732314,0.0,0.0,,classic,True
00-0041483,Eli Stowers,TE,PHI,3100,43728265,0.0,0.0,1.0,1.1170574781040223,0.0,WAS,25.03,44.17,0.0,0.0,0.0,statline_mc,0.0,0.0,0.0,0.0,0.0,0.0,0.0,0.0,0.0,0.0,0.0,0.0,0.0,0.0,0.0,,14.98615403383214,0.0,0.0,,classic,True
00-0040870,Ja'Kobi Lane,WR,BAL,3100,43727839,0.0,0.0,1.0,1.1407107127582423,0.0,IND,25.56,48.17,0.0,0.0,0.0,statline_mc,0.0,0.0,0.0,0.0,0.0,0.0,0.0,0.0,0.0,0.0,0.0,0.0,0.0,0.0,0.0,,15.382515473032717,0.0,0.0,,classic,True
00-0039739,Roman Wilson,WR,PIT,3100,43727833,0.0,0.0,1.0,1.0536846607285644,0.0,ATL,23.61,40.78,9.0,0.0,0.0,statline_mc,0.0,0.0,0.0,0.0,0.0,0.0,0.0,0.0,0.0,0.0,0.0,0.0,0.0,0.0,3.0,,11.333126105216623,0.0,0.0,,classic,True
00-0040894,Malik Benson,WR,LV,3100,43727827,0.0,0.0,1.0,0.9679974710378043,0.0,MIA,21.69,40.39,0.0,0.0,0.0,statline_mc,0.0,0.0,0.0,0.0,0.0,0.0,0.0,0.0,0.0,0.0,0.0,0.0,0.0,0.0,0.0,,9.048822944297083,0.0,0.0,,classic,True
00-0041069,Colbie Young,WR,CIN,3100,43727825,0.0,0.0,1.0,1.2076538297041486,0.0,TB,27.06,50.44,0.0,0.0,0.0,statline_mc,0.0,0.0,0.0,0.0,0.0,0.0,0.0,0.0,0.0,0.0,0.0,0.0,0.0,0.0,0.0,,16.59318357648099,0.0,0.0,,classic,True
00-0041443,Skyler Bell,WR,BUF,3100,43727821,0.0,0.0,1.0,1.017981665024081,0.0,HOU,22.81,44.5,0.0,0.0,0.0,statline_mc,0.0,0.0,0.0,0.0,0.0,0.0,0.0,0.0,0.0,0.0,0.0,0.0,0.0,0.0,0.0,,11.634850243147657,0.0,0.0,,classic,True
00-0041550,Brenen Thompson,WR,LAC,3300,43727803,0.0,0.0,1.0,1.2580843111367315,0.0,ARI,28.19,47.17,0.0,0.0,0.0,statline_mc,0.0,0.0,0.0,0.0,0.0,0.0,0.0,0.0,0.0,0.0,0.0,0.0,0.0,0.0,0.0,,16.115329354553495,0.0,0.0,,classic,True
00-0034975,Justice Hill,RB,BAL,4200,43727449,0.0,0.0,1.0,1.1407107127582423,0.0,IND,25.56,48.17,10.0,0.0,0.0,statline_mc,0.0,0.0,0.0,0.0,0.0,0.0,0.0,0.0,0.0,0.0,0.0,0.0,0.0,0.0,6.5,,14.010462470107226,0.0,0.0,,classic,True
00-0040394,Anthony Tyus III,RB,CAR,4000,43727613,0.0,0.0,1.0,0.9818323818732916,0.0,CHI,22.0,46.94,0.0,0.0,0.0,statline_mc,0.0,0.0,0.0,0.0,0.0,0.0,0.0,0.0,0.0,0.0,0.0,0.0,0.0,0.0,0.0,,11.893660080614053,0.0,0.0,,classic,True
00-0038614,Scott Matlock,RB,LAC,4000,43727603,0.0,0.0,1.0,1.2580843111367315,0.0,ARI,28.19,47.17,0.0,0.0,0.0,statline_mc,0.0,0.0,0.0,0.0,0.0,0.0,0.0,0.0,0.0,0.0,0.0,0.0,0.0,0.0,0.7,,15.787158643832445,0.0,0.0,,classic,True
00-0041216,Trebor Pena,WR,JAX,3000,43728193,0.0,0.0,1.0,1.0898339438793538,0.0,CLE,24.42,40.11,0.0,0.0,0.0,statline_mc,0.0,0.0,0.0,0.0,0.0,0.0,0.0,0.0,0.0,0.0,0.0,0.0,0.0,0.0,0.0,,11.647159593280282,0.0,0.0,,classic,True
00-0038896,Jacob Saylors,RB,DET,4000,43727517,0.0,0.0,1.0,1.2670100600628522,0.0,NO,28.39,49.83,11.0,0.4,0.0,statline_mc,0.0,0.0,0.0,0.0,0.0,0.0,0.0,0.0,0.0,0.0,0.0,0.0,0.0,0.0,0.1,,29.600681748052146,0.0,0.0,,classic,True
00-0031595,Michael Burton,RB,CLE,4000,43727513,0.0,0.0,1.0,0.7002250032541792,0.0,JAX,15.69,40.11,0.0,0.0,0.0,statline_mc,0.0,0.0,0.0,0.0,0.0,0.0,0.0,0.0,0.0,0.0,0.0,0.0,0.0,0.0,0.0,,6.318049448430146,0.0,0.0,,classic,True
00-0041277,Davon Booth,RB,IND,4000,43727509,0.0,0.0,1.0,1.0090559160979602,0.0,BAL,22.61,48.17,0.0,0.0,0.0,statline_mc,0.0,0.0,0.0,0.0,0.0,0.0,0.0,0.0,0.0,0.0,0.0,0.0,0.0,0.0,0.0,,13.333135655326696,0.0,0.0,,classic,True
00-0040260,Ahmani Marshall,RB,CLE,4000,43727507,0.0,0.0,1.0,0.7002250032541792,0.0,JAX,15.69,40.11,0.0,0.0,0.0,statline_mc,0.0,0.0,0.0,0.0,0.0,0.0,0.0,0.0,0.0,0.0,0.0,0.0,0.0,0.0,0.0,,6.318049448430146,0.0,0.0,,classic,True
00-0041244,Jamal Haynes,RB,CIN,4000,43727503,0.0,0.0,1.0,1.2076538297041486,0.0,TB,27.06,50.44,0.0,0.0,0.0,statline_mc,0.0,0.0,0.0,0.0,0.0,0.0,0.0,0.0,0.0,0.0,0.0,0.0,0.0,0.0,0.0,,16.841935942683016,0.0,0.0,,classic,True
00-0041241,Kentrel Bullock,RB,CIN,4000,43727501,0.0,0.0,1.0,1.2076538297041486,0.0,TB,27.06,50.44,0.0,0.0,0.0,statline_mc,0.0,0.0,0.0,0.0,0.0,0.0,0.0,0.0,0.0,0.0,0.0,0.0,0.0,0.0,0.0,,16.841935942683016,0.0,0.0,,classic,True
00-0041165,Coleman Bennett,RB,MIA,4000,43727495,0.0,0.0,1.0,0.8341112371459919,0.0,LV,18.69,40.39,0.0,0.0,0.0,statline_mc,0.0,0.0,0.0,0.0,0.0,0.0,0.0,0.0,0.0,0.0,0.0,0.0,0.0,0.0,0.0,,7.32631094268302,0.0,0.0,,classic,True
00-0036020,Salvon Ahmed,RB,CHI,4000,43727493,0.0,0.0,1.0,1.1130408910872678,0.0,CAR,24.94,46.94,0.0,0.0,0.0,statline_mc,0.0,0.0,0.0,0.0,0.0,0.0,0.0,0.0,0.0,0.0,0.0,0.0,0.0,0.0,0.0,,14.146533643832443,0.0,0.0,,classic,True
00-0039021,Roschon Johnson,RB,CHI,4000,43727489,0.0,0.0,1.0,1.1130408910872678,0.0,CAR,24.94,46.94,6.0,0.0,0.0,statline_mc,0.0,0.0,0.0,0.0,0.0,0.0,0.0,0.0,0.0,0.0,0.0,0.0,0.0,0.0,0.2,,14.146533643832443,0.0,0.0,,classic,True
00-0041312,Noah Whittington,RB,HOU,4000,43727483,0.0,0.0,1.0,0.9679974710378043,0.0,BUF,21.69,44.5,0.0,0.0,0.0,statline_mc,0.0,0.0,0.0,0.0,0.0,0.0,0.0,0.0,0.0,0.0,0.0,0.0,0.0,0.0,0.0,,10.606303758774974,0.0,0.0,,classic,True
00-0038489,Ben VanSumeren,RB,BUF,4000,43727479,0.0,0.0,1.0,1.017981665024081,0.0,HOU,22.81,44.5,0.0,0.0,0.0,statline_mc,0.0,0.0,0.0,0.0,0.0,0.0,0.0,0.0,0.0,0.0,0.0,0.0,0.0,0.0,0.0,,11.883602609349687,0.0,0.0,,classic,True
00-0039466,Ian Wheeler,RB,BUF,4000,43727475,0.0,0.0,1.0,1.017981665024081,0.0,HOU,22.81,44.5,0.0,0.0,0.0,statline_mc,0.0,0.0,0.0,0.0,0.0,0.0,0.0,0.0,0.0,0.0,0.0,0.0,0.0,0.0,0.0,,11.883602609349687,0.0,0.0,,classic,True
00-0039471,Frank Gore Jr.,RB,BUF,4000,43727473,0.0,0.0,1.0,1.017981665024081,0.0,HOU,22.81,44.5,0.0,0.0,0.0,statline_mc,0.0,0.0,0.0,0.0,0.0,0.0,0.0,0.0,0.0,0.0,0.0,0.0,0.0,0.0,0.8,,11.883602609349687,0.0,0.0,,classic,True
00-0041191,Cash Jones,RB,ATL,4000,43727471,0.0,0.0,1.0,0.7662755453074735,0.0,PIT,17.17,40.78,0.0,0.0,0.0,statline_mc,0.0,0.0,0.0,0.0,0.0,0.0,0.0,0.0,0.0,0.0,0.0,0.0,0.0,0.0,0.0,,7.478430195556583,0.0,0.0,,classic,True
00-0035100,Jake Browning,QB,TB,4000,43727314,0.0,0.0,1.0,1.0438663369098313,0.0,CIN,23.39,50.44,5.0,0.0,0.0,statline_mc,0.0,0.0,0.0,0.0,0.0,0.0,0.0,0.0,0.0,0.0,0.0,0.0,0.0,0.0,11.3,,11.862856432360742,0.0,0.0,,classic,True
00-0034771,Mason Rudolph,QB,PIT,4000,43727309,0.0,0.0,1.0,1.0536846607285644,0.0,ATL,23.61,40.78,5.0,0.0,0.0,statline_mc,0.0,0.0,0.0,0.0,0.0,0.0,0.0,0.0,0.0,0.0,0.0,0.0,0.0,0.0,3.0,,8.634408156498676,0.0,0.0,,classic,True
00-0027973,Andy Dalton,QB,PHI,4000,43727305,0.0,0.0,1.0,1.1170574781040223,0.0,WAS,25.03,44.17,4.0,0.0,0.0,statline_mc,0.0,0.0,0.0,0.0,0.0,0.0,0.0,0.0,0.0,0.0,0.0,0.0,0.0,0.0,3.1,,10.197087754199824,0.0,0.0,,classic,True
00-0032950,Carson Wentz,QB,MIN,4000,43727297,0.0,0.0,1.0,1.0635029845472972,0.0,GB,23.83,46.06,5.0,0.0,0.0,statline_mc,0.0,0.0,0.0,0.0,0.0,0.0,0.0,0.0,0.0,0.0,0.0,0.0,0.0,0.0,16.3,,10.222231432360742,0.0,0.0,,classic,True
00-0039364,Sione Vaki,RB,DET,4000,43727515,0.0,0.0,1.0,1.2670100600628522,0.0,NO,28.39,49.83,8.0,0.8,0.0,statline_mc,0.0,0.0,0.0,0.0,0.0,0.0,0.0,0.0,0.0,0.0,0.0,0.0,0.0,0.0,0.0,,42.21736577181208,0.0,0.0,,classic,True
00-0039652,Jabari Small,RB,DET,4000,43727519,0.0,0.0,1.0,1.2670100600628522,0.0,NO,28.39,49.83,0.0,0.0,0.0,statline_mc,0.0,0.0,0.0,0.0,0.0,0.0,0.0,0.0,0.0,0.0,0.0,0.0,0.0,0.0,0.0,,16.983997724292212,0.0,0.0,,classic,True
00-0035125,Alec Ingold,RB,LAC,4000,43727601,0.0,0.0,1.0,1.2580843111367315,0.0,ARI,28.19,47.17,0.0,0.0,0.0,statline_mc,0.0,0.0,0.0,0.0,0.0,0.0,0.0,0.0,0.0,0.0,0.0,0.0,0.0,0.0,0.8,,15.787158643832445,0.0,0.0,,classic,True
00-0038098,Pierre Strong Jr.,RB,GB,4000,43727523,0.0,0.0,1.0,0.9916507056920244,0.0,MIN,22.22,46.06,0.0,0.0,0.0,statline_mc,0.0,0.0,0.0,0.0,0.0,0.0,0.0,0.0,0.0,0.0,0.0,0.0,0.0,0.0,0.0,,11.746569563372676,0.0,0.0,,classic,True
00-0041376,Gregory Desrosiers,RB,LAC,4000,43727599,0.0,0.0,1.0,1.2580843111367315,0.0,ARI,28.19,47.17,0.0,0.0,0.0,statline_mc,0.0,0.0,0.0,0.0,0.0,0.0,0.0,0.0,0.0,0.0,0.0,0.0,0.0,0.0,0.0,,15.787158643832445,0.0,0.0,,classic,True
00-0041398,Riley Nowakowski,RB,PIT,4000,43727593,0.0,0.0,1.0,1.0536846607285644,0.0,ATL,23.61,40.78,0.0,0.0,0.0,statline_mc,0.0,0.0,0.0,0.0,0.0,0.0,0.0,0.0,0.0,0.0,0.0,0.0,0.0,0.0,0.0,,11.581878471418651,0.0,0.0,,classic,True
00-0041490,Eli Heidenreich,RB,PIT,4000,43727587,0.0,0.0,1.0,1.0536846607285644,0.0,ATL,23.61,40.78,0.0,0.0,0.0,statline_mc,0.0,0.0,0.0,0.0,0.0,0.0,0.0,0.0,0.0,0.0,0.0,0.0,0.0,0.0,0.0,,11.581878471418651,0.0,0.0,,classic,True
00-0039325,Carson Steele,RB,PHI,4000,43727581,0.0,0.0,1.0,1.1170574781040223,0.0,WAS,25.03,44.17,0.0,0.0,0.0,statline_mc,0.0,0.0,0.0,0.0,0.0,0.0,0.0,0.0,0.0,0.0,0.0,0.0,0.0,0.0,0.0,,13.1445580691198,0.0,0.0,,classic,True
00-0034959,Andrew Beck,RB,NYJ,4000,43727575,0.0,0.0,1.0,0.8555330345686819,0.0,TEN,19.17,39.22,0.0,0.0,0.0,statline_mc,0.0,0.0,0.0,0.0,0.0,0.0,0.0,0.0,0.0,0.0,0.0,0.0,0.0,0.0,1.4,,7.366540827740492,0.0,0.0,,classic,True
00-0041239,Chip Trayanum,RB,NYJ,4000,43727573,0.0,0.0,1.0,0.8555330345686819,0.0,TEN,19.17,39.22,0.0,0.0,0.0,statline_mc,0.0,0.0,0.0,0.0,0.0,0.0,0.0,0.0,0.0,0.0,0.0,0.0,0.0,0.0,0.0,,7.366540827740492,0.0,0.0,,classic,True
00-0041326,CJ Donaldson,RB,NO,4000,43727567,0.0,0.0,1.0,0.9568402848801533,0.0,DET,21.44,49.83,0.0,0.0,0.0,statline_mc,0.0,0.0,0.0,0.0,0.0,0.0,0.0,0.0,0.0,0.0,0.0,0.0,0.0,0.0,0.0,,12.312302321993364,0.0,0.0,,classic,True
00-0038551,Kendre Miller,RB,NO,4000,43727561,0.0,0.0,1.0,0.9568402848801533,0.0,DET,21.44,49.83,7.0,0.0,0.0,statline_mc,0.0,0.0,0.0,0.0,0.0,0.0,0.0,0.0,0.0,0.0,0.0,0.0,0.0,0.0,4.8,,12.312302321993364,0.0,0.0,,classic,True
00-0041081,Max Bredeson,RB,MIN,4000,43727559,0.0,0.0,1.0,1.0635029845472972,0.0,GB,23.83,46.06,0.0,0.0,0.0,statline_mc,0.0,0.0,0.0,0.0,0.0,0.0,0.0,0.0,0.0,0.0,0.0,0.0,0.0,0.0,0.0,,13.16970174728072,0.0,0.0,,classic,True
00-0041436,DJ Herman,RB,MIA,4000,43727551,0.0,0.0,1.0,0.8341112371459919,0.0,LV,18.69,40.39,0.0,0.0,0.0,statline_mc,0.0,0.0,0.0,0.0,0.0,0.0,0.0,0.0,0.0,0.0,0.0,0.0,0.0,0.0,0.0,,7.32631094268302,0.0,0.0,,classic,True
00-0038930,Carlos Washington Jr.,RB,MIA,4000,43727547,0.0,0.0,1.0,0.8341112371459919,0.0,LV,18.69,40.39,0.0,0.0,0.0,statline_mc,0.0,0.0,0.0,0.0,0.0,0.0,0.0,0.0,0.0,0.0,0.0,0.0,0.0,0.0,0.0,,7.32631094268302,0.0,0.0,,classic,True
00-0040400,Donovan Edwards,RB,MIA,4000,43727545,0.0,0.0,1.0,0.8341112371459919,0.0,LV,18.69,40.39,0.0,0.0,0.0,statline_mc,0.0,0.0,0.0,0.0,0.0,0.0,0.0,0.0,0.0,0.0,0.0,0.0,0.0,0.0,0.0,,7.32631094268302,0.0,0.0,,classic,True
00-0037304,Connor Heyward,RB,LV,4000,43727543,0.0,0.0,1.0,0.9679974710378043,0.0,MIA,21.69,40.39,0.0,0.0,0.0,statline_mc,0.0,0.0,0.0,0.0,0.0,0.0,0.0,0.0,0.0,0.0,0.0,0.0,0.0,0.0,1.5,,9.297575310499113,0.0,0.0,,classic,True
00-0039244,Chris Collier,RB,LV,4000,43727541,0.0,0.0,1.0,0.9679974710378043,0.0,MIA,21.69,40.39,0.0,0.0,0.0,statline_mc,0.0,0.0,0.0,0.0,0.0,0.0,0.0,0.0,0.0,0.0,0.0,0.0,0.0,0.0,0.0,,9.297575310499113,0.0,0.0,,classic,True
00-0041486,Anderson Castle,RB,IND,4000,43727537,0.0,0.0,1.0,1.0090559160979602,0.0,BAL,22.61,48.17,0.0,0.0,0.0,statline_mc,0.0,0.0,0.0,0.0,0.0,0.0,0.0,0.0,0.0,0.0,0.0,0.0,0.0,0.0,0.0,,13.333135655326696,0.0,0.0,,classic,True
00-0040946,Jaden Nixon,RB,GB,4000,43727527,0.0,0.0,1.0,0.9916507056920244,0.0,MIN,22.22,46.06,0.0,0.0,0.0,statline_mc,0.0,0.0,0.0,0.0,0.0,0.0,0.0,0.0,0.0,0.0,0.0,0.0,0.0,0.0,0.0,,11.746569563372676,0.0,0.0,,classic,True
00-0040651,Damien Martinez,RB,GB,4000,43727525,0.0,0.0,1.0,0.9916507056920244,0.0,MIN,22.22,46.06,0.0,0.0,0.0,statline_mc,0.0,0.0,0.0,0.0,0.0,0.0,0.0,0.0,0.0,0.0,0.0,0.0,0.0,0.0,0.0,,11.746569563372676,0.0,0.0,,classic,True
00-0041308,Treyvhon Saunders,WR,HOU,3000,43727879,0.0,0.0,1.0,0.9679974710378043,0.0,BUF,21.69,44.5,0.0,0.0,0.0,statline_mc,0.0,0.0,0.0,0.0,0.0,0.0,0.0,0.0,0.0,0.0,0.0,0.0,0.0,0.0,0.0,,10.992166777188329,0.0,0.0,,classic,True
00-0041309,Daniel Sobkowicz,WR,HOU,3000,43727881,0.0,0.0,1.0,0.9679974710378043,0.0,BUF,21.69,44.5,0.0,0.0,0.0,statline_mc,0.0,0.0,0.0,0.0,0.0,0.0,0.0,0.0,0.0,0.0,0.0,0.0,0.0,0.0,0.0,,10.992166777188329,0.0,0.0,,classic,True
00-0039392,Jha'Quan Jackson,WR,TB,3000,43727883,0.0,0.0,1.0,1.0438663369098313,0.0,CIN,23.39,50.44,0.0,0.0,0.0,statline_mc,0.0,0.0,0.0,0.0,0.0,0.0,0.0,0.0,0.0,0.0,0.0,0.0,0.0,0.0,0.0,,15.196189765694076,0.0,0.0,,classic,True
00-0039626,Cole Burgess,WR,PIT,3000,43728115,0.0,0.0,1.0,1.0536846607285644,0.0,ATL,23.61,40.78,0.0,0.0,0.0,statline_mc,0.0,0.0,0.0,0.0,0.0,0.0,0.0,0.0,0.0,0.0,0.0,0.0,0.0,0.0,0.0,,11.967741489832006,0.0,0.0,,classic,True
00-0041397,Kaden Wetjen,WR,PIT,3000,43728111,0.0,0.0,1.0,1.0536846607285644,0.0,ATL,23.61,40.78,0.0,0.0,0.0,statline_mc,0.0,0.0,0.0,0.0,0.0,0.0,0.0,0.0,0.0,0.0,0.0,0.0,0.0,0.0,0.0,,11.967741489832006,0.0,0.0,,classic,True
00-0041368,Harrison Wallace III,WR,ARI,3000,43728105,0.0,0.0,1.0,0.8466072856425609,0.0,LAC,18.97,47.17,0.0,0.0,0.0,statline_mc,0.0,0.0,0.0,0.0,0.0,0.0,0.0,0.0,0.0,0.0,0.0,0.0,0.0,0.0,0.0,,10.61626878868258,0.0,0.0,,classic,True
00-0039397,Tejhaun Palmer,WR,ARI,3000,43728103,0.0,0.0,1.0,0.8466072856425609,0.0,LAC,18.97,47.17,0.0,0.0,0.0,statline_mc,0.0,0.0,0.0,0.0,0.0,0.0,0.0,0.0,0.0,0.0,0.0,0.0,0.0,0.0,0.0,,10.61626878868258,0.0,0.0,,classic,True
00-0036646,Simi Fehoko,WR,ARI,3000,43728099,0.0,0.0,1.0,0.8466072856425609,0.0,LAC,18.97,47.17,7.0,0.0,0.0,statline_mc,0.0,0.0,0.0,0.0,0.0,0.0,0.0,0.0,0.0,0.0,0.0,0.0,0.0,0.0,0.0,,10.61626878868258,0.0,0.0,,classic,True
00-0041070,Reggie Virgil,WR,ARI,3000,43728095,0.0,0.0,1.0,0.8466072856425609,0.0,LAC,18.97,47.17,0.0,0.0,0.0,statline_mc,0.0,0.0,0.0,0.0,0.0,0.0,0.0,0.0,0.0,0.0,0.0,0.0,0.0,0.0,0.0,,10.61626878868258,0.0,0.0,,classic,True
00-0038092,Erik Ezukanma,WR,PHI,3000,43728093,0.0,0.0,1.0,1.1170574781040223,0.0,WAS,25.03,44.17,0.0,0.0,0.0,statline_mc,0.0,0.0,0.0,0.0,0.0,0.0,0.0,0.0,0.0,0.0,0.0,0.0,0.0,0.0,0.0,,13.530421087533158,0.0,0.0,,classic,True
00-0037828,Danny Gray,WR,PHI,3000,43728091,0.0,0.0,1.0,1.1170574781040223,0.0,WAS,25.03,44.17,0.0,0.0,0.0,statline_mc,0.0,0.0,0.0,0.0,0.0,0.0,0.0,0.0,0.0,0.0,0.0,0.0,0.0,0.0,0.0,,13.530421087533158,0.0,0.0,,classic,True
00-0039236,Johnny Wilson,WR,PHI,3000,43728081,0.0,0.0,1.0,1.1170574781040223,0.0,WAS,25.03,44.17,0.0,0.0,0.0,statline_mc,0.0,0.0,0.0,0.0,0.0,0.0,0.0,0.0,0.0,0.0,0.0,0.0,0.0,0.0,0.0,,13.530421087533158,0.0,0.0,,classic,True
00-0036980,Elijah Moore,WR,PHI,3000,43728079,0.0,0.0,1.0,1.1170574781040223,0.0,WAS,25.03,44.17,9.0,0.0,0.0,statline_mc,0.0,0.0,0.0,0.0,0.0,0.0,0.0,0.0,0.0,0.0,0.0,0.0,0.0,0.0,3.0,,13.530421087533158,0.0,0.0,,classic,True
00-0041267,Malik McClain,WR,NYJ,3000,43728077,0.0,0.0,1.0,0.8555330345686819,0.0,TEN,19.17,39.22,0.0,0.0,0.0,statline_mc,0.0,0.0,0.0,0.0,0.0,0.0,0.0,0.0,0.0,0.0,0.0,0.0,0.0,0.0,0.0,,7.752403846153847,0.0,0.0,,classic,True
00-0041199,Caullin Lacy,WR,NYJ,3000,43728073,0.0,0.0,1.0,0.8555330345686819,0.0,TEN,19.17,39.22,0.0,0.0,0.0,statline_mc,0.0,0.0,0.0,0.0,0.0,0.0,0.0,0.0,0.0,0.0,0.0,0.0,0.0,0.0,0.0,,7.752403846153847,0.0,0.0,,classic,True
00-0040405,Jamaal Pritchett,WR,NYJ,3000,43728067,0.0,0.0,1.0,0.8555330345686819,0.0,TEN,19.17,39.22,0.0,0.0,0.0,statline_mc,0.0,0.0,0.0,0.0,0.0,0.0,0.0,0.0,0.0,0.0,0.0,0.0,0.0,0.0,0.0,,7.752403846153847,0.0,0.0,,classic,True
00-0041451,Brock Rechsteiner,WR,NO,3000,43728059,0.0,0.0,1.0,0.9568402848801533,0.0,DET,21.44,49.83,0.0,0.0,0.0,statline_mc,0.0,0.0,0.0,0.0,0.0,0.0,0.0,0.0,0.0,0.0,0.0,0.0,0.0,0.0,0.0,,12.69816534040672,0.0,0.0,,classic,True
00-0039386,Bub Means,WR,NO,3000,43728053,0.0,0.0,1.0,0.9568402848801533,0.0,DET,21.44,49.83,0.0,0.0,0.0,statline_mc,0.0,0.0,0.0,0.0,0.0,0.0,0.0,0.0,0.0,0.0,0.0,0.0,0.0,0.0,0.0,,12.69816534040672,0.0,0.0,,classic,True
00-0039052,Trey Palmer,WR,NO,3000,43728051,0.0,0.0,1.0,0.9568402848801533,0.0,DET,21.44,49.83,0.0,0.0,0.0,statline_mc,0.0,0.0,0.0,0.0,0.0,0.0,0.0,0.0,0.0,0.0,0.0,0.0,0.0,0.0,0.0,,12.69816534040672,0.0,0.0,,classic,True
00-0041099,Barion Brown,WR,NO,3000,43728045,0.0,0.0,1.0,0.9568402848801533,0.0,DET,21.44,49.83,0.0,0.0,0.0,statline_mc,0.0,0.0,0.0,0.0,0.0,0.0,0.0,0.0,0.0,0.0,0.0,0.0,0.0,0.0,0.0,,12.69816534040672,0.0,0.0,,classic,True
00-0039907,Ja'Lynn Polk,WR,NO,3000,43728043,0.0,0.0,1.0,0.9568402848801533,0.0,DET,21.44,49.83,0.0,0.0,0.0,statline_mc,0.0,0.0,0.0,0.0,0.0,0.0,0.0,0.0,0.0,0.0,0.0,0.0,0.0,0.0,0.0,,12.69816534040672,0.0,0.0,,classic,True
00-0040618,Max Hurleman,WR,PIT,3000,43728113,0.0,0.0,1.0,1.0536846607285644,0.0,ATL,23.61,40.78,0.0,0.0,0.0,statline_mc,0.0,0.0,0.0,0.0,0.0,0.0,0.0,0.0,0.0,0.0,0.0,0.0,0.0,0.0,0.0,,11.967741489832006,0.0,0.0,,classic,True
00-0036775,Brandon Smith,WR,PIT,3000,43728117,0.0,0.0,1.0,1.0536846607285644,0.0,ATL,23.61,40.78,0.0,0.0,0.0,statline_mc,0.0,0.0,0.0,0.0,0.0,0.0,0.0,0.0,0.0,0.0,0.0,0.0,0.0,0.0,0.0,,11.967741489832006,0.0,0.0,,classic,True
00-0037708,Maurice Alexander,WR,CHI,3000,43727889,0.0,0.0,1.0,1.1130408910872678,0.0,CAR,24.94,46.94,0.0,0.0,0.0,statline_mc,0.0,0.0,0.0,0.0,0.0,0.0,0.0,0.0,0.0,0.0,0.0,0.0,0.0,0.0,0.0,,14.532396662245798,0.0,0.0,,classic,True
00-0040976,Levi Wentz,WR,PIT,3000,43728121,0.0,0.0,1.0,1.0536846607285644,0.0,ATL,23.61,40.78,0.0,0.0,0.0,statline_mc,0.0,0.0,0.0,0.0,0.0,0.0,0.0,0.0,0.0,0.0,0.0,0.0,0.0,0.0,0.0,,11.967741489832006,0.0,0.0,,classic,True
00-0041215,Ben Patterson,WR,CLE,3000,43728191,0.0,0.0,1.0,0.7002250032541792,0.0,JAX,15.69,40.11,0.0,0.0,0.0,statline_mc,0.0,0.0,0.0,0.0,0.0,0.0,0.0,0.0,0.0,0.0,0.0,0.0,0.0,0.0,0.0,,6.703912466843501,0.0,0.0,,classic,True
00-0041205,Brady Boyd,WR,JAX,3000,43728189,0.0,0.0,1.0,1.0898339438793538,0.0,CLE,24.42,40.11,0.0,0.0,0.0,statline_mc,0.0,0.0,0.0,0.0,0.0,0.0,0.0,0.0,0.0,0.0,0.0,0.0,0.0,0.0,0.0,,11.647159593280282,0.0,0.0,,classic,True
00-0040323,Chandler Brayboy,WR,JAX,3000,43728187,0.0,0.0,1.0,1.0898339438793538,0.0,CLE,24.42,40.11,0.0,0.0,0.0,statline_mc,0.0,0.0,0.0,0.0,0.0,0.0,0.0,0.0,0.0,0.0,0.0,0.0,0.0,0.0,0.0,,11.647159593280282,0.0,0.0,,classic,True
00-0041106,CJ Williams,WR,JAX,3000,43728181,0.0,0.0,1.0,1.0898339438793538,0.0,CLE,24.42,40.11,0.0,0.0,0.0,statline_mc,0.0,0.0,0.0,0.0,0.0,0.0,0.0,0.0,0.0,0.0,0.0,0.0,0.0,0.0,0.0,,11.647159593280282,0.0,0.0,,classic,True
00-0041100,Josh Cameron,WR,JAX,3000,43728179,0.0,0.0,1.0,1.0898339438793538,0.0,CLE,24.42,40.11,0.0,0.0,0.0,statline_mc,0.0,0.0,0.0,0.0,0.0,0.0,0.0,0.0,0.0,0.0,0.0,0.0,0.0,0.0,0.0,,11.647159593280282,0.0,0.0,,classic,True
00-0040265,Ja'seem Reed,WR,CAR,3000,43728175,0.0,0.0,1.0,0.9818323818732916,0.0,CHI,22.0,46.94,0.0,0.0,0.0,statline_mc,0.0,0.0,0.0,0.0,0.0,0.0,0.0,0.0,0.0,0.0,0.0,0.0,0.0,0.0,0.0,,12.279523099027408,0.0,0.0,,classic,True
00-0041047,Chris Brazzell II,WR,CAR,3000,43728163,0.0,0.0,1.0,0.9818323818732916,0.0,CHI,22.0,46.94,0.0,0.0,0.0,statline_mc,0.0,0.0,0.0,0.0,0.0,0.0,0.0,0.0,0.0,0.0,0.0,0.0,0.0,0.0,0.0,,12.279523099027408,0.0,0.0,,classic,True
00-0041179,Chris Hilton Jr.,WR,GB,3000,43728159,0.0,0.0,1.0,0.9916507056920244,0.0,MIN,22.22,46.06,0.0,0.0,0.0,statline_mc,0.0,0.0,0.0,0.0,0.0,0.0,0.0,0.0,0.0,0.0,0.0,0.0,0.0,0.0,0.0,,12.13243258178603,0.0,0.0,,classic,True
00-0041176,Jaden Bradley,WR,WAS,3000,43728157,0.0,0.0,1.0,0.8541941722297637,0.0,PHI,19.14,44.17,0.0,0.0,0.0,statline_mc,0.0,0.0,0.0,0.0,0.0,0.0,0.0,0.0,0.0,0.0,0.0,0.0,0.0,0.0,0.0,,9.200679708222811,0.0,0.0,,classic,True
00-0040551,Nick Nash,WR,WAS,3000,43728155,0.0,0.0,1.0,0.8541941722297637,0.0,PHI,19.14,44.17,0.0,0.0,0.0,statline_mc,0.0,0.0,0.0,0.0,0.0,0.0,0.0,0.0,0.0,0.0,0.0,0.0,0.0,0.0,0.0,,9.200679708222811,0.0,0.0,,classic,True
00-0041435,Dean Patterson IV,WR,TB,3000,43728149,0.0,0.0,1.0,1.0438663369098313,0.0,CIN,23.39,50.44,0.0,0.0,0.0,statline_mc,0.0,0.0,0.0,0.0,0.0,0.0,0.0,0.0,0.0,0.0,0.0,0.0,0.0,0.0,0.0,,15.196189765694076,0.0,0.0,,classic,True
00-0041257,Eric Rivers Jr.,WR,TB,3000,43728147,0.0,0.0,1.0,1.0438663369098313,0.0,CIN,23.39,50.44,0.0,0.0,0.0,statline_mc,0.0,0.0,0.0,0.0,0.0,0.0,0.0,0.0,0.0,0.0,0.0,0.0,0.0,0.0,0.0,,15.196189765694076,0.0,0.0,,classic,True
00-0040419,Garrett Greene,WR,TB,3000,43728145,0.0,0.0,1.0,1.0438663369098313,0.0,CIN,23.39,50.44,0.0,0.0,0.0,statline_mc,0.0,0.0,0.0,0.0,0.0,0.0,0.0,0.0,0.0,0.0,0.0,0.0,0.0,0.0,0.0,,15.196189765694076,0.0,0.0,,classic,True
00-0037570,Dennis Houston,WR,TB,3000,43728143,0.0,0.0,1.0,1.0438663369098313,0.0,CIN,23.39,50.44,0.0,0.0,0.0,statline_mc,0.0,0.0,0.0,0.0,0.0,0.0,0.0,0.0,0.0,0.0,0.0,0.0,0.0,0.0,0.0,,15.196189765694076,0.0,0.0,,classic,True
00-0041374,Sincere Brown,WR,LAC,3000,43728137,0.0,0.0,1.0,1.2580843111367315,0.0,ARI,28.19,47.17,0.0,0.0,0.0,statline_mc,0.0,0.0,0.0,0.0,0.0,0.0,0.0,0.0,0.0,0.0,0.0,0.0,0.0,0.0,0.0,,16.1730216622458,0.0,0.0,,classic,True
00-0041380,Devonte Ross,WR,LAC,3000,43728135,0.0,0.0,1.0,1.2580843111367315,0.0,ARI,28.19,47.17,0.0,0.0,0.0,statline_mc,0.0,0.0,0.0,0.0,0.0,0.0,0.0,0.0,0.0,0.0,0.0,0.0,0.0,0.0,0.0,,16.1730216622458,0.0,0.0,,classic,True
00-0039722,JaQuae Jackson,WR,LAC,3000,43728131,0.0,0.0,1.0,1.2580843111367315,0.0,ARI,28.19,47.17,0.0,0.0,0.0,statline_mc,0.0,0.0,0.0,0.0,0.0,0.0,0.0,0.0,0.0,0.0,0.0,0.0,0.0,0.0,0.0,,16.1730216622458,0.0,0.0,,classic,True
00-0041352,Marcus Sanders Jr.,WR,MIN,3000,43728041,0.0,0.0,1.0,1.0635029845472972,0.0,GB,23.83,46.06,0.0,0.0,0.0,statline_mc,0.0,0.0,0.0,0.0,0.0,0.0,0.0,0.0,0.0,0.0,0.0,0.0,0.0,0.0,0.0,,13.555564765694076,0.0,0.0,,classic,True
00-0041481,Terrill Davis,WR,MIN,3000,43728039,0.0,0.0,1.0,1.0635029845472972,0.0,GB,23.83,46.06,0.0,0.0,0.0,statline_mc,0.0,0.0,0.0,0.0,0.0,0.0,0.0,0.0,0.0,0.0,0.0,0.0,0.0,0.0,0.0,,13.555564765694076,0.0,0.0,,classic,True
00-0040970,Michael Briscoe,WR,MIN,3000,43728037,0.0,0.0,1.0,1.0635029845472972,0.0,GB,23.83,46.06,0.0,0.0,0.0,statline_mc,0.0,0.0,0.0,0.0,0.0,0.0,0.0,0.0,0.0,0.0,0.0,0.0,0.0,0.0,0.0,,13.555564765694076,0.0,0.0,,classic,True
00-0041475,Trayvon Rudolph,WR,MIN,3000,43728035,0.0,0.0,1.0,1.0635029845472972,0.0,GB,23.83,46.06,0.0,0.0,0.0,statline_mc,0.0,0.0,0.0,0.0,0.0,0.0,0.0,0.0,0.0,0.0,0.0,0.0,0.0,0.0,0.0,,13.555564765694076,0.0,0.0,,classic,True
00-0040753,Will Sheppard,WR,MIA,3000,43727955,0.0,0.0,1.0,0.8341112371459919,0.0,LV,18.69,40.39,0.0,0.0,0.0,statline_mc,0.0,0.0,0.0,0.0,0.0,0.0,0.0,0.0,0.0,0.0,0.0,0.0,0.0,0.0,0.0,,7.712173961096375,0.0,0.0,,classic,True
00-0040558,Isaiah Neyor,WR,GB,3000,43727953,0.0,0.0,1.0,0.9916507056920244,0.0,MIN,22.22,46.06,0.0,0.0,0.0,statline_mc,0.0,0.0,0.0,0.0,0.0,0.0,0.0,0.0,0.0,0.0,0.0,0.0,0.0,0.0,0.0,,12.13243258178603,0.0,0.0,,classic,True
00-0041446,Kendrick Law,WR,DET,3000,43727947,0.0,0.0,1.0,1.2670100600628522,0.0,NO,28.39,49.83,0.0,0.0,0.0,statline_mc,0.0,0.0,0.0,0.0,0.0,0.0,0.0,0.0,0.0,0.0,0.0,0.0,0.0,0.0,0.0,,17.36986074270557,0.0,0.0,,classic,True
00-0036491,Tarik Black,WR,DET,3000,43727943,0.0,0.0,1.0,1.2670100600628522,0.0,NO,28.39,49.83,0.0,0.0,0.0,statline_mc,0.0,0.0,0.0,0.0,0.0,0.0,0.0,0.0,0.0,0.0,0.0,0.0,0.0,0.0,0.0,,17.36986074270557,0.0,0.0,,classic,True
00-0038181,Lucky Jackson,WR,DET,3000,43727941,0.0,0.0,1.0,1.2670100600628522,0.0,NO,28.39,49.83,0.0,0.0,0.0,statline_mc,0.0,0.0,0.0,0.0,0.0,0.0,0.0,0.0,0.0,0.0,0.0,0.0,0.0,0.0,0.0,,17.36986074270557,0.0,0.0,,classic,True
00-0035544,Tom Kennedy,WR,DET,3000,43727935,0.0,0.0,1.0,1.2670100600628522,0.0,NO,28.39,49.83,6.0,1.0,0.0,statline_mc,0.0,0.0,0.0,0.0,0.0,0.0,0.0,0.0,0.0,0.0,0.0,0.0,0.0,0.0,1.3,,49.62817355058735,0.0,0.0,,classic,True
00-0040390,Jackson Meeks,WR,DET,3000,43727929,0.0,0.0,1.0,1.2670100600628522,0.0,NO,28.39,49.83,0.0,0.0,0.0,statline_mc,0.0,0.0,0.0,0.0,0.0,0.0,0.0,0.0,0.0,0.0,0.0,0.0,0.0,0.0,0.0,,17.36986074270557,0.0,0.0,,classic,True
00-0041287,Kole Wilson,WR,CLE,3000,43727927,0.0,0.0,1.0,0.7002250032541792,0.0,JAX,15.69,40.11,0.0,0.0,0.0,statline_mc,0.0,0.0,0.0,0.0,0.0,0.0,0.0,0.0,0.0,0.0,0.0,0.0,0.0,0.0,0.0,,6.703912466843501,0.0,0.0,,classic,True
00-0040617,Luke Floriea,WR,CLE,3000,43727923,0.0,0.0,1.0,0.7002250032541792,0.0,JAX,15.69,40.11,0.0,0.0,0.0,statline_mc,0.0,0.0,0.0,0.0,0.0,0.0,0.0,0.0,0.0,0.0,0.0,0.0,0.0,0.0,0.0,,6.703912466843501,0.0,0.0,,classic,True
00-0039379,Jamari Thrash,WR,CLE,3000,43727919,0.0,0.0,1.0,0.7002250032541792,0.0,JAX,15.69,40.11,8.0,0.0,0.0,statline_mc,0.0,0.0,0.0,0.0,0.0,0.0,0.0,0.0,0.0,0.0,0.0,0.0,0.0,0.0,2.3,,6.703912466843501,0.0,0.0,,classic,True
00-0041248,Noah Thomas,WR,CIN,3000,43727913,0.0,0.0,1.0,1.2076538297041486,0.0,TB,27.06,50.44,0.0,0.0,0.0,statline_mc,0.0,0.0,0.0,0.0,0.0,0.0,0.0,0.0,0.0,0.0,0.0,0.0,0.0,0.0,0.0,,17.227798961096376,0.0,0.0,,classic,True
00-0040785,Dohnte Meyers,WR,CIN,3000,43727911,0.0,0.0,1.0,1.2076538297041486,0.0,TB,27.06,50.44,0.0,0.0,0.0,statline_mc,0.0,0.0,0.0,0.0,0.0,0.0,0.0,0.0,0.0,0.0,0.0,0.0,0.0,0.0,0.0,,17.227798961096376,0.0,0.0,,classic,True
00-0039473,Xavier Johnson,WR,CIN,3000,43727909,0.0,0.0,1.0,1.2076538297041486,0.0,TB,27.06,50.44,0.0,0.0,0.0,statline_mc,0.0,0.0,0.0,0.0,0.0,0.0,0.0,0.0,0.0,0.0,0.0,0.0,0.0,0.0,0.0,,17.227798961096376,0.0,0.0,,classic,True
00-0037422,Kendric Pryor,WR,CIN,3000,43727907,0.0,0.0,1.0,1.2076538297041486,0.0,TB,27.06,50.44,0.0,0.0,0.0,statline_mc,0.0,0.0,0.0,0.0,0.0,0.0,0.0,0.0,0.0,0.0,0.0,0.0,0.0,0.0,0.0,,17.227798961096376,0.0,0.0,,classic,True
00-0040375,Jordan Moore,WR,CIN,3000,43727905,0.0,0.0,1.0,1.2076538297041486,0.0,TB,27.06,50.44,0.0,0.0,0.0,statline_mc,0.0,0.0,0.0,0.0,0.0,0.0,0.0,0.0,0.0,0.0,0.0,0.0,0.0,0.0,0.0,,17.227798961096376,0.0,0.0,,classic,True
00-0041168,Omari Kelly,WR,CHI,3000,43727895,0.0,0.0,1.0,1.1130408910872678,0.0,CAR,24.94,46.94,0.0,0.0,0.0,statline_mc,0.0,0.0,0.0,0.0,0.0,0.0,0.0,0.0,0.0,0.0,0.0,0.0,0.0,0.0,0.0,,14.532396662245798,0.0,0.0,,classic,True
00-0040275,JP Richardson,WR,CHI,3000,43727891,0.0,0.0,1.0,1.1130408910872678,0.0,CAR,24.94,46.94,0.0,0.0,0.0,statline_mc,0.0,0.0,0.0,0.0,0.0,0.0,0.0,0.0,0.0,0.0,0.0,0.0,0.0,0.0,0.0,,14.532396662245798,0.0,0.0,,classic,True
00-0040948,J. Michael Sturdivant,WR,GB,3000,43727959,0.0,0.0,1.0,0.9916507056920244,0.0,MIN,22.22,46.06,0.0,0.0,0.0,statline_mc,0.0,0.0,0.0,0.0,0.0,0.0,0.0,0.0,0.0,0.0,0.0,0.0,0.0,0.0,0.0,,12.13243258178603,0.0,0.0,,classic,True
00-0036345,K.J. Osborn,WR,TEN,3000,43727965,0.0,0.0,1.0,0.8952526172899195,0.0,NYJ,20.06,39.22,0.0,0.0,0.0,statline_mc,0.0,0.0,0.0,0.0,0.0,0.0,0.0,0.0,0.0,0.0,0.0,0.0,0.0,0.0,0.0,,8.018926834659593,0.0,0.0,,classic,True
00-0037055,Lance McCutcheon,WR,TEN,3000,43727969,0.0,0.0,1.0,0.8952526172899195,0.0,NYJ,20.06,39.22,0.0,0.0,0.0,statline_mc,0.0,0.0,0.0,0.0,0.0,0.0,0.0,0.0,0.0,0.0,0.0,0.0,0.0,0.0,0.0,,8.018926834659593,0.0,0.0,,classic,True
00-0041005,Corey Rucker,WR,LV,3000,43728007,0.0,0.0,1.0,0.9679974710378043,0.0,MIA,21.69,40.39,0.0,0.0,0.0,statline_mc,0.0,0.0,0.0,0.0,0.0,0.0,0.0,0.0,0.0,0.0,0.0,0.0,0.0,0.0,0.0,,9.683438328912468,0.0,0.0,,classic,True
00-0040498,Dontae Fleming,WR,MIN,3000,43728033,0.0,0.0,1.0,1.0635029845472972,0.0,GB,23.83,46.06,0.0,0.0,0.0,statline_mc,0.0,0.0,0.0,0.0,0.0,0.0,0.0,0.0,0.0,0.0,0.0,0.0,0.0,0.0,0.0,,13.555564765694076,0.0,0.0,,classic,True
00-0041342,Dillon Bell,WR,MIN,3000,43728029,0.0,0.0,1.0,1.0635029845472972,0.0,GB,23.83,46.06,0.0,0.0,0.0,statline_mc,0.0,0.0,0.0,0.0,0.0,0.0,0.0,0.0,0.0,0.0,0.0,0.0,0.0,0.0,0.0,,13.555564765694076,0.0,0.0,,classic,True
00-0040506,Myles Price,WR,MIN,3000,43728027,0.0,0.0,1.0,1.0635029845472972,0.0,GB,23.83,46.06,16.0,0.8,0.0,statline_mc,0.0,0.0,0.0,0.0,0.0,0.0,0.0,0.0,0.0,0.0,0.0,0.0,0.0,0.0,-0.2,,33.69526098901099,0.0,0.0,,classic,True
00-0041158,Donaven McCulley,WR,MIA,3000,43728023,0.0,0.0,1.0,0.8341112371459919,0.0,LV,18.69,40.39,0.0,0.0,0.0,statline_mc,0.0,0.0,0.0,0.0,0.0,0.0,0.0,0.0,0.0,0.0,0.0,0.0,0.0,0.0,0.0,,7.712173961096375,0.0,0.0,,classic,True
00-0040302,AJ Henning,WR,MIA,3000,43728021,0.0,0.0,1.0,0.8341112371459919,0.0,LV,18.69,40.39,0.0,0.0,0.0,statline_mc,0.0,0.0,0.0,0.0,0.0,0.0,0.0,0.0,0.0,0.0,0.0,0.0,0.0,0.0,0.0,,7.712173961096375,0.0,0.0,,classic,True
00-0036387,Jalen Reagor,WR,MIA,3000,43728017,0.0,0.0,1.0,0.8341112371459919,0.0,LV,18.69,40.39,0.0,0.0,0.0,statline_mc,0.0,0.0,0.0,0.0,0.0,0.0,0.0,0.0,0.0,0.0,0.0,0.0,0.0,0.0,0.0,,7.712173961096375,0.0,0.0,,classic,True
00-0041529,Kevin Coleman Jr.,WR,MIA,3000,43728011,0.0,0.0,1.0,0.8341112371459919,0.0,LV,18.69,40.39,0.0,0.0,0.0,statline_mc,0.0,0.0,0.0,0.0,0.0,0.0,0.0,0.0,0.0,0.0,0.0,0.0,0.0,0.0,0.0,,7.712173961096375,0.0,0.0,,classic,True
00-0041011,E.J. Williams Jr.,WR,LV,3000,43728001,0.0,0.0,1.0,0.9679974710378043,0.0,MIA,21.69,40.39,0.0,0.0,0.0,statline_mc,0.0,0.0,0.0,0.0,0.0,0.0,0.0,0.0,0.0,0.0,0.0,0.0,0.0,0.0,0.0,,9.683438328912468,0.0,0.0,,classic,True
00-0040445,Courtney Jackson,WR,TEN,3000,43727971,0.0,0.0,1.0,0.8952526172899195,0.0,NYJ,20.06,39.22,0.0,0.0,0.0,statline_mc,0.0,0.0,0.0,0.0,0.0,0.0,0.0,0.0,0.0,0.0,0.0,0.0,0.0,0.0,0.0,,8.018926834659593,0.0,0.0,,classic,True
00-0041004,Chase Roberts,WR,LV,3000,43727999,0.0,0.0,1.0,0.9679974710378043,0.0,MIA,21.69,40.39,0.0,0.0,0.0,statline_mc,0.0,0.0,0.0,0.0,0.0,0.0,0.0,0.0,0.0,0.0,0.0,0.0,0.0,0.0,0.0,,9.683438328912468,0.0,0.0,,classic,True
00-0037382,Brandon Johnson,WR,PIT,3000,43727997,0.0,0.0,1.0,1.0536846607285644,0.0,ATL,23.61,40.78,0.0,0.0,0.0,statline_mc,0.0,0.0,0.0,0.0,0.0,0.0,0.0,0.0,0.0,0.0,0.0,0.0,0.0,0.0,0.0,,11.967741489832006,0.0,0.0,,classic,True
00-0041228,Sahmir Hagans,WR,IND,3000,43727985,0.0,0.0,1.0,1.0090559160979602,0.0,BAL,22.61,48.17,0.0,0.0,0.0,statline_mc,0.0,0.0,0.0,0.0,0.0,0.0,0.0,0.0,0.0,0.0,0.0,0.0,0.0,0.0,0.0,,13.718998673740055,0.0,0.0,,classic,True
00-0040337,Eli Pancol,WR,IND,3000,43727983,0.0,0.0,1.0,1.0090559160979602,0.0,BAL,22.61,48.17,0.0,0.0,0.0,statline_mc,0.0,0.0,0.0,0.0,0.0,0.0,0.0,0.0,0.0,0.0,0.0,0.0,0.0,0.0,0.0,,13.718998673740055,0.0,0.0,,classic,True
00-0032951,Laquon Treadwell,WR,IND,3000,43727979,0.0,0.0,1.0,1.0090559160979602,0.0,BAL,22.61,48.17,6.0,0.4,0.0,statline_mc,0.0,0.0,0.0,0.0,0.0,0.0,0.0,0.0,0.0,0.0,0.0,0.0,0.0,0.0,0.0,,23.910254831375525,0.0,0.0,,classic,True
00-0040912,Hank Beatty,WR,TEN,3000,43727975,0.0,0.0,1.0,0.8952526172899195,0.0,NYJ,20.06,39.22,0.0,0.0,0.0,statline_mc,0.0,0.0,0.0,0.0,0.0,0.0,0.0,0.0,0.0,0.0,0.0,0.0,0.0,0.0,0.0,,8.018926834659593,0.0,0.0,,classic,True
00-0040919,Tyren Montgomery,WR,TEN,3000,43727973,0.0,0.0,1.0,0.8952526172899195,0.0,NYJ,20.06,39.22,0.0,0.0,0.0,statline_mc,0.0,0.0,0.0,0.0,0.0,0.0,0.0,0.0,0.0,0.0,0.0,0.0,0.0,0.0,0.0,,8.018926834659593,0.0,0.0,,classic,True
00-0041048,Ted Hurst III,WR,TB,3300,43727805,0.0,0.0,1.0,1.0438663369098313,0.0,CIN,23.39,50.44,0.0,0.0,0.0,statline_mc,0.0,0.0,0.0,0.0,0.0,0.0,0.0,0.0,0.0,0.0,0.0,0.0,0.0,0.0,0.0,,15.138497458001767,0.0,0.0,,classic,True
