src,subset,feature,ctype,level,contests,cash_lift,cash_lift_lo,cash_lift_hi,ret_rel,ret_rel_lo,ret_rel_hi,ret_raw_rel,ret_raw_rel_lo,ret_raw_rel_hi,ret_rel_seasons,cash_seasons
b10,all,dup_b,20MAX,1 (unique),137,-0.9414392149818015,-1.0726017969484156,-0.8064257866947842,0.9636459069423728,0.9570139416511323,0.9705305825492846,0.9837105,0.9760543666181773,0.991253989130041,0/4,0/4
b10,all,dup_b,20MAX,2-5,137,3.771189484157759,3.0674245509665385,4.457044082729109,1.1637592315845235,1.1250437713302168,1.2019225492900827,1.1275108,1.068217502099319,1.1877166870410425,4/4,4/4
b10,all,dup_b,20MAX,21+,127,21.01600319105909,17.835994392290743,24.401888339941227,1.8366079677035039,1.6683893040222717,2.0017246550285708,1.4732785,1.3358675442225352,1.6152780664072732,4/4,4/4
b10,all,dup_b,20MAX,6-20,136,5.801573954378801,4.421762642365204,7.186288450198887,1.1939620907622999,1.1350361405559537,1.2568000705891735,1.0354156,0.9638002442524713,1.1109196546542295,3/4,4/4
b10,all,dup_b,3MAX,1 (unique),65,-0.7786941711485129,-0.9563257503331453,-0.5949292792505294,0.9713097221936899,0.962845936053999,0.9798181523481707,0.9836473,0.9737509571588956,0.9931857328231518,0/4,0/4
b10,all,dup_b,3MAX,2-5,65,6.86167576088926,5.457831220056857,8.347677023647805,1.259129985410397,1.1820897999432154,1.3371474131297822,1.1353028,1.0345419495839339,1.2488911198652708,4/4,4/4
b10,all,dup_b,3MAX,21+,49,26.546894421493484,18.105011810110415,34.69588759306999,1.8132300440347222,1.4818450313394087,2.191387284807084,1.4865508,1.2001045006878523,1.7743786552274714,4/4,4/4
b10,all,dup_b,3MAX,6-20,57,14.722470782244825,10.45368801086285,18.7126296691316,1.5898024812814906,1.3382914817759308,1.8823211268424966,1.3215494,1.0909952174676094,1.5774297365232517,4/4,4/4
b10,all,dup_b,DU,1 (unique),64,-17.39292248898602,-20.611146475936465,-14.181804191341055,0.6796446525710481,0.6081208098614151,0.7549587331582728,0.6796447,0.6098751914571039,0.7554699717555194,0/4,0/4
b10,all,dup_b,DU,2-5,64,-10.170495877745402,-13.006271322510292,-7.174478249333327,0.846153609423084,0.7790666681317613,0.916536272720656,0.8461536,0.7825032979948446,0.9147523188497871,0/4,0/4
b10,all,dup_b,DU,21+,64,4.689780364775718,3.592056332284973,5.952616221997702,1.0901698446167178,1.065133557471491,1.1195759253761088,1.0901699,1.0648698578588665,1.1169975083321333,4/4,4/4
b10,all,dup_b,DU,6-20,64,-8.290587026953482,-11.311257567709763,-5.023167956481568,0.8880878551018242,0.8219781040188847,0.9535694510905451,0.88808787,0.8245763913262636,0.9548992497147992,0/4,0/4
b10,all,dup_b,SE,1 (unique),138,-0.6629119989608803,-0.774623418016982,-0.5460120484424432,0.9727503266595783,0.9672393916432972,0.9784153833314148,0.9863843,0.9815010232553966,0.9911054875971614,0/4,0/4
b10,all,dup_b,SE,2-5,130,12.502813792279587,10.574334450871717,14.445697060599151,1.5312975162518254,1.4117034455515243,1.6504335772671346,1.2446247,1.1262386009211722,1.365289304009997,4/4,4/4
b10,all,dup_b,SE,21+,69,27.260724768555512,19.59521502708533,34.79340325105093,1.8886940092546045,1.5604182968795792,2.2201016107220757,1.5172048,1.2485416757347791,1.7819462897013063,4/4,4/4
b10,all,dup_b,SE,6-20,98,19.468332913450148,15.633517178788798,23.240677589944877,1.9404294838869378,1.6585071226314065,2.2334256971377062,1.5478427,1.3219016494571554,1.8080256254241174,4/4,4/4
b10,all,q,20MAX,1,137,-7.195198273953606,-8.242004822779217,-6.136176732514758,0.7068721311593327,0.6590260060222101,0.7584158183218851,0.71942616,0.6543926879056614,0.7880304840984788,0/4,0/4
b10,all,q,20MAX,2,137,-3.1699436773875753,-3.8074261200129587,-2.5172430423230714,0.8701494597241966,0.8384410395597917,0.9018790187210609,0.8741072,0.8303344211112844,0.9187143985154855,0/4,0/4
b10,all,q,20MAX,3,137,-0.22932875679355114,-0.6774568854667747,0.22616699422032213,0.9857936939682845,0.9593313402823371,1.0113678718226504,0.98764485,0.9502056335228203,1.0258999040091996,1/4,1/4
b10,all,q,20MAX,4,137,2.8952563552446327,2.461512381620218,3.3241483208679004,1.1214712803719786,1.098355730607058,1.1423539435675738,1.1337085,1.0994827242880842,1.1685197272439942,4/4,4/4
b10,all,q,20MAX,5,137,7.699490135581613,6.156637963739648,9.25948176470626,1.3157149012085165,1.2360599147958282,1.396866370293378,1.2851088,1.1887118421440577,1.3905634981219785,4/4,4/4
b10,all,q,3MAX,1,65,-6.604954653892275,-8.256576111449876,-5.057027044703434,0.7422749072697955,0.6543512114116306,0.8279596459449746,0.8023542,0.6863937995582818,0.9229486527637794,0/4,0/4
b10,all,q,3MAX,2,65,-2.968193116068458,-3.9898650377027227,-2.0182544193050687,0.8706496879812264,0.8196910320290934,0.9181304754567491,0.8589112,0.7869517268011204,0.9323095112351272,0/4,0/4
b10,all,q,3MAX,3,65,-0.26431132327436724,-1.003969766572891,0.4892197373223045,0.9783508826257421,0.9367964140778575,1.0227034146784728,0.9702522,0.9104716690687032,1.032353173838212,2/4,2/4
b10,all,q,3MAX,4,65,2.710090881243401,1.9547841609812977,3.465563509992916,1.1020398566010603,1.0603550017100027,1.1415924728105522,1.0965835,1.028590855690149,1.1644663798121304,4/4,4/4
b10,all,q,3MAX,5,65,7.128687712282463,4.832226703991339,9.592459233291592,1.3067343551786446,1.1757509218633493,1.4438462370076581,1.2719162,1.117034315925378,1.4342352810043555,4/4,4/4
b10,all,q,DU,1,64,-18.356310107891517,-22.18913195715996,-14.141160755411176,0.652531811075965,0.5669999536346696,0.740944857086477,0.65253186,0.5679620938317385,0.7431353770953137,0/4,0/4
b10,all,q,DU,2,64,-4.227648892915572,-7.839167109981185,-0.5356599578769915,0.9806651346241988,0.8988600488379168,1.0658708300267739,0.9806652,0.8986591313267127,1.061148446938023,1/4,0/4
b10,all,q,DU,3,64,-1.3688117825053712,-5.455731945173378,2.4620271526224955,0.9956472405979656,0.9065541714701529,1.0936380428388146,0.9956473,0.9024156026076525,1.0894089964102023,1/4,1/4
b10,all,q,DU,4,64,6.6483006316382065,1.529938453436721,11.854726041860298,1.0970552990032107,0.9864763884464564,1.2076736159432102,1.0970553,0.9797223348519765,1.2075532770657447,4/4,4/4
b10,all,q,DU,5,64,17.305133943321607,11.282930544496615,23.16169813808863,1.2741311158289506,1.1335256982516304,1.40839196149379,1.2741313,1.1379356546374766,1.4109045486690774,4/4,4/4
b10,all,q,SE,1,138,-5.9800090816386104,-7.026031554558905,-4.978627448649453,0.758898571262533,0.6982385260305749,0.8219184125235909,0.8348034,0.7419445058060945,0.9336424084515244,0/4,0/4
b10,all,q,SE,2,138,-3.073915946593742,-3.7303458649863397,-2.403716625661022,0.8711224197313995,0.8325195694731725,0.9097622307287133,0.85168403,0.7936068648877351,0.911611378678809,0/4,0/4
b10,all,q,SE,3,138,-0.28260364461868237,-0.7517062124770514,0.20900982232694507,0.9905467470216198,0.9562144227083813,1.0240761083220933,0.97880465,0.9170573031988697,1.0428891850878361,1/4,1/4
b10,all,q,SE,4,138,2.5424537769762967,2.025791527425267,3.0508776036986007,1.102301438103977,1.070915916215903,1.1313664143980977,1.0827261,1.0296331331241821,1.136083931475878,4/4,4/4
b10,all,q,SE,5,138,6.793700852100164,5.1133443579025535,8.331144080346125,1.2770978742143286,1.1884432262548819,1.3714229616974665,1.2519103,1.1388573493592549,1.366360442756095,4/4,4/4
b10,all,rq,20MAX,1,131,-4.29082416476766,-5.416364510147221,-3.2550187235749792,0.8366791613888355,0.782216555903226,0.8914628395114169,0.8663601,0.7886933351120421,0.9405529058900953,1/4,1/4
b10,all,rq,20MAX,2,131,-2.080495506173145,-2.689198351697501,-1.4714852549822415,0.9138247831746592,0.8824850068650065,0.9435627854183127,0.9209839,0.8808362766076591,0.961225569509823,0/4,0/4
b10,all,rq,20MAX,3,131,-0.20507086912793873,-0.6713187945500872,0.2624511957445059,0.9788422140688363,0.9564286643312552,1.0020057984584152,0.97624856,0.9401115869292777,1.014034938948755,1/4,2/4
b10,all,rq,20MAX,4,131,2.1389528693414976,1.642125648148085,2.6337046823384007,1.0916882953683489,1.063897641021325,1.1183916680178496,1.0884374,1.0455766756798475,1.1293933538080172,4/4,4/4
b10,all,rq,20MAX,5,131,4.437583994878492,2.975987255420338,5.883365021382403,1.1789602123332912,1.104162366611048,1.2507676863687558,1.1479751,1.061257243145058,1.2432943332172532,4/4,4/4
b10,all,rq,3MAX,1,60,-4.0360082116724865,-5.604382400747587,-2.3287672141108784,0.8527636909282541,0.7611255864827773,0.9452539252904205,0.8892667,0.7691719110930959,1.0137172245730957,1/4,1/4
b10,all,rq,3MAX,2,60,-2.086585392429908,-3.0477507324133453,-1.132709042667114,0.9132304242449583,0.8635865594790025,0.9689514560034242,0.9265186,0.844728160550197,1.0083431147535642,1/4,0/4
b10,all,rq,3MAX,3,60,-0.22768986382410136,-0.998183283307712,0.4948674119723865,0.9778955951246789,0.9344225408828116,1.0211221555158396,0.9878853,0.9216979610919952,1.0547557674348353,2/4,2/4
b10,all,rq,3MAX,4,60,2.1723480218587117,1.3561789965781783,3.032724632511912,1.0740958752008387,1.0254662869559237,1.1214879753805418,1.0444828,0.9765912212431431,1.1120517518619697,3/4,4/4
b10,all,rq,3MAX,5,60,4.178855521522826,1.994505813600661,6.511282277048816,1.1820645401856589,1.054066531681009,1.3028346111131646,1.1519037,1.0085452610750991,1.2979641825084884,2/4,3/4
b10,all,rq,DU,1,58,-13.83930368976851,-17.677935554712004,-10.10457211233008,0.7606185617084428,0.680699017102565,0.8450688078101403,0.7606186,0.6741760287658665,0.8483784727527407,0/4,0/4
b10,all,rq,DU,2,58,-4.352260078259764,-8.304741118939281,-0.44377032710778413,0.9306816114837995,0.8461710678057476,1.0208947694605175,0.93068165,0.8473190293551005,1.0214109265213382,1/4,1/4
b10,all,rq,DU,3,58,0.4930324013840298,-3.932720404112065,4.895916874020038,1.0537694838353115,0.9493807693389441,1.157321539112446,1.0537695,0.9524611588406923,1.1596861535586929,3/4,2/4
b10,all,rq,DU,4,58,7.314635164683501,1.6909154767648422,13.09300262701046,1.0662176403121686,0.9442751404240549,1.1881100661986383,1.0662177,0.9479115836242021,1.1899442452270987,3/4,4/4
b10,all,rq,DU,5,58,10.384802956718149,5.619961905723169,15.453394321935335,1.1887247652423878,1.0679236609307965,1.3059099068329758,1.1887249,1.068068189894106,1.3065633803790693,4/4,3/4
b10,all,rq,SE,1,127,-3.7464586917469345,-4.782795219269306,-2.681639369372467,0.8653535993401781,0.8010549998335709,0.9353812293374131,0.9400242,0.8404590491029456,1.045265877856983,1/4,0/4
b10,all,rq,SE,2,127,-1.8132736672745315,-2.4256186718616033,-1.1630481713897025,0.9280599023141755,0.8901354225959355,0.9622974602164556,0.9455303,0.8797629808112392,1.0146905216879731,0/4,0/4
b10,all,rq,SE,3,127,-0.14762707253821414,-0.6393587360740695,0.36492618363854656,0.9863015624246202,0.9550127813835433,1.0199015685406303,0.9302902,0.8741604630754689,0.9896988605068424,2/4,2/4
b10,all,rq,SE,4,127,1.803309415538119,1.2122251327654279,2.416562544056993,1.0685561718847754,1.0315032787131704,1.1053343910203506,1.0504485,0.9807575177606636,1.1205148753922756,3/4,4/4
b10,all,rq,SE,5,127,3.9035180838561296,2.4558673496544925,5.364081550523775,1.1516996551799237,1.068713843811694,1.2320648359019801,1.1336849,1.0324019135863294,1.2435520910958606,4/4,4/4
b10,quality,dup_b,20MAX,1 (unique),131,-1.51810244392766,-1.7750531412058084,-1.267779229778821,0.9611654996497404,0.9512324963635833,0.9713329206393553,0.98814845,0.9767358629530624,0.9988852181052434,0/4,0/4
b10,quality,dup_b,20MAX,2-5,131,3.957583914384486,3.171982422693205,4.74200992373036,1.1164677912905245,1.080033490238328,1.1534522184672953,1.0747313,1.0079811855809377,1.1456551245491924,4/4,4/4
b10,quality,dup_b,20MAX,21+,118,17.83511682627378,14.79448631310306,20.686707673955794,1.4824825483973991,1.359815055067563,1.602822718449459,1.1980541,1.0903166405225204,1.3071326881205125,4/4,4/4
b10,quality,dup_b,20MAX,6-20,127,5.773636011457939,4.232219734191316,7.3819888504106705,1.1317177031835568,1.0748575766009414,1.1895119018642568,1.008727,0.935221496740664,1.0800890360995539,4/4,4/4
b10,quality,dup_b,3MAX,1 (unique),60,-1.2188666488672042,-1.576975915318899,-0.862232325909561,0.9684798748860781,0.954021051283933,0.9823171366323045,0.9820155,0.9653312503298124,0.9980177846054236,0/4,0/4
b10,quality,dup_b,3MAX,2-5,59,5.503348343937651,3.892090655182618,7.134136492799801,1.1629258562371172,1.0884749864055987,1.239530088599076,1.1063732,0.9971268175769661,1.2339200859352693,4/4,4/4
b10,quality,dup_b,3MAX,21+,42,25.034239713782156,16.42010902112075,33.70581708277469,1.4967364025975352,1.1980652890118846,1.8284404682427564,1.2496852,1.012047342352924,1.4873870291880198,3/4,4/4
b10,quality,dup_b,3MAX,6-20,53,11.20295669160256,7.0016224860568395,15.521629321629103,1.3514787475899173,1.117283705062567,1.6209725704608142,1.150295,0.9530595750706095,1.3792369151839388,3/4,4/4
b10,quality,dup_b,DU,1 (unique),55,-10.523326884340097,-14.871299700500717,-5.93680149493726,1.012541048609895,0.8590372535729586,1.1876360903577798,1.012541,0.8592074383795262,1.1813078292933377,1/4,0/4
b10,quality,dup_b,DU,2-5,51,-5.0919719275375,-9.788168697512962,-0.20448101375308908,1.033208043270252,0.9257302426219582,1.1428507214040267,1.033208,0.9291721914036601,1.1428000904473603,3/4,0/4
b10,quality,dup_b,DU,21+,58,0.5006023392538312,-0.3491971263180624,1.228903981658338,0.9970557015833232,0.9810144078918418,1.0118540126283384,0.9970557,0.9807829363078906,1.0114696389128424,1/4,3/4
b10,quality,dup_b,DU,6-20,52,-3.514974582676804,-9.600614177461882,2.2680634143668126,1.1022382351009532,0.9404388050685394,1.2760331823935047,1.1022382,0.9326556391655825,1.285295167565346,3/4,1/4
b10,quality,dup_b,SE,1 (unique),122,-1.1329423942041064,-1.366359232629227,-0.8921739175082163,0.9698035348488409,0.960736204369839,0.9785536880419593,0.9884684,0.9793142955322734,0.9964065724220432,0/4,0/4
b10,quality,dup_b,SE,2-5,119,9.687713482612,7.687680656289136,11.698172751332613,1.302129255667758,1.2025455388817063,1.4125176248322044,1.1222037,1.012857233216407,1.2399587670685488,4/4,4/4
b10,quality,dup_b,SE,21+,61,21.912320492792137,14.590494927274525,28.901442127982186,1.3436706724719345,1.1218061416117773,1.549903464896987,1.0804919,0.8951211549952381,1.273686515234533,4/4,4/4
b10,quality,dup_b,SE,6-20,83,14.828551423035531,11.254267865275704,18.42517942144493,1.4677661347522362,1.2770468573450935,1.6696861135179364,1.1928542,1.024038961579103,1.3605550649430018,4/4,4/4
b10,quality,q,20MAX,1,131,-6.553134409376991,-7.972131868427874,-5.051880473478818,0.82808606001493,0.7661861339781963,0.8866556935771924,0.8678705,0.7907633634412107,0.9482689378996387,1/4,0/4
b10,quality,q,20MAX,2,131,-2.839390716103812,-3.7612845267083514,-1.9873355172555502,0.9203509960597126,0.8848027017071672,0.955338419375498,0.93217134,0.8827437239180085,0.9848149091574072,0/4,0/4
b10,quality,q,20MAX,3,131,0.43424207098420864,-0.09978768576641191,0.9639120387850383,1.0072889179340836,0.9830892526162588,1.03232785517537,1.0230734,0.9816622283167511,1.064740237070404,3/4,3/4
b10,quality,q,20MAX,4,131,2.792855544317387,2.0241325695380117,3.6070089385488635,1.0778919719486257,1.0429619476165546,1.110815383566241,1.0722909,1.0183277282664793,1.126059774042086,3/4,4/4
b10,quality,q,20MAX,5,131,6.166096391734888,4.379824230129465,7.977083594604876,1.166392596146462,1.091699842718866,1.240583221654594,1.1046199,1.013039309514388,1.1892050404471297,4/4,4/4
b10,quality,q,3MAX,1,60,-5.914785660837049,-8.282081351149836,-3.5541781308030136,0.8242757941894566,0.7272707663972725,0.9216296547405177,0.83294195,0.7225039113933841,0.953833398943146,1/4,0/4
b10,quality,q,3MAX,2,60,-2.9944691113634883,-4.414078107399358,-1.673537457656921,0.9118420187821334,0.8561881579521983,0.9689144252428218,0.9468077,0.8589476809402307,1.0334147465477388,0/4,0/4
b10,quality,q,3MAX,3,60,0.08161372470792681,-0.794858278412629,1.005903711718741,1.014052331176088,0.9663757073252004,1.0676073928002598,1.0336026,0.9627241619924704,1.1127968991796175,2/4,2/4
b10,quality,q,3MAX,4,60,2.6100712347239736,1.3824846104342505,3.8737151642930945,1.0624311770235324,1.0072997968958384,1.1203032050086268,1.0371512,0.9616801966478428,1.1180313721050819,3/4,4/4
b10,quality,q,3MAX,5,60,6.217134066583481,3.2134808269078436,9.05846921036502,1.1873440601984806,1.0520555966681822,1.3177127981936934,1.1494255,1.0046918231124677,1.2958700669060152,4/4,4/4
b10,quality,q,DU,1,58,-10.668264035805192,-15.905162781559461,-5.320990674794127,1.0030602197738445,0.831858180655378,1.180451005077967,1.0030603,0.8453295300425641,1.1834941933959209,1/4,0/4
b10,quality,q,DU,2,58,-2.93005327587025,-8.551973866932011,2.838011290708088,1.0126568690999604,0.8684970434226317,1.147201878143078,1.0126568,0.8723207179341538,1.1539054627560383,2/4,2/4
b10,quality,q,DU,3,58,-3.274055123727196,-8.239146624264373,1.8460970174691809,0.8496373837339776,0.7214335111097288,0.9779310246131355,0.8496373,0.7265221579538274,0.9804272030584579,0/4,1/4
b10,quality,q,DU,4,58,8.08518624586443,2.191806829679084,13.531967782019949,1.036672184170136,0.9004853541117074,1.1788917093245164,1.0366722,0.8966034879907966,1.1767765678471387,3/4,4/4
b10,quality,q,DU,5,58,8.79082495125941,1.82884884746805,15.564911797411822,1.0979350972185062,0.9240304427483392,1.2685334687552399,1.0979351,0.921697905653052,1.2760729651948324,2/4,3/4
b10,quality,q,SE,1,122,-5.854521839792861,-7.278696263234171,-4.390216837152774,0.8591818388361503,0.7859892552022818,0.9401334592469753,0.9475579,0.8405262019973798,1.0735039797382522,1/4,0/4
b10,quality,q,SE,2,122,-2.453267846314613,-3.4164701624585674,-1.5146364306107802,0.9301367245694466,0.887334930720523,0.9732414019887972,0.91872376,0.8487492094457638,0.9942736127826034,0/4,0/4
b10,quality,q,SE,3,122,0.3924831125823794,-0.23602408382480544,0.9982255432027796,1.0242105722627104,0.9876370039014457,1.0610058232696453,0.96125543,0.9070661354138225,1.0181679546161266,2/4,3/4
b10,quality,q,SE,4,122,2.371518127004762,1.4908221016729875,3.2200482589592885,1.03868453694201,0.998838763056946,1.0806974274081436,1.0281639,0.956042356215051,1.1029034169604544,3/4,4/4
b10,quality,q,SE,5,122,5.546007198858713,3.626152982992999,7.515485482953201,1.147820537814045,1.0613496297206912,1.2354361333129955,1.1442636,1.0343448773301283,1.2649485182230835,4/4,4/4
b10,quality,rq,20MAX,1,131,-5.933279686611677,-7.299536943725758,-4.518672151226652,0.8427387846731608,0.7806296434468578,0.9036955384439256,0.8679346,0.7912152284315525,0.9461906874111591,1/4,0/4
b10,quality,rq,20MAX,2,131,-2.3163044659640826,-3.1559117005908357,-1.459473586138448,0.9326148139972392,0.89796427267292,0.9678076323392536,0.943052,0.8934643310899953,0.9933212307800774,0/4,0/4
b10,quality,rq,20MAX,3,131,0.3930292132810889,-0.09963910901004655,0.9233131348657116,0.9946503184997876,0.9727405530255839,1.016834391166476,1.0079148,0.9712891547052005,1.0463063303068394,3/4,3/4
b10,quality,rq,20MAX,4,131,2.7919228968907435,2.047902016264745,3.6014143821911526,1.078848374368497,1.0442777018853766,1.1133066664503086,1.0739045,1.0246276516268271,1.124360271184954,3/4,4/4
b10,quality,rq,20MAX,5,131,5.065706167637377,3.3089856693536874,6.923913425811219,1.1511832830778135,1.0765213900674353,1.228023931945374,1.1072434,1.0199719069852629,1.1961360847449483,3/4,4/4
b10,quality,rq,3MAX,1,60,-5.330385978017369,-7.552389569483972,-3.1138582366786114,0.8386627355424258,0.7466071214780406,0.9354606400113559,0.84846604,0.7282961335157355,0.9693604390323162,1/4,0/4
b10,quality,rq,3MAX,2,60,-2.5105658239876623,-3.8810136593924334,-1.2597582039125244,0.9304559573230311,0.8685542738755783,0.9916834759506328,0.94823086,0.8605857749283313,1.033855718250076,0/4,0/4
b10,quality,rq,3MAX,3,60,0.1166920362171014,-0.691820433197772,1.0265076496774266,0.9884292561042985,0.944382517309113,1.0334082868036214,1.013426,0.9451305166383585,1.0848209084073703,2/4,2/4
b10,quality,rq,3MAX,4,60,2.772089434448519,1.596239705163692,3.8978099629362055,1.0688458519960429,1.0115374200678355,1.1282948064260572,1.0456184,0.9658234935998916,1.1293178855379422,3/4,4/4
b10,quality,rq,3MAX,5,60,4.951420906004534,2.179149572266354,7.893971528804309,1.1735272958168719,1.0497555220849062,1.2980978233834306,1.1441312,1.0021862203752,1.2875187352548043,4/4,4/4
b10,quality,rq,DU,1,20,-5.921801786574716,-12.218264351016238,0.6472898424478791,0.9154082368092695,0.7816802791827818,1.0638138396428998,0.91540825,0.7773753619194032,1.058682554066181,1/4,1/4
b10,quality,rq,DU,2,20,1.5561034941975556,-7.3139608475545215,10.160860797102282,1.0804421569264904,0.8649649993189312,1.2851980002935302,1.0804422,0.8750828222825657,1.2944797964865573,3/4,2/4
b10,quality,rq,DU,3,20,6.237437595686104,-2.3521558188928466,14.943351510432677,1.1439288897303017,0.9253663568195459,1.364665248405736,1.1439288,0.9157853147387505,1.3581191235780716,2/4,2/4
b10,quality,rq,DU,4,20,-0.5339996382802121,-9.659818615039097,8.284843928879512,0.9310224100008163,0.7458086218742284,1.1180774359222225,0.93102247,0.7376487801177427,1.1240310939983464,2/4,2/4
b10,quality,rq,DU,5,20,-1.3378265061767627,-11.392430054197098,8.192637283713127,0.9291651049297898,0.7118397712902991,1.1449506486648366,0.92916507,0.7051168847456574,1.1538597071915864,2/4,2/4
b10,quality,rq,SE,1,122,-5.31002079287395,-6.740743768329294,-3.84784760932231,0.8636280874237552,0.7889543888182077,0.939768749760932,0.93204623,0.8232132571337164,1.0542046535729628,1/4,0/4
b10,quality,rq,SE,2,122,-1.9265225817043132,-2.8387606495699442,-1.0430492695405744,0.9509005108146924,0.9058706687543614,0.9991437071804906,0.9637535,0.887268309026468,1.0421523794531822,0/4,0/4
b10,quality,rq,SE,3,122,0.5211434875447122,-0.09466867750354838,1.118424868588941,1.0077602617996904,0.9726958878690869,1.0425718330556701,0.94084334,0.8872432685411368,0.9954690739146022,2/4,3/4
b10,quality,rq,SE,4,122,2.361410380152698,1.533888074751113,3.1660016204218864,1.0366137341777208,0.9938768244950349,1.0777306333724037,1.012814,0.950111608256082,1.085333551295468,3/4,4/4
b10,quality,rq,SE,5,122,4.35630797270014,2.540457597420919,6.229552292745326,1.141127857463795,1.0573141325851108,1.2289914093150875,1.1504778,1.0321983102434238,1.268063218644286,4/4,4/4
b15,all,dup_b,20MAX,1 (unique),137,-0.9414392149818015,-1.0839026735177761,-0.8082728384310603,0.9636459069423728,0.9570106545810472,0.969885988300512,0.9837105,0.9761006695510698,0.9909531210243268,0/4,0/4
b15,all,dup_b,20MAX,2-5,137,3.771189484157759,3.0924693065170934,4.426435333132313,1.1637592315845235,1.126321135134944,1.2014020239932597,1.1275108,1.0672909174848648,1.1898923504744132,4/4,4/4
b15,all,dup_b,20MAX,21+,127,21.01600319105909,17.777410808320784,24.206287900522824,1.8366079677035039,1.6701135541700662,2.0022613191336935,1.4732785,1.3305951702371825,1.6260086925656307,4/4,4/4
b15,all,dup_b,20MAX,6-20,136,5.801573954378801,4.50160006442732,7.176912484987234,1.1939620907622999,1.1361480082933066,1.2556218761307631,1.0354156,0.9676896323175991,1.1094431183355697,3/4,4/4
b15,all,dup_b,3MAX,1 (unique),65,-0.7786941711485129,-0.9649240937346772,-0.598292784941463,0.9713097221936899,0.962694987233217,0.9798786502002237,0.9836473,0.9746513189260776,0.9930307375926238,0/4,0/4
b15,all,dup_b,3MAX,2-5,65,6.86167576088926,5.393745496479183,8.372770405670293,1.259129985410397,1.1803717066565775,1.337215842316926,1.1353028,1.031349464402749,1.2457966533991007,4/4,4/4
b15,all,dup_b,3MAX,21+,49,26.546894421493484,18.526840345421725,34.85525462237216,1.8132300440347222,1.4696359554817657,2.1919368448588834,1.4865508,1.2001702999886201,1.7869943118369094,4/4,4/4
b15,all,dup_b,3MAX,6-20,57,14.722470782244825,10.407125409827124,18.832072992572872,1.5898024812814906,1.3370562920530153,1.8841953462999494,1.3215494,1.0969238624238131,1.5783455878496169,4/4,4/4
b15,all,dup_b,DU,1 (unique),64,-17.39292248898602,-20.642675683935387,-13.956680623327104,0.6796446525710481,0.6086786403138393,0.7560072837203735,0.6796447,0.6104809633689001,0.7513134738313966,0/4,0/4
b15,all,dup_b,DU,2-5,64,-10.170495877745402,-13.131223232801306,-7.234048176832123,0.846153609423084,0.7801715024569154,0.9158876955421307,0.8461536,0.7822822675807402,0.9135123680112883,0/4,0/4
b15,all,dup_b,DU,21+,64,4.689780364775718,3.523476948572244,5.940188172418702,1.0901698446167178,1.0650417128984606,1.1205563405076646,1.0901699,1.0638246451038866,1.118247053027153,4/4,4/4
b15,all,dup_b,DU,6-20,64,-8.290587026953482,-11.32562621662263,-5.180480360311968,0.8880878551018242,0.8215802378204126,0.951266419141447,0.88808787,0.8244332071393728,0.9551079181721434,0/4,0/4
b15,all,dup_b,SE,1 (unique),138,-0.6629119989608803,-0.7752811298372574,-0.551086813191829,0.9727503266595783,0.9669451111157258,0.9785030035120665,0.9863843,0.9814453206632449,0.9914881427866825,0/4,0/4
b15,all,dup_b,SE,2-5,130,12.502813792279587,10.517327378533546,14.447116364429657,1.5312975162518254,1.4134456650339013,1.6479622005996402,1.2446247,1.1306092123114144,1.3675043394674475,4/4,4/4
b15,all,dup_b,SE,21+,69,27.260724768555512,20.025477302022363,34.468579215025336,1.8886940092546045,1.566277762527283,2.2374176574567817,1.5172048,1.2409680509912795,1.7974035226456495,4/4,4/4
b15,all,dup_b,SE,6-20,98,19.468332913450148,15.988104537765638,23.070869654609986,1.9404294838869378,1.6620739624384295,2.225763779231436,1.5478427,1.3114693046699526,1.7907661714039895,4/4,4/4
b15,all,q,20MAX,1,137,-7.981940317017799,-9.005946124663645,-6.918588861204687,0.6728112669293579,0.6238318606631935,0.7229360687225369,0.6876419,0.6217363556643037,0.7522385419910623,0/4,0/4
b15,all,q,20MAX,2,137,-3.504099407472299,-4.150166878917472,-2.8183662564113416,0.8564802833214403,0.8249191097706139,0.889467272719143,0.8623587,0.8189570648065448,0.9069637028187731,0/4,0/4
b15,all,q,20MAX,3,137,-0.4142788009530733,-0.8655142381611362,0.031204524081305852,0.9790223543090999,0.9555859686986057,1.0030047513312226,0.98664767,0.9527627689777499,1.0219501837544198,1/4,2/4
b15,all,q,20MAX,4,137,3.1872398285654775,2.7429615455053264,3.6244097195034164,1.132221274824651,1.1091453126369988,1.1521958594467923,1.143922,1.1064883054607975,1.1829450778282473,4/4,4/4
b15,all,q,20MAX,5,137,8.713400021397488,7.089607371747106,10.358817204345115,1.3594701880359779,1.2794992022513874,1.4425022715857376,1.3194339,1.2195274057397008,1.4195614394371527,4/4,4/4
b15,all,q,3MAX,1,65,-7.380782145829339,-8.985565583775891,-5.698950097088673,0.7103776531512795,0.6275821494473013,0.7990097947642156,0.7595648,0.6437597841253647,0.8784821171313524,0/4,0/4
b15,all,q,3MAX,2,65,-3.234017391379113,-4.2647223892123005,-2.177018290980641,0.8624589166971933,0.8088138407670261,0.9138989892771436,0.87529176,0.7990133086305399,0.9532472951366351,0/4,0/4
b15,all,q,3MAX,3,65,-0.47079933734048585,-1.2149498729468615,0.3047404556508664,0.9707875667957653,0.9281485489771191,1.0138563395867404,0.9503116,0.8919331950407762,1.006315319079619,2/4,2/4
b15,all,q,3MAX,4,65,2.932176609270084,2.1862707016656633,3.6797590450219473,1.1210721015098266,1.075028596017739,1.164463440462227,1.1350955,1.061734345807479,1.2135149198082777,4/4,4/4
b15,all,q,3MAX,5,65,8.154925227181064,5.655260768994219,10.697651977558612,1.3353764860930102,1.210599099396612,1.468992831265301,1.2798097,1.1321518039703369,1.4388610089283724,4/4,4/4
b15,all,q,DU,1,64,-18.678930412778108,-22.60254563597602,-14.642573280066177,0.6454355377256129,0.5626423811904332,0.7345171633553239,0.6454356,0.5630401293863543,0.7285875433299225,0/4,0/4
b15,all,q,DU,2,64,-5.658357530541419,-8.80858717516005,-2.2806473094428403,0.9476716442216695,0.872627020379299,1.0284645796910026,0.94767165,0.865754771581851,1.0306403919355944,1/4,0/4
b15,all,q,DU,3,64,0.5286359886102645,-3.205503078400512,4.300960302331361,1.0484344279163724,0.9562604511801148,1.142113001817419,1.0484345,0.9574356932425871,1.1417347114300356,3/4,3/4
b15,all,q,DU,4,64,6.937083226807703,2.6190063417540066,11.307864762601575,1.1079010196523038,1.0010716159759645,1.2114850154514811,1.1079011,1.003359664871823,1.2171567236073315,4/4,4/4
b15,all,q,DU,5,64,16.872288090327135,10.995865068416192,22.242325491969705,1.2505931723859531,1.1215785176321214,1.3824430370106313,1.2505932,1.1217528641365788,1.3778875652933493,4/4,4/4
b15,all,q,SE,1,138,-6.600763548508139,-7.629724801600368,-5.528204360632086,0.7360582355576326,0.6757892957552468,0.7976651295286837,0.80592823,0.713159035977678,0.9050442072549376,0/4,0/4
b15,all,q,SE,2,138,-3.331057161602643,-4.004022106408078,-2.6507741764407897,0.8564103116247029,0.8170176492758049,0.8940705425436853,0.8571798,0.7965199694523345,0.9158104159801765,0/4,0/4
b15,all,q,SE,3,138,-0.4096814422435136,-0.8875915513521729,0.08720808050081072,0.9865546604529009,0.952879009178193,1.021662991605805,0.9589686,0.9005686548417029,1.0195170427578082,1/4,1/4
b15,all,q,SE,4,138,2.6622926553331974,2.15631473114029,3.172018393435142,1.1070432155512822,1.0759437672929881,1.1355285793452523,1.0897217,1.0338041608532271,1.1438104947624,4/4,4/4
b15,all,q,SE,5,138,7.678750994796404,6.055455518997545,9.345508037651259,1.3138834432022042,1.2213253101338823,1.4070883544655175,1.2881138,1.1780991692419933,1.4122560686013403,4/4,4/4
b15,all,rq,20MAX,1,131,-4.97677894450223,-6.012026563121811,-3.8975524393613563,0.8054953334228019,0.7564534842486303,0.8607297635395957,0.8323867,0.7606624015642487,0.9022366053957975,1/4,0/4
b15,all,rq,20MAX,2,131,-2.3714681642580007,-2.995016302863052,-1.8052018027055068,0.9007822067023139,0.8714505798963604,0.9314681573761225,0.913767,0.8730529710650444,0.9555679239162053,0/4,0/4
b15,all,rq,20MAX,3,131,-0.218385359814991,-0.6864298919609509,0.22364174454969327,0.9843949547082018,0.9614045334805885,1.0071081683384613,0.9798649,0.943721448294534,1.0173261258210844,1/4,2/4
b15,all,rq,20MAX,4,131,2.2478843016434684,1.7528960973855976,2.7082131199818402,1.0967148758863254,1.0712522431981644,1.121850966199011,1.0960696,1.0552513285561371,1.1370338318798379,4/4,4/4
b15,all,rq,20MAX,5,131,5.318912003741524,3.7825801649052706,6.873229611389207,1.2126118126117895,1.1414372050690365,1.2897745251224806,1.1779153,1.0899759840760521,1.2714506845096596,4/4,4/4
b15,all,rq,3MAX,1,60,-4.718943957834276,-6.423279583415429,-2.9480101916178283,0.8323467036990871,0.7422731023947522,0.9283347831563843,0.9002731,0.7704169341673454,1.0265989303961396,1/4,0/4
b15,all,rq,3MAX,2,60,-2.3388180313954012,-3.2634816094600483,-1.41833207050958,0.9009026227366591,0.8479101818313516,0.953801035544506,0.902182,0.8266223920385043,0.972680738667647,1/4,0/4
b15,all,rq,3MAX,3,60,-0.3775296508386715,-1.0326305035833085,0.3065465928869445,0.9753761390507718,0.9308587025068586,1.0173667392802477,0.97312385,0.910336614723007,1.0389418386916318,2/4,2/4
b15,all,rq,3MAX,4,60,2.3747773856563503,1.6284312043086209,3.179955342442537,1.083693356225151,1.040469976002057,1.1281432268481677,1.0534481,0.991065677156051,1.1213018434246382,3/4,4/4
b15,all,rq,3MAX,5,60,5.061528218129343,2.7490029839241923,7.3447914145918345,1.207729825414574,1.0851797539347512,1.3327364437746767,1.1709999,1.0172802118832867,1.3156112101798256,3/4,4/4
b15,all,rq,DU,1,58,-14.786804342444215,-18.156908767595045,-11.203431994975734,0.7367637693268209,0.657713125314244,0.8190676428579146,0.7367637,0.6623171362479956,0.8195489218908137,0/4,0/4
b15,all,rq,DU,2,58,-2.8755816510029915,-6.678535945509306,1.0118465858257786,0.9846265761866914,0.8942921570346651,1.081381538096921,0.98462665,0.8904019212414479,1.0798350619987167,3/4,1/4
b15,all,rq,DU,3,58,-0.6915057087510429,-5.4612656187361095,4.139273407024959,1.0125649554912517,0.9120152220814279,1.111200506705592,1.0125649,0.9042988084513566,1.1160954963801235,2/4,2/4
b15,all,rq,DU,4,58,7.259320625572796,2.294826466320621,12.13556799077266,1.0772910042938941,0.963976028152526,1.1925610993417786,1.077291,0.9692158968412671,1.1941617171826033,3/4,4/4
b15,all,rq,DU,5,58,11.096080592666667,5.665766304183388,16.534845854438114,1.1887783392852305,1.0574479117312086,1.3070723518709837,1.1887784,1.063027950307025,1.3075000255244207,4/4,3/4
b15,all,rq,SE,1,127,-4.343777435316738,-5.358048776283826,-3.2091154288639347,0.8441548717956904,0.780667494815629,0.911269849226476,0.92410755,0.8262367130675184,1.0281845445884024,1/4,0/4
b15,all,rq,SE,2,127,-2.0312757996596016,-2.702901924394863,-1.3976679298144157,0.9183056173381967,0.8816039023593191,0.9557846568146927,0.9297157,0.8588586768179428,1.0041292298966504,0/4,0/4
b15,all,rq,SE,3,127,-0.24640503670360708,-0.725400104284721,0.2336439420136515,0.9801729350775225,0.949086544776233,1.0149194989808819,0.9372479,0.8796895139212684,0.9959279809293784,2/4,2/4
b15,all,rq,SE,4,127,1.9877707349499982,1.4264755599922878,2.5210539919526114,1.0757534256252566,1.0409532501429932,1.1105130409999564,1.0600121,0.9920010356921849,1.1354212653683866,3/4,4/4
b15,all,rq,SE,5,127,4.63322912508013,3.1306273450096413,6.0978809935316365,1.1815760467748129,1.0996547912790822,1.2648176576087498,1.1489072,1.0399418268910072,1.2523768766658514,4/4,4/4
b15,quality,dup_b,20MAX,1 (unique),131,-1.51810244392766,-1.7683049529003523,-1.2709732590724014,0.9611654996497404,0.9512658654338418,0.9710825791747052,0.98814845,0.9766294450932786,0.999140887770034,0/4,0/4
b15,quality,dup_b,20MAX,2-5,131,3.957583914384486,3.1797988439298472,4.698867698472309,1.1164677912905245,1.0802160676520018,1.1540884922804606,1.0747313,1.0095744854052557,1.151420607662383,4/4,4/4
b15,quality,dup_b,20MAX,21+,118,17.83511682627378,14.727328910193902,20.825636911887543,1.4824825483973991,1.3584596119202779,1.6057204685846074,1.1980541,1.0954899657075687,1.3137639236462821,4/4,4/4
b15,quality,dup_b,20MAX,6-20,127,5.773636011457939,4.252107051979873,7.276991307307859,1.1317177031835568,1.0767160015241057,1.1925600290640308,1.008727,0.9358823480803197,1.0894185467146513,4/4,4/4
b15,quality,dup_b,3MAX,1 (unique),60,-1.2188666488672042,-1.5805480608014726,-0.8646407151724322,0.9684798748860781,0.9541089773041821,0.982126637919507,0.9820155,0.9653731538852055,0.9978356180588405,0/4,0/4
b15,quality,dup_b,3MAX,2-5,59,5.503348343937651,3.9034025101449124,7.196797282575058,1.1629258562371172,1.0827178265964845,1.238701179224981,1.1063732,0.9901946761850584,1.2349327668547632,4/4,4/4
b15,quality,dup_b,3MAX,21+,42,25.034239713782156,16.384922103310757,33.62833464999503,1.4967364025975352,1.200565889085673,1.8211279550533768,1.2496852,1.0001072686697754,1.5014287395846275,3/4,4/4
b15,quality,dup_b,3MAX,6-20,53,11.20295669160256,6.823636535031323,15.442747355925635,1.3514787475899173,1.1164455773148965,1.6038958847466072,1.150295,0.9447328002596239,1.3705743223815314,3/4,4/4
b15,quality,dup_b,DU,1 (unique),55,-10.523326884340097,-15.001649720725858,-6.064571496065022,1.012541048609895,0.8593219938238802,1.187294698484607,1.012541,0.8622309045764533,1.1864988150921736,1/4,0/4
b15,quality,dup_b,DU,2-5,51,-5.0919719275375,-9.937817084614446,-0.19293073663547844,1.033208043270252,0.9306974468943063,1.1447584044084511,1.033208,0.9281742976868854,1.1364485245124967,3/4,0/4
b15,quality,dup_b,DU,21+,58,0.5006023392538312,-0.31496892510588564,1.176716149113017,0.9970557015833232,0.9797255483595467,1.0113939661485836,0.9970557,0.9809456330948862,1.0126225709915162,1/4,3/4
b15,quality,dup_b,DU,6-20,52,-3.514974582676804,-9.671341338757168,2.4341625765975765,1.1022382351009532,0.9325353885627897,1.2807592544158635,1.1022382,0.9404864773369179,1.2787840717830337,3/4,1/4
b15,quality,dup_b,SE,1 (unique),122,-1.1329423942041064,-1.3657941057579113,-0.9102965853459419,0.9698035348488409,0.9612319037820836,0.9788593206422352,0.9884684,0.9801046677055907,0.9967147674716886,0/4,0/4
b15,quality,dup_b,SE,2-5,119,9.687713482612,7.649431377621904,11.699475014469783,1.302129255667758,1.200703848674478,1.408940550156683,1.1222037,1.014909441063196,1.234915116986557,4/4,4/4
b15,quality,dup_b,SE,21+,61,21.912320492792137,14.863331137360593,29.247282745480106,1.3436706724719345,1.1337182866428013,1.5886977469025616,1.0804919,0.8986237509573093,1.2666526316619309,4/4,4/4
b15,quality,dup_b,SE,6-20,83,14.828551423035531,11.211919873077681,18.436863235353638,1.4677661347522362,1.2605861525076918,1.6781033192010262,1.1928542,1.0333208887422658,1.3655416870916106,4/4,4/4
b15,quality,q,20MAX,1,131,-7.325703124042462,-8.771030422572785,-5.868899828042268,0.8016853591145511,0.7417563659027409,0.8624614209388409,0.8365814,0.7586266822714842,0.9170718669663859,0/4,0/4
b15,quality,q,20MAX,2,131,-3.0946306955214236,-3.964548798118547,-2.2494229444041567,0.9180369650432892,0.88066226171986,0.9555307067516067,0.9446172,0.8872653473765796,1.0009742572221136,0/4,0/4
b15,quality,q,20MAX,3,131,0.2120114908775621,-0.2859149554889512,0.7173443126440766,1.0018990237105787,0.9796643401119427,1.0236972993223712,1.0253925,0.9844578225080294,1.0649631187092257,2/4,2/4
b15,quality,q,20MAX,4,131,3.045250524479603,2.3124197346790205,3.8135453545212963,1.0863855234012436,1.0530337160053336,1.1184731015757627,1.0678072,1.0192937263209403,1.1171357754873865,3/4,4/4
b15,quality,q,20MAX,5,131,7.164426826773949,5.386525230954503,9.05771167457866,1.192021080940657,1.1207958687232236,1.262177699565443,1.1256428,1.0410586303085771,1.2151853759325189,4/4,4/4
b15,quality,q,3MAX,1,60,-6.654125173743774,-8.977516998326449,-4.44540563249625,0.8152458001087941,0.7200622507677467,0.9143973172574089,0.83172405,0.7139079109827677,0.951769313638409,1/4,0/4
b15,quality,q,3MAX,2,60,-3.5221237124255906,-4.808164481765966,-2.1556216540428523,0.8887065201028688,0.8310673329159036,0.94378193767608,0.9051077,0.8244483066598575,0.9890104830016693,0/4,0/4
b15,quality,q,3MAX,3,60,0.07142466493400655,-0.7181905405612368,0.9032710183575086,1.0306677574799887,0.980898937170308,1.0818926780359346,1.0848243,1.0112024501214425,1.1641239908337593,3/4,3/4
b15,quality,q,3MAX,4,60,2.7311872862007887,1.5975190584054637,3.898815668636678,1.0674379945938341,1.0161024753718304,1.1191928399721287,1.0234493,0.9504216131816308,1.0950841122865678,3/4,4/4
b15,quality,q,3MAX,5,60,7.3731827052346715,4.416394978161317,10.306323804219865,1.19792436572696,1.0779154504567658,1.3257887158397668,1.1549145,1.0146559776738286,1.301737798837324,4/4,4/4
b15,quality,q,DU,1,58,-11.022160132961286,-15.972158212539254,-5.954890893651665,0.9963102640874255,0.8368239154673615,1.178658647042972,0.99631035,0.8375953247064146,1.1663994439716994,1/4,0/4
b15,quality,q,DU,2,58,-2.285015264904336,-7.811893955348051,3.30750619525486,1.0494710715692273,0.9134041286358203,1.1860829444127552,1.0494711,0.9171341546899479,1.181114664746866,2/4,2/4
b15,quality,q,DU,3,58,-1.9445246558017757,-7.023880429293922,3.3360490955899706,0.8804332370052399,0.7607419519854888,1.0024100138318766,0.8804332,0.7608197331332184,0.9999944241083194,0/4,0/4
b15,quality,q,DU,4,58,5.843338301307481,0.05633964771341807,11.433540242391464,0.9843600463833685,0.8473404905203459,1.1224466748194275,0.9843601,0.8464240670537352,1.1263224513392398,3/4,4/4
b15,quality,q,DU,5,58,9.412340327518509,2.2920124835528335,16.290534522043192,1.0893886463586777,0.9235470944438042,1.2596880166189226,1.0893886,0.9168116644891942,1.2605850416406235,2/4,4/4
b15,quality,q,SE,1,122,-6.490894881928086,-7.977769402446161,-4.928808258292715,0.832767073690285,0.7610542364384041,0.9048745352282792,0.9103696,0.7950285193892043,1.0352653662414582,1/4,0/4
b15,quality,q,SE,2,122,-2.8525873451397716,-3.8365614833627526,-1.8949010808579996,0.9226525938644867,0.8797235396303428,0.9669937858090134,0.91469824,0.8442867961819055,0.9879968345775956,0/4,0/4
b15,quality,q,SE,3,122,0.3405145648286768,-0.26192352821382836,0.939127886558402,1.028912851454186,0.991968550920072,1.067857350054499,0.9831152,0.9269810294762987,1.0394751412458108,3/4,3/4
b15,quality,q,SE,4,122,2.48943871070825,1.7230845642345267,3.26894734245751,1.0454892333904655,1.0028009203334611,1.086283607100052,1.0341518,0.9619185585589682,1.1070184686389126,3/4,4/4
b15,quality,q,SE,5,122,6.515822947987304,4.637570780431695,8.51208187326111,1.1702368898194055,1.0829670435638903,1.2586257074952183,1.1577029,1.0485687255218137,1.277632387361077,4/4,4/4
b15,quality,rq,20MAX,1,131,-6.599737992689339,-8.007423515701499,-5.210261595846369,0.8207259131225252,0.7619346761594603,0.8793661016134211,0.8463527,0.7678794431265529,0.9310152998123006,1/4,0/4
b15,quality,rq,20MAX,2,131,-2.627357372793555,-3.437747908379778,-1.8171839726720855,0.9238374475695962,0.8895661727361438,0.9587176365359286,0.9448858,0.8941132124029952,0.9989698448367701,0/4,0/4
b15,quality,rq,20MAX,3,131,0.30957077514342013,-0.18960909404259382,0.8197403265049045,0.9977345501901561,0.9760588821071661,1.0189409313222215,1.0242039,0.9865241692721389,1.0639928276643498,2/4,3/4
b15,quality,rq,20MAX,4,131,2.870269214488109,2.127152197094884,3.627170810635495,1.079953678777575,1.0472678505620931,1.1103922673128517,1.0590186,1.010340280011865,1.108922357902727,3/4,4/4
b15,quality,rq,20MAX,5,131,6.048140496412345,4.243635977590785,7.831835335421662,1.177791452981968,1.1058009854381086,1.2543501888503688,1.1256031,1.0394976044656665,1.2158774482043644,4/4,4/4
b15,quality,rq,3MAX,1,60,-6.1539193343070435,-8.448545381865577,-3.9196514278400696,0.8146445984594046,0.7272358544732856,0.9096536658568799,0.8280279,0.7098017976308862,0.9524808352316418,1/4,0/4
b15,quality,rq,3MAX,2,60,-2.879819796569676,-4.196962692878076,-1.5823039144237756,0.92357150812201,0.8654801706488315,0.9844495853126924,0.95693666,0.8680537267277638,1.0558996062725783,1/4,0/4
b15,quality,rq,3MAX,3,60,0.11468317366973721,-0.6274606541951508,0.9245504856893281,0.9955389022960651,0.952614350579376,1.037485450637754,1.0211179,0.9491336611658334,1.0923348525414864,2/4,3/4
b15,quality,rq,3MAX,4,60,2.859692115634495,1.7383345840366689,3.9808659634001256,1.0811699562568624,1.0314375668556275,1.1355655836108975,1.0514605,0.9853763247032961,1.119862444351117,3/4,4/4
b15,quality,rq,3MAX,5,60,6.058299581396813,3.144053227888657,8.947332991006174,1.1849948013301839,1.060742178642802,1.3088489899114837,1.1423974,1.0013611423720916,1.283657215933005,4/4,4/4
b15,quality,rq,DU,1,20,-9.9347049191874,-16.333074705340078,-2.904984496443417,0.8102201785213674,0.6664843797673496,0.9691952429809751,0.81022024,0.6632808219641447,0.9670068732649088,1/4,1/4
b15,quality,rq,DU,2,20,4.8316026426801155,-2.2344305989432804,12.247932508728661,1.1964507493164993,1.0097532857291294,1.3993309655713941,1.1964508,1.0075333361327647,1.398880943506956,3/4,3/4
b15,quality,rq,DU,3,20,8.319705744519315,-0.32214549376310747,16.70588122815944,1.1938283039560729,0.9875375480901653,1.4195851753736637,1.1938283,0.9792043297737837,1.4150390305370093,4/4,4/4
b15,quality,rq,DU,4,20,3.2001545249597334,-5.072395365485595,11.479464848215882,0.9927684662463967,0.8141596627510963,1.184293566599998,0.99276847,0.8000967182405293,1.1770205368101596,2/4,2/4
b15,quality,rq,DU,5,20,-6.409754462893369,-16.263488669867773,3.1158021259964293,0.806861959203158,0.5829827358587348,1.0429581663710206,0.8068619,0.5858212046325206,1.0275039820373058,1/4,1/4
b15,quality,rq,SE,1,122,-5.909941677514498,-7.298951528492549,-4.477233689078158,0.848466455540096,0.7726991799094969,0.9272376640594007,0.9084861,0.7972935711781753,1.0347573986002168,1/4,0/4
b15,quality,rq,SE,2,122,-2.448082073140264,-3.4102692819978273,-1.560758655771105,0.9306984197815462,0.8865179620021159,0.9722440102426448,0.9493793,0.8717878570322131,1.0305753863981513,0/4,0/4
b15,quality,rq,SE,3,122,0.5880397795121448,0.01892040770574492,1.1643828996711796,1.0229866632204139,0.9880941883863151,1.0588991188539043,0.9808347,0.9215922290062318,1.0427973014653706,3/4,3/4
b15,quality,rq,SE,4,122,2.606756655919716,1.8156552812352367,3.3753504467963613,1.0389793615718224,1.0004089167926025,1.0773175537722546,1.0107025,0.9461839373605173,1.077698163004195,3/4,4/4
b15,quality,rq,SE,5,122,5.1659029514565855,3.3709393812212207,6.987046185128372,1.1589206148250428,1.0714205169299282,1.2487590255922907,1.1505951,1.0429177003897359,1.2621488542769288,4/4,4/4
b25,all,dup_b,20MAX,1 (unique),137,-0.9414392149818015,-1.080294712390051,-0.8045442935359896,0.9636459069423728,0.9570415332822824,0.9703138384328176,0.9837105,0.976483096062702,0.9905920577527833,0/4,0/4
b25,all,dup_b,20MAX,2-5,137,3.771189484157759,3.091796781302273,4.468295037886484,1.1637592315845235,1.1273941494844324,1.1998437161715385,1.1275108,1.0695180584370654,1.1922948199467067,4/4,4/4
b25,all,dup_b,20MAX,21+,127,21.01600319105909,17.939868704598037,24.174293077056,1.8366079677035039,1.6714826066541697,2.003563981182128,1.4732785,1.3391167937183943,1.619137372551706,4/4,4/4
b25,all,dup_b,20MAX,6-20,136,5.801573954378801,4.4660107663516975,7.234299497361018,1.1939620907622999,1.1379613387756102,1.2528521010021392,1.0354156,0.9668328924652408,1.108584445035633,3/4,4/4
b25,all,dup_b,3MAX,1 (unique),65,-0.7786941711485129,-0.966903147163353,-0.5994762363302729,0.9713097221936899,0.9624460328289942,0.9795731288406917,0.9836473,0.9749680758898075,0.9928798649861262,0/4,0/4
b25,all,dup_b,3MAX,2-5,65,6.86167576088926,5.365240957386703,8.356479164360367,1.259129985410397,1.1798795389692434,1.338133522726541,1.1353028,1.0340019566966938,1.2498863073954216,4/4,4/4
b25,all,dup_b,3MAX,21+,49,26.546894421493484,17.966554077681415,34.61518747983256,1.8132300440347222,1.4615168735101234,2.174764173202142,1.4865508,1.1898673127500379,1.779049416616255,4/4,4/4
b25,all,dup_b,3MAX,6-20,57,14.722470782244825,10.572985785673254,18.893829810492907,1.5898024812814906,1.332971990938627,1.8806054541102206,1.3215494,1.093763122485395,1.562785851223427,4/4,4/4
b25,all,dup_b,DU,1 (unique),64,-17.39292248898602,-20.709284973056572,-14.041688528498053,0.6796446525710481,0.6061458088145792,0.7496786733142962,0.6796447,0.6056681674323044,0.7531221332727,0/4,0/4
b25,all,dup_b,DU,2-5,64,-10.170495877745402,-13.046256379921578,-7.272905619473543,0.846153609423084,0.7808974846322002,0.9159179074450994,0.8461536,0.7798316571861506,0.914354361477308,0/4,0/4
b25,all,dup_b,DU,21+,64,4.689780364775718,3.567513995540853,5.993101558076195,1.0901698446167178,1.0642146317149261,1.120352566719925,1.0901699,1.065019205864519,1.1199832289014011,4/4,4/4
b25,all,dup_b,DU,6-20,64,-8.290587026953482,-11.37617882395438,-5.175813271836612,0.8880878551018242,0.8245915725287143,0.9558198963765531,0.88808787,0.8250738217961043,0.9520464928820729,0/4,0/4
b25,all,dup_b,SE,1 (unique),138,-0.6629119989608803,-0.7762009351145313,-0.5498042959560172,0.9727503266595783,0.9672182148020402,0.9782221967116246,0.9863843,0.9812214604322461,0.9911977568398351,0/4,0/4
b25,all,dup_b,SE,2-5,130,12.502813792279587,10.515815267312085,14.56405396180889,1.5312975162518254,1.414212189232692,1.6535782785190054,1.2446247,1.1325328491943387,1.363347694549996,4/4,4/4
b25,all,dup_b,SE,21+,69,27.260724768555512,19.599336864413278,34.74272405398463,1.8886940092546045,1.546067893758837,2.2220496638343343,1.5172048,1.2617371115671552,1.7963691050483694,4/4,4/4
b25,all,dup_b,SE,6-20,98,19.468332913450148,15.77919497296826,23.114482495860326,1.9404294838869378,1.6626398410593308,2.2229162406156635,1.5478427,1.3112443175489956,1.7885697877965867,4/4,4/4
b25,all,q,20MAX,1,137,-9.100378593579375,-10.124561297403227,-7.990249909882585,0.6230188324500776,0.5750153882632298,0.6718716860488423,0.6391069,0.5785589373894852,0.7056896389917517,0/4,0/4
b25,all,q,20MAX,2,137,-4.11279583718559,-4.823283546391127,-3.428741757842981,0.8300860720110945,0.7961931458995776,0.8628987362310339,0.8280709,0.7845633655677747,0.8724698486119291,0/4,0/4
b25,all,q,20MAX,3,137,-0.489183898807055,-0.939896839817374,-0.029414803543887064,0.981521442179339,0.9559702064076311,1.008273598425983,1.0106233,0.972800254560735,1.051818666014358,2/4,1/4
b25,all,q,20MAX,4,137,3.361933499174,2.934750458716528,3.7762535530166668,1.1429895890094213,1.1210993407558174,1.1646727359279907,1.1462438,1.108850454359594,1.1874935793506838,4/4,4/4
b25,all,q,20MAX,5,137,10.340705868685319,8.762604428465606,12.039987600074923,1.422389205612793,1.3387682690492304,1.5026154252366988,1.3759576,1.2854356396154765,1.477051525524933,4/4,4/4
b25,all,q,3MAX,1,65,-8.35364448430791,-9.903688211666491,-6.754599270312556,0.6748890099627755,0.5886850479520628,0.7631843046996543,0.7254804,0.6152086853751769,0.845090584600201,0/4,0/4
b25,all,q,3MAX,2,65,-3.7969536608465475,-4.951669673695695,-2.72077435002288,0.8423540642333714,0.7906311817480896,0.8960138489396706,0.8845886,0.8080206389152087,0.9634918258511103,0/4,0/4
b25,all,q,3MAX,3,65,-0.5717030568684283,-1.2375631655861494,0.05763688422658163,0.9671724273780078,0.9288387374192904,1.0067504463174686,0.9423926,0.8879438829651246,0.9973506928636476,1/4,2/4
b25,all,q,3MAX,4,65,3.076338021531472,2.40242067294983,3.804115600705642,1.134412877973872,1.0903444606009858,1.1777324145325527,1.1177577,1.0482080523325847,1.1945259040594103,4/4,4/4
b25,all,q,3MAX,5,65,9.647366013033162,7.10719568455391,12.216752527436997,1.3812374524682298,1.2485212940837227,1.520817296739939,1.3298447,1.1798056192352222,1.4786439418563475,4/4,4/4
b25,all,q,DU,1,64,-18.184221332730104,-22.146484233753597,-14.024772194210367,0.6568140407600401,0.5715111913752587,0.7438252974979717,0.6568141,0.5706467004027218,0.7473875521100126,0/4,0/4
b25,all,q,DU,2,64,-6.729035456717387,-10.104809790630872,-3.495399278563563,0.9228559101906613,0.8448112240816111,1.0067312061741847,0.922856,0.8435661837691442,1.0047676265472547,1/4,0/4
b25,all,q,DU,3,64,0.9724804916878363,-2.887292329141265,4.717805576000136,1.0781911141543599,0.9883734625673771,1.1759376081938149,1.078191,0.9815051804762334,1.1750532254227437,3/4,2/4
b25,all,q,DU,4,64,6.797562936054824,2.4152422976075676,11.165310411081856,1.0805568515092925,0.980122357917485,1.1847918774673913,1.0805569,0.9786769009995624,1.1870173038121719,3/4,4/4
b25,all,q,DU,5,64,17.14457586139814,10.906324670435117,23.111358531538485,1.2616347770557095,1.126522320420623,1.4026312784616946,1.2616348,1.1198700969261153,1.3989410772221162,4/4,4/4
b25,all,q,SE,1,138,-7.426176409570995,-8.441819189556856,-6.298833265086021,0.7055664272005119,0.6413723270388358,0.769238996806225,0.7811114,0.6850614204422395,0.8746397301392711,0/4,0/4
b25,all,q,SE,2,138,-3.6737748354350903,-4.316531158640302,-3.005407428373254,0.836736543161271,0.7978900978504824,0.875945580436735,0.82425123,0.7604315895317257,0.8909807336071263,0/4,0/4
b25,all,q,SE,3,138,-0.6371040233058191,-1.1077128813212278,-0.1895337644596938,0.9851015129368648,0.955120666359124,1.0137144577589057,0.97965807,0.9266544155344584,1.034632832524569,3/4,1/4
b25,all,q,SE,4,138,2.9311440444660852,2.443813499562315,3.3953689961455105,1.1297274291222417,1.0945529205791555,1.162977842056117,1.1376995,1.0764821485008882,1.1991813590777094,4/4,4/4
b25,all,q,SE,5,138,8.805578512454524,7.215937628908136,10.446808722313955,1.3428397535903989,1.2522962379435947,1.4374024298237944,1.2772347,1.1660632390906847,1.389740628754531,4/4,4/4
b25,all,rq,20MAX,1,131,-5.977249193971475,-7.036624475112017,-4.946739715479759,0.763925850019537,0.7141784438073289,0.8168861407112509,0.7923245,0.7271860676412364,0.8660757346519532,0/4,0/4
b25,all,rq,20MAX,2,131,-2.9008291574661715,-3.487619046139239,-2.3217969039152586,0.8782684102353983,0.8475017245340406,0.9086226082081257,0.8926821,0.8486471560733919,0.934404157602605,0/4,0/4
b25,all,rq,20MAX,3,131,-0.4126765466156317,-0.8412761862832664,-0.017226041603373928,0.9798405387190529,0.9586970127964023,1.0001256345736707,0.9953773,0.9591514745513902,1.0312885140872186,1/4,1/4
b25,all,rq,20MAX,4,131,2.4423188917777736,1.9965097497261506,2.864455638913697,1.1093676113088322,1.0843220223345489,1.1347870789236414,1.099646,1.0608005905765614,1.1401830847595484,4/4,4/4
b25,all,rq,20MAX,5,131,6.848523682875275,5.535432333022445,8.28331256038284,1.2686032404406684,1.1968118524943048,1.342940751860694,1.2199839,1.1335771715595522,1.310346976172833,4/4,4/4
b25,all,rq,3MAX,1,60,-5.670046093095951,-7.356133766248379,-3.9540898798192057,0.7959351980679431,0.7100367729020776,0.8925293213723409,0.8658722,0.742060625217855,0.9919602522750695,1/4,0/4
b25,all,rq,3MAX,2,60,-2.826744622605825,-3.7922825736427384,-1.8654491375201496,0.8738941652459971,0.8242316328311364,0.9232544306325355,0.88153535,0.8117554892847935,0.9576411856710911,0/4,0/4
b25,all,rq,3MAX,3,60,-0.6408756177212465,-1.2383516948985176,-0.04251804689125419,0.9813949254980344,0.9455393202763751,1.0173814942293395,0.950634,0.9035981784264246,1.0001006205379963,1/4,1/4
b25,all,rq,3MAX,4,60,2.581297400762346,1.833986145556831,3.3444466863658278,1.0888097466225741,1.0423038965249327,1.1353751374939764,1.0712849,1.0030072110642991,1.1451126690208913,3/4,4/4
b25,all,rq,3MAX,5,60,6.5570169823429465,4.335371047312293,9.012854540503469,1.2599985926845785,1.1385478340173183,1.3907941342505625,1.2306875,1.0801912543425958,1.3745717157423496,4/4,4/4
b25,all,rq,DU,1,58,-14.241635108604303,-17.803233403881578,-10.721827679540139,0.7502712170821322,0.6681280808619393,0.8339918810403861,0.75027126,0.6667738583388514,0.8285870506331838,0/4,0/4
b25,all,rq,DU,2,58,-4.397721094339902,-7.9448434435248,-0.7462431355552569,0.9500475237663469,0.8651960709160782,1.0345654158558975,0.9500476,0.8670027641386822,1.029874462493021,2/4,0/4
b25,all,rq,DU,3,58,1.1081931583345728,-3.3670588948863687,5.562625955920785,1.066849893895255,0.9707262237309808,1.1704709367663715,1.06685,0.97340433214759,1.165774177528661,4/4,2/4
b25,all,rq,DU,4,58,7.084778715729437,1.901526363171925,12.258727578136044,1.0689107978041361,0.960453511432115,1.1778012613012738,1.0689108,0.9541118172479087,1.1773690736242408,3/4,4/4
b25,all,rq,DU,5,58,10.447556968181413,4.74199421475696,16.030182084900684,1.163944960784367,1.0383453773199478,1.293316580101436,1.1639451,1.0369076782856579,1.293197793245179,4/4,4/4
b25,all,rq,SE,1,127,-5.1604473291726,-6.200457353666743,-4.144658226728733,0.8061119108581132,0.7417547314033403,0.8714871996493251,0.88147736,0.7845901376032454,0.9828889405516188,0/4,0/4
b25,all,rq,SE,2,127,-2.661020392564698,-3.31278344767229,-1.9909565882440239,0.898644650071932,0.8600741237019399,0.9368501796036498,0.9252955,0.852750631545003,0.9999673268398431,0/4,0/4
b25,all,rq,SE,3,127,-0.21394560338108015,-0.6499824485030995,0.19645457191188023,0.9848687679051523,0.9570476267768705,1.0120689636073408,0.9539477,0.9023003587455262,1.0060287540118527,2/4,2/4
b25,all,rq,SE,4,127,2.1904792352138545,1.6993349415382806,2.66282787196545,1.0825676549288632,1.0486820753766248,1.1154840375802564,1.0580225,0.991337256227422,1.1294068077769805,4/4,4/4
b25,all,rq,SE,5,127,5.844109184485364,4.36654406527171,7.460086907506347,1.2277705421273128,1.143465999577886,1.3122441660112563,1.1812167,1.0812891387211994,1.280193012037615,4/4,4/4
b25,quality,dup_b,20MAX,1 (unique),131,-1.51810244392766,-1.7756923164953735,-1.2653366901857153,0.9611654996497404,0.9513883646909331,0.9713171692227204,0.98814845,0.977338142636168,0.9994176709924946,0/4,0/4
b25,quality,dup_b,20MAX,2-5,131,3.957583914384486,3.2082649419802673,4.711446170330299,1.1164677912905245,1.0793256109058185,1.1544032390472314,1.0747313,1.0094259606745406,1.1528426149646744,4/4,4/4
b25,quality,dup_b,20MAX,21+,118,17.83511682627378,14.754712481052481,20.862254704214017,1.4824825483973991,1.3638220965832095,1.609761481705594,1.1980541,1.0917336634786452,1.305565468720713,4/4,4/4
b25,quality,dup_b,20MAX,6-20,127,5.773636011457939,4.272435794309827,7.389486244127553,1.1317177031835568,1.0722992806325882,1.1902111010481613,1.008727,0.936722470162891,1.0863333670349102,4/4,4/4
b25,quality,dup_b,3MAX,1 (unique),60,-1.2188666488672042,-1.5958475202347961,-0.8352950266148835,0.9684798748860781,0.9541291943101053,0.9821905748305733,0.9820155,0.9657819218436877,0.9979187422990798,0/4,0/4
b25,quality,dup_b,3MAX,2-5,59,5.503348343937651,3.8791225920971586,7.027543933558406,1.1629258562371172,1.084383959705045,1.237611017092933,1.1063732,0.9926313674045821,1.2307971892468,4/4,4/4
b25,quality,dup_b,3MAX,21+,42,25.034239713782156,16.509174570081967,33.51228268119241,1.4967364025975352,1.1950396347226946,1.8255141360620903,1.2496852,1.0124319674358482,1.4925042083930402,3/4,4/4
b25,quality,dup_b,3MAX,6-20,53,11.20295669160256,6.698052516169771,15.532983481684951,1.3514787475899173,1.1122013191058,1.5901064404355678,1.150295,0.9495368498957382,1.3706343781378754,3/4,4/4
b25,quality,dup_b,DU,1 (unique),55,-10.523326884340097,-14.850127861467174,-5.836542200223425,1.012541048609895,0.857721771082751,1.193602466659711,1.012541,0.8599647571552883,1.1853102525391361,1/4,0/4
b25,quality,dup_b,DU,2-5,51,-5.0919719275375,-9.897587652599379,-0.16689344332368306,1.033208043270252,0.9280175537340603,1.142281326248279,1.033208,0.927133534089023,1.143632336720532,3/4,0/4
b25,quality,dup_b,DU,21+,58,0.5006023392538312,-0.3431540485022399,1.1939075485226935,0.9970557015833232,0.9802631181128144,1.011095455895852,0.9970557,0.9802526412852879,1.0118337424150827,1/4,3/4
b25,quality,dup_b,DU,6-20,52,-3.514974582676804,-9.295138169955631,2.3799223329153323,1.1022382351009532,0.9385764317274242,1.2737217560729082,1.1022382,0.9397088932804764,1.2794984877396087,3/4,1/4
b25,quality,dup_b,SE,1 (unique),122,-1.1329423942041064,-1.3624483535919467,-0.8951404959532924,0.9698035348488409,0.9606086659409262,0.9788403089450867,0.9884684,0.9797704577690265,0.9969096398988708,0/4,0/4
b25,quality,dup_b,SE,2-5,119,9.687713482612,7.586463462803482,11.649429065226872,1.302129255667758,1.201689328824721,1.4062536069108738,1.1222037,1.01579835758928,1.2338050578306077,4/4,4/4
b25,quality,dup_b,SE,21+,61,21.912320492792137,14.523701615678625,28.990348427799198,1.3436706724719345,1.1246359985413465,1.5746093338374225,1.0804919,0.8965975331966994,1.274127572017615,4/4,4/4
b25,quality,dup_b,SE,6-20,83,14.828551423035531,11.279368823351131,18.67465840606974,1.4677661347522362,1.26612144957979,1.6846922169067213,1.1928542,1.0321460836084493,1.3606652044208654,4/4,4/4
b25,quality,q,20MAX,1,131,-8.434758282350188,-9.833410403931007,-7.055068668920574,0.766840642156126,0.7059126331384894,0.8244412360450181,0.8085791,0.7350743379756695,0.8886107723107776,0/4,0/4
b25,quality,q,20MAX,2,131,-3.5794966709797555,-4.483250204616012,-2.7471399831781165,0.8999241260750748,0.8656359431208323,0.9344748198224525,0.93024313,0.8778990002647611,0.9832879632370163,0/4,0/4
b25,quality,q,20MAX,3,131,-0.20257774615974053,-0.6489482198040731,0.2538128363852808,1.0022701571057915,0.9801571018686432,1.0244507548349127,1.0371618,0.9959697608729355,1.081157388850933,2/4,2/4
b25,quality,q,20MAX,4,131,3.375545851274452,2.6833765077480978,4.076917908566467,1.0982371269543882,1.06796891106331,1.1284110538668328,1.0778159,1.027892140839391,1.126154850264087,4/4,4/4
b25,quality,q,20MAX,5,131,8.84269211060339,7.008751056232732,10.818002258382476,1.2327835082754846,1.1587850686762136,1.3113822709124032,1.1462835,1.0607386016379332,1.233710517353229,4/4,4/4
b25,quality,q,3MAX,1,60,-7.776481947913187,-10.11450505593217,-5.461512654655042,0.7869941123199815,0.691000454534228,0.885619514643208,0.7918857,0.6706318582097689,0.909537817829599,1/4,0/4
b25,quality,q,3MAX,2,60,-3.9923299168938144,-5.326752807712351,-2.757104516227313,0.8705630517574379,0.8157359963012204,0.9238015078823462,0.9080977,0.8212895061820746,0.9967047402759394,0/4,0/4
b25,quality,q,3MAX,3,60,-0.2856808877675806,-0.9618002960507133,0.4116853000787306,1.0306015243297477,0.9879325191152819,1.0741583067459286,1.075054,1.0048582370082537,1.1518030502895513,1/4,1/4
b25,quality,q,3MAX,4,60,3.221022193373869,2.1553416335159095,4.322756235411616,1.0858918142398712,1.0382463842964371,1.137139504785817,1.0516986,0.9822591019421816,1.1224021240075428,3/4,4/4
b25,quality,q,3MAX,5,60,8.833037718881293,5.751503387426075,11.962042343345225,1.2259812479839423,1.111844587501008,1.3521352758671201,1.1732982,1.0310561861097813,1.3113336245343088,4/4,4/4
b25,quality,q,DU,1,58,-10.081686238543309,-14.864598190257421,-5.003900984881492,1.0450671773141849,0.8888220475235569,1.2289216776095477,1.0450672,0.8896581725956038,1.2276490961875894,1/4,0/4
b25,quality,q,DU,2,58,-4.742317310523806,-9.905681388531878,0.5878587616119427,0.9946347745571411,0.8605551996304746,1.1326885499841273,0.99463487,0.86310612225327,1.1296583239631406,2/4,1/4
b25,quality,q,DU,3,58,1.6438741165379918,-3.8039355467613625,7.012390235978335,0.9643764754035135,0.8376734385717337,1.0948394343051042,0.96437645,0.8396921126035459,1.0956595624548158,1/4,3/4
b25,quality,q,DU,4,58,5.99688855279453,0.23013492747490796,11.65794015426615,0.9761244340267656,0.8322519333462702,1.1191582075072384,0.9761244,0.8464376158843716,1.1166839761665524,2/4,3/4
b25,quality,q,DU,5,58,7.183104166199715,0.29289787783502585,14.016686405857149,1.019661606607301,0.8453667386853616,1.1872036339886105,1.0196617,0.8602258570849542,1.1847869364608978,2/4,3/4
b25,quality,q,SE,1,122,-7.458811758364051,-8.939495982059995,-5.982031991140207,0.80701336246652,0.7333443766344959,0.8843997648496174,0.87812287,0.7728385601772881,0.9931465002418052,0/4,0/4
b25,quality,q,SE,2,122,-3.4770568520535003,-4.3981744467635355,-2.5298829483718275,0.912961431801041,0.8713889743176089,0.9561116546521082,0.9176434,0.8517656448984243,0.9924059307111092,0/4,0/4
b25,quality,q,SE,3,122,0.14018518065195437,-0.39061073425172066,0.6909268968895186,1.033788073556262,0.9972506274161469,1.0719443071555739,1.0113261,0.9492387166521589,1.0722801425906479,3/4,2/4
b25,quality,q,SE,4,122,2.907303978023382,2.1733576102490595,3.621980757862696,1.0537571709982159,1.0180020232274303,1.0902438952918592,1.070441,0.9935768900958242,1.1504688249137558,3/4,4/4
b25,quality,q,SE,5,122,7.890489190738227,5.9694200680786205,9.884886673612234,1.192537558221243,1.1056168202559762,1.2805823654164525,1.1225789,1.023280930708422,1.2306928314573942,4/4,4/4
b25,quality,rq,20MAX,1,131,-7.700543888925762,-9.112122065074,-6.278030301335314,0.7801781780647804,0.7220254823285924,0.8398695420520443,0.8094407,0.7349044162865358,0.8899641521161294,0/4,0/4
b25,quality,rq,20MAX,2,131,-3.141868703044477,-4.010260838340539,-2.244942260775425,0.9108459146698615,0.8760989719904136,0.9473570419469983,0.94160914,0.8883530429073873,0.9929046975861069,0/4,0/4
b25,quality,rq,20MAX,3,131,0.14842311701548738,-0.2874686677639813,0.6005413268770537,1.0085603312523919,0.9865669641273481,1.0330521180470331,1.0441936,1.000652257518004,1.089104657773753,3/4,3/4
b25,quality,rq,20MAX,4,131,2.9615057186533744,2.262532820649329,3.6541275590305093,1.0799133846804763,1.0503690267443524,1.1090225107926202,1.059325,1.012297373668838,1.1064619975804373,3/4,4/4
b25,quality,rq,20MAX,5,131,7.733080489499616,5.966382846202806,9.699584396210218,1.220538890164525,1.1487885674612281,1.292495357376515,1.145488,1.0652211011536703,1.2334269832734388,4/4,4/4
b25,quality,rq,3MAX,1,60,-7.163314056728586,-9.51742499783922,-4.8700033608545255,0.7934577732817778,0.6953370592293887,0.8914789981007446,0.8294333,0.7081248552973072,0.9627396796519557,1/4,0/4
b25,quality,rq,3MAX,2,60,-3.4772122185744805,-4.751713946502135,-2.1834007330549428,0.8905532534811932,0.8351809449895641,0.9439887290761952,0.9048673,0.8283404518912236,0.9842950846999884,1/4,0/4
b25,quality,rq,3MAX,3,60,-0.17083611010647715,-0.8604264701553512,0.5516927225616062,1.016193403041252,0.9753516990353674,1.0567130760564927,1.0392116,0.9818356484174728,1.0984614372750123,1/4,2/4
b25,quality,rq,3MAX,4,60,3.2951404053281967,2.1541280572374792,4.470822043429338,1.0701467477091164,1.017820094957963,1.121350725693826,1.0397676,0.9705962811410427,1.111234279026588,3/4,4/4
b25,quality,rq,3MAX,5,60,7.515091682602043,4.695973855017095,10.547227423310485,1.2296548411439043,1.1042296086478685,1.3534682993971945,1.1867248,1.050179924542705,1.3287338459243376,4/4,4/4
b25,quality,rq,DU,1,20,-11.557786284630604,-17.067977560131204,-5.157323755365316,0.7768135823969551,0.6428224338577883,0.9210075020128393,0.7768136,0.6440894287824631,0.9180296963080764,0/4,0/4
b25,quality,rq,DU,2,20,7.491058867303304,0.0023628059289344844,15.353032062334355,1.2618604821672457,1.0733737692675822,1.4798734642660036,1.2618606,1.0677011524140834,1.4772767636179924,3/4,3/4
b25,quality,rq,DU,3,20,6.205344110854346,-3.610244818171711,15.513441395428465,1.1645152953575004,0.9152399719758781,1.423566573157063,1.1645154,0.9182848428189754,1.4230482664704323,3/4,2/4
b25,quality,rq,DU,4,20,4.963093546725823,-4.506684334239367,15.781676559668197,0.9734969827377287,0.7420731370470843,1.1879447125586895,0.9734969,0.7489364745980128,1.196099502015859,2/4,2/4
b25,quality,rq,DU,5,20,-7.0950376752596735,-16.720378564359212,3.1650895355726347,0.823468322481047,0.6012142059382907,1.0514330851096163,0.8234683,0.613276372551918,1.0552674110978841,1/4,1/4
b25,quality,rq,SE,1,122,-6.747521324711929,-8.243389587051208,-5.296554723669987,0.8226635738240539,0.7533952823962712,0.8969760193152725,0.8957724,0.7887863130598772,1.0166666641923003,0/4,0/4
b25,quality,rq,SE,2,122,-3.0246669934902295,-3.913775221218131,-2.1688363090469767,0.9228362894890525,0.8803376796227366,0.9648960396632806,0.933063,0.8626299520252181,1.0049316550253844,0/4,0/4
b25,quality,rq,SE,3,122,0.4954116431495626,-0.006408005891314103,1.0248317992572626,1.0203566559275037,0.9837242296622258,1.0559114349970493,0.98511964,0.9303276609690463,1.042278461402557,3/4,3/4
b25,quality,rq,SE,4,122,2.909567205688435,2.151716729264349,3.704987955676231,1.0599103659088644,1.0214970328157473,1.098908502261166,1.0717599,0.9948790343447786,1.155053868596671,3/4,4/4
b25,quality,rq,SE,5,122,6.369724279334583,4.533767888893787,8.268195990368056,1.17435399602391,1.0876367970551137,1.2596298732319096,1.1144927,1.0215616318443026,1.2158229660609217,3/4,4/4
b5,all,dup_b,20MAX,1 (unique),137,-0.9414392149818015,-1.08238472514928,-0.7989212981967051,0.9636459069423728,0.9568776073413945,0.9703765029266199,0.9837105,0.9764185321374531,0.9907681313526892,0/4,0/4
b5,all,dup_b,20MAX,2-5,137,3.771189484157759,3.074705846906645,4.494609293932322,1.1637592315845235,1.1292466688888376,1.2001768801628185,1.1275108,1.0686109951377785,1.1910905971361772,4/4,4/4
b5,all,dup_b,20MAX,21+,127,21.01600319105909,17.90472966126318,24.305306496601737,1.8366079677035039,1.670620208549941,2.0071011485464365,1.4732785,1.3326054113411059,1.6173608139215963,4/4,4/4
b5,all,dup_b,20MAX,6-20,136,5.801573954378801,4.438105898853361,7.203257852335889,1.1939620907622999,1.1375303551224385,1.252969638990461,1.0354156,0.9651703042471234,1.1115735058070106,3/4,4/4
b5,all,dup_b,3MAX,1 (unique),65,-0.7786941711485129,-0.9576427608008798,-0.5990656461354935,0.9713097221936899,0.9619094452641244,0.9799564736496897,0.9836473,0.9737825914071156,0.992847972374696,0/4,0/4
b5,all,dup_b,3MAX,2-5,65,6.86167576088926,5.395216251291958,8.318527410498698,1.259129985410397,1.1792928619975451,1.3333152963416837,1.1353028,1.0287648386221666,1.2451804694762596,4/4,4/4
b5,all,dup_b,3MAX,21+,49,26.546894421493484,18.53291442733441,34.75799426678757,1.8132300440347222,1.4649978540053534,2.1906399963095655,1.4865508,1.2038275418080846,1.7974770298569787,4/4,4/4
b5,all,dup_b,3MAX,6-20,57,14.722470782244825,10.495781952077994,18.62963189302437,1.5898024812814906,1.329071811878736,1.876027334002812,1.3215494,1.1041261626178758,1.5695289584628322,4/4,4/4
b5,all,dup_b,DU,1 (unique),64,-17.39292248898602,-20.886049775731305,-13.990790129800923,0.6796446525710481,0.6059670983541336,0.757197827712981,0.6796447,0.6091705326805823,0.7541387033066712,0/4,0/4
b5,all,dup_b,DU,2-5,64,-10.170495877745402,-13.06563695280429,-7.323771240548918,0.846153609423084,0.783216198675114,0.9150398178971231,0.8461536,0.7845665721455589,0.9139229539083317,0/4,0/4
b5,all,dup_b,DU,21+,64,4.689780364775718,3.5162754805745626,6.0343372396432,1.0901698446167178,1.0649138760006402,1.1189197857547195,1.0901699,1.0654755007475614,1.1202349818311632,4/4,4/4
b5,all,dup_b,DU,6-20,64,-8.290587026953482,-11.286302267569017,-5.099537428949325,0.8880878551018242,0.8255027813201318,0.9567007278663395,0.88808787,0.8266366709489376,0.9577686072327196,0/4,0/4
b5,all,dup_b,SE,1 (unique),138,-0.6629119989608803,-0.782761594952728,-0.554202639686787,0.9727503266595783,0.9670608594399142,0.9783982264908574,0.9863843,0.9812671463126722,0.9912163383070973,0/4,0/4
b5,all,dup_b,SE,2-5,130,12.502813792279587,10.493145962429004,14.470576738983755,1.5312975162518254,1.4161146200649717,1.6511361317348332,1.2446247,1.1279402650147676,1.3691914005835468,4/4,4/4
b5,all,dup_b,SE,21+,69,27.260724768555512,19.613673540463154,34.568871528875114,1.8886940092546045,1.55860496068058,2.2289226294585522,1.5172048,1.246784731151833,1.7857979663580223,4/4,4/4
b5,all,dup_b,SE,6-20,98,19.468332913450148,15.89733241344161,23.086097185280885,1.9404294838869378,1.6620355634884292,2.2301631294518183,1.5478427,1.3142494549385595,1.7884045053919662,4/4,4/4
b5,all,q,20MAX,1,137,-6.316202512243964,-7.371533751879131,-5.259786236911221,0.7447823730141254,0.6956950134528931,0.7963476753727178,0.75242865,0.6828565168554765,0.8234471412198822,0/4,0/4
b5,all,q,20MAX,2,137,-2.734882807600686,-3.377068568723736,-2.0694825306924094,0.8880115856733826,0.854497503028548,0.9176396809028345,0.8955168,0.8516461181270816,0.9386997721708603,0/4,0/4
b5,all,q,20MAX,3,137,-0.060578355370135076,-0.5279453516706852,0.4011434775979051,0.9868307047264683,0.9608583481737645,1.0128859289716177,0.9782512,0.9421405248398329,1.0152713930084758,1/4,1/4
b5,all,q,20MAX,4,137,2.5946261188855315,2.1270863107490987,3.0229733850529072,1.1089520610370789,1.0861959134100259,1.13245243519836,1.1199787,1.0836425510636212,1.1547771732084944,4/4,4/4
b5,all,q,20MAX,5,137,6.517290462100232,4.837372262665814,8.065030296819772,1.2714245212207076,1.1912613772058132,1.3521462440115415,1.2538267,1.1552695457626432,1.3533271265073414,4/4,4/4
b5,all,q,3MAX,1,65,-5.748213896324949,-7.359729393044188,-4.098161941932086,0.7695364901023636,0.6831593393238801,0.8553734383424365,0.8101619,0.69875397503376,0.9323529421595426,0/4,0/4
b5,all,q,3MAX,2,65,-2.5397103671154766,-3.5285921580128417,-1.5908204096728409,0.8960429616010409,0.8420152756165755,0.9493549833743735,0.9078526,0.8260314633525335,0.9940165088497676,0/4,0/4
b5,all,q,3MAX,3,65,-0.03215938175384892,-0.7493794422234726,0.7191395480786559,0.9873849497121728,0.9410487234268793,1.0330447994420515,0.97614455,0.9150360999199061,1.0428342478091899,2/4,2/4
b5,all,q,3MAX,4,65,2.4739390006829534,1.7045798627415851,3.282674225542801,1.0877225565673256,1.0423399584627606,1.1333397826834632,1.0674692,0.9985889404095136,1.1390870764393073,4/4,4/4
b5,all,q,3MAX,5,65,5.847271640198133,3.597395199900745,8.257961760406333,1.2593529545672002,1.1357825668365464,1.3868694480310986,1.2383775,1.085711809534293,1.4013767958375123,4/4,4/4
b5,all,q,DU,1,64,-17.859633826768658,-21.83022104249805,-13.867761470100271,0.6639242524172333,0.5771315434633261,0.7515029399392368,0.6639243,0.5784178642323241,0.754770938627189,0/4,0/4
b5,all,q,DU,2,64,-2.1189798514839806,-5.724606544240629,1.5629272737007072,0.9981500696937846,0.9105842224854616,1.0839385338405947,0.9981501,0.9109016263158992,1.0891550915548578,1/4,1/4
b5,all,q,DU,3,64,-1.0297047134774626,-4.867601734266029,2.8377136733758594,0.9930535345469311,0.9074285786047652,1.0801062329848505,0.9930536,0.906119422154734,1.0759913018264342,2/4,2/4
b5,all,q,DU,4,64,7.374142055505691,2.245703885001879,12.545608892970948,1.0762902763260742,0.9693882697675829,1.1930574214782803,1.0762902,0.9608083378905576,1.195694274564812,4/4,4/4
b5,all,q,DU,5,64,13.636146155155078,8.218477283273453,19.02722610840205,1.2686055448670155,1.1422974655575355,1.3938633137201613,1.2686056,1.1415770304156467,1.3958733492996545,4/4,4/4
b5,all,q,SE,1,138,-5.202630549471878,-6.171450150454754,-4.138015598857882,0.7899213358284803,0.7300794897907761,0.8497120692678266,0.86240053,0.7697810295051423,0.9577641321859066,0/4,0/4
b5,all,q,SE,2,138,-2.6492283581399105,-3.3177844219364663,-1.9742297276109517,0.8917087988524527,0.8544745857283336,0.930181955583971,0.9105013,0.8463894525245912,0.97488501606968,0/4,0/4
b5,all,q,SE,3,138,-0.16313385486687743,-0.6684065862861314,0.3374207124830075,0.9881056227063914,0.9553284634217496,1.0198486315877733,0.939037,0.884470041960046,0.9952470125603503,1/4,1/4
b5,all,q,SE,4,138,2.297513200768102,1.752613646269717,2.8152692843053755,1.0892310534120573,1.0590258731706628,1.1206454870913545,1.0576044,1.0038557347396146,1.1171829740098422,3/4,4/4
b5,all,q,SE,5,138,5.717150363734874,4.140940411891004,7.310120464647133,1.2410080713504195,1.159005791697021,1.3297806749916505,1.230404,1.1168300092868182,1.3415983848759663,4/4,4/4
b5,all,rq,20MAX,1,131,-3.532887832296967,-4.6007851594497415,-2.4401405585604246,0.8683073507142547,0.8136757279673938,0.922323599393407,0.88681155,0.8169368654375768,0.9624388364719525,1/4,1/4
b5,all,rq,20MAX,2,131,-1.7879530369405707,-2.367739329106057,-1.2002604633993355,0.9245048719191805,0.8944635103577119,0.9552038059776404,0.9335242,0.8922451379644962,0.9762752199332223,0/4,0/4
b5,all,rq,20MAX,3,131,-0.17317569913607922,-0.6516235337618517,0.28575103045748473,0.978970965241838,0.9558213546987558,1.002622335022432,0.97824574,0.9435216007341866,1.014630881020131,1/4,1/4
b5,all,rq,20MAX,4,131,1.9689515751958064,1.4497572023581742,2.4857381159803604,1.0828132046540542,1.0554180262976185,1.1100218251358378,1.0755674,1.0333153460999482,1.1169965527894843,4/4,4/4
b5,all,rq,20MAX,5,131,3.525227681311624,2.068805850700269,5.000661051368526,1.1453988089733484,1.0694775768078482,1.2213917283591007,1.1258577,1.0373939512795163,1.2174490993259517,3/4,4/4
b5,all,rq,3MAX,1,60,-3.3393760909889636,-5.131248646535693,-1.5950552141709196,0.8793215312197042,0.7841274991891257,0.9767603798005887,0.9221771,0.7961483021701375,1.0549114714066188,1/4,1/4
b5,all,rq,3MAX,2,60,-1.6755567105672666,-2.6442691863300496,-0.7202712278433204,0.9276947510664804,0.8746794742380716,0.9784475577109677,0.9358438,0.8542425991346438,1.0196328438818454,1/4,1/4
b5,all,rq,3MAX,3,60,-0.17722835986469523,-0.9074778198198401,0.5286160047886203,0.9754815441264628,0.9331504242339028,1.0145517025649042,0.9794562,0.9184777180602153,1.0413397084673246,1/4,2/4
b5,all,rq,3MAX,4,60,1.9633209353752197,1.1100046649369881,2.7827106449001833,1.072275247069894,1.0234181051724658,1.1232035484126177,1.0334926,0.961181972498695,1.104538595750928,3/4,4/4
b5,all,rq,3MAX,5,60,3.2296175427221003,1.0786015474941104,5.51313116000659,1.145265262274429,1.026555445305236,1.2752881970886922,1.1290734,0.9843068704009056,1.2803199902176856,2/4,3/4
b5,all,rq,DU,1,58,-12.58998174019254,-16.583097203367117,-8.624815314007472,0.7758715320180415,0.6895983351514706,0.8694895003854716,0.7758715,0.6864476752563796,0.8661468881985237,0/4,0/4
b5,all,rq,DU,2,58,-5.714281908144918,-9.750338128306451,-1.7367732222775072,0.9151596392642317,0.8265571592189085,1.001820703161949,0.91515964,0.8301457922070705,1.0010526344950856,1/4,1/4
b5,all,rq,DU,3,58,1.9536405707354874,-1.862107012805568,5.879783082560652,1.0241769424843357,0.9398729092805034,1.1099482846505646,1.024177,0.9380644179455101,1.109776500997571,2/4,2/4
b5,all,rq,DU,4,58,10.188437249081154,4.848052124296095,15.615001240999788,1.106167201649071,0.9850721219825825,1.2367900837360686,1.1061672,0.9724372644491237,1.230963202887054,3/4,3/4
b5,all,rq,DU,5,58,6.1636504476862335,1.6077970326721156,10.731144499720363,1.178612453083295,1.0737572798739283,1.2827838627237822,1.1786125,1.071137249778057,1.2833557449987738,4/4,3/4
b5,all,rq,SE,1,127,-3.0345480905607984,-4.032144360133252,-1.9139647433186155,0.8889785786911956,0.8269286158857458,0.9553859696853028,0.9545397,0.8569119822145916,1.0610987871650637,1/4,1/4
b5,all,rq,SE,2,127,-1.483285214943798,-2.11710045824789,-0.8362211581452865,0.9494735259127952,0.913638484051083,0.9848965914500812,0.9864003,0.9221999991538488,1.0511035568836167,0/4,0/4
b5,all,rq,SE,3,127,-0.006527067701856485,-0.5041345201803817,0.4967675031195676,0.9889539425041743,0.9555137166401503,1.0225194034591518,0.9282157,0.8729914412254424,0.9892070099124758,2/4,2/4
b5,all,rq,SE,4,127,1.5160423520434492,0.9272606308522962,2.1390633353447783,1.0519777095956278,1.0142396646825245,1.0921250675494385,0.9972073,0.9401653000923592,1.0589071587901415,3/4,4/4
b5,all,rq,SE,5,127,3.007827920582635,1.5948031325897762,4.413823978121501,1.1206042892980426,1.0418775754216087,1.2072269429967246,1.1336368,1.0295990350736877,1.2388025475357929,3/4,4/4
b5,quality,dup_b,20MAX,1 (unique),131,-1.51810244392766,-1.7790636072065635,-1.2578320898421969,0.9611654996497404,0.9506888066863264,0.9711940549394719,0.98814845,0.9771815371877365,0.9996772163696872,0/4,0/4
b5,quality,dup_b,20MAX,2-5,131,3.957583914384486,3.181979684139604,4.731750772731604,1.1164677912905245,1.0812724402002134,1.1549852452489577,1.0747313,1.0110225742782346,1.1507567921212611,4/4,4/4
b5,quality,dup_b,20MAX,21+,118,17.83511682627378,14.897924201163764,20.836753657425024,1.4824825483973991,1.3569877454785837,1.610032924647031,1.1980541,1.095484331275447,1.3042907517908486,4/4,4/4
b5,quality,dup_b,20MAX,6-20,127,5.773636011457939,4.263781450165686,7.313448191531675,1.1317177031835568,1.0731730481053552,1.1919423281320602,1.008727,0.9361441298321945,1.086676914761151,4/4,4/4
b5,quality,dup_b,3MAX,1 (unique),60,-1.2188666488672042,-1.5866365561853863,-0.8619028067807809,0.9684798748860781,0.953444741723216,0.9829541095587359,0.9820155,0.9656336339811484,0.9980443296333154,0/4,0/4
b5,quality,dup_b,3MAX,2-5,59,5.503348343937651,3.9640273644959323,7.139454687581193,1.1629258562371172,1.0877954688285152,1.2392550629006276,1.1063732,0.9871309632214449,1.2308367660742696,4/4,4/4
b5,quality,dup_b,3MAX,21+,42,25.034239713782156,16.765528676012682,33.163014132567895,1.4967364025975352,1.2008392911669048,1.8125315637695085,1.2496852,1.0215922671769346,1.5036345477969875,3/4,4/4
b5,quality,dup_b,3MAX,6-20,53,11.20295669160256,6.934813616725947,15.784692291062612,1.3514787475899173,1.125954684207532,1.6057475404979937,1.150295,0.9564360180096525,1.3719319081179937,3/4,4/4
b5,quality,dup_b,DU,1 (unique),55,-10.523326884340097,-15.051185806573576,-5.943808699375376,1.012541048609895,0.8607968490659992,1.1899657769676655,1.012541,0.8592778622562235,1.1785717814889822,1/4,0/4
b5,quality,dup_b,DU,2-5,51,-5.0919719275375,-9.924486089643967,-0.17511339590508043,1.033208043270252,0.9216859924130649,1.1457985342462453,1.033208,0.9303693879176589,1.1465601347825105,3/4,0/4
b5,quality,dup_b,DU,21+,58,0.5006023392538312,-0.3200189164532827,1.1820476893373302,0.9970557015833232,0.9804927553748845,1.0115959659983451,0.9970557,0.9806416219164584,1.0111615817608504,1/4,3/4
b5,quality,dup_b,DU,6-20,52,-3.514974582676804,-9.201084812665982,2.379858106096441,1.1022382351009532,0.9385604666583816,1.2772333456179141,1.1022382,0.9366186350440749,1.2883967915693155,3/4,1/4
b5,quality,dup_b,SE,1 (unique),122,-1.1329423942041064,-1.3737154382758365,-0.9022041298233594,0.9698035348488409,0.960616786231999,0.9790863978783978,0.9884684,0.9793443563043094,0.9967678685168752,0/4,0/4
b5,quality,dup_b,SE,2-5,119,9.687713482612,7.651235469806208,11.710167338957852,1.302129255667758,1.1971460719532876,1.410345812611091,1.1222037,1.012822509369179,1.2386279829284723,4/4,4/4
b5,quality,dup_b,SE,21+,61,21.912320492792137,14.690209903620481,29.21787771706786,1.3436706724719345,1.1200084458203723,1.5839287579032917,1.0804919,0.9025536804658467,1.267263825433176,4/4,4/4
b5,quality,dup_b,SE,6-20,83,14.828551423035531,11.098015496660954,18.501029909356674,1.4677661347522362,1.280535373884801,1.6782753439607654,1.1928542,1.0376396067260978,1.377900359523763,4/4,4/4
b5,quality,q,20MAX,1,131,-5.757188137721808,-7.189273821823291,-4.299447745048559,0.8544984810817887,0.7935199613804017,0.9144420720519765,0.8819629,0.8028838203494785,0.9630361230716905,1/4,0/4
b5,quality,q,20MAX,2,131,-2.3187773293664806,-3.19242756269633,-1.4384705780779654,0.9303991186473668,0.8950507252856122,0.9643197403119952,0.9479889,0.8995449783010337,0.9965058423294366,0/4,0/4
b5,quality,q,20MAX,3,131,0.35488756464731314,-0.17199911269995893,0.8332029225355427,1.00201622672856,0.980423065639777,1.0233660942616805,1.0116626,0.9731886003649871,1.049915521984337,3/4,3/4
b5,quality,q,20MAX,4,131,2.6043625308033804,1.7645693657299757,3.4524614724546607,1.0717773861406144,1.0369940459970595,1.1075736697207172,1.0609207,1.0084777402627558,1.11226960006561,4/4,4/4
b5,quality,q,20MAX,5,131,5.117577227840872,3.372588521652038,6.998367120879073,1.1413183844634045,1.0696979962485365,1.216531394951929,1.0974895,1.0062356454611734,1.1857505494515406,4/4,4/4
b5,quality,q,3MAX,1,60,-5.111257541123293,-7.448878214010927,-2.7739525344999234,0.8581331089602962,0.761823753095184,0.9527789006885972,0.8722502,0.7498616305241982,0.99545590142409,1/4,0/4
b5,quality,q,3MAX,2,60,-2.3025007608373693,-3.6696464465632603,-0.9343521437544621,0.9282830239365711,0.8702190940019311,0.9862329419527487,0.94925445,0.867248203282555,1.0336390955994526,0/4,0/4
b5,quality,q,3MAX,3,60,-0.05767611692959651,-0.9560157692721059,0.8945335626279022,0.9945326022265744,0.9471151179362254,1.0422634467880025,1.0095023,0.9400977463523547,1.0859022509058316,2/4,2/4
b5,quality,q,3MAX,4,60,2.294254210897224,1.0905320267621217,3.5195701363733716,1.0583858653029383,0.9995934550574459,1.1227591742968457,1.0274814,0.9456567275772493,1.114152642041445,3/4,4/4
b5,quality,q,3MAX,5,60,5.1763745701785755,2.4297614512066414,8.01268128245115,1.160603795281907,1.0413829060586623,1.2828192839071821,1.1414158,1.0056073742484053,1.2831703632324933,4/4,4/4
b5,quality,q,DU,1,58,-8.14425732947062,-13.763630798922708,-2.353102630695452,1.0405489693841914,0.8670195648787861,1.2279404422737186,1.040549,0.8735672148490518,1.2265990701022333,1/4,0/4
b5,quality,q,DU,2,58,-6.175177712285161,-12.012687911698606,-0.38195234636553077,0.8592895641276862,0.7412929473159798,0.9809382939091839,0.8592896,0.7399791338577353,0.980949236976047,1/4,1/4
b5,quality,q,DU,3,58,-0.3990602491753549,-5.224221737358368,4.654336189085897,0.9377977509364764,0.814072232774621,1.0660443628589373,0.9377977,0.8178107559994056,1.064632157038833,1/4,3/4
b5,quality,q,DU,4,58,5.101232147129576,-0.9435443403686583,10.771675318794353,0.992000674901262,0.862964834693263,1.1272107185606077,0.9920007,0.849942975611715,1.1313849882678337,2/4,2/4
b5,quality,q,DU,5,58,9.617748745957657,3.0266648097383975,16.225877524126386,1.1702789485668075,1.0045989998723646,1.3331509497137033,1.170279,1.0079055762946092,1.3428414483233517,3/4,3/4
b5,quality,q,SE,1,122,-5.0684321549240465,-6.591930546539575,-3.5475912759828776,0.8777249693550966,0.804479883414605,0.9559554531818659,0.9595166,0.8406733714868544,1.086441880269129,1/4,0/4
b5,quality,q,SE,2,122,-1.766230767027281,-2.7239672676615965,-0.8439092236496046,0.9644388583125507,0.9196913927273486,1.0119264500243008,0.94663024,0.8768085943504436,1.0226000562310218,1/4,0/4
b5,quality,q,SE,3,122,0.13865141683410753,-0.47588237259449667,0.7610479583476568,0.9896603088066618,0.9551550847223574,1.0241739525367792,0.92446935,0.8679920843390168,0.9813161770217731,2/4,2/4
b5,quality,q,SE,4,122,2.2360517879436563,1.3829161149448146,3.088188767086341,1.0353013215861175,0.9899906377078563,1.0816173842065582,1.0320266,0.9542813145601359,1.1131745979983787,3/4,4/4
b5,quality,q,SE,5,122,4.462176013315584,2.5656389737397114,6.285836002436459,1.1329268596280624,1.0455022501923865,1.2265840087292668,1.1373305,1.022284692095318,1.2523497719653562,4/4,4/4
b5,quality,rq,20MAX,1,131,-5.030846007115004,-6.439766690235683,-3.597653839256808,0.8700528487965508,0.8105488461617847,0.9297031541457085,0.8912675,0.8150234334341442,0.9698158843826702,1/4,0/4
b5,quality,rq,20MAX,2,131,-2.0635826242245465,-2.908179655423902,-1.1781580624303245,0.9406496799466016,0.9066513492522813,0.9769825203899196,0.94612086,0.8960554738081138,0.9985750708871215,0/4,0/4
b5,quality,rq,20MAX,3,131,0.4349584340143927,-0.11441706533957133,0.9735747732435481,0.9927882572447966,0.9714558030854133,1.0147266408379072,1.0097241,0.9723389649664173,1.0452003217380466,3/4,3/4
b5,quality,rq,20MAX,4,131,2.537932867023303,1.7189919603245791,3.3069212809396156,1.0692859731120006,1.0352124564123133,1.102643343505477,1.0597128,1.0112449565234074,1.1097627236415413,4/4,4/4
b5,quality,rq,20MAX,5,131,4.122072281443513,2.301577260957183,6.0028337198037125,1.127235536507981,1.0570018837513162,1.2022642138024888,1.0932038,1.002984449483511,1.1800197308925728,3/4,4/4
b5,quality,rq,3MAX,1,60,-4.599451723920525,-6.790594927460518,-2.257932075771194,0.8630612553277046,0.7678998910629697,0.9584871693829885,0.88377947,0.7617881379649043,1.0066867431253195,1/4,0/4
b5,quality,rq,3MAX,2,60,-2.005213822591804,-3.2870305083991767,-0.6548428584965411,0.9375198301572615,0.8755121054866696,0.9962587393034548,0.9438183,0.8550322404503822,1.0339639354248842,1/4,0/4
b5,quality,rq,3MAX,3,60,0.37679021691587,-0.5013676854295264,1.2920951400990566,0.9972084767201489,0.9514550547835473,1.043464874717596,1.0163548,0.9477802042663097,1.0899253652989864,2/4,3/4
b5,quality,rq,3MAX,4,60,2.3379721739163957,1.164796410297269,3.448784091629037,1.0592540617526656,1.0010735673940514,1.1146053529591853,1.0262675,0.9451322011649609,1.1101880127936603,3/4,4/4
b5,quality,rq,3MAX,5,60,3.88854807094289,1.2224291960412093,6.753523443028268,1.142858551839518,1.0147668352011827,1.2683168190895435,1.1296238,0.9836442525436481,1.2769416933879256,2/4,4/4
b5,quality,rq,DU,1,20,-3.6576888325164125,-10.639366632390407,3.1974434868109496,0.9343285166813476,0.8049995387274805,1.0700306878755221,0.93432856,0.8032396706938744,1.07414295271039,1/4,1/4
b5,quality,rq,DU,2,20,2.0860163359739383,-6.754498077515175,11.088814915113947,1.1024467303737797,0.9060034880373852,1.2993560599740963,1.1024468,0.9015633945167064,1.3011625179648398,3/4,3/4
b5,quality,rq,DU,3,20,3.01479470933308,-8.885752818966816,14.791052637492168,1.049134320079559,0.7873131393866636,1.3143071478106578,1.0491344,0.7908045025542378,1.3135250265151264,2/4,3/4
b5,quality,rq,DU,4,20,0.25899284451361543,-6.565224490928241,7.948231270536797,0.9718091874576148,0.8152772976773162,1.1354246717960537,0.9718091,0.824955105856061,1.1298123027384281,2/4,2/4
b5,quality,rq,DU,5,20,-1.7020811257718305,-10.809063362887768,6.931172609426897,0.9422544850933539,0.7401013641221251,1.137879554528624,0.9422544,0.7280286682583392,1.134118491448462,2/4,2/4
b5,quality,rq,SE,1,122,-4.50083738619193,-5.904789771147961,-3.0363019797111646,0.8886046558068359,0.8148248851708189,0.9674441984293218,0.95149755,0.8442536755419169,1.0745383214694066,1/4,0/4
b5,quality,rq,SE,2,122,-1.4387694077130373,-2.3635822093535404,-0.546855156107068,0.9638608139040716,0.91977154294297,1.0072708485616606,0.9684506,0.8963313352072336,1.0434208362378548,1/4,0/4
b5,quality,rq,SE,3,122,0.6082824252062606,-0.04890716621344279,1.2518196685572764,0.9936282084415022,0.9595266081989038,1.02832044245235,0.92363846,0.866470888513522,0.9781693614469688,2/4,4/4
b5,quality,rq,SE,4,122,1.9237337693462486,1.135684719972896,2.7343156195792053,1.033044120168016,0.989779196310992,1.0765089767290317,1.0250523,0.9496484625657075,1.1013125965219053,3/4,4/4
b5,quality,rq,SE,5,122,3.409910143383876,1.67050807944935,5.303556443351241,1.120938126531059,1.0352880822859247,1.209853073884578,1.1313345,1.0193478337137916,1.2504995882388998,4/4,4/4
b50,all,dup_b,20MAX,1 (unique),137,-0.9414392149818015,-1.0828310235419145,-0.803815070609746,0.9636459069423728,0.9571437463225423,0.970470335315235,0.9837105,0.9764735293866944,0.990931112618342,0/4,0/4
b50,all,dup_b,20MAX,2-5,137,3.771189484157759,3.0691792277675414,4.47635170289937,1.1637592315845235,1.1277883426124211,1.2006749011710167,1.1275108,1.0678007655987776,1.1885110678899027,4/4,4/4
b50,all,dup_b,20MAX,21+,127,21.01600319105909,17.734690283547167,24.294325516940305,1.8366079677035039,1.6745107118050155,2.0078558386945913,1.4732785,1.3379509499105882,1.6186021542337934,4/4,4/4
b50,all,dup_b,20MAX,6-20,136,5.801573954378801,4.372476039422852,7.2010977159069,1.1939620907622999,1.1379981248789357,1.2555068770093434,1.0354156,0.9659659113406259,1.1074189649785267,3/4,4/4
b50,all,dup_b,3MAX,1 (unique),65,-0.7786941711485129,-0.9598080680131724,-0.6029806263744663,0.9713097221936899,0.9621316726765098,0.9800460219391387,0.9836473,0.9742454493045807,0.992511019385778,0/4,0/4
b50,all,dup_b,3MAX,2-5,65,6.86167576088926,5.45504315423229,8.426531951877799,1.259129985410397,1.1825358810691524,1.3361067291354343,1.1353028,1.0301518556017142,1.2428516751757035,4/4,4/4
b50,all,dup_b,3MAX,21+,49,26.546894421493484,18.47823308021646,35.07469810373862,1.8132300440347222,1.44925655401889,2.1921446227276102,1.4865508,1.1932380307845922,1.7824993274193635,4/4,4/4
b50,all,dup_b,3MAX,6-20,57,14.722470782244825,10.370091337763771,18.876593139328893,1.5898024812814906,1.3297532571435362,1.883014983456619,1.3215494,1.100962904513928,1.5746117846223344,4/4,4/4
b50,all,dup_b,DU,1 (unique),64,-17.39292248898602,-20.65365614262631,-14.072165871915386,0.6796446525710481,0.6075400828751958,0.7526438933577714,0.6796447,0.605136388167739,0.7539256671676412,0/4,0/4
b50,all,dup_b,DU,2-5,64,-10.170495877745402,-13.098909054746594,-7.0409634265306265,0.846153609423084,0.7794839978337125,0.9126184641288783,0.8461536,0.7775812745094299,0.9116099868901074,0/4,0/4
b50,all,dup_b,DU,21+,64,4.689780364775718,3.551928576357562,5.975510379982496,1.0901698446167178,1.0646031946988805,1.1205792709452411,1.0901699,1.064563767844811,1.1202266064006836,4/4,4/4
b50,all,dup_b,DU,6-20,64,-8.290587026953482,-11.22168351629504,-5.187928873332445,0.8880878551018242,0.8246430798236903,0.9548622406271182,0.88808787,0.8237991157220677,0.9569818996824324,0/4,0/4
b50,all,dup_b,SE,1 (unique),138,-0.6629119989608803,-0.7808772901465434,-0.5548940016488999,0.9727503266595783,0.9670714956862356,0.9785854649139843,0.9863843,0.9812462499608164,0.9910191398815833,0/4,0/4
b50,all,dup_b,SE,2-5,130,12.502813792279587,10.475747508175852,14.474968872337696,1.5312975162518254,1.4138862194157928,1.6566771279131867,1.2446247,1.1295733116337887,1.363693769488197,4/4,4/4
b50,all,dup_b,SE,21+,69,27.260724768555512,19.987793795895335,34.531813450260955,1.8886940092546045,1.556154979340466,2.2233039863971764,1.5172048,1.2602107965751834,1.8012358555975168,4/4,4/4
b50,all,dup_b,SE,6-20,98,19.468332913450148,15.775094296311586,23.312936074275466,1.9404294838869378,1.6677029936393615,2.2108643238187793,1.5478427,1.3127327722269204,1.7992274009888725,4/4,4/4
b50,all,q,20MAX,1,137,-10.378117150274834,-11.383710258793563,-9.384878260142372,0.5688225907910346,0.5223968623609961,0.6197187144003888,0.57455003,0.5162151248133096,0.6353989313580912,0/4,0/4
b50,all,q,20MAX,2,137,-4.822187816557499,-5.528064044413345,-4.088973976918785,0.7970250906401788,0.7586382796241956,0.8328388170028358,0.8232179,0.7763864212390715,0.8718274389631556,0/4,0/4
b50,all,q,20MAX,3,137,-0.7064623731353837,-1.0770727067091874,-0.33285902211329954,0.977447741188481,0.9550524997046645,0.9994292931664392,0.99612296,0.9619132825819245,1.032788988240879,1/4,1/4
b50,all,q,20MAX,4,137,3.885566315177526,3.446623302399918,4.307652783174932,1.1701957549136421,1.146150958252765,1.1936292557907207,1.1946375,1.1559230912340819,1.2339878774907467,4/4,4/4
b50,all,q,20MAX,5,137,12.02163509538943,10.396372355575847,13.61789478875351,1.4865310425718126,1.4092520191087223,1.569080677195103,1.4115037,1.318793594728421,1.5083904224590663,4/4,4/4
b50,all,q,3MAX,1,65,-9.259719218642417,-10.97066452046351,-7.615865280007384,0.6394516779946485,0.5572094605355072,0.724362763111416,0.6914179,0.5792861807346343,0.80964961372889,0/4,0/4
b50,all,q,3MAX,2,65,-4.425855390395823,-5.5392727277821665,-3.327783047218297,0.823106644707379,0.7685616630134627,0.880779945504718,0.86735296,0.7830384974984022,0.9473420177973234,0/4,0/4
b50,all,q,3MAX,3,65,-0.4852737939491235,-1.0588342059566604,0.0794047358988492,0.9837487083464526,0.9528022114388596,1.014760265399789,0.960667,0.9115632957220077,1.0091707379542862,1/4,1/4
b50,all,q,3MAX,4,65,3.294002211357472,2.6154911232081433,3.991635549770324,1.1311645976057108,1.0866969160895747,1.1705369228371945,1.1438384,1.0695324978920129,1.2211373821130165,4/4,4/4
b50,all,q,3MAX,5,65,10.877826284681428,8.361948629303825,13.456973872189542,1.422572349109251,1.2993207088043128,1.5590021115050894,1.3368111,1.1850679361132475,1.4807488717024142,4/4,4/4
b50,all,q,DU,1,64,-18.102558927587076,-21.94458872431974,-14.04807324470663,0.6602605990943525,0.5738455902382015,0.7534499813698523,0.6602606,0.5787929463200271,0.7517587914713658,0/4,0/4
b50,all,q,DU,2,64,-6.774297154122614,-9.921253972758198,-3.658550317501704,0.9200917742789851,0.8475466760246287,0.9987796110041867,0.92009187,0.8453566867858171,0.9956821215339005,1/4,0/4
b50,all,q,DU,3,64,0.09225149048995163,-3.495159735825598,3.5550838003343803,1.0681911462888023,0.9807508375355904,1.1628364839489072,1.0681912,0.9801002505468205,1.1663156711729243,2/4,2/4
b50,all,q,DU,4,64,9.713021938381475,6.160453026166018,13.266676384391024,1.1436012122595378,1.0518295278888397,1.238154069380799,1.1436012,1.0518171124407671,1.2349037463543937,3/4,4/4
b50,all,q,DU,5,64,15.073053211125034,8.332187143579686,21.741090498937172,1.2079060365827967,1.0572681976657745,1.3576510740137069,1.207906,1.0572979559436135,1.3660014966859308,4/4,4/4
b50,all,q,SE,1,138,-8.242204475015114,-9.30345785386703,-7.156582994784534,0.6748837491053818,0.6113378458540405,0.7381080456588542,0.7372743,0.6448873683702254,0.8347835423505825,0/4,0/4
b50,all,q,SE,2,138,-3.97863519759147,-4.689503731436861,-3.2801706944858604,0.8247496646127155,0.7847895014612211,0.8662214226127313,0.8271178,0.7616077460078657,0.895526276377664,0/4,0/4
b50,all,q,SE,3,138,-0.4937299292814962,-0.8947450751874311,-0.10295022267754868,0.9860986713479366,0.9594837887153285,1.0126218042308746,1.0067803,0.9477762834641381,1.0679187528465106,1/4,2/4
b50,all,q,SE,4,138,3.1849592066602996,2.6937096208266804,3.6620507178039814,1.145488304847518,1.112072905401279,1.1805592800283102,1.1582958,1.0900157528510994,1.2290311500214148,4/4,4/4
b50,all,q,SE,5,138,9.52961710542819,7.889263815660432,11.087669548714294,1.368770321246678,1.2777446740570686,1.4547038105631303,1.2705308,1.169252978645913,1.3743867194873916,4/4,4/4
b50,all,rq,20MAX,1,131,-7.162075460732587,-8.169059442487505,-6.162985924023797,0.7127076969634494,0.6614694931522296,0.7655628789414616,0.73832005,0.6719437929737658,0.8065318228065512,0/4,0/4
b50,all,rq,20MAX,2,131,-3.815511593119728,-4.451169092992017,-3.2007973271953003,0.8432902653158337,0.8127917347067507,0.8729808098197073,0.8865653,0.8417391693319073,0.9330347348488014,0/4,0/4
b50,all,rq,20MAX,3,131,-0.7223576974818081,-1.0568551772363624,-0.3751121897104591,0.9765315104609106,0.9584860145734838,0.9950683755312868,0.9964186,0.9651699614206344,1.0315537915657493,1/4,1/4
b50,all,rq,20MAX,4,131,2.9392053263043216,2.515453111011099,3.334371178991162,1.1215795893497733,1.0983180232341745,1.1442050209407386,1.0917319,1.0514935809464854,1.1305343811066095,4/4,4/4
b50,all,rq,20MAX,5,131,8.760977786073752,7.35144166972009,10.16461885236144,1.3459050370239878,1.2793298044223762,1.4166060375779592,1.286992,1.2030492886104658,1.3732620567083358,4/4,4/4
b50,all,rq,3MAX,1,60,-6.686949699143723,-8.26846866266541,-5.002479350493019,0.7652691339616433,0.6762411289639108,0.8528072057260856,0.8085126,0.6866923745783667,0.9322162525976697,0/4,0/4
b50,all,rq,3MAX,2,60,-3.261427729842748,-4.289564836673718,-2.2842972545426607,0.8589817192006962,0.8074873562311432,0.9135522129607435,0.8789308,0.8091045128305753,0.9542065290361643,0/4,0/4
b50,all,rq,3MAX,3,60,-0.7492564285363889,-1.243830120895575,-0.2676636503280357,0.9712310397732973,0.9453606186375617,0.997969842290649,0.97075343,0.9183402292927106,1.0283596005042392,1/4,1/4
b50,all,rq,3MAX,4,60,2.769938681259816,2.0526692187055406,3.5180979599834563,1.1144329515075917,1.0751790166646902,1.1545320716534004,1.1176256,1.0458471917112668,1.1928738296528658,4/4,4/4
b50,all,rq,3MAX,5,60,7.92861081914281,5.567569793013429,10.258771227693934,1.290113916279148,1.16806425650729,1.4062981584351788,1.2242013,1.087299331749479,1.3600846408804257,4/4,4/4
b50,all,rq,DU,1,58,-14.050298821836327,-17.832484973719122,-10.5021228202385,0.7526782696023437,0.670943770929166,0.8372118765557552,0.7526783,0.6718801533610657,0.8345195486370859,0/4,0/4
b50,all,rq,DU,2,58,-5.545520049449509,-9.076993486460552,-2.0598802562275154,0.9284006121935855,0.8505698443431893,1.013724982275827,0.92840064,0.84714365549514,1.010954445639047,1/4,1/4
b50,all,rq,DU,3,58,0.8374825515546049,-2.8418566912244274,5.031589578509452,1.0619543384863133,0.9717858962218763,1.1522834456947704,1.0619544,0.9743896310827855,1.1583093681212129,4/4,4/4
b50,all,rq,DU,4,58,11.233968545322936,6.583250615653969,15.9728490205892,1.1456206234780901,1.0435207940007585,1.2562342153241017,1.1456207,1.0441681615751366,1.2518089371508565,3/4,4/4
b50,all,rq,DU,5,58,7.52597744956311,1.2758831771936923,13.813454404027832,1.1113825880181354,0.9592429053537577,1.2546061514067928,1.1113826,0.9781333096792062,1.2564307827644998,3/4,4/4
b50,all,rq,SE,1,127,-6.035608925620786,-7.0970005701164185,-4.9946870380227475,0.7708980096235254,0.7058891604662163,0.8370616707024596,0.822556,0.7215521473408215,0.9234980440456566,0/4,0/4
b50,all,rq,SE,2,127,-2.9655025343339765,-3.6233083842290936,-2.3102701979412767,0.8971008468537006,0.8590413994718095,0.9362452093679203,0.9355965,0.8664558688662652,1.0055474669093223,0/4,0/4
b50,all,rq,SE,3,127,-0.3791473592966599,-0.7159676686540285,-0.04290619829565907,0.9701028008878863,0.9444227329648759,0.9957206878088595,0.97279924,0.9127360944907495,1.0338709506814874,1/4,1/4
b50,all,rq,SE,4,127,2.5217759650143563,2.0328578500227565,3.009212854568083,1.1032354268612672,1.0685448720111355,1.1366059757486378,1.0980409,1.0332886448526006,1.1655876718402847,4/4,4/4
b50,all,rq,SE,5,127,6.857993250457898,5.373874510419522,8.279180181866336,1.2586437130017654,1.176401987196042,1.346071614193055,1.1709734,1.0722958571094228,1.2674038174994817,4/4,4/4
b50,quality,dup_b,20MAX,1 (unique),131,-1.51810244392766,-1.771605363579681,-1.2648175828776125,0.9611654996497404,0.9503275309596926,0.9714665625942784,0.98814845,0.9767141846072583,0.9990052682297831,0/4,0/4
b50,quality,dup_b,20MAX,2-5,131,3.957583914384486,3.180118620170035,4.736872252887341,1.1164677912905245,1.0784587420172718,1.1539132630480147,1.0747313,1.0065838997600642,1.1502097300900758,4/4,4/4
b50,quality,dup_b,20MAX,21+,118,17.83511682627378,14.888887209684055,20.981418395310552,1.4824825483973991,1.353854296868765,1.6174431322808078,1.1980541,1.0950884918982193,1.3082960573040834,4/4,4/4
b50,quality,dup_b,20MAX,6-20,127,5.773636011457939,4.295821351197757,7.328097524098587,1.1317177031835568,1.0744894647303243,1.190394691205823,1.008727,0.9360284482048252,1.0841052971897633,4/4,4/4
b50,quality,dup_b,3MAX,1 (unique),60,-1.2188666488672042,-1.5780140108335916,-0.8521624866868837,0.9684798748860781,0.9542322737677061,0.9828455164537018,0.9820155,0.9645378276209037,0.9970549478630224,0/4,0/4
b50,quality,dup_b,3MAX,2-5,59,5.503348343937651,3.838637459858943,7.041292478654356,1.1629258562371172,1.0877595500591064,1.2409031854488861,1.1063732,0.9940494607060643,1.2345717800118154,4/4,4/4
b50,quality,dup_b,3MAX,21+,42,25.034239713782156,16.463301955987486,34.03031080961266,1.4967364025975352,1.1995327230540214,1.8187495597407977,1.2496852,1.0192263632657983,1.5045774281734512,3/4,4/4
b50,quality,dup_b,3MAX,6-20,53,11.20295669160256,6.97735863896873,15.65475983951258,1.3514787475899173,1.123600331111793,1.5962274380255321,1.150295,0.9474670930396555,1.373328313825406,3/4,4/4
b50,quality,dup_b,DU,1 (unique),55,-10.523326884340097,-15.101068958793933,-6.1518283986242634,1.012541048609895,0.8573350757545549,1.1901990470340167,1.012541,0.8618102887001904,1.190271245661107,1/4,0/4
b50,quality,dup_b,DU,2-5,51,-5.0919719275375,-9.854410875537829,-0.3403780121921024,1.033208043270252,0.9234410742694176,1.1409589393036224,1.033208,0.9279015673726213,1.1376458009668426,3/4,0/4
b50,quality,dup_b,DU,21+,58,0.5006023392538312,-0.3148326826134601,1.2217562383460023,0.9970557015833232,0.9803599267302698,1.0112405596594638,0.9970557,0.9807060644544404,1.0122576809134978,1/4,3/4
b50,quality,dup_b,DU,6-20,52,-3.514974582676804,-9.318526838442741,2.281821738852051,1.1022382351009532,0.9376966389107444,1.278245748631147,1.1022382,0.9358511534591133,1.2756142075603398,3/4,1/4
b50,quality,dup_b,SE,1 (unique),122,-1.1329423942041064,-1.3714945606795867,-0.9009931597723688,0.9698035348488409,0.9607907099215405,0.9785949767096681,0.9884684,0.9798871424598772,0.9967045885129053,0/4,0/4
b50,quality,dup_b,SE,2-5,119,9.687713482612,7.756344508176093,11.710174109783864,1.302129255667758,1.197516633728182,1.405453682949517,1.1222037,1.0132325193727343,1.2377546531171733,4/4,4/4
b50,quality,dup_b,SE,21+,61,21.912320492792137,14.40919814755328,28.932743436849464,1.3436706724719345,1.1268594897792992,1.5702839327318923,1.0804919,0.8995767600223666,1.2697482904449837,4/4,4/4
b50,quality,dup_b,SE,6-20,83,14.828551423035531,11.286774022199802,18.626772789711115,1.4677661347522362,1.2772079797601585,1.6769404028312793,1.1928542,1.0385929421084115,1.3712374705686627,4/4,4/4
b50,quality,q,20MAX,1,131,-9.633067014418385,-11.077552021112375,-8.236567979940192,0.7255494470010235,0.6652520295262253,0.783306189927144,0.7751347,0.7009741952287332,0.8561855309052776,0/4,0/4
b50,quality,q,20MAX,2,131,-4.31551419266109,-5.140336203685607,-3.451982998995707,0.8825754169358655,0.850148935671413,0.9162744176673294,0.9334304,0.8813796529560599,0.9825797363205719,0/4,0/4
b50,quality,q,20MAX,3,131,-0.4719880628413563,-0.8418678673191161,-0.07775041344260862,1.001790459163257,0.9803593201202102,1.0222718149454102,1.0182453,0.9795331969515968,1.0582548040697592,3/4,2/4
b50,quality,q,20MAX,4,131,3.4763073367510198,2.876694415469427,4.068000271697966,1.1004436680277643,1.0736387846740116,1.1269661648186982,1.0941948,1.0481349444798842,1.1431419457756835,4/4,4/4
b50,quality,q,20MAX,5,131,10.945223786267427,9.046964620836178,12.861746726630853,1.2897229454083803,1.219016825780349,1.366888437199638,1.1790918,1.0967293902435375,1.2634595130236095,4/4,4/4
b50,quality,q,3MAX,1,60,-8.82287666885335,-11.082685415711662,-6.587264129601357,0.7777359405110238,0.6769473448603245,0.8788575924324349,0.82079434,0.68934270452708,0.9485524229829511,0/4,0/4
b50,quality,q,3MAX,2,60,-4.311383924082846,-5.580427958096537,-2.9859957044954357,0.874851452370901,0.8241017043208415,0.9255713248954499,0.88700885,0.8153565874074896,0.9646791763106982,0/4,0/4
b50,quality,q,3MAX,3,60,-0.4387513652095281,-0.9989637260151757,0.11211259302451335,0.99013202023504,0.9590332883079331,1.0223882264364128,1.0381876,0.9716845541199048,1.1091044970353443,1/4,0/4
b50,quality,q,3MAX,4,60,3.4301078891719428,2.4193195845155295,4.449222963614681,1.1184049327390115,1.0703205947054946,1.169823774194594,1.0974835,1.0318273827433586,1.1678020944694678,4/4,4/4
b50,quality,q,3MAX,5,60,10.143735842083252,7.02064603501043,13.028511125495154,1.238920186846981,1.1231061640933435,1.3582664931885284,1.1566027,1.04417348737518,1.2829851978148024,4/4,4/4
b50,quality,q,DU,1,58,-8.969790416644436,-14.179330439520616,-4.068463316326997,1.0794703277737505,0.9195089156306173,1.2639392368250546,1.0794704,0.9150219648691087,1.2661590453237295,1/4,0/4
b50,quality,q,DU,2,58,-6.599007702299075,-11.348111618609872,-1.668189253102057,0.9331084672852444,0.8079142564808627,1.0596697587214416,0.9331085,0.8159132908427574,1.0635115945294242,0/4,0/4
b50,quality,q,DU,3,58,6.445934590670756,1.7768710699031072,11.216748487121917,1.1249844611433772,1.006982213703416,1.2500248480482499,1.1249845,1.0044846945161257,1.2421512946823676,4/4,4/4
b50,quality,q,DU,4,58,5.819203991795285,0.08290301909663039,11.499009620542036,0.9693383730098187,0.8425139554567009,1.1094383687607787,0.96933824,0.8371002811284189,1.1022663953601672,3/4,3/4
b50,quality,q,DU,5,58,3.305049345503963,-3.753388793203383,10.127580728023014,0.8929921566062504,0.7463499097110655,1.046004637734058,0.8929921,0.7456669108631041,1.040688397056134,1/4,2/4
b50,quality,q,SE,1,122,-8.158102124033377,-9.579507339113718,-6.668170901894088,0.7956810233740214,0.7222217004765981,0.8744876668734716,0.8677593,0.760545227942286,0.9852721506821327,0/4,0/4
b50,quality,q,SE,2,122,-3.843185441430808,-4.820201496163547,-2.9099262353763065,0.908908257427891,0.8650939874206126,0.947178309435452,0.9238612,0.8562313247044555,0.9904178037873057,0/4,0/4
b50,quality,q,SE,3,122,-0.24094864073162298,-0.6716422314347125,0.18434086251370735,1.007398995493647,0.9804738983237203,1.035942648934099,1.0111496,0.9463411689171048,1.0782907477228856,2/4,2/4
b50,quality,q,SE,4,122,3.076922773011144,2.4265109187695426,3.732601216059228,1.0739201636374065,1.0353210423923351,1.1133495072284767,1.0920339,1.0140246814758074,1.1695067444724625,4/4,4/4
b50,quality,q,SE,5,122,9.167195828029655,7.209027014717242,11.205681799820448,1.2141885871842668,1.1258938985974525,1.299581902718249,1.1053792,1.0112744803189255,1.2013878389826564,4/4,4/4
b50,quality,rq,20MAX,1,131,-8.755920909552547,-10.145185531346554,-7.361072106017631,0.7450296486994528,0.6898572795612175,0.8060608060627019,0.78179777,0.7045738582392685,0.8577856300498238,0/4,0/4
b50,quality,rq,20MAX,2,131,-4.021898999818685,-4.850285471092265,-3.207530804238961,0.8862878164721544,0.8510299734474568,0.9222520832962828,0.94436353,0.8922515355448687,1.0007650211908434,0/4,0/4
b50,quality,rq,20MAX,3,131,-0.2930064760086074,-0.6729507193391122,0.1086373618700235,1.0021785859690158,0.9811181810490661,1.024634813904649,1.0138298,0.9754826287049374,1.055792410319088,3/4,1/4
b50,quality,rq,20MAX,4,131,3.4974332869788447,2.864368996688128,4.150872775582384,1.094669403039116,1.0678901179847204,1.1223069573825852,1.0965071,1.0493213959322631,1.1455079809399962,4/4,4/4
b50,quality,rq,20MAX,5,131,9.573916116856442,7.844898923076951,11.344185328836831,1.271871373616829,1.200100941667533,1.3431105326716715,1.1635666,1.0840593825599165,1.2460539833279967,4/4,4/4
b50,quality,rq,3MAX,1,60,-8.299775770856945,-10.627042950864633,-6.1280979024595625,0.7806198044844623,0.6870281278487925,0.8758882916954005,0.8020122,0.6877389609937866,0.9162500606849789,0/4,0/4
b50,quality,rq,3MAX,2,60,-3.627642819405183,-4.9453449921281125,-2.386313066776555,0.8992851237580406,0.849290552794212,0.9507452523110962,0.9367224,0.8639596446106831,1.013328367273013,0/4,0/4
b50,quality,rq,3MAX,3,60,-0.28846288550917515,-0.8731749798517431,0.32102681160796576,0.9906120607510226,0.9571790522962716,1.0234112645718694,1.014605,0.9518700298170248,1.0798922998209795,2/4,2/4
b50,quality,rq,3MAX,4,60,3.5136279049606483,2.429990756211115,4.62037850777547,1.0991701462790038,1.0482314026713977,1.1478890076208796,1.0811691,1.0128020166854064,1.155510240495205,4/4,4/4
b50,quality,rq,3MAX,5,60,8.701598858911606,5.839517416920117,11.747901089004452,1.230288926504971,1.1135336249332821,1.3525076850103803,1.1655118,1.0401286883900562,1.2966571601852774,4/4,4/4
b50,quality,rq,DU,1,20,-9.280123092543409,-15.806806598819364,-2.7710929048602293,0.8337326704499789,0.6933840691088878,0.9852800399959284,0.8337326,0.690571475699544,0.9823482646048068,1/4,1/4
b50,quality,rq,DU,2,20,3.0493521137158046,-4.931723155100879,11.56944680714975,1.139445662042037,0.9255375585963411,1.3535766215868954,1.1394458,0.9342534413188696,1.3639657258987428,3/4,3/4
b50,quality,rq,DU,3,20,14.977076456048414,5.986189712035387,23.782333018300317,1.334700584732175,1.1388870046443569,1.5512820727658871,1.3347006,1.1373771053552628,1.5293101027607918,3/4,3/4
b50,quality,rq,DU,4,20,-3.519753013213073,-13.060423278287494,6.974510872645823,0.8911173209989334,0.6766000770130121,1.121082856799888,0.8911174,0.6740286870114505,1.1212633012607691,2/4,2/4
b50,quality,rq,DU,5,20,-5.2163224944628785,-15.233663287281763,5.61492120699635,0.801226784466411,0.5633632649631316,1.0444408057383854,0.8012268,0.5663647898717318,1.0381913823477225,1/4,1/4
b50,quality,rq,SE,1,122,-7.494347764516477,-8.925534398295568,-6.0604365560272475,0.8096785598001417,0.7370272920419318,0.8895765678971631,0.88716054,0.7734646693940778,1.010053356733845,0/4,0/4
b50,quality,rq,SE,2,122,-3.3709660879550376,-4.180426624886769,-2.4958784867201755,0.9110386405493718,0.8703936560486522,0.9516224605188204,0.90451163,0.8432036934389932,0.9687388367279143,0/4,0/4
b50,quality,rq,SE,3,122,-0.06884500194939185,-0.5428156177239688,0.40782521164396063,0.9937334697044822,0.9665256828261382,1.0207785124186861,1.0099455,0.9514207070723909,1.0750278555650692,2/4,2/4
b50,quality,rq,SE,4,122,3.3791606970757857,2.61764440864943,4.123192970740893,1.078649782494958,1.0389313423010316,1.1175949967152266,1.0851517,1.00220645475583,1.1656668477004668,4/4,4/4
b50,quality,rq,SE,5,122,7.557253955130596,5.837904312892995,9.339981778045058,1.206998132984144,1.1279312741358831,1.292147353920414,1.1134951,1.0191179625354096,1.2083372343331575,3/4,4/4
fcpo,all,dup_b,20MAX,1 (unique),66,-0.920791884970288,-1.104882662429359,-0.7375953523646417,0.961188815864388,0.9523293515686381,0.9703502956707086,0.9808396,0.9697867339759162,0.9919505348259753,0/2,0/2
fcpo,all,dup_b,20MAX,2-5,66,3.4840267223601344,2.637370767376672,4.355400719546259,1.1418371350234724,1.1000531998822944,1.1849716371839152,1.1048088,1.0234924935933314,1.1986348522431922,2/2,2/2
fcpo,all,dup_b,20MAX,21+,65,20.512690164091833,16.394313417020356,24.81217535880225,1.9300663234031186,1.6901760690426826,2.16723865225736,1.5519539,1.3501870873570443,1.7677068496782045,2/2,2/2
fcpo,all,dup_b,20MAX,6-20,66,6.365916855515892,4.853731517745248,7.878830112462924,1.265483838659752,1.1836866364117666,1.3493208067821894,1.1374462,1.0216230980374597,1.2658404795057845,2/2,2/2
fcpo,all,dup_b,3MAX,1 (unique),32,-0.8171256524147408,-1.065706240235999,-0.5511696061712144,0.96589614762464,0.9522335398882495,0.979805017308808,0.97527826,0.9590837729163468,0.9904638636857271,0/2,0/2
fcpo,all,dup_b,3MAX,2-5,32,6.53739936688989,4.355449951467594,8.494062774828969,1.2812799193367606,1.1803463719382843,1.3804948242847712,1.2207184,1.055729420343414,1.4121422355994582,2/2,2/2
fcpo,all,dup_b,3MAX,21+,31,26.896697196547134,17.054365019238176,37.15707001795879,1.9213389998175934,1.4464304106818946,2.4638478625739815,1.5852724,1.1774945269428914,2.0086536943431823,2/2,2/2
fcpo,all,dup_b,3MAX,6-20,32,15.009646682799751,10.068468410987073,19.977238090027317,1.7481593826757134,1.35610859045005,2.1733051032044712,1.4804776,1.1528628778643906,1.8797068527899683,2/2,2/2
fcpo,all,dup_b,DU,1 (unique),32,-16.33686663816798,-20.900298803332344,-11.80104607474355,0.6783597040297704,0.5783228934349746,0.777619315433052,0.67835975,0.5781741738785058,0.7766393605154007,0/2,0/2
fcpo,all,dup_b,DU,2-5,32,-9.08037171815397,-13.424829640777293,-4.628177856389682,0.8438681791409153,0.7499937965041619,0.9428246811824649,0.8438682,0.7503064398188144,0.9361380632966757,0/2,0/2
fcpo,all,dup_b,DU,21+,32,4.80544410577318,3.3860561026180456,6.281209617022221,1.0945859778392333,1.0638219801009163,1.126089920388609,1.094586,1.062494224589318,1.1256761227734386,2/2,2/2
fcpo,all,dup_b,DU,6-20,32,-4.642958854051483,-8.781866417627016,-0.5385435155654367,0.9433050870897389,0.8540226428624532,1.0379828518694072,0.94330513,0.8523133477661758,1.0365602409932761,0/2,0/2
fcpo,all,dup_b,SE,1 (unique),65,-0.6613876839303549,-0.8222290650088485,-0.4997910278472012,0.9727413159031085,0.9640809629928476,0.981327175962406,0.98771656,0.979998629276569,0.9947964854882314,0/2,0/2
fcpo,all,dup_b,SE,2-5,64,13.045703637852817,9.998538053592233,16.00349228910301,1.5526193286567167,1.380819380064434,1.7360443073343879,1.224946,1.064088348619407,1.3871070551336744,2/2,2/2
fcpo,all,dup_b,SE,21+,35,23.54903485286743,14.579340661707596,32.249788415041714,1.8283741766307928,1.3872239226238865,2.2995231327957226,1.5151457,1.1277808674744199,1.9155471129502568,2/2,2/2
fcpo,all,dup_b,SE,6-20,52,18.248993130940086,13.360630481233867,23.151674100018234,1.867597845456866,1.4987553624699022,2.286688821951877,1.4732502,1.1830583471804856,1.8235842339694501,2/2,2/2
fcpo,all,q,20MAX,1,66,-11.543481352965875,-13.087066230986373,-9.959107686327433,0.5162376104629796,0.44855640676706576,0.5898349666852927,0.49634817,0.41726540546638496,0.5804527467963371,0/2,0/2
fcpo,all,q,20MAX,2,66,-5.241526256873599,-6.314906281416916,-4.2021030125818,0.7669020418401831,0.7175833547915119,0.8201595015576055,0.7669363,0.6980900070658236,0.8359952272113526,0/2,0/2
fcpo,all,q,20MAX,3,66,-0.6942195213778614,-1.2645665216521869,-0.13648455754440245,0.9616533694134883,0.9283218679013326,0.9944565107842248,0.996284,0.9415828417647969,1.0524088281573671,0/2,0/2
fcpo,all,q,20MAX,4,66,4.097146375968294,3.44320625210917,4.718403440780452,1.165028257394419,1.1281970496174931,1.1973835133519137,1.1644394,1.1078000614363135,1.2184232804359811,2/2,2/2
fcpo,all,q,20MAX,5,66,13.382203972031771,10.889153803255514,15.93368987793509,1.59019052710367,1.4604613253372947,1.7135585832207196,1.5760089,1.420070638259252,1.741660106204676,2/2,2/2
fcpo,all,q,3MAX,1,32,-10.926366527595574,-13.38235252942475,-8.371500557171728,0.558690499215783,0.4520647772215722,0.6857129319716707,0.605555,0.44351926343515513,0.7823017502669245,0/2,0/2
fcpo,all,q,3MAX,2,32,-4.919385699547511,-6.6378976925028095,-3.1220739800747115,0.800407167277488,0.7104910095968856,0.8895135265737768,0.807742,0.7022724187932908,0.9134123475290835,0/2,0/2
fcpo,all,q,3MAX,3,32,-0.8570359884579715,-1.7714908261406124,0.011786911223070443,0.9522819080336717,0.8991055741951133,1.0097679747638961,0.9628816,0.8807793538551778,1.0486302716657518,0/2,0/2
fcpo,all,q,3MAX,4,32,3.5853277643572836,2.477230562800831,4.612398816536745,1.1391514005162826,1.0761091624179777,1.1986276034456693,1.1236112,1.0338066775351762,1.2105186740867793,2/2,2/2
fcpo,all,q,3MAX,5,32,13.117618736729876,9.064223376012508,17.068118798859857,1.5494684397160143,1.3359673551108449,1.7569029511709007,1.5002055,1.2622712148353457,1.7491862272378058,2/2,2/2
fcpo,all,q,DU,1,32,-18.99876278446506,-24.062871042138696,-13.817750691775421,0.6148676387049122,0.5008337642161684,0.7319080523885334,0.6148677,0.49849180261371656,0.7322513237828389,0/2,0/2
fcpo,all,q,DU,2,32,-6.957643922180228,-10.956847850564406,-2.713352507934117,0.8845684917135362,0.8003184686405259,0.9699898899005236,0.8845686,0.7969528913497925,0.970434844866395,0/2,0/2
fcpo,all,q,DU,3,32,2.727998468425929,-2.9994226465087053,8.87684382091471,1.0443114034981442,0.9259075059072829,1.1611465013742652,1.0443115,0.9305555402301252,1.1622248607687653,2/2,2/2
fcpo,all,q,DU,4,32,14.703964645793143,8.972721348244542,20.186741220464473,1.2976937719109611,1.1717908985888403,1.423527042313092,1.2976938,1.171365546574816,1.4202247550711036,2/2,2/2
fcpo,all,q,DU,5,32,8.525691020634554,0.7229464534625019,16.601363935828577,1.1585817638913403,0.9833007052633216,1.3338764308414457,1.1585817,0.9880928919417784,1.3342870458145626,2/2,2/2
fcpo,all,q,SE,1,65,-9.675200152148621,-11.370781763418169,-7.8971584415726115,0.5966084492402867,0.5068047089973771,0.6973404754515382,0.63708305,0.510413367444506,0.7742065697507216,0/2,0/2
fcpo,all,q,SE,2,65,-4.38289696934481,-5.500573711493664,-3.283355428726022,0.8067938502373984,0.7479997014504552,0.8685236383102243,0.8255937,0.7282487630041746,0.9308221431305775,0/2,0/2
fcpo,all,q,SE,3,65,-0.8400920658150758,-1.4646791293689794,-0.21353690584086446,0.9403379162307264,0.9014667546747698,0.9774955363718549,0.9583937,0.8847891059976358,1.0374626258015631,0/2,0/2
fcpo,all,q,SE,4,65,3.1592314102026613,2.4169801024684134,3.8783885834207887,1.1387579688827874,1.088215894065083,1.1868289392042928,1.1233176,1.031079504283575,1.215140263254826,2/2,2/2
fcpo,all,q,SE,5,65,11.738606003206316,9.210277213302566,14.208251204266258,1.5174711373626177,1.378081378900497,1.6613153567609458,1.4555938,1.290153424006242,1.6209559135941358,2/2,2/2
fcpo,all,rq,20MAX,1,65,-8.200992883432772,-9.692195084453616,-6.620707258716872,0.6596299054164246,0.5827326696120593,0.7387982869047368,0.6771815,0.5754787120681543,0.7855385165833509,0/2,0/2
fcpo,all,rq,20MAX,2,65,-3.845107412942899,-4.669097795663939,-3.016433338824597,0.828061914366461,0.787350859489789,0.8680217363121548,0.8185314,0.7656501022898234,0.8747273143208943,0/2,0/2
fcpo,all,rq,20MAX,3,65,-0.5138238155650828,-0.9766704708937601,-0.10246101361372044,0.9767377298218941,0.9507232084038575,1.0016469628030564,0.9764963,0.931328244805336,1.0213593397232201,0/2,0/2
fcpo,all,rq,20MAX,4,65,3.351643954087822,2.659807016791071,4.006692534917867,1.1441874653608959,1.1095049577031713,1.1781855873484133,1.1537311,1.0955487811565399,1.2123184406757355,2/2,2/2
fcpo,all,rq,20MAX,5,65,9.208327943743605,7.2697495982449825,11.221387214754369,1.391387854904382,1.2966055958051832,1.4864652020253877,1.3740658,1.260469680932852,1.5035945189228423,2/2,2/2
fcpo,all,rq,3MAX,1,32,-7.798165051914993,-10.110138006563403,-5.322734454832241,0.7072653338874386,0.584227608746931,0.8386765756715917,0.7742387,0.6037013911409304,0.9744573155185207,0/2,0/2
fcpo,all,rq,3MAX,2,32,-3.5355235368392264,-4.910337239485189,-2.136665564059529,0.8446068167524883,0.7788832278182088,0.9134462640483817,0.8152646,0.7301110688596963,0.9050642249174415,0/2,0/2
fcpo,all,rq,3MAX,3,32,-0.27454682890744225,-0.9825752336240425,0.4241353009343604,0.9769665626315145,0.9309514769936154,1.0219555154679938,0.9506618,0.8825270432978869,1.0266079605557024,0/2,1/2
fcpo,all,rq,3MAX,4,32,3.02518925490584,1.96195547710546,4.015265295013787,1.1244076088182418,1.0598025317478625,1.1881592081028014,1.1248806,1.030341704050079,1.2207130766939371,2/2,2/2
fcpo,all,rq,3MAX,5,32,8.583040157086044,5.304423900404564,11.787247677507017,1.3467435817043765,1.1812582073197124,1.5062893064525174,1.3349236,1.1375993068795651,1.5281019538640976,2/2,2/2
fcpo,all,rq,DU,1,32,-14.038543418515562,-18.407522924455364,-9.20782000045844,0.725673337147561,0.622781596293259,0.8327097160755051,0.7256733,0.6256500625051558,0.8320188399869949,0/2,0/2
fcpo,all,rq,DU,2,32,-1.4601492936696578,-6.229258487985152,3.188784641560366,0.9731940807348045,0.8829649669376951,1.0651622452775606,0.9731941,0.8795444041024894,1.0645476896432229,0/2,0/2
fcpo,all,rq,DU,3,32,5.2353136881390885,0.2341422438329176,10.187579517343362,1.0762594365821245,0.9694914810121731,1.1715181840625228,1.0762594,0.9733040348626674,1.1748492393642664,1/2,1/2
fcpo,all,rq,DU,4,32,6.011268808625457,0.13665144183597916,11.33145240922945,1.1336275898389188,1.011237599375247,1.252429255842785,1.1336277,1.007346472935751,1.2558731684461235,2/2,2/2
fcpo,all,rq,DU,5,32,4.253804586361035,-2.8925677486777652,11.22428331293933,1.0912651077266586,0.9298759235681422,1.2522946599477338,1.0912652,0.9330920650994813,1.2451647978741676,2/2,2/2
fcpo,all,rq,SE,1,63,-7.272168947561315,-8.849515231868967,-5.6110665324655224,0.695944732694184,0.6002226460970077,0.7995145060762852,0.73350054,0.5998139787583597,0.8774367235246159,0/2,0/2
fcpo,all,rq,SE,2,63,-3.3120534094372345,-4.217664634908348,-2.3638990123172143,0.8516243283817223,0.8015818049847228,0.9030946877380784,0.8585822,0.7745043537328167,0.9422943253838827,0/2,0/2
fcpo,all,rq,SE,3,63,-0.09173699815224746,-0.5783024768086782,0.3933211823932287,0.9890708037890675,0.949497573603419,1.0246475908422517,0.9528243,0.8845753967052414,1.0247758916919194,1/2,1/2
fcpo,all,rq,SE,4,63,2.980048468573494,2.154870879154965,3.72347117557044,1.1410249893372193,1.092984584846311,1.1871865615013333,1.1996233,1.0921415836565078,1.3156589258284797,2/2,2/2
fcpo,all,rq,SE,5,63,7.6953506645819605,5.711290243499804,9.704370172327625,1.3222813621386311,1.2010211023038442,1.4406559325233015,1.2553849,1.1185382390187846,1.390780500937549,2/2,2/2
fcpo,quality,dup_b,20MAX,1 (unique),65,-1.5277694317491746,-1.865663354065989,-1.196833259114814,0.9562364628251183,0.9433803172115344,0.9692660225715598,0.9814724,0.9654361860568706,0.9977029672035804,0/2,0/2
fcpo,quality,dup_b,20MAX,2-5,65,3.790745258687446,2.851269114961985,4.714359345728189,1.1097499308833603,1.073862396917324,1.1470219382038682,1.0667824,0.9973874292465357,1.1486785230728296,2/2,2/2
fcpo,quality,dup_b,20MAX,21+,64,16.861337934830466,12.721363485044492,20.911924207198442,1.5142234446742202,1.3401281503167612,1.7009746044850929,1.2198946,1.0552323037874884,1.3894846045179292,2/2,2/2
fcpo,quality,dup_b,20MAX,6-20,64,5.8291490744157,4.215339094465076,7.451878529844645,1.1576479168362348,1.0890761048728086,1.23239478885737,1.0645487,0.9480371471843683,1.1827492816490122,2/2,2/2
fcpo,quality,dup_b,3MAX,1 (unique),32,-1.2560062675070003,-1.74910979327685,-0.7730152328249625,0.9656664420903802,0.9448837055247824,0.9860521653062135,0.981342,0.9576068677008152,1.0030043546110392,0/2,0/2
fcpo,quality,dup_b,3MAX,2-5,32,5.329488349146093,3.152694337885376,7.55874621096557,1.1479205016591256,1.0556833890531525,1.2379355169422146,1.0766346,0.9326792971231044,1.2405445080250501,2/2,2/2
fcpo,quality,dup_b,3MAX,21+,28,29.40409031632464,18.945688686008275,39.25148705827256,1.6729564607461358,1.2788811886887872,2.1006535914162736,1.3944548,1.1012604655964033,1.733395392341273,2/2,2/2
fcpo,quality,dup_b,3MAX,6-20,32,9.418516672955985,4.3022869280426415,14.736226754124115,1.373372271492444,1.060899045440595,1.7318695153176802,1.1723021,0.9105851287895348,1.4834208787593526,2/2,2/2
fcpo,quality,dup_b,DU,1 (unique),31,-12.183964023426386,-18.02817962073501,-6.454720379345746,0.8515923775163918,0.7367418168236144,0.9676963473307867,0.8515925,0.7417167450391478,0.9653204093296682,0/2,0/2
fcpo,quality,dup_b,DU,2-5,30,-4.211560467662929,-10.821732267170301,2.0163743805047805,1.010835853834701,0.8716497606351337,1.1553141197287176,1.0108358,0.8682400808731715,1.1643657783170542,1/2,0/2
fcpo,quality,dup_b,DU,21+,32,0.05249981734144121,-1.2776032644809363,0.9993794730028941,0.9946852141048423,0.9697806652409141,1.0143050629774515,0.9946852,0.9703789499588311,1.0141588824801147,1/2,1/2
fcpo,quality,dup_b,DU,6-20,30,-0.9732284148125302,-8.665277195455605,6.955560652849352,1.0965664432548827,0.9048924750667366,1.3121186962487719,1.0965664,0.9064361500243345,1.3059715054432552,1/2,1/2
fcpo,quality,dup_b,SE,1 (unique),62,-1.0843524483874334,-1.4017638418003757,-0.7424434607835856,0.9714320967322059,0.9574543401892236,0.9843442473343519,0.99179435,0.9799949120609991,1.0032244512631048,0/2,0/2
fcpo,quality,dup_b,SE,2-5,62,9.111653976158777,6.24591743235933,11.968631649380447,1.2440083648198603,1.118155652417471,1.3814891832802587,1.0279269,0.9124306557459697,1.1516580634059443,2/2,2/2
fcpo,quality,dup_b,SE,21+,35,19.362270689016295,10.620448230210236,28.109694628862137,1.3442504253285437,1.0382029096308552,1.6712950572120961,1.1141602,0.8499391295228685,1.3965837682996478,2/2,2/2
fcpo,quality,dup_b,SE,6-20,44,13.70617331890787,8.759345038103985,18.6354601775173,1.4569774833205267,1.173400796947848,1.7830138020939306,1.2067264,0.9718698153526268,1.464700204514983,2/2,2/2
fcpo,quality,q,20MAX,1,65,-10.99769599438275,-13.042312479011514,-8.721289392103222,0.6835925754833677,0.6023855924379663,0.7748433708924328,0.734936,0.6168986014563304,0.8597148580963795,0/2,0/2
fcpo,quality,q,20MAX,2,65,-5.13531733232575,-6.299142964694366,-3.952100336245996,0.8463380085496875,0.8015783044842621,0.8905416248447383,0.87083584,0.798950042289037,0.9436747148633003,0/2,0/2
fcpo,quality,q,20MAX,3,65,-0.7631485436360731,-1.3387699267316835,-0.15876530678556153,0.9681045882963908,0.9379764965132774,0.9956010622971073,0.94720256,0.8965758160902904,1.00124321268155,1/2,1/2
fcpo,quality,q,20MAX,4,65,3.67666533361678,2.7486699113921365,4.589416998789961,1.1165320035501944,1.0777918877218746,1.1540406014937576,1.1153954,1.0469335716504318,1.1786329801266011,2/2,2/2
fcpo,quality,q,20MAX,5,65,13.219094290613045,10.455423252717152,16.076506117478917,1.3854488247968424,1.2758072237697853,1.495121552820366,1.331647,1.1921193631107991,1.4752170051748936,2/2,2/2
fcpo,quality,q,3MAX,1,32,-10.501170679750588,-13.982696765999977,-7.006170024113896,0.747532232309264,0.6005226420346642,0.8999636761359079,0.8243234,0.651631538127549,1.0222603841219098,0/2,0/2
fcpo,quality,q,3MAX,2,32,-4.9473795869512776,-6.865625179241156,-2.9660834267874656,0.8498700552957532,0.7788453063141472,0.9210838121188065,0.82237875,0.737535319942981,0.9096863452810794,0/2,0/2
fcpo,quality,q,3MAX,3,32,-0.8048020921132065,-1.7118255110621898,0.13746678852315736,0.9819546907020953,0.9307322408722668,1.033321704900027,0.99756414,0.9153969983570278,1.0901158542372287,1/2,0/2
fcpo,quality,q,3MAX,4,32,3.7428537644448023,2.1567619786668732,5.319084022843369,1.087989083024754,1.018457539776608,1.1539734924796976,1.0501935,0.9674589297734201,1.1302937838248908,2/2,2/2
fcpo,quality,q,3MAX,5,32,12.511160069486206,7.8581803286574035,16.892100192713563,1.3326660827009125,1.1462923651956727,1.511107296002092,1.3055125,1.1003246313193813,1.521623903955333,2/2,2/2
fcpo,quality,q,DU,1,32,-12.254429356305865,-18.977840037122217,-5.778784113925258,0.8446839187587571,0.7182395710788094,0.9797142055995437,0.84468395,0.7167604759568349,0.9772427388466894,0/2,0/2
fcpo,quality,q,DU,2,32,2.929461455747341,-3.864911423535094,9.732436416750895,1.055912889571852,0.8963539495243167,1.2211593624639412,1.0559129,0.9014875263907015,1.2328422842547297,1/2,1/2
fcpo,quality,q,DU,3,32,3.7878684701547636,-1.9685316443235705,9.654910136838637,1.0456493471986876,0.9100423595728948,1.1811947714728392,1.0456494,0.9111365590477363,1.1741405933396891,1/2,1/2
fcpo,quality,q,DU,4,32,4.689183952007652,-2.5047582446416907,11.526283533141806,0.9807408784755725,0.8179686379003055,1.1348382396085201,0.9807409,0.8144456277193968,1.1270700752967968,1/2,1/2
fcpo,quality,q,DU,5,32,0.8544618498049632,-6.943728577300186,8.806543745097924,1.0730506247481277,0.886507636660194,1.2682115791498212,1.0730507,0.8886111588246421,1.269697818990244,2/2,2/2
fcpo,quality,q,SE,1,62,-9.969807605675815,-12.312453292030103,-7.588334070804201,0.7366853261616081,0.6207892133483603,0.8602831689717908,0.7906873,0.6313039549956879,0.9618494445758481,0/2,0/2
fcpo,quality,q,SE,2,62,-4.354479929586527,-5.676683558229116,-2.9725384067060503,0.8374122135443516,0.7763175786073984,0.8977507630418836,0.8613737,0.7486265129019176,0.9888011874450792,0/2,0/2
fcpo,quality,q,SE,3,62,-1.0811941389764603,-1.8705150097345702,-0.25474801419221077,0.9786188094223868,0.9266272042127816,1.0287550541595702,0.9892655,0.8876896484965279,1.0935002355085264,1/2,0/2
fcpo,quality,q,SE,4,62,3.748289634750988,2.5934985541533013,4.880142709772113,1.109768785925358,1.0545468170019068,1.1642565588351161,1.066379,0.9750415608226772,1.1648965979776074,2/2,2/2
fcpo,quality,q,SE,5,62,11.658341664859122,8.465535123138627,14.682152116309561,1.3374985092636777,1.2027700054523078,1.4738161475928817,1.2922148,1.1198413169011474,1.4655536187692515,2/2,2/2
fcpo,quality,rq,20MAX,1,65,-10.598638682400102,-12.663807484989498,-8.494394183229659,0.6892501722502014,0.6059936179488822,0.7886507813006591,0.75040656,0.6214088190633517,0.8825691070579565,0/2,0/2
fcpo,quality,rq,20MAX,2,65,-4.701642104909524,-5.840536245182434,-3.550700265471376,0.8478330358288235,0.8054498770339399,0.891890902749367,0.835342,0.7705663549212309,0.897049416739207,0/2,0/2
fcpo,quality,rq,20MAX,3,65,-0.47257263636034413,-1.0345474924198488,0.0813076773100334,0.9878738829705436,0.958137968497158,1.017055058867499,0.9817575,0.9276479836839896,1.036563968727222,1/2,1/2
fcpo,quality,rq,20MAX,4,65,4.255384071588584,3.2515354118827844,5.262988704377507,1.1313746750627778,1.089372676423128,1.173906402794228,1.1218834,1.0529938276226705,1.1906233667639585,2/2,2/2
fcpo,quality,rq,20MAX,5,65,11.517414251747239,8.86312304193835,14.156932107717601,1.3436704456127535,1.2420050740531934,1.4456698437157003,1.3106111,1.1774368893412444,1.4424192294936913,2/2,2/2
fcpo,quality,rq,3MAX,1,32,-10.193565063871509,-13.58182437644032,-6.834673204931288,0.7393726869260708,0.6009814663159205,0.8888887613695698,0.82756376,0.6413833236787468,1.0293495860882103,0/2,0/2
fcpo,quality,rq,3MAX,2,32,-4.430249286050666,-6.398853915746991,-2.612719748965635,0.8602145892315372,0.792571583596897,0.9291966189908838,0.8128673,0.7395517781376839,0.8875831903889775,0/2,0/2
fcpo,quality,rq,3MAX,3,32,-0.2638093220035773,-1.303862830200342,0.7424547616316319,0.9828043743934095,0.9320270949419447,1.034987968988295,0.9466279,0.8808504053857178,1.0171928291674703,1/2,0/2
fcpo,quality,rq,3MAX,4,32,4.118844131042963,2.5206495716919077,5.752243027877757,1.112539679202899,1.041816299704233,1.1789078497167618,1.0947149,1.0023180837742984,1.1806632237508894,2/2,2/2
fcpo,quality,rq,3MAX,5,32,10.769502714649045,6.38471902895583,14.862976816105663,1.3050899951777337,1.1266867643039502,1.487767213778005,1.3182218,1.1336926768068225,1.5080118743237108,2/2,2/2
fcpo,quality,rq,DU,1,9,-10.13142124342097,-19.7121684337571,0.5990403274544713,0.827106310235863,0.6240393703075727,1.062417257605709,0.8271063,0.6259510550234053,1.0581673809223704,0/2,0/2
fcpo,quality,rq,DU,2,9,9.48142699716843,-0.8862147584001022,21.13514503133366,1.2195209847128934,0.9944605773035191,1.4562256898046952,1.2195209,0.9990657488505045,1.4640341136190627,2/2,2/2
fcpo,quality,rq,DU,3,9,3.435721602720502,-5.700829264634071,12.864509382604561,0.9955379564452961,0.7925289679070273,1.229604454067674,0.995538,0.7736188511053721,1.2200919638077419,1/2,1/2
fcpo,quality,rq,DU,4,9,-3.420246957227197,-14.34006494010531,6.935095616492982,0.9315881215403043,0.714311428484087,1.130883278305783,0.9315882,0.7124399385518498,1.1258017089631822,0/2,0/2
fcpo,quality,rq,DU,5,9,0.6337299378376247,-11.638211603979908,14.117637043490733,1.0261589482960876,0.7072660169568986,1.3405838194320787,1.0261589,0.6854250556517703,1.3505685183737013,1/2,1/2
fcpo,quality,rq,SE,1,62,-9.352179946618186,-11.50552036736857,-7.08061564388075,0.7329014169149537,0.6216167306910053,0.8572810360501252,0.7884214,0.6272206804384628,0.9667064217970737,0/2,0/2
fcpo,quality,rq,SE,2,62,-4.276519613993779,-5.6196905208782955,-2.9748319853862673,0.8635779747902131,0.8033727220081112,0.9275433915099978,0.92769104,0.8064968535856855,1.0649751272413037,0/2,0/2
fcpo,quality,rq,SE,3,62,0.034203878899272774,-0.782644143838366,0.827204365905488,0.9782504844085119,0.9308922655011678,1.0258280221332703,0.8617977,0.797323406055089,0.9228514580957351,1/2,1/2
fcpo,quality,rq,SE,4,62,3.717796359991379,2.544683511606854,4.906451104960867,1.1383595449043171,1.0775494892649795,1.1989192936166335,1.2230458,1.0949639048307174,1.361286811927153,2/2,2/2
fcpo,quality,rq,SE,5,62,9.87865354059382,6.979546926188422,12.608856586003178,1.2869729729003951,1.1582585558422864,1.4217235919939686,1.199234,1.050816299832396,1.3539870546650021,2/2,2/2
heur,all,dup_b,20MAX,1 (unique),137,-0.9414392149818015,-1.0795836408469734,-0.8030582150992629,0.9636459069423728,0.9570096216683157,0.9699273179238825,0.9837105,0.9764841120826068,0.9909743349265008,0/4,0/4
heur,all,dup_b,20MAX,2-5,137,3.771189484157759,3.0677532813714685,4.471306157983148,1.1637592315845235,1.127312182181543,1.199277979196425,1.1275108,1.0689025360954938,1.190433785504233,4/4,4/4
heur,all,dup_b,20MAX,21+,127,21.01600319105909,17.810677405455085,24.23150341388161,1.8366079677035039,1.6700035511057245,2.009635020920921,1.4732785,1.334534113502174,1.617730791215587,4/4,4/4
heur,all,dup_b,20MAX,6-20,136,5.801573954378801,4.419131701014713,7.160857091598678,1.1939620907622999,1.1349198722820957,1.254494021917581,1.0354156,0.9636998400420826,1.1097001512370566,3/4,4/4
heur,all,dup_b,3MAX,1 (unique),65,-0.7786941711485129,-0.9625476276212819,-0.595714050201736,0.9713097221936899,0.9625897584738878,0.9799149721680747,0.9836473,0.9734764008338634,0.992728570470443,0/4,0/4
heur,all,dup_b,3MAX,2-5,65,6.86167576088926,5.481147074116628,8.327675548818863,1.259129985410397,1.1806977251119577,1.3351577837126414,1.1353028,1.0355740370429478,1.2486368700632684,4/4,4/4
heur,all,dup_b,3MAX,21+,49,26.546894421493484,17.978205930055395,34.55248606366979,1.8132300440347222,1.4568897689641813,2.188409352823287,1.4865508,1.2085549542186211,1.796145412265038,4/4,4/4
heur,all,dup_b,3MAX,6-20,57,14.722470782244825,10.50950284307843,18.888844427414277,1.5898024812814906,1.3172900659399043,1.8673847527233052,1.3215494,1.0907869784716975,1.5881340053520703,4/4,4/4
heur,all,dup_b,DU,1 (unique),64,-17.39292248898602,-20.74536949973156,-14.005400434492426,0.6796446525710481,0.608903441090286,0.7558385630915742,0.6796447,0.6065002366434783,0.7537300788215362,0/4,0/4
heur,all,dup_b,DU,2-5,64,-10.170495877745402,-13.012604638057919,-7.069715521667682,0.846153609423084,0.7814598056092447,0.91369829744042,0.8461536,0.781159603362903,0.9130333778448403,0/4,0/4
heur,all,dup_b,DU,21+,64,4.689780364775718,3.5520778654156215,5.961585477169418,1.0901698446167178,1.0646489671527946,1.1205440903360444,1.0901699,1.064821022376418,1.1199391319416463,4/4,4/4
heur,all,dup_b,DU,6-20,64,-8.290587026953482,-11.34574537110125,-5.2493607901020924,0.8880878551018242,0.8238807246859362,0.9532992025320607,0.88808787,0.8234405543655157,0.9515049495268613,0/4,0/4
heur,all,dup_b,SE,1 (unique),138,-0.6629119989608803,-0.769384849887006,-0.5494307110173419,0.9727503266595783,0.967349362875431,0.9782765276057521,0.9863843,0.9812693567163703,0.9913704099214595,0/4,0/4
heur,all,dup_b,SE,2-5,130,12.502813792279587,10.590373291796636,14.490055013736313,1.5312975162518254,1.4176023842463485,1.650638722009152,1.2446247,1.1271643076607816,1.372457227239815,4/4,4/4
heur,all,dup_b,SE,21+,69,27.260724768555512,19.993459246025473,34.653919811629436,1.8886940092546045,1.5721139140779716,2.2136272551082357,1.5172048,1.2594384583658067,1.7930162133406036,4/4,4/4
heur,all,dup_b,SE,6-20,98,19.468332913450148,15.774643977373731,23.12561594525447,1.9404294838869378,1.662521118129059,2.232015692666634,1.5478427,1.312920990200447,1.791883665342264,4/4,4/4
heur,all,q,20MAX,1,137,-4.702186054688408,-5.6896487013381645,-3.6308380560285167,0.8092721496088221,0.7589813583529778,0.8599154042347756,0.80206496,0.7411387749451356,0.8645793296614267,0/4,0/4
heur,all,q,20MAX,2,137,-1.5115947215545478,-2.2472902491968023,-0.8229904993201153,0.933258673892216,0.8976297018818272,0.9701518865556348,0.9473935,0.8959768007489016,0.9959299117163585,0/4,0/4
heur,all,q,20MAX,3,137,0.3000531896550062,-0.08128718149398084,0.6650895887082225,1.007911499679914,0.9869810122732148,1.028570189313765,1.0027947,0.9692367870007118,1.0352950157040228,2/4,3/4
heur,all,q,20MAX,4,137,2.074040200921317,1.470405549241146,2.6968845543843636,1.0806774103276993,1.051352308410916,1.1093277328252302,1.0718867,1.0293785074766535,1.1132599092965578,4/4,4/4
heur,all,q,20MAX,5,137,3.839838451311715,2.495600314968051,5.148408633285815,1.1688778228510117,1.1040732839961849,1.2390902173866776,1.17587,1.0894490931590979,1.2620066166576678,4/4,4/4
heur,all,q,3MAX,1,65,-4.470799456410731,-6.080537669221099,-2.8722468601868174,0.824703242389311,0.7399771177105741,0.9143095729267654,0.86634594,0.7638941171536079,0.9787293104942029,0/4,0/4
heur,all,q,3MAX,2,65,-1.2457556090572879,-2.35537368125313,-0.1319421871023493,0.9374099192812082,0.8790450435299216,0.9997128241489948,0.9257616,0.8547726149513172,1.0004330593576798,0/4,0/4
heur,all,q,3MAX,3,65,0.47464667180467207,-0.17226367700946507,1.1399122577037741,0.9985335605798598,0.9600778651084672,1.03645527777481,0.9928744,0.9233309359733874,1.0604055592646964,1/4,3/4
heur,all,q,3MAX,4,65,1.7142358845092756,0.7709241998282753,2.678229041114824,1.0587952816930246,1.0075767141024208,1.109810832040089,0.9941945,0.9304130068192116,1.057017146578202,4/4,4/4
heur,all,q,3MAX,5,65,3.5284683907757555,1.4264434465550384,5.678850233481218,1.180575935439952,1.0708766674736,1.2914455613982019,1.2208028,1.0795294687381158,1.365847638088923,4/4,4/4
heur,all,q,DU,1,64,-11.015910205227676,-14.776993211614727,-7.141959175518384,0.816255982430476,0.7315318739444499,0.9000721140027768,0.81625605,0.7339160925388569,0.8987564018054399,0/4,0/4
heur,all,q,DU,2,64,2.4483021236060334,-1.7344152235821717,7.001422887449465,1.0414833741741187,0.9439838441626206,1.1320958420458656,1.0414834,0.9449980307748774,1.1308980292873456,3/4,4/4
heur,all,q,DU,3,64,2.0999962369712053,-1.980317117094063,6.500971031062757,0.9579987841297889,0.8681079121651701,1.0486084529935513,0.9579989,0.8678698388195698,1.0496775893378072,1/4,3/4
heur,all,q,DU,4,64,2.946105190939056,-1.479793393317633,7.533163642273102,1.0555814196179405,0.9570537191641025,1.1615360436408857,1.0555816,0.9527525545796379,1.1581736598949646,3/4,3/4
heur,all,q,DU,5,64,3.5240279038022084,-1.0373619825969773,8.094174511431747,1.1286960431271629,1.0248085564551137,1.241375392905312,1.1286961,1.019286793115316,1.232994499715278,3/4,3/4
heur,all,q,SE,1,138,-4.2267727134840785,-5.251857288462433,-3.1101491447228216,0.810697385188665,0.7507770052799158,0.8703404222788815,0.82120824,0.7418335393206149,0.907773072199653,0/4,0/4
heur,all,q,SE,2,138,-1.184434179748878,-1.8749362912320395,-0.49244894347889123,0.9472220830942498,0.907482287919916,0.9881851866262557,0.93879366,0.8806635472977508,1.0042196048882561,1/4,0/4
heur,all,q,SE,3,138,0.037606307284767,-0.3722137330246731,0.4506061368171976,1.003106248629866,0.9734751011847308,1.0307424047348033,1.0092572,0.9539711636693582,1.0718766788533634,3/4,2/4
heur,all,q,SE,4,138,1.8117642328657009,1.2157984501185757,2.473653511656015,1.0702855356824592,1.0341100727427022,1.1066295636308354,1.054168,0.9929811372057251,1.122709220637014,4/4,4/4
heur,all,q,SE,5,138,3.562463770121896,2.2397904623065172,4.849962860035089,1.1687327170016828,1.0908996005387799,1.2459192740952847,1.1766074,1.0739267914029567,1.277753836904531,3/4,4/4
heur,all,rq,20MAX,1,131,-2.934399091666657,-3.965375417154875,-1.9402173179909867,0.8888524381768618,0.8356309197747758,0.9402003578915075,0.89868236,0.8315605063304191,0.9653948400937419,0/4,0/4
heur,all,rq,20MAX,2,131,-0.7649625529114212,-1.3485422633667754,-0.14513279966326936,0.9585233707867615,0.9256104113499215,0.9896421972081789,0.95072967,0.9073925260937851,0.994370111129211,1/4,1/4
heur,all,rq,20MAX,3,131,0.4251402213414309,0.061792257367574,0.7672012333325839,1.0167931222265765,0.9992877965333467,1.0351430934643397,1.0332534,1.0008330767163793,1.065718430007687,4/4,4/4
heur,all,rq,20MAX,4,131,1.2805970239924214,0.7268004755789493,1.8397339496898262,1.0574676867011512,1.0293291503234514,1.08761846577071,1.0382252,0.9964404608002146,1.079067583484504,4/4,4/4
heur,all,rq,20MAX,5,131,1.9935676464878824,0.7962732001048075,3.289584354356847,1.0783515546070348,1.0167768921382911,1.1384811162293322,1.0791036,0.9989638349937119,1.1574229703604721,3/4,3/4
heur,all,rq,3MAX,1,60,-3.00447873090565,-4.572501510897449,-1.462032713425058,0.8960480825446993,0.8077346234308942,0.9849308203750916,0.94795793,0.8257172649850448,1.0618823293223978,1/4,0/4
heur,all,rq,3MAX,2,60,-0.5642464981494888,-1.712350905027537,0.486528464502319,0.9669629038075525,0.9163079895088867,1.0194134767088425,0.94696414,0.8743366432065766,1.0220284145449599,1/4,2/4
heur,all,rq,3MAX,3,60,0.5234698108806412,-0.04630868042507105,1.1124599991164936,1.0148599520124046,0.9835247757688161,1.0466632726180232,1.0046318,0.9420123613377412,1.0655357531706493,2/4,4/4
heur,all,rq,3MAX,4,60,1.4596860010403199,0.5986428143588938,2.3603515449676666,1.0627441785946916,1.0130067443823114,1.1126467571721284,0.9983171,0.9389404051254193,1.0622595754762492,4/4,4/4
heur,all,rq,3MAX,5,60,1.5864768699542853,-0.28683496710033846,3.3940398395111853,1.0594452755866113,0.9623728368036367,1.1506349275418084,1.102174,0.9709446928153436,1.2326332281529901,2/4,3/4
heur,all,rq,DU,1,58,-10.277461130325193,-14.301392918237406,-6.04661158709862,0.8341537214746435,0.7357719129778882,0.9350716153044039,0.8341537,0.7413732574064412,0.9312114440161606,0/4,0/4
heur,all,rq,DU,2,58,1.9411530912431834,-2.6573157838420496,6.602242152387828,1.0115157977545346,0.903351695684136,1.119428763544078,1.0115159,0.906098410687891,1.1201712790017562,3/4,3/4
heur,all,rq,DU,3,58,2.1445359668368393,-2.066759418450577,6.148803768095525,0.9679924500522351,0.8742846473957683,1.053960484571704,0.96799254,0.8763357355667817,1.0510689525958352,1/4,2/4
heur,all,rq,DU,4,58,4.08639134210322,-0.24270286240108596,8.502223053712665,1.0860021782160696,0.9919856349121899,1.1829883021714598,1.0860021,0.9846925323652425,1.1850233678180115,4/4,3/4
heur,all,rq,DU,5,58,2.1076283919204344,-2.0939989119139506,6.380592702392047,1.1003369554013571,1.001816509280025,1.2026063786349621,1.100337,1.0025844395032217,1.2022194284817267,3/4,3/4
heur,all,rq,SE,1,127,-2.73909501319717,-3.8082686001411554,-1.6957479795152721,0.8760174598006996,0.8144306546845527,0.9397929797064789,0.9000403,0.8115450293295027,0.9962396669194219,1/4,0/4
heur,all,rq,SE,2,127,-0.4043181095346188,-1.062592469179047,0.26614949410955896,0.9794385332416041,0.9381792515021062,1.0185106839543918,0.95337653,0.8960699150764098,1.015031352381068,2/4,2/4
heur,all,rq,SE,3,127,0.16499956723651263,-0.2006655493102386,0.5180769483700841,1.0037974345330467,0.9789738572389363,1.0293838649898537,0.99402714,0.9405734320442507,1.0515864947297442,3/4,3/4
heur,all,rq,SE,4,127,1.1686271453571295,0.5901784026894241,1.7803148567566065,1.06495439739457,1.0276067790977883,1.104624305008916,1.0556134,0.9847640053611102,1.1276677885276125,4/4,4/4
heur,all,rq,SE,5,127,1.810326109263803,0.5819138159527126,3.0329770570900263,1.075845526415047,1.00998082600603,1.139977113483071,1.0970296,1.0078306870667015,1.1885616078855485,2/4,3/4
heur,quality,dup_b,20MAX,1 (unique),131,-1.51810244392766,-1.7773904389735107,-1.2604485178099623,0.9611654996497404,0.9508865679997354,0.9717399991149567,0.98814845,0.9766834423287224,0.9990166669583503,0/4,0/4
heur,quality,dup_b,20MAX,2-5,131,3.957583914384486,3.2083732174950654,4.717068568862787,1.1164677912905245,1.0810369119530512,1.153650617503177,1.0747313,1.0104284685986642,1.1509012007758816,4/4,4/4
heur,quality,dup_b,20MAX,21+,118,17.83511682627378,14.589045521456784,20.87913812312087,1.4824825483973991,1.359250866338703,1.6059401665809663,1.1980541,1.0936444229430566,1.3068994175705868,4/4,4/4
heur,quality,dup_b,20MAX,6-20,127,5.773636011457939,4.2402280655451445,7.400582616140316,1.1317177031835568,1.0754976586253606,1.1918757686993917,1.008727,0.9352283824851194,1.0851931125453607,4/4,4/4
heur,quality,dup_b,3MAX,1 (unique),60,-1.2188666488672042,-1.5838994770247716,-0.8475698978093847,0.9684798748860781,0.9540311019034692,0.9819605354634768,0.9820155,0.966202019850413,0.9973443066577117,0/4,0/4
heur,quality,dup_b,3MAX,2-5,59,5.503348343937651,3.795098152332905,7.2068147603836925,1.1629258562371172,1.0866261027401256,1.241742660211153,1.1063732,0.9953553853398662,1.231500972277027,4/4,4/4
heur,quality,dup_b,3MAX,21+,42,25.034239713782156,16.381795171020578,33.4721638747081,1.4967364025975352,1.2304361589149386,1.8041433637743742,1.2496852,1.0100261566539606,1.488595279660963,3/4,4/4
heur,quality,dup_b,3MAX,6-20,53,11.20295669160256,7.15401064534421,15.656127342854651,1.3514787475899173,1.1073838396745523,1.6116285074822168,1.150295,0.9513179853980271,1.3715034246304125,3/4,4/4
heur,quality,dup_b,DU,1 (unique),55,-10.523326884340097,-15.147231385822792,-6.095444798206293,1.012541048609895,0.8578491283522556,1.1892190626928636,1.012541,0.8602048953419381,1.1901371924443678,1/4,0/4
heur,quality,dup_b,DU,2-5,51,-5.0919719275375,-10.066807101194566,-0.03959732764319988,1.033208043270252,0.9298807399295618,1.1417882902686047,1.033208,0.9266791284376499,1.1451778658464844,3/4,0/4
heur,quality,dup_b,DU,21+,58,0.5006023392538312,-0.30834229392093765,1.1970278105471144,0.9970557015833232,0.9808524604982225,1.011736004379006,0.9970557,0.9808337641687228,1.0114033828521598,1/4,3/4
heur,quality,dup_b,DU,6-20,52,-3.514974582676804,-9.122607645504822,2.3001161601384412,1.1022382351009532,0.9339491666626283,1.277666557397912,1.1022382,0.9407604296476795,1.280670534647428,3/4,1/4
heur,quality,dup_b,SE,1 (unique),122,-1.1329423942041064,-1.3721821951867588,-0.8968242925537069,0.9698035348488409,0.9605085933031762,0.9784288559129226,0.9884684,0.9797252975526404,0.9969745725637577,0/4,0/4
heur,quality,dup_b,SE,2-5,119,9.687713482612,7.643651954269805,11.717634767712543,1.302129255667758,1.2022922183771,1.4121679923605004,1.1222037,1.0150483267929624,1.24104276525968,4/4,4/4
heur,quality,dup_b,SE,21+,61,21.912320492792137,14.64203866214172,28.99027672850355,1.3436706724719345,1.1271938421301972,1.565926419298635,1.0804919,0.8907281667482658,1.2647522019069704,4/4,4/4
heur,quality,dup_b,SE,6-20,83,14.828551423035531,11.052051634512157,18.38398078580604,1.4677661347522362,1.271474269787745,1.6738937137753274,1.1928542,1.032143327095602,1.372420262630625,4/4,4/4
heur,quality,q,20MAX,1,131,-3.810096290149062,-5.217134716062945,-2.3743619095737194,0.9160068291751988,0.8594266101757048,0.971149200018605,0.93004215,0.8594195284290622,1.0063741698974873,0/4,0/4
heur,quality,q,20MAX,2,131,-0.8779161047400738,-1.7218129288696389,-0.05230717568600097,0.9682960613821803,0.9348662738727882,1.0014553277383873,0.97069824,0.9181109183503471,1.0219131600424534,0/4,1/4
heur,quality,q,20MAX,3,131,0.678447273857003,0.2389298408663914,1.108013219240868,1.0119445408938113,0.9930900345711478,1.0317056747127205,1.012576,0.9746720378862992,1.0539780684099853,2/4,4/4
heur,quality,q,20MAX,4,131,1.5204017995241024,0.6936257611654388,2.3351513616610227,1.0395976402103533,1.0033684550894155,1.0732540732794003,1.0286775,0.9809511410143539,1.0800229470920926,4/4,4/4
heur,quality,q,20MAX,5,131,2.4875714064688785,0.9620608836155906,3.9716310286322623,1.064088203778087,1.0069014085108046,1.1224939848068813,1.0579566,0.9812862341413061,1.130785752389267,3/4,4/4
heur,quality,q,3MAX,1,60,-4.109136117495508,-6.264680293247933,-1.994079468385353,0.8899558778305265,0.8003006482984408,0.9857326288908536,0.91693753,0.8015684925888976,1.0408936390280723,1/4,0/4
heur,quality,q,3MAX,2,60,-0.4229622086823532,-1.7916383446917712,0.985597212940346,0.9801013301842701,0.9243629304777828,1.0353833827333843,0.9750342,0.8958383892973264,1.0523084287097055,1/4,2/4
heur,quality,q,3MAX,3,60,1.1838943919354044,0.45291819192922983,1.9085257560887832,1.030929075889822,0.9930377838238873,1.0707378002224817,1.0109295,0.9494284913688898,1.0815488454451163,2/4,4/4
heur,quality,q,3MAX,4,60,1.284490326288031,0.02765672936453716,2.542320337799857,1.0282971127069074,0.9668810293107003,1.092769430056461,0.98699987,0.9131364821642638,1.0661332468440134,4/4,4/4
heur,quality,q,3MAX,5,60,2.0654226125125787,-0.14969341078388887,4.190164130432692,1.07072645823342,0.9706525087260854,1.1657082346134096,1.1100979,0.9834352273990711,1.2491788136586546,2/4,3/4
heur,quality,q,DU,1,58,-6.914117948640325,-12.4839925084871,-1.7282309440367012,1.0485280374156256,0.8993729151212457,1.220131083989565,1.048528,0.9024424712462672,1.2103270022262786,2/4,0/4
heur,quality,q,DU,2,58,-2.036177178360461,-7.89753555211456,3.864240217863174,0.8905656547503423,0.755715769308223,1.0345466218401844,0.89056563,0.745795597614327,1.0357786272750797,1/4,2/4
heur,quality,q,DU,3,58,3.7341390558065704,-1.1945373812619742,8.658492625940768,0.9810615118049809,0.8686618892058654,1.087358265432335,0.98106146,0.8640716738364628,1.0921544672849042,3/4,3/4
heur,quality,q,DU,4,58,3.50995199927343,-2.1107455851268497,8.92605584910997,0.9354525277986241,0.8125361460865976,1.0655996854021639,0.9354525,0.8191507676046277,1.0667783919914529,1/4,3/4
heur,quality,q,DU,5,58,1.71031011485252,-4.577324300532765,8.366462516709639,1.1442854434863057,0.9720072558899057,1.3162606784870474,1.1442854,0.9709553622737013,1.3197348634070107,3/4,2/4
heur,quality,q,SE,1,122,-3.936723752520995,-5.372523737971554,-2.5116850481848543,0.899420934686343,0.8283850663205695,0.9699551982405046,0.95745903,0.8496547175754534,1.064830188178381,1/4,0/4
heur,quality,q,SE,2,122,-0.3643336137784597,-1.33274730995471,0.6322234448711316,0.977111726635949,0.9331979737399778,1.0205815597320018,0.9276909,0.8611817946810214,0.9910083609159852,1/4,2/4
heur,quality,q,SE,3,122,0.651689387617357,0.10593269351249433,1.162285222916222,1.0058064744877988,0.9730019574620851,1.039260993933559,0.98714906,0.9228448100815543,1.0556854961043012,2/4,4/4
heur,quality,q,SE,4,122,1.5130429189720394,0.5850587697777148,2.4333252271569785,1.044690355552893,0.9983231034741336,1.08974640149749,1.036457,0.9692074202550728,1.1085863048424485,4/4,4/4
heur,quality,q,SE,5,122,2.138708323318974,0.7105067012020202,3.5841155816485673,1.073037451611384,1.0020594745225753,1.1447742196808803,1.0913295,0.9954421769583324,1.195421644226938,2/4,3/4
heur,quality,rq,20MAX,1,131,-3.732719834888845,-5.109759086702084,-2.3939237957638566,0.9176760719132967,0.8594146784503078,0.9775125237352712,0.9390857,0.8695885833779364,1.016216818948511,1/4,0/4
heur,quality,rq,20MAX,2,131,-0.5953772050042798,-1.418439232005095,0.23787976197398994,0.9765587812196127,0.9444434926546085,1.0080253650132933,0.97066915,0.9235991521191051,1.0179227538463722,2/4,2/4
heur,quality,rq,20MAX,3,131,0.8244599013788465,0.3884205495020336,1.2267846822989648,1.01464848021405,0.9942084782929519,1.0343738931200022,1.0174509,0.9783976826958983,1.0587040422754435,2/4,3/4
heur,quality,rq,20MAX,4,131,1.448430506950253,0.6984312711130871,2.2887115747333113,1.0356977243305108,1.002144678935333,1.0682119633114122,1.0109979,0.9638519559197753,1.0603336829265564,4/4,4/4
heur,quality,rq,20MAX,5,131,2.0542971397901577,0.5566562122327713,3.503235737922196,1.0553642354539952,1.0009540672690307,1.1120695809046561,1.0617654,0.9852785810259462,1.1365218450208656,3/4,3/4
heur,quality,rq,3MAX,1,60,-3.795384715405769,-5.947196334909595,-1.6542112173276227,0.8996227233604408,0.8109531682533404,0.9899582783235291,0.94158894,0.8217470180988312,1.0585862105339765,1/4,0/4
heur,quality,rq,3MAX,2,60,-0.3677990365673826,-1.8689087503476045,0.9736928614345864,0.9733840192041471,0.9173916064662636,1.0284800986629192,0.9599848,0.8801946204155684,1.0411166896174353,2/4,2/4
heur,quality,rq,3MAX,3,60,1.3900377431016044,0.6801366677250849,2.1421923708925354,1.0369517896994058,0.9951454751819421,1.078047324338428,1.0084009,0.9421599717189868,1.0817546482632558,3/4,4/4
heur,quality,rq,3MAX,4,60,1.271649415052249,0.0624368556988585,2.4384156945409576,1.0206616438000047,0.9645301607966648,1.0753385160812396,0.9699375,0.9025342235465844,1.0466806257019439,4/4,4/4
heur,quality,rq,3MAX,5,60,1.5033154027490947,-0.5539201169851837,3.6457336318304936,1.0694425001346457,0.9718544809253178,1.1653775897690064,1.1201082,0.9870004274944464,1.2572732281933228,2/4,2/4
heur,quality,rq,DU,1,20,2.665458147336237,-5.545675730020047,10.298416244980176,1.087324216909284,0.9256687704664652,1.2570493403533929,1.0873244,0.9251245657354593,1.2561825516819953,3/4,3/4
heur,quality,rq,DU,2,20,-2.6855997571144226,-14.751283105543392,9.646146940740424,1.0309813419901246,0.7544733573795018,1.3352085360201504,1.0309813,0.7643689230270684,1.3111967748845927,2/4,2/4
heur,quality,rq,DU,3,20,6.2688837314105,-2.814330730720637,14.663406860569406,1.0816480996781925,0.8749841979738797,1.2815723010202542,1.0816481,0.871472317208536,1.2784148811898193,3/4,3/4
heur,quality,rq,DU,4,20,-1.655597542994895,-10.24152945967464,7.639247199461871,0.9145418774743161,0.7111111480876596,1.1105307364936905,0.9145419,0.7144137376872823,1.1168305537104606,1/4,1/4
heur,quality,rq,DU,5,20,-4.59615104227295,-14.162558213534547,5.565497329861697,0.8854033856133168,0.6662762538132841,1.1477139856119019,0.88540334,0.6613956129830331,1.1349635226745158,2/4,2/4
heur,quality,rq,SE,1,122,-3.508457135637998,-4.849958151440256,-2.1012224989396757,0.89919875085571,0.8288724334894547,0.9694099684485404,0.9382425,0.8381366082726688,1.0400948079363979,1/4,0/4
heur,quality,rq,SE,2,122,-0.31163169642331534,-1.291533914750121,0.6288002275274933,0.9893020327027965,0.9432188778635324,1.0365804517603574,0.94017065,0.8713345265229706,1.0123430900275707,2/4,2/4
heur,quality,rq,SE,3,122,1.0694355093230288,0.5223906991379015,1.6056463091246809,1.0033987815417034,0.9723703532992157,1.0345345982826617,0.98888904,0.9278063019096362,1.0507561626615094,2/4,4/4
heur,quality,rq,SE,4,122,1.1083405112436575,0.26623857444864524,1.9554804249057476,1.052404399181041,1.0076401048244565,1.0988228530776032,1.0737528,0.999067971849295,1.1530132113971183,4/4,4/4
heur,quality,rq,SE,5,122,1.6446146763183036,0.25034752071674315,3.052165476314206,1.05575034404185,0.9872585119426743,1.1228494039370518,1.0590166,0.9652509750096036,1.1558176314122364,2/4,3/4
real,all,dup_b,20MAX,1 (unique),137,-0.9414392149818015,-1.0775266073276604,-0.7996853967312697,0.9636459069423728,0.9569545169244001,0.9699742486421258,0.9837105,0.9762355790738642,0.9909784255671675,0/4,0/4
real,all,dup_b,20MAX,2-5,137,3.771189484157759,3.037550421390979,4.450250859066456,1.1637592315845235,1.1299607443591497,1.2023183533797444,1.1275108,1.0664156555911921,1.1898288522649856,4/4,4/4
real,all,dup_b,20MAX,21+,127,21.01600319105909,17.76605816641703,24.235915395653713,1.8366079677035039,1.672648982481995,1.9973392178235971,1.4732785,1.3322783269574792,1.6091918532831933,4/4,4/4
real,all,dup_b,20MAX,6-20,136,5.801573954378801,4.414097121596835,7.263286965800006,1.1939620907622999,1.1346747803378356,1.2529167877441787,1.0354156,0.9671439379563227,1.107380032977637,3/4,4/4
real,all,dup_b,3MAX,1 (unique),65,-0.7786941711485129,-0.9530187648510199,-0.605422117328506,0.9713097221936899,0.9624812474989971,0.9800146313973115,0.9836473,0.9741027522545594,0.993197998542052,0/4,0/4
real,all,dup_b,3MAX,2-5,65,6.86167576088926,5.383158089567333,8.34374877720652,1.259129985410397,1.1800050517577414,1.3406092265678233,1.1353028,1.029400624174338,1.2459659396226588,4/4,4/4
real,all,dup_b,3MAX,21+,49,26.546894421493484,17.83863045096975,34.87423101652757,1.8132300440347222,1.475428172560152,2.1943657419545737,1.4865508,1.2099238087632218,1.7941612356931578,4/4,4/4
real,all,dup_b,3MAX,6-20,57,14.722470782244825,10.588314294058033,18.83977894263689,1.5898024812814906,1.3316459704685133,1.8845079200057717,1.3215494,1.0984878343971152,1.5734228394794882,4/4,4/4
real,all,dup_b,DU,1 (unique),64,-17.39292248898602,-20.845056570144855,-13.909200881109024,0.6796446525710481,0.6067153196738876,0.7559039437150792,0.6796447,0.6103554980480113,0.7550485219690017,0/4,0/4
real,all,dup_b,DU,2-5,64,-10.170495877745402,-13.047210484698498,-7.061967189667568,0.846153609423084,0.780270598143843,0.9155886582496908,0.8461536,0.7780719625297934,0.9113443502457812,0/4,0/4
real,all,dup_b,DU,21+,64,4.689780364775718,3.4905620053669844,5.980889798577575,1.0901698446167178,1.0645223293779997,1.1170132475145993,1.0901699,1.064646620489657,1.117171427467838,4/4,4/4
real,all,dup_b,DU,6-20,64,-8.290587026953482,-11.402846659669331,-5.473706746667913,0.8880878551018242,0.8221484066936766,0.9520136905840317,0.88808787,0.8220860023749992,0.9585495159495622,0/4,0/4
real,all,dup_b,SE,1 (unique),138,-0.6629119989608803,-0.7726636851476424,-0.548733944904722,0.9727503266595783,0.9671468132954771,0.9782682170661697,0.9863843,0.9812050893470861,0.9914972766154054,0/4,0/4
real,all,dup_b,SE,2-5,130,12.502813792279587,10.502329981241282,14.570662827570859,1.5312975162518254,1.4145479772560603,1.6514282976220822,1.2446247,1.1278143851115154,1.3686473126279621,4/4,4/4
real,all,dup_b,SE,21+,69,27.260724768555512,19.704979213461563,34.39839419557445,1.8886940092546045,1.5533603418645017,2.2251411856692163,1.5172048,1.254581854708385,1.7996651702385018,4/4,4/4
real,all,dup_b,SE,6-20,98,19.468332913450148,15.809002501020121,23.083472032629626,1.9404294838869378,1.6692304372722917,2.225199227130636,1.5478427,1.3169584766106337,1.798072868699626,4/4,4/4
real,all,q,20MAX,1,137,-10.674905271205418,-11.61008315654274,-9.65449158295188,0.5548173455086134,0.5105027274490094,0.602735713319338,0.56301415,0.5075019206525417,0.6221491579183914,0/4,0/4
real,all,q,20MAX,2,137,-4.901228735502166,-5.590913631054938,-4.186566347715026,0.7978530240494375,0.761695908359612,0.8359848882807284,0.8282404,0.7768020656422108,0.8792168332821261,0/4,0/4
real,all,q,20MAX,3,137,-0.71937403629776,-1.094054806580486,-0.34568876861983056,0.9777396752408652,0.9575789775253709,0.9978533011037696,1.017921,0.9834035512304654,1.0524236657541164,1/4,1/4
real,all,q,20MAX,4,137,4.022943876923412,3.5808771696072976,4.46541592120235,1.1741690880683644,1.1497400756133973,1.198783748651389,1.1760944,1.137544022402624,1.2185544855838275,4/4,4/4
real,all,q,20MAX,5,137,12.272918491294229,10.751456354641439,13.886125773778158,1.495437978785624,1.4175878663433936,1.5775086542456862,1.4147574,1.319581945447156,1.5111110923607853,4/4,4/4
real,all,q,3MAX,1,65,-9.587774321416981,-11.14168387322094,-7.952080188879892,0.6301167869308593,0.5497468137685112,0.7160744706779417,0.679834,0.5738422811375214,0.7991571033230195,0/4,0/4
real,all,q,3MAX,2,65,-4.2465253827243155,-5.362645516374179,-3.204185495825925,0.838149191232863,0.7788083028662889,0.8937641007534677,0.87780946,0.7996598000251329,0.955680849643854,0/4,0/4
real,all,q,3MAX,3,65,-0.3399822647069653,-0.908636882710237,0.19488575050619536,0.9886526386414376,0.9537190624352287,1.0224374535545908,0.972608,0.9200892566717588,1.0317112723222146,2/4,2/4
real,all,q,3MAX,4,65,3.4858771119749674,2.7828521232787224,4.2210757980692,1.1566309425004258,1.112521266336597,1.2018443902992038,1.1888516,1.10961775967708,1.265687394784047,4/4,4/4
real,all,q,3MAX,5,65,10.689471073079392,8.34461815065262,13.032380265608912,1.3865101392506176,1.260733952519207,1.507912674878749,1.2809572,1.1464531310246542,1.4158082717886338,4/4,4/4
real,all,q,DU,1,64,-18.173363441351704,-22.14843950615077,-14.050790238949501,0.6592193351888432,0.5712736490000355,0.7451664686813219,0.6592194,0.5700662668212317,0.74822872406221,0/4,0/4
real,all,q,DU,2,64,-6.569857705922446,-9.643563578372376,-3.357397682067446,0.9242216776653764,0.849304197606149,1.000552908350213,0.9242217,0.8515845882240682,1.0004141890676692,1/4,0/4
real,all,q,DU,3,64,-0.4244658700949886,-3.7817270977112183,3.0862747062316336,1.0606053390361248,0.9728699320151941,1.1505240525682106,1.0606053,0.9762917418265715,1.1482081826077775,2/4,2/4
real,all,q,DU,4,64,10.52715348029534,6.765403012898339,14.209354255868359,1.1546237850014824,1.0564115587923997,1.2457026878439676,1.1546237,1.0587120125208458,1.249400124219028,3/4,4/4
real,all,q,DU,5,64,14.641914485722836,7.571055424848236,21.394557068960832,1.2013798709213823,1.047395165211547,1.3562579775410712,1.2013798,1.0541721589078406,1.3557966501714873,4/4,4/4
real,all,q,SE,1,138,-8.35220675512464,-9.395259072840389,-7.361595298840659,0.6659826438695938,0.605445520096133,0.7254451920688576,0.71301186,0.6256491119595434,0.7971652850765141,0/4,0/4
real,all,q,SE,2,138,-3.6793842727010797,-4.371932561319838,-2.9521041713631733,0.8622253187157177,0.8202473056958783,0.9046920302337816,0.92618906,0.8519098439834256,1.0006367928901876,0/4,0/4
real,all,q,SE,3,138,-0.41483217435976405,-0.8050313175080996,-0.04326672290405795,0.9818879455778692,0.955675054465869,1.0077429332230532,0.96249276,0.9096216788218505,1.0172583140756772,1/4,1/4
real,all,q,SE,4,138,3.264419061416239,2.762478568681308,3.779665374222918,1.1465085103814399,1.1090863284343915,1.182662275747896,1.1624807,1.0913269652620607,1.2325605781937854,4/4,4/4
real,all,q,SE,5,138,9.182863788693982,7.561034710150854,10.671209959637805,1.3434310677236085,1.255812363359561,1.4337291766066211,1.2358487,1.134298393589215,1.3353904968829475,4/4,4/4
real,all,rq,20MAX,1,131,-7.36332086930484,-8.386593564734124,-6.366977499852916,0.7049426302671341,0.6544025037148382,0.7525169099435478,0.74592966,0.6795100423841531,0.8133560123135344,0/4,0/4
real,all,rq,20MAX,2,131,-4.071683054005007,-4.7008848255152635,-3.4454800614661574,0.838895192756549,0.8057084344316319,0.8699032915095737,0.881273,0.8318588171068949,0.9290554153555223,0/4,0/4
real,all,rq,20MAX,3,131,-0.7574795727211026,-1.0780103271830548,-0.42717510767644706,0.9724765547825193,0.9546537561045368,0.9902140405176968,0.9844619,0.9529663737721116,1.01630241727556,1/4,1/4
real,all,rq,20MAX,4,131,2.986895026776882,2.5281607623292595,3.432214579193513,1.1200653566306964,1.095298037747939,1.144082271517749,1.1013293,1.0606156682467642,1.1450979197525797,4/4,4/4
real,all,rq,20MAX,5,131,9.205731858558655,7.736061224830369,10.643413675584771,1.3636369496449352,1.2919302220220688,1.4346048999281602,1.2870334,1.2070056096174335,1.374014905174725,4/4,4/4
real,all,rq,3MAX,1,60,-6.861695056719672,-8.484523075579377,-5.178515706286233,0.758886741919487,0.6684133274839347,0.8497292259667562,0.8119882,0.691127296363314,0.9348259229833881,0/4,0/4
real,all,rq,3MAX,2,60,-3.2773415347727357,-4.256656132110813,-2.2261215392902134,0.8731377378817825,0.8207296290549962,0.9311159229443531,0.8849817,0.8108134436359008,0.964718422666192,0/4,0/4
real,all,rq,3MAX,3,60,-0.49019445210747364,-0.9112586210700198,-0.06138522764356331,0.9898705802680265,0.9604903194117085,1.0180419352454262,0.99220806,0.9407130073507627,1.0447338476280372,0/4,0/4
real,all,rq,3MAX,4,60,2.775088850809492,2.0197887357852613,3.5733294776072317,1.0999769629099516,1.0545235585381987,1.1454635262169957,1.1230251,1.0421587532758714,1.2042910195390384,4/4,4/4
real,all,rq,3MAX,5,60,7.854554064738317,5.5135413640600826,10.082141569073569,1.2781445006473418,1.1745470930860262,1.391242808552867,1.1878539,1.0697727756326398,1.3101967924212417,4/4,4/4
real,all,rq,DU,1,58,-13.801454454616252,-17.66417907727272,-9.869867612131046,0.7594930521356715,0.673875657658161,0.8467334421997613,0.7594931,0.6753898396766905,0.8465395252380906,0/4,0/4
real,all,rq,DU,2,58,-5.577112871566793,-9.168209442456693,-2.15839657650398,0.9280017003153179,0.8487522687754558,1.0083497236302223,0.9280018,0.8459304352772647,1.012638607980876,1/4,1/4
real,all,rq,DU,3,58,1.2996955257391212,-2.675678113334166,5.9149324899416715,1.0548896830100647,0.9637798663969462,1.1436123471569575,1.0548898,0.9629198336909557,1.1495704320484192,4/4,3/4
real,all,rq,DU,4,58,11.922043857196405,7.701019531488079,16.228659795758873,1.1543284016330309,1.0574767633674542,1.251390915956234,1.1543285,1.0574905273729358,1.252875906074869,3/4,4/4
real,all,rq,DU,5,58,6.158542921603923,-0.2206692906392258,12.376973225166653,1.1033189053305903,0.9596912349230934,1.2440568901559967,1.1033189,0.9585112309478754,1.2446770602130683,4/4,4/4
real,all,rq,SE,1,127,-6.122585103044558,-7.153111531849567,-5.081606686930898,0.7709479127534536,0.7076900089345733,0.8383048635723932,0.8186566,0.7219933156364077,0.9147043191835167,0/4,0/4
real,all,rq,SE,2,127,-2.8921836701088877,-3.562450290848976,-2.205239204582735,0.9002190389740921,0.8614179347578788,0.9394543081728891,0.9424408,0.8763623450567404,1.0117113548470296,0/4,0/4
real,all,rq,SE,3,127,-0.18031302719307565,-0.4660007346429039,0.09458207729113216,0.9912040673463456,0.9695941623604443,1.0144188280640813,1.0067146,0.9503005890630362,1.0664926854761567,2/4,3/4
real,all,rq,SE,4,127,2.6478494516130353,2.1276604325045687,3.132581663890914,1.103667577869523,1.069828652490255,1.1382554528021962,1.1107106,1.0382178189012947,1.1845860563629256,4/4,4/4
real,all,rq,SE,5,127,6.547459411948515,5.206047953751647,7.962208731125222,1.233932219810415,1.1527002613615085,1.315535810611892,1.1214521,1.0216376874801212,1.2243385713576802,3/4,4/4
real,quality,dup_b,20MAX,1 (unique),131,-1.51810244392766,-1.7827740510176986,-1.2531668619969203,0.9611654996497404,0.9508919027217639,0.9716014552393915,0.98814845,0.9765807024395193,0.9988549008851744,0/4,0/4
real,quality,dup_b,20MAX,2-5,131,3.957583914384486,3.20419803258819,4.736453659597143,1.1164677912905245,1.0806477885114996,1.1534696800367168,1.0747313,1.0075604830079408,1.1544252520981635,4/4,4/4
real,quality,dup_b,20MAX,21+,118,17.83511682627378,14.897115287295804,20.89373796523335,1.4824825483973991,1.3565078049983499,1.6106912898466466,1.1980541,1.0859612987076832,1.3057855536056273,4/4,4/4
real,quality,dup_b,20MAX,6-20,127,5.773636011457939,4.265840206876004,7.417059084292574,1.1317177031835568,1.07443262369013,1.1884013316665716,1.008727,0.936859605314694,1.0869640657692912,4/4,4/4
real,quality,dup_b,3MAX,1 (unique),60,-1.2188666488672042,-1.6010632945143402,-0.8777793351719676,0.9684798748860781,0.9535256174107445,0.9827982804820915,0.9820155,0.964736442019542,0.9970785847802958,0/4,0/4
real,quality,dup_b,3MAX,2-5,59,5.503348343937651,3.8698805202797746,7.136356371064068,1.1629258562371172,1.0844914287271314,1.2410880870683005,1.1063732,0.9913359884488381,1.2382899645021406,4/4,4/4
real,quality,dup_b,3MAX,21+,42,25.034239713782156,16.043470991874024,33.42424537704966,1.4967364025975352,1.2057691890881235,1.810127681743298,1.2496852,1.0136793234873385,1.5014983496495655,3/4,4/4
real,quality,dup_b,3MAX,6-20,53,11.20295669160256,6.9030674052045145,15.33802277312142,1.3514787475899173,1.1154915850887912,1.6064817169020142,1.150295,0.9500047012425538,1.3776573763562823,3/4,4/4
real,quality,dup_b,DU,1 (unique),55,-10.523326884340097,-14.936610759648108,-5.990699488255069,1.012541048609895,0.8653408307567091,1.1917396267087068,1.012541,0.8520700938999654,1.1730232505229385,1/4,0/4
real,quality,dup_b,DU,2-5,51,-5.0919719275375,-9.889097477888807,-0.32784510837265796,1.033208043270252,0.9279453549509749,1.1413510375199563,1.033208,0.9252052794484531,1.1447257191819302,3/4,0/4
real,quality,dup_b,DU,21+,58,0.5006023392538312,-0.3745270541793911,1.1915265750892003,0.9970557015833232,0.9798722811932707,1.0118129490788446,0.9970557,0.9807499984215046,1.0115495983896585,1/4,3/4
real,quality,dup_b,DU,6-20,52,-3.514974582676804,-9.068778801671789,2.202416124140908,1.1022382351009532,0.9391989904200936,1.2720978626610708,1.1022382,0.9325854911254002,1.2700856459183762,3/4,1/4
real,quality,dup_b,SE,1 (unique),122,-1.1329423942041064,-1.3756347700810927,-0.9031492617201201,0.9698035348488409,0.9609177553345533,0.9786891084499174,0.9884684,0.9801393845530807,0.9969780216695832,0/4,0/4
real,quality,dup_b,SE,2-5,119,9.687713482612,7.727478949740018,11.60336275748055,1.302129255667758,1.203374253853766,1.4090750566008463,1.1222037,1.0153833796058884,1.2371415467384983,4/4,4/4
real,quality,dup_b,SE,21+,61,21.912320492792137,14.948453778689643,29.22018940261579,1.3436706724719345,1.106028045755283,1.5658200764409969,1.0804919,0.8881097741547178,1.273705109538602,4/4,4/4
real,quality,dup_b,SE,6-20,83,14.828551423035531,11.175982007973117,18.398104937928107,1.4677661347522362,1.2750577246580932,1.671269972560526,1.1928542,1.0266450510865235,1.3679892977991377,4/4,4/4
real,quality,q,20MAX,1,131,-9.671011891765101,-11.065517307149952,-8.25460184192913,0.7222371650352045,0.6678779171155694,0.778780105331137,0.76577723,0.6892108978973772,0.8412984557904815,0/4,0/4
real,quality,q,20MAX,2,131,-4.399838284064299,-5.212935685863957,-3.614111117249951,0.8824731357688108,0.8484240248882557,0.9180082681774769,0.95553225,0.8995936677940475,1.01259533987018,0/4,0/4
real,quality,q,20MAX,3,131,-0.5750411894917348,-0.9488099219496674,-0.20808459986944067,1.0009832212544416,0.9807342837953392,1.0223334519501193,1.0077959,0.9681165683587999,1.046819979612154,1/4,1/4
real,quality,q,20MAX,4,131,3.489080878385366,2.9035952203595543,4.119374143459871,1.0951374905491271,1.0665350151145256,1.121988837963026,1.0906433,1.0432468532605936,1.137460516996056,4/4,4/4
real,quality,q,20MAX,5,131,11.157293114821872,9.364444208869172,12.980221938280085,1.299204876291209,1.2287995662053646,1.3758830783725733,1.1803075,1.1023838579654692,1.2663477086156378,4/4,4/4
real,quality,q,3MAX,1,60,-8.888522829499244,-11.158742793187749,-6.573425840319657,0.7770026488425417,0.67552486486657,0.8778929126472996,0.81106395,0.6883708225563169,0.9401379398691158,0/4,0/4
real,quality,q,3MAX,2,60,-4.078546168346407,-5.288308074199412,-2.738354591351129,0.8985035274538138,0.8477717555013738,0.9486574489116528,0.92167455,0.8450643555571635,0.9993817538271348,1/4,0/4
real,quality,q,3MAX,3,60,-0.3660928121380138,-0.8922756472234737,0.16802929401806505,1.0048261282052,0.9718917563197855,1.0362243101353743,1.0385278,0.9747956525286039,1.1029214170575143,2/4,1/4
real,quality,q,3MAX,4,60,3.3790935841969922,2.280159576387586,4.459415521989604,1.0836796563705093,1.0345741120447236,1.138320870445458,1.0909313,1.011501520574093,1.1695896769563356,4/4,4/4
real,quality,q,3MAX,5,60,9.955034099274842,6.988311064189334,12.852232888484334,1.2360575513932612,1.1279435731887968,1.3517207105303273,1.1378225,1.0300616876532633,1.2586308337499696,4/4,4/4
real,quality,q,DU,1,58,-9.2343061812147,-14.053281823415908,-4.439296903527505,1.058729495798886,0.9059128791298526,1.2399010647642712,1.0587295,0.8955733126671663,1.230156503418653,1/4,0/4
real,quality,q,DU,2,58,-4.713492557297646,-9.868443783223553,0.3141871462328891,0.9976339884420458,0.8710968974810495,1.132800257639384,0.997634,0.8752216932789326,1.1357624057752627,1/4,1/4
real,quality,q,DU,3,58,5.807712731273638,0.37870498336447,11.213948278030024,1.1279048105377032,0.9926942846423931,1.258066892545363,1.1279048,0.9926343656161094,1.2628302192700833,4/4,4/4
real,quality,q,DU,4,58,6.008070424868627,0.5147287658441997,12.006084055973037,0.9714905846564407,0.8405874184931356,1.104392156215308,0.9714906,0.8373184918628701,1.0999630242983554,2/4,3/4
real,quality,q,DU,5,58,2.1379285033738067,-4.802327203200591,8.600827523275548,0.844263631232585,0.7020891708304469,0.9909082038605019,0.8442636,0.7035488518667489,0.9879780945257717,1/4,2/4
real,quality,q,SE,1,122,-8.078769852335974,-9.37293550604096,-6.5548554773508245,0.8045793127657748,0.7320815495494482,0.8799341426909069,0.86303025,0.754810805075237,0.9808689057888066,0/4,0/4
real,quality,q,SE,2,122,-3.534967214216098,-4.425560114719098,-2.6776376805099273,0.9328468154050046,0.8914269031965394,0.9753616125767581,0.9699919,0.8971464067636455,1.0437464487662569,1/4,0/4
real,quality,q,SE,3,122,-0.3399606001128815,-0.7234731772808626,0.0461960433093423,0.9916874189688729,0.9660096013857806,1.0192068898021203,1.0221487,0.9547853837186684,1.084626842638264,3/4,1/4
real,quality,q,SE,4,122,3.0069660643737084,2.335290248595752,3.6873241836124553,1.0650073969138696,1.0291128512728756,1.100467402042703,1.0989715,1.0218322498265837,1.1836896040522662,3/4,4/4
real,quality,q,SE,5,122,8.948042342583516,7.036219008146896,10.883374206678988,1.2059397068577598,1.1248208832936821,1.2879209653000467,1.04607,0.9652520730541866,1.1336528122119727,3/4,4/4
real,quality,rq,20MAX,1,131,-8.853212176811844,-10.193866585930344,-7.46464959992202,0.7426219110061865,0.6866625864931128,0.8013001163061834,0.7927938,0.7150631492857943,0.8732662790575783,0/4,0/4
real,quality,rq,20MAX,2,131,-4.046773557922983,-4.888016317448801,-3.2606217679167186,0.8863207274104158,0.8501398829070487,0.9224469012158327,0.9466754,0.8911086158670543,1.0012633905724715,0/4,0/4
real,quality,rq,20MAX,3,131,-0.44697591631158734,-0.8486422220003268,-0.07095337497472269,0.9954626193397446,0.9759387918538475,1.0146956646919336,1.0047116,0.9685390379592662,1.0411457611518051,2/4,1/4
real,quality,rq,20MAX,4,131,3.329131387674901,2.6948234312600903,3.959802903750517,1.0900387564165863,1.062086666889768,1.118222474307933,1.0717112,1.0254819169413043,1.1208526249946529,4/4,4/4
real,quality,rq,20MAX,5,131,10.018551226478474,8.407727039938822,11.767521168545805,1.285585298423657,1.2117411259538438,1.3562402637048978,1.1841491,1.102506603966005,1.265214344233502,4/4,4/4
real,quality,rq,3MAX,1,60,-8.339994534707259,-10.535392571073803,-6.098442107022672,0.7888374530774841,0.6928099019745124,0.8927313751387697,0.8230209,0.7046011929834882,0.9493216021607319,0/4,0/4
real,quality,rq,3MAX,2,60,-3.5603358650082373,-4.827216890258355,-2.3433976587836742,0.9087696555114448,0.8567449609299355,0.9620461121351568,0.9470409,0.8681075491259496,1.0379000516980887,1/4,0/4
real,quality,rq,3MAX,3,60,-0.020778827502038893,-0.5600249293530648,0.46232818672368553,1.0010315052301058,0.965892380982548,1.0346917843432233,1.0224222,0.9604922283689181,1.0892227663596472,1/4,2/4
real,quality,rq,3MAX,4,60,3.1707839409912415,2.0324256194120145,4.314314042922634,1.0789906498654316,1.0236850228149705,1.134695360927427,1.077491,1.0019649051626522,1.1573437712093195,4/4,4/4
real,quality,rq,3MAX,5,60,8.751373914222798,6.170329373950412,11.449437174780364,1.2224436108133512,1.110903682157471,1.3370856357816352,1.1301116,1.0201906542728345,1.2374467105045914,4/4,4/4
real,quality,rq,DU,1,20,-7.432919546809477,-13.828345733107673,-1.046599443867795,0.8798953270930256,0.7453671968230245,1.0233687904992566,0.8798953,0.7424846598505973,1.021020786240697,2/4,1/4
real,quality,rq,DU,2,20,0.5982947870370007,-8.314151060899858,9.214397586655233,1.059176920510788,0.8373268834799931,1.2819762892716147,1.059177,0.8430810786318034,1.2980170153174548,2/4,2/4
real,quality,rq,DU,3,20,15.148842157173954,6.644625192302614,24.164191370576653,1.352333926215945,1.1446220040858228,1.559746163418941,1.3523338,1.1408557064831257,1.574048808515072,3/4,3/4
real,quality,rq,DU,4,20,-2.4209977872017476,-11.657308368129822,7.4109681394075455,0.9123756025884335,0.6737570551707506,1.1439927828684475,0.9123756,0.6843259716778993,1.1475627148151397,2/4,2/4
real,quality,rq,DU,5,20,-5.887447748983265,-15.995711100930937,4.48327881877622,0.7963451565054182,0.5570628553940999,1.0343268469410256,0.7963452,0.5658974271267653,1.0429615469276903,1/4,1/4
real,quality,rq,SE,1,122,-7.480576355906271,-8.87024990175544,-6.121855195715947,0.806373873992025,0.732529270925298,0.8820853465801896,0.8643376,0.7586951599624313,0.975162811003259,0/4,0/4
real,quality,rq,SE,2,122,-3.086266774420168,-3.9451598844556712,-2.2408796406138283,0.9415735237935061,0.9019737080071841,0.9840419411022658,0.9514809,0.8811299858156775,1.022937438429379,1/4,0/4
real,quality,rq,SE,3,122,0.03392763624990646,-0.3460298560274391,0.4112732082002288,0.9924963067709051,0.9660629138860211,1.0208079038194973,1.037736,0.9698260479041787,1.1103271109281017,2/4,2/4
real,quality,rq,SE,4,122,2.9931073260352803,2.2734018518478645,3.738288076641535,1.0783814813388526,1.0417488478395036,1.1146177396270245,1.0845593,1.0108251020617662,1.1607074880453407,4/4,4/4
real,quality,rq,SE,5,122,7.541435505190367,5.879486792078752,9.20747300638417,1.1812919046958945,1.105274801836886,1.2635461959013177,1.0620965,0.9756185979689243,1.1604306810306477,3/4,4/4
v1,all,dup_b,20MAX,1 (unique),137,-0.9414392149818015,-1.0759964175985972,-0.8098417637422792,0.9636459069423728,0.9572936449089092,0.9701135371691549,0.9837105,0.9765358722557986,0.9909093624701465,0/4,0/4
v1,all,dup_b,20MAX,2-5,137,3.771189484157759,3.0758397077678756,4.4946629232675095,1.1637592315845235,1.1259503060782245,1.2027623778175531,1.1275108,1.0696814766004137,1.1887220629592883,4/4,4/4
v1,all,dup_b,20MAX,21+,127,21.01600319105909,17.825223845600817,24.269023710478816,1.8366079677035039,1.6748379303974943,2.004140654135534,1.4732785,1.334040716654203,1.6180270713673333,4/4,4/4
v1,all,dup_b,20MAX,6-20,136,5.801573954378801,4.377413722675492,7.226120473970092,1.1939620907622999,1.1370069730773782,1.2521267013326696,1.0354156,0.9639352504383115,1.1131580449750318,3/4,4/4
v1,all,dup_b,3MAX,1 (unique),65,-0.7786941711485129,-0.9665516126533338,-0.5987058965954425,0.9713097221936899,0.9625027867348629,0.9800926740406521,0.9836473,0.9738544204143378,0.9925424132438807,0/4,0/4
v1,all,dup_b,3MAX,2-5,65,6.86167576088926,5.433866469561999,8.340847066273176,1.259129985410397,1.1800195051036473,1.3391992887955144,1.1353028,1.0328207689752946,1.2423879289168578,4/4,4/4
v1,all,dup_b,3MAX,21+,49,26.546894421493484,18.884495967697678,34.91133230136923,1.8132300440347222,1.4630772399161989,2.185146554906003,1.4865508,1.1939180565579812,1.776668204382366,4/4,4/4
v1,all,dup_b,3MAX,6-20,57,14.722470782244825,10.66818421258274,18.640341744495707,1.5898024812814906,1.3365794430313522,1.8750726530050805,1.3215494,1.0827860494716126,1.5773126292385553,4/4,4/4
v1,all,dup_b,DU,1 (unique),64,-17.39292248898602,-20.71717760574779,-14.069962705205628,0.6796446525710481,0.6097117795332135,0.7515883843974279,0.6796447,0.6071650076075457,0.7550847201957367,0/4,0/4
v1,all,dup_b,DU,2-5,64,-10.170495877745402,-13.102858035936915,-7.316372229414708,0.846153609423084,0.7779612763793724,0.9131071964526993,0.8461536,0.7775898217922077,0.9144863550551235,0/4,0/4
v1,all,dup_b,DU,21+,64,4.689780364775718,3.5637262187580117,5.969547016640007,1.0901698446167178,1.0637082597998568,1.1200534990840743,1.0901699,1.0642851270269602,1.1180773148313166,4/4,4/4
v1,all,dup_b,DU,6-20,64,-8.290587026953482,-11.36323645106265,-5.15152157044358,0.8880878551018242,0.8246497818649882,0.9531993489467704,0.88808787,0.8200694030616432,0.9526594928000123,0/4,0/4
v1,all,dup_b,SE,1 (unique),138,-0.6629119989608803,-0.7758211566591315,-0.5554973090728066,0.9727503266595783,0.9669637489437906,0.9784998557194642,0.9863843,0.9812257459846095,0.9913563631151033,0/4,0/4
v1,all,dup_b,SE,2-5,130,12.502813792279587,10.513072223284848,14.563679367583058,1.5312975162518254,1.4136968595063613,1.651937503039669,1.2446247,1.1276064342231704,1.3652986018846813,4/4,4/4
v1,all,dup_b,SE,21+,69,27.260724768555512,19.806642306099256,35.053664206441915,1.8886940092546045,1.5482805490703768,2.2403833572819862,1.5172048,1.2536548784569552,1.7902817413534806,4/4,4/4
v1,all,dup_b,SE,6-20,98,19.468332913450148,15.871595484148376,23.104326168394373,1.9404294838869378,1.6744373257260514,2.2203490451315386,1.5478427,1.3200790316835804,1.7968659918641252,4/4,4/4
v1,all,q,20MAX,1,137,-5.8025489591234365,-6.816316438417126,-4.773651124721915,0.765531791008555,0.7119485085502041,0.8182249411418012,0.7683933,0.7010145872233122,0.8332407483001695,0/4,0/4
v1,all,q,20MAX,2,137,-2.279288510498969,-2.869878682183167,-1.7031747247025137,0.9004544967539251,0.8687212855462714,0.9309714732467175,0.9152065,0.8709158065545297,0.9580101905621752,0/4,0/4
v1,all,q,20MAX,3,137,-0.00943616241937008,-0.4262141185945053,0.4349214787570094,1.0058053806541782,0.9809903438365482,1.0304004250641552,1.0212098,0.9834629674136203,1.061684237279161,3/4,3/4
v1,all,q,20MAX,4,137,2.232383352765133,1.7631339567037545,2.694009876454801,1.083894123349467,1.0620569752766094,1.10549216438553,1.0632501,1.0310159255770872,1.0944132338475137,4/4,4/4
v1,all,q,20MAX,5,137,5.859198156092258,4.434051965515322,7.33881443971453,1.2443258222448115,1.1690659884770573,1.325615745596466,1.2319497,1.1411809867098384,1.3307742490603107,4/4,4/4
v1,all,q,3MAX,1,65,-5.1356879697669555,-6.852556114250237,-3.3963508400959994,0.7987047299029777,0.7097730255523673,0.8869184873617303,0.8410337,0.7218645135141336,0.9571273333751238,0/4,0/4
v1,all,q,3MAX,2,65,-2.0643240083633643,-2.9882121748036723,-1.1473563624729082,0.9105192299707331,0.8580935090209518,0.9644256816440335,0.8921664,0.8253730662740194,0.9675211171920483,1/4,0/4
v1,all,q,3MAX,3,65,-0.02468175032261711,-0.630182652740862,0.5968108485476151,0.98101141431161,0.939495582067001,1.0200799537768108,0.9958319,0.9284967369070419,1.0668864322396425,2/4,3/4
v1,all,q,3MAX,4,65,1.8495523753814873,1.0804449888128784,2.5981341956898154,1.0538132747436848,1.00726857784899,1.0979643794859568,1.0534554,0.9817021241784096,1.1329863545298577,3/4,4/4
v1,all,q,3MAX,5,65,5.376326568376518,3.0727989747351256,7.660923274533459,1.2559965430081732,1.1363854320252273,1.3864941614090325,1.2175444,1.063194304223244,1.372923866372842,4/4,4/4
v1,all,q,DU,1,64,-14.209033711581569,-18.1890647575204,-10.167411703516564,0.7483229636530616,0.6574717781409436,0.8449363822875354,0.74832296,0.6592378491375712,0.8456240776875348,0/4,0/4
v1,all,q,DU,2,64,-3.505527099199096,-7.170552021985252,0.4117836538201392,0.9658810345677571,0.8769530940964056,1.0561566590576064,0.9658811,0.8772043112785468,1.056728341012058,2/4,0/4
v1,all,q,DU,3,64,0.9885821380794733,-3.3632562517342772,5.4518220802117225,1.0661591355414406,0.9663142003562222,1.1656367745678158,1.0661591,0.9654055539285764,1.1654773805756122,3/4,3/4
v1,all,q,DU,4,64,7.794113830805147,3.2756570939188734,12.574700251350581,1.041437135842922,0.9350595327307123,1.1518871915487792,1.0414371,0.9329246290042648,1.1527101819738164,2/4,4/4
v1,all,q,DU,5,64,8.933763279280672,4.806286396554978,12.729467931886239,1.1782311529158878,1.0856183217602906,1.275206594423671,1.1782311,1.0834643261041492,1.2708663915749638,4/4,4/4
v1,all,q,SE,1,138,-4.68846595523812,-5.78539202507005,-3.5719538680239977,0.8230863315580872,0.755538124098951,0.8862850906512263,0.8927631,0.7966582813610633,0.9903281126481791,1/4,0/4
v1,all,q,SE,2,138,-2.075440321884671,-2.733773965372553,-1.4446665760659778,0.9100497554811832,0.8722762683694049,0.9486024525818983,0.89855725,0.8435064869244462,0.9570750567846108,0/4,0/4
v1,all,q,SE,3,138,-0.26489903744094173,-0.7579534087351452,0.21582881056936778,0.9815858395033262,0.9495611110943225,1.0152873510357228,0.93993235,0.8871403889271661,0.9952110077052013,2/4,2/4
v1,all,q,SE,4,138,1.7794099327672972,1.2619333348308097,2.2955198463540256,1.057898265414825,1.0255730328121513,1.0915151346970622,1.0663484,1.0064428634941578,1.129352825070205,3/4,4/4
v1,all,q,SE,5,138,5.249064902363693,3.7575590084640784,6.7730486924441555,1.2273294184006254,1.1376717562953926,1.3141360142459007,1.2023263,1.0836324711856635,1.3145292905307766,4/4,4/4
v1,all,rq,20MAX,1,131,-3.1701835725030296,-4.181591586178596,-2.1655887384003045,0.8746543980006893,0.8222186752023128,0.9259424818186139,0.88376063,0.8181172773014498,0.9491828239544203,1/4,1/4
v1,all,rq,20MAX,2,131,-1.1427112426098298,-1.7357321306809987,-0.5488420619371502,0.9552140276459279,0.9241660913919675,0.9863638381761817,0.98055995,0.934044626059423,1.0242713132318648,0/4,0/4
v1,all,rq,20MAX,3,131,-0.15230288599388628,-0.5935732079955296,0.27325204870057535,0.9931212217207694,0.9699638813979707,1.0166215861223014,0.992835,0.9565030261760449,1.0290052661117708,3/4,2/4
v1,all,rq,20MAX,4,131,1.5476759755589955,1.0326137923975922,2.0383696059078167,1.059700009470429,1.035059394107169,1.0835538597552223,1.0415845,1.0075811925735183,1.0771258171050602,3/4,4/4
v1,all,rq,20MAX,5,131,2.917597456537726,1.6338370699592308,4.354837076732498,1.1173135955748539,1.0491748434381167,1.1860763388473834,1.101266,1.0168381183202029,1.191074386876048,4/4,4/4
v1,all,rq,3MAX,1,60,-3.0223452898733045,-4.702617544616923,-1.362391896012465,0.8862271269570929,0.7990428195636788,0.9762771423159325,0.91413516,0.792378948951761,1.0337365557874243,1/4,1/4
v1,all,rq,3MAX,2,60,-1.2268542992626217,-2.1808226487564744,-0.3126570618567289,0.9380698186066735,0.8818356134541904,0.9916625833911762,0.9327643,0.8581827179342508,1.0165779780099788,1/4,1/4
v1,all,rq,3MAX,3,60,-0.14249742452065908,-0.8065073293586845,0.4605320071910228,0.9762624020949229,0.939753957799341,1.0132273485398298,0.98902774,0.9241251803437869,1.0573129368325074,2/4,2/4
v1,all,rq,3MAX,4,60,1.6225517668186074,0.8040310971168767,2.381994267790084,1.0625280686242962,1.0178917364174231,1.1078367015352866,1.0403758,0.9739535456895828,1.1104678822557132,3/4,4/4
v1,all,rq,3MAX,5,60,2.7696976038083374,0.7368212175376585,4.778034526823595,1.136949291962288,1.0244518177165676,1.255674981880819,1.1237723,0.9830180029695232,1.2648720087483525,3/4,3/4
v1,all,rq,DU,1,58,-9.974016353876529,-14.094718911672489,-6.157085023729259,0.8444599194107065,0.7474363736187676,0.937730043993541,0.84446,0.7463501424175397,0.9398748075428964,0/4,0/4
v1,all,rq,DU,2,58,-2.6753594145423696,-7.379662183096036,1.846273611535822,0.9739700147482435,0.8727162306168282,1.0745843437126543,0.97397006,0.8756550707244154,1.0827631382913938,2/4,1/4
v1,all,rq,DU,3,58,-1.072872708968426,-4.7727470743195175,2.641816054441501,0.9620776077044341,0.8822639434554111,1.0418310231832797,0.9620777,0.8816418777508982,1.0383051953182139,1/4,2/4
v1,all,rq,DU,4,58,10.083749675897066,5.40979070897707,14.929324168491664,1.1178078024823606,1.0006344159752592,1.2324787332089269,1.1178079,1.0044299617075514,1.2368530331547813,3/4,4/4
v1,all,rq,DU,5,58,3.6401029494195134,-0.37402193993388344,7.615452153495224,1.1016999251466695,1.009615570648299,1.1947551166665724,1.1017,1.00800540244271,1.193196615191369,3/4,3/4
v1,all,rq,SE,1,127,-2.502550084401112,-3.5150257042456063,-1.402146526109111,0.897250208565799,0.8359884420329323,0.9656252452617449,0.93640614,0.8442407616949457,1.0370439512640472,1/4,1/4
v1,all,rq,SE,2,127,-1.0683007554068122,-1.6665607005390615,-0.4805680714595765,0.9865065624842805,0.9465856014066594,1.0233234436298109,1.0322679,0.9642119463151834,1.1017426727676953,3/4,1/4
v1,all,rq,SE,3,127,-0.32138854705880376,-0.8005554340243216,0.1515210918290314,0.9619135070256789,0.9278685964993661,0.9945093878853986,0.8774329,0.8237763395811629,0.9348407482303033,2/4,2/4
v1,all,rq,SE,4,127,1.4163732181936113,0.8846931615514364,1.957644031379742,1.0517673474047773,1.0152583258258652,1.0895067839486234,1.060181,0.9912948105630912,1.130035128403367,3/4,4/4
v1,all,rq,SE,5,127,2.4753831724986903,1.0631024407759477,3.844589955492782,1.1025625385349658,1.0250863660437166,1.1831356286837689,1.0937312,0.9836497380097551,1.2082977381454207,3/4,3/4
v1,quality,dup_b,20MAX,1 (unique),131,-1.51810244392766,-1.7894235873839008,-1.2804681036822583,0.9611654996497404,0.9512358029883737,0.9715872505077723,0.98814845,0.9773019645732778,0.999337718800734,0/4,0/4
v1,quality,dup_b,20MAX,2-5,131,3.957583914384486,3.2036466110131223,4.72026398067851,1.1164677912905245,1.081836873871392,1.1548048635178814,1.0747313,1.0069362147618797,1.1489226219990782,4/4,4/4
v1,quality,dup_b,20MAX,21+,118,17.83511682627378,14.770211655047927,20.76404687749026,1.4824825483973991,1.3528248997432935,1.6061992379064782,1.1980541,1.0908349430283246,1.3094635533326764,4/4,4/4
v1,quality,dup_b,20MAX,6-20,127,5.773636011457939,4.273511439662283,7.29975113034253,1.1317177031835568,1.0750526300453715,1.19148432837723,1.008727,0.9332245551871033,1.0822811100954615,4/4,4/4
v1,quality,dup_b,3MAX,1 (unique),60,-1.2188666488672042,-1.5746847706884242,-0.8567546463719419,0.9684798748860781,0.953532372142699,0.9820545376052108,0.9820155,0.9652618209024271,0.9975854421655338,0/4,0/4
v1,quality,dup_b,3MAX,2-5,59,5.503348343937651,3.913839758825799,7.04303246568955,1.1629258562371172,1.083916245024985,1.240560102610052,1.1063732,0.9897736689801944,1.231894733415822,4/4,4/4
v1,quality,dup_b,3MAX,21+,42,25.034239713782156,16.43149325503782,33.89726574074152,1.4967364025975352,1.2055847483738056,1.825021449303788,1.2496852,1.0160136699676514,1.4987968809902668,3/4,4/4
v1,quality,dup_b,3MAX,6-20,53,11.20295669160256,6.879987078468331,15.649224524953068,1.3514787475899173,1.1187324802204526,1.6064794828793398,1.150295,0.9437348818933626,1.3623046044119687,3/4,4/4
v1,quality,dup_b,DU,1 (unique),55,-10.523326884340097,-15.161175008972638,-5.858410875140078,1.012541048609895,0.8656731513489332,1.1914910507555536,1.012541,0.8700011421740055,1.189213672375137,1/4,0/4
v1,quality,dup_b,DU,2-5,51,-5.0919719275375,-9.930623852220434,-0.3670856094336265,1.033208043270252,0.9309321069484822,1.146863210365955,1.033208,0.926362993553573,1.1477432605390456,3/4,0/4
v1,quality,dup_b,DU,21+,58,0.5006023392538312,-0.3610291309724519,1.19058370264922,0.9970557015833232,0.9801973340327172,1.0109620095669647,0.9970557,0.9814230343904989,1.0121675768289073,1/4,3/4
v1,quality,dup_b,DU,6-20,52,-3.514974582676804,-9.25183653622092,2.4275765767468673,1.1022382351009532,0.938798400205861,1.2800298439720925,1.1022382,0.9397262701191581,1.271114218672021,3/4,1/4
v1,quality,dup_b,SE,1 (unique),122,-1.1329423942041064,-1.3651443803893009,-0.8905572601957087,0.9698035348488409,0.9606333933066262,0.9782720473518686,0.9884684,0.9800213407541885,0.9966248083554331,0/4,0/4
v1,quality,dup_b,SE,2-5,119,9.687713482612,7.6268407691580595,11.699415206953889,1.302129255667758,1.1978775787501634,1.4079009217975684,1.1222037,1.0157336352001718,1.2418520113265439,4/4,4/4
v1,quality,dup_b,SE,21+,61,21.912320492792137,14.779716837666005,28.92993260392991,1.3436706724719345,1.1239278643371173,1.5738965791107735,1.0804919,0.8936514865912375,1.27183462471747,4/4,4/4
v1,quality,dup_b,SE,6-20,83,14.828551423035531,11.194212140679234,18.533736396847267,1.4677661347522362,1.2704275929063567,1.6682992217722863,1.1928542,1.0341858019311745,1.3602318430341869,4/4,4/4
v1,quality,q,20MAX,1,131,-5.366334402571023,-6.646926368757552,-4.0680203325751405,0.8589725900311943,0.8007197359807486,0.9160987971183665,0.88548505,0.8094551244764838,0.958613089625617,0/4,0/4
v1,quality,q,20MAX,2,131,-1.9175722478670396,-2.727460988649165,-1.1167723415546602,0.9486727536805734,0.9140591228984308,0.9856189371645677,0.9697581,0.9209281094656646,1.0200399742667912,0/4,0/4
v1,quality,q,20MAX,3,131,0.27418687144431486,-0.35289579957869216,0.8691423090714022,1.0105308921638594,0.9843623878944459,1.037583522184305,1.012144,0.9722352851438159,1.0531179219029332,3/4,3/4
v1,quality,q,20MAX,4,131,2.109955053555273,1.3488251175199364,2.8865970255589866,1.0439194824558453,1.0104322256736449,1.0777354408187991,1.0291672,0.9849324916382782,1.0797216133193204,3/4,4/4
v1,quality,q,20MAX,5,131,4.900954396696407,3.1649754642890127,6.665440087028504,1.1379571885290938,1.0648500583183689,1.2100150546193942,1.1035069,1.0164657770677379,1.1913044329021723,4/4,4/4
v1,quality,q,3MAX,1,60,-5.057119290882934,-7.217734922671845,-2.9438167931050003,0.8699178292369091,0.7813869298764166,0.9655512017641542,0.9104304,0.7858269990980625,1.0429473574087025,1/4,0/4
v1,quality,q,3MAX,2,60,-1.966258412059046,-3.32112889075128,-0.6510919755816764,0.9200751765716995,0.8608414546882475,0.9813933315148582,0.9072724,0.8312359731892744,0.9843121589223544,0/4,0/4
v1,quality,q,3MAX,3,60,-0.07306308276471697,-0.9482861600479142,0.8412866671193908,0.9862683630945984,0.9332958285440256,1.039364232584407,0.96997166,0.8974992561340333,1.0451144092281661,2/4,3/4
v1,quality,q,3MAX,4,60,1.798668557480212,0.5894375380080823,3.024635497484174,1.0421502292150429,0.9863819637801264,1.0961551834818153,1.0692621,0.9850895050664742,1.1589387458314497,3/4,4/4
v1,quality,q,3MAX,5,60,5.297793927222694,2.6322087234684486,8.048336278185548,1.18157363438849,1.0665132151230539,1.3044576253982623,1.1430558,0.9998789224401117,1.284726566374302,3/4,4/4
v1,quality,q,DU,1,58,-8.72260058987971,-14.24644874515888,-3.1405690821557237,1.039719637200508,0.8638587178938573,1.236822323089386,1.0397197,0.8589306746055533,1.2373153927495124,2/4,0/4
v1,quality,q,DU,2,58,-3.8670039005839847,-8.940619085443734,1.2367664863168093,0.8559122162020176,0.7380611809959854,0.9683698147086993,0.85591227,0.7354353347857451,0.9716337328567972,1/4,0/4
v1,quality,q,DU,3,58,1.378588748080296,-4.090133336285046,7.007059324466029,0.9208221136524439,0.7906633044927021,1.0525400388144952,0.9208221,0.7849711811491128,1.0537094708162777,2/4,2/4
v1,quality,q,DU,4,58,3.067842787268199,-2.421002625493755,8.682106611706157,0.951137252716595,0.8208558624086717,1.0761612325023262,0.9511373,0.8310217491656156,1.0745044029749338,2/4,4/4
v1,quality,q,DU,5,58,8.142608727288952,2.3852928511991824,13.617050583419099,1.2321788381613354,1.0860270748806649,1.3897616714823278,1.2321788,1.0853527077955418,1.3865249549777343,3/4,3/4
v1,quality,q,SE,1,122,-4.507042068468348,-5.930521686422647,-3.0817339671682227,0.8980678734923024,0.8280940628015246,0.9701555626781458,0.9702413,0.862687404923996,1.0896107169448352,1/4,0/4
v1,quality,q,SE,2,122,-2.0161623849472434,-2.8969460213744536,-1.174744494602293,0.9528717991029793,0.9092672097685869,0.9946791422512848,0.95407623,0.8827256922716976,1.0239208320247346,0/4,0/4
v1,quality,q,SE,3,122,0.0902712341627616,-0.5441615256389449,0.7479611784364274,0.9858132030107181,0.9465998249191521,1.0312403673293415,0.91638476,0.8508213410917363,0.9797498967926034,2/4,3/4
v1,quality,q,SE,4,122,2.074363701436573,1.283583107571952,2.896857789556476,1.0167783374464165,0.9770750591669729,1.0560709517253488,1.0106971,0.9393274163857835,1.0876446008071547,3/4,4/4
v1,quality,q,SE,5,122,4.359916209892956,2.736672974226335,6.149829924337343,1.146488865606693,1.0595556493996416,1.2403619455592403,1.1485813,1.0308332718847717,1.2736459286669728,4/4,4/4
v1,quality,rq,20MAX,1,131,-4.742161989079317,-6.040480545419847,-3.320304754118725,0.8715251064206951,0.8146509856954793,0.9283662523002485,0.896963,0.8223623824938563,0.9715481151833789,1/4,0/4
v1,quality,rq,20MAX,2,131,-1.3237612345744452,-2.128042153186638,-0.551529279569163,0.9662381974555121,0.9316190092887533,1.000786959584327,0.99186087,0.9445488901424954,1.0384615299810889,0/4,0/4
v1,quality,rq,20MAX,3,131,0.3414668773702845,-0.22444544616852663,0.8647518289254481,1.0036814920520152,0.9801498415740522,1.0269134781477953,0.9917042,0.9562421595549765,1.028354227565627,3/4,3/4
v1,quality,rq,20MAX,4,131,1.9877867198480135,1.216955889333317,2.7461646613435855,1.0385087998180051,1.0069023879431087,1.0724756926839578,1.0147295,0.9708986137318247,1.0620331596213441,3/4,4/4
v1,quality,rq,20MAX,5,131,3.73814950438455,2.123758569793213,5.29579254669518,1.120123529523964,1.0475408747761599,1.1855326632618608,1.1048276,1.0188110278194187,1.1913792001154586,3/4,4/4
v1,quality,rq,3MAX,1,60,-4.440580851041347,-6.644801972961535,-2.287752111013878,0.8740590534696129,0.7819571946025949,0.9651476859894402,0.8950898,0.7784588833525776,1.0264572384829322,1/4,0/4
v1,quality,rq,3MAX,2,60,-1.4685005048187578,-2.727291480234357,-0.31374559516199707,0.9432352135977987,0.8848999904158115,0.9997607950440295,0.9509538,0.8745841507862011,1.0334618908166886,0/4,0/4
v1,quality,rq,3MAX,3,60,0.09131373471953899,-0.7618548019447016,0.9378932119329146,0.980232084760491,0.9363029980572605,1.0327250295222372,0.98815835,0.91894226235648,1.0638449289401373,2/4,3/4
v1,quality,rq,3MAX,4,60,1.8692844967104623,0.743298491773775,3.0664991895496994,1.0424030368128867,0.9860010952416534,1.0963013399122694,1.0334504,0.9570451739182074,1.1104293463627497,3/4,4/4
v1,quality,rq,3MAX,5,60,3.948022371028079,1.5174794514845389,6.411380867276751,1.1599987401276048,1.0467489950748163,1.2798882248464003,1.1322018,0.9928173409402371,1.2842095725114147,3/4,4/4
v1,quality,rq,DU,1,20,-2.900655982822299,-11.15333204410845,5.04673704947083,0.9780263795239492,0.8059371597988518,1.1641260494972745,0.9780263,0.8096542004868388,1.1602275268733502,1/4,2/4
v1,quality,rq,DU,2,20,1.8619033736705408,-5.211019050111455,9.157168557787802,1.0467432322445294,0.8858511435310449,1.2064766792088026,1.0467432,0.8830961568374187,1.2042785885743796,1/4,1/4
v1,quality,rq,DU,3,20,4.023223519339065,-5.983272615923111,14.638131307424155,1.0676338218248889,0.8160737022332748,1.322399939519116,1.0676339,0.8177148978784681,1.327668817229569,2/4,2/4
v1,quality,rq,DU,4,20,0.5162444995456296,-6.469719445725668,7.43826283189447,1.0063842789496518,0.8338759245360233,1.180931456111084,1.0063843,0.8368113092891872,1.178022526204586,2/4,2/4
v1,quality,rq,DU,5,20,-3.499546322367459,-13.37621225806699,6.909446086588124,0.9011991173030831,0.6746290184047461,1.1386757124217657,0.90119916,0.673063279017806,1.155067410732154,1/4,1/4
v1,quality,rq,SE,1,122,-3.975926079775105,-5.29781262626318,-2.62117293001419,0.9127248264533545,0.8389635632854088,0.9860421991743356,0.9826949,0.874489346131316,1.1005493025554987,1/4,0/4
v1,quality,rq,SE,2,122,-1.1254166525642926,-1.976576257445943,-0.321631689022764,0.9716643586298667,0.9277759669099656,1.0145392590784388,0.97726977,0.9057570706381173,1.0495989539706316,0/4,0/4
v1,quality,rq,SE,3,122,0.031088404452137737,-0.58040888010666,0.63720159309422,0.9727678861391951,0.9337445716927436,1.0145047956465576,0.8896714,0.8329009064335803,0.9508029858474849,2/4,2/4
v1,quality,rq,SE,4,122,1.8804409264687085,1.0858425533341314,2.714149324313026,1.016344747436402,0.9745965087233885,1.0597458529903,1.026335,0.9528014765166846,1.1042149304244362,3/4,4/4
v1,quality,rq,SE,5,122,3.1915886220115155,1.545961689921388,4.850833386456335,1.1265151263208817,1.0417569875653652,1.2112328058908775,1.1239645,1.0122631851247832,1.2345198969097166,3/4,4/4
v2,all,dup_b,20MAX,1 (unique),137,-0.9414392149818015,-1.0801803881985217,-0.8044413435985668,0.9636459069423728,0.9572759400095783,0.9699387632041437,0.9837105,0.9764112665487902,0.9906241701467194,0/4,0/4
v2,all,dup_b,20MAX,2-5,137,3.771189484157759,3.088975878355146,4.450227996827555,1.1637592315845235,1.1295134011728374,1.2013041809985097,1.1275108,1.0681486024364937,1.1875909182385807,4/4,4/4
v2,all,dup_b,20MAX,21+,127,21.01600319105909,17.940755422227145,24.363380186081976,1.8366079677035039,1.6757425394683718,2.001387376314005,1.4732785,1.3363899678754525,1.6160748384716943,4/4,4/4
v2,all,dup_b,20MAX,6-20,136,5.801573954378801,4.465234627842735,7.246733208565387,1.1939620907622999,1.1376893132058794,1.2537061744253453,1.0354156,0.9659119932200102,1.1091282235348925,3/4,4/4
v2,all,dup_b,3MAX,1 (unique),65,-0.7786941711485129,-0.9546535070215709,-0.6051886128562917,0.9713097221936899,0.9626892353105481,0.9798595672797017,0.9836473,0.9744229934765742,0.9925742619312726,0/4,0/4
v2,all,dup_b,3MAX,2-5,65,6.86167576088926,5.424328737697757,8.288302003308583,1.259129985410397,1.179649807956002,1.3345629509846708,1.1353028,1.0333815614993755,1.254111953331874,4/4,4/4
v2,all,dup_b,3MAX,21+,49,26.546894421493484,18.27101654068947,35.41054422137771,1.8132300440347222,1.4685584339242372,2.2010856677255406,1.4865508,1.2099728235784841,1.7818273982527304,4/4,4/4
v2,all,dup_b,3MAX,6-20,57,14.722470782244825,10.587120577790678,19.143316233036682,1.5898024812814906,1.3346402771810877,1.8742826075567303,1.3215494,1.0986042994156218,1.5631484988227224,4/4,4/4
v2,all,dup_b,DU,1 (unique),64,-17.39292248898602,-20.668577800640872,-14.111915553164973,0.6796446525710481,0.6081042872426295,0.7553697724572395,0.6796447,0.6090999100008048,0.7522460090345703,0/4,0/4
v2,all,dup_b,DU,2-5,64,-10.170495877745402,-13.174991551872749,-7.231150145465242,0.846153609423084,0.7792109738835292,0.9138030230490458,0.8461536,0.7778111292282119,0.9155220199143514,0/4,0/4
v2,all,dup_b,DU,21+,64,4.689780364775718,3.549974613055339,5.858633810712145,1.0901698446167178,1.0633438600309244,1.1197806257742606,1.0901699,1.0640573386102914,1.118762197252363,4/4,4/4
v2,all,dup_b,DU,6-20,64,-8.290587026953482,-11.317646623475737,-5.265854877712355,0.8880878551018242,0.8245396668071394,0.9556199088549955,0.88808787,0.8245698590762913,0.9537275451235473,0/4,0/4
v2,all,dup_b,SE,1 (unique),138,-0.6629119989608803,-0.766850628037694,-0.5573107906114647,0.9727503266595783,0.9665591436284762,0.9783016288730562,0.9863843,0.9814535155244496,0.9912282881961352,0/4,0/4
v2,all,dup_b,SE,2-5,130,12.502813792279587,10.475746153840866,14.42438074107451,1.5312975162518254,1.4117389149272284,1.648597853572962,1.2446247,1.1253265460981774,1.3637068460394557,4/4,4/4
v2,all,dup_b,SE,21+,69,27.260724768555512,20.14774202960802,34.4705092246926,1.8886940092546045,1.5420673965293537,2.2568281226227493,1.5172048,1.254642573117778,1.7907588200832623,4/4,4/4
v2,all,dup_b,SE,6-20,98,19.468332913450148,15.96753182978432,23.055750389640618,1.9404294838869378,1.6729398189657352,2.2227117402897134,1.5478427,1.318912322553141,1.800910060924991,4/4,4/4
v2,all,q,20MAX,1,137,-5.325359155750968,-6.406181158277678,-4.178384522249951,0.7891539302440281,0.7358510555069062,0.8439101878621443,0.8054705,0.7375140017238412,0.8747203304547898,0/4,0/4
v2,all,q,20MAX,2,137,-2.222900353129799,-2.867171456926642,-1.643468768475528,0.9098714492891287,0.8763122546998862,0.9432152083178128,0.9063717,0.864042889158221,0.9461136152818255,0/4,0/4
v2,all,q,20MAX,3,137,-0.08139352204709185,-0.5534394261886224,0.37691890136062683,0.9826306763075351,0.9598433782300924,1.0052328057709612,0.97470784,0.9415213450028079,1.0105788818784873,0/4,2/4
v2,all,q,20MAX,4,137,2.267450558231387,1.7947212027379682,2.7743013320560386,1.0945466487456135,1.0699428153146666,1.1186077911797352,1.0990287,1.0637423748082488,1.1362217485904693,4/4,4/4
v2,all,q,20MAX,5,137,5.362433114810037,3.776882198975809,6.986342594859639,1.2237961520575797,1.1448037856697884,1.3043822931899551,1.2144237,1.1183567430742465,1.3143038101657463,4/4,4/4
v2,all,q,3MAX,1,65,-4.6847229185908805,-6.321270653965491,-2.999151901385701,0.8142535372179133,0.7242910930908862,0.9057140213038302,0.8531812,0.7384376036261137,0.9773674691869663,1/4,0/4
v2,all,q,3MAX,2,65,-1.8972446587332135,-2.8684169213339143,-0.9288262373736917,0.9160643169175443,0.8609290641386234,0.9702730974923375,0.9121431,0.8319494759119475,0.9910036464150135,0/4,0/4
v2,all,q,3MAX,3,65,-0.09568300714095111,-0.9011166439561163,0.631406700284689,0.979706084731383,0.937433456831736,1.022114502735186,0.96027195,0.8973951813120108,1.0219593630157984,1/4,2/4
v2,all,q,3MAX,4,65,2.0597782184176054,1.2727251896479619,2.8687858040254284,1.0738395513178511,1.026011497194251,1.121557793368166,1.0775027,1.0089550305788335,1.1510359955980227,3/4,4/4
v2,all,q,3MAX,5,65,4.618848643641672,2.1972602707801,6.871187051649005,1.2161618995256391,1.088434929852828,1.3453029728391328,1.196869,1.0498297505653822,1.355123084325057,4/4,4/4
v2,all,q,DU,1,64,-13.545688595783941,-17.737627007725056,-9.402126404409128,0.7492477126962194,0.6580102103266062,0.8425156765547873,0.7492477,0.6578039722371614,0.8430063782288926,0/4,0/4
v2,all,q,DU,2,64,-1.4796463584844843,-5.270104754425008,2.5384537688649336,1.0126573282790008,0.9335716092737265,1.0933906522162224,1.0126574,0.9393593706896354,1.0998426702572033,1/4,0/4
v2,all,q,DU,3,64,1.2032083570716938,-2.9136484768662747,5.347317806459779,0.9855830283649379,0.900407452781681,1.0696491864042246,0.98558307,0.8995258996787016,1.0735914061195218,2/4,3/4
v2,all,q,DU,4,64,6.149091650992343,0.6819179349488195,11.398706683032348,1.0295433438984232,0.9084842602801279,1.1500173919401857,1.0295434,0.9150708507280797,1.145558828813955,2/4,4/4
v2,all,q,DU,5,64,7.674869002074594,2.8701906038939864,12.533215740521504,1.2229639807282713,1.1120464810077513,1.337807077162221,1.222964,1.110186835017521,1.3344776071608067,3/4,3/4
v2,all,q,SE,1,138,-4.36437480259436,-5.462881906021804,-3.2901470937124775,0.8221883073963875,0.7619293456367195,0.8837290845188175,0.8836123,0.793625800470835,0.9794360392308537,1/4,0/4
v2,all,q,SE,2,138,-1.9650608663556572,-2.6309049472774144,-1.3172165801910283,0.9364119589972876,0.8956721902221295,0.9759476123951858,0.9662951,0.89783887517625,1.0374573712115702,0/4,0/4
v2,all,q,SE,3,138,-0.1002827207929367,-0.5933438411517149,0.3809267391396108,0.9802246069641377,0.9499984373774766,1.0136196053141133,0.91572607,0.8630442020361838,0.9691590161643167,1/4,2/4
v2,all,q,SE,4,138,1.8125017008997142,1.2352385428062176,2.418235590889508,1.0644377735663324,1.0307749607798913,1.0987556265027858,1.0295753,0.96916085306717,1.090537491440773,3/4,4/4
v2,all,q,SE,5,138,4.616985660301809,3.059005194061582,6.200874404112993,1.1967370239768127,1.1123371176631558,1.2823223924096847,1.2047615,1.0908980232595966,1.3138537287982046,4/4,4/4
v2,all,rq,20MAX,1,131,-2.703373265881232,-3.85140186389676,-1.579494583779129,0.9021925464580824,0.8459408638507211,0.9595098410380503,0.91933054,0.8436342608155185,0.9967273113211147,1/4,1/4
v2,all,rq,20MAX,2,131,-1.4765513082193373,-2.135324600490345,-0.8988441657836399,0.9372593060821662,0.9088104843910053,0.9689738115340323,0.93966323,0.8971937656743836,0.9796199611125102,0/4,0/4
v2,all,rq,20MAX,3,131,-0.24658683909787288,-0.7254184637047038,0.21695700932933953,0.976489731039995,0.9524195679961364,0.9988312538220403,0.971852,0.9335239282546153,1.0066975323639753,1/4,2/4
v2,all,rq,20MAX,4,131,1.6584500656834034,1.0911806057385882,2.232622850553028,1.0698046843949465,1.040079278222351,1.0988050865409393,1.0647628,1.0245610719532456,1.1048122575037351,4/4,4/4
v2,all,rq,20MAX,5,131,2.76811793160821,1.3191690655972377,4.157832615906832,1.1142470139317011,1.0418513405664132,1.1878714002731123,1.1043923,1.0140104841412478,1.19437165587913,3/4,3/4
v2,all,rq,3MAX,1,60,-2.452019176200044,-4.137030069743885,-0.6062729787903955,0.9183991023280179,0.8235075228850314,1.0151454104775135,0.9606039,0.830617176629603,1.092061888736983,1/4,1/4
v2,all,rq,3MAX,2,60,-1.3120821437204835,-2.2375231060624436,-0.37537289652617073,0.9326453977633266,0.8789717341762009,0.9830985559152764,0.93248725,0.8558473917593559,1.0105446927001078,1/4,1/4
v2,all,rq,3MAX,3,60,-0.05765372958160269,-0.7779920118499488,0.6184038139630935,0.9848552827637179,0.9424572633108979,1.0261980781459346,0.97452205,0.9016846371938785,1.0518900445103645,2/4,2/4
v2,all,rq,3MAX,4,60,1.598153311029644,0.6885937303431087,2.5932942242834787,1.0466689247046983,0.9943230733977763,1.0986892306171607,1.0269959,0.9500644233326118,1.1092413118978341,3/4,4/4
v2,all,rq,3MAX,5,60,2.2241313815007717,0.09532709678946186,4.529575143458245,1.1174528893937068,1.001881514707566,1.245321067269961,1.1054212,0.966340525423487,1.2611998474101225,2/4,2/4
v2,all,rq,DU,1,58,-8.814757479948026,-12.958583311813545,-4.439708671776388,0.8601379491191024,0.7604678633392451,0.9556076414197519,0.86013794,0.7662798306808389,0.9590563619702027,0/4,0/4
v2,all,rq,DU,2,58,-4.405414398128161,-8.578061834652383,-0.0676485786031942,0.9269488680645859,0.834874400465006,1.015217942864038,0.92694896,0.8367584176907509,1.0202318562291048,1/4,1/4
v2,all,rq,DU,3,58,2.0652728539189877,-1.6489151172740741,5.8484263132375816,0.9785808632537758,0.903397837948522,1.0507189583439638,0.9785809,0.9058404947234647,1.0516377108533874,2/4,4/4
v2,all,rq,DU,4,58,9.057074743135395,3.6991123801069263,14.051386843679607,1.1283817250465673,1.008903916847984,1.2574232668933216,1.1283818,1.001612243615091,1.252935320164623,3/4,4/4
v2,all,rq,DU,5,58,2.0989239990401574,-2.6756021233007496,6.353490927204387,1.1059228494896305,0.9992336499638579,1.2103050447653851,1.1059229,0.9927327679759212,1.2146018022960372,3/4,2/4
v2,all,rq,SE,1,127,-2.2142513322676884,-3.3071431214421225,-1.1446094475866915,0.9170091231058397,0.8484134118546424,0.985835717313507,0.9623956,0.8641010557807337,1.0638677929711389,1/4,1/4
v2,all,rq,SE,2,127,-1.1386207876672378,-1.7904720613046439,-0.5556908228985045,0.9577590618365157,0.9204720795214534,0.9945510235384448,1.0042444,0.9363978429044795,1.0738452048400255,0/4,0/4
v2,all,rq,SE,3,127,0.0940099339694315,-0.39662403156318343,0.5867816116579622,0.99954837038663,0.96703319294357,1.0331453392810968,0.93505,0.8769589902730439,0.9955342800774443,3/4,3/4
v2,all,rq,SE,4,127,1.00784395133444,0.3930198376769902,1.6495951142406553,1.0256156390843116,0.9875990199377825,1.0641817822998856,0.9746555,0.9134799313826824,1.039969487030675,3/4,3/4
v2,all,rq,SE,5,127,2.2504423787547014,0.7969683893758708,3.6757725321533345,1.1000357381893842,1.026243428850785,1.1830597331826074,1.1236289,1.0206258830944384,1.227882398729484,2/4,4/4
v2,quality,dup_b,20MAX,1 (unique),131,-1.51810244392766,-1.784812580919027,-1.2692079421619897,0.9611654996497404,0.9506939067843765,0.9711824405254588,0.98814845,0.9772440207823542,0.9988437282447596,0/4,0/4
v2,quality,dup_b,20MAX,2-5,131,3.957583914384486,3.213855067219763,4.7029403925473865,1.1164677912905245,1.079822283216774,1.1541575375078368,1.0747313,1.0076324353918773,1.1523254298185575,4/4,4/4
v2,quality,dup_b,20MAX,21+,118,17.83511682627378,14.770045838913063,20.887594201197874,1.4824825483973991,1.352397316891279,1.6106133557037858,1.1980541,1.0906313955468143,1.2991062069217028,4/4,4/4
v2,quality,dup_b,20MAX,6-20,127,5.773636011457939,4.260153690275468,7.394092449306188,1.1317177031835568,1.075444411686249,1.189805183461342,1.008727,0.9374404121630304,1.088893255919922,4/4,4/4
v2,quality,dup_b,3MAX,1 (unique),60,-1.2188666488672042,-1.5851694315739508,-0.8647829398854806,0.9684798748860781,0.9541843913165066,0.9827317616712556,0.9820155,0.9643407636880874,0.9972738473117352,0/4,0/4
v2,quality,dup_b,3MAX,2-5,59,5.503348343937651,3.830205876543739,7.1318159136535435,1.1629258562371172,1.086952418613316,1.2400765049988045,1.1063732,0.9922109278329347,1.235841968504049,4/4,4/4
v2,quality,dup_b,3MAX,21+,42,25.034239713782156,16.295100995525623,33.51324010011282,1.4967364025975352,1.184046243358225,1.8195159221859263,1.2496852,1.0096939305464427,1.5034301277782236,3/4,4/4
v2,quality,dup_b,3MAX,6-20,53,11.20295669160256,7.031957438413338,15.786787578461723,1.3514787475899173,1.1304860554119973,1.596326704799135,1.150295,0.9511863179469727,1.3624026725630998,3/4,4/4
v2,quality,dup_b,DU,1 (unique),55,-10.523326884340097,-15.146645638783074,-6.05280150263241,1.012541048609895,0.855722175120981,1.188316265157631,1.012541,0.8540496420453896,1.1893522276390682,1/4,0/4
v2,quality,dup_b,DU,2-5,51,-5.0919719275375,-9.798430206038466,-0.29562167696397074,1.033208043270252,0.9254194200071362,1.1503600137125571,1.033208,0.922971156765433,1.1445849705268354,3/4,0/4
v2,quality,dup_b,DU,21+,58,0.5006023392538312,-0.3270531911183444,1.1875021521970064,0.9970557015833232,0.9807477165607595,1.0117841779259218,0.9970557,0.9807540517942658,1.011872559169243,1/4,3/4
v2,quality,dup_b,DU,6-20,52,-3.514974582676804,-9.082810167267814,2.296331831114721,1.1022382351009532,0.9445911595478916,1.275123333826779,1.1022382,0.9385757187954509,1.27674916918891,3/4,1/4
v2,quality,dup_b,SE,1 (unique),122,-1.1329423942041064,-1.3813192637093117,-0.9078998924622644,0.9698035348488409,0.9608267270173411,0.9788601610219225,0.9884684,0.9796197054083231,0.9966518411626581,0/4,0/4
v2,quality,dup_b,SE,2-5,119,9.687713482612,7.685142067500081,11.701320063241853,1.302129255667758,1.20370478944933,1.4075021778580346,1.1222037,1.0133906305524982,1.2400025910909185,4/4,4/4
v2,quality,dup_b,SE,21+,61,21.912320492792137,15.155860313290082,28.692045428731113,1.3436706724719345,1.1156458994103624,1.5675325987341047,1.0804919,0.8987031114638828,1.267937591891797,4/4,4/4
v2,quality,dup_b,SE,6-20,83,14.828551423035531,11.133326543115448,18.568690157641786,1.4677661347522362,1.2702109746550914,1.6818606096558701,1.1928542,1.0346186242189752,1.3616971956857715,4/4,4/4
v2,quality,q,20MAX,1,131,-4.810836377242852,-6.280715417108395,-3.293735179147654,0.8870799900427225,0.8234332680355625,0.9504276190781551,0.908403,0.8293066935116098,0.9894010387531673,1/4,0/4
v2,quality,q,20MAX,2,131,-1.9621015864881293,-2.8428908541241236,-1.1325498723496714,0.9384399452626055,0.9009878742089966,0.9729798274838811,0.94997007,0.899186032123238,1.0029008699396185,0/4,0/4
v2,quality,q,20MAX,3,131,0.3903052486280384,-0.1074036827986597,0.8751437347410984,0.9976630363390907,0.9767893254623627,1.0188952496288082,0.9969326,0.960434479181093,1.0372543259886386,3/4,3/4
v2,quality,q,20MAX,4,131,2.3580908239135705,1.5057623714408048,3.233028921120281,1.0607559480495414,1.025522797466612,1.0962341837407232,1.0579966,1.0093218228971685,1.1116297973248794,3/4,4/4
v2,quality,q,20MAX,5,131,4.025071458873726,2.2231176961551196,5.914053955274835,1.116034043913479,1.0442386947162303,1.1894273934115493,1.0866879,0.9948930642133905,1.1783151710533912,3/4,4/4
v2,quality,q,3MAX,1,60,-4.237615618855245,-6.67594369559034,-1.9138124396269567,0.8778409512389762,0.7836246366851337,0.9796096369737408,0.889922,0.7705450045069059,1.0234937948112688,1/4,0/4
v2,quality,q,3MAX,2,60,-1.6264122799526006,-3.0176720093580007,-0.2503104195579156,0.9573993065884828,0.8953802872840764,1.0204071789394897,0.97659105,0.8985749778151513,1.0639148006836572,1/4,0/4
v2,quality,q,3MAX,3,60,0.2506168801529364,-0.5826742816853313,1.1408369315509654,0.9975003301406024,0.9504619239245353,1.0431633867773968,1.0119017,0.9406398836771648,1.0823095938066642,2/4,3/4
v2,quality,q,3MAX,4,60,1.722258288336085,0.4854495302527157,2.9964346714759205,1.0294446949378373,0.9701432227484359,1.0928165177255675,0.9920383,0.9114337193469206,1.0796987139930327,3/4,4/4
v2,quality,q,3MAX,5,60,3.8907531555202293,1.1783930030339167,6.851528943104458,1.1377731266273161,1.0092418421602782,1.2586104854694629,1.1294676,0.9794821131229401,1.275618196812769,4/4,4/4
v2,quality,q,DU,1,58,-7.308512205662413,-13.430337893092517,-0.8408903619407183,1.006264020283414,0.8404040496230579,1.198792331509707,1.006264,0.8276883245188872,1.191493431364732,1/4,0/4
v2,quality,q,DU,2,58,-3.256876565300933,-8.911337603915666,1.974085548984691,0.8478996602262799,0.7222155423483914,0.9743528514222994,0.8478997,0.725850908851235,0.9779329659947162,1/4,2/4
v2,quality,q,DU,3,58,-0.09892277523290992,-5.0298669796049005,4.858010045428543,0.9042904635137553,0.7862813203470748,1.02214521527598,0.9042905,0.7892352286983153,1.0188537028369269,2/4,2/4
v2,quality,q,DU,4,58,4.843949246743549,-0.8234983039952657,10.307797169520802,1.0484951748528883,0.9144558000208601,1.177240136119037,1.0484952,0.9174404715671574,1.173394776752885,3/4,4/4
v2,quality,q,DU,5,58,5.817921532248487,-0.6184248273691112,12.201423972431629,1.19288332418027,1.0260871042261352,1.365040765464368,1.1928834,1.035205109308249,1.3610612508744515,3/4,3/4
v2,quality,q,SE,1,122,-4.062033337173307,-5.65768604136466,-2.4715016270230254,0.9041526184954761,0.8276764507657287,0.9845214174560923,0.96887505,0.857518103407299,1.0839676542543486,1/4,0/4
v2,quality,q,SE,2,122,-1.2753442688683014,-2.204945850818162,-0.29075411542796853,0.9845541565386834,0.9349970526198766,1.0305732240008167,0.9827692,0.9132531628379079,1.056709774424795,1/4,0/4
v2,quality,q,SE,3,122,0.4139317978817799,-0.21238111663944756,0.9919177580625237,0.9832302147811339,0.9542637773161753,1.013606891055602,0.91963863,0.8633602405608188,0.9803447919913003,3/4,3/4
v2,quality,q,SE,4,122,1.5029245764612436,0.6509458150276962,2.4000851197533706,1.0107177301688428,0.9658962865263007,1.0572664587542249,0.96483624,0.8949043397593205,1.0345714955972354,2/4,4/4
v2,quality,q,SE,5,122,3.4223536298949555,1.5502184008184383,5.311251813474227,1.1173666626547796,1.0336307775254754,1.2072528443845396,1.163732,1.0452625949180028,1.2882049026822702,4/4,4/4
v2,quality,rq,20MAX,1,131,-4.120366221221935,-5.685167894782218,-2.636796979325557,0.9008753580661585,0.8360330419744253,0.9639694396550488,0.9160952,0.8397359768341061,0.9990090480116942,1/4,1/4
v2,quality,rq,20MAX,2,131,-1.8388688075911168,-2.696669367659853,-1.0214492332692926,0.9442703982356591,0.9082394384173652,0.9761438612327753,0.95099866,0.8995424069293583,1.002303825500812,0/4,0/4
v2,quality,rq,20MAX,3,131,0.5586156569019333,0.024895809602158654,1.0773391728890616,0.9929737665654018,0.9711283445270045,1.0132660545047099,0.9897311,0.9534923880041101,1.0263992142358809,2/4,4/4
v2,quality,rq,20MAX,4,131,2.1599674106410895,1.335407133952278,3.0346244141446483,1.057584393017945,1.021952500800495,1.092785512600763,1.0523959,1.0030419528939343,1.100960416955347,3/4,4/4
v2,quality,rq,20MAX,5,131,3.241218087677603,1.565470955028457,4.947511508001548,1.1043020497768194,1.0310830902436212,1.178810094839827,1.0908045,1.0015175628980608,1.1803935409445343,3/4,3/4
v2,quality,rq,3MAX,1,60,-3.7516065165302046,-5.8774253335011455,-1.4293873326208868,0.8937842423192273,0.7946964812908004,0.990793028591089,0.9127137,0.7905382515241702,1.0347819208726288,1/4,1/4
v2,quality,rq,3MAX,2,60,-1.5073375889278322,-2.758305470185313,-0.20801535752153588,0.944372591801853,0.8856325094800622,1.0016037100734594,0.94449127,0.8554738364368677,1.0365412332117556,1/4,0/4
v2,quality,rq,3MAX,3,60,0.6918069596252828,-0.14841748036210695,1.5853215232400457,1.008180804770306,0.9619104136804377,1.0554855935821184,1.0313523,0.9648813777665297,1.1013100630541643,3/4,4/4
v2,quality,rq,3MAX,4,60,1.7451386145000514,0.6030468383080675,2.9524947246894957,1.0323899564515417,0.9739631097071942,1.0893735720250062,0.9977101,0.9212506734083096,1.077836580077807,3/4,3/4
v2,quality,rq,3MAX,5,60,2.820750410723754,0.257626472907621,5.462091239531237,1.121152430102267,0.9937072865546199,1.2450764092085278,1.1135479,0.967666840441525,1.2618054920186599,2/4,4/4
v2,quality,rq,DU,1,20,-2.1242204216839387,-9.742357933314402,5.66063074783966,0.9625973134733572,0.814037567406371,1.1176978786622052,0.96259737,0.8174747239053249,1.1197600069642066,1/4,2/4
v2,quality,rq,DU,2,20,3.8050270098840477,-4.80955257999323,12.833447206900281,1.1321422883584684,0.9110869150083714,1.3522486812241805,1.1321423,0.9151704226434231,1.3385880207270384,2/4,2/4
v2,quality,rq,DU,3,20,3.049498435947696,-6.241535297918665,12.42899149457436,1.0520476211763956,0.8383877804304632,1.2642448998964342,1.0520476,0.8375184991955757,1.2634975787997245,3/4,3/4
v2,quality,rq,DU,4,20,-4.656637733930312,-13.997113029258962,4.222061432985633,0.8560642140925181,0.6516938926637735,1.0657459628796773,0.8560643,0.6595823063142597,1.0662075578048824,1/4,1/4
v2,quality,rq,DU,5,20,-0.07410777878973773,-9.442666034653804,10.04198720393687,0.9971027617290146,0.7680497662320469,1.2357659178430214,0.9971029,0.771206050813198,1.2366050908714534,2/4,2/4
v2,quality,rq,SE,1,122,-3.579080726428292,-5.062712308006952,-2.055204927125716,0.9141864482041779,0.8306365909519221,0.9974391528112803,0.9697518,0.8510002406161339,1.095390474671101,1/4,1/4
v2,quality,rq,SE,2,122,-0.9717387304455728,-1.8146626684242084,-0.13399548603693795,0.9770576268675989,0.9347964978176201,1.0207857361051889,0.99038434,0.9189419032425666,1.0668519776253427,1/4,0/4
v2,quality,rq,SE,3,122,0.7003978931328183,0.10658620455567286,1.283992722444661,0.9980090325905863,0.9637988528318693,1.0332741242931025,0.9351021,0.8801321678901793,0.9970507474829916,3/4,4/4
v2,quality,rq,SE,4,122,1.3316704502468313,0.5330810724740547,2.129310119217647,1.002883164790175,0.9594348340367953,1.0465644292523903,0.9726179,0.9080012627923097,1.0387297796054942,3/4,3/4
v2,quality,rq,SE,5,122,2.5209978202806442,0.7269121101098538,4.256217587083715,1.1079334654043187,1.019629872238138,1.1910017145366314,1.132106,1.0161487311246942,1.2551324871506115,4/4,4/4
v2_f0,all,dup_b,20MAX,1 (unique),137,-0.9414392149818015,-1.0737307127721927,-0.804072675741703,0.9636459069423728,0.9571959407360838,0.97048433614142,0.9837105,0.9764036112458166,0.9910092096259123,0/4,0/4
v2_f0,all,dup_b,20MAX,2-5,137,3.771189484157759,3.123411305742898,4.460140757337738,1.1637592315845235,1.1262900137436271,1.201649066770706,1.1275108,1.0702779921193193,1.1892842945935083,4/4,4/4
v2_f0,all,dup_b,20MAX,21+,127,21.01600319105909,17.70140508560727,24.294461985380604,1.8366079677035039,1.6702557417040098,2.0021980821180554,1.4732785,1.3359814229384652,1.6209476203371689,4/4,4/4
v2_f0,all,dup_b,20MAX,6-20,136,5.801573954378801,4.323007910198148,7.218598885133429,1.1939620907622999,1.1355074454555674,1.2522385515297387,1.0354156,0.9669055475689033,1.1110001971178194,3/4,4/4
v2_f0,all,dup_b,3MAX,1 (unique),65,-0.7786941711485129,-0.9675662306450917,-0.5930585952503044,0.9713097221936899,0.9620049103636283,0.9801623287939085,0.9836473,0.9746700128683677,0.9932256567478179,0/4,0/4
v2_f0,all,dup_b,3MAX,2-5,65,6.86167576088926,5.419791019780708,8.373313587072483,1.259129985410397,1.1820443038616333,1.3383628506857304,1.1353028,1.036259192113693,1.2474191341950343,4/4,4/4
v2_f0,all,dup_b,3MAX,21+,49,26.546894421493484,18.17073077540288,34.75159107743055,1.8132300440347222,1.4674698211618737,2.1810629709252023,1.4865508,1.1990792870521545,1.784247087337533,4/4,4/4
v2_f0,all,dup_b,3MAX,6-20,57,14.722470782244825,10.613518045131922,18.97065314470252,1.5898024812814906,1.3246106239672528,1.8849312625281427,1.3215494,1.1034967792138717,1.5712631535896082,4/4,4/4
v2_f0,all,dup_b,DU,1 (unique),64,-17.39292248898602,-20.681405115253717,-13.813480498015682,0.6796446525710481,0.6043908466484539,0.7571639581221471,0.6796447,0.607097099116072,0.7533349668956362,0/4,0/4
v2_f0,all,dup_b,DU,2-5,64,-10.170495877745402,-13.05908354290209,-7.306949831760045,0.846153609423084,0.7784738087873769,0.9083276128588781,0.8461536,0.7791844081599265,0.9150573428720236,0/4,0/4
v2_f0,all,dup_b,DU,21+,64,4.689780364775718,3.575303853303791,5.951314520132989,1.0901698446167178,1.0646068149614445,1.121637948960679,1.0901699,1.0649740593042225,1.1207328566350043,4/4,4/4
v2_f0,all,dup_b,DU,6-20,64,-8.290587026953482,-11.225748746400997,-5.3024638827189285,0.8880878551018242,0.8211555424529516,0.9555246675317458,0.88808787,0.8194054765161127,0.952038387558423,0/4,0/4
v2_f0,all,dup_b,SE,1 (unique),138,-0.6629119989608803,-0.7785400764949413,-0.5519759022709544,0.9727503266595783,0.9671310047026647,0.9781616178346109,0.9863843,0.981278443487658,0.9913324439223262,0/4,0/4
v2_f0,all,dup_b,SE,2-5,130,12.502813792279587,10.524766730135669,14.545822955884805,1.5312975162518254,1.4129766498957097,1.6531987693476557,1.2446247,1.135214321515881,1.3622303688468842,4/4,4/4
v2_f0,all,dup_b,SE,21+,69,27.260724768555512,20.01837372852686,34.753417565693944,1.8886940092546045,1.5686316730479386,2.225037160394773,1.5172048,1.252817129354546,1.7952111801915411,4/4,4/4
v2_f0,all,dup_b,SE,6-20,98,19.468332913450148,15.943295465083054,23.146898909309222,1.9404294838869378,1.6823314584372973,2.2390007143906505,1.5478427,1.3104360245909465,1.8026382157084893,4/4,4/4
v2_f0,all,q,20MAX,1,137,-5.33227445862366,-6.384799779298534,-4.311506830639065,0.7887463015121017,0.7337030195088795,0.8412853208744749,0.80510426,0.7365862676153218,0.8764218761918754,0/4,0/4
v2_f0,all,q,20MAX,2,137,-2.2197337579662335,-2.879821191981381,-1.549476582020774,0.9096559273830702,0.8782305546722474,0.9421004677266006,0.90610844,0.8655606956812587,0.9464471381076061,0/4,0/4
v2_f0,all,q,20MAX,3,137,-0.07393058467830305,-0.5596793377896044,0.3765157993990629,0.9835799168537442,0.9603129120258902,1.0064620099141166,0.975986,0.9401819110786828,1.0131977373231065,1/4,2/4
v2_f0,all,q,20MAX,4,137,2.2596010816028502,1.7888115004266387,2.741490382645116,1.0938782993734713,1.0705615318603892,1.1182653722936096,1.0980817,1.0616535748878535,1.1323939633848024,4/4,4/4
v2_f0,all,q,20MAX,5,137,5.366573479747407,3.753434562930038,6.955192782435505,1.2241384677947944,1.1427573122817203,1.3062605146804571,1.2147222,1.1202118181943024,1.3137109034035328,4/4,4/4
v2_f0,all,q,3MAX,1,65,-4.675609334151051,-6.352097720715765,-2.9178739552270248,0.8135704203655234,0.7270712021421832,0.9040073655143496,0.85132164,0.734922535522626,0.9729331471828314,1/4,0/4
v2_f0,all,q,3MAX,2,65,-1.9020297129511807,-2.8888489601962966,-0.9267251647632669,0.9164367292668328,0.8618797483688696,0.9698731160487907,0.91379464,0.8354202681779862,0.9929270399763033,0/4,0/4
v2_f0,all,q,3MAX,3,65,-0.08371396518900265,-0.7970432558384243,0.6495595466698341,0.9803590956443087,0.9394114486291778,1.0218918778407189,0.96090716,0.8979253129546458,1.0241000124582877,1/4,2/4
v2_f0,all,q,3MAX,4,65,2.041574929896977,1.1936630177202683,2.900216002690314,1.0739293219593515,1.0243940392458613,1.1250774371016798,1.0773797,1.00380310271795,1.1519588715755023,3/4,4/4
v2_f0,all,q,3MAX,5,65,4.620738407820369,2.398923454827812,7.050223918718635,1.2157300712097645,1.0922835101951074,1.346671637173081,1.1965655,1.04538221765023,1.3587701117075408,4/4,4/4
v2_f0,all,q,DU,1,64,-13.536830133269607,-17.630184467051592,-9.354942359252334,0.7494508721262705,0.6606007915511333,0.838705353103837,0.7494509,0.6588196659082314,0.841446138775791,0/4,0/4
v2_f0,all,q,DU,2,64,-1.428917756708449,-5.230312157473528,2.334390409844956,1.0138289869141879,0.936176851396202,1.097118638457211,1.013829,0.9355479525525879,1.0921809390863928,1/4,0/4
v2_f0,all,q,DU,3,64,1.2287389362799896,-2.641101301682806,5.413058282730008,0.9861533854720123,0.9025418001496297,1.0744905681778754,0.98615336,0.9021199133363552,1.069997197703924,2/4,3/4
v2_f0,all,q,DU,4,64,6.059936252874262,0.6142461445408802,11.16980773240747,1.027506011103293,0.9113313944281032,1.1493465749829173,1.0275061,0.9143999235937372,1.1482891919324174,2/4,4/4
v2_f0,all,q,DU,5,64,7.678890700214498,2.870994634960654,13.0206527526425,1.2230557763491998,1.1104919216417186,1.3382223016575776,1.2230558,1.1105217108037322,1.338829396793153,3/4,3/4
v2_f0,all,q,SE,1,138,-4.367550436417583,-5.417551642653026,-3.338511521238785,0.8222416053054556,0.761108794838167,0.8869467735326843,0.8836111,0.7958489246423477,0.9762054498239919,1/4,0/4
v2_f0,all,q,SE,2,138,-1.9675536916258791,-2.666170239886769,-1.3090888017006401,0.9360464630126553,0.8956554137335226,0.9778236698084275,0.96576744,0.8979190123685892,1.0359162992109423,0/4,0/4
v2_f0,all,q,SE,3,138,-0.09828395241560152,-0.5544170918507684,0.4107559935712123,0.9805534889907566,0.9477715798694052,1.0120692925702424,0.91659105,0.8644270320841368,0.9700868710335614,1/4,2/4
v2_f0,all,q,SE,4,138,1.816385685058682,1.2365236626189928,2.3824671908126387,1.0649156303183749,1.0304033718880747,1.097738748103536,1.029558,0.972085179971612,1.0890873858786145,3/4,4/4
v2_f0,all,q,SE,5,138,4.616765439056581,3.178390612391185,6.2001965743607865,1.1962435123914403,1.1099106343179495,1.2795105731987424,1.2044437,1.092622901369696,1.3168659916120595,4/4,4/4
v2_f0,all,rq,20MAX,1,131,-2.695957936398089,-3.805526316966818,-1.5796389104069009,0.902566698555918,0.84635379382293,0.9583822957327394,0.91966975,0.8443578096120867,0.9925119101944315,1/4,1/4
v2_f0,all,rq,20MAX,2,131,-1.4736433431380838,-2.0797616140340835,-0.8793469467977343,0.9371931950901929,0.9071761653020565,0.9669110403205858,0.9396959,0.8969002633718134,0.9811019750269314,0/4,0/4
v2_f0,all,rq,20MAX,3,131,-0.2533145912761167,-0.7109831607996886,0.19731357237730707,0.976329626086697,0.9536577360068433,0.9994857494287881,0.9715991,0.9378706025258275,1.008950488462703,1/4,2/4
v2_f0,all,rq,20MAX,4,131,1.6656309106981406,1.107868880687582,2.2460371758926976,1.0701844316443634,1.0418999040837542,1.099834808256608,1.0651797,1.0274178376179615,1.1036581930768399,4/4,4/4
v2_f0,all,rq,20MAX,5,131,2.7573420929934946,1.335427569507872,4.20585283345832,1.1137189748959784,1.0411413316121891,1.1860176203343729,1.1038561,1.0181334643987299,1.195917091694952,3/4,3/4
v2_f0,all,rq,3MAX,1,60,-2.4411799551734688,-4.19855073840581,-0.6004651917957511,0.9189524311530762,0.8259596938556665,1.015602631763413,0.9610786,0.8308849002793431,1.0899752330159147,1/4,1/4
v2_f0,all,rq,3MAX,2,60,-1.3163047434281119,-2.249539719232386,-0.41171290234369806,0.9319574193516561,0.8819131972528333,0.9852048377664743,0.9317553,0.855195566068093,1.0127082265168428,1/4,1/4
v2_f0,all,rq,3MAX,3,60,-0.05395028431208336,-0.8059343325235039,0.642787546598436,0.9865684196564458,0.9421812542162533,1.0290957956658626,0.9760839,0.9060247323910395,1.0473733949909607,1/4,2/4
v2_f0,all,rq,3MAX,4,60,1.6003582129411889,0.6573235725088975,2.543133344905043,1.045610484667531,0.992101484800802,1.099868644576114,1.0261072,0.9489166175325712,1.1046751760443052,3/4,4/4
v2_f0,all,rq,3MAX,5,60,2.2116199776045775,0.036786157585349324,4.336813348043342,1.1169337150660006,0.9954070836944263,1.2462686007310257,1.1050061,0.9545584396397073,1.256885480582714,2/4,2/4
v2_f0,all,rq,DU,1,58,-8.826940524895631,-13.110767436192026,-4.498751846521677,0.8599162441683686,0.7575927934617666,0.9599546561334462,0.85991627,0.7623124248123374,0.9583044690947081,0/4,0/4
v2_f0,all,rq,DU,2,58,-4.386294342859268,-8.714419115880123,-0.20025168961411333,0.9272608002056515,0.8331409700861038,1.0191364030319674,0.9272609,0.8365540707323315,1.0209360452818461,1/4,1/4
v2_f0,all,rq,DU,3,58,2.037664486498873,-1.5917191031717595,6.140602446177329,0.9779592293274235,0.9029489417988157,1.0528057272527973,0.9779592,0.9010088333802836,1.0543443413305795,2/4,4/4
v2_f0,all,rq,DU,4,58,9.008084305988822,4.026245640201511,14.1506227167657,1.1273162780253307,1.0089323616334072,1.254778421611754,1.1273164,1.0060675902260017,1.254209303377389,3/4,4/4
v2_f0,all,rq,DU,5,58,2.168558876166563,-2.419320289053918,6.55477590328092,1.107519019706094,1.0034132940707952,1.2101028731589099,1.107519,0.9972782000546054,1.2163284015713325,3/4,2/4
v2_f0,all,rq,SE,1,127,-2.2174985515051917,-3.363295916586956,-1.0317802421521909,0.9178665954223186,0.8491523093909544,0.9896238446965877,0.9633187,0.8653761618103333,1.069936486993601,1/4,1/4
v2_f0,all,rq,SE,2,127,-1.1376536168821545,-1.759624690233596,-0.4816360328590351,0.9571998261659191,0.9211434731729476,0.9925345064050761,1.0035325,0.9346262981924485,1.0723976347918116,0/4,0/4
v2_f0,all,rq,SE,3,127,0.0952435739760019,-0.4208157488534076,0.5910356269683573,0.9997285313257486,0.9663267908765352,1.034904413748374,0.9361536,0.8811735833899712,0.995125898132174,3/4,3/4
v2_f0,all,rq,SE,4,127,1.0146725506678373,0.3837361008768482,1.6502925668127209,1.025554258509145,0.9886856969555385,1.0651088338975094,0.9737163,0.9117669588585539,1.0374639481423409,3/4,3/4
v2_f0,all,rq,SE,5,127,2.244651541807911,0.7788812528429631,3.6355490374318746,1.0996170979992115,1.0193925502682615,1.1772174225913985,1.1232516,1.0209579319641817,1.2323421799291776,2/4,4/4
v2_f0,quality,dup_b,20MAX,1 (unique),131,-1.51810244392766,-1.7742668662206367,-1.2557914888378392,0.9611654996497404,0.9512593158053599,0.9711867580962995,0.98814845,0.9771233509515078,0.9992625616888963,0/4,0/4
v2_f0,quality,dup_b,20MAX,2-5,131,3.957583914384486,3.205788122126751,4.682269990382631,1.1164677912905245,1.0793212310073765,1.1537573720556733,1.0747313,1.009879915495865,1.1566769018883014,4/4,4/4
v2_f0,quality,dup_b,20MAX,21+,118,17.83511682627378,14.920982897024079,20.92381740722132,1.4824825483973991,1.3585137095417603,1.6105597033002643,1.1980541,1.0869313201219852,1.3105610049250773,4/4,4/4
v2_f0,quality,dup_b,20MAX,6-20,127,5.773636011457939,4.209040854288913,7.385252000885912,1.1317177031835568,1.074023210930319,1.1901355303633376,1.008727,0.9366922754530362,1.082473060952162,4/4,4/4
v2_f0,quality,dup_b,3MAX,1 (unique),60,-1.2188666488672042,-1.5932814627656644,-0.8762722104695421,0.9684798748860781,0.9540404550504344,0.9824021008905419,0.9820155,0.9658258727192879,0.9972246574362119,0/4,0/4
v2_f0,quality,dup_b,3MAX,2-5,59,5.503348343937651,3.8387040844554656,7.107808351961635,1.1629258562371172,1.0893870048183112,1.2386526860123128,1.1063732,0.9868179984769578,1.2326768668778874,4/4,4/4
v2_f0,quality,dup_b,3MAX,21+,42,25.034239713782156,15.849849777276185,33.51113961654037,1.4967364025975352,1.1918654833866527,1.8193501322831662,1.2496852,1.0152417626054513,1.4983053329445066,3/4,4/4
v2_f0,quality,dup_b,3MAX,6-20,53,11.20295669160256,6.746262482962004,15.644397715085862,1.3514787475899173,1.1166069429206282,1.615957601059379,1.150295,0.9533084592729245,1.368207073419021,3/4,4/4
v2_f0,quality,dup_b,DU,1 (unique),55,-10.523326884340097,-14.93379611224337,-5.630568886446859,1.012541048609895,0.8591232159211419,1.1844123018627144,1.012541,0.8618655077571219,1.186301198899746,1/4,0/4
v2_f0,quality,dup_b,DU,2-5,51,-5.0919719275375,-9.693391023775991,-0.2455956082868731,1.033208043270252,0.9280172300029196,1.1445087910260074,1.033208,0.9294167405542205,1.1466378183341495,3/4,0/4
v2_f0,quality,dup_b,DU,21+,58,0.5006023392538312,-0.3140469237663731,1.2267154703630159,0.9970557015833232,0.9811984893600435,1.011031356787198,0.9970557,0.980451900434905,1.011693279856238,1/4,3/4
v2_f0,quality,dup_b,DU,6-20,52,-3.514974582676804,-9.21927391130954,2.388265236829526,1.1022382351009532,0.9366973132530771,1.2722915007250462,1.1022382,0.9414673640894202,1.27981299019347,3/4,1/4
v2_f0,quality,dup_b,SE,1 (unique),122,-1.1329423942041064,-1.3808814255806143,-0.8959916760740629,0.9698035348488409,0.9608786206023768,0.9784794297690064,0.9884684,0.9802234926428951,0.9966342385919367,0/4,0/4
v2_f0,quality,dup_b,SE,2-5,119,9.687713482612,7.707190823649146,11.662398981796843,1.302129255667758,1.201421810531502,1.4130438817743012,1.1222037,1.006897011890757,1.2379439129877616,4/4,4/4
v2_f0,quality,dup_b,SE,21+,61,21.912320492792137,15.07494972486728,29.106261911364545,1.3436706724719345,1.121373526051661,1.5749163768556766,1.0804919,0.8995558116523946,1.2663098399756385,4/4,4/4
v2_f0,quality,dup_b,SE,6-20,83,14.828551423035531,11.288361021832173,18.427691824255792,1.4677661347522362,1.2731491511429145,1.6810886195834174,1.1928542,1.0288213596017246,1.3637014460043015,4/4,4/4
v2_f0,quality,q,20MAX,1,131,-4.805327169980898,-6.377912462466269,-3.3855118582191057,0.887242301248795,0.8256448560690643,0.947528923940016,0.9084291,0.8301037302852131,0.9938822601644592,1/4,0/4
v2_f0,quality,q,20MAX,2,131,-1.9651171465639523,-2.8275519610165842,-1.103652520929661,0.9383376336132199,0.9035437505857146,0.9737958265870601,0.94997203,0.8992332383307792,1.0012317225337029,0/4,0/4
v2_f0,quality,q,20MAX,3,131,0.39208675384232705,-0.10571817833623935,0.8885957134649455,0.9977116123581543,0.9760524819983143,1.020042755446032,0.996965,0.9582559245119567,1.0359014470727388,3/4,3/4
v2_f0,quality,q,20MAX,4,131,2.352723176040137,1.5183467599897658,3.19898141845437,1.0606161797335825,1.0262966771184034,1.0957219929408129,1.0578943,1.006796020246644,1.1087448899527543,3/4,4/4
v2_f0,quality,q,20MAX,5,131,4.026163732732435,2.2814101665404825,5.825515712192671,1.1160652228188483,1.0446919205214746,1.1890299647331446,1.0867295,0.9981923436845532,1.1786254128370122,3/4,4/4
v2_f0,quality,q,3MAX,1,60,-4.242474444510658,-6.542481769976056,-1.8801664985120718,0.8776311912126572,0.7803433817873943,0.9780268638790921,0.8897684,0.77177748888731,1.0085263586789368,1/4,0/4
v2_f0,quality,q,3MAX,2,60,-1.6140268141372962,-2.9680427298147096,-0.1913922073461257,0.9576876895734915,0.8978975530494808,1.0219632374347731,0.9768003,0.8977225913107395,1.0625994172940652,1/4,0/4
v2_f0,quality,q,3MAX,3,60,0.23979946209892625,-0.6153116994311936,1.111417253130497,0.9975546182925444,0.9532798150979412,1.046030944625802,1.011959,0.9416451453914245,1.0839907034983236,2/4,3/4
v2_f0,quality,q,3MAX,4,60,1.7243627987205377,0.46454885604938034,3.013781549464821,1.0293797840701395,0.9719636113421294,1.0945616377902883,0.99198437,0.9038904091219107,1.0815248107910156,3/4,4/4
v2_f0,quality,q,3MAX,5,60,3.8919410861450805,1.1465642955302797,6.738985968877036,1.1377053279922824,1.0139144054679587,1.2632233372348634,1.1294087,0.9823511146133144,1.2816493752722937,4/4,4/4
v2_f0,quality,q,DU,1,58,-7.298340496718472,-13.805457894500595,-1.1735316233141502,1.0064493105596595,0.8417419385156758,1.1999048951219764,1.0064492,0.8307127650628461,1.1982075842496827,1/4,0/4
v2_f0,quality,q,DU,2,58,-3.3254505900236553,-8.688288085616387,1.8349591750980512,0.8466245421337317,0.7199499399622525,0.976213680912844,0.84662455,0.7245811169136092,0.9777395839064286,1/4,1/4
v2_f0,quality,q,DU,3,58,-0.03153562057999419,-5.152399143177539,5.093533321861395,0.9055353202462486,0.7928941545702961,1.0208351558678583,0.90553534,0.7866827124119576,1.0258067966936606,2/4,2/4
v2_f0,quality,q,DU,4,58,4.838774051887789,-0.9340034002606991,10.773354996739366,1.0484112451375596,0.9186862554449788,1.1758190047567518,1.0484113,0.911485711885576,1.1823225965139312,3/4,4/4
v2_f0,quality,q,DU,5,58,5.814112685567263,-0.6025934331699642,12.146508505577037,1.19281224845312,1.0226516424930874,1.367306844510499,1.1928123,1.0233675009474672,1.3641883203759788,3/4,3/4
v2_f0,quality,q,SE,1,122,-4.058648571825971,-5.547495449112264,-2.491489717801872,0.9043354247335869,0.8294236414575042,0.982135687040693,0.96901673,0.8605706004517488,1.088022974420522,1/4,0/4
v2_f0,quality,q,SE,2,122,-1.2727251418891985,-2.2232464173425854,-0.29418926336741713,0.9844755137926369,0.9365436332309883,1.029834511253951,0.9827272,0.909087566567249,1.054980740170987,1/4,0/4
v2_f0,quality,q,SE,3,122,0.4191536728345012,-0.1856777054597811,1.007602584798831,0.9831798581512109,0.9534403504403927,1.01270784007415,0.91961443,0.8635330126666632,0.980250389409847,3/4,3/4
v2_f0,quality,q,SE,4,122,1.4965234689375237,0.6435404623725363,2.361430405713493,1.0109789616742357,0.9657834065424012,1.0577875349916257,0.96496874,0.8940268670071344,1.037305006476455,2/4,4/4
v2_f0,quality,q,SE,5,122,3.417513649902326,1.6978422714830426,5.247711838372694,1.1170519286344869,1.0325146870320754,1.2133202450175242,1.163524,1.041101851424233,1.2854833779368,4/4,4/4
v2_f0,quality,rq,20MAX,1,131,-4.1071219344998475,-5.546277167862965,-2.644051397994341,0.9012734229080921,0.8370156772680023,0.9645174510139933,0.91641784,0.8392461256330249,0.9976250042385273,1/4,1/4
v2_f0,quality,rq,20MAX,2,131,-1.8416801783820325,-2.7033738701264993,-0.9931463201848671,0.9441085345545851,0.9097255868824838,0.9782842140703245,0.95085037,0.9016487979365669,0.999955165044952,0/4,0/4
v2_f0,quality,rq,20MAX,3,131,0.5580455629012936,0.02381636627327297,1.0895048839575068,0.9929892874904523,0.9727099087636734,1.0135544570137625,0.9897562,0.9539911928636428,1.0257616367731386,2/4,4/4
v2_f0,quality,rq,20MAX,4,131,2.1553388447739903,1.2971518920299578,3.013441174549572,1.0575214448007042,1.0222127419315556,1.0911479349582531,1.0523416,1.0046353641243382,1.1004231792028623,3/4,4/4
v2_f0,quality,rq,20MAX,5,131,3.2359839029812916,1.543776121607812,5.127378337518985,1.104113269623523,1.0302528999398526,1.1795004612042999,1.0906591,1.0011433013124775,1.1798731925947066,3/4,3/4
v2_f0,quality,rq,3MAX,1,60,-3.754996301376228,-6.078422318914529,-1.3161243638693778,0.8932334660937086,0.7954616791786028,0.9935986332427471,0.9121083,0.7923985728248953,1.0486184389640887,1/4,1/4
v2_f0,quality,rq,3MAX,2,60,-1.4861363738634865,-2.7607086333738806,-0.21933558270191697,0.9455852174871016,0.8856318451463374,1.0015455831300613,0.94560057,0.8599690016855795,1.040280669455727,1/4,0/4
v2_f0,quality,rq,3MAX,3,60,0.6797238408915212,-0.15009468827044456,1.550315114470684,1.0072553050217055,0.9609571083383068,1.0562078714599656,1.0304209,0.9661334798236688,1.0999689989288648,3/4,4/4
v2_f0,quality,rq,3MAX,4,60,1.7605280002702464,0.5707108273356837,2.8973347848007287,1.033678431674218,0.9766011117474366,1.0912810154698822,0.998966,0.9195407733569543,1.0820582296947638,3/4,3/4
v2_f0,quality,rq,3MAX,5,60,2.7996998985562107,0.04778799152238248,5.578803975095798,1.1201315102425873,0.9936699359512079,1.2418646827449251,1.1127235,0.9746711707611878,1.261062179096043,2/4,4/4
v2_f0,quality,rq,DU,1,20,-2.0874015704320974,-9.905820912660403,5.66654739428124,0.963284378835809,0.8216427031768515,1.1201228245460957,0.9632844,0.8043723213672638,1.1178666961193084,1/4,2/4
v2_f0,quality,rq,DU,2,20,3.801345124758864,-4.639245045783941,12.13364586207602,1.1320735818222234,0.9227899903893584,1.3502381777269536,1.1320736,0.9213213427364827,1.3535409591346979,2/4,2/4
v2_f0,quality,rq,DU,3,20,3.023725240071406,-6.461866472236082,12.340106468509628,1.0515666754226796,0.8344553114744293,1.2655852760176254,1.0515668,0.8353221131861209,1.2586726215481758,3/4,3/4
v2_f0,quality,rq,DU,4,20,-4.652955848805126,-13.513500940063933,4.218527654707632,0.8561329206287633,0.663219852421978,1.0622115840761912,0.856133,0.654770911661908,1.0565164681151509,1/4,1/4
v2_f0,quality,rq,DU,5,20,-0.08515343416529024,-9.725266860370501,9.205586817163878,0.996896642120279,0.7683115125124813,1.2422359398655771,0.99689674,0.7625649970583618,1.232352152634412,2/4,2/4
v2_f0,quality,rq,SE,1,122,-3.5737332675218725,-5.103139941753816,-2.0764146890097943,0.9143670731689965,0.8403953590868605,0.9939800868006489,0.9698917,0.854572533519908,1.0893236709911316,1/4,1/4
v2_f0,quality,rq,SE,2,122,-0.9795542857237909,-1.8194143274377574,-0.11431835464888278,0.9767615074991453,0.9352974078584089,1.019735968441216,0.99013805,0.9214930421321607,1.0671610544328807,1/4,0/4
v2_f0,quality,rq,SE,3,122,0.7040152224237364,0.0878210631044564,1.3116649698802538,0.998073606284992,0.964597818147688,1.0324099888477938,0.9351804,0.878581468706004,0.9959732247485977,3/4,4/4
v2_f0,quality,rq,SE,4,122,1.3229243400311603,0.5598675819815868,2.147321935934337,1.0025322471010523,0.960042035612916,1.0445557222242405,0.9722973,0.907261261160745,1.0423307080127178,2/4,3/4
v2_f0,quality,rq,SE,5,122,2.528591522841692,0.7382047010218397,4.316765121874298,1.1083347354849633,1.0259755339687677,1.1942293178191798,1.132454,1.0232866463999524,1.249130626728178,4/4,4/4
v2_f2,all,dup_b,20MAX,1 (unique),137,-0.9414392149818015,-1.0804856643978888,-0.8008261026727596,0.9636459069423728,0.9569262973327668,0.9700261912983738,0.9837105,0.9764035048493505,0.9908853181087188,0/4,0/4
v2_f2,all,dup_b,20MAX,2-5,137,3.771189484157759,3.0989146158117915,4.473206461770532,1.1637592315845235,1.126587702096501,1.2011726207361524,1.1275108,1.0676939821917646,1.1895256055532581,4/4,4/4
v2_f2,all,dup_b,20MAX,21+,127,21.01600319105909,17.619905801669987,24.151730728292684,1.8366079677035039,1.6779630826410075,2.0072705467075713,1.4732785,1.3324297555025637,1.623641279345657,4/4,4/4
v2_f2,all,dup_b,20MAX,6-20,136,5.801573954378801,4.41332151608953,7.169992815563338,1.1939620907622999,1.1373869532135346,1.2527830005331078,1.0354156,0.9670228995930623,1.109716707413249,3/4,4/4
v2_f2,all,dup_b,3MAX,1 (unique),65,-0.7786941711485129,-0.9573781842484236,-0.5915666854710463,0.9713097221936899,0.9622188149379439,0.9797184064304705,0.9836473,0.9743852534660926,0.9930095072892996,0/4,0/4
v2_f2,all,dup_b,3MAX,2-5,65,6.86167576088926,5.461136756704645,8.302338001770599,1.259129985410397,1.178771858156189,1.341889822774682,1.1353028,1.0322844868210646,1.2468934596731114,4/4,4/4
v2_f2,all,dup_b,3MAX,21+,49,26.546894421493484,18.133877045431973,35.0921138866617,1.8132300440347222,1.466198305974039,2.1881935668316856,1.4865508,1.205189954626317,1.8136396900427583,4/4,4/4
v2_f2,all,dup_b,3MAX,6-20,57,14.722470782244825,10.911419178830492,18.870886453400676,1.5898024812814906,1.3265472090705956,1.8760487501490528,1.3215494,1.090171463604559,1.5685694078081531,4/4,4/4
v2_f2,all,dup_b,DU,1 (unique),64,-17.39292248898602,-20.574644491695313,-14.003138942036058,0.6796446525710481,0.6110009017916016,0.7543501929242614,0.6796447,0.6081536881043575,0.7520476138335652,0/4,0/4
v2_f2,all,dup_b,DU,2-5,64,-10.170495877745402,-13.086201375931658,-7.255737553448239,0.846153609423084,0.7829288262377602,0.9162866126268501,0.8461536,0.7808268630877138,0.9186736900126562,0/4,0/4
v2_f2,all,dup_b,DU,21+,64,4.689780364775718,3.5456045622153067,5.992718446533968,1.0901698446167178,1.0648899725407304,1.1188957689362578,1.0901699,1.0644528053235263,1.1204122046008707,4/4,4/4
v2_f2,all,dup_b,DU,6-20,64,-8.290587026953482,-11.311972581914384,-5.203466975043066,0.8880878551018242,0.8220035662459856,0.9567167621887542,0.88808787,0.8223942267242819,0.9536993402056396,0/4,0/4
v2_f2,all,dup_b,SE,1 (unique),138,-0.6629119989608803,-0.7784626436025219,-0.5501871738699994,0.9727503266595783,0.9673111820199221,0.9782933349451916,0.9863843,0.9810951550585636,0.9912871288000673,0/4,0/4
v2_f2,all,dup_b,SE,2-5,130,12.502813792279587,10.440959999520906,14.435015998171338,1.5312975162518254,1.4157511172978172,1.6526311018513822,1.2446247,1.1286071222246838,1.3699129688338592,4/4,4/4
v2_f2,all,dup_b,SE,21+,69,27.260724768555512,19.961327753869536,34.841211377040544,1.8886940092546045,1.5431886548502827,2.2176760937705535,1.5172048,1.2602123325393684,1.7858350125235922,4/4,4/4
v2_f2,all,dup_b,SE,6-20,98,19.468332913450148,15.836657454596997,23.198894793069368,1.9404294838869378,1.6596690177984206,2.2388057692910115,1.5478427,1.321042235066392,1.792952643131495,4/4,4/4
v2_f2,all,q,20MAX,1,137,-5.313550266722111,-6.421526163659039,-4.224554727842768,0.7895948977761836,0.7366430048950301,0.8413137171719672,0.80647224,0.7370357406617952,0.880438868516553,0/4,0/4
v2_f2,all,q,20MAX,2,137,-2.2152950704029317,-2.853831924605717,-1.5910679161392056,0.9105469513811227,0.8784036016474442,0.9424808238204092,0.905874,0.8655956740144395,0.9455989060284448,0/4,0/4
v2_f2,all,q,20MAX,3,137,-0.11118642729749781,-0.5742458033916776,0.3628154908184402,0.9805247906916673,0.9569157570099602,1.0031375374215716,0.9735986,0.9382185614239561,1.0095937796100214,0/4,2/4
v2_f2,all,q,20MAX,4,137,2.2980486544158927,1.7957294812730573,2.7918312139978263,1.0964472690358575,1.0716864010171665,1.121533873470947,1.100214,1.063726474051058,1.135634241530495,4/4,4/4
v2_f2,all,q,20MAX,5,137,5.34220688256144,3.9017465845135244,6.887225641482327,1.2228845520983194,1.1447043743049514,1.3059799800475467,1.2138431,1.1141549657078555,1.316304681716609,4/4,4/4
v2_f2,all,q,3MAX,1,65,-4.669814395433857,-6.312615929673368,-2.97231933184421,0.8152471974248424,0.7294358867420034,0.9000347655011769,0.8534945,0.7410499499508968,0.975274264376897,1/4,0/4
v2_f2,all,q,3MAX,2,65,-1.918837039060011,-2.8725244822096356,-0.968943701535168,0.9144444226141056,0.8607678030350742,0.9714004471684735,0.9075526,0.8262786346903215,0.9849615057385884,0/4,0/4
v2_f2,all,q,3MAX,3,65,-0.08990958280636965,-0.7904837839804586,0.5806371334935666,0.9820754144911275,0.9388953376444985,1.024851400658957,0.97145724,0.9121506024323978,1.0342657340031403,1/4,2/4
v2_f2,all,q,3MAX,4,65,2.0437534000578665,1.23100819784134,2.904590257387566,1.0704978635024094,1.0219768379633498,1.119977134379494,1.068523,0.9990375091250127,1.1426226594814888,3/4,4/4
v2_f2,all,q,3MAX,5,65,4.635721070484192,2.370120679749092,6.938277422294703,1.2177571872020867,1.0974461474459116,1.3432563708774063,1.1989397,1.0452664724450846,1.3620639726978083,4/4,4/4
v2_f2,all,q,DU,1,64,-13.54267709735738,-17.433028362410184,-9.422258767145115,0.7493555607725233,0.6595166842691016,0.8393064311822268,0.7493556,0.656362430396257,0.8479437407397199,0/4,0/4
v2_f2,all,q,DU,2,64,-1.46237327891772,-5.1676980150707825,2.3602248533207866,1.0129655432749884,0.9352194690683086,1.0950447881608836,1.0129656,0.9301781869398837,1.0933387249708175,1/4,0/4
v2_f2,all,q,DU,3,64,1.1779015883778734,-2.9648718371534026,5.2143467917290165,0.9849753890298765,0.9023553713172098,1.0712141182914507,0.9849754,0.9018105542403646,1.0733782714349218,1/4,3/4
v2_f2,all,q,DU,4,64,6.23463000716395,1.1066677069712485,11.685504929668818,1.0314568403450788,0.9150935755664159,1.1496963519881198,1.031457,0.9157987948972732,1.1561301101464778,2/4,4/4
v2_f2,all,q,DU,5,64,7.594350308083955,2.574635530083406,12.389407308834064,1.2212419689743041,1.1047803886396963,1.3305197969946536,1.221242,1.1104965438251384,1.334948655043263,3/4,3/4
v2_f2,all,q,SE,1,138,-4.348942554545473,-5.425616537064602,-3.2334769617083317,0.8228932832733215,0.7587717994256743,0.8876431372401333,0.8830938,0.790647237777602,0.9826479178380922,1/4,0/4
v2_f2,all,q,SE,2,138,-1.9862912908373218,-2.644348636573609,-1.3520927219924783,0.9358625188024663,0.8958726913953216,0.9763369424083159,0.9674915,0.9000342686053203,1.0379441204278363,0/4,0/4
v2_f2,all,q,SE,3,138,-0.08635430144402062,-0.6008391470875463,0.4040298304592493,0.980345590906747,0.9484003158283566,1.0126387624569175,0.9150055,0.8619751110241033,0.9676266619584699,1/4,2/4
v2_f2,all,q,SE,4,138,1.7795357908963987,1.2142090503036835,2.391814851134457,1.0631975071209299,1.0296660507136435,1.098907332208433,1.0290893,0.9705281237113302,1.0920454709102279,3/4,4/4
v2_f2,all,q,SE,5,138,4.641779471177795,3.196245177017617,6.185179739032094,1.197697935338313,1.1122469496032839,1.2846123291370863,1.2052877,1.0940672882495153,1.3147771300505038,4/4,4/4
v2_f2,all,rq,20MAX,1,131,-2.7274052020846056,-3.865936973769536,-1.5507909792191603,0.9007376993312283,0.8446672082703442,0.9579529370143501,0.91810733,0.8446478552206327,0.9963485472245526,1/4,1/4
v2_f2,all,rq,20MAX,2,131,-1.4956441641335834,-2.1049943305815972,-0.9019688728378913,0.9375894384654808,0.9086769885472967,0.9677672270659275,0.93911874,0.8967672556979965,0.9806072886663538,0/4,0/4
v2_f2,all,rq,20MAX,3,131,-0.21470190526437194,-0.6719275692855875,0.21854901865686302,0.9780489677037346,0.9554282392527111,1.0009127102103408,0.9762007,0.9405902842301449,1.01184844153983,1/4,2/4
v2_f2,all,rq,20MAX,4,131,1.648055360556475,1.1191420249328934,2.1887432337606167,1.0679013427264659,1.0397993885056873,1.0976489346900258,1.0607575,1.0206667764723756,1.101045643214051,4/4,4/4
v2_f2,all,rq,20MAX,5,131,2.7897769146617297,1.2771842536872537,4.213365494435829,1.1157167782988564,1.0452855064834636,1.1917618325291404,1.1058172,1.0205989934902155,1.1978970630478314,3/4,3/4
v2_f2,all,rq,3MAX,1,60,-2.46756124262826,-4.210930580406833,-0.7434887279507439,0.9184861580634853,0.8281023726090903,1.0127824967449142,0.96062845,0.8378006062159936,1.0938571336989602,1/4,1/4
v2_f2,all,rq,3MAX,2,60,-1.3006017848693587,-2.248527193105412,-0.4125509649559273,0.9303852749515975,0.8794855971543696,0.9810509218058991,0.9275438,0.8467785325149695,1.0102682537585497,1/4,1/4
v2_f2,all,rq,3MAX,3,60,-0.0620596178881529,-0.7809856814052185,0.6130763105690384,0.9855692952057423,0.9402847801037755,1.026938484677639,0.97629,0.907563642859459,1.04909539890786,2/4,2/4
v2_f2,all,rq,3MAX,4,60,1.5665826132497338,0.6624116715316931,2.5212238885281932,1.0463422060643,0.9933069085182946,1.101150933459247,1.0288674,0.949063489685456,1.10840821514527,3/4,4/4
v2_f2,all,rq,3MAX,5,60,2.2641538795858884,0.009388007061986215,4.3645799407332255,1.119237830077199,0.997131364287848,1.242633454756492,1.1066995,0.9634858022009333,1.2466924137746294,2/4,2/4
v2_f2,all,rq,DU,1,58,-8.787851466643643,-13.205840594375621,-4.4876866777636,0.8607442529251688,0.7629541146852629,0.9576901410473068,0.86074436,0.7671579156456323,0.9575302886294907,0/4,0/4
v2_f2,all,rq,DU,2,58,-4.494538347195146,-8.606073680144384,-0.0329098353756788,0.9249407449982402,0.8368040303438811,1.0164485934212442,0.92494076,0.8398865258449625,1.0227493143094513,1/4,1/4
v2_f2,all,rq,DU,3,58,2.204940396470823,-1.5875130625145533,6.257209731192184,0.9819592577241261,0.904115896054316,1.0556702074344269,0.9819592,0.9059231332410931,1.0601053709100032,2/4,4/4
v2_f2,all,rq,DU,4,58,9.00073007800956,3.6692732996074255,14.159063868680594,1.1268542437298077,1.002065543788331,1.2509491104169228,1.1268543,1.0081587783671144,1.2455411844501465,3/4,4/4
v2_f2,all,rq,DU,5,58,2.0777565559738385,-2.519369787627037,6.4857689206856906,1.1054722971546531,0.9993244540791878,1.214501541673188,1.1054723,0.9977168203813248,1.2119188159190375,3/4,2/4
v2_f2,all,rq,SE,1,127,-2.220358337042432,-3.3206756374385358,-1.0940564238959831,0.9157025060541465,0.84743207743913,0.9843656719020952,0.9612155,0.8593278334072725,1.0666558983787071,1/4,1/4
v2_f2,all,rq,SE,2,127,-1.1744154498682584,-1.8029097172700463,-0.53410812209392,0.9585320058803036,0.9241756536292788,0.9939304485394573,1.0063428,0.9393972723209482,1.0749435641868847,0/4,0/4
v2_f2,all,rq,SE,3,127,0.11473836072131509,-0.3837056337513198,0.6257607714037088,0.9993080009649359,0.966725576632701,1.031216858252808,0.9335417,0.8783865750070632,0.9914934664084686,3/4,3/4
v2_f2,all,rq,SE,4,127,1.0050243976751787,0.38850643357973647,1.6346596746793658,1.0233437650524786,0.9840526198708399,1.0634137695699248,0.9723017,0.9112330710207384,1.0387674757814782,3/4,3/4
v2_f2,all,rq,SE,5,127,2.274395619627295,0.8674906814738833,3.7473734283946447,1.1030693053183342,1.0218681297388303,1.1859371992991432,1.1265601,1.0208220395750887,1.2378900475389376,3/4,4/4
v2_f2,quality,dup_b,20MAX,1 (unique),131,-1.51810244392766,-1.7781251156865356,-1.2479407398848963,0.9611654996497404,0.9507009988316835,0.97049021231625,0.98814845,0.9772379226129474,0.9993789587539571,0/4,0/4
v2_f2,quality,dup_b,20MAX,2-5,131,3.957583914384486,3.205176835405715,4.693146428525985,1.1164677912905245,1.080192095873821,1.153694238113964,1.0747313,1.0087883138702116,1.1453073501359416,4/4,4/4
v2_f2,quality,dup_b,20MAX,21+,118,17.83511682627378,14.98688955601922,21.051926883588333,1.4824825483973991,1.3648651338717859,1.6134507646175023,1.1980541,1.0911542275510098,1.306474842655204,4/4,4/4
v2_f2,quality,dup_b,20MAX,6-20,127,5.773636011457939,4.184545819154338,7.327911652853319,1.1317177031835568,1.0724544818904798,1.188847655601034,1.008727,0.932650971336393,1.086858291495738,4/4,4/4
v2_f2,quality,dup_b,3MAX,1 (unique),60,-1.2188666488672042,-1.584204216320082,-0.8487620919645543,0.9684798748860781,0.9545897759269334,0.9833092867490363,0.9820155,0.9656708074609439,0.9975655145943164,0/4,0/4
v2_f2,quality,dup_b,3MAX,2-5,59,5.503348343937651,3.930178781801389,7.152515377232449,1.1629258562371172,1.0835477640588917,1.238410428707736,1.1063732,0.9966030787865994,1.2347049927054825,4/4,4/4
v2_f2,quality,dup_b,3MAX,21+,42,25.034239713782156,16.50591279882378,33.77086323000721,1.4967364025975352,1.186643575771516,1.8163319612319595,1.2496852,1.0175960055774167,1.4915843178473767,3/4,4/4
v2_f2,quality,dup_b,3MAX,6-20,53,11.20295669160256,6.971588770746808,15.548078377793683,1.3514787475899173,1.122804549628261,1.619809407993886,1.150295,0.945356294010186,1.3725743483400568,3/4,4/4
v2_f2,quality,dup_b,DU,1 (unique),55,-10.523326884340097,-15.192119670902862,-6.097383572935603,1.012541048609895,0.8597274598663821,1.1910975079781858,1.012541,0.8569007261368361,1.1845684763247317,1/4,0/4
v2_f2,quality,dup_b,DU,2-5,51,-5.0919719275375,-10.126272393858606,-0.3735876486223759,1.033208043270252,0.9247734126783607,1.1451791397817268,1.033208,0.9243711879148203,1.139935276613516,3/4,0/4
v2_f2,quality,dup_b,DU,21+,58,0.5006023392538312,-0.3443102435250064,1.1980816610182066,0.9970557015833232,0.979777275102202,1.0115581989028921,0.9970557,0.9814897295729867,1.0117446611153667,1/4,3/4
v2_f2,quality,dup_b,DU,6-20,52,-3.514974582676804,-9.476384319215848,2.2082885077276146,1.1022382351009532,0.9341395786729662,1.2737291711032321,1.1022382,0.9417638087860093,1.284353848768828,3/4,1/4
v2_f2,quality,dup_b,SE,1 (unique),122,-1.1329423942041064,-1.362473172621069,-0.8980202480747641,0.9698035348488409,0.9607963516093394,0.9790369217023606,0.9884684,0.9798759451899373,0.9967463060236368,0/4,0/4
v2_f2,quality,dup_b,SE,2-5,119,9.687713482612,7.721397007237316,11.818207971545704,1.302129255667758,1.2068039204773051,1.407549579463818,1.1222037,1.011183255189294,1.2352519391182841,4/4,4/4
v2_f2,quality,dup_b,SE,21+,61,21.912320492792137,14.63523886892036,28.808359040142715,1.3436706724719345,1.1117139166610028,1.5779869938367037,1.0804919,0.9022651087065212,1.2736829891312318,4/4,4/4
v2_f2,quality,dup_b,SE,6-20,83,14.828551423035531,11.0966005152143,18.414858429957338,1.4677661347522362,1.2728403159225692,1.6721011134107446,1.1928542,1.0292139180632958,1.3645235674253788,4/4,4/4
v2_f2,quality,q,20MAX,1,131,-4.821584433549035,-6.297487949086793,-3.288197394286505,0.8865989460221851,0.8275485962782261,0.9482522281720136,0.9080841,0.8299858409086712,0.9862894371208799,1/4,0/4
v2_f2,quality,q,20MAX,2,131,-1.9856829796286584,-2.8676845765299035,-1.158185033962652,0.9380635664801311,0.902558959583889,0.9746025246557215,0.94970065,0.9015446338944764,1.0022349412204656,0/4,0/4
v2_f2,quality,q,20MAX,3,131,0.41946059461898527,-0.08693526836607074,0.9321051885797035,0.9984306516120023,0.9770796812166546,1.0189885296520624,0.99767435,0.9606078339214543,1.0381992594886373,3/4,3/4
v2_f2,quality,q,20MAX,4,131,2.364100470728628,1.5197018895054795,3.2767404864590035,1.0604142776187695,1.0251427778875772,1.0939664964237723,1.0572373,1.0070728057668408,1.107209326338222,3/4,4/4
v2_f2,quality,q,20MAX,5,131,4.024231800469413,2.2046805700094048,5.854590094016072,1.1164642743454234,1.0456671309772279,1.186912103434903,1.0872927,0.9963300964020135,1.1778428777824832,3/4,4/4
v2_f2,quality,q,3MAX,1,60,-4.243826841156258,-6.609154390746227,-1.9898530029774384,0.8776664922686627,0.7808839402818751,0.9761802720100269,0.8897663,0.7698607516412933,1.0202448755005995,1/4,0/4
v2_f2,quality,q,3MAX,2,60,-1.6407340139283284,-3.0294709211718422,-0.21970621515624142,0.9570650469605438,0.8956437883933955,1.0169285124820544,0.9762795,0.8912668246030807,1.0663801257312298,1/4,0/4
v2_f2,quality,q,3MAX,3,60,0.253971719093995,-0.6021361189485797,1.1266953220190927,0.9966937487889548,0.9511591623153371,1.0438950748895122,1.0113358,0.941938068245848,1.0800252368301153,2/4,3/4
v2_f2,quality,q,3MAX,4,60,1.7137163098883799,0.46969797559757,2.973812929197008,1.0329735720988729,0.974035959125622,1.0949244948411072,0.99536765,0.9134597685188055,1.0841616818060476,3/4,4/4
v2_f2,quality,q,3MAX,5,60,3.916402211780237,1.1703218330685186,6.645197939873335,1.1355585819888596,1.016699336207408,1.2659756163495821,1.1271708,0.9897393165280421,1.2817403388271729,4/4,4/4
v2_f2,quality,q,DU,1,58,-7.340252594672621,-13.757368739155918,-1.2205859807421087,1.0056717225571625,0.8343577355107443,1.189003664387008,1.0056717,0.8393567018738771,1.1975011162877338,1/4,0/4
v2_f2,quality,q,DU,2,58,-3.2251361762907256,-8.684828583687835,2.167454233476751,0.8484919579525314,0.7248298280107613,0.9740767248733219,0.8484919,0.7291710101433324,0.9820014855043626,1/4,2/4
v2_f2,quality,q,DU,3,58,-0.07987854182678547,-5.124917161043868,4.780702202819009,0.9046458421495062,0.7941984412061857,1.0254245344802295,0.90464586,0.7845713221821292,1.0262196646216486,2/4,2/4
v2_f2,quality,q,DU,4,58,4.818556935535383,-1.216131657600685,10.320883052485152,1.0480213366718871,0.9224806289305444,1.174498918170532,1.0480213,0.9162200102134977,1.1831328355392103,3/4,4/4
v2_f2,quality,q,DU,5,58,5.8242696100505285,-0.4875830893435912,12.23067048524804,1.1930017837255205,1.0215602004842872,1.368112796969222,1.1930017,1.03223723568793,1.371757211465517,3/4,3/4
v2_f2,quality,q,SE,1,122,-4.082706377737324,-5.6042622596682365,-2.6077431361986885,0.9036573622486365,0.8283512180681516,0.9815051249889372,0.96851027,0.8567412220674461,1.088495215883509,1/4,0/4
v2_f2,quality,q,SE,2,122,-1.2889336482450224,-2.227533221237128,-0.3704373857736974,0.9830654550690515,0.9363893486244642,1.0308831897364683,0.97411907,0.9025100855675877,1.0492142496538943,1/4,0/4
v2_f2,quality,q,SE,3,122,0.4225764926078241,-0.15164517112120446,1.0332948640260244,0.984235036665816,0.9537494915360285,1.0150303474715785,0.9279623,0.8671172537092791,0.9898075943965404,3/4,3/4
v2_f2,quality,q,SE,4,122,1.5511603781182612,0.7111508641369343,2.4508709855253974,1.0123288464595837,0.9682082300609781,1.0589849698359497,0.9663214,0.8962073312797507,1.0390139241992937,2/4,4/4
v2_f2,quality,q,SE,5,122,3.399766468511998,1.595311362226421,5.218936849654142,1.1167330134499989,1.0312066508602549,1.2062884319098974,1.1629213,1.0405912264448698,1.294179305156357,4/4,4/4
v2_f2,quality,rq,20MAX,1,131,-4.140032085206476,-5.645636018909652,-2.6691102066357786,0.900245152556657,0.839575726044677,0.964003349197922,0.91561884,0.8353499679108157,0.9980615607996024,1/4,1/4
v2_f2,quality,rq,20MAX,2,131,-1.8461139110431333,-2.66785898439393,-1.0138334035339978,0.943998983606452,0.9074639264442346,0.9770070630827904,0.95004225,0.9003038459606754,0.9996726143792385,0/4,0/4
v2_f2,quality,rq,20MAX,3,131,0.5790842462242676,0.07084733579479308,1.1083611848214758,0.9936011849208035,0.9730353005084734,1.0137724350074435,0.9917104,0.9565397117542856,1.0266243606350804,2/4,4/4
v2_f2,quality,rq,20MAX,4,131,2.1599204327063344,1.3368675795440064,3.013146154845658,1.057449515290271,1.0224566352486573,1.0939664506135596,1.0535213,1.0036259173778177,1.1037544614599861,3/4,4/4
v2_f2,quality,rq,20MAX,5,131,3.247759835345408,1.4704864064757759,4.982115875705447,1.1047121049870459,1.0315644367543686,1.178503777971922,1.0891331,0.9992325800862022,1.1776277201321288,3/4,3/4
v2_f2,quality,rq,3MAX,1,60,-3.7454771671749403,-6.01223828148841,-1.3760971942207663,0.8947061265586378,0.7989733082278536,0.9939728152578126,0.9136647,0.7932595694437623,1.041302798812588,1/4,1/4
v2_f2,quality,rq,3MAX,2,60,-1.5291800570146177,-2.840179985055601,-0.22637060410860427,0.9444300139842194,0.8862172816533759,1.0013546469022374,0.94548434,0.8632028909027577,1.040749880646666,1/4,0/4
v2_f2,quality,rq,3MAX,3,60,0.7179314223370077,-0.10711366702851727,1.5779133323826708,1.0076983636706385,0.9610349030354673,1.0526216389654892,1.0299364,0.9615465219318867,1.097803643643856,3/4,4/4
v2_f2,quality,rq,3MAX,4,60,1.7334920149530222,0.524243664955518,2.992371735095504,1.0328862093943527,0.9766385695491161,1.0860062807189972,0.99864036,0.9188920477032662,1.0796165312826633,3/4,3/4
v2_f2,quality,rq,3MAX,5,60,2.8219854244605984,0.105765941719695,5.655509871614947,1.1201592671311076,0.9967695080449284,1.2528903703804535,1.1120893,0.9730724964911739,1.256536266642312,2/4,4/4
v2_f2,quality,rq,DU,1,20,-2.175809688372471,-9.660416506123262,5.5526129650599385,0.961647732454774,0.8116497171098311,1.1153805237212966,0.9616478,0.8075382307171821,1.1169147700071334,1/4,2/4
v2_f2,quality,rq,DU,2,20,3.5436560409319333,-4.985249264259027,12.600377285590744,1.1272518137962122,0.9140373159930567,1.3583038234851468,1.1272519,0.9063258916139603,1.3465288367122412,2/4,2/4
v2_f2,quality,rq,DU,3,20,3.4066412930905527,-5.9919804272838455,12.578516451219079,1.0587121551921777,0.8407155402655266,1.2804344483186259,1.0587122,0.8392172974348068,1.2788153506070374,3/4,3/4
v2_f2,quality,rq,DU,4,20,-4.715547895933257,-13.904898313557059,4.366948936665421,0.8549649095125954,0.6462534515142156,1.0568957689620817,0.8549649,0.6404923422634602,1.0624994905479253,1/4,1/4
v2_f2,quality,rq,DU,5,20,-0.05938023828900141,-9.129325674638999,10.081408376299745,0.9973775878739952,0.7727564842771025,1.2381053840179508,0.9973776,0.7659030940756202,1.2476272613182664,2/4,2/4
v2_f2,quality,rq,SE,1,122,-3.6051298707950057,-5.170669839359454,-2.055795807180856,0.9135402817196753,0.8351826450730157,0.9969955630712423,0.969289,0.8524517005981237,1.0942788944381183,1/4,1/4
v2_f2,quality,rq,SE,2,122,-0.9856212298544418,-1.823855024262828,-0.12766505584002252,0.9759219059387765,0.9345841289268931,1.0183445947842695,0.98960567,0.917545699309863,1.0658138826061956,1/4,0/4
v2_f2,quality,rq,SE,3,122,0.7222999803853265,0.0992119689284472,1.3039106208203082,0.999073926880305,0.9642638802417315,1.0337272778019475,0.935865,0.8761145752289744,0.9930817346287066,3/4,4/4
v2_f2,quality,rq,SE,4,122,1.3389660512198087,0.5553915588399555,2.1729306182289987,1.0035565564692317,0.9606813255671618,1.0466391109368496,0.97313124,0.9073413663101001,1.0375078556967563,3/4,3/4
v2_f2,quality,rq,SE,5,122,2.5317514377865282,0.6953391518619061,4.366879416209304,1.1079768556415852,1.0217745165814627,1.1956927606675154,1.1320714,1.0198372534063995,1.2523503094911574,4/4,4/4
